scope,phase,dataset,row_index,row_id,seed,method,method_label,activation,optimizer,steps,completed_steps,train_tokens,total_seconds,total_minutes,total_hours,mean_seconds_per_step,tokens_per_second,stopped_early,slurm_job_id,slurm_restart_count,slurm_node,timing_attempt_id,timing_node_override_reason,timing_integrity_issues,jsonl
E1_m0_100m_all_datasets,E1_rational_only_100m,c4_en,12,E1_rational_only_100m_c4_en_m0_100m_seed1337_rlb_rational_only_matrixpolicy,1337,rlb_matrixpolicy_original,RLB+MatrixPolicy,rlb_fused_global_rational,rational_matrix_policy_onpolicy,3050,3050,100000000,1348.852781457943,22.480879690965715,0.3746813281827619,0.416773899800216,78622.9656312634,False,,,,,,,experiments/runs/iclr26_main/E1_rational_only_100m/c4_en/E1_rational_only_100m_c4_en_m0_100m_seed1337_rlb_rational_only_matrixpolicy/rlb_fused_global_rational.jsonl
E1_m0_100m_all_datasets,E1_rational_only_100m,c4_en,13,E1_rational_only_100m_c4_en_m0_100m_seed2027_rlb_rational_only_matrixpolicy,2027,rlb_matrixpolicy_original,RLB+MatrixPolicy,rlb_fused_global_rational,rational_matrix_policy_onpolicy,3050,3050,100000000,1470.5248929872178,24.50874821645363,0.4084791369408938,0.45764673229938524,71601.07936390485,False,,,,,,,experiments/runs/iclr26_main/E1_rational_only_100m/c4_en/E1_rational_only_100m_c4_en_m0_100m_seed2027_rlb_rational_only_matrixpolicy/rlb_fused_global_rational.jsonl
E1_m0_100m_all_datasets,E1_rational_only_100m,c4_en,14,E1_rational_only_100m_c4_en_m0_100m_seed3407_rlb_rational_only_matrixpolicy,3407,rlb_matrixpolicy_original,RLB+MatrixPolicy,rlb_fused_global_rational,rational_matrix_policy_onpolicy,3050,3050,100000000,1344.8370720189996,22.41395120031666,0.373565853338611,0.41592599802844726,78783.24546992812,False,,,,,,,experiments/runs/iclr26_main/E1_rational_only_100m/c4_en/E1_rational_only_100m_c4_en_m0_100m_seed3407_rlb_rational_only_matrixpolicy/rlb_fused_global_rational.jsonl
E1_m0_100m_all_datasets,E1_global_rational_optimizers_100m,c4_en,84,E1_global_rational_optimizers_100m_c4_en_m0_100m_seed1337_rlb_adamw,1337,rlb_adamw,RLB+AdamW,rlb_fused_global_rational,adamw,3050,3050,100000000,1501.2441986240447,25.02073664373408,0.41701227739556795,0.4644551223508665,70551.48801921458,False,982111,0,damle-compute-01,982111:0:1782483555,,,experiments/runs/iclr26_main/E1_global_rational_optimizers_100m/c4_en/E1_global_rational_optimizers_100m_c4_en_m0_100m_seed1337_rlb_adamw/rlb_fused_global_rational.jsonl
E1_m0_100m_all_datasets,E1_global_rational_optimizers_100m,c4_en,85,E1_global_rational_optimizers_100m_c4_en_m0_100m_seed1337_rlb_muon,1337,rlb_muon,RLB+Muon,rlb_fused_global_rational,muon,3050,3050,100000000,1594.3552149429452,26.572586915715753,0.44287644859526254,0.4924444788572193,66541.51159546424,False,982112,0,badfellow,982112:0:1782482354,,,experiments/runs/iclr26_main/E1_global_rational_optimizers_100m/c4_en/E1_global_rational_optimizers_100m_c4_en_m0_100m_seed1337_rlb_muon/rlb_fused_global_rational.jsonl
E1_m0_100m_all_datasets,E1_global_rational_optimizers_100m,c4_en,86,E1_global_rational_optimizers_100m_c4_en_m0_100m_seed1337_rlb_lion,1337,rlb_lion,RLB+Lion,rlb_fused_global_rational,lion,3050,3050,100000000,1509.5369936840143,25.15894989473357,0.41931583157889285,0.4666606308296338,70218.05105295626,False,982113,0,damle-compute-01,982113:0:1782485118,,,experiments/runs/iclr26_main/E1_global_rational_optimizers_100m/c4_en/E1_global_rational_optimizers_100m_c4_en_m0_100m_seed1337_rlb_lion/rlb_fused_global_rational.jsonl
E1_m0_100m_all_datasets,E1_global_rational_optimizers_100m,c4_en,87,E1_global_rational_optimizers_100m_c4_en_m0_100m_seed1337_rlb_soap,1337,rlb_soap,RLB+SOAP,rlb_fused_global_rational,soap_adamw,3050,3050,100000000,1535.4088763189502,25.59014793864917,0.42650246564415284,0.4756046242893051,68897.56391449126,False,982114,0,badfellow,982114:0:1782484016,,,experiments/runs/iclr26_main/E1_global_rational_optimizers_100m/c4_en/E1_global_rational_optimizers_100m_c4_en_m0_100m_seed1337_rlb_soap/rlb_fused_global_rational.jsonl
E1_m0_100m_all_datasets,E1_global_rational_optimizers_100m,c4_en,88,E1_global_rational_optimizers_100m_c4_en_m0_100m_seed1337_rlb_ademamix,1337,rlb_ademamix,RLB+ADeMaMix,rlb_fused_global_rational,ademamix,3050,460,100000000,233.95465793996118,3.899244298999353,0.06498740498332255,0.4781876795318817,68525.39578618587,True,982115,0,damle-compute-01,982115:0:1782486674,,,experiments/runs/iclr26_main/E1_global_rational_optimizers_100m/c4_en/E1_global_rational_optimizers_100m_c4_en_m0_100m_seed1337_rlb_ademamix/rlb_fused_global_rational.jsonl
E1_m0_100m_all_datasets,E1_global_rational_optimizers_100m,c4_en,89,E1_global_rational_optimizers_100m_c4_en_m0_100m_seed1337_rlb_came,1337,rlb_came,RLB+CAME,rlb_fused_global_rational,adafactor_came,3050,3050,100000000,1570.9230334130116,26.182050556883528,0.4363675092813921,0.4884694401491342,67083.00930759482,False,982116,0,rush-compute-03,982116:0:1782485607,,,experiments/runs/iclr26_main/E1_global_rational_optimizers_100m/c4_en/E1_global_rational_optimizers_100m_c4_en_m0_100m_seed1337_rlb_came/rlb_fused_global_rational.jsonl
E1_m0_100m_all_datasets,E1_global_rational_optimizers_100m,c4_en,90,E1_global_rational_optimizers_100m_c4_en_m0_100m_seed1337_rlb_schedulefree,1337,rlb_schedulefree,RLB+ScheduleFree,rlb_fused_global_rational,schedule_free_adamw,3050,3050,100000000,1522.9321782350307,25.382202970583844,0.42303671617639743,0.47131726218889086,69524.29420433045,False,982117,0,damle-compute-01,982117:0:1782486951,,,experiments/runs/iclr26_main/E1_global_rational_optimizers_100m/c4_en/E1_global_rational_optimizers_100m_c4_en_m0_100m_seed1337_rlb_schedulefree/rlb_fused_global_rational.jsonl
E1_m0_100m_all_datasets,E1_global_rational_optimizers_100m,c4_en,91,E1_global_rational_optimizers_100m_c4_en_m0_100m_seed2027_rlb_adamw,2027,rlb_adamw,RLB+AdamW,rlb_fused_global_rational,adamw,3050,3050,100000000,1542.5919838320697,25.70986639720116,0.42849777328668603,0.47630657366414253,68796.02720559061,False,982118,0,ellis-compute-02,982118:0:1782487230,,,experiments/runs/iclr26_main/E1_global_rational_optimizers_100m/c4_en/E1_global_rational_optimizers_100m_c4_en_m0_100m_seed2027_rlb_adamw/rlb_fused_global_rational.jsonl
E1_m0_100m_all_datasets,E1_global_rational_optimizers_100m,c4_en,92,E1_global_rational_optimizers_100m_c4_en_m0_100m_seed2027_rlb_muon,2027,rlb_muon,RLB+Muon,rlb_fused_global_rational,muon,3050,3050,100000000,1592.682548878016,26.544709147966934,0.4424118191327822,0.49409033116775186,66319.85678115753,False,982119,0,damle-compute-01,982119:0:1782488544,,,experiments/runs/iclr26_main/E1_global_rational_optimizers_100m/c4_en/E1_global_rational_optimizers_100m_c4_en_m0_100m_seed2027_rlb_muon/rlb_fused_global_rational.jsonl
E1_m0_100m_all_datasets,E1_global_rational_optimizers_100m,c4_en,93,E1_global_rational_optimizers_100m_c4_en_m0_100m_seed2027_rlb_lion,2027,rlb_lion,RLB+Lion,rlb_fused_global_rational,lion,3050,3050,100000000,1507.612128028064,25.126868800467733,0.41878114667446226,0.46572676974074223,70358.8501434888,False,982120,0,ellis-compute-02,982120:0:1782488826,,,experiments/runs/iclr26_main/E1_global_rational_optimizers_100m/c4_en/E1_global_rational_optimizers_100m_c4_en_m0_100m_seed2027_rlb_lion/rlb_fused_global_rational.jsonl
E1_m0_100m_all_datasets,E1_global_rational_optimizers_100m,c4_en,94,E1_global_rational_optimizers_100m_c4_en_m0_100m_seed2027_rlb_soap,2027,rlb_soap,RLB+SOAP,rlb_fused_global_rational,soap_adamw,3050,3050,100000000,1536.6924761350965,25.611541268918277,0.42685902114863794,0.476084977132727,68828.04871800158,False,982121,0,damle-compute-01,982121:0:1782490199,,,experiments/runs/iclr26_main/E1_global_rational_optimizers_100m/c4_en/E1_global_rational_optimizers_100m_c4_en_m0_100m_seed2027_rlb_soap/rlb_fused_global_rational.jsonl
E1_m0_100m_all_datasets,E1_global_rational_optimizers_100m,c4_en,95,E1_global_rational_optimizers_100m_c4_en_m0_100m_seed2027_rlb_ademamix,2027,rlb_ademamix,RLB+ADeMaMix,rlb_fused_global_rational,ademamix,3050,478,100000000,241.16477416502312,4.0194129027503855,0.06699021504583975,0.4753632262195549,68932.55134730494,True,982122,0,ellis-compute-02,982122:0:1782490384,,,experiments/runs/iclr26_main/E1_global_rational_optimizers_100m/c4_en/E1_global_rational_optimizers_100m_c4_en_m0_100m_seed2027_rlb_ademamix/rlb_fused_global_rational.jsonl
E1_m0_100m_all_datasets,E1_global_rational_optimizers_100m,c4_en,96,E1_global_rational_optimizers_100m_c4_en_m0_100m_seed2027_rlb_came,2027,rlb_came,RLB+CAME,rlb_fused_global_rational,adafactor_came,3050,3050,100000000,1383.072707277257,23.051211787954283,0.3841868631325714,0.42759353933406286,76633.52456408278,False,982123,1,seo-compute-01,982123:1:1782492434,,,experiments/runs/iclr26_main/E1_global_rational_optimizers_100m/c4_en/E1_global_rational_optimizers_100m_c4_en_m0_100m_seed2027_rlb_came/rlb_fused_global_rational.jsonl
E1_m0_100m_all_datasets,E1_global_rational_optimizers_100m,c4_en,97,E1_global_rational_optimizers_100m_c4_en_m0_100m_seed2027_rlb_schedulefree,2027,rlb_schedulefree,RLB+ScheduleFree,rlb_fused_global_rational,schedule_free_adamw,3050,3050,100000000,1519.1009275069227,25.318348791782046,0.4219724798630341,0.46937875486524205,69811.42554994345,False,982124,0,ellis-compute-02,982124:0:1782490706,,,experiments/runs/iclr26_main/E1_global_rational_optimizers_100m/c4_en/E1_global_rational_optimizers_100m_c4_en_m0_100m_seed2027_rlb_schedulefree/rlb_fused_global_rational.jsonl
E1_m0_100m_all_datasets,E1_global_rational_optimizers_100m,c4_en,98,E1_global_rational_optimizers_100m_c4_en_m0_100m_seed3407_rlb_adamw,3407,rlb_adamw,RLB+AdamW,rlb_fused_global_rational,adamw,3050,3050,100000000,1269.597087000031,21.159951450000516,0.3526658575000086,0.3904654214149479,83920.36324562892,False,982125,0,seo-compute-01,982125:0:1782493866,,,experiments/runs/iclr26_main/E1_global_rational_optimizers_100m/c4_en/E1_global_rational_optimizers_100m_c4_en_m0_100m_seed3407_rlb_adamw/rlb_fused_global_rational.jsonl
E1_m0_100m_all_datasets,E1_global_rational_optimizers_100m,c4_en,99,E1_global_rational_optimizers_100m_c4_en_m0_100m_seed3407_rlb_muon,3407,rlb_muon,RLB+Muon,rlb_fused_global_rational,muon,3050,3050,100000000,1612.0450466080802,26.867417443468003,0.4477902907244667,0.5001426126540307,65517.31280427205,False,982126,0,ellis-compute-02,982126:0:1782492281,,,experiments/runs/iclr26_main/E1_global_rational_optimizers_100m/c4_en/E1_global_rational_optimizers_100m_c4_en_m0_100m_seed3407_rlb_muon/rlb_fused_global_rational.jsonl
E1_m0_100m_all_datasets,E1_global_rational_optimizers_100m,c4_en,100,E1_global_rational_optimizers_100m_c4_en_m0_100m_seed3407_rlb_lion,3407,rlb_lion,RLB+Lion,rlb_fused_global_rational,lion,3050,3050,100000000,1267.545715895947,21.12576193159912,0.35209603219331864,0.3895243340427261,84123.11410666772,False,982127,0,seo-compute-01,982127:0:1782495177,,,experiments/runs/iclr26_main/E1_global_rational_optimizers_100m/c4_en/E1_global_rational_optimizers_100m_c4_en_m0_100m_seed3407_rlb_lion/rlb_fused_global_rational.jsonl
E1_m0_100m_all_datasets,E1_global_rational_optimizers_100m,c4_en,101,E1_global_rational_optimizers_100m_c4_en_m0_100m_seed3407_rlb_soap,3407,rlb_soap,RLB+SOAP,rlb_fused_global_rational,soap_adamw,3050,3050,100000000,1530.2982451309217,25.50497075218203,0.42508284586970047,0.4733953901989789,69219.0939717999,False,982128,0,ellis-compute-02,982128:0:1782493959,,,experiments/runs/iclr26_main/E1_global_rational_optimizers_100m/c4_en/E1_global_rational_optimizers_100m_c4_en_m0_100m_seed3407_rlb_soap/rlb_fused_global_rational.jsonl
E1_m0_100m_all_datasets,E1_global_rational_optimizers_100m,c4_en,102,E1_global_rational_optimizers_100m_c4_en_m0_100m_seed3407_rlb_ademamix,3407,rlb_ademamix,RLB+ADeMaMix,rlb_fused_global_rational,ademamix,3050,523,100000000,224.98344609793276,3.7497241016322125,0.06249540169387021,0.40068751897727606,81779.43771155585,True,982129,0,seo-compute-01,982129:0:1782496495,,,experiments/runs/iclr26_main/E1_global_rational_optimizers_100m/c4_en/E1_global_rational_optimizers_100m_c4_en_m0_100m_seed3407_rlb_ademamix/rlb_fused_global_rational.jsonl
E1_m0_100m_all_datasets,E1_global_rational_optimizers_100m,c4_en,103,E1_global_rational_optimizers_100m_c4_en_m0_100m_seed3407_rlb_came,3407,rlb_came,RLB+CAME,rlb_fused_global_rational,adafactor_came,3050,3050,100000000,1621.522131417063,27.02536885695105,0.4504228142825175,0.5008844294377307,65420.28075575001,False,982130,0,ellis-compute-02,982130:0:1782495550,,,experiments/runs/iclr26_main/E1_global_rational_optimizers_100m/c4_en/E1_global_rational_optimizers_100m_c4_en_m0_100m_seed3407_rlb_came/rlb_fused_global_rational.jsonl
E1_m0_100m_all_datasets,E1_global_rational_optimizers_100m,c4_en,104,E1_global_rational_optimizers_100m_c4_en_m0_100m_seed3407_rlb_schedulefree,3407,rlb_schedulefree,RLB+ScheduleFree,rlb_fused_global_rational,schedule_free_adamw,3050,3050,100000000,1282.8179303142242,21.380298838570404,0.3563383139761734,0.39482934115873575,82992.81888178132,False,982131,0,seo-compute-01,982131:0:1782496765,,,experiments/runs/iclr26_main/E1_global_rational_optimizers_100m/c4_en/E1_global_rational_optimizers_100m_c4_en_m0_100m_seed3407_rlb_schedulefree/rlb_fused_global_rational.jsonl
E1_m0_100m_all_datasets,E1_m0_100m,c4_en,195,E1_m0_100m_c4_en_m0_100m_seed1337_silu_adamw,1337,silu_adamw,SiLU+AdamW,silu,adamw,3050,3050,100000000,1623.0442129889852,27.050736883149753,0.45084561471916257,0.5145198849199014,63686.557041621825,False,,,,,,,experiments/runs/iclr26_main/E1_m0_100m/c4_en/E1_m0_100m_c4_en_m0_100m_seed1337_silu_adamw/silu.jsonl
E1_m0_100m_all_datasets,E1_m0_100m,c4_en,197,E1_m0_100m_c4_en_m0_100m_seed1337_silu_muon,1337,silu_muon,SiLU+Muon,silu,muon,3050,3050,100000000,1738.4137967669521,28.973563279449202,0.4828927213241534,0.5521676902070279,59344.290839824534,False,,,,,,,experiments/runs/iclr26_main/E1_m0_100m/c4_en/E1_m0_100m_c4_en_m0_100m_seed1337_silu_muon/silu.jsonl
E1_m0_100m_all_datasets,E1_m0_100m,c4_en,199,E1_m0_100m_c4_en_m0_100m_seed1337_silu_lion,1337,silu_lion,SiLU+Lion,silu,lion,3050,3050,100000000,1622.0890847260016,27.034818078766694,0.4505803013127782,0.5141533839900378,63731.95435515194,False,,,,,,,experiments/runs/iclr26_main/E1_m0_100m/c4_en/E1_m0_100m_c4_en_m0_100m_seed1337_silu_lion/silu.jsonl
E1_m0_100m_all_datasets,E1_m0_100m,c4_en,201,E1_m0_100m_c4_en_m0_100m_seed1337_silu_soap,1337,silu_soap,SiLU+SOAP,silu,soap_adamw,3050,3050,100000000,1867.2875609030016,31.12145934838336,0.5186909891397227,0.5937577166041162,55187.49328835726,False,,,,,,,experiments/runs/iclr26_main/E1_m0_100m/c4_en/E1_m0_100m_c4_en_m0_100m_seed1337_silu_soap/silu.jsonl
E1_m0_100m_all_datasets,E1_m0_100m,c4_en,203,E1_m0_100m_c4_en_m0_100m_seed1337_silu_ademamix,1337,silu_ademamix,SiLU+ADeMaMix,silu,ademamix,3050,3050,100000000,1671.4643453360186,27.857739088933645,0.4642956514822274,0.5296165498464456,61871.17832609384,False,,,,,,,experiments/runs/iclr26_main/E1_m0_100m/c4_en/E1_m0_100m_c4_en_m0_100m_seed1337_silu_ademamix/silu.jsonl
E1_m0_100m_all_datasets,E1_m0_100m,c4_en,205,E1_m0_100m_c4_en_m0_100m_seed1337_silu_came,1337,silu_came,SiLU+CAME,silu,adafactor_came,3050,3050,100000000,1753.8215257909615,29.23035876318269,0.48717264605304483,0.5548546788545917,59056.90489561026,False,,,,,,,experiments/runs/iclr26_main/E1_m0_100m/c4_en/E1_m0_100m_c4_en_m0_100m_seed1337_silu_came/silu.jsonl
E1_m0_100m_all_datasets,E1_m0_100m,c4_en,207,E1_m0_100m_c4_en_m0_100m_seed1337_silu_schedulefree,1337,silu_schedulefree,SiLU+ScheduleFree,silu,schedule_free_adamw,3050,3050,100000000,1647.8500083899708,27.464166806499513,0.45773611344165854,0.5223487199074818,62732.0384853319,False,,,,,,,experiments/runs/iclr26_main/E1_m0_100m/c4_en/E1_m0_100m_c4_en_m0_100m_seed1337_silu_schedulefree/silu.jsonl
E1_m0_100m_all_datasets,E1_m0_100m,c4_en,210,E1_m0_100m_c4_en_m0_100m_seed2027_silu_adamw,2027,silu_adamw,SiLU+AdamW,silu,adamw,3050,3050,100000000,1236.5596933970228,20.609328223283715,0.34348880372139523,0.38734682231517553,84596.02121980855,False,,,,,,,experiments/runs/iclr26_main/E1_m0_100m/c4_en/E1_m0_100m_c4_en_m0_100m_seed2027_silu_adamw/silu.jsonl
E1_m0_100m_all_datasets,E1_m0_100m,c4_en,212,E1_m0_100m_c4_en_m0_100m_seed2027_silu_muon,2027,silu_muon,SiLU+Muon,silu,muon,3050,3050,100000000,1341.5407705709804,22.359012842849673,0.37265021404749454,0.4216199135394998,77719.28921694565,False,,,,,,,experiments/runs/iclr26_main/E1_m0_100m/c4_en/E1_m0_100m_c4_en_m0_100m_seed2027_silu_muon/silu.jsonl
E1_m0_100m_all_datasets,E1_m0_100m,c4_en,214,E1_m0_100m_c4_en_m0_100m_seed2027_silu_lion,2027,silu_lion,SiLU+Lion,silu,lion,3050,3050,100000000,1212.1390242880443,20.202317071467405,0.33670528452445675,0.3797256306838971,86293.88524810364,False,,,,,,,experiments/runs/iclr26_main/E1_m0_100m/c4_en/E1_m0_100m_c4_en_m0_100m_seed2027_silu_lion/silu.jsonl
E1_m0_100m_all_datasets,E1_m0_100m,c4_en,216,E1_m0_100m_c4_en_m0_100m_seed2027_silu_soap,2027,silu_soap,SiLU+SOAP,silu,soap_adamw,3050,3050,100000000,1452.1740042789606,24.202900071316012,0.40338166785526686,0.45770048673875624,71592.67020553364,False,,,,,,,experiments/runs/iclr26_main/E1_m0_100m/c4_en/E1_m0_100m_c4_en_m0_100m_seed2027_silu_soap/silu.jsonl
E1_m0_100m_all_datasets,E1_m0_100m,c4_en,218,E1_m0_100m_c4_en_m0_100m_seed2027_silu_ademamix,2027,silu_ademamix,SiLU+ADeMaMix,silu,ademamix,3050,3050,100000000,1244.7335920070182,20.745559866783637,0.3457593311130606,0.3897751770211859,84068.97599386869,False,,,,,,,experiments/runs/iclr26_main/E1_m0_100m/c4_en/E1_m0_100m_c4_en_m0_100m_seed2027_silu_ademamix/silu.jsonl
E1_m0_100m_all_datasets,E1_m0_100m,c4_en,220,E1_m0_100m_c4_en_m0_100m_seed2027_silu_came,2027,silu_came,SiLU+CAME,silu,adafactor_came,3050,3050,100000000,1327.7116821769741,22.1285280362829,0.36880880060471505,0.4176074042595152,78466.0417075289,False,,,,,,,experiments/runs/iclr26_main/E1_m0_100m/c4_en/E1_m0_100m_c4_en_m0_100m_seed2027_silu_came/silu.jsonl
E1_m0_100m_all_datasets,E1_m0_100m,c4_en,222,E1_m0_100m_c4_en_m0_100m_seed2027_silu_schedulefree,2027,silu_schedulefree,SiLU+ScheduleFree,silu,schedule_free_adamw,3050,3050,100000000,1234.9963667450356,20.583272779083927,0.3430545463180655,0.387238327711985,84619.72293293175,False,,,,,,,experiments/runs/iclr26_main/E1_m0_100m/c4_en/E1_m0_100m_c4_en_m0_100m_seed2027_silu_schedulefree/silu.jsonl
E1_m0_100m_all_datasets,E1_m0_100m,c4_en,225,E1_m0_100m_c4_en_m0_100m_seed3407_silu_adamw,3407,silu_adamw,SiLU+AdamW,silu,adamw,3050,3050,100000000,1222.9681594949798,20.382802658249663,0.3397133776374944,0.3813711693575789,85921.54476490137,False,,,,,,,experiments/runs/iclr26_main/E1_m0_100m/c4_en/E1_m0_100m_c4_en_m0_100m_seed3407_silu_adamw/silu.jsonl
E1_m0_100m_all_datasets,E1_m0_100m,c4_en,227,E1_m0_100m_c4_en_m0_100m_seed3407_silu_muon,3407,silu_muon,SiLU+Muon,silu,muon,3050,3050,100000000,1334.9186812510015,22.24864468751669,0.37081074479194487,0.41813897675827333,78366.2892515835,False,,,,,,,experiments/runs/iclr26_main/E1_m0_100m/c4_en/E1_m0_100m_c4_en_m0_100m_seed3407_silu_muon/silu.jsonl
E1_m0_100m_all_datasets,E1_m0_100m,c4_en,229,E1_m0_100m_c4_en_m0_100m_seed3407_silu_lion,3407,silu_lion,SiLU+Lion,silu,lion,3050,3050,100000000,1206.2879296829924,20.104798828049873,0.3350799804674979,0.3766446019411592,86999.78661879014,False,,,,,,,experiments/runs/iclr26_main/E1_m0_100m/c4_en/E1_m0_100m_c4_en_m0_100m_seed3407_silu_lion/silu.jsonl
E1_m0_100m_all_datasets,E1_m0_100m,c4_en,231,E1_m0_100m_c4_en_m0_100m_seed3407_silu_soap,3407,silu_soap,SiLU+SOAP,silu,soap_adamw,3050,3050,100000000,1450.7597536050016,24.179329226750028,0.4029888204458338,0.457331655036707,71650.40871131024,False,,,,,,,experiments/runs/iclr26_main/E1_m0_100m/c4_en/E1_m0_100m_c4_en_m0_100m_seed3407_silu_soap/silu.jsonl
E1_m0_100m_all_datasets,E1_m0_100m,c4_en,233,E1_m0_100m_c4_en_m0_100m_seed3407_silu_ademamix,3407,silu_ademamix,SiLU+ADeMaMix,silu,ademamix,3050,3050,100000000,1246.1514956419705,20.769191594032844,0.3461531932338807,0.3905721116587573,83897.4392227712,False,,,,,,,experiments/runs/iclr26_main/E1_m0_100m/c4_en/E1_m0_100m_c4_en_m0_100m_seed3407_silu_ademamix/silu.jsonl
E1_m0_100m_all_datasets,E1_m0_100m,c4_en,235,E1_m0_100m_c4_en_m0_100m_seed3407_silu_came,3407,silu_came,SiLU+CAME,silu,adafactor_came,3050,3050,100000000,1327.857845343009,22.130964089050153,0.36884940148416917,0.41758245230200874,78470.73031771257,False,,,,,,,experiments/runs/iclr26_main/E1_m0_100m/c4_en/E1_m0_100m_c4_en_m0_100m_seed3407_silu_came/silu.jsonl
E1_m0_100m_all_datasets,E1_m0_100m,c4_en,237,E1_m0_100m_c4_en_m0_100m_seed3407_silu_schedulefree,3407,silu_schedulefree,SiLU+ScheduleFree,silu,schedule_free_adamw,3050,3050,100000000,1234.7023056009784,20.578371760016307,0.34297286266693844,0.3871953334171885,84629.11913427868,False,,,,,,,experiments/runs/iclr26_main/E1_m0_100m/c4_en/E1_m0_100m_c4_en_m0_100m_seed3407_silu_schedulefree/silu.jsonl
E1_m0_100m_all_datasets,E1_global_rational_optimizers_100m,dclm,0,E1_global_rational_optimizers_100m_dclm_m0_100m_seed1337_rlb_adamw,1337,rlb_adamw,RLB+AdamW,rlb_fused_global_rational,adamw,3050,3050,100000000,1264.9157736300258,21.08192956050043,0.35136549267500716,0.3877617459151625,84505.49943410157,False,,,,,,,experiments/runs/iclr26_main/E1_global_rational_optimizers_100m/dclm/E1_global_rational_optimizers_100m_dclm_m0_100m_seed1337_rlb_adamw/rlb_fused_global_rational.jsonl
E1_m0_100m_all_datasets,E1_rational_only_100m,dclm,0,E1_rational_only_100m_dclm_m0_100m_seed1337_rlb_rational_only_matrixpolicy,1337,rlb_matrixpolicy_original,RLB+MatrixPolicy,rlb_fused_global_rational,rational_matrix_policy_onpolicy,3050,3050,100000000,1466.1833360069431,24.436388933449052,0.40727314889081756,0.45620980874707157,71826.60120788195,False,,,,,,,experiments/runs/iclr26_main/E1_rational_only_100m/dclm/E1_rational_only_100m_dclm_m0_100m_seed1337_rlb_rational_only_matrixpolicy/rlb_fused_global_rational.jsonl
E1_m0_100m_all_datasets,E1_rational_only_100m,dclm,1,E1_rational_only_100m_dclm_m0_100m_seed2027_rlb_rational_only_matrixpolicy,2027,rlb_matrixpolicy_original,RLB+MatrixPolicy,rlb_fused_global_rational,rational_matrix_policy_onpolicy,3050,3050,100000000,1642.9743648580043,27.382906080966738,0.4563817680161123,0.5117898173734228,64026.28361808755,False,,,,,,,experiments/runs/iclr26_main/E1_rational_only_100m/dclm/E1_rational_only_100m_dclm_m0_100m_seed2027_rlb_rational_only_matrixpolicy/rlb_fused_global_rational.jsonl
E1_m0_100m_all_datasets,E1_global_rational_optimizers_100m,dclm,1,E1_global_rational_optimizers_100m_dclm_m0_100m_seed1337_rlb_muon,1337,rlb_muon,RLB+Muon,rlb_fused_global_rational,muon,3050,3050,100000000,1475.28103659302,24.58801727655033,0.40980028794250556,0.4543047371601811,72127.79731250412,False,,,,,,,experiments/runs/iclr26_main/E1_global_rational_optimizers_100m/dclm/E1_global_rational_optimizers_100m_dclm_m0_100m_seed1337_rlb_muon/rlb_fused_global_rational.jsonl
E1_m0_100m_all_datasets,E1_global_rational_optimizers_100m,dclm,2,E1_global_rational_optimizers_100m_dclm_m0_100m_seed1337_rlb_lion,1337,rlb_lion,RLB+Lion,rlb_fused_global_rational,lion,3050,3050,100000000,1303.1105432739714,21.71850905456619,0.3619751509094365,0.4008523699796907,81745.80582287739,False,982028,0,abdelfattah-compute-03,982028:0:1782415987,,,experiments/runs/iclr26_main/E1_global_rational_optimizers_100m/dclm/E1_global_rational_optimizers_100m_dclm_m0_100m_seed1337_rlb_lion/rlb_fused_global_rational.jsonl
E1_m0_100m_all_datasets,E1_rational_only_100m,dclm,2,E1_rational_only_100m_dclm_m0_100m_seed3407_rlb_rational_only_matrixpolicy,3407,rlb_matrixpolicy_original,RLB+MatrixPolicy,rlb_fused_global_rational,rational_matrix_policy_onpolicy,3050,3050,100000000,1473.4255152640399,24.557091921067332,0.4092848653511222,0.4587137084379364,71434.53399634662,False,,,,,,,experiments/runs/iclr26_main/E1_rational_only_100m/dclm/E1_rational_only_100m_dclm_m0_100m_seed3407_rlb_rational_only_matrixpolicy/rlb_fused_global_rational.jsonl
E1_m0_100m_all_datasets,E1_global_rational_optimizers_100m,dclm,3,E1_global_rational_optimizers_100m_dclm_m0_100m_seed1337_rlb_soap,1337,rlb_soap,RLB+SOAP,rlb_fused_global_rational,soap_adamw,3050,3050,100000000,1422.1542482019868,23.702570803366445,0.3950428467227741,0.43663715321757207,75046.2936067926,False,982029,0,lancer-compute-01,982029:0:1782416229,,,experiments/runs/iclr26_main/E1_global_rational_optimizers_100m/dclm/E1_global_rational_optimizers_100m_dclm_m0_100m_seed1337_rlb_soap/rlb_fused_global_rational.jsonl
E1_m0_100m_all_datasets,E1_global_rational_optimizers_100m,dclm,4,E1_global_rational_optimizers_100m_dclm_m0_100m_seed1337_rlb_ademamix,1337,rlb_ademamix,RLB+ADeMaMix,rlb_fused_global_rational,ademamix,3050,414,100000000,192.53942825901322,3.2089904709835535,0.05348317451639256,0.43456711215627425,75403.77328005515,True,982030,0,lancer-compute-01,982030:0:1782427528,,,experiments/runs/iclr26_main/E1_global_rational_optimizers_100m/dclm/E1_global_rational_optimizers_100m_dclm_m0_100m_seed1337_rlb_ademamix/rlb_fused_global_rational.jsonl
E1_m0_100m_all_datasets,E1_global_rational_optimizers_100m,dclm,5,E1_global_rational_optimizers_100m_dclm_m0_100m_seed1337_rlb_came,1337,rlb_came,RLB+CAME,rlb_fused_global_rational,adafactor_came,3050,3050,100000000,1382.9371192227118,23.048951987045196,0.3841491997840866,0.4268773912716724,76762.08829515138,False,982031,0,seo-compute-01,982031:0:1782427627,,,experiments/runs/iclr26_main/E1_global_rational_optimizers_100m/dclm/E1_global_rational_optimizers_100m_dclm_m0_100m_seed1337_rlb_came/rlb_fused_global_rational.jsonl
E1_m0_100m_all_datasets,E1_global_rational_optimizers_100m,dclm,6,E1_global_rational_optimizers_100m_dclm_m0_100m_seed1337_rlb_schedulefree,1337,rlb_schedulefree,RLB+ScheduleFree,rlb_fused_global_rational,schedule_free_adamw,3050,3050,100000000,1392.5439421460032,23.20906570243339,0.38681776170722315,0.4288097692154996,76416.16948221238,False,982032,0,lancer-compute-01,982032:0:1782427768,,,experiments/runs/iclr26_main/E1_global_rational_optimizers_100m/dclm/E1_global_rational_optimizers_100m_dclm_m0_100m_seed1337_rlb_schedulefree/rlb_fused_global_rational.jsonl
E1_m0_100m_all_datasets,E1_global_rational_optimizers_100m,dclm,7,E1_global_rational_optimizers_100m_dclm_m0_100m_seed2027_rlb_adamw,2027,rlb_adamw,RLB+AdamW,rlb_fused_global_rational,adamw,3050,3050,100000000,1403.7478307050187,23.395797178416977,0.3899299529736163,0.4338626064532949,75526.21385804415,False,982033,0,rush-compute-02,982033:0:1782429084,,,experiments/runs/iclr26_main/E1_global_rational_optimizers_100m/dclm/E1_global_rational_optimizers_100m_dclm_m0_100m_seed2027_rlb_adamw/rlb_fused_global_rational.jsonl
E1_m0_100m_all_datasets,E1_global_rational_optimizers_100m,dclm,8,E1_global_rational_optimizers_100m_dclm_m0_100m_seed2027_rlb_muon,2027,rlb_muon,RLB+Muon,rlb_fused_global_rational,muon,3050,3050,100000000,1479.9716782739852,24.666194637899753,0.41110324396499587,0.45701832258351277,71699.53233989251,False,982034,0,lancer-compute-01,982034:0:1782429211,,,experiments/runs/iclr26_main/E1_global_rational_optimizers_100m/dclm/E1_global_rational_optimizers_100m_dclm_m0_100m_seed2027_rlb_muon/rlb_fused_global_rational.jsonl
E1_m0_100m_all_datasets,E1_global_rational_optimizers_100m,dclm,9,E1_global_rational_optimizers_100m_dclm_m0_100m_seed2027_rlb_lion,2027,rlb_lion,RLB+Lion,rlb_fused_global_rational,lion,3050,3050,100000000,1416.6122541890945,23.610204236484908,0.39350340394141514,0.43825489700212156,74769.27291434549,False,982035,0,rush-compute-02,982035:0:1782430561,,,experiments/runs/iclr26_main/E1_global_rational_optimizers_100m/dclm/E1_global_rational_optimizers_100m_dclm_m0_100m_seed2027_rlb_lion/rlb_fused_global_rational.jsonl
E1_m0_100m_all_datasets,E1_global_rational_optimizers_100m,dclm,10,E1_global_rational_optimizers_100m_dclm_m0_100m_seed2027_rlb_soap,2027,rlb_soap,RLB+SOAP,rlb_fused_global_rational,soap_adamw,3050,3050,100000000,1414.6467656210298,23.57744609368383,0.3929574348947305,0.43614521759806113,75130.93959956715,False,982036,0,lancer-compute-01,982036:0:1782430737,,,experiments/runs/iclr26_main/E1_global_rational_optimizers_100m/dclm/E1_global_rational_optimizers_100m_dclm_m0_100m_seed2027_rlb_soap/rlb_fused_global_rational.jsonl
E1_m0_100m_all_datasets,E1_global_rational_optimizers_100m,dclm,11,E1_global_rational_optimizers_100m_dclm_m0_100m_seed2027_rlb_ademamix,2027,rlb_ademamix,RLB+ADeMaMix,rlb_fused_global_rational,ademamix,3050,727,100000000,347.4245969248004,5.790409948746674,0.09650683247911122,0.45110357114000355,72639.63776032753,True,982037,0,rush-compute-02,982037:0:1782432034,,,experiments/runs/iclr26_main/E1_global_rational_optimizers_100m/dclm/E1_global_rational_optimizers_100m_dclm_m0_100m_seed2027_rlb_ademamix/rlb_fused_global_rational.jsonl
E1_m0_100m_all_datasets,E1_global_rational_optimizers_100m,dclm,12,E1_global_rational_optimizers_100m_dclm_m0_100m_seed2027_rlb_came,2027,rlb_came,RLB+CAME,rlb_fused_global_rational,adafactor_came,3050,3050,100000000,1498.0201202780008,24.967002004633347,0.41611670007722246,0.4634188708440937,70709.2482883029,False,982038,0,lancer-compute-01,982038:0:1782432212,,,experiments/runs/iclr26_main/E1_global_rational_optimizers_100m/dclm/E1_global_rational_optimizers_100m_dclm_m0_100m_seed2027_rlb_came/rlb_fused_global_rational.jsonl
E1_m0_100m_all_datasets,E1_global_rational_optimizers_100m,dclm,13,E1_global_rational_optimizers_100m_dclm_m0_100m_seed2027_rlb_schedulefree,2027,rlb_schedulefree,RLB+ScheduleFree,rlb_fused_global_rational,schedule_free_adamw,3050,3050,100000000,1421.1729011530988,23.686215019218313,0.3947702503203052,0.4396526508701565,74531.56471397563,False,982039,0,rush-compute-02,982039:0:1782432435,,,experiments/runs/iclr26_main/E1_global_rational_optimizers_100m/dclm/E1_global_rational_optimizers_100m_dclm_m0_100m_seed2027_rlb_schedulefree/rlb_fused_global_rational.jsonl
E1_m0_100m_all_datasets,E1_global_rational_optimizers_100m,dclm,14,E1_global_rational_optimizers_100m_dclm_m0_100m_seed3407_rlb_adamw,3407,rlb_adamw,RLB+AdamW,rlb_fused_global_rational,adamw,3050,3050,100000000,1379.315838754992,22.9885973125832,0.38314328854305335,0.4245145422749815,77189.3462692601,False,982040,0,lancer-compute-01,982040:0:1782433767,,,experiments/runs/iclr26_main/E1_global_rational_optimizers_100m/dclm/E1_global_rational_optimizers_100m_dclm_m0_100m_seed3407_rlb_adamw/rlb_fused_global_rational.jsonl
E1_m0_100m_all_datasets,E1_global_rational_optimizers_100m,dclm,15,E1_global_rational_optimizers_100m_dclm_m0_100m_seed3407_rlb_muon,3407,rlb_muon,RLB+Muon,rlb_fused_global_rational,muon,3050,3050,100000000,1510.6990672219545,25.178317787032576,0.4196386297838762,0.468666104797644,69917.58026569521,False,982041,0,rush-compute-02,982041:0:1782433903,,,experiments/runs/iclr26_main/E1_global_rational_optimizers_100m/dclm/E1_global_rational_optimizers_100m_dclm_m0_100m_seed3407_rlb_muon/rlb_fused_global_rational.jsonl
E1_m0_100m_all_datasets,E1_m0_100m,dclm,15,E1_m0_100m_dclm_m0_100m_seed1337_silu_adamw,1337,silu_adamw,SiLU+AdamW,silu,adamw,3050,3050,100000000,1956.2715493649885,32.60452582274981,0.5434087637124968,0.6229806435759919,52598.74498171775,False,,,,,,,experiments/runs/iclr26_main/E1_m0_100m/dclm/E1_m0_100m_dclm_m0_100m_seed1337_silu_adamw/silu.jsonl
E1_m0_100m_all_datasets,E1_global_rational_optimizers_100m,dclm,16,E1_global_rational_optimizers_100m_dclm_m0_100m_seed3407_rlb_lion,3407,rlb_lion,RLB+Lion,rlb_fused_global_rational,lion,3050,3050,100000000,1373.2836537649855,22.888060896083093,0.3814676816013849,0.42266148016910404,77527.76521505992,False,982042,0,lancer-compute-01,982042:0:1782435199,,,experiments/runs/iclr26_main/E1_global_rational_optimizers_100m/dclm/E1_global_rational_optimizers_100m_dclm_m0_100m_seed3407_rlb_lion/rlb_fused_global_rational.jsonl
E1_m0_100m_all_datasets,E1_global_rational_optimizers_100m,dclm,17,E1_global_rational_optimizers_100m_dclm_m0_100m_seed3407_rlb_soap,3407,rlb_soap,RLB+SOAP,rlb_fused_global_rational,soap_adamw,3050,3050,100000000,1457.487767781131,24.29146279635218,0.4048577132725364,0.4514887210295944,72577.67132094559,False,982043,0,rush-compute-02,982043:0:1782435486,,,experiments/runs/iclr26_main/E1_global_rational_optimizers_100m/dclm/E1_global_rational_optimizers_100m_dclm_m0_100m_seed3407_rlb_soap/rlb_fused_global_rational.jsonl
E1_m0_100m_all_datasets,E1_m0_100m,dclm,17,E1_m0_100m_dclm_m0_100m_seed1337_silu_muon,1337,silu_muon,SiLU+Muon,silu,muon,3050,3050,100000000,2069.141127452982,34.4856854575497,0.574761424292495,0.6598079140195225,49662.93871860175,False,,,,,,,experiments/runs/iclr26_main/E1_m0_100m/dclm/E1_m0_100m_dclm_m0_100m_seed1337_silu_muon/silu.jsonl
E1_m0_100m_all_datasets,E1_global_rational_optimizers_100m,dclm,18,E1_global_rational_optimizers_100m_dclm_m0_100m_seed3407_rlb_ademamix,3407,rlb_ademamix,RLB+ADeMaMix,rlb_fused_global_rational,ademamix,3050,439,100000000,203.46096867602319,3.3910161446003864,0.056516935743339776,0.4348726733762037,75350.79117664575,True,982044,0,lancer-compute-01,982044:0:1782436625,,,experiments/runs/iclr26_main/E1_global_rational_optimizers_100m/dclm/E1_global_rational_optimizers_100m_dclm_m0_100m_seed3407_rlb_ademamix/rlb_fused_global_rational.jsonl
E1_m0_100m_all_datasets,E1_global_rational_optimizers_100m,dclm,19,E1_global_rational_optimizers_100m_dclm_m0_100m_seed3407_rlb_came,3407,rlb_came,RLB+CAME,rlb_fused_global_rational,adafactor_came,3050,3050,100000000,1521.9174159588292,25.365290265980487,0.42275483776634143,0.4721080947379094,69407.8334288912,False,982045,0,rush-compute-02,982045:0:1782437006,,,experiments/runs/iclr26_main/E1_global_rational_optimizers_100m/dclm/E1_global_rational_optimizers_100m_dclm_m0_100m_seed3407_rlb_came/rlb_fused_global_rational.jsonl
E1_m0_100m_all_datasets,E1_m0_100m,dclm,19,E1_m0_100m_dclm_m0_100m_seed1337_silu_lion,1337,silu_lion,SiLU+Lion,silu,lion,3050,3050,100000000,1954.031924237992,32.56719873729987,0.5427866456216645,0.6225825264935717,52632.37981404918,False,,,,,,,experiments/runs/iclr26_main/E1_m0_100m/dclm/E1_m0_100m_dclm_m0_100m_seed1337_silu_lion/silu.jsonl
E1_m0_100m_all_datasets,E1_global_rational_optimizers_100m,dclm,20,E1_global_rational_optimizers_100m_dclm_m0_100m_seed3407_rlb_schedulefree,3407,rlb_schedulefree,RLB+ScheduleFree,rlb_fused_global_rational,schedule_free_adamw,3050,3050,100000000,1392.5646662380314,23.209411103967188,0.38682351839945317,0.42868738050675037,76437.98602437288,False,982046,0,lancer-compute-01,982046:0:1782436875,,,experiments/runs/iclr26_main/E1_global_rational_optimizers_100m/dclm/E1_global_rational_optimizers_100m_dclm_m0_100m_seed3407_rlb_schedulefree/rlb_fused_global_rational.jsonl
E1_m0_100m_all_datasets,E1_m0_100m,dclm,21,E1_m0_100m_dclm_m0_100m_seed1337_silu_soap,1337,silu_soap,SiLU+SOAP,silu,soap_adamw,3050,3050,100000000,2216.1492213049787,36.93582035508298,0.6155970059180497,0.7064576275787474,46383.53203476088,False,,,,,,,experiments/runs/iclr26_main/E1_m0_100m/dclm/E1_m0_100m_dclm_m0_100m_seed1337_silu_soap/silu.jsonl
E1_m0_100m_all_datasets,E1_m0_100m,dclm,23,E1_m0_100m_dclm_m0_100m_seed1337_silu_ademamix,1337,silu_ademamix,SiLU+ADeMaMix,silu,ademamix,3050,3050,100000000,1995.4820759760041,33.258034599600066,0.5543005766600011,0.6353294741064318,51576.388843106986,False,,,,,,,experiments/runs/iclr26_main/E1_m0_100m/dclm/E1_m0_100m_dclm_m0_100m_seed1337_silu_ademamix/silu.jsonl
E1_m0_100m_all_datasets,E1_m0_100m,dclm,25,E1_m0_100m_dclm_m0_100m_seed1337_silu_came,1337,silu_came,SiLU+CAME,silu,adafactor_came,3050,3050,100000000,2088.1068734529836,34.80178122421639,0.5800296870702732,0.6660348106666555,49198.62967402779,False,,,,,,,experiments/runs/iclr26_main/E1_m0_100m/dclm/E1_m0_100m_dclm_m0_100m_seed1337_silu_came/silu.jsonl
E1_m0_100m_all_datasets,E1_m0_100m,dclm,27,E1_m0_100m_dclm_m0_100m_seed1337_silu_schedulefree,1337,silu_schedulefree,SiLU+ScheduleFree,silu,schedule_free_adamw,3050,3050,100000000,2004.5537471869902,33.40922911978317,0.5568204853297195,0.6386323879059914,51309.64326354138,False,,,,,,,experiments/runs/iclr26_main/E1_m0_100m/dclm/E1_m0_100m_dclm_m0_100m_seed1337_silu_schedulefree/silu.jsonl
E1_m0_100m_all_datasets,E1_m0_100m,dclm,30,E1_m0_100m_dclm_m0_100m_seed2027_silu_adamw,2027,silu_adamw,SiLU+AdamW,silu,adamw,3050,3050,100000000,1949.9625456850044,32.499375761416744,0.541656262690279,0.6218844343186126,52691.46193681998,False,,,,,,,experiments/runs/iclr26_main/E1_m0_100m/dclm/E1_m0_100m_dclm_m0_100m_seed2027_silu_adamw/silu.jsonl
E1_m0_100m_all_datasets,E1_m0_100m,dclm,32,E1_m0_100m_dclm_m0_100m_seed2027_silu_muon,2027,silu_muon,SiLU+Muon,silu,muon,3050,3050,100000000,2055.7190837379894,34.26198472896649,0.5710330788161082,0.6565614861845935,49908.501624762095,False,,,,,,,experiments/runs/iclr26_main/E1_m0_100m/dclm/E1_m0_100m_dclm_m0_100m_seed2027_silu_muon/silu.jsonl
E1_m0_100m_all_datasets,E1_m0_100m,dclm,34,E1_m0_100m_dclm_m0_100m_seed2027_silu_lion,2027,silu_lion,SiLU+Lion,silu,lion,3050,3050,100000000,1938.272554803989,32.30454258006648,0.538409043001108,0.6179839504933733,53024.03075976222,False,,,,,,,experiments/runs/iclr26_main/E1_m0_100m/dclm/E1_m0_100m_dclm_m0_100m_seed2027_silu_lion/silu.jsonl
E1_m0_100m_all_datasets,E1_m0_100m,dclm,36,E1_m0_100m_dclm_m0_100m_seed2027_silu_soap,2027,silu_soap,SiLU+SOAP,silu,soap_adamw,3050,3050,100000000,2173.3293756049825,36.22215626008304,0.6037026043347173,0.6945865002248497,47176.26960701429,False,,,,,,,experiments/runs/iclr26_main/E1_m0_100m/dclm/E1_m0_100m_dclm_m0_100m_seed2027_silu_soap/silu.jsonl
E1_m0_100m_all_datasets,E1_m0_100m,dclm,38,E1_m0_100m_dclm_m0_100m_seed2027_silu_ademamix,2027,silu_ademamix,SiLU+ADeMaMix,silu,ademamix,3050,3050,100000000,1964.315281311021,32.73858802185035,0.5456431336975058,0.6263338302427861,52317.14848820816,False,,,,,,,experiments/runs/iclr26_main/E1_m0_100m/dclm/E1_m0_100m_dclm_m0_100m_seed2027_silu_ademamix/silu.jsonl
E1_m0_100m_all_datasets,E1_m0_100m,dclm,40,E1_m0_100m_dclm_m0_100m_seed2027_silu_came,2027,silu_came,SiLU+CAME,silu,adafactor_came,3050,3050,100000000,2046.1126636989939,34.101877728316566,0.568364628805276,0.6534457094777736,50146.4766310698,False,,,,,,,experiments/runs/iclr26_main/E1_m0_100m/dclm/E1_m0_100m_dclm_m0_100m_seed2027_silu_came/silu.jsonl
E1_m0_100m_all_datasets,E1_m0_100m,dclm,42,E1_m0_100m_dclm_m0_100m_seed2027_silu_schedulefree,2027,silu_schedulefree,SiLU+ScheduleFree,silu,schedule_free_adamw,3050,3050,100000000,1960.9015308119997,32.681692180199995,0.5446948696699999,0.6249092075833153,52436.41732648218,False,,,,,,,experiments/runs/iclr26_main/E1_m0_100m/dclm/E1_m0_100m_dclm_m0_100m_seed2027_silu_schedulefree/silu.jsonl
E1_m0_100m_all_datasets,E1_m0_100m,dclm,45,E1_m0_100m_dclm_m0_100m_seed3407_silu_adamw,3407,silu_adamw,SiLU+AdamW,silu,adamw,3050,3050,100000000,1986.8303037419973,33.11383839569996,0.5518973065949992,0.6329389582215679,51771.185158315326,False,,,,,,,experiments/runs/iclr26_main/E1_m0_100m/dclm/E1_m0_100m_dclm_m0_100m_seed3407_silu_adamw/silu.jsonl
E1_m0_100m_all_datasets,E1_m0_100m,dclm,47,E1_m0_100m_dclm_m0_100m_seed3407_silu_muon,3407,silu_muon,SiLU+Muon,silu,muon,3050,3050,100000000,2176.107068687008,36.26845114478347,0.6044741857463911,0.691624547908471,47378.30676932029,False,,,,,,,experiments/runs/iclr26_main/E1_m0_100m/dclm/E1_m0_100m_dclm_m0_100m_seed3407_silu_muon/silu.jsonl
E1_m0_100m_all_datasets,E1_m0_100m,dclm,49,E1_m0_100m_dclm_m0_100m_seed3407_silu_lion,3407,silu_lion,SiLU+Lion,silu,lion,3050,3050,100000000,2045.8466361799801,34.097443936333,0.5682907322722167,0.6511708191805958,50321.66527553213,False,,,,,,,experiments/runs/iclr26_main/E1_m0_100m/dclm/E1_m0_100m_dclm_m0_100m_seed3407_silu_lion/silu.jsonl
E1_m0_100m_all_datasets,E1_m0_100m,dclm,51,E1_m0_100m_dclm_m0_100m_seed3407_silu_soap,3407,silu_soap,SiLU+SOAP,silu,soap_adamw,3050,3050,100000000,2327.3531982139975,38.78921997023329,0.6464869995038882,0.7418668475591964,44169.651343511905,False,,,,,,,experiments/runs/iclr26_main/E1_m0_100m/dclm/E1_m0_100m_dclm_m0_100m_seed3407_silu_soap/silu.jsonl
E1_m0_100m_all_datasets,E1_m0_100m,dclm,53,E1_m0_100m_dclm_m0_100m_seed3407_silu_ademamix,3407,silu_ademamix,SiLU+ADeMaMix,silu,ademamix,3050,3050,100000000,2105.352503066999,35.08920838444998,0.584820139740833,0.6701175229151753,48898.88546333063,False,,,,,,,experiments/runs/iclr26_main/E1_m0_100m/dclm/E1_m0_100m_dclm_m0_100m_seed3407_silu_ademamix/silu.jsonl
E1_m0_100m_all_datasets,E1_m0_100m,dclm,55,E1_m0_100m_dclm_m0_100m_seed3407_silu_came,3407,silu_came,SiLU+CAME,silu,adafactor_came,3050,3050,100000000,2175.505928687984,36.258432144799734,0.6043072024133289,0.6935207566232627,47248.76607810077,False,,,,,,,experiments/runs/iclr26_main/E1_m0_100m/dclm/E1_m0_100m_dclm_m0_100m_seed3407_silu_came/silu.jsonl
E1_m0_100m_all_datasets,E1_m0_100m,dclm,57,E1_m0_100m_dclm_m0_100m_seed3407_silu_schedulefree,3407,silu_schedulefree,SiLU+ScheduleFree,silu,schedule_free_adamw,3050,3050,100000000,2033.592755693011,33.893212594883515,0.5648868765813919,0.6477509641477934,50587.342688267345,False,,,,,,,experiments/runs/iclr26_main/E1_m0_100m/dclm/E1_m0_100m_dclm_m0_100m_seed3407_silu_schedulefree/silu.jsonl
E1_m0_100m_all_datasets,E1_rational_only_100m,dolma_sample,9,E1_rational_only_100m_dolma_sample_m0_100m_seed1337_rlb_rational_only_matrixpolicy,1337,rlb_matrixpolicy_original,RLB+MatrixPolicy,rlb_fused_global_rational,rational_matrix_policy_onpolicy,3050,3050,100000000,1464.0393069079146,24.400655115131908,0.4066775852521985,0.45527826179230313,71973.56594844119,False,,,,,,,experiments/runs/iclr26_main/E1_rational_only_100m/dolma_sample/E1_rational_only_100m_dolma_sample_m0_100m_seed1337_rlb_rational_only_matrixpolicy/rlb_fused_global_rational.jsonl
E1_m0_100m_all_datasets,E1_rational_only_100m,dolma_sample,10,E1_rational_only_100m_dolma_sample_m0_100m_seed2027_rlb_rational_only_matrixpolicy,2027,rlb_matrixpolicy_original,RLB+MatrixPolicy,rlb_fused_global_rational,rational_matrix_policy_onpolicy,3050,3050,100000000,1346.347446770058,22.4391241128343,0.37398540188057167,0.41603085624542674,78763.38859988154,False,,,,,,,experiments/runs/iclr26_main/E1_rational_only_100m/dolma_sample/E1_rational_only_100m_dolma_sample_m0_100m_seed2027_rlb_rational_only_matrixpolicy/rlb_fused_global_rational.jsonl
E1_m0_100m_all_datasets,E1_rational_only_100m,dolma_sample,11,E1_rational_only_100m_dolma_sample_m0_100m_seed3407_rlb_rational_only_matrixpolicy,3407,rlb_matrixpolicy_original,RLB+MatrixPolicy,rlb_fused_global_rational,rational_matrix_policy_onpolicy,3050,3050,100000000,1458.864066963084,24.3144011160514,0.4052400186008567,0.4531562035803168,72310.6066762523,False,,,,,,,experiments/runs/iclr26_main/E1_rational_only_100m/dolma_sample/E1_rational_only_100m_dolma_sample_m0_100m_seed3407_rlb_rational_only_matrixpolicy/rlb_fused_global_rational.jsonl
E1_m0_100m_all_datasets,E1_global_rational_optimizers_100m,dolma_sample,63,E1_global_rational_optimizers_100m_dolma_sample_m0_100m_seed1337_rlb_adamw,1337,rlb_adamw,RLB+AdamW,rlb_fused_global_rational,adamw,3050,3050,100000000,1458.8727346349042,24.314545577248403,0.40524242628747337,0.4511902925909737,72625.67599100767,False,982090,0,badfellow,982090:0:1782467662,,,experiments/runs/iclr26_main/E1_global_rational_optimizers_100m/dolma_sample/E1_global_rational_optimizers_100m_dolma_sample_m0_100m_seed1337_rlb_adamw/rlb_fused_global_rational.jsonl
E1_m0_100m_all_datasets,E1_global_rational_optimizers_100m,dolma_sample,64,E1_global_rational_optimizers_100m_dolma_sample_m0_100m_seed1337_rlb_muon,1337,rlb_muon,RLB+Muon,rlb_fused_global_rational,muon,3050,3050,100000000,1616.1287145980168,26.935478576633614,0.44892464294389356,0.5020306042709414,65270.92117737788,False,982091,0,damle-compute-01,982091:0:1782468236,,,experiments/runs/iclr26_main/E1_global_rational_optimizers_100m/dolma_sample/E1_global_rational_optimizers_100m_dolma_sample_m0_100m_seed1337_rlb_muon/rlb_fused_global_rational.jsonl
E1_m0_100m_all_datasets,E1_global_rational_optimizers_100m,dolma_sample,65,E1_global_rational_optimizers_100m_dolma_sample_m0_100m_seed1337_rlb_lion,1337,rlb_lion,RLB+Lion,rlb_fused_global_rational,lion,3050,3050,100000000,1454.7462736649904,24.24577122774984,0.404096187129164,0.4499540802493557,72825.2091454324,False,982092,0,badfellow,982092:0:1782469178,,,experiments/runs/iclr26_main/E1_global_rational_optimizers_100m/dolma_sample/E1_global_rational_optimizers_100m_dolma_sample_m0_100m_seed1337_rlb_lion/rlb_fused_global_rational.jsonl
E1_m0_100m_all_datasets,E1_global_rational_optimizers_100m,dolma_sample,66,E1_global_rational_optimizers_100m_dolma_sample_m0_100m_seed1337_rlb_soap,1337,rlb_soap,RLB+SOAP,rlb_fused_global_rational,soap_adamw,3050,3050,100000000,1531.632631717017,25.527210528616948,0.4254535088102825,0.47427409576811813,69090.84913636294,False,982093,0,damle-compute-01,982093:0:1782469905,,,experiments/runs/iclr26_main/E1_global_rational_optimizers_100m/dolma_sample/E1_global_rational_optimizers_100m_dolma_sample_m0_100m_seed1337_rlb_soap/rlb_fused_global_rational.jsonl
E1_m0_100m_all_datasets,E1_global_rational_optimizers_100m,dolma_sample,67,E1_global_rational_optimizers_100m_dolma_sample_m0_100m_seed1337_rlb_ademamix,1337,rlb_ademamix,RLB+ADeMaMix,rlb_fused_global_rational,ademamix,3050,581,100000000,284.27971160796005,4.737995193466001,0.07896658655776669,0.45988986415310745,71251.84213473079,True,982094,0,badfellow,982094:0:1782470694,,,experiments/runs/iclr26_main/E1_global_rational_optimizers_100m/dolma_sample/E1_global_rational_optimizers_100m_dolma_sample_m0_100m_seed1337_rlb_ademamix/rlb_fused_global_rational.jsonl
E1_m0_100m_all_datasets,E1_global_rational_optimizers_100m,dolma_sample,68,E1_global_rational_optimizers_100m_dolma_sample_m0_100m_seed1337_rlb_came,1337,rlb_came,RLB+CAME,rlb_fused_global_rational,adafactor_came,3050,3050,100000000,1624.2804233740317,27.071340389567194,0.4511890064927866,0.5039717921814751,65019.51202102314,False,982095,0,damle-compute-01,982095:0:1782471482,,,experiments/runs/iclr26_main/E1_global_rational_optimizers_100m/dolma_sample/E1_global_rational_optimizers_100m_dolma_sample_m0_100m_seed1337_rlb_came/rlb_fused_global_rational.jsonl
E1_m0_100m_all_datasets,E1_global_rational_optimizers_100m,dolma_sample,69,E1_global_rational_optimizers_100m_dolma_sample_m0_100m_seed1337_rlb_schedulefree,1337,rlb_schedulefree,RLB+ScheduleFree,rlb_fused_global_rational,schedule_free_adamw,3050,3050,100000000,1476.7213011180284,24.612021685300473,0.41020036142167454,0.45715428667857155,71678.20789360642,False,982096,0,badfellow,982096:0:1782471027,,,experiments/runs/iclr26_main/E1_global_rational_optimizers_100m/dolma_sample/E1_global_rational_optimizers_100m_dolma_sample_m0_100m_seed1337_rlb_schedulefree/rlb_fused_global_rational.jsonl
E1_m0_100m_all_datasets,E1_global_rational_optimizers_100m,dolma_sample,70,E1_global_rational_optimizers_100m_dolma_sample_m0_100m_seed2027_rlb_adamw,2027,rlb_adamw,RLB+AdamW,rlb_fused_global_rational,adamw,3050,3050,100000000,1493.2204559120582,24.887007598534304,0.41478345997557176,0.46152033509456436,71000.12178940266,False,982097,0,damle-compute-01,982097:0:1782473150,,,experiments/runs/iclr26_main/E1_global_rational_optimizers_100m/dolma_sample/E1_global_rational_optimizers_100m_dolma_sample_m0_100m_seed2027_rlb_adamw/rlb_fused_global_rational.jsonl
E1_m0_100m_all_datasets,E1_global_rational_optimizers_100m,dolma_sample,71,E1_global_rational_optimizers_100m_dolma_sample_m0_100m_seed2027_rlb_muon,2027,rlb_muon,RLB+Muon,rlb_fused_global_rational,muon,3050,3050,100000000,1589.5143465349684,26.491905775582804,0.4415317629263801,0.4895460120763183,66935.48551446803,False,982098,0,badfellow,982098:0:1782472573,,,experiments/runs/iclr26_main/E1_global_rational_optimizers_100m/dolma_sample/E1_global_rational_optimizers_100m_dolma_sample_m0_100m_seed2027_rlb_muon/rlb_fused_global_rational.jsonl
E1_m0_100m_all_datasets,E1_global_rational_optimizers_100m,dolma_sample,72,E1_global_rational_optimizers_100m_dolma_sample_m0_100m_seed2027_rlb_lion,2027,rlb_lion,RLB+Lion,rlb_fused_global_rational,lion,3050,3050,100000000,1473.505917766015,24.558431962766917,0.40930719937944865,0.45576491746325076,71896.7141709457,False,982099,0,damle-compute-01,982099:0:1782474697,,,experiments/runs/iclr26_main/E1_global_rational_optimizers_100m/dolma_sample/E1_global_rational_optimizers_100m_dolma_sample_m0_100m_seed2027_rlb_lion/rlb_fused_global_rational.jsonl
E1_m0_100m_all_datasets,E1_global_rational_optimizers_100m,dolma_sample,73,E1_global_rational_optimizers_100m_dolma_sample_m0_100m_seed2027_rlb_soap,2027,rlb_soap,RLB+SOAP,rlb_fused_global_rational,soap_adamw,3050,3050,100000000,1507.1229390900116,25.118715651500192,0.4186452608583366,0.4665043594858155,70241.57295360997,False,982100,0,badfellow,982100:0:1782474215,,,experiments/runs/iclr26_main/E1_global_rational_optimizers_100m/dolma_sample/E1_global_rational_optimizers_100m_dolma_sample_m0_100m_seed2027_rlb_soap/rlb_fused_global_rational.jsonl
E1_m0_100m_all_datasets,E1_global_rational_optimizers_100m,dolma_sample,74,E1_global_rational_optimizers_100m_dolma_sample_m0_100m_seed2027_rlb_ademamix,2027,rlb_ademamix,RLB+ADeMaMix,rlb_fused_global_rational,ademamix,3050,1578,100000000,799.6438867129618,13.327398111882697,0.22212330186471163,0.47808755449549567,68539.74693940443,True,982101,0,damle-compute-01,982101:0:1782476217,,,experiments/runs/iclr26_main/E1_global_rational_optimizers_100m/dolma_sample/E1_global_rational_optimizers_100m_dolma_sample_m0_100m_seed2027_rlb_ademamix/rlb_fused_global_rational.jsonl
E1_m0_100m_all_datasets,E1_global_rational_optimizers_100m,dolma_sample,75,E1_global_rational_optimizers_100m_dolma_sample_m0_100m_seed2027_rlb_came,2027,rlb_came,RLB+CAME,rlb_fused_global_rational,adafactor_came,3050,3050,100000000,1600.3112504429882,26.671854174049805,0.4445309029008301,0.4961345238832463,66046.60313401448,False,982102,0,badfellow,982102:0:1782475793,,,experiments/runs/iclr26_main/E1_global_rational_optimizers_100m/dolma_sample/E1_global_rational_optimizers_100m_dolma_sample_m0_100m_seed2027_rlb_came/rlb_fused_global_rational.jsonl
E1_m0_100m_all_datasets,E1_global_rational_optimizers_100m,dolma_sample,76,E1_global_rational_optimizers_100m_dolma_sample_m0_100m_seed2027_rlb_schedulefree,2027,rlb_schedulefree,RLB+ScheduleFree,rlb_fused_global_rational,schedule_free_adamw,3050,3050,100000000,1526.6026253410382,25.443377089017304,0.42405628481695506,0.4728921480352221,69292.75551760559,False,982103,0,damle-compute-01,982103:0:1782477070,,,experiments/runs/iclr26_main/E1_global_rational_optimizers_100m/dolma_sample/E1_global_rational_optimizers_100m_dolma_sample_m0_100m_seed2027_rlb_schedulefree/rlb_fused_global_rational.jsonl
E1_m0_100m_all_datasets,E1_global_rational_optimizers_100m,dolma_sample,77,E1_global_rational_optimizers_100m_dolma_sample_m0_100m_seed3407_rlb_adamw,3407,rlb_adamw,RLB+AdamW,rlb_fused_global_rational,adamw,3050,3050,100000000,1502.0848425539443,25.034747375899073,0.4172457895983179,0.46526127529822975,70429.24425420084,False,982104,0,badfellow,982104:0:1782477436,,,experiments/runs/iclr26_main/E1_global_rational_optimizers_100m/dolma_sample/E1_global_rational_optimizers_100m_dolma_sample_m0_100m_seed3407_rlb_adamw/rlb_fused_global_rational.jsonl
E1_m0_100m_all_datasets,E1_global_rational_optimizers_100m,dolma_sample,78,E1_global_rational_optimizers_100m_dolma_sample_m0_100m_seed3407_rlb_muon,3407,rlb_muon,RLB+Muon,rlb_fused_global_rational,muon,3050,3050,100000000,1606.4196386730764,26.773660644551274,0.4462276774091879,0.49898459467851847,65669.3620393461,False,982105,0,damle-compute-01,982105:0:1782478644,,,experiments/runs/iclr26_main/E1_global_rational_optimizers_100m/dolma_sample/E1_global_rational_optimizers_100m_dolma_sample_m0_100m_seed3407_rlb_muon/rlb_fused_global_rational.jsonl
E1_m0_100m_all_datasets,E1_global_rational_optimizers_100m,dolma_sample,79,E1_global_rational_optimizers_100m_dolma_sample_m0_100m_seed3407_rlb_lion,3407,rlb_lion,RLB+Lion,rlb_fused_global_rational,lion,3050,3050,100000000,1467.5046237740899,24.458410396234832,0.4076401732705805,0.4540446362879864,72169.11594395815,False,982106,0,badfellow,982106:0:1782478980,,,experiments/runs/iclr26_main/E1_global_rational_optimizers_100m/dolma_sample/E1_global_rational_optimizers_100m_dolma_sample_m0_100m_seed3407_rlb_lion/rlb_fused_global_rational.jsonl
E1_m0_100m_all_datasets,E1_global_rational_optimizers_100m,dolma_sample,80,E1_global_rational_optimizers_100m_dolma_sample_m0_100m_seed3407_rlb_soap,3407,rlb_soap,RLB+SOAP,rlb_fused_global_rational,soap_adamw,3050,3050,100000000,1539.2179951630533,25.653633252717555,0.42756055421195927,0.477160207194059,68672.95198963101,False,982107,0,damle-compute-01,982107:0:1782480308,,,experiments/runs/iclr26_main/E1_global_rational_optimizers_100m/dolma_sample/E1_global_rational_optimizers_100m_dolma_sample_m0_100m_seed3407_rlb_soap/rlb_fused_global_rational.jsonl
E1_m0_100m_all_datasets,E1_global_rational_optimizers_100m,dolma_sample,81,E1_global_rational_optimizers_100m_dolma_sample_m0_100m_seed3407_rlb_ademamix,3407,rlb_ademamix,RLB+ADeMaMix,rlb_fused_global_rational,ademamix,3050,529,100000000,264.81752505898476,4.413625417649746,0.07356042362749576,0.47005989663045183,69710.26508513509,True,982108,0,badfellow,982108:0:1782480492,,,experiments/runs/iclr26_main/E1_global_rational_optimizers_100m/dolma_sample/E1_global_rational_optimizers_100m_dolma_sample_m0_100m_seed3407_rlb_ademamix/rlb_fused_global_rational.jsonl
E1_m0_100m_all_datasets,E1_global_rational_optimizers_100m,dolma_sample,82,E1_global_rational_optimizers_100m_dolma_sample_m0_100m_seed3407_rlb_came,3407,rlb_came,RLB+CAME,rlb_fused_global_rational,adafactor_came,3050,3050,100000000,1603.7045537310187,26.72840922885031,0.4454734871475052,0.4981358181221077,65781.25645236697,False,982109,0,damle-compute-01,982109:0:1782481891,,,experiments/runs/iclr26_main/E1_global_rational_optimizers_100m/dolma_sample/E1_global_rational_optimizers_100m_dolma_sample_m0_100m_seed3407_rlb_came/rlb_fused_global_rational.jsonl
E1_m0_100m_all_datasets,E1_global_rational_optimizers_100m,dolma_sample,83,E1_global_rational_optimizers_100m_dolma_sample_m0_100m_seed3407_rlb_schedulefree,3407,rlb_schedulefree,RLB+ScheduleFree,rlb_fused_global_rational,schedule_free_adamw,3050,3050,100000000,1508.0353373530088,25.133922289216812,0.41889870482028024,0.46720142288405714,70136.77269585684,False,982110,0,badfellow,982110:0:1782480799,,,experiments/runs/iclr26_main/E1_global_rational_optimizers_100m/dolma_sample/E1_global_rational_optimizers_100m_dolma_sample_m0_100m_seed3407_rlb_schedulefree/rlb_fused_global_rational.jsonl
E1_m0_100m_all_datasets,E1_m0_100m,dolma_sample,150,E1_m0_100m_dolma_sample_m0_100m_seed1337_silu_adamw,1337,silu_adamw,SiLU+AdamW,silu,adamw,3050,3050,100000000,1639.0890332140261,27.3181505535671,0.45530250922611837,0.5187625806593246,63165.69702917528,False,,,,,,,experiments/runs/iclr26_main/E1_m0_100m/dolma_sample/E1_m0_100m_dolma_sample_m0_100m_seed1337_silu_adamw/silu.jsonl
E1_m0_100m_all_datasets,E1_m0_100m,dolma_sample,152,E1_m0_100m_dolma_sample_m0_100m_seed1337_silu_muon,1337,silu_muon,SiLU+Muon,silu,muon,3050,3050,100000000,1758.6637509700377,29.311062516167294,0.48851770860278826,0.5537654731681682,59173.06438866581,False,,,,,,,experiments/runs/iclr26_main/E1_m0_100m/dolma_sample/E1_m0_100m_dolma_sample_m0_100m_seed1337_silu_muon/silu.jsonl
E1_m0_100m_all_datasets,E1_m0_100m,dolma_sample,154,E1_m0_100m_dolma_sample_m0_100m_seed1337_silu_lion,1337,silu_lion,SiLU+Lion,silu,lion,3050,3050,100000000,1632.1299968770472,27.202166614617454,0.4533694435769576,0.5169962969572667,63381.498461116644,False,,,,,,,experiments/runs/iclr26_main/E1_m0_100m/dolma_sample/E1_m0_100m_dolma_sample_m0_100m_seed1337_silu_lion/silu.jsonl
E1_m0_100m_all_datasets,E1_m0_100m,dolma_sample,156,E1_m0_100m_dolma_sample_m0_100m_seed1337_silu_soap,1337,silu_soap,SiLU+SOAP,silu,soap_adamw,3050,3050,100000000,1894.7668129630038,31.57944688271673,0.5263241147119455,0.5949637072201557,55075.62831538359,False,,,,,,,experiments/runs/iclr26_main/E1_m0_100m/dolma_sample/E1_m0_100m_dolma_sample_m0_100m_seed1337_silu_soap/silu.jsonl
E1_m0_100m_all_datasets,E1_m0_100m,dolma_sample,158,E1_m0_100m_dolma_sample_m0_100m_seed1337_silu_ademamix,1337,silu_ademamix,SiLU+ADeMaMix,silu,ademamix,3050,3050,100000000,1671.2582879010006,27.85430479835001,0.4642384133058335,0.528953677612301,61948.71382294737,False,,,,,,,experiments/runs/iclr26_main/E1_m0_100m/dolma_sample/E1_m0_100m_dolma_sample_m0_100m_seed1337_silu_ademamix/silu.jsonl
E1_m0_100m_all_datasets,E1_m0_100m,dolma_sample,160,E1_m0_100m_dolma_sample_m0_100m_seed1337_silu_came,1337,silu_came,SiLU+CAME,silu,adafactor_came,3050,3050,100000000,1742.624091658974,29.0437348609829,0.48406224768304834,0.5518101054601783,59382.74720915694,False,,,,,,,experiments/runs/iclr26_main/E1_m0_100m/dolma_sample/E1_m0_100m_dolma_sample_m0_100m_seed1337_silu_came/silu.jsonl
E1_m0_100m_all_datasets,E1_m0_100m,dolma_sample,162,E1_m0_100m_dolma_sample_m0_100m_seed1337_silu_schedulefree,1337,silu_schedulefree,SiLU+ScheduleFree,silu,schedule_free_adamw,3050,3050,100000000,1645.9952914780006,27.433254857966677,0.4572209142994446,0.5214080020930612,62845.21884677856,False,,,,,,,experiments/runs/iclr26_main/E1_m0_100m/dolma_sample/E1_m0_100m_dolma_sample_m0_100m_seed1337_silu_schedulefree/silu.jsonl
E1_m0_100m_all_datasets,E1_m0_100m,dolma_sample,165,E1_m0_100m_dolma_sample_m0_100m_seed2027_silu_adamw,2027,silu_adamw,SiLU+AdamW,silu,adamw,3050,3050,100000000,1683.2089874789817,28.053483124649695,0.4675580520774949,0.5324905852330711,61537.23823240452,False,,,,,,,experiments/runs/iclr26_main/E1_m0_100m/dolma_sample/E1_m0_100m_dolma_sample_m0_100m_seed2027_silu_adamw/silu.jsonl
E1_m0_100m_all_datasets,E1_m0_100m,dolma_sample,167,E1_m0_100m_dolma_sample_m0_100m_seed2027_silu_muon,2027,silu_muon,SiLU+Muon,silu,muon,3050,3050,100000000,1733.5950577439507,28.89325096239918,0.481554182706653,0.5503209772504857,59543.43256859937,False,,,,,,,experiments/runs/iclr26_main/E1_m0_100m/dolma_sample/E1_m0_100m_dolma_sample_m0_100m_seed2027_silu_muon/silu.jsonl
E1_m0_100m_all_datasets,E1_m0_100m,dolma_sample,169,E1_m0_100m_dolma_sample_m0_100m_seed2027_silu_lion,2027,silu_lion,SiLU+Lion,silu,lion,3050,3050,100000000,1617.0920126290293,26.951533543817156,0.44919222573028594,0.5124324673980785,63945.98719784959,False,,,,,,,experiments/runs/iclr26_main/E1_m0_100m/dolma_sample/E1_m0_100m_dolma_sample_m0_100m_seed2027_silu_lion/silu.jsonl
E1_m0_100m_all_datasets,E1_m0_100m,dolma_sample,171,E1_m0_100m_dolma_sample_m0_100m_seed2027_silu_soap,2027,silu_soap,SiLU+SOAP,silu,soap_adamw,3050,3050,100000000,1851.8998742870172,30.864997904783618,0.5144166317463936,0.5888368865732931,55648.68768784466,False,,,,,,,experiments/runs/iclr26_main/E1_m0_100m/dolma_sample/E1_m0_100m_dolma_sample_m0_100m_seed2027_silu_soap/silu.jsonl
E1_m0_100m_all_datasets,E1_m0_100m,dolma_sample,173,E1_m0_100m_dolma_sample_m0_100m_seed2027_silu_ademamix,2027,silu_ademamix,SiLU+ADeMaMix,silu,ademamix,3050,3050,100000000,1651.8372036690125,27.53062006115021,0.4588436676858368,0.5232321038885976,62626.12663953949,False,,,,,,,experiments/runs/iclr26_main/E1_m0_100m/dolma_sample/E1_m0_100m_dolma_sample_m0_100m_seed2027_silu_ademamix/silu.jsonl
E1_m0_100m_all_datasets,E1_m0_100m,dolma_sample,175,E1_m0_100m_dolma_sample_m0_100m_seed2027_silu_came,2027,silu_came,SiLU+CAME,silu,adafactor_came,3050,3050,100000000,1733.4189343909966,28.890315573183276,0.4815052595530546,0.5502877105129707,59547.03216877971,False,,,,,,,experiments/runs/iclr26_main/E1_m0_100m/dolma_sample/E1_m0_100m_dolma_sample_m0_100m_seed2027_silu_came/silu.jsonl
E1_m0_100m_all_datasets,E1_m0_100m,dolma_sample,177,E1_m0_100m_dolma_sample_m0_100m_seed2027_silu_schedulefree,2027,silu_schedulefree,SiLU+ScheduleFree,silu,schedule_free_adamw,3050,3050,100000000,1639.7675524580409,27.329459207634013,0.45549098679390027,0.5196536045595285,63057.38998534415,False,,,,,,,experiments/runs/iclr26_main/E1_m0_100m/dolma_sample/E1_m0_100m_dolma_sample_m0_100m_seed2027_silu_schedulefree/silu.jsonl
E1_m0_100m_all_datasets,E1_m0_100m,dolma_sample,180,E1_m0_100m_dolma_sample_m0_100m_seed3407_silu_adamw,3407,silu_adamw,SiLU+AdamW,silu,adamw,3050,3050,100000000,1252.452145630028,20.874202427167134,0.3479033737861189,0.3916307168471174,83670.65858317693,False,,,,,,,experiments/runs/iclr26_main/E1_m0_100m/dolma_sample/E1_m0_100m_dolma_sample_m0_100m_seed3407_silu_adamw/silu.jsonl
E1_m0_100m_all_datasets,E1_m0_100m,dolma_sample,182,E1_m0_100m_dolma_sample_m0_100m_seed3407_silu_muon,3407,silu_muon,SiLU+Muon,silu,muon,3050,3050,100000000,1352.2874132760335,22.538123554600556,0.37563539257667594,0.42484865041991793,77128.64326534237,False,,,,,,,experiments/runs/iclr26_main/E1_m0_100m/dolma_sample/E1_m0_100m_dolma_sample_m0_100m_seed3407_silu_muon/silu.jsonl
E1_m0_100m_all_datasets,E1_m0_100m,dolma_sample,184,E1_m0_100m_dolma_sample_m0_100m_seed3407_silu_lion,3407,silu_lion,SiLU+Lion,silu,lion,3050,3050,100000000,1230.4709220260265,20.507848700433776,0.3417974783405629,0.38474784409512625,85167.46877962581,False,,,,,,,experiments/runs/iclr26_main/E1_m0_100m/dolma_sample/E1_m0_100m_dolma_sample_m0_100m_seed3407_silu_lion/silu.jsonl
E1_m0_100m_all_datasets,E1_m0_100m,dolma_sample,186,E1_m0_100m_dolma_sample_m0_100m_seed3407_silu_soap,3407,silu_soap,SiLU+SOAP,silu,soap_adamw,3050,3050,100000000,1464.9033558500232,24.41505593083372,0.40691759884722867,0.4614915260744215,71004.55403533397,False,,,,,,,experiments/runs/iclr26_main/E1_m0_100m/dolma_sample/E1_m0_100m_dolma_sample_m0_100m_seed3407_silu_soap/silu.jsonl
E1_m0_100m_all_datasets,E1_m0_100m,dolma_sample,188,E1_m0_100m_dolma_sample_m0_100m_seed3407_silu_ademamix,3407,silu_ademamix,SiLU+ADeMaMix,silu,ademamix,3050,3050,100000000,1239.3758282680064,20.656263804466775,0.3442710634077796,0.38802302797907606,84448.59618426305,False,,,,,,,experiments/runs/iclr26_main/E1_m0_100m/dolma_sample/E1_m0_100m_dolma_sample_m0_100m_seed3407_silu_ademamix/silu.jsonl
E1_m0_100m_all_datasets,E1_m0_100m,dolma_sample,190,E1_m0_100m_dolma_sample_m0_100m_seed3407_silu_came,3407,silu_came,SiLU+CAME,silu,adafactor_came,3050,3050,100000000,1315.4238840189646,21.923731400316075,0.36539552333860126,0.4130893028604459,79324.25210020514,False,,,,,,,experiments/runs/iclr26_main/E1_m0_100m/dolma_sample/E1_m0_100m_dolma_sample_m0_100m_seed3407_silu_came/silu.jsonl
E1_m0_100m_all_datasets,E1_m0_100m,dolma_sample,192,E1_m0_100m_dolma_sample_m0_100m_seed3407_silu_schedulefree,3407,silu_schedulefree,SiLU+ScheduleFree,silu,schedule_free_adamw,3050,3050,100000000,1224.5004101350205,20.408340168917007,0.3401390028152835,0.38352104224167516,85439.90131146781,False,,,,,,,experiments/runs/iclr26_main/E1_m0_100m/dolma_sample/E1_m0_100m_dolma_sample_m0_100m_seed3407_silu_schedulefree/silu.jsonl
E1_m0_100m_all_datasets,E1_rational_only_100m,fineweb,6,E1_rational_only_100m_fineweb_m0_100m_seed1337_rlb_rational_only_matrixpolicy,1337,rlb_matrixpolicy_original,RLB+MatrixPolicy,rlb_fused_global_rational,rational_matrix_policy_onpolicy,3050,3050,100000000,1346.1093129509827,22.43515521584971,0.37391925359749517,0.41628642146061184,78715.03443477183,False,,,,,,,experiments/runs/iclr26_main/E1_rational_only_100m/fineweb/E1_rational_only_100m_fineweb_m0_100m_seed1337_rlb_rational_only_matrixpolicy/rlb_fused_global_rational.jsonl
E1_m0_100m_all_datasets,E1_rational_only_100m,fineweb,7,E1_rational_only_100m_fineweb_m0_100m_seed2027_rlb_rational_only_matrixpolicy,2027,rlb_matrixpolicy_original,RLB+MatrixPolicy,rlb_fused_global_rational,rational_matrix_policy_onpolicy,3050,3050,100000000,1670.795249898918,27.846587498315298,0.46410979163858834,0.5189076962257615,63148.03237326356,False,,,,,,,experiments/runs/iclr26_main/E1_rational_only_100m/fineweb/E1_rational_only_100m_fineweb_m0_100m_seed2027_rlb_rational_only_matrixpolicy/rlb_fused_global_rational.jsonl
E1_m0_100m_all_datasets,E1_rational_only_100m,fineweb,8,E1_rational_only_100m_fineweb_m0_100m_seed3407_rlb_rational_only_matrixpolicy,3407,rlb_matrixpolicy_original,RLB+MatrixPolicy,rlb_fused_global_rational,rational_matrix_policy_onpolicy,3050,3050,100000000,1347.681698490982,22.461361641516365,0.37435602735860607,0.4166957559166874,78637.70997118462,False,,,,,,,experiments/runs/iclr26_main/E1_rational_only_100m/fineweb/E1_rational_only_100m_fineweb_m0_100m_seed3407_rlb_rational_only_matrixpolicy/rlb_fused_global_rational.jsonl
E1_m0_100m_all_datasets,E1_global_rational_optimizers_100m,fineweb,42,E1_global_rational_optimizers_100m_fineweb_m0_100m_seed1337_rlb_adamw,1337,rlb_adamw,RLB+AdamW,rlb_fused_global_rational,adamw,3050,3050,100000000,1498.0810151780024,24.968016919633374,0.41613361532722287,0.4633923654858947,70713.29275276425,False,982068,0,ellis-compute-02,982068:0:1782453511,,,experiments/runs/iclr26_main/E1_global_rational_optimizers_100m/fineweb/E1_global_rational_optimizers_100m_fineweb_m0_100m_seed1337_rlb_adamw/rlb_fused_global_rational.jsonl
E1_m0_100m_all_datasets,E1_global_rational_optimizers_100m,fineweb,43,E1_global_rational_optimizers_100m_fineweb_m0_100m_seed1337_rlb_muon,1337,rlb_muon,RLB+Muon,rlb_fused_global_rational,muon,3050,3050,100000000,1592.8481833779952,26.547469722966586,0.4424578287161098,0.49186981692799325,66619.253453393,False,982069,0,badfellow,982069:0:1782453077,,,experiments/runs/iclr26_main/E1_global_rational_optimizers_100m/fineweb/E1_global_rational_optimizers_100m_fineweb_m0_100m_seed1337_rlb_muon/rlb_fused_global_rational.jsonl
E1_m0_100m_all_datasets,E1_global_rational_optimizers_100m,fineweb,44,E1_global_rational_optimizers_100m_fineweb_m0_100m_seed1337_rlb_lion,1337,rlb_lion,RLB+Lion,rlb_fused_global_rational,lion,3050,3050,100000000,1495.503157283063,24.925052621384385,0.4154175436897397,0.4624687062842123,70854.52389477413,False,982070,0,ellis-compute-02,982070:0:1782455069,,,experiments/runs/iclr26_main/E1_global_rational_optimizers_100m/fineweb/E1_global_rational_optimizers_100m_fineweb_m0_100m_seed1337_rlb_lion/rlb_fused_global_rational.jsonl
E1_m0_100m_all_datasets,E1_global_rational_optimizers_100m,fineweb,45,E1_global_rational_optimizers_100m_fineweb_m0_100m_seed1337_rlb_soap,1337,rlb_soap,RLB+SOAP,rlb_fused_global_rational,soap_adamw,3050,3050,100000000,1515.3881063719746,25.25646843953291,0.42094114065888183,0.46922173465748146,69834.7872225478,False,982071,0,badfellow,982071:0:1782454724,,,experiments/runs/iclr26_main/E1_global_rational_optimizers_100m/fineweb/E1_global_rational_optimizers_100m_fineweb_m0_100m_seed1337_rlb_soap/rlb_fused_global_rational.jsonl
E1_m0_100m_all_datasets,E1_global_rational_optimizers_100m,fineweb,46,E1_global_rational_optimizers_100m_fineweb_m0_100m_seed1337_rlb_ademamix,1337,rlb_ademamix,RLB+ADeMaMix,rlb_fused_global_rational,ademamix,3050,715,100000000,361.27903954999056,6.021317325833176,0.10035528876388626,0.47601406184520284,68838.30253454986,True,982072,0,ellis-compute-02,982072:0:1782456623,,,experiments/runs/iclr26_main/E1_global_rational_optimizers_100m/fineweb/E1_global_rational_optimizers_100m_fineweb_m0_100m_seed1337_rlb_ademamix/rlb_fused_global_rational.jsonl
E1_m0_100m_all_datasets,E1_global_rational_optimizers_100m,fineweb,47,E1_global_rational_optimizers_100m_fineweb_m0_100m_seed1337_rlb_came,1337,rlb_came,RLB+CAME,rlb_fused_global_rational,adafactor_came,3050,3050,100000000,1588.3201021240093,26.472001702066823,0.4412000283677804,0.4933204645559739,66423.35429869853,False,982073,0,badfellow,982073:0:1782456282,,,experiments/runs/iclr26_main/E1_global_rational_optimizers_100m/fineweb/E1_global_rational_optimizers_100m_fineweb_m0_100m_seed1337_rlb_came/rlb_fused_global_rational.jsonl
E1_m0_100m_all_datasets,E1_global_rational_optimizers_100m,fineweb,48,E1_global_rational_optimizers_100m_fineweb_m0_100m_seed1337_rlb_schedulefree,1337,rlb_schedulefree,RLB+ScheduleFree,rlb_fused_global_rational,schedule_free_adamw,3050,3050,100000000,1528.112631906988,25.46854386511647,0.4244757310852745,0.47220258925298203,69393.94392529385,False,982074,0,ellis-compute-02,982074:0:1782457043,,,experiments/runs/iclr26_main/E1_global_rational_optimizers_100m/fineweb/E1_global_rational_optimizers_100m_fineweb_m0_100m_seed1337_rlb_schedulefree/rlb_fused_global_rational.jsonl
E1_m0_100m_all_datasets,E1_global_rational_optimizers_100m,fineweb,49,E1_global_rational_optimizers_100m_fineweb_m0_100m_seed2027_rlb_adamw,2027,rlb_adamw,RLB+AdamW,rlb_fused_global_rational,adamw,3050,3050,100000000,1478.4631614920218,24.641052691533694,0.4106842115255616,0.45769893046757526,71592.91363544356,False,982075,0,badfellow,982075:0:1782457927,,,experiments/runs/iclr26_main/E1_global_rational_optimizers_100m/fineweb/E1_global_rational_optimizers_100m_fineweb_m0_100m_seed2027_rlb_adamw/rlb_fused_global_rational.jsonl
E1_m0_100m_all_datasets,E1_global_rational_optimizers_100m,fineweb,50,E1_global_rational_optimizers_100m_fineweb_m0_100m_seed2027_rlb_muon,2027,rlb_muon,RLB+Muon,rlb_fused_global_rational,muon,3050,3050,100000000,1549.2397940909723,25.820663234849537,0.4303443872474923,0.4800481655152074,68259.81714737319,False,982076,0,damle-compute-01,982076:0:1782458639,,,experiments/runs/iclr26_main/E1_global_rational_optimizers_100m/fineweb/E1_global_rational_optimizers_100m_fineweb_m0_100m_seed2027_rlb_muon/rlb_fused_global_rational.jsonl
E1_m0_100m_all_datasets,E1_global_rational_optimizers_100m,fineweb,51,E1_global_rational_optimizers_100m_fineweb_m0_100m_seed2027_rlb_lion,2027,rlb_lion,RLB+Lion,rlb_fused_global_rational,lion,3050,3050,100000000,1471.178567584022,24.51964279306703,0.40866071321778386,0.4554919943496377,71939.79346835047,False,982077,0,badfellow,982077:0:1782459458,,,experiments/runs/iclr26_main/E1_global_rational_optimizers_100m/fineweb/E1_global_rational_optimizers_100m_fineweb_m0_100m_seed2027_rlb_lion/rlb_fused_global_rational.jsonl
E1_m0_100m_all_datasets,E1_global_rational_optimizers_100m,fineweb,52,E1_global_rational_optimizers_100m_fineweb_m0_100m_seed2027_rlb_soap,2027,rlb_soap,RLB+SOAP,rlb_fused_global_rational,soap_adamw,3050,3050,100000000,1500.1386797779705,25.002311329632843,0.416705188827214,0.4645626105797096,70535.16416034878,False,982078,0,damle-compute-01,982078:0:1782460250,,,experiments/runs/iclr26_main/E1_global_rational_optimizers_100m/fineweb/E1_global_rational_optimizers_100m_fineweb_m0_100m_seed2027_rlb_soap/rlb_fused_global_rational.jsonl
E1_m0_100m_all_datasets,E1_global_rational_optimizers_100m,fineweb,53,E1_global_rational_optimizers_100m_fineweb_m0_100m_seed2027_rlb_ademamix,2027,rlb_ademamix,RLB+ADeMaMix,rlb_fused_global_rational,ademamix,3050,445,100000000,221.26825370790903,3.68780422846515,0.061463403807752504,0.46952712595521007,69789.36506242637,True,982079,0,badfellow,982079:0:1782460981,,,experiments/runs/iclr26_main/E1_global_rational_optimizers_100m/fineweb/E1_global_rational_optimizers_100m_fineweb_m0_100m_seed2027_rlb_ademamix/rlb_fused_global_rational.jsonl
E1_m0_100m_all_datasets,E1_global_rational_optimizers_100m,fineweb,54,E1_global_rational_optimizers_100m_fineweb_m0_100m_seed2027_rlb_came,2027,rlb_came,RLB+CAME,rlb_fused_global_rational,adafactor_came,3050,3050,100000000,1577.4159186050529,26.290265310084216,0.43817108850140357,0.48998315326195846,66875.76865011382,False,982080,0,damle-compute-01,982080:0:1782461805,,,experiments/runs/iclr26_main/E1_global_rational_optimizers_100m/fineweb/E1_global_rational_optimizers_100m_fineweb_m0_100m_seed2027_rlb_came/rlb_fused_global_rational.jsonl
E1_m0_100m_all_datasets,E1_global_rational_optimizers_100m,fineweb,55,E1_global_rational_optimizers_100m_fineweb_m0_100m_seed2027_rlb_schedulefree,2027,rlb_schedulefree,RLB+ScheduleFree,rlb_fused_global_rational,schedule_free_adamw,3050,3050,100000000,1488.7074403929291,24.811790673215487,0.41352984455359143,0.4610410414588728,71073.93280284152,False,982081,0,badfellow,982081:0:1782461256,,,experiments/runs/iclr26_main/E1_global_rational_optimizers_100m/fineweb/E1_global_rational_optimizers_100m_fineweb_m0_100m_seed2027_rlb_schedulefree/rlb_fused_global_rational.jsonl
E1_m0_100m_all_datasets,E1_global_rational_optimizers_100m,fineweb,56,E1_global_rational_optimizers_100m_fineweb_m0_100m_seed3407_rlb_adamw,3407,rlb_adamw,RLB+AdamW,rlb_fused_global_rational,adamw,3050,3050,100000000,1445.891460966086,24.098191016101435,0.4016365169350239,0.44708090502098174,73293.22194707059,False,982082,0,damle-compute-01,982082:0:1782463425,,,experiments/runs/iclr26_main/E1_global_rational_optimizers_100m/fineweb/E1_global_rational_optimizers_100m_fineweb_m0_100m_seed3407_rlb_adamw/rlb_fused_global_rational.jsonl
E1_m0_100m_all_datasets,E1_global_rational_optimizers_100m,fineweb,57,E1_global_rational_optimizers_100m_fineweb_m0_100m_seed3407_rlb_muon,3407,rlb_muon,RLB+Muon,rlb_fused_global_rational,muon,3050,3050,100000000,1592.098937365925,26.534982289432083,0.44224970482386805,0.4916592776506592,66647.78127767333,False,982083,0,badfellow,982083:0:1782462812,,,experiments/runs/iclr26_main/E1_global_rational_optimizers_100m/fineweb/E1_global_rational_optimizers_100m_fineweb_m0_100m_seed3407_rlb_muon/rlb_fused_global_rational.jsonl
E1_m0_100m_all_datasets,E1_global_rational_optimizers_100m,fineweb,58,E1_global_rational_optimizers_100m_fineweb_m0_100m_seed3407_rlb_lion,3407,rlb_lion,RLB+Lion,rlb_fused_global_rational,lion,3050,3050,100000000,1461.396255485015,24.356604258083582,0.40594340430139303,0.45194833061492684,72503.86334078373,False,982084,0,damle-compute-01,982084:0:1782464921,,,experiments/runs/iclr26_main/E1_global_rational_optimizers_100m/fineweb/E1_global_rational_optimizers_100m_fineweb_m0_100m_seed3407_rlb_lion/rlb_fused_global_rational.jsonl
E1_m0_100m_all_datasets,E1_global_rational_optimizers_100m,fineweb,59,E1_global_rational_optimizers_100m_fineweb_m0_100m_seed3407_rlb_soap,3407,rlb_soap,RLB+SOAP,rlb_fused_global_rational,soap_adamw,3050,3050,100000000,1510.4812554770615,25.174687591284357,0.41957812652140597,0.46759098677915845,70078.3396739771,False,982085,0,badfellow,982085:0:1782464463,,,experiments/runs/iclr26_main/E1_global_rational_optimizers_100m/fineweb/E1_global_rational_optimizers_100m_fineweb_m0_100m_seed3407_rlb_soap/rlb_fused_global_rational.jsonl
E1_m0_100m_all_datasets,E1_global_rational_optimizers_100m,fineweb,60,E1_global_rational_optimizers_100m_fineweb_m0_100m_seed3407_rlb_ademamix,3407,rlb_ademamix,RLB+ADeMaMix,rlb_fused_global_rational,ademamix,3050,467,100000000,226.94678519899026,3.782446419983171,0.06304077366638618,0.4571719039387767,71675.44575177613,True,982087,0,damle-compute-01,982087:0:1782466443,,,experiments/runs/iclr26_main/E1_global_rational_optimizers_100m/fineweb/E1_global_rational_optimizers_100m_fineweb_m0_100m_seed3407_rlb_ademamix/rlb_fused_global_rational.jsonl
E1_m0_100m_all_datasets,E1_global_rational_optimizers_100m,fineweb,61,E1_global_rational_optimizers_100m_fineweb_m0_100m_seed3407_rlb_came,3407,rlb_came,RLB+CAME,rlb_fused_global_rational,adafactor_came,3050,3050,100000000,1576.783694094047,26.279728234900784,0.4379954705816797,0.48906649360219123,67001.1142220134,False,982088,0,badfellow,982088:0:1782466025,,,experiments/runs/iclr26_main/E1_global_rational_optimizers_100m/fineweb/E1_global_rational_optimizers_100m_fineweb_m0_100m_seed3407_rlb_came/rlb_fused_global_rational.jsonl
E1_m0_100m_all_datasets,E1_global_rational_optimizers_100m,fineweb,62,E1_global_rational_optimizers_100m_fineweb_m0_100m_seed3407_rlb_schedulefree,3407,rlb_schedulefree,RLB+ScheduleFree,rlb_fused_global_rational,schedule_free_adamw,3050,3050,100000000,1462.391339390073,24.37318898983455,0.4062198164972425,0.45200445131388794,72494.86128897597,False,982089,0,damle-compute-01,982089:0:1782466716,,,experiments/runs/iclr26_main/E1_global_rational_optimizers_100m/fineweb/E1_global_rational_optimizers_100m_fineweb_m0_100m_seed3407_rlb_schedulefree/rlb_fused_global_rational.jsonl
E1_m0_100m_all_datasets,E1_m0_100m,fineweb,105,E1_m0_100m_fineweb_m0_100m_seed1337_silu_adamw,1337,silu_adamw,SiLU+AdamW,silu,adamw,3050,3050,100000000,1090.211067337019,18.170184455616983,0.30283640759361635,0.34036896684062123,96271.99654586522,False,,,,,,,experiments/runs/iclr26_main/E1_m0_100m/fineweb/E1_m0_100m_fineweb_m0_100m_seed1337_silu_adamw/silu.jsonl
E1_m0_100m_all_datasets,E1_m0_100m,fineweb,107,E1_m0_100m_fineweb_m0_100m_seed1337_silu_muon,1337,silu_muon,SiLU+Muon,silu,muon,3050,3050,100000000,1207.5971767159645,20.126619611932743,0.335443660198879,0.37707741813746026,86899.92670962522,False,,,,,,,experiments/runs/iclr26_main/E1_m0_100m/fineweb/E1_m0_100m_fineweb_m0_100m_seed1337_silu_muon/silu.jsonl
E1_m0_100m_all_datasets,E1_m0_100m,fineweb,109,E1_m0_100m_fineweb_m0_100m_seed1337_silu_lion,1337,silu_lion,SiLU+Lion,silu,lion,3050,3050,100000000,1083.9727395409718,18.066212325682862,0.3011035387613811,0.3382477552188432,96875.73529881789,False,,,,,,,experiments/runs/iclr26_main/E1_m0_100m/fineweb/E1_m0_100m_fineweb_m0_100m_seed1337_silu_lion/silu.jsonl
E1_m0_100m_all_datasets,E1_m0_100m,fineweb,111,E1_m0_100m_fineweb_m0_100m_seed1337_silu_soap,1337,silu_soap,SiLU+SOAP,silu,soap_adamw,3050,3050,100000000,1328.2582556480193,22.137637594133654,0.3689606265688942,0.4161640442362436,78738.18138262471,False,,,,,,,experiments/runs/iclr26_main/E1_m0_100m/fineweb/E1_m0_100m_fineweb_m0_100m_seed1337_silu_soap/silu.jsonl
E1_m0_100m_all_datasets,E1_m0_100m,fineweb,113,E1_m0_100m_fineweb_m0_100m_seed1337_silu_ademamix,1337,silu_ademamix,SiLU+ADeMaMix,silu,ademamix,3050,3050,100000000,1118.2353431059746,18.63725571843291,0.3106209286405485,0.34887983321389243,93923.45696264559,False,,,,,,,experiments/runs/iclr26_main/E1_m0_100m/fineweb/E1_m0_100m_fineweb_m0_100m_seed1337_silu_ademamix/silu.jsonl
E1_m0_100m_all_datasets,E1_m0_100m,fineweb,115,E1_m0_100m_fineweb_m0_100m_seed1337_silu_came,1337,silu_came,SiLU+CAME,silu,adafactor_came,3050,3050,100000000,1195.1965519879595,19.91994253313266,0.33199904221887766,0.37448958147740397,87500.43157603081,False,,,,,,,experiments/runs/iclr26_main/E1_m0_100m/fineweb/E1_m0_100m_fineweb_m0_100m_seed1337_silu_came/silu.jsonl
E1_m0_100m_all_datasets,E1_m0_100m,fineweb,117,E1_m0_100m_fineweb_m0_100m_seed1337_silu_schedulefree,1337,silu_schedulefree,SiLU+ScheduleFree,silu,schedule_free_adamw,3050,3050,100000000,1105.2456574239768,18.420760957066282,0.3070126826177713,0.34504509153988056,94967.29790811312,False,,,,,,,experiments/runs/iclr26_main/E1_m0_100m/fineweb/E1_m0_100m_fineweb_m0_100m_seed1337_silu_schedulefree/silu.jsonl
E1_m0_100m_all_datasets,E1_m0_100m,fineweb,120,E1_m0_100m_fineweb_m0_100m_seed2027_silu_adamw,2027,silu_adamw,SiLU+AdamW,silu,adamw,3050,3050,100000000,1653.444160652347,27.557402677539116,0.4592900446256519,0.5247370090002228,62446.51975745452,False,,,,,,,experiments/runs/iclr26_main/E1_m0_100m/fineweb/E1_m0_100m_fineweb_m0_100m_seed2027_silu_adamw/silu.jsonl
E1_m0_100m_all_datasets,E1_m0_100m,fineweb,122,E1_m0_100m_fineweb_m0_100m_seed2027_silu_muon,2027,silu_muon,SiLU+Muon,silu,muon,3050,3050,100000000,1768.8348037758842,29.480580062931402,0.4913430010488567,0.5625478053529714,58249.271774226676,False,,,,,,,experiments/runs/iclr26_main/E1_m0_100m/fineweb/E1_m0_100m_fineweb_m0_100m_seed2027_silu_muon/silu.jsonl
E1_m0_100m_all_datasets,E1_m0_100m,fineweb,124,E1_m0_100m_fineweb_m0_100m_seed2027_silu_lion,2027,silu_lion,SiLU+Lion,silu,lion,3050,3050,100000000,1646.811478213407,27.44685797022345,0.4574476328370575,0.5226354215505161,62697.625627414076,False,,,,,,,experiments/runs/iclr26_main/E1_m0_100m/fineweb/E1_m0_100m_fineweb_m0_100m_seed2027_silu_lion/silu.jsonl
E1_m0_100m_all_datasets,E1_m0_100m,fineweb,126,E1_m0_100m_fineweb_m0_100m_seed2027_silu_soap,2027,silu_soap,SiLU+SOAP,silu,soap_adamw,3050,3050,100000000,1891.6844642367214,31.528074403945357,0.5254679067324226,0.602406383926058,54395.17387986726,False,,,,,,,experiments/runs/iclr26_main/E1_m0_100m/fineweb/E1_m0_100m_fineweb_m0_100m_seed2027_silu_soap/silu.jsonl
E1_m0_100m_all_datasets,E1_m0_100m,fineweb,128,E1_m0_100m_fineweb_m0_100m_seed2027_silu_ademamix,2027,silu_ademamix,SiLU+ADeMaMix,silu,ademamix,3050,3050,100000000,1680.0677784467116,28.001129640778526,0.46668549401297543,0.5330322064584724,61474.70941336619,False,,,,,,,experiments/runs/iclr26_main/E1_m0_100m/fineweb/E1_m0_100m_fineweb_m0_100m_seed2027_silu_ademamix/silu.jsonl
E1_m0_100m_all_datasets,E1_m0_100m,fineweb,130,E1_m0_100m_fineweb_m0_100m_seed2027_silu_came,2027,silu_came,SiLU+CAME,silu,adafactor_came,3050,3050,100000000,1760.7018426517025,29.345030710861707,0.4890838451810285,0.559885357238646,58526.267165856494,False,,,,,,,experiments/runs/iclr26_main/E1_m0_100m/fineweb/E1_m0_100m_fineweb_m0_100m_seed2027_silu_came/silu.jsonl
E1_m0_100m_all_datasets,E1_m0_100m,fineweb,132,E1_m0_100m_fineweb_m0_100m_seed2027_silu_schedulefree,2027,silu_schedulefree,SiLU+ScheduleFree,silu,schedule_free_adamw,3050,3050,100000000,1669.121107172221,27.818685119537015,0.4636447519922836,0.529872581013746,61841.28255383331,False,,,,,,,experiments/runs/iclr26_main/E1_m0_100m/fineweb/E1_m0_100m_fineweb_m0_100m_seed2027_silu_schedulefree/silu.jsonl
E1_m0_100m_all_datasets,E1_m0_100m,fineweb,135,E1_m0_100m_fineweb_m0_100m_seed3407_silu_adamw,3407,silu_adamw,SiLU+AdamW,silu,adamw,3050,3050,100000000,1631.2061750480207,27.18676958413368,0.45311282640222794,0.5169899424696869,63382.2775032443,False,,,,,,,experiments/runs/iclr26_main/E1_m0_100m/fineweb/E1_m0_100m_fineweb_m0_100m_seed3407_silu_adamw/silu.jsonl
E1_m0_100m_all_datasets,E1_m0_100m,fineweb,137,E1_m0_100m_fineweb_m0_100m_seed3407_silu_muon,3407,silu_muon,SiLU+Muon,silu,muon,3050,3050,100000000,1736.9450806929963,28.949084678216604,0.4824847446369434,0.5516286626254202,59402.27950455666,False,,,,,,,experiments/runs/iclr26_main/E1_m0_100m/fineweb/E1_m0_100m_fineweb_m0_100m_seed3407_silu_muon/silu.jsonl
E1_m0_100m_all_datasets,E1_m0_100m,fineweb,139,E1_m0_100m_fineweb_m0_100m_seed3407_silu_lion,3407,silu_lion,SiLU+Lion,silu,lion,3050,3050,100000000,1621.8868361819768,27.031447269699616,0.45052412116166024,0.5141039304038791,63738.08497098537,False,,,,,,,experiments/runs/iclr26_main/E1_m0_100m/fineweb/E1_m0_100m_fineweb_m0_100m_seed3407_silu_lion/silu.jsonl
E1_m0_100m_all_datasets,E1_m0_100m,fineweb,141,E1_m0_100m_fineweb_m0_100m_seed3407_silu_soap,3407,silu_soap,SiLU+SOAP,silu,soap_adamw,3050,3050,100000000,1865.2404000080423,31.087340000134038,0.5181223333355673,0.5931162953242004,55247.17539936893,False,,,,,,,experiments/runs/iclr26_main/E1_m0_100m/fineweb/E1_m0_100m_fineweb_m0_100m_seed3407_silu_soap/silu.jsonl
E1_m0_100m_all_datasets,E1_m0_100m,fineweb,143,E1_m0_100m_fineweb_m0_100m_seed3407_silu_ademamix,3407,silu_ademamix,SiLU+ADeMaMix,silu,ademamix,3050,3050,100000000,1659.9216193920001,27.6653603232,0.46108933872,0.5262080553163812,62271.94674984276,False,,,,,,,experiments/runs/iclr26_main/E1_m0_100m/fineweb/E1_m0_100m_fineweb_m0_100m_seed3407_silu_ademamix/silu.jsonl
E1_m0_100m_all_datasets,E1_m0_100m,fineweb,145,E1_m0_100m_fineweb_m0_100m_seed3407_silu_came,3407,silu_came,SiLU+CAME,silu,adafactor_came,3050,3050,100000000,1728.746271757991,28.812437862633185,0.4802072977105531,0.5488699315552988,59700.84735220846,False,,,,,,,experiments/runs/iclr26_main/E1_m0_100m/fineweb/E1_m0_100m_fineweb_m0_100m_seed3407_silu_came/silu.jsonl
E1_m0_100m_all_datasets,E1_m0_100m,fineweb,147,E1_m0_100m_fineweb_m0_100m_seed3407_silu_schedulefree,3407,silu_schedulefree,SiLU+ScheduleFree,silu,schedule_free_adamw,3050,3050,100000000,1638.0763403550372,27.30127233925062,0.45502120565417703,0.5195573433860142,63069.07296593524,False,,,,,,,experiments/runs/iclr26_main/E1_m0_100m/fineweb/E1_m0_100m_fineweb_m0_100m_seed3407_silu_schedulefree/silu.jsonl
E1_m0_100m_all_datasets,E1_rational_only_100m,fineweb_edu,3,E1_rational_only_100m_fineweb_edu_m0_100m_seed1337_rlb_rational_only_matrixpolicy,1337,rlb_matrixpolicy_original,RLB+MatrixPolicy,rlb_fused_global_rational,rational_matrix_policy_onpolicy,3050,3050,100000000,1660.662412583013,27.67770687638355,0.4612951146063925,0.5179102760784737,63269.6463335572,False,,,,,,,experiments/runs/iclr26_main/E1_rational_only_100m/fineweb_edu/E1_rational_only_100m_fineweb_edu_m0_100m_seed1337_rlb_rational_only_matrixpolicy/rlb_fused_global_rational.jsonl
E1_m0_100m_all_datasets,E1_rational_only_100m,fineweb_edu,4,E1_rational_only_100m_fineweb_edu_m0_100m_seed2027_rlb_rational_only_matrixpolicy,2027,rlb_matrixpolicy_original,RLB+MatrixPolicy,rlb_fused_global_rational,rational_matrix_policy_onpolicy,3050,3050,100000000,1347.8280033459887,22.463800055766477,0.37439666759610796,0.41628710311904016,78714.90554111585,False,,,,,,,experiments/runs/iclr26_main/E1_rational_only_100m/fineweb_edu/E1_rational_only_100m_fineweb_edu_m0_100m_seed2027_rlb_rational_only_matrixpolicy/rlb_fused_global_rational.jsonl
E1_m0_100m_all_datasets,E1_rational_only_100m,fineweb_edu,5,E1_rational_only_100m_fineweb_edu_m0_100m_seed3407_rlb_rational_only_matrixpolicy,3407,rlb_matrixpolicy_original,RLB+MatrixPolicy,rlb_fused_global_rational,rational_matrix_policy_onpolicy,3050,3050,100000000,1666.4669634610182,27.77444939101697,0.46290748985028285,0.5173899935381808,63333.26969838639,False,,,,,,,experiments/runs/iclr26_main/E1_rational_only_100m/fineweb_edu/E1_rational_only_100m_fineweb_edu_m0_100m_seed3407_rlb_rational_only_matrixpolicy/rlb_fused_global_rational.jsonl
E1_m0_100m_all_datasets,E1_global_rational_optimizers_100m,fineweb_edu,21,E1_global_rational_optimizers_100m_fineweb_edu_m0_100m_seed1337_rlb_adamw,1337,rlb_adamw,RLB+AdamW,rlb_fused_global_rational,adamw,3050,3050,100000000,1264.9768779561855,21.082947965936423,0.3513824660989404,0.388888528703273,84260.6494700758,False,982047,0,seo-compute-01,982047:0:1782438862,,,experiments/runs/iclr26_main/E1_global_rational_optimizers_100m/fineweb_edu/E1_global_rational_optimizers_100m_fineweb_edu_m0_100m_seed1337_rlb_adamw/rlb_fused_global_rational.jsonl
E1_m0_100m_all_datasets,E1_global_rational_optimizers_100m,fineweb_edu,22,E1_global_rational_optimizers_100m_fineweb_edu_m0_100m_seed1337_rlb_muon,1337,rlb_muon,RLB+Muon,rlb_fused_global_rational,muon,3050,3050,100000000,1477.7925655499566,24.629876092499277,0.410497934874988,0.4564464300011448,71789.36638833568,False,982048,0,lancer-compute-01,982048:0:1782439260,,,experiments/runs/iclr26_main/E1_global_rational_optimizers_100m/fineweb_edu/E1_global_rational_optimizers_100m_fineweb_edu_m0_100m_seed1337_rlb_muon/rlb_fused_global_rational.jsonl
E1_m0_100m_all_datasets,E1_global_rational_optimizers_100m,fineweb_edu,23,E1_global_rational_optimizers_100m_fineweb_edu_m0_100m_seed1337_rlb_lion,1337,rlb_lion,RLB+Lion,rlb_fused_global_rational,lion,3050,3050,100000000,1305.2990135848522,21.754983559747537,0.3625830593291256,0.40224745143923685,81462.29362735915,False,982049,0,seo-compute-01,982049:0:1782440183,,,experiments/runs/iclr26_main/E1_global_rational_optimizers_100m/fineweb_edu/E1_global_rational_optimizers_100m_fineweb_edu_m0_100m_seed1337_rlb_lion/rlb_fused_global_rational.jsonl
E1_m0_100m_all_datasets,E1_global_rational_optimizers_100m,fineweb_edu,24,E1_global_rational_optimizers_100m_fineweb_edu_m0_100m_seed1337_rlb_soap,1337,rlb_soap,RLB+SOAP,rlb_fused_global_rational,soap_adamw,3050,3050,100000000,1414.2138853399083,23.570231422331805,0.3928371903721968,0.43564149488558096,75217.81185836384,False,982050,0,lancer-compute-01,982050:0:1782440789,,,experiments/runs/iclr26_main/E1_global_rational_optimizers_100m/fineweb_edu/E1_global_rational_optimizers_100m_fineweb_edu_m0_100m_seed1337_rlb_soap/rlb_fused_global_rational.jsonl
E1_m0_100m_all_datasets,E1_global_rational_optimizers_100m,fineweb_edu,25,E1_global_rational_optimizers_100m_fineweb_edu_m0_100m_seed1337_rlb_ademamix,1337,rlb_ademamix,RLB+ADeMaMix,rlb_fused_global_rational,ademamix,3050,528,100000000,235.0029293447733,3.916715489079555,0.06527859148465925,0.41584222039108093,78799.1175335279,True,982051,0,seo-compute-01,982051:0:1782441557,,,experiments/runs/iclr26_main/E1_global_rational_optimizers_100m/fineweb_edu/E1_global_rational_optimizers_100m_fineweb_edu_m0_100m_seed1337_rlb_ademamix/rlb_fused_global_rational.jsonl
E1_m0_100m_all_datasets,E1_global_rational_optimizers_100m,fineweb_edu,26,E1_global_rational_optimizers_100m_fineweb_edu_m0_100m_seed1337_rlb_came,1337,rlb_came,RLB+CAME,rlb_fused_global_rational,adafactor_came,3050,3050,100000000,1501.9909567110008,25.033182611850012,0.4172197101975002,0.46431202520000825,70573.23140809195,False,982052,0,lancer-compute-01,982052:0:1782442260,,,experiments/runs/iclr26_main/E1_global_rational_optimizers_100m/fineweb_edu/E1_global_rational_optimizers_100m_fineweb_edu_m0_100m_seed1337_rlb_came/rlb_fused_global_rational.jsonl
E1_m0_100m_all_datasets,E1_global_rational_optimizers_100m,fineweb_edu,27,E1_global_rational_optimizers_100m_fineweb_edu_m0_100m_seed1337_rlb_schedulefree,1337,rlb_schedulefree,RLB+ScheduleFree,rlb_fused_global_rational,schedule_free_adamw,3050,3050,100000000,1329.5471471888013,22.159119119813354,0.36931865199688924,0.4102448287088124,79874.25485199325,False,982053,0,seo-compute-01,982053:0:1782441834,,,experiments/runs/iclr26_main/E1_global_rational_optimizers_100m/fineweb_edu/E1_global_rational_optimizers_100m_fineweb_edu_m0_100m_seed1337_rlb_schedulefree/rlb_fused_global_rational.jsonl
E1_m0_100m_all_datasets,E1_global_rational_optimizers_100m,fineweb_edu,28,E1_global_rational_optimizers_100m_fineweb_edu_m0_100m_seed2027_rlb_adamw,2027,rlb_adamw,RLB+AdamW,rlb_fused_global_rational,adamw,3050,3050,100000000,1375.0384657930117,22.91730776321686,0.3819551293869477,0.4230037466539544,77465.03490619537,False,982054,0,lancer-compute-01,982054:0:1782443816,,,experiments/runs/iclr26_main/E1_global_rational_optimizers_100m/fineweb_edu/E1_global_rational_optimizers_100m_fineweb_edu_m0_100m_seed2027_rlb_adamw/rlb_fused_global_rational.jsonl
E1_m0_100m_all_datasets,E1_global_rational_optimizers_100m,fineweb_edu,29,E1_global_rational_optimizers_100m_fineweb_edu_m0_100m_seed2027_rlb_muon,2027,rlb_muon,RLB+Muon,rlb_fused_global_rational,muon,3050,3050,100000000,1574.6200883770362,26.24366813961727,0.43739446899362117,0.4857083857908221,67464.34889454853,False,982055,0,badfellow,982055:0:1782443249,,,experiments/runs/iclr26_main/E1_global_rational_optimizers_100m/fineweb_edu/E1_global_rational_optimizers_100m_fineweb_edu_m0_100m_seed2027_rlb_muon/rlb_fused_global_rational.jsonl
E1_m0_100m_all_datasets,E1_global_rational_optimizers_100m,fineweb_edu,30,E1_global_rational_optimizers_100m_fineweb_edu_m0_100m_seed2027_rlb_lion,2027,rlb_lion,RLB+Lion,rlb_fused_global_rational,lion,3050,3050,100000000,1425.6974986389978,23.76162497731663,0.39602708295527717,0.44016645611240873,74444.5641983036,False,982056,0,ellis-compute-02,982056:0:1782445259,,,experiments/runs/iclr26_main/E1_global_rational_optimizers_100m/fineweb_edu/E1_global_rational_optimizers_100m_fineweb_edu_m0_100m_seed2027_rlb_lion/rlb_fused_global_rational.jsonl
E1_m0_100m_all_datasets,E1_global_rational_optimizers_100m,fineweb_edu,31,E1_global_rational_optimizers_100m_fineweb_edu_m0_100m_seed2027_rlb_soap,2027,rlb_soap,RLB+SOAP,rlb_fused_global_rational,soap_adamw,3050,3050,100000000,1541.6205626189476,25.693676043649127,0.42822793406081877,0.4778381539575988,68575.52024384323,False,982057,0,badfellow,982057:0:1782444882,,,experiments/runs/iclr26_main/E1_global_rational_optimizers_100m/fineweb_edu/E1_global_rational_optimizers_100m_fineweb_edu_m0_100m_seed2027_rlb_soap/rlb_fused_global_rational.jsonl
E1_m0_100m_all_datasets,E1_global_rational_optimizers_100m,fineweb_edu,32,E1_global_rational_optimizers_100m_fineweb_edu_m0_100m_seed2027_rlb_ademamix,2027,rlb_ademamix,RLB+ADeMaMix,rlb_fused_global_rational,ademamix,3050,627,100000000,307.01505924994126,5.116917654165688,0.08528196090276147,0.458599423147982,71452.33584261691,True,982058,0,ellis-compute-02,982058:0:1782446748,,,experiments/runs/iclr26_main/E1_global_rational_optimizers_100m/fineweb_edu/E1_global_rational_optimizers_100m_fineweb_edu_m0_100m_seed2027_rlb_ademamix/rlb_fused_global_rational.jsonl
E1_m0_100m_all_datasets,E1_global_rational_optimizers_100m,fineweb_edu,33,E1_global_rational_optimizers_100m_fineweb_edu_m0_100m_seed2027_rlb_came,2027,rlb_came,RLB+CAME,rlb_fused_global_rational,adafactor_came,3050,3050,100000000,1578.1298681319458,26.302164468865765,0.4383694078144294,0.4899982331982433,66873.71051548819,False,982059,0,badfellow,982059:0:1782446473,,,experiments/runs/iclr26_main/E1_global_rational_optimizers_100m/fineweb_edu/E1_global_rational_optimizers_100m_fineweb_edu_m0_100m_seed2027_rlb_came/rlb_fused_global_rational.jsonl
E1_m0_100m_all_datasets,E1_global_rational_optimizers_100m,fineweb_edu,34,E1_global_rational_optimizers_100m_fineweb_edu_m0_100m_seed2027_rlb_schedulefree,2027,rlb_schedulefree,RLB+ScheduleFree,rlb_fused_global_rational,schedule_free_adamw,3050,3050,100000000,1474.2607941268943,24.571013235448238,0.40951688725747065,0.4560382760698373,71853.61781996986,False,982060,0,ellis-compute-02,982060:0:1782447115,,,experiments/runs/iclr26_main/E1_global_rational_optimizers_100m/fineweb_edu/E1_global_rational_optimizers_100m_fineweb_edu_m0_100m_seed2027_rlb_schedulefree/rlb_fused_global_rational.jsonl
E1_m0_100m_all_datasets,E1_global_rational_optimizers_100m,fineweb_edu,35,E1_global_rational_optimizers_100m_fineweb_edu_m0_100m_seed3407_rlb_adamw,3407,rlb_adamw,RLB+AdamW,rlb_fused_global_rational,adamw,3050,3050,100000000,1474.6973412160296,24.57828902026716,0.409638150337786,0.45674783924096746,71741.99237473024,False,982061,0,badfellow,982061:0:1782448117,,,experiments/runs/iclr26_main/E1_global_rational_optimizers_100m/fineweb_edu/E1_global_rational_optimizers_100m_fineweb_edu_m0_100m_seed3407_rlb_adamw/rlb_fused_global_rational.jsonl
E1_m0_100m_all_datasets,E1_global_rational_optimizers_100m,fineweb_edu,36,E1_global_rational_optimizers_100m_fineweb_edu_m0_100m_seed3407_rlb_muon,3407,rlb_muon,RLB+Muon,rlb_fused_global_rational,muon,3050,3050,100000000,1547.481385861989,25.79135643103315,0.4298559405172192,0.47983934516717996,68289.52300396159,False,982062,0,ellis-compute-02,982062:0:1782448639,,,experiments/runs/iclr26_main/E1_global_rational_optimizers_100m/fineweb_edu/E1_global_rational_optimizers_100m_fineweb_edu_m0_100m_seed3407_rlb_muon/rlb_fused_global_rational.jsonl
E1_m0_100m_all_datasets,E1_global_rational_optimizers_100m,fineweb_edu,37,E1_global_rational_optimizers_100m_fineweb_edu_m0_100m_seed3407_rlb_lion,3407,rlb_lion,RLB+Lion,rlb_fused_global_rational,lion,3050,3050,100000000,1453.132007076987,24.218866784616452,0.4036477797436075,0.4496028884584681,72882.0940460371,False,982063,0,badfellow,982063:0:1782449633,,,experiments/runs/iclr26_main/E1_global_rational_optimizers_100m/fineweb_edu/E1_global_rational_optimizers_100m_fineweb_edu_m0_100m_seed3407_rlb_lion/rlb_fused_global_rational.jsonl
E1_m0_100m_all_datasets,E1_global_rational_optimizers_100m,fineweb_edu,38,E1_global_rational_optimizers_100m_fineweb_edu_m0_100m_seed3407_rlb_soap,3407,rlb_soap,RLB+SOAP,rlb_fused_global_rational,soap_adamw,3050,3050,100000000,1485.0620537570212,24.751034229283686,0.4125172371547281,0.45860951429665736,71450.76362023228,False,982064,0,ellis-compute-02,982064:0:1782450251,,,experiments/runs/iclr26_main/E1_global_rational_optimizers_100m/fineweb_edu/E1_global_rational_optimizers_100m_fineweb_edu_m0_100m_seed3407_rlb_soap/rlb_fused_global_rational.jsonl
E1_m0_100m_all_datasets,E1_global_rational_optimizers_100m,fineweb_edu,39,E1_global_rational_optimizers_100m_fineweb_edu_m0_100m_seed3407_rlb_ademamix,3407,rlb_ademamix,RLB+ADeMaMix,rlb_fused_global_rational,ademamix,3050,608,100000000,299.19146063097287,4.986524343849548,0.08310873906415914,0.4625371882113185,70844.03337754833,True,982065,0,badfellow,982065:0:1782451160,,,experiments/runs/iclr26_main/E1_global_rational_optimizers_100m/fineweb_edu/E1_global_rational_optimizers_100m_fineweb_edu_m0_100m_seed3407_rlb_ademamix/rlb_fused_global_rational.jsonl
E1_m0_100m_all_datasets,E1_global_rational_optimizers_100m,fineweb_edu,40,E1_global_rational_optimizers_100m_fineweb_edu_m0_100m_seed3407_rlb_came,3407,rlb_came,RLB+CAME,rlb_fused_global_rational,adafactor_came,3050,3050,100000000,1635.6323388159508,27.260538980265846,0.4543423163377641,0.5027148629157163,65182.07918092485,False,982066,0,ellis-compute-02,982066:0:1782451797,,,experiments/runs/iclr26_main/E1_global_rational_optimizers_100m/fineweb_edu/E1_global_rational_optimizers_100m_fineweb_edu_m0_100m_seed3407_rlb_came/rlb_fused_global_rational.jsonl
E1_m0_100m_all_datasets,E1_global_rational_optimizers_100m,fineweb_edu,41,E1_global_rational_optimizers_100m_fineweb_edu_m0_100m_seed3407_rlb_schedulefree,3407,rlb_schedulefree,RLB+ScheduleFree,rlb_fused_global_rational,schedule_free_adamw,3050,3050,100000000,1490.4905043049948,24.841508405083246,0.4140251400847208,0.46074441999429455,71119.68930715595,False,982067,0,badfellow,982067:0:1782451519,,,experiments/runs/iclr26_main/E1_global_rational_optimizers_100m/fineweb_edu/E1_global_rational_optimizers_100m_fineweb_edu_m0_100m_seed3407_rlb_schedulefree/rlb_fused_global_rational.jsonl
E1_m0_100m_all_datasets,E1_m0_100m,fineweb_edu,60,E1_m0_100m_fineweb_edu_m0_100m_seed1337_silu_adamw,1337,silu_adamw,SiLU+AdamW,silu,adamw,3050,3050,100000000,1946.6452699740184,32.44408783290031,0.5407347972150052,0.6210331282391265,52763.69087251462,False,,,,,,,experiments/runs/iclr26_main/E1_m0_100m/fineweb_edu/E1_m0_100m_fineweb_edu_m0_100m_seed1337_silu_adamw/silu.jsonl
E1_m0_100m_all_datasets,E1_m0_100m,fineweb_edu,62,E1_m0_100m_fineweb_edu_m0_100m_seed1337_silu_muon,1337,silu_muon,SiLU+Muon,silu,muon,3050,3050,100000000,2055.9367445280077,34.26561240880013,0.5710935401466688,0.656699159014905,49898.038622669024,False,,,,,,,experiments/runs/iclr26_main/E1_m0_100m/fineweb_edu/E1_m0_100m_fineweb_edu_m0_100m_seed1337_silu_muon/silu.jsonl
E1_m0_100m_all_datasets,E1_m0_100m,fineweb_edu,64,E1_m0_100m_fineweb_edu_m0_100m_seed1337_silu_lion,1337,silu_lion,SiLU+Lion,silu,lion,3050,3050,100000000,1939.446575487993,32.32410959146655,0.5387351598577759,0.6186703987983044,52965.1977266862,False,,,,,,,experiments/runs/iclr26_main/E1_m0_100m/fineweb_edu/E1_m0_100m_fineweb_edu_m0_100m_seed1337_silu_lion/silu.jsonl
E1_m0_100m_all_datasets,E1_m0_100m,fineweb_edu,66,E1_m0_100m_fineweb_edu_m0_100m_seed1337_silu_soap,1337,silu_soap,SiLU+SOAP,silu,soap_adamw,3050,3050,100000000,2172.9467166620016,36.21577861103336,0.6035963101838894,0.6945944761881094,47175.72788633263,False,,,,,,,experiments/runs/iclr26_main/E1_m0_100m/fineweb_edu/E1_m0_100m_fineweb_edu_m0_100m_seed1337_silu_soap/silu.jsonl
E1_m0_100m_all_datasets,E1_m0_100m,fineweb_edu,68,E1_m0_100m_fineweb_edu_m0_100m_seed1337_silu_ademamix,1337,silu_ademamix,SiLU+ADeMaMix,silu,ademamix,3050,3050,100000000,1956.888054309995,32.61480090516658,0.5435800150861096,0.62397721322836,52514.738207287286,False,,,,,,,experiments/runs/iclr26_main/E1_m0_100m/fineweb_edu/E1_m0_100m_fineweb_edu_m0_100m_seed1337_silu_ademamix/silu.jsonl
E1_m0_100m_all_datasets,E1_m0_100m,fineweb_edu,70,E1_m0_100m_fineweb_edu_m0_100m_seed1337_silu_came,1337,silu_came,SiLU+CAME,silu,adafactor_came,3050,3050,100000000,2039.8709044569987,33.997848407616644,0.5666308067936108,0.6515462612980317,50292.66829759489,False,,,,,,,experiments/runs/iclr26_main/E1_m0_100m/fineweb_edu/E1_m0_100m_fineweb_edu_m0_100m_seed1337_silu_came/silu.jsonl
E1_m0_100m_all_datasets,E1_m0_100m,fineweb_edu,72,E1_m0_100m_fineweb_edu_m0_100m_seed1337_silu_schedulefree,1337,silu_schedulefree,SiLU+ScheduleFree,silu,schedule_free_adamw,3050,3050,100000000,1951.3305310779833,32.52217551796639,0.5420362586327732,0.6225689779941073,52633.52521286429,False,,,,,,,experiments/runs/iclr26_main/E1_m0_100m/fineweb_edu/E1_m0_100m_fineweb_edu_m0_100m_seed1337_silu_schedulefree/silu.jsonl
E1_m0_100m_all_datasets,E1_m0_100m,fineweb_edu,75,E1_m0_100m_fineweb_edu_m0_100m_seed2027_silu_adamw,2027,silu_adamw,SiLU+AdamW,silu,adamw,3050,3050,100000000,2024.7113658459857,33.74518943076643,0.5624198238461071,0.6446748251143969,50828.72593044928,False,,,,,,,experiments/runs/iclr26_main/E1_m0_100m/fineweb_edu/E1_m0_100m_fineweb_edu_m0_100m_seed2027_silu_adamw/silu.jsonl
E1_m0_100m_all_datasets,E1_m0_100m,fineweb_edu,77,E1_m0_100m_fineweb_edu_m0_100m_seed2027_silu_muon,2027,silu_muon,SiLU+Muon,silu,muon,3050,3050,100000000,2107.0125057449914,35.116875095749855,0.5852812515958309,0.6716209972582372,48789.42161392961,False,,,,,,,experiments/runs/iclr26_main/E1_m0_100m/fineweb_edu/E1_m0_100m_fineweb_edu_m0_100m_seed2027_silu_muon/silu.jsonl
E1_m0_100m_all_datasets,E1_m0_100m,fineweb_edu,79,E1_m0_100m_fineweb_edu_m0_100m_seed2027_silu_lion,2027,silu_lion,SiLU+Lion,silu,lion,3050,3050,100000000,2405.884770515957,40.098079508599284,0.6683013251433214,0.7680514936086306,42663.80610242952,False,,,,,,,experiments/runs/iclr26_main/E1_m0_100m/fineweb_edu/E1_m0_100m_fineweb_edu_m0_100m_seed2027_silu_lion/silu.jsonl
E1_m0_100m_all_datasets,E1_fineweb_edu_seed2027_runtime_repair_100m,fineweb_edu,81,E1_runtime_repair_row81_fineweb_edu_m0_100m_seed2027_silu_soap,2027,silu_soap,SiLU+SOAP,silu,soap_adamw,3050,3050,100000000,1284.7144211754203,21.411907019590338,0.3568651169931723,0.4032754314405773,81254.63999367978,False,,,,,,,experiments/runs/iclr26_main/E1_fineweb_edu_seed2027_runtime_repair_100m/fineweb_edu/E1_runtime_repair_row81_fineweb_edu_m0_100m_seed2027_silu_soap/silu.jsonl
E1_m0_100m_all_datasets,E1_fineweb_edu_seed2027_runtime_repair_100m,fineweb_edu,83,E1_runtime_repair_row83_fineweb_edu_m0_100m_seed2027_silu_ademamix,2027,silu_ademamix,SiLU+ADeMaMix,silu,ademamix,3050,3050,100000000,1079.512025582604,17.991867093043403,0.2998644515507234,0.3363193788178791,97431.19803317744,False,,,,,,,experiments/runs/iclr26_main/E1_fineweb_edu_seed2027_runtime_repair_100m/fineweb_edu/E1_runtime_repair_row83_fineweb_edu_m0_100m_seed2027_silu_ademamix/silu.jsonl
E1_m0_100m_all_datasets,E1_fineweb_edu_seed2027_runtime_repair_100m,fineweb_edu,85,E1_runtime_repair_row85_fineweb_edu_m0_100m_seed2027_silu_came,2027,silu_came,SiLU+CAME,silu,adafactor_came,3050,3050,100000000,1159.9542364375666,19.332570607292777,0.32220951012154625,0.36298060735598914,90274.79522580432,False,,,,,,,experiments/runs/iclr26_main/E1_fineweb_edu_seed2027_runtime_repair_100m/fineweb_edu/E1_runtime_repair_row85_fineweb_edu_m0_100m_seed2027_silu_came/silu.jsonl
E1_m0_100m_all_datasets,E1_fineweb_edu_seed2027_runtime_repair_100m,fineweb_edu,87,E1_runtime_repair_row87_fineweb_edu_m0_100m_seed2027_silu_schedulefree,2027,silu_schedulefree,SiLU+ScheduleFree,silu,schedule_free_adamw,3050,3050,100000000,1068.5379717499018,17.808966195831697,0.2968161032638616,0.33308927976726654,98376.0270606589,False,,,,,,,experiments/runs/iclr26_main/E1_fineweb_edu_seed2027_runtime_repair_100m/fineweb_edu/E1_runtime_repair_row87_fineweb_edu_m0_100m_seed2027_silu_schedulefree/silu.jsonl
E1_m0_100m_all_datasets,E1_m0_100m,fineweb_edu,90,E1_m0_100m_fineweb_edu_m0_100m_seed3407_silu_adamw,3407,silu_adamw,SiLU+AdamW,silu,adamw,3050,3050,100000000,1943.274986881006,32.38791644801677,0.5397986074669461,0.6199028732209414,52859.89372777284,False,,,,,,,experiments/runs/iclr26_main/E1_m0_100m/fineweb_edu/E1_m0_100m_fineweb_edu_m0_100m_seed3407_silu_adamw/silu.jsonl
E1_m0_100m_all_datasets,E1_m0_100m,fineweb_edu,92,E1_m0_100m_fineweb_edu_m0_100m_seed3407_silu_muon,3407,silu_muon,SiLU+Muon,silu,muon,3050,3050,100000000,2057.9525761529803,34.29920960254967,0.5716534933758278,0.657355063938408,49848.25066027064,False,,,,,,,experiments/runs/iclr26_main/E1_m0_100m/fineweb_edu/E1_m0_100m_fineweb_edu_m0_100m_seed3407_silu_muon/silu.jsonl
E1_m0_100m_all_datasets,E1_m0_100m,fineweb_edu,94,E1_m0_100m_fineweb_edu_m0_100m_seed3407_silu_lion,3407,silu_lion,SiLU+Lion,silu,lion,3050,3050,100000000,1940.7690314929932,32.34615052488322,0.5391025087480537,0.6178630927338667,53034.402581016795,False,,,,,,,experiments/runs/iclr26_main/E1_m0_100m/fineweb_edu/E1_m0_100m_fineweb_edu_m0_100m_seed3407_silu_lion/silu.jsonl
E1_m0_100m_all_datasets,E1_m0_100m,fineweb_edu,96,E1_m0_100m_fineweb_edu_m0_100m_seed3407_silu_soap,3407,silu_soap,SiLU+SOAP,silu,soap_adamw,3050,3050,100000000,2179.4813307930017,36.324688846550025,0.6054114807758338,0.6961716494926332,47068.85151654936,False,,,,,,,experiments/runs/iclr26_main/E1_m0_100m/fineweb_edu/E1_m0_100m_fineweb_edu_m0_100m_seed3407_silu_soap/silu.jsonl
E1_m0_100m_all_datasets,E1_m0_100m,fineweb_edu,98,E1_m0_100m_fineweb_edu_m0_100m_seed3407_silu_ademamix,3407,silu_ademamix,SiLU+ADeMaMix,silu,ademamix,3050,3050,100000000,1969.2158656319953,32.82026442719992,0.5470044071199986,0.6277483634748198,52199.25993692278,False,,,,,,,experiments/runs/iclr26_main/E1_m0_100m/fineweb_edu/E1_m0_100m_fineweb_edu_m0_100m_seed3407_silu_ademamix/silu.jsonl
E1_m0_100m_all_datasets,E1_m0_100m,fineweb_edu,100,E1_m0_100m_fineweb_edu_m0_100m_seed3407_silu_came,3407,silu_came,SiLU+CAME,silu,adafactor_came,3050,3050,100000000,2054.4619509769836,34.24103251628306,0.5706838752713843,0.6563372157435721,49925.5553608624,False,,,,,,,experiments/runs/iclr26_main/E1_m0_100m/fineweb_edu/E1_m0_100m_fineweb_edu_m0_100m_seed3407_silu_came/silu.jsonl
E1_m0_100m_all_datasets,E1_m0_100m,fineweb_edu,102,E1_m0_100m_fineweb_edu_m0_100m_seed3407_silu_schedulefree,3407,silu_schedulefree,SiLU+ScheduleFree,silu,schedule_free_adamw,3050,3050,100000000,1959.3688148959773,32.656146914932954,0.5442691152488826,0.625122254221239,52418.54657825535,False,,,,,,,experiments/runs/iclr26_main/E1_m0_100m/fineweb_edu/E1_m0_100m_fineweb_edu_m0_100m_seed3407_silu_schedulefree/silu.jsonl
E2_m0_300m_c4_en,E2_rational_only_300m,c4_en,27,E2_rational_only_300m_c4_en_m0_300m_seed1337_rlb_rational_only_matrixpolicy,1337,rlb_matrixpolicy_original,RLB+MatrixPolicy,rlb_fused_global_rational,rational_matrix_policy_onpolicy,9150,9150,300000000,3756.6769832549617,62.61128305424936,1.0435213842374893,0.3876107125336324,84538.42719106162,False,,,,,,,experiments/runs/iclr26_main/E2_rational_only_300m/c4_en/E2_rational_only_300m_c4_en_m0_300m_seed1337_rlb_rational_only_matrixpolicy/rlb_fused_global_rational.jsonl
E2_m0_300m_c4_en,E2_rational_only_300m,c4_en,28,E2_rational_only_300m_c4_en_m0_300m_seed2027_rlb_rational_only_matrixpolicy,2027,rlb_matrixpolicy_original,RLB+MatrixPolicy,rlb_fused_global_rational,rational_matrix_policy_onpolicy,9150,9150,300000000,4054.2923167649424,67.57153861274904,1.126192310212484,0.4184831761083163,78301.83355212978,False,986795,0,lancer-compute-01,986795:0:1782423433,,,experiments/runs/iclr26_main/E2_rational_only_300m/c4_en/E2_rational_only_300m_c4_en_m0_300m_seed2027_rlb_rational_only_matrixpolicy/rlb_fused_global_rational.jsonl
E2_m0_300m_c4_en,E2_rational_only_300m,c4_en,29,E2_rational_only_300m_c4_en_m0_300m_seed3407_rlb_rational_only_matrixpolicy,3407,rlb_matrixpolicy_original,RLB+MatrixPolicy,rlb_fused_global_rational,rational_matrix_policy_onpolicy,9150,9150,300000000,3749.3230763529427,62.48871793921571,1.0414786323202618,0.38682206083665016,84710.78389150482,False,,,,,,,experiments/runs/iclr26_main/E2_rational_only_300m/c4_en/E2_rational_only_300m_c4_en_m0_300m_seed3407_rlb_rational_only_matrixpolicy/rlb_fused_global_rational.jsonl
E2_m0_300m_c4_en,E2_global_rational_optimizers_300m,c4_en,189,E2_global_rational_optimizers_300m_c4_en_m0_300m_seed1337_rlb_adamw,1337,rlb_adamw,RLB+AdamW,rlb_fused_global_rational,adamw,9150,9150,300000000,4303.264091010089,71.72106818350149,1.1953511363916913,0.44500374619888744,73635.33516267267,False,982217,0,damle-compute-01,982217:0:1782662881,,,experiments/runs/iclr26_main/E2_global_rational_optimizers_300m/c4_en/E2_global_rational_optimizers_300m_c4_en_m0_300m_seed1337_rlb_adamw/rlb_fused_global_rational.jsonl
E2_m0_300m_c4_en,E2_global_rational_optimizers_300m,c4_en,190,E2_global_rational_optimizers_300m_c4_en_m0_300m_seed1337_rlb_muon,1337,rlb_muon,RLB+Muon,rlb_fused_global_rational,muon,9150,9150,300000000,4011.851404847577,66.86419008079295,1.1144031680132158,0.41412591293175127,79125.69336225098,False,982218,0,barcheck-compute-01,982218:0:1782646463,,,experiments/runs/iclr26_main/E2_global_rational_optimizers_300m/c4_en/E2_global_rational_optimizers_300m_c4_en_m0_300m_seed1337_rlb_muon/rlb_fused_global_rational.jsonl
E2_m0_300m_c4_en,E2_global_rational_optimizers_300m,c4_en,191,E2_global_rational_optimizers_300m_c4_en_m0_300m_seed1337_rlb_lion,1337,rlb_lion,RLB+Lion,rlb_fused_global_rational,lion,9150,9150,300000000,4267.2984589280095,71.12164098213348,1.185360683035558,0.44092867007072223,74315.87516126863,False,982219,0,damle-compute-01,982219:0:1782667227,,,experiments/runs/iclr26_main/E2_global_rational_optimizers_300m/c4_en/E2_global_rational_optimizers_300m_c4_en_m0_300m_seed1337_rlb_lion/rlb_fused_global_rational.jsonl
E2_m0_300m_c4_en,E2_global_rational_optimizers_300m,c4_en,192,E2_global_rational_optimizers_300m_c4_en_m0_300m_seed1337_rlb_soap,1337,rlb_soap,RLB+SOAP,rlb_fused_global_rational,soap_adamw,9150,9150,300000000,3819.937725044787,63.66562875074645,1.0610938125124407,0.3934434636296911,83285.15537582099,False,982220,0,barcheck-compute-01,982220:0:1782650517,,,experiments/runs/iclr26_main/E2_global_rational_optimizers_300m/c4_en/E2_global_rational_optimizers_300m_c4_en_m0_300m_seed1337_rlb_soap/rlb_fused_global_rational.jsonl
E2_m0_300m_c4_en,E2_global_rational_optimizers_300m,c4_en,193,E2_global_rational_optimizers_300m_c4_en_m0_300m_seed1337_rlb_ademamix,1337,rlb_ademamix,RLB+ADeMaMix,rlb_fused_global_rational,ademamix,9150,481,300000000,233.10865819000173,3.8851443031666957,0.06475240505277825,0.45425387700513875,72135.87304094559,True,982221,0,damle-compute-01,982221:0:1782671578,,,experiments/runs/iclr26_main/E2_global_rational_optimizers_300m/c4_en/E2_global_rational_optimizers_300m_c4_en_m0_300m_seed1337_rlb_ademamix/rlb_fused_global_rational.jsonl
E2_m0_300m_c4_en,E2_global_rational_optimizers_300m,c4_en,194,E2_global_rational_optimizers_300m_c4_en_m0_300m_seed1337_rlb_came,1337,rlb_came,RLB+CAME,rlb_fused_global_rational,adafactor_came,9150,9150,300000000,4037.078903491609,67.28464839152682,1.121410806525447,0.4171450093516875,78553.01937071452,False,982222,0,barcheck-compute-01,982222:0:1782654384,,,experiments/runs/iclr26_main/E2_global_rational_optimizers_300m/c4_en/E2_global_rational_optimizers_300m_c4_en_m0_300m_seed1337_rlb_came/rlb_fused_global_rational.jsonl
E2_m0_300m_c4_en,E2_global_rational_optimizers_300m,c4_en,195,E2_global_rational_optimizers_300m_c4_en_m0_300m_seed1337_rlb_schedulefree,1337,rlb_schedulefree,RLB+ScheduleFree,rlb_fused_global_rational,schedule_free_adamw,9150,9150,300000000,3779.6380124790594,62.99396687465099,1.0498994479108499,0.38874228024664814,84292.34910905355,False,982223,0,barcheck-compute-01,982223:0:1782671867,,,experiments/runs/iclr26_main/E2_global_rational_optimizers_300m/c4_en/E2_global_rational_optimizers_300m_c4_en_m0_300m_seed1337_rlb_schedulefree/rlb_fused_global_rational.jsonl
E2_m0_300m_c4_en,E2_global_rational_optimizers_300m,c4_en,196,E2_global_rational_optimizers_300m_c4_en_m0_300m_seed2027_rlb_adamw,2027,rlb_adamw,RLB+AdamW,rlb_fused_global_rational,adamw,9150,9150,300000000,3722.7784249735996,62.04630708289333,1.0341051180482221,0.38264761643515804,85634.92517025187,False,982224,0,barcheck-compute-01,982224:0:1782658483,,,experiments/runs/iclr26_main/E2_global_rational_optimizers_300m/c4_en/E2_global_rational_optimizers_300m_c4_en_m0_300m_seed2027_rlb_adamw/rlb_fused_global_rational.jsonl
E2_m0_300m_c4_en,E2_global_rational_optimizers_300m,c4_en,197,E2_global_rational_optimizers_300m_c4_en_m0_300m_seed2027_rlb_muon,2027,rlb_muon,RLB+Muon,rlb_fused_global_rational,muon,9150,9150,300000000,4688.7597417089855,78.14599569514976,1.3024332615858294,0.4863954300547152,67369.05401498917,False,982225,0,ellis-compute-02,982225:0:1782675693,,,experiments/runs/iclr26_main/E2_global_rational_optimizers_300m/c4_en/E2_global_rational_optimizers_300m_c4_en_m0_300m_seed2027_rlb_muon/rlb_fused_global_rational.jsonl
E2_m0_300m_c4_en,E2_global_rational_optimizers_300m,c4_en,198,E2_global_rational_optimizers_300m_c4_en_m0_300m_seed2027_rlb_lion,2027,rlb_lion,RLB+Lion,rlb_fused_global_rational,lion,9150,9150,300000000,3701.8238861924037,61.69706476987339,1.0282844128312232,0.3805400533110775,86109.20115999818,False,982226,0,barcheck-compute-01,982226:0:1782662251,,,experiments/runs/iclr26_main/E2_global_rational_optimizers_300m/c4_en/E2_global_rational_optimizers_300m_c4_en_m0_300m_seed2027_rlb_lion/rlb_fused_global_rational.jsonl
E2_m0_300m_c4_en,E2_global_rational_optimizers_300m,c4_en,199,E2_global_rational_optimizers_300m_c4_en_m0_300m_seed2027_rlb_soap,2027,rlb_soap,RLB+SOAP,rlb_fused_global_rational,soap_adamw,9150,9150,300000000,5829.567502259975,97.15945837099959,1.6193243061833265,0.6109377155714644,53635.58209751247,False,982227,1,ellis-compute-02,982227:1:1782681056,,,experiments/runs/iclr26_main/E2_global_rational_optimizers_300m/c4_en/E2_global_rational_optimizers_300m_c4_en_m0_300m_seed2027_rlb_soap/rlb_fused_global_rational.jsonl
E2_m0_300m_c4_en,E2_global_rational_optimizers_300m,c4_en,200,E2_global_rational_optimizers_300m_c4_en_m0_300m_seed2027_rlb_ademamix,2027,rlb_ademamix,RLB+ADeMaMix,rlb_fused_global_rational,ademamix,9150,818,300000000,343.9094561673701,5.731824269456168,0.09553040449093614,0.3935749512578179,83257.3310249482,True,982228,0,barcheck-compute-01,982228:0:1782666010,,,experiments/runs/iclr26_main/E2_global_rational_optimizers_300m/c4_en/E2_global_rational_optimizers_300m_c4_en_m0_300m_seed2027_rlb_ademamix/rlb_fused_global_rational.jsonl
E2_m0_300m_c4_en,E2_global_rational_optimizers_300m,c4_en,201,E2_global_rational_optimizers_300m_c4_en_m0_300m_seed2027_rlb_came,2027,rlb_came,RLB+CAME,rlb_fused_global_rational,adafactor_came,9150,9150,300000000,5787.624508357025,96.46040847261708,1.607673474543618,0.605538848770819,54113.78653329285,False,982229,0,ellis-compute-02,982229:0:1782686952,,,experiments/runs/iclr26_main/E2_global_rational_optimizers_300m/c4_en/E2_global_rational_optimizers_300m_c4_en_m0_300m_seed2027_rlb_came/rlb_fused_global_rational.jsonl
E2_m0_300m_c4_en,E2_global_rational_optimizers_300m,c4_en,202,E2_global_rational_optimizers_300m_c4_en_m0_300m_seed2027_rlb_schedulefree,2027,rlb_schedulefree,RLB+ScheduleFree,rlb_fused_global_rational,schedule_free_adamw,9150,9150,300000000,3769.6912936950102,62.82818822825017,1.0471364704708361,0.38803349958693006,84446.31722488454,False,982230,0,barcheck-compute-01,982230:0:1782666411,,,experiments/runs/iclr26_main/E2_global_rational_optimizers_300m/c4_en/E2_global_rational_optimizers_300m_c4_en_m0_300m_seed2027_rlb_schedulefree/rlb_fused_global_rational.jsonl
E2_m0_300m_c4_en,E2_global_rational_optimizers_300m,c4_en,203,E2_global_rational_optimizers_300m_c4_en_m0_300m_seed3407_rlb_adamw,3407,rlb_adamw,RLB+AdamW,rlb_fused_global_rational,adamw,9150,9150,300000000,4293.035108412034,71.55058514020057,1.192509752336676,0.4435719921036449,73873.01403904564,False,982231,0,damle-compute-01,982231:0:1782692788,,,experiments/runs/iclr26_main/E2_global_rational_optimizers_300m/c4_en/E2_global_rational_optimizers_300m_c4_en_m0_300m_seed3407_rlb_adamw/rlb_fused_global_rational.jsonl
E2_m0_300m_c4_en,E2_global_rational_optimizers_300m,c4_en,204,E2_global_rational_optimizers_300m_c4_en_m0_300m_seed3407_rlb_muon,3407,rlb_muon,RLB+Muon,rlb_fused_global_rational,muon,9150,9150,300000000,4712.466583185014,78.54110971975024,1.3090184953291706,0.48866408549831186,67056.28871126278,False,982232,0,ellis-compute-02,982232:0:1782670267,,,experiments/runs/iclr26_main/E2_global_rational_optimizers_300m/c4_en/E2_global_rational_optimizers_300m_c4_en_m0_300m_seed3407_rlb_muon/rlb_fused_global_rational.jsonl
E2_m0_300m_c4_en,E2_global_rational_optimizers_300m,c4_en,205,E2_global_rational_optimizers_300m_c4_en_m0_300m_seed3407_rlb_lion,3407,rlb_lion,RLB+Lion,rlb_fused_global_rational,lion,9150,9150,300000000,4261.990143012023,71.03316905020037,1.183886150836673,0.44042606948428836,74400.6821357539,False,982233,0,damle-compute-01,982233:0:1782697130,,,experiments/runs/iclr26_main/E2_global_rational_optimizers_300m/c4_en/E2_global_rational_optimizers_300m_c4_en_m0_300m_seed3407_rlb_lion/rlb_fused_global_rational.jsonl
E2_m0_300m_c4_en,E2_global_rational_optimizers_300m,c4_en,206,E2_global_rational_optimizers_300m_c4_en_m0_300m_seed3407_rlb_soap,3407,rlb_soap,RLB+SOAP,rlb_fused_global_rational,soap_adamw,9150,9150,300000000,4397.473532663891,73.29122554439819,1.2215204257399697,0.45495738467697294,72024.32821980857,False,982234,0,damle-compute-01,982234:0:1782675030,,,experiments/runs/iclr26_main/E2_global_rational_optimizers_300m/c4_en/E2_global_rational_optimizers_300m_c4_en_m0_300m_seed3407_rlb_soap/rlb_fused_global_rational.jsonl
E2_m0_300m_c4_en,E2_global_rational_optimizers_300m,c4_en,207,E2_global_rational_optimizers_300m_c4_en_m0_300m_seed3407_rlb_ademamix,3407,rlb_ademamix,RLB+ADeMaMix,rlb_fused_global_rational,ademamix,9150,591,300000000,285.2117633119924,4.753529388533207,0.07922548980888677,0.45385081295095664,72199.93677424772,True,982235,0,damle-compute-01,982235:0:1782701446,,,experiments/runs/iclr26_main/E2_global_rational_optimizers_300m/c4_en/E2_global_rational_optimizers_300m_c4_en_m0_300m_seed3407_rlb_ademamix/rlb_fused_global_rational.jsonl
E2_m0_300m_c4_en,E2_global_rational_optimizers_300m,c4_en,208,E2_global_rational_optimizers_300m_c4_en_m0_300m_seed3407_rlb_came,3407,rlb_came,RLB+CAME,rlb_fused_global_rational,adafactor_came,9150,9150,300000000,4630.410679818015,77.17351133030024,1.2862251888383374,0.48050319376041856,68195.1762766811,False,982236,0,damle-compute-01,982236:0:1782679486,,,experiments/runs/iclr26_main/E2_global_rational_optimizers_300m/c4_en/E2_global_rational_optimizers_300m_c4_en_m0_300m_seed3407_rlb_came/rlb_fused_global_rational.jsonl
E2_m0_300m_c4_en,E2_global_rational_optimizers_300m,c4_en,209,E2_global_rational_optimizers_300m_c4_en_m0_300m_seed3407_rlb_schedulefree,3407,rlb_schedulefree,RLB+ScheduleFree,rlb_fused_global_rational,schedule_free_adamw,9150,9150,300000000,4336.8569410829805,72.28094901804967,1.2046824836341612,0.44824666138403596,73102.60805696435,False,982237,0,damle-compute-01,982237:0:1782701777,,,experiments/runs/iclr26_main/E2_global_rational_optimizers_300m/c4_en/E2_global_rational_optimizers_300m_c4_en_m0_300m_seed3407_rlb_schedulefree/rlb_fused_global_rational.jsonl
E2_m0_300m_c4_en,E2_m0_300m,c4_en,420,E2_m0_300m_c4_en_m0_300m_seed1337_silu_adamw,1337,silu_adamw,SiLU+AdamW,silu,adamw,9150,9150,300000000,3480.4734909789986,58.00789151631664,0.9667981919386107,0.36285685278724505,90305.58400177979,False,,,,,,,experiments/runs/iclr26_main/E2_m0_300m/c4_en/E2_m0_300m_c4_en_m0_300m_seed1337_silu_adamw/silu.jsonl
E2_m0_300m_c4_en,E2_m0_300m,c4_en,422,E2_m0_300m_c4_en_m0_300m_seed1337_silu_muon,1337,silu_muon,SiLU+Muon,silu,muon,9150,9150,300000000,3574.860908515053,59.58101514191755,0.9930169190319591,0.3733390863663265,87770.07604247335,False,,,,,,,experiments/runs/iclr26_main/E2_m0_300m/c4_en/E2_m0_300m_c4_en_m0_300m_seed1337_silu_muon/silu.jsonl
E2_m0_300m_c4_en,E2_m0_300m,c4_en,424,E2_m0_300m_c4_en_m0_300m_seed1337_silu_lion,1337,silu_lion,SiLU+Lion,silu,lion,9150,9150,300000000,3220.248333076015,53.670805551266916,0.8945134258544486,0.33498314750933805,97819.84629267523,False,,,,,,,experiments/runs/iclr26_main/E2_m0_300m/c4_en/E2_m0_300m_c4_en_m0_300m_seed1337_silu_lion/silu.jsonl
E2_m0_300m_c4_en,E2_m0_300m,c4_en,426,E2_m0_300m_c4_en_m0_300m_seed1337_silu_soap,1337,silu_soap,SiLU+SOAP,silu,soap_adamw,9150,9150,300000000,5638.865257622,93.98108762703333,1.5663514604505555,0.5987382542294141,54728.42225885993,False,,,,,,,experiments/runs/iclr26_main/E2_m0_300m/c4_en/E2_m0_300m_c4_en_m0_300m_seed1337_silu_soap/silu.jsonl
E2_m0_300m_c4_en,E2_m0_300m,c4_en,428,E2_m0_300m_c4_en_m0_300m_seed1337_silu_ademamix,1337,silu_ademamix,SiLU+ADeMaMix,silu,ademamix,9150,9150,300000000,5910.00542734,98.50009045566667,1.6416681742611112,0.526314165870088,62259.39206068842,False,,,,,,,experiments/runs/iclr26_main/E2_m0_300m/c4_en/E2_m0_300m_c4_en_m0_300m_seed1337_silu_ademamix/silu.jsonl
E2_m0_300m_c4_en,E2_m0_300m,c4_en,430,E2_m0_300m_c4_en_m0_300m_seed1337_silu_came,1337,silu_came,SiLU+CAME,silu,adafactor_came,9150,9150,300000000,5282.184174338001,88.03640290563335,1.4672733817605559,0.5594290887658826,58574.00099141643,False,,,,,,,experiments/runs/iclr26_main/E2_m0_300m/c4_en/E2_m0_300m_c4_en_m0_300m_seed1337_silu_came/silu.jsonl
E2_m0_300m_c4_en,E2_m0_300m,c4_en,432,E2_m0_300m_c4_en_m0_300m_seed1337_silu_schedulefree,1337,silu_schedulefree,SiLU+ScheduleFree,silu,schedule_free_adamw,9150,9150,300000000,5041.0092187109985,84.01682031184997,1.400280338530833,0.5335265396799512,61417.750688947315,False,,,,,,,experiments/runs/iclr26_main/E2_m0_300m/c4_en/E2_m0_300m_c4_en_m0_300m_seed1337_silu_schedulefree/silu.jsonl
E2_m0_300m_c4_en,E2_m0_300m,c4_en,435,E2_m0_300m_c4_en_m0_300m_seed2027_silu_adamw,2027,silu_adamw,SiLU+AdamW,silu,adamw,9150,9150,300000000,4861.526424514996,81.02544040858326,1.350424006809721,0.5147585090125103,63657.03417484184,False,,,,,,,experiments/runs/iclr26_main/E2_m0_300m/c4_en/E2_m0_300m_c4_en_m0_300m_seed2027_silu_adamw/silu.jsonl
E2_m0_300m_c4_en,E2_m0_300m,c4_en,437,E2_m0_300m_c4_en_m0_300m_seed2027_silu_muon,2027,silu_muon,SiLU+Muon,silu,muon,9150,9150,300000000,5196.876480855004,86.61460801425007,1.4435768002375011,0.5511848469819091,59450.110392957715,False,,,,,,,experiments/runs/iclr26_main/E2_m0_300m/c4_en/E2_m0_300m_c4_en_m0_300m_seed2027_silu_muon/silu.jsonl
E2_m0_300m_c4_en,E2_m0_300m,c4_en,439,E2_m0_300m_c4_en_m0_300m_seed2027_silu_lion,2027,silu_lion,SiLU+Lion,silu,lion,9150,9150,300000000,4853.372616706998,80.8895436117833,1.3481590601963884,0.5137644645027561,63780.199418257376,False,,,,,,,experiments/runs/iclr26_main/E2_m0_300m/c4_en/E2_m0_300m_c4_en_m0_300m_seed2027_silu_lion/silu.jsonl
E2_m0_300m_c4_en,E2_m0_300m,c4_en,441,E2_m0_300m_c4_en_m0_300m_seed2027_silu_soap,2027,silu_soap,SiLU+SOAP,silu,soap_adamw,9150,9150,300000000,4382.820808291,73.04701347151666,1.2174502245252776,0.4613556641786725,71025.46374570944,False,,,,,,,experiments/runs/iclr26_main/E2_m0_300m/c4_en/E2_m0_300m_c4_en_m0_300m_seed2027_silu_soap/silu.jsonl
E2_m0_300m_c4_en,E2_m0_300m,c4_en,443,E2_m0_300m_c4_en_m0_300m_seed2027_silu_ademamix,2027,silu_ademamix,SiLU+ADeMaMix,silu,ademamix,9150,9150,300000000,4655.217593896,77.58695989826667,1.2931159983044445,0.38736271419387885,84592.55059742094,False,,,,,,,experiments/runs/iclr26_main/E2_m0_300m/c4_en/E2_m0_300m_c4_en_m0_300m_seed2027_silu_ademamix/silu.jsonl
E2_m0_300m_c4_en,E2_m0_300m,c4_en,445,E2_m0_300m_c4_en_m0_300m_seed2027_silu_came,2027,silu_came,SiLU+CAME,silu,adafactor_came,9150,9150,300000000,4002.6753514249995,66.71125585708333,1.111854264284722,0.42059365872301446,77908.92544478338,False,,,,,,,experiments/runs/iclr26_main/E2_m0_300m/c4_en/E2_m0_300m_c4_en_m0_300m_seed2027_silu_came/silu.jsonl
E2_m0_300m_c4_en,E2_m0_300m,c4_en,447,E2_m0_300m_c4_en_m0_300m_seed2027_silu_schedulefree,2027,silu_schedulefree,SiLU+ScheduleFree,silu,schedule_free_adamw,9150,9150,300000000,3718.737810943001,61.978963515716686,1.0329827252619448,0.38938056622820877,84154.17419881011,False,,,,,,,experiments/runs/iclr26_main/E2_m0_300m/c4_en/E2_m0_300m_c4_en_m0_300m_seed2027_silu_schedulefree/silu.jsonl
E2_m0_300m_c4_en,E2_m0_300m,c4_en,450,E2_m0_300m_c4_en_m0_300m_seed3407_silu_adamw,3407,silu_adamw,SiLU+AdamW,silu,adamw,9150,9150,300000000,4816.7697137689975,80.27949522948329,1.3379915871580548,0.5091617748614509,64356.75578536227,False,,,,,,,experiments/runs/iclr26_main/E2_m0_300m/c4_en/E2_m0_300m_c4_en_m0_300m_seed3407_silu_adamw/silu.jsonl
E2_m0_300m_c4_en,E2_m0_300m,c4_en,452,E2_m0_300m_c4_en_m0_300m_seed3407_silu_muon,3407,silu_muon,SiLU+Muon,silu,muon,9150,9150,300000000,5290.313413985001,88.17189023308335,1.4695315038847225,0.5565687967516918,58875.02172461736,False,,,,,,,experiments/runs/iclr26_main/E2_m0_300m/c4_en/E2_m0_300m_c4_en_m0_300m_seed3407_silu_muon/silu.jsonl
E2_m0_300m_c4_en,E2_m0_300m,c4_en,454,E2_m0_300m_c4_en_m0_300m_seed3407_silu_lion,3407,silu_lion,SiLU+Lion,silu,lion,9150,9150,300000000,4895.378212789001,81.58963687981668,1.359827281330278,0.5177566094450433,63288.424333437935,False,,,,,,,experiments/runs/iclr26_main/E2_m0_300m/c4_en/E2_m0_300m_c4_en_m0_300m_seed3407_silu_lion/silu.jsonl
E2_m0_300m_c4_en,E2_m0_300m,c4_en,456,E2_m0_300m_c4_en_m0_300m_seed3407_silu_soap,3407,silu_soap,SiLU+SOAP,silu,soap_adamw,9150,9150,300000000,5674.18856114299,94.56980935238316,1.576163489206386,0.594981083828493,55074.01981446116,False,,,,,,,experiments/runs/iclr26_main/E2_m0_300m/c4_en/E2_m0_300m_c4_en_m0_300m_seed3407_silu_soap/silu.jsonl
E2_m0_300m_c4_en,E2_m0_300m,c4_en,458,E2_m0_300m_c4_en_m0_300m_seed3407_silu_ademamix,3407,silu_ademamix,SiLU+ADeMaMix,silu,ademamix,9150,9150,300000000,5763.440448483991,96.05734080806651,1.6009556801344418,0.5240261175395574,62531.23442368581,False,,,,,,,experiments/runs/iclr26_main/E2_m0_300m/c4_en/E2_m0_300m_c4_en_m0_300m_seed3407_silu_ademamix/silu.jsonl
E2_m0_300m_c4_en,E2_m0_300m,c4_en,460,E2_m0_300m_c4_en_m0_300m_seed3407_silu_came,3407,silu_came,SiLU+CAME,silu,adafactor_came,9150,9150,300000000,5246.853211157999,87.44755351929999,1.4574592253216663,0.5558012695436826,58956.324491490996,False,,,,,,,experiments/runs/iclr26_main/E2_m0_300m/c4_en/E2_m0_300m_c4_en_m0_300m_seed3407_silu_came/silu.jsonl
E2_m0_300m_c4_en,E2_m0_300m,c4_en,462,E2_m0_300m_c4_en_m0_300m_seed3407_silu_schedulefree,3407,silu_schedulefree,SiLU+ScheduleFree,silu,schedule_free_adamw,9150,9150,300000000,4967.299301869003,82.78832169781671,1.3798053616302786,0.5253004063866469,62379.54435519919,False,,,,,,,experiments/runs/iclr26_main/E2_m0_300m/c4_en/E2_m0_300m_c4_en_m0_300m_seed3407_silu_schedulefree/silu.jsonl
E2_m0_300m_dclm,E2_rational_only_300m,dclm,15,E2_rational_only_300m_dclm_m0_300m_seed1337_rlb_rational_only_matrixpolicy,1337,rlb_matrixpolicy_original,RLB+MatrixPolicy,rlb_fused_global_rational,rational_matrix_policy_onpolicy,9150,9150,300000000,4391.368175704032,73.18946959506721,1.21982449325112,0.456319996760929,71809.25717171126,False,,,,,,,experiments/runs/iclr26_main/E2_rational_only_300m/dclm/E2_rational_only_300m_dclm_m0_300m_seed1337_rlb_rational_only_matrixpolicy/rlb_fused_global_rational.jsonl
E2_m0_300m_dclm,E2_rational_only_300m,dclm,16,E2_rational_only_300m_dclm_m0_300m_seed2027_rlb_rational_only_matrixpolicy,2027,rlb_matrixpolicy_original,RLB+MatrixPolicy,rlb_fused_global_rational,rational_matrix_policy_onpolicy,9150,9150,300000000,4034.2783955939813,67.23797325989969,1.1206328876649947,0.4168854488673971,78601.92791335071,False,,,,,,,experiments/runs/iclr26_main/E2_rational_only_300m/dclm/E2_rational_only_300m_dclm_m0_300m_seed2027_rlb_rational_only_matrixpolicy/rlb_fused_global_rational.jsonl
E2_m0_300m_dclm,E2_rational_only_300m,dclm,17,E2_rational_only_300m_dclm_m0_300m_seed3407_rlb_rational_only_matrixpolicy,3407,rlb_matrixpolicy_original,RLB+MatrixPolicy,rlb_fused_global_rational,rational_matrix_policy_onpolicy,9150,9150,300000000,3762.593514617998,62.709891910299966,1.045164865171666,0.388889684721493,84260.39899584149,False,,,,,,,experiments/runs/iclr26_main/E2_rational_only_300m/dclm/E2_rational_only_300m_dclm_m0_300m_seed3407_rlb_rational_only_matrixpolicy/rlb_fused_global_rational.jsonl
E2_m0_300m_dclm,E2_global_rational_optimizers_300m,dclm,105,E2_global_rational_optimizers_300m_dclm_m0_300m_seed1337_rlb_adamw,1337,rlb_adamw,RLB+AdamW,rlb_fused_global_rational,adamw,9150,9150,300000000,4547.500732281944,75.79167887136573,1.2631946478560956,0.46886795270566034,69887.4807094582,False,982132,1,ellis-compute-02,982132:1:1782497602,,,experiments/runs/iclr26_main/E2_global_rational_optimizers_300m/dclm/E2_global_rational_optimizers_300m_dclm_m0_300m_seed1337_rlb_adamw/rlb_fused_global_rational.jsonl
E2_m0_300m_dclm,E2_global_rational_optimizers_300m,dclm,106,E2_global_rational_optimizers_300m_dclm_m0_300m_seed1337_rlb_muon,1337,rlb_muon,RLB+Muon,rlb_fused_global_rational,muon,9150,9150,300000000,4101.615860273596,68.36026433789327,1.1393377389648878,0.42265843362432887,77528.32403937112,False,982133,0,seo-compute-01,982133:0:1782498090,,,experiments/runs/iclr26_main/E2_global_rational_optimizers_300m/dclm/E2_global_rational_optimizers_300m_dclm_m0_300m_seed1337_rlb_muon/rlb_fused_global_rational.jsonl
E2_m0_300m_dclm,E2_global_rational_optimizers_300m,dclm,107,E2_global_rational_optimizers_300m_dclm_m0_300m_seed1337_rlb_lion,1337,rlb_lion,RLB+Lion,rlb_fused_global_rational,lion,9150,9150,300000000,4580.407206553966,76.34012010923276,1.2723353351538793,0.47251606551849346,69347.90664534034,False,982134,0,ellis-compute-02,982134:0:1782502199,,,experiments/runs/iclr26_main/E2_global_rational_optimizers_300m/dclm/E2_global_rational_optimizers_300m_dclm_m0_300m_seed1337_rlb_lion/rlb_fused_global_rational.jsonl
E2_m0_300m_dclm,E2_global_rational_optimizers_300m,dclm,108,E2_global_rational_optimizers_300m_dclm_m0_300m_seed1337_rlb_soap,1337,rlb_soap,RLB+SOAP,rlb_fused_global_rational,soap_adamw,9150,9150,300000000,3913.089155870024,65.21815259783374,1.0869692099638957,0.4025465474852008,81401.76634157986,False,982135,0,seo-compute-01,982135:0:1782502255,,,experiments/runs/iclr26_main/E2_global_rational_optimizers_300m/dclm/E2_global_rational_optimizers_300m_dclm_m0_300m_seed1337_rlb_soap/rlb_fused_global_rational.jsonl
E2_m0_300m_dclm,E2_global_rational_optimizers_300m,dclm,109,E2_global_rational_optimizers_300m_dclm_m0_300m_seed1337_rlb_ademamix,1337,rlb_ademamix,RLB+ADeMaMix,rlb_fused_global_rational,ademamix,9150,556,300000000,288.5123552570585,4.808539254284309,0.08014232090473848,0.48576799459470615,67456.07031467672,True,982136,0,ellis-compute-02,982136:0:1782506837,,,experiments/runs/iclr26_main/E2_global_rational_optimizers_300m/dclm/E2_global_rational_optimizers_300m_dclm_m0_300m_seed1337_rlb_ademamix/rlb_fused_global_rational.jsonl
E2_m0_300m_dclm,E2_global_rational_optimizers_300m,dclm,110,E2_global_rational_optimizers_300m_dclm_m0_300m_seed1337_rlb_came,1337,rlb_came,RLB+CAME,rlb_fused_global_rational,adafactor_came,9150,9150,300000000,4132.954926318955,68.8825821053159,1.1480430350885986,0.42690792315048376,76756.59837414022,False,982137,0,seo-compute-01,982137:0:1782506219,,,experiments/runs/iclr26_main/E2_global_rational_optimizers_300m/dclm/E2_global_rational_optimizers_300m_dclm_m0_300m_seed1337_rlb_came/rlb_fused_global_rational.jsonl
E2_m0_300m_dclm,E2_global_rational_optimizers_300m,dclm,111,E2_global_rational_optimizers_300m_dclm_m0_300m_seed1337_rlb_schedulefree,1337,rlb_schedulefree,RLB+ScheduleFree,rlb_fused_global_rational,schedule_free_adamw,9150,9150,300000000,4544.865300465957,75.74775500776596,1.2624625834627659,0.46890717652358244,69881.63466155017,False,982138,0,ellis-compute-02,982138:0:1782507177,,,experiments/runs/iclr26_main/E2_global_rational_optimizers_300m/dclm/E2_global_rational_optimizers_300m_dclm_m0_300m_seed1337_rlb_schedulefree/rlb_fused_global_rational.jsonl
E2_m0_300m_dclm,E2_global_rational_optimizers_300m,dclm,112,E2_global_rational_optimizers_300m_dclm_m0_300m_seed2027_rlb_adamw,2027,rlb_adamw,RLB+AdamW,rlb_fused_global_rational,adamw,9150,9150,300000000,3811.1069691739976,63.518449486233294,1.058640824770555,0.3914121292524362,83717.38520874172,False,982139,0,seo-compute-01,982139:0:1782510416,,,experiments/runs/iclr26_main/E2_global_rational_optimizers_300m/dclm/E2_global_rational_optimizers_300m_dclm_m0_300m_seed2027_rlb_adamw/rlb_fused_global_rational.jsonl
E2_m0_300m_dclm,E2_global_rational_optimizers_300m,dclm,113,E2_global_rational_optimizers_300m_dclm_m0_300m_seed2027_rlb_muon,2027,rlb_muon,RLB+Muon,rlb_fused_global_rational,muon,9150,9150,300000000,4857.08128227503,80.95135470458384,1.3491892450763974,0.5028434621846759,65165.40924611946,False,982140,0,ellis-compute-02,982140:0:1782511772,,,experiments/runs/iclr26_main/E2_global_rational_optimizers_300m/dclm/E2_global_rational_optimizers_300m_dclm_m0_300m_seed2027_rlb_muon/rlb_fused_global_rational.jsonl
E2_m0_300m_dclm,E2_global_rational_optimizers_300m,dclm,114,E2_global_rational_optimizers_300m_dclm_m0_300m_seed2027_rlb_lion,2027,rlb_lion,RLB+Lion,rlb_fused_global_rational,lion,9150,9150,300000000,3780.8669794928282,63.014449658213806,1.0502408276368966,0.3883455479204932,84378.4618504463,False,982141,0,seo-compute-01,982141:0:1782514272,,,experiments/runs/iclr26_main/E2_global_rational_optimizers_300m/dclm/E2_global_rational_optimizers_300m_dclm_m0_300m_seed2027_rlb_lion/rlb_fused_global_rational.jsonl
E2_m0_300m_dclm,E2_global_rational_optimizers_300m,dclm,115,E2_global_rational_optimizers_300m_dclm_m0_300m_seed2027_rlb_soap,2027,rlb_soap,RLB+SOAP,rlb_fused_global_rational,soap_adamw,9150,9150,300000000,4696.127236561966,78.26878727603277,1.3044797879338794,0.4844341171549342,67641.80894699448,False,982142,0,ellis-compute-02,982142:0:1782516682,,,experiments/runs/iclr26_main/E2_global_rational_optimizers_300m/dclm/E2_global_rational_optimizers_300m_dclm_m0_300m_seed2027_rlb_soap/rlb_fused_global_rational.jsonl
E2_m0_300m_dclm,E2_global_rational_optimizers_300m,dclm,116,E2_global_rational_optimizers_300m_dclm_m0_300m_seed2027_rlb_ademamix,2027,rlb_ademamix,RLB+ADeMaMix,rlb_fused_global_rational,ademamix,9150,547,300000000,235.1760729481466,3.9196012158024436,0.06532668693004072,0.4015853471230936,81596.60265182928,True,982143,0,seo-compute-01,982143:0:1782518104,,,experiments/runs/iclr26_main/E2_global_rational_optimizers_300m/dclm/E2_global_rational_optimizers_300m_dclm_m0_300m_seed2027_rlb_ademamix/rlb_fused_global_rational.jsonl
E2_m0_300m_dclm,E2_global_rational_optimizers_300m,dclm,117,E2_global_rational_optimizers_300m_dclm_m0_300m_seed2027_rlb_came,2027,rlb_came,RLB+CAME,rlb_fused_global_rational,adafactor_came,9150,9150,300000000,4970.7537722780835,82.84589620463473,1.380764936743912,0.5093496889602587,64333.012683073764,False,982144,0,ellis-compute-02,982144:0:1782521448,,,experiments/runs/iclr26_main/E2_global_rational_optimizers_300m/dclm/E2_global_rational_optimizers_300m_dclm_m0_300m_seed2027_rlb_came/rlb_fused_global_rational.jsonl
E2_m0_300m_dclm,E2_global_rational_optimizers_300m,dclm,118,E2_global_rational_optimizers_300m_dclm_m0_300m_seed2027_rlb_schedulefree,2027,rlb_schedulefree,RLB+ScheduleFree,rlb_fused_global_rational,schedule_free_adamw,9150,9150,300000000,3846.0685656298883,64.10114276049813,1.0683523793416356,0.395662646141553,82818.0277303126,False,982145,0,seo-compute-01,982145:0:1782518408,,,experiments/runs/iclr26_main/E2_global_rational_optimizers_300m/dclm/E2_global_rational_optimizers_300m_dclm_m0_300m_seed2027_rlb_schedulefree/rlb_fused_global_rational.jsonl
E2_m0_300m_dclm,E2_global_rational_optimizers_300m,dclm,119,E2_global_rational_optimizers_300m_dclm_m0_300m_seed3407_rlb_adamw,3407,rlb_adamw,RLB+AdamW,rlb_fused_global_rational,adamw,9150,9150,300000000,4555.724203243968,75.9287367207328,1.2654789453455466,0.47000401523072444,69718.55332749493,False,982146,0,ellis-compute-02,982146:0:1782526499,,,experiments/runs/iclr26_main/E2_global_rational_optimizers_300m/dclm/E2_global_rational_optimizers_300m_dclm_m0_300m_seed3407_rlb_adamw/rlb_fused_global_rational.jsonl
E2_m0_300m_dclm,E2_global_rational_optimizers_300m,dclm,120,E2_global_rational_optimizers_300m_dclm_m0_300m_seed3407_rlb_muon,3407,rlb_muon,RLB+Muon,rlb_fused_global_rational,muon,9150,9150,300000000,4094.3369248248637,68.23894874708107,1.137315812451351,0.42232294891812744,77589.9109530808,False,982147,0,seo-compute-01,982147:0:1782522316,,,experiments/runs/iclr26_main/E2_global_rational_optimizers_300m/dclm/E2_global_rational_optimizers_300m_dclm_m0_300m_seed3407_rlb_muon/rlb_fused_global_rational.jsonl
E2_m0_300m_dclm,E2_global_rational_optimizers_300m,dclm,121,E2_global_rational_optimizers_300m_dclm_m0_300m_seed3407_rlb_lion,3407,rlb_lion,RLB+Lion,rlb_fused_global_rational,lion,9150,9150,300000000,4563.670970025007,76.06118283375011,1.2676863805625018,0.47024665367436946,69682.57986305794,False,982148,0,ellis-compute-02,982148:0:1782531166,,,experiments/runs/iclr26_main/E2_global_rational_optimizers_300m/dclm/E2_global_rational_optimizers_300m_dclm_m0_300m_seed3407_rlb_lion/rlb_fused_global_rational.jsonl
E2_m0_300m_dclm,E2_global_rational_optimizers_300m,dclm,122,E2_global_rational_optimizers_300m_dclm_m0_300m_seed3407_rlb_soap,3407,rlb_soap,RLB+SOAP,rlb_fused_global_rational,soap_adamw,9150,9150,300000000,4213.123073579045,70.21871789298409,1.170311964883068,0.4335756849032659,75576.19382487003,False,982149,0,lancer-compute-01,982149:0:1782526464,,,experiments/runs/iclr26_main/E2_global_rational_optimizers_300m/dclm/E2_global_rational_optimizers_300m_dclm_m0_300m_seed3407_rlb_soap/rlb_fused_global_rational.jsonl
E2_m0_300m_dclm,E2_global_rational_optimizers_300m,dclm,123,E2_global_rational_optimizers_300m_dclm_m0_300m_seed3407_rlb_ademamix,3407,rlb_ademamix,RLB+ADeMaMix,rlb_fused_global_rational,ademamix,9150,844,300000000,453.8710238569183,7.564517064281972,0.12607528440469953,0.5061577400105203,64738.711689598844,True,982150,0,ellis-compute-02,982150:0:1782535811,,,experiments/runs/iclr26_main/E2_global_rational_optimizers_300m/dclm/E2_global_rational_optimizers_300m_dclm_m0_300m_seed3407_rlb_ademamix/rlb_fused_global_rational.jsonl
E2_m0_300m_dclm,E2_global_rational_optimizers_300m,dclm,124,E2_global_rational_optimizers_300m_dclm_m0_300m_seed3407_rlb_came,3407,rlb_came,RLB+CAME,rlb_fused_global_rational,adafactor_came,9150,9150,300000000,4471.331117304973,74.52218528841622,1.2420364214736037,0.4616342527870147,70982.60105737485,False,982151,0,lancer-compute-01,982151:0:1782530720,,,experiments/runs/iclr26_main/E2_global_rational_optimizers_300m/dclm/E2_global_rational_optimizers_300m_dclm_m0_300m_seed3407_rlb_came/rlb_fused_global_rational.jsonl
E2_m0_300m_dclm,E2_global_rational_optimizers_300m,dclm,125,E2_global_rational_optimizers_300m_dclm_m0_300m_seed3407_rlb_schedulefree,3407,rlb_schedulefree,RLB+ScheduleFree,rlb_fused_global_rational,schedule_free_adamw,9150,9150,300000000,4660.1435161629925,77.66905860271655,1.2944843100452756,0.4812283927298132,68092.40787751622,False,982152,0,ellis-compute-02,982152:0:1782536327,,,experiments/runs/iclr26_main/E2_global_rational_optimizers_300m/dclm/E2_global_rational_optimizers_300m_dclm_m0_300m_seed3407_rlb_schedulefree/rlb_fused_global_rational.jsonl
E2_m0_300m_dclm,E2_m0_300m,dclm,240,E2_m0_300m_dclm_m0_300m_seed1337_silu_adamw,1337,silu_adamw,SiLU+AdamW,silu,adamw,9150,9150,300000000,3668.4585765129887,61.14097627521648,1.019016271253608,0.3838586933694183,85364.74636635285,False,,,,,,,experiments/runs/iclr26_main/E2_m0_300m/dclm/E2_m0_300m_dclm_m0_300m_seed1337_silu_adamw/silu.jsonl
E2_m0_300m_dclm,E2_m0_300m,dclm,242,E2_m0_300m_dclm_m0_300m_seed1337_silu_muon,1337,silu_muon,SiLU+Muon,silu,muon,9150,9150,300000000,4014.118887197925,66.90198145329875,1.1150330242216457,0.42126007846542857,77785.67605876084,False,,,,,,,experiments/runs/iclr26_main/E2_m0_300m/dclm/E2_m0_300m_dclm_m0_300m_seed1337_silu_muon/silu.jsonl
E2_m0_300m_dclm,E2_m0_300m,dclm,244,E2_m0_300m_dclm_m0_300m_seed1337_silu_lion,1337,silu_lion,SiLU+Lion,silu,lion,9150,9150,300000000,3653.702883481048,60.895048058017466,1.0149174676336246,0.38236201495719396,85698.88932002943,False,,,,,,,experiments/runs/iclr26_main/E2_m0_300m/dclm/E2_m0_300m_dclm_m0_300m_seed1337_silu_lion/silu.jsonl
E2_m0_300m_dclm,E2_m0_300m,dclm,246,E2_m0_300m_dclm_m0_300m_seed1337_silu_soap,1337,silu_soap,SiLU+SOAP,silu,soap_adamw,9150,9150,300000000,4365.86508473102,72.76441807885034,1.2127403013141722,0.4598080640629457,71264.51787394969,False,,,,,,,experiments/runs/iclr26_main/E2_m0_300m/dclm/E2_m0_300m_dclm_m0_300m_seed1337_silu_soap/silu.jsonl
E2_m0_300m_dclm,E2_m0_300m,dclm,248,E2_m0_300m_dclm_m0_300m_seed1337_silu_ademamix,1337,silu_ademamix,SiLU+ADeMaMix,silu,ademamix,9150,9150,300000000,3867.6800689419033,64.46133448236506,1.0743555747060842,0.39149431898653253,83699.80970560962,False,,,,,,,experiments/runs/iclr26_main/E2_m0_300m/dclm/E2_m0_300m_dclm_m0_300m_seed1337_silu_ademamix/silu.jsonl
E2_m0_300m_dclm,E2_m0_300m,dclm,250,E2_m0_300m_dclm_m0_300m_seed1337_silu_came,1337,silu_came,SiLU+CAME,silu,adafactor_came,9150,9150,300000000,4002.432503027958,66.7072083837993,1.111786806396655,0.420000878135109,78018.88449732942,False,,,,,,,experiments/runs/iclr26_main/E2_m0_300m/dclm/E2_m0_300m_dclm_m0_300m_seed1337_silu_came/silu.jsonl
E2_m0_300m_dclm,E2_m0_300m,dclm,252,E2_m0_300m_dclm_m0_300m_seed1337_silu_schedulefree,1337,silu_schedulefree,SiLU+ScheduleFree,silu,schedule_free_adamw,9150,9150,300000000,3741.8514831439825,62.364191385733044,1.0394031897622173,0.39195250830550193,83601.9653035603,False,,,,,,,experiments/runs/iclr26_main/E2_m0_300m/dclm/E2_m0_300m_dclm_m0_300m_seed1337_silu_schedulefree/silu.jsonl
E2_m0_300m_dclm,E2_m0_300m,dclm,255,E2_m0_300m_dclm_m0_300m_seed2027_silu_adamw,2027,silu_adamw,SiLU+AdamW,silu,adamw,9150,9150,300000000,4227.211041430943,70.45351735718238,1.174225289286373,0.4440658326507961,73790.86070278246,False,,,,,,,experiments/runs/iclr26_main/E2_m0_300m/dclm/E2_m0_300m_dclm_m0_300m_seed2027_silu_adamw/silu.jsonl
E2_m0_300m_dclm,E2_m0_300m,dclm,257,E2_m0_300m_dclm_m0_300m_seed2027_silu_muon,2027,silu_muon,SiLU+Muon,silu,muon,9150,9150,300000000,5275.980870226049,87.93301450376748,1.465550241729458,0.555869032594247,58949.13743813246,False,,,,,,,experiments/runs/iclr26_main/E2_m0_300m/dclm/E2_m0_300m_dclm_m0_300m_seed2027_silu_muon/silu.jsonl
E2_m0_300m_dclm,E2_m0_300m,dclm,259,E2_m0_300m_dclm_m0_300m_seed2027_silu_lion,2027,silu_lion,SiLU+Lion,silu,lion,9150,9150,300000000,4889.879475617083,81.4979912602847,1.3582998543380786,0.5174177686441074,63329.86995376773,False,,,,,,,experiments/runs/iclr26_main/E2_m0_300m/dclm/E2_m0_300m_dclm_m0_300m_seed2027_silu_lion/silu.jsonl
E2_m0_300m_dclm,E2_m0_300m,dclm,261,E2_m0_300m_dclm_m0_300m_seed2027_silu_soap,2027,silu_soap,SiLU+SOAP,silu,soap_adamw,9150,9150,300000000,5669.296895538922,94.48828159231537,1.5748046932052562,0.5957299520586581,55004.7884729716,False,,,,,,,experiments/runs/iclr26_main/E2_m0_300m/dclm/E2_m0_300m_dclm_m0_300m_seed2027_silu_soap/silu.jsonl
E2_m0_300m_dclm,E2_m0_300m,dclm,263,E2_m0_300m_dclm_m0_300m_seed2027_silu_ademamix,2027,silu_ademamix,SiLU+ADeMaMix,silu,ademamix,9150,9150,300000000,5766.922846351983,96.11538077253304,1.6019230128755508,0.5315181772499954,61649.8200861865,False,,,,,,,experiments/runs/iclr26_main/E2_m0_300m/dclm/E2_m0_300m_dclm_m0_300m_seed2027_silu_ademamix/silu.jsonl
E2_m0_300m_dclm,E2_m0_300m,dclm,265,E2_m0_300m_dclm_m0_300m_seed2027_silu_came,2027,silu_came,SiLU+CAME,silu,adafactor_came,9150,9150,300000000,5198.056080366019,86.63426800610031,1.4439044667683387,0.5509490016555951,59475.55926507273,False,,,,,,,experiments/runs/iclr26_main/E2_m0_300m/dclm/E2_m0_300m_dclm_m0_300m_seed2027_silu_came/silu.jsonl
E2_m0_300m_dclm,E2_m0_300m,dclm,267,E2_m0_300m_dclm_m0_300m_seed2027_silu_schedulefree,2027,silu_schedulefree,SiLU+ScheduleFree,silu,schedule_free_adamw,9150,9150,300000000,3694.9076742610196,61.58179457101699,1.0263632428502831,0.38700204395833937,84671.38742948722,False,,,,,,,experiments/runs/iclr26_main/E2_m0_300m/dclm/E2_m0_300m_dclm_m0_300m_seed2027_silu_schedulefree/silu.jsonl
E2_m0_300m_dclm,E2_m0_300m,dclm,270,E2_m0_300m_dclm_m0_300m_seed3407_silu_adamw,3407,silu_adamw,SiLU+AdamW,silu,adamw,9150,9150,300000000,4873.074875700055,81.2179145950009,1.3536319099166818,0.515360052440483,63582.73181017315,False,,,,,,,experiments/runs/iclr26_main/E2_m0_300m/dclm/E2_m0_300m_dclm_m0_300m_seed3407_silu_adamw/silu.jsonl
E2_m0_300m_dclm,E2_m0_300m,dclm,272,E2_m0_300m_dclm_m0_300m_seed3407_silu_muon,3407,silu_muon,SiLU+Muon,silu,muon,9150,9150,300000000,3561.365866075037,59.356097767917284,0.9892682961319548,0.3720006183028107,88085.87509746195,False,,,,,,,experiments/runs/iclr26_main/E2_m0_300m/dclm/E2_m0_300m_dclm_m0_300m_seed3407_silu_muon/silu.jsonl
E2_m0_300m_dclm,E2_m0_300m,dclm,274,E2_m0_300m_dclm_m0_300m_seed3407_silu_lion,3407,silu_lion,SiLU+Lion,silu,lion,9150,9150,300000000,3629.186218381976,60.48643697303293,1.0081072828838822,0.3797114317747497,86297.1121170733,False,,,,,,,experiments/runs/iclr26_main/E2_m0_300m/dclm/E2_m0_300m_dclm_m0_300m_seed3407_silu_lion/silu.jsonl
E2_m0_300m_dclm,E2_m0_300m,dclm,276,E2_m0_300m_dclm_m0_300m_seed3407_silu_soap,3407,silu_soap,SiLU+SOAP,silu,soap_adamw,9150,9150,300000000,5614.182321274071,93.56970535456784,1.5594950892427974,0.5904810295797077,55493.73876299395,False,,,,,,,experiments/runs/iclr26_main/E2_m0_300m/dclm/E2_m0_300m_dclm_m0_300m_seed3407_silu_soap/silu.jsonl
E2_m0_300m_dclm,E2_m0_300m,dclm,278,E2_m0_300m_dclm_m0_300m_seed3407_silu_ademamix,3407,silu_ademamix,SiLU+ADeMaMix,silu,ademamix,9150,9150,300000000,5723.758261163952,95.3959710193992,1.5899328503233199,0.5238558455561061,62551.55932299409,False,,,,,,,experiments/runs/iclr26_main/E2_m0_300m/dclm/E2_m0_300m_dclm_m0_300m_seed3407_silu_ademamix/silu.jsonl
E2_m0_300m_dclm,E2_m0_300m,dclm,280,E2_m0_300m_dclm_m0_300m_seed3407_silu_came,3407,silu_came,SiLU+CAME,silu,adafactor_came,9150,9150,300000000,5234.950949948048,87.24918249913414,1.4541530416522357,0.5545201312087475,59092.53452813705,False,,,,,,,experiments/runs/iclr26_main/E2_m0_300m/dclm/E2_m0_300m_dclm_m0_300m_seed3407_silu_came/silu.jsonl
E2_m0_300m_dclm,E2_m0_300m,dclm,282,E2_m0_300m_dclm_m0_300m_seed3407_silu_schedulefree,3407,silu_schedulefree,SiLU+ScheduleFree,silu,schedule_free_adamw,9150,9150,300000000,4957.081157677108,82.61801929461848,1.3769669882436413,0.5238716678329051,62549.670104419034,False,,,,,,,experiments/runs/iclr26_main/E2_m0_300m/dclm/E2_m0_300m_dclm_m0_300m_seed3407_silu_schedulefree/silu.jsonl
E2_m0_300m_dolma_sample,E2_rational_only_300m,dolma_sample,24,E2_rational_only_300m_dolma_sample_m0_300m_seed1337_rlb_rational_only_matrixpolicy,1337,rlb_matrixpolicy_original,RLB+MatrixPolicy,rlb_fused_global_rational,rational_matrix_policy_onpolicy,9150,9150,300000000,4090.5545657739276,68.17590942956546,1.1362651571594244,0.42168701774451656,77706.92153452263,False,,,,,,,experiments/runs/iclr26_main/E2_rational_only_300m/dolma_sample/E2_rational_only_300m_dolma_sample_m0_300m_seed1337_rlb_rational_only_matrixpolicy/rlb_fused_global_rational.jsonl
E2_m0_300m_dolma_sample,E2_rational_only_300m,dolma_sample,25,E2_rational_only_300m_dolma_sample_m0_300m_seed2027_rlb_rational_only_matrixpolicy,2027,rlb_matrixpolicy_original,RLB+MatrixPolicy,rlb_fused_global_rational,rational_matrix_policy_onpolicy,9150,9150,300000000,3748.2876805479173,62.47146134246529,1.0411910223744214,0.3871338946765295,84642.54990480586,False,,,,,,,experiments/runs/iclr26_main/E2_rational_only_300m/dolma_sample/E2_rational_only_300m_dolma_sample_m0_300m_seed2027_rlb_rational_only_matrixpolicy/rlb_fused_global_rational.jsonl
E2_m0_300m_dolma_sample,E2_rational_only_300m,dolma_sample,26,E2_rational_only_300m_dolma_sample_m0_300m_seed3407_rlb_rational_only_matrixpolicy,3407,rlb_matrixpolicy_original,RLB+MatrixPolicy,rlb_fused_global_rational,rational_matrix_policy_onpolicy,9150,9150,300000000,5439.105567255989,90.65175945426648,1.510862657571108,0.5712128365222551,57365.657605846405,False,986794,0,lil-compute-04,986794:0:1782417897,,,experiments/runs/iclr26_main/E2_rational_only_300m/dolma_sample/E2_rational_only_300m_dolma_sample_m0_300m_seed3407_rlb_rational_only_matrixpolicy/rlb_fused_global_rational.jsonl
E2_m0_300m_dolma_sample,E2_global_rational_optimizers_300m,dolma_sample,168,E2_global_rational_optimizers_300m_dolma_sample_m0_300m_seed1337_rlb_adamw,1337,rlb_adamw,RLB+AdamW,rlb_fused_global_rational,adamw,9150,9150,300000000,3706.2565629640594,61.77094271606766,1.029515711934461,0.3809670948688737,86012.67784368234,False,982196,0,barcheck-compute-01,982196:0:1782611273,,,experiments/runs/iclr26_main/E2_global_rational_optimizers_300m/dolma_sample/E2_global_rational_optimizers_300m_dolma_sample_m0_300m_seed1337_rlb_adamw/rlb_fused_global_rational.jsonl
E2_m0_300m_dolma_sample,E2_global_rational_optimizers_300m,dolma_sample,169,E2_global_rational_optimizers_300m_dolma_sample_m0_300m_seed1337_rlb_muon,1337,rlb_muon,RLB+Muon,rlb_fused_global_rational,muon,9150,9150,300000000,4594.7578705130145,76.57929784188357,1.2763216306980596,0.4756971310255382,68884.16570719412,False,982197,0,damle-compute-01,982197:0:1782621532,,,experiments/runs/iclr26_main/E2_global_rational_optimizers_300m/dolma_sample/E2_global_rational_optimizers_300m_dolma_sample_m0_300m_seed1337_rlb_muon/rlb_fused_global_rational.jsonl
E2_m0_300m_dolma_sample,E2_global_rational_optimizers_300m,dolma_sample,170,E2_global_rational_optimizers_300m_dolma_sample_m0_300m_seed1337_rlb_lion,1337,rlb_lion,RLB+Lion,rlb_fused_global_rational,lion,9150,9150,300000000,3692.260713087395,61.53767855145658,1.0256279758576097,0.3794064687727912,86366.47684471405,False,982198,0,barcheck-compute-01,982198:0:1782615031,,,experiments/runs/iclr26_main/E2_global_rational_optimizers_300m/dolma_sample/E2_global_rational_optimizers_300m_dolma_sample_m0_300m_seed1337_rlb_lion/rlb_fused_global_rational.jsonl
E2_m0_300m_dolma_sample,E2_global_rational_optimizers_300m,dolma_sample,171,E2_global_rational_optimizers_300m_dolma_sample_m0_300m_seed1337_rlb_soap,1337,rlb_soap,RLB+SOAP,rlb_fused_global_rational,soap_adamw,9150,9150,300000000,4397.731821723981,73.29553036206634,1.2215921727011059,0.4552266248288738,71981.73000605569,False,982199,0,damle-compute-01,982199:0:1782626183,,,experiments/runs/iclr26_main/E2_global_rational_optimizers_300m/dolma_sample/E2_global_rational_optimizers_300m_dolma_sample_m0_300m_seed1337_rlb_soap/rlb_fused_global_rational.jsonl
E2_m0_300m_dolma_sample,E2_global_rational_optimizers_300m,dolma_sample,172,E2_global_rational_optimizers_300m_dolma_sample_m0_300m_seed1337_rlb_ademamix,1337,rlb_ademamix,RLB+ADeMaMix,rlb_fused_global_rational,ademamix,9150,571,300000000,240.00188189558685,4.000031364926447,0.0666671894154408,0.39260202428892044,83463.6552354749,True,982200,0,barcheck-compute-01,982200:0:1782618770,,,experiments/runs/iclr26_main/E2_global_rational_optimizers_300m/dolma_sample/E2_global_rational_optimizers_300m_dolma_sample_m0_300m_seed1337_rlb_ademamix/rlb_fused_global_rational.jsonl
E2_m0_300m_dolma_sample,E2_global_rational_optimizers_300m,dolma_sample,173,E2_global_rational_optimizers_300m_dolma_sample_m0_300m_seed1337_rlb_came,1337,rlb_came,RLB+CAME,rlb_fused_global_rational,adafactor_came,9150,9150,300000000,4645.736448740005,77.42894081233341,1.2904823468722235,0.4824886848420254,67914.54603899938,False,982201,0,damle-compute-01,982201:0:1782630652,,,experiments/runs/iclr26_main/E2_global_rational_optimizers_300m/dolma_sample/E2_global_rational_optimizers_300m_dolma_sample_m0_300m_seed1337_rlb_came/rlb_fused_global_rational.jsonl
E2_m0_300m_dolma_sample,E2_global_rational_optimizers_300m,dolma_sample,174,E2_global_rational_optimizers_300m_dolma_sample_m0_300m_seed1337_rlb_schedulefree,1337,rlb_schedulefree,RLB+ScheduleFree,rlb_fused_global_rational,schedule_free_adamw,9150,9150,300000000,3759.9481560243294,62.66580260040549,1.0444300433400915,0.3868135121200354,84712.65603004965,False,982202,0,barcheck-compute-01,982202:0:1782619055,,,experiments/runs/iclr26_main/E2_global_rational_optimizers_300m/dolma_sample/E2_global_rational_optimizers_300m_dolma_sample_m0_300m_seed1337_rlb_schedulefree/rlb_fused_global_rational.jsonl
E2_m0_300m_dolma_sample,E2_global_rational_optimizers_300m,dolma_sample,175,E2_global_rational_optimizers_300m_dolma_sample_m0_300m_seed2027_rlb_adamw,2027,rlb_adamw,RLB+AdamW,rlb_fused_global_rational,adamw,9150,9150,300000000,4309.711730343988,71.82852883906646,1.1971421473177746,0.4454517797830715,73561.2730427467,False,982203,0,damle-compute-01,982203:0:1782635360,,,experiments/runs/iclr26_main/E2_global_rational_optimizers_300m/dolma_sample/E2_global_rational_optimizers_300m_dolma_sample_m0_300m_seed2027_rlb_adamw/rlb_fused_global_rational.jsonl
E2_m0_300m_dolma_sample,E2_global_rational_optimizers_300m,dolma_sample,176,E2_global_rational_optimizers_300m_dolma_sample_m0_300m_seed2027_rlb_muon,2027,rlb_muon,RLB+Muon,rlb_fused_global_rational,muon,9150,9150,300000000,4002.5662702405825,66.70943783734305,1.1118239639557175,0.4131175033710469,79318.83721365588,False,982204,0,barcheck-compute-01,982204:0:1782622857,,,experiments/runs/iclr26_main/E2_global_rational_optimizers_300m/dolma_sample/E2_global_rational_optimizers_300m_dolma_sample_m0_300m_seed2027_rlb_muon/rlb_fused_global_rational.jsonl
E2_m0_300m_dolma_sample,E2_global_rational_optimizers_300m,dolma_sample,177,E2_global_rational_optimizers_300m_dolma_sample_m0_300m_seed2027_rlb_lion,2027,rlb_lion,RLB+Lion,rlb_fused_global_rational,lion,9150,9150,300000000,4275.472253242973,71.2578708873829,1.1876311814563814,0.44187489018667064,74156.73695818541,False,982205,0,damle-compute-01,982205:0:1782639719,,,experiments/runs/iclr26_main/E2_global_rational_optimizers_300m/dolma_sample/E2_global_rational_optimizers_300m_dolma_sample_m0_300m_seed2027_rlb_lion/rlb_fused_global_rational.jsonl
E2_m0_300m_dolma_sample,E2_global_rational_optimizers_300m,dolma_sample,178,E2_global_rational_optimizers_300m_dolma_sample_m0_300m_seed2027_rlb_soap,2027,rlb_soap,RLB+SOAP,rlb_fused_global_rational,soap_adamw,9150,9150,300000000,3812.141507189721,63.53569178649535,1.058928196441589,0.39260613822952084,83462.78065791103,False,982206,0,barcheck-compute-01,982206:0:1782626905,,,experiments/runs/iclr26_main/E2_global_rational_optimizers_300m/dolma_sample/E2_global_rational_optimizers_300m_dolma_sample_m0_300m_seed2027_rlb_soap/rlb_fused_global_rational.jsonl
E2_m0_300m_dolma_sample,E2_global_rational_optimizers_300m,dolma_sample,179,E2_global_rational_optimizers_300m_dolma_sample_m0_300m_seed2027_rlb_ademamix,2027,rlb_ademamix,RLB+ADeMaMix,rlb_fused_global_rational,ademamix,9150,1034,300000000,497.2185009950772,8.28697501658462,0.13811625027641034,0.4531684096805766,72308.65898860223,True,982207,0,damle-compute-01,982207:0:1782644040,,,experiments/runs/iclr26_main/E2_global_rational_optimizers_300m/dolma_sample/E2_global_rational_optimizers_300m_dolma_sample_m0_300m_seed2027_rlb_ademamix/rlb_fused_global_rational.jsonl
E2_m0_300m_dolma_sample,E2_global_rational_optimizers_300m,dolma_sample,180,E2_global_rational_optimizers_300m_dolma_sample_m0_300m_seed2027_rlb_came,2027,rlb_came,RLB+CAME,rlb_fused_global_rational,adafactor_came,9150,9150,300000000,4036.2107428489253,67.27017904748209,1.1211696507913682,0.41706996948584024,78567.15274992364,False,982208,0,barcheck-compute-01,982208:0:1782630770,,,experiments/runs/iclr26_main/E2_global_rational_optimizers_300m/dolma_sample/E2_global_rational_optimizers_300m_dolma_sample_m0_300m_seed2027_rlb_came/rlb_fused_global_rational.jsonl
E2_m0_300m_dolma_sample,E2_global_rational_optimizers_300m,dolma_sample,181,E2_global_rational_optimizers_300m_dolma_sample_m0_300m_seed2027_rlb_schedulefree,2027,rlb_schedulefree,RLB+ScheduleFree,rlb_fused_global_rational,schedule_free_adamw,9150,9150,300000000,4362.542534484994,72.70904224141655,1.211817370690276,0.4511390431715988,72633.9262716752,False,982209,0,damle-compute-01,982209:0:1782644594,,,experiments/runs/iclr26_main/E2_global_rational_optimizers_300m/dolma_sample/E2_global_rational_optimizers_300m_dolma_sample_m0_300m_seed2027_rlb_schedulefree/rlb_fused_global_rational.jsonl
E2_m0_300m_dolma_sample,E2_global_rational_optimizers_300m,dolma_sample,182,E2_global_rational_optimizers_300m_dolma_sample_m0_300m_seed3407_rlb_adamw,3407,rlb_adamw,RLB+AdamW,rlb_fused_global_rational,adamw,9150,9150,300000000,3708.088464542292,61.8014744090382,1.03002457348397,0.3812149977193358,85956.74408414797,False,982210,0,barcheck-compute-01,982210:0:1782634853,,,experiments/runs/iclr26_main/E2_global_rational_optimizers_300m/dolma_sample/E2_global_rational_optimizers_300m_dolma_sample_m0_300m_seed3407_rlb_adamw/rlb_fused_global_rational.jsonl
E2_m0_300m_dolma_sample,E2_global_rational_optimizers_300m,dolma_sample,183,E2_global_rational_optimizers_300m_dolma_sample_m0_300m_seed3407_rlb_muon,3407,rlb_muon,RLB+Muon,rlb_fused_global_rational,muon,9150,9150,300000000,4628.602978218929,77.14338297031549,1.285723049505258,0.47993114393542047,68276.46093417364,False,982211,0,damle-compute-01,982211:0:1782649021,,,experiments/runs/iclr26_main/E2_global_rational_optimizers_300m/dolma_sample/E2_global_rational_optimizers_300m_dolma_sample_m0_300m_seed3407_rlb_muon/rlb_fused_global_rational.jsonl
E2_m0_300m_dolma_sample,E2_global_rational_optimizers_300m,dolma_sample,184,E2_global_rational_optimizers_300m_dolma_sample_m0_300m_seed3407_rlb_lion,3407,rlb_lion,RLB+Lion,rlb_fused_global_rational,lion,9150,9150,300000000,3690.610350817442,61.510172513624035,1.0251695418937339,0.3792691624262551,86397.7439936773,False,982212,0,barcheck-compute-01,982212:0:1782638618,,,experiments/runs/iclr26_main/E2_global_rational_optimizers_300m/dolma_sample/E2_global_rational_optimizers_300m_dolma_sample_m0_300m_seed3407_rlb_lion/rlb_fused_global_rational.jsonl
E2_m0_300m_dolma_sample,E2_global_rational_optimizers_300m,dolma_sample,185,E2_global_rational_optimizers_300m_dolma_sample_m0_300m_seed3407_rlb_soap,3407,rlb_soap,RLB+SOAP,rlb_fused_global_rational,soap_adamw,9150,9150,300000000,4421.053393503069,73.68422322505116,1.2280703870841858,0.45755603358116687,71615.27243676312,False,982213,0,damle-compute-01,982213:0:1782653696,,,experiments/runs/iclr26_main/E2_global_rational_optimizers_300m/dolma_sample/E2_global_rational_optimizers_300m_dolma_sample_m0_300m_seed3407_rlb_soap/rlb_fused_global_rational.jsonl
E2_m0_300m_dolma_sample,E2_global_rational_optimizers_300m,dolma_sample,186,E2_global_rational_optimizers_300m_dolma_sample_m0_300m_seed3407_rlb_ademamix,3407,rlb_ademamix,RLB+ADeMaMix,rlb_fused_global_rational,ademamix,9150,545,300000000,230.23888607975096,3.8373147679958493,0.06395524613326416,0.3945778505600713,83045.71570220802,True,982214,0,barcheck-compute-01,982214:0:1782642354,,,experiments/runs/iclr26_main/E2_global_rational_optimizers_300m/dolma_sample/E2_global_rational_optimizers_300m_dolma_sample_m0_300m_seed3407_rlb_ademamix/rlb_fused_global_rational.jsonl
E2_m0_300m_dolma_sample,E2_global_rational_optimizers_300m,dolma_sample,187,E2_global_rational_optimizers_300m_dolma_sample_m0_300m_seed3407_rlb_came,3407,rlb_came,RLB+CAME,rlb_fused_global_rational,adafactor_came,9150,9150,300000000,4653.085277662962,77.55142129438269,1.2925236882397115,0.4828032647928619,67870.29498248841,False,982215,0,damle-compute-01,982215:0:1782658186,,,experiments/runs/iclr26_main/E2_global_rational_optimizers_300m/dolma_sample/E2_global_rational_optimizers_300m_dolma_sample_m0_300m_seed3407_rlb_came/rlb_fused_global_rational.jsonl
E2_m0_300m_dolma_sample,E2_global_rational_optimizers_300m,dolma_sample,188,E2_global_rational_optimizers_300m_dolma_sample_m0_300m_seed3407_rlb_schedulefree,3407,rlb_schedulefree,RLB+ScheduleFree,rlb_fused_global_rational,schedule_free_adamw,9150,9150,300000000,3769.736863284372,62.828947721406195,1.0471491286901033,0.38753300896734244,84555.37784333972,False,982216,0,barcheck-compute-01,982216:0:1782642629,,,experiments/runs/iclr26_main/E2_global_rational_optimizers_300m/dolma_sample/E2_global_rational_optimizers_300m_dolma_sample_m0_300m_seed3407_rlb_schedulefree/rlb_fused_global_rational.jsonl
E2_m0_300m_dolma_sample,E2_m0_300m,dolma_sample,375,E2_m0_300m_dolma_sample_m0_300m_seed1337_silu_adamw,1337,silu_adamw,SiLU+AdamW,silu,adamw,9150,9150,300000000,4217.752231520135,70.29587052533559,1.1715978420889264,0.4432515019659379,73926.42744506276,False,,,,,,,experiments/runs/iclr26_main/E2_m0_300m/dolma_sample/E2_m0_300m_dolma_sample_m0_300m_seed1337_silu_adamw/silu.jsonl
E2_m0_300m_dolma_sample,E2_m0_300m,dolma_sample,377,E2_m0_300m_dolma_sample_m0_300m_seed1337_silu_muon,1337,silu_muon,SiLU+Muon,silu,muon,9150,9150,300000000,6130.284771387,102.17141285644999,1.7028568809408333,0.6524728645515583,50221.24563374954,False,,,,,,,experiments/runs/iclr26_main/E2_m0_300m/dolma_sample/E2_m0_300m_dolma_sample_m0_300m_seed1337_silu_muon/silu.jsonl
E2_m0_300m_dolma_sample,E2_m0_300m,dolma_sample,379,E2_m0_300m_dolma_sample_m0_300m_seed1337_silu_lion,1337,silu_lion,SiLU+Lion,silu,lion,9150,9150,300000000,3508.175605005119,58.469593416751984,0.9744932236125331,0.3654748464931218,89658.70104173281,False,,,,,,,experiments/runs/iclr26_main/E2_m0_300m/dolma_sample/E2_m0_300m_dolma_sample_m0_300m_seed1337_silu_lion/silu.jsonl
E2_m0_300m_dolma_sample,E2_m0_300m,dolma_sample,381,E2_m0_300m_dolma_sample_m0_300m_seed1337_silu_soap,1337,silu_soap,SiLU+SOAP,silu,soap_adamw,9150,9150,300000000,4290.2150609989185,71.50358434998198,1.191726405833033,0.4512281565315168,72619.5817474685,False,,,,,,,experiments/runs/iclr26_main/E2_m0_300m/dolma_sample/E2_m0_300m_dolma_sample_m0_300m_seed1337_silu_soap/silu.jsonl
E2_m0_300m_dolma_sample,E2_m0_300m,dolma_sample,383,E2_m0_300m_dolma_sample_m0_300m_seed1337_silu_ademamix,1337,silu_ademamix,SiLU+ADeMaMix,silu,ademamix,9150,9150,300000000,4253.4133556170855,70.89022259361809,1.181503709893635,0.37240632703014026,87989.91215137964,False,,,,,,,experiments/runs/iclr26_main/E2_m0_300m/dolma_sample/E2_m0_300m_dolma_sample_m0_300m_seed1337_silu_ademamix/silu.jsonl
E2_m0_300m_dolma_sample,E2_m0_300m,dolma_sample,385,E2_m0_300m_dolma_sample_m0_300m_seed1337_silu_came,1337,silu_came,SiLU+CAME,silu,adafactor_came,9150,9150,300000000,3889.038467027014,64.81730778378356,1.0802884630630594,0.4069684610603313,80517.29589714395,False,,,,,,,experiments/runs/iclr26_main/E2_m0_300m/dolma_sample/E2_m0_300m_dolma_sample_m0_300m_seed1337_silu_came/silu.jsonl
E2_m0_300m_dolma_sample,E2_m0_300m,dolma_sample,387,E2_m0_300m_dolma_sample_m0_300m_seed1337_silu_schedulefree,1337,silu_schedulefree,SiLU+ScheduleFree,silu,schedule_free_adamw,9150,9150,300000000,3585.446012952132,59.757433549202204,0.9959572258200368,0.3736435995310415,87698.54492657437,False,,,,,,,experiments/runs/iclr26_main/E2_m0_300m/dolma_sample/E2_m0_300m_dolma_sample_m0_300m_seed1337_silu_schedulefree/silu.jsonl
E2_m0_300m_dolma_sample,E2_m0_300m,dolma_sample,390,E2_m0_300m_dolma_sample_m0_300m_seed2027_silu_adamw,2027,silu_adamw,SiLU+AdamW,silu,adamw,9150,9150,300000000,3505.221027480904,58.420350458015065,0.9736725076335845,0.3654960247693342,89653.50586420194,False,,,,,,,experiments/runs/iclr26_main/E2_m0_300m/dolma_sample/E2_m0_300m_dolma_sample_m0_300m_seed2027_silu_adamw/silu.jsonl
E2_m0_300m_dolma_sample,E2_m0_300m,dolma_sample,392,E2_m0_300m_dolma_sample_m0_300m_seed2027_silu_muon,2027,silu_muon,SiLU+Muon,silu,muon,9150,9150,300000000,3852.9584162321407,64.21597360386902,1.0702662267311502,0.40364941008296834,81179.35808023275,False,,,,,,,experiments/runs/iclr26_main/E2_m0_300m/dolma_sample/E2_m0_300m_dolma_sample_m0_300m_seed2027_silu_muon/silu.jsonl
E2_m0_300m_dolma_sample,E2_m0_300m,dolma_sample,394,E2_m0_300m_dolma_sample_m0_300m_seed2027_silu_lion,2027,silu_lion,SiLU+Lion,silu,lion,9150,9150,300000000,4111.918513837038,68.53197523061729,1.1421995871769548,0.4322435246676893,75809.1171526333,False,,,,,,,experiments/runs/iclr26_main/E2_m0_300m/dolma_sample/E2_m0_300m_dolma_sample_m0_300m_seed2027_silu_lion/silu.jsonl
E2_m0_300m_dolma_sample,E2_m0_300m,dolma_sample,396,E2_m0_300m_dolma_sample_m0_300m_seed2027_silu_soap,2027,silu_soap,SiLU+SOAP,silu,soap_adamw,9150,9150,300000000,5591.279217764968,93.18798696274946,1.5531331160458244,0.5877156982260989,55754.84898379197,False,,,,,,,experiments/runs/iclr26_main/E2_m0_300m/dolma_sample/E2_m0_300m_dolma_sample_m0_300m_seed2027_silu_soap/silu.jsonl
E2_m0_300m_dolma_sample,E2_m0_300m,dolma_sample,398,E2_m0_300m_dolma_sample_m0_300m_seed2027_silu_ademamix,2027,silu_ademamix,SiLU+ADeMaMix,silu,ademamix,9150,9150,300000000,5642.702256083954,94.04503760139923,1.567417293356654,0.5216355842219674,62817.800378542604,False,,,,,,,experiments/runs/iclr26_main/E2_m0_300m/dolma_sample/E2_m0_300m_dolma_sample_m0_300m_seed2027_silu_ademamix/silu.jsonl
E2_m0_300m_dolma_sample,E2_m0_300m,dolma_sample,400,E2_m0_300m_dolma_sample_m0_300m_seed2027_silu_came,2027,silu_came,SiLU+CAME,silu,adafactor_came,9150,9150,300000000,3822.5038125520005,63.708396875866676,1.0618066145977778,0.40067548377857126,81781.89414281424,False,,,,,,,experiments/runs/iclr26_main/E2_m0_300m/dolma_sample/E2_m0_300m_dolma_sample_m0_300m_seed2027_silu_came/silu.jsonl
E2_m0_300m_dolma_sample,E2_m0_300m,dolma_sample,402,E2_m0_300m_dolma_sample_m0_300m_seed2027_silu_schedulefree,2027,silu_schedulefree,SiLU+ScheduleFree,silu,schedule_free_adamw,9150,9150,300000000,3519.28723249,58.65478720816667,0.9775797868027778,0.3676083453447861,89138.34632689401,False,,,,,,,experiments/runs/iclr26_main/E2_m0_300m/dolma_sample/E2_m0_300m_dolma_sample_m0_300m_seed2027_silu_schedulefree/silu.jsonl
E2_m0_300m_dolma_sample,E2_m0_300m,dolma_sample,405,E2_m0_300m_dolma_sample_m0_300m_seed3407_silu_adamw,3407,silu_adamw,SiLU+AdamW,silu,adamw,9150,9150,300000000,3710.4862468609354,61.84143744768225,1.0306906241280376,0.3884145481729632,84363.47236254452,False,,,,,,,experiments/runs/iclr26_main/E2_m0_300m/dolma_sample/E2_m0_300m_dolma_sample_m0_300m_seed3407_silu_adamw/silu.jsonl
E2_m0_300m_dolma_sample,E2_m0_300m,dolma_sample,407,E2_m0_300m_dolma_sample_m0_300m_seed3407_silu_muon,3407,silu_muon,SiLU+Muon,silu,muon,9150,9150,300000000,4049.7168180110166,67.49528030018361,1.1249213383363934,0.42504159451697576,77093.63135915696,False,,,,,,,experiments/runs/iclr26_main/E2_m0_300m/dolma_sample/E2_m0_300m_dolma_sample_m0_300m_seed3407_silu_muon/silu.jsonl
E2_m0_300m_dolma_sample,E2_m0_300m,dolma_sample,409,E2_m0_300m_dolma_sample_m0_300m_seed3407_silu_lion,3407,silu_lion,SiLU+Lion,silu,lion,9150,9150,300000000,3683.221302391961,61.387021706532686,1.0231170284422115,0.38495146822552984,85122.41855069989,False,,,,,,,experiments/runs/iclr26_main/E2_m0_300m/dolma_sample/E2_m0_300m_dolma_sample_m0_300m_seed3407_silu_lion/silu.jsonl
E2_m0_300m_dolma_sample,E2_m0_300m,dolma_sample,411,E2_m0_300m_dolma_sample_m0_300m_seed3407_silu_soap,3407,silu_soap,SiLU+SOAP,silu,soap_adamw,9150,9150,300000000,4449.386035928037,74.15643393213395,1.2359405655355657,0.4685684847243068,69932.14667281735,False,,,,,,,experiments/runs/iclr26_main/E2_m0_300m/dolma_sample/E2_m0_300m_dolma_sample_m0_300m_seed3407_silu_soap/silu.jsonl
E2_m0_300m_dolma_sample,E2_m0_300m,dolma_sample,413,E2_m0_300m_dolma_sample_m0_300m_seed3407_silu_ademamix,3407,silu_ademamix,SiLU+ADeMaMix,silu,ademamix,9150,9150,300000000,4456.756284442032,74.27927140736719,1.2379878567894533,0.38952333957924085,84123.32887522392,False,,,,,,,experiments/runs/iclr26_main/E2_m0_300m/dolma_sample/E2_m0_300m_dolma_sample_m0_300m_seed3407_silu_ademamix/silu.jsonl
E2_m0_300m_dolma_sample,E2_m0_300m,dolma_sample,415,E2_m0_300m_dolma_sample_m0_300m_seed3407_silu_came,3407,silu_came,SiLU+CAME,silu,adafactor_came,9150,9150,300000000,4092.240128639969,68.20400214399949,1.1367333690666581,0.4272300882834382,76698.7178540212,False,,,,,,,experiments/runs/iclr26_main/E2_m0_300m/dolma_sample/E2_m0_300m_dolma_sample_m0_300m_seed3407_silu_came/silu.jsonl
E2_m0_300m_dolma_sample,E2_m0_300m,dolma_sample,417,E2_m0_300m_dolma_sample_m0_300m_seed3407_silu_schedulefree,3407,silu_schedulefree,SiLU+ScheduleFree,silu,schedule_free_adamw,9150,9150,300000000,3744.805179399904,62.41341965666506,1.0402236609444178,0.39198394494489935,83595.2605268212,False,,,,,,,experiments/runs/iclr26_main/E2_m0_300m/dolma_sample/E2_m0_300m_dolma_sample_m0_300m_seed3407_silu_schedulefree/silu.jsonl
E2_m0_300m_fineweb,E2_rational_only_300m,fineweb,21,E2_rational_only_300m_fineweb_m0_300m_seed1337_rlb_rational_only_matrixpolicy,1337,rlb_matrixpolicy_original,RLB+MatrixPolicy,rlb_fused_global_rational,rational_matrix_policy_onpolicy,9150,9150,300000000,4060.805579636013,67.68009299393356,1.1280015498988925,0.4194428073609184,78122.68901729929,False,986793,0,lancer-compute-01,986793:0:1782417777,,,experiments/runs/iclr26_main/E2_rational_only_300m/fineweb/E2_rational_only_300m_fineweb_m0_300m_seed1337_rlb_rational_only_matrixpolicy/rlb_fused_global_rational.jsonl
E2_m0_300m_fineweb,E2_rational_only_300m,fineweb,22,E2_rational_only_300m_fineweb_m0_300m_seed2027_rlb_rational_only_matrixpolicy,2027,rlb_matrixpolicy_original,RLB+MatrixPolicy,rlb_fused_global_rational,rational_matrix_policy_onpolicy,9150,9150,300000000,4034.25385667698,67.23756427794966,1.1206260712991611,0.41678695505248925,78620.50287987845,False,,,,,,,experiments/runs/iclr26_main/E2_rational_only_300m/fineweb/E2_rational_only_300m_fineweb_m0_300m_seed2027_rlb_rational_only_matrixpolicy/rlb_fused_global_rational.jsonl
E2_m0_300m_fineweb,E2_rational_only_300m,fineweb,23,E2_rational_only_300m_fineweb_m0_300m_seed3407_rlb_rational_only_matrixpolicy,3407,rlb_matrixpolicy_original,RLB+MatrixPolicy,rlb_fused_global_rational,rational_matrix_policy_onpolicy,9150,9150,300000000,3750.4431765970076,62.50738627661679,1.0417897712769466,0.38705129921566156,84660.61234364171,False,,,,,,,experiments/runs/iclr26_main/E2_rational_only_300m/fineweb/E2_rational_only_300m_fineweb_m0_300m_seed3407_rlb_rational_only_matrixpolicy/rlb_fused_global_rational.jsonl
E2_m0_300m_fineweb,E2_global_rational_optimizers_300m,fineweb,147,E2_global_rational_optimizers_300m_fineweb_m0_300m_seed1337_rlb_adamw,1337,rlb_adamw,RLB+AdamW,rlb_fused_global_rational,adamw,9150,9150,300000000,4279.146000836045,71.31910001393408,1.1886516668989013,0.4422104250503976,74100.46924213854,False,982174,0,damle-compute-01,982174:0:1782580845,,,experiments/runs/iclr26_main/E2_global_rational_optimizers_300m/fineweb/E2_global_rational_optimizers_300m_fineweb_m0_300m_seed1337_rlb_adamw/rlb_fused_global_rational.jsonl
E2_m0_300m_fineweb,E2_global_rational_optimizers_300m,fineweb,148,E2_global_rational_optimizers_300m_fineweb_m0_300m_seed1337_rlb_muon,1337,rlb_muon,RLB+Muon,rlb_fused_global_rational,muon,9150,9150,300000000,4233.85715023987,70.56428583733117,1.176071430622186,0.43778654693347335,74849.26211078723,False,982175,0,zabih-compute-01,982175:0:1782574608,,,experiments/runs/iclr26_main/E2_global_rational_optimizers_300m/fineweb/E2_global_rational_optimizers_300m_fineweb_m0_300m_seed1337_rlb_muon/rlb_fused_global_rational.jsonl
E2_m0_300m_fineweb,E2_global_rational_optimizers_300m,fineweb,149,E2_global_rational_optimizers_300m_fineweb_m0_300m_seed1337_rlb_lion,1337,rlb_lion,RLB+Lion,rlb_fused_global_rational,lion,9150,9150,300000000,4279.191001788015,71.31985002980024,1.1886641671633373,0.44223922804305293,74095.64308666432,False,982176,0,damle-compute-01,982176:0:1782585181,,,experiments/runs/iclr26_main/E2_global_rational_optimizers_300m/fineweb/E2_global_rational_optimizers_300m_fineweb_m0_300m_seed1337_rlb_lion/rlb_fused_global_rational.jsonl
E2_m0_300m_fineweb,E2_global_rational_optimizers_300m,fineweb,150,E2_global_rational_optimizers_300m_fineweb_m0_300m_seed1337_rlb_soap,1337,rlb_soap,RLB+SOAP,rlb_fused_global_rational,soap_adamw,9150,9150,300000000,4043.4509498625994,67.39084916437666,1.1231808194062776,0.41698829786512875,78582.54096760895,False,982177,0,zabih-compute-01,982177:0:1782578909,,,experiments/runs/iclr26_main/E2_global_rational_optimizers_300m/fineweb/E2_global_rational_optimizers_300m_fineweb_m0_300m_seed1337_rlb_soap/rlb_fused_global_rational.jsonl
E2_m0_300m_fineweb,E2_global_rational_optimizers_300m,fineweb,151,E2_global_rational_optimizers_300m_fineweb_m0_300m_seed1337_rlb_ademamix,1337,rlb_ademamix,RLB+ADeMaMix,rlb_fused_global_rational,ademamix,9150,582,300000000,280.31235320004635,4.671872553334106,0.07786454255556843,0.4527404315203131,72377.01278404554,True,982178,0,damle-compute-01,982178:0:1782589528,,,experiments/runs/iclr26_main/E2_global_rational_optimizers_300m/fineweb/E2_global_rational_optimizers_300m_fineweb_m0_300m_seed1337_rlb_ademamix/rlb_fused_global_rational.jsonl
E2_m0_300m_fineweb,E2_global_rational_optimizers_300m,fineweb,152,E2_global_rational_optimizers_300m_fineweb_m0_300m_seed1337_rlb_came,1337,rlb_came,RLB+CAME,rlb_fused_global_rational,adafactor_came,9150,9150,300000000,4273.053931619972,71.21756552699954,1.1869594254499922,0.44200912689950017,74134.21580195216,False,982179,0,zabih-compute-01,982179:0:1782583003,,,experiments/runs/iclr26_main/E2_global_rational_optimizers_300m/fineweb/E2_global_rational_optimizers_300m_fineweb_m0_300m_seed1337_rlb_came/rlb_fused_global_rational.jsonl
E2_m0_300m_fineweb,E2_global_rational_optimizers_300m,fineweb,153,E2_global_rational_optimizers_300m_fineweb_m0_300m_seed1337_rlb_schedulefree,1337,rlb_schedulefree,RLB+ScheduleFree,rlb_fused_global_rational,schedule_free_adamw,9150,9150,300000000,4351.5492172469385,72.52582028744898,1.208763671457483,0.450130887543225,72796.60406964045,False,982180,0,damle-compute-01,982180:0:1782589861,,,experiments/runs/iclr26_main/E2_global_rational_optimizers_300m/fineweb/E2_global_rational_optimizers_300m_fineweb_m0_300m_seed1337_rlb_schedulefree/rlb_fused_global_rational.jsonl
E2_m0_300m_fineweb,E2_global_rational_optimizers_300m,fineweb,154,E2_global_rational_optimizers_300m_fineweb_m0_300m_seed2027_rlb_adamw,2027,rlb_adamw,RLB+AdamW,rlb_fused_global_rational,adamw,9150,9150,300000000,3936.333878427744,65.6055646404624,1.09342607734104,0.4051468705350076,80879.31163513359,False,982181,0,zabih-compute-01,982181:0:1782587324,,,experiments/runs/iclr26_main/E2_global_rational_optimizers_300m/fineweb/E2_global_rational_optimizers_300m_fineweb_m0_300m_seed2027_rlb_adamw/rlb_fused_global_rational.jsonl
E2_m0_300m_fineweb,E2_global_rational_optimizers_300m,fineweb,155,E2_global_rational_optimizers_300m_fineweb_m0_300m_seed2027_rlb_muon,2027,rlb_muon,RLB+Muon,rlb_fused_global_rational,muon,9150,9150,300000000,4594.906265494996,76.58177109158326,1.2763628515263876,0.4764022987876052,68782.20378741073,False,982182,0,damle-compute-01,982182:0:1782594264,,,experiments/runs/iclr26_main/E2_global_rational_optimizers_300m/fineweb/E2_global_rational_optimizers_300m_fineweb_m0_300m_seed2027_rlb_muon/rlb_fused_global_rational.jsonl
E2_m0_300m_fineweb,E2_global_rational_optimizers_300m,fineweb,156,E2_global_rational_optimizers_300m_fineweb_m0_300m_seed2027_rlb_lion,2027,rlb_lion,RLB+Lion,rlb_fused_global_rational,lion,9150,9150,300000000,3714.6193968895823,61.910323281493035,1.0318387213582172,0.3814711453682326,85899.02643453983,False,982183,0,barcheck-compute-01,982183:0:1782591360,,,experiments/runs/iclr26_main/E2_global_rational_optimizers_300m/fineweb/E2_global_rational_optimizers_300m_fineweb_m0_300m_seed2027_rlb_lion/rlb_fused_global_rational.jsonl
E2_m0_300m_fineweb,E2_global_rational_optimizers_300m,fineweb,157,E2_global_rational_optimizers_300m_fineweb_m0_300m_seed2027_rlb_soap,2027,rlb_soap,RLB+SOAP,rlb_fused_global_rational,soap_adamw,9150,9150,300000000,4413.706354347989,73.56177257246648,1.2260295428744414,0.45672349687548586,71745.81606633076,False,982184,0,damle-compute-01,982184:0:1782598905,,,experiments/runs/iclr26_main/E2_global_rational_optimizers_300m/fineweb/E2_global_rational_optimizers_300m_fineweb_m0_300m_seed2027_rlb_soap/rlb_fused_global_rational.jsonl
E2_m0_300m_fineweb,E2_global_rational_optimizers_300m,fineweb,158,E2_global_rational_optimizers_300m_fineweb_m0_300m_seed2027_rlb_ademamix,2027,rlb_ademamix,RLB+ADeMaMix,rlb_fused_global_rational,ademamix,9150,585,300000000,245.7721578879282,4.09620263146547,0.06827004385775783,0.39289380296229803,83401.67178239868,True,982185,0,barcheck-compute-01,982185:0:1782595125,,,experiments/runs/iclr26_main/E2_global_rational_optimizers_300m/fineweb/E2_global_rational_optimizers_300m_fineweb_m0_300m_seed2027_rlb_ademamix/rlb_fused_global_rational.jsonl
E2_m0_300m_fineweb,E2_global_rational_optimizers_300m,fineweb,159,E2_global_rational_optimizers_300m_fineweb_m0_300m_seed2027_rlb_came,2027,rlb_came,RLB+CAME,rlb_fused_global_rational,adafactor_came,9150,9150,300000000,4650.066953926929,77.50111589878216,1.2916852649797026,0.48272818688970537,67880.8507353371,False,982186,0,damle-compute-01,982186:0:1782603386,,,experiments/runs/iclr26_main/E2_global_rational_optimizers_300m/fineweb/E2_global_rational_optimizers_300m_fineweb_m0_300m_seed2027_rlb_came/rlb_fused_global_rational.jsonl
E2_m0_300m_fineweb,E2_global_rational_optimizers_300m,fineweb,160,E2_global_rational_optimizers_300m_fineweb_m0_300m_seed2027_rlb_schedulefree,2027,rlb_schedulefree,RLB+ScheduleFree,rlb_fused_global_rational,schedule_free_adamw,9150,9150,300000000,3770.686678364873,62.844777972747885,1.0474129662124647,0.38782293160245873,84492.16724912266,False,982187,0,barcheck-compute-01,982187:0:1782595414,,,experiments/runs/iclr26_main/E2_global_rational_optimizers_300m/fineweb/E2_global_rational_optimizers_300m_fineweb_m0_300m_seed2027_rlb_schedulefree/rlb_fused_global_rational.jsonl
E2_m0_300m_fineweb,E2_global_rational_optimizers_300m,fineweb,161,E2_global_rational_optimizers_300m_fineweb_m0_300m_seed3407_rlb_adamw,3407,rlb_adamw,RLB+AdamW,rlb_fused_global_rational,adamw,9150,9150,300000000,4306.214383089915,71.77023971816524,1.1961706619694208,0.445195560686139,73603.60905103746,False,982188,0,damle-compute-01,982188:0:1782608106,,,experiments/runs/iclr26_main/E2_global_rational_optimizers_300m/fineweb/E2_global_rational_optimizers_300m_fineweb_m0_300m_seed3407_rlb_adamw/rlb_fused_global_rational.jsonl
E2_m0_300m_fineweb,E2_global_rational_optimizers_300m,fineweb,162,E2_global_rational_optimizers_300m_fineweb_m0_300m_seed3407_rlb_muon,3407,rlb_muon,RLB+Muon,rlb_fused_global_rational,muon,9150,9150,300000000,4018.730795619078,66.9788465936513,1.1163141098941882,0.4148620184421328,78985.29762509618,False,982189,0,barcheck-compute-01,982189:0:1782599237,,,experiments/runs/iclr26_main/E2_global_rational_optimizers_300m/fineweb/E2_global_rational_optimizers_300m_fineweb_m0_300m_seed3407_rlb_muon/rlb_fused_global_rational.jsonl
E2_m0_300m_fineweb,E2_global_rational_optimizers_300m,fineweb,163,E2_global_rational_optimizers_300m_fineweb_m0_300m_seed3407_rlb_lion,3407,rlb_lion,RLB+Lion,rlb_fused_global_rational,lion,9150,9150,300000000,4277.339777417015,71.28899629028359,1.1881499381713931,0.4421181466912254,74115.93540150506,False,982190,0,damle-compute-01,982190:0:1782612462,,,experiments/runs/iclr26_main/E2_global_rational_optimizers_300m/fineweb/E2_global_rational_optimizers_300m_fineweb_m0_300m_seed3407_rlb_lion/rlb_fused_global_rational.jsonl
E2_m0_300m_fineweb,E2_global_rational_optimizers_300m,fineweb,164,E2_global_rational_optimizers_300m_fineweb_m0_300m_seed3407_rlb_soap,3407,rlb_soap,RLB+SOAP,rlb_fused_global_rational,soap_adamw,9150,9150,300000000,3820.927660631947,63.68212767719912,1.0613687946199852,0.39333722144202365,83307.65107829968,False,982191,0,barcheck-compute-01,982191:0:1782603325,,,experiments/runs/iclr26_main/E2_global_rational_optimizers_300m/fineweb/E2_global_rational_optimizers_300m_fineweb_m0_300m_seed3407_rlb_soap/rlb_fused_global_rational.jsonl
E2_m0_300m_fineweb,E2_global_rational_optimizers_300m,fineweb,165,E2_global_rational_optimizers_300m_fineweb_m0_300m_seed3407_rlb_ademamix,3407,rlb_ademamix,RLB+ADeMaMix,rlb_fused_global_rational,ademamix,9150,609,300000000,294.60706240299623,4.910117706716604,0.0818352951119434,0.4550009777432921,72017.4276603147,True,982193,0,damle-compute-01,982193:0:1782616789,,,experiments/runs/iclr26_main/E2_global_rational_optimizers_300m/fineweb/E2_global_rational_optimizers_300m_fineweb_m0_300m_seed3407_rlb_ademamix/rlb_fused_global_rational.jsonl
E2_m0_300m_fineweb,E2_global_rational_optimizers_300m,fineweb,166,E2_global_rational_optimizers_300m_fineweb_m0_300m_seed3407_rlb_came,3407,rlb_came,RLB+CAME,rlb_fused_global_rational,adafactor_came,9150,9150,300000000,4038.791282554157,67.31318804256928,1.1218864673761548,0.41720573861913696,78541.5850425624,False,982194,0,barcheck-compute-01,982194:0:1782607186,,,experiments/runs/iclr26_main/E2_global_rational_optimizers_300m/fineweb/E2_global_rational_optimizers_300m_fineweb_m0_300m_seed3407_rlb_came/rlb_fused_global_rational.jsonl
E2_m0_300m_fineweb,E2_global_rational_optimizers_300m,fineweb,167,E2_global_rational_optimizers_300m_fineweb_m0_300m_seed3407_rlb_schedulefree,3407,rlb_schedulefree,RLB+ScheduleFree,rlb_fused_global_rational,schedule_free_adamw,9150,9150,300000000,4327.364472182933,72.12274120304889,1.2020456867174814,0.44764535653910525,73200.80398764834,False,982195,0,damle-compute-01,982195:0:1782617151,,,experiments/runs/iclr26_main/E2_global_rational_optimizers_300m/fineweb/E2_global_rational_optimizers_300m_fineweb_m0_300m_seed3407_rlb_schedulefree/rlb_fused_global_rational.jsonl
E2_m0_300m_fineweb,E2_m0_300m,fineweb,330,E2_m0_300m_fineweb_m0_300m_seed1337_silu_adamw,1337,silu_adamw,SiLU+AdamW,silu,adamw,9150,9150,300000000,3612.3072668480454,60.20512111413409,1.0034186852355682,0.377522874915371,86797.38944917066,False,,,,,,,experiments/runs/iclr26_main/E2_m0_300m/fineweb/E2_m0_300m_fineweb_m0_300m_seed1337_silu_adamw/silu.jsonl
E2_m0_300m_fineweb,E2_m0_300m,fineweb,332,E2_m0_300m_fineweb_m0_300m_seed1337_silu_muon,1337,silu_muon,SiLU+Muon,silu,muon,9150,9150,300000000,3937.7108183060773,65.62851363843463,1.093808560640577,0.413456282443204,79253.84470243551,False,,,,,,,experiments/runs/iclr26_main/E2_m0_300m/fineweb/E2_m0_300m_fineweb_m0_300m_seed1337_silu_muon/silu.jsonl
E2_m0_300m_fineweb,E2_m0_300m,fineweb,334,E2_m0_300m_fineweb_m0_300m_seed1337_silu_lion,1337,silu_lion,SiLU+Lion,silu,lion,9150,9150,300000000,3660.688164833002,61.01146941388336,1.0168578235647228,0.38320723230006737,85509.8683898045,False,,,,,,,experiments/runs/iclr26_main/E2_m0_300m/fineweb/E2_m0_300m_fineweb_m0_300m_seed1337_silu_lion/silu.jsonl
E2_m0_300m_fineweb,E2_m0_300m,fineweb,336,E2_m0_300m_fineweb_m0_300m_seed1337_silu_soap,1337,silu_soap,SiLU+SOAP,silu,soap_adamw,9150,9150,300000000,4299.864276972017,71.66440461620029,1.194406743603338,0.45278228314234703,72370.32282400127,False,,,,,,,experiments/runs/iclr26_main/E2_m0_300m/fineweb/E2_m0_300m_fineweb_m0_300m_seed1337_silu_soap/silu.jsonl
E2_m0_300m_fineweb,E2_m0_300m,fineweb,338,E2_m0_300m_fineweb_m0_300m_seed1337_silu_ademamix,1337,silu_ademamix,SiLU+ADeMaMix,silu,ademamix,9150,9150,300000000,18959.87016034394,315.9978360057323,5.266630600095539,1.9758627610082904,16584.147769088155,False,,,,,,,experiments/runs/iclr26_main/E2_m0_300m/fineweb/E2_m0_300m_fineweb_m0_300m_seed1337_silu_ademamix/silu.jsonl
E2_m0_300m_fineweb,E2_m0_300m,fineweb,340,E2_m0_300m_fineweb_m0_300m_seed1337_silu_came,1337,silu_came,SiLU+CAME,silu,adafactor_came,9150,9150,300000000,18471.476183083025,307.8579363847171,5.1309656064119515,2.001467995809688,16371.982998780753,False,,,,,,,experiments/runs/iclr26_main/E2_m0_300m/fineweb/E2_m0_300m_fineweb_m0_300m_seed1337_silu_came/silu.jsonl
E2_m0_300m_fineweb,E2_m0_300m,fineweb,342,E2_m0_300m_fineweb_m0_300m_seed1337_silu_schedulefree,1337,silu_schedulefree,SiLU+ScheduleFree,silu,schedule_free_adamw,9150,9150,300000000,3680.875290950993,61.34792151584988,1.022465358597498,0.38542418080266716,85018.01815277606,False,,,,,,,experiments/runs/iclr26_main/E2_m0_300m/fineweb/E2_m0_300m_fineweb_m0_300m_seed1337_silu_schedulefree/silu.jsonl
E2_m0_300m_fineweb,E2_m0_300m,fineweb,345,E2_m0_300m_fineweb_m0_300m_seed2027_silu_adamw,2027,silu_adamw,SiLU+AdamW,silu,adamw,9150,9150,300000000,5826.228823352023,97.10381372253372,1.6183968953755619,0.6202367218760335,52831.44135820666,False,,,,,,,experiments/runs/iclr26_main/E2_m0_300m/fineweb/E2_m0_300m_fineweb_m0_300m_seed2027_silu_adamw/silu.jsonl
E2_m0_300m_fineweb,E2_m0_300m,fineweb,347,E2_m0_300m_fineweb_m0_300m_seed2027_silu_muon,2027,silu_muon,SiLU+Muon,silu,muon,9150,9150,300000000,3999.3737585759955,66.65622930959992,1.1109371551599987,0.42003161703921144,78013.17489140583,False,,,,,,,experiments/runs/iclr26_main/E2_m0_300m/fineweb/E2_m0_300m_fineweb_m0_300m_seed2027_silu_muon/silu.jsonl
E2_m0_300m_fineweb,E2_m0_300m,fineweb,349,E2_m0_300m_fineweb_m0_300m_seed2027_silu_lion,2027,silu_lion,SiLU+Lion,silu,lion,9150,9150,300000000,3660.960708917002,61.01601181528337,1.0169335302547229,0.3829520090589106,85566.85753007555,False,,,,,,,experiments/runs/iclr26_main/E2_m0_300m/fineweb/E2_m0_300m_fineweb_m0_300m_seed2027_silu_lion/silu.jsonl
E2_m0_300m_fineweb,E2_m0_300m,fineweb,351,E2_m0_300m_fineweb_m0_300m_seed2027_silu_soap,2027,silu_soap,SiLU+SOAP,silu,soap_adamw,9150,9150,300000000,4373.704959726019,72.89508266210032,1.2149180443683387,0.46024839645721366,71196.33713497626,False,,,,,,,experiments/runs/iclr26_main/E2_m0_300m/fineweb/E2_m0_300m_fineweb_m0_300m_seed2027_silu_soap/silu.jsonl
E2_m0_300m_fineweb,E2_m0_300m,fineweb,353,E2_m0_300m_fineweb_m0_300m_seed2027_silu_ademamix,2027,silu_ademamix,SiLU+ADeMaMix,silu,ademamix,9150,9150,300000000,3754.3302414150094,62.572170690250154,1.0428695115041693,0.39275407284556646,83431.34359521867,False,,,,,,,experiments/runs/iclr26_main/E2_m0_300m/fineweb/E2_m0_300m_fineweb_m0_300m_seed2027_silu_ademamix/silu.jsonl
E2_m0_300m_fineweb,E2_m0_300m,fineweb,355,E2_m0_300m_fineweb_m0_300m_seed2027_silu_came,2027,silu_came,SiLU+CAME,silu,adafactor_came,9150,9150,300000000,3995.1413440880133,66.58568906813356,1.1097614844688926,0.4190478160486879,78196.32687500461,False,,,,,,,experiments/runs/iclr26_main/E2_m0_300m/fineweb/E2_m0_300m_fineweb_m0_300m_seed2027_silu_came/silu.jsonl
E2_m0_300m_fineweb,E2_m0_300m,fineweb,357,E2_m0_300m_fineweb_m0_300m_seed2027_silu_schedulefree,2027,silu_schedulefree,SiLU+ScheduleFree,silu,schedule_free_adamw,9150,9150,300000000,3699.9867339080083,61.66644556513347,1.0277740927522245,0.38741906287638445,84580.2469210335,False,,,,,,,experiments/runs/iclr26_main/E2_m0_300m/fineweb/E2_m0_300m_fineweb_m0_300m_seed2027_silu_schedulefree/silu.jsonl
E2_m0_300m_fineweb,E2_m0_300m,fineweb,360,E2_m0_300m_fineweb_m0_300m_seed3407_silu_adamw,3407,silu_adamw,SiLU+AdamW,silu,adamw,9150,9150,300000000,4315.707936826977,71.92846561378295,1.1988077602297158,0.45425366243488063,72135.90711488748,False,,,,,,,experiments/runs/iclr26_main/E2_m0_300m/fineweb/E2_m0_300m_fineweb_m0_300m_seed3407_silu_adamw/silu.jsonl
E2_m0_300m_fineweb,E2_m0_300m,fineweb,362,E2_m0_300m_fineweb_m0_300m_seed3407_silu_muon,3407,silu_muon,SiLU+Muon,silu,muon,9150,9150,300000000,4608.559459091979,76.80932431819966,1.2801554053033275,0.48210397890593015,67968.74000990938,False,,,,,,,experiments/runs/iclr26_main/E2_m0_300m/fineweb/E2_m0_300m_fineweb_m0_300m_seed3407_silu_muon/silu.jsonl
E2_m0_300m_fineweb,E2_m0_300m,fineweb,364,E2_m0_300m_fineweb_m0_300m_seed3407_silu_lion,3407,silu_lion,SiLU+Lion,silu,lion,9150,9150,300000000,4313.551263974048,71.89252106623414,1.1982086844372357,0.4535358827127176,72250.0716018454,False,,,,,,,experiments/runs/iclr26_main/E2_m0_300m/fineweb/E2_m0_300m_fineweb_m0_300m_seed3407_silu_lion/silu.jsonl
E2_m0_300m_fineweb,E2_m0_300m,fineweb,366,E2_m0_300m_fineweb_m0_300m_seed3407_silu_soap,3407,silu_soap,SiLU+SOAP,silu,soap_adamw,9150,9150,300000000,4348.7897287560045,72.47982881260008,1.207997146876668,0.4581484768077061,71522.66494111552,False,,,,,,,experiments/runs/iclr26_main/E2_m0_300m/fineweb/E2_m0_300m_fineweb_m0_300m_seed3407_silu_soap/silu.jsonl
E2_m0_300m_fineweb,E2_m0_300m,fineweb,368,E2_m0_300m_fineweb_m0_300m_seed3407_silu_ademamix,3407,silu_ademamix,SiLU+ADeMaMix,silu,ademamix,9150,9150,300000000,4399.114923010056,73.3185820501676,1.2219763675027935,0.40678484235716955,80553.64061778066,False,,,,,,,experiments/runs/iclr26_main/E2_m0_300m/fineweb/E2_m0_300m_fineweb_m0_300m_seed3407_silu_ademamix/silu.jsonl
E2_m0_300m_fineweb,E2_m0_300m,fineweb,370,E2_m0_300m_fineweb_m0_300m_seed3407_silu_came,3407,silu_came,SiLU+CAME,silu,adafactor_came,9150,9150,300000000,4025.190561395022,67.0865093565837,1.118108489276395,0.422371385209172,77581.0131734474,False,,,,,,,experiments/runs/iclr26_main/E2_m0_300m/fineweb/E2_m0_300m_fineweb_m0_300m_seed3407_silu_came/silu.jsonl
E2_m0_300m_fineweb,E2_m0_300m,fineweb,372,E2_m0_300m_fineweb_m0_300m_seed3407_silu_schedulefree,3407,silu_schedulefree,SiLU+ScheduleFree,silu,schedule_free_adamw,9150,9150,300000000,3725.8326400100486,62.097210666834144,1.0349535111139023,0.38975082574762426,84074.22854626174,False,,,,,,,experiments/runs/iclr26_main/E2_m0_300m/fineweb/E2_m0_300m_fineweb_m0_300m_seed3407_silu_schedulefree/silu.jsonl
E2_m0_300m_fineweb_edu,E2_rational_only_300m,fineweb_edu,18,E2_rational_only_300m_fineweb_edu_m0_300m_seed1337_rlb_rational_only_matrixpolicy,1337,rlb_matrixpolicy_original,RLB+MatrixPolicy,rlb_fused_global_rational,rational_matrix_policy_onpolicy,9150,9150,300000000,4028.7659684650134,67.14609947441689,1.1191016579069482,0.4164541069873924,78683.33977311937,False,,,,,,,experiments/runs/iclr26_main/E2_rational_only_300m/fineweb_edu/E2_rational_only_300m_fineweb_edu_m0_300m_seed1337_rlb_rational_only_matrixpolicy/rlb_fused_global_rational.jsonl
E2_m0_300m_fineweb_edu,E2_rational_only_300m,fineweb_edu,19,E2_rational_only_300m_fineweb_edu_m0_300m_seed2027_rlb_rational_only_matrixpolicy,2027,rlb_matrixpolicy_original,RLB+MatrixPolicy,rlb_fused_global_rational,rational_matrix_policy_onpolicy,9150,9150,300000000,3756.2747312879656,62.60457885479943,1.0434096475799903,0.38846900716181865,84351.64555186853,False,,,,,,,experiments/runs/iclr26_main/E2_rational_only_300m/fineweb_edu/E2_rational_only_300m_fineweb_edu_m0_300m_seed2027_rlb_rational_only_matrixpolicy/rlb_fused_global_rational.jsonl
E2_m0_300m_fineweb_edu,E2_rational_only_300m,fineweb_edu,20,E2_rational_only_300m_fineweb_edu_m0_300m_seed3407_rlb_rational_only_matrixpolicy,3407,rlb_matrixpolicy_original,RLB+MatrixPolicy,rlb_fused_global_rational,rational_matrix_policy_onpolicy,9150,9150,300000000,4024.7535074539483,67.07922512423247,1.1179870854038745,0.416037351886669,78762.1588576167,False,,,,,,,experiments/runs/iclr26_main/E2_rational_only_300m/fineweb_edu/E2_rational_only_300m_fineweb_edu_m0_300m_seed3407_rlb_rational_only_matrixpolicy/rlb_fused_global_rational.jsonl
E2_m0_300m_fineweb_edu,E2_global_rational_optimizers_300m,fineweb_edu,126,E2_global_rational_optimizers_300m_fineweb_edu_m0_300m_seed1337_rlb_adamw,1337,rlb_adamw,RLB+AdamW,rlb_fused_global_rational,adamw,9150,9150,300000000,4098.895463807974,68.31492439679957,1.1385820732799927,0.4209648225471625,77840.23330436087,False,982153,0,lancer-compute-01,982153:0:1782535259,,,experiments/runs/iclr26_main/E2_global_rational_optimizers_300m/fineweb_edu/E2_global_rational_optimizers_300m_fineweb_edu_m0_300m_seed1337_rlb_adamw/rlb_fused_global_rational.jsonl
E2_m0_300m_fineweb_edu,E2_global_rational_optimizers_300m,fineweb_edu,127,E2_global_rational_optimizers_300m_fineweb_edu_m0_300m_seed1337_rlb_muon,1337,rlb_muon,RLB+Muon,rlb_fused_global_rational,muon,9150,9150,300000000,4852.05054647394,80.867509107899,1.3477918184649833,0.5026117706425542,65195.44888116804,False,982154,0,ellis-compute-02,982154:0:1782541068,,,experiments/runs/iclr26_main/E2_global_rational_optimizers_300m/fineweb_edu/E2_global_rational_optimizers_300m_fineweb_edu_m0_300m_seed1337_rlb_muon/rlb_fused_global_rational.jsonl
E2_m0_300m_fineweb_edu,E2_global_rational_optimizers_300m,fineweb_edu,128,E2_global_rational_optimizers_300m_fineweb_edu_m0_300m_seed1337_rlb_lion,1337,rlb_lion,RLB+Lion,rlb_fused_global_rational,lion,9150,9150,300000000,4066.50351833296,67.77505863888267,1.1295843106480445,0.41777418407571065,78434.71724442804,False,982155,0,lancer-compute-01,982155:0:1782539409,,,experiments/runs/iclr26_main/E2_global_rational_optimizers_300m/fineweb_edu/E2_global_rational_optimizers_300m_fineweb_edu_m0_300m_seed1337_rlb_lion/rlb_fused_global_rational.jsonl
E2_m0_300m_fineweb_edu,E2_global_rational_optimizers_300m,fineweb_edu,129,E2_global_rational_optimizers_300m_fineweb_edu_m0_300m_seed1337_rlb_soap,1337,rlb_soap,RLB+SOAP,rlb_fused_global_rational,soap_adamw,9150,9150,300000000,4030.4556491505355,67.17426081917559,1.1195710136529264,0.4154742493341535,78868.90716455854,False,982156,0,zabih-compute-01,982156:0:1782545973,,,experiments/runs/iclr26_main/E2_global_rational_optimizers_300m/fineweb_edu/E2_global_rational_optimizers_300m_fineweb_edu_m0_300m_seed1337_rlb_soap/rlb_fused_global_rational.jsonl
E2_m0_300m_fineweb_edu,E2_global_rational_optimizers_300m,fineweb_edu,130,E2_global_rational_optimizers_300m_fineweb_edu_m0_300m_seed1337_rlb_ademamix,1337,rlb_ademamix,RLB+ADeMaMix,rlb_fused_global_rational,ademamix,9150,676,300000000,304.56785428896546,5.076130904816091,0.08460218174693485,0.4161118532318605,78748.05715217498,True,982157,0,zabih-compute-01,982157:0:1782543554,,,experiments/runs/iclr26_main/E2_global_rational_optimizers_300m/fineweb_edu/E2_global_rational_optimizers_300m_fineweb_edu_m0_300m_seed1337_rlb_ademamix/rlb_fused_global_rational.jsonl
E2_m0_300m_fineweb_edu,E2_global_rational_optimizers_300m,fineweb_edu,131,E2_global_rational_optimizers_300m_fineweb_edu_m0_300m_seed1337_rlb_came,1337,rlb_came,RLB+CAME,rlb_fused_global_rational,adafactor_came,9150,9150,300000000,4263.958421327174,71.06597368878623,1.1844328948131038,0.4410789865034975,74290.548864631,False,982158,0,zabih-compute-01,982158:0:1782550051,,,experiments/runs/iclr26_main/E2_global_rational_optimizers_300m/fineweb_edu/E2_global_rational_optimizers_300m_fineweb_edu_m0_300m_seed1337_rlb_came/rlb_fused_global_rational.jsonl
E2_m0_300m_fineweb_edu,E2_global_rational_optimizers_300m,fineweb_edu,132,E2_global_rational_optimizers_300m_fineweb_edu_m0_300m_seed1337_rlb_schedulefree,1337,rlb_schedulefree,RLB+ScheduleFree,rlb_fused_global_rational,schedule_free_adamw,9150,9150,300000000,4436.505174987949,73.94175291646583,1.2323625486077638,0.4588881701340353,71407.37576745308,False,982159,0,damle-compute-01,982159:0:1782543956,,,experiments/runs/iclr26_main/E2_global_rational_optimizers_300m/fineweb_edu/E2_global_rational_optimizers_300m_fineweb_edu_m0_300m_seed1337_rlb_schedulefree/rlb_fused_global_rational.jsonl
E2_m0_300m_fineweb_edu,E2_global_rational_optimizers_300m,fineweb_edu,133,E2_global_rational_optimizers_300m_fineweb_edu_m0_300m_seed2027_rlb_adamw,2027,rlb_adamw,RLB+AdamW,rlb_fused_global_rational,adamw,9150,9150,300000000,3920.6808342039585,65.34468057006598,1.0890780095010997,0.40367267351676983,81174.67975854629,False,982160,0,zabih-compute-01,982160:0:1782554371,,,experiments/runs/iclr26_main/E2_global_rational_optimizers_300m/fineweb_edu/E2_global_rational_optimizers_300m_fineweb_edu_m0_300m_seed2027_rlb_adamw/rlb_fused_global_rational.jsonl
E2_m0_300m_fineweb_edu,E2_global_rational_optimizers_300m,fineweb_edu,134,E2_global_rational_optimizers_300m_fineweb_edu_m0_300m_seed2027_rlb_muon,2027,rlb_muon,RLB+Muon,rlb_fused_global_rational,muon,9150,9150,300000000,4597.782558461069,76.62970930768448,1.2771618217947414,0.47671976784332526,68736.39863570595,False,982161,0,damle-compute-01,982161:0:1782548474,,,experiments/runs/iclr26_main/E2_global_rational_optimizers_300m/fineweb_edu/E2_global_rational_optimizers_300m_fineweb_edu_m0_300m_seed2027_rlb_muon/rlb_fused_global_rational.jsonl
E2_m0_300m_fineweb_edu,E2_global_rational_optimizers_300m,fineweb_edu,135,E2_global_rational_optimizers_300m_fineweb_edu_m0_300m_seed2027_rlb_lion,2027,rlb_lion,RLB+Lion,rlb_fused_global_rational,lion,9150,9150,300000000,3916.3434965591878,65.2723916093198,1.0878731934886632,0.40298039331123797,81314.12977874573,False,982162,0,zabih-compute-01,982162:0:1782558333,,,experiments/runs/iclr26_main/E2_global_rational_optimizers_300m/fineweb_edu/E2_global_rational_optimizers_300m_fineweb_edu_m0_300m_seed2027_rlb_lion/rlb_fused_global_rational.jsonl
E2_m0_300m_fineweb_edu,E2_global_rational_optimizers_300m,fineweb_edu,136,E2_global_rational_optimizers_300m_fineweb_edu_m0_300m_seed2027_rlb_soap,2027,rlb_soap,RLB+SOAP,rlb_fused_global_rational,soap_adamw,9150,9150,300000000,4404.1514400929445,73.40252400154908,1.223375400025818,0.4556760284044648,71910.7391159814,False,982163,0,damle-compute-01,982163:0:1782553133,,,experiments/runs/iclr26_main/E2_global_rational_optimizers_300m/fineweb_edu/E2_global_rational_optimizers_300m_fineweb_edu_m0_300m_seed2027_rlb_soap/rlb_fused_global_rational.jsonl
E2_m0_300m_fineweb_edu,E2_global_rational_optimizers_300m,fineweb_edu,137,E2_global_rational_optimizers_300m_fineweb_edu_m0_300m_seed2027_rlb_ademamix,2027,rlb_ademamix,RLB+ADeMaMix,rlb_fused_global_rational,ademamix,9150,593,300000000,285.5533077670261,4.759221796117102,0.07932036326861837,0.4531226298959093,72315.96446093946,True,982164,0,damle-compute-01,982164:0:1782562295,,,experiments/runs/iclr26_main/E2_global_rational_optimizers_300m/fineweb_edu/E2_global_rational_optimizers_300m_fineweb_edu_m0_300m_seed2027_rlb_ademamix/rlb_fused_global_rational.jsonl
E2_m0_300m_fineweb_edu,E2_global_rational_optimizers_300m,fineweb_edu,138,E2_global_rational_optimizers_300m_fineweb_edu_m0_300m_seed2027_rlb_came,2027,rlb_came,RLB+CAME,rlb_fused_global_rational,adafactor_came,9150,9150,300000000,4640.46354201599,77.34105903359983,1.2890176505599973,0.4814225518840359,68064.94600588028,False,982165,0,damle-compute-01,982165:0:1782557597,,,experiments/runs/iclr26_main/E2_global_rational_optimizers_300m/fineweb_edu/E2_global_rational_optimizers_300m_fineweb_edu_m0_300m_seed2027_rlb_came/rlb_fused_global_rational.jsonl
E2_m0_300m_fineweb_edu,E2_global_rational_optimizers_300m,fineweb_edu,139,E2_global_rational_optimizers_300m_fineweb_edu_m0_300m_seed2027_rlb_schedulefree,2027,rlb_schedulefree,RLB+ScheduleFree,rlb_fused_global_rational,schedule_free_adamw,9150,9150,300000000,4351.141662595095,72.51902770991825,1.208650461831971,0.44970516157648416,72865.51901056386,False,982166,0,damle-compute-01,982166:0:1782562628,,,experiments/runs/iclr26_main/E2_global_rational_optimizers_300m/fineweb_edu/E2_global_rational_optimizers_300m_fineweb_edu_m0_300m_seed2027_rlb_schedulefree/rlb_fused_global_rational.jsonl
E2_m0_300m_fineweb_edu,E2_global_rational_optimizers_300m,fineweb_edu,140,E2_global_rational_optimizers_300m_fineweb_edu_m0_300m_seed3407_rlb_adamw,3407,rlb_adamw,RLB+AdamW,rlb_fused_global_rational,adamw,9150,9150,300000000,3926.711425740272,65.44519042900453,1.0907531738167422,0.40440421391659387,81027.84014698278,False,982167,0,zabih-compute-01,982167:0:1782562294,,,experiments/runs/iclr26_main/E2_global_rational_optimizers_300m/fineweb_edu/E2_global_rational_optimizers_300m_fineweb_edu_m0_300m_seed3407_rlb_adamw/rlb_fused_global_rational.jsonl
E2_m0_300m_fineweb_edu,E2_global_rational_optimizers_300m,fineweb_edu,141,E2_global_rational_optimizers_300m_fineweb_edu_m0_300m_seed3407_rlb_muon,3407,rlb_muon,RLB+Muon,rlb_fused_global_rational,muon,9150,9150,300000000,4596.245493797003,76.60409156328339,1.2767348593880565,0.47629978887193486,68797.00719080205,False,982168,0,damle-compute-01,982168:0:1782567041,,,experiments/runs/iclr26_main/E2_global_rational_optimizers_300m/fineweb_edu/E2_global_rational_optimizers_300m_fineweb_edu_m0_300m_seed3407_rlb_muon/rlb_fused_global_rational.jsonl
E2_m0_300m_fineweb_edu,E2_global_rational_optimizers_300m,fineweb_edu,142,E2_global_rational_optimizers_300m_fineweb_edu_m0_300m_seed3407_rlb_lion,3407,rlb_lion,RLB+Lion,rlb_fused_global_rational,lion,9150,9150,300000000,3910.441621735692,65.1740270289282,1.08623378381547,0.40257947031080626,81395.10933009547,False,982169,0,zabih-compute-01,982169:0:1782566282,,,experiments/runs/iclr26_main/E2_global_rational_optimizers_300m/fineweb_edu/E2_global_rational_optimizers_300m_fineweb_edu_m0_300m_seed3407_rlb_lion/rlb_fused_global_rational.jsonl
E2_m0_300m_fineweb_edu,E2_global_rational_optimizers_300m,fineweb_edu,143,E2_global_rational_optimizers_300m_fineweb_edu_m0_300m_seed3407_rlb_soap,3407,rlb_soap,RLB+SOAP,rlb_fused_global_rational,soap_adamw,9150,9150,300000000,4415.460892456002,73.59101487426669,1.2265169145711114,0.45694848367379914,71710.49072435926,False,982170,0,damle-compute-01,982170:0:1782571702,,,experiments/runs/iclr26_main/E2_global_rational_optimizers_300m/fineweb_edu/E2_global_rational_optimizers_300m_fineweb_edu_m0_300m_seed3407_rlb_soap/rlb_fused_global_rational.jsonl
E2_m0_300m_fineweb_edu,E2_global_rational_optimizers_300m,fineweb_edu,144,E2_global_rational_optimizers_300m_fineweb_edu_m0_300m_seed3407_rlb_ademamix,3407,rlb_ademamix,RLB+ADeMaMix,rlb_fused_global_rational,ademamix,9150,583,300000000,259.1905634198338,4.319842723663896,0.07199737872773161,0.41641690803749754,78690.3686366388,True,982171,0,zabih-compute-01,982171:0:1782570236,,,experiments/runs/iclr26_main/E2_global_rational_optimizers_300m/fineweb_edu/E2_global_rational_optimizers_300m_fineweb_edu_m0_300m_seed3407_rlb_ademamix/rlb_fused_global_rational.jsonl
E2_m0_300m_fineweb_edu,E2_global_rational_optimizers_300m,fineweb_edu,145,E2_global_rational_optimizers_300m_fineweb_edu_m0_300m_seed3407_rlb_came,3407,rlb_came,RLB+CAME,rlb_fused_global_rational,adafactor_came,9150,9150,300000000,4635.766926972079,77.26278211620132,1.287713035270022,0.4810401556881383,68119.05329010355,False,982172,0,damle-compute-01,982172:0:1782576162,,,experiments/runs/iclr26_main/E2_global_rational_optimizers_300m/fineweb_edu/E2_global_rational_optimizers_300m_fineweb_edu_m0_300m_seed3407_rlb_came/rlb_fused_global_rational.jsonl
E2_m0_300m_fineweb_edu,E2_global_rational_optimizers_300m,fineweb_edu,146,E2_global_rational_optimizers_300m_fineweb_edu_m0_300m_seed3407_rlb_schedulefree,3407,rlb_schedulefree,RLB+ScheduleFree,rlb_fused_global_rational,schedule_free_adamw,9150,9150,300000000,3994.380021357909,66.57300035596515,1.1095500059327525,0.41172659374720544,79586.79496937987,False,982173,0,zabih-compute-01,982173:0:1782570543,,,experiments/runs/iclr26_main/E2_global_rational_optimizers_300m/fineweb_edu/E2_global_rational_optimizers_300m_fineweb_edu_m0_300m_seed3407_rlb_schedulefree/rlb_fused_global_rational.jsonl
E2_m0_300m_fineweb_edu,E2_m0_300m,fineweb_edu,285,E2_m0_300m_fineweb_edu_m0_300m_seed1337_silu_adamw,1337,silu_adamw,SiLU+AdamW,silu,adamw,9150,9150,300000000,4478.390575045953,74.63984291743255,1.243997381957209,0.4720334193301237,69418.81370709307,False,,,,,,,experiments/runs/iclr26_main/E2_m0_300m/fineweb_edu/E2_m0_300m_fineweb_edu_m0_300m_seed1337_silu_adamw/silu.jsonl
E2_m0_300m_fineweb_edu,E2_m0_300m,fineweb_edu,287,E2_m0_300m_fineweb_edu_m0_300m_seed1337_silu_muon,1337,silu_muon,SiLU+Muon,silu,muon,9150,9150,300000000,3829.926972479996,63.83211620799993,1.0638686034666656,0.40044745649280805,81828.46330699195,False,,,,,,,experiments/runs/iclr26_main/E2_m0_300m/fineweb_edu/E2_m0_300m_fineweb_edu_m0_300m_seed1337_silu_muon/silu.jsonl
E2_m0_300m_fineweb_edu,E2_m0_300m,fineweb_edu,289,E2_m0_300m_fineweb_edu_m0_300m_seed1337_silu_lion,1337,silu_lion,SiLU+Lion,silu,lion,9150,9150,300000000,4865.01047970308,81.08350799505133,1.3513917999175222,0.5145130502599041,63687.4030375855,False,,,,,,,experiments/runs/iclr26_main/E2_m0_300m/fineweb_edu/E2_m0_300m_fineweb_edu_m0_300m_seed1337_silu_lion/silu.jsonl
E2_m0_300m_fineweb_edu,E2_m0_300m,fineweb_edu,291,E2_m0_300m_fineweb_edu_m0_300m_seed1337_silu_soap,1337,silu_soap,SiLU+SOAP,silu,soap_adamw,9150,9150,300000000,5627.440904636984,93.79068174394973,1.5631780290658288,0.5914136167214786,55406.23190526203,False,,,,,,,experiments/runs/iclr26_main/E2_m0_300m/fineweb_edu/E2_m0_300m_fineweb_edu_m0_300m_seed1337_silu_soap/silu.jsonl
E2_m0_300m_fineweb_edu,E2_m0_300m,fineweb_edu,293,E2_m0_300m_fineweb_edu_m0_300m_seed1337_silu_ademamix,1337,silu_ademamix,SiLU+ADeMaMix,silu,ademamix,9150,9150,300000000,5817.826523253927,96.96377538756545,1.6160629231260908,0.5201417860128199,62998.20718343973,False,,,,,,,experiments/runs/iclr26_main/E2_m0_300m/fineweb_edu/E2_m0_300m_fineweb_edu_m0_300m_seed1337_silu_ademamix/silu.jsonl
E2_m0_300m_fineweb_edu,E2_m0_300m,fineweb_edu,295,E2_m0_300m_fineweb_edu_m0_300m_seed1337_silu_came,1337,silu_came,SiLU+CAME,silu,adafactor_came,9150,9150,300000000,5216.1804975119885,86.9363416251998,1.4489390270866636,0.5517879357084987,59385.13309089607,False,,,,,,,experiments/runs/iclr26_main/E2_m0_300m/fineweb_edu/E2_m0_300m_fineweb_edu_m0_300m_seed1337_silu_came/silu.jsonl
E2_m0_300m_fineweb_edu,E2_m0_300m,fineweb_edu,297,E2_m0_300m_fineweb_edu_m0_300m_seed1337_silu_schedulefree,1337,silu_schedulefree,SiLU+ScheduleFree,silu,schedule_free_adamw,9150,9150,300000000,4944.088483582018,82.40147472636697,1.3733579121061161,0.5228670079111615,62669.85582224285,False,,,,,,,experiments/runs/iclr26_main/E2_m0_300m/fineweb_edu/E2_m0_300m_fineweb_edu_m0_300m_seed1337_silu_schedulefree/silu.jsonl
E2_m0_300m_fineweb_edu,E2_m0_300m,fineweb_edu,300,E2_m0_300m_fineweb_edu_m0_300m_seed2027_silu_adamw,2027,silu_adamw,SiLU+AdamW,silu,adamw,9150,9150,300000000,5366.302551058005,89.43837585096675,1.4906395975161124,0.5684971190515463,57639.69403164009,False,,,,,,,experiments/runs/iclr26_main/E2_m0_300m/fineweb_edu/E2_m0_300m_fineweb_edu_m0_300m_seed2027_silu_adamw/silu.jsonl
E2_m0_300m_fineweb_edu,E2_m0_300m,fineweb_edu,302,E2_m0_300m_fineweb_edu_m0_300m_seed2027_silu_muon,2027,silu_muon,SiLU+Muon,silu,muon,9150,9150,300000000,5254.095546065015,87.56825910108358,1.4594709850180596,0.5537680119354081,59172.793107851234,False,,,,,,,experiments/runs/iclr26_main/E2_m0_300m/fineweb_edu/E2_m0_300m_fineweb_edu_m0_300m_seed2027_silu_muon/silu.jsonl
E2_m0_300m_fineweb_edu,E2_m0_300m,fineweb_edu,304,E2_m0_300m_fineweb_edu_m0_300m_seed2027_silu_lion,2027,silu_lion,SiLU+Lion,silu,lion,9150,9150,300000000,4865.985312970937,81.09975521618229,1.3516625869363714,0.5146057374644036,63675.93210572517,False,,,,,,,experiments/runs/iclr26_main/E2_m0_300m/fineweb_edu/E2_m0_300m_fineweb_edu_m0_300m_seed2027_silu_lion/silu.jsonl
E2_m0_300m_fineweb_edu,E2_m0_300m,fineweb_edu,306,E2_m0_300m_fineweb_edu_m0_300m_seed2027_silu_soap,2027,silu_soap,SiLU+SOAP,silu,soap_adamw,9150,9150,300000000,5617.924750052975,93.63207916754958,1.560534652792493,0.5905615428606855,55486.1731112248,False,,,,,,,experiments/runs/iclr26_main/E2_m0_300m/fineweb_edu/E2_m0_300m_fineweb_edu_m0_300m_seed2027_silu_soap/silu.jsonl
E2_m0_300m_fineweb_edu,E2_m0_300m,fineweb_edu,308,E2_m0_300m_fineweb_edu_m0_300m_seed2027_silu_ademamix,2027,silu_ademamix,SiLU+ADeMaMix,silu,ademamix,9150,9150,300000000,5521.903065784019,92.031717763067,1.5338619627177832,0.5219417631002872,62780.95051325463,False,,,,,,,experiments/runs/iclr26_main/E2_m0_300m/fineweb_edu/E2_m0_300m_fineweb_edu_m0_300m_seed2027_silu_ademamix/silu.jsonl
E2_m0_300m_fineweb_edu,E2_m0_300m,fineweb_edu,310,E2_m0_300m_fineweb_edu_m0_300m_seed2027_silu_came,2027,silu_came,SiLU+CAME,silu,adafactor_came,9150,9150,300000000,5218.545048185973,86.97575080309956,1.4495958467183259,0.5526338854107671,59294.22872005737,False,,,,,,,experiments/runs/iclr26_main/E2_m0_300m/fineweb_edu/E2_m0_300m_fineweb_edu_m0_300m_seed2027_silu_came/silu.jsonl
E2_m0_300m_fineweb_edu,E2_m0_300m,fineweb_edu,312,E2_m0_300m_fineweb_edu_m0_300m_seed2027_silu_schedulefree,2027,silu_schedulefree,SiLU+ScheduleFree,silu,schedule_free_adamw,9150,9150,300000000,4943.729945360101,82.39549908933502,1.3732583181555835,0.5230582308579321,62646.94457871961,False,,,,,,,experiments/runs/iclr26_main/E2_m0_300m/fineweb_edu/E2_m0_300m_fineweb_edu_m0_300m_seed2027_silu_schedulefree/silu.jsonl
E2_m0_300m_fineweb_edu,E2_m0_300m,fineweb_edu,315,E2_m0_300m_fineweb_edu_m0_300m_seed3407_silu_adamw,3407,silu_adamw,SiLU+AdamW,silu,adamw,9150,9150,300000000,3685.3220271519967,61.42203378586661,1.023700563097777,0.3855465508330837,84991.03397292845,False,,,,,,,experiments/runs/iclr26_main/E2_m0_300m/fineweb_edu/E2_m0_300m_fineweb_edu_m0_300m_seed3407_silu_adamw/silu.jsonl
E2_m0_300m_fineweb_edu,E2_m0_300m,fineweb_edu,317,E2_m0_300m_fineweb_edu_m0_300m_seed3407_silu_muon,3407,silu_muon,SiLU+Muon,silu,muon,9150,9150,300000000,4018.905025860993,66.98175043101655,1.1163625071836092,0.4214000505676852,77759.83879417407,False,,,,,,,experiments/runs/iclr26_main/E2_m0_300m/fineweb_edu/E2_m0_300m_fineweb_edu_m0_300m_seed3407_silu_muon/silu.jsonl
E2_m0_300m_fineweb_edu,E2_m0_300m,fineweb_edu,319,E2_m0_300m_fineweb_edu_m0_300m_seed3407_silu_lion,3407,silu_lion,SiLU+Lion,silu,lion,9150,9150,300000000,3670.5557523129974,61.175929205216626,1.0195988200869437,0.3836749695269998,85405.62351616754,False,,,,,,,experiments/runs/iclr26_main/E2_m0_300m/fineweb_edu/E2_m0_300m_fineweb_edu_m0_300m_seed3407_silu_lion/silu.jsonl
E2_m0_300m_fineweb_edu,E2_m0_300m,fineweb_edu,321,E2_m0_300m_fineweb_edu_m0_300m_seed3407_silu_soap,3407,silu_soap,SiLU+SOAP,silu,soap_adamw,9150,9150,300000000,4374.089522717986,72.90149204529978,1.2150248674216628,0.4604617997905334,71163.34083501897,False,,,,,,,experiments/runs/iclr26_main/E2_m0_300m/fineweb_edu/E2_m0_300m_fineweb_edu_m0_300m_seed3407_silu_soap/silu.jsonl
E2_m0_300m_fineweb_edu,E2_m0_300m,fineweb_edu,323,E2_m0_300m_fineweb_edu_m0_300m_seed3407_silu_ademamix,3407,silu_ademamix,SiLU+ADeMaMix,silu,ademamix,9150,9150,300000000,4588.0777606480115,76.46796267746686,1.2744660446244476,0.386656630299692,84747.02729034284,False,,,,,,,experiments/runs/iclr26_main/E2_m0_300m/fineweb_edu/E2_m0_300m_fineweb_edu_m0_300m_seed3407_silu_ademamix/silu.jsonl
E2_m0_300m_fineweb_edu,E2_m0_300m,fineweb_edu,325,E2_m0_300m_fineweb_edu_m0_300m_seed3407_silu_came,3407,silu_came,SiLU+CAME,silu,adafactor_came,9150,9150,300000000,4000.5073699310014,66.67512283218336,1.111252047203056,0.4194113265581592,78128.55286695769,False,,,,,,,experiments/runs/iclr26_main/E2_m0_300m/fineweb_edu/E2_m0_300m_fineweb_edu_m0_300m_seed3407_silu_came/silu.jsonl
E2_m0_300m_fineweb_edu,E2_m0_300m,fineweb_edu,327,E2_m0_300m_fineweb_edu_m0_300m_seed3407_silu_schedulefree,3407,silu_schedulefree,SiLU+ScheduleFree,silu,schedule_free_adamw,9150,9150,300000000,3707.082089981006,61.784701499683436,1.029745024994724,0.3882676291915801,84395.39517684469,False,,,,,,,experiments/runs/iclr26_main/E2_m0_300m/fineweb_edu/E2_m0_300m_fineweb_edu_m0_300m_seed3407_silu_schedulefree/silu.jsonl
