run_index,model_scale,dataset,seed,activation,activation_display_name,optimizer,optimizer_display_name,method,method_display_name,step,validation_loss,validation_perplexity,active_seconds_at_validation
609,18l_1024d,c4_en,1337,rlb_fused_global_rational,GRAIN,adafactor_came,CAME,rlb_came,GRAIN + CAME,1,11.059358596801758,63535.786737372466,2.58467292899968
609,18l_1024d,c4_en,1337,rlb_fused_global_rational,GRAIN,adafactor_came,CAME,rlb_came,GRAIN + CAME,50,8.778776168823242,6494.923617421074,53.22446966299958
609,18l_1024d,c4_en,1337,rlb_fused_global_rational,GRAIN,adafactor_came,CAME,rlb_came,GRAIN + CAME,100,7.539008140563965,1879.9644396474612,105.52929522500017
609,18l_1024d,c4_en,1337,rlb_fused_global_rational,GRAIN,adafactor_came,CAME,rlb_came,GRAIN + CAME,150,7.110640525817871,1224.931895371058,158.13924153399967
609,18l_1024d,c4_en,1337,rlb_fused_global_rational,GRAIN,adafactor_came,CAME,rlb_came,GRAIN + CAME,200,6.817287445068359,913.5037172677104,210.60383188299966
609,18l_1024d,c4_en,1337,rlb_fused_global_rational,GRAIN,adafactor_came,CAME,rlb_came,GRAIN + CAME,250,6.613727569580078,745.2558405634552,263.000195439
609,18l_1024d,c4_en,1337,rlb_fused_global_rational,GRAIN,adafactor_came,CAME,rlb_came,GRAIN + CAME,300,6.453303337097168,634.7957776068741,315.27679747099955
609,18l_1024d,c4_en,1337,rlb_fused_global_rational,GRAIN,adafactor_came,CAME,rlb_came,GRAIN + CAME,350,6.325121879577637,558.4258702267533,367.7889527819998
609,18l_1024d,c4_en,1337,rlb_fused_global_rational,GRAIN,adafactor_came,CAME,rlb_came,GRAIN + CAME,400,6.2145538330078125,499.9728680289809,420.0384003950003
609,18l_1024d,c4_en,1337,rlb_fused_global_rational,GRAIN,adafactor_came,CAME,rlb_came,GRAIN + CAME,450,6.118574142456055,454.2165844095334,472.3717557809996
609,18l_1024d,c4_en,1337,rlb_fused_global_rational,GRAIN,adafactor_came,CAME,rlb_came,GRAIN + CAME,500,6.040623664855957,420.15498909312015,524.4626788670002
609,18l_1024d,c4_en,1337,rlb_fused_global_rational,GRAIN,adafactor_came,CAME,rlb_came,GRAIN + CAME,550,5.963473320007324,388.95875900157193,576.7436674620003
609,18l_1024d,c4_en,1337,rlb_fused_global_rational,GRAIN,adafactor_came,CAME,rlb_came,GRAIN + CAME,600,5.903822898864746,366.4356400193862,628.8259073720001
609,18l_1024d,c4_en,1337,rlb_fused_global_rational,GRAIN,adafactor_came,CAME,rlb_came,GRAIN + CAME,650,5.849673748016357,347.12111305118066,681.1495214739998
609,18l_1024d,c4_en,1337,rlb_fused_global_rational,GRAIN,adafactor_came,CAME,rlb_came,GRAIN + CAME,700,5.798092842102051,329.670226804832,733.2448943859999
609,18l_1024d,c4_en,1337,rlb_fused_global_rational,GRAIN,adafactor_came,CAME,rlb_came,GRAIN + CAME,750,5.747982025146484,313.557270731067,785.5143377759996
609,18l_1024d,c4_en,1337,rlb_fused_global_rational,GRAIN,adafactor_came,CAME,rlb_came,GRAIN + CAME,800,5.702035903930664,299.47648609245357,837.6778814569998
609,18l_1024d,c4_en,1337,rlb_fused_global_rational,GRAIN,adafactor_came,CAME,rlb_came,GRAIN + CAME,850,5.658435821533203,286.69984192624366,889.9900068110001
609,18l_1024d,c4_en,1337,rlb_fused_global_rational,GRAIN,adafactor_came,CAME,rlb_came,GRAIN + CAME,900,5.617870330810547,275.3024553185936,942.2752327629996
609,18l_1024d,c4_en,1337,rlb_fused_global_rational,GRAIN,adafactor_came,CAME,rlb_came,GRAIN + CAME,950,5.579926013946533,265.0519949097033,994.6369618999997
609,18l_1024d,c4_en,1337,rlb_fused_global_rational,GRAIN,adafactor_came,CAME,rlb_came,GRAIN + CAME,1000,5.542795658111572,255.39098824564726,1046.8466193570002
609,18l_1024d,c4_en,1337,rlb_fused_global_rational,GRAIN,adafactor_came,CAME,rlb_came,GRAIN + CAME,1050,5.513960838317871,248.13199396727936,1099.2648993149996
609,18l_1024d,c4_en,1337,rlb_fused_global_rational,GRAIN,adafactor_came,CAME,rlb_came,GRAIN + CAME,1100,5.4829559326171875,240.55672694773074,1151.4153751579997
609,18l_1024d,c4_en,1337,rlb_fused_global_rational,GRAIN,adafactor_came,CAME,rlb_came,GRAIN + CAME,1150,5.450214385986328,232.80807134595827,1203.7992135490003
609,18l_1024d,c4_en,1337,rlb_fused_global_rational,GRAIN,adafactor_came,CAME,rlb_came,GRAIN + CAME,1200,5.428160667419434,227.7299887780687,1255.9581336820002
609,18l_1024d,c4_en,1337,rlb_fused_global_rational,GRAIN,adafactor_came,CAME,rlb_came,GRAIN + CAME,1250,5.403172492980957,222.10994188060374,1308.4438614250003
609,18l_1024d,c4_en,1337,rlb_fused_global_rational,GRAIN,adafactor_came,CAME,rlb_came,GRAIN + CAME,1300,5.377647399902344,216.51230890743904,1360.688700482
609,18l_1024d,c4_en,1337,rlb_fused_global_rational,GRAIN,adafactor_came,CAME,rlb_came,GRAIN + CAME,1350,5.3574910163879395,212.1918920370524,1413.082604155
609,18l_1024d,c4_en,1337,rlb_fused_global_rational,GRAIN,adafactor_came,CAME,rlb_came,GRAIN + CAME,1400,5.336125373840332,207.7063646399469,1465.285007388
609,18l_1024d,c4_en,1337,rlb_fused_global_rational,GRAIN,adafactor_came,CAME,rlb_came,GRAIN + CAME,1450,5.315528392791748,203.4719978662618,1517.5653531879998
609,18l_1024d,c4_en,1337,rlb_fused_global_rational,GRAIN,adafactor_came,CAME,rlb_came,GRAIN + CAME,1500,5.294557571411133,199.24945280860743,1569.7123788789995
609,18l_1024d,c4_en,1337,rlb_fused_global_rational,GRAIN,adafactor_came,CAME,rlb_came,GRAIN + CAME,1550,5.278428554534912,196.06153313663748,1622.171972526
609,18l_1024d,c4_en,1337,rlb_fused_global_rational,GRAIN,adafactor_came,CAME,rlb_came,GRAIN + CAME,1600,5.258759021759033,192.24277410681236,1674.3509535570001
609,18l_1024d,c4_en,1337,rlb_fused_global_rational,GRAIN,adafactor_came,CAME,rlb_came,GRAIN + CAME,1650,5.243239402770996,189.28227185457922,1726.7363085440002
609,18l_1024d,c4_en,1337,rlb_fused_global_rational,GRAIN,adafactor_came,CAME,rlb_came,GRAIN + CAME,1700,5.230624675750732,186.90952490765306,1778.945625368
609,18l_1024d,c4_en,1337,rlb_fused_global_rational,GRAIN,adafactor_came,CAME,rlb_came,GRAIN + CAME,1750,5.214688777923584,183.9545613493289,1831.197471769
609,18l_1024d,c4_en,1337,rlb_fused_global_rational,GRAIN,adafactor_came,CAME,rlb_came,GRAIN + CAME,1800,5.199277877807617,181.141388418209,1883.2724684859995
609,18l_1024d,c4_en,1337,rlb_fused_global_rational,GRAIN,adafactor_came,CAME,rlb_came,GRAIN + CAME,1850,5.186920166015625,178.91666987372008,1935.528905278
609,18l_1024d,c4_en,1337,rlb_fused_global_rational,GRAIN,adafactor_came,CAME,rlb_came,GRAIN + CAME,1900,5.174681186676025,176.7402581441877,1987.6107855539994
609,18l_1024d,c4_en,1337,rlb_fused_global_rational,GRAIN,adafactor_came,CAME,rlb_came,GRAIN + CAME,1950,5.164135932922363,174.88627979020254,2039.8507287539996
609,18l_1024d,c4_en,1337,rlb_fused_global_rational,GRAIN,adafactor_came,CAME,rlb_came,GRAIN + CAME,2000,5.155524730682373,173.3867642478237,2091.9572416499996
609,18l_1024d,c4_en,1337,rlb_fused_global_rational,GRAIN,adafactor_came,CAME,rlb_came,GRAIN + CAME,2050,5.144438743591309,171.4752160939469,2144.26838108
609,18l_1024d,c4_en,1337,rlb_fused_global_rational,GRAIN,adafactor_came,CAME,rlb_came,GRAIN + CAME,2100,5.132912635803223,169.5101209747242,2196.455876066
609,18l_1024d,c4_en,1337,rlb_fused_global_rational,GRAIN,adafactor_came,CAME,rlb_came,GRAIN + CAME,2150,5.122686386108398,167.7855013766411,2248.9598363699997
609,18l_1024d,c4_en,1337,rlb_fused_global_rational,GRAIN,adafactor_came,CAME,rlb_came,GRAIN + CAME,2200,5.115469932556152,166.57904350854147,2301.200398029
609,18l_1024d,c4_en,1337,rlb_fused_global_rational,GRAIN,adafactor_came,CAME,rlb_came,GRAIN + CAME,2250,5.107138633728027,165.1969888677605,2353.5758738369996
609,18l_1024d,c4_en,1337,rlb_fused_global_rational,GRAIN,adafactor_came,CAME,rlb_came,GRAIN + CAME,2300,5.100905418395996,164.1704830035551,2405.7837118959997
609,18l_1024d,c4_en,1337,rlb_fused_global_rational,GRAIN,adafactor_came,CAME,rlb_came,GRAIN + CAME,2350,5.09149694442749,162.63313268845414,2458.352729524
609,18l_1024d,c4_en,1337,rlb_fused_global_rational,GRAIN,adafactor_came,CAME,rlb_came,GRAIN + CAME,2400,5.083911895751953,161.4042190376017,2510.624582974
609,18l_1024d,c4_en,1337,rlb_fused_global_rational,GRAIN,adafactor_came,CAME,rlb_came,GRAIN + CAME,2450,5.078094005584717,160.46791332161447,2562.9404297149995
609,18l_1024d,c4_en,1337,rlb_fused_global_rational,GRAIN,adafactor_came,CAME,rlb_came,GRAIN + CAME,2500,5.07174825668335,159.45284831703026,2615.0063945700003
609,18l_1024d,c4_en,1337,rlb_fused_global_rational,GRAIN,adafactor_came,CAME,rlb_came,GRAIN + CAME,2550,5.0667338371276855,158.65528616303862,2667.3028394929997
609,18l_1024d,c4_en,1337,rlb_fused_global_rational,GRAIN,adafactor_came,CAME,rlb_came,GRAIN + CAME,2600,5.060798168182373,157.71635027098617,2719.4178241299996
609,18l_1024d,c4_en,1337,rlb_fused_global_rational,GRAIN,adafactor_came,CAME,rlb_came,GRAIN + CAME,2650,5.057184219360352,157.14740015025706,2771.6747332079995
609,18l_1024d,c4_en,1337,rlb_fused_global_rational,GRAIN,adafactor_came,CAME,rlb_came,GRAIN + CAME,2700,5.052781105041504,156.45698329011674,2823.73390313
609,18l_1024d,c4_en,1337,rlb_fused_global_rational,GRAIN,adafactor_came,CAME,rlb_came,GRAIN + CAME,2750,5.049197196960449,155.89725944188675,2876.048593566
609,18l_1024d,c4_en,1337,rlb_fused_global_rational,GRAIN,adafactor_came,CAME,rlb_came,GRAIN + CAME,2800,5.045599937438965,155.33746400936977,2928.154712967
609,18l_1024d,c4_en,1337,rlb_fused_global_rational,GRAIN,adafactor_came,CAME,rlb_came,GRAIN + CAME,2850,5.041001319885254,154.62476638849006,2980.7162721140003
609,18l_1024d,c4_en,1337,rlb_fused_global_rational,GRAIN,adafactor_came,CAME,rlb_came,GRAIN + CAME,2900,5.037437915802002,154.07475640048315,3032.8664055090003
609,18l_1024d,c4_en,1337,rlb_fused_global_rational,GRAIN,adafactor_came,CAME,rlb_came,GRAIN + CAME,2950,5.033866882324219,153.52553152116684,3085.2020558500008
609,18l_1024d,c4_en,1337,rlb_fused_global_rational,GRAIN,adafactor_came,CAME,rlb_came,GRAIN + CAME,3000,5.0319719314575195,153.2348836508397,3137.408726672
609,18l_1024d,c4_en,1337,rlb_fused_global_rational,GRAIN,adafactor_came,CAME,rlb_came,GRAIN + CAME,3050,5.029360294342041,152.83521186731144,3189.8423928169996
608,18l_1024d,c4_en,1337,silu,SwiGLU,adafactor_came,CAME,silu_came,SwiGLU + CAME,1,11.022855758666992,61258.36917515442,1.826983693999864
608,18l_1024d,c4_en,1337,silu,SwiGLU,adafactor_came,CAME,silu_came,SwiGLU + CAME,50,8.87106704711914,7122.877365367519,41.927781073000006
608,18l_1024d,c4_en,1337,silu,SwiGLU,adafactor_came,CAME,silu_came,SwiGLU + CAME,100,7.675926208496094,2155.819499619466,83.1062336
608,18l_1024d,c4_en,1337,silu,SwiGLU,adafactor_came,CAME,silu_came,SwiGLU + CAME,150,7.243759632110596,1399.3451163267212,124.49898176999977
608,18l_1024d,c4_en,1337,silu,SwiGLU,adafactor_came,CAME,silu_came,SwiGLU + CAME,200,6.924301624298096,1016.6839942351535,166.09710097199968
608,18l_1024d,c4_en,1337,silu,SwiGLU,adafactor_came,CAME,silu_came,SwiGLU + CAME,250,6.6996307373046875,812.1058893838102,207.50473384399993
608,18l_1024d,c4_en,1337,silu,SwiGLU,adafactor_came,CAME,silu_came,SwiGLU + CAME,300,6.535475730895996,689.1615617980706,248.93963658699977
608,18l_1024d,c4_en,1337,silu,SwiGLU,adafactor_came,CAME,silu_came,SwiGLU + CAME,350,6.394284248352051,598.4148534847067,290.339220202
608,18l_1024d,c4_en,1337,silu,SwiGLU,adafactor_came,CAME,silu_came,SwiGLU + CAME,400,6.267460823059082,527.1371825226213,331.73570588799976
608,18l_1024d,c4_en,1337,silu,SwiGLU,adafactor_came,CAME,silu_came,SwiGLU + CAME,450,6.164226531982422,475.43326825657226,373.071419765
608,18l_1024d,c4_en,1337,silu,SwiGLU,adafactor_came,CAME,silu_came,SwiGLU + CAME,500,6.073733806610107,434.2992473888627,414.46372103299973
608,18l_1024d,c4_en,1337,silu,SwiGLU,adafactor_came,CAME,silu_came,SwiGLU + CAME,550,5.984478950500488,397.2154983828243,456.0160729659997
608,18l_1024d,c4_en,1337,silu,SwiGLU,adafactor_came,CAME,silu_came,SwiGLU + CAME,600,5.91860818862915,371.8937475574922,497.53041005099976
608,18l_1024d,c4_en,1337,silu,SwiGLU,adafactor_came,CAME,silu_came,SwiGLU + CAME,650,5.852462291717529,348.09042630259114,538.9648586199996
608,18l_1024d,c4_en,1337,silu,SwiGLU,adafactor_came,CAME,silu_came,SwiGLU + CAME,700,5.801812171936035,330.8986621768067,580.3021115749998
608,18l_1024d,c4_en,1337,silu,SwiGLU,adafactor_came,CAME,silu_came,SwiGLU + CAME,750,5.7443060874938965,312.4067696340085,621.630192054
608,18l_1024d,c4_en,1337,silu,SwiGLU,adafactor_came,CAME,silu_came,SwiGLU + CAME,800,5.6997904777526855,298.80478815717794,663.0172787799997
608,18l_1024d,c4_en,1337,silu,SwiGLU,adafactor_came,CAME,silu_came,SwiGLU + CAME,850,5.660449504852295,287.27774627841416,704.4961345369998
608,18l_1024d,c4_en,1337,silu,SwiGLU,adafactor_came,CAME,silu_came,SwiGLU + CAME,900,5.618131637573242,275.37440311176806,745.9617519049998
608,18l_1024d,c4_en,1337,silu,SwiGLU,adafactor_came,CAME,silu_came,SwiGLU + CAME,950,5.580739974975586,265.2678247308479,787.481236185
608,18l_1024d,c4_en,1337,silu,SwiGLU,adafactor_came,CAME,silu_came,SwiGLU + CAME,1000,5.54752254486084,256.6010501836584,828.8339788220001
608,18l_1024d,c4_en,1337,silu,SwiGLU,adafactor_came,CAME,silu_came,SwiGLU + CAME,1050,5.515374183654785,248.4829381081058,870.2188023109998
608,18l_1024d,c4_en,1337,silu,SwiGLU,adafactor_came,CAME,silu_came,SwiGLU + CAME,1100,5.487927436828613,241.7556334438533,911.6956260719999
608,18l_1024d,c4_en,1337,silu,SwiGLU,adafactor_came,CAME,silu_came,SwiGLU + CAME,1150,5.4536051750183105,233.5988142644155,953.176008292
608,18l_1024d,c4_en,1337,silu,SwiGLU,adafactor_came,CAME,silu_came,SwiGLU + CAME,1200,5.429086208343506,227.94085977213552,994.6780006209997
608,18l_1024d,c4_en,1337,silu,SwiGLU,adafactor_came,CAME,silu_came,SwiGLU + CAME,1250,5.404831886291504,222.47881560101462,1036.0450985369998
608,18l_1024d,c4_en,1337,silu,SwiGLU,adafactor_came,CAME,silu_came,SwiGLU + CAME,1300,5.381897449493408,217.43445515295417,1077.469643213
608,18l_1024d,c4_en,1337,silu,SwiGLU,adafactor_came,CAME,silu_came,SwiGLU + CAME,1350,5.359294414520264,212.574903756352,1118.972734247
608,18l_1024d,c4_en,1337,silu,SwiGLU,adafactor_came,CAME,silu_came,SwiGLU + CAME,1400,5.3413591384887695,208.79630061465576,1160.5197451149998
608,18l_1024d,c4_en,1337,silu,SwiGLU,adafactor_came,CAME,silu_came,SwiGLU + CAME,1450,5.31792688369751,203.96060933356296,1202.0940511649997
608,18l_1024d,c4_en,1337,silu,SwiGLU,adafactor_came,CAME,silu_came,SwiGLU + CAME,1500,5.293187141418457,198.9765824000563,1243.4750120119998
608,18l_1024d,c4_en,1337,silu,SwiGLU,adafactor_came,CAME,silu_came,SwiGLU + CAME,1550,5.277499198913574,195.8794068918221,1284.9240669219998
608,18l_1024d,c4_en,1337,silu,SwiGLU,adafactor_came,CAME,silu_came,SwiGLU + CAME,1600,5.261436462402344,192.75818240324904,1326.243810691
608,18l_1024d,c4_en,1337,silu,SwiGLU,adafactor_came,CAME,silu_came,SwiGLU + CAME,1650,5.245395660400391,189.6908535427594,1367.8142255129997
608,18l_1024d,c4_en,1337,silu,SwiGLU,adafactor_came,CAME,silu_came,SwiGLU + CAME,1700,5.229755401611328,186.74711988871064,1409.3241143989999
608,18l_1024d,c4_en,1337,silu,SwiGLU,adafactor_came,CAME,silu_came,SwiGLU + CAME,1750,5.2168684005737305,184.35595015700372,1450.6458541839997
608,18l_1024d,c4_en,1337,silu,SwiGLU,adafactor_came,CAME,silu_came,SwiGLU + CAME,1800,5.200150012969971,181.2994371022955,1492.023913776
608,18l_1024d,c4_en,1337,silu,SwiGLU,adafactor_came,CAME,silu_came,SwiGLU + CAME,1850,5.185893535614014,178.73308283521482,1533.4304832029998
608,18l_1024d,c4_en,1337,silu,SwiGLU,adafactor_came,CAME,silu_came,SwiGLU + CAME,1900,5.172600746154785,176.37294277078902,1574.8757160569994
608,18l_1024d,c4_en,1337,silu,SwiGLU,adafactor_came,CAME,silu_came,SwiGLU + CAME,1950,5.162355899810791,174.57525332224645,1616.3698406229996
608,18l_1024d,c4_en,1337,silu,SwiGLU,adafactor_came,CAME,silu_came,SwiGLU + CAME,2000,5.15501594543457,173.29857005786405,1657.8405997689997
608,18l_1024d,c4_en,1337,silu,SwiGLU,adafactor_came,CAME,silu_came,SwiGLU + CAME,2050,5.14389181137085,171.3814564156867,1699.2025779839996
608,18l_1024d,c4_en,1337,silu,SwiGLU,adafactor_came,CAME,silu_came,SwiGLU + CAME,2100,5.132937431335449,169.51432412050096,1740.8734423469996
608,18l_1024d,c4_en,1337,silu,SwiGLU,adafactor_came,CAME,silu_came,SwiGLU + CAME,2150,5.121984481811523,167.6677733340144,1782.2484777089994
608,18l_1024d,c4_en,1337,silu,SwiGLU,adafactor_came,CAME,silu_came,SwiGLU + CAME,2200,5.113236427307129,166.20740352491018,1823.6145782579997
608,18l_1024d,c4_en,1337,silu,SwiGLU,adafactor_came,CAME,silu_came,SwiGLU + CAME,2250,5.105152130126953,164.86915018865602,1865.0959286319994
608,18l_1024d,c4_en,1337,silu,SwiGLU,adafactor_came,CAME,silu_came,SwiGLU + CAME,2300,5.09812068939209,163.71394865519486,1906.60982676
608,18l_1024d,c4_en,1337,silu,SwiGLU,adafactor_came,CAME,silu_came,SwiGLU + CAME,2350,5.090394973754883,162.45401445548288,1948.1483031339994
608,18l_1024d,c4_en,1337,silu,SwiGLU,adafactor_came,CAME,silu_came,SwiGLU + CAME,2400,5.083134651184082,161.27881722537495,1989.667599757
608,18l_1024d,c4_en,1337,silu,SwiGLU,adafactor_came,CAME,silu_came,SwiGLU + CAME,2450,5.075554370880127,160.0609004906858,2031.0064085909999
608,18l_1024d,c4_en,1337,silu,SwiGLU,adafactor_came,CAME,silu_came,SwiGLU + CAME,2500,5.068362236022949,158.91385072173918,2072.377683838
608,18l_1024d,c4_en,1337,silu,SwiGLU,adafactor_came,CAME,silu_came,SwiGLU + CAME,2550,5.06515645980835,158.40522418594648,2113.772798698
608,18l_1024d,c4_en,1337,silu,SwiGLU,adafactor_came,CAME,silu_came,SwiGLU + CAME,2600,5.058732032775879,157.39082334266834,2155.1970472929997
608,18l_1024d,c4_en,1337,silu,SwiGLU,adafactor_came,CAME,silu_came,SwiGLU + CAME,2650,5.055541515350342,156.8894653990952,2196.688777933
608,18l_1024d,c4_en,1337,silu,SwiGLU,adafactor_came,CAME,silu_came,SwiGLU + CAME,2700,5.052061080932617,156.344371036778,2238.1355576079995
608,18l_1024d,c4_en,1337,silu,SwiGLU,adafactor_came,CAME,silu_came,SwiGLU + CAME,2750,5.047632694244385,155.65354844902836,2279.4622790819994
608,18l_1024d,c4_en,1337,silu,SwiGLU,adafactor_came,CAME,silu_came,SwiGLU + CAME,2800,5.04411506652832,155.1069790902534,2321.0072142749996
608,18l_1024d,c4_en,1337,silu,SwiGLU,adafactor_came,CAME,silu_came,SwiGLU + CAME,2850,5.039736270904541,154.42928216000956,2362.4916867029997
608,18l_1024d,c4_en,1337,silu,SwiGLU,adafactor_came,CAME,silu_came,SwiGLU + CAME,2900,5.035884857177734,153.83565498858755,2403.870809538
608,18l_1024d,c4_en,1337,silu,SwiGLU,adafactor_came,CAME,silu_came,SwiGLU + CAME,2950,5.032575607299805,153.32741577518905,2445.2777685579995
608,18l_1024d,c4_en,1337,silu,SwiGLU,adafactor_came,CAME,silu_came,SwiGLU + CAME,3000,5.030157566070557,152.9571116480223,2486.6889335549995
608,18l_1024d,c4_en,1337,silu,SwiGLU,adafactor_came,CAME,silu_came,SwiGLU + CAME,3050,5.0269622802734375,152.46914996529017,2528.055211598
623,18l_1024d,c4_en,2027,rlb_fused_global_rational,GRAIN,adafactor_came,CAME,rlb_came,GRAIN + CAME,1,11.009161949157715,60425.22620660934,2.254666954977438
623,18l_1024d,c4_en,2027,rlb_fused_global_rational,GRAIN,adafactor_came,CAME,rlb_came,GRAIN + CAME,50,8.802122116088867,6648.337591043509,48.72801861795597
623,18l_1024d,c4_en,2027,rlb_fused_global_rational,GRAIN,adafactor_came,CAME,rlb_came,GRAIN + CAME,100,7.520908355712891,1846.243578508672,96.03426263504662
623,18l_1024d,c4_en,2027,rlb_fused_global_rational,GRAIN,adafactor_came,CAME,rlb_came,GRAIN + CAME,150,7.076026916503906,1183.2579842637274,143.53192234085873
623,18l_1024d,c4_en,2027,rlb_fused_global_rational,GRAIN,adafactor_came,CAME,rlb_came,GRAIN + CAME,200,6.788453102111816,887.5395663084345,190.89354696287774
623,18l_1024d,c4_en,2027,rlb_fused_global_rational,GRAIN,adafactor_came,CAME,rlb_came,GRAIN + CAME,250,6.600570201873779,735.5144614198157,238.42454348085448
623,18l_1024d,c4_en,2027,rlb_fused_global_rational,GRAIN,adafactor_came,CAME,rlb_came,GRAIN + CAME,300,6.449204444885254,632.1991434351626,285.76332580600865
623,18l_1024d,c4_en,2027,rlb_fused_global_rational,GRAIN,adafactor_came,CAME,rlb_came,GRAIN + CAME,350,6.314953327178955,552.7762603620099,333.29332309006713
623,18l_1024d,c4_en,2027,rlb_fused_global_rational,GRAIN,adafactor_came,CAME,rlb_came,GRAIN + CAME,400,6.2121901512146,498.79248683605266,380.6655590720475
623,18l_1024d,c4_en,2027,rlb_fused_global_rational,GRAIN,adafactor_came,CAME,rlb_came,GRAIN + CAME,450,6.121982097625732,455.76717483712383,428.1962174549699
623,18l_1024d,c4_en,2027,rlb_fused_global_rational,GRAIN,adafactor_came,CAME,rlb_came,GRAIN + CAME,500,6.041009426116943,420.31709987754243,475.54676136304624
623,18l_1024d,c4_en,2027,rlb_fused_global_rational,GRAIN,adafactor_came,CAME,rlb_came,GRAIN + CAME,550,5.969883918762207,391.4602269246634,523.0821638449561
623,18l_1024d,c4_en,2027,rlb_fused_global_rational,GRAIN,adafactor_came,CAME,rlb_came,GRAIN + CAME,600,5.910427093505859,368.86366104632583,570.4664850109257
623,18l_1024d,c4_en,2027,rlb_fused_global_rational,GRAIN,adafactor_came,CAME,rlb_came,GRAIN + CAME,650,5.848659038543701,346.7690646132578,618.0106468540616
623,18l_1024d,c4_en,2027,rlb_fused_global_rational,GRAIN,adafactor_came,CAME,rlb_came,GRAIN + CAME,700,5.798910140991211,329.9397760511342,665.367141706869
623,18l_1024d,c4_en,2027,rlb_fused_global_rational,GRAIN,adafactor_came,CAME,rlb_came,GRAIN + CAME,750,5.750637531280518,314.39103052403345,712.9077681119088
623,18l_1024d,c4_en,2027,rlb_fused_global_rational,GRAIN,adafactor_came,CAME,rlb_came,GRAIN + CAME,800,5.706761360168457,300.8949980401915,760.2681402750313
623,18l_1024d,c4_en,2027,rlb_fused_global_rational,GRAIN,adafactor_came,CAME,rlb_came,GRAIN + CAME,850,5.659019470214844,286.8672227520582,807.7975362439174
623,18l_1024d,c4_en,2027,rlb_fused_global_rational,GRAIN,adafactor_came,CAME,rlb_came,GRAIN + CAME,900,5.6211090087890625,276.195516706578,855.1381839069072
623,18l_1024d,c4_en,2027,rlb_fused_global_rational,GRAIN,adafactor_came,CAME,rlb_came,GRAIN + CAME,950,5.583968639373779,266.12566961395856,902.6589890269097
623,18l_1024d,c4_en,2027,rlb_fused_global_rational,GRAIN,adafactor_came,CAME,rlb_came,GRAIN + CAME,1000,5.55235481262207,257.8440159188968,950.0094424448907
623,18l_1024d,c4_en,2027,rlb_fused_global_rational,GRAIN,adafactor_came,CAME,rlb_came,GRAIN + CAME,1050,5.527952671051025,251.6282175723621,997.5323824500665
623,18l_1024d,c4_en,2027,rlb_fused_global_rational,GRAIN,adafactor_came,CAME,rlb_came,GRAIN + CAME,1100,5.495233535766602,243.5283921100355,1044.8715901870746
623,18l_1024d,c4_en,2027,rlb_fused_global_rational,GRAIN,adafactor_came,CAME,rlb_came,GRAIN + CAME,1150,5.463769912719727,235.98539386781977,1092.3986895838752
623,18l_1024d,c4_en,2027,rlb_fused_global_rational,GRAIN,adafactor_came,CAME,rlb_came,GRAIN + CAME,1200,5.435582637786865,229.4264818796251,1139.739055752987
623,18l_1024d,c4_en,2027,rlb_fused_global_rational,GRAIN,adafactor_came,CAME,rlb_came,GRAIN + CAME,1250,5.412936687469482,224.289289020835,1187.259123123018
623,18l_1024d,c4_en,2027,rlb_fused_global_rational,GRAIN,adafactor_came,CAME,rlb_came,GRAIN + CAME,1300,5.389944076538086,219.1911272845367,1234.6061133588664
623,18l_1024d,c4_en,2027,rlb_fused_global_rational,GRAIN,adafactor_came,CAME,rlb_came,GRAIN + CAME,1350,5.365910530090332,213.98598668349038,1282.1408935850486
623,18l_1024d,c4_en,2027,rlb_fused_global_rational,GRAIN,adafactor_came,CAME,rlb_came,GRAIN + CAME,1400,5.343559741973877,209.25628441681638,1329.4938960890286
623,18l_1024d,c4_en,2027,rlb_fused_global_rational,GRAIN,adafactor_came,CAME,rlb_came,GRAIN + CAME,1450,5.3221564292907715,204.825096936095,1377.0186442988925
623,18l_1024d,c4_en,2027,rlb_fused_global_rational,GRAIN,adafactor_came,CAME,rlb_came,GRAIN + CAME,1500,5.305447578430176,201.43113847345987,1424.3501773830503
623,18l_1024d,c4_en,2027,rlb_fused_global_rational,GRAIN,adafactor_came,CAME,rlb_came,GRAIN + CAME,1550,5.287191390991211,197.78713784076018,1471.9228124520741
623,18l_1024d,c4_en,2027,rlb_fused_global_rational,GRAIN,adafactor_came,CAME,rlb_came,GRAIN + CAME,1600,5.268792152404785,194.18127935191833,1519.268109761877
623,18l_1024d,c4_en,2027,rlb_fused_global_rational,GRAIN,adafactor_came,CAME,rlb_came,GRAIN + CAME,1650,5.254239082336426,191.37580920383365,1566.8038469869643
623,18l_1024d,c4_en,2027,rlb_fused_global_rational,GRAIN,adafactor_came,CAME,rlb_came,GRAIN + CAME,1700,5.236207008361816,187.95583374872325,1614.158244478982
623,18l_1024d,c4_en,2027,rlb_fused_global_rational,GRAIN,adafactor_came,CAME,rlb_came,GRAIN + CAME,1750,5.2204790115356445,185.02279089834033,1661.6938931120094
623,18l_1024d,c4_en,2027,rlb_fused_global_rational,GRAIN,adafactor_came,CAME,rlb_came,GRAIN + CAME,1800,5.205257415771484,182.2277750351268,1709.0551130350213
623,18l_1024d,c4_en,2027,rlb_fused_global_rational,GRAIN,adafactor_came,CAME,rlb_came,GRAIN + CAME,1850,5.195278167724609,180.4183223717291,1756.5853957519867
623,18l_1024d,c4_en,2027,rlb_fused_global_rational,GRAIN,adafactor_came,CAME,rlb_came,GRAIN + CAME,1900,5.1815009117126465,177.94969744191656,1803.9338158159517
623,18l_1024d,c4_en,2027,rlb_fused_global_rational,GRAIN,adafactor_came,CAME,rlb_came,GRAIN + CAME,1950,5.168710231781006,175.68809437189114,1851.4643888210412
623,18l_1024d,c4_en,2027,rlb_fused_global_rational,GRAIN,adafactor_came,CAME,rlb_came,GRAIN + CAME,2000,5.158537864685059,173.90998968110392,1898.8166392280255
623,18l_1024d,c4_en,2027,rlb_fused_global_rational,GRAIN,adafactor_came,CAME,rlb_came,GRAIN + CAME,2050,5.145238399505615,171.6123921041476,1946.343533210922
623,18l_1024d,c4_en,2027,rlb_fused_global_rational,GRAIN,adafactor_came,CAME,rlb_came,GRAIN + CAME,2100,5.137801647186279,170.34088704331913,1993.702953164
623,18l_1024d,c4_en,2027,rlb_fused_global_rational,GRAIN,adafactor_came,CAME,rlb_came,GRAIN + CAME,2150,5.127589702606201,168.61022708685127,2041.2370192359667
623,18l_1024d,c4_en,2027,rlb_fused_global_rational,GRAIN,adafactor_came,CAME,rlb_came,GRAIN + CAME,2200,5.119287490844727,167.2161841036764,2088.596474069869
623,18l_1024d,c4_en,2027,rlb_fused_global_rational,GRAIN,adafactor_came,CAME,rlb_came,GRAIN + CAME,2250,5.108975887298584,165.5007766075048,2136.1379852509126
623,18l_1024d,c4_en,2027,rlb_fused_global_rational,GRAIN,adafactor_came,CAME,rlb_came,GRAIN + CAME,2300,5.099409103393555,163.92501594070242,2183.4975950538646
623,18l_1024d,c4_en,2027,rlb_fused_global_rational,GRAIN,adafactor_came,CAME,rlb_came,GRAIN + CAME,2350,5.094663619995117,163.14895534668122,2231.0274427440017
623,18l_1024d,c4_en,2027,rlb_fused_global_rational,GRAIN,adafactor_came,CAME,rlb_came,GRAIN + CAME,2400,5.086219787597656,161.77715269832623,2278.3868322349153
623,18l_1024d,c4_en,2027,rlb_fused_global_rational,GRAIN,adafactor_came,CAME,rlb_came,GRAIN + CAME,2450,5.081167697906494,160.96190110900145,2325.9194399460685
623,18l_1024d,c4_en,2027,rlb_fused_global_rational,GRAIN,adafactor_came,CAME,rlb_came,GRAIN + CAME,2500,5.073786735534668,159.77822109620053,2373.2793088608887
623,18l_1024d,c4_en,2027,rlb_fused_global_rational,GRAIN,adafactor_came,CAME,rlb_came,GRAIN + CAME,2550,5.069458484649658,159.0881553354986,2420.81006402988
623,18l_1024d,c4_en,2027,rlb_fused_global_rational,GRAIN,adafactor_came,CAME,rlb_came,GRAIN + CAME,2600,5.062666416168213,158.01127893887514,2468.1715531840455
623,18l_1024d,c4_en,2027,rlb_fused_global_rational,GRAIN,adafactor_came,CAME,rlb_came,GRAIN + CAME,2650,5.059125900268555,157.45282668137673,2515.708032503957
623,18l_1024d,c4_en,2027,rlb_fused_global_rational,GRAIN,adafactor_came,CAME,rlb_came,GRAIN + CAME,2700,5.0542707443237305,156.69022143562609,2563.0680239400826
623,18l_1024d,c4_en,2027,rlb_fused_global_rational,GRAIN,adafactor_came,CAME,rlb_came,GRAIN + CAME,2750,5.052226543426514,156.37024230661982,2610.599861959927
623,18l_1024d,c4_en,2027,rlb_fused_global_rational,GRAIN,adafactor_came,CAME,rlb_came,GRAIN + CAME,2800,5.048435211181641,155.77851319445827,2657.9578802529722
623,18l_1024d,c4_en,2027,rlb_fused_global_rational,GRAIN,adafactor_came,CAME,rlb_came,GRAIN + CAME,2850,5.044288635253906,155.13390314746314,2705.489948421018
623,18l_1024d,c4_en,2027,rlb_fused_global_rational,GRAIN,adafactor_came,CAME,rlb_came,GRAIN + CAME,2900,5.040390968322754,154.53041971597204,2752.851247526007
623,18l_1024d,c4_en,2027,rlb_fused_global_rational,GRAIN,adafactor_came,CAME,rlb_came,GRAIN + CAME,2950,5.037506103515625,154.0852627640475,2800.3801898879465
623,18l_1024d,c4_en,2027,rlb_fused_global_rational,GRAIN,adafactor_came,CAME,rlb_came,GRAIN + CAME,3000,5.03515625,153.7236100495016,2847.7382790988777
623,18l_1024d,c4_en,2027,rlb_fused_global_rational,GRAIN,adafactor_came,CAME,rlb_came,GRAIN + CAME,3050,5.033066272735596,153.4026666984729,2895.2711692089215
622,18l_1024d,c4_en,2027,silu,SwiGLU,adafactor_came,CAME,silu_came,SwiGLU + CAME,1,11.01750659942627,60931.56325132808,1.8773355698212981
622,18l_1024d,c4_en,2027,silu,SwiGLU,adafactor_came,CAME,silu_came,SwiGLU + CAME,50,8.894994735717773,7295.366763600073,41.52937651798129
622,18l_1024d,c4_en,2027,silu,SwiGLU,adafactor_came,CAME,silu_came,SwiGLU + CAME,100,7.670100212097168,2143.2962186950576,82.0793595649302
622,18l_1024d,c4_en,2027,silu,SwiGLU,adafactor_came,CAME,silu_came,SwiGLU + CAME,150,7.229150295257568,1379.0502205976713,122.81381078483537
622,18l_1024d,c4_en,2027,silu,SwiGLU,adafactor_came,CAME,silu_came,SwiGLU + CAME,200,6.903602123260498,995.8554567025468,163.52001722576097
622,18l_1024d,c4_en,2027,silu,SwiGLU,adafactor_came,CAME,silu_came,SwiGLU + CAME,250,6.68105411529541,797.1589667459997,204.1511518759653
622,18l_1024d,c4_en,2027,silu,SwiGLU,adafactor_came,CAME,silu_came,SwiGLU + CAME,300,6.522250652313232,680.1073492898366,244.7762438119389
622,18l_1024d,c4_en,2027,silu,SwiGLU,adafactor_came,CAME,silu_came,SwiGLU + CAME,350,6.386279106140137,593.6435803204325,285.3831747970544
622,18l_1024d,c4_en,2027,silu,SwiGLU,adafactor_came,CAME,silu_came,SwiGLU + CAME,400,6.262543201446533,524.5512847656476,326.0093231378123
622,18l_1024d,c4_en,2027,silu,SwiGLU,adafactor_came,CAME,silu_came,SwiGLU + CAME,450,6.163760662078857,475.2118297905016,366.7482594908215
622,18l_1024d,c4_en,2027,silu,SwiGLU,adafactor_came,CAME,silu_came,SwiGLU + CAME,500,6.075335502624512,434.9954201421945,407.48292530095205
622,18l_1024d,c4_en,2027,silu,SwiGLU,adafactor_came,CAME,silu_came,SwiGLU + CAME,550,5.987102031707764,398.25879461904157,448.114118445199
622,18l_1024d,c4_en,2027,silu,SwiGLU,adafactor_came,CAME,silu_came,SwiGLU + CAME,600,5.920257091522217,372.5074700791206,488.77098177792504
622,18l_1024d,c4_en,2027,silu,SwiGLU,adafactor_came,CAME,silu_came,SwiGLU + CAME,650,5.856033802032471,349.3358575620976,529.3718758160248
622,18l_1024d,c4_en,2027,silu,SwiGLU,adafactor_came,CAME,silu_came,SwiGLU + CAME,700,5.799647331237793,330.1830941108295,569.964906051755
622,18l_1024d,c4_en,2027,silu,SwiGLU,adafactor_came,CAME,silu_came,SwiGLU + CAME,750,5.743624687194824,312.1939680775036,610.553833194077
622,18l_1024d,c4_en,2027,silu,SwiGLU,adafactor_came,CAME,silu_came,SwiGLU + CAME,800,5.7017645835876465,299.39524305146455,651.3479817989282
622,18l_1024d,c4_en,2027,silu,SwiGLU,adafactor_came,CAME,silu_came,SwiGLU + CAME,850,5.6525349617004395,285.0130480067358,691.9769673198462
622,18l_1024d,c4_en,2027,silu,SwiGLU,adafactor_came,CAME,silu_came,SwiGLU + CAME,900,5.613185882568359,274.0158311307259,732.5547335809097
622,18l_1024d,c4_en,2027,silu,SwiGLU,adafactor_came,CAME,silu_came,SwiGLU + CAME,950,5.5782470703125,264.607360912318,773.2424525427632
622,18l_1024d,c4_en,2027,silu,SwiGLU,adafactor_came,CAME,silu_came,SwiGLU + CAME,1000,5.543158054351807,255.48355775198465,813.801908466965
622,18l_1024d,c4_en,2027,silu,SwiGLU,adafactor_came,CAME,silu_came,SwiGLU + CAME,1050,5.514100551605225,248.1666637257107,854.5163164548576
622,18l_1024d,c4_en,2027,silu,SwiGLU,adafactor_came,CAME,silu_came,SwiGLU + CAME,1100,5.483006954193115,240.56900084415372,895.1311721680686
622,18l_1024d,c4_en,2027,silu,SwiGLU,adafactor_came,CAME,silu_came,SwiGLU + CAME,1150,5.448306560516357,232.36433759569675,935.7127501210198
622,18l_1024d,c4_en,2027,silu,SwiGLU,adafactor_came,CAME,silu_came,SwiGLU + CAME,1200,5.424233913421631,226.83750256791134,976.2167779090814
622,18l_1024d,c4_en,2027,silu,SwiGLU,adafactor_came,CAME,silu_came,SwiGLU + CAME,1250,5.403879642486572,222.26706236348525,1016.8013044907711
622,18l_1024d,c4_en,2027,silu,SwiGLU,adafactor_came,CAME,silu_came,SwiGLU + CAME,1300,5.377829551696777,216.55175060510246,1057.4059256790206
622,18l_1024d,c4_en,2027,silu,SwiGLU,adafactor_came,CAME,silu_came,SwiGLU + CAME,1350,5.350293159484863,210.6700487377695,1097.9869626918808
622,18l_1024d,c4_en,2027,silu,SwiGLU,adafactor_came,CAME,silu_came,SwiGLU + CAME,1400,5.328017711639404,206.02915989070192,1138.8137491359375
622,18l_1024d,c4_en,2027,silu,SwiGLU,adafactor_came,CAME,silu_came,SwiGLU + CAME,1450,5.31007719039917,202.365848485902,1179.6103955428116
622,18l_1024d,c4_en,2027,silu,SwiGLU,adafactor_came,CAME,silu_came,SwiGLU + CAME,1500,5.288634300231934,198.07273272384424,1220.2508821231313
622,18l_1024d,c4_en,2027,silu,SwiGLU,adafactor_came,CAME,silu_came,SwiGLU + CAME,1550,5.271455764770508,194.69919246246596,1260.9139857399277
622,18l_1024d,c4_en,2027,silu,SwiGLU,adafactor_came,CAME,silu_came,SwiGLU + CAME,1600,5.252880573272705,191.11599994902463,1301.505076399073
622,18l_1024d,c4_en,2027,silu,SwiGLU,adafactor_came,CAME,silu_came,SwiGLU + CAME,1650,5.238377571105957,188.3642467616894,1342.0662077371962
622,18l_1024d,c4_en,2027,silu,SwiGLU,adafactor_came,CAME,silu_came,SwiGLU + CAME,1700,5.221563339233398,185.2235250463574,1382.6776680359617
622,18l_1024d,c4_en,2027,silu,SwiGLU,adafactor_came,CAME,silu_came,SwiGLU + CAME,1750,5.205818176269531,182.32998982934444,1423.2423178660683
622,18l_1024d,c4_en,2027,silu,SwiGLU,adafactor_came,CAME,silu_came,SwiGLU + CAME,1800,5.189632415771484,179.40259524550544,1463.7988247158937
622,18l_1024d,c4_en,2027,silu,SwiGLU,adafactor_came,CAME,silu_came,SwiGLU + CAME,1850,5.178905487060547,177.48844124711886,1504.347992119845
622,18l_1024d,c4_en,2027,silu,SwiGLU,adafactor_came,CAME,silu_came,SwiGLU + CAME,1900,5.166557312011719,175.31025887099017,1544.9243459440768
622,18l_1024d,c4_en,2027,silu,SwiGLU,adafactor_came,CAME,silu_came,SwiGLU + CAME,1950,5.153639793395996,173.06024889808282,1585.4960443419404
622,18l_1024d,c4_en,2027,silu,SwiGLU,adafactor_came,CAME,silu_came,SwiGLU + CAME,2000,5.14432954788208,171.45649275838295,1626.2035247748718
622,18l_1024d,c4_en,2027,silu,SwiGLU,adafactor_came,CAME,silu_came,SwiGLU + CAME,2050,5.132693290710449,169.47294383897315,1666.9144784621894
622,18l_1024d,c4_en,2027,silu,SwiGLU,adafactor_came,CAME,silu_came,SwiGLU + CAME,2100,5.122315883636475,167.72334794833847,1707.5712035540491
622,18l_1024d,c4_en,2027,silu,SwiGLU,adafactor_came,CAME,silu_came,SwiGLU + CAME,2150,5.114623069763184,166.43803363094258,1748.165285662748
622,18l_1024d,c4_en,2027,silu,SwiGLU,adafactor_came,CAME,silu_came,SwiGLU + CAME,2200,5.104833602905273,164.81664323919605,1788.7318870187737
622,18l_1024d,c4_en,2027,silu,SwiGLU,adafactor_came,CAME,silu_came,SwiGLU + CAME,2250,5.0972490310668945,163.57130820479838,1829.3883809191175
622,18l_1024d,c4_en,2027,silu,SwiGLU,adafactor_came,CAME,silu_came,SwiGLU + CAME,2300,5.089356422424316,162.28538520283846,1869.9584057088941
622,18l_1024d,c4_en,2027,silu,SwiGLU,adafactor_came,CAME,silu_came,SwiGLU + CAME,2350,5.081035614013672,160.9406420385282,1910.8304552738555
622,18l_1024d,c4_en,2027,silu,SwiGLU,adafactor_came,CAME,silu_came,SwiGLU + CAME,2400,5.073375701904297,159.71256036923702,1951.744652991183
622,18l_1024d,c4_en,2027,silu,SwiGLU,adafactor_came,CAME,silu_came,SwiGLU + CAME,2450,5.068643569946289,158.95856486834398,1992.4752291021869
622,18l_1024d,c4_en,2027,silu,SwiGLU,adafactor_came,CAME,silu_came,SwiGLU + CAME,2500,5.061842918395996,157.88121056554215,2033.157506966032
622,18l_1024d,c4_en,2027,silu,SwiGLU,adafactor_came,CAME,silu_came,SwiGLU + CAME,2550,5.056623935699463,157.05937769067734,2073.781883087009
622,18l_1024d,c4_en,2027,silu,SwiGLU,adafactor_came,CAME,silu_came,SwiGLU + CAME,2600,5.050920486450195,156.16614716971722,2114.4435284431092
622,18l_1024d,c4_en,2027,silu,SwiGLU,adafactor_came,CAME,silu_came,SwiGLU + CAME,2650,5.046995639801025,155.55442024274888,2155.1796518121846
622,18l_1024d,c4_en,2027,silu,SwiGLU,adafactor_came,CAME,silu_came,SwiGLU + CAME,2700,5.04385232925415,155.06623205847893,2196.086175274104
622,18l_1024d,c4_en,2027,silu,SwiGLU,adafactor_came,CAME,silu_came,SwiGLU + CAME,2750,5.040566444396973,154.5575384866493,2236.7031699661165
622,18l_1024d,c4_en,2027,silu,SwiGLU,adafactor_came,CAME,silu_came,SwiGLU + CAME,2800,5.036126136779785,153.872776872401,2277.307663929183
622,18l_1024d,c4_en,2027,silu,SwiGLU,adafactor_came,CAME,silu_came,SwiGLU + CAME,2850,5.032854080200195,153.3701192509738,2317.9652971588075
622,18l_1024d,c4_en,2027,silu,SwiGLU,adafactor_came,CAME,silu_came,SwiGLU + CAME,2900,5.029218673706055,152.81356877999573,2358.662834738847
622,18l_1024d,c4_en,2027,silu,SwiGLU,adafactor_came,CAME,silu_came,SwiGLU + CAME,2950,5.025876522064209,152.3036951722653,2399.438996370882
622,18l_1024d,c4_en,2027,silu,SwiGLU,adafactor_came,CAME,silu_came,SwiGLU + CAME,3000,5.023692607879639,151.9714399125605,2440.0917584360577
622,18l_1024d,c4_en,2027,silu,SwiGLU,adafactor_came,CAME,silu_came,SwiGLU + CAME,3050,5.021936893463135,151.70485555608767,2480.669054227881
637,18l_1024d,c4_en,3407,rlb_fused_global_rational,GRAIN,adafactor_came,CAME,rlb_came,GRAIN + CAME,1,11.059601783752441,63551.23969051053,2.5444280370138586
637,18l_1024d,c4_en,3407,rlb_fused_global_rational,GRAIN,adafactor_came,CAME,rlb_came,GRAIN + CAME,50,8.820924758911133,6774.526533225631,52.49502112483606
637,18l_1024d,c4_en,3407,rlb_fused_global_rational,GRAIN,adafactor_came,CAME,rlb_came,GRAIN + CAME,100,7.5386199951171875,1879.234881606584,103.34235137002543
637,18l_1024d,c4_en,3407,rlb_fused_global_rational,GRAIN,adafactor_came,CAME,rlb_came,GRAIN + CAME,150,7.110675811767578,1224.975119018902,154.58343298593536
637,18l_1024d,c4_en,3407,rlb_fused_global_rational,GRAIN,adafactor_came,CAME,rlb_came,GRAIN + CAME,200,6.815482139587402,911.8560517173729,205.41432083584368
637,18l_1024d,c4_en,3407,rlb_fused_global_rational,GRAIN,adafactor_came,CAME,rlb_came,GRAIN + CAME,250,6.627763748168945,755.7901423565237,256.4529076907784
637,18l_1024d,c4_en,3407,rlb_fused_global_rational,GRAIN,adafactor_came,CAME,rlb_came,GRAIN + CAME,300,6.4814133644104,652.893070298385,307.5747215701267
637,18l_1024d,c4_en,3407,rlb_fused_global_rational,GRAIN,adafactor_came,CAME,rlb_came,GRAIN + CAME,350,6.344461441040039,569.3306889908924,358.66103249276057
637,18l_1024d,c4_en,3407,rlb_fused_global_rational,GRAIN,adafactor_came,CAME,rlb_came,GRAIN + CAME,400,6.232071399688721,508.80833811115775,409.47311661206186
637,18l_1024d,c4_en,3407,rlb_fused_global_rational,GRAIN,adafactor_came,CAME,rlb_came,GRAIN + CAME,450,6.129612445831299,459.25813877940374,460.4319353257306
637,18l_1024d,c4_en,3407,rlb_fused_global_rational,GRAIN,adafactor_came,CAME,rlb_came,GRAIN + CAME,500,6.049685478210449,423.97965823085303,511.33605796610937
637,18l_1024d,c4_en,3407,rlb_fused_global_rational,GRAIN,adafactor_came,CAME,rlb_came,GRAIN + CAME,550,5.977626323699951,394.50283386701017,562.3982956367545
637,18l_1024d,c4_en,3407,rlb_fused_global_rational,GRAIN,adafactor_came,CAME,rlb_came,GRAIN + CAME,600,5.909119606018066,368.3816915779924,613.4075771868229
637,18l_1024d,c4_en,3407,rlb_fused_global_rational,GRAIN,adafactor_came,CAME,rlb_came,GRAIN + CAME,650,5.85429573059082,348.72921423196516,664.7058782246895
637,18l_1024d,c4_en,3407,rlb_fused_global_rational,GRAIN,adafactor_came,CAME,rlb_came,GRAIN + CAME,700,5.79770565032959,329.54260591386173,715.7996687479317
637,18l_1024d,c4_en,3407,rlb_fused_global_rational,GRAIN,adafactor_came,CAME,rlb_came,GRAIN + CAME,750,5.751619815826416,314.7000036996305,766.8956948877312
637,18l_1024d,c4_en,3407,rlb_fused_global_rational,GRAIN,adafactor_came,CAME,rlb_came,GRAIN + CAME,800,5.702664375305176,299.6647576467464,817.7099233521149
637,18l_1024d,c4_en,3407,rlb_fused_global_rational,GRAIN,adafactor_came,CAME,rlb_came,GRAIN + CAME,850,5.662242412567139,287.7932707718435,868.7367040258832
637,18l_1024d,c4_en,3407,rlb_fused_global_rational,GRAIN,adafactor_came,CAME,rlb_came,GRAIN + CAME,900,5.626664161682129,277.73409459128425,919.5876533030532
637,18l_1024d,c4_en,3407,rlb_fused_global_rational,GRAIN,adafactor_came,CAME,rlb_came,GRAIN + CAME,950,5.585552215576172,266.5474337508915,970.5666632619686
637,18l_1024d,c4_en,3407,rlb_fused_global_rational,GRAIN,adafactor_came,CAME,rlb_came,GRAIN + CAME,1000,5.549077987670898,257.0004890138147,1021.4936382761225
637,18l_1024d,c4_en,3407,rlb_fused_global_rational,GRAIN,adafactor_came,CAME,rlb_came,GRAIN + CAME,1050,5.5188093185424805,249.33797826613647,1072.5378933157772
637,18l_1024d,c4_en,3407,rlb_fused_global_rational,GRAIN,adafactor_came,CAME,rlb_came,GRAIN + CAME,1100,5.4880595207214355,241.78756757797623,1123.5233911550604
637,18l_1024d,c4_en,3407,rlb_fused_global_rational,GRAIN,adafactor_came,CAME,rlb_came,GRAIN + CAME,1150,5.461482524871826,235.4462206298467,1174.7390307998285
637,18l_1024d,c4_en,3407,rlb_fused_global_rational,GRAIN,adafactor_came,CAME,rlb_came,GRAIN + CAME,1200,5.436148643493652,229.55637533440765,1225.607476559002
637,18l_1024d,c4_en,3407,rlb_fused_global_rational,GRAIN,adafactor_came,CAME,rlb_came,GRAIN + CAME,1250,5.408283710479736,223.2481003120208,1276.6529793478549
637,18l_1024d,c4_en,3407,rlb_fused_global_rational,GRAIN,adafactor_came,CAME,rlb_came,GRAIN + CAME,1300,5.386612415313721,218.46207186225243,1327.498363563791
637,18l_1024d,c4_en,3407,rlb_fused_global_rational,GRAIN,adafactor_came,CAME,rlb_came,GRAIN + CAME,1350,5.363031387329102,213.3707765428175,1378.5275497119874
637,18l_1024d,c4_en,3407,rlb_fused_global_rational,GRAIN,adafactor_came,CAME,rlb_came,GRAIN + CAME,1400,5.343690872192383,209.28372603828927,1429.3760237107053
637,18l_1024d,c4_en,3407,rlb_fused_global_rational,GRAIN,adafactor_came,CAME,rlb_came,GRAIN + CAME,1450,5.3201141357421875,204.40721083033222,1480.5444291369058
637,18l_1024d,c4_en,3407,rlb_fused_global_rational,GRAIN,adafactor_came,CAME,rlb_came,GRAIN + CAME,1500,5.305775165557861,201.49713553084186,1531.6043543578126
637,18l_1024d,c4_en,3407,rlb_fused_global_rational,GRAIN,adafactor_came,CAME,rlb_came,GRAIN + CAME,1550,5.283380508422852,197.03482867632854,1582.7102171150036
637,18l_1024d,c4_en,3407,rlb_fused_global_rational,GRAIN,adafactor_came,CAME,rlb_came,GRAIN + CAME,1600,5.269759654998779,194.3692411555007,1633.5161492400803
637,18l_1024d,c4_en,3407,rlb_fused_global_rational,GRAIN,adafactor_came,CAME,rlb_came,GRAIN + CAME,1650,5.251033306121826,190.7632835213473,1684.575648504775
637,18l_1024d,c4_en,3407,rlb_fused_global_rational,GRAIN,adafactor_came,CAME,rlb_came,GRAIN + CAME,1700,5.239816665649414,188.63551586551375,1735.616390727926
637,18l_1024d,c4_en,3407,rlb_fused_global_rational,GRAIN,adafactor_came,CAME,rlb_came,GRAIN + CAME,1750,5.224576950073242,185.78255860093293,1786.8915337570943
637,18l_1024d,c4_en,3407,rlb_fused_global_rational,GRAIN,adafactor_came,CAME,rlb_came,GRAIN + CAME,1800,5.207097053527832,182.56331667323957,1837.9323389111087
637,18l_1024d,c4_en,3407,rlb_fused_global_rational,GRAIN,adafactor_came,CAME,rlb_came,GRAIN + CAME,1850,5.1964616775512695,180.63197563459502,1888.9434490976855
637,18l_1024d,c4_en,3407,rlb_fused_global_rational,GRAIN,adafactor_came,CAME,rlb_came,GRAIN + CAME,1900,5.18524169921875,178.6166160695473,1939.8869727607816
637,18l_1024d,c4_en,3407,rlb_fused_global_rational,GRAIN,adafactor_came,CAME,rlb_came,GRAIN + CAME,1950,5.17491340637207,176.78130547902816,1991.1026028720662
637,18l_1024d,c4_en,3407,rlb_fused_global_rational,GRAIN,adafactor_came,CAME,rlb_came,GRAIN + CAME,2000,5.161903381347656,174.4962726683615,2042.1818540999666
637,18l_1024d,c4_en,3407,rlb_fused_global_rational,GRAIN,adafactor_came,CAME,rlb_came,GRAIN + CAME,2050,5.150065898895264,172.4428537359891,2093.1175344758667
637,18l_1024d,c4_en,3407,rlb_fused_global_rational,GRAIN,adafactor_came,CAME,rlb_came,GRAIN + CAME,2100,5.140719413757324,170.83862778173955,2143.886264617089
637,18l_1024d,c4_en,3407,rlb_fused_global_rational,GRAIN,adafactor_came,CAME,rlb_came,GRAIN + CAME,2150,5.133077621459961,169.53809002053924,2194.823117054999
637,18l_1024d,c4_en,3407,rlb_fused_global_rational,GRAIN,adafactor_came,CAME,rlb_came,GRAIN + CAME,2200,5.123683929443359,167.95295819407227,2245.817019674927
637,18l_1024d,c4_en,3407,rlb_fused_global_rational,GRAIN,adafactor_came,CAME,rlb_came,GRAIN + CAME,2250,5.115906715393066,166.65181826796152,2297.0927703417838
637,18l_1024d,c4_en,3407,rlb_fused_global_rational,GRAIN,adafactor_came,CAME,rlb_came,GRAIN + CAME,2300,5.107248306274414,165.21510743572162,2347.8895005281083
637,18l_1024d,c4_en,3407,rlb_fused_global_rational,GRAIN,adafactor_came,CAME,rlb_came,GRAIN + CAME,2350,5.098595142364502,163.79164165413934,2398.9057945027016
637,18l_1024d,c4_en,3407,rlb_fused_global_rational,GRAIN,adafactor_came,CAME,rlb_came,GRAIN + CAME,2400,5.091953754425049,162.70744210074952,2450.030473995954
637,18l_1024d,c4_en,3407,rlb_fused_global_rational,GRAIN,adafactor_came,CAME,rlb_came,GRAIN + CAME,2450,5.0884504318237305,162.13842275258395,2501.3744859490544
637,18l_1024d,c4_en,3407,rlb_fused_global_rational,GRAIN,adafactor_came,CAME,rlb_came,GRAIN + CAME,2500,5.08164644241333,161.03897918384754,2552.4102400857955
637,18l_1024d,c4_en,3407,rlb_fused_global_rational,GRAIN,adafactor_came,CAME,rlb_came,GRAIN + CAME,2550,5.074771881103516,159.93570346150244,2603.349041012116
637,18l_1024d,c4_en,3407,rlb_fused_global_rational,GRAIN,adafactor_came,CAME,rlb_came,GRAIN + CAME,2600,5.069106578826904,159.03218113670576,2654.1604185537435
637,18l_1024d,c4_en,3407,rlb_fused_global_rational,GRAIN,adafactor_came,CAME,rlb_came,GRAIN + CAME,2650,5.064934730529785,158.3701050034863,2705.2433653860353
637,18l_1024d,c4_en,3407,rlb_fused_global_rational,GRAIN,adafactor_came,CAME,rlb_came,GRAIN + CAME,2700,5.061368942260742,157.80639637100109,2756.104121942073
637,18l_1024d,c4_en,3407,rlb_fused_global_rational,GRAIN,adafactor_came,CAME,rlb_came,GRAIN + CAME,2750,5.057498455047607,157.1967892310432,2807.1442081709392
637,18l_1024d,c4_en,3407,rlb_fused_global_rational,GRAIN,adafactor_came,CAME,rlb_came,GRAIN + CAME,2800,5.052680969238281,156.44131712881008,2858.1046608621255
637,18l_1024d,c4_en,3407,rlb_fused_global_rational,GRAIN,adafactor_came,CAME,rlb_came,GRAIN + CAME,2850,5.048630714416504,155.80897137494938,2909.055186769925
637,18l_1024d,c4_en,3407,rlb_fused_global_rational,GRAIN,adafactor_came,CAME,rlb_came,GRAIN + CAME,2900,5.045280456542969,155.2878445838376,2959.9148266711272
637,18l_1024d,c4_en,3407,rlb_fused_global_rational,GRAIN,adafactor_came,CAME,rlb_came,GRAIN + CAME,2950,5.04276704788208,154.89803285362987,3010.8900554538704
637,18l_1024d,c4_en,3407,rlb_fused_global_rational,GRAIN,adafactor_came,CAME,rlb_came,GRAIN + CAME,3000,5.0398478507995605,154.44651432446457,3061.67589425575
637,18l_1024d,c4_en,3407,rlb_fused_global_rational,GRAIN,adafactor_came,CAME,rlb_came,GRAIN + CAME,3050,5.038207054138184,154.19330678724793,3112.6517313281074
636,18l_1024d,c4_en,3407,silu,SwiGLU,adafactor_came,CAME,silu_came,SwiGLU + CAME,1,11.020530700683594,61116.10536474642,1.5655282710213214
636,18l_1024d,c4_en,3407,silu,SwiGLU,adafactor_came,CAME,silu_came,SwiGLU + CAME,50,8.909812927246094,7404.275830442032,38.31044907588512
636,18l_1024d,c4_en,3407,silu,SwiGLU,adafactor_came,CAME,silu_came,SwiGLU + CAME,100,7.6704230308532715,2143.988226604895,75.78166146902367
636,18l_1024d,c4_en,3407,silu,SwiGLU,adafactor_came,CAME,silu_came,SwiGLU + CAME,150,7.243332862854004,1398.7480462663461,113.2954854639247
636,18l_1024d,c4_en,3407,silu,SwiGLU,adafactor_came,CAME,silu_came,SwiGLU + CAME,200,6.92418098449707,1016.5613490784757,150.83362400601618
636,18l_1024d,c4_en,3407,silu,SwiGLU,adafactor_came,CAME,silu_came,SwiGLU + CAME,250,6.714558124542236,824.3194398799905,188.38747654901817
636,18l_1024d,c4_en,3407,silu,SwiGLU,adafactor_came,CAME,silu_came,SwiGLU + CAME,300,6.548228740692139,698.0067273073954,225.93089860491455
636,18l_1024d,c4_en,3407,silu,SwiGLU,adafactor_came,CAME,silu_came,SwiGLU + CAME,350,6.402000427246094,603.0501900915464,263.48723652400076
636,18l_1024d,c4_en,3407,silu,SwiGLU,adafactor_came,CAME,silu_came,SwiGLU + CAME,400,6.28027868270874,533.9374422263119,301.04047622089274
636,18l_1024d,c4_en,3407,silu,SwiGLU,adafactor_came,CAME,silu_came,SwiGLU + CAME,450,6.172733783721924,479.4951519910558,338.59354648692533
636,18l_1024d,c4_en,3407,silu,SwiGLU,adafactor_came,CAME,silu_came,SwiGLU + CAME,500,6.086001396179199,439.6598660124168,376.1479345969856
636,18l_1024d,c4_en,3407,silu,SwiGLU,adafactor_came,CAME,silu_came,SwiGLU + CAME,550,6.011312007904053,408.0182924780104,413.70312411384657
636,18l_1024d,c4_en,3407,silu,SwiGLU,adafactor_came,CAME,silu_came,SwiGLU + CAME,600,5.940202236175537,380.01177389533717,451.257584549021
636,18l_1024d,c4_en,3407,silu,SwiGLU,adafactor_came,CAME,silu_came,SwiGLU + CAME,650,5.880753517150879,358.0789587146562,488.8072468449827
636,18l_1024d,c4_en,3407,silu,SwiGLU,adafactor_came,CAME,silu_came,SwiGLU + CAME,700,5.816307544708252,335.7300937392557,526.3556033389177
636,18l_1024d,c4_en,3407,silu,SwiGLU,adafactor_came,CAME,silu_came,SwiGLU + CAME,750,5.771589756011963,321.04771470100394,563.9003371640574
636,18l_1024d,c4_en,3407,silu,SwiGLU,adafactor_came,CAME,silu_came,SwiGLU + CAME,800,5.719631671905518,304.79263858765086,601.4582568469923
636,18l_1024d,c4_en,3407,silu,SwiGLU,adafactor_came,CAME,silu_came,SwiGLU + CAME,850,5.6780805587768555,292.3876700154942,639.0112125668675
636,18l_1024d,c4_en,3407,silu,SwiGLU,adafactor_came,CAME,silu_came,SwiGLU + CAME,900,5.639672756195068,281.37062661340735,676.567158780992
636,18l_1024d,c4_en,3407,silu,SwiGLU,adafactor_came,CAME,silu_came,SwiGLU + CAME,950,5.600595951080322,270.587616367356,714.1536886310205
636,18l_1024d,c4_en,3407,silu,SwiGLU,adafactor_came,CAME,silu_came,SwiGLU + CAME,1000,5.567892074584961,261.88149036648184,751.7162664229982
636,18l_1024d,c4_en,3407,silu,SwiGLU,adafactor_came,CAME,silu_came,SwiGLU + CAME,1050,5.534521102905273,253.28646043774899,789.2691374798305
636,18l_1024d,c4_en,3407,silu,SwiGLU,adafactor_came,CAME,silu_came,SwiGLU + CAME,1100,5.504133224487305,245.70539193587678,826.8127279519103
636,18l_1024d,c4_en,3407,silu,SwiGLU,adafactor_came,CAME,silu_came,SwiGLU + CAME,1150,5.478442192077637,239.47336314815306,864.3619633838534
636,18l_1024d,c4_en,3407,silu,SwiGLU,adafactor_came,CAME,silu_came,SwiGLU + CAME,1200,5.448178291320801,232.33453432049924,901.9127247929573
636,18l_1024d,c4_en,3407,silu,SwiGLU,adafactor_came,CAME,silu_came,SwiGLU + CAME,1250,5.422455787658691,226.43451534775173,939.4691783138551
636,18l_1024d,c4_en,3407,silu,SwiGLU,adafactor_came,CAME,silu_came,SwiGLU + CAME,1300,5.398343086242676,221.03986861994488,977.020467867842
636,18l_1024d,c4_en,3407,silu,SwiGLU,adafactor_came,CAME,silu_came,SwiGLU + CAME,1350,5.373462200164795,215.60805521009277,1014.5668619018979
636,18l_1024d,c4_en,3407,silu,SwiGLU,adafactor_came,CAME,silu_came,SwiGLU + CAME,1400,5.35127067565918,210.87608280226382,1052.114753793925
636,18l_1024d,c4_en,3407,silu,SwiGLU,adafactor_came,CAME,silu_came,SwiGLU + CAME,1450,5.331165313720703,206.67867938137852,1089.6520679059904
636,18l_1024d,c4_en,3407,silu,SwiGLU,adafactor_came,CAME,silu_came,SwiGLU + CAME,1500,5.313803195953369,203.12127124206498,1127.2274929150008
636,18l_1024d,c4_en,3407,silu,SwiGLU,adafactor_came,CAME,silu_came,SwiGLU + CAME,1550,5.293455123901367,199.02991178400003,1164.773247946985
636,18l_1024d,c4_en,3407,silu,SwiGLU,adafactor_came,CAME,silu_came,SwiGLU + CAME,1600,5.279261589050293,196.22492720788037,1202.3342849430628
636,18l_1024d,c4_en,3407,silu,SwiGLU,adafactor_came,CAME,silu_came,SwiGLU + CAME,1650,5.261288166046143,192.7295991866165,1239.8974920969922
636,18l_1024d,c4_en,3407,silu,SwiGLU,adafactor_came,CAME,silu_came,SwiGLU + CAME,1700,5.2449564933776855,189.60756586531394,1277.4545910588931
636,18l_1024d,c4_en,3407,silu,SwiGLU,adafactor_came,CAME,silu_came,SwiGLU + CAME,1750,5.233888149261475,187.52049559216738,1315.0100971858483
636,18l_1024d,c4_en,3407,silu,SwiGLU,adafactor_came,CAME,silu_came,SwiGLU + CAME,1800,5.216318130493164,184.25453249956826,1352.567722650012
636,18l_1024d,c4_en,3407,silu,SwiGLU,adafactor_came,CAME,silu_came,SwiGLU + CAME,1850,5.201205253601074,181.49085261167122,1390.1246660950128
636,18l_1024d,c4_en,3407,silu,SwiGLU,adafactor_came,CAME,silu_came,SwiGLU + CAME,1900,5.192853927612305,179.98147476333236,1427.6675978109706
636,18l_1024d,c4_en,3407,silu,SwiGLU,adafactor_came,CAME,silu_came,SwiGLU + CAME,1950,5.183608055114746,178.32505830348316,1465.2187626808882
636,18l_1024d,c4_en,3407,silu,SwiGLU,adafactor_came,CAME,silu_came,SwiGLU + CAME,2000,5.168857574462891,175.71398263406726,1502.786492557032
636,18l_1024d,c4_en,3407,silu,SwiGLU,adafactor_came,CAME,silu_came,SwiGLU + CAME,2050,5.1561689376831055,173.49849720089765,1540.3437894459348
636,18l_1024d,c4_en,3407,silu,SwiGLU,adafactor_came,CAME,silu_came,SwiGLU + CAME,2100,5.148990154266357,172.25744900424112,1577.8979115139227
636,18l_1024d,c4_en,3407,silu,SwiGLU,adafactor_came,CAME,silu_came,SwiGLU + CAME,2150,5.138640880584717,170.48390280825458,1615.4509723950177
636,18l_1024d,c4_en,3407,silu,SwiGLU,adafactor_came,CAME,silu_came,SwiGLU + CAME,2200,5.128705024719238,168.79838671139547,1653.0061389850453
636,18l_1024d,c4_en,3407,silu,SwiGLU,adafactor_came,CAME,silu_came,SwiGLU + CAME,2250,5.120601654052734,167.43607791714172,1690.5571318159346
636,18l_1024d,c4_en,3407,silu,SwiGLU,adafactor_came,CAME,silu_came,SwiGLU + CAME,2300,5.112749099731445,166.12642580682984,1728.1034161888529
636,18l_1024d,c4_en,3407,silu,SwiGLU,adafactor_came,CAME,silu_came,SwiGLU + CAME,2350,5.104011058807373,164.68113002250263,1765.6495883530006
636,18l_1024d,c4_en,3407,silu,SwiGLU,adafactor_came,CAME,silu_came,SwiGLU + CAME,2400,5.097445011138916,163.60336806300506,1803.1971898139454
636,18l_1024d,c4_en,3407,silu,SwiGLU,adafactor_came,CAME,silu_came,SwiGLU + CAME,2450,5.092716217041016,162.8315477496374,1840.7477917589713
636,18l_1024d,c4_en,3407,silu,SwiGLU,adafactor_came,CAME,silu_came,SwiGLU + CAME,2500,5.086111068725586,161.75956542480972,1878.2981778930407
636,18l_1024d,c4_en,3407,silu,SwiGLU,adafactor_came,CAME,silu_came,SwiGLU + CAME,2550,5.079563140869141,160.7038356535705,1915.8525269979145
636,18l_1024d,c4_en,3407,silu,SwiGLU,adafactor_came,CAME,silu_came,SwiGLU + CAME,2600,5.07307243347168,159.6641319351634,1953.4121275260113
636,18l_1024d,c4_en,3407,silu,SwiGLU,adafactor_came,CAME,silu_came,SwiGLU + CAME,2650,5.068052768707275,158.8646796877393,1990.9629206249956
636,18l_1024d,c4_en,3407,silu,SwiGLU,adafactor_came,CAME,silu_came,SwiGLU + CAME,2700,5.06398344039917,158.2195207216385,2028.5655637870077
636,18l_1024d,c4_en,3407,silu,SwiGLU,adafactor_came,CAME,silu_came,SwiGLU + CAME,2750,5.059902191162109,157.57510333187847,2066.1154043569695
636,18l_1024d,c4_en,3407,silu,SwiGLU,adafactor_came,CAME,silu_came,SwiGLU + CAME,2800,5.055788993835449,156.92829697111262,2103.672274420038
636,18l_1024d,c4_en,3407,silu,SwiGLU,adafactor_came,CAME,silu_came,SwiGLU + CAME,2850,5.0529351234436035,156.481082400486,2141.2213566040155
636,18l_1024d,c4_en,3407,silu,SwiGLU,adafactor_came,CAME,silu_came,SwiGLU + CAME,2900,5.04885196685791,155.8434483041708,2178.8119939430617
636,18l_1024d,c4_en,3407,silu,SwiGLU,adafactor_came,CAME,silu_came,SwiGLU + CAME,2950,5.045492172241211,155.32072493880304,2216.3908264730126
636,18l_1024d,c4_en,3407,silu,SwiGLU,adafactor_came,CAME,silu_came,SwiGLU + CAME,3000,5.041994094848633,154.77835020975073,2254.677069145022
636,18l_1024d,c4_en,3407,silu,SwiGLU,adafactor_came,CAME,silu_came,SwiGLU + CAME,3050,5.040362358093262,154.5259986284449,2293.9074275449384
441,18l_1024d,dclm,1337,rlb_fused_global_rational,GRAIN,adafactor_came,CAME,rlb_came,GRAIN + CAME,1,11.07602310180664,64603.45050967076,2.501195044722408
441,18l_1024d,dclm,1337,rlb_fused_global_rational,GRAIN,adafactor_came,CAME,rlb_came,GRAIN + CAME,50,8.612552642822266,5500.271000485627,52.89816679991782
441,18l_1024d,dclm,1337,rlb_fused_global_rational,GRAIN,adafactor_came,CAME,rlb_came,GRAIN + CAME,100,7.365571975708008,1580.6192438227781,104.23778821993619
441,18l_1024d,dclm,1337,rlb_fused_global_rational,GRAIN,adafactor_came,CAME,rlb_came,GRAIN + CAME,150,6.8599534034729,953.3226449317641,156.14023317676038
441,18l_1024d,dclm,1337,rlb_fused_global_rational,GRAIN,adafactor_came,CAME,rlb_came,GRAIN + CAME,200,6.567314147949219,711.4564080287848,207.5023247017525
441,18l_1024d,dclm,1337,rlb_fused_global_rational,GRAIN,adafactor_came,CAME,rlb_came,GRAIN + CAME,250,6.353648662567139,574.5853570927927,259.3083481299691
441,18l_1024d,dclm,1337,rlb_fused_global_rational,GRAIN,adafactor_came,CAME,rlb_came,GRAIN + CAME,300,6.202081680297852,493.7758554426866,310.59272238379344
441,18l_1024d,dclm,1337,rlb_fused_global_rational,GRAIN,adafactor_came,CAME,rlb_came,GRAIN + CAME,350,6.07484245300293,434.7809986794578,362.09070665901527
441,18l_1024d,dclm,1337,rlb_fused_global_rational,GRAIN,adafactor_came,CAME,rlb_came,GRAIN + CAME,400,5.973871231079102,393.0242170955787,413.6012990428135
441,18l_1024d,dclm,1337,rlb_fused_global_rational,GRAIN,adafactor_came,CAME,rlb_came,GRAIN + CAME,450,5.886842727661133,360.26602888111796,465.06583358580247
441,18l_1024d,dclm,1337,rlb_fused_global_rational,GRAIN,adafactor_came,CAME,rlb_came,GRAIN + CAME,500,5.821037292480469,337.3217735569976,516.6036050217226
441,18l_1024d,dclm,1337,rlb_fused_global_rational,GRAIN,adafactor_came,CAME,rlb_came,GRAIN + CAME,550,5.750019073486328,314.1966530541089,568.53712094808
441,18l_1024d,dclm,1337,rlb_fused_global_rational,GRAIN,adafactor_came,CAME,rlb_came,GRAIN + CAME,600,5.6880412101745605,295.3145945073468,619.9592480249703
441,18l_1024d,dclm,1337,rlb_fused_global_rational,GRAIN,adafactor_came,CAME,rlb_came,GRAIN + CAME,650,5.63931131362915,281.2689456691679,671.5778672327287
441,18l_1024d,dclm,1337,rlb_fused_global_rational,GRAIN,adafactor_came,CAME,rlb_came,GRAIN + CAME,700,5.582716941833496,265.79276915670255,722.9092479930259
441,18l_1024d,dclm,1337,rlb_fused_global_rational,GRAIN,adafactor_came,CAME,rlb_came,GRAIN + CAME,750,5.538525581359863,254.30277415648555,774.5180471427739
441,18l_1024d,dclm,1337,rlb_fused_global_rational,GRAIN,adafactor_came,CAME,rlb_came,GRAIN + CAME,800,5.491510391235352,242.62338648753138,825.9186083278619
441,18l_1024d,dclm,1337,rlb_fused_global_rational,GRAIN,adafactor_came,CAME,rlb_came,GRAIN + CAME,850,5.447350978851318,232.14240055145473,877.6808624817058
441,18l_1024d,dclm,1337,rlb_fused_global_rational,GRAIN,adafactor_came,CAME,rlb_came,GRAIN + CAME,900,5.4124932289123535,224.18984806694698,928.9151383959688
441,18l_1024d,dclm,1337,rlb_fused_global_rational,GRAIN,adafactor_came,CAME,rlb_came,GRAIN + CAME,950,5.378782272338867,216.75816223868375,980.759572934825
441,18l_1024d,dclm,1337,rlb_fused_global_rational,GRAIN,adafactor_came,CAME,rlb_came,GRAIN + CAME,1000,5.352231025695801,211.07869492981558,1032.1823795009404
441,18l_1024d,dclm,1337,rlb_fused_global_rational,GRAIN,adafactor_came,CAME,rlb_came,GRAIN + CAME,1050,5.322556495666504,204.90705696391777,1083.926876801066
441,18l_1024d,dclm,1337,rlb_fused_global_rational,GRAIN,adafactor_came,CAME,rlb_came,GRAIN + CAME,1100,5.298949718475342,200.12651038078695,1135.3165972246788
441,18l_1024d,dclm,1337,rlb_fused_global_rational,GRAIN,adafactor_came,CAME,rlb_came,GRAIN + CAME,1150,5.274857044219971,195.36254631101016,1186.8940697996877
441,18l_1024d,dclm,1337,rlb_fused_global_rational,GRAIN,adafactor_came,CAME,rlb_came,GRAIN + CAME,1200,5.244387149810791,189.49964474246775,1238.2673866450787
441,18l_1024d,dclm,1337,rlb_fused_global_rational,GRAIN,adafactor_came,CAME,rlb_came,GRAIN + CAME,1250,5.22138786315918,185.19102560085025,1289.8000788739882
441,18l_1024d,dclm,1337,rlb_fused_global_rational,GRAIN,adafactor_came,CAME,rlb_came,GRAIN + CAME,1300,5.204442501068115,182.07933543291034,1341.13686622167
441,18l_1024d,dclm,1337,rlb_fused_global_rational,GRAIN,adafactor_came,CAME,rlb_came,GRAIN + CAME,1350,5.18352746963501,178.31068847211844,1392.755678222049
441,18l_1024d,dclm,1337,rlb_fused_global_rational,GRAIN,adafactor_came,CAME,rlb_came,GRAIN + CAME,1400,5.166826248168945,175.35741247870416,1444.1827581287362
441,18l_1024d,dclm,1337,rlb_fused_global_rational,GRAIN,adafactor_came,CAME,rlb_came,GRAIN + CAME,1450,5.144055366516113,171.40948902706268,1495.926910274662
441,18l_1024d,dclm,1337,rlb_fused_global_rational,GRAIN,adafactor_came,CAME,rlb_came,GRAIN + CAME,1500,5.131561756134033,169.28128779642105,1547.2741457480006
441,18l_1024d,dclm,1337,rlb_fused_global_rational,GRAIN,adafactor_came,CAME,rlb_came,GRAIN + CAME,1550,5.114825248718262,166.4716873005846,1598.824807733763
441,18l_1024d,dclm,1337,rlb_fused_global_rational,GRAIN,adafactor_came,CAME,rlb_came,GRAIN + CAME,1600,5.1011552810668945,164.2115082040407,1650.2123842467554
441,18l_1024d,dclm,1337,rlb_fused_global_rational,GRAIN,adafactor_came,CAME,rlb_came,GRAIN + CAME,1650,5.085723876953125,161.6969455756879,1701.7480928599834
441,18l_1024d,dclm,1337,rlb_fused_global_rational,GRAIN,adafactor_came,CAME,rlb_came,GRAIN + CAME,1700,5.073304176330566,159.70113724525228,1753.1321932598948
441,18l_1024d,dclm,1337,rlb_fused_global_rational,GRAIN,adafactor_came,CAME,rlb_came,GRAIN + CAME,1750,5.059845924377441,157.5662373369031,1804.6526916250587
441,18l_1024d,dclm,1337,rlb_fused_global_rational,GRAIN,adafactor_came,CAME,rlb_came,GRAIN + CAME,1800,5.045244216918945,155.28221711270382,1856.025110189803
441,18l_1024d,dclm,1337,rlb_fused_global_rational,GRAIN,adafactor_came,CAME,rlb_came,GRAIN + CAME,1850,5.0363969802856445,153.91445795901646,1907.733234317042
441,18l_1024d,dclm,1337,rlb_fused_global_rational,GRAIN,adafactor_came,CAME,rlb_came,GRAIN + CAME,1900,5.024984359741211,152.16787614909563,1959.0708240726963
441,18l_1024d,dclm,1337,rlb_fused_global_rational,GRAIN,adafactor_came,CAME,rlb_came,GRAIN + CAME,1950,5.015684604644775,150.75931196999295,2010.5501531548798
441,18l_1024d,dclm,1337,rlb_fused_global_rational,GRAIN,adafactor_came,CAME,rlb_came,GRAIN + CAME,2000,5.00343132019043,148.92328687727874,2061.9498122218065
441,18l_1024d,dclm,1337,rlb_fused_global_rational,GRAIN,adafactor_came,CAME,rlb_came,GRAIN + CAME,2050,4.996348857879639,147.87226959926107,2113.3882692870684
441,18l_1024d,dclm,1337,rlb_fused_global_rational,GRAIN,adafactor_came,CAME,rlb_came,GRAIN + CAME,2100,4.9853010177612305,146.2475915235368,2164.795988020953
441,18l_1024d,dclm,1337,rlb_fused_global_rational,GRAIN,adafactor_came,CAME,rlb_came,GRAIN + CAME,2150,4.975409984588623,144.8081821025998,2216.2896152380854
441,18l_1024d,dclm,1337,rlb_fused_global_rational,GRAIN,adafactor_came,CAME,rlb_came,GRAIN + CAME,2200,4.968790531158447,143.85279663817894,2267.845253034029
441,18l_1024d,dclm,1337,rlb_fused_global_rational,GRAIN,adafactor_came,CAME,rlb_came,GRAIN + CAME,2250,4.962935447692871,143.0129874826498,2319.751216388773
441,18l_1024d,dclm,1337,rlb_fused_global_rational,GRAIN,adafactor_came,CAME,rlb_came,GRAIN + CAME,2300,4.957597732543945,142.2516585788792,2371.182042730041
441,18l_1024d,dclm,1337,rlb_fused_global_rational,GRAIN,adafactor_came,CAME,rlb_came,GRAIN + CAME,2350,4.949955463409424,141.1686766099178,2422.9113955930807
441,18l_1024d,dclm,1337,rlb_fused_global_rational,GRAIN,adafactor_came,CAME,rlb_came,GRAIN + CAME,2400,4.944421768188477,140.38964961572339,2474.1973184826784
441,18l_1024d,dclm,1337,rlb_fused_global_rational,GRAIN,adafactor_came,CAME,rlb_came,GRAIN + CAME,2450,4.937175273895264,139.3759939815671,2525.734046326019
441,18l_1024d,dclm,1337,rlb_fused_global_rational,GRAIN,adafactor_came,CAME,rlb_came,GRAIN + CAME,2500,4.931678295135498,138.61194899647018,2577.0983697199263
441,18l_1024d,dclm,1337,rlb_fused_global_rational,GRAIN,adafactor_came,CAME,rlb_came,GRAIN + CAME,2550,4.928308486938477,138.14563944268403,2628.5835401029326
441,18l_1024d,dclm,1337,rlb_fused_global_rational,GRAIN,adafactor_came,CAME,rlb_came,GRAIN + CAME,2600,4.921518802642822,137.21085121365354,2680.032915422693
441,18l_1024d,dclm,1337,rlb_fused_global_rational,GRAIN,adafactor_came,CAME,rlb_came,GRAIN + CAME,2650,4.917811393737793,136.70309629114382,2731.7807825696655
441,18l_1024d,dclm,1337,rlb_fused_global_rational,GRAIN,adafactor_came,CAME,rlb_came,GRAIN + CAME,2700,4.913527965545654,136.11879070344241,2783.1783651998267
441,18l_1024d,dclm,1337,rlb_fused_global_rational,GRAIN,adafactor_came,CAME,rlb_came,GRAIN + CAME,2750,4.9099040031433105,135.6263940760043,2834.8037064559758
441,18l_1024d,dclm,1337,rlb_fused_global_rational,GRAIN,adafactor_came,CAME,rlb_came,GRAIN + CAME,2800,4.906878471374512,135.21667223780267,2886.200621994678
441,18l_1024d,dclm,1337,rlb_fused_global_rational,GRAIN,adafactor_came,CAME,rlb_came,GRAIN + CAME,2850,4.903189659118652,134.71880215923616,2937.71971082082
441,18l_1024d,dclm,1337,rlb_fused_global_rational,GRAIN,adafactor_came,CAME,rlb_came,GRAIN + CAME,2900,4.90055513381958,134.36434917937166,2989.139315513894
441,18l_1024d,dclm,1337,rlb_fused_global_rational,GRAIN,adafactor_came,CAME,rlb_came,GRAIN + CAME,2950,4.898310661315918,134.0631102798411,3040.7789006177336
441,18l_1024d,dclm,1337,rlb_fused_global_rational,GRAIN,adafactor_came,CAME,rlb_came,GRAIN + CAME,3000,4.895105838775635,133.63414954086895,3092.120432905853
441,18l_1024d,dclm,1337,rlb_fused_global_rational,GRAIN,adafactor_came,CAME,rlb_came,GRAIN + CAME,3050,4.892653465270996,133.3068302118902,3143.70201167278
440,18l_1024d,dclm,1337,silu,SwiGLU,adafactor_came,CAME,silu_came,SwiGLU + CAME,1,11.011552810668945,60569.86739387786,1.631079396000132
440,18l_1024d,dclm,1337,silu,SwiGLU,adafactor_came,CAME,silu_came,SwiGLU + CAME,50,8.744098663330078,6273.55628440267,38.991302218986675
440,18l_1024d,dclm,1337,silu,SwiGLU,adafactor_came,CAME,silu_came,SwiGLU + CAME,100,7.467077732086182,1749.486739327385,77.67040455807
440,18l_1024d,dclm,1337,silu,SwiGLU,adafactor_came,CAME,silu_came,SwiGLU + CAME,150,6.999694347381592,1096.2980208525996,116.46837748098187
440,18l_1024d,dclm,1337,silu,SwiGLU,adafactor_came,CAME,silu_came,SwiGLU + CAME,200,6.655035018920898,776.6851212853096,155.2754037589766
440,18l_1024d,dclm,1337,silu,SwiGLU,adafactor_came,CAME,silu_came,SwiGLU + CAME,250,6.442159652709961,627.7610828183468,194.0956939670723
440,18l_1024d,dclm,1337,silu,SwiGLU,adafactor_came,CAME,silu_came,SwiGLU + CAME,300,6.27989387512207,533.7320185745608,232.89555572904646
440,18l_1024d,dclm,1337,silu,SwiGLU,adafactor_came,CAME,silu_came,SwiGLU + CAME,350,6.142362594604492,465.1512374820195,271.6914807150606
440,18l_1024d,dclm,1337,silu,SwiGLU,adafactor_came,CAME,silu_came,SwiGLU + CAME,400,6.026050090789795,414.0762314408303,310.52426113095134
440,18l_1024d,dclm,1337,silu,SwiGLU,adafactor_came,CAME,silu_came,SwiGLU + CAME,450,5.925588130950928,374.49862483614805,349.51849724096246
440,18l_1024d,dclm,1337,silu,SwiGLU,adafactor_came,CAME,silu_came,SwiGLU + CAME,500,5.846971035003662,346.18421096100366,388.5090307989158
440,18l_1024d,dclm,1337,silu,SwiGLU,adafactor_came,CAME,silu_came,SwiGLU + CAME,550,5.768964767456055,320.20607325687484,427.62125052604824
440,18l_1024d,dclm,1337,silu,SwiGLU,adafactor_came,CAME,silu_came,SwiGLU + CAME,600,5.705751419067383,300.5912652165111,466.6012388789095
440,18l_1024d,dclm,1337,silu,SwiGLU,adafactor_came,CAME,silu_came,SwiGLU + CAME,650,5.650025367736816,284.2986777464797,505.4765037179459
440,18l_1024d,dclm,1337,silu,SwiGLU,adafactor_came,CAME,silu_came,SwiGLU + CAME,700,5.598017692565918,269.89087012349586,544.2700893878937
440,18l_1024d,dclm,1337,silu,SwiGLU,adafactor_came,CAME,silu_came,SwiGLU + CAME,750,5.554892063140869,258.4990614379355,583.004392640898
440,18l_1024d,dclm,1337,silu,SwiGLU,adafactor_came,CAME,silu_came,SwiGLU + CAME,800,5.510056972503662,247.16520828723304,621.6622635400854
440,18l_1024d,dclm,1337,silu,SwiGLU,adafactor_came,CAME,silu_came,SwiGLU + CAME,850,5.4691596031188965,237.26071578743768,660.424027784029
440,18l_1024d,dclm,1337,silu,SwiGLU,adafactor_came,CAME,silu_came,SwiGLU + CAME,900,5.432374000549316,228.69151527775148,699.1378352520987
440,18l_1024d,dclm,1337,silu,SwiGLU,adafactor_came,CAME,silu_came,SwiGLU + CAME,950,5.394312858581543,220.1508203640371,737.7581239580177
440,18l_1024d,dclm,1337,silu,SwiGLU,adafactor_came,CAME,silu_came,SwiGLU + CAME,1000,5.367333889007568,214.2907824112,776.4125299840234
440,18l_1024d,dclm,1337,silu,SwiGLU,adafactor_came,CAME,silu_came,SwiGLU + CAME,1050,5.338151931762695,208.12772042547914,815.0448558800854
440,18l_1024d,dclm,1337,silu,SwiGLU,adafactor_came,CAME,silu_came,SwiGLU + CAME,1100,5.312532424926758,202.86331455233943,853.6044385940768
440,18l_1024d,dclm,1337,silu,SwiGLU,adafactor_came,CAME,silu_came,SwiGLU + CAME,1150,5.286934852600098,197.7364043544573,892.2434482730459
440,18l_1024d,dclm,1337,silu,SwiGLU,adafactor_came,CAME,silu_came,SwiGLU + CAME,1200,5.259195327758789,192.32666908317478,930.9563288090285
440,18l_1024d,dclm,1337,silu,SwiGLU,adafactor_came,CAME,silu_came,SwiGLU + CAME,1250,5.235531806945801,187.82896853823237,969.6695846628863
440,18l_1024d,dclm,1337,silu,SwiGLU,adafactor_came,CAME,silu_came,SwiGLU + CAME,1300,5.215667724609375,184.13473123146386,1008.2342325688805
440,18l_1024d,dclm,1337,silu,SwiGLU,adafactor_came,CAME,silu_came,SwiGLU + CAME,1350,5.197718143463135,180.85907619675314,1046.9183707109187
440,18l_1024d,dclm,1337,silu,SwiGLU,adafactor_came,CAME,silu_came,SwiGLU + CAME,1400,5.182116985321045,178.05936133117845,1085.3903151350096
440,18l_1024d,dclm,1337,silu,SwiGLU,adafactor_came,CAME,silu_came,SwiGLU + CAME,1450,5.1573567390441895,173.7047013925847,1123.9262745550368
440,18l_1024d,dclm,1337,silu,SwiGLU,adafactor_came,CAME,silu_came,SwiGLU + CAME,1500,5.140933990478516,170.87528970759902,1162.5212689500768
440,18l_1024d,dclm,1337,silu,SwiGLU,adafactor_came,CAME,silu_came,SwiGLU + CAME,1550,5.12500524520874,168.17502376263656,1201.116892595077
440,18l_1024d,dclm,1337,silu,SwiGLU,adafactor_came,CAME,silu_came,SwiGLU + CAME,1600,5.110658168792725,165.77942982211326,1239.732530829031
440,18l_1024d,dclm,1337,silu,SwiGLU,adafactor_came,CAME,silu_came,SwiGLU + CAME,1650,5.093949317932129,163.03245932293103,1278.4214990220498
440,18l_1024d,dclm,1337,silu,SwiGLU,adafactor_came,CAME,silu_came,SwiGLU + CAME,1700,5.083809852600098,161.38774968267506,1317.2964673200622
440,18l_1024d,dclm,1337,silu,SwiGLU,adafactor_came,CAME,silu_came,SwiGLU + CAME,1750,5.068715572357178,158.970010680304,1356.055938956095
440,18l_1024d,dclm,1337,silu,SwiGLU,adafactor_came,CAME,silu_came,SwiGLU + CAME,1800,5.055264472961426,156.8460063870775,1394.969648920931
440,18l_1024d,dclm,1337,silu,SwiGLU,adafactor_came,CAME,silu_came,SwiGLU + CAME,1850,5.046064376831055,155.4096256027692,1433.9198028200772
440,18l_1024d,dclm,1337,silu,SwiGLU,adafactor_came,CAME,silu_came,SwiGLU + CAME,1900,5.033296585083008,153.4380012955803,1473.0390035409946
440,18l_1024d,dclm,1337,silu,SwiGLU,adafactor_came,CAME,silu_came,SwiGLU + CAME,1950,5.021730899810791,151.67360853726765,1512.0610357760452
440,18l_1024d,dclm,1337,silu,SwiGLU,adafactor_came,CAME,silu_came,SwiGLU + CAME,2000,5.012104511260986,150.2205445489558,1551.2435034068767
440,18l_1024d,dclm,1337,silu,SwiGLU,adafactor_came,CAME,silu_came,SwiGLU + CAME,2050,5.0041303634643555,149.0274270943196,1590.4858560529537
440,18l_1024d,dclm,1337,silu,SwiGLU,adafactor_came,CAME,silu_came,SwiGLU + CAME,2100,4.992574214935303,147.3151566927814,1629.671141322935
440,18l_1024d,dclm,1337,silu,SwiGLU,adafactor_came,CAME,silu_came,SwiGLU + CAME,2150,4.984302520751953,146.10163662067993,1668.7413023139816
440,18l_1024d,dclm,1337,silu,SwiGLU,adafactor_came,CAME,silu_came,SwiGLU + CAME,2200,4.976011753082275,144.895349328827,1707.6365967730526
440,18l_1024d,dclm,1337,silu,SwiGLU,adafactor_came,CAME,silu_came,SwiGLU + CAME,2250,4.970465183258057,144.09390185343372,1746.5539333459456
440,18l_1024d,dclm,1337,silu,SwiGLU,adafactor_came,CAME,silu_came,SwiGLU + CAME,2300,4.964387893676758,143.22085704507472,1785.2730999579653
440,18l_1024d,dclm,1337,silu,SwiGLU,adafactor_came,CAME,silu_came,SwiGLU + CAME,2350,4.956389427185059,142.07987893953708,1823.9149997918867
440,18l_1024d,dclm,1337,silu,SwiGLU,adafactor_came,CAME,silu_came,SwiGLU + CAME,2400,4.9504170417785645,141.23385205807253,1862.6815008749254
440,18l_1024d,dclm,1337,silu,SwiGLU,adafactor_came,CAME,silu_came,SwiGLU + CAME,2450,4.944820880889893,140.4456920909203,1901.337099534925
440,18l_1024d,dclm,1337,silu,SwiGLU,adafactor_came,CAME,silu_came,SwiGLU + CAME,2500,4.939726829528809,139.7320736695725,1939.9192536540795
440,18l_1024d,dclm,1337,silu,SwiGLU,adafactor_came,CAME,silu_came,SwiGLU + CAME,2550,4.9348883628845215,139.05761767419693,1978.54108390701
440,18l_1024d,dclm,1337,silu,SwiGLU,adafactor_came,CAME,silu_came,SwiGLU + CAME,2600,4.928771495819092,138.2096169104892,2017.2269339279737
440,18l_1024d,dclm,1337,silu,SwiGLU,adafactor_came,CAME,silu_came,SwiGLU + CAME,2650,4.924964904785156,137.68450949062517,2055.7630219419952
440,18l_1024d,dclm,1337,silu,SwiGLU,adafactor_came,CAME,silu_came,SwiGLU + CAME,2700,4.920862197875977,137.1207874860559,2094.319083577022
440,18l_1024d,dclm,1337,silu,SwiGLU,adafactor_came,CAME,silu_came,SwiGLU + CAME,2750,4.916533470153809,136.5285117569958,2132.8674501760397
440,18l_1024d,dclm,1337,silu,SwiGLU,adafactor_came,CAME,silu_came,SwiGLU + CAME,2800,4.913571834564209,136.12476223217902,2171.3969931330066
440,18l_1024d,dclm,1337,silu,SwiGLU,adafactor_came,CAME,silu_came,SwiGLU + CAME,2850,4.910552024841309,135.71431140527866,2209.9989855759777
440,18l_1024d,dclm,1337,silu,SwiGLU,adafactor_came,CAME,silu_came,SwiGLU + CAME,2900,4.90904426574707,135.50984110275397,2248.5956478589214
440,18l_1024d,dclm,1337,silu,SwiGLU,adafactor_came,CAME,silu_came,SwiGLU + CAME,2950,4.906215190887451,135.12701539468634,2287.3344149880577
440,18l_1024d,dclm,1337,silu,SwiGLU,adafactor_came,CAME,silu_came,SwiGLU + CAME,3000,4.903254508972168,134.7275389371083,2326.0881032159086
440,18l_1024d,dclm,1337,silu,SwiGLU,adafactor_came,CAME,silu_came,SwiGLU + CAME,3050,4.89993953704834,134.28166037393916,2364.918860826874
455,18l_1024d,dclm,2027,rlb_fused_global_rational,GRAIN,adafactor_came,CAME,rlb_came,GRAIN + CAME,1,11.009923934936523,60471.28691623426,2.4852231619999827
455,18l_1024d,dclm,2027,rlb_fused_global_rational,GRAIN,adafactor_came,CAME,rlb_came,GRAIN + CAME,50,8.669244766235352,5821.1013966703185,49.614497459999995
455,18l_1024d,dclm,2027,rlb_fused_global_rational,GRAIN,adafactor_came,CAME,rlb_came,GRAIN + CAME,100,7.3762946128845215,1597.6588419423774,97.84826800099998
455,18l_1024d,dclm,2027,rlb_fused_global_rational,GRAIN,adafactor_came,CAME,rlb_came,GRAIN + CAME,150,6.877211093902588,969.9175752351833,146.311517107
455,18l_1024d,dclm,2027,rlb_fused_global_rational,GRAIN,adafactor_came,CAME,rlb_came,GRAIN + CAME,200,6.567202091217041,711.3766890152236,194.75219631
455,18l_1024d,dclm,2027,rlb_fused_global_rational,GRAIN,adafactor_came,CAME,rlb_came,GRAIN + CAME,250,6.354314804077148,574.9682397630576,243.491134987
455,18l_1024d,dclm,2027,rlb_fused_global_rational,GRAIN,adafactor_came,CAME,rlb_came,GRAIN + CAME,300,6.201769828796387,493.6218947084705,291.950192218
455,18l_1024d,dclm,2027,rlb_fused_global_rational,GRAIN,adafactor_came,CAME,rlb_came,GRAIN + CAME,350,6.08349084854126,438.5574633705,340.667288366
455,18l_1024d,dclm,2027,rlb_fused_global_rational,GRAIN,adafactor_came,CAME,rlb_came,GRAIN + CAME,400,5.981865882873535,396.17890236066364,389.103253362
455,18l_1024d,dclm,2027,rlb_fused_global_rational,GRAIN,adafactor_came,CAME,rlb_came,GRAIN + CAME,450,5.8944525718688965,363.01805519927603,437.712412506
455,18l_1024d,dclm,2027,rlb_fused_global_rational,GRAIN,adafactor_came,CAME,rlb_came,GRAIN + CAME,500,5.818086624145508,336.3279158743473,486.333591946
455,18l_1024d,dclm,2027,rlb_fused_global_rational,GRAIN,adafactor_came,CAME,rlb_came,GRAIN + CAME,550,5.746197700500488,312.9982816223019,535.003156365
455,18l_1024d,dclm,2027,rlb_fused_global_rational,GRAIN,adafactor_came,CAME,rlb_came,GRAIN + CAME,600,5.69063663482666,296.0820568005168,583.5529436520001
455,18l_1024d,dclm,2027,rlb_fused_global_rational,GRAIN,adafactor_came,CAME,rlb_came,GRAIN + CAME,650,5.636896133422852,280.59045015322204,632.3629623280001
455,18l_1024d,dclm,2027,rlb_fused_global_rational,GRAIN,adafactor_came,CAME,rlb_came,GRAIN + CAME,700,5.588996887207031,267.4671853458622,680.9117220549999
455,18l_1024d,dclm,2027,rlb_fused_global_rational,GRAIN,adafactor_came,CAME,rlb_came,GRAIN + CAME,750,5.540067672729492,254.69523479709423,729.6236964550001
455,18l_1024d,dclm,2027,rlb_fused_global_rational,GRAIN,adafactor_came,CAME,rlb_came,GRAIN + CAME,800,5.504186630249023,245.7185143698952,778.2994013350001
455,18l_1024d,dclm,2027,rlb_fused_global_rational,GRAIN,adafactor_came,CAME,rlb_came,GRAIN + CAME,850,5.464527130126953,236.1641537874277,827.0375787190001
455,18l_1024d,dclm,2027,rlb_fused_global_rational,GRAIN,adafactor_came,CAME,rlb_came,GRAIN + CAME,900,5.431394577026367,228.46763908089275,875.5848015029999
455,18l_1024d,dclm,2027,rlb_fused_global_rational,GRAIN,adafactor_came,CAME,rlb_came,GRAIN + CAME,950,5.397374153137207,220.8257994996872,924.3708725699998
455,18l_1024d,dclm,2027,rlb_fused_global_rational,GRAIN,adafactor_came,CAME,rlb_came,GRAIN + CAME,1000,5.368583679199219,214.55876835743987,972.917239416
455,18l_1024d,dclm,2027,rlb_fused_global_rational,GRAIN,adafactor_came,CAME,rlb_came,GRAIN + CAME,1050,5.339133262634277,208.33206283012103,1021.715127596
455,18l_1024d,dclm,2027,rlb_fused_global_rational,GRAIN,adafactor_came,CAME,rlb_came,GRAIN + CAME,1100,5.313314437866211,203.0220183353778,1070.2115502309998
455,18l_1024d,dclm,2027,rlb_fused_global_rational,GRAIN,adafactor_came,CAME,rlb_came,GRAIN + CAME,1150,5.28653621673584,197.6575952411254,1118.923682285
455,18l_1024d,dclm,2027,rlb_fused_global_rational,GRAIN,adafactor_came,CAME,rlb_came,GRAIN + CAME,1200,5.2654547691345215,193.53430220467393,1167.46045112
455,18l_1024d,dclm,2027,rlb_fused_global_rational,GRAIN,adafactor_came,CAME,rlb_came,GRAIN + CAME,1250,5.243720054626465,189.37327259783956,1216.1592029649998
455,18l_1024d,dclm,2027,rlb_fused_global_rational,GRAIN,adafactor_came,CAME,rlb_came,GRAIN + CAME,1300,5.222944259643555,185.47948067903926,1264.705544807
455,18l_1024d,dclm,2027,rlb_fused_global_rational,GRAIN,adafactor_came,CAME,rlb_came,GRAIN + CAME,1350,5.207066059112549,182.5576583176763,1313.4230248439999
455,18l_1024d,dclm,2027,rlb_fused_global_rational,GRAIN,adafactor_came,CAME,rlb_came,GRAIN + CAME,1400,5.184425354003906,178.47086275033408,1361.974666612
455,18l_1024d,dclm,2027,rlb_fused_global_rational,GRAIN,adafactor_came,CAME,rlb_came,GRAIN + CAME,1450,5.168781280517578,175.70057723246754,1410.825903968
455,18l_1024d,dclm,2027,rlb_fused_global_rational,GRAIN,adafactor_came,CAME,rlb_came,GRAIN + CAME,1500,5.1537322998046875,173.07625882069442,1459.40450074
455,18l_1024d,dclm,2027,rlb_fused_global_rational,GRAIN,adafactor_came,CAME,rlb_came,GRAIN + CAME,1550,5.139874458312988,170.6943377210133,1508.154973493
455,18l_1024d,dclm,2027,rlb_fused_global_rational,GRAIN,adafactor_came,CAME,rlb_came,GRAIN + CAME,1600,5.122161865234375,167.69751745552935,1556.7352579199999
455,18l_1024d,dclm,2027,rlb_fused_global_rational,GRAIN,adafactor_came,CAME,rlb_came,GRAIN + CAME,1650,5.106584548950195,165.10548108476115,1605.598815908
455,18l_1024d,dclm,2027,rlb_fused_global_rational,GRAIN,adafactor_came,CAME,rlb_came,GRAIN + CAME,1700,5.093642234802246,162.9824024912473,1654.186823333
455,18l_1024d,dclm,2027,rlb_fused_global_rational,GRAIN,adafactor_came,CAME,rlb_came,GRAIN + CAME,1750,5.079697608947754,160.72544664253815,1702.9400729469999
455,18l_1024d,dclm,2027,rlb_fused_global_rational,GRAIN,adafactor_came,CAME,rlb_came,GRAIN + CAME,1800,5.07170295715332,159.4456253415396,1751.539262932
455,18l_1024d,dclm,2027,rlb_fused_global_rational,GRAIN,adafactor_came,CAME,rlb_came,GRAIN + CAME,1850,5.058407783508301,157.33979775642752,1800.303048167
455,18l_1024d,dclm,2027,rlb_fused_global_rational,GRAIN,adafactor_came,CAME,rlb_came,GRAIN + CAME,1900,5.046448707580566,155.46936577991664,1848.916631001
455,18l_1024d,dclm,2027,rlb_fused_global_rational,GRAIN,adafactor_came,CAME,rlb_came,GRAIN + CAME,1950,5.033927917480469,153.534902261941,1897.669747019
455,18l_1024d,dclm,2027,rlb_fused_global_rational,GRAIN,adafactor_came,CAME,rlb_came,GRAIN + CAME,2000,5.026584148406982,152.41150741996543,1946.3814909939997
455,18l_1024d,dclm,2027,rlb_fused_global_rational,GRAIN,adafactor_came,CAME,rlb_came,GRAIN + CAME,2050,5.016444683074951,150.873944430481,1995.333899448
455,18l_1024d,dclm,2027,rlb_fused_global_rational,GRAIN,adafactor_came,CAME,rlb_came,GRAIN + CAME,2100,5.006209373474121,149.33757889961853,2044.2670075769997
455,18l_1024d,dclm,2027,rlb_fused_global_rational,GRAIN,adafactor_came,CAME,rlb_came,GRAIN + CAME,2150,4.9994587898254395,148.33285812264538,2093.2483070929998
455,18l_1024d,dclm,2027,rlb_fused_global_rational,GRAIN,adafactor_came,CAME,rlb_came,GRAIN + CAME,2200,4.99078893661499,147.05239276045072,2141.890888971
455,18l_1024d,dclm,2027,rlb_fused_global_rational,GRAIN,adafactor_came,CAME,rlb_came,GRAIN + CAME,2250,4.984796524047852,146.17382914091002,2190.7388968
455,18l_1024d,dclm,2027,rlb_fused_global_rational,GRAIN,adafactor_came,CAME,rlb_came,GRAIN + CAME,2300,4.977136611938477,145.05842784870518,2239.333676683
455,18l_1024d,dclm,2027,rlb_fused_global_rational,GRAIN,adafactor_came,CAME,rlb_came,GRAIN + CAME,2350,4.971254348754883,144.20766067044227,2288.196308908
455,18l_1024d,dclm,2027,rlb_fused_global_rational,GRAIN,adafactor_came,CAME,rlb_came,GRAIN + CAME,2400,4.9636993408203125,143.12227585792763,2336.787662607
455,18l_1024d,dclm,2027,rlb_fused_global_rational,GRAIN,adafactor_came,CAME,rlb_came,GRAIN + CAME,2450,4.957188606262207,142.19347159045847,2385.532718552
455,18l_1024d,dclm,2027,rlb_fused_global_rational,GRAIN,adafactor_came,CAME,rlb_came,GRAIN + CAME,2500,4.955206871032715,141.9119608104498,2434.232788259
455,18l_1024d,dclm,2027,rlb_fused_global_rational,GRAIN,adafactor_came,CAME,rlb_came,GRAIN + CAME,2550,4.9495768547058105,141.1152390368792,2482.9735342999998
455,18l_1024d,dclm,2027,rlb_fused_global_rational,GRAIN,adafactor_came,CAME,rlb_came,GRAIN + CAME,2600,4.94502067565918,140.4737552089077,2531.56778165
455,18l_1024d,dclm,2027,rlb_fused_global_rational,GRAIN,adafactor_came,CAME,rlb_came,GRAIN + CAME,2650,4.941244125366211,139.9442494893413,2580.437129929
455,18l_1024d,dclm,2027,rlb_fused_global_rational,GRAIN,adafactor_came,CAME,rlb_came,GRAIN + CAME,2700,4.938176155090332,139.51556262715238,2629.051102218
455,18l_1024d,dclm,2027,rlb_fused_global_rational,GRAIN,adafactor_came,CAME,rlb_came,GRAIN + CAME,2750,4.933380603790283,138.84811026956297,2677.832978327
455,18l_1024d,dclm,2027,rlb_fused_global_rational,GRAIN,adafactor_came,CAME,rlb_came,GRAIN + CAME,2800,4.92943000793457,138.3006595907644,2726.447614105
455,18l_1024d,dclm,2027,rlb_fused_global_rational,GRAIN,adafactor_came,CAME,rlb_came,GRAIN + CAME,2850,4.926713943481445,137.9255357462835,2775.223115279
455,18l_1024d,dclm,2027,rlb_fused_global_rational,GRAIN,adafactor_came,CAME,rlb_came,GRAIN + CAME,2900,4.923995018005371,137.5510358427153,2823.829491562
455,18l_1024d,dclm,2027,rlb_fused_global_rational,GRAIN,adafactor_came,CAME,rlb_came,GRAIN + CAME,2950,4.9202680587768555,137.03934286202178,2872.591172324
455,18l_1024d,dclm,2027,rlb_fused_global_rational,GRAIN,adafactor_came,CAME,rlb_came,GRAIN + CAME,3000,4.91876220703125,136.8331372248815,2921.186351166
455,18l_1024d,dclm,2027,rlb_fused_global_rational,GRAIN,adafactor_came,CAME,rlb_came,GRAIN + CAME,3050,4.914871692657471,136.30182015621742,2970.104309773
454,18l_1024d,dclm,2027,silu,SwiGLU,adafactor_came,CAME,silu_came,SwiGLU + CAME,1,11.01403522491455,60720.41367735994,1.653004891006276
454,18l_1024d,dclm,2027,silu,SwiGLU,adafactor_came,CAME,silu_came,SwiGLU + CAME,50,8.802005767822266,6647.564113486268,38.86653883010149
454,18l_1024d,dclm,2027,silu,SwiGLU,adafactor_came,CAME,silu_came,SwiGLU + CAME,100,7.487917900085449,1786.3289019079698,77.66298643103801
454,18l_1024d,dclm,2027,silu,SwiGLU,adafactor_came,CAME,silu_came,SwiGLU + CAME,150,7.026856899261475,1126.4843861301154,116.61074101296254
454,18l_1024d,dclm,2027,silu,SwiGLU,adafactor_came,CAME,silu_came,SwiGLU + CAME,200,6.675915718078613,793.0733530723028,155.69560581818223
454,18l_1024d,dclm,2027,silu,SwiGLU,adafactor_came,CAME,silu_came,SwiGLU + CAME,250,6.44546365737915,629.8386386041622,194.76030632900074
454,18l_1024d,dclm,2027,silu,SwiGLU,adafactor_came,CAME,silu_came,SwiGLU + CAME,300,6.271630764007568,529.339902860544,233.68576525500976
454,18l_1024d,dclm,2027,silu,SwiGLU,adafactor_came,CAME,silu_came,SwiGLU + CAME,350,6.126571178436279,457.86353373439016,272.6039203591645
454,18l_1024d,dclm,2027,silu,SwiGLU,adafactor_came,CAME,silu_came,SwiGLU + CAME,400,6.0042195320129395,405.1346706724879,311.3166665241588
454,18l_1024d,dclm,2027,silu,SwiGLU,adafactor_came,CAME,silu_came,SwiGLU + CAME,450,5.914287090301514,370.29022509105255,349.91621162206866
454,18l_1024d,dclm,2027,silu,SwiGLU,adafactor_came,CAME,silu_came,SwiGLU + CAME,500,5.836066246032715,342.4296537283938,388.50954050407745
454,18l_1024d,dclm,2027,silu,SwiGLU,adafactor_came,CAME,silu_came,SwiGLU + CAME,550,5.765471935272217,319.08959814391767,427.1352144710254
454,18l_1024d,dclm,2027,silu,SwiGLU,adafactor_came,CAME,silu_came,SwiGLU + CAME,600,5.700816631317139,299.11156512884315,465.6848720521666
454,18l_1024d,dclm,2027,silu,SwiGLU,adafactor_came,CAME,silu_came,SwiGLU + CAME,650,5.648448944091797,283.8508556600359,504.26659270515665
454,18l_1024d,dclm,2027,silu,SwiGLU,adafactor_came,CAME,silu_came,SwiGLU + CAME,700,5.599585056304932,270.3142189709669,542.9299802121241
454,18l_1024d,dclm,2027,silu,SwiGLU,adafactor_came,CAME,silu_came,SwiGLU + CAME,750,5.553363800048828,258.10430858295365,581.4691825520713
454,18l_1024d,dclm,2027,silu,SwiGLU,adafactor_came,CAME,silu_came,SwiGLU + CAME,800,5.515000820159912,248.39018096706013,620.020321559161
454,18l_1024d,dclm,2027,silu,SwiGLU,adafactor_came,CAME,silu_came,SwiGLU + CAME,850,5.4778337478637695,239.3277012840232,658.5879324581474
454,18l_1024d,dclm,2027,silu,SwiGLU,adafactor_came,CAME,silu_came,SwiGLU + CAME,900,5.441406726837158,230.76658078024192,697.1424633760471
454,18l_1024d,dclm,2027,silu,SwiGLU,adafactor_came,CAME,silu_came,SwiGLU + CAME,950,5.408187389373779,223.22659784368332,735.6311244701501
454,18l_1024d,dclm,2027,silu,SwiGLU,adafactor_came,CAME,silu_came,SwiGLU + CAME,1000,5.3819580078125,217.4476230167787,774.2051710821688
454,18l_1024d,dclm,2027,silu,SwiGLU,adafactor_came,CAME,silu_came,SwiGLU + CAME,1050,5.349015235900879,210.40100046223162,812.8313769670203
454,18l_1024d,dclm,2027,silu,SwiGLU,adafactor_came,CAME,silu_came,SwiGLU + CAME,1100,5.325314044952393,205.47287805374765,851.4202082110569
454,18l_1024d,dclm,2027,silu,SwiGLU,adafactor_came,CAME,silu_came,SwiGLU + CAME,1150,5.2996978759765625,200.2762925540631,890.0857818189543
454,18l_1024d,dclm,2027,silu,SwiGLU,adafactor_came,CAME,silu_came,SwiGLU + CAME,1200,5.278886795043945,196.15139706145666,928.7897420821246
454,18l_1024d,dclm,2027,silu,SwiGLU,adafactor_came,CAME,silu_came,SwiGLU + CAME,1250,5.2592244148254395,192.33226338317755,967.6720370370895
454,18l_1024d,dclm,2027,silu,SwiGLU,adafactor_came,CAME,silu_came,SwiGLU + CAME,1300,5.2368855476379395,188.08341244278063,1006.6117266849615
454,18l_1024d,dclm,2027,silu,SwiGLU,adafactor_came,CAME,silu_came,SwiGLU + CAME,1350,5.21661901473999,184.3099801270442,1045.4904011401813
454,18l_1024d,dclm,2027,silu,SwiGLU,adafactor_came,CAME,silu_came,SwiGLU + CAME,1400,5.196595668792725,180.6561803588311,1084.4499661549926
454,18l_1024d,dclm,2027,silu,SwiGLU,adafactor_came,CAME,silu_came,SwiGLU + CAME,1450,5.179983139038086,177.67981511551227,1123.6392182451673
454,18l_1024d,dclm,2027,silu,SwiGLU,adafactor_came,CAME,silu_came,SwiGLU + CAME,1500,5.16497278213501,175.03269449071635,1162.7190063290764
454,18l_1024d,dclm,2027,silu,SwiGLU,adafactor_came,CAME,silu_came,SwiGLU + CAME,1550,5.151087760925293,172.61915660383372,1201.7406113001052
454,18l_1024d,dclm,2027,silu,SwiGLU,adafactor_came,CAME,silu_came,SwiGLU + CAME,1600,5.134918689727783,169.850508722096,1240.800149769988
454,18l_1024d,dclm,2027,silu,SwiGLU,adafactor_came,CAME,silu_came,SwiGLU + CAME,1650,5.118206024169922,167.0354431233695,1279.5955579499714
454,18l_1024d,dclm,2027,silu,SwiGLU,adafactor_came,CAME,silu_came,SwiGLU + CAME,1700,5.105408668518066,164.9114508808334,1318.2358378511854
454,18l_1024d,dclm,2027,silu,SwiGLU,adafactor_came,CAME,silu_came,SwiGLU + CAME,1750,5.092230796813965,162.75252520388045,1356.9374560611323
454,18l_1024d,dclm,2027,silu,SwiGLU,adafactor_came,CAME,silu_came,SwiGLU + CAME,1800,5.081692695617676,161.0464279249221,1395.6818486650009
454,18l_1024d,dclm,2027,silu,SwiGLU,adafactor_came,CAME,silu_came,SwiGLU + CAME,1850,5.0698652267456055,159.15287634672777,1434.2713981720153
454,18l_1024d,dclm,2027,silu,SwiGLU,adafactor_came,CAME,silu_came,SwiGLU + CAME,1900,5.0572428703308105,157.15661726807477,1472.989129383117
454,18l_1024d,dclm,2027,silu,SwiGLU,adafactor_came,CAME,silu_came,SwiGLU + CAME,1950,5.0466694831848145,155.50369341230123,1511.5888909071218
454,18l_1024d,dclm,2027,silu,SwiGLU,adafactor_came,CAME,silu_came,SwiGLU + CAME,2000,5.038955211639404,154.3087108311764,1550.0911491741426
454,18l_1024d,dclm,2027,silu,SwiGLU,adafactor_came,CAME,silu_came,SwiGLU + CAME,2050,5.028311729431152,152.6750382179091,1588.7968021850102
454,18l_1024d,dclm,2027,silu,SwiGLU,adafactor_came,CAME,silu_came,SwiGLU + CAME,2100,5.019091606140137,151.2738251472054,1627.3771924171597
454,18l_1024d,dclm,2027,silu,SwiGLU,adafactor_came,CAME,silu_came,SwiGLU + CAME,2150,5.011134147644043,150.07484669938668,1665.8600227341522
454,18l_1024d,dclm,2027,silu,SwiGLU,adafactor_came,CAME,silu_came,SwiGLU + CAME,2200,5.003422260284424,148.9219376524095,1704.3957117921673
454,18l_1024d,dclm,2027,silu,SwiGLU,adafactor_came,CAME,silu_came,SwiGLU + CAME,2250,4.994688034057617,147.62688363912306,1743.0688758490141
454,18l_1024d,dclm,2027,silu,SwiGLU,adafactor_came,CAME,silu_came,SwiGLU + CAME,2300,4.988982200622559,146.78694777638813,1781.5627563029993
454,18l_1024d,dclm,2027,silu,SwiGLU,adafactor_came,CAME,silu_came,SwiGLU + CAME,2350,4.982370853424072,145.81968926458788,1820.0314629301429
454,18l_1024d,dclm,2027,silu,SwiGLU,adafactor_came,CAME,silu_came,SwiGLU + CAME,2400,4.975992202758789,144.89251660556636,1858.7181928260252
454,18l_1024d,dclm,2027,silu,SwiGLU,adafactor_came,CAME,silu_came,SwiGLU + CAME,2450,4.970380783081055,144.0817408158165,1897.3884284261148
454,18l_1024d,dclm,2027,silu,SwiGLU,adafactor_came,CAME,silu_came,SwiGLU + CAME,2500,4.966582298278809,143.53548663894256,1936.2052743500099
454,18l_1024d,dclm,2027,silu,SwiGLU,adafactor_came,CAME,silu_came,SwiGLU + CAME,2550,4.960698127746582,142.69337933933272,1975.0813046891708
454,18l_1024d,dclm,2027,silu,SwiGLU,adafactor_came,CAME,silu_came,SwiGLU + CAME,2600,4.9553542137146,141.93287203986762,2014.107570074033
454,18l_1024d,dclm,2027,silu,SwiGLU,adafactor_came,CAME,silu_came,SwiGLU + CAME,2650,4.952885627746582,141.58293065145955,2053.114907976007
454,18l_1024d,dclm,2027,silu,SwiGLU,adafactor_came,CAME,silu_came,SwiGLU + CAME,2700,4.948380947113037,140.94657912199673,2092.151041392004
454,18l_1024d,dclm,2027,silu,SwiGLU,adafactor_came,CAME,silu_came,SwiGLU + CAME,2750,4.943859100341797,140.31067909304844,2131.2614017950837
454,18l_1024d,dclm,2027,silu,SwiGLU,adafactor_came,CAME,silu_came,SwiGLU + CAME,2800,4.94081974029541,139.88487183949886,2170.3609602481592
454,18l_1024d,dclm,2027,silu,SwiGLU,adafactor_came,CAME,silu_came,SwiGLU + CAME,2850,4.937028884887695,139.35559236145218,2209.3764474419877
454,18l_1024d,dclm,2027,silu,SwiGLU,adafactor_came,CAME,silu_came,SwiGLU + CAME,2900,4.934566020965576,139.0128007984388,2248.2194416171405
454,18l_1024d,dclm,2027,silu,SwiGLU,adafactor_came,CAME,silu_came,SwiGLU + CAME,2950,4.931047439575195,138.52453245422637,2287.089995236136
454,18l_1024d,dclm,2027,silu,SwiGLU,adafactor_came,CAME,silu_came,SwiGLU + CAME,3000,4.92913293838501,138.25958077805015,2325.833569379989
454,18l_1024d,dclm,2027,silu,SwiGLU,adafactor_came,CAME,silu_came,SwiGLU + CAME,3050,4.926782608032227,137.9350066663913,2364.5097842870746
469,18l_1024d,dclm,3407,rlb_fused_global_rational,GRAIN,adafactor_came,CAME,rlb_came,GRAIN + CAME,1,11.046403884887695,62718.00740868543,2.3151049660518765
469,18l_1024d,dclm,3407,rlb_fused_global_rational,GRAIN,adafactor_came,CAME,rlb_came,GRAIN + CAME,50,8.607132911682129,5470.541645791008,50.03768137888983
469,18l_1024d,dclm,3407,rlb_fused_global_rational,GRAIN,adafactor_came,CAME,rlb_came,GRAIN + CAME,100,7.323449611663818,1515.4225829114496,99.31047531194054
469,18l_1024d,dclm,3407,rlb_fused_global_rational,GRAIN,adafactor_came,CAME,rlb_came,GRAIN + CAME,150,6.829317092895508,924.5592087880759,148.64273573085666
469,18l_1024d,dclm,3407,rlb_fused_global_rational,GRAIN,adafactor_came,CAME,rlb_came,GRAIN + CAME,200,6.532071113586426,686.819220066872,197.97896867292002
469,18l_1024d,dclm,3407,rlb_fused_global_rational,GRAIN,adafactor_came,CAME,rlb_came,GRAIN + CAME,250,6.331085205078125,561.7658943864835,247.32008841703646
469,18l_1024d,dclm,3407,rlb_fused_global_rational,GRAIN,adafactor_came,CAME,rlb_came,GRAIN + CAME,300,6.184173583984375,485.0119762756073,296.48269801493734
469,18l_1024d,dclm,3407,rlb_fused_global_rational,GRAIN,adafactor_came,CAME,rlb_came,GRAIN + CAME,350,6.061034202575684,428.8186930082639,345.78291153605096
469,18l_1024d,dclm,3407,rlb_fused_global_rational,GRAIN,adafactor_came,CAME,rlb_came,GRAIN + CAME,400,5.966897487640381,390.29290185556823,394.89704451104626
469,18l_1024d,dclm,3407,rlb_fused_global_rational,GRAIN,adafactor_came,CAME,rlb_came,GRAIN + CAME,450,5.881903648376465,358.49103343087404,444.15101975994185
469,18l_1024d,dclm,3407,rlb_fused_global_rational,GRAIN,adafactor_came,CAME,rlb_came,GRAIN + CAME,500,5.812310695648193,334.39090927151796,493.3377511498984
469,18l_1024d,dclm,3407,rlb_fused_global_rational,GRAIN,adafactor_came,CAME,rlb_came,GRAIN + CAME,550,5.7513909339904785,314.6279828274633,542.663972410839
469,18l_1024d,dclm,3407,rlb_fused_global_rational,GRAIN,adafactor_came,CAME,rlb_came,GRAIN + CAME,600,5.699816703796387,298.812624727371,592.0955747440457
469,18l_1024d,dclm,3407,rlb_fused_global_rational,GRAIN,adafactor_came,CAME,rlb_came,GRAIN + CAME,650,5.64647912979126,283.2922725184836,641.6394916258287
469,18l_1024d,dclm,3407,rlb_fused_global_rational,GRAIN,adafactor_came,CAME,rlb_came,GRAIN + CAME,700,5.5987548828125,270.08990439464037,691.2516732988879
469,18l_1024d,dclm,3407,rlb_fused_global_rational,GRAIN,adafactor_came,CAME,rlb_came,GRAIN + CAME,750,5.556448459625244,258.90170172105366,741.0809833749663
469,18l_1024d,dclm,3407,rlb_fused_global_rational,GRAIN,adafactor_came,CAME,rlb_came,GRAIN + CAME,800,5.51479434967041,248.33890101888855,790.8410393090453
469,18l_1024d,dclm,3407,rlb_fused_global_rational,GRAIN,adafactor_came,CAME,rlb_came,GRAIN + CAME,850,5.4771647453308105,239.1676439909938,840.8007009760477
469,18l_1024d,dclm,3407,rlb_fused_global_rational,GRAIN,adafactor_came,CAME,rlb_came,GRAIN + CAME,900,5.4393630027771,230.29543917255253,890.5604139489587
469,18l_1024d,dclm,3407,rlb_fused_global_rational,GRAIN,adafactor_came,CAME,rlb_came,GRAIN + CAME,950,5.407466888427734,223.06582079571737,940.2802110919729
469,18l_1024d,dclm,3407,rlb_fused_global_rational,GRAIN,adafactor_came,CAME,rlb_came,GRAIN + CAME,1000,5.379664421081543,216.9494595429001,989.7371928419452
469,18l_1024d,dclm,3407,rlb_fused_global_rational,GRAIN,adafactor_came,CAME,rlb_came,GRAIN + CAME,1050,5.350487232208252,210.71093801548287,1039.291166313924
469,18l_1024d,dclm,3407,rlb_fused_global_rational,GRAIN,adafactor_came,CAME,rlb_came,GRAIN + CAME,1100,5.327469825744629,205.91631033724758,1088.6067014599685
469,18l_1024d,dclm,3407,rlb_fused_global_rational,GRAIN,adafactor_came,CAME,rlb_came,GRAIN + CAME,1150,5.303875923156738,201.11480680972153,1137.9327627229504
469,18l_1024d,dclm,3407,rlb_fused_global_rational,GRAIN,adafactor_came,CAME,rlb_came,GRAIN + CAME,1200,5.282372951507568,196.83640485057913,1187.1175868709106
469,18l_1024d,dclm,3407,rlb_fused_global_rational,GRAIN,adafactor_came,CAME,rlb_came,GRAIN + CAME,1250,5.256655693054199,191.83884930396613,1236.3434735918418
469,18l_1024d,dclm,3407,rlb_fused_global_rational,GRAIN,adafactor_came,CAME,rlb_came,GRAIN + CAME,1300,5.233847141265869,187.51280591017849,1285.5496149579994
469,18l_1024d,dclm,3407,rlb_fused_global_rational,GRAIN,adafactor_came,CAME,rlb_came,GRAIN + CAME,1350,5.213542461395264,183.74381201099698,1334.830787543906
469,18l_1024d,dclm,3407,rlb_fused_global_rational,GRAIN,adafactor_came,CAME,rlb_came,GRAIN + CAME,1400,5.197099685668945,180.7472570726979,1383.8856840608642
469,18l_1024d,dclm,3407,rlb_fused_global_rational,GRAIN,adafactor_came,CAME,rlb_came,GRAIN + CAME,1450,5.178631782531738,177.43986850453138,1433.213235195959
469,18l_1024d,dclm,3407,rlb_fused_global_rational,GRAIN,adafactor_came,CAME,rlb_came,GRAIN + CAME,1500,5.162352085113525,174.57458737177515,1482.4633946309332
469,18l_1024d,dclm,3407,rlb_fused_global_rational,GRAIN,adafactor_came,CAME,rlb_came,GRAIN + CAME,1550,5.147546768188477,172.0089943516655,1531.9738829520065
469,18l_1024d,dclm,3407,rlb_fused_global_rational,GRAIN,adafactor_came,CAME,rlb_came,GRAIN + CAME,1600,5.134221076965332,169.7320601599207,1581.4506794498302
469,18l_1024d,dclm,3407,rlb_fused_global_rational,GRAIN,adafactor_came,CAME,rlb_came,GRAIN + CAME,1650,5.117829322814941,166.97253249561848,1631.1371584108565
469,18l_1024d,dclm,3407,rlb_fused_global_rational,GRAIN,adafactor_came,CAME,rlb_came,GRAIN + CAME,1700,5.107132434844971,165.19596483411914,1680.8553235239815
469,18l_1024d,dclm,3407,rlb_fused_global_rational,GRAIN,adafactor_came,CAME,rlb_came,GRAIN + CAME,1750,5.09200382232666,162.71558872489254,1730.7585743069649
469,18l_1024d,dclm,3407,rlb_fused_global_rational,GRAIN,adafactor_came,CAME,rlb_came,GRAIN + CAME,1800,5.0825114250183105,161.17833536121125,1780.642980743898
469,18l_1024d,dclm,3407,rlb_fused_global_rational,GRAIN,adafactor_came,CAME,rlb_came,GRAIN + CAME,1850,5.0695343017578125,159.10021739662727,1830.6203072089702
469,18l_1024d,dclm,3407,rlb_fused_global_rational,GRAIN,adafactor_came,CAME,rlb_came,GRAIN + CAME,1900,5.057213306427002,157.15197117363766,1880.3767446400598
469,18l_1024d,dclm,3407,rlb_fused_global_rational,GRAIN,adafactor_came,CAME,rlb_came,GRAIN + CAME,1950,5.047417163848877,155.62000399322372,1930.053895466961
469,18l_1024d,dclm,3407,rlb_fused_global_rational,GRAIN,adafactor_came,CAME,rlb_came,GRAIN + CAME,2000,5.038640975952148,154.26022914511572,1979.4304317319766
469,18l_1024d,dclm,3407,rlb_fused_global_rational,GRAIN,adafactor_came,CAME,rlb_came,GRAIN + CAME,2050,5.029665946960449,152.88193348993306,2028.8517708268482
469,18l_1024d,dclm,3407,rlb_fused_global_rational,GRAIN,adafactor_came,CAME,rlb_came,GRAIN + CAME,2100,5.0200347900390625,151.41657149085742,2078.06989596691
469,18l_1024d,dclm,3407,rlb_fused_global_rational,GRAIN,adafactor_came,CAME,rlb_came,GRAIN + CAME,2150,5.011873245239258,150.18580765812214,2127.378865092993
469,18l_1024d,dclm,3407,rlb_fused_global_rational,GRAIN,adafactor_came,CAME,rlb_came,GRAIN + CAME,2200,5.005077362060547,149.16862270404192,2176.5707931919023
469,18l_1024d,dclm,3407,rlb_fused_global_rational,GRAIN,adafactor_came,CAME,rlb_came,GRAIN + CAME,2250,4.995912551879883,147.80776611348958,2225.7557222668547
469,18l_1024d,dclm,3407,rlb_fused_global_rational,GRAIN,adafactor_came,CAME,rlb_came,GRAIN + CAME,2300,4.9887213706970215,146.74866634041885,2274.9295457149856
469,18l_1024d,dclm,3407,rlb_fused_global_rational,GRAIN,adafactor_came,CAME,rlb_came,GRAIN + CAME,2350,4.982410907745361,145.82553009024633,2324.1774906779174
469,18l_1024d,dclm,3407,rlb_fused_global_rational,GRAIN,adafactor_came,CAME,rlb_came,GRAIN + CAME,2400,4.975701332092285,144.85037775146526,2373.422813775018
469,18l_1024d,dclm,3407,rlb_fused_global_rational,GRAIN,adafactor_came,CAME,rlb_came,GRAIN + CAME,2450,4.968914031982422,143.87056367419402,2422.815629049903
469,18l_1024d,dclm,3407,rlb_fused_global_rational,GRAIN,adafactor_came,CAME,rlb_came,GRAIN + CAME,2500,4.9648356437683105,143.28499855554094,2472.188079715008
469,18l_1024d,dclm,3407,rlb_fused_global_rational,GRAIN,adafactor_came,CAME,rlb_came,GRAIN + CAME,2550,4.959080696105957,142.46276910110424,2521.8572192939464
469,18l_1024d,dclm,3407,rlb_fused_global_rational,GRAIN,adafactor_came,CAME,rlb_came,GRAIN + CAME,2600,4.955441474914551,141.94525781298518,2571.4433568718378
469,18l_1024d,dclm,3407,rlb_fused_global_rational,GRAIN,adafactor_came,CAME,rlb_came,GRAIN + CAME,2650,4.951351165771484,141.3658436265401,2621.3165816979017
469,18l_1024d,dclm,3407,rlb_fused_global_rational,GRAIN,adafactor_came,CAME,rlb_came,GRAIN + CAME,2700,4.946335315704346,140.65854907489373,2671.101972450968
469,18l_1024d,dclm,3407,rlb_fused_global_rational,GRAIN,adafactor_came,CAME,rlb_came,GRAIN + CAME,2750,4.944196701049805,140.35805607445255,2721.126429695869
469,18l_1024d,dclm,3407,rlb_fused_global_rational,GRAIN,adafactor_came,CAME,rlb_came,GRAIN + CAME,2800,4.940252780914307,139.8055852773889,2771.04150415794
469,18l_1024d,dclm,3407,rlb_fused_global_rational,GRAIN,adafactor_came,CAME,rlb_came,GRAIN + CAME,2850,4.936177730560303,139.23702971068187,2820.7810364810284
469,18l_1024d,dclm,3407,rlb_fused_global_rational,GRAIN,adafactor_came,CAME,rlb_came,GRAIN + CAME,2900,4.933680534362793,138.88976130866578,2870.3357824028935
469,18l_1024d,dclm,3407,rlb_fused_global_rational,GRAIN,adafactor_came,CAME,rlb_came,GRAIN + CAME,2950,4.932831764221191,138.77192584098026,2919.77763855597
469,18l_1024d,dclm,3407,rlb_fused_global_rational,GRAIN,adafactor_came,CAME,rlb_came,GRAIN + CAME,3000,4.929335594177246,138.28760272223573,2969.12254717201
469,18l_1024d,dclm,3407,rlb_fused_global_rational,GRAIN,adafactor_came,CAME,rlb_came,GRAIN + CAME,3050,4.926993370056152,137.96408119136177,3018.4753599239048
468,18l_1024d,dclm,3407,silu,SwiGLU,adafactor_came,CAME,silu_came,SwiGLU + CAME,1,11.032490730285645,61851.4443668256,1.6494692170526832
468,18l_1024d,dclm,3407,silu,SwiGLU,adafactor_came,CAME,silu_came,SwiGLU + CAME,50,8.74803352355957,6298.290482416134,38.67965633212589
468,18l_1024d,dclm,3407,silu,SwiGLU,adafactor_came,CAME,silu_came,SwiGLU + CAME,100,7.420962333679199,1670.6404479833095,76.98489978490397
468,18l_1024d,dclm,3407,silu,SwiGLU,adafactor_came,CAME,silu_came,SwiGLU + CAME,150,6.970454216003418,1064.706247340267,115.52435964695178
468,18l_1024d,dclm,3407,silu,SwiGLU,adafactor_came,CAME,silu_came,SwiGLU + CAME,200,6.618305206298828,748.6751713201588,154.14861238002777
468,18l_1024d,dclm,3407,silu,SwiGLU,adafactor_came,CAME,silu_came,SwiGLU + CAME,250,6.413445472717285,609.9917745409142,192.83240384003147
468,18l_1024d,dclm,3407,silu,SwiGLU,adafactor_came,CAME,silu_came,SwiGLU + CAME,300,6.2475996017456055,516.7708787669728,231.60667382506654
468,18l_1024d,dclm,3407,silu,SwiGLU,adafactor_came,CAME,silu_came,SwiGLU + CAME,350,6.108475685119629,449.6527800862256,270.4567625359632
468,18l_1024d,dclm,3407,silu,SwiGLU,adafactor_came,CAME,silu_came,SwiGLU + CAME,400,5.990541458129883,399.6309347749875,309.3103923329618
468,18l_1024d,dclm,3407,silu,SwiGLU,adafactor_came,CAME,silu_came,SwiGLU + CAME,450,5.89485502243042,363.164181421752,348.25813599699177
468,18l_1024d,dclm,3407,silu,SwiGLU,adafactor_came,CAME,silu_came,SwiGLU + CAME,500,5.81532621383667,335.40079303664965,387.23943827603944
468,18l_1024d,dclm,3407,silu,SwiGLU,adafactor_came,CAME,silu_came,SwiGLU + CAME,550,5.7476348876953125,313.44844214964,426.1692727499176
468,18l_1024d,dclm,3407,silu,SwiGLU,adafactor_came,CAME,silu_came,SwiGLU + CAME,600,5.686745643615723,294.9322425290659,464.9748302199878
468,18l_1024d,dclm,3407,silu,SwiGLU,adafactor_came,CAME,silu_came,SwiGLU + CAME,650,5.632226943969727,279.28337405036154,503.6700244229287
468,18l_1024d,dclm,3407,silu,SwiGLU,adafactor_came,CAME,silu_came,SwiGLU + CAME,700,5.582708835601807,265.7906145876671,542.2073701489717
468,18l_1024d,dclm,3407,silu,SwiGLU,adafactor_came,CAME,silu_came,SwiGLU + CAME,750,5.536073684692383,253.68001381599433,580.7224340329412
468,18l_1024d,dclm,3407,silu,SwiGLU,adafactor_came,CAME,silu_came,SwiGLU + CAME,800,5.498520374298096,244.33014751120754,619.1952031520195
468,18l_1024d,dclm,3407,silu,SwiGLU,adafactor_came,CAME,silu_came,SwiGLU + CAME,850,5.461956977844238,235.55795529339332,657.6095164869912
468,18l_1024d,dclm,3407,silu,SwiGLU,adafactor_came,CAME,silu_came,SwiGLU + CAME,900,5.421260833740234,226.1640981365938,696.0582196849864
468,18l_1024d,dclm,3407,silu,SwiGLU,adafactor_came,CAME,silu_came,SwiGLU + CAME,950,5.397749900817871,220.9087898724236,734.5059611010365
468,18l_1024d,dclm,3407,silu,SwiGLU,adafactor_came,CAME,silu_came,SwiGLU + CAME,1000,5.367907524108887,214.41374238958812,772.9171066679992
468,18l_1024d,dclm,3407,silu,SwiGLU,adafactor_came,CAME,silu_came,SwiGLU + CAME,1050,5.341368198394775,208.7981922980829,811.3102980670519
468,18l_1024d,dclm,3407,silu,SwiGLU,adafactor_came,CAME,silu_came,SwiGLU + CAME,1100,5.312916278839111,202.9411993765443,849.7265568401199
468,18l_1024d,dclm,3407,silu,SwiGLU,adafactor_came,CAME,silu_came,SwiGLU + CAME,1150,5.293977737426758,199.13395469260323,888.1181771750562
468,18l_1024d,dclm,3407,silu,SwiGLU,adafactor_came,CAME,silu_came,SwiGLU + CAME,1200,5.271449089050293,194.69789270946941,926.4660423099995
468,18l_1024d,dclm,3407,silu,SwiGLU,adafactor_came,CAME,silu_came,SwiGLU + CAME,1250,5.2483367919921875,190.24958054684953,964.8291112659499
468,18l_1024d,dclm,3407,silu,SwiGLU,adafactor_came,CAME,silu_came,SwiGLU + CAME,1300,5.224662780761719,185.7985051301856,1003.2623977051117
468,18l_1024d,dclm,3407,silu,SwiGLU,adafactor_came,CAME,silu_came,SwiGLU + CAME,1350,5.207305908203125,182.60144985747206,1041.6923095169477
468,18l_1024d,dclm,3407,silu,SwiGLU,adafactor_came,CAME,silu_came,SwiGLU + CAME,1400,5.187782287597656,179.07098430554652,1080.2279105100315
468,18l_1024d,dclm,3407,silu,SwiGLU,adafactor_came,CAME,silu_came,SwiGLU + CAME,1450,5.170434474945068,175.99128467941085,1118.8223784759175
468,18l_1024d,dclm,3407,silu,SwiGLU,adafactor_came,CAME,silu_came,SwiGLU + CAME,1500,5.154495716094971,173.20843850378148,1157.4605380890425
468,18l_1024d,dclm,3407,silu,SwiGLU,adafactor_came,CAME,silu_came,SwiGLU + CAME,1550,5.140962600708008,170.88017855878735,1196.2282498979475
468,18l_1024d,dclm,3407,silu,SwiGLU,adafactor_came,CAME,silu_came,SwiGLU + CAME,1600,5.125833034515381,168.31429488457124,1235.0514380941167
468,18l_1024d,dclm,3407,silu,SwiGLU,adafactor_came,CAME,silu_came,SwiGLU + CAME,1650,5.10914421081543,165.52863662494633,1273.9283165619709
468,18l_1024d,dclm,3407,silu,SwiGLU,adafactor_came,CAME,silu_came,SwiGLU + CAME,1700,5.098589897155762,163.7907825350421,1312.8411245280877
468,18l_1024d,dclm,3407,silu,SwiGLU,adafactor_came,CAME,silu_came,SwiGLU + CAME,1750,5.085694313049316,161.6921652534056,1351.8322153049521
468,18l_1024d,dclm,3407,silu,SwiGLU,adafactor_came,CAME,silu_came,SwiGLU + CAME,1800,5.074317932128906,159.86311728936835,1390.81037583109
468,18l_1024d,dclm,3407,silu,SwiGLU,adafactor_came,CAME,silu_came,SwiGLU + CAME,1850,5.06136417388916,157.80564389325923,1429.7461352690589
468,18l_1024d,dclm,3407,silu,SwiGLU,adafactor_came,CAME,silu_came,SwiGLU + CAME,1900,5.049646854400635,155.96737556743668,1468.5533840530552
468,18l_1024d,dclm,3407,silu,SwiGLU,adafactor_came,CAME,silu_came,SwiGLU + CAME,1950,5.042679309844971,154.88444300045745,1507.1961207229178
468,18l_1024d,dclm,3407,silu,SwiGLU,adafactor_came,CAME,silu_came,SwiGLU + CAME,2000,5.0321550369262695,153.26294436499614,1545.753652740037
468,18l_1024d,dclm,3407,silu,SwiGLU,adafactor_came,CAME,silu_came,SwiGLU + CAME,2050,5.025143623352051,152.19211288446874,1584.2601716429926
468,18l_1024d,dclm,3407,silu,SwiGLU,adafactor_came,CAME,silu_came,SwiGLU + CAME,2100,5.013869285583496,150.48588397192435,1622.689487239113
468,18l_1024d,dclm,3407,silu,SwiGLU,adafactor_came,CAME,silu_came,SwiGLU + CAME,2150,5.008502006530762,149.68034794128275,1661.1337072330061
468,18l_1024d,dclm,3407,silu,SwiGLU,adafactor_came,CAME,silu_came,SwiGLU + CAME,2200,4.999809265136719,148.38485423841405,1699.5521066640504
468,18l_1024d,dclm,3407,silu,SwiGLU,adafactor_came,CAME,silu_came,SwiGLU + CAME,2250,4.990941047668457,147.07476275614698,1737.9360072379932
468,18l_1024d,dclm,3407,silu,SwiGLU,adafactor_came,CAME,silu_came,SwiGLU + CAME,2300,4.982184410095215,145.79250469057843,1776.3400454949588
468,18l_1024d,dclm,3407,silu,SwiGLU,adafactor_came,CAME,silu_came,SwiGLU + CAME,2350,4.976456165313721,144.95975690504554,1814.7437119339593
468,18l_1024d,dclm,3407,silu,SwiGLU,adafactor_came,CAME,silu_came,SwiGLU + CAME,2400,4.968743324279785,143.84600595694752,1853.1282377829775
468,18l_1024d,dclm,3407,silu,SwiGLU,adafactor_came,CAME,silu_came,SwiGLU + CAME,2450,4.962855339050293,143.00153136522468,1891.5139303060714
468,18l_1024d,dclm,3407,silu,SwiGLU,adafactor_came,CAME,silu_came,SwiGLU + CAME,2500,4.958592414855957,142.39322418225078,1929.9111267309636
468,18l_1024d,dclm,3407,silu,SwiGLU,adafactor_came,CAME,silu_came,SwiGLU + CAME,2550,4.953729152679443,141.70240976825417,1968.3172726810444
468,18l_1024d,dclm,3407,silu,SwiGLU,adafactor_came,CAME,silu_came,SwiGLU + CAME,2600,4.948151588439941,140.91425550862417,2006.748792705126
468,18l_1024d,dclm,3407,silu,SwiGLU,adafactor_came,CAME,silu_came,SwiGLU + CAME,2650,4.944451332092285,140.39380014317294,2045.2510210741311
468,18l_1024d,dclm,3407,silu,SwiGLU,adafactor_came,CAME,silu_came,SwiGLU + CAME,2700,4.93978214263916,139.7398028989449,2083.796475040959
468,18l_1024d,dclm,3407,silu,SwiGLU,adafactor_came,CAME,silu_came,SwiGLU + CAME,2750,4.937473297119141,139.41753745477695,2122.3720013201237
468,18l_1024d,dclm,3407,silu,SwiGLU,adafactor_came,CAME,silu_came,SwiGLU + CAME,2800,4.933276176452637,138.833611488118,2161.0607045150828
468,18l_1024d,dclm,3407,silu,SwiGLU,adafactor_came,CAME,silu_came,SwiGLU + CAME,2850,4.929797172546387,138.35144802204377,2199.846594751114
468,18l_1024d,dclm,3407,silu,SwiGLU,adafactor_came,CAME,silu_came,SwiGLU + CAME,2900,4.9271392822265625,137.98421329861105,2238.6571994889528
468,18l_1024d,dclm,3407,silu,SwiGLU,adafactor_came,CAME,silu_came,SwiGLU + CAME,2950,4.925884246826172,137.81114685120193,2277.5682874571066
468,18l_1024d,dclm,3407,silu,SwiGLU,adafactor_came,CAME,silu_came,SwiGLU + CAME,3000,4.922390937805176,137.33056981946794,2316.548346267082
468,18l_1024d,dclm,3407,silu,SwiGLU,adafactor_came,CAME,silu_came,SwiGLU + CAME,3050,4.920269966125488,137.0396042440743,2355.4984344351105
567,18l_1024d,dolma_sample,1337,rlb_fused_global_rational,GRAIN,adafactor_came,CAME,rlb_came,GRAIN + CAME,1,11.056022644042969,63324.18749309868,2.292252709157765
567,18l_1024d,dolma_sample,1337,rlb_fused_global_rational,GRAIN,adafactor_came,CAME,rlb_came,GRAIN + CAME,50,8.829593658447266,6833.509512528433,50.16675836616196
567,18l_1024d,dolma_sample,1337,rlb_fused_global_rational,GRAIN,adafactor_came,CAME,rlb_came,GRAIN + CAME,100,7.613591194152832,2025.5391563521553,99.86408769898117
567,18l_1024d,dolma_sample,1337,rlb_fused_global_rational,GRAIN,adafactor_came,CAME,rlb_came,GRAIN + CAME,150,7.175029754638672,1306.3989718406335,149.90503907413222
567,18l_1024d,dolma_sample,1337,rlb_fused_global_rational,GRAIN,adafactor_came,CAME,rlb_came,GRAIN + CAME,200,6.881634712219238,974.217624262367,199.98110422305763
567,18l_1024d,dolma_sample,1337,rlb_fused_global_rational,GRAIN,adafactor_came,CAME,rlb_came,GRAIN + CAME,250,6.695159912109375,808.4832101293921,250.26459691906348
567,18l_1024d,dolma_sample,1337,rlb_fused_global_rational,GRAIN,adafactor_came,CAME,rlb_came,GRAIN + CAME,300,6.535274028778076,689.0225704693607,300.29903134098276
567,18l_1024d,dolma_sample,1337,rlb_fused_global_rational,GRAIN,adafactor_came,CAME,rlb_came,GRAIN + CAME,350,6.412392616271973,609.3498787408619,350.3367829970084
567,18l_1024d,dolma_sample,1337,rlb_fused_global_rational,GRAIN,adafactor_came,CAME,rlb_came,GRAIN + CAME,400,6.303837776184082,546.6658707391374,400.02507310104556
567,18l_1024d,dolma_sample,1337,rlb_fused_global_rational,GRAIN,adafactor_came,CAME,rlb_came,GRAIN + CAME,450,6.211530685424805,498.4636586921505,449.7051281861495
567,18l_1024d,dolma_sample,1337,rlb_fused_global_rational,GRAIN,adafactor_came,CAME,rlb_came,GRAIN + CAME,500,6.128772735595703,458.87265688868536,499.2211437430233
567,18l_1024d,dolma_sample,1337,rlb_fused_global_rational,GRAIN,adafactor_came,CAME,rlb_came,GRAIN + CAME,550,6.057241439819336,427.19536583359087,548.6644748870749
567,18l_1024d,dolma_sample,1337,rlb_fused_global_rational,GRAIN,adafactor_came,CAME,rlb_came,GRAIN + CAME,600,5.991517066955566,400.0210084907103,597.9654541951604
567,18l_1024d,dolma_sample,1337,rlb_fused_global_rational,GRAIN,adafactor_came,CAME,rlb_came,GRAIN + CAME,650,5.934703350067139,377.92786726449907,647.4728645831347
567,18l_1024d,dolma_sample,1337,rlb_fused_global_rational,GRAIN,adafactor_came,CAME,rlb_came,GRAIN + CAME,700,5.882878303527832,358.8406088934157,696.9507344500162
567,18l_1024d,dolma_sample,1337,rlb_fused_global_rational,GRAIN,adafactor_came,CAME,rlb_came,GRAIN + CAME,750,5.835380554199219,342.1949329935275,746.3702320940793
567,18l_1024d,dolma_sample,1337,rlb_fused_global_rational,GRAIN,adafactor_came,CAME,rlb_came,GRAIN + CAME,800,5.792698383331299,327.89662247711544,795.6311122740153
567,18l_1024d,dolma_sample,1337,rlb_fused_global_rational,GRAIN,adafactor_came,CAME,rlb_came,GRAIN + CAME,850,5.749443054199219,314.0157218369426,845.1288571329787
567,18l_1024d,dolma_sample,1337,rlb_fused_global_rational,GRAIN,adafactor_came,CAME,rlb_came,GRAIN + CAME,900,5.706376552581787,300.77923363709345,894.4637189861387
567,18l_1024d,dolma_sample,1337,rlb_fused_global_rational,GRAIN,adafactor_came,CAME,rlb_came,GRAIN + CAME,950,5.667290687561035,289.2498037402534,944.3425725579727
567,18l_1024d,dolma_sample,1337,rlb_fused_global_rational,GRAIN,adafactor_came,CAME,rlb_came,GRAIN + CAME,1000,5.637888431549072,280.86901771932367,994.096853162162
567,18l_1024d,dolma_sample,1337,rlb_fused_global_rational,GRAIN,adafactor_came,CAME,rlb_came,GRAIN + CAME,1050,5.59780740737915,269.83412203831506,1044.0079978110734
567,18l_1024d,dolma_sample,1337,rlb_fused_global_rational,GRAIN,adafactor_came,CAME,rlb_came,GRAIN + CAME,1100,5.565582275390625,261.27729476490265,1093.9778364831582
567,18l_1024d,dolma_sample,1337,rlb_fused_global_rational,GRAIN,adafactor_came,CAME,rlb_came,GRAIN + CAME,1150,5.534723281860352,253.33767480671509,1144.0901783520821
567,18l_1024d,dolma_sample,1337,rlb_fused_global_rational,GRAIN,adafactor_came,CAME,rlb_came,GRAIN + CAME,1200,5.502945899963379,245.41383302014776,1194.1438684239984
567,18l_1024d,dolma_sample,1337,rlb_fused_global_rational,GRAIN,adafactor_came,CAME,rlb_came,GRAIN + CAME,1250,5.482763767242432,240.5105047154453,1244.162092825165
567,18l_1024d,dolma_sample,1337,rlb_fused_global_rational,GRAIN,adafactor_came,CAME,rlb_came,GRAIN + CAME,1300,5.452613353729248,233.36724084603486,1293.7357729261275
567,18l_1024d,dolma_sample,1337,rlb_fused_global_rational,GRAIN,adafactor_came,CAME,rlb_came,GRAIN + CAME,1350,5.42745304107666,227.56889804171612,1343.3997376919724
567,18l_1024d,dolma_sample,1337,rlb_fused_global_rational,GRAIN,adafactor_came,CAME,rlb_came,GRAIN + CAME,1400,5.407284736633301,223.02519265653922,1392.9914049801882
567,18l_1024d,dolma_sample,1337,rlb_fused_global_rational,GRAIN,adafactor_came,CAME,rlb_came,GRAIN + CAME,1450,5.384244918823242,217.94547543522515,1442.4935167871881
567,18l_1024d,dolma_sample,1337,rlb_fused_global_rational,GRAIN,adafactor_came,CAME,rlb_came,GRAIN + CAME,1500,5.3638811111450195,213.5521598252006,1491.8206291531678
567,18l_1024d,dolma_sample,1337,rlb_fused_global_rational,GRAIN,adafactor_came,CAME,rlb_came,GRAIN + CAME,1550,5.343962669372559,209.3406164958659,1541.2418638060335
567,18l_1024d,dolma_sample,1337,rlb_fused_global_rational,GRAIN,adafactor_came,CAME,rlb_came,GRAIN + CAME,1600,5.327704429626465,205.9646247701412,1590.5636234090198
567,18l_1024d,dolma_sample,1337,rlb_fused_global_rational,GRAIN,adafactor_came,CAME,rlb_came,GRAIN + CAME,1650,5.313726425170898,203.10567806169325,1639.9405964040197
567,18l_1024d,dolma_sample,1337,rlb_fused_global_rational,GRAIN,adafactor_came,CAME,rlb_came,GRAIN + CAME,1700,5.296573162078857,199.65146315428746,1689.3134591931012
567,18l_1024d,dolma_sample,1337,rlb_fused_global_rational,GRAIN,adafactor_came,CAME,rlb_came,GRAIN + CAME,1750,5.280397415161133,196.44793122671965,1738.807124786079
567,18l_1024d,dolma_sample,1337,rlb_fused_global_rational,GRAIN,adafactor_came,CAME,rlb_came,GRAIN + CAME,1800,5.262016773223877,192.8700745254013,1788.3464144251775
567,18l_1024d,dolma_sample,1337,rlb_fused_global_rational,GRAIN,adafactor_came,CAME,rlb_came,GRAIN + CAME,1850,5.252134323120117,190.97343280689265,1838.1519079331774
567,18l_1024d,dolma_sample,1337,rlb_fused_global_rational,GRAIN,adafactor_came,CAME,rlb_came,GRAIN + CAME,1900,5.23682165145874,188.07139501529272,1887.8967841570266
567,18l_1024d,dolma_sample,1337,rlb_fused_global_rational,GRAIN,adafactor_came,CAME,rlb_came,GRAIN + CAME,1950,5.227935791015625,186.40762182145698,1937.9604276490863
567,18l_1024d,dolma_sample,1337,rlb_fused_global_rational,GRAIN,adafactor_came,CAME,rlb_came,GRAIN + CAME,2000,5.215397357940674,184.0849540669349,1987.9139307020232
567,18l_1024d,dolma_sample,1337,rlb_fused_global_rational,GRAIN,adafactor_came,CAME,rlb_came,GRAIN + CAME,2050,5.202886581420898,181.7962548999484,2038.1418621020857
567,18l_1024d,dolma_sample,1337,rlb_fused_global_rational,GRAIN,adafactor_came,CAME,rlb_came,GRAIN + CAME,2100,5.194049835205078,180.1968447311819,2088.161450176034
567,18l_1024d,dolma_sample,1337,rlb_fused_global_rational,GRAIN,adafactor_came,CAME,rlb_came,GRAIN + CAME,2150,5.1837639808654785,178.35286593998052,2138.091102560982
567,18l_1024d,dolma_sample,1337,rlb_fused_global_rational,GRAIN,adafactor_came,CAME,rlb_came,GRAIN + CAME,2200,5.173359394073486,176.50679850500435,2187.7559064649977
567,18l_1024d,dolma_sample,1337,rlb_fused_global_rational,GRAIN,adafactor_came,CAME,rlb_came,GRAIN + CAME,2250,5.1653642654418945,175.10123028320254,2237.3802252300084
567,18l_1024d,dolma_sample,1337,rlb_fused_global_rational,GRAIN,adafactor_came,CAME,rlb_came,GRAIN + CAME,2300,5.157897472381592,173.7986547150487,2286.6972349111456
567,18l_1024d,dolma_sample,1337,rlb_fused_global_rational,GRAIN,adafactor_came,CAME,rlb_came,GRAIN + CAME,2350,5.150629043579102,172.5399913610378,2336.171058256179
567,18l_1024d,dolma_sample,1337,rlb_fused_global_rational,GRAIN,adafactor_came,CAME,rlb_came,GRAIN + CAME,2400,5.144870758056641,171.54931187181694,2385.5540365441702
567,18l_1024d,dolma_sample,1337,rlb_fused_global_rational,GRAIN,adafactor_came,CAME,rlb_came,GRAIN + CAME,2450,5.1361799240112305,170.06486515518347,2435.153463313123
567,18l_1024d,dolma_sample,1337,rlb_fused_global_rational,GRAIN,adafactor_came,CAME,rlb_came,GRAIN + CAME,2500,5.128629684448242,168.78566987424793,2484.4054197540972
567,18l_1024d,dolma_sample,1337,rlb_fused_global_rational,GRAIN,adafactor_came,CAME,rlb_came,GRAIN + CAME,2550,5.124499797821045,168.09004161501164,2533.8152488050982
567,18l_1024d,dolma_sample,1337,rlb_fused_global_rational,GRAIN,adafactor_came,CAME,rlb_came,GRAIN + CAME,2600,5.118869781494141,167.146350926008,2583.1260059950873
567,18l_1024d,dolma_sample,1337,rlb_fused_global_rational,GRAIN,adafactor_came,CAME,rlb_came,GRAIN + CAME,2650,5.113934516906738,166.32347169296585,2632.6640292061493
567,18l_1024d,dolma_sample,1337,rlb_fused_global_rational,GRAIN,adafactor_came,CAME,rlb_came,GRAIN + CAME,2700,5.109373092651367,165.56652745929375,2682.2123573420104
567,18l_1024d,dolma_sample,1337,rlb_fused_global_rational,GRAIN,adafactor_came,CAME,rlb_came,GRAIN + CAME,2750,5.104726791381836,164.7990398625823,2731.9534944200423
567,18l_1024d,dolma_sample,1337,rlb_fused_global_rational,GRAIN,adafactor_came,CAME,rlb_came,GRAIN + CAME,2800,5.102354049682617,164.40847784333923,2781.7429899491835
567,18l_1024d,dolma_sample,1337,rlb_fused_global_rational,GRAIN,adafactor_came,CAME,rlb_came,GRAIN + CAME,2850,5.098273277282715,163.73893132726417,2831.686980918981
567,18l_1024d,dolma_sample,1337,rlb_fused_global_rational,GRAIN,adafactor_came,CAME,rlb_came,GRAIN + CAME,2900,5.0940070152282715,163.0418661263884,2881.718415957177
567,18l_1024d,dolma_sample,1337,rlb_fused_global_rational,GRAIN,adafactor_came,CAME,rlb_came,GRAIN + CAME,2950,5.0904951095581055,162.47028273321206,2931.9272153500933
567,18l_1024d,dolma_sample,1337,rlb_fused_global_rational,GRAIN,adafactor_came,CAME,rlb_came,GRAIN + CAME,3000,5.087472915649414,161.98000726133196,2981.946495685028
567,18l_1024d,dolma_sample,1337,rlb_fused_global_rational,GRAIN,adafactor_came,CAME,rlb_came,GRAIN + CAME,3050,5.085465431213379,161.6551610887178,3032.0319107980467
566,18l_1024d,dolma_sample,1337,silu,SwiGLU,adafactor_came,CAME,silu_came,SwiGLU + CAME,1,11.020181655883789,61094.77682850841,1.6181443759705871
566,18l_1024d,dolma_sample,1337,silu,SwiGLU,adafactor_came,CAME,silu_came,SwiGLU + CAME,50,8.928494453430176,7543.899130732118,38.87285866914317
566,18l_1024d,dolma_sample,1337,silu,SwiGLU,adafactor_came,CAME,silu_came,SwiGLU + CAME,100,7.737070083618164,2291.747907120493,77.39041045703925
566,18l_1024d,dolma_sample,1337,silu,SwiGLU,adafactor_came,CAME,silu_came,SwiGLU + CAME,150,7.288430690765381,1463.272567284767,115.99820234696381
566,18l_1024d,dolma_sample,1337,silu,SwiGLU,adafactor_came,CAME,silu_came,SwiGLU + CAME,200,6.978916168212891,1073.753967421694,154.562762637157
566,18l_1024d,dolma_sample,1337,silu,SwiGLU,adafactor_came,CAME,silu_came,SwiGLU + CAME,250,6.776553153991699,877.0404846747276,193.09178584697656
566,18l_1024d,dolma_sample,1337,silu,SwiGLU,adafactor_came,CAME,silu_came,SwiGLU + CAME,300,6.6097092628479,742.2671826955742,231.59484299411997
566,18l_1024d,dolma_sample,1337,silu,SwiGLU,adafactor_came,CAME,silu_came,SwiGLU + CAME,350,6.474311351776123,648.272642054813,270.1028055299539
566,18l_1024d,dolma_sample,1337,silu,SwiGLU,adafactor_came,CAME,silu_came,SwiGLU + CAME,400,6.343961715698242,569.0462510940729,308.6004205341451
566,18l_1024d,dolma_sample,1337,silu,SwiGLU,adafactor_came,CAME,silu_came,SwiGLU + CAME,450,6.238728046417236,512.2065934146951,347.0755421479698
566,18l_1024d,dolma_sample,1337,silu,SwiGLU,adafactor_came,CAME,silu_came,SwiGLU + CAME,500,6.14562463760376,466.67105833264,385.56402693898417
566,18l_1024d,dolma_sample,1337,silu,SwiGLU,adafactor_came,CAME,silu_came,SwiGLU + CAME,550,6.066601276397705,431.212615717965,424.0405873339623
566,18l_1024d,dolma_sample,1337,silu,SwiGLU,adafactor_came,CAME,silu_came,SwiGLU + CAME,600,5.993398189544678,400.7742052515151,462.5017055179924
566,18l_1024d,dolma_sample,1337,silu,SwiGLU,adafactor_came,CAME,silu_came,SwiGLU + CAME,650,5.92561149597168,374.5073751065137,501.0239363000728
566,18l_1024d,dolma_sample,1337,silu,SwiGLU,adafactor_came,CAME,silu_came,SwiGLU + CAME,700,5.868562698364258,353.74018336386854,539.565898041008
566,18l_1024d,dolma_sample,1337,silu,SwiGLU,adafactor_came,CAME,silu_came,SwiGLU + CAME,750,5.816697120666504,335.86091159232893,578.1603704979643
566,18l_1024d,dolma_sample,1337,silu,SwiGLU,adafactor_came,CAME,silu_came,SwiGLU + CAME,800,5.7731146812438965,321.537661933311,616.868280868046
566,18l_1024d,dolma_sample,1337,silu,SwiGLU,adafactor_came,CAME,silu_came,SwiGLU + CAME,850,5.727811813354492,307.2961109028176,655.6924393791705
566,18l_1024d,dolma_sample,1337,silu,SwiGLU,adafactor_came,CAME,silu_came,SwiGLU + CAME,900,5.691418647766113,296.3136873573166,694.6135191069916
566,18l_1024d,dolma_sample,1337,silu,SwiGLU,adafactor_came,CAME,silu_came,SwiGLU + CAME,950,5.649285316467285,284.0883599816506,733.5873451719526
566,18l_1024d,dolma_sample,1337,silu,SwiGLU,adafactor_came,CAME,silu_came,SwiGLU + CAME,1000,5.62123966217041,276.2316049422225,772.5354716549627
566,18l_1024d,dolma_sample,1337,silu,SwiGLU,adafactor_came,CAME,silu_came,SwiGLU + CAME,1050,5.584300518035889,266.2140057027637,811.6975280209444
566,18l_1024d,dolma_sample,1337,silu,SwiGLU,adafactor_came,CAME,silu_came,SwiGLU + CAME,1100,5.558051109313965,259.31696312312175,850.8383244441357
566,18l_1024d,dolma_sample,1337,silu,SwiGLU,adafactor_came,CAME,silu_came,SwiGLU + CAME,1150,5.529623985290527,252.04911902677335,889.867642467143
566,18l_1024d,dolma_sample,1337,silu,SwiGLU,adafactor_came,CAME,silu_came,SwiGLU + CAME,1200,5.501249313354492,244.99782019808956,928.7537119190674
566,18l_1024d,dolma_sample,1337,silu,SwiGLU,adafactor_came,CAME,silu_came,SwiGLU + CAME,1250,5.4760518074035645,238.90161331430056,967.5525410519913
566,18l_1024d,dolma_sample,1337,silu,SwiGLU,adafactor_came,CAME,silu_came,SwiGLU + CAME,1300,5.451900482177734,233.20093926185731,1006.2414695729967
566,18l_1024d,dolma_sample,1337,silu,SwiGLU,adafactor_came,CAME,silu_came,SwiGLU + CAME,1350,5.429326057434082,227.995537737025,1044.8303733170033
566,18l_1024d,dolma_sample,1337,silu,SwiGLU,adafactor_came,CAME,silu_came,SwiGLU + CAME,1400,5.406699180603027,222.89463713759233,1083.4407716020942
566,18l_1024d,dolma_sample,1337,silu,SwiGLU,adafactor_came,CAME,silu_came,SwiGLU + CAME,1450,5.388000011444092,218.76541940106415,1122.086079583969
566,18l_1024d,dolma_sample,1337,silu,SwiGLU,adafactor_came,CAME,silu_came,SwiGLU + CAME,1500,5.366673469543457,214.14930732910702,1160.5675525001716
566,18l_1024d,dolma_sample,1337,silu,SwiGLU,adafactor_came,CAME,silu_came,SwiGLU + CAME,1550,5.345396995544434,209.64109466127647,1199.0683119839523
566,18l_1024d,dolma_sample,1337,silu,SwiGLU,adafactor_came,CAME,silu_came,SwiGLU + CAME,1600,5.331775665283203,206.80486454101174,1237.5718244130258
566,18l_1024d,dolma_sample,1337,silu,SwiGLU,adafactor_came,CAME,silu_came,SwiGLU + CAME,1650,5.317175388336182,203.80739146022643,1276.0616665519774
566,18l_1024d,dolma_sample,1337,silu,SwiGLU,adafactor_came,CAME,silu_came,SwiGLU + CAME,1700,5.3001604080200195,200.36894818336106,1314.5718466220424
566,18l_1024d,dolma_sample,1337,silu,SwiGLU,adafactor_came,CAME,silu_came,SwiGLU + CAME,1750,5.2858076095581055,197.51363295084676,1353.0696512421127
566,18l_1024d,dolma_sample,1337,silu,SwiGLU,adafactor_came,CAME,silu_came,SwiGLU + CAME,1800,5.269237995147705,194.2678729682616,1391.560592411086
566,18l_1024d,dolma_sample,1337,silu,SwiGLU,adafactor_came,CAME,silu_came,SwiGLU + CAME,1850,5.256922721862793,191.89008264342212,1430.1667679001112
566,18l_1024d,dolma_sample,1337,silu,SwiGLU,adafactor_came,CAME,silu_came,SwiGLU + CAME,1900,5.242013454437256,189.0503637515143,1468.7557038760278
566,18l_1024d,dolma_sample,1337,silu,SwiGLU,adafactor_came,CAME,silu_came,SwiGLU + CAME,1950,5.228511333465576,186.51493820041313,1507.386651514098
566,18l_1024d,dolma_sample,1337,silu,SwiGLU,adafactor_came,CAME,silu_came,SwiGLU + CAME,2000,5.218048095703125,184.57356230623787,1546.0915956581011
566,18l_1024d,dolma_sample,1337,silu,SwiGLU,adafactor_came,CAME,silu_came,SwiGLU + CAME,2050,5.208442687988281,182.8091455241614,1584.922044610139
566,18l_1024d,dolma_sample,1337,silu,SwiGLU,adafactor_came,CAME,silu_came,SwiGLU + CAME,2100,5.200344085693359,181.3346257922748,1623.8166512961034
566,18l_1024d,dolma_sample,1337,silu,SwiGLU,adafactor_came,CAME,silu_came,SwiGLU + CAME,2150,5.191361427307129,179.71305271714215,1662.7174173381645
566,18l_1024d,dolma_sample,1337,silu,SwiGLU,adafactor_came,CAME,silu_came,SwiGLU + CAME,2200,5.182324409484863,178.0962989760602,1701.737496766029
566,18l_1024d,dolma_sample,1337,silu,SwiGLU,adafactor_came,CAME,silu_came,SwiGLU + CAME,2250,5.174864768981934,176.77270750679787,1740.9558789560106
566,18l_1024d,dolma_sample,1337,silu,SwiGLU,adafactor_came,CAME,silu_came,SwiGLU + CAME,2300,5.166876792907715,175.36627609731195,1779.9389053750783
566,18l_1024d,dolma_sample,1337,silu,SwiGLU,adafactor_came,CAME,silu_came,SwiGLU + CAME,2350,5.158041954040527,173.82376724710917,1818.88501473004
566,18l_1024d,dolma_sample,1337,silu,SwiGLU,adafactor_came,CAME,silu_came,SwiGLU + CAME,2400,5.152406692504883,172.84697966921203,1857.7426683220547
566,18l_1024d,dolma_sample,1337,silu,SwiGLU,adafactor_came,CAME,silu_came,SwiGLU + CAME,2450,5.144344806671143,171.4591089967996,1896.443300229963
566,18l_1024d,dolma_sample,1337,silu,SwiGLU,adafactor_came,CAME,silu_came,SwiGLU + CAME,2500,5.137729644775391,170.32862253032164,1935.0903630871326
566,18l_1024d,dolma_sample,1337,silu,SwiGLU,adafactor_came,CAME,silu_came,SwiGLU + CAME,2550,5.133094787597656,169.54100035971672,1973.6653879371006
566,18l_1024d,dolma_sample,1337,silu,SwiGLU,adafactor_came,CAME,silu_came,SwiGLU + CAME,2600,5.126986026763916,168.50847188266619,2012.2118215011433
566,18l_1024d,dolma_sample,1337,silu,SwiGLU,adafactor_came,CAME,silu_came,SwiGLU + CAME,2650,5.123172760009766,167.86712771438957,2050.747914009029
566,18l_1024d,dolma_sample,1337,silu,SwiGLU,adafactor_came,CAME,silu_came,SwiGLU + CAME,2700,5.118225574493408,167.0387087522382,2089.2616202989593
566,18l_1024d,dolma_sample,1337,silu,SwiGLU,adafactor_came,CAME,silu_came,SwiGLU + CAME,2750,5.1144819259643555,166.41454359238205,2127.7420340760145
566,18l_1024d,dolma_sample,1337,silu,SwiGLU,adafactor_came,CAME,silu_came,SwiGLU + CAME,2800,5.110414981842041,165.73911932978027,2166.2416261010803
566,18l_1024d,dolma_sample,1337,silu,SwiGLU,adafactor_came,CAME,silu_came,SwiGLU + CAME,2850,5.106727600097656,165.12910130269177,2204.7453802360687
566,18l_1024d,dolma_sample,1337,silu,SwiGLU,adafactor_came,CAME,silu_came,SwiGLU + CAME,2900,5.103181838989258,164.544629767998,2243.172145079123
566,18l_1024d,dolma_sample,1337,silu,SwiGLU,adafactor_came,CAME,silu_came,SwiGLU + CAME,2950,5.100077152252197,164.03456244763993,2281.6572258949745
566,18l_1024d,dolma_sample,1337,silu,SwiGLU,adafactor_came,CAME,silu_came,SwiGLU + CAME,3000,5.097731113433838,163.65018205854128,2320.11748431297
566,18l_1024d,dolma_sample,1337,silu,SwiGLU,adafactor_came,CAME,silu_came,SwiGLU + CAME,3050,5.095059394836426,163.2135383779197,2358.678063635947
581,18l_1024d,dolma_sample,2027,rlb_fused_global_rational,GRAIN,adafactor_came,CAME,rlb_came,GRAIN + CAME,1,11.010631561279297,60514.093135455565,2.284178991103545
581,18l_1024d,dolma_sample,2027,rlb_fused_global_rational,GRAIN,adafactor_came,CAME,rlb_came,GRAIN + CAME,50,8.849563598632812,6971.346001250145,48.78133672103286
581,18l_1024d,dolma_sample,2027,rlb_fused_global_rational,GRAIN,adafactor_came,CAME,rlb_came,GRAIN + CAME,100,7.563597202301025,1926.7640222495259,95.95948074897751
581,18l_1024d,dolma_sample,2027,rlb_fused_global_rational,GRAIN,adafactor_came,CAME,rlb_came,GRAIN + CAME,150,7.11224365234375,1226.8971910728549,143.24540749005973
581,18l_1024d,dolma_sample,2027,rlb_fused_global_rational,GRAIN,adafactor_came,CAME,rlb_came,GRAIN + CAME,200,6.811130523681641,907.8966256179081,190.49174699699506
581,18l_1024d,dolma_sample,2027,rlb_fused_global_rational,GRAIN,adafactor_came,CAME,rlb_came,GRAIN + CAME,250,6.621297836303711,750.9190349539421,237.79301939508878
581,18l_1024d,dolma_sample,2027,rlb_fused_global_rational,GRAIN,adafactor_came,CAME,rlb_came,GRAIN + CAME,300,6.467843055725098,644.0929549836766,284.9553756909445
581,18l_1024d,dolma_sample,2027,rlb_fused_global_rational,GRAIN,adafactor_came,CAME,rlb_came,GRAIN + CAME,350,6.347875595092773,571.2777936363049,332.27714149514213
581,18l_1024d,dolma_sample,2027,rlb_fused_global_rational,GRAIN,adafactor_came,CAME,rlb_came,GRAIN + CAME,400,6.245458126068115,515.6654105883321,379.4533188319765
581,18l_1024d,dolma_sample,2027,rlb_fused_global_rational,GRAIN,adafactor_came,CAME,rlb_came,GRAIN + CAME,450,6.153045177459717,470.1468898442143,426.76612130901776
581,18l_1024d,dolma_sample,2027,rlb_fused_global_rational,GRAIN,adafactor_came,CAME,rlb_came,GRAIN + CAME,500,6.077272415161133,435.83878472288933,473.9160963019822
581,18l_1024d,dolma_sample,2027,rlb_fused_global_rational,GRAIN,adafactor_came,CAME,rlb_came,GRAIN + CAME,550,6.009993076324463,407.48049900137187,521.3238506340422
581,18l_1024d,dolma_sample,2027,rlb_fused_global_rational,GRAIN,adafactor_came,CAME,rlb_came,GRAIN + CAME,600,5.949115753173828,383.4141563717228,568.495161086088
581,18l_1024d,dolma_sample,2027,rlb_fused_global_rational,GRAIN,adafactor_came,CAME,rlb_came,GRAIN + CAME,650,5.891331672668457,361.88687850342177,615.8061648320872
581,18l_1024d,dolma_sample,2027,rlb_fused_global_rational,GRAIN,adafactor_came,CAME,rlb_came,GRAIN + CAME,700,5.839969635009766,343.7689019671307,662.961191996932
581,18l_1024d,dolma_sample,2027,rlb_fused_global_rational,GRAIN,adafactor_came,CAME,rlb_came,GRAIN + CAME,750,5.7955241203308105,328.8244824219551,710.2948817880824
581,18l_1024d,dolma_sample,2027,rlb_fused_global_rational,GRAIN,adafactor_came,CAME,rlb_came,GRAIN + CAME,800,5.752646446228027,315.0232501897617,757.4590910610277
581,18l_1024d,dolma_sample,2027,rlb_fused_global_rational,GRAIN,adafactor_came,CAME,rlb_came,GRAIN + CAME,850,5.710264205932617,301.950834946865,804.7853033989668
581,18l_1024d,dolma_sample,2027,rlb_fused_global_rational,GRAIN,adafactor_came,CAME,rlb_came,GRAIN + CAME,900,5.6752028465271,291.547471939783,852.0620448580012
581,18l_1024d,dolma_sample,2027,rlb_fused_global_rational,GRAIN,adafactor_came,CAME,rlb_came,GRAIN + CAME,950,5.635749340057373,280.2688553232234,899.3907616399229
581,18l_1024d,dolma_sample,2027,rlb_fused_global_rational,GRAIN,adafactor_came,CAME,rlb_came,GRAIN + CAME,1000,5.602629661560059,271.138473190235,946.5549571430311
581,18l_1024d,dolma_sample,2027,rlb_fused_global_rational,GRAIN,adafactor_came,CAME,rlb_came,GRAIN + CAME,1050,5.569214344024658,262.2279972952911,993.8775295789819
581,18l_1024d,dolma_sample,2027,rlb_fused_global_rational,GRAIN,adafactor_came,CAME,rlb_came,GRAIN + CAME,1100,5.539000511169434,254.42357880918354,1041.0427737510763
581,18l_1024d,dolma_sample,2027,rlb_fused_global_rational,GRAIN,adafactor_came,CAME,rlb_came,GRAIN + CAME,1150,5.513350009918213,247.98047417950622,1088.3578148081433
581,18l_1024d,dolma_sample,2027,rlb_fused_global_rational,GRAIN,adafactor_came,CAME,rlb_came,GRAIN + CAME,1200,5.479148864746094,239.6426522376546,1135.5094104660675
581,18l_1024d,dolma_sample,2027,rlb_fused_global_rational,GRAIN,adafactor_came,CAME,rlb_came,GRAIN + CAME,1250,5.460666656494141,235.25420584383627,1182.9235492269509
581,18l_1024d,dolma_sample,2027,rlb_fused_global_rational,GRAIN,adafactor_came,CAME,rlb_came,GRAIN + CAME,1300,5.438266754150391,230.0431164431144,1230.080155825941
581,18l_1024d,dolma_sample,2027,rlb_fused_global_rational,GRAIN,adafactor_came,CAME,rlb_came,GRAIN + CAME,1350,5.414600849151611,224.6628534108938,1277.3875264560338
581,18l_1024d,dolma_sample,2027,rlb_fused_global_rational,GRAIN,adafactor_came,CAME,rlb_came,GRAIN + CAME,1400,5.393702030181885,220.01638705277276,1324.6815382600762
581,18l_1024d,dolma_sample,2027,rlb_fused_global_rational,GRAIN,adafactor_came,CAME,rlb_came,GRAIN + CAME,1450,5.371918201446533,215.27541351446027,1371.9945413100068
581,18l_1024d,dolma_sample,2027,rlb_fused_global_rational,GRAIN,adafactor_came,CAME,rlb_came,GRAIN + CAME,1500,5.353299140930176,211.30427174909457,1419.1532191250008
581,18l_1024d,dolma_sample,2027,rlb_fused_global_rational,GRAIN,adafactor_came,CAME,rlb_came,GRAIN + CAME,1550,5.337480068206787,207.98793395912548,1466.5698328299914
581,18l_1024d,dolma_sample,2027,rlb_fused_global_rational,GRAIN,adafactor_came,CAME,rlb_came,GRAIN + CAME,1600,5.319086074829102,204.19717574945213,1513.7257669360843
581,18l_1024d,dolma_sample,2027,rlb_fused_global_rational,GRAIN,adafactor_came,CAME,rlb_came,GRAIN + CAME,1650,5.304427623748779,201.22579258034926,1561.0565161940176
581,18l_1024d,dolma_sample,2027,rlb_fused_global_rational,GRAIN,adafactor_came,CAME,rlb_came,GRAIN + CAME,1700,5.2869181632995605,197.7331042997158,1608.223754174076
581,18l_1024d,dolma_sample,2027,rlb_fused_global_rational,GRAIN,adafactor_came,CAME,rlb_came,GRAIN + CAME,1750,5.270691871643066,194.55051987963722,1655.5501358220354
581,18l_1024d,dolma_sample,2027,rlb_fused_global_rational,GRAIN,adafactor_came,CAME,rlb_came,GRAIN + CAME,1800,5.259505271911621,192.38628884861234,1702.7221637519542
581,18l_1024d,dolma_sample,2027,rlb_fused_global_rational,GRAIN,adafactor_came,CAME,rlb_came,GRAIN + CAME,1850,5.247339725494385,190.05998359995434,1750.0520963999443
581,18l_1024d,dolma_sample,2027,rlb_fused_global_rational,GRAIN,adafactor_came,CAME,rlb_came,GRAIN + CAME,1900,5.232637405395508,187.28610209623238,1797.3304734020494
581,18l_1024d,dolma_sample,2027,rlb_fused_global_rational,GRAIN,adafactor_came,CAME,rlb_came,GRAIN + CAME,1950,5.219310760498047,184.80676404226315,1844.655258848099
581,18l_1024d,dolma_sample,2027,rlb_fused_global_rational,GRAIN,adafactor_came,CAME,rlb_came,GRAIN + CAME,2000,5.207037925720215,182.55252242369667,1891.821283587953
581,18l_1024d,dolma_sample,2027,rlb_fused_global_rational,GRAIN,adafactor_came,CAME,rlb_came,GRAIN + CAME,2050,5.19765043258667,180.84683048477586,1939.1414357100148
581,18l_1024d,dolma_sample,2027,rlb_fused_global_rational,GRAIN,adafactor_came,CAME,rlb_came,GRAIN + CAME,2100,5.18550968170166,178.66448860802498,1986.3040830779355
581,18l_1024d,dolma_sample,2027,rlb_fused_global_rational,GRAIN,adafactor_came,CAME,rlb_came,GRAIN + CAME,2150,5.177468776702881,177.23362485771742,2033.6186386309564
581,18l_1024d,dolma_sample,2027,rlb_fused_global_rational,GRAIN,adafactor_came,CAME,rlb_came,GRAIN + CAME,2200,5.166892051696777,175.36895199474301,2080.784018256003
581,18l_1024d,dolma_sample,2027,rlb_fused_global_rational,GRAIN,adafactor_came,CAME,rlb_came,GRAIN + CAME,2250,5.155529022216797,173.38750834468775,2128.221251276089
581,18l_1024d,dolma_sample,2027,rlb_fused_global_rational,GRAIN,adafactor_came,CAME,rlb_came,GRAIN + CAME,2300,5.151490211486816,172.6886412614705,2175.388713805005
581,18l_1024d,dolma_sample,2027,rlb_fused_global_rational,GRAIN,adafactor_came,CAME,rlb_came,GRAIN + CAME,2350,5.142749309539795,171.18576459833932,2222.7114578271285
581,18l_1024d,dolma_sample,2027,rlb_fused_global_rational,GRAIN,adafactor_came,CAME,rlb_came,GRAIN + CAME,2400,5.135842800140381,170.00754189260985,2269.8796513481066
581,18l_1024d,dolma_sample,2027,rlb_fused_global_rational,GRAIN,adafactor_came,CAME,rlb_came,GRAIN + CAME,2450,5.127860069274902,168.65581983535972,2317.2046602780465
581,18l_1024d,dolma_sample,2027,rlb_fused_global_rational,GRAIN,adafactor_came,CAME,rlb_came,GRAIN + CAME,2500,5.122284889221191,167.7181495418007,2364.3764044300187
581,18l_1024d,dolma_sample,2027,rlb_fused_global_rational,GRAIN,adafactor_came,CAME,rlb_came,GRAIN + CAME,2550,5.1202192306518555,167.37205868480132,2411.6999655240215
581,18l_1024d,dolma_sample,2027,rlb_fused_global_rational,GRAIN,adafactor_came,CAME,rlb_came,GRAIN + CAME,2600,5.113895893096924,166.3170477708865,2458.8676662049256
581,18l_1024d,dolma_sample,2027,rlb_fused_global_rational,GRAIN,adafactor_came,CAME,rlb_came,GRAIN + CAME,2650,5.106800079345703,165.14107016952684,2506.1892054129858
581,18l_1024d,dolma_sample,2027,rlb_fused_global_rational,GRAIN,adafactor_came,CAME,rlb_came,GRAIN + CAME,2700,5.101641654968262,164.29139582198664,2553.3538721599616
581,18l_1024d,dolma_sample,2027,rlb_fused_global_rational,GRAIN,adafactor_came,CAME,rlb_came,GRAIN + CAME,2750,5.098696708679199,163.80827821240302,2600.67859567306
581,18l_1024d,dolma_sample,2027,rlb_fused_global_rational,GRAIN,adafactor_came,CAME,rlb_came,GRAIN + CAME,2800,5.094120979309082,163.06044810161387,2647.899416628992
581,18l_1024d,dolma_sample,2027,rlb_fused_global_rational,GRAIN,adafactor_came,CAME,rlb_came,GRAIN + CAME,2850,5.0915751457214355,162.6458513071685,2695.2258569109254
581,18l_1024d,dolma_sample,2027,rlb_fused_global_rational,GRAIN,adafactor_came,CAME,rlb_came,GRAIN + CAME,2900,5.088127613067627,162.08608987610592,2742.3950287159532
581,18l_1024d,dolma_sample,2027,rlb_fused_global_rational,GRAIN,adafactor_came,CAME,rlb_came,GRAIN + CAME,2950,5.0849103927612305,161.56546115408455,2789.83815003396
581,18l_1024d,dolma_sample,2027,rlb_fused_global_rational,GRAIN,adafactor_came,CAME,rlb_came,GRAIN + CAME,3000,5.082304954528809,161.14506022669698,2837.019029543968
581,18l_1024d,dolma_sample,2027,rlb_fused_global_rational,GRAIN,adafactor_came,CAME,rlb_came,GRAIN + CAME,3050,5.079980373382568,160.77090050868387,2884.349489347078
580,18l_1024d,dolma_sample,2027,silu,SwiGLU,adafactor_came,CAME,silu_came,SwiGLU + CAME,1,11.023040771484375,61269.703807117556,1.7169064420741051
580,18l_1024d,dolma_sample,2027,silu,SwiGLU,adafactor_came,CAME,silu_came,SwiGLU + CAME,50,8.944302558898926,7664.101466270096,38.600108491024
580,18l_1024d,dolma_sample,2027,silu,SwiGLU,adafactor_came,CAME,silu_came,SwiGLU + CAME,100,7.70394229888916,2217.0711430593637,76.14927182998508
580,18l_1024d,dolma_sample,2027,silu,SwiGLU,adafactor_came,CAME,silu_came,SwiGLU + CAME,150,7.245563983917236,1401.8723064999117,113.7226962200366
580,18l_1024d,dolma_sample,2027,silu,SwiGLU,adafactor_came,CAME,silu_came,SwiGLU + CAME,200,6.9178924560546875,1010.1887323129866,151.31639755517244
580,18l_1024d,dolma_sample,2027,silu,SwiGLU,adafactor_came,CAME,silu_came,SwiGLU + CAME,250,6.703492164611816,815.2478395433944,189.15463719307445
580,18l_1024d,dolma_sample,2027,silu,SwiGLU,adafactor_came,CAME,silu_came,SwiGLU + CAME,300,6.535577297210693,689.2315609528513,226.7602800570894
580,18l_1024d,dolma_sample,2027,silu,SwiGLU,adafactor_came,CAME,silu_came,SwiGLU + CAME,350,6.393350601196289,597.8564058958531,264.358774516033
580,18l_1024d,dolma_sample,2027,silu,SwiGLU,adafactor_came,CAME,silu_came,SwiGLU + CAME,400,6.2785325050354,533.0059061361958,301.9495713310316
580,18l_1024d,dolma_sample,2027,silu,SwiGLU,adafactor_came,CAME,silu_came,SwiGLU + CAME,450,6.176037788391113,481.0820262885467,339.5562636360992
580,18l_1024d,dolma_sample,2027,silu,SwiGLU,adafactor_came,CAME,silu_came,SwiGLU + CAME,500,6.089272975921631,441.10060378282924,377.1905766951386
580,18l_1024d,dolma_sample,2027,silu,SwiGLU,adafactor_came,CAME,silu_came,SwiGLU + CAME,550,6.017029762268066,410.3579231932201,414.79638527613133
580,18l_1024d,dolma_sample,2027,silu,SwiGLU,adafactor_came,CAME,silu_came,SwiGLU + CAME,600,5.949887752532959,383.7102661382921,452.39940739097074
580,18l_1024d,dolma_sample,2027,silu,SwiGLU,adafactor_came,CAME,silu_came,SwiGLU + CAME,650,5.890800476074219,361.6946964738,490.00668790214695
580,18l_1024d,dolma_sample,2027,silu,SwiGLU,adafactor_came,CAME,silu_came,SwiGLU + CAME,700,5.836909770965576,342.71862353855033,527.6150768049993
580,18l_1024d,dolma_sample,2027,silu,SwiGLU,adafactor_came,CAME,silu_came,SwiGLU + CAME,750,5.790780067443848,327.26821611044244,565.2141330370214
580,18l_1024d,dolma_sample,2027,silu,SwiGLU,adafactor_came,CAME,silu_came,SwiGLU + CAME,800,5.744832992553711,312.5714217158471,602.8334155960474
580,18l_1024d,dolma_sample,2027,silu,SwiGLU,adafactor_came,CAME,silu_came,SwiGLU + CAME,850,5.700514793395996,299.02129553991284,640.5376329650171
580,18l_1024d,dolma_sample,2027,silu,SwiGLU,adafactor_came,CAME,silu_came,SwiGLU + CAME,900,5.666401386260986,288.99268785743794,678.1962667789776
580,18l_1024d,dolma_sample,2027,silu,SwiGLU,adafactor_came,CAME,silu_came,SwiGLU + CAME,950,5.625327110290527,277.3629979765227,715.8041653281543
580,18l_1024d,dolma_sample,2027,silu,SwiGLU,adafactor_came,CAME,silu_came,SwiGLU + CAME,1000,5.593968868255615,268.8003385824729,753.4139898151625
580,18l_1024d,dolma_sample,2027,silu,SwiGLU,adafactor_came,CAME,silu_came,SwiGLU + CAME,1050,5.565240859985352,261.18810589751473,791.0188145490829
580,18l_1024d,dolma_sample,2027,silu,SwiGLU,adafactor_came,CAME,silu_came,SwiGLU + CAME,1100,5.535479545593262,253.52933736693794,828.6235629741568
580,18l_1024d,dolma_sample,2027,silu,SwiGLU,adafactor_came,CAME,silu_came,SwiGLU + CAME,1150,5.506174564361572,246.20747243387805,866.2276250531431
580,18l_1024d,dolma_sample,2027,silu,SwiGLU,adafactor_came,CAME,silu_came,SwiGLU + CAME,1200,5.477949619293213,239.35543413356777,903.8315879141446
580,18l_1024d,dolma_sample,2027,silu,SwiGLU,adafactor_came,CAME,silu_came,SwiGLU + CAME,1250,5.459859371185303,235.06436521770055,941.5547760471236
580,18l_1024d,dolma_sample,2027,silu,SwiGLU,adafactor_came,CAME,silu_came,SwiGLU + CAME,1300,5.4316887855529785,228.5348660972609,979.1643949381541
580,18l_1024d,dolma_sample,2027,silu,SwiGLU,adafactor_came,CAME,silu_came,SwiGLU + CAME,1350,5.412404537200928,224.16996516737484,1016.7715886321384
580,18l_1024d,dolma_sample,2027,silu,SwiGLU,adafactor_came,CAME,silu_came,SwiGLU + CAME,1400,5.392707824707031,219.79775425717744,1054.385992237134
580,18l_1024d,dolma_sample,2027,silu,SwiGLU,adafactor_came,CAME,silu_came,SwiGLU + CAME,1450,5.372542381286621,215.40982603207053,1091.9897396820597
580,18l_1024d,dolma_sample,2027,silu,SwiGLU,adafactor_came,CAME,silu_came,SwiGLU + CAME,1500,5.353254795074463,211.29490148811573,1129.5966898570769
580,18l_1024d,dolma_sample,2027,silu,SwiGLU,adafactor_came,CAME,silu_came,SwiGLU + CAME,1550,5.3355488777160645,207.5866572344893,1167.2052030139603
580,18l_1024d,dolma_sample,2027,silu,SwiGLU,adafactor_came,CAME,silu_came,SwiGLU + CAME,1600,5.321792125701904,204.75049200843767,1204.816191056976
580,18l_1024d,dolma_sample,2027,silu,SwiGLU,adafactor_came,CAME,silu_came,SwiGLU + CAME,1650,5.307005882263184,201.7452740844253,1242.5428205281496
580,18l_1024d,dolma_sample,2027,silu,SwiGLU,adafactor_came,CAME,silu_came,SwiGLU + CAME,1700,5.289648532867432,198.27372646355056,1280.1529997519683
580,18l_1024d,dolma_sample,2027,silu,SwiGLU,adafactor_came,CAME,silu_came,SwiGLU + CAME,1750,5.273311614990234,195.06086049862606,1317.764481471153
580,18l_1024d,dolma_sample,2027,silu,SwiGLU,adafactor_came,CAME,silu_came,SwiGLU + CAME,1800,5.262833118438721,193.0275873715083,1355.3838383520488
580,18l_1024d,dolma_sample,2027,silu,SwiGLU,adafactor_came,CAME,silu_came,SwiGLU + CAME,1850,5.253010272979736,191.1407892457745,1392.9975261371583
580,18l_1024d,dolma_sample,2027,silu,SwiGLU,adafactor_came,CAME,silu_came,SwiGLU + CAME,1900,5.237232685089111,188.14871457293546,1430.608950827038
580,18l_1024d,dolma_sample,2027,silu,SwiGLU,adafactor_came,CAME,silu_came,SwiGLU + CAME,1950,5.224966049194336,185.8548604965889,1468.2324676120188
580,18l_1024d,dolma_sample,2027,silu,SwiGLU,adafactor_came,CAME,silu_came,SwiGLU + CAME,2000,5.212751865386963,183.5986022953454,1505.8422866910696
580,18l_1024d,dolma_sample,2027,silu,SwiGLU,adafactor_came,CAME,silu_came,SwiGLU + CAME,2050,5.204785346984863,182.1417712919158,1543.4428836831357
580,18l_1024d,dolma_sample,2027,silu,SwiGLU,adafactor_came,CAME,silu_came,SwiGLU + CAME,2100,5.19459342956543,180.2948253481736,1581.1471871051472
580,18l_1024d,dolma_sample,2027,silu,SwiGLU,adafactor_came,CAME,silu_came,SwiGLU + CAME,2150,5.184847831726074,178.54627864354785,1618.7499965459574
580,18l_1024d,dolma_sample,2027,silu,SwiGLU,adafactor_came,CAME,silu_came,SwiGLU + CAME,2200,5.175838470458984,176.94491517902614,1656.3554649581201
580,18l_1024d,dolma_sample,2027,silu,SwiGLU,adafactor_came,CAME,silu_came,SwiGLU + CAME,2250,5.166432857513428,175.28844207830426,1693.9533798829652
580,18l_1024d,dolma_sample,2027,silu,SwiGLU,adafactor_came,CAME,silu_came,SwiGLU + CAME,2300,5.161147594451904,174.3644404969104,1731.555191253079
580,18l_1024d,dolma_sample,2027,silu,SwiGLU,adafactor_came,CAME,silu_came,SwiGLU + CAME,2350,5.152792930603027,172.91375265221438,1769.1645546900108
580,18l_1024d,dolma_sample,2027,silu,SwiGLU,adafactor_came,CAME,silu_came,SwiGLU + CAME,2400,5.146066665649414,171.75459171981808,1806.7565913600847
580,18l_1024d,dolma_sample,2027,silu,SwiGLU,adafactor_came,CAME,silu_came,SwiGLU + CAME,2450,5.139355182647705,170.60572331487674,1844.3479459250811
580,18l_1024d,dolma_sample,2027,silu,SwiGLU,adafactor_came,CAME,silu_came,SwiGLU + CAME,2500,5.134799957275391,169.8303431518328,1882.0468364071567
580,18l_1024d,dolma_sample,2027,silu,SwiGLU,adafactor_came,CAME,silu_came,SwiGLU + CAME,2550,5.130723476409912,169.13944218664392,1919.6464070579968
580,18l_1024d,dolma_sample,2027,silu,SwiGLU,adafactor_came,CAME,silu_came,SwiGLU + CAME,2600,5.124839782714844,168.1471994058009,1957.2387030289974
580,18l_1024d,dolma_sample,2027,silu,SwiGLU,adafactor_came,CAME,silu_came,SwiGLU + CAME,2650,5.119173049926758,167.19704882501864,1994.835317102028
580,18l_1024d,dolma_sample,2027,silu,SwiGLU,adafactor_came,CAME,silu_came,SwiGLU + CAME,2700,5.114248752593994,166.37574467598833,2032.4266170901246
580,18l_1024d,dolma_sample,2027,silu,SwiGLU,adafactor_came,CAME,silu_came,SwiGLU + CAME,2750,5.109079837799072,165.51798139027173,2070.024093053071
580,18l_1024d,dolma_sample,2027,silu,SwiGLU,adafactor_came,CAME,silu_came,SwiGLU + CAME,2800,5.105842113494873,164.9829464144062,2107.6228378361557
580,18l_1024d,dolma_sample,2027,silu,SwiGLU,adafactor_came,CAME,silu_came,SwiGLU + CAME,2850,5.1036272048950195,164.61792865727438,2145.2085037091747
580,18l_1024d,dolma_sample,2027,silu,SwiGLU,adafactor_came,CAME,silu_came,SwiGLU + CAME,2900,5.100439071655273,164.09394048294823,2182.7998719490133
580,18l_1024d,dolma_sample,2027,silu,SwiGLU,adafactor_came,CAME,silu_came,SwiGLU + CAME,2950,5.096602439880371,163.46557862413619,2220.496356996009
580,18l_1024d,dolma_sample,2027,silu,SwiGLU,adafactor_came,CAME,silu_came,SwiGLU + CAME,3000,5.094287395477295,163.0875862546251,2258.094007583102
580,18l_1024d,dolma_sample,2027,silu,SwiGLU,adafactor_came,CAME,silu_came,SwiGLU + CAME,3050,5.092169761657715,162.7425918812186,2295.697732975008
595,18l_1024d,dolma_sample,3407,rlb_fused_global_rational,GRAIN,adafactor_came,CAME,rlb_came,GRAIN + CAME,1,11.057653427124023,63427.539756340055,2.248724749078974
595,18l_1024d,dolma_sample,3407,rlb_fused_global_rational,GRAIN,adafactor_came,CAME,rlb_came,GRAIN + CAME,50,8.821036338806152,6775.282476358259,48.68293651007116
595,18l_1024d,dolma_sample,3407,rlb_fused_global_rational,GRAIN,adafactor_came,CAME,rlb_came,GRAIN + CAME,100,7.5300612449646,1863.2196128813998,95.95846119709313
595,18l_1024d,dolma_sample,3407,rlb_fused_global_rational,GRAIN,adafactor_came,CAME,rlb_came,GRAIN + CAME,150,7.098445415496826,1210.0844330020102,143.3410574819427
595,18l_1024d,dolma_sample,3407,rlb_fused_global_rational,GRAIN,adafactor_came,CAME,rlb_came,GRAIN + CAME,200,6.8090009689331055,905.9652672442353,190.57411870593205
595,18l_1024d,dolma_sample,3407,rlb_fused_global_rational,GRAIN,adafactor_came,CAME,rlb_came,GRAIN + CAME,250,6.607277870178223,740.4646319509666,237.95662391604856
595,18l_1024d,dolma_sample,3407,rlb_fused_global_rational,GRAIN,adafactor_came,CAME,rlb_came,GRAIN + CAME,300,6.460882186889648,639.6250766043041,285.18058615992777
595,18l_1024d,dolma_sample,3407,rlb_fused_global_rational,GRAIN,adafactor_came,CAME,rlb_came,GRAIN + CAME,350,6.33016300201416,561.248070963322,332.5464121969417
595,18l_1024d,dolma_sample,3407,rlb_fused_global_rational,GRAIN,adafactor_came,CAME,rlb_came,GRAIN + CAME,400,6.228097438812256,506.7903660086894,379.8183328709565
595,18l_1024d,dolma_sample,3407,rlb_fused_global_rational,GRAIN,adafactor_came,CAME,rlb_came,GRAIN + CAME,450,6.137692928314209,462.9842000371469,427.29941176599823
595,18l_1024d,dolma_sample,3407,rlb_fused_global_rational,GRAIN,adafactor_came,CAME,rlb_came,GRAIN + CAME,500,6.059791088104248,428.2859534820755,474.5147795290686
595,18l_1024d,dolma_sample,3407,rlb_fused_global_rational,GRAIN,adafactor_came,CAME,rlb_came,GRAIN + CAME,550,5.997896194458008,402.58094992289915,521.8964907170739
595,18l_1024d,dolma_sample,3407,rlb_fused_global_rational,GRAIN,adafactor_came,CAME,rlb_came,GRAIN + CAME,600,5.93414306640625,377.716179763538,569.126643653959
595,18l_1024d,dolma_sample,3407,rlb_fused_global_rational,GRAIN,adafactor_came,CAME,rlb_came,GRAIN + CAME,650,5.875802993774414,356.3106610697378,616.50480693602
595,18l_1024d,dolma_sample,3407,rlb_fused_global_rational,GRAIN,adafactor_came,CAME,rlb_came,GRAIN + CAME,700,5.821593284606934,337.5093739545197,663.7103324579075
595,18l_1024d,dolma_sample,3407,rlb_fused_global_rational,GRAIN,adafactor_came,CAME,rlb_came,GRAIN + CAME,750,5.770075798034668,320.5620296983507,711.1946328370832
595,18l_1024d,dolma_sample,3407,rlb_fused_global_rational,GRAIN,adafactor_came,CAME,rlb_came,GRAIN + CAME,800,5.728448390960693,307.49179100166754,758.4255970269442
595,18l_1024d,dolma_sample,3407,rlb_fused_global_rational,GRAIN,adafactor_came,CAME,rlb_came,GRAIN + CAME,850,5.689963340759277,295.88277360383984,805.7921314060222
595,18l_1024d,dolma_sample,3407,rlb_fused_global_rational,GRAIN,adafactor_came,CAME,rlb_came,GRAIN + CAME,900,5.646115303039551,283.1892219586009,853.0075675700791
595,18l_1024d,dolma_sample,3407,rlb_fused_global_rational,GRAIN,adafactor_came,CAME,rlb_came,GRAIN + CAME,950,5.611896514892578,273.66275164896433,900.3774801620748
595,18l_1024d,dolma_sample,3407,rlb_fused_global_rational,GRAIN,adafactor_came,CAME,rlb_came,GRAIN + CAME,1000,5.580889701843262,265.3075454248934,947.5849979999475
595,18l_1024d,dolma_sample,3407,rlb_fused_global_rational,GRAIN,adafactor_came,CAME,rlb_came,GRAIN + CAME,1050,5.549028396606445,256.9877444020115,994.9620290489402
595,18l_1024d,dolma_sample,3407,rlb_fused_global_rational,GRAIN,adafactor_came,CAME,rlb_came,GRAIN + CAME,1100,5.517457485198975,249.00114259745402,1042.1722732291091
595,18l_1024d,dolma_sample,3407,rlb_fused_global_rational,GRAIN,adafactor_came,CAME,rlb_came,GRAIN + CAME,1150,5.490848064422607,242.46274371814116,1089.5456137859728
595,18l_1024d,dolma_sample,3407,rlb_fused_global_rational,GRAIN,adafactor_came,CAME,rlb_came,GRAIN + CAME,1200,5.459903717041016,235.07478957926065,1136.7651961909141
595,18l_1024d,dolma_sample,3407,rlb_fused_global_rational,GRAIN,adafactor_came,CAME,rlb_came,GRAIN + CAME,1250,5.438109397888184,230.00692056606312,1184.1362242000178
595,18l_1024d,dolma_sample,3407,rlb_fused_global_rational,GRAIN,adafactor_came,CAME,rlb_came,GRAIN + CAME,1300,5.417855262756348,225.39519027467858,1231.364240244031
595,18l_1024d,dolma_sample,3407,rlb_fused_global_rational,GRAIN,adafactor_came,CAME,rlb_came,GRAIN + CAME,1350,5.3951215744018555,220.32893182639157,1278.7435097880661
595,18l_1024d,dolma_sample,3407,rlb_fused_global_rational,GRAIN,adafactor_came,CAME,rlb_came,GRAIN + CAME,1400,5.37245512008667,215.39102993226672,1325.9694251050241
595,18l_1024d,dolma_sample,3407,rlb_fused_global_rational,GRAIN,adafactor_came,CAME,rlb_came,GRAIN + CAME,1450,5.354607582092285,211.5809319132834,1373.4505277960561
595,18l_1024d,dolma_sample,3407,rlb_fused_global_rational,GRAIN,adafactor_came,CAME,rlb_came,GRAIN + CAME,1500,5.336997032165527,207.88749255123906,1420.6864923951216
595,18l_1024d,dolma_sample,3407,rlb_fused_global_rational,GRAIN,adafactor_came,CAME,rlb_came,GRAIN + CAME,1550,5.320250034332275,204.43499136971315,1468.064460475929
595,18l_1024d,dolma_sample,3407,rlb_fused_global_rational,GRAIN,adafactor_came,CAME,rlb_came,GRAIN + CAME,1600,5.304965019226074,201.33395947279325,1515.275421964936
595,18l_1024d,dolma_sample,3407,rlb_fused_global_rational,GRAIN,adafactor_came,CAME,rlb_came,GRAIN + CAME,1650,5.285423278808594,197.43773697376906,1562.6514607178979
595,18l_1024d,dolma_sample,3407,rlb_fused_global_rational,GRAIN,adafactor_came,CAME,rlb_came,GRAIN + CAME,1700,5.270268440246582,194.46815851974122,1609.8678036369383
595,18l_1024d,dolma_sample,3407,rlb_fused_global_rational,GRAIN,adafactor_came,CAME,rlb_came,GRAIN + CAME,1750,5.257966041564941,192.0903898213337,1657.2361322599463
595,18l_1024d,dolma_sample,3407,rlb_fused_global_rational,GRAIN,adafactor_came,CAME,rlb_came,GRAIN + CAME,1800,5.2429070472717285,189.21937330353313,1704.5668879160658
595,18l_1024d,dolma_sample,3407,rlb_fused_global_rational,GRAIN,adafactor_came,CAME,rlb_came,GRAIN + CAME,1850,5.231353282928467,187.0457581533212,1751.9416248549242
595,18l_1024d,dolma_sample,3407,rlb_fused_global_rational,GRAIN,adafactor_came,CAME,rlb_came,GRAIN + CAME,1900,5.221982955932617,185.3012642397462,1799.1501211940777
595,18l_1024d,dolma_sample,3407,rlb_fused_global_rational,GRAIN,adafactor_came,CAME,rlb_came,GRAIN + CAME,1950,5.2105889320373535,183.2019199089298,1846.522740026936
595,18l_1024d,dolma_sample,3407,rlb_fused_global_rational,GRAIN,adafactor_came,CAME,rlb_came,GRAIN + CAME,2000,5.198780059814453,181.05123541750245,1893.7422612789087
595,18l_1024d,dolma_sample,3407,rlb_fused_global_rational,GRAIN,adafactor_came,CAME,rlb_came,GRAIN + CAME,2050,5.187479019165039,179.0166859627118,1941.1334554480854
595,18l_1024d,dolma_sample,3407,rlb_fused_global_rational,GRAIN,adafactor_came,CAME,rlb_came,GRAIN + CAME,2100,5.17830228805542,177.38141267894517,1988.3647351451218
595,18l_1024d,dolma_sample,3407,rlb_fused_global_rational,GRAIN,adafactor_came,CAME,rlb_came,GRAIN + CAME,2150,5.167514801025391,175.47819690442384,2035.8753752938937
595,18l_1024d,dolma_sample,3407,rlb_fused_global_rational,GRAIN,adafactor_came,CAME,rlb_came,GRAIN + CAME,2200,5.158952713012695,173.98215091643144,2083.101636372041
595,18l_1024d,dolma_sample,3407,rlb_fused_global_rational,GRAIN,adafactor_came,CAME,rlb_came,GRAIN + CAME,2250,5.148120880126953,172.10777512174462,2130.4837237910833
595,18l_1024d,dolma_sample,3407,rlb_fused_global_rational,GRAIN,adafactor_came,CAME,rlb_came,GRAIN + CAME,2300,5.143644332885742,171.33904844022464,2177.7067561401054
595,18l_1024d,dolma_sample,3407,rlb_fused_global_rational,GRAIN,adafactor_came,CAME,rlb_came,GRAIN + CAME,2350,5.135497093200684,169.94877926348627,2225.09687032504
595,18l_1024d,dolma_sample,3407,rlb_fused_global_rational,GRAIN,adafactor_came,CAME,rlb_came,GRAIN + CAME,2400,5.130295276641846,169.0670322208004,2272.315241130069
595,18l_1024d,dolma_sample,3407,rlb_fused_global_rational,GRAIN,adafactor_came,CAME,rlb_came,GRAIN + CAME,2450,5.122692108154297,167.78646145572787,2319.794414053904
595,18l_1024d,dolma_sample,3407,rlb_fused_global_rational,GRAIN,adafactor_came,CAME,rlb_came,GRAIN + CAME,2500,5.117640018463135,166.94092686022142,2367.080519614974
595,18l_1024d,dolma_sample,3407,rlb_fused_global_rational,GRAIN,adafactor_came,CAME,rlb_came,GRAIN + CAME,2550,5.112508773803711,166.08650611648707,2414.4479756879155
595,18l_1024d,dolma_sample,3407,rlb_fused_global_rational,GRAIN,adafactor_came,CAME,rlb_came,GRAIN + CAME,2600,5.107810974121094,165.3080948225145,2461.676440889947
595,18l_1024d,dolma_sample,3407,rlb_fused_global_rational,GRAIN,adafactor_came,CAME,rlb_came,GRAIN + CAME,2650,5.103079795837402,164.527839972012,2509.055508969119
595,18l_1024d,dolma_sample,3407,rlb_fused_global_rational,GRAIN,adafactor_came,CAME,rlb_came,GRAIN + CAME,2700,5.099433898925781,163.9290805991104,2556.2778598470613
595,18l_1024d,dolma_sample,3407,rlb_fused_global_rational,GRAIN,adafactor_came,CAME,rlb_came,GRAIN + CAME,2750,5.094996929168701,163.2033434536829,2603.8575405960437
595,18l_1024d,dolma_sample,3407,rlb_fused_global_rational,GRAIN,adafactor_came,CAME,rlb_came,GRAIN + CAME,2800,5.091576099395752,162.64600641841352,2651.1670313559007
595,18l_1024d,dolma_sample,3407,rlb_fused_global_rational,GRAIN,adafactor_came,CAME,rlb_came,GRAIN + CAME,2850,5.087669849395752,162.01190973222722,2698.656509655062
595,18l_1024d,dolma_sample,3407,rlb_fused_global_rational,GRAIN,adafactor_came,CAME,rlb_came,GRAIN + CAME,2900,5.084036350250244,161.42430776874463,2745.8758636459243
595,18l_1024d,dolma_sample,3407,rlb_fused_global_rational,GRAIN,adafactor_came,CAME,rlb_came,GRAIN + CAME,2950,5.0818190574646,161.06677933478898,2793.246372841997
595,18l_1024d,dolma_sample,3407,rlb_fused_global_rational,GRAIN,adafactor_came,CAME,rlb_came,GRAIN + CAME,3000,5.078311443328857,160.50280889636412,2840.4487537280656
595,18l_1024d,dolma_sample,3407,rlb_fused_global_rational,GRAIN,adafactor_came,CAME,rlb_came,GRAIN + CAME,3050,5.076141357421875,160.1548816652778,2887.8435449879616
594,18l_1024d,dolma_sample,3407,silu,SwiGLU,adafactor_came,CAME,silu_came,SwiGLU + CAME,1,11.024788856506348,61376.9021272343,1.634186791954562
594,18l_1024d,dolma_sample,3407,silu,SwiGLU,adafactor_came,CAME,silu_came,SwiGLU + CAME,50,8.915525436401367,7446.693865266341,38.87807719805278
594,18l_1024d,dolma_sample,3407,silu,SwiGLU,adafactor_came,CAME,silu_came,SwiGLU + CAME,100,7.64986515045166,2100.3623374098534,77.57588882208802
594,18l_1024d,dolma_sample,3407,silu,SwiGLU,adafactor_came,CAME,silu_came,SwiGLU + CAME,150,7.226407527923584,1375.272989102209,116.54048667405732
594,18l_1024d,dolma_sample,3407,silu,SwiGLU,adafactor_came,CAME,silu_came,SwiGLU + CAME,200,6.905433654785156,997.6810686881164,155.5620216091629
594,18l_1024d,dolma_sample,3407,silu,SwiGLU,adafactor_came,CAME,silu_came,SwiGLU + CAME,250,6.689493179321289,803.9147082788007,194.66118707996793
594,18l_1024d,dolma_sample,3407,silu,SwiGLU,adafactor_came,CAME,silu_came,SwiGLU + CAME,300,6.5231170654296875,680.6968585602635,233.79415919608437
594,18l_1024d,dolma_sample,3407,silu,SwiGLU,adafactor_came,CAME,silu_came,SwiGLU + CAME,350,6.36279296875,579.8636378539009,272.8584441039711
594,18l_1024d,dolma_sample,3407,silu,SwiGLU,adafactor_came,CAME,silu_came,SwiGLU + CAME,400,6.249205589294434,517.601473147464,311.72640696610324
594,18l_1024d,dolma_sample,3407,silu,SwiGLU,adafactor_came,CAME,silu_came,SwiGLU + CAME,450,6.150639057159424,469.01701971527467,350.492375300033
594,18l_1024d,dolma_sample,3407,silu,SwiGLU,adafactor_came,CAME,silu_came,SwiGLU + CAME,500,6.062605381011963,429.4929732603772,389.14526911708526
594,18l_1024d,dolma_sample,3407,silu,SwiGLU,adafactor_came,CAME,silu_came,SwiGLU + CAME,550,5.988205432891846,398.6984763726699,427.684365388006
594,18l_1024d,dolma_sample,3407,silu,SwiGLU,adafactor_came,CAME,silu_came,SwiGLU + CAME,600,5.9214324951171875,372.9455741226995,466.2524977300782
594,18l_1024d,dolma_sample,3407,silu,SwiGLU,adafactor_came,CAME,silu_came,SwiGLU + CAME,650,5.859701633453369,350.6195152778766,504.7992064380087
594,18l_1024d,dolma_sample,3407,silu,SwiGLU,adafactor_came,CAME,silu_came,SwiGLU + CAME,700,5.804978847503662,331.94817173679775,543.2991164589766
594,18l_1024d,dolma_sample,3407,silu,SwiGLU,adafactor_came,CAME,silu_came,SwiGLU + CAME,750,5.754673957824707,315.6626114198754,581.8233290051576
594,18l_1024d,dolma_sample,3407,silu,SwiGLU,adafactor_came,CAME,silu_came,SwiGLU + CAME,800,5.715083122253418,303.40942233615453,620.4515029310714
594,18l_1024d,dolma_sample,3407,silu,SwiGLU,adafactor_came,CAME,silu_came,SwiGLU + CAME,850,5.679610252380371,292.83527582665516,658.946156630991
594,18l_1024d,dolma_sample,3407,silu,SwiGLU,adafactor_came,CAME,silu_came,SwiGLU + CAME,900,5.640778064727783,281.68179990742675,697.4779878021218
594,18l_1024d,dolma_sample,3407,silu,SwiGLU,adafactor_came,CAME,silu_came,SwiGLU + CAME,950,5.605103015899658,271.80992473603044,736.0155808560085
594,18l_1024d,dolma_sample,3407,silu,SwiGLU,adafactor_came,CAME,silu_came,SwiGLU + CAME,1000,5.5774054527282715,264.384756391537,774.5250418779906
594,18l_1024d,dolma_sample,3407,silu,SwiGLU,adafactor_came,CAME,silu_came,SwiGLU + CAME,1050,5.545272350311279,256.02429704586694,813.096833530115
594,18l_1024d,dolma_sample,3407,silu,SwiGLU,adafactor_came,CAME,silu_came,SwiGLU + CAME,1100,5.5121636390686035,247.68645181793258,851.7490153291728
594,18l_1024d,dolma_sample,3407,silu,SwiGLU,adafactor_came,CAME,silu_came,SwiGLU + CAME,1150,5.4862494468688965,241.35031007760313,890.4092667100485
594,18l_1024d,dolma_sample,3407,silu,SwiGLU,adafactor_came,CAME,silu_came,SwiGLU + CAME,1200,5.460536003112793,235.2234710942097,929.3345845460426
594,18l_1024d,dolma_sample,3407,silu,SwiGLU,adafactor_came,CAME,silu_came,SwiGLU + CAME,1250,5.4367289543151855,229.68962804342112,968.2255001920275
594,18l_1024d,dolma_sample,3407,silu,SwiGLU,adafactor_came,CAME,silu_came,SwiGLU + CAME,1300,5.415951728820801,224.9665509752371,1007.160267757019
594,18l_1024d,dolma_sample,3407,silu,SwiGLU,adafactor_came,CAME,silu_came,SwiGLU + CAME,1350,5.393150329589844,219.89503735920388,1046.2247092050966
594,18l_1024d,dolma_sample,3407,silu,SwiGLU,adafactor_came,CAME,silu_came,SwiGLU + CAME,1400,5.372209548950195,215.33814260632596,1085.2933392790146
594,18l_1024d,dolma_sample,3407,silu,SwiGLU,adafactor_came,CAME,silu_came,SwiGLU + CAME,1450,5.354389190673828,211.53472949873344,1124.3534915230703
594,18l_1024d,dolma_sample,3407,silu,SwiGLU,adafactor_came,CAME,silu_came,SwiGLU + CAME,1500,5.337281227111816,207.94658152201455,1163.4329703161493
594,18l_1024d,dolma_sample,3407,silu,SwiGLU,adafactor_came,CAME,silu_came,SwiGLU + CAME,1550,5.318553924560547,204.08854107508816,1202.357231317088
594,18l_1024d,dolma_sample,3407,silu,SwiGLU,adafactor_came,CAME,silu_came,SwiGLU + CAME,1600,5.301520347595215,200.64162321439423,1241.152878425084
594,18l_1024d,dolma_sample,3407,silu,SwiGLU,adafactor_came,CAME,silu_came,SwiGLU + CAME,1650,5.286843299865723,197.71830187463158,1279.850261796033
594,18l_1024d,dolma_sample,3407,silu,SwiGLU,adafactor_came,CAME,silu_came,SwiGLU + CAME,1700,5.271945953369141,194.79465518223097,1318.5007838781457
594,18l_1024d,dolma_sample,3407,silu,SwiGLU,adafactor_came,CAME,silu_came,SwiGLU + CAME,1750,5.258328437805176,192.16001527162882,1357.0600298070349
594,18l_1024d,dolma_sample,3407,silu,SwiGLU,adafactor_came,CAME,silu_came,SwiGLU + CAME,1800,5.245121002197266,189.63876054798774,1395.5635784461629
594,18l_1024d,dolma_sample,3407,silu,SwiGLU,adafactor_came,CAME,silu_came,SwiGLU + CAME,1850,5.233697891235352,187.48482170654754,1434.1039269249886
594,18l_1024d,dolma_sample,3407,silu,SwiGLU,adafactor_came,CAME,silu_came,SwiGLU + CAME,1900,5.223758697509766,185.63060372332083,1472.631536042085
594,18l_1024d,dolma_sample,3407,silu,SwiGLU,adafactor_came,CAME,silu_came,SwiGLU + CAME,1950,5.212830543518066,183.6130480585226,1511.1266656571534
594,18l_1024d,dolma_sample,3407,silu,SwiGLU,adafactor_came,CAME,silu_came,SwiGLU + CAME,2000,5.199620723724365,181.2035026507793,1549.6571604791097
594,18l_1024d,dolma_sample,3407,silu,SwiGLU,adafactor_came,CAME,silu_came,SwiGLU + CAME,2050,5.190289497375488,179.52051612813042,1588.2958954081405
594,18l_1024d,dolma_sample,3407,silu,SwiGLU,adafactor_came,CAME,silu_came,SwiGLU + CAME,2100,5.181088447570801,177.8763147075831,1626.7790868461598
594,18l_1024d,dolma_sample,3407,silu,SwiGLU,adafactor_came,CAME,silu_came,SwiGLU + CAME,2150,5.171363353729248,176.15483519749378,1665.3069266930688
594,18l_1024d,dolma_sample,3407,silu,SwiGLU,adafactor_came,CAME,silu_came,SwiGLU + CAME,2200,5.162030220031738,174.5184069496759,1703.8421210830566
594,18l_1024d,dolma_sample,3407,silu,SwiGLU,adafactor_came,CAME,silu_came,SwiGLU + CAME,2250,5.15257453918457,172.8759938957462,1742.3661960009485
594,18l_1024d,dolma_sample,3407,silu,SwiGLU,adafactor_came,CAME,silu_came,SwiGLU + CAME,2300,5.148921012878418,172.24553929686567,1781.008606723044
594,18l_1024d,dolma_sample,3407,silu,SwiGLU,adafactor_came,CAME,silu_came,SwiGLU + CAME,2350,5.140373229980469,170.77949645608462,1819.7091432390735
594,18l_1024d,dolma_sample,3407,silu,SwiGLU,adafactor_came,CAME,silu_came,SwiGLU + CAME,2400,5.133933067321777,169.6831827286979,1858.462818191154
594,18l_1024d,dolma_sample,3407,silu,SwiGLU,adafactor_came,CAME,silu_came,SwiGLU + CAME,2450,5.1262407302856445,168.3829299008228,1897.452264873078
594,18l_1024d,dolma_sample,3407,silu,SwiGLU,adafactor_came,CAME,silu_came,SwiGLU + CAME,2500,5.120931625366211,167.49133613600756,1936.3553633121774
594,18l_1024d,dolma_sample,3407,silu,SwiGLU,adafactor_came,CAME,silu_came,SwiGLU + CAME,2550,5.116919994354248,166.82076863172406,1975.3467983580194
594,18l_1024d,dolma_sample,3407,silu,SwiGLU,adafactor_came,CAME,silu_came,SwiGLU + CAME,2600,5.112152576446533,166.02735707693665,2014.4102505950723
594,18l_1024d,dolma_sample,3407,silu,SwiGLU,adafactor_came,CAME,silu_came,SwiGLU + CAME,2650,5.107012748718262,165.17619435209,2053.5647343720775
594,18l_1024d,dolma_sample,3407,silu,SwiGLU,adafactor_came,CAME,silu_came,SwiGLU + CAME,2700,5.103782653808594,164.6435203244859,2092.693971590139
594,18l_1024d,dolma_sample,3407,silu,SwiGLU,adafactor_came,CAME,silu_came,SwiGLU + CAME,2750,5.099627494812012,163.9608196669253,2131.7422443430405
594,18l_1024d,dolma_sample,3407,silu,SwiGLU,adafactor_came,CAME,silu_came,SwiGLU + CAME,2800,5.096681594848633,163.4785182489351,2170.596450909972
594,18l_1024d,dolma_sample,3407,silu,SwiGLU,adafactor_came,CAME,silu_came,SwiGLU + CAME,2850,5.093208312988281,162.91169621312162,2209.4316203091294
594,18l_1024d,dolma_sample,3407,silu,SwiGLU,adafactor_came,CAME,silu_came,SwiGLU + CAME,2900,5.089333534240723,162.28167082765515,2248.085497912951
594,18l_1024d,dolma_sample,3407,silu,SwiGLU,adafactor_came,CAME,silu_came,SwiGLU + CAME,2950,5.087664604187012,162.01105994817092,2286.707202936057
594,18l_1024d,dolma_sample,3407,silu,SwiGLU,adafactor_came,CAME,silu_came,SwiGLU + CAME,3000,5.084635257720947,161.52101494905614,2325.234652097104
594,18l_1024d,dolma_sample,3407,silu,SwiGLU,adafactor_came,CAME,silu_came,SwiGLU + CAME,3050,5.0823564529418945,161.15335915526427,2363.809008975979
525,18l_1024d,fineweb,1337,rlb_fused_global_rational,GRAIN,adafactor_came,CAME,rlb_came,GRAIN + CAME,1,11.066184997558594,63970.99123014843,2.293121769092977
525,18l_1024d,fineweb,1337,rlb_fused_global_rational,GRAIN,adafactor_came,CAME,rlb_came,GRAIN + CAME,50,8.779104232788086,6497.054717363797,48.806025630095974
525,18l_1024d,fineweb,1337,rlb_fused_global_rational,GRAIN,adafactor_came,CAME,rlb_came,GRAIN + CAME,100,7.513119697570801,1831.9196728419724,96.06712553207763
525,18l_1024d,fineweb,1337,rlb_fused_global_rational,GRAIN,adafactor_came,CAME,rlb_came,GRAIN + CAME,150,7.070896625518799,1177.2030715065482,143.51134003000334
525,18l_1024d,fineweb,1337,rlb_fused_global_rational,GRAIN,adafactor_came,CAME,rlb_came,GRAIN + CAME,200,6.784257888793945,883.823947855244,190.8469102261588
525,18l_1024d,fineweb,1337,rlb_fused_global_rational,GRAIN,adafactor_came,CAME,rlb_came,GRAIN + CAME,250,6.58711051940918,725.6809964336998,238.29974077711813
525,18l_1024d,fineweb,1337,rlb_fused_global_rational,GRAIN,adafactor_came,CAME,rlb_came,GRAIN + CAME,300,6.434884071350098,623.2103307433712,285.5754881890025
525,18l_1024d,fineweb,1337,rlb_fused_global_rational,GRAIN,adafactor_came,CAME,rlb_came,GRAIN + CAME,350,6.309168338775635,549.5876879258842,332.9982523531653
525,18l_1024d,fineweb,1337,rlb_fused_global_rational,GRAIN,adafactor_came,CAME,rlb_came,GRAIN + CAME,400,6.203368663787842,494.4117459188991,380.26752123003826
525,18l_1024d,fineweb,1337,rlb_fused_global_rational,GRAIN,adafactor_came,CAME,rlb_came,GRAIN + CAME,450,6.11027717590332,450.46355550836535,427.6897173351608
525,18l_1024d,fineweb,1337,rlb_fused_global_rational,GRAIN,adafactor_came,CAME,rlb_came,GRAIN + CAME,500,6.023571014404297,413.05097620178157,474.9532673661597
525,18l_1024d,fineweb,1337,rlb_fused_global_rational,GRAIN,adafactor_came,CAME,rlb_came,GRAIN + CAME,550,5.954008102416992,385.2945483459828,522.3771258241031
525,18l_1024d,fineweb,1337,rlb_fused_global_rational,GRAIN,adafactor_came,CAME,rlb_came,GRAIN + CAME,600,5.8899617195129395,361.3914498667715,569.6431878542062
525,18l_1024d,fineweb,1337,rlb_fused_global_rational,GRAIN,adafactor_came,CAME,rlb_came,GRAIN + CAME,650,5.828529357910156,339.85850115415946,617.0678553432226
525,18l_1024d,fineweb,1337,rlb_fused_global_rational,GRAIN,adafactor_came,CAME,rlb_came,GRAIN + CAME,700,5.776241302490234,322.5445616954367,664.3252406001557
525,18l_1024d,fineweb,1337,rlb_fused_global_rational,GRAIN,adafactor_came,CAME,rlb_came,GRAIN + CAME,750,5.728236198425293,307.42655046094274,711.7504957681522
525,18l_1024d,fineweb,1337,rlb_fused_global_rational,GRAIN,adafactor_came,CAME,rlb_came,GRAIN + CAME,800,5.683793544769287,294.06285728309285,759.0052914291155
525,18l_1024d,fineweb,1337,rlb_fused_global_rational,GRAIN,adafactor_came,CAME,rlb_came,GRAIN + CAME,850,5.647374629974365,283.54607442326164,806.4202019481454
525,18l_1024d,fineweb,1337,rlb_fused_global_rational,GRAIN,adafactor_came,CAME,rlb_came,GRAIN + CAME,900,5.610374927520752,273.24666649715004,853.6766324511264
525,18l_1024d,fineweb,1337,rlb_fused_global_rational,GRAIN,adafactor_came,CAME,rlb_came,GRAIN + CAME,950,5.565370559692383,261.22198411527967,901.0900255162269
525,18l_1024d,fineweb,1337,rlb_fused_global_rational,GRAIN,adafactor_came,CAME,rlb_came,GRAIN + CAME,1000,5.536004066467285,253.66235367843058,948.3499723840505
525,18l_1024d,fineweb,1337,rlb_fused_global_rational,GRAIN,adafactor_came,CAME,rlb_came,GRAIN + CAME,1050,5.507944583892822,246.64365037668696,995.7743849330582
525,18l_1024d,fineweb,1337,rlb_fused_global_rational,GRAIN,adafactor_came,CAME,rlb_came,GRAIN + CAME,1100,5.483202934265137,240.6161521944769,1043.0337868260685
525,18l_1024d,fineweb,1337,rlb_fused_global_rational,GRAIN,adafactor_came,CAME,rlb_came,GRAIN + CAME,1150,5.454716205596924,233.85849391949765,1090.4469588741194
525,18l_1024d,fineweb,1337,rlb_fused_global_rational,GRAIN,adafactor_came,CAME,rlb_came,GRAIN + CAME,1200,5.4296650886535645,228.0728484468521,1137.7088614951354
525,18l_1024d,fineweb,1337,rlb_fused_global_rational,GRAIN,adafactor_came,CAME,rlb_came,GRAIN + CAME,1250,5.400829315185547,221.59010806601992,1185.1336467610672
525,18l_1024d,fineweb,1337,rlb_fused_global_rational,GRAIN,adafactor_came,CAME,rlb_came,GRAIN + CAME,1300,5.381982803344727,217.45301481316875,1232.3903017172124
525,18l_1024d,fineweb,1337,rlb_fused_global_rational,GRAIN,adafactor_came,CAME,rlb_came,GRAIN + CAME,1350,5.36064338684082,212.86185491863756,1279.8051848181058
525,18l_1024d,fineweb,1337,rlb_fused_global_rational,GRAIN,adafactor_came,CAME,rlb_came,GRAIN + CAME,1400,5.338290214538574,208.15650289441092,1327.0614502150565
525,18l_1024d,fineweb,1337,rlb_fused_global_rational,GRAIN,adafactor_came,CAME,rlb_came,GRAIN + CAME,1450,5.320879936218262,204.56380592234416,1374.4906679030973
525,18l_1024d,fineweb,1337,rlb_fused_global_rational,GRAIN,adafactor_came,CAME,rlb_came,GRAIN + CAME,1500,5.301383018493652,200.61407117243405,1421.7409558361396
525,18l_1024d,fineweb,1337,rlb_fused_global_rational,GRAIN,adafactor_came,CAME,rlb_came,GRAIN + CAME,1550,5.285801887512207,197.5125027720069,1469.158775706077
525,18l_1024d,fineweb,1337,rlb_fused_global_rational,GRAIN,adafactor_came,CAME,rlb_came,GRAIN + CAME,1600,5.269840717315674,194.38499781514884,1516.41182218818
525,18l_1024d,fineweb,1337,rlb_fused_global_rational,GRAIN,adafactor_came,CAME,rlb_came,GRAIN + CAME,1650,5.254300117492676,191.38749021272335,1563.8278965491336
525,18l_1024d,fineweb,1337,rlb_fused_global_rational,GRAIN,adafactor_came,CAME,rlb_came,GRAIN + CAME,1700,5.2396464347839355,188.6034070114245,1611.0708238871302
525,18l_1024d,fineweb,1337,rlb_fused_global_rational,GRAIN,adafactor_came,CAME,rlb_came,GRAIN + CAME,1750,5.2256693840026855,185.9856246693838,1658.4865631239954
525,18l_1024d,fineweb,1337,rlb_fused_global_rational,GRAIN,adafactor_came,CAME,rlb_came,GRAIN + CAME,1800,5.21061897277832,183.20742351301615,1705.7334880060516
525,18l_1024d,fineweb,1337,rlb_fused_global_rational,GRAIN,adafactor_came,CAME,rlb_came,GRAIN + CAME,1850,5.197781085968018,180.8704602783073,1753.1534924311563
525,18l_1024d,fineweb,1337,rlb_fused_global_rational,GRAIN,adafactor_came,CAME,rlb_came,GRAIN + CAME,1900,5.187856197357178,179.08421988804716,1800.4112783051096
525,18l_1024d,fineweb,1337,rlb_fused_global_rational,GRAIN,adafactor_came,CAME,rlb_came,GRAIN + CAME,1950,5.175027847290039,176.80153765157903,1847.8257740600966
525,18l_1024d,fineweb,1337,rlb_fused_global_rational,GRAIN,adafactor_came,CAME,rlb_came,GRAIN + CAME,2000,5.165372848510742,175.10273319556717,1895.0840165580157
525,18l_1024d,fineweb,1337,rlb_fused_global_rational,GRAIN,adafactor_came,CAME,rlb_came,GRAIN + CAME,2050,5.154214859008789,173.15979851720343,1942.4966347871814
525,18l_1024d,fineweb,1337,rlb_fused_global_rational,GRAIN,adafactor_came,CAME,rlb_came,GRAIN + CAME,2100,5.145424842834473,171.64439107270908,1989.7410599030554
525,18l_1024d,fineweb,1337,rlb_fused_global_rational,GRAIN,adafactor_came,CAME,rlb_came,GRAIN + CAME,2150,5.136083602905273,170.0484851081721,2037.1483293562196
525,18l_1024d,fineweb,1337,rlb_fused_global_rational,GRAIN,adafactor_came,CAME,rlb_came,GRAIN + CAME,2200,5.125209808349609,168.20942969268575,2084.4747628432233
525,18l_1024d,fineweb,1337,rlb_fused_global_rational,GRAIN,adafactor_came,CAME,rlb_came,GRAIN + CAME,2250,5.11774206161499,166.95796290776312,2131.8887116611004
525,18l_1024d,fineweb,1337,rlb_fused_global_rational,GRAIN,adafactor_came,CAME,rlb_came,GRAIN + CAME,2300,5.110675811767578,165.78235469022644,2179.138909975067
525,18l_1024d,fineweb,1337,rlb_fused_global_rational,GRAIN,adafactor_came,CAME,rlb_came,GRAIN + CAME,2350,5.104290962219238,164.727231284315,2226.547404649202
525,18l_1024d,fineweb,1337,rlb_fused_global_rational,GRAIN,adafactor_came,CAME,rlb_came,GRAIN + CAME,2400,5.096254348754883,163.40868760909748,2273.795292043127
525,18l_1024d,fineweb,1337,rlb_fused_global_rational,GRAIN,adafactor_came,CAME,rlb_came,GRAIN + CAME,2450,5.0901713371276855,162.4176878497466,2321.2161606031004
525,18l_1024d,fineweb,1337,rlb_fused_global_rational,GRAIN,adafactor_came,CAME,rlb_came,GRAIN + CAME,2500,5.0867743492126465,161.86689297835258,2368.466529532103
525,18l_1024d,fineweb,1337,rlb_fused_global_rational,GRAIN,adafactor_came,CAME,rlb_came,GRAIN + CAME,2550,5.078449249267578,160.52492866069383,2415.876703779213
525,18l_1024d,fineweb,1337,rlb_fused_global_rational,GRAIN,adafactor_came,CAME,rlb_came,GRAIN + CAME,2600,5.074934959411621,159.961787632252,2463.1192419012077
525,18l_1024d,fineweb,1337,rlb_fused_global_rational,GRAIN,adafactor_came,CAME,rlb_came,GRAIN + CAME,2650,5.070852279663086,159.31004621237787,2510.534934674157
525,18l_1024d,fineweb,1337,rlb_fused_global_rational,GRAIN,adafactor_came,CAME,rlb_came,GRAIN + CAME,2700,5.065603256225586,158.4760148859222,2557.7720910750795
525,18l_1024d,fineweb,1337,rlb_fused_global_rational,GRAIN,adafactor_came,CAME,rlb_came,GRAIN + CAME,2750,5.061299800872803,157.7954857949208,2605.224372713128
525,18l_1024d,fineweb,1337,rlb_fused_global_rational,GRAIN,adafactor_came,CAME,rlb_came,GRAIN + CAME,2800,5.058238983154297,157.31324098432665,2652.46892660507
525,18l_1024d,fineweb,1337,rlb_fused_global_rational,GRAIN,adafactor_came,CAME,rlb_came,GRAIN + CAME,2850,5.055421829223633,156.87068903031798,2699.8744516822044
525,18l_1024d,fineweb,1337,rlb_fused_global_rational,GRAIN,adafactor_came,CAME,rlb_came,GRAIN + CAME,2900,5.052172660827637,156.3618168985708,2747.120720887091
525,18l_1024d,fineweb,1337,rlb_fused_global_rational,GRAIN,adafactor_came,CAME,rlb_came,GRAIN + CAME,2950,5.047446250915527,155.62453058848436,2794.531981439097
525,18l_1024d,fineweb,1337,rlb_fused_global_rational,GRAIN,adafactor_came,CAME,rlb_came,GRAIN + CAME,3000,5.045003414154053,155.2448292272182,2841.7915288112126
525,18l_1024d,fineweb,1337,rlb_fused_global_rational,GRAIN,adafactor_came,CAME,rlb_came,GRAIN + CAME,3050,5.043307304382324,154.98174013241882,2889.202636008151
524,18l_1024d,fineweb,1337,silu,SwiGLU,adafactor_came,CAME,silu_came,SwiGLU + CAME,1,11.022170066833496,61216.379209411236,1.6779775607865304
524,18l_1024d,fineweb,1337,silu,SwiGLU,adafactor_came,CAME,silu_came,SwiGLU + CAME,50,8.864789962768555,7078.30649722325,38.485480753006414
524,18l_1024d,fineweb,1337,silu,SwiGLU,adafactor_came,CAME,silu_came,SwiGLU + CAME,100,7.68031644821167,2165.304870296598,76.06326384982094
524,18l_1024d,fineweb,1337,silu,SwiGLU,adafactor_came,CAME,silu_came,SwiGLU + CAME,150,7.21183443069458,1355.3763322017703,113.68650453886949
524,18l_1024d,fineweb,1337,silu,SwiGLU,adafactor_came,CAME,silu_came,SwiGLU + CAME,200,6.883300304412842,975.8416256187586,151.32815081486478
524,18l_1024d,fineweb,1337,silu,SwiGLU,adafactor_came,CAME,silu_came,SwiGLU + CAME,250,6.674709320068359,792.1171678431189,188.9791938799899
524,18l_1024d,fineweb,1337,silu,SwiGLU,adafactor_came,CAME,silu_came,SwiGLU + CAME,300,6.503235816955566,667.297395563882,226.63439139490947
524,18l_1024d,fineweb,1337,silu,SwiGLU,adafactor_came,CAME,silu_came,SwiGLU + CAME,350,6.359775066375732,578.1163039721929,264.28550727595575
524,18l_1024d,fineweb,1337,silu,SwiGLU,adafactor_came,CAME,silu_came,SwiGLU + CAME,400,6.24453592300415,515.1900815753302,301.93128162180074
524,18l_1024d,fineweb,1337,silu,SwiGLU,adafactor_came,CAME,silu_came,SwiGLU + CAME,450,6.143009185791016,465.4520974287889,339.56907636881806
524,18l_1024d,fineweb,1337,silu,SwiGLU,adafactor_came,CAME,silu_came,SwiGLU + CAME,500,6.051352024078369,424.6868288808489,377.21235078782775
524,18l_1024d,fineweb,1337,silu,SwiGLU,adafactor_came,CAME,silu_came,SwiGLU + CAME,550,5.97446346282959,393.25704745361355,414.8474168628454
524,18l_1024d,fineweb,1337,silu,SwiGLU,adafactor_came,CAME,silu_came,SwiGLU + CAME,600,5.905130386352539,366.9150633855204,452.4763615007978
524,18l_1024d,fineweb,1337,silu,SwiGLU,adafactor_came,CAME,silu_came,SwiGLU + CAME,650,5.843568325042725,345.00824836252144,490.10970694199204
524,18l_1024d,fineweb,1337,silu,SwiGLU,adafactor_came,CAME,silu_came,SwiGLU + CAME,700,5.791424751281738,327.4792686637994,527.7427491468843
524,18l_1024d,fineweb,1337,silu,SwiGLU,adafactor_came,CAME,silu_came,SwiGLU + CAME,750,5.737819671630859,310.38692725837757,565.42656423687
524,18l_1024d,fineweb,1337,silu,SwiGLU,adafactor_came,CAME,silu_came,SwiGLU + CAME,800,5.693805694580078,297.0218468693533,603.0900789957959
524,18l_1024d,fineweb,1337,silu,SwiGLU,adafactor_came,CAME,silu_came,SwiGLU + CAME,850,5.650939464569092,284.5586730795793,640.7301235469058
524,18l_1024d,fineweb,1337,silu,SwiGLU,adafactor_came,CAME,silu_came,SwiGLU + CAME,900,5.6177473068237305,275.2685885962123,678.3682410928886
524,18l_1024d,fineweb,1337,silu,SwiGLU,adafactor_came,CAME,silu_came,SwiGLU + CAME,950,5.577004909515381,264.2788800772077,716.0135486929212
524,18l_1024d,fineweb,1337,silu,SwiGLU,adafactor_came,CAME,silu_came,SwiGLU + CAME,1000,5.544033050537109,255.70720272040344,753.6551211678889
524,18l_1024d,fineweb,1337,silu,SwiGLU,adafactor_came,CAME,silu_came,SwiGLU + CAME,1050,5.511913299560547,247.62445387402335,791.295489059994
524,18l_1024d,fineweb,1337,silu,SwiGLU,adafactor_came,CAME,silu_came,SwiGLU + CAME,1100,5.48808479309082,241.79367819991134,828.9437424479984
524,18l_1024d,fineweb,1337,silu,SwiGLU,adafactor_came,CAME,silu_came,SwiGLU + CAME,1150,5.460366725921631,235.18365649567428,866.5882266999688
524,18l_1024d,fineweb,1337,silu,SwiGLU,adafactor_came,CAME,silu_came,SwiGLU + CAME,1200,5.436505317687988,229.638266773048,904.2269999620039
524,18l_1024d,fineweb,1337,silu,SwiGLU,adafactor_came,CAME,silu_came,SwiGLU + CAME,1250,5.407177925109863,223.00137226811526,941.8616376519203
524,18l_1024d,fineweb,1337,silu,SwiGLU,adafactor_came,CAME,silu_came,SwiGLU + CAME,1300,5.3889923095703125,218.98260765674598,979.5392266749404
524,18l_1024d,fineweb,1337,silu,SwiGLU,adafactor_came,CAME,silu_came,SwiGLU + CAME,1350,5.367380619049072,214.30079646233267,1017.1838339869864
524,18l_1024d,fineweb,1337,silu,SwiGLU,adafactor_came,CAME,silu_came,SwiGLU + CAME,1400,5.343735218048096,209.29300710999422,1054.8271919968538
524,18l_1024d,fineweb,1337,silu,SwiGLU,adafactor_came,CAME,silu_came,SwiGLU + CAME,1450,5.325394153594971,205.48933886641305,1092.4661844698712
524,18l_1024d,fineweb,1337,silu,SwiGLU,adafactor_came,CAME,silu_came,SwiGLU + CAME,1500,5.3054728507995605,201.4362291799238,1130.1164524888154
524,18l_1024d,fineweb,1337,silu,SwiGLU,adafactor_came,CAME,silu_came,SwiGLU + CAME,1550,5.291666507720947,198.67424183672696,1167.7630018237978
524,18l_1024d,fineweb,1337,silu,SwiGLU,adafactor_came,CAME,silu_came,SwiGLU + CAME,1600,5.272825241088867,194.96601105491808,1205.409884809982
524,18l_1024d,fineweb,1337,silu,SwiGLU,adafactor_came,CAME,silu_came,SwiGLU + CAME,1650,5.259283542633057,192.34363590445827,1243.0588455838151
524,18l_1024d,fineweb,1337,silu,SwiGLU,adafactor_came,CAME,silu_came,SwiGLU + CAME,1700,5.244161605834961,189.45690905874332,1280.708565692883
524,18l_1024d,fineweb,1337,silu,SwiGLU,adafactor_came,CAME,silu_came,SwiGLU + CAME,1750,5.229151725769043,186.6344191845863,1318.3620210390072
524,18l_1024d,fineweb,1337,silu,SwiGLU,adafactor_came,CAME,silu_came,SwiGLU + CAME,1800,5.2138142585754395,183.79375984850952,1356.0062134049367
524,18l_1024d,fineweb,1337,silu,SwiGLU,adafactor_came,CAME,silu_came,SwiGLU + CAME,1850,5.202636241912842,181.75074981102864,1393.6566170100123
524,18l_1024d,fineweb,1337,silu,SwiGLU,adafactor_came,CAME,silu_came,SwiGLU + CAME,1900,5.190141201019287,179.49389586361815,1431.303866583854
524,18l_1024d,fineweb,1337,silu,SwiGLU,adafactor_came,CAME,silu_came,SwiGLU + CAME,1950,5.177651405334473,177.26599574793295,1468.9523101497907
524,18l_1024d,fineweb,1337,silu,SwiGLU,adafactor_came,CAME,silu_came,SwiGLU + CAME,2000,5.168729305267334,175.69144538831483,1506.599523386918
524,18l_1024d,fineweb,1337,silu,SwiGLU,adafactor_came,CAME,silu_came,SwiGLU + CAME,2050,5.157014846801758,173.64532325374557,1544.2377076498233
524,18l_1024d,fineweb,1337,silu,SwiGLU,adafactor_came,CAME,silu_came,SwiGLU + CAME,2100,5.147543907165527,172.00850223068917,1581.8753072759137
524,18l_1024d,fineweb,1337,silu,SwiGLU,adafactor_came,CAME,silu_came,SwiGLU + CAME,2150,5.135331153869629,169.92058041645535,1619.5168649139814
524,18l_1024d,fineweb,1337,silu,SwiGLU,adafactor_came,CAME,silu_came,SwiGLU + CAME,2200,5.126529693603516,168.4315934215674,1657.1602448360063
524,18l_1024d,fineweb,1337,silu,SwiGLU,adafactor_came,CAME,silu_came,SwiGLU + CAME,2250,5.119383335113525,167.23221158463195,1694.8049259439576
524,18l_1024d,fineweb,1337,silu,SwiGLU,adafactor_came,CAME,silu_came,SwiGLU + CAME,2300,5.111036777496338,165.84220724041253,1732.4520566267893
524,18l_1024d,fineweb,1337,silu,SwiGLU,adafactor_came,CAME,silu_came,SwiGLU + CAME,2350,5.102779388427734,164.47842201291994,1770.0957750149537
524,18l_1024d,fineweb,1337,silu,SwiGLU,adafactor_came,CAME,silu_came,SwiGLU + CAME,2400,5.095681190490723,163.3150554049578,1807.7382094748318
524,18l_1024d,fineweb,1337,silu,SwiGLU,adafactor_came,CAME,silu_came,SwiGLU + CAME,2450,5.089478015899658,162.3051192465636,1845.3807402600069
524,18l_1024d,fineweb,1337,silu,SwiGLU,adafactor_came,CAME,silu_came,SwiGLU + CAME,2500,5.084301471710205,161.4671104906028,1883.023145136889
524,18l_1024d,fineweb,1337,silu,SwiGLU,adafactor_came,CAME,silu_came,SwiGLU + CAME,2550,5.07731819152832,160.3434683381845,1920.6550307148136
524,18l_1024d,fineweb,1337,silu,SwiGLU,adafactor_came,CAME,silu_came,SwiGLU + CAME,2600,5.073026180267334,159.65674712822914,1958.3194503919221
524,18l_1024d,fineweb,1337,silu,SwiGLU,adafactor_came,CAME,silu_came,SwiGLU + CAME,2650,5.068355083465576,158.91271408536946,1995.9565180789214
524,18l_1024d,fineweb,1337,silu,SwiGLU,adafactor_came,CAME,silu_came,SwiGLU + CAME,2700,5.062122344970703,157.92533293561536,2033.5953183409292
524,18l_1024d,fineweb,1337,silu,SwiGLU,adafactor_came,CAME,silu_came,SwiGLU + CAME,2750,5.05922794342041,157.4688944838705,2071.239307546988
524,18l_1024d,fineweb,1337,silu,SwiGLU,adafactor_came,CAME,silu_came,SwiGLU + CAME,2800,5.055478572845459,156.87959069392588,2108.880812254967
524,18l_1024d,fineweb,1337,silu,SwiGLU,adafactor_came,CAME,silu_came,SwiGLU + CAME,2850,5.051952362060547,156.32737437704992,2146.527954855934
524,18l_1024d,fineweb,1337,silu,SwiGLU,adafactor_came,CAME,silu_came,SwiGLU + CAME,2900,5.048250198364258,155.74969483880923,2184.178694663802
524,18l_1024d,fineweb,1337,silu,SwiGLU,adafactor_came,CAME,silu_came,SwiGLU + CAME,2950,5.043360233306885,154.9899433663428,2221.8304037000053
524,18l_1024d,fineweb,1337,silu,SwiGLU,adafactor_came,CAME,silu_came,SwiGLU + CAME,3000,5.041315078735352,154.67328888917265,2259.491142619867
524,18l_1024d,fineweb,1337,silu,SwiGLU,adafactor_came,CAME,silu_came,SwiGLU + CAME,3050,5.039581298828125,154.4053517878114,2297.1531707129907
539,18l_1024d,fineweb,2027,rlb_fused_global_rational,GRAIN,adafactor_came,CAME,rlb_came,GRAIN + CAME,1,11.012194633483887,60608.75499480904,2.296049064025283
539,18l_1024d,fineweb,2027,rlb_fused_global_rational,GRAIN,adafactor_came,CAME,rlb_came,GRAIN + CAME,50,8.8202486038208,6769.947450884976,49.961162437917665
539,18l_1024d,fineweb,2027,rlb_fused_global_rational,GRAIN,adafactor_came,CAME,rlb_came,GRAIN + CAME,100,7.564258098602295,1928.0378343477369,99.21871950104833
539,18l_1024d,fineweb,2027,rlb_fused_global_rational,GRAIN,adafactor_came,CAME,rlb_came,GRAIN + CAME,150,7.120593070983887,1237.1839538340594,148.58194848312996
539,18l_1024d,fineweb,2027,rlb_fused_global_rational,GRAIN,adafactor_came,CAME,rlb_came,GRAIN + CAME,200,6.831110000610352,926.2183450209742,197.84959608805366
539,18l_1024d,fineweb,2027,rlb_fused_global_rational,GRAIN,adafactor_came,CAME,rlb_came,GRAIN + CAME,250,6.636013031005859,762.0506558769046,247.24166369601153
539,18l_1024d,fineweb,2027,rlb_fused_global_rational,GRAIN,adafactor_came,CAME,rlb_came,GRAIN + CAME,300,6.480841159820557,652.5195887510014,296.4615467430558
539,18l_1024d,fineweb,2027,rlb_fused_global_rational,GRAIN,adafactor_came,CAME,rlb_came,GRAIN + CAME,350,6.358001708984375,577.0920056434198,345.82421853695996
539,18l_1024d,fineweb,2027,rlb_fused_global_rational,GRAIN,adafactor_came,CAME,rlb_came,GRAIN + CAME,400,6.25465202331543,520.4282463493042,395.01979579706676
539,18l_1024d,fineweb,2027,rlb_fused_global_rational,GRAIN,adafactor_came,CAME,rlb_came,GRAIN + CAME,450,6.161680221557617,474.2242075445244,444.4295007251203
539,18l_1024d,fineweb,2027,rlb_fused_global_rational,GRAIN,adafactor_came,CAME,rlb_came,GRAIN + CAME,500,6.077863693237305,436.09656284280663,493.79520006198436
539,18l_1024d,fineweb,2027,rlb_fused_global_rational,GRAIN,adafactor_came,CAME,rlb_came,GRAIN + CAME,550,6.0126142501831055,408.54997726516916,543.1923200781457
539,18l_1024d,fineweb,2027,rlb_fused_global_rational,GRAIN,adafactor_came,CAME,rlb_came,GRAIN + CAME,600,5.941975116729736,380.6860869412665,592.738956872141
539,18l_1024d,fineweb,2027,rlb_fused_global_rational,GRAIN,adafactor_came,CAME,rlb_came,GRAIN + CAME,650,5.891812324523926,362.06086191241883,642.4924843120389
539,18l_1024d,fineweb,2027,rlb_fused_global_rational,GRAIN,adafactor_came,CAME,rlb_came,GRAIN + CAME,700,5.831725597381592,340.9465081494514,692.290141911013
539,18l_1024d,fineweb,2027,rlb_fused_global_rational,GRAIN,adafactor_came,CAME,rlb_came,GRAIN + CAME,750,5.7824554443359375,324.55513989246384,742.263003783999
539,18l_1024d,fineweb,2027,rlb_fused_global_rational,GRAIN,adafactor_came,CAME,rlb_came,GRAIN + CAME,800,5.7343363761901855,309.30763872151516,792.1840939701069
539,18l_1024d,fineweb,2027,rlb_fused_global_rational,GRAIN,adafactor_came,CAME,rlb_came,GRAIN + CAME,850,5.696564674377441,297.8424556452211,842.100547028007
539,18l_1024d,fineweb,2027,rlb_fused_global_rational,GRAIN,adafactor_came,CAME,rlb_came,GRAIN + CAME,900,5.652715682983398,285.064560585001,891.6892478440423
539,18l_1024d,fineweb,2027,rlb_fused_global_rational,GRAIN,adafactor_came,CAME,rlb_came,GRAIN + CAME,950,5.620938301086426,276.1483720285368,941.2439442900941
539,18l_1024d,fineweb,2027,rlb_fused_global_rational,GRAIN,adafactor_came,CAME,rlb_came,GRAIN + CAME,1000,5.585731506347656,266.59522753028966,990.5800000880845
539,18l_1024d,fineweb,2027,rlb_fused_global_rational,GRAIN,adafactor_came,CAME,rlb_came,GRAIN + CAME,1050,5.555214881896973,258.58252325419784,1040.0116811690386
539,18l_1024d,fineweb,2027,rlb_fused_global_rational,GRAIN,adafactor_came,CAME,rlb_came,GRAIN + CAME,1100,5.527523517608643,251.52025362479714,1089.2965279121418
539,18l_1024d,fineweb,2027,rlb_fused_global_rational,GRAIN,adafactor_came,CAME,rlb_came,GRAIN + CAME,1150,5.501701354980469,245.10859444649196,1138.5562643560115
539,18l_1024d,fineweb,2027,rlb_fused_global_rational,GRAIN,adafactor_came,CAME,rlb_came,GRAIN + CAME,1200,5.475236892700195,238.70700818101392,1187.7657884899527
539,18l_1024d,fineweb,2027,rlb_fused_global_rational,GRAIN,adafactor_came,CAME,rlb_came,GRAIN + CAME,1250,5.450991630554199,232.98909049373015,1237.0310628339648
539,18l_1024d,fineweb,2027,rlb_fused_global_rational,GRAIN,adafactor_came,CAME,rlb_came,GRAIN + CAME,1300,5.432981967926025,228.8305945319112,1286.2738377579954
539,18l_1024d,fineweb,2027,rlb_fused_global_rational,GRAIN,adafactor_came,CAME,rlb_came,GRAIN + CAME,1350,5.4093194007873535,223.47943598108444,1335.6376342349686
539,18l_1024d,fineweb,2027,rlb_fused_global_rational,GRAIN,adafactor_came,CAME,rlb_came,GRAIN + CAME,1400,5.386260986328125,218.38531144665424,1384.937198467087
539,18l_1024d,fineweb,2027,rlb_fused_global_rational,GRAIN,adafactor_came,CAME,rlb_came,GRAIN + CAME,1450,5.369703769683838,214.7992282355392,1434.4734819110017
539,18l_1024d,fineweb,2027,rlb_fused_global_rational,GRAIN,adafactor_came,CAME,rlb_came,GRAIN + CAME,1500,5.349438190460205,210.49000934669374,1483.9904164369218
539,18l_1024d,fineweb,2027,rlb_fused_global_rational,GRAIN,adafactor_came,CAME,rlb_came,GRAIN + CAME,1550,5.335176467895508,207.50936431793255,1533.8352708560415
539,18l_1024d,fineweb,2027,rlb_fused_global_rational,GRAIN,adafactor_came,CAME,rlb_came,GRAIN + CAME,1600,5.317222595214844,203.8170127981204,1583.5914772890974
539,18l_1024d,fineweb,2027,rlb_fused_global_rational,GRAIN,adafactor_came,CAME,rlb_came,GRAIN + CAME,1650,5.30083703994751,200.5045700888609,1633.566229315009
539,18l_1024d,fineweb,2027,rlb_fused_global_rational,GRAIN,adafactor_came,CAME,rlb_came,GRAIN + CAME,1700,5.285127639770508,197.3793752985481,1683.4828407031018
539,18l_1024d,fineweb,2027,rlb_fused_global_rational,GRAIN,adafactor_came,CAME,rlb_came,GRAIN + CAME,1750,5.270651340484619,194.54263468148918,1733.4212780359667
539,18l_1024d,fineweb,2027,rlb_fused_global_rational,GRAIN,adafactor_came,CAME,rlb_came,GRAIN + CAME,1800,5.258339881896973,192.16221438106666,1783.1705820350908
539,18l_1024d,fineweb,2027,rlb_fused_global_rational,GRAIN,adafactor_came,CAME,rlb_came,GRAIN + CAME,1850,5.243659973144531,189.36189511277476,1832.782673086971
539,18l_1024d,fineweb,2027,rlb_fused_global_rational,GRAIN,adafactor_came,CAME,rlb_came,GRAIN + CAME,1900,5.23090934753418,186.9627403495598,1882.1966369641013
539,18l_1024d,fineweb,2027,rlb_fused_global_rational,GRAIN,adafactor_came,CAME,rlb_came,GRAIN + CAME,1950,5.2201247215271,184.95725078296152,1931.626168253133
539,18l_1024d,fineweb,2027,rlb_fused_global_rational,GRAIN,adafactor_came,CAME,rlb_came,GRAIN + CAME,2000,5.212101459503174,183.47922750939688,1980.7014565609861
539,18l_1024d,fineweb,2027,rlb_fused_global_rational,GRAIN,adafactor_came,CAME,rlb_came,GRAIN + CAME,2050,5.199844837188721,181.24411734649183,2030.019382918952
539,18l_1024d,fineweb,2027,rlb_fused_global_rational,GRAIN,adafactor_came,CAME,rlb_came,GRAIN + CAME,2100,5.191338539123535,179.70893945887005,2079.165835560998
539,18l_1024d,fineweb,2027,rlb_fused_global_rational,GRAIN,adafactor_came,CAME,rlb_came,GRAIN + CAME,2150,5.181575775146484,177.96301986599246,2128.496925126994
539,18l_1024d,fineweb,2027,rlb_fused_global_rational,GRAIN,adafactor_came,CAME,rlb_came,GRAIN + CAME,2200,5.17283296585083,176.41390479786048,2177.696955538122
539,18l_1024d,fineweb,2027,rlb_fused_global_rational,GRAIN,adafactor_came,CAME,rlb_came,GRAIN + CAME,2250,5.163890361785889,174.84333804056357,2226.9897005870007
539,18l_1024d,fineweb,2027,rlb_fused_global_rational,GRAIN,adafactor_came,CAME,rlb_came,GRAIN + CAME,2300,5.156412124633789,173.5406949021373,2276.3514568570536
539,18l_1024d,fineweb,2027,rlb_fused_global_rational,GRAIN,adafactor_came,CAME,rlb_came,GRAIN + CAME,2350,5.149171829223633,172.28874671184812,2325.9403605330735
539,18l_1024d,fineweb,2027,rlb_fused_global_rational,GRAIN,adafactor_came,CAME,rlb_came,GRAIN + CAME,2400,5.142553806304932,171.15230049887424,2375.6109343890566
539,18l_1024d,fineweb,2027,rlb_fused_global_rational,GRAIN,adafactor_came,CAME,rlb_came,GRAIN + CAME,2450,5.135896682739258,170.0167025875945,2425.411484410055
539,18l_1024d,fineweb,2027,rlb_fused_global_rational,GRAIN,adafactor_came,CAME,rlb_came,GRAIN + CAME,2500,5.12925910949707,168.8919412441726,2475.224720555125
539,18l_1024d,fineweb,2027,rlb_fused_global_rational,GRAIN,adafactor_came,CAME,rlb_came,GRAIN + CAME,2550,5.124786376953125,168.13821961632414,2525.2665920869913
539,18l_1024d,fineweb,2027,rlb_fused_global_rational,GRAIN,adafactor_came,CAME,rlb_came,GRAIN + CAME,2600,5.119760036468506,167.29522005227474,2575.184861130081
539,18l_1024d,fineweb,2027,rlb_fused_global_rational,GRAIN,adafactor_came,CAME,rlb_came,GRAIN + CAME,2650,5.115098476409912,166.5171781898332,2625.32766971807
539,18l_1024d,fineweb,2027,rlb_fused_global_rational,GRAIN,adafactor_came,CAME,rlb_came,GRAIN + CAME,2700,5.11116886138916,165.86411377145717,2675.1063563800417
539,18l_1024d,fineweb,2027,rlb_fused_global_rational,GRAIN,adafactor_came,CAME,rlb_came,GRAIN + CAME,2750,5.1065993309021,165.10792168408005,2724.830089458963
539,18l_1024d,fineweb,2027,rlb_fused_global_rational,GRAIN,adafactor_came,CAME,rlb_came,GRAIN + CAME,2800,5.103451728820801,164.58904468370486,2774.302461558953
539,18l_1024d,fineweb,2027,rlb_fused_global_rational,GRAIN,adafactor_came,CAME,rlb_came,GRAIN + CAME,2850,5.100799560546875,164.15310518914043,2823.6728300710674
539,18l_1024d,fineweb,2027,rlb_fused_global_rational,GRAIN,adafactor_came,CAME,rlb_came,GRAIN + CAME,2900,5.097929000854492,163.68256957539384,2872.9740790019277
539,18l_1024d,fineweb,2027,rlb_fused_global_rational,GRAIN,adafactor_came,CAME,rlb_came,GRAIN + CAME,2950,5.095233917236328,163.24202528206308,2922.2804804539774
539,18l_1024d,fineweb,2027,rlb_fused_global_rational,GRAIN,adafactor_came,CAME,rlb_came,GRAIN + CAME,3000,5.092083930969238,162.7286241719506,2971.4895670150872
539,18l_1024d,fineweb,2027,rlb_fused_global_rational,GRAIN,adafactor_came,CAME,rlb_came,GRAIN + CAME,3050,5.088627815246582,162.1671859719713,3020.8054785700515
538,18l_1024d,fineweb,2027,silu,SwiGLU,adafactor_came,CAME,silu_came,SwiGLU + CAME,1,11.022832870483398,61256.96709839964,1.6750376671552658
538,18l_1024d,fineweb,2027,silu,SwiGLU,adafactor_came,CAME,silu_came,SwiGLU + CAME,50,8.901479721069336,7342.830845793316,38.500711183063686
538,18l_1024d,fineweb,2027,silu,SwiGLU,adafactor_came,CAME,silu_came,SwiGLU + CAME,100,7.718815326690674,2250.292139821532,76.13294103811495
538,18l_1024d,fineweb,2027,silu,SwiGLU,adafactor_came,CAME,silu_came,SwiGLU + CAME,150,7.266504287719727,1431.5374530843424,113.77668195217848
538,18l_1024d,fineweb,2027,silu,SwiGLU,adafactor_came,CAME,silu_came,SwiGLU + CAME,200,6.939377307891846,1032.127317282435,151.4075924830977
538,18l_1024d,fineweb,2027,silu,SwiGLU,adafactor_came,CAME,silu_came,SwiGLU + CAME,250,6.725432395935059,833.3322281231297,189.07409618212841
538,18l_1024d,fineweb,2027,silu,SwiGLU,adafactor_came,CAME,silu_came,SwiGLU + CAME,300,6.554375171661377,702.3101893909394,226.73580335616134
538,18l_1024d,fineweb,2027,silu,SwiGLU,adafactor_came,CAME,silu_came,SwiGLU + CAME,350,6.413623809814453,610.1005684039848,264.39964499813505
538,18l_1024d,fineweb,2027,silu,SwiGLU,adafactor_came,CAME,silu_came,SwiGLU + CAME,400,6.291569232940674,540.0000504264734,302.0655980070587
538,18l_1024d,fineweb,2027,silu,SwiGLU,adafactor_came,CAME,silu_came,SwiGLU + CAME,450,6.184727668762207,485.2807884942297,339.7327876680065
538,18l_1024d,fineweb,2027,silu,SwiGLU,adafactor_came,CAME,silu_came,SwiGLU + CAME,500,6.090097904205322,441.46463027407384,377.3981091079768
538,18l_1024d,fineweb,2027,silu,SwiGLU,adafactor_came,CAME,silu_came,SwiGLU + CAME,550,6.011118412017822,407.93930946072015,415.05603275913745
538,18l_1024d,fineweb,2027,silu,SwiGLU,adafactor_came,CAME,silu_came,SwiGLU + CAME,600,5.939309597015381,379.6727118571781,452.715382137103
538,18l_1024d,fineweb,2027,silu,SwiGLU,adafactor_came,CAME,silu_came,SwiGLU + CAME,650,5.880489826202393,357.98454898244273,490.3909899480641
538,18l_1024d,fineweb,2027,silu,SwiGLU,adafactor_came,CAME,silu_came,SwiGLU + CAME,700,5.823343276977539,338.10052989227177,528.0517992940731
538,18l_1024d,fineweb,2027,silu,SwiGLU,adafactor_came,CAME,silu_came,SwiGLU + CAME,750,5.775576591491699,322.33023401863363,565.7112199091353
538,18l_1024d,fineweb,2027,silu,SwiGLU,adafactor_came,CAME,silu_came,SwiGLU + CAME,800,5.728241443634033,307.4281629816012,603.3928014109842
538,18l_1024d,fineweb,2027,silu,SwiGLU,adafactor_came,CAME,silu_came,SwiGLU + CAME,850,5.6883015632629395,295.3914905837012,641.0541427340358
538,18l_1024d,fineweb,2027,silu,SwiGLU,adafactor_came,CAME,silu_came,SwiGLU + CAME,900,5.646810054779053,283.3860365238791,678.7199468179606
538,18l_1024d,fineweb,2027,silu,SwiGLU,adafactor_came,CAME,silu_came,SwiGLU + CAME,950,5.6121015548706055,273.7188692065241,716.3812428161036
538,18l_1024d,fineweb,2027,silu,SwiGLU,adafactor_came,CAME,silu_came,SwiGLU + CAME,1000,5.578388214111328,264.6447112362563,754.0469605240505
538,18l_1024d,fineweb,2027,silu,SwiGLU,adafactor_came,CAME,silu_came,SwiGLU + CAME,1050,5.550017833709717,257.2421434465814,791.7045736850705
538,18l_1024d,fineweb,2027,silu,SwiGLU,adafactor_came,CAME,silu_came,SwiGLU + CAME,1100,5.521906852722168,250.11150857591312,829.366182930069
538,18l_1024d,fineweb,2027,silu,SwiGLU,adafactor_came,CAME,silu_came,SwiGLU + CAME,1150,5.496744632720947,243.8966652998207,867.0275941151194
538,18l_1024d,fineweb,2027,silu,SwiGLU,adafactor_came,CAME,silu_came,SwiGLU + CAME,1200,5.466000556945801,236.51238086582703,904.6885587971192
538,18l_1024d,fineweb,2027,silu,SwiGLU,adafactor_came,CAME,silu_came,SwiGLU + CAME,1250,5.443509101867676,231.25224902706282,942.3442569810431
538,18l_1024d,fineweb,2027,silu,SwiGLU,adafactor_came,CAME,silu_came,SwiGLU + CAME,1300,5.424771785736084,226.95954499910246,980.0003721371759
538,18l_1024d,fineweb,2027,silu,SwiGLU,adafactor_came,CAME,silu_came,SwiGLU + CAME,1350,5.402557373046875,221.9733596393314,1017.6579109840095
538,18l_1024d,fineweb,2027,silu,SwiGLU,adafactor_came,CAME,silu_came,SwiGLU + CAME,1400,5.382260322570801,217.5133705801027,1055.329935417045
538,18l_1024d,fineweb,2027,silu,SwiGLU,adafactor_came,CAME,silu_came,SwiGLU + CAME,1450,5.362799644470215,213.32133511812842,1092.9979967670515
538,18l_1024d,fineweb,2027,silu,SwiGLU,adafactor_came,CAME,silu_came,SwiGLU + CAME,1500,5.343265533447266,209.19472848927734,1130.663211554056
538,18l_1024d,fineweb,2027,silu,SwiGLU,adafactor_came,CAME,silu_came,SwiGLU + CAME,1550,5.328840255737305,206.19869767675922,1168.320372705115
538,18l_1024d,fineweb,2027,silu,SwiGLU,adafactor_came,CAME,silu_came,SwiGLU + CAME,1600,5.3115386962890625,202.66182359737806,1205.979170378996
538,18l_1024d,fineweb,2027,silu,SwiGLU,adafactor_came,CAME,silu_came,SwiGLU + CAME,1650,5.293267250061035,198.99252278244987,1243.6384698080365
538,18l_1024d,fineweb,2027,silu,SwiGLU,adafactor_came,CAME,silu_came,SwiGLU + CAME,1700,5.27876091003418,196.12670609506594,1281.2941599001642
538,18l_1024d,fineweb,2027,silu,SwiGLU,adafactor_came,CAME,silu_came,SwiGLU + CAME,1750,5.263611316680908,193.17785956388883,1318.9497331271414
538,18l_1024d,fineweb,2027,silu,SwiGLU,adafactor_came,CAME,silu_came,SwiGLU + CAME,1800,5.251212120056152,190.79739770455348,1356.6063062280882
538,18l_1024d,fineweb,2027,silu,SwiGLU,adafactor_came,CAME,silu_came,SwiGLU + CAME,1850,5.234861850738525,187.7031734981432,1394.2612002291717
538,18l_1024d,fineweb,2027,silu,SwiGLU,adafactor_came,CAME,silu_came,SwiGLU + CAME,1900,5.226274013519287,186.09811107059483,1431.9235737081617
538,18l_1024d,fineweb,2027,silu,SwiGLU,adafactor_came,CAME,silu_came,SwiGLU + CAME,1950,5.214859962463379,183.9860542217262,1469.5821879780851
538,18l_1024d,fineweb,2027,silu,SwiGLU,adafactor_came,CAME,silu_came,SwiGLU + CAME,2000,5.204758644104004,182.13690764683443,1507.241690614028
538,18l_1024d,fineweb,2027,silu,SwiGLU,adafactor_came,CAME,silu_came,SwiGLU + CAME,2050,5.194093227386475,180.20466403500262,1544.9015499341767
538,18l_1024d,fineweb,2027,silu,SwiGLU,adafactor_came,CAME,silu_came,SwiGLU + CAME,2100,5.184002876281738,178.39547871192565,1582.5734930541366
538,18l_1024d,fineweb,2027,silu,SwiGLU,adafactor_came,CAME,silu_came,SwiGLU + CAME,2150,5.1739277839660645,176.60715170241573,1620.238354781177
538,18l_1024d,fineweb,2027,silu,SwiGLU,adafactor_came,CAME,silu_came,SwiGLU + CAME,2200,5.163466930389404,174.7693195537526,1657.9111415559892
538,18l_1024d,fineweb,2027,silu,SwiGLU,adafactor_came,CAME,silu_came,SwiGLU + CAME,2250,5.156704902648926,173.59151124092662,1695.5810236411635
538,18l_1024d,fineweb,2027,silu,SwiGLU,adafactor_came,CAME,silu_came,SwiGLU + CAME,2300,5.148988246917725,172.25712044954463,1733.2446260680445
538,18l_1024d,fineweb,2027,silu,SwiGLU,adafactor_came,CAME,silu_came,SwiGLU + CAME,2350,5.141923427581787,171.04444372910058,1770.9124750990886
538,18l_1024d,fineweb,2027,silu,SwiGLU,adafactor_came,CAME,silu_came,SwiGLU + CAME,2400,5.135537147521973,169.95558658282394,1808.5770679160487
538,18l_1024d,fineweb,2027,silu,SwiGLU,adafactor_came,CAME,silu_came,SwiGLU + CAME,2450,5.128598690032959,168.78043854217344,1846.2444313929882
538,18l_1024d,fineweb,2027,silu,SwiGLU,adafactor_came,CAME,silu_came,SwiGLU + CAME,2500,5.122922897338867,167.82518922515246,1883.9054580719676
538,18l_1024d,fineweb,2027,silu,SwiGLU,adafactor_came,CAME,silu_came,SwiGLU + CAME,2550,5.116725921630859,166.7883964122219,1921.5641754830722
538,18l_1024d,fineweb,2027,silu,SwiGLU,adafactor_came,CAME,silu_came,SwiGLU + CAME,2600,5.112731456756592,166.12349486833213,1959.2219678510446
538,18l_1024d,fineweb,2027,silu,SwiGLU,adafactor_came,CAME,silu_came,SwiGLU + CAME,2650,5.10790491104126,165.32362408519478,1996.8851423570886
538,18l_1024d,fineweb,2027,silu,SwiGLU,adafactor_came,CAME,silu_came,SwiGLU + CAME,2700,5.1033782958984375,164.57695887291837,2034.5419289050624
538,18l_1024d,fineweb,2027,silu,SwiGLU,adafactor_came,CAME,silu_came,SwiGLU + CAME,2750,5.098756313323975,163.8180422376249,2072.207255405141
538,18l_1024d,fineweb,2027,silu,SwiGLU,adafactor_came,CAME,silu_came,SwiGLU + CAME,2800,5.096379280090332,163.4291037499458,2109.874841750134
538,18l_1024d,fineweb,2027,silu,SwiGLU,adafactor_came,CAME,silu_came,SwiGLU + CAME,2850,5.093484878540039,162.956758207283,2147.538522470044
538,18l_1024d,fineweb,2027,silu,SwiGLU,adafactor_came,CAME,silu_came,SwiGLU + CAME,2900,5.090363025665283,162.44882444297917,2185.1976812831126
538,18l_1024d,fineweb,2027,silu,SwiGLU,adafactor_came,CAME,silu_came,SwiGLU + CAME,2950,5.087645530700684,162.00796986190346,2222.8470114211086
538,18l_1024d,fineweb,2027,silu,SwiGLU,adafactor_came,CAME,silu_came,SwiGLU + CAME,3000,5.083852767944336,161.39467584212673,2260.501127262134
538,18l_1024d,fineweb,2027,silu,SwiGLU,adafactor_came,CAME,silu_came,SwiGLU + CAME,3050,5.081841468811035,161.0703890986296,2298.161776116118
553,18l_1024d,fineweb,3407,rlb_fused_global_rational,GRAIN,adafactor_came,CAME,rlb_came,GRAIN + CAME,1,11.056872367858887,63378.01843081116,2.274526058929041
553,18l_1024d,fineweb,3407,rlb_fused_global_rational,GRAIN,adafactor_came,CAME,rlb_came,GRAIN + CAME,50,8.812732696533203,6719.255888668656,48.756859495071694
553,18l_1024d,fineweb,3407,rlb_fused_global_rational,GRAIN,adafactor_came,CAME,rlb_came,GRAIN + CAME,100,7.5472235679626465,1895.4727675589847,95.98538913205266
553,18l_1024d,fineweb,3407,rlb_fused_global_rational,GRAIN,adafactor_came,CAME,rlb_came,GRAIN + CAME,150,7.098513126373291,1210.166371653603,143.3912291249726
553,18l_1024d,fineweb,3407,rlb_fused_global_rational,GRAIN,adafactor_came,CAME,rlb_came,GRAIN + CAME,200,6.814851760864258,911.2814182011996,190.78300001006573
553,18l_1024d,fineweb,3407,rlb_fused_global_rational,GRAIN,adafactor_came,CAME,rlb_came,GRAIN + CAME,250,6.619487762451172,749.561045444822,238.21148290811107
553,18l_1024d,fineweb,3407,rlb_fused_global_rational,GRAIN,adafactor_came,CAME,rlb_came,GRAIN + CAME,300,6.467379093170166,643.7941892840769,285.4636919400655
553,18l_1024d,fineweb,3407,rlb_fused_global_rational,GRAIN,adafactor_came,CAME,rlb_came,GRAIN + CAME,350,6.3459367752075195,570.1712619194701,332.89059677696787
553,18l_1024d,fineweb,3407,rlb_fused_global_rational,GRAIN,adafactor_came,CAME,rlb_came,GRAIN + CAME,400,6.2415266036987305,513.6420405599963,380.18269452406093
553,18l_1024d,fineweb,3407,rlb_fused_global_rational,GRAIN,adafactor_came,CAME,rlb_came,GRAIN + CAME,450,6.148590564727783,468.05722530150734,427.7094889150467
553,18l_1024d,fineweb,3407,rlb_fused_global_rational,GRAIN,adafactor_came,CAME,rlb_came,GRAIN + CAME,500,6.066905498504639,431.34382008507765,474.97475320706144
553,18l_1024d,fineweb,3407,rlb_fused_global_rational,GRAIN,adafactor_came,CAME,rlb_came,GRAIN + CAME,550,5.996430397033691,401.9912800772723,522.3903613379225
553,18l_1024d,fineweb,3407,rlb_fused_global_rational,GRAIN,adafactor_came,CAME,rlb_came,GRAIN + CAME,600,5.9399003982543945,379.89708924045453,569.6825744439848
553,18l_1024d,fineweb,3407,rlb_fused_global_rational,GRAIN,adafactor_came,CAME,rlb_came,GRAIN + CAME,650,5.877738952636719,357.0011319977721,617.2248517831322
553,18l_1024d,fineweb,3407,rlb_fused_global_rational,GRAIN,adafactor_came,CAME,rlb_came,GRAIN + CAME,700,5.823413372039795,338.1242299005804,664.5899487279821
553,18l_1024d,fineweb,3407,rlb_fused_global_rational,GRAIN,adafactor_came,CAME,rlb_came,GRAIN + CAME,750,5.7688703536987305,320.1758428254874,712.0037312079221
553,18l_1024d,fineweb,3407,rlb_fused_global_rational,GRAIN,adafactor_came,CAME,rlb_came,GRAIN + CAME,800,5.723534107208252,305.9843960061608,759.2644045129418
553,18l_1024d,fineweb,3407,rlb_fused_global_rational,GRAIN,adafactor_came,CAME,rlb_came,GRAIN + CAME,850,5.6804046630859375,293.067999731681,806.6807254850864
553,18l_1024d,fineweb,3407,rlb_fused_global_rational,GRAIN,adafactor_came,CAME,rlb_came,GRAIN + CAME,900,5.640105247497559,281.4923432809967,854.0527767371386
553,18l_1024d,fineweb,3407,rlb_fused_global_rational,GRAIN,adafactor_came,CAME,rlb_came,GRAIN + CAME,950,5.607218265533447,272.385479085753,901.4704803100321
553,18l_1024d,fineweb,3407,rlb_fused_global_rational,GRAIN,adafactor_came,CAME,rlb_came,GRAIN + CAME,1000,5.570429801940918,262.5469181686559,948.7326146680862
553,18l_1024d,fineweb,3407,rlb_fused_global_rational,GRAIN,adafactor_came,CAME,rlb_came,GRAIN + CAME,1050,5.540869235992432,254.8994709837302,996.1764580579475
553,18l_1024d,fineweb,3407,rlb_fused_global_rational,GRAIN,adafactor_came,CAME,rlb_came,GRAIN + CAME,1100,5.50906229019165,246.91947965762594,1043.4603552001063
553,18l_1024d,fineweb,3407,rlb_fused_global_rational,GRAIN,adafactor_came,CAME,rlb_came,GRAIN + CAME,1150,5.481220245361328,240.13955784473478,1090.9059267980047
553,18l_1024d,fineweb,3407,rlb_fused_global_rational,GRAIN,adafactor_came,CAME,rlb_came,GRAIN + CAME,1200,5.463380813598633,235.89359002003133,1138.1935281879269
553,18l_1024d,fineweb,3407,rlb_fused_global_rational,GRAIN,adafactor_came,CAME,rlb_came,GRAIN + CAME,1250,5.43419075012207,229.10736812628764,1185.641035766108
553,18l_1024d,fineweb,3407,rlb_fused_global_rational,GRAIN,adafactor_came,CAME,rlb_came,GRAIN + CAME,1300,5.408863067626953,223.3774781689133,1232.9252415730152
553,18l_1024d,fineweb,3407,rlb_fused_global_rational,GRAIN,adafactor_came,CAME,rlb_came,GRAIN + CAME,1350,5.387145519256592,218.57856590308725,1280.3661901929881
553,18l_1024d,fineweb,3407,rlb_fused_global_rational,GRAIN,adafactor_came,CAME,rlb_came,GRAIN + CAME,1400,5.364447116851807,213.6730657798607,1327.6636387871113
553,18l_1024d,fineweb,3407,rlb_fused_global_rational,GRAIN,adafactor_came,CAME,rlb_came,GRAIN + CAME,1450,5.345938682556152,209.7546852818814,1375.1101439220365
553,18l_1024d,fineweb,3407,rlb_fused_global_rational,GRAIN,adafactor_came,CAME,rlb_came,GRAIN + CAME,1500,5.327844142913818,205.9934027752344,1422.3835631541442
553,18l_1024d,fineweb,3407,rlb_fused_global_rational,GRAIN,adafactor_came,CAME,rlb_came,GRAIN + CAME,1550,5.30794620513916,201.93506900103313,1469.8303644401021
553,18l_1024d,fineweb,3407,rlb_fused_global_rational,GRAIN,adafactor_came,CAME,rlb_came,GRAIN + CAME,1600,5.291482925415039,198.6377721089868,1517.1211351640522
553,18l_1024d,fineweb,3407,rlb_fused_global_rational,GRAIN,adafactor_came,CAME,rlb_came,GRAIN + CAME,1650,5.275379180908203,195.4645788991064,1564.5702375289984
553,18l_1024d,fineweb,3407,rlb_fused_global_rational,GRAIN,adafactor_came,CAME,rlb_came,GRAIN + CAME,1700,5.261658668518066,192.80101920935851,1611.8657121639699
553,18l_1024d,fineweb,3407,rlb_fused_global_rational,GRAIN,adafactor_came,CAME,rlb_came,GRAIN + CAME,1750,5.247921466827393,190.17058151473535,1659.3151679451112
553,18l_1024d,fineweb,3407,rlb_fused_global_rational,GRAIN,adafactor_came,CAME,rlb_came,GRAIN + CAME,1800,5.230572700500488,186.89981049077977,1706.5934692420997
553,18l_1024d,fineweb,3407,rlb_fused_global_rational,GRAIN,adafactor_came,CAME,rlb_came,GRAIN + CAME,1850,5.219810485839844,184.89913974490796,1754.0353153899778
553,18l_1024d,fineweb,3407,rlb_fused_global_rational,GRAIN,adafactor_came,CAME,rlb_came,GRAIN + CAME,1900,5.203802108764648,181.96277055548757,1801.3339566560462
553,18l_1024d,fineweb,3407,rlb_fused_global_rational,GRAIN,adafactor_came,CAME,rlb_came,GRAIN + CAME,1950,5.195685386657715,180.49180708964673,1848.7854251230601
553,18l_1024d,fineweb,3407,rlb_fused_global_rational,GRAIN,adafactor_came,CAME,rlb_came,GRAIN + CAME,2000,5.1834397315979,178.29504452861076,1896.0814383130055
553,18l_1024d,fineweb,3407,rlb_fused_global_rational,GRAIN,adafactor_came,CAME,rlb_came,GRAIN + CAME,2050,5.170007705688477,175.91619303422408,1943.5368659859523
553,18l_1024d,fineweb,3407,rlb_fused_global_rational,GRAIN,adafactor_came,CAME,rlb_came,GRAIN + CAME,2100,5.163301467895508,174.74040417855366,1990.8219596920535
553,18l_1024d,fineweb,3407,rlb_fused_global_rational,GRAIN,adafactor_came,CAME,rlb_came,GRAIN + CAME,2150,5.153987884521484,173.1205001207486,2038.267210933147
553,18l_1024d,fineweb,3407,rlb_fused_global_rational,GRAIN,adafactor_came,CAME,rlb_came,GRAIN + CAME,2200,5.14163875579834,170.99575913214974,2085.5576088840608
553,18l_1024d,fineweb,3407,rlb_fused_global_rational,GRAIN,adafactor_came,CAME,rlb_came,GRAIN + CAME,2250,5.134805202484131,169.83123394976928,2132.9991610909346
553,18l_1024d,fineweb,3407,rlb_fused_global_rational,GRAIN,adafactor_came,CAME,rlb_came,GRAIN + CAME,2300,5.126198768615723,168.37586442013856,2180.281506530009
553,18l_1024d,fineweb,3407,rlb_fused_global_rational,GRAIN,adafactor_came,CAME,rlb_came,GRAIN + CAME,2350,5.1209917068481445,167.5013995660035,2227.721689610975
553,18l_1024d,fineweb,3407,rlb_fused_global_rational,GRAIN,adafactor_came,CAME,rlb_came,GRAIN + CAME,2400,5.113731384277344,166.28968940009,2274.995465568034
553,18l_1024d,fineweb,3407,rlb_fused_global_rational,GRAIN,adafactor_came,CAME,rlb_came,GRAIN + CAME,2450,5.109050750732422,165.51316702773337,2322.4738407291006
553,18l_1024d,fineweb,3407,rlb_fused_global_rational,GRAIN,adafactor_came,CAME,rlb_came,GRAIN + CAME,2500,5.1019392013549805,164.3402874065789,2369.75058581098
553,18l_1024d,fineweb,3407,rlb_fused_global_rational,GRAIN,adafactor_came,CAME,rlb_came,GRAIN + CAME,2550,5.095628261566162,163.30641154346785,2417.1865447941236
553,18l_1024d,fineweb,3407,rlb_fused_global_rational,GRAIN,adafactor_came,CAME,rlb_came,GRAIN + CAME,2600,5.0890350341796875,162.23323696812287,2464.4712533140555
553,18l_1024d,fineweb,3407,rlb_fused_global_rational,GRAIN,adafactor_came,CAME,rlb_came,GRAIN + CAME,2650,5.084675312042236,161.52748469325357,2511.9265329830814
553,18l_1024d,fineweb,3407,rlb_fused_global_rational,GRAIN,adafactor_came,CAME,rlb_came,GRAIN + CAME,2700,5.080660343170166,160.88025703910952,2559.2209211990703
553,18l_1024d,fineweb,3407,rlb_fused_global_rational,GRAIN,adafactor_came,CAME,rlb_came,GRAIN + CAME,2750,5.077090740203857,160.30700215124045,2606.663407622138
553,18l_1024d,fineweb,3407,rlb_fused_global_rational,GRAIN,adafactor_came,CAME,rlb_came,GRAIN + CAME,2800,5.0731964111328125,159.68392794791384,2653.9397611890454
553,18l_1024d,fineweb,3407,rlb_fused_global_rational,GRAIN,adafactor_came,CAME,rlb_came,GRAIN + CAME,2850,5.069366931915283,159.07359104658138,2701.3826110321097
553,18l_1024d,fineweb,3407,rlb_fused_global_rational,GRAIN,adafactor_came,CAME,rlb_came,GRAIN + CAME,2900,5.066255569458008,158.57942461155312,2748.6721251490526
553,18l_1024d,fineweb,3407,rlb_fused_global_rational,GRAIN,adafactor_came,CAME,rlb_came,GRAIN + CAME,2950,5.064191818237305,158.2524935986063,2796.1253588739783
553,18l_1024d,fineweb,3407,rlb_fused_global_rational,GRAIN,adafactor_came,CAME,rlb_came,GRAIN + CAME,3000,5.061312198638916,157.79744211857442,2843.412884918973
553,18l_1024d,fineweb,3407,rlb_fused_global_rational,GRAIN,adafactor_came,CAME,rlb_came,GRAIN + CAME,3050,5.05853271484375,157.35945565539876,2890.860195877962
552,18l_1024d,fineweb,3407,silu,SwiGLU,adafactor_came,CAME,silu_came,SwiGLU + CAME,1,11.02316665649414,61277.417229871615,1.6725931100081652
552,18l_1024d,fineweb,3407,silu,SwiGLU,adafactor_came,CAME,silu_came,SwiGLU + CAME,50,8.895362854003906,7298.052815871946,38.483646291075274
552,18l_1024d,fineweb,3407,silu,SwiGLU,adafactor_came,CAME,silu_came,SwiGLU + CAME,100,7.686859607696533,2179.519258186501,76.02160068112426
552,18l_1024d,fineweb,3407,silu,SwiGLU,adafactor_came,CAME,silu_came,SwiGLU + CAME,150,7.237929344177246,1391.210268675932,113.55090559017844
552,18l_1024d,fineweb,3407,silu,SwiGLU,adafactor_came,CAME,silu_came,SwiGLU + CAME,200,6.928574562072754,1021.0375162194002,151.1217192641925
552,18l_1024d,fineweb,3407,silu,SwiGLU,adafactor_came,CAME,silu_came,SwiGLU + CAME,250,6.698790073394775,811.4234681552172,188.6862572391983
552,18l_1024d,fineweb,3407,silu,SwiGLU,adafactor_came,CAME,silu_came,SwiGLU + CAME,300,6.534714221954346,688.6369588767785,226.2536724570673
552,18l_1024d,fineweb,3407,silu,SwiGLU,adafactor_came,CAME,silu_came,SwiGLU + CAME,350,6.385327339172363,593.0788387638636,263.91889831004664
552,18l_1024d,fineweb,3407,silu,SwiGLU,adafactor_came,CAME,silu_came,SwiGLU + CAME,400,6.266721725463867,526.7477206415695,301.4918620241806
552,18l_1024d,fineweb,3407,silu,SwiGLU,adafactor_came,CAME,silu_came,SwiGLU + CAME,450,6.159093379974365,472.9990499721445,339.05110966810025
552,18l_1024d,fineweb,3407,silu,SwiGLU,adafactor_came,CAME,silu_came,SwiGLU + CAME,500,6.069759845733643,432.57678393905525,376.62943119509146
552,18l_1024d,fineweb,3407,silu,SwiGLU,adafactor_came,CAME,silu_came,SwiGLU + CAME,550,5.993813991546631,400.9408826183799,414.3096038720105
552,18l_1024d,fineweb,3407,silu,SwiGLU,adafactor_came,CAME,silu_came,SwiGLU + CAME,600,5.92594051361084,374.63061491184243,451.8795491012279
552,18l_1024d,fineweb,3407,silu,SwiGLU,adafactor_came,CAME,silu_came,SwiGLU + CAME,650,5.861605644226074,351.28773455856856,489.55303987604566
552,18l_1024d,fineweb,3407,silu,SwiGLU,adafactor_came,CAME,silu_came,SwiGLU + CAME,700,5.809512138366699,333.456405398733,527.1239461451769
552,18l_1024d,fineweb,3407,silu,SwiGLU,adafactor_came,CAME,silu_came,SwiGLU + CAME,750,5.754275798797607,315.5369525193936,564.6855726570357
552,18l_1024d,fineweb,3407,silu,SwiGLU,adafactor_came,CAME,silu_came,SwiGLU + CAME,800,5.714189529418945,303.13841895181787,602.2591378570069
552,18l_1024d,fineweb,3407,silu,SwiGLU,adafactor_came,CAME,silu_came,SwiGLU + CAME,850,5.672262668609619,290.6915294291325,639.9364142941777
552,18l_1024d,fineweb,3407,silu,SwiGLU,adafactor_came,CAME,silu_came,SwiGLU + CAME,900,5.634245872497559,279.84779679445194,677.5252285972238
552,18l_1024d,fineweb,3407,silu,SwiGLU,adafactor_came,CAME,silu_came,SwiGLU + CAME,950,5.595922946929932,269.32610912294507,715.2186970000621
552,18l_1024d,fineweb,3407,silu,SwiGLU,adafactor_came,CAME,silu_came,SwiGLU + CAME,1000,5.563933372497559,260.84682887343126,752.7916423100978
552,18l_1024d,fineweb,3407,silu,SwiGLU,adafactor_came,CAME,silu_came,SwiGLU + CAME,1050,5.536858558654785,253.87919881095323,790.3621038792189
552,18l_1024d,fineweb,3407,silu,SwiGLU,adafactor_came,CAME,silu_came,SwiGLU + CAME,1100,5.506988525390625,246.40795730386736,827.9357871280517
552,18l_1024d,fineweb,3407,silu,SwiGLU,adafactor_came,CAME,silu_came,SwiGLU + CAME,1150,5.481501579284668,240.20712675295968,865.6122210510075
552,18l_1024d,fineweb,3407,silu,SwiGLU,adafactor_came,CAME,silu_came,SwiGLU + CAME,1200,5.460278511047363,235.16291071404342,903.1819042460993
552,18l_1024d,fineweb,3407,silu,SwiGLU,adafactor_came,CAME,silu_came,SwiGLU + CAME,1250,5.433924674987793,229.04641646177026,940.7562233339995
552,18l_1024d,fineweb,3407,silu,SwiGLU,adafactor_came,CAME,silu_came,SwiGLU + CAME,1300,5.411788463592529,224.031902500789,978.3316644742154
552,18l_1024d,fineweb,3407,silu,SwiGLU,adafactor_came,CAME,silu_came,SwiGLU + CAME,1350,5.391991138458252,219.64028466407495,1015.9049744051881
552,18l_1024d,fineweb,3407,silu,SwiGLU,adafactor_came,CAME,silu_came,SwiGLU + CAME,1400,5.36842155456543,214.52398591531522,1053.4684545411728
552,18l_1024d,fineweb,3407,silu,SwiGLU,adafactor_came,CAME,silu_came,SwiGLU + CAME,1450,5.348548889160156,210.3029035167945,1091.1690701860934
552,18l_1024d,fineweb,3407,silu,SwiGLU,adafactor_came,CAME,silu_came,SwiGLU + CAME,1500,5.331828594207764,206.81581078976984,1128.726410718169
552,18l_1024d,fineweb,3407,silu,SwiGLU,adafactor_came,CAME,silu_came,SwiGLU + CAME,1550,5.314980983734131,203.36064593196767,1166.3997845321428
552,18l_1024d,fineweb,3407,silu,SwiGLU,adafactor_came,CAME,silu_came,SwiGLU + CAME,1600,5.299283981323242,200.19341641956578,1203.9657885180786
552,18l_1024d,fineweb,3407,silu,SwiGLU,adafactor_came,CAME,silu_came,SwiGLU + CAME,1650,5.2811713218688965,196.60002244303752,1241.5321617501322
552,18l_1024d,fineweb,3407,silu,SwiGLU,adafactor_came,CAME,silu_came,SwiGLU + CAME,1700,5.26584529876709,193.6098978448113,1279.0963254240341
552,18l_1024d,fineweb,3407,silu,SwiGLU,adafactor_came,CAME,silu_came,SwiGLU + CAME,1750,5.25433349609375,191.39387856602633,1316.768769461196
552,18l_1024d,fineweb,3407,silu,SwiGLU,adafactor_came,CAME,silu_came,SwiGLU + CAME,1800,5.240560531616211,188.7758876083036,1354.3411224370357
552,18l_1024d,fineweb,3407,silu,SwiGLU,adafactor_came,CAME,silu_came,SwiGLU + CAME,1850,5.229609966278076,186.71996223398494,1391.9099359971005
552,18l_1024d,fineweb,3407,silu,SwiGLU,adafactor_came,CAME,silu_came,SwiGLU + CAME,1900,5.2147321701049805,183.9625437122085,1429.4675423500594
552,18l_1024d,fineweb,3407,silu,SwiGLU,adafactor_came,CAME,silu_came,SwiGLU + CAME,1950,5.206143379211426,182.3892937208099,1467.0832682531327
552,18l_1024d,fineweb,3407,silu,SwiGLU,adafactor_came,CAME,silu_came,SwiGLU + CAME,2000,5.1927714347839355,179.96662819480122,1504.6490567231085
552,18l_1024d,fineweb,3407,silu,SwiGLU,adafactor_came,CAME,silu_came,SwiGLU + CAME,2050,5.18224573135376,178.08228724331602,1542.323673475068
552,18l_1024d,fineweb,3407,silu,SwiGLU,adafactor_came,CAME,silu_came,SwiGLU + CAME,2100,5.1725311279296875,176.36066442696128,1579.880453037098
552,18l_1024d,fineweb,3407,silu,SwiGLU,adafactor_came,CAME,silu_came,SwiGLU + CAME,2150,5.16569709777832,175.1595193344912,1617.4454448611941
552,18l_1024d,fineweb,3407,silu,SwiGLU,adafactor_came,CAME,silu_came,SwiGLU + CAME,2200,5.154717922210693,173.24693075456017,1654.9993253001012
552,18l_1024d,fineweb,3407,silu,SwiGLU,adafactor_came,CAME,silu_came,SwiGLU + CAME,2250,5.147751331329346,172.0441846510042,1692.563571671024
552,18l_1024d,fineweb,3407,silu,SwiGLU,adafactor_came,CAME,silu_came,SwiGLU + CAME,2300,5.139771461486816,170.67675765134376,1730.1242910132278
552,18l_1024d,fineweb,3407,silu,SwiGLU,adafactor_came,CAME,silu_came,SwiGLU + CAME,2350,5.133315563201904,169.5784350086925,1767.689593309071
552,18l_1024d,fineweb,3407,silu,SwiGLU,adafactor_came,CAME,silu_came,SwiGLU + CAME,2400,5.125685691833496,168.28949683191405,1805.2565405711066
552,18l_1024d,fineweb,3407,silu,SwiGLU,adafactor_came,CAME,silu_came,SwiGLU + CAME,2450,5.122264862060547,167.7147906571114,1842.9112292272039
552,18l_1024d,fineweb,3407,silu,SwiGLU,adafactor_came,CAME,silu_came,SwiGLU + CAME,2500,5.114770412445068,166.4625588639478,1880.476141369203
552,18l_1024d,fineweb,3407,silu,SwiGLU,adafactor_came,CAME,silu_came,SwiGLU + CAME,2550,5.108180999755859,165.36927437353614,1918.0360925141722
552,18l_1024d,fineweb,3407,silu,SwiGLU,adafactor_came,CAME,silu_came,SwiGLU + CAME,2600,5.103611469268799,164.61533831146022,1955.610255211126
552,18l_1024d,fineweb,3407,silu,SwiGLU,adafactor_came,CAME,silu_came,SwiGLU + CAME,2650,5.0991315841674805,163.87952990906044,1993.194668630138
552,18l_1024d,fineweb,3407,silu,SwiGLU,adafactor_came,CAME,silu_came,SwiGLU + CAME,2700,5.093738555908203,162.9981018925865,2030.7598180470522
552,18l_1024d,fineweb,3407,silu,SwiGLU,adafactor_came,CAME,silu_came,SwiGLU + CAME,2750,5.091860771179199,162.69231373801213,2068.3387901510578
552,18l_1024d,fineweb,3407,silu,SwiGLU,adafactor_came,CAME,silu_came,SwiGLU + CAME,2800,5.088555335998535,162.15543264221557,2106.0139948772267
552,18l_1024d,fineweb,3407,silu,SwiGLU,adafactor_came,CAME,silu_came,SwiGLU + CAME,2850,5.0845947265625,161.5144684478762,2143.585921353195
552,18l_1024d,fineweb,3407,silu,SwiGLU,adafactor_came,CAME,silu_came,SwiGLU + CAME,2900,5.081823825836182,161.06754736287348,2181.1641425401904
552,18l_1024d,fineweb,3407,silu,SwiGLU,adafactor_came,CAME,silu_came,SwiGLU + CAME,2950,5.078115463256836,160.4713566264267,2218.73301968514
552,18l_1024d,fineweb,3407,silu,SwiGLU,adafactor_came,CAME,silu_came,SwiGLU + CAME,3000,5.076766014099121,160.25495473390484,2256.3073542881757
552,18l_1024d,fineweb,3407,silu,SwiGLU,adafactor_came,CAME,silu_came,SwiGLU + CAME,3050,5.073659896850586,159.75795632209753,2293.882457768079
483,18l_1024d,fineweb_edu,1337,rlb_fused_global_rational,GRAIN,adafactor_came,CAME,rlb_came,GRAIN + CAME,1,11.067587852478027,64060.79622685936,2.3139333580620587
483,18l_1024d,fineweb_edu,1337,rlb_fused_global_rational,GRAIN,adafactor_came,CAME,rlb_came,GRAIN + CAME,50,8.757308959960938,6356.981647523421,49.858426389982924
483,18l_1024d,fineweb_edu,1337,rlb_fused_global_rational,GRAIN,adafactor_came,CAME,rlb_came,GRAIN + CAME,100,7.5339837074279785,1870.5423741131663,99.25519432500005
483,18l_1024d,fineweb_edu,1337,rlb_fused_global_rational,GRAIN,adafactor_came,CAME,rlb_came,GRAIN + CAME,150,7.1026387214660645,1215.1693411149668,148.98169375909492
483,18l_1024d,fineweb_edu,1337,rlb_fused_global_rational,GRAIN,adafactor_came,CAME,rlb_came,GRAIN + CAME,200,6.798057556152344,896.1049664348931,198.75983956991695
483,18l_1024d,fineweb_edu,1337,rlb_fused_global_rational,GRAIN,adafactor_came,CAME,rlb_came,GRAIN + CAME,250,6.5794291496276855,720.1281264835834,248.74066688190214
483,18l_1024d,fineweb_edu,1337,rlb_fused_global_rational,GRAIN,adafactor_came,CAME,rlb_came,GRAIN + CAME,300,6.415669918060303,611.3501781902738,298.6248759839218
483,18l_1024d,fineweb_edu,1337,rlb_fused_global_rational,GRAIN,adafactor_came,CAME,rlb_came,GRAIN + CAME,350,6.268683433532715,527.7820600997258,348.4984614129644
483,18l_1024d,fineweb_edu,1337,rlb_fused_global_rational,GRAIN,adafactor_came,CAME,rlb_came,GRAIN + CAME,400,6.151895046234131,469.6064700619979,398.09933092305437
483,18l_1024d,fineweb_edu,1337,rlb_fused_global_rational,GRAIN,adafactor_came,CAME,rlb_came,GRAIN + CAME,450,6.0429816246032715,421.1468665890722,447.626645778073
483,18l_1024d,fineweb_edu,1337,rlb_fused_global_rational,GRAIN,adafactor_came,CAME,rlb_came,GRAIN + CAME,500,5.949855804443359,383.69800752414994,497.0134297220502
483,18l_1024d,fineweb_edu,1337,rlb_fused_global_rational,GRAIN,adafactor_came,CAME,rlb_came,GRAIN + CAME,550,5.873229026794434,355.39470851505024,546.3502695879433
483,18l_1024d,fineweb_edu,1337,rlb_fused_global_rational,GRAIN,adafactor_came,CAME,rlb_came,GRAIN + CAME,600,5.801949977874756,330.9442651196754,595.491162341088
483,18l_1024d,fineweb_edu,1337,rlb_fused_global_rational,GRAIN,adafactor_came,CAME,rlb_came,GRAIN + CAME,650,5.736538887023926,309.9896429318856,644.8079643950332
483,18l_1024d,fineweb_edu,1337,rlb_fused_global_rational,GRAIN,adafactor_came,CAME,rlb_came,GRAIN + CAME,700,5.674581050872803,291.3662453375054,693.9791423878632
483,18l_1024d,fineweb_edu,1337,rlb_fused_global_rational,GRAIN,adafactor_came,CAME,rlb_came,GRAIN + CAME,750,5.615289211273193,274.5927830409767,743.1516185160726
483,18l_1024d,fineweb_edu,1337,rlb_fused_global_rational,GRAIN,adafactor_came,CAME,rlb_came,GRAIN + CAME,800,5.572516441345215,263.0953308843892,792.387932054
483,18l_1024d,fineweb_edu,1337,rlb_fused_global_rational,GRAIN,adafactor_came,CAME,rlb_came,GRAIN + CAME,850,5.526927947998047,251.3705004039491,841.5776788110379
483,18l_1024d,fineweb_edu,1337,rlb_fused_global_rational,GRAIN,adafactor_came,CAME,rlb_came,GRAIN + CAME,900,5.486031532287598,241.29772205589268,890.7696956088766
483,18l_1024d,fineweb_edu,1337,rlb_fused_global_rational,GRAIN,adafactor_came,CAME,rlb_came,GRAIN + CAME,950,5.441135406494141,230.70397760552908,940.2037587910891
483,18l_1024d,fineweb_edu,1337,rlb_fused_global_rational,GRAIN,adafactor_came,CAME,rlb_came,GRAIN + CAME,1000,5.4057230949401855,222.67717902409657,989.6356575649697
483,18l_1024d,fineweb_edu,1337,rlb_fused_global_rational,GRAIN,adafactor_came,CAME,rlb_came,GRAIN + CAME,1050,5.374412536621094,215.81305279814285,1039.4271283820271
483,18l_1024d,fineweb_edu,1337,rlb_fused_global_rational,GRAIN,adafactor_came,CAME,rlb_came,GRAIN + CAME,1100,5.3372802734375,207.94638320879514,1089.057731604902
483,18l_1024d,fineweb_edu,1337,rlb_fused_global_rational,GRAIN,adafactor_came,CAME,rlb_came,GRAIN + CAME,1150,5.304172515869141,201.17446484240904,1138.925427922979
483,18l_1024d,fineweb_edu,1337,rlb_fused_global_rational,GRAIN,adafactor_came,CAME,rlb_came,GRAIN + CAME,1200,5.277480602264404,195.87576422508332,1188.7534544279333
483,18l_1024d,fineweb_edu,1337,rlb_fused_global_rational,GRAIN,adafactor_came,CAME,rlb_came,GRAIN + CAME,1250,5.252161026000977,190.97853241580302,1238.7713599670678
483,18l_1024d,fineweb_edu,1337,rlb_fused_global_rational,GRAIN,adafactor_came,CAME,rlb_came,GRAIN + CAME,1300,5.2240495681762695,185.68460607421852,1288.7408710040618
483,18l_1024d,fineweb_edu,1337,rlb_fused_global_rational,GRAIN,adafactor_came,CAME,rlb_came,GRAIN + CAME,1350,5.199601173400879,181.1999600983148,1338.4227967869956
483,18l_1024d,fineweb_edu,1337,rlb_fused_global_rational,GRAIN,adafactor_came,CAME,rlb_came,GRAIN + CAME,1400,5.178466320037842,177.4105112901979,1387.9191669148859
483,18l_1024d,fineweb_edu,1337,rlb_fused_global_rational,GRAIN,adafactor_came,CAME,rlb_came,GRAIN + CAME,1450,5.1493730545043945,172.32341905163594,1437.3259330319706
483,18l_1024d,fineweb_edu,1337,rlb_fused_global_rational,GRAIN,adafactor_came,CAME,rlb_came,GRAIN + CAME,1500,5.130947589874268,169.1773528609791,1486.6297189979814
483,18l_1024d,fineweb_edu,1337,rlb_fused_global_rational,GRAIN,adafactor_came,CAME,rlb_came,GRAIN + CAME,1550,5.112146377563477,166.02632789595583,1535.9813034730032
483,18l_1024d,fineweb_edu,1337,rlb_fused_global_rational,GRAIN,adafactor_came,CAME,rlb_came,GRAIN + CAME,1600,5.093154430389404,162.90291834403152,1585.262098710984
483,18l_1024d,fineweb_edu,1337,rlb_fused_global_rational,GRAIN,adafactor_came,CAME,rlb_came,GRAIN + CAME,1650,5.077708721160889,160.40609944281445,1634.5952808640432
483,18l_1024d,fineweb_edu,1337,rlb_fused_global_rational,GRAIN,adafactor_came,CAME,rlb_came,GRAIN + CAME,1700,5.0620527267456055,157.9143388369377,1683.7082580148708
483,18l_1024d,fineweb_edu,1337,rlb_fused_global_rational,GRAIN,adafactor_came,CAME,rlb_came,GRAIN + CAME,1750,5.042340278625488,154.8319412392391,1732.9148813509382
483,18l_1024d,fineweb_edu,1337,rlb_fused_global_rational,GRAIN,adafactor_came,CAME,rlb_came,GRAIN + CAME,1800,5.031225204467773,153.1205017387924,1782.0522917299531
483,18l_1024d,fineweb_edu,1337,rlb_fused_global_rational,GRAIN,adafactor_came,CAME,rlb_came,GRAIN + CAME,1850,5.015261650085449,150.69556111444223,1831.4707884059753
483,18l_1024d,fineweb_edu,1337,rlb_fused_global_rational,GRAIN,adafactor_came,CAME,rlb_came,GRAIN + CAME,1900,5.000255107879639,148.45102529868288,1880.626261997968
483,18l_1024d,fineweb_edu,1337,rlb_fused_global_rational,GRAIN,adafactor_came,CAME,rlb_came,GRAIN + CAME,1950,4.986384391784668,146.4061182215318,1930.1349155129865
483,18l_1024d,fineweb_edu,1337,rlb_fused_global_rational,GRAIN,adafactor_came,CAME,rlb_came,GRAIN + CAME,2000,4.978201389312744,145.21296503987708,1979.706105764024
483,18l_1024d,fineweb_edu,1337,rlb_fused_global_rational,GRAIN,adafactor_came,CAME,rlb_came,GRAIN + CAME,2050,4.962383270263672,142.93404073719094,2029.4724962089676
483,18l_1024d,fineweb_edu,1337,rlb_fused_global_rational,GRAIN,adafactor_came,CAME,rlb_came,GRAIN + CAME,2100,4.954048156738281,141.74762062295702,2079.3052346920595
483,18l_1024d,fineweb_edu,1337,rlb_fused_global_rational,GRAIN,adafactor_came,CAME,rlb_came,GRAIN + CAME,2150,4.943258285522461,140.22640367723275,2129.262622480048
483,18l_1024d,fineweb_edu,1337,rlb_fused_global_rational,GRAIN,adafactor_came,CAME,rlb_came,GRAIN + CAME,2200,4.93418025970459,138.95918538714878,2179.1322886520065
483,18l_1024d,fineweb_edu,1337,rlb_fused_global_rational,GRAIN,adafactor_came,CAME,rlb_came,GRAIN + CAME,2250,4.9245781898498535,137.63127512837022,2229.2734585490543
483,18l_1024d,fineweb_edu,1337,rlb_fused_global_rational,GRAIN,adafactor_came,CAME,rlb_came,GRAIN + CAME,2300,4.913562774658203,136.1235289602148,2279.172078311909
483,18l_1024d,fineweb_edu,1337,rlb_fused_global_rational,GRAIN,adafactor_came,CAME,rlb_came,GRAIN + CAME,2350,4.907363414764404,135.2822605712367,2329.0455790329725
483,18l_1024d,fineweb_edu,1337,rlb_fused_global_rational,GRAIN,adafactor_came,CAME,rlb_came,GRAIN + CAME,2400,4.89963436126709,134.24068711566804,2378.695381559897
483,18l_1024d,fineweb_edu,1337,rlb_fused_global_rational,GRAIN,adafactor_came,CAME,rlb_came,GRAIN + CAME,2450,4.894119739532471,133.5024379581648,2428.2053040459286
483,18l_1024d,fineweb_edu,1337,rlb_fused_global_rational,GRAIN,adafactor_came,CAME,rlb_came,GRAIN + CAME,2500,4.886860370635986,132.53680370070768,2477.6247161149513
483,18l_1024d,fineweb_edu,1337,rlb_fused_global_rational,GRAIN,adafactor_came,CAME,rlb_came,GRAIN + CAME,2550,4.879895210266113,131.61687106627585,2527.025806159014
483,18l_1024d,fineweb_edu,1337,rlb_fused_global_rational,GRAIN,adafactor_came,CAME,rlb_came,GRAIN + CAME,2600,4.875190734863281,130.9991369305821,2576.3246514059138
483,18l_1024d,fineweb_edu,1337,rlb_fused_global_rational,GRAIN,adafactor_came,CAME,rlb_came,GRAIN + CAME,2650,4.869966983795166,130.31661426540109,2625.6215466279536
483,18l_1024d,fineweb_edu,1337,rlb_fused_global_rational,GRAIN,adafactor_came,CAME,rlb_came,GRAIN + CAME,2700,4.864321231842041,129.58295197230942,2674.791047738865
483,18l_1024d,fineweb_edu,1337,rlb_fused_global_rational,GRAIN,adafactor_came,CAME,rlb_came,GRAIN + CAME,2750,4.859949111938477,129.0176364829007,2724.128329582978
483,18l_1024d,fineweb_edu,1337,rlb_fused_global_rational,GRAIN,adafactor_came,CAME,rlb_came,GRAIN + CAME,2800,4.856171607971191,128.5311912021713,2773.2752157100476
483,18l_1024d,fineweb_edu,1337,rlb_fused_global_rational,GRAIN,adafactor_came,CAME,rlb_came,GRAIN + CAME,2850,4.852725028991699,128.0889608290865,2822.6912279189564
483,18l_1024d,fineweb_edu,1337,rlb_fused_global_rational,GRAIN,adafactor_came,CAME,rlb_came,GRAIN + CAME,2900,4.848479747772217,127.54633977368843,2871.873643849045
483,18l_1024d,fineweb_edu,1337,rlb_fused_global_rational,GRAIN,adafactor_came,CAME,rlb_came,GRAIN + CAME,2950,4.846667289733887,127.31537675352347,2921.490257150959
483,18l_1024d,fineweb_edu,1337,rlb_fused_global_rational,GRAIN,adafactor_came,CAME,rlb_came,GRAIN + CAME,3000,4.843101501464844,126.86220551314015,2971.0711315858644
483,18l_1024d,fineweb_edu,1337,rlb_fused_global_rational,GRAIN,adafactor_came,CAME,rlb_came,GRAIN + CAME,3050,4.841563701629639,126.66726676121498,3020.6894021260086
482,18l_1024d,fineweb_edu,1337,silu,SwiGLU,adafactor_came,CAME,silu_came,SwiGLU + CAME,1,11.024154663085938,61337.98964006594,1.863474669167772
482,18l_1024d,fineweb_edu,1337,silu,SwiGLU,adafactor_came,CAME,silu_came,SwiGLU + CAME,50,8.835314750671387,6872.716697684613,42.52444742503576
482,18l_1024d,fineweb_edu,1337,silu,SwiGLU,adafactor_came,CAME,silu_came,SwiGLU + CAME,100,7.708591461181641,2227.402664467904,84.94249887019396
482,18l_1024d,fineweb_edu,1337,silu,SwiGLU,adafactor_came,CAME,silu_came,SwiGLU + CAME,150,7.231606483459473,1382.441590695977,127.62268821918406
482,18l_1024d,fineweb_edu,1337,silu,SwiGLU,adafactor_came,CAME,silu_came,SwiGLU + CAME,200,6.902559280395508,994.8174772637576,170.2028643831145
482,18l_1024d,fineweb_edu,1337,silu,SwiGLU,adafactor_came,CAME,silu_came,SwiGLU + CAME,250,6.6668829917907715,785.9419948386253,212.8353916031774
482,18l_1024d,fineweb_edu,1337,silu,SwiGLU,adafactor_came,CAME,silu_came,SwiGLU + CAME,300,6.486403942108154,656.159527869694,255.47113905008882
482,18l_1024d,fineweb_edu,1337,silu,SwiGLU,adafactor_came,CAME,silu_came,SwiGLU + CAME,350,6.3266825675964355,559.2980792378402,298.1010336400941
482,18l_1024d,fineweb_edu,1337,silu,SwiGLU,adafactor_came,CAME,silu_came,SwiGLU + CAME,400,6.20656681060791,495.99547842656904,340.7218543731142
482,18l_1024d,fineweb_edu,1337,silu,SwiGLU,adafactor_came,CAME,silu_came,SwiGLU + CAME,450,6.09698486328125,444.51547257076635,383.5173140040133
482,18l_1024d,fineweb_edu,1337,silu,SwiGLU,adafactor_came,CAME,silu_came,SwiGLU + CAME,500,5.996993064880371,402.21753129138995,426.16440212214366
482,18l_1024d,fineweb_edu,1337,silu,SwiGLU,adafactor_came,CAME,silu_came,SwiGLU + CAME,550,5.910262107849121,368.8028088529688,468.83106491318904
482,18l_1024d,fineweb_edu,1337,silu,SwiGLU,adafactor_came,CAME,silu_came,SwiGLU + CAME,600,5.835488319396973,342.23181168523604,511.54867391916923
482,18l_1024d,fineweb_edu,1337,silu,SwiGLU,adafactor_came,CAME,silu_came,SwiGLU + CAME,650,5.765106201171875,318.97291753515145,554.327276376076
482,18l_1024d,fineweb_edu,1337,silu,SwiGLU,adafactor_came,CAME,silu_came,SwiGLU + CAME,700,5.698094367980957,298.2984119923207,597.125026319176
482,18l_1024d,fineweb_edu,1337,silu,SwiGLU,adafactor_came,CAME,silu_came,SwiGLU + CAME,750,5.636560916900635,280.4964073615838,640.1134679161478
482,18l_1024d,fineweb_edu,1337,silu,SwiGLU,adafactor_came,CAME,silu_came,SwiGLU + CAME,800,5.586908340454102,266.9091505681013,683.0236944830976
482,18l_1024d,fineweb_edu,1337,silu,SwiGLU,adafactor_came,CAME,silu_came,SwiGLU + CAME,850,5.538962364196777,254.41387350499474,725.9517130882014
482,18l_1024d,fineweb_edu,1337,silu,SwiGLU,adafactor_came,CAME,silu_came,SwiGLU + CAME,900,5.49561071395874,243.62026303347125,768.9689658090938
482,18l_1024d,fineweb_edu,1337,silu,SwiGLU,adafactor_came,CAME,silu_came,SwiGLU + CAME,950,5.452203750610352,233.27167247022462,811.9838487750385
482,18l_1024d,fineweb_edu,1337,silu,SwiGLU,adafactor_came,CAME,silu_came,SwiGLU + CAME,1000,5.413792133331299,224.48123845444644,855.0201250151731
482,18l_1024d,fineweb_edu,1337,silu,SwiGLU,adafactor_came,CAME,silu_came,SwiGLU + CAME,1050,5.383240222930908,217.72661647306268,898.0418506101705
482,18l_1024d,fineweb_edu,1337,silu,SwiGLU,adafactor_came,CAME,silu_came,SwiGLU + CAME,1100,5.346213340759277,209.8123040392079,940.9864701721817
482,18l_1024d,fineweb_edu,1337,silu,SwiGLU,adafactor_came,CAME,silu_came,SwiGLU + CAME,1150,5.313304901123047,203.02008217576463,984.2086520472076
482,18l_1024d,fineweb_edu,1337,silu,SwiGLU,adafactor_came,CAME,silu_came,SwiGLU + CAME,1200,5.285208702087402,197.39537597653427,1027.1468693020288
482,18l_1024d,fineweb_edu,1337,silu,SwiGLU,adafactor_came,CAME,silu_came,SwiGLU + CAME,1250,5.255923271179199,191.69839377689019,1070.1715009401087
482,18l_1024d,fineweb_edu,1337,silu,SwiGLU,adafactor_came,CAME,silu_came,SwiGLU + CAME,1300,5.230690956115723,186.92191374974803,1113.1263423250057
482,18l_1024d,fineweb_edu,1337,silu,SwiGLU,adafactor_came,CAME,silu_came,SwiGLU + CAME,1350,5.204668045043945,182.1204069616842,1156.0945229581557
482,18l_1024d,fineweb_edu,1337,silu,SwiGLU,adafactor_came,CAME,silu_came,SwiGLU + CAME,1400,5.184039115905762,178.40194381414736,1199.0848644271027
482,18l_1024d,fineweb_edu,1337,silu,SwiGLU,adafactor_came,CAME,silu_came,SwiGLU + CAME,1450,5.156193256378174,173.50271650924972,1242.0385304440279
482,18l_1024d,fineweb_edu,1337,silu,SwiGLU,adafactor_came,CAME,silu_came,SwiGLU + CAME,1500,5.1348795890808105,169.8438675871535,1285.1225763370749
482,18l_1024d,fineweb_edu,1337,silu,SwiGLU,adafactor_came,CAME,silu_came,SwiGLU + CAME,1550,5.116865634918213,166.8117005952912,1328.0431193280965
482,18l_1024d,fineweb_edu,1337,silu,SwiGLU,adafactor_came,CAME,silu_came,SwiGLU + CAME,1600,5.097537994384766,163.61858114246928,1370.8466594961938
482,18l_1024d,fineweb_edu,1337,silu,SwiGLU,adafactor_came,CAME,silu_came,SwiGLU + CAME,1650,5.078742980957031,160.57208684477618,1413.695929678157
482,18l_1024d,fineweb_edu,1337,silu,SwiGLU,adafactor_came,CAME,silu_came,SwiGLU + CAME,1700,5.064883232116699,158.36194940440035,1456.56610279507
482,18l_1024d,fineweb_edu,1337,silu,SwiGLU,adafactor_came,CAME,silu_came,SwiGLU + CAME,1750,5.0456085205078125,155.33879728723977,1499.3420993750915
482,18l_1024d,fineweb_edu,1337,silu,SwiGLU,adafactor_came,CAME,silu_came,SwiGLU + CAME,1800,5.034883975982666,153.68176080212422,1542.1134208680596
482,18l_1024d,fineweb_edu,1337,silu,SwiGLU,adafactor_came,CAME,silu_came,SwiGLU + CAME,1850,5.015497207641602,150.73106277371926,1584.848864918109
482,18l_1024d,fineweb_edu,1337,silu,SwiGLU,adafactor_came,CAME,silu_came,SwiGLU + CAME,1900,5.0008463859558105,148.53882709040644,1627.517551730154
482,18l_1024d,fineweb_edu,1337,silu,SwiGLU,adafactor_came,CAME,silu_came,SwiGLU + CAME,1950,4.989821434020996,146.91018799183587,1670.1631037420593
482,18l_1024d,fineweb_edu,1337,silu,SwiGLU,adafactor_came,CAME,silu_came,SwiGLU + CAME,2000,4.977530479431152,145.11557290102394,1712.81345173507
482,18l_1024d,fineweb_edu,1337,silu,SwiGLU,adafactor_came,CAME,silu_came,SwiGLU + CAME,2050,4.962952136993408,143.01537428929564,1755.4719174320344
482,18l_1024d,fineweb_edu,1337,silu,SwiGLU,adafactor_came,CAME,silu_came,SwiGLU + CAME,2100,4.952667236328125,141.5520135305451,1798.0815975810401
482,18l_1024d,fineweb_edu,1337,silu,SwiGLU,adafactor_came,CAME,silu_came,SwiGLU + CAME,2150,4.943730354309082,140.2926158125805,1840.696319514187
482,18l_1024d,fineweb_edu,1337,silu,SwiGLU,adafactor_came,CAME,silu_came,SwiGLU + CAME,2200,4.932805061340332,138.7682202802527,1883.3317679180764
482,18l_1024d,fineweb_edu,1337,silu,SwiGLU,adafactor_came,CAME,silu_came,SwiGLU + CAME,2250,4.924654006958008,137.64171032922042,1926.0049336610828
482,18l_1024d,fineweb_edu,1337,silu,SwiGLU,adafactor_came,CAME,silu_came,SwiGLU + CAME,2300,4.9129462242126465,136.03962780508874,1968.6949019050226
482,18l_1024d,fineweb_edu,1337,silu,SwiGLU,adafactor_came,CAME,silu_came,SwiGLU + CAME,2350,4.9062275886535645,135.12869067820367,2011.321477576159
482,18l_1024d,fineweb_edu,1337,silu,SwiGLU,adafactor_came,CAME,silu_came,SwiGLU + CAME,2400,4.896444797515869,133.81319999722695,2053.9400245570578
482,18l_1024d,fineweb_edu,1337,silu,SwiGLU,adafactor_came,CAME,silu_came,SwiGLU + CAME,2450,4.892583847045898,133.2975499500189,2096.549022513209
482,18l_1024d,fineweb_edu,1337,silu,SwiGLU,adafactor_came,CAME,silu_came,SwiGLU + CAME,2500,4.883852481842041,132.1387466897971,2139.300632505212
482,18l_1024d,fineweb_edu,1337,silu,SwiGLU,adafactor_came,CAME,silu_came,SwiGLU + CAME,2550,4.876730442047119,131.2009926022263,2182.083039793186
482,18l_1024d,fineweb_edu,1337,silu,SwiGLU,adafactor_came,CAME,silu_came,SwiGLU + CAME,2600,4.871702194213867,130.54293731447328,2224.9071193991695
482,18l_1024d,fineweb_edu,1337,silu,SwiGLU,adafactor_came,CAME,silu_came,SwiGLU + CAME,2650,4.866681098937988,129.8891116228244,2267.76677860599
482,18l_1024d,fineweb_edu,1337,silu,SwiGLU,adafactor_came,CAME,silu_came,SwiGLU + CAME,2700,4.860311508178711,129.0644004623194,2310.6834929022007
482,18l_1024d,fineweb_edu,1337,silu,SwiGLU,adafactor_came,CAME,silu_came,SwiGLU + CAME,2750,4.855563640594482,128.45307218034546,2353.6570477490313
482,18l_1024d,fineweb_edu,1337,silu,SwiGLU,adafactor_came,CAME,silu_came,SwiGLU + CAME,2800,4.8520402908325195,128.001283451286,2396.718814104097
482,18l_1024d,fineweb_edu,1337,silu,SwiGLU,adafactor_came,CAME,silu_came,SwiGLU + CAME,2850,4.847975730895996,127.48207046371128,2439.56265541818
482,18l_1024d,fineweb_edu,1337,silu,SwiGLU,adafactor_came,CAME,silu_came,SwiGLU + CAME,2900,4.843958854675293,126.97101787096842,2482.389551355038
482,18l_1024d,fineweb_edu,1337,silu,SwiGLU,adafactor_came,CAME,silu_came,SwiGLU + CAME,2950,4.8412604331970215,126.6288584020762,2525.229206462158
482,18l_1024d,fineweb_edu,1337,silu,SwiGLU,adafactor_came,CAME,silu_came,SwiGLU + CAME,3000,4.838780403137207,126.31520412358076,2567.969776825048
482,18l_1024d,fineweb_edu,1337,silu,SwiGLU,adafactor_came,CAME,silu_came,SwiGLU + CAME,3050,4.8352813720703125,125.87399565135775,2610.652614868013
497,18l_1024d,fineweb_edu,2027,rlb_fused_global_rational,GRAIN,adafactor_came,CAME,rlb_came,GRAIN + CAME,1,11.012125968933105,60604.59346475034,2.2639287889469415
497,18l_1024d,fineweb_edu,2027,rlb_fused_global_rational,GRAIN,adafactor_came,CAME,rlb_came,GRAIN + CAME,50,8.791258811950684,6576.505550843571,48.661855404032394
497,18l_1024d,fineweb_edu,2027,rlb_fused_global_rational,GRAIN,adafactor_came,CAME,rlb_came,GRAIN + CAME,100,7.557624340057373,1915.2900265776625,95.94732703105547
497,18l_1024d,fineweb_edu,2027,rlb_fused_global_rational,GRAIN,adafactor_came,CAME,rlb_came,GRAIN + CAME,150,7.125453472137451,1243.211801161933,143.2215034009423
497,18l_1024d,fineweb_edu,2027,rlb_fused_global_rational,GRAIN,adafactor_came,CAME,rlb_came,GRAIN + CAME,200,6.813426494598389,909.9835246787611,190.35908317705616
497,18l_1024d,fineweb_edu,2027,rlb_fused_global_rational,GRAIN,adafactor_came,CAME,rlb_came,GRAIN + CAME,250,6.6076226234436035,740.719953559681,237.66611915803514
497,18l_1024d,fineweb_edu,2027,rlb_fused_global_rational,GRAIN,adafactor_came,CAME,rlb_came,GRAIN + CAME,300,6.429873943328857,620.0957758764604,284.82543881214224
497,18l_1024d,fineweb_edu,2027,rlb_fused_global_rational,GRAIN,adafactor_came,CAME,rlb_came,GRAIN + CAME,350,6.29123067855835,539.8172619866058,332.1368703020271
497,18l_1024d,fineweb_edu,2027,rlb_fused_global_rational,GRAIN,adafactor_came,CAME,rlb_came,GRAIN + CAME,400,6.167793273925781,477.1320437817554,379.2985237010289
497,18l_1024d,fineweb_edu,2027,rlb_fused_global_rational,GRAIN,adafactor_came,CAME,rlb_came,GRAIN + CAME,450,6.065659999847412,430.80691636219836,426.60609381715767
497,18l_1024d,fineweb_edu,2027,rlb_fused_global_rational,GRAIN,adafactor_came,CAME,rlb_came,GRAIN + CAME,500,5.978716850280762,394.9332843597399,473.75200499710627
497,18l_1024d,fineweb_edu,2027,rlb_fused_global_rational,GRAIN,adafactor_came,CAME,rlb_came,GRAIN + CAME,550,5.894336700439453,362.9759942151866,521.0579301109537
497,18l_1024d,fineweb_edu,2027,rlb_fused_global_rational,GRAIN,adafactor_came,CAME,rlb_came,GRAIN + CAME,600,5.820315837860107,337.0784989712553,568.20974496915
497,18l_1024d,fineweb_edu,2027,rlb_fused_global_rational,GRAIN,adafactor_came,CAME,rlb_came,GRAIN + CAME,650,5.74925422668457,313.9564326265209,615.5151242199354
497,18l_1024d,fineweb_edu,2027,rlb_fused_global_rational,GRAIN,adafactor_came,CAME,rlb_came,GRAIN + CAME,700,5.690737247467041,296.1118478966762,662.6637907221448
497,18l_1024d,fineweb_edu,2027,rlb_fused_global_rational,GRAIN,adafactor_came,CAME,rlb_came,GRAIN + CAME,750,5.633223056793213,279.5617104048309,709.9766983829904
497,18l_1024d,fineweb_edu,2027,rlb_fused_global_rational,GRAIN,adafactor_came,CAME,rlb_came,GRAIN + CAME,800,5.576577186584473,264.16586611109926,757.1242454550229
497,18l_1024d,fineweb_edu,2027,rlb_fused_global_rational,GRAIN,adafactor_came,CAME,rlb_came,GRAIN + CAME,850,5.535017490386963,253.4122198761149,804.419921085937
497,18l_1024d,fineweb_edu,2027,rlb_fused_global_rational,GRAIN,adafactor_came,CAME,rlb_came,GRAIN + CAME,900,5.487160682678223,241.57033735588033,851.5512060669716
497,18l_1024d,fineweb_edu,2027,rlb_fused_global_rational,GRAIN,adafactor_came,CAME,rlb_came,GRAIN + CAME,950,5.444821834564209,231.55602075742553,898.8453108409885
497,18l_1024d,fineweb_edu,2027,rlb_fused_global_rational,GRAIN,adafactor_came,CAME,rlb_came,GRAIN + CAME,1000,5.409300804138184,223.4752800510601,945.97044620011
497,18l_1024d,fineweb_edu,2027,rlb_fused_global_rational,GRAIN,adafactor_came,CAME,rlb_came,GRAIN + CAME,1050,5.373694896697998,215.65823229486125,993.2805081200786
497,18l_1024d,fineweb_edu,2027,rlb_fused_global_rational,GRAIN,adafactor_came,CAME,rlb_came,GRAIN + CAME,1100,5.336937427520752,207.87510186036732,1040.4411334651522
497,18l_1024d,fineweb_edu,2027,rlb_fused_global_rational,GRAIN,adafactor_came,CAME,rlb_came,GRAIN + CAME,1150,5.305969715118408,201.53634052354423,1087.760834813118
497,18l_1024d,fineweb_edu,2027,rlb_fused_global_rational,GRAIN,adafactor_came,CAME,rlb_came,GRAIN + CAME,1200,5.278238296508789,196.02423440464833,1134.916530763032
497,18l_1024d,fineweb_edu,2027,rlb_fused_global_rational,GRAIN,adafactor_came,CAME,rlb_came,GRAIN + CAME,1250,5.252415657043457,191.02716767036344,1182.2401035591029
497,18l_1024d,fineweb_edu,2027,rlb_fused_global_rational,GRAIN,adafactor_came,CAME,rlb_came,GRAIN + CAME,1300,5.221808910369873,185.26901618333133,1229.406234712107
497,18l_1024d,fineweb_edu,2027,rlb_fused_global_rational,GRAIN,adafactor_came,CAME,rlb_came,GRAIN + CAME,1350,5.201157569885254,181.48219865975923,1276.7219405041542
497,18l_1024d,fineweb_edu,2027,rlb_fused_global_rational,GRAIN,adafactor_came,CAME,rlb_came,GRAIN + CAME,1400,5.1769022941589355,177.1332535350206,1323.8773527119774
497,18l_1024d,fineweb_edu,2027,rlb_fused_global_rational,GRAIN,adafactor_came,CAME,rlb_came,GRAIN + CAME,1450,5.153539657592773,173.04292023867757,1371.1919129870366
497,18l_1024d,fineweb_edu,2027,rlb_fused_global_rational,GRAIN,adafactor_came,CAME,rlb_came,GRAIN + CAME,1500,5.135436534881592,169.93848776270352,1418.347847018158
497,18l_1024d,fineweb_edu,2027,rlb_fused_global_rational,GRAIN,adafactor_came,CAME,rlb_came,GRAIN + CAME,1550,5.11029052734375,165.7184936343438,1465.6723707481287
497,18l_1024d,fineweb_edu,2027,rlb_fused_global_rational,GRAIN,adafactor_came,CAME,rlb_came,GRAIN + CAME,1600,5.090796947479248,162.5193298273638,1512.8269122480415
497,18l_1024d,fineweb_edu,2027,rlb_fused_global_rational,GRAIN,adafactor_came,CAME,rlb_came,GRAIN + CAME,1650,5.073680877685547,159.76130821257541,1560.1542458911426
497,18l_1024d,fineweb_edu,2027,rlb_fused_global_rational,GRAIN,adafactor_came,CAME,rlb_came,GRAIN + CAME,1700,5.058788299560547,157.39967946738457,1607.3017480440903
497,18l_1024d,fineweb_edu,2027,rlb_fused_global_rational,GRAIN,adafactor_came,CAME,rlb_came,GRAIN + CAME,1750,5.039158344268799,154.34005914917137,1654.5854402449913
497,18l_1024d,fineweb_edu,2027,rlb_fused_global_rational,GRAIN,adafactor_came,CAME,rlb_came,GRAIN + CAME,1800,5.021500587463379,151.63868025480673,1701.7074318891391
497,18l_1024d,fineweb_edu,2027,rlb_fused_global_rational,GRAIN,adafactor_came,CAME,rlb_came,GRAIN + CAME,1850,5.010218620300293,149.93751195007616,1748.988104352029
497,18l_1024d,fineweb_edu,2027,rlb_fused_global_rational,GRAIN,adafactor_came,CAME,rlb_came,GRAIN + CAME,1900,4.992428302764893,147.29366318665424,1796.1144287181087
497,18l_1024d,fineweb_edu,2027,rlb_fused_global_rational,GRAIN,adafactor_came,CAME,rlb_came,GRAIN + CAME,1950,4.982929706573486,145.9012038323949,1843.3993948809803
497,18l_1024d,fineweb_edu,2027,rlb_fused_global_rational,GRAIN,adafactor_came,CAME,rlb_came,GRAIN + CAME,2000,4.97177267074585,144.28242604682916,1890.5323011360597
497,18l_1024d,fineweb_edu,2027,rlb_fused_global_rational,GRAIN,adafactor_came,CAME,rlb_came,GRAIN + CAME,2050,4.960025787353516,142.59747306102497,1937.809725105064
497,18l_1024d,fineweb_edu,2027,rlb_fused_global_rational,GRAIN,adafactor_came,CAME,rlb_came,GRAIN + CAME,2100,4.950976371765137,141.31287048327502,1984.9377587621566
497,18l_1024d,fineweb_edu,2027,rlb_fused_global_rational,GRAIN,adafactor_came,CAME,rlb_came,GRAIN + CAME,2150,4.938506126403809,139.56160635674007,2032.2150697160978
497,18l_1024d,fineweb_edu,2027,rlb_fused_global_rational,GRAIN,adafactor_came,CAME,rlb_came,GRAIN + CAME,2200,4.9277849197387695,138.07332984820704,2079.3436087679584
497,18l_1024d,fineweb_edu,2027,rlb_fused_global_rational,GRAIN,adafactor_came,CAME,rlb_came,GRAIN + CAME,2250,4.919618129730225,136.95030594953653,2126.629086280009
497,18l_1024d,fineweb_edu,2027,rlb_fused_global_rational,GRAIN,adafactor_came,CAME,rlb_came,GRAIN + CAME,2300,4.91043758392334,135.69878102357245,2173.756228066981
497,18l_1024d,fineweb_edu,2027,rlb_fused_global_rational,GRAIN,adafactor_came,CAME,rlb_came,GRAIN + CAME,2350,4.904367446899414,134.87756579484034,2221.0437999130227
497,18l_1024d,fineweb_edu,2027,rlb_fused_global_rational,GRAIN,adafactor_came,CAME,rlb_came,GRAIN + CAME,2400,4.895458221435547,133.68124819582656,2268.1794247841462
497,18l_1024d,fineweb_edu,2027,rlb_fused_global_rational,GRAIN,adafactor_came,CAME,rlb_came,GRAIN + CAME,2450,4.8902082443237305,132.98126376141104,2315.4574033010285
497,18l_1024d,fineweb_edu,2027,rlb_fused_global_rational,GRAIN,adafactor_came,CAME,rlb_came,GRAIN + CAME,2500,4.881854057312012,131.87494106265981,2362.5905323480256
497,18l_1024d,fineweb_edu,2027,rlb_fused_global_rational,GRAIN,adafactor_came,CAME,rlb_came,GRAIN + CAME,2550,4.876090049743652,131.1169993935293,2409.872781208949
497,18l_1024d,fineweb_edu,2027,rlb_fused_global_rational,GRAIN,adafactor_came,CAME,rlb_came,GRAIN + CAME,2600,4.8706865310668945,130.41041697335078,2456.9944480401464
497,18l_1024d,fineweb_edu,2027,rlb_fused_global_rational,GRAIN,adafactor_came,CAME,rlb_came,GRAIN + CAME,2650,4.865005016326904,129.67158908525857,2504.272115858039
497,18l_1024d,fineweb_edu,2027,rlb_fused_global_rational,GRAIN,adafactor_came,CAME,rlb_came,GRAIN + CAME,2700,4.859018325805664,128.8976045266803,2551.3953478899784
497,18l_1024d,fineweb_edu,2027,rlb_fused_global_rational,GRAIN,adafactor_came,CAME,rlb_came,GRAIN + CAME,2750,4.856197357177734,128.53450082097064,2598.6697607520036
497,18l_1024d,fineweb_edu,2027,rlb_fused_global_rational,GRAIN,adafactor_came,CAME,rlb_came,GRAIN + CAME,2800,4.851178169250488,127.89097833733669,2645.791258394951
497,18l_1024d,fineweb_edu,2027,rlb_fused_global_rational,GRAIN,adafactor_came,CAME,rlb_came,GRAIN + CAME,2850,4.848223686218262,127.51368424081637,2693.0685211371165
497,18l_1024d,fineweb_edu,2027,rlb_fused_global_rational,GRAIN,adafactor_came,CAME,rlb_came,GRAIN + CAME,2900,4.844667434692383,127.0610188796738,2740.1928656611126
497,18l_1024d,fineweb_edu,2027,rlb_fused_global_rational,GRAIN,adafactor_came,CAME,rlb_came,GRAIN + CAME,2950,4.842715263366699,126.81321595758173,2787.474372579949
497,18l_1024d,fineweb_edu,2027,rlb_fused_global_rational,GRAIN,adafactor_came,CAME,rlb_came,GRAIN + CAME,3000,4.839822292327881,126.44687915285824,2834.6057492890395
497,18l_1024d,fineweb_edu,2027,rlb_fused_global_rational,GRAIN,adafactor_came,CAME,rlb_came,GRAIN + CAME,3050,4.835124969482422,125.85431017215981,2881.8898107151035
496,18l_1024d,fineweb_edu,2027,silu,SwiGLU,adafactor_came,CAME,silu_came,SwiGLU + CAME,1,11.021718978881836,61188.77146553407,1.8092744690002291
496,18l_1024d,fineweb_edu,2027,silu,SwiGLU,adafactor_came,CAME,silu_came,SwiGLU + CAME,50,8.868783950805664,7106.633700295105,38.6279943749978
496,18l_1024d,fineweb_edu,2027,silu,SwiGLU,adafactor_came,CAME,silu_came,SwiGLU + CAME,100,7.7068681716918945,2223.567510356293,76.55918282699713
496,18l_1024d,fineweb_edu,2027,silu,SwiGLU,adafactor_came,CAME,silu_came,SwiGLU + CAME,150,7.251498222351074,1410.2160835159789,114.54488266399858
496,18l_1024d,fineweb_edu,2027,silu,SwiGLU,adafactor_came,CAME,silu_came,SwiGLU + CAME,200,6.929247856140137,1021.7252062044607,152.5726156210003
496,18l_1024d,fineweb_edu,2027,silu,SwiGLU,adafactor_came,CAME,silu_came,SwiGLU + CAME,250,6.699670791625977,812.1384183854835,190.664491755997
496,18l_1024d,fineweb_edu,2027,silu,SwiGLU,adafactor_came,CAME,silu_came,SwiGLU + CAME,300,6.512548446655273,673.54071484768,228.781589213002
496,18l_1024d,fineweb_edu,2027,silu,SwiGLU,adafactor_came,CAME,silu_came,SwiGLU + CAME,350,6.3531107902526855,574.2763866376982,266.86492152300343
496,18l_1024d,fineweb_edu,2027,silu,SwiGLU,adafactor_came,CAME,silu_came,SwiGLU + CAME,400,6.22215461730957,503.7875328126772,304.99206827700255
496,18l_1024d,fineweb_edu,2027,silu,SwiGLU,adafactor_came,CAME,silu_came,SwiGLU + CAME,450,6.101579666137695,446.56263308167735,343.230634284002
496,18l_1024d,fineweb_edu,2027,silu,SwiGLU,adafactor_came,CAME,silu_came,SwiGLU + CAME,500,6.007045269012451,406.2810936833228,381.31302537999727
496,18l_1024d,fineweb_edu,2027,silu,SwiGLU,adafactor_came,CAME,silu_came,SwiGLU + CAME,550,5.923614025115967,373.7600541638676,419.4395922199983
496,18l_1024d,fineweb_edu,2027,silu,SwiGLU,adafactor_came,CAME,silu_came,SwiGLU + CAME,600,5.836521625518799,342.5856246784188,457.6856419780015
496,18l_1024d,fineweb_edu,2027,silu,SwiGLU,adafactor_came,CAME,silu_came,SwiGLU + CAME,650,5.765354156494141,319.0520183740446,495.7727250930038
496,18l_1024d,fineweb_edu,2027,silu,SwiGLU,adafactor_came,CAME,silu_came,SwiGLU + CAME,700,5.703478813171387,299.9089153847004,533.9018027589991
496,18l_1024d,fineweb_edu,2027,silu,SwiGLU,adafactor_came,CAME,silu_came,SwiGLU + CAME,750,5.6472272872924805,283.5042990619407,572.0353998779974
496,18l_1024d,fineweb_edu,2027,silu,SwiGLU,adafactor_came,CAME,silu_came,SwiGLU + CAME,800,5.590317249298096,267.82057212591064,610.134676447
496,18l_1024d,fineweb_edu,2027,silu,SwiGLU,adafactor_came,CAME,silu_came,SwiGLU + CAME,850,5.544681072235107,255.8729602375339,648.2824966030021
496,18l_1024d,fineweb_edu,2027,silu,SwiGLU,adafactor_came,CAME,silu_came,SwiGLU + CAME,900,5.499469757080078,244.56222049198882,686.4779006419994
496,18l_1024d,fineweb_edu,2027,silu,SwiGLU,adafactor_came,CAME,silu_came,SwiGLU + CAME,950,5.457300662994385,234.46367292689447,724.6209809670036
496,18l_1024d,fineweb_edu,2027,silu,SwiGLU,adafactor_came,CAME,silu_came,SwiGLU + CAME,1000,5.423254013061523,226.61533328711562,762.7805510670005
496,18l_1024d,fineweb_edu,2027,silu,SwiGLU,adafactor_came,CAME,silu_came,SwiGLU + CAME,1050,5.385221004486084,218.15831274590417,800.949117891003
496,18l_1024d,fineweb_edu,2027,silu,SwiGLU,adafactor_came,CAME,silu_came,SwiGLU + CAME,1100,5.350151538848877,210.64021562402613,839.0670657610026
496,18l_1024d,fineweb_edu,2027,silu,SwiGLU,adafactor_came,CAME,silu_came,SwiGLU + CAME,1150,5.318923473358154,204.1639756875746,877.2210072399976
496,18l_1024d,fineweb_edu,2027,silu,SwiGLU,adafactor_came,CAME,silu_came,SwiGLU + CAME,1200,5.288331031799316,198.01267262427334,915.4043758819971
496,18l_1024d,fineweb_edu,2027,silu,SwiGLU,adafactor_came,CAME,silu_came,SwiGLU + CAME,1250,5.261333465576172,192.7383299446305,953.5836464780004
496,18l_1024d,fineweb_edu,2027,silu,SwiGLU,adafactor_came,CAME,silu_came,SwiGLU + CAME,1300,5.233057022094727,187.36470696300754,991.849868983998
496,18l_1024d,fineweb_edu,2027,silu,SwiGLU,adafactor_came,CAME,silu_came,SwiGLU + CAME,1350,5.213064193725586,183.6559542976354,1030.0485235579981
496,18l_1024d,fineweb_edu,2027,silu,SwiGLU,adafactor_came,CAME,silu_came,SwiGLU + CAME,1400,5.189220428466797,179.32869887706434,1068.2459340959977
496,18l_1024d,fineweb_edu,2027,silu,SwiGLU,adafactor_came,CAME,silu_came,SwiGLU + CAME,1450,5.165701866149902,175.16035456215687,1106.4042262810035
496,18l_1024d,fineweb_edu,2027,silu,SwiGLU,adafactor_came,CAME,silu_came,SwiGLU + CAME,1500,5.146707534790039,171.8646992158916,1144.5882604959988
496,18l_1024d,fineweb_edu,2027,silu,SwiGLU,adafactor_came,CAME,silu_came,SwiGLU + CAME,1550,5.125563621520996,168.26895493424877,1182.7748895269979
496,18l_1024d,fineweb_edu,2027,silu,SwiGLU,adafactor_came,CAME,silu_came,SwiGLU + CAME,1600,5.105334758758545,164.89926276557236,1220.8886474570027
496,18l_1024d,fineweb_edu,2027,silu,SwiGLU,adafactor_came,CAME,silu_came,SwiGLU + CAME,1650,5.089761257171631,162.35109726611566,1259.1787215820004
496,18l_1024d,fineweb_edu,2027,silu,SwiGLU,adafactor_came,CAME,silu_came,SwiGLU + CAME,1700,5.073417663574219,159.71926231558908,1297.3643462800028
496,18l_1024d,fineweb_edu,2027,silu,SwiGLU,adafactor_came,CAME,silu_came,SwiGLU + CAME,1750,5.054337501525879,156.70068198556777,1335.502164014004
496,18l_1024d,fineweb_edu,2027,silu,SwiGLU,adafactor_came,CAME,silu_came,SwiGLU + CAME,1800,5.036435604095459,153.92040283657454,1373.6800620779977
496,18l_1024d,fineweb_edu,2027,silu,SwiGLU,adafactor_came,CAME,silu_came,SwiGLU + CAME,1850,5.026415824890137,152.38585513803045,1411.8821542229998
496,18l_1024d,fineweb_edu,2027,silu,SwiGLU,adafactor_came,CAME,silu_came,SwiGLU + CAME,1900,5.009451866149902,149.82259080425223,1450.0352031689981
496,18l_1024d,fineweb_edu,2027,silu,SwiGLU,adafactor_came,CAME,silu_came,SwiGLU + CAME,1950,4.997591495513916,148.05613546219192,1488.2433409639998
496,18l_1024d,fineweb_edu,2027,silu,SwiGLU,adafactor_came,CAME,silu_came,SwiGLU + CAME,2000,4.986872673034668,146.477623039755,1526.5835419919968
496,18l_1024d,fineweb_edu,2027,silu,SwiGLU,adafactor_came,CAME,silu_came,SwiGLU + CAME,2050,4.977245330810547,145.07419929467656,1564.757906015002
496,18l_1024d,fineweb_edu,2027,silu,SwiGLU,adafactor_came,CAME,silu_came,SwiGLU + CAME,2100,4.964349746704102,143.2153937071628,1602.9526376249996
496,18l_1024d,fineweb_edu,2027,silu,SwiGLU,adafactor_came,CAME,silu_came,SwiGLU + CAME,2150,4.95341682434082,141.6581590007764,1641.1510760419987
496,18l_1024d,fineweb_edu,2027,silu,SwiGLU,adafactor_came,CAME,silu_came,SwiGLU + CAME,2200,4.9457855224609375,140.58123720970275,1679.3323957210014
496,18l_1024d,fineweb_edu,2027,silu,SwiGLU,adafactor_came,CAME,silu_came,SwiGLU + CAME,2250,4.935081958770752,139.0845412629916,1717.5214903500018
496,18l_1024d,fineweb_edu,2027,silu,SwiGLU,adafactor_came,CAME,silu_came,SwiGLU + CAME,2300,4.926805019378662,137.93809801025174,1755.7205083899971
496,18l_1024d,fineweb_edu,2027,silu,SwiGLU,adafactor_came,CAME,silu_came,SwiGLU + CAME,2350,4.919512748718262,136.93587474810758,1793.9151919990036
496,18l_1024d,fineweb_edu,2027,silu,SwiGLU,adafactor_came,CAME,silu_came,SwiGLU + CAME,2400,4.911863327026367,135.89239061067624,1832.0945330989998
496,18l_1024d,fineweb_edu,2027,silu,SwiGLU,adafactor_came,CAME,silu_came,SwiGLU + CAME,2450,4.905909061431885,135.0856553661158,1870.315237390998
496,18l_1024d,fineweb_edu,2027,silu,SwiGLU,adafactor_came,CAME,silu_came,SwiGLU + CAME,2500,4.898697853088379,134.11502846363018,1908.5295685739984
496,18l_1024d,fineweb_edu,2027,silu,SwiGLU,adafactor_came,CAME,silu_came,SwiGLU + CAME,2550,4.893322944641113,133.39610626551638,1946.7022464289985
496,18l_1024d,fineweb_edu,2027,silu,SwiGLU,adafactor_came,CAME,silu_came,SwiGLU + CAME,2600,4.887855529785156,132.6687645636517,1984.9349241559976
496,18l_1024d,fineweb_edu,2027,silu,SwiGLU,adafactor_came,CAME,silu_came,SwiGLU + CAME,2650,4.881906986236572,131.88192124619192,2023.1542275370011
496,18l_1024d,fineweb_edu,2027,silu,SwiGLU,adafactor_came,CAME,silu_came,SwiGLU + CAME,2700,4.87605094909668,131.11187273425242,2061.447450726002
496,18l_1024d,fineweb_edu,2027,silu,SwiGLU,adafactor_came,CAME,silu_came,SwiGLU + CAME,2750,4.872291088104248,130.61983589301934,2099.662363465999
496,18l_1024d,fineweb_edu,2027,silu,SwiGLU,adafactor_came,CAME,silu_came,SwiGLU + CAME,2800,4.868517875671387,130.12790816180177,2137.8749015549984
496,18l_1024d,fineweb_edu,2027,silu,SwiGLU,adafactor_came,CAME,silu_came,SwiGLU + CAME,2850,4.865076541900635,129.68086425176628,2176.0413367090005
496,18l_1024d,fineweb_edu,2027,silu,SwiGLU,adafactor_came,CAME,silu_came,SwiGLU + CAME,2900,4.861753463745117,129.2506398351715,2214.240967994003
496,18l_1024d,fineweb_edu,2027,silu,SwiGLU,adafactor_came,CAME,silu_came,SwiGLU + CAME,2950,4.859318256378174,128.93627065728862,2252.4486119089997
496,18l_1024d,fineweb_edu,2027,silu,SwiGLU,adafactor_came,CAME,silu_came,SwiGLU + CAME,3000,4.855620861053467,128.46042253438688,2290.7048939829983
496,18l_1024d,fineweb_edu,2027,silu,SwiGLU,adafactor_came,CAME,silu_came,SwiGLU + CAME,3050,4.853031635284424,128.1282397317769,2328.8998338610036
511,18l_1024d,fineweb_edu,3407,rlb_fused_global_rational,GRAIN,adafactor_came,CAME,rlb_came,GRAIN + CAME,1,11.062820434570312,63756.11847988485,2.2809205579105765
511,18l_1024d,fineweb_edu,3407,rlb_fused_global_rational,GRAIN,adafactor_came,CAME,rlb_came,GRAIN + CAME,50,8.739477157592773,6244.629901248734,48.82494858885184
511,18l_1024d,fineweb_edu,3407,rlb_fused_global_rational,GRAIN,adafactor_came,CAME,rlb_came,GRAIN + CAME,100,7.492819786071777,1795.1067790190211,96.13965867180377
511,18l_1024d,fineweb_edu,3407,rlb_fused_global_rational,GRAIN,adafactor_came,CAME,rlb_came,GRAIN + CAME,150,7.068731307983398,1174.6568107794553,143.543865730986
511,18l_1024d,fineweb_edu,3407,rlb_fused_global_rational,GRAIN,adafactor_came,CAME,rlb_came,GRAIN + CAME,200,6.770497798919678,871.7457400854031,190.90855366690084
511,18l_1024d,fineweb_edu,3407,rlb_fused_global_rational,GRAIN,adafactor_came,CAME,rlb_came,GRAIN + CAME,250,6.550449371337891,699.5584647171578,238.314910559915
511,18l_1024d,fineweb_edu,3407,rlb_fused_global_rational,GRAIN,adafactor_came,CAME,rlb_came,GRAIN + CAME,300,6.384313583374023,592.4779063030423,285.6905023928266
511,18l_1024d,fineweb_edu,3407,rlb_fused_global_rational,GRAIN,adafactor_came,CAME,rlb_came,GRAIN + CAME,350,6.247462272644043,516.699915959219,333.10318952496164
511,18l_1024d,fineweb_edu,3407,rlb_fused_global_rational,GRAIN,adafactor_came,CAME,rlb_came,GRAIN + CAME,400,6.12928581237793,459.10815420386973,380.4921484498773
511,18l_1024d,fineweb_edu,3407,rlb_fused_global_rational,GRAIN,adafactor_came,CAME,rlb_came,GRAIN + CAME,450,6.028324127197266,415.01892732273103,427.90862964000553
511,18l_1024d,fineweb_edu,3407,rlb_fused_global_rational,GRAIN,adafactor_came,CAME,rlb_came,GRAIN + CAME,500,5.93664026260376,378.66058986926635,475.2773177269846
511,18l_1024d,fineweb_edu,3407,rlb_fused_global_rational,GRAIN,adafactor_came,CAME,rlb_came,GRAIN + CAME,550,5.85891056060791,350.34225937951726,522.8069412328769
511,18l_1024d,fineweb_edu,3407,rlb_fused_global_rational,GRAIN,adafactor_came,CAME,rlb_came,GRAIN + CAME,600,5.791083812713623,327.36763738163984,570.0632359660231
511,18l_1024d,fineweb_edu,3407,rlb_fused_global_rational,GRAIN,adafactor_came,CAME,rlb_came,GRAIN + CAME,650,5.729954242706299,307.95517685954417,617.6015895898454
511,18l_1024d,fineweb_edu,3407,rlb_fused_global_rational,GRAIN,adafactor_came,CAME,rlb_came,GRAIN + CAME,700,5.669454574584961,289.876385318621,664.8603908140212
511,18l_1024d,fineweb_edu,3407,rlb_fused_global_rational,GRAIN,adafactor_came,CAME,rlb_came,GRAIN + CAME,750,5.617336273193359,275.1554671988564,712.2798890050035
511,18l_1024d,fineweb_edu,3407,rlb_fused_global_rational,GRAIN,adafactor_came,CAME,rlb_came,GRAIN + CAME,800,5.564924240112305,261.1054216430139,759.650866565993
511,18l_1024d,fineweb_edu,3407,rlb_fused_global_rational,GRAIN,adafactor_came,CAME,rlb_came,GRAIN + CAME,850,5.5228681564331055,250.352057298921,807.0699960119091
511,18l_1024d,fineweb_edu,3407,rlb_fused_global_rational,GRAIN,adafactor_came,CAME,rlb_came,GRAIN + CAME,900,5.482661247253418,240.4858488450256,854.325499892002
511,18l_1024d,fineweb_edu,3407,rlb_fused_global_rational,GRAIN,adafactor_came,CAME,rlb_came,GRAIN + CAME,950,5.443759918212891,231.31025814549992,901.8616592609324
511,18l_1024d,fineweb_edu,3407,rlb_fused_global_rational,GRAIN,adafactor_came,CAME,rlb_came,GRAIN + CAME,1000,5.404715538024902,222.45293208224433,949.1183258469682
511,18l_1024d,fineweb_edu,3407,rlb_fused_global_rational,GRAIN,adafactor_came,CAME,rlb_came,GRAIN + CAME,1050,5.371372222900391,215.15790983733172,996.5337683078833
511,18l_1024d,fineweb_edu,3407,rlb_fused_global_rational,GRAIN,adafactor_came,CAME,rlb_came,GRAIN + CAME,1100,5.341846942901611,208.89817721738865,1043.8998659439385
511,18l_1024d,fineweb_edu,3407,rlb_fused_global_rational,GRAIN,adafactor_came,CAME,rlb_came,GRAIN + CAME,1150,5.311385631561279,202.6308055944587,1091.4210778370034
511,18l_1024d,fineweb_edu,3407,rlb_fused_global_rational,GRAIN,adafactor_came,CAME,rlb_came,GRAIN + CAME,1200,5.282344818115234,196.83086725267194,1138.679539293982
511,18l_1024d,fineweb_edu,3407,rlb_fused_global_rational,GRAIN,adafactor_came,CAME,rlb_came,GRAIN + CAME,1250,5.2571563720703125,191.93492303933263,1186.2048486280255
511,18l_1024d,fineweb_edu,3407,rlb_fused_global_rational,GRAIN,adafactor_came,CAME,rlb_came,GRAIN + CAME,1300,5.227954387664795,186.41108841083596,1233.5653100218624
511,18l_1024d,fineweb_edu,3407,rlb_fused_global_rational,GRAIN,adafactor_came,CAME,rlb_came,GRAIN + CAME,1350,5.203696250915527,181.94350938746734,1280.977026302833
511,18l_1024d,fineweb_edu,3407,rlb_fused_global_rational,GRAIN,adafactor_came,CAME,rlb_came,GRAIN + CAME,1400,5.179521083831787,177.5977361958403,1328.2379366809037
511,18l_1024d,fineweb_edu,3407,rlb_fused_global_rational,GRAIN,adafactor_came,CAME,rlb_came,GRAIN + CAME,1450,5.15769100189209,173.7627741260038,1375.7594990979414
511,18l_1024d,fineweb_edu,3407,rlb_fused_global_rational,GRAIN,adafactor_came,CAME,rlb_came,GRAIN + CAME,1500,5.136844635009766,170.177946720633,1423.0226660238113
511,18l_1024d,fineweb_edu,3407,rlb_fused_global_rational,GRAIN,adafactor_came,CAME,rlb_came,GRAIN + CAME,1550,5.115593433380127,166.59961742809355,1470.4421491879039
511,18l_1024d,fineweb_edu,3407,rlb_fused_global_rational,GRAIN,adafactor_came,CAME,rlb_came,GRAIN + CAME,1600,5.098834037780762,163.83077540080242,1517.8208011118695
511,18l_1024d,fineweb_edu,3407,rlb_fused_global_rational,GRAIN,adafactor_came,CAME,rlb_came,GRAIN + CAME,1650,5.081398963928223,160.9991304322936,1565.349325433839
511,18l_1024d,fineweb_edu,3407,rlb_fused_global_rational,GRAIN,adafactor_came,CAME,rlb_came,GRAIN + CAME,1700,5.064363479614258,158.27966177135997,1612.6108776088804
511,18l_1024d,fineweb_edu,3407,rlb_fused_global_rational,GRAIN,adafactor_came,CAME,rlb_came,GRAIN + CAME,1750,5.047307968139648,155.6030118842671,1660.1332010189071
511,18l_1024d,fineweb_edu,3407,rlb_fused_global_rational,GRAIN,adafactor_came,CAME,rlb_came,GRAIN + CAME,1800,5.031431198120117,153.15204683912796,1707.5013027128298
511,18l_1024d,fineweb_edu,3407,rlb_fused_global_rational,GRAIN,adafactor_came,CAME,rlb_came,GRAIN + CAME,1850,5.018571376800537,151.19514853176662,1754.9340770370327
511,18l_1024d,fineweb_edu,3407,rlb_fused_global_rational,GRAIN,adafactor_came,CAME,rlb_came,GRAIN + CAME,1900,5.003777027130127,148.9747795912162,1802.3037258398253
511,18l_1024d,fineweb_edu,3407,rlb_fused_global_rational,GRAIN,adafactor_came,CAME,rlb_came,GRAIN + CAME,1950,4.990652561187744,147.03233979495738,1849.8193525439128
511,18l_1024d,fineweb_edu,3407,rlb_fused_global_rational,GRAIN,adafactor_came,CAME,rlb_came,GRAIN + CAME,2000,4.979247093200684,145.36489422462358,1897.0739573549945
511,18l_1024d,fineweb_edu,3407,rlb_fused_global_rational,GRAIN,adafactor_came,CAME,rlb_came,GRAIN + CAME,2050,4.96699333190918,143.5944966778273,1944.4777145658154
511,18l_1024d,fineweb_edu,3407,rlb_fused_global_rational,GRAIN,adafactor_came,CAME,rlb_came,GRAIN + CAME,2100,4.956194877624512,142.0522400501809,1991.835717174923
511,18l_1024d,fineweb_edu,3407,rlb_fused_global_rational,GRAIN,adafactor_came,CAME,rlb_came,GRAIN + CAME,2150,4.947700500488281,140.85070512023194,2039.2492368710227
511,18l_1024d,fineweb_edu,3407,rlb_fused_global_rational,GRAIN,adafactor_came,CAME,rlb_came,GRAIN + CAME,2200,4.935906410217285,139.1992569965046,2086.6835686620325
511,18l_1024d,fineweb_edu,3407,rlb_fused_global_rational,GRAIN,adafactor_came,CAME,rlb_came,GRAIN + CAME,2250,4.924831867218018,137.6661934968345,2134.0900496498216
511,18l_1024d,fineweb_edu,3407,rlb_fused_global_rational,GRAIN,adafactor_came,CAME,rlb_came,GRAIN + CAME,2300,4.918623924255371,136.81421686704377,2181.334546577884
511,18l_1024d,fineweb_edu,3407,rlb_fused_global_rational,GRAIN,adafactor_came,CAME,rlb_came,GRAIN + CAME,2350,4.909859657287598,135.62037974085814,2228.824768736027
511,18l_1024d,fineweb_edu,3407,rlb_fused_global_rational,GRAIN,adafactor_came,CAME,rlb_came,GRAIN + CAME,2400,4.902960300445557,134.68790677672928,2276.1679512578994
511,18l_1024d,fineweb_edu,3407,rlb_fused_global_rational,GRAIN,adafactor_came,CAME,rlb_came,GRAIN + CAME,2450,4.896219253540039,133.7830226393696,2323.5747415078804
511,18l_1024d,fineweb_edu,3407,rlb_fused_global_rational,GRAIN,adafactor_came,CAME,rlb_came,GRAIN + CAME,2500,4.88824462890625,132.72039590754386,2370.933542924002
511,18l_1024d,fineweb_edu,3407,rlb_fused_global_rational,GRAIN,adafactor_came,CAME,rlb_came,GRAIN + CAME,2550,4.882826805114746,132.00328453460912,2418.352351825917
511,18l_1024d,fineweb_edu,3407,rlb_fused_global_rational,GRAIN,adafactor_came,CAME,rlb_came,GRAIN + CAME,2600,4.877745151519775,131.33419105968113,2465.6019755918533
511,18l_1024d,fineweb_edu,3407,rlb_fused_global_rational,GRAIN,adafactor_came,CAME,rlb_came,GRAIN + CAME,2650,4.873242378234863,130.74415237491306,2513.1268499249127
511,18l_1024d,fineweb_edu,3407,rlb_fused_global_rational,GRAIN,adafactor_came,CAME,rlb_came,GRAIN + CAME,2700,4.868109226226807,130.07474232824111,2560.3891690298915
511,18l_1024d,fineweb_edu,3407,rlb_fused_global_rational,GRAIN,adafactor_came,CAME,rlb_came,GRAIN + CAME,2750,4.863653659820557,129.4964748871642,2607.9095860850066
511,18l_1024d,fineweb_edu,3407,rlb_fused_global_rational,GRAIN,adafactor_came,CAME,rlb_came,GRAIN + CAME,2800,4.859399318695068,128.94672295375779,2655.2641824260354
511,18l_1024d,fineweb_edu,3407,rlb_fused_global_rational,GRAIN,adafactor_came,CAME,rlb_came,GRAIN + CAME,2850,4.855844497680664,128.48915420261773,2702.6807543609757
511,18l_1024d,fineweb_edu,3407,rlb_fused_global_rational,GRAIN,adafactor_came,CAME,rlb_came,GRAIN + CAME,2900,4.851955890655518,127.99048057619495,2750.041263588937
511,18l_1024d,fineweb_edu,3407,rlb_fused_global_rational,GRAIN,adafactor_came,CAME,rlb_came,GRAIN + CAME,2950,4.849195957183838,127.63772238328842,2797.5639328018297
511,18l_1024d,fineweb_edu,3407,rlb_fused_global_rational,GRAIN,adafactor_came,CAME,rlb_came,GRAIN + CAME,3000,4.845937728881836,127.22252631292164,2844.814225412905
511,18l_1024d,fineweb_edu,3407,rlb_fused_global_rational,GRAIN,adafactor_came,CAME,rlb_came,GRAIN + CAME,3050,4.8439764976501465,126.97325803720538,2892.2418244138826
510,18l_1024d,fineweb_edu,3407,silu,SwiGLU,adafactor_came,CAME,silu_came,SwiGLU + CAME,1,11.024375915527344,61351.56232146384,1.6862097850535065
510,18l_1024d,fineweb_edu,3407,silu,SwiGLU,adafactor_came,CAME,silu_came,SwiGLU + CAME,50,8.81988525390625,6767.4880378979915,38.5724010351114
510,18l_1024d,fineweb_edu,3407,silu,SwiGLU,adafactor_came,CAME,silu_came,SwiGLU + CAME,100,7.647734642028809,2095.892261217282,76.14982942398638
510,18l_1024d,fineweb_edu,3407,silu,SwiGLU,adafactor_came,CAME,silu_came,SwiGLU + CAME,150,7.205045700073242,1346.206209357283,113.7454006220214
510,18l_1024d,fineweb_edu,3407,silu,SwiGLU,adafactor_came,CAME,silu_came,SwiGLU + CAME,200,6.880868911743164,973.471853534143,151.4510882399045
510,18l_1024d,fineweb_edu,3407,silu,SwiGLU,adafactor_came,CAME,silu_came,SwiGLU + CAME,250,6.648922443389893,771.9520551667314,189.06750095495954
510,18l_1024d,fineweb_edu,3407,silu,SwiGLU,adafactor_came,CAME,silu_came,SwiGLU + CAME,300,6.474023818969727,648.0862691981721,226.77544607105665
510,18l_1024d,fineweb_edu,3407,silu,SwiGLU,adafactor_came,CAME,silu_came,SwiGLU + CAME,350,6.320626735687256,555.9212990093215,264.3816848490387
510,18l_1024d,fineweb_edu,3407,silu,SwiGLU,adafactor_came,CAME,silu_came,SwiGLU + CAME,400,6.188676357269287,487.20079943427373,302.0946484000888
510,18l_1024d,fineweb_edu,3407,silu,SwiGLU,adafactor_came,CAME,silu_came,SwiGLU + CAME,450,6.0828351974487305,438.2700169330869,339.6984003239777
510,18l_1024d,fineweb_edu,3407,silu,SwiGLU,adafactor_came,CAME,silu_came,SwiGLU + CAME,500,5.982418060302734,396.3977238170468,377.40273404610343
510,18l_1024d,fineweb_edu,3407,silu,SwiGLU,adafactor_came,CAME,silu_came,SwiGLU + CAME,550,5.893941879272461,362.83271189686775,415.0133167090826
510,18l_1024d,fineweb_edu,3407,silu,SwiGLU,adafactor_came,CAME,silu_came,SwiGLU + CAME,600,5.817668437957764,336.18729758973734,452.7272425170522
510,18l_1024d,fineweb_edu,3407,silu,SwiGLU,adafactor_came,CAME,silu_came,SwiGLU + CAME,650,5.746367454528809,313.05141885146634,490.3263413629029
510,18l_1024d,fineweb_edu,3407,silu,SwiGLU,adafactor_came,CAME,silu_came,SwiGLU + CAME,700,5.683417320251465,293.9522444353395,527.9298844609875
510,18l_1024d,fineweb_edu,3407,silu,SwiGLU,adafactor_came,CAME,silu_came,SwiGLU + CAME,750,5.625152111053467,277.3144639103241,565.5314904421102
510,18l_1024d,fineweb_edu,3407,silu,SwiGLU,adafactor_came,CAME,silu_came,SwiGLU + CAME,800,5.573421001434326,263.3334240889094,603.2526255289558
510,18l_1024d,fineweb_edu,3407,silu,SwiGLU,adafactor_came,CAME,silu_came,SwiGLU + CAME,850,5.528148174285889,251.6774165119996,640.8639376410283
510,18l_1024d,fineweb_edu,3407,silu,SwiGLU,adafactor_came,CAME,silu_came,SwiGLU + CAME,900,5.482848167419434,240.53080470126326,678.5820426091086
510,18l_1024d,fineweb_edu,3407,silu,SwiGLU,adafactor_came,CAME,silu_came,SwiGLU + CAME,950,5.441872596740723,230.8741130310507,716.2923678189982
510,18l_1024d,fineweb_edu,3407,silu,SwiGLU,adafactor_came,CAME,silu_came,SwiGLU + CAME,1000,5.402795791625977,222.02628852169875,753.8964223361108
510,18l_1024d,fineweb_edu,3407,silu,SwiGLU,adafactor_came,CAME,silu_came,SwiGLU + CAME,1050,5.366350173950195,214.08008499198868,791.6042983890511
510,18l_1024d,fineweb_edu,3407,silu,SwiGLU,adafactor_came,CAME,silu_came,SwiGLU + CAME,1100,5.334634780883789,207.396989629174,829.2107171521056
510,18l_1024d,fineweb_edu,3407,silu,SwiGLU,adafactor_came,CAME,silu_came,SwiGLU + CAME,1150,5.304992198944092,201.3394317474062,866.9172171850223
510,18l_1024d,fineweb_edu,3407,silu,SwiGLU,adafactor_came,CAME,silu_came,SwiGLU + CAME,1200,5.2756853103637695,195.5244255241673,904.5121648760978
510,18l_1024d,fineweb_edu,3407,silu,SwiGLU,adafactor_came,CAME,silu_came,SwiGLU + CAME,1250,5.249002456665039,190.37626513169283,942.2231513441075
510,18l_1024d,fineweb_edu,3407,silu,SwiGLU,adafactor_came,CAME,silu_came,SwiGLU + CAME,1300,5.222537040710449,185.40396529949388,980.0104865510948
510,18l_1024d,fineweb_edu,3407,silu,SwiGLU,adafactor_came,CAME,silu_came,SwiGLU + CAME,1350,5.199450492858887,181.17265884705353,1017.707778169075
510,18l_1024d,fineweb_edu,3407,silu,SwiGLU,adafactor_came,CAME,silu_came,SwiGLU + CAME,1400,5.173904895782471,176.60310953176275,1055.3067279479
510,18l_1024d,fineweb_edu,3407,silu,SwiGLU,adafactor_came,CAME,silu_came,SwiGLU + CAME,1450,5.148339748382568,172.14544817283044,1093.009390655905
510,18l_1024d,fineweb_edu,3407,silu,SwiGLU,adafactor_came,CAME,silu_came,SwiGLU + CAME,1500,5.1301093101501465,169.03559434124298,1130.6330138600897
510,18l_1024d,fineweb_edu,3407,silu,SwiGLU,adafactor_came,CAME,silu_came,SwiGLU + CAME,1550,5.111116409301758,165.8554140806252,1168.3488086399157
510,18l_1024d,fineweb_edu,3407,silu,SwiGLU,adafactor_came,CAME,silu_came,SwiGLU + CAME,1600,5.093723773956299,162.99569248029178,1205.9522617189214
510,18l_1024d,fineweb_edu,3407,silu,SwiGLU,adafactor_came,CAME,silu_came,SwiGLU + CAME,1650,5.0752363204956055,160.0100011544437,1243.666753788013
510,18l_1024d,fineweb_edu,3407,silu,SwiGLU,adafactor_came,CAME,silu_came,SwiGLU + CAME,1700,5.059628009796143,157.53190509715068,1281.3883522609249
510,18l_1024d,fineweb_edu,3407,silu,SwiGLU,adafactor_came,CAME,silu_came,SwiGLU + CAME,1750,5.043079376220703,154.94641945474706,1318.9973154040053
510,18l_1024d,fineweb_edu,3407,silu,SwiGLU,adafactor_came,CAME,silu_came,SwiGLU + CAME,1800,5.026486396789551,152.39660967675104,1356.7111304120626
510,18l_1024d,fineweb_edu,3407,silu,SwiGLU,adafactor_came,CAME,silu_came,SwiGLU + CAME,1850,5.012691974639893,150.3088195442624,1394.3212328560185
510,18l_1024d,fineweb_edu,3407,silu,SwiGLU,adafactor_came,CAME,silu_came,SwiGLU + CAME,1900,4.998143672943115,148.13791129375502,1431.9364568521269
510,18l_1024d,fineweb_edu,3407,silu,SwiGLU,adafactor_came,CAME,silu_came,SwiGLU + CAME,1950,4.985140800476074,146.22416200841906,1469.5522978599183
510,18l_1024d,fineweb_edu,3407,silu,SwiGLU,adafactor_came,CAME,silu_came,SwiGLU + CAME,2000,4.972454071044922,144.38077363832218,1507.1661539659835
510,18l_1024d,fineweb_edu,3407,silu,SwiGLU,adafactor_came,CAME,silu_came,SwiGLU + CAME,2050,4.959955215454102,142.5874100415868,1544.7738948089536
510,18l_1024d,fineweb_edu,3407,silu,SwiGLU,adafactor_came,CAME,silu_came,SwiGLU + CAME,2100,4.950395584106445,141.23082154089698,1582.4929000900593
510,18l_1024d,fineweb_edu,3407,silu,SwiGLU,adafactor_came,CAME,silu_came,SwiGLU + CAME,2150,4.938796043395996,139.60207350365317,1620.1061516150367
510,18l_1024d,fineweb_edu,3407,silu,SwiGLU,adafactor_came,CAME,silu_came,SwiGLU + CAME,2200,4.929598331451416,138.32394080350164,1657.828751435969
510,18l_1024d,fineweb_edu,3407,silu,SwiGLU,adafactor_came,CAME,silu_came,SwiGLU + CAME,2250,4.919524669647217,136.93750716067177,1695.4893251520116
510,18l_1024d,fineweb_edu,3407,silu,SwiGLU,adafactor_came,CAME,silu_came,SwiGLU + CAME,2300,4.911932945251465,135.9018515270371,1733.090582302073
510,18l_1024d,fineweb_edu,3407,silu,SwiGLU,adafactor_came,CAME,silu_came,SwiGLU + CAME,2350,4.905671119689941,135.05351667368626,1770.803778582951
510,18l_1024d,fineweb_edu,3407,silu,SwiGLU,adafactor_came,CAME,silu_came,SwiGLU + CAME,2400,4.898374080657959,134.07161274369452,1808.4195105161052
510,18l_1024d,fineweb_edu,3407,silu,SwiGLU,adafactor_came,CAME,silu_came,SwiGLU + CAME,2450,4.891895294189453,133.20579913251234,1846.1365552761126
510,18l_1024d,fineweb_edu,3407,silu,SwiGLU,adafactor_came,CAME,silu_came,SwiGLU + CAME,2500,4.883903503417969,132.14548878888914,1883.7451760841068
510,18l_1024d,fineweb_edu,3407,silu,SwiGLU,adafactor_came,CAME,silu_came,SwiGLU + CAME,2550,4.878628730773926,131.45028650847402,1921.4667779630981
510,18l_1024d,fineweb_edu,3407,silu,SwiGLU,adafactor_came,CAME,silu_came,SwiGLU + CAME,2600,4.872830390930176,130.6902985382827,1959.0708458989393
510,18l_1024d,fineweb_edu,3407,silu,SwiGLU,adafactor_came,CAME,silu_came,SwiGLU + CAME,2650,4.869298934936523,130.22958547295832,1996.6813565071207
510,18l_1024d,fineweb_edu,3407,silu,SwiGLU,adafactor_came,CAME,silu_came,SwiGLU + CAME,2700,4.864008903503418,129.54248586389122,2034.2845033151098
510,18l_1024d,fineweb_edu,3407,silu,SwiGLU,adafactor_came,CAME,silu_came,SwiGLU + CAME,2750,4.859205722808838,128.9217618149159,2071.991594739957
510,18l_1024d,fineweb_edu,3407,silu,SwiGLU,adafactor_came,CAME,silu_came,SwiGLU + CAME,2800,4.854559898376465,128.32420309525423,2109.5897343209945
510,18l_1024d,fineweb_edu,3407,silu,SwiGLU,adafactor_came,CAME,silu_came,SwiGLU + CAME,2850,4.850914001464844,127.85719812280409,2147.1850576249417
510,18l_1024d,fineweb_edu,3407,silu,SwiGLU,adafactor_came,CAME,silu_came,SwiGLU + CAME,2900,4.84784460067749,127.46535480794354,2184.8834572490305
510,18l_1024d,fineweb_edu,3407,silu,SwiGLU,adafactor_came,CAME,silu_came,SwiGLU + CAME,2950,4.845090866088867,127.11483189659317,2222.4902303640265
510,18l_1024d,fineweb_edu,3407,silu,SwiGLU,adafactor_came,CAME,silu_came,SwiGLU + CAME,3000,4.841507434844971,126.66013980189906,2260.2022408079356
510,18l_1024d,fineweb_edu,3407,silu,SwiGLU,adafactor_came,CAME,silu_came,SwiGLU + CAME,3050,4.839146137237549,126.3614103502017,2297.7994869109243
