task,method,step,loss,lr,seconds_per_step
fineweb,SiLU+AdamW,1,10.98140811920166,1.4999999999999998e-06,1.3510854199994355
fineweb,SiLU+AdamW,10,10.859775649176704,1.4999999999999999e-05,0.6932343954220415
fineweb,SiLU+AdamW,20,10.181656646728516,2.9999999999999997e-05,0.6235795916058123
fineweb,SiLU+AdamW,30,9.578909111022949,4.4999999999999996e-05,0.6244486232753843
fineweb,SiLU+AdamW,40,9.23913221359253,5.9999999999999995e-05,0.6220889600226656
fineweb,SiLU+AdamW,50,8.813854122161866,7.5e-05,0.6217003763886169
fineweb,SiLU+AdamW,60,8.370078468322754,8.999999999999999e-05,0.6199963824823499
fineweb,SiLU+AdamW,70,7.983788681030274,0.00010499999999999999,0.6217950764345005
fineweb,SiLU+AdamW,80,7.724811697006226,0.00011999999999999999,0.6213929157005623
fineweb,SiLU+AdamW,90,7.575294923782349,0.00013499999999999997,0.6214851218974218
fineweb,SiLU+AdamW,100,7.442257356643677,0.00015,0.6199720217846334
fineweb,SiLU+AdamW,110,7.283745813369751,0.00016499999999999997,0.6214669422945007
fineweb,SiLU+AdamW,120,7.195307064056396,0.00017999999999999998,0.6213465543696657
fineweb,SiLU+AdamW,130,7.065533256530761,0.000195,0.6194250493776053
fineweb,SiLU+AdamW,140,6.9409778118133545,0.00020999999999999998,0.6247779545141384
fineweb,SiLU+AdamW,150,6.820667505264282,0.000225,0.6242988403653726
fineweb,SiLU+AdamW,160,6.7442950248718265,0.00023999999999999998,0.6231040487764403
fineweb,SiLU+AdamW,170,6.621566295623779,0.00025499999999999996,0.6225867729401215
fineweb,SiLU+AdamW,180,6.58771390914917,0.00026999999999999995,0.6239795971428975
fineweb,SiLU+AdamW,190,6.509965896606445,0.000285,0.6258422672050074
fineweb,SiLU+AdamW,200,6.439612913131714,0.0003,0.6230275086360052
fineweb,SiLU+AdamW,210,6.356874990463257,0.000299993356525765,0.6197261494584382
fineweb,SiLU+AdamW,220,6.3090473175048825,0.0002999703922691041,0.6213382236659527
fineweb,SiLU+AdamW,230,6.273680114746094,0.0002999310280014982,0.6234822968253866
fineweb,SiLU+AdamW,240,6.242276811599732,0.00029987526850602916,0.6182901563122869
fineweb,SiLU+AdamW,250,6.158823680877686,0.00029980312055793344,0.6188089482020587
fineweb,SiLU+AdamW,260,6.115992259979248,0.00029971459292377916,0.6211948935640976
fineweb,SiLU+AdamW,270,6.10587158203125,0.00029960969636040076,0.6184088333509863
fineweb,SiLU+AdamW,280,6.039811325073242,0.00029948844361359214,0.6176143940770998
fineweb,SiLU+AdamW,290,6.0427288055419925,0.0002993508494165576,0.6218275567982345
fineweb,SiLU+AdamW,300,5.979766798019409,0.0002991969304881219,0.6260597101179883
fineweb,SiLU+AdamW,310,5.959636974334717,0.0002990267055306988,0.627542491722852
fineweb,SiLU+AdamW,320,5.928414154052734,0.0002988401952280183,0.6279885839670897
fineweb,SiLU+AdamW,330,5.866228437423706,0.00029863742224261374,0.6243347217096016
fineweb,SiLU+AdamW,340,5.869833993911743,0.0002984184112130679,0.624317847727798
fineweb,SiLU+AdamW,350,5.857204103469849,0.00029818318875101914,0.6245865188771859
fineweb,SiLU+AdamW,360,5.827813053131104,0.00029793178343792817,0.621879395423457
fineweb,SiLU+AdamW,370,5.784128713607788,0.00029766422582160485,0.6239924791269005
fineweb,SiLU+AdamW,380,5.780262041091919,0.0002973805484124966,0.6187907699029893
fineweb,SiLU+AdamW,390,5.729145431518555,0.0002970807856797379,0.6197791350074112
fineweb,SiLU+AdamW,400,5.6878283500671385,0.0002967649740469624,0.6185791119467468
fineweb,SiLU+AdamW,410,5.703548622131348,0.0002964331518878766,0.6208862536353991
fineweb,SiLU+AdamW,420,5.707432746887207,0.0002960853595215975,0.6186538228299469
fineweb,SiLU+AdamW,430,5.67110161781311,0.0002957216392077535,0.6190472191665322
fineweb,SiLU+AdamW,440,5.6448320865631105,0.00029534203514134934,0.6166237754747271
fineweb,SiLU+AdamW,450,5.630712699890137,0.0002949465934473961,0.6172102939104661
fineweb,SiLU+AdamW,460,5.621166801452636,0.0002945353621753067,0.6193181395996362
fineweb,SiLU+AdamW,470,5.5839300632476805,0.00029410839129305743,0.6182895659701899
fineweb,SiLU+AdamW,480,5.583948755264283,0.0002936657326811166,0.6221472090575844
fineweb,SiLU+AdamW,490,5.547425317764282,0.00029320744012614015,0.6227860042825342
fineweb,SiLU+AdamW,500,5.566040420532227,0.0002927335693144369,0.6222052555531263
fineweb,SiLU+AdamW,510,5.51931734085083,0.0002922441778252015,0.6258200829848647
fineweb,SiLU+AdamW,520,5.530085849761963,0.0002917393251235184,0.6228684119880199
fineweb,SiLU+AdamW,530,5.476688528060913,0.0002912190725531364,0.6224663141416386
fineweb,SiLU+AdamW,540,5.445358371734619,0.00029068348332901475,0.6210358100710437
fineweb,SiLU+AdamW,550,5.461465787887573,0.00029013262252964206,0.6243093932280317
fineweb,SiLU+AdamW,560,5.488273763656617,0.0002895665570891288,0.619916217890568
fineweb,SiLU+AdamW,570,5.466479635238647,0.00028898535578907405,0.6207222239114344
fineweb,SiLU+AdamW,580,5.426207685470581,0.0002883890892502082,0.6188148686895147
fineweb,SiLU+AdamW,590,5.4143932342529295,0.00028777782992381193,0.6178128218045458
fineweb,SiLU+AdamW,600,5.399502801895141,0.0002871516520829126,0.6220262640388683
fineweb,SiLU+AdamW,610,5.38649468421936,0.0002865106318132596,0.619924997841008
fineweb,SiLU+AdamW,620,5.348507595062256,0.0002858548470040794,0.622557271271944
fineweb,SiLU+AdamW,630,5.356599521636963,0.000285184377338611,0.622811051714234
fineweb,SiLU+AdamW,640,5.361878967285156,0.00028449930428442433,0.6214533032849431
fineweb,SiLU+AdamW,650,5.319528865814209,0.0002837997110835208,0.6192298333859071
fineweb,SiLU+AdamW,660,5.318586921691894,0.0002830856827422189,0.6206748857628555
fineweb,SiLU+AdamW,670,5.30942931175232,0.00028235730602082517,0.6249502293998376
fineweb,SiLU+AdamW,680,5.316332578659058,0.00028161466942309217,0.6231222996953875
fineweb,SiLU+AdamW,690,5.3036164283752445,0.00028085786318546465,0.6210340104298666
fineweb,SiLU+AdamW,700,5.262579393386841,0.0002800869792661148,0.6212182832416147
fineweb,SiLU+AdamW,710,5.310940265655518,0.00027930211133376875,0.6216346715344117
fineweb,SiLU+AdamW,720,5.262106418609619,0.0002785033547563251,0.6237088252557441
fineweb,SiLU+AdamW,730,5.275650262832642,0.00027769080658926693,0.6225991226732731
fineweb,SiLU+AdamW,740,5.263156127929688,0.0002768645655638685,0.6211413731332869
fineweb,SiLU+AdamW,750,5.245275783538818,0.00027602473207519906,0.6201403878163546
fineweb,SiLU+AdamW,760,5.233079433441162,0.0002751714081699235,0.6198267313884571
fineweb,SiLU+AdamW,770,5.232802486419677,0.0002743046975339032,0.6207453166134655
fineweb,SiLU+AdamW,780,5.223856735229492,0.00027342470547959735,0.6204308153362945
fineweb,SiLU+AdamW,790,5.189109945297242,0.00027253153893326646,0.6247970171971247
fineweb,SiLU+AdamW,800,5.203272914886474,0.00027162530642197997,0.6216252998448908
fineweb,SiLU+AdamW,810,5.18239107131958,0.0002707061180604293,0.6191741916816682
fineweb,SiLU+AdamW,820,5.152845001220703,0.0002697740855375481,0.6184460957767441
fineweb,SiLU+AdamW,830,5.158750915527344,0.0002688293221029412,0.6196682523237541
fineweb,SiLU+AdamW,840,5.15545244216919,0.00026787194255312364,0.6186934230150655
fineweb,SiLU+AdamW,850,5.147647714614868,0.00026690206321757203,0.620600408106111
fineweb,SiLU+AdamW,860,5.147327423095703,0.0002659198019445897,0.6223263193154708
fineweb,SiLU+AdamW,870,5.118080043792725,0.0002649252780869868,0.6214954287279397
fineweb,SiLU+AdamW,880,5.089362668991089,0.0002639186124875786,0.6226976798614487
fineweb,SiLU+AdamW,890,5.09595799446106,0.00026289992746450134,0.6224434806033969
fineweb,SiLU+AdamW,900,5.074302530288696,0.00026186934679635007,0.6208202876383438
fineweb,SiLU+AdamW,910,5.084646463394165,0.0002608269957071384,0.6221553658135235
fineweb,SiLU+AdamW,920,5.07053689956665,0.0002597730008510828,0.621628856821917
fineweb,SiLU+AdamW,930,5.054673147201538,0.00025870749029721293,0.6173385528614744
fineweb,SiLU+AdamW,940,5.080317831039428,0.00025763059351381027,0.6173995536286384
fineweb,SiLU+AdamW,950,5.0415362358093265,0.0002565424413526768,0.6194930538069456
fineweb,SiLU+AdamW,960,5.050797796249389,0.00025544316603323523,0.6234962068498134
fineweb,SiLU+AdamW,970,5.030907726287841,0.0002543329011264634,0.623879901599139
fineweb,SiLU+AdamW,980,5.03654465675354,0.00025321178153866423,0.6234210494207219
fineweb,SiLU+AdamW,990,5.0299159526824955,0.0002520799434950734,0.6192886316683144
fineweb,SiLU+AdamW,1000,5.004693603515625,0.0002509375245233072,0.6201665964443237
fineweb,SiLU+AdamW,1010,4.991346025466919,0.0002497846634366514,0.6195317961275577
fineweb,SiLU+AdamW,1020,4.988891315460205,0.0002486215003171946,0.6210783439688384
fineweb,SiLU+AdamW,1030,5.008353567123413,0.00024744817649880683,0.6211171628674492
fineweb,SiLU+AdamW,1040,4.9935911178588865,0.0002462648345499665,0.6229024749714881
fineweb,SiLU+AdamW,1050,4.96277437210083,0.0002450716182564374,0.6218727355124429
fineweb,SiLU+AdamW,1060,4.969408273696899,0.0002438686726037968,0.6210976004134864
fineweb,SiLU+AdamW,1070,4.952155876159668,0.0002426561437598195,0.6222360153216868
fineweb,SiLU+AdamW,1080,4.9287083625793455,0.0002414341790567164,0.6221567442407832
fineweb,SiLU+AdamW,1090,4.96206374168396,0.0002402029269732328,0.620055778301321
fineweb,SiLU+AdamW,1100,4.931483316421509,0.00023896253711660717,0.6225474721984938
fineweb,SiLU+AdamW,1110,4.942625856399536,0.0002377131602043922,0.6234779448946938
fineweb,SiLU+AdamW,1120,4.9251447200775145,0.0002364549480461418,0.624565780092962
fineweb,SiLU+AdamW,1130,4.930049037933349,0.00023518805352496484,0.6259731104597449
fineweb,SiLU+AdamW,1140,4.903663063049317,0.00023391263057894837,0.6237456801114604
fineweb,SiLU+AdamW,1150,4.8977845191955565,0.00023262883418245333,0.6251095966435969
fineweb,SiLU+AdamW,1160,4.903882884979248,0.00023133682032728357,0.6225721206283197
fineweb,SiLU+AdamW,1170,4.898246622085571,0.0002300367460037315,0.6187441335292533
fineweb,SiLU+AdamW,1180,4.895836544036865,0.00022872876918150292,0.6184000814100727
fineweb,SiLU+AdamW,1190,4.901414299011231,0.00022741304879052182,0.6179736081976444
fineweb,SiLU+AdamW,1200,4.902636623382568,0.00022608974470161945,0.6199416148243472
fineweb,SiLU+AdamW,1210,4.852762222290039,0.00022475901770710883,0.6165260346373543
fineweb,SiLU+AdamW,1220,4.87037296295166,0.00022342102950124673,0.6207323319045827
fineweb,SiLU+AdamW,1230,4.846273756027221,0.0002220759426605868,0.6230810096021742
fineweb,SiLU+AdamW,1240,4.853165340423584,0.0002207239206242251,0.6183547402499243
fineweb,SiLU+AdamW,1250,4.83676061630249,0.00021936512767394096,0.6177720010047778
fineweb,SiLU+AdamW,1260,4.831699085235596,0.0002179997289142353,0.6191029725130648
fineweb,SiLU+AdamW,1270,4.832111358642578,0.00021662789025226912,0.6236810144735501
fineweb,SiLU+AdamW,1280,4.826910018920898,0.0002152497783777045,0.6249173071002587
fineweb,SiLU+AdamW,1290,4.840927076339722,0.00021386556074245026,0.6212305563036352
fineweb,SiLU+AdamW,1300,4.800350761413574,0.00021247540554031533,0.6222246692515909
fineweb,SiLU+AdamW,1310,4.815477418899536,0.00021107948168657182,0.6243219336960465
fineweb,SiLU+AdamW,1320,4.787066698074341,0.00020967795879743028,0.6191629341104999
fineweb,SiLU+AdamW,1330,4.767062520980835,0.00020827100716943014,0.618087677937001
fineweb,SiLU+AdamW,1340,4.776859331130981,0.00020685879775874703,0.6191293119220063
fineweb,SiLU+AdamW,1350,4.814934301376343,0.0002054415021604205,0.6213920688722283
fineweb,SiLU+AdamW,1360,4.78126277923584,0.00020401929258750362,0.6207727460190654
fineweb,SiLU+AdamW,1370,4.759577989578247,0.00020259234185013772,0.6230485073523596
fineweb,SiLU+AdamW,1380,4.777912521362305,0.00020116082333455448,0.6223947313148528
fineweb,SiLU+AdamW,1390,4.769139623641967,0.00019972491098200823,0.6178766079479828
fineweb,SiLU+AdamW,1400,4.737261390686035,0.00019828477926764048,0.619968291814439
fineweb,SiLU+AdamW,1410,4.751523542404175,0.00019684060317927993,0.6228818845702335
fineweb,SiLU+AdamW,1420,4.743504667282105,0.00019539255819617994,0.6179958717897535
fineweb,SiLU+AdamW,1430,4.75926570892334,0.00019394082026769627,0.6179100703215227
fineweb,SiLU+AdamW,1440,4.736274385452271,0.0001924855657919079,0.621800720389001
fineweb,SiLU+AdamW,1450,4.723698997497559,0.0001910269715941832,0.6219428783981129
fineweb,SiLU+AdamW,1460,4.732414865493775,0.00018956521490569417,0.620398607919924
fineweb,SiLU+AdamW,1470,4.729872179031372,0.00018810047334188142,0.6238882630830631
fineweb,SiLU+AdamW,1480,4.7308349609375,0.00018663292488087238,0.6215677049243823
fineweb,SiLU+AdamW,1490,4.715365362167359,0.00018516274784185555,0.6223877074429766
fineweb,SiLU+AdamW,1500,4.709002351760864,0.0001836901208634133,0.6184508638922125
fineweb,SiLU+AdamW,1510,4.7005868434906,0.00018221522288181568,0.6216457758331672
fineweb,SiLU+AdamW,1520,4.708801746368408,0.00018073823310927836,0.6224125440930948
fineweb,SiLU+AdamW,1530,4.715114736557007,0.00017925933101218665,0.6214158820454031
fineweb,SiLU+AdamW,1540,4.690723705291748,0.00017777869628928913,0.6215136412065476
fineweb,SiLU+AdamW,1550,4.688982677459717,0.0001762965088498626,0.6205805430654436
fineweb,SiLU+AdamW,1560,4.680402088165283,0.00017481294879185156,0.6233071041060612
fineweb,SiLU+AdamW,1570,4.6838585376739506,0.00017332819637998513,0.6217178831109778
fineweb,SiLU+AdamW,1580,4.681115055084229,0.0001718424320238731,0.6217966514639557
fineweb,SiLU+AdamW,1590,4.654716682434082,0.00017035583625608485,0.6223579286597669
fineweb,SiLU+AdamW,1600,4.6445841789245605,0.000168868589710213,0.6261016299948097
fineweb,SiLU+AdamW,1610,4.658152866363525,0.00016738087309892515,0.6243050802731887
fineweb,SiLU+AdamW,1620,4.660804796218872,0.00016589286719200568,0.6249271136941388
fineweb,SiLU+AdamW,1630,4.641007804870606,0.00016440475279439078,0.6253851424437016
fineweb,SiLU+AdamW,1640,4.650489568710327,0.00016291671072419912,0.6241724147927016
fineweb,SiLU+AdamW,1650,4.648871946334839,0.00016142892179076102,0.62294803080149
fineweb,SiLU+AdamW,1660,4.661155796051025,0.0001599415667726486,0.6230034790700302
fineweb,SiLU+AdamW,1670,4.63431305885315,0.0001584548263957097,0.6205180785153062
fineweb,SiLU+AdamW,1680,4.648232078552246,0.0001569688813111081,0.6175551142077893
fineweb,SiLU+AdamW,1690,4.638646268844605,0.00015548391207337333,0.6194928651209921
fineweb,SiLU+AdamW,1700,4.643645572662353,0.0001540000991184612,0.6194128532661125
fineweb,SiLU+AdamW,1710,4.627986574172974,0.0001525176227418298,0.6240138316294178
fineweb,SiLU+AdamW,1720,4.624132537841797,0.00015103666307653203,0.6221363624790683
fineweb,SiLU+AdamW,1730,4.598947763442993,0.0001495574000713278,0.6204885361948982
fineweb,SiLU+AdamW,1740,4.617400598526001,0.0001480800134688189,0.6228836589958519
fineweb,SiLU+AdamW,1750,4.628173398971557,0.0001466046827836089,0.6190801586722955
fineweb,SiLU+AdamW,1760,4.5896899700164795,0.00014513158728049044,0.6234595749760047
fineweb,SiLU+AdamW,1770,4.603046607971192,0.00014366090595266314,0.6261207842966542
fineweb,SiLU+AdamW,1780,4.628381824493408,0.00014219281749998456,0.624192623491399
fineweb,SiLU+AdamW,1790,4.5798815250396725,0.00014072750030725672,0.6239357773447409
fineweb,SiLU+AdamW,1800,4.598062181472779,0.00013926513242255067,0.6195670470129698
fineweb,SiLU+AdamW,1810,4.587948608398437,0.00013780589153557232,0.6221914285095409
fineweb,SiLU+AdamW,1820,4.596090078353882,0.0001363499549560718,0.6220220532966778
fineweb,SiLU+AdamW,1830,4.583031415939331,0.0001348974995922986,0.6225168193224817
fineweb,SiLU+AdamW,1840,4.559881353378296,0.00013344870192950604,0.6210420905146747
fineweb,SiLU+AdamW,1850,4.602466011047364,0.00013200373800850669,0.6197387915570289
fineweb,SiLU+AdamW,1860,4.55384669303894,0.00013056278340428193,0.6245830596191808
fineweb,SiLU+AdamW,1870,4.56667947769165,0.00012912601320464842,0.6231931278016418
fineweb,SiLU+AdamW,1880,4.570444345474243,0.0001276936019889831,0.622304393351078
fineweb,SiLU+AdamW,1890,4.576059341430664,0.00012626572380701058,0.6210199518129229
fineweb,SiLU+AdamW,1900,4.594409990310669,0.0001248425521576549,0.6229912129230797
fineweb,SiLU+AdamW,1910,4.589406681060791,0.00012342425996795747,0.6228403316577896
fineweb,SiLU+AdamW,1920,4.572465229034424,0.00012201101957206532,0.6230269029736519
fineweb,SiLU+AdamW,1930,4.561817359924317,0.00012060300269029124,0.6258475281763822
fineweb,SiLU+AdamW,1940,4.542353820800781,0.00011920038040824796,0.6259136973647401
fineweb,SiLU+AdamW,1950,4.572420310974121,0.00011780332315606016,0.6297353918198496
fineweb,SiLU+AdamW,1960,4.561170291900635,0.00011641200068765563,0.6270740221720189
fineweb,SiLU+AdamW,1970,4.5887610912323,0.00011502658206013892,0.6254006265895441
fineweb,SiLU+AdamW,1980,4.535384654998779,0.00011364723561324927,0.6223900717217475
fineweb,SiLU+AdamW,1990,4.53996434211731,0.00011227412894890628,0.6206994317239151
fineweb,SiLU+AdamW,2000,4.5338132858276365,0.00011090742891084471,0.6224578193156048
fineweb,SiLU+AdamW,2010,4.545357513427734,0.00010954730156434157,0.623592812102288
fineweb,SiLU+AdamW,2020,4.55191216468811,0.00010819391217603787,0.6228710929863155
fineweb,SiLU+AdamW,2030,4.539335584640503,0.00010684742519385737,0.6239300409099087
fineweb,SiLU+AdamW,2040,4.548482227325439,0.00010550800422702489,0.6217224815161899
fineweb,SiLU+AdamW,2050,4.547691535949707,0.00010417581202618635,0.6201783713884652
fineweb,SiLU+AdamW,2060,4.512645244598389,0.00010285101046363306,0.6213717248989269
fineweb,SiLU+AdamW,2070,4.524394369125366,0.00010153376051363338,0.6239342464599759
fineweb,SiLU+AdamW,2080,4.5208878993988035,0.00010022422223287245,0.6252808346645906
fineweb,SiLU+AdamW,2090,4.519703722000122,9.892255474100456e-05,0.6266463712789119
fineweb,SiLU+AdamW,2100,4.527079057693482,9.762891620131822e-05,0.6258393950294703
fineweb,SiLU+AdamW,2110,4.510869359970092,9.634346380151855e-05,0.6253123973030597
fineweb,SiLU+AdamW,2120,4.494577550888062,9.506635373462743e-05,0.622395277558826
fineweb,SiLU+AdamW,2130,4.5151660442352295,9.379774118000463e-05,0.6192893870873377
fineweb,SiLU+AdamW,2140,4.534541225433349,9.253778028449258e-05,0.6164169949945062
fineweb,SiLU+AdamW,2150,4.510828924179077,9.128662414368604e-05,0.6174199713394046
fineweb,SiLU+AdamW,2160,4.517543363571167,9.004442478332968e-05,0.6167458638781682
fineweb,SiLU+AdamW,2170,4.49874324798584,8.881133314084598e-05,0.6173454495379701
fineweb,SiLU+AdamW,2180,4.564894962310791,8.758749904699466e-05,0.61983696911484
fineweb,SiLU+AdamW,2190,4.5085235118865965,8.637307120766755e-05,0.6243858168134466
fineweb,SiLU+AdamW,2200,4.50663013458252,8.516819718581906e-05,0.6203807224519551
fineweb,SiLU+AdamW,2210,4.494720935821533,8.397302338353651e-05,0.6217779190512374
fineweb,SiLU+AdamW,2220,4.4771911144256595,8.278769502425084e-05,0.6227694686735049
fineweb,SiLU+AdamW,2230,4.518730592727661,8.161235613509075e-05,0.621710297302343
fineweb,SiLU+AdamW,2240,4.493149042129517,8.044714952938238e-05,0.6202295140828937
fineweb,SiLU+AdamW,2250,4.486043405532837,7.929221678929623e-05,0.621455944981426
fineweb,SiLU+AdamW,2260,4.493928241729736,7.814769824864366e-05,0.623260785266757
fineweb,SiLU+AdamW,2270,4.482169914245605,7.701373297582546e-05,0.6222007545875385
fineweb,SiLU+AdamW,2280,4.505322408676148,7.589045875693352e-05,0.6203452298650518
fineweb,SiLU+AdamW,2290,4.466740417480469,7.477801207900909e-05,0.6186078232480213
fineweb,SiLU+AdamW,2300,4.474746227264404,7.367652811345809e-05,0.6196874517947435
fineweb,SiLU+AdamW,2310,4.471378374099731,7.258614069962701e-05,0.6204872765112668
fineweb,SiLU+AdamW,2320,4.469245433807373,7.15069823285402e-05,0.6189803018700332
fineweb,SiLU+AdamW,2330,4.479778671264649,7.043918412680096e-05,0.6219633325235918
fineweb,SiLU+AdamW,2340,4.486914348602295,6.938287584065885e-05,0.6225337588693947
fineweb,SiLU+AdamW,2350,4.4840660572052,6.833818582024439e-05,0.6234656348126009
fineweb,SiLU+AdamW,2360,4.461888599395752,6.730524100397324e-05,0.6197396183153614
fineweb,SiLU+AdamW,2370,4.480756425857544,6.628416690312251e-05,0.6188138115219772
fineweb,SiLU+AdamW,2380,4.478622150421143,6.527508758657974e-05,0.622371053788811
fineweb,SiLU+AdamW,2390,4.4690615177154545,6.427812566576775e-05,0.6192284540040418
fineweb,SiLU+AdamW,2400,4.443965864181519,6.329340227974629e-05,0.6175428004469723
fineweb,SiLU+AdamW,2410,4.466437435150146,6.232103708049272e-05,0.6183014318579808
fineweb,SiLU+AdamW,2420,4.440896654129029,6.136114821836304e-05,0.6213275414891541
fineweb,SiLU+AdamW,2430,4.448755884170533,6.0413852327735977e-05,0.6222560305614024
fineweb,SiLU+AdamW,2440,4.451994895935059,5.9479264512840794e-05,0.6207298699067906
fineweb,SiLU+AdamW,2450,4.448635149002075,5.855749833377125e-05,0.6191377501003444
fineweb,SiLU+AdamW,2460,4.4486963748931885,5.764866579268692e-05,0.6195192659273744
fineweb,SiLU+AdamW,2470,4.450128984451294,5.6752877320204306e-05,0.6213882426265627
fineweb,SiLU+AdamW,2480,4.454206037521362,5.5870241761978464e-05,0.6190534992376342
fineweb,SiLU+AdamW,2490,4.449119281768799,5.50008663654772e-05,0.619071798119694
fineweb,SiLU+AdamW,2500,4.41571078300476,5.414485676694995e-05,0.6233060326194391
fineweb,SiLU+AdamW,2510,4.442761993408203,5.330231697859196e-05,0.6236164694884792
fineweb,SiLU+AdamW,2520,4.462507009506226,5.2473349375905794e-05,0.6233390612993389
fineweb,SiLU+AdamW,2530,4.4514354228973385,5.1658054685262116e-05,0.6235452021937817
fineweb,SiLU+AdamW,2540,4.414714384078979,5.085653197166052e-05,0.6218361238250509
fineweb,SiLU+AdamW,2550,4.444049453735351,5.006887862669219e-05,0.6185975390253589
fineweb,SiLU+AdamW,2560,4.451309442520142,4.9295190356706257e-05,0.6175555001944304
fineweb,SiLU+AdamW,2570,4.4483311653137205,4.853556117118055e-05,0.6175654946360737
fineweb,SiLU+AdamW,2580,4.453925657272339,4.779008337129862e-05,0.6222487758146599
fineweb,SiLU+AdamW,2590,4.440193223953247,4.705884753873448e-05,0.6224779370240867
fineweb,SiLU+AdamW,2600,4.434758424758911,4.634194252464623e-05,0.6248919520759955
fineweb,SiLU+AdamW,2610,4.400572729110718,4.5639455438879834e-05,0.6197408579057082
fineweb,SiLU+AdamW,2620,4.431514406204224,4.495147163938453e-05,0.6211306503042578
fineweb,SiLU+AdamW,2630,4.401068449020386,4.4278074721841174e-05,0.6224658824270591
fineweb,SiLU+AdamW,2640,4.41934061050415,4.361934650950481e-05,0.617423826851882
fineweb,SiLU+AdamW,2650,4.4141181945800785,4.297536704326216e-05,0.6203074013348668
fineweb,SiLU+AdamW,2660,4.405194044113159,4.234621457190635e-05,0.6198150449665263
fineweb,SiLU+AdamW,2670,4.423924160003662,4.173196554262883e-05,0.621305956481956
fineweb,SiLU+AdamW,2680,4.395202159881592,4.113269459173043e-05,0.6221982040908187
fineweb,SiLU+AdamW,2690,4.415962409973145,4.0548474535552446e-05,0.621739575243555
fineweb,SiLU+AdamW,2700,4.421599864959717,3.9979376361628946e-05,0.6167055162601173
fineweb,SiLU+AdamW,2710,4.413718891143799,3.942546922006115e-05,0.6162741050356999
fineweb,SiLU+AdamW,2720,4.408806562423706,3.888682041511499e-05,0.6169328616233543
fineweb,SiLU+AdamW,2730,4.409147167205811,3.836349539704333e-05,0.6177751297829672
fineweb,SiLU+AdamW,2740,4.40667314529419,3.7855557754133057e-05,0.6202534209005535
fineweb,SiLU+AdamW,2750,4.41930046081543,3.7363069204978575e-05,0.6235002824570983
fineweb,SiLU+AdamW,2760,4.4085523128509525,3.688608959098262e-05,0.6273503543110565
fineweb,SiLU+AdamW,2770,4.418148136138916,3.6424676869084926e-05,0.6225404974538833
fineweb,SiLU+AdamW,2780,4.415426397323609,3.597888710472001e-05,0.6235435152426362
fineweb,SiLU+AdamW,2790,4.411127328872681,3.554877446500471e-05,0.6198898414848373
fineweb,SiLU+AdamW,2800,4.419126796722412,3.513439121215659e-05,0.6211304296273739
fineweb,SiLU+AdamW,2810,4.41310076713562,3.473578769714351e-05,0.6215559811796993
fineweb,SiLU+AdamW,2820,4.422609329223633,3.435301235356557e-05,0.6232562529854476
fineweb,SiLU+AdamW,2830,4.38833441734314,3.3986111691770114e-05,0.6225383261218667
fineweb,SiLU+AdamW,2840,4.403831100463867,3.36351302932003e-05,0.6238022066419944
fineweb,SiLU+AdamW,2850,4.407929515838623,3.330011080497806e-05,0.6228909340454265
fineweb,SiLU+AdamW,2860,4.401011180877686,3.298109393472216e-05,0.6197111431509257
fineweb,SiLU+AdamW,2870,4.398707723617553,3.267811844560191e-05,0.618269596924074
fineweb,SiLU+AdamW,2880,4.406290912628174,3.2391221151627036e-05,0.6182752749882638
fineweb,SiLU+AdamW,2890,4.386476945877075,3.212043691317456e-05,0.617376609169878
fineweb,SiLU+AdamW,2900,4.388772058486938,3.1865798632752955e-05,0.6215117232175544
fineweb,SiLU+AdamW,2910,4.4215099811553955,3.1627337251004223e-05,0.6222405107226223
fineweb,SiLU+AdamW,2920,4.405242300033569,3.140508174294431e-05,0.6246978493174538
fineweb,SiLU+AdamW,2930,4.364818096160889,3.119905911444245e-05,0.6207385720219463
fineweb,SiLU+AdamW,2940,4.421271896362304,3.1009294398939736e-05,0.6192155193304643
fineweb,SiLU+AdamW,2950,4.376060485839844,3.0835810654407316e-05,0.6183819815982133
fineweb,SiLU+AdamW,2960,4.414794206619263,3.0678628960544684e-05,0.6176814664620907
fineweb,SiLU+AdamW,2970,4.3970513343811035,3.053776841621831e-05,0.6203222469892353
fineweb,SiLU+AdamW,2980,4.370607709884643,3.0413246137140968e-05,0.6202649410581216
fineweb,SiLU+AdamW,2990,4.399363851547241,3.030507725379207e-05,0.6236845863517374
fineweb,SiLU+AdamW,3000,4.414332723617553,3.0213274909579147e-05,0.622316787019372
fineweb,SiLU+AdamW,3010,4.373806428909302,3.0137850259240852e-05,0.6241698258789257
fineweb,SiLU+AdamW,3020,4.385226774215698,3.0078812467491507e-05,0.6223249099217355
fineweb,SiLU+AdamW,3030,4.41278076171875,3.0036168707907614e-05,0.6211032008985058
fineweb,SiLU+AdamW,3040,4.404859828948974,3.0009924162056113e-05,0.6218044424895197
fineweb,SiLU+AdamW,3050,4.396997404098511,3.0000082018864835e-05,0.6217030311236158
fineweb,RLB+AdamW,1,10.991342544555664,1.4999999999999998e-06,2.7628386800643057
fineweb,RLB+AdamW,10,10.670545366075304,1.4999999999999999e-05,1.6317845904966817
fineweb,RLB+AdamW,20,9.88674783706665,2.9999999999999997e-05,1.509908092371188
fineweb,RLB+AdamW,30,9.486927604675293,4.4999999999999996e-05,1.5105506950290875
fineweb,RLB+AdamW,40,9.16348705291748,5.9999999999999995e-05,1.5093936606077478
fineweb,RLB+AdamW,50,8.72014503479004,7.5e-05,1.5096236251993105
fineweb,RLB+AdamW,60,8.247737503051757,8.999999999999999e-05,1.5088731100782753
fineweb,RLB+AdamW,70,7.819449520111084,0.00010499999999999999,1.5148331237956882
fineweb,RLB+AdamW,80,7.540086364746093,0.00011999999999999999,1.508138709119521
fineweb,RLB+AdamW,90,7.397635459899902,0.00013499999999999997,1.5088196619180962
fineweb,RLB+AdamW,100,7.287865829467774,0.00015,1.508458184846677
fineweb,RLB+AdamW,110,7.134555387496948,0.00016499999999999997,1.5058882534736768
fineweb,RLB+AdamW,120,7.04723014831543,0.00017999999999999998,1.5049382260767743
fineweb,RLB+AdamW,130,6.931791925430298,0.000195,1.5095862373709679
fineweb,RLB+AdamW,140,6.82148289680481,0.00020999999999999998,1.5058894291054457
fineweb,RLB+AdamW,150,6.718450021743775,0.000225,1.504160732217133
fineweb,RLB+AdamW,160,6.648216390609742,0.00023999999999999998,1.506401796778664
fineweb,RLB+AdamW,170,6.5400275707244875,0.00025499999999999996,1.5073261026991531
fineweb,RLB+AdamW,180,6.524425506591797,0.00026999999999999995,1.5057425384642555
fineweb,RLB+AdamW,190,6.4409974098205565,0.000285,1.5068085483973845
fineweb,RLB+AdamW,200,6.384346294403076,0.0003,1.5045606550993398
fineweb,RLB+AdamW,210,6.3111976146697994,0.000299993356525765,1.5047832933720202
fineweb,RLB+AdamW,220,6.264139032363891,0.0002999703922691041,1.5054682342801242
fineweb,RLB+AdamW,230,6.227626752853394,0.0002999310280014982,1.5061753572197631
fineweb,RLB+AdamW,240,6.202445697784424,0.00029987526850602916,1.5027888042619453
fineweb,RLB+AdamW,250,6.120373725891113,0.00029980312055793344,1.504005220066756
fineweb,RLB+AdamW,260,6.081085681915283,0.00029971459292377916,1.5080076056765392
fineweb,RLB+AdamW,270,6.069482088088989,0.00029960969636040076,1.507251740549691
fineweb,RLB+AdamW,280,6.007185745239258,0.00029948844361359214,1.5055432493099943
fineweb,RLB+AdamW,290,6.012314033508301,0.0002993508494165576,1.5062557154102252
fineweb,RLB+AdamW,300,5.94911904335022,0.0002991969304881219,1.5036348755704239
fineweb,RLB+AdamW,310,5.9314460277557375,0.0002990267055306988,1.5009030561428518
fineweb,RLB+AdamW,320,5.897542142868042,0.0002988401952280183,1.5038230401929469
fineweb,RLB+AdamW,330,5.83994951248169,0.00029863742224261374,1.505697514070198
fineweb,RLB+AdamW,340,5.843703269958496,0.0002984184112130679,1.5057374299271031
fineweb,RLB+AdamW,350,5.833142375946045,0.00029818318875101914,1.5069901782087982
fineweb,RLB+AdamW,360,5.805900239944458,0.00029793178343792817,1.5023924338631331
fineweb,RLB+AdamW,370,5.7613365173339846,0.00029766422582160485,1.499464649707079
fineweb,RLB+AdamW,380,5.758357000350952,0.0002973805484124966,1.5021641961531713
fineweb,RLB+AdamW,390,5.704079341888428,0.0002970807856797379,1.5086760296719148
fineweb,RLB+AdamW,400,5.666667366027832,0.0002967649740469624,1.5101357634877786
fineweb,RLB+AdamW,410,5.681747961044311,0.0002964331518878766,1.4910528810694814
fineweb,RLB+AdamW,420,5.683632707595825,0.0002960853595215975,1.4924813047982752
fineweb,RLB+AdamW,430,5.648333549499512,0.0002957216392077535,1.4937955421861262
fineweb,RLB+AdamW,440,5.6230347633361815,0.00029534203514134934,1.4992942867800594
fineweb,RLB+AdamW,450,5.608452606201172,0.0002949465934473961,1.506985958502628
fineweb,RLB+AdamW,460,5.596610355377197,0.0002945353621753067,1.4987987749045715
fineweb,RLB+AdamW,470,5.5584358215332035,0.00029410839129305743,1.4929968378040939
fineweb,RLB+AdamW,480,5.559502840042114,0.0002936657326811166,1.4925923162838444
fineweb,RLB+AdamW,490,5.522996664047241,0.00029320744012614015,1.4936552322469652
fineweb,RLB+AdamW,500,5.543159294128418,0.0002927335693144369,1.4985487054800615
fineweb,RLB+AdamW,510,5.495941495895385,0.0002922441778252015,1.4958494815975427
fineweb,RLB+AdamW,520,5.501663446426392,0.0002917393251235184,1.4972557994769886
fineweb,RLB+AdamW,530,5.453708696365356,0.0002912190725531364,1.4964893605094403
fineweb,RLB+AdamW,540,5.42322187423706,0.00029068348332901475,1.5025526710553094
fineweb,RLB+AdamW,550,5.4357666015625,0.00029013262252964206,1.5004544265568256
fineweb,RLB+AdamW,560,5.464266204833985,0.0002895665570891288,1.4916455152211712
fineweb,RLB+AdamW,570,5.440081262588501,0.00028898535578907405,1.5011501499218867
fineweb,RLB+AdamW,580,5.403859424591064,0.0002883890892502082,1.5096915632952004
fineweb,RLB+AdamW,590,5.388227558135986,0.00028777782992381193,1.5072898345300927
fineweb,RLB+AdamW,600,5.371883058547974,0.0002871516520829126,1.5073536713141948
fineweb,RLB+AdamW,610,5.3615663051605225,0.0002865106318132596,1.5054735626559705
fineweb,RLB+AdamW,620,5.321684503555298,0.0002858548470040794,1.5074136469978838
fineweb,RLB+AdamW,630,5.330253028869629,0.000285184377338611,1.5067138795275241
fineweb,RLB+AdamW,640,5.334428882598877,0.00028449930428442433,1.5073981293244287
fineweb,RLB+AdamW,650,5.296762132644654,0.0002837997110835208,1.5090076621854678
fineweb,RLB+AdamW,660,5.2930807113647464,0.0002830856827422189,1.5087114323396236
fineweb,RLB+AdamW,670,5.284134769439698,0.00028235730602082517,1.507439339160919
fineweb,RLB+AdamW,680,5.29131669998169,0.00028161466942309217,1.5075945721007884
fineweb,RLB+AdamW,690,5.280584621429443,0.00028085786318546465,1.5049803538247943
fineweb,RLB+AdamW,700,5.2342588901519775,0.0002800869792661148,1.505047068372369
fineweb,RLB+AdamW,710,5.286637496948242,0.00027930211133376875,1.5069700062042102
fineweb,RLB+AdamW,720,5.238356828689575,0.0002785033547563251,1.5082227335544303
fineweb,RLB+AdamW,730,5.24989070892334,0.00027769080658926693,1.5033669975353405
fineweb,RLB+AdamW,740,5.236769914627075,0.0002768645655638685,1.5059206848265603
fineweb,RLB+AdamW,750,5.218199586868286,0.00027602473207519906,1.504109985823743
fineweb,RLB+AdamW,760,5.20569429397583,0.0002751714081699235,1.5013844099361449
fineweb,RLB+AdamW,770,5.208273649215698,0.0002743046975339032,1.5072264661081136
fineweb,RLB+AdamW,780,5.201269149780273,0.00027342470547959735,1.506321954773739
fineweb,RLB+AdamW,790,5.1632466316223145,0.00027253153893326646,1.5048752409871669
fineweb,RLB+AdamW,800,5.178832578659057,0.00027162530642197997,1.5062492782017216
fineweb,RLB+AdamW,810,5.158323431015015,0.0002707061180604293,1.5057901891181245
fineweb,RLB+AdamW,820,5.127271366119385,0.0002697740855375481,1.5043554457603023
fineweb,RLB+AdamW,830,5.133306312561035,0.0002688293221029412,1.5034417715854942
fineweb,RLB+AdamW,840,5.12864933013916,0.00026787194255312364,1.5074135796399788
fineweb,RLB+AdamW,850,5.123456621170044,0.00026690206321757203,1.5072613862110302
fineweb,RLB+AdamW,860,5.122003364562988,0.0002659198019445897,1.4942047137999908
fineweb,RLB+AdamW,870,5.0921838760375975,0.0002649252780869868,1.5097872281679883
fineweb,RLB+AdamW,880,5.063213872909546,0.0002639186124875786,1.5086426536086948
fineweb,RLB+AdamW,890,5.069295120239258,0.00026289992746450134,1.5082250645849853
fineweb,RLB+AdamW,900,5.047893333435058,0.00026186934679635007,1.5092456626938655
fineweb,RLB+AdamW,910,5.059948921203613,0.0002608269957071384,1.5051890108501538
fineweb,RLB+AdamW,920,5.044437122344971,0.0002597730008510828,1.506154552102089
fineweb,RLB+AdamW,930,5.028927516937256,0.00025870749029721293,1.5032577293226494
fineweb,RLB+AdamW,940,5.054312419891358,0.00025763059351381027,1.5040603135246784
fineweb,RLB+AdamW,950,5.011648464202881,0.0002565424413526768,1.4997147850459442
fineweb,RLB+AdamW,960,5.023328876495361,0.00025544316603323523,1.494130017142743
fineweb,RLB+AdamW,970,5.005360174179077,0.0002543329011264634,1.494326841388829
fineweb,RLB+AdamW,980,5.0095377445220945,0.00025321178153866423,1.5026238334132358
fineweb,RLB+AdamW,990,5.003602457046509,0.0002520799434950734,1.497573347738944
fineweb,RLB+AdamW,1000,4.979533720016479,0.0002509375245233072,1.4979344563093036
fineweb,RLB+AdamW,1010,4.966472244262695,0.0002497846634366514,1.502248682361096
fineweb,RLB+AdamW,1020,4.9641436576843265,0.0002486215003171946,1.5004612687043846
fineweb,RLB+AdamW,1030,4.983227968215942,0.00024744817649880683,1.4962941606063396
fineweb,RLB+AdamW,1040,4.966713285446167,0.0002462648345499665,1.5071084788767621
fineweb,RLB+AdamW,1050,4.934496164321899,0.0002450716182564374,1.5038810133934022
fineweb,RLB+AdamW,1060,4.9427940368652346,0.0002438686726037968,1.4993088529910892
fineweb,RLB+AdamW,1070,4.921396350860595,0.0002426561437598195,1.498853877163492
fineweb,RLB+AdamW,1080,4.903457307815552,0.0002414341790567164,1.5058491828618572
fineweb,RLB+AdamW,1090,4.935531091690064,0.0002402029269732328,1.5056797452038153
fineweb,RLB+AdamW,1100,4.903891944885254,0.00023896253711660717,1.5012709045084194
fineweb,RLB+AdamW,1110,4.915026140213013,0.0002377131602043922,1.4933824589010327
fineweb,RLB+AdamW,1120,4.900722789764404,0.0002364549480461418,1.4991878126049414
fineweb,RLB+AdamW,1130,4.905331087112427,0.00023518805352496484,1.499883292708546
fineweb,RLB+AdamW,1140,4.877970409393311,0.00023391263057894837,1.5042771251872182
fineweb,RLB+AdamW,1150,4.871777868270874,0.00023262883418245333,1.5062379878945649
fineweb,RLB+AdamW,1160,4.87970232963562,0.00023133682032728357,1.50233816052787
fineweb,RLB+AdamW,1170,4.8724476337432865,0.0002300367460037315,1.5045728345401586
fineweb,RLB+AdamW,1180,4.870690107345581,0.00022872876918150292,1.507985754450783
fineweb,RLB+AdamW,1190,4.874863195419311,0.00022741304879052182,1.5072612838353963
fineweb,RLB+AdamW,1200,4.8772283554077145,0.00022608974470161945,1.5020948314107954
fineweb,RLB+AdamW,1210,4.828740549087525,0.00022475901770710883,1.5079554375028237
fineweb,RLB+AdamW,1220,4.847108030319214,0.00022342102950124673,1.5085082011995836
fineweb,RLB+AdamW,1230,4.821439743041992,0.0002220759426605868,1.5053017168305813
fineweb,RLB+AdamW,1240,4.82965497970581,0.0002207239206242251,1.5061634571058675
fineweb,RLB+AdamW,1250,4.811816024780273,0.00021936512767394096,1.5044340677093715
fineweb,RLB+AdamW,1260,4.806111097335815,0.0002179997289142353,1.5001129845157266
fineweb,RLB+AdamW,1270,4.8105357646942135,0.00021662789025226912,1.5009974868036806
fineweb,RLB+AdamW,1280,4.8025734424591064,0.0002152497783777045,1.5036644030129538
fineweb,RLB+AdamW,1290,4.8171244144439695,0.00021386556074245026,1.5021691620582716
fineweb,RLB+AdamW,1300,4.776426506042481,0.00021247540554031533,1.5039948088582604
fineweb,RLB+AdamW,1310,4.789193725585937,0.00021107948168657182,1.5005586118903012
fineweb,RLB+AdamW,1320,4.763599538803101,0.00020967795879743028,1.5023097432684154
fineweb,RLB+AdamW,1330,4.741156578063965,0.00020827100716943014,1.5017913783201948
fineweb,RLB+AdamW,1340,4.753060436248779,0.00020685879775874703,1.503747561434284
fineweb,RLB+AdamW,1350,4.790871286392212,0.0002054415021604205,1.5045386351644994
fineweb,RLB+AdamW,1360,4.757305526733399,0.00020401929258750362,1.5059343374334275
fineweb,RLB+AdamW,1370,4.737477350234985,0.00020259234185013772,1.5142777399159968
fineweb,RLB+AdamW,1380,4.752641010284424,0.00020116082333455448,1.5037546596722677
fineweb,RLB+AdamW,1390,4.743898344039917,0.00019972491098200823,1.5028769608121366
fineweb,RLB+AdamW,1400,4.713265037536621,0.00019828477926764048,1.5016622642055153
fineweb,RLB+AdamW,1410,4.727265071868897,0.00019684060317927993,1.5039931395091117
fineweb,RLB+AdamW,1420,4.721730518341064,0.00019539255819617994,1.5039997608400881
fineweb,RLB+AdamW,1430,4.7352649688720705,0.00019394082026769627,1.5091409874614328
fineweb,RLB+AdamW,1440,4.711577272415161,0.0001924855657919079,1.5128680668305605
fineweb,RLB+AdamW,1450,4.700672292709351,0.0001910269715941832,1.508749114884995
fineweb,RLB+AdamW,1460,4.709692287445068,0.00018956521490569417,1.5056860104901717
fineweb,RLB+AdamW,1470,4.705537176132202,0.00018810047334188142,1.509688884858042
fineweb,RLB+AdamW,1480,4.708267450332642,0.00018663292488087238,1.501129411207512
fineweb,RLB+AdamW,1490,4.692694902420044,0.00018516274784185555,1.5019898457918317
fineweb,RLB+AdamW,1500,4.685851049423218,0.0001836901208634133,1.5001490232069046
fineweb,RLB+AdamW,1510,4.677513980865479,0.00018221522288181568,1.5005074145039543
fineweb,RLB+AdamW,1520,4.687212944030762,0.00018073823310927836,1.5033219780307263
fineweb,RLB+AdamW,1530,4.6920380115509035,0.00017925933101218665,1.50160252826754
fineweb,RLB+AdamW,1540,4.6710944175720215,0.00017777869628928913,1.5017504977993668
fineweb,RLB+AdamW,1550,4.6683361530303955,0.0001762965088498626,1.5043564481660723
fineweb,RLB+AdamW,1560,4.658519220352173,0.00017481294879185156,1.5048403047956527
fineweb,RLB+AdamW,1570,4.663207101821899,0.00017332819637998513,1.5076039250707254
fineweb,RLB+AdamW,1580,4.6598609447479244,0.0001718424320238731,1.507800197834149
fineweb,RLB+AdamW,1590,4.634095811843872,0.00017035583625608485,1.5097919791005552
fineweb,RLB+AdamW,1600,4.623650026321411,0.000168868589710213,1.5080348703544586
fineweb,RLB+AdamW,1610,4.6370738506317135,0.00016738087309892515,1.5054345643846319
fineweb,RLB+AdamW,1620,4.639028882980346,0.00016589286719200568,1.5072645901236683
fineweb,RLB+AdamW,1630,4.62149338722229,0.00016440475279439078,1.5072435121750458
fineweb,RLB+AdamW,1640,4.630187082290649,0.00016291671072419912,1.5066666047554462
fineweb,RLB+AdamW,1650,4.6285069465637205,0.00016142892179076102,1.5046159678837285
fineweb,RLB+AdamW,1660,4.641033077239991,0.0001599415667726486,1.5054694881895556
fineweb,RLB+AdamW,1670,4.61647047996521,0.0001584548263957097,1.5022345076547936
fineweb,RLB+AdamW,1680,4.628278732299805,0.0001569688813111081,1.4978912141174079
fineweb,RLB+AdamW,1690,4.616560459136963,0.00015548391207337333,1.5070472992025317
fineweb,RLB+AdamW,1700,4.623948860168457,0.0001540000991184612,1.5077685932861642
fineweb,RLB+AdamW,1710,4.60966854095459,0.0001525176227418298,1.5041476061102004
fineweb,RLB+AdamW,1720,4.606622838973999,0.00015103666307653203,1.5058032136410475
fineweb,RLB+AdamW,1730,4.577208805084228,0.0001495574000713278,1.5040334001649172
fineweb,RLB+AdamW,1740,4.596942281723022,0.0001480800134688189,1.5032848264323548
fineweb,RLB+AdamW,1750,4.6081102848052975,0.0001466046827836089,1.5062032179906963
fineweb,RLB+AdamW,1760,4.569690704345703,0.00014513158728049044,1.5060027214931324
fineweb,RLB+AdamW,1770,4.58396725654602,0.00014366090595266314,1.5048001982970163
fineweb,RLB+AdamW,1780,4.6094536781311035,0.00014219281749998456,1.506957192788832
fineweb,RLB+AdamW,1790,4.55890588760376,0.00014072750030725672,1.4994705026969313
fineweb,RLB+AdamW,1800,4.577171850204468,0.00013926513242255067,1.506252634827979
fineweb,RLB+AdamW,1810,4.570816469192505,0.00013780589153557232,1.5015270080650225
fineweb,RLB+AdamW,1820,4.577677631378174,0.0001363499549560718,1.5009702438488604
fineweb,RLB+AdamW,1830,4.564614105224609,0.0001348974995922986,1.5069833723595365
fineweb,RLB+AdamW,1840,4.53841872215271,0.00013344870192950604,1.5028099643066526
fineweb,RLB+AdamW,1850,4.584306955337524,0.00013200373800850669,1.5073673476232217
fineweb,RLB+AdamW,1860,4.534378576278686,0.00013056278340428193,1.5051767666824163
fineweb,RLB+AdamW,1870,4.548168420791626,0.00012912601320464842,1.506371580134146
fineweb,RLB+AdamW,1880,4.5513630390167235,0.0001276936019889831,1.509578331373632
fineweb,RLB+AdamW,1890,4.555484437942505,0.00012626572380701058,1.5065318980021403
fineweb,RLB+AdamW,1900,4.575973844528198,0.0001248425521576549,1.5049655995797366
fineweb,RLB+AdamW,1910,4.569741249084473,0.00012342425996795747,1.505526771885343
fineweb,RLB+AdamW,1920,4.554206275939942,0.00012201101957206532,1.5078202041098847
fineweb,RLB+AdamW,1930,4.543867301940918,0.00012060300269029124,1.5014896551612764
fineweb,RLB+AdamW,1940,4.524713325500488,0.00011920038040824796,1.4921027199132368
fineweb,RLB+AdamW,1950,4.556818437576294,0.00011780332315606016,1.5027046257862822
fineweb,RLB+AdamW,1960,4.546200275421143,0.00011641200068765563,1.5074513738509268
fineweb,RLB+AdamW,1970,4.568983364105224,0.00011502658206013892,1.5060690336627887
fineweb,RLB+AdamW,1980,4.513582229614258,0.00011364723561324927,1.5093033095123247
fineweb,RLB+AdamW,1990,4.523472929000855,0.00011227412894890628,1.4950832803733647
fineweb,RLB+AdamW,2000,4.516503429412841,0.00011090742891084471,1.492477331031114
fineweb,RLB+AdamW,2010,4.528874635696411,0.00010954730156434157,1.50559124131687
fineweb,RLB+AdamW,2020,4.5332794189453125,0.00010819391217603787,1.5055606646696105
fineweb,RLB+AdamW,2030,4.518500280380249,0.00010684742519385737,1.4981517137493938
fineweb,RLB+AdamW,2040,4.526953029632568,0.00010550800422702489,1.502589630894363
fineweb,RLB+AdamW,2050,4.529687166213989,0.00010417581202618635,1.5054727798793466
fineweb,RLB+AdamW,2060,4.496341848373413,0.00010285101046363306,1.5019863587804139
fineweb,RLB+AdamW,2070,4.5066725730896,0.00010153376051363338,1.5026069813640788
fineweb,RLB+AdamW,2080,4.504179286956787,0.00010022422223287245,1.5018975060898812
fineweb,RLB+AdamW,2090,4.500676679611206,9.892255474100456e-05,1.4970947173191234
fineweb,RLB+AdamW,2100,4.509336471557617,9.762891620131822e-05,1.4909997064853087
fineweb,RLB+AdamW,2110,4.492201423645019,9.634346380151855e-05,1.4916810435708612
fineweb,RLB+AdamW,2120,4.473841428756714,9.506635373462743e-05,1.4931632252642886
fineweb,RLB+AdamW,2130,4.497680568695069,9.379774118000463e-05,1.4937064927769825
fineweb,RLB+AdamW,2140,4.517456960678101,9.253778028449258e-05,1.4935654598288237
fineweb,RLB+AdamW,2150,4.4934924125671385,9.128662414368604e-05,1.504352595238015
fineweb,RLB+AdamW,2160,4.4999613761901855,9.004442478332968e-05,1.5024960446404294
fineweb,RLB+AdamW,2170,4.480688667297363,8.881133314084598e-05,1.5081069838954135
fineweb,RLB+AdamW,2180,4.546069478988647,8.758749904699466e-05,1.5052634299965575
fineweb,RLB+AdamW,2190,4.489951229095459,8.637307120766755e-05,1.5030518819577992
fineweb,RLB+AdamW,2200,4.487306213378906,8.516819718581906e-05,1.4936410959111526
fineweb,RLB+AdamW,2210,4.4784046649932865,8.397302338353651e-05,1.4988884415011854
fineweb,RLB+AdamW,2220,4.459856557846069,8.278769502425084e-05,1.4964208925608546
fineweb,RLB+AdamW,2230,4.500837612152099,8.161235613509075e-05,1.4926676858449355
fineweb,RLB+AdamW,2240,4.474345731735229,8.044714952938238e-05,1.49146788676735
fineweb,RLB+AdamW,2250,4.469213247299194,7.929221678929623e-05,1.5001352751860395
fineweb,RLB+AdamW,2260,4.4758728504180905,7.814769824864366e-05,1.495221562613733
fineweb,RLB+AdamW,2270,4.46645941734314,7.701373297582546e-05,1.4973539097234607
fineweb,RLB+AdamW,2280,4.4885162830352785,7.589045875693352e-05,1.5001546026905999
fineweb,RLB+AdamW,2290,4.450394964218139,7.477801207900909e-05,1.498901261901483
fineweb,RLB+AdamW,2300,4.459259414672852,7.367652811345809e-05,1.4957159604644403
fineweb,RLB+AdamW,2310,4.454052972793579,7.258614069962701e-05,1.4981303813168778
fineweb,RLB+AdamW,2320,4.449967575073242,7.15069823285402e-05,1.5068672775523737
fineweb,RLB+AdamW,2330,4.463924312591553,7.043918412680096e-05,1.507623779005371
fineweb,RLB+AdamW,2340,4.471515226364136,6.938287584065885e-05,1.5081844420870767
fineweb,RLB+AdamW,2350,4.467599582672119,6.833818582024439e-05,1.5040633321274073
fineweb,RLB+AdamW,2360,4.443803167343139,6.730524100397324e-05,1.5027812024345621
fineweb,RLB+AdamW,2370,4.462836694717407,6.628416690312251e-05,1.503714461904019
fineweb,RLB+AdamW,2380,4.462893962860107,6.527508758657974e-05,1.5007409234764055
fineweb,RLB+AdamW,2390,4.452520942687988,6.427812566576775e-05,1.504331082990393
fineweb,RLB+AdamW,2400,4.425185871124268,6.329340227974629e-05,1.5029739769408479
fineweb,RLB+AdamW,2410,4.450094985961914,6.232103708049272e-05,1.5027409127447755
fineweb,RLB+AdamW,2420,4.422726678848266,6.136114821836304e-05,1.5024246235378087
fineweb,RLB+AdamW,2430,4.43187985420227,6.0413852327735977e-05,1.505449651251547
fineweb,RLB+AdamW,2440,4.435041093826294,5.9479264512840794e-05,1.5069700012682006
fineweb,RLB+AdamW,2450,4.4307807922363285,5.855749833377125e-05,1.505437073437497
fineweb,RLB+AdamW,2460,4.431242609024048,5.764866579268692e-05,1.5101030829362572
fineweb,RLB+AdamW,2470,4.433017539978027,5.6752877320204306e-05,1.5037184133892878
fineweb,RLB+AdamW,2480,4.436119318008423,5.5870241761978464e-05,1.5002522950060666
fineweb,RLB+AdamW,2490,4.432256269454956,5.50008663654772e-05,1.5032621040940284
fineweb,RLB+AdamW,2500,4.396345138549805,5.414485676694995e-05,1.500507654924877
fineweb,RLB+AdamW,2510,4.425017309188843,5.330231697859196e-05,1.499356864555739
fineweb,RLB+AdamW,2520,4.447624254226684,5.2473349375905794e-05,1.502620893693529
fineweb,RLB+AdamW,2530,4.435222196578979,5.1658054685262116e-05,1.503253298997879
fineweb,RLB+AdamW,2540,4.3978324890136715,5.085653197166052e-05,1.50335807739757
fineweb,RLB+AdamW,2550,4.42522406578064,5.006887862669219e-05,1.5016759375343098
fineweb,RLB+AdamW,2560,4.4364625930786135,4.9295190356706257e-05,1.5030789591139182
fineweb,RLB+AdamW,2570,4.429765319824218,4.853556117118055e-05,1.5040897440165282
fineweb,RLB+AdamW,2580,4.437744665145874,4.779008337129862e-05,1.5085315936477854
fineweb,RLB+AdamW,2590,4.424907922744751,4.705884753873448e-05,1.5102045431034639
fineweb,RLB+AdamW,2600,4.418358373641968,4.634194252464623e-05,1.5094130859710275
fineweb,RLB+AdamW,2610,4.3845325946807865,4.5639455438879834e-05,1.5071461953688412
fineweb,RLB+AdamW,2620,4.414449882507324,4.495147163938453e-05,1.5089826953830197
fineweb,RLB+AdamW,2630,4.386038732528687,4.4278074721841174e-05,1.5093559354310855
fineweb,RLB+AdamW,2640,4.40224437713623,4.361934650950481e-05,1.5061847838805988
fineweb,RLB+AdamW,2650,4.39657154083252,4.297536704326216e-05,1.5059871365781874
fineweb,RLB+AdamW,2660,4.3879554748535154,4.234621457190635e-05,1.5068190265912562
fineweb,RLB+AdamW,2670,4.408797121047973,4.173196554262883e-05,1.505984385800548
fineweb,RLB+AdamW,2680,4.378738737106323,4.113269459173043e-05,1.5045362958218902
fineweb,RLB+AdamW,2690,4.399124097824097,4.0548474535552446e-05,1.5050060791196302
fineweb,RLB+AdamW,2700,4.404819345474243,3.9979376361628946e-05,1.5064974936656654
fineweb,RLB+AdamW,2710,4.397949934005737,3.942546922006115e-05,1.5047403077129275
fineweb,RLB+AdamW,2720,4.391222715377808,3.888682041511499e-05,1.5065983613720164
fineweb,RLB+AdamW,2730,4.392213582992554,3.836349539704333e-05,1.501135133090429
fineweb,RLB+AdamW,2740,4.389602565765381,3.7855557754133057e-05,1.498379196622409
fineweb,RLB+AdamW,2750,4.4038321018219,3.7363069204978575e-05,1.4997436510631814
fineweb,RLB+AdamW,2760,4.392378187179565,3.688608959098262e-05,1.5017518525477498
fineweb,RLB+AdamW,2770,4.400498390197754,3.6424676869084926e-05,1.5047680170740931
fineweb,RLB+AdamW,2780,4.396650648117065,3.597888710472001e-05,1.5070068877888843
fineweb,RLB+AdamW,2790,4.394068241119385,3.554877446500471e-05,1.5057536730309948
fineweb,RLB+AdamW,2800,4.401526403427124,3.513439121215659e-05,1.5045696511399
fineweb,RLB+AdamW,2810,4.396988201141357,3.473578769714351e-05,1.4985740469070152
fineweb,RLB+AdamW,2820,4.405000114440918,3.435301235356557e-05,1.5028364985249936
fineweb,RLB+AdamW,2830,4.371905040740967,3.3986111691770114e-05,1.4995667987735941
fineweb,RLB+AdamW,2840,4.386749982833862,3.36351302932003e-05,1.501085151778534
fineweb,RLB+AdamW,2850,4.3935929298400875,3.330011080497806e-05,1.503007216216065
fineweb,RLB+AdamW,2860,4.387090253829956,3.298109393472216e-05,1.4949394629802555
fineweb,RLB+AdamW,2870,4.38311128616333,3.267811844560191e-05,1.4958051163470372
fineweb,RLB+AdamW,2880,4.389701271057129,3.2391221151627036e-05,1.5014726240187883
fineweb,RLB+AdamW,2890,4.368755245208741,3.212043691317456e-05,1.5004940301179885
fineweb,RLB+AdamW,2900,4.373454999923706,3.1865798632752955e-05,1.502706731064245
fineweb,RLB+AdamW,2910,4.404402256011963,3.1627337251004223e-05,1.5052251475164666
fineweb,RLB+AdamW,2920,4.388431978225708,3.140508174294431e-05,1.505247329454869
fineweb,RLB+AdamW,2930,4.347506093978882,3.119905911444245e-05,1.5035350379534065
fineweb,RLB+AdamW,2940,4.403720855712891,3.1009294398939736e-05,1.505127004813403
fineweb,RLB+AdamW,2950,4.360096073150634,3.0835810654407316e-05,1.5046470531262457
fineweb,RLB+AdamW,2960,4.397197246551514,3.0678628960544684e-05,1.5023745742160828
fineweb,RLB+AdamW,2970,4.3790205955505375,3.053776841621831e-05,1.5090834200149401
fineweb,RLB+AdamW,2980,4.353858900070191,3.0413246137140968e-05,1.5102128186263144
fineweb,RLB+AdamW,2990,4.38517198562622,3.030507725379207e-05,1.5054682293906807
fineweb,RLB+AdamW,3000,4.39576826095581,3.0213274909579147e-05,1.5066153258783743
fineweb,RLB+AdamW,3010,4.356455898284912,3.0137850259240852e-05,1.506298463838175
fineweb,RLB+AdamW,3020,4.370126581192016,3.0078812467491507e-05,1.5022858328418807
fineweb,RLB+AdamW,3030,4.398297595977783,3.0036168707907614e-05,1.4988270271802322
fineweb,RLB+AdamW,3040,4.387413692474365,3.0009924162056113e-05,1.5128950658487157
fineweb,RLB+AdamW,3050,4.382623195648193,3.0000082018864835e-05,1.5039884590310977
fineweb,SiLU+Muon,1,10.98140811920166,1.4999999999999998e-06,1.2253482050728053
fineweb,SiLU+Muon,10,10.971900939941406,1.4999999999999999e-05,0.49090331289917233
fineweb,SiLU+Muon,20,10.93017349243164,2.9999999999999997e-05,0.41009975380729885
fineweb,SiLU+Muon,30,10.837856578826905,4.4999999999999996e-05,0.4105329937883653
fineweb,SiLU+Muon,40,10.70300750732422,5.9999999999999995e-05,0.410646906925831
fineweb,SiLU+Muon,50,10.517973041534423,7.5e-05,0.4112934538978152
fineweb,SiLU+Muon,60,10.313948440551759,8.999999999999999e-05,0.41029531181557105
fineweb,SiLU+Muon,70,10.086328792572022,0.00010499999999999999,0.41091199379879983
fineweb,SiLU+Muon,80,9.868743991851806,0.00011999999999999999,0.40988045488484204
fineweb,SiLU+Muon,90,9.670197486877441,0.00013499999999999997,0.41162032398860904
fineweb,SiLU+Muon,100,9.486083793640137,0.00015,0.41532350569032134
fineweb,SiLU+Muon,110,9.287406635284423,0.00016499999999999997,0.41034972497727723
fineweb,SiLU+Muon,120,9.117175006866455,0.00017999999999999998,0.4102639271062799
fineweb,SiLU+Muon,130,8.9208477973938,0.000195,0.4102531534037553
fineweb,SiLU+Muon,140,8.73321886062622,0.00020999999999999998,0.4103018707828596
fineweb,SiLU+Muon,150,8.514763069152831,0.000225,0.410179399093613
fineweb,SiLU+Muon,160,8.330175685882569,0.00023999999999999998,0.41089051531162113
fineweb,SiLU+Muon,170,8.138412475585938,0.00025499999999999996,0.4109495332930237
fineweb,SiLU+Muon,180,8.029828834533692,0.00026999999999999995,0.4111980158952065
fineweb,SiLU+Muon,190,7.879821062088013,0.000285,0.41444191181799395
fineweb,SiLU+Muon,200,7.75835657119751,0.0003,0.41282727700890975
fineweb,SiLU+Muon,210,7.608113765716553,0.000299993356525765,0.4118166438303888
fineweb,SiLU+Muon,220,7.506933879852295,0.0002999703922691041,0.4108077320153825
fineweb,SiLU+Muon,230,7.431768465042114,0.0002999310280014982,0.41139393971534444
fineweb,SiLU+Muon,240,7.360971689224243,0.00029987526850602916,0.4121275875717402
fineweb,SiLU+Muon,250,7.238404226303101,0.00029980312055793344,0.41624955799197777
fineweb,SiLU+Muon,260,7.158894300460815,0.00029971459292377916,0.415640494087711
fineweb,SiLU+Muon,270,7.116257810592652,0.00029960969636040076,0.4119165598065592
fineweb,SiLU+Muon,280,7.014583778381348,0.00029948844361359214,0.4134457748848945
fineweb,SiLU+Muon,290,6.995258474349976,0.0002993508494165576,0.4152005286887288
fineweb,SiLU+Muon,300,6.892881774902344,0.0002991969304881219,0.4116184685030021
fineweb,SiLU+Muon,310,6.848979043960571,0.0002990267055306988,0.4112218470079824
fineweb,SiLU+Muon,320,6.784013509750366,0.0002988401952280183,0.41198121120687575
fineweb,SiLU+Muon,330,6.699643516540528,0.00029863742224261374,0.41135263039032
fineweb,SiLU+Muon,340,6.67370376586914,0.0002984184112130679,0.41144913390744475
fineweb,SiLU+Muon,350,6.642478895187378,0.00029818318875101914,0.41198633920866995
fineweb,SiLU+Muon,360,6.585236072540283,0.00029793178343792817,0.4121905374689959
fineweb,SiLU+Muon,370,6.513602256774902,0.00029766422582160485,0.41115285390987993
fineweb,SiLU+Muon,380,6.484802627563477,0.0002973805484124966,0.41214492088183763
fineweb,SiLU+Muon,390,6.398065710067749,0.0002970807856797379,0.41317699250066653
fineweb,SiLU+Muon,400,6.332015657424927,0.0002967649740469624,0.41550181541824716
fineweb,SiLU+Muon,410,6.32956337928772,0.0002964331518878766,0.4167077836347744
fineweb,SiLU+Muon,420,6.308313655853271,0.0002960853595215975,0.4137234577909112
fineweb,SiLU+Muon,430,6.255472946166992,0.0002957216392077535,0.41138611391652374
fineweb,SiLU+Muon,440,6.200502586364746,0.00029534203514134934,0.41257149883313105
fineweb,SiLU+Muon,450,6.168420505523682,0.0002949465934473961,0.4149086313205771
fineweb,SiLU+Muon,460,6.135679054260254,0.0002945353621753067,0.41366347320144997
fineweb,SiLU+Muon,470,6.085756635665893,0.00029410839129305743,0.4141156990895979
fineweb,SiLU+Muon,480,6.071177911758423,0.0002936657326811166,0.41127817168598996
fineweb,SiLU+Muon,490,6.0118951320648195,0.00029320744012614015,0.41544792798813435
fineweb,SiLU+Muon,500,6.017390012741089,0.0002927335693144369,0.4117062497069128
fineweb,SiLU+Muon,510,5.950814580917358,0.0002922441778252015,0.41320197968743744
fineweb,SiLU+Muon,520,5.949599981307983,0.0002917393251235184,0.4118703878950328
fineweb,SiLU+Muon,530,5.880737829208374,0.0002912190725531364,0.4163907748879865
fineweb,SiLU+Muon,540,5.833706426620483,0.00029068348332901475,0.416623370104935
fineweb,SiLU+Muon,550,5.83920578956604,0.00029013262252964206,0.4164162175147794
fineweb,SiLU+Muon,560,5.867983102798462,0.0002895665570891288,0.4128728553187102
fineweb,SiLU+Muon,570,5.830493402481079,0.00028898535578907405,0.4127333210897632
fineweb,SiLU+Muon,580,5.780642414093018,0.0002883890892502082,0.41153944809921084
fineweb,SiLU+Muon,590,5.756607532501221,0.00028777782992381193,0.4119103383971378
fineweb,SiLU+Muon,600,5.731324052810669,0.0002871516520829126,0.41230625407770277
fineweb,SiLU+Muon,610,5.7088940143585205,0.0002865106318132596,0.4172215661033988
fineweb,SiLU+Muon,620,5.661682224273681,0.0002858548470040794,0.41269584628753364
fineweb,SiLU+Muon,630,5.661310195922852,0.000285184377338611,0.4119892662041821
fineweb,SiLU+Muon,640,5.665092182159424,0.00028449930428442433,0.41209151881048456
fineweb,SiLU+Muon,650,5.605880689620972,0.0002837997110835208,0.41256698250072077
fineweb,SiLU+Muon,660,5.599487352371216,0.0002830856827422189,0.41443089219974355
fineweb,SiLU+Muon,670,5.5807576179504395,0.00028235730602082517,0.41156187480082734
fineweb,SiLU+Muon,680,5.58244514465332,0.00028161466942309217,0.41224184262100605
fineweb,SiLU+Muon,690,5.568350028991699,0.00028085786318546465,0.4114659226150252
fineweb,SiLU+Muon,700,5.508507633209229,0.0002800869792661148,0.41227001247461886
fineweb,SiLU+Muon,710,5.560953998565674,0.00027930211133376875,0.4133513425826095
fineweb,SiLU+Muon,720,5.501293277740478,0.0002785033547563251,0.4149177837884054
fineweb,SiLU+Muon,730,5.506198406219482,0.00027769080658926693,0.4114803349133581
fineweb,SiLU+Muon,740,5.490423202514648,0.0002768645655638685,0.41186108100228014
fineweb,SiLU+Muon,750,5.466274738311768,0.00027602473207519906,0.41237660800106823
fineweb,SiLU+Muon,760,5.447098112106323,0.0002751714081699235,0.4121485510026105
fineweb,SiLU+Muon,770,5.442569446563721,0.0002743046975339032,0.4115911694825627
fineweb,SiLU+Muon,780,5.425480794906616,0.00027342470547959735,0.41262811844935643
fineweb,SiLU+Muon,790,5.385605096817017,0.00027253153893326646,0.41173450740752743
fineweb,SiLU+Muon,800,5.400156784057617,0.00027162530642197997,0.41514807152561845
fineweb,SiLU+Muon,810,5.378445386886597,0.0002707061180604293,0.4172165764961392
fineweb,SiLU+Muon,820,5.341265773773193,0.0002697740855375481,0.41747206029249356
fineweb,SiLU+Muon,830,5.345477771759033,0.0002688293221029412,0.41437436930136756
fineweb,SiLU+Muon,840,5.332411813735962,0.00026787194255312364,0.41084356530336663
fineweb,SiLU+Muon,850,5.326655530929566,0.00026690206321757203,0.41191410610917956
fineweb,SiLU+Muon,860,5.320870399475098,0.0002659198019445897,0.41154551688814534
fineweb,SiLU+Muon,870,5.281939363479614,0.0002649252780869868,0.41151907917810604
fineweb,SiLU+Muon,880,5.24856481552124,0.0002639186124875786,0.41220351349329576
fineweb,SiLU+Muon,890,5.257560157775879,0.00026289992746450134,0.41153868699911983
fineweb,SiLU+Muon,900,5.232064819335937,0.00026186934679635007,0.41178317937301473
fineweb,SiLU+Muon,910,5.2433717250823975,0.0002608269957071384,0.41235973201692105
fineweb,SiLU+Muon,920,5.219470024108887,0.0002597730008510828,0.41190177969401703
fineweb,SiLU+Muon,930,5.206444263458252,0.00025870749029721293,0.4116661087842658
fineweb,SiLU+Muon,940,5.226773643493653,0.00025763059351381027,0.41216342081315815
fineweb,SiLU+Muon,950,5.184049987792969,0.0002565424413526768,0.4131885893992148
fineweb,SiLU+Muon,960,5.191632080078125,0.00025544316603323523,0.41184481178643184
fineweb,SiLU+Muon,970,5.168269968032837,0.0002543329011264634,0.4121869839145802
fineweb,SiLU+Muon,980,5.177121210098266,0.00025321178153866423,0.41447276627877727
fineweb,SiLU+Muon,990,5.16878457069397,0.0002520799434950734,0.41325735659338536
fineweb,SiLU+Muon,1000,5.138068151473999,0.0002509375245233072,0.41220936019672083
fineweb,SiLU+Muon,1010,5.121176815032959,0.0002497846634366514,0.4138755479012616
fineweb,SiLU+Muon,1020,5.119152784347534,0.0002486215003171946,0.41555229789810255
fineweb,SiLU+Muon,1030,5.13340392112732,0.00024744817649880683,0.41239934638142584
fineweb,SiLU+Muon,1040,5.118534564971924,0.0002462648345499665,0.4134747080039233
fineweb,SiLU+Muon,1050,5.084928894042969,0.0002450716182564374,0.41701303110457955
fineweb,SiLU+Muon,1060,5.091403436660767,0.0002438686726037968,0.4125950794084929
fineweb,SiLU+Muon,1070,5.067714357376099,0.0002426561437598195,0.4118704503867775
fineweb,SiLU+Muon,1080,5.045722007751465,0.0002414341790567164,0.4120784816215746
fineweb,SiLU+Muon,1090,5.077382040023804,0.0002402029269732328,0.4151715930667706
fineweb,SiLU+Muon,1100,5.041840696334839,0.00023896253711660717,0.4184740828815848
fineweb,SiLU+Muon,1110,5.0544517993927,0.0002377131602043922,0.41705825643148275
fineweb,SiLU+Muon,1120,5.039746809005737,0.0002364549480461418,0.41626702680950983
fineweb,SiLU+Muon,1130,5.041177082061767,0.00023518805352496484,0.4127905396046117
fineweb,SiLU+Muon,1140,5.010632610321045,0.00023391263057894837,0.4118948474060744
fineweb,SiLU+Muon,1150,5.0078880310058596,0.00023262883418245333,0.41417723938357087
fineweb,SiLU+Muon,1160,5.014819765090943,0.00023133682032728357,0.4145354594802484
fineweb,SiLU+Muon,1170,5.003629922866821,0.0002300367460037315,0.4125839248066768
fineweb,SiLU+Muon,1180,5.002424812316894,0.00022872876918150292,0.4116528482059948
fineweb,SiLU+Muon,1190,5.006189775466919,0.00022741304879052182,0.4135782493976876
fineweb,SiLU+Muon,1200,5.004776239395142,0.00022608974470161945,0.4120419737068005
fineweb,SiLU+Muon,1210,4.957143926620484,0.00022475901770710883,0.41204690689919515
fineweb,SiLU+Muon,1220,4.971033954620362,0.00022342102950124673,0.41183528867550195
fineweb,SiLU+Muon,1230,4.944705295562744,0.0002220759426605868,0.41487472839653494
fineweb,SiLU+Muon,1240,4.949758863449096,0.0002207239206242251,0.41598739207256585
fineweb,SiLU+Muon,1250,4.927876710891724,0.00021936512767394096,0.4118911695899442
fineweb,SiLU+Muon,1260,4.923506879806519,0.0002179997289142353,0.4114157921867445
fineweb,SiLU+Muon,1270,4.923958873748779,0.00021662789025226912,0.41208779230946674
fineweb,SiLU+Muon,1280,4.917450857162476,0.0002152497783777045,0.4114009527140297
fineweb,SiLU+Muon,1290,4.931829738616943,0.00021386556074245026,0.41336238858057184
fineweb,SiLU+Muon,1300,4.885458707809448,0.00021247540554031533,0.41151222737971693
fineweb,SiLU+Muon,1310,4.901200962066651,0.00021107948168657182,0.4126033465145156
fineweb,SiLU+Muon,1320,4.867193412780762,0.00020967795879743028,0.4134656197973527
fineweb,SiLU+Muon,1330,4.851329660415649,0.00020827100716943014,0.4132231976022013
fineweb,SiLU+Muon,1340,4.859432601928711,0.00020685879775874703,0.41198288890300316
fineweb,SiLU+Muon,1350,4.90134105682373,0.0002054415021604205,0.4122958976076916
fineweb,SiLU+Muon,1360,4.8625890731811525,0.00020401929258750362,0.4118701105006039
fineweb,SiLU+Muon,1370,4.84111475944519,0.00020259234185013772,0.4138474588864483
fineweb,SiLU+Muon,1380,4.856777811050415,0.00020116082333455448,0.416848981671501
fineweb,SiLU+Muon,1390,4.844381809234619,0.00019972491098200823,0.41592656378634274
fineweb,SiLU+Muon,1400,4.812950181961059,0.00019828477926764048,0.4138492577127181
fineweb,SiLU+Muon,1410,4.830498504638672,0.00019684060317927993,0.4114696661941707
fineweb,SiLU+Muon,1420,4.814099979400635,0.00019539255819617994,0.4147700882866047
fineweb,SiLU+Muon,1430,4.828890800476074,0.00019394082026769627,0.41129373215371745
fineweb,SiLU+Muon,1440,4.805099010467529,0.0001924855657919079,0.4117598992190324
fineweb,SiLU+Muon,1450,4.7933563709259035,0.0001910269715941832,0.4139088023104705
fineweb,SiLU+Muon,1460,4.806720018386841,0.00018956521490569417,0.415200628596358
fineweb,SiLU+Muon,1470,4.802049732208252,0.00018810047334188142,0.41462350729852915
fineweb,SiLU+Muon,1480,4.800555038452148,0.00018663292488087238,0.41220672939671205
fineweb,SiLU+Muon,1490,4.786328220367432,0.00018516274784185555,0.4173455650103278
fineweb,SiLU+Muon,1500,4.774838161468506,0.0001836901208634133,0.4125052106915973
fineweb,SiLU+Muon,1510,4.766526365280152,0.00018221522288181568,0.41246299711056056
fineweb,SiLU+Muon,1520,4.77529296875,0.00018073823310927836,0.4127082045888528
fineweb,SiLU+Muon,1530,4.780619144439697,0.00017925933101218665,0.4118245319230482
fineweb,SiLU+Muon,1540,4.750074577331543,0.00017777869628928913,0.41172152941580864
fineweb,SiLU+Muon,1550,4.746255016326904,0.0001762965088498626,0.4135022803209722
fineweb,SiLU+Muon,1560,4.738405418395996,0.00017481294879185156,0.4113391523947939
fineweb,SiLU+Muon,1570,4.736771869659424,0.00017332819637998513,0.41454162379959597
fineweb,SiLU+Muon,1580,4.737357568740845,0.0001718424320238731,0.4136984200915322
fineweb,SiLU+Muon,1590,4.713219690322876,0.00017035583625608485,0.41219184671062975
fineweb,SiLU+Muon,1600,4.701615524291992,0.000168868589710213,0.41428700531832874
fineweb,SiLU+Muon,1610,4.713562297821045,0.00016738087309892515,0.41154105837922544
fineweb,SiLU+Muon,1620,4.712998723983764,0.00016589286719200568,0.41283095970284195
fineweb,SiLU+Muon,1630,4.693220758438111,0.00016440475279439078,0.41154192670946943
fineweb,SiLU+Muon,1640,4.7032310962677,0.00016291671072419912,0.4114468098850921
fineweb,SiLU+Muon,1650,4.6984947681427,0.00016142892179076102,0.41147316461429
fineweb,SiLU+Muon,1660,4.716426610946655,0.0001599415667726486,0.41559867379255594
fineweb,SiLU+Muon,1670,4.68490686416626,0.0001584548263957097,0.41692279730923476
fineweb,SiLU+Muon,1680,4.693006467819214,0.0001569688813111081,0.4164316076901741
fineweb,SiLU+Muon,1690,4.680639600753784,0.00015548391207337333,0.4162332636886276
fineweb,SiLU+Muon,1700,4.690752458572388,0.0001540000991184612,0.4122499129152857
fineweb,SiLU+Muon,1710,4.669515228271484,0.0001525176227418298,0.41200524660525845
fineweb,SiLU+Muon,1720,4.666853237152099,0.00015103666307653203,0.41343250380596147
fineweb,SiLU+Muon,1730,4.6370766162872314,0.0001495574000713278,0.41327969877747817
fineweb,SiLU+Muon,1740,4.657433748245239,0.0001480800134688189,0.4145648358971812
fineweb,SiLU+Muon,1750,4.670703601837158,0.0001466046827836089,0.4128292654175311
fineweb,SiLU+Muon,1760,4.626577854156494,0.00014513158728049044,0.4117743912851438
fineweb,SiLU+Muon,1770,4.6402106285095215,0.00014366090595266314,0.4121597437770106
fineweb,SiLU+Muon,1780,4.665608263015747,0.00014219281749998456,0.4136839335202239
fineweb,SiLU+Muon,1790,4.609949398040771,0.00014072750030725672,0.41202754830010235
fineweb,SiLU+Muon,1800,4.631017684936523,0.00013926513242255067,0.41284878384321927
fineweb,SiLU+Muon,1810,4.623332500457764,0.00013780589153557232,0.41179280722280964
fineweb,SiLU+Muon,1820,4.629287815093994,0.0001363499549560718,0.4120277598965913
fineweb,SiLU+Muon,1830,4.614780473709106,0.0001348974995922986,0.4118340928805992
fineweb,SiLU+Muon,1840,4.590552186965942,0.00013344870192950604,0.41229805413167925
fineweb,SiLU+Muon,1850,4.637491369247437,0.00013200373800850669,0.4117110627004877
fineweb,SiLU+Muon,1860,4.5849510669708256,0.00013056278340428193,0.4139054607017897
fineweb,SiLU+Muon,1870,4.597142744064331,0.00012912601320464842,0.4139024347881787
fineweb,SiLU+Muon,1880,4.5954193592071535,0.0001276936019889831,0.4134091580752283
fineweb,SiLU+Muon,1890,4.602123641967774,0.00012626572380701058,0.4116508294013329
fineweb,SiLU+Muon,1900,4.624555969238282,0.0001248425521576549,0.41176670738495885
fineweb,SiLU+Muon,1910,4.616036605834961,0.00012342425996795747,0.41160543911391867
fineweb,SiLU+Muon,1920,4.598975086212159,0.00012201101957206532,0.41365213389508426
fineweb,SiLU+Muon,1930,4.587419939041138,0.00012060300269029124,0.41202168161980807
fineweb,SiLU+Muon,1940,4.568729019165039,0.00011920038040824796,0.4158216767013073
fineweb,SiLU+Muon,1950,4.600039434432984,0.00011780332315606016,0.4170621658209711
fineweb,SiLU+Muon,1960,4.587140607833862,0.00011641200068765563,0.41722710931207985
fineweb,SiLU+Muon,1970,4.613535690307617,0.00011502658206013892,0.4118556178174913
fineweb,SiLU+Muon,1980,4.556615734100342,0.00011364723561324927,0.4121510394033976
fineweb,SiLU+Muon,1990,4.567364358901978,0.00011227412894890628,0.41186768069164825
fineweb,SiLU+Muon,2000,4.554658603668213,0.00011090742891084471,0.4119688919978216
fineweb,SiLU+Muon,2010,4.565615272521972,0.00010954730156434157,0.41379540782654656
fineweb,SiLU+Muon,2020,4.5725902080535885,0.00010819391217603787,0.4162106983945705
fineweb,SiLU+Muon,2030,4.556638860702515,0.00010684742519385737,0.4130335648311302
fineweb,SiLU+Muon,2040,4.56820969581604,0.00010550800422702489,0.4116802731063217
fineweb,SiLU+Muon,2050,4.563560581207275,0.00010417581202618635,0.4116773016867228
fineweb,SiLU+Muon,2060,4.531313514709472,0.00010285101046363306,0.411664128373377
fineweb,SiLU+Muon,2070,4.542316055297851,0.00010153376051363338,0.411448594997637
fineweb,SiLU+Muon,2080,4.5413158416748045,0.00010022422223287245,0.412468943791464
fineweb,SiLU+Muon,2090,4.539301109313965,9.892255474100456e-05,0.4129236883018166
fineweb,SiLU+Muon,2100,4.5435018062591555,9.762891620131822e-05,0.41200784969842064
fineweb,SiLU+Muon,2110,4.528201627731323,9.634346380151855e-05,0.41155535080470146
fineweb,SiLU+Muon,2120,4.511489772796631,9.506635373462743e-05,0.4121076768147759
fineweb,SiLU+Muon,2130,4.530587291717529,9.379774118000463e-05,0.41141453561140223
fineweb,SiLU+Muon,2140,4.55053186416626,9.253778028449258e-05,0.4121049158042297
fineweb,SiLU+Muon,2150,4.5245232582092285,9.128662414368604e-05,0.4120282982243225
fineweb,SiLU+Muon,2160,4.534117269515991,9.004442478332968e-05,0.41282347578089684
fineweb,SiLU+Muon,2170,4.510886335372925,8.881133314084598e-05,0.4124077224987559
fineweb,SiLU+Muon,2180,4.577205514907837,8.758749904699466e-05,0.41233676408883185
fineweb,SiLU+Muon,2190,4.522256326675415,8.637307120766755e-05,0.41227233306271954
fineweb,SiLU+Muon,2200,4.5189440727233885,8.516819718581906e-05,0.4120316322194412
fineweb,SiLU+Muon,2210,4.509143352508545,8.397302338353651e-05,0.4116756173199974
fineweb,SiLU+Muon,2220,4.492250251770019,8.278769502425084e-05,0.4128331674961373
fineweb,SiLU+Muon,2230,4.531127691268921,8.161235613509075e-05,0.4166587816085666
fineweb,SiLU+Muon,2240,4.5037126541137695,8.044714952938238e-05,0.4164532916853204
fineweb,SiLU+Muon,2250,4.493615245819091,7.929221678929623e-05,0.41564075769856573
fineweb,SiLU+Muon,2260,4.5041539669036865,7.814769824864366e-05,0.41332767480053006
fineweb,SiLU+Muon,2270,4.492316436767578,7.701373297582546e-05,0.41288646777393295
fineweb,SiLU+Muon,2280,4.514841556549072,7.589045875693352e-05,0.4114150113076903
fineweb,SiLU+Muon,2290,4.47809362411499,7.477801207900909e-05,0.41194597660796717
fineweb,SiLU+Muon,2300,4.484658336639404,7.367652811345809e-05,0.4125003969646059
fineweb,SiLU+Muon,2310,4.477947950363159,7.258614069962701e-05,0.4122883946169168
fineweb,SiLU+Muon,2320,4.477238941192627,7.15069823285402e-05,0.4120066849049181
fineweb,SiLU+Muon,2330,4.488058185577392,7.043918412680096e-05,0.4119638017145917
fineweb,SiLU+Muon,2340,4.495311546325683,6.938287584065885e-05,0.4135331766912714
fineweb,SiLU+Muon,2350,4.491295099258423,6.833818582024439e-05,0.4165635802899487
fineweb,SiLU+Muon,2360,4.465225172042847,6.730524100397324e-05,0.41284069888060915
fineweb,SiLU+Muon,2370,4.4865532398223875,6.628416690312251e-05,0.4136391730164178
fineweb,SiLU+Muon,2380,4.490577316284179,6.527508758657974e-05,0.4118561963085085
fineweb,SiLU+Muon,2390,4.474628019332886,6.427812566576775e-05,0.4116751614026725
fineweb,SiLU+Muon,2400,4.449301433563233,6.329340227974629e-05,0.4126536485156976
fineweb,SiLU+Muon,2410,4.471295881271362,6.232103708049272e-05,0.41177768749184906
fineweb,SiLU+Muon,2420,4.446177434921265,6.136114821836304e-05,0.4114941625972278
fineweb,SiLU+Muon,2430,4.454353284835816,6.0413852327735977e-05,0.411925706686452
fineweb,SiLU+Muon,2440,4.457218837738037,5.9479264512840794e-05,0.41171904389048
fineweb,SiLU+Muon,2450,4.4561937808990475,5.855749833377125e-05,0.41212411189917475
fineweb,SiLU+Muon,2460,4.45103006362915,5.764866579268692e-05,0.4113907920080237
fineweb,SiLU+Muon,2470,4.453416967391968,5.6752877320204306e-05,0.41239960960811006
fineweb,SiLU+Muon,2480,4.458593225479126,5.5870241761978464e-05,0.41337292330572384
fineweb,SiLU+Muon,2490,4.452341508865357,5.50008663654772e-05,0.412487712118309
fineweb,SiLU+Muon,2500,4.42079439163208,5.414485676694995e-05,0.41229372199159114
fineweb,SiLU+Muon,2510,4.445832347869873,5.330231697859196e-05,0.41617588271619754
fineweb,SiLU+Muon,2520,4.466688251495361,5.2473349375905794e-05,0.4167965482920408
fineweb,SiLU+Muon,2530,4.4518426895141605,5.1658054685262116e-05,0.41515626800246536
fineweb,SiLU+Muon,2540,4.420517492294311,5.085653197166052e-05,0.4114160930970684
fineweb,SiLU+Muon,2550,4.447388458251953,5.006887862669219e-05,0.4123453183798119
fineweb,SiLU+Muon,2560,4.451949262619019,4.9295190356706257e-05,0.41135455621406436
fineweb,SiLU+Muon,2570,4.448652744293213,4.853556117118055e-05,0.41368402251973746
fineweb,SiLU+Muon,2580,4.459090614318848,4.779008337129862e-05,0.41269393913680685
fineweb,SiLU+Muon,2590,4.44301815032959,4.705884753873448e-05,0.41308426527539266
fineweb,SiLU+Muon,2600,4.43606653213501,4.634194252464623e-05,0.41179788460722194
fineweb,SiLU+Muon,2610,4.404846239089966,4.5639455438879834e-05,0.41192383560119195
fineweb,SiLU+Muon,2620,4.433508443832397,4.495147163938453e-05,0.4117667217971757
fineweb,SiLU+Muon,2630,4.402951955795288,4.4278074721841174e-05,0.4117080082069151
fineweb,SiLU+Muon,2640,4.420859861373901,4.361934650950481e-05,0.4131263475981541
fineweb,SiLU+Muon,2650,4.416280889511109,4.297536704326216e-05,0.4142721936223097
fineweb,SiLU+Muon,2660,4.401793718338013,4.234621457190635e-05,0.4116910353768617
fineweb,SiLU+Muon,2670,4.424060726165772,4.173196554262883e-05,0.41195259100059045
fineweb,SiLU+Muon,2680,4.396444845199585,4.113269459173043e-05,0.4119235843187198
fineweb,SiLU+Muon,2690,4.415756130218506,4.0548474535552446e-05,0.41190418892074376
fineweb,SiLU+Muon,2700,4.421419095993042,3.9979376361628946e-05,0.411872836004477
fineweb,SiLU+Muon,2710,4.412864112854004,3.942546922006115e-05,0.41195315358927476
fineweb,SiLU+Muon,2720,4.410339879989624,3.888682041511499e-05,0.41164269008440896
fineweb,SiLU+Muon,2730,4.409857892990113,3.836349539704333e-05,0.411765553499572
fineweb,SiLU+Muon,2740,4.406940746307373,3.7855557754133057e-05,0.41157640729798006
fineweb,SiLU+Muon,2750,4.419750642776489,3.7363069204978575e-05,0.4122450956958346
fineweb,SiLU+Muon,2760,4.406934833526611,3.688608959098262e-05,0.4119766639894806
fineweb,SiLU+Muon,2770,4.417288017272949,3.6424676869084926e-05,0.4119539800914936
fineweb,SiLU+Muon,2780,4.411857795715332,3.597888710472001e-05,0.41143504560459404
fineweb,SiLU+Muon,2790,4.409260988235474,3.554877446500471e-05,0.41269682050915435
fineweb,SiLU+Muon,2800,4.4192955493927,3.513439121215659e-05,0.4174093783134595
fineweb,SiLU+Muon,2810,4.415363216400147,3.473578769714351e-05,0.41513234400190413
fineweb,SiLU+Muon,2820,4.419576978683471,3.435301235356557e-05,0.4117813017917797
fineweb,SiLU+Muon,2830,4.38494553565979,3.3986111691770114e-05,0.4131829740130343
fineweb,SiLU+Muon,2840,4.402930212020874,3.36351302932003e-05,0.41186941200867294
fineweb,SiLU+Muon,2850,4.40541181564331,3.330011080497806e-05,0.4121151832048781
fineweb,SiLU+Muon,2860,4.400875186920166,3.298109393472216e-05,0.4113881836994551
fineweb,SiLU+Muon,2870,4.397041320800781,3.267811844560191e-05,0.4124149470939301
fineweb,SiLU+Muon,2880,4.405971670150757,3.2391221151627036e-05,0.41237525148317217
fineweb,SiLU+Muon,2890,4.381069755554199,3.212043691317456e-05,0.41431052449624983
fineweb,SiLU+Muon,2900,4.387257671356201,3.1865798632752955e-05,0.4141627251869068
fineweb,SiLU+Muon,2910,4.418367576599121,3.1627337251004223e-05,0.411444769683294
fineweb,SiLU+Muon,2920,4.400020790100098,3.140508174294431e-05,0.4118891997030005
fineweb,SiLU+Muon,2930,4.358594083786011,3.119905911444245e-05,0.4140006034169346
fineweb,SiLU+Muon,2940,4.419509696960449,3.1009294398939736e-05,0.4120754576055333
fineweb,SiLU+Muon,2950,4.371236181259155,3.0835810654407316e-05,0.41368035528576
fineweb,SiLU+Muon,2960,4.410941076278687,3.0678628960544684e-05,0.4115678198984824
fineweb,SiLU+Muon,2970,4.390544319152832,3.053776841621831e-05,0.41172325280494987
fineweb,SiLU+Muon,2980,4.364674854278564,3.0413246137140968e-05,0.4115074318018742
fineweb,SiLU+Muon,2990,4.400699138641357,3.030507725379207e-05,0.4119340062956326
fineweb,SiLU+Muon,3000,4.407161378860474,3.0213274909579147e-05,0.411847618187312
fineweb,SiLU+Muon,3010,4.368785333633423,3.0137850259240852e-05,0.412458804808557
fineweb,SiLU+Muon,3020,4.382153558731079,3.0078812467491507e-05,0.4115661238785833
fineweb,SiLU+Muon,3030,4.411526012420654,3.0036168707907614e-05,0.41205430899281054
fineweb,SiLU+Muon,3040,4.401525831222534,3.0009924162056113e-05,0.4123430578736588
fineweb,SiLU+Muon,3050,4.393365573883057,3.0000082018864835e-05,0.4116327970055863
fineweb,RLB+Muon,1,10.991342544555664,1.4999999999999998e-06,2.198058021022007
fineweb,RLB+Muon,10,10.97655455271403,1.4999999999999999e-05,1.4582440091180615
fineweb,RLB+Muon,20,10.923126792907714,2.9999999999999997e-05,1.3711143157095649
fineweb,RLB+Muon,30,10.79995059967041,4.4999999999999996e-05,1.3730597499059514
fineweb,RLB+Muon,40,10.634272193908691,5.9999999999999995e-05,1.3778087539947592
fineweb,RLB+Muon,50,10.418954181671143,7.5e-05,1.3728729551075958
fineweb,RLB+Muon,60,10.183438873291015,8.999999999999999e-05,1.3701605829992332
fineweb,RLB+Muon,70,9.916765308380127,0.00010499999999999999,1.3737213290994987
fineweb,RLB+Muon,80,9.642430877685547,0.00011999999999999999,1.3747224089107477
fineweb,RLB+Muon,90,9.387282657623292,0.00013499999999999997,1.3682070081820712
fineweb,RLB+Muon,100,9.147904872894287,0.00015,1.3690000678994694
fineweb,RLB+Muon,110,8.910181713104247,0.00016499999999999997,1.3684704004088417
fineweb,RLB+Muon,120,8.727844619750977,0.00017999999999999998,1.3699408412794583
fineweb,RLB+Muon,130,8.542399406433105,0.000195,1.3689709076075816
fineweb,RLB+Muon,140,8.359313869476319,0.00020999999999999998,1.3703518335125409
fineweb,RLB+Muon,150,8.1769193649292,0.000225,1.3700444937217982
fineweb,RLB+Muon,160,8.041511631011963,0.00023999999999999998,1.3700453888857738
fineweb,RLB+Muon,170,7.887037754058838,0.00025499999999999996,1.3725456776912324
fineweb,RLB+Muon,180,7.810582256317138,0.00026999999999999995,1.3702706957235933
fineweb,RLB+Muon,190,7.6814432621002195,0.000285,1.3717622683150694
fineweb,RLB+Muon,200,7.577115058898926,0.0003,1.3713136294856667
fineweb,RLB+Muon,210,7.441611576080322,0.000299993356525765,1.368849589501042
fineweb,RLB+Muon,220,7.3541265487670895,0.0002999703922691041,1.3692877044901253
fineweb,RLB+Muon,230,7.286625623703003,0.0002999310280014982,1.3691414653905667
fineweb,RLB+Muon,240,7.223957681655884,0.00029987526850602916,1.3699352755094878
fineweb,RLB+Muon,250,7.110904598236084,0.00029980312055793344,1.3738505942048505
fineweb,RLB+Muon,260,7.035118103027344,0.00029971459292377916,1.3722005273913964
fineweb,RLB+Muon,270,7.001792097091675,0.00029960969636040076,1.3713348308112472
fineweb,RLB+Muon,280,6.903692817687988,0.00029948844361359214,1.3708704601973296
fineweb,RLB+Muon,290,6.888641881942749,0.0002993508494165576,1.3697340310085564
fineweb,RLB+Muon,300,6.792386436462403,0.0002991969304881219,1.368735196511261
fineweb,RLB+Muon,310,6.7520640850067135,0.0002990267055306988,1.3691055777948349
fineweb,RLB+Muon,320,6.690351676940918,0.0002988401952280183,1.3717983742710202
fineweb,RLB+Muon,330,6.608456134796143,0.00029863742224261374,1.3713732849108056
fineweb,RLB+Muon,340,6.582041215896607,0.0002984184112130679,1.3734545727143996
fineweb,RLB+Muon,350,6.554406547546387,0.00029818318875101914,1.3687603141064755
fineweb,RLB+Muon,360,6.500266885757446,0.00029793178343792817,1.3720016432926059
fineweb,RLB+Muon,370,6.428816556930542,0.00029766422582160485,1.3703314629150554
fineweb,RLB+Muon,380,6.404087400436401,0.0002973805484124966,1.3701822362840175
fineweb,RLB+Muon,390,6.319476366043091,0.0002970807856797379,1.3696180680999532
fineweb,RLB+Muon,400,6.26010422706604,0.0002967649740469624,1.3699911935138516
fineweb,RLB+Muon,410,6.261292314529419,0.0002964331518878766,1.3716184832039289
fineweb,RLB+Muon,420,6.2406352996826175,0.0002960853595215975,1.3754088175133803
fineweb,RLB+Muon,430,6.190474796295166,0.0002957216392077535,1.3726287077064625
fineweb,RLB+Muon,440,6.140151166915894,0.00029534203514134934,1.3731842330191284
fineweb,RLB+Muon,450,6.110048246383667,0.0002949465934473961,1.3722412672010251
fineweb,RLB+Muon,460,6.081472682952881,0.0002945353621753067,1.375924202997703
fineweb,RLB+Muon,470,6.033539581298828,0.00029410839129305743,1.3727334872819483
fineweb,RLB+Muon,480,6.022846841812134,0.0002936657326811166,1.373908081627451
fineweb,RLB+Muon,490,5.964425420761108,0.00029320744012614015,1.3726941706961953
fineweb,RLB+Muon,500,5.97205753326416,0.0002927335693144369,1.3737240150920116
fineweb,RLB+Muon,510,5.909254360198974,0.0002922441778252015,1.3738454738049768
fineweb,RLB+Muon,520,5.9090322971344,0.0002917393251235184,1.373500157170929
fineweb,RLB+Muon,530,5.843683910369873,0.0002912190725531364,1.3726327926968225
fineweb,RLB+Muon,540,5.798306465148926,0.00029068348332901475,1.3726387711009012
fineweb,RLB+Muon,550,5.803867626190185,0.00029013262252964206,1.4013654101057909
fineweb,RLB+Muon,560,5.835496807098389,0.0002895665570891288,1.3692811116110533
fineweb,RLB+Muon,570,5.797237777709961,0.00028898535578907405,1.3685069713159463
fineweb,RLB+Muon,580,5.749870681762696,0.0002883890892502082,1.3705362533801235
fineweb,RLB+Muon,590,5.7246380805969235,0.00028777782992381193,1.376276508695446
fineweb,RLB+Muon,600,5.702764463424683,0.0002871516520829126,1.372903166792821
fineweb,RLB+Muon,610,5.683061027526856,0.0002865106318132596,1.3718852977151983
fineweb,RLB+Muon,620,5.633162641525269,0.0002858548470040794,1.3722167092957533
fineweb,RLB+Muon,630,5.635886287689209,0.000285184377338611,1.3746067845146173
fineweb,RLB+Muon,640,5.636438655853271,0.00028449930428442433,1.3734197974787095
fineweb,RLB+Muon,650,5.58283805847168,0.0002837997110835208,1.372607385914307
fineweb,RLB+Muon,660,5.576275873184204,0.0002830856827422189,1.3746558690094388
fineweb,RLB+Muon,670,5.558273458480835,0.00028235730602082517,1.3751038556103594
fineweb,RLB+Muon,680,5.5616600036621096,0.00028161466942309217,1.37197761797579
fineweb,RLB+Muon,690,5.545479202270508,0.00028085786318546465,1.374013965134509
fineweb,RLB+Muon,700,5.48828649520874,0.0002800869792661148,1.371996815886814
fineweb,RLB+Muon,710,5.53865909576416,0.00027930211133376875,1.374809135880787
fineweb,RLB+Muon,720,5.484159278869629,0.0002785033547563251,1.3708478378364817
fineweb,RLB+Muon,730,5.485653972625732,0.00027769080658926693,1.369306599884294
fineweb,RLB+Muon,740,5.471506404876709,0.0002768645655638685,1.373723848874215
fineweb,RLB+Muon,750,5.446679210662841,0.00027602473207519906,1.3763369089923798
fineweb,RLB+Muon,760,5.430224514007568,0.0002751714081699235,1.3752558981999754
fineweb,RLB+Muon,770,5.425788450241089,0.0002743046975339032,1.3740230782190337
fineweb,RLB+Muon,780,5.40947732925415,0.00027342470547959735,1.3776614086935297
fineweb,RLB+Muon,790,5.369767093658448,0.00027253153893326646,1.372573209006805
fineweb,RLB+Muon,800,5.385352993011475,0.00027162530642197997,1.372431038110517
fineweb,RLB+Muon,810,5.361481523513794,0.0002707061180604293,1.3724415861070156
fineweb,RLB+Muon,820,5.327116060256958,0.0002697740855375481,1.3718142717843875
fineweb,RLB+Muon,830,5.333108425140381,0.0002688293221029412,1.3727023322018794
fineweb,RLB+Muon,840,5.319926357269287,0.00026787194255312364,1.3759743770118802
fineweb,RLB+Muon,850,5.313661432266235,0.00026690206321757203,1.3741091679781676
fineweb,RLB+Muon,860,5.308208847045899,0.0002659198019445897,1.3704164927941747
fineweb,RLB+Muon,870,5.273946857452392,0.0002649252780869868,1.3705257699824869
fineweb,RLB+Muon,880,5.236963987350464,0.0002639186124875786,1.3716221144306473
fineweb,RLB+Muon,890,5.248008394241333,0.00026289992746450134,1.3708546867128462
fineweb,RLB+Muon,900,5.22106442451477,0.00026186934679635007,1.3715916278306395
fineweb,RLB+Muon,910,5.231797695159912,0.0002608269957071384,1.3722462330944836
fineweb,RLB+Muon,920,5.209920167922974,0.0002597730008510828,1.3749678674153984
fineweb,RLB+Muon,930,5.197137641906738,0.00025870749029721293,1.3750307073118164
fineweb,RLB+Muon,940,5.217709016799927,0.00025763059351381027,1.37193844410358
fineweb,RLB+Muon,950,5.174240589141846,0.0002565424413526768,1.373021482571494
fineweb,RLB+Muon,960,5.181952714920044,0.00025544316603323523,1.3705528414924628
fineweb,RLB+Muon,970,5.161809682846069,0.0002543329011264634,1.368747500597965
fineweb,RLB+Muon,980,5.170956230163574,0.00025321178153866423,1.3692662536865101
fineweb,RLB+Muon,990,5.161455965042114,0.0002520799434950734,1.3754777599941008
fineweb,RLB+Muon,1000,5.130686473846436,0.0002509375245233072,1.3737213338026777
fineweb,RLB+Muon,1010,5.113471555709839,0.0002497846634366514,1.3745397445047274
fineweb,RLB+Muon,1020,5.113789701461792,0.0002486215003171946,1.373283425089903
fineweb,RLB+Muon,1030,5.128317737579346,0.00024744817649880683,1.3743982350337318
fineweb,RLB+Muon,1040,5.112366151809693,0.0002462648345499665,1.3749140160973183
fineweb,RLB+Muon,1050,5.079342937469482,0.0002450716182564374,1.3734544240985997
fineweb,RLB+Muon,1060,5.087709522247314,0.0002438686726037968,1.368865503417328
fineweb,RLB+Muon,1070,5.062473344802856,0.0002426561437598195,1.3687609015614726
fineweb,RLB+Muon,1080,5.040115737915039,0.0002414341790567164,1.3685745474067517
fineweb,RLB+Muon,1090,5.073812246322632,0.0002402029269732328,1.3688627893803642
fineweb,RLB+Muon,1100,5.040153980255127,0.00023896253711660717,1.373568425665144
fineweb,RLB+Muon,1110,5.051619386672973,0.0002377131602043922,1.3711673027602955
fineweb,RLB+Muon,1120,5.038311195373535,0.0002364549480461418,1.3718484076904134
fineweb,RLB+Muon,1130,5.038812971115112,0.00023518805352496484,1.369665288820397
fineweb,RLB+Muon,1140,5.00608377456665,0.00023391263057894837,1.3700792494113556
fineweb,RLB+Muon,1150,5.00758728981018,0.00023262883418245333,1.3699081675265916
fineweb,RLB+Muon,1160,5.014300155639648,0.00023133682032728357,1.3692172694019973
fineweb,RLB+Muon,1170,5.000762462615967,0.0002300367460037315,1.3690992432180793
fineweb,RLB+Muon,1180,5.000479364395142,0.00022872876918150292,1.3719704430201092
fineweb,RLB+Muon,1190,5.004194259643555,0.00022741304879052182,1.373284948687069
fineweb,RLB+Muon,1200,5.005505466461182,0.00022608974470161945,1.3698174912831746
fineweb,RLB+Muon,1210,4.9558220386505125,0.00022475901770710883,1.3694563104771078
fineweb,RLB+Muon,1220,4.971253728866577,0.00022342102950124673,1.3713138586026616
fineweb,RLB+Muon,1230,4.945673942565918,0.0002220759426605868,1.3694706796086393
fineweb,RLB+Muon,1240,4.95023775100708,0.0002207239206242251,1.3691770508070475
fineweb,RLB+Muon,1250,4.927825117111206,0.00021936512767394096,1.369698130118195
fineweb,RLB+Muon,1260,4.924090909957886,0.0002179997289142353,1.3721046125050633
fineweb,RLB+Muon,1270,4.92624797821045,0.00021662789025226912,1.3763168479083105
fineweb,RLB+Muon,1280,4.917591762542725,0.0002152497783777045,1.3689952197368256
fineweb,RLB+Muon,1290,4.932113361358643,0.00021386556074245026,1.3697968980064616
fineweb,RLB+Muon,1300,4.884619617462159,0.00021247540554031533,1.3702084835036659
fineweb,RLB+Muon,1310,4.900181770324707,0.00021107948168657182,1.369186833477579
fineweb,RLB+Muon,1320,4.870789623260498,0.00020967795879743028,1.368364493001718
fineweb,RLB+Muon,1330,4.853897666931152,0.00020827100716943014,1.3708795715123414
fineweb,RLB+Muon,1340,4.861713314056397,0.00020685879775874703,1.3693176741944626
fineweb,RLB+Muon,1350,4.903612470626831,0.0002054415021604205,1.3717836609925143
fineweb,RLB+Muon,1360,4.866438150405884,0.00020401929258750362,1.3732946646166966
fineweb,RLB+Muon,1370,4.844658041000367,0.00020259234185013772,1.3730832998990081
fineweb,RLB+Muon,1380,4.8585912704467775,0.00020116082333455448,1.3867501502973028
fineweb,RLB+Muon,1390,4.849698066711426,0.00019972491098200823,1.3732503911945968
fineweb,RLB+Muon,1400,4.814881467819214,0.00019828477926764048,1.372918080992531
fineweb,RLB+Muon,1410,4.835702323913575,0.00019684060317927993,1.373222005669959
fineweb,RLB+Muon,1420,4.817888784408569,0.00019539255819617994,1.372060111700557
fineweb,RLB+Muon,1430,4.836535358428955,0.00019394082026769627,1.3718831408885308
fineweb,RLB+Muon,1440,4.81143364906311,0.0001924855657919079,1.3759504118119366
fineweb,RLB+Muon,1450,4.801572179794311,0.0001910269715941832,1.3727027988759801
fineweb,RLB+Muon,1460,4.812536716461182,0.00018956521490569417,1.3731477509834804
fineweb,RLB+Muon,1470,4.807549381256104,0.00018810047334188142,1.3732059029862285
fineweb,RLB+Muon,1480,4.804758501052857,0.00018663292488087238,1.3752325172070414
fineweb,RLB+Muon,1490,4.792032289505005,0.00018516274784185555,1.373481549101416
fineweb,RLB+Muon,1500,4.783036231994629,0.0001836901208634133,1.3772268743021414
fineweb,RLB+Muon,1510,4.771209383010865,0.00018221522288181568,1.3685934575274588
fineweb,RLB+Muon,1520,4.782493209838867,0.00018073823310927836,1.3713015090092084
fineweb,RLB+Muon,1530,4.7887777328491214,0.00017925933101218665,1.3752918431302532
fineweb,RLB+Muon,1540,4.7592545509338375,0.00017777869628928913,1.3774891865788959
fineweb,RLB+Muon,1550,4.756163883209228,0.0001762965088498626,1.3739539011963644
fineweb,RLB+Muon,1560,4.746775150299072,0.00017481294879185156,1.372409359109588
fineweb,RLB+Muon,1570,4.744402313232422,0.00017332819637998513,1.3737905287067407
fineweb,RLB+Muon,1580,4.7462317943573,0.0001718424320238731,1.374215962528251
fineweb,RLB+Muon,1590,4.725374555587768,0.00017035583625608485,1.373082521581091
fineweb,RLB+Muon,1600,4.711308431625366,0.000168868589710213,1.3723252124269494
fineweb,RLB+Muon,1610,4.726005268096924,0.00016738087309892515,1.3731458101305178
fineweb,RLB+Muon,1620,4.724136734008789,0.00016589286719200568,1.369079226721078
fineweb,RLB+Muon,1630,4.704285669326782,0.00016440475279439078,1.3700331673957407
fineweb,RLB+Muon,1640,4.710994577407837,0.00016291671072419912,1.368899421102833
fineweb,RLB+Muon,1650,4.709623575210571,0.00016142892179076102,1.3692990339943207
fineweb,RLB+Muon,1660,4.728132438659668,0.0001599415667726486,1.3711887368932367
fineweb,RLB+Muon,1670,4.699134445190429,0.0001584548263957097,1.3688531586900354
fineweb,RLB+Muon,1680,4.7073719024658205,0.0001569688813111081,1.3686381150968372
fineweb,RLB+Muon,1690,4.694078826904297,0.00015548391207337333,1.3730548272957095
fineweb,RLB+Muon,1700,4.703237581253052,0.0001540000991184612,1.3716143058612942
fineweb,RLB+Muon,1710,4.679822540283203,0.0001525176227418298,1.3721441881381906
fineweb,RLB+Muon,1720,4.677962160110473,0.00015103666307653203,1.3741264667129145
fineweb,RLB+Muon,1730,4.649685716629028,0.0001495574000713278,1.3735323480912485
fineweb,RLB+Muon,1740,4.66824860572815,0.0001480800134688189,1.3740686927107162
fineweb,RLB+Muon,1750,4.68619327545166,0.0001466046827836089,1.375605250906665
fineweb,RLB+Muon,1760,4.6360022068023685,0.00014513158728049044,1.3686591336852871
fineweb,RLB+Muon,1770,4.655824136734009,0.00014366090595266314,1.3689757228828967
fineweb,RLB+Muon,1780,4.680139827728271,0.00014219281749998456,1.3727556309197098
fineweb,RLB+Muon,1790,4.622894525527954,0.00014072750030725672,1.3735334798926488
fineweb,RLB+Muon,1800,4.644807958602906,0.00013926513242255067,1.3747432871139609
fineweb,RLB+Muon,1810,4.6387933731079105,0.00013780589153557232,1.3725944364210592
fineweb,RLB+Muon,1820,4.641541767120361,0.0001363499549560718,1.3746709662955254
fineweb,RLB+Muon,1830,4.628288793563843,0.0001348974995922986,1.3732841574936174
fineweb,RLB+Muon,1840,4.604309368133545,0.00013344870192950604,1.3739189873915165
fineweb,RLB+Muon,1850,4.650271272659301,0.00013200373800850669,1.373736006731633
fineweb,RLB+Muon,1860,4.600688219070435,0.00013056278340428193,1.3743325806106441
fineweb,RLB+Muon,1870,4.612374639511108,0.00012912601320464842,1.372645676182583
fineweb,RLB+Muon,1880,4.604397964477539,0.0001276936019889831,1.373403130902443
fineweb,RLB+Muon,1890,4.616943788528443,0.00012626572380701058,1.3750603025662713
fineweb,RLB+Muon,1900,4.636904191970825,0.0001248425521576549,1.3782577099045739
fineweb,RLB+Muon,1910,4.630536603927612,0.00012342425996795747,1.3745793198817409
fineweb,RLB+Muon,1920,4.611374187469482,0.00012201101957206532,1.373946039902512
fineweb,RLB+Muon,1930,4.6014786720275875,0.00012060300269029124,1.373414552398026
fineweb,RLB+Muon,1940,4.58441390991211,0.00011920038040824796,1.3764273090055212
fineweb,RLB+Muon,1950,4.6141104221344,0.00011780332315606016,1.377308607287705
fineweb,RLB+Muon,1960,4.600374937057495,0.00011641200068765563,1.3775793747976421
fineweb,RLB+Muon,1970,4.627874135971069,0.00011502658206013892,1.3799224070971832
fineweb,RLB+Muon,1980,4.571008396148682,0.00011364723561324927,1.3787269555963575
fineweb,RLB+Muon,1990,4.581938791275024,0.00011227412894890628,1.373289347300306
fineweb,RLB+Muon,2000,4.565403032302856,0.00011090742891084471,1.3737020375207067
fineweb,RLB+Muon,2010,4.579423618316651,0.00010954730156434157,1.3723849997972137
fineweb,RLB+Muon,2020,4.58449354171753,0.00010819391217603787,1.3742063137120568
fineweb,RLB+Muon,2030,4.568493270874024,0.00010684742519385737,1.3748772936756724
fineweb,RLB+Muon,2040,4.582213020324707,0.00010550800422702489,1.3739804087788798
fineweb,RLB+Muon,2050,4.577428150177002,0.00010417581202618635,1.3740856031072326
fineweb,RLB+Muon,2060,4.542650890350342,0.00010285101046363306,1.375218099274207
fineweb,RLB+Muon,2070,4.555593824386596,0.00010153376051363338,1.3756228369893506
fineweb,RLB+Muon,2080,4.555278348922729,0.00010022422223287245,1.3752822429989464
fineweb,RLB+Muon,2090,4.553061008453369,9.892255474100456e-05,1.3795774188125507
fineweb,RLB+Muon,2100,4.553789234161377,9.762891620131822e-05,1.3756471414933913
fineweb,RLB+Muon,2110,4.541110038757324,9.634346380151855e-05,1.3745553051121533
fineweb,RLB+Muon,2120,4.522195529937744,9.506635373462743e-05,1.375285664421972
fineweb,RLB+Muon,2130,4.5424479961395265,9.379774118000463e-05,1.3747162088984624
fineweb,RLB+Muon,2140,4.5643572330474855,9.253778028449258e-05,1.3743601887952537
fineweb,RLB+Muon,2150,4.540726232528686,9.128662414368604e-05,1.3737659006030298
fineweb,RLB+Muon,2160,4.546981000900269,9.004442478332968e-05,1.3749675745842977
fineweb,RLB+Muon,2170,4.526670980453491,8.881133314084598e-05,1.3772025173879228
fineweb,RLB+Muon,2180,4.591766786575318,8.758749904699466e-05,1.376229982485529
fineweb,RLB+Muon,2190,4.533925199508667,8.637307120766755e-05,1.3759598516160623
fineweb,RLB+Muon,2200,4.527858448028565,8.516819718581906e-05,1.3778161298017948
fineweb,RLB+Muon,2210,4.521267986297607,8.397302338353651e-05,1.3749064604984595
fineweb,RLB+Muon,2220,4.504080724716187,8.278769502425084e-05,1.3882048466126435
fineweb,RLB+Muon,2230,4.542036437988282,8.161235613509075e-05,1.3720761581906118
fineweb,RLB+Muon,2240,4.51613416671753,8.044714952938238e-05,1.375367077079136
fineweb,RLB+Muon,2250,4.506330108642578,7.929221678929623e-05,1.3734306101803668
fineweb,RLB+Muon,2260,4.516976594924927,7.814769824864366e-05,1.3730765279149637
fineweb,RLB+Muon,2270,4.506765842437744,7.701373297582546e-05,1.3736193191143684
fineweb,RLB+Muon,2280,4.524176979064942,7.589045875693352e-05,1.3740649312152526
fineweb,RLB+Muon,2290,4.485919427871704,7.477801207900909e-05,1.3750554658821783
fineweb,RLB+Muon,2300,4.498032140731811,7.367652811345809e-05,1.3743820279138164
fineweb,RLB+Muon,2310,4.490181589126587,7.258614069962701e-05,1.3746966336620972
fineweb,RLB+Muon,2320,4.48721981048584,7.15069823285402e-05,1.3744327077060006
fineweb,RLB+Muon,2330,4.502152156829834,7.043918412680096e-05,1.373344687302597
fineweb,RLB+Muon,2340,4.505217027664185,6.938287584065885e-05,1.3730574478744528
fineweb,RLB+Muon,2350,4.501954698562622,6.833818582024439e-05,1.3734356710221618
fineweb,RLB+Muon,2360,4.476380825042725,6.730524100397324e-05,1.3735457368893549
fineweb,RLB+Muon,2370,4.498169231414795,6.628416690312251e-05,1.3770127586903982
fineweb,RLB+Muon,2380,4.502060317993164,6.527508758657974e-05,1.372251667326782
fineweb,RLB+Muon,2390,4.486085844039917,6.427812566576775e-05,1.3745974523946642
fineweb,RLB+Muon,2400,4.460476207733154,6.329340227974629e-05,1.37314554391196
fineweb,RLB+Muon,2410,4.484377479553222,6.232103708049272e-05,1.3729824794107117
fineweb,RLB+Muon,2420,4.458128118515015,6.136114821836304e-05,1.3719116507912985
fineweb,RLB+Muon,2430,4.467827606201172,6.0413852327735977e-05,1.3720975924050436
fineweb,RLB+Muon,2440,4.466861343383789,5.9479264512840794e-05,1.3735680101206527
fineweb,RLB+Muon,2450,4.467635440826416,5.855749833377125e-05,1.375808479799889
fineweb,RLB+Muon,2460,4.462912464141846,5.764866579268692e-05,1.3732897894806229
fineweb,RLB+Muon,2470,4.462793016433716,5.6752877320204306e-05,1.3737458711722865
fineweb,RLB+Muon,2480,4.467653703689575,5.5870241761978464e-05,1.3738024001941085
fineweb,RLB+Muon,2490,4.462517976760864,5.50008663654772e-05,1.3737659800914117
fineweb,RLB+Muon,2500,4.428190565109253,5.414485676694995e-05,1.3737359846942128
fineweb,RLB+Muon,2510,4.45500864982605,5.330231697859196e-05,1.3729909243993461
fineweb,RLB+Muon,2520,4.476992845535278,5.2473349375905794e-05,1.3733849166659637
fineweb,RLB+Muon,2530,4.464533996582031,5.1658054685262116e-05,1.3745236148824915
fineweb,RLB+Muon,2540,4.430760383605957,5.085653197166052e-05,1.3779796993592754
fineweb,RLB+Muon,2550,4.457704877853393,5.006887862669219e-05,1.3759694294189102
fineweb,RLB+Muon,2560,4.462405014038086,4.9295190356706257e-05,1.3704905680846422
fineweb,RLB+Muon,2570,4.458963871002197,4.853556117118055e-05,1.3702437271014787
fineweb,RLB+Muon,2580,4.468390083312988,4.779008337129862e-05,1.3705265144002623
fineweb,RLB+Muon,2590,4.453976345062256,4.705884753873448e-05,1.3721569469780661
fineweb,RLB+Muon,2600,4.445104455947876,4.634194252464623e-05,1.3741502637858503
fineweb,RLB+Muon,2610,4.414642572402954,4.5639455438879834e-05,1.3733072257135064
fineweb,RLB+Muon,2620,4.4445390701293945,4.495147163938453e-05,1.3747754902811722
fineweb,RLB+Muon,2630,4.413864803314209,4.4278074721841174e-05,1.3747066033422015
fineweb,RLB+Muon,2640,4.4287269592285154,4.361934650950481e-05,1.374001213372685
fineweb,RLB+Muon,2650,4.425897789001465,4.297536704326216e-05,1.3735663873143493
fineweb,RLB+Muon,2660,4.410531330108642,4.234621457190635e-05,1.370183694898151
fineweb,RLB+Muon,2670,4.434342288970948,4.173196554262883e-05,1.3703327576047741
fineweb,RLB+Muon,2680,4.406418561935425,4.113269459173043e-05,1.3728907682932914
fineweb,RLB+Muon,2690,4.42536735534668,4.0548474535552446e-05,1.3700441420078278
fineweb,RLB+Muon,2700,4.434726715087891,3.9979376361628946e-05,1.3701254051295109
fineweb,RLB+Muon,2710,4.423429822921753,3.942546922006115e-05,1.3720968737849035
fineweb,RLB+Muon,2720,4.421212148666382,3.888682041511499e-05,1.3689830799004994
fineweb,RLB+Muon,2730,4.418273019790649,3.836349539704333e-05,1.372834913607221
fineweb,RLB+Muon,2740,4.41604323387146,3.7855557754133057e-05,1.3715809264802374
fineweb,RLB+Muon,2750,4.428744554519653,3.7363069204978575e-05,1.3738300803117454
fineweb,RLB+Muon,2760,4.41792140007019,3.688608959098262e-05,1.3709107547067105
fineweb,RLB+Muon,2770,4.426612138748169,3.6424676869084926e-05,1.3705244052107446
fineweb,RLB+Muon,2780,4.420099353790283,3.597888710472001e-05,1.3715122671797872
fineweb,RLB+Muon,2790,4.418615484237671,3.554877446500471e-05,1.3743374942103401
fineweb,RLB+Muon,2800,4.429453325271607,3.513439121215659e-05,1.3755482868873514
fineweb,RLB+Muon,2810,4.422430562973022,3.473578769714351e-05,1.3706025414052418
fineweb,RLB+Muon,2820,4.429214334487915,3.435301235356557e-05,1.3716550920973531
fineweb,RLB+Muon,2830,4.395063495635986,3.3986111691770114e-05,1.372592092200648
fineweb,RLB+Muon,2840,4.412136507034302,3.36351302932003e-05,1.3747302144183777
fineweb,RLB+Muon,2850,4.415735101699829,3.330011080497806e-05,1.3705037270323372
fineweb,RLB+Muon,2860,4.412103176116943,3.298109393472216e-05,1.369909985398408
fineweb,RLB+Muon,2870,4.405222225189209,3.267811844560191e-05,1.3705265881842934
fineweb,RLB+Muon,2880,4.413539457321167,3.2391221151627036e-05,1.3743386202142573
fineweb,RLB+Muon,2890,4.389326286315918,3.212043691317456e-05,1.3705833485932089
fineweb,RLB+Muon,2900,4.39471549987793,3.1865798632752955e-05,1.3744704374810681
fineweb,RLB+Muon,2910,4.430036306381226,3.1627337251004223e-05,1.370483512186911
fineweb,RLB+Muon,2920,4.407972288131714,3.140508174294431e-05,1.3712431082967669
fineweb,RLB+Muon,2930,4.369199943542481,3.119905911444245e-05,1.3754379237187095
fineweb,RLB+Muon,2940,4.427746677398682,3.1009294398939736e-05,1.3727735347114502
fineweb,RLB+Muon,2950,4.380917549133301,3.0835810654407316e-05,1.3749008035170847
fineweb,RLB+Muon,2960,4.418973016738891,3.0678628960544684e-05,1.375426002521999
fineweb,RLB+Muon,2970,4.400245809555054,3.053776841621831e-05,1.3750092727830634
fineweb,RLB+Muon,2980,4.3707061290740965,3.0413246137140968e-05,1.3742125428165308
fineweb,RLB+Muon,2990,4.411562776565551,3.030507725379207e-05,1.3736941465758719
fineweb,RLB+Muon,3000,4.414700746536255,3.0213274909579147e-05,1.3733178216032684
fineweb,RLB+Muon,3010,4.378182601928711,3.0137850259240852e-05,1.3736684635165148
fineweb,RLB+Muon,3020,4.391930341720581,3.0078812467491507e-05,1.375717180815991
fineweb,RLB+Muon,3030,4.420486974716186,3.0036168707907614e-05,1.3755532633047551
fineweb,RLB+Muon,3040,4.406802415847778,3.0009924162056113e-05,1.3730543201090768
fineweb,RLB+Muon,3050,4.400363349914551,3.0000082018864835e-05,1.3827869244269095
fineweb,RLB+MatrixPolicy (group-stat),1,10.991342544555664,1.4999999999999998e-06,2.5871006929082796
fineweb,RLB+MatrixPolicy (group-stat),10,10.43782287173801,1.4999999999999999e-05,1.5286423908779398
fineweb,RLB+MatrixPolicy (group-stat),20,9.692453479766845,2.9999999999999997e-05,1.4240493523073383
fineweb,RLB+MatrixPolicy (group-stat),30,9.411389636993409,4.4999999999999996e-05,1.4100883327191696
fineweb,RLB+MatrixPolicy (group-stat),40,9.051540565490722,5.9999999999999995e-05,1.425482690986246
fineweb,RLB+MatrixPolicy (group-stat),50,8.559461212158203,7.5e-05,1.4106907051987947
fineweb,RLB+MatrixPolicy (group-stat),60,8.057588577270508,8.999999999999999e-05,1.4079734368133359
fineweb,RLB+MatrixPolicy (group-stat),70,7.67125358581543,0.00010499999999999999,1.4259424480958842
fineweb,RLB+MatrixPolicy (group-stat),80,7.435947561264038,0.00011999999999999999,1.41085276810918
fineweb,RLB+MatrixPolicy (group-stat),90,7.306801223754883,0.00013499999999999997,1.4256637632846831
fineweb,RLB+MatrixPolicy (group-stat),100,7.195943450927734,0.00015,1.4120924145216123
fineweb,RLB+MatrixPolicy (group-stat),110,7.03009819984436,0.00016499999999999997,1.426122753182426
fineweb,RLB+MatrixPolicy (group-stat),120,6.9375707626342775,0.00017999999999999998,1.4123407003120518
fineweb,RLB+MatrixPolicy (group-stat),130,6.828912687301636,0.000195,1.4312360969022848
fineweb,RLB+MatrixPolicy (group-stat),140,6.724780416488647,0.00020999999999999998,1.4171922482084482
fineweb,RLB+MatrixPolicy (group-stat),150,6.626577663421631,0.000225,1.4265911172144115
fineweb,RLB+MatrixPolicy (group-stat),160,6.571619176864624,0.00023999999999999998,1.42155417019967
fineweb,RLB+MatrixPolicy (group-stat),170,6.469171142578125,0.00025499999999999996,1.4073524000938051
fineweb,RLB+MatrixPolicy (group-stat),180,6.452215242385864,0.00026999999999999995,1.4268437015009112
fineweb,RLB+MatrixPolicy (group-stat),190,6.373711967468262,0.000285,1.409969944495242
fineweb,RLB+MatrixPolicy (group-stat),200,6.312639236450195,0.0003,1.4252528499928303
fineweb,RLB+MatrixPolicy (group-stat),210,6.234652042388916,0.000299993356525765,1.4111475826823152
fineweb,RLB+MatrixPolicy (group-stat),220,6.184284448623657,0.0002999703922691041,1.4245660112821497
fineweb,RLB+MatrixPolicy (group-stat),230,6.144366312026977,0.0002999310280014982,1.4065380674786865
fineweb,RLB+MatrixPolicy (group-stat),240,6.1160811424255375,0.00029987526850602916,1.4224156450130976
fineweb,RLB+MatrixPolicy (group-stat),250,6.035552644729615,0.00029980312055793344,1.4109845707076603
fineweb,RLB+MatrixPolicy (group-stat),260,5.989736795425415,0.00029971459292377916,1.4063775112852455
fineweb,RLB+MatrixPolicy (group-stat),270,5.976574516296386,0.00029960969636040076,1.4231075958698056
fineweb,RLB+MatrixPolicy (group-stat),280,5.91163125038147,0.00029948844361359214,1.41377755838912
fineweb,RLB+MatrixPolicy (group-stat),290,5.918672704696656,0.0002993508494165576,1.4256705811945722
fineweb,RLB+MatrixPolicy (group-stat),300,5.855336141586304,0.0002991969304881219,1.4083782784990035
fineweb,RLB+MatrixPolicy (group-stat),310,5.831887149810791,0.0002990267055306988,1.4252451960928738
fineweb,RLB+MatrixPolicy (group-stat),320,5.799304819107055,0.0002988401952280183,1.4088307769969106
fineweb,RLB+MatrixPolicy (group-stat),330,5.740830516815185,0.00029863742224261374,1.425526672101114
fineweb,RLB+MatrixPolicy (group-stat),340,5.744009780883789,0.0002984184112130679,1.407387881889008
fineweb,RLB+MatrixPolicy (group-stat),350,5.731859731674194,0.00029818318875101914,1.4264184540952556
fineweb,RLB+MatrixPolicy (group-stat),360,5.7065009593963625,0.00029793178343792817,1.4227845687884837
fineweb,RLB+MatrixPolicy (group-stat),370,5.659849548339844,0.00029766422582160485,1.4061525580240413
fineweb,RLB+MatrixPolicy (group-stat),380,5.655775737762451,0.0002973805484124966,1.4224041781155392
fineweb,RLB+MatrixPolicy (group-stat),390,5.599295568466187,0.0002970807856797379,1.4138386915088632
fineweb,RLB+MatrixPolicy (group-stat),400,5.563267564773559,0.0002967649740469624,1.4255125252064318
fineweb,RLB+MatrixPolicy (group-stat),410,5.5781485080719,0.0002964331518878766,1.412026546371635
fineweb,RLB+MatrixPolicy (group-stat),420,5.580090093612671,0.0002960853595215975,1.4270064710173755
fineweb,RLB+MatrixPolicy (group-stat),430,5.54250135421753,0.0002957216392077535,1.4131029215059243
fineweb,RLB+MatrixPolicy (group-stat),440,5.512881326675415,0.00029534203514134934,1.4256150649045594
fineweb,RLB+MatrixPolicy (group-stat),450,5.500253915786743,0.0002949465934473961,1.4115656916052104
fineweb,RLB+MatrixPolicy (group-stat),460,5.488103675842285,0.0002945353621753067,1.4126420853077435
fineweb,RLB+MatrixPolicy (group-stat),470,5.453506994247436,0.00029410839129305743,1.4243388478062116
fineweb,RLB+MatrixPolicy (group-stat),480,5.450927829742431,0.0002936657326811166,1.4150042083812877
fineweb,RLB+MatrixPolicy (group-stat),490,5.414430141448975,0.00029320744012614015,1.4280674647074192
fineweb,RLB+MatrixPolicy (group-stat),500,5.431796503067017,0.0002927335693144369,1.4097729617031292
fineweb,RLB+MatrixPolicy (group-stat),510,5.382654523849487,0.0002922441778252015,1.421597523498349
fineweb,RLB+MatrixPolicy (group-stat),520,5.387137031555175,0.0002917393251235184,1.4116339594009333
fineweb,RLB+MatrixPolicy (group-stat),530,5.341703319549561,0.0002912190725531364,1.4257071329047903
fineweb,RLB+MatrixPolicy (group-stat),540,5.308581066131592,0.00029068348332901475,1.4116826104931532
fineweb,RLB+MatrixPolicy (group-stat),550,5.320493125915528,0.00029013262252964206,1.4283949117991142
fineweb,RLB+MatrixPolicy (group-stat),560,5.348234701156616,0.0002895665570891288,1.4260590862948448
fineweb,RLB+MatrixPolicy (group-stat),570,5.324710702896118,0.00028898535578907405,1.4115809184964747
fineweb,RLB+MatrixPolicy (group-stat),580,5.287268447875976,0.0002883890892502082,1.427059077913873
fineweb,RLB+MatrixPolicy (group-stat),590,5.271212816238403,0.00028777782992381193,1.4114817518973723
fineweb,RLB+MatrixPolicy (group-stat),600,5.251013708114624,0.0002871516520829126,1.4269413136295044
fineweb,RLB+MatrixPolicy (group-stat),610,5.244040489196777,0.0002865106318132596,1.4131869301083497
fineweb,RLB+MatrixPolicy (group-stat),620,5.204770708084107,0.0002858548470040794,1.4300310052931309
fineweb,RLB+MatrixPolicy (group-stat),630,5.209640693664551,0.000285184377338611,1.4154442496947013
fineweb,RLB+MatrixPolicy (group-stat),640,5.209451913833618,0.00028449930428442433,1.427900747593958
fineweb,RLB+MatrixPolicy (group-stat),650,5.1746015548706055,0.0002837997110835208,1.411819130508229
fineweb,RLB+MatrixPolicy (group-stat),660,5.168664169311524,0.0002830856827422189,1.4070729294791817
fineweb,RLB+MatrixPolicy (group-stat),670,5.159139728546142,0.00028235730602082517,1.4232508856919595
fineweb,RLB+MatrixPolicy (group-stat),680,5.166923856735229,0.00028161466942309217,1.407245774671901
fineweb,RLB+MatrixPolicy (group-stat),690,5.154247903823853,0.00028085786318546465,1.4232580514042639
fineweb,RLB+MatrixPolicy (group-stat),700,5.11292405128479,0.0002800869792661148,1.4074804146075621
fineweb,RLB+MatrixPolicy (group-stat),710,5.164619255065918,0.00027930211133376875,1.4254498773021624
fineweb,RLB+MatrixPolicy (group-stat),720,5.115378999710083,0.0002785033547563251,1.4087516298983247
fineweb,RLB+MatrixPolicy (group-stat),730,5.125663185119629,0.00027769080658926693,1.427001175598707
fineweb,RLB+MatrixPolicy (group-stat),740,5.112330770492553,0.0002768645655638685,1.415390479110647
fineweb,RLB+MatrixPolicy (group-stat),750,5.098426294326782,0.00027602473207519906,1.426901247422211
fineweb,RLB+MatrixPolicy (group-stat),760,5.08482174873352,0.0002751714081699235,1.4272913219756447
fineweb,RLB+MatrixPolicy (group-stat),770,5.088553524017334,0.0002743046975339032,1.4123816347215326
fineweb,RLB+MatrixPolicy (group-stat),780,5.081278705596924,0.00027342470547959735,1.4256637966958805
fineweb,RLB+MatrixPolicy (group-stat),790,5.046201229095459,0.00027253153893326646,1.412815595290158
fineweb,RLB+MatrixPolicy (group-stat),800,5.062124967575073,0.00027162530642197997,1.4284298636834136
fineweb,RLB+MatrixPolicy (group-stat),810,5.043013572692871,0.0002707061180604293,1.409219253109768
fineweb,RLB+MatrixPolicy (group-stat),820,5.012039709091186,0.0002697740855375481,1.423473162704613
fineweb,RLB+MatrixPolicy (group-stat),830,5.021767854690552,0.0002688293221029412,1.4135075703146867
fineweb,RLB+MatrixPolicy (group-stat),840,5.019075489044189,0.00026787194255312364,1.4279884012881667
fineweb,RLB+MatrixPolicy (group-stat),850,5.014966154098511,0.00026690206321757203,1.4124535950133577
fineweb,RLB+MatrixPolicy (group-stat),860,5.0129663944244385,0.0002659198019445897,1.4100346177234315
fineweb,RLB+MatrixPolicy (group-stat),870,4.982615756988525,0.0002649252780869868,1.4214517458807676
fineweb,RLB+MatrixPolicy (group-stat),880,4.955023670196534,0.0002639186124875786,1.4129215094726533
fineweb,RLB+MatrixPolicy (group-stat),890,4.9691742897033695,0.00026289992746450134,1.4269319695886225
fineweb,RLB+MatrixPolicy (group-stat),900,4.9462954044342045,0.00026186934679635007,1.4129739665891976
fineweb,RLB+MatrixPolicy (group-stat),910,4.957856321334839,0.0002608269957071384,1.427148234390188
fineweb,RLB+MatrixPolicy (group-stat),920,4.942956113815308,0.0002597730008510828,1.4133301060064696
fineweb,RLB+MatrixPolicy (group-stat),930,4.929420328140258,0.00025870749029721293,1.4274284277809783
fineweb,RLB+MatrixPolicy (group-stat),940,4.951605558395386,0.00025763059351381027,1.4127149754203856
fineweb,RLB+MatrixPolicy (group-stat),950,4.914243555068969,0.0002565424413526768,1.4268631042097695
fineweb,RLB+MatrixPolicy (group-stat),960,4.921768236160278,0.00025544316603323523,1.4257547602872365
fineweb,RLB+MatrixPolicy (group-stat),970,4.906184101104737,0.0002543329011264634,1.4134232292999513
fineweb,RLB+MatrixPolicy (group-stat),980,4.907764959335327,0.00025321178153866423,1.426527870807331
fineweb,RLB+MatrixPolicy (group-stat),990,4.903385591506958,0.0002520799434950734,1.4096301023848354
fineweb,RLB+MatrixPolicy (group-stat),1000,4.876917600631714,0.0002509375245233072,1.4268476536963135
fineweb,RLB+MatrixPolicy (group-stat),1010,4.865152502059937,0.0002497846634366514,1.411106317397207
fineweb,RLB+MatrixPolicy (group-stat),1020,4.861935186386108,0.0002486215003171946,1.427598907693755
fineweb,RLB+MatrixPolicy (group-stat),1030,4.883416175842285,0.00024744817649880683,1.4110754176741467
fineweb,RLB+MatrixPolicy (group-stat),1040,4.864427661895752,0.0002462648345499665,1.431023289670702
fineweb,RLB+MatrixPolicy (group-stat),1050,4.832105922698974,0.0002450716182564374,1.4131949908914976
fineweb,RLB+MatrixPolicy (group-stat),1060,4.83946270942688,0.0002438686726037968,1.4063219080795535
fineweb,RLB+MatrixPolicy (group-stat),1070,4.823904895782471,0.0002426561437598195,1.4210023888852448
fineweb,RLB+MatrixPolicy (group-stat),1080,4.8051526069641115,0.0002414341790567164,1.4094885587925092
fineweb,RLB+MatrixPolicy (group-stat),1090,4.833967590332032,0.0002402029269732328,1.422064512281213
fineweb,RLB+MatrixPolicy (group-stat),1100,4.799459791183471,0.00023896253711660717,1.4105092177866028
fineweb,RLB+MatrixPolicy (group-stat),1110,4.81129732131958,0.0002377131602043922,1.4257186365080998
fineweb,RLB+MatrixPolicy (group-stat),1120,4.795105457305908,0.0002364549480461418,1.41627516457811
fineweb,RLB+MatrixPolicy (group-stat),1130,4.801262092590332,0.00023518805352496484,1.4296127791167237
fineweb,RLB+MatrixPolicy (group-stat),1140,4.769710636138916,0.00023391263057894837,1.4120948987896553
fineweb,RLB+MatrixPolicy (group-stat),1150,4.7634961128234865,0.00023262883418245333,1.4282372529036365
fineweb,RLB+MatrixPolicy (group-stat),1160,4.774997997283935,0.00023133682032728357,1.430094900680706
fineweb,RLB+MatrixPolicy (group-stat),1170,4.761666774749756,0.0002300367460037315,1.4073167972965166
fineweb,RLB+MatrixPolicy (group-stat),1180,4.755499601364136,0.00022872876918150292,1.4466537193045952
fineweb,RLB+MatrixPolicy (group-stat),1190,4.764093685150146,0.00022741304879052182,1.410032122686971
fineweb,RLB+MatrixPolicy (group-stat),1200,4.76491346359253,0.00022608974470161945,1.4256471847649663
fineweb,RLB+MatrixPolicy (group-stat),1210,4.715089130401611,0.00022475901770710883,1.414775281306356
fineweb,RLB+MatrixPolicy (group-stat),1220,4.73333888053894,0.00022342102950124673,1.427147838997189
fineweb,RLB+MatrixPolicy (group-stat),1230,4.711131763458252,0.0002220759426605868,1.4146160596981645
fineweb,RLB+MatrixPolicy (group-stat),1240,4.711408376693726,0.0002207239206242251,1.4288685657083988
fineweb,RLB+MatrixPolicy (group-stat),1250,4.696565198898315,0.00021936512767394096,1.4130766391986982
fineweb,RLB+MatrixPolicy (group-stat),1260,4.68920488357544,0.0002179997289142353,1.411594552209135
fineweb,RLB+MatrixPolicy (group-stat),1270,4.6952252864837645,0.00021662789025226912,1.4260696341167205
fineweb,RLB+MatrixPolicy (group-stat),1280,4.6920312404632565,0.0002152497783777045,1.4130896958289667
fineweb,RLB+MatrixPolicy (group-stat),1290,4.699130582809448,0.00021386556074245026,1.430422830407042
fineweb,RLB+MatrixPolicy (group-stat),1300,4.658439445495605,0.00021247540554031533,1.4123516932944766
fineweb,RLB+MatrixPolicy (group-stat),1310,4.675518035888672,0.00021107948168657182,1.4266601644805632
fineweb,RLB+MatrixPolicy (group-stat),1320,4.648347568511963,0.00020967795879743028,1.4132537705707364
fineweb,RLB+MatrixPolicy (group-stat),1330,4.6227258205413815,0.00020827100716943014,1.425130319292657
fineweb,RLB+MatrixPolicy (group-stat),1340,4.63462495803833,0.00020685879775874703,1.4123051230912096
fineweb,RLB+MatrixPolicy (group-stat),1350,4.667573308944702,0.0002054415021604205,1.4310555431991816
fineweb,RLB+MatrixPolicy (group-stat),1360,4.634312343597412,0.00020401929258750362,1.4207324967253954
fineweb,RLB+MatrixPolicy (group-stat),1370,4.618160247802734,0.00020259234185013772,1.4096635939902626
fineweb,RLB+MatrixPolicy (group-stat),1380,4.630756092071533,0.00020116082333455448,1.4223627339000813
fineweb,RLB+MatrixPolicy (group-stat),1390,4.623145723342896,0.00019972491098200823,1.407949923397973
fineweb,RLB+MatrixPolicy (group-stat),1400,4.593249034881592,0.00019828477926764048,1.4210445430013352
fineweb,RLB+MatrixPolicy (group-stat),1410,4.608459949493408,0.00019684060317927993,1.414098225114867
fineweb,RLB+MatrixPolicy (group-stat),1420,4.598912286758423,0.00019539255819617994,1.426840956520755
fineweb,RLB+MatrixPolicy (group-stat),1430,4.613787364959717,0.00019394082026769627,1.4121875239885413
fineweb,RLB+MatrixPolicy (group-stat),1440,4.588026475906372,0.0001924855657919079,1.427149051683955
fineweb,RLB+MatrixPolicy (group-stat),1450,4.577871990203858,0.0001910269715941832,1.4163270521909
fineweb,RLB+MatrixPolicy (group-stat),1460,4.58534345626831,0.00018956521490569417,1.4074990998837165
fineweb,RLB+MatrixPolicy (group-stat),1470,4.579440307617188,0.00018810047334188142,1.4265856702812016
fineweb,RLB+MatrixPolicy (group-stat),1480,4.5810870170593265,0.00018663292488087238,1.4133647435810417
fineweb,RLB+MatrixPolicy (group-stat),1490,4.566954946517944,0.00018516274784185555,1.427232367277611
fineweb,RLB+MatrixPolicy (group-stat),1500,4.559362840652466,0.0001836901208634133,1.4121908405213617
fineweb,RLB+MatrixPolicy (group-stat),1510,4.558759593963623,0.00018221522288181568,1.4281422941945494
fineweb,RLB+MatrixPolicy (group-stat),1520,4.559652042388916,0.00018073823310927836,1.4118711242917925
fineweb,RLB+MatrixPolicy (group-stat),1530,4.564722776412964,0.00017925933101218665,1.4299521160777657
fineweb,RLB+MatrixPolicy (group-stat),1540,4.546076869964599,0.00017777869628928913,1.4119344983017073
fineweb,RLB+MatrixPolicy (group-stat),1550,4.5382163524627686,0.0001762965088498626,1.428186980180908
fineweb,RLB+MatrixPolicy (group-stat),1560,4.527263450622558,0.00017481294879185156,1.4273506728815846
fineweb,RLB+MatrixPolicy (group-stat),1570,4.534183931350708,0.00017332819637998513,1.4089716629241593
fineweb,RLB+MatrixPolicy (group-stat),1580,4.5326391696929935,0.0001718424320238731,1.4245345950243062
fineweb,RLB+MatrixPolicy (group-stat),1590,4.505614614486694,0.00017035583625608485,1.4127225121133962
fineweb,RLB+MatrixPolicy (group-stat),1600,4.493028068542481,0.000168868589710213,1.4270894849905744
fineweb,RLB+MatrixPolicy (group-stat),1610,4.508986139297486,0.00016738087309892515,1.4113082265947015
fineweb,RLB+MatrixPolicy (group-stat),1620,4.508571338653565,0.00016589286719200568,1.4290633595199325
fineweb,RLB+MatrixPolicy (group-stat),1630,4.493406295776367,0.00016440475279439078,1.4113214322016574
fineweb,RLB+MatrixPolicy (group-stat),1640,4.49907283782959,0.00016291671072419912,1.4259058002848177
fineweb,RLB+MatrixPolicy (group-stat),1650,4.497951173782349,0.00016142892179076102,1.4116948689101263
fineweb,RLB+MatrixPolicy (group-stat),1660,4.509458351135254,0.0001599415667726486,1.4076742245699279
fineweb,RLB+MatrixPolicy (group-stat),1670,4.487325286865234,0.0001584548263957097,1.424639553204179
fineweb,RLB+MatrixPolicy (group-stat),1680,4.495274639129638,0.0001569688813111081,1.413269478699658
fineweb,RLB+MatrixPolicy (group-stat),1690,4.482561111450195,0.00015548391207337333,1.4288913301890716
fineweb,RLB+MatrixPolicy (group-stat),1700,4.493609857559204,0.0001540000991184612,1.414871832006611
fineweb,RLB+MatrixPolicy (group-stat),1710,4.474128770828247,0.0001525176227418298,1.4264426195877604
fineweb,RLB+MatrixPolicy (group-stat),1720,4.476046133041382,0.00015103666307653203,1.4083598514902405
fineweb,RLB+MatrixPolicy (group-stat),1730,4.448526620864868,0.0001495574000713278,1.426296119694598
fineweb,RLB+MatrixPolicy (group-stat),1740,4.466007137298584,0.0001480800134688189,1.4105348124052397
fineweb,RLB+MatrixPolicy (group-stat),1750,4.475440740585327,0.0001466046827836089,1.4275462763849647
fineweb,RLB+MatrixPolicy (group-stat),1760,4.438011884689331,0.00014513158728049044,1.421712801977992
fineweb,RLB+MatrixPolicy (group-stat),1770,4.4557407855987545,0.00014366090595266314,1.4107712483149952
fineweb,RLB+MatrixPolicy (group-stat),1780,4.471475219726562,0.00014219281749998456,1.4255930819083005
fineweb,RLB+MatrixPolicy (group-stat),1790,4.423480415344239,0.00014072750030725672,1.4094232988078148
fineweb,RLB+MatrixPolicy (group-stat),1800,4.438868474960327,0.00013926513242255067,1.4213206992018967
fineweb,RLB+MatrixPolicy (group-stat),1810,4.431951999664307,0.00013780589153557232,1.4079346877872012
fineweb,RLB+MatrixPolicy (group-stat),1820,4.44137487411499,0.0001363499549560718,1.428676622500643
fineweb,RLB+MatrixPolicy (group-stat),1830,4.426417875289917,0.0001348974995922986,1.412213527597487
fineweb,RLB+MatrixPolicy (group-stat),1840,4.399849462509155,0.00013344870192950604,1.4260153920040466
fineweb,RLB+MatrixPolicy (group-stat),1850,4.448778963088989,0.00013200373800850669,1.413987814716529
fineweb,RLB+MatrixPolicy (group-stat),1860,4.399295377731323,0.00013056278340428193,1.4112354817218147
fineweb,RLB+MatrixPolicy (group-stat),1870,4.411720848083496,0.00012912601320464842,1.4221512994146905
fineweb,RLB+MatrixPolicy (group-stat),1880,4.415351486206054,0.0001276936019889831,1.4103921155212447
fineweb,RLB+MatrixPolicy (group-stat),1890,4.416077423095703,0.00012626572380701058,1.4328621790744365
fineweb,RLB+MatrixPolicy (group-stat),1900,4.436963272094727,0.0001248425521576549,1.4138765353127383
fineweb,RLB+MatrixPolicy (group-stat),1910,4.433871746063232,0.00012342425996795747,1.4276719177956694
fineweb,RLB+MatrixPolicy (group-stat),1920,4.418257427215576,0.00012201101957206532,1.41344119629357
fineweb,RLB+MatrixPolicy (group-stat),1930,4.39994444847107,0.00012060300269029124,1.4280550819821656
fineweb,RLB+MatrixPolicy (group-stat),1940,4.382109546661377,0.00011920038040824796,1.4164781888946891
fineweb,RLB+MatrixPolicy (group-stat),1950,4.415995740890503,0.00011780332315606016,1.428085597383324
fineweb,RLB+MatrixPolicy (group-stat),1960,4.404011917114258,0.00011641200068765563,1.4261583290062845
fineweb,RLB+MatrixPolicy (group-stat),1970,4.424791097640991,0.00011502658206013892,1.4128271319204941
fineweb,RLB+MatrixPolicy (group-stat),1980,4.371289825439453,0.00011364723561324927,1.426341764209792
fineweb,RLB+MatrixPolicy (group-stat),1990,4.379897499084473,0.00011227412894890628,1.4130135744228027
fineweb,RLB+MatrixPolicy (group-stat),2000,4.372841262817383,0.00011090742891084471,1.4261254760902375
fineweb,RLB+MatrixPolicy (group-stat),2010,4.384394884109497,0.00010954730156434157,1.4062668383237906
fineweb,RLB+MatrixPolicy (group-stat),2020,4.388755989074707,0.00010819391217603787,1.42523333101999
fineweb,RLB+MatrixPolicy (group-stat),2030,4.3763189792633055,0.00010684742519385737,1.4122234474867583
fineweb,RLB+MatrixPolicy (group-stat),2040,4.383448696136474,0.00010550800422702489,1.428457398491446
fineweb,RLB+MatrixPolicy (group-stat),2050,4.384184455871582,0.00010417581202618635,1.4154064053902402
fineweb,RLB+MatrixPolicy (group-stat),2060,4.352155065536499,0.00010285101046363306,1.4129560036933981
fineweb,RLB+MatrixPolicy (group-stat),2070,4.358700799942016,0.00010153376051363338,1.427246583031956
fineweb,RLB+MatrixPolicy (group-stat),2080,4.361207389831543,0.00010022422223287245,1.4122923494083808
fineweb,RLB+MatrixPolicy (group-stat),2090,4.355766105651855,9.892255474100456e-05,1.4271006454131565
fineweb,RLB+MatrixPolicy (group-stat),2100,4.362525224685669,9.762891620131822e-05,1.4147059067967347
fineweb,RLB+MatrixPolicy (group-stat),2110,4.345405864715576,9.634346380151855e-05,1.4302940378896891
fineweb,RLB+MatrixPolicy (group-stat),2120,4.329895639419556,9.506635373462743e-05,1.4155292713083327
fineweb,RLB+MatrixPolicy (group-stat),2130,4.350732707977295,9.379774118000463e-05,1.4293236888945102
fineweb,RLB+MatrixPolicy (group-stat),2140,4.370977258682251,9.253778028449258e-05,1.4169559254078194
fineweb,RLB+MatrixPolicy (group-stat),2150,4.345771074295044,9.128662414368604e-05,1.4321942031849175
fineweb,RLB+MatrixPolicy (group-stat),2160,4.349674987792969,9.004442478332968e-05,1.4309763001976534
fineweb,RLB+MatrixPolicy (group-stat),2170,4.332804393768311,8.881133314084598e-05,1.4154442662955262
fineweb,RLB+MatrixPolicy (group-stat),2180,4.389688873291016,8.758749904699466e-05,1.4313057563849725
fineweb,RLB+MatrixPolicy (group-stat),2190,4.3415453910827635,8.637307120766755e-05,1.4155410820734686
fineweb,RLB+MatrixPolicy (group-stat),2200,4.33575406074524,8.516819718581906e-05,1.4298140611033887
fineweb,RLB+MatrixPolicy (group-stat),2210,4.327485990524292,8.397302338353651e-05,1.406098626088351
fineweb,RLB+MatrixPolicy (group-stat),2220,4.308185672760009,8.278769502425084e-05,1.421311167103704
fineweb,RLB+MatrixPolicy (group-stat),2230,4.347167587280273,8.161235613509075e-05,1.405959151184652
fineweb,RLB+MatrixPolicy (group-stat),2240,4.323247003555298,8.044714952938238e-05,1.4212642914964817
fineweb,RLB+MatrixPolicy (group-stat),2250,4.31694655418396,7.929221678929623e-05,1.4116124195978046
fineweb,RLB+MatrixPolicy (group-stat),2260,4.322862815856934,7.814769824864366e-05,1.4064778244122862
fineweb,RLB+MatrixPolicy (group-stat),2270,4.311946439743042,7.701373297582546e-05,1.4261564633925445
fineweb,RLB+MatrixPolicy (group-stat),2280,4.335587453842163,7.589045875693352e-05,1.4063010225770995
fineweb,RLB+MatrixPolicy (group-stat),2290,4.299829149246216,7.477801207900909e-05,1.4263516837148926
fineweb,RLB+MatrixPolicy (group-stat),2300,4.301833724975586,7.367652811345809e-05,1.411900071601849
fineweb,RLB+MatrixPolicy (group-stat),2310,4.299081897735595,7.258614069962701e-05,1.4269092369941063
fineweb,RLB+MatrixPolicy (group-stat),2320,4.2941282272338865,7.15069823285402e-05,1.4132215346093289
fineweb,RLB+MatrixPolicy (group-stat),2330,4.3098043441772464,7.043918412680096e-05,1.4268209737958386
fineweb,RLB+MatrixPolicy (group-stat),2340,4.3150769710540775,6.938287584065885e-05,1.4131209107348695
fineweb,RLB+MatrixPolicy (group-stat),2350,4.313113212585449,6.833818582024439e-05,1.4297375430120156
fineweb,RLB+MatrixPolicy (group-stat),2360,4.287313318252563,6.730524100397324e-05,1.4212599811959081
fineweb,RLB+MatrixPolicy (group-stat),2370,4.304429721832276,6.628416690312251e-05,1.4063111741910688
fineweb,RLB+MatrixPolicy (group-stat),2380,4.305653190612793,6.527508758657974e-05,1.42074415871175
fineweb,RLB+MatrixPolicy (group-stat),2390,4.296741151809693,6.427812566576775e-05,1.4113188282004558
fineweb,RLB+MatrixPolicy (group-stat),2400,4.266503238677979,6.329340227974629e-05,1.4264849141123706
fineweb,RLB+MatrixPolicy (group-stat),2410,4.2923369884490965,6.232103708049272e-05,1.4115793565870263
fineweb,RLB+MatrixPolicy (group-stat),2420,4.267044115066528,6.136114821836304e-05,1.4264332591090352
fineweb,RLB+MatrixPolicy (group-stat),2430,4.275768041610718,6.0413852327735977e-05,1.4174026413005776
fineweb,RLB+MatrixPolicy (group-stat),2440,4.278772640228271,5.9479264512840794e-05,1.4301707978826017
fineweb,RLB+MatrixPolicy (group-stat),2450,4.271998262405395,5.855749833377125e-05,1.4144353852025233
fineweb,RLB+MatrixPolicy (group-stat),2460,4.270290565490723,5.764866579268692e-05,1.4089599287137389
fineweb,RLB+MatrixPolicy (group-stat),2470,4.2749351978302,5.6752877320204306e-05,1.4293078283779324
fineweb,RLB+MatrixPolicy (group-stat),2480,4.276647281646729,5.5870241761978464e-05,1.4141137953964062
fineweb,RLB+MatrixPolicy (group-stat),2490,4.269061708450318,5.50008663654772e-05,1.4269894076045602
fineweb,RLB+MatrixPolicy (group-stat),2500,4.237013721466065,5.414485676694995e-05,1.4121926551917567
fineweb,RLB+MatrixPolicy (group-stat),2510,4.261505270004273,5.330231697859196e-05,1.4288059140904807
fineweb,RLB+MatrixPolicy (group-stat),2520,4.284207725524903,5.2473349375905794e-05,1.4115083615062758
fineweb,RLB+MatrixPolicy (group-stat),2530,4.267409372329712,5.1658054685262116e-05,1.42789365821518
fineweb,RLB+MatrixPolicy (group-stat),2540,4.234027671813965,5.085653197166052e-05,1.4121211511082947
fineweb,RLB+MatrixPolicy (group-stat),2550,4.261313772201538,5.006887862669219e-05,1.428555747680366
fineweb,RLB+MatrixPolicy (group-stat),2560,4.266697597503662,4.9295190356706257e-05,1.4224186863051727
fineweb,RLB+MatrixPolicy (group-stat),2570,4.265636205673218,4.853556117118055e-05,1.4142427541897633
fineweb,RLB+MatrixPolicy (group-stat),2580,4.272666597366333,4.779008337129862e-05,1.4261230302974581
fineweb,RLB+MatrixPolicy (group-stat),2590,4.258318185806274,4.705884753873448e-05,1.4134381910087541
fineweb,RLB+MatrixPolicy (group-stat),2600,4.245992803573609,4.634194252464623e-05,1.43862661231542
fineweb,RLB+MatrixPolicy (group-stat),2610,4.221234226226807,4.5639455438879834e-05,1.406584783794824
fineweb,RLB+MatrixPolicy (group-stat),2620,4.24995789527893,4.495147163938453e-05,1.4270959781249986
fineweb,RLB+MatrixPolicy (group-stat),2630,4.22067346572876,4.4278074721841174e-05,1.4113357426365838
fineweb,RLB+MatrixPolicy (group-stat),2640,4.238554811477661,4.361934650950481e-05,1.426969754381571
fineweb,RLB+MatrixPolicy (group-stat),2650,4.234566068649292,4.297536704326216e-05,1.4154162211925723
fineweb,RLB+MatrixPolicy (group-stat),2660,4.219342565536499,4.234621457190635e-05,1.4065687270020135
fineweb,RLB+MatrixPolicy (group-stat),2670,4.239113187789917,4.173196554262883e-05,1.4243006382952443
fineweb,RLB+MatrixPolicy (group-stat),2680,4.213308525085449,4.113269459173043e-05,1.4145298892981373
fineweb,RLB+MatrixPolicy (group-stat),2690,4.23111138343811,4.0548474535552446e-05,1.429582647595089
fineweb,RLB+MatrixPolicy (group-stat),2700,4.235396957397461,3.9979376361628946e-05,1.4129378936602734
fineweb,RLB+MatrixPolicy (group-stat),2710,4.228728485107422,3.942546922006115e-05,1.4207758166943676
fineweb,RLB+MatrixPolicy (group-stat),2720,4.217675971984863,3.888682041511499e-05,1.4074673801078461
fineweb,RLB+MatrixPolicy (group-stat),2730,4.218974494934082,3.836349539704333e-05,1.4227715400280432
fineweb,RLB+MatrixPolicy (group-stat),2740,4.218426036834717,3.7855557754133057e-05,1.407466139877215
fineweb,RLB+MatrixPolicy (group-stat),2750,4.232083463668824,3.7363069204978575e-05,1.4254995577037335
fineweb,RLB+MatrixPolicy (group-stat),2760,4.224032258987426,3.688608959098262e-05,1.4234288631007075
fineweb,RLB+MatrixPolicy (group-stat),2770,4.2282274723052975,3.6424676869084926e-05,1.407782765000593
fineweb,RLB+MatrixPolicy (group-stat),2780,4.222396993637085,3.597888710472001e-05,1.4225183844915592
fineweb,RLB+MatrixPolicy (group-stat),2790,4.22347583770752,3.554877446500471e-05,1.4072526187053882
fineweb,RLB+MatrixPolicy (group-stat),2800,4.225555849075318,3.513439121215659e-05,1.4224927650182508
fineweb,RLB+MatrixPolicy (group-stat),2810,4.226588726043701,3.473578769714351e-05,1.4077762280008757
fineweb,RLB+MatrixPolicy (group-stat),2820,4.23071517944336,3.435301235356557e-05,1.4226529773790388
fineweb,RLB+MatrixPolicy (group-stat),2830,4.195309400558472,3.3986111691770114e-05,1.4068686380749569
fineweb,RLB+MatrixPolicy (group-stat),2840,4.216572523117065,3.36351302932003e-05,1.4264815613743849
fineweb,RLB+MatrixPolicy (group-stat),2850,4.220521926879883,3.330011080497806e-05,1.4126196295954287
fineweb,RLB+MatrixPolicy (group-stat),2860,4.213809156417847,3.298109393472216e-05,1.4118827239959502
fineweb,RLB+MatrixPolicy (group-stat),2870,4.209119176864624,3.267811844560191e-05,1.4278402496827767
fineweb,RLB+MatrixPolicy (group-stat),2880,4.218286323547363,3.2391221151627036e-05,1.413265299180057
fineweb,RLB+MatrixPolicy (group-stat),2890,4.193845558166504,3.212043691317456e-05,1.4269566081115044
fineweb,RLB+MatrixPolicy (group-stat),2900,4.20043683052063,3.1865798632752955e-05,1.4172172383172437
fineweb,RLB+MatrixPolicy (group-stat),2910,4.2275471687316895,3.1627337251004223e-05,1.428381886112038
fineweb,RLB+MatrixPolicy (group-stat),2920,4.212014484405517,3.140508174294431e-05,1.4155676216934807
fineweb,RLB+MatrixPolicy (group-stat),2930,4.170466661453247,3.119905911444245e-05,1.4285305401659572
fineweb,RLB+MatrixPolicy (group-stat),2940,4.225934076309204,3.1009294398939736e-05,1.4135536116198637
fineweb,RLB+MatrixPolicy (group-stat),2950,4.1843406677246096,3.0835810654407316e-05,1.4265107153216376
fineweb,RLB+MatrixPolicy (group-stat),2960,4.2166369438171385,3.0678628960544684e-05,1.4258840319118462
fineweb,RLB+MatrixPolicy (group-stat),2970,4.200147581100464,3.053776841621831e-05,1.4113367662997915
fineweb,RLB+MatrixPolicy (group-stat),2980,4.178452777862549,3.0413246137140968e-05,1.4283939250395634
fineweb,RLB+MatrixPolicy (group-stat),2990,4.208342504501343,3.030507725379207e-05,1.4125643113045954
fineweb,RLB+MatrixPolicy (group-stat),3000,4.213642692565918,3.0213274909579147e-05,1.4303112105932088
fineweb,RLB+MatrixPolicy (group-stat),3010,4.179882287979126,3.0137850259240852e-05,1.4112950420938433
fineweb,RLB+MatrixPolicy (group-stat),3020,4.192475891113281,3.0078812467491507e-05,1.4270092441816815
fineweb,RLB+MatrixPolicy (group-stat),3030,4.222284841537475,3.0036168707907614e-05,1.4135277984896675
fineweb,RLB+MatrixPolicy (group-stat),3040,4.207950162887573,3.0009924162056113e-05,1.4282779839937576
fineweb,RLB+MatrixPolicy (group-stat),3050,4.207307434082031,3.0000082018864835e-05,1.41224339150358
fineweb_edu,SiLU+AdamW,1,10.984363555908203,1.4999999999999998e-06,2.1680877339094877
fineweb_edu,SiLU+AdamW,10,10.836666848924425,1.4999999999999999e-05,0.7815663821995258
fineweb_edu,SiLU+AdamW,20,10.103220558166504,2.9999999999999997e-05,0.6296768831089139
fineweb_edu,SiLU+AdamW,30,9.516455173492432,4.4999999999999996e-05,0.6298953706398607
fineweb_edu,SiLU+AdamW,40,9.158711910247803,5.9999999999999995e-05,0.6308322817087173
fineweb_edu,SiLU+AdamW,50,8.74409065246582,7.5e-05,0.6283410422503948
fineweb_edu,SiLU+AdamW,60,8.310430431365967,8.999999999999999e-05,0.629759649001062
fineweb_edu,SiLU+AdamW,70,7.933982944488525,0.00010499999999999999,0.6282502938061952
fineweb_edu,SiLU+AdamW,80,7.691474771499633,0.00011999999999999999,0.6294300137087703
fineweb_edu,SiLU+AdamW,90,7.55469069480896,0.00013499999999999997,0.6304883498698473
fineweb_edu,SiLU+AdamW,100,7.411221742630005,0.00015,0.6346590785309673
fineweb_edu,SiLU+AdamW,110,7.289406871795654,0.00016499999999999997,0.633794317767024
fineweb_edu,SiLU+AdamW,120,7.175922012329101,0.00017999999999999998,0.6331829875707626
fineweb_edu,SiLU+AdamW,130,7.066741895675659,0.000195,0.6283493131399155
fineweb_edu,SiLU+AdamW,140,6.925027751922608,0.00020999999999999998,0.6313272539526225
fineweb_edu,SiLU+AdamW,150,6.829852151870727,0.000225,0.628083455003798
fineweb_edu,SiLU+AdamW,160,6.713402271270752,0.00023999999999999998,0.6278746901080012
fineweb_edu,SiLU+AdamW,170,6.627256917953491,0.00025499999999999996,0.6262901201844215
fineweb_edu,SiLU+AdamW,180,6.542632341384888,0.00026999999999999995,0.6223629089072347
fineweb_edu,SiLU+AdamW,190,6.458848714828491,0.000285,0.6254728684201837
fineweb_edu,SiLU+AdamW,200,6.40687198638916,0.0003,0.6210602523759008
fineweb_edu,SiLU+AdamW,210,6.3435221195220945,0.000299993356525765,0.6211664117872715
fineweb_edu,SiLU+AdamW,220,6.28434476852417,0.0002999703922691041,0.6199900588020683
fineweb_edu,SiLU+AdamW,230,6.201835346221924,0.0002999310280014982,0.6219735998660326
fineweb_edu,SiLU+AdamW,240,6.168335676193237,0.00029987526850602916,0.6239328211173415
fineweb_edu,SiLU+AdamW,250,6.120580625534058,0.00029980312055793344,0.6239977244287729
fineweb_edu,SiLU+AdamW,260,6.066392660140991,0.00029971459292377916,0.6259839832782745
fineweb_edu,SiLU+AdamW,270,6.016734647750854,0.00029960969636040076,0.625456184707582
fineweb_edu,SiLU+AdamW,280,5.980717515945434,0.00029948844361359214,0.6247989410534501
fineweb_edu,SiLU+AdamW,290,5.941685676574707,0.0002993508494165576,0.6227334259077907
fineweb_edu,SiLU+AdamW,300,5.891621541976929,0.0002991969304881219,0.6245950115844607
fineweb_edu,SiLU+AdamW,310,5.890349531173706,0.0002990267055306988,0.6234199037775398
fineweb_edu,SiLU+AdamW,320,5.832745599746704,0.0002988401952280183,0.6257080931216479
fineweb_edu,SiLU+AdamW,330,5.811955404281616,0.00029863742224261374,0.6237351382151246
fineweb_edu,SiLU+AdamW,340,5.7601571559906,0.0002984184112130679,0.6249408345669508
fineweb_edu,SiLU+AdamW,350,5.74007625579834,0.00029818318875101914,0.6234878854826092
fineweb_edu,SiLU+AdamW,360,5.717689561843872,0.00029793178343792817,0.6222866060212254
fineweb_edu,SiLU+AdamW,370,5.690136337280274,0.00029766422582160485,0.6218697024509311
fineweb_edu,SiLU+AdamW,380,5.668034791946411,0.0002973805484124966,0.6245007591322065
fineweb_edu,SiLU+AdamW,390,5.631844329833984,0.0002970807856797379,0.6229872457683087
fineweb_edu,SiLU+AdamW,400,5.605686855316162,0.0002967649740469624,0.6240947032347322
fineweb_edu,SiLU+AdamW,410,5.603439521789551,0.0002964331518878766,0.6235814228653908
fineweb_edu,SiLU+AdamW,420,5.557288932800293,0.0002960853595215975,0.6242154039442539
fineweb_edu,SiLU+AdamW,430,5.520571613311768,0.0002957216392077535,0.6293841399252414
fineweb_edu,SiLU+AdamW,440,5.492251062393189,0.00029534203514134934,0.6258566923439502
fineweb_edu,SiLU+AdamW,450,5.516804790496826,0.0002949465934473961,0.6237184872850776
fineweb_edu,SiLU+AdamW,460,5.47910361289978,0.0002945353621753067,0.6250480879098177
fineweb_edu,SiLU+AdamW,470,5.435492420196534,0.00029410839129305743,0.6262418005615473
fineweb_edu,SiLU+AdamW,480,5.435366821289063,0.0002936657326811166,0.6264179719612002
fineweb_edu,SiLU+AdamW,490,5.420981216430664,0.00029320744012614015,0.6276320714503527
fineweb_edu,SiLU+AdamW,500,5.39659948348999,0.0002927335693144369,0.6252221839502454
fineweb_edu,SiLU+AdamW,510,5.367140102386474,0.0002922441778252015,0.6256664998829364
fineweb_edu,SiLU+AdamW,520,5.37893705368042,0.0002917393251235184,0.6243014937266708
fineweb_edu,SiLU+AdamW,530,5.3446235179901125,0.0002912190725531364,0.6202187249436975
fineweb_edu,SiLU+AdamW,540,5.325464868545533,0.00029068348332901475,0.6222535967826843
fineweb_edu,SiLU+AdamW,550,5.279390859603882,0.00029013262252964206,0.6240484775975347
fineweb_edu,SiLU+AdamW,560,5.297835445404052,0.0002895665570891288,0.6246748739853502
fineweb_edu,SiLU+AdamW,570,5.2891273021698,0.00028898535578907405,0.6231446392834187
fineweb_edu,SiLU+AdamW,580,5.265609884262085,0.0002883890892502082,0.6220769563689827
fineweb_edu,SiLU+AdamW,590,5.246507692337036,0.00028777782992381193,0.619622752815485
fineweb_edu,SiLU+AdamW,600,5.250227546691894,0.0002871516520829126,0.622900371067226
fineweb_edu,SiLU+AdamW,610,5.226956224441528,0.0002865106318132596,0.621052909642458
fineweb_edu,SiLU+AdamW,620,5.218802070617675,0.0002858548470040794,0.6231255050748586
fineweb_edu,SiLU+AdamW,630,5.189547395706176,0.000285184377338611,0.6251231664791703
fineweb_edu,SiLU+AdamW,640,5.1885419368743895,0.00028449930428442433,0.6247350513935089
fineweb_edu,SiLU+AdamW,650,5.165148735046387,0.0002837997110835208,0.6228746162727475
fineweb_edu,SiLU+AdamW,660,5.146761274337768,0.0002830856827422189,0.6241232316941023
fineweb_edu,SiLU+AdamW,670,5.1361517906188965,0.00028235730602082517,0.6245828730985522
fineweb_edu,SiLU+AdamW,680,5.125240612030029,0.00028161466942309217,0.6243190757930279
fineweb_edu,SiLU+AdamW,690,5.117319869995117,0.00028085786318546465,0.620651593990624
fineweb_edu,SiLU+AdamW,700,5.10915732383728,0.0002800869792661148,0.624755147099495
fineweb_edu,SiLU+AdamW,710,5.104922485351563,0.00027930211133376875,0.6217379067093134
fineweb_edu,SiLU+AdamW,720,5.090714073181152,0.0002785033547563251,0.6262151680886745
fineweb_edu,SiLU+AdamW,730,5.073459005355835,0.00027769080658926693,0.6258757559582591
fineweb_edu,SiLU+AdamW,740,5.0540965557098385,0.0002768645655638685,0.6242078110575676
fineweb_edu,SiLU+AdamW,750,5.040974044799805,0.00027602473207519906,0.6277079379186035
fineweb_edu,SiLU+AdamW,760,5.044849109649658,0.0002751714081699235,0.6255721312016249
fineweb_edu,SiLU+AdamW,770,5.013934564590454,0.0002743046975339032,0.6244517950341105
fineweb_edu,SiLU+AdamW,780,5.003895330429077,0.00027342470547959735,0.6253910481929779
fineweb_edu,SiLU+AdamW,790,5.003518962860108,0.00027253153893326646,0.6259794145822525
fineweb_edu,SiLU+AdamW,800,5.001749181747437,0.00027162530642197997,0.6257915386930109
fineweb_edu,SiLU+AdamW,810,4.996807813644409,0.0002707061180604293,0.6257491517812014
fineweb_edu,SiLU+AdamW,820,4.98156886100769,0.0002697740855375481,0.6238186119124294
fineweb_edu,SiLU+AdamW,830,4.976076889038086,0.0002688293221029412,0.6254683326929807
fineweb_edu,SiLU+AdamW,840,4.949563694000244,0.00026787194255312364,0.6269793227314949
fineweb_edu,SiLU+AdamW,850,4.935211896896362,0.00026690206321757203,0.6246096331626176
fineweb_edu,SiLU+AdamW,860,4.940410518646241,0.0002659198019445897,0.6229705838486552
fineweb_edu,SiLU+AdamW,870,4.901750135421753,0.0002649252780869868,0.6254815354943275
fineweb_edu,SiLU+AdamW,880,4.922564697265625,0.0002639186124875786,0.6239672118797899
fineweb_edu,SiLU+AdamW,890,4.87524185180664,0.00026289992746450134,0.6202444599941372
fineweb_edu,SiLU+AdamW,900,4.8847331523895265,0.00026186934679635007,0.6192074418067932
fineweb_edu,SiLU+AdamW,910,4.916737985610962,0.0002608269957071384,0.6249614337459206
fineweb_edu,SiLU+AdamW,920,4.865864658355713,0.0002597730008510828,0.6257980737835169
fineweb_edu,SiLU+AdamW,930,4.850942707061767,0.00025870749029721293,0.6266261091455817
fineweb_edu,SiLU+AdamW,940,4.8449619770050045,0.00025763059351381027,0.6244494033977389
fineweb_edu,SiLU+AdamW,950,4.865790510177613,0.0002565424413526768,0.624931875243783
fineweb_edu,SiLU+AdamW,960,4.836168718338013,0.00025544316603323523,0.6256156379356981
fineweb_edu,SiLU+AdamW,970,4.847293472290039,0.0002543329011264634,0.6236262932419777
fineweb_edu,SiLU+AdamW,980,4.798263692855835,0.00025321178153866423,0.6205315351486206
fineweb_edu,SiLU+AdamW,990,4.800294017791748,0.0002520799434950734,0.6239551937207579
fineweb_edu,SiLU+AdamW,1000,4.792183256149292,0.0002509375245233072,0.6265252297744155
fineweb_edu,SiLU+AdamW,1010,4.80781307220459,0.0002497846634366514,0.6228870838880539
fineweb_edu,SiLU+AdamW,1020,4.791995859146118,0.0002486215003171946,0.6238636260852217
fineweb_edu,SiLU+AdamW,1030,4.7915832042694095,0.00024744817649880683,0.6235284836962819
fineweb_edu,SiLU+AdamW,1040,4.769817066192627,0.0002462648345499665,0.6236958859488368
fineweb_edu,SiLU+AdamW,1050,4.7673828125,0.0002450716182564374,0.6260273091495037
fineweb_edu,SiLU+AdamW,1060,4.745315933227539,0.0002438686726037968,0.6227092023938894
fineweb_edu,SiLU+AdamW,1070,4.7476733207702635,0.0002426561437598195,0.6267389306798578
fineweb_edu,SiLU+AdamW,1080,4.728332090377807,0.0002414341790567164,0.6266378615051508
fineweb_edu,SiLU+AdamW,1090,4.729849529266358,0.0002402029269732328,0.6257840849459171
fineweb_edu,SiLU+AdamW,1100,4.717501401901245,0.00023896253711660717,0.6247794086113572
fineweb_edu,SiLU+AdamW,1110,4.708102369308472,0.0002377131602043922,0.6244424315169453
fineweb_edu,SiLU+AdamW,1120,4.682056331634522,0.0002364549480461418,0.6243947811424733
fineweb_edu,SiLU+AdamW,1130,4.702267456054687,0.00023518805352496484,0.6237978298217058
fineweb_edu,SiLU+AdamW,1140,4.705480337142944,0.00023391263057894837,0.6222957294434309
fineweb_edu,SiLU+AdamW,1150,4.667770481109619,0.00023262883418245333,0.6204461064189672
fineweb_edu,SiLU+AdamW,1160,4.68094539642334,0.00023133682032728357,0.6270606327801943
fineweb_edu,SiLU+AdamW,1170,4.654011201858521,0.0002300367460037315,0.6244181636720896
fineweb_edu,SiLU+AdamW,1180,4.655735921859741,0.00022872876918150292,0.625346646271646
fineweb_edu,SiLU+AdamW,1190,4.659334325790406,0.00022741304879052182,0.6219646012410521
fineweb_edu,SiLU+AdamW,1200,4.671952724456787,0.00022608974470161945,0.6209804700687528
fineweb_edu,SiLU+AdamW,1210,4.62798924446106,0.00022475901770710883,0.6250302108004689
fineweb_edu,SiLU+AdamW,1220,4.644732904434204,0.00022342102950124673,0.6234888326376676
fineweb_edu,SiLU+AdamW,1230,4.628270196914673,0.0002220759426605868,0.6244362974539399
fineweb_edu,SiLU+AdamW,1240,4.628884315490723,0.0002207239206242251,0.6217701660469175
fineweb_edu,SiLU+AdamW,1250,4.6103434562683105,0.00021936512767394096,0.6237972445786
fineweb_edu,SiLU+AdamW,1260,4.59729232788086,0.0002179997289142353,0.6239325433969498
fineweb_edu,SiLU+AdamW,1270,4.6107536315917965,0.00021662789025226912,0.6226939931511879
fineweb_edu,SiLU+AdamW,1280,4.582765817642212,0.0002152497783777045,0.622843612357974
fineweb_edu,SiLU+AdamW,1290,4.585801839828491,0.00021386556074245026,0.6226114325225354
fineweb_edu,SiLU+AdamW,1300,4.577915477752685,0.00021247540554031533,0.6221985429525375
fineweb_edu,SiLU+AdamW,1310,4.556996822357178,0.00021107948168657182,0.6248169170692564
fineweb_edu,SiLU+AdamW,1320,4.564311933517456,0.00020967795879743028,0.6257576175034046
fineweb_edu,SiLU+AdamW,1330,4.584554958343506,0.00020827100716943014,0.6229280414059758
fineweb_edu,SiLU+AdamW,1340,4.574782943725586,0.00020685879775874703,0.6220466490834952
fineweb_edu,SiLU+AdamW,1350,4.54885458946228,0.0002054415021604205,0.6257521698251367
fineweb_edu,SiLU+AdamW,1360,4.5427422523498535,0.00020401929258750362,0.6226662145927548
fineweb_edu,SiLU+AdamW,1370,4.552275085449219,0.00020259234185013772,0.6238689856603742
fineweb_edu,SiLU+AdamW,1380,4.507766199111939,0.00020116082333455448,0.6224811157211662
fineweb_edu,SiLU+AdamW,1390,4.510131883621216,0.00019972491098200823,0.6250901997089386
fineweb_edu,SiLU+AdamW,1400,4.517232847213745,0.00019828477926764048,0.6250722758471966
fineweb_edu,SiLU+AdamW,1410,4.510369777679443,0.00019684060317927993,0.6254003066569567
fineweb_edu,SiLU+AdamW,1420,4.505426597595215,0.00019539255819617994,0.6246987974271179
fineweb_edu,SiLU+AdamW,1430,4.490745496749878,0.00019394082026769627,0.6235039873048663
fineweb_edu,SiLU+AdamW,1440,4.479062509536743,0.0001924855657919079,0.6232368169352412
fineweb_edu,SiLU+AdamW,1450,4.493381404876709,0.0001910269715941832,0.6226577837020159
fineweb_edu,SiLU+AdamW,1460,4.459865617752075,0.00018956521490569417,0.6262681666761637
fineweb_edu,SiLU+AdamW,1470,4.501425409317017,0.00018810047334188142,0.6239548921585083
fineweb_edu,SiLU+AdamW,1480,4.468210983276367,0.00018663292488087238,0.62114193495363
fineweb_edu,SiLU+AdamW,1490,4.482536172866821,0.00018516274784185555,0.6180422697216272
fineweb_edu,SiLU+AdamW,1500,4.459014749526977,0.0001836901208634133,0.6181185306981206
fineweb_edu,SiLU+AdamW,1510,4.477941989898682,0.00018221522288181568,0.6225548399612307
fineweb_edu,SiLU+AdamW,1520,4.507032108306885,0.00018073823310927836,0.6218021301552653
fineweb_edu,SiLU+AdamW,1530,4.481719493865967,0.00017925933101218665,0.6232807125896216
fineweb_edu,SiLU+AdamW,1540,4.440458917617798,0.00017777869628928913,0.6220021458342672
fineweb_edu,SiLU+AdamW,1550,4.439891242980957,0.0001762965088498626,0.6228330923244357
fineweb_edu,SiLU+AdamW,1560,4.434838390350341,0.00017481294879185156,0.6257525967434049
fineweb_edu,SiLU+AdamW,1570,4.44027943611145,0.00017332819637998513,0.6257115561515093
fineweb_edu,SiLU+AdamW,1580,4.445282506942749,0.0001718424320238731,0.6252427583560347
fineweb_edu,SiLU+AdamW,1590,4.433803462982178,0.00017035583625608485,0.6241752984002232
fineweb_edu,SiLU+AdamW,1600,4.437465524673462,0.000168868589710213,0.622945686429739
fineweb_edu,SiLU+AdamW,1610,4.4095128059387205,0.00016738087309892515,0.6237337650731206
fineweb_edu,SiLU+AdamW,1620,4.42576150894165,0.00016589286719200568,0.6268794381991029
fineweb_edu,SiLU+AdamW,1630,4.379802942276001,0.00016440475279439078,0.6247933026403188
fineweb_edu,SiLU+AdamW,1640,4.407114934921265,0.00016291671072419912,0.6233596181496978
fineweb_edu,SiLU+AdamW,1650,4.419034624099732,0.00016142892179076102,0.6240358561277389
fineweb_edu,SiLU+AdamW,1660,4.392606973648071,0.0001599415667726486,0.6250998761504889
fineweb_edu,SiLU+AdamW,1670,4.4285218715667725,0.0001584548263957097,0.622709472477436
fineweb_edu,SiLU+AdamW,1680,4.393273162841797,0.0001569688813111081,0.627238879725337
fineweb_edu,SiLU+AdamW,1690,4.372789716720581,0.00015548391207337333,0.6230569168925285
fineweb_edu,SiLU+AdamW,1700,4.37211856842041,0.0001540000991184612,0.6240320589393378
fineweb_edu,SiLU+AdamW,1710,4.379738855361938,0.0001525176227418298,0.6264786623418331
fineweb_edu,SiLU+AdamW,1720,4.366703844070434,0.00015103666307653203,0.6268983056768775
fineweb_edu,SiLU+AdamW,1730,4.388423776626587,0.0001495574000713278,0.6266728119924665
fineweb_edu,SiLU+AdamW,1740,4.3602320671081545,0.0001480800134688189,0.6219168731942772
fineweb_edu,SiLU+AdamW,1750,4.3878274917602536,0.0001466046827836089,0.6208454705774784
fineweb_edu,SiLU+AdamW,1760,4.350636911392212,0.00014513158728049044,0.6225225742906332
fineweb_edu,SiLU+AdamW,1770,4.374267721176148,0.00014366090595266314,0.6225573860108853
fineweb_edu,SiLU+AdamW,1780,4.355017948150635,0.00014219281749998456,0.6219285268336534
fineweb_edu,SiLU+AdamW,1790,4.367244625091553,0.00014072750030725672,0.6202002637088299
fineweb_edu,SiLU+AdamW,1800,4.350530338287354,0.00013926513242255067,0.6215026533231139
fineweb_edu,SiLU+AdamW,1810,4.330414581298828,0.00013780589153557232,0.6216050237417221
fineweb_edu,SiLU+AdamW,1820,4.3464212894439695,0.0001363499549560718,0.6233498722314834
fineweb_edu,SiLU+AdamW,1830,4.359372663497925,0.0001348974995922986,0.6210308963432908
fineweb_edu,SiLU+AdamW,1840,4.324164390563965,0.00013344870192950604,0.6183865368366241
fineweb_edu,SiLU+AdamW,1850,4.350055122375489,0.00013200373800850669,0.6186846632510423
fineweb_edu,SiLU+AdamW,1860,4.306013345718384,0.00013056278340428193,0.6192540608346462
fineweb_edu,SiLU+AdamW,1870,4.339173364639282,0.00012912601320464842,0.6213573228567839
fineweb_edu,SiLU+AdamW,1880,4.34975848197937,0.0001276936019889831,0.6246872056275606
fineweb_edu,SiLU+AdamW,1890,4.357946872711182,0.00012626572380701058,0.6256664225831627
fineweb_edu,SiLU+AdamW,1900,4.343306350708008,0.0001248425521576549,0.6257001340389252
fineweb_edu,SiLU+AdamW,1910,4.318668079376221,0.00012342425996795747,0.6267974173650146
fineweb_edu,SiLU+AdamW,1920,4.3070573806762695,0.00012201101957206532,0.6249639457091689
fineweb_edu,SiLU+AdamW,1930,4.337597370147705,0.00012060300269029124,0.6223359273746609
fineweb_edu,SiLU+AdamW,1940,4.292859649658203,0.00011920038040824796,0.6243834709748626
fineweb_edu,SiLU+AdamW,1950,4.2821879386901855,0.00011780332315606016,0.6235336516052484
fineweb_edu,SiLU+AdamW,1960,4.290296792984009,0.00011641200068765563,0.6249611493200063
fineweb_edu,SiLU+AdamW,1970,4.311808919906616,0.00011502658206013892,0.6244842823594808
fineweb_edu,SiLU+AdamW,1980,4.324667072296142,0.00011364723561324927,0.6229992704465985
fineweb_edu,SiLU+AdamW,1990,4.306056308746338,0.00011227412894890628,0.6225258572027087
fineweb_edu,SiLU+AdamW,2000,4.265650510787964,0.00011090742891084471,0.6246361723169684
fineweb_edu,SiLU+AdamW,2010,4.283220434188843,0.00010954730156434157,0.6253608584403991
fineweb_edu,SiLU+AdamW,2020,4.283590507507324,0.00010819391217603787,0.6251178609207273
fineweb_edu,SiLU+AdamW,2030,4.270885229110718,0.00010684742519385737,0.6232698321342468
fineweb_edu,SiLU+AdamW,2040,4.2897608280181885,0.00010550800422702489,0.623530276864767
fineweb_edu,SiLU+AdamW,2050,4.291834926605224,0.00010417581202618635,0.624136688746512
fineweb_edu,SiLU+AdamW,2060,4.250656461715698,0.00010285101046363306,0.6253634070977568
fineweb_edu,SiLU+AdamW,2070,4.276663541793823,0.00010153376051363338,0.6251160638406873
fineweb_edu,SiLU+AdamW,2080,4.281787109375,0.00010022422223287245,0.6260927258059382
fineweb_edu,SiLU+AdamW,2090,4.269670534133911,9.892255474100456e-05,0.6247973270714283
fineweb_edu,SiLU+AdamW,2100,4.265056371688843,9.762891620131822e-05,0.626280609332025
fineweb_edu,SiLU+AdamW,2110,4.275763273239136,9.634346380151855e-05,0.6264924267306924
fineweb_edu,SiLU+AdamW,2120,4.246072435379029,9.506635373462743e-05,0.6252202162519097
fineweb_edu,SiLU+AdamW,2130,4.266694498062134,9.379774118000463e-05,0.6259906942024827
fineweb_edu,SiLU+AdamW,2140,4.273213624954224,9.253778028449258e-05,0.6235770689323544
fineweb_edu,SiLU+AdamW,2150,4.268473100662232,9.128662414368604e-05,0.623095627874136
fineweb_edu,SiLU+AdamW,2160,4.26795449256897,9.004442478332968e-05,0.6223755732178688
fineweb_edu,SiLU+AdamW,2170,4.262926054000855,8.881133314084598e-05,0.6223808847367763
fineweb_edu,SiLU+AdamW,2180,4.249539136886597,8.758749904699466e-05,0.6233485041186213
fineweb_edu,SiLU+AdamW,2190,4.268829584121704,8.637307120766755e-05,0.6243241162970662
fineweb_edu,SiLU+AdamW,2200,4.25394835472107,8.516819718581906e-05,0.6268500182777643
fineweb_edu,SiLU+AdamW,2210,4.238458681106567,8.397302338353651e-05,0.6268334614112974
fineweb_edu,SiLU+AdamW,2220,4.237862300872803,8.278769502425084e-05,0.6275638319551945
fineweb_edu,SiLU+AdamW,2230,4.224124240875244,8.161235613509075e-05,0.6255594495683908
fineweb_edu,SiLU+AdamW,2240,4.237696266174316,8.044714952938238e-05,0.6261029578745365
fineweb_edu,SiLU+AdamW,2250,4.248898601531982,7.929221678929623e-05,0.6238603258505464
fineweb_edu,SiLU+AdamW,2260,4.252711391448974,7.814769824864366e-05,0.6246485229581594
fineweb_edu,SiLU+AdamW,2270,4.240973329544067,7.701373297582546e-05,0.6246211223304272
fineweb_edu,SiLU+AdamW,2280,4.225844526290894,7.589045875693352e-05,0.6241144062951207
fineweb_edu,SiLU+AdamW,2290,4.251524162292481,7.477801207900909e-05,0.6252147905528546
fineweb_edu,SiLU+AdamW,2300,4.231997966766357,7.367652811345809e-05,0.6252364262938499
fineweb_edu,SiLU+AdamW,2310,4.234119892120361,7.258614069962701e-05,0.6226604463532567
fineweb_edu,SiLU+AdamW,2320,4.217840385437012,7.15069823285402e-05,0.6233339965343475
fineweb_edu,SiLU+AdamW,2330,4.236933755874634,7.043918412680096e-05,0.6224178742617369
fineweb_edu,SiLU+AdamW,2340,4.192221403121948,6.938287584065885e-05,0.62397540807724
fineweb_edu,SiLU+AdamW,2350,4.213852787017823,6.833818582024439e-05,0.625503565557301
fineweb_edu,SiLU+AdamW,2360,4.224872064590454,6.730524100397324e-05,0.6271576467901468
fineweb_edu,SiLU+AdamW,2370,4.221081399917603,6.628416690312251e-05,0.6267627095803618
fineweb_edu,SiLU+AdamW,2380,4.198806715011597,6.527508758657974e-05,0.6271668620407581
fineweb_edu,SiLU+AdamW,2390,4.189547729492188,6.427812566576775e-05,0.6237901786342264
fineweb_edu,SiLU+AdamW,2400,4.185033988952637,6.329340227974629e-05,0.6261990971863269
fineweb_edu,SiLU+AdamW,2410,4.213854789733887,6.232103708049272e-05,0.6263018645346164
fineweb_edu,SiLU+AdamW,2420,4.2078996181488035,6.136114821836304e-05,0.6224438304081559
fineweb_edu,SiLU+AdamW,2430,4.200924921035766,6.0413852327735977e-05,0.6211929500102997
fineweb_edu,SiLU+AdamW,2440,4.185748052597046,5.9479264512840794e-05,0.6260636612772942
fineweb_edu,SiLU+AdamW,2450,4.1949066638946535,5.855749833377125e-05,0.6256948292255402
fineweb_edu,SiLU+AdamW,2460,4.205209827423095,5.764866579268692e-05,0.6252531111240387
fineweb_edu,SiLU+AdamW,2470,4.210510778427124,5.6752877320204306e-05,0.6267980815842747
fineweb_edu,SiLU+AdamW,2480,4.185420036315918,5.5870241761978464e-05,0.6227636428549885
fineweb_edu,SiLU+AdamW,2490,4.183802700042724,5.50008663654772e-05,0.6242802128195762
fineweb_edu,SiLU+AdamW,2500,4.200273561477661,5.414485676694995e-05,0.6244708497077227
fineweb_edu,SiLU+AdamW,2510,4.213846445083618,5.330231697859196e-05,0.6259871128946543
fineweb_edu,SiLU+AdamW,2520,4.203834819793701,5.2473349375905794e-05,0.6288215605542063
fineweb_edu,SiLU+AdamW,2530,4.2007392883300785,5.1658054685262116e-05,0.628106389567256
fineweb_edu,SiLU+AdamW,2540,4.204709863662719,5.085653197166052e-05,0.6262972479686141
fineweb_edu,SiLU+AdamW,2550,4.1849130153656,5.006887862669219e-05,0.6244907852262258
fineweb_edu,SiLU+AdamW,2560,4.154805326461792,4.9295190356706257e-05,0.6257104489952325
fineweb_edu,SiLU+AdamW,2570,4.178345108032227,4.853556117118055e-05,0.6201034428551793
fineweb_edu,SiLU+AdamW,2580,4.178301620483398,4.779008337129862e-05,0.6247092040255666
fineweb_edu,SiLU+AdamW,2590,4.189556503295899,4.705884753873448e-05,0.625660852342844
fineweb_edu,SiLU+AdamW,2600,4.165492582321167,4.634194252464623e-05,0.628733229637146
fineweb_edu,SiLU+AdamW,2610,4.169107055664062,4.5639455438879834e-05,0.6275410566478967
fineweb_edu,SiLU+AdamW,2620,4.164151620864868,4.495147163938453e-05,0.6291166882961988
fineweb_edu,SiLU+AdamW,2630,4.179009342193604,4.4278074721841174e-05,0.6253721207380295
fineweb_edu,SiLU+AdamW,2640,4.182625770568848,4.361934650950481e-05,0.624296722561121
fineweb_edu,SiLU+AdamW,2650,4.153391551971436,4.297536704326216e-05,0.6261984463781118
fineweb_edu,SiLU+AdamW,2660,4.171451139450073,4.234621457190635e-05,0.6243203803896904
fineweb_edu,SiLU+AdamW,2670,4.195525169372559,4.173196554262883e-05,0.6255335185676814
fineweb_edu,SiLU+AdamW,2680,4.1618959426879885,4.113269459173043e-05,0.6283351534977555
fineweb_edu,SiLU+AdamW,2690,4.156342315673828,4.0548474535552446e-05,0.6259971631690859
fineweb_edu,SiLU+AdamW,2700,4.193373441696167,3.9979376361628946e-05,0.6220614716410637
fineweb_edu,SiLU+AdamW,2710,4.169880819320679,3.942546922006115e-05,0.6232681030407548
fineweb_edu,SiLU+AdamW,2720,4.163138771057129,3.888682041511499e-05,0.6226323496550321
fineweb_edu,SiLU+AdamW,2730,4.155819892883301,3.836349539704333e-05,0.6233517212793231
fineweb_edu,SiLU+AdamW,2740,4.171663093566894,3.7855557754133057e-05,0.6262767717242241
fineweb_edu,SiLU+AdamW,2750,4.180820035934448,3.7363069204978575e-05,0.6281487198546529
fineweb_edu,SiLU+AdamW,2760,4.151434755325317,3.688608959098262e-05,0.6262750934809447
fineweb_edu,SiLU+AdamW,2770,4.169234752655029,3.6424676869084926e-05,0.627003181912005
fineweb_edu,SiLU+AdamW,2780,4.171110963821411,3.597888710472001e-05,0.6279480891302228
fineweb_edu,SiLU+AdamW,2790,4.14311990737915,3.554877446500471e-05,0.6263832800090313
fineweb_edu,SiLU+AdamW,2800,4.166045522689819,3.513439121215659e-05,0.6242836898192763
fineweb_edu,SiLU+AdamW,2810,4.163339328765869,3.473578769714351e-05,0.6198075335472822
fineweb_edu,SiLU+AdamW,2820,4.157969760894775,3.435301235356557e-05,0.6224715981632472
fineweb_edu,SiLU+AdamW,2830,4.158340311050415,3.3986111691770114e-05,0.6244661467149853
fineweb_edu,SiLU+AdamW,2840,4.161598968505859,3.36351302932003e-05,0.6245351457968354
fineweb_edu,SiLU+AdamW,2850,4.1674391746521,3.330011080497806e-05,0.6263823078945279
fineweb_edu,SiLU+AdamW,2860,4.12908148765564,3.298109393472216e-05,0.6249734627082943
fineweb_edu,SiLU+AdamW,2870,4.167184352874756,3.267811844560191e-05,0.621384122595191
fineweb_edu,SiLU+AdamW,2880,4.133756256103515,3.2391221151627036e-05,0.6209855379536748
fineweb_edu,SiLU+AdamW,2890,4.132147407531738,3.212043691317456e-05,0.6226975219324231
fineweb_edu,SiLU+AdamW,2900,4.153659296035767,3.1865798632752955e-05,0.6219128975644708
fineweb_edu,SiLU+AdamW,2910,4.132874441146851,3.1627337251004223e-05,0.6222656952217221
fineweb_edu,SiLU+AdamW,2920,4.146315431594848,3.140508174294431e-05,0.623389482870698
fineweb_edu,SiLU+AdamW,2930,4.163223600387573,3.119905911444245e-05,0.6236744308844209
fineweb_edu,SiLU+AdamW,2940,4.162465000152588,3.1009294398939736e-05,0.6223973812535405
fineweb_edu,SiLU+AdamW,2950,4.161117076873779,3.0835810654407316e-05,0.6197520677000284
fineweb_edu,SiLU+AdamW,2960,4.144375991821289,3.0678628960544684e-05,0.6222725490108132
fineweb_edu,SiLU+AdamW,2970,4.14530029296875,3.053776841621831e-05,0.6192051462829113
fineweb_edu,SiLU+AdamW,2980,4.133797359466553,3.0413246137140968e-05,0.6193375742062927
fineweb_edu,SiLU+AdamW,2990,4.132985639572143,3.030507725379207e-05,0.6197798842564225
fineweb_edu,SiLU+AdamW,3000,4.134809350967407,3.0213274909579147e-05,0.6231076829135418
fineweb_edu,SiLU+AdamW,3010,4.161588478088379,3.0137850259240852e-05,0.6236907083541154
fineweb_edu,SiLU+AdamW,3020,4.153797912597656,3.0078812467491507e-05,0.6229299599304795
fineweb_edu,SiLU+AdamW,3030,4.150940084457398,3.0036168707907614e-05,0.6235690886154771
fineweb_edu,SiLU+AdamW,3040,4.174961042404175,3.0009924162056113e-05,0.6249380953609943
fineweb_edu,SiLU+AdamW,3050,4.150496244430542,3.0000082018864835e-05,0.6243284059688449
fineweb_edu,RLB+AdamW,1,10.990972518920898,1.4999999999999998e-06,2.7453893665224314
fineweb_edu,RLB+AdamW,10,10.651250839233398,1.4999999999999999e-05,1.6263715572655202
fineweb_edu,RLB+AdamW,20,9.829754543304443,2.9999999999999997e-05,1.5037218572571873
fineweb_edu,RLB+AdamW,30,9.434883213043213,4.4999999999999996e-05,1.507378626614809
fineweb_edu,RLB+AdamW,40,9.090263938903808,5.9999999999999995e-05,1.510627909936011
fineweb_edu,RLB+AdamW,50,8.661090183258057,7.5e-05,1.5092982459813356
fineweb_edu,RLB+AdamW,60,8.199922657012939,8.999999999999999e-05,1.5085558533668517
fineweb_edu,RLB+AdamW,70,7.80076584815979,0.00010499999999999999,1.5074188975617289
fineweb_edu,RLB+AdamW,80,nan,0.00011999999999999999,1.5035674378275872
fineweb_edu,RLB+AdamW,90,nan,0.00013499999999999997,1.5004530895501376
fineweb_edu,RLB+AdamW,100,nan,0.00015,1.5022264257073403
fineweb_edu,RLB+AdamW,110,nan,0.00016499999999999997,1.4949530452489852
fineweb_edu,RLB+AdamW,120,nan,0.00017999999999999998,1.5006342692300678
fineweb_edu,RLB+AdamW,130,nan,0.000195,1.5010943554341794
fineweb_edu,RLB+AdamW,140,nan,0.00020999999999999998,1.498931024968624
fineweb_edu,RLB+AdamW,150,nan,0.000225,1.4972020119428635
fineweb_edu,RLB+AdamW,160,nan,0.00023999999999999998,1.5022455560043455
fineweb_edu,RLB+AdamW,170,nan,0.00025499999999999996,1.5024889016523957
fineweb_edu,RLB+AdamW,180,nan,0.00026999999999999995,1.501259507611394
fineweb_edu,RLB+AdamW,190,nan,0.000285,1.5023759985342622
fineweb_edu,RLB+AdamW,200,nan,0.0003,1.5098733061924576
fineweb_edu,RLB+AdamW,210,nan,0.000299993356525765,1.5092645013704895
fineweb_edu,RLB+AdamW,220,nan,0.0002999703922691041,1.5069124771282076
fineweb_edu,RLB+AdamW,230,nan,0.0002999310280014982,1.5080189479514956
fineweb_edu,RLB+AdamW,240,nan,0.00029987526850602916,1.5061934761703015
fineweb_edu,RLB+AdamW,250,nan,0.00029980312055793344,1.5079400051385163
fineweb_edu,RLB+AdamW,260,nan,0.00029971459292377916,1.5089975779876112
fineweb_edu,RLB+AdamW,270,nan,0.00029960969636040076,1.5105806736275553
fineweb_edu,RLB+AdamW,280,nan,0.00029948844361359214,1.5057987414300442
fineweb_edu,RLB+AdamW,290,nan,0.0002993508494165576,1.509780977293849
fineweb_edu,RLB+AdamW,300,nan,0.0002991969304881219,1.5101209312677384
fineweb_edu,RLB+AdamW,310,nan,0.0002990267055306988,1.5079314541071653
fineweb_edu,RLB+AdamW,320,nan,0.0002988401952280183,1.5072964822873474
fineweb_edu,RLB+AdamW,330,nan,0.00029863742224261374,1.5073881592601537
fineweb_edu,RLB+AdamW,340,nan,0.0002984184112130679,1.5063979191705585
fineweb_edu,RLB+AdamW,350,nan,0.00029818318875101914,1.506712969392538
fineweb_edu,RLB+AdamW,360,nan,0.00029793178343792817,1.5091545013710856
fineweb_edu,RLB+AdamW,370,nan,0.00029766422582160485,1.5101401958614589
fineweb_edu,RLB+AdamW,380,nan,0.0002973805484124966,1.5100449085235597
fineweb_edu,RLB+AdamW,390,nan,0.0002970807856797379,1.5052665976807476
fineweb_edu,RLB+AdamW,400,nan,0.0002967649740469624,1.5119539288803936
fineweb_edu,RLB+AdamW,410,nan,0.0002964331518878766,1.5124508386477828
fineweb_edu,RLB+AdamW,420,nan,0.0002960853595215975,1.5047662137076259
fineweb_edu,RLB+AdamW,430,nan,0.0002957216392077535,1.50759636182338
fineweb_edu,RLB+AdamW,440,nan,0.00029534203514134934,1.5107486193999649
fineweb_edu,RLB+AdamW,450,nan,0.0002949465934473961,1.509844501875341
fineweb_edu,RLB+AdamW,460,nan,0.0002945353621753067,1.5104102993384003
fineweb_edu,RLB+AdamW,470,nan,0.00029410839129305743,1.5115631461143493
fineweb_edu,RLB+AdamW,480,nan,0.0002936657326811166,1.5121628977358341
fineweb_edu,RLB+AdamW,490,nan,0.00029320744012614015,1.5121693782508374
fineweb_edu,RLB+AdamW,500,nan,0.0002927335693144369,1.509909136593342
fineweb_edu,RLB+AdamW,510,nan,0.0002922441778252015,1.5067437188699841
fineweb_edu,RLB+AdamW,520,nan,0.0002917393251235184,1.5077662127092482
fineweb_edu,RLB+AdamW,530,nan,0.0002912190725531364,1.5112528817728161
fineweb_edu,RLB+AdamW,540,nan,0.00029068348332901475,1.5094320407137274
fineweb_edu,RLB+AdamW,550,nan,0.00029013262252964206,1.5204532446339727
fineweb_edu,RLB+AdamW,560,nan,0.0002895665570891288,1.5118398565798998
fineweb_edu,RLB+AdamW,570,nan,0.00028898535578907405,1.5084807060658931
fineweb_edu,RLB+AdamW,580,nan,0.0002883890892502082,1.5086568001657725
fineweb_edu,RLB+AdamW,590,nan,0.00028777782992381193,1.5085053194314242
fineweb_edu,RLB+AdamW,600,nan,0.0002871516520829126,1.5059085270389914
fineweb_edu,RLB+AdamW,610,nan,0.0002865106318132596,1.5007544135674835
fineweb_edu,RLB+AdamW,620,nan,0.0002858548470040794,1.500817972794175
fineweb_edu,RLB+AdamW,630,nan,0.000285184377338611,1.5007297594100237
fineweb_edu,RLB+AdamW,640,nan,0.00028449930428442433,1.5018251871690154
fineweb_edu,RLB+AdamW,650,nan,0.0002837997110835208,1.5007595362141728
fineweb_edu,RLB+AdamW,660,nan,0.0002830856827422189,1.500764498487115
fineweb_edu,RLB+AdamW,670,nan,0.00028235730602082517,1.4966942336410285
fineweb_edu,RLB+AdamW,680,nan,0.00028161466942309217,1.4990842122584582
fineweb_edu,RLB+AdamW,690,nan,0.00028085786318546465,1.4976427903398872
fineweb_edu,RLB+AdamW,700,nan,0.0002800869792661148,1.5007661459967494
fineweb_edu,RLB+AdamW,710,nan,0.00027930211133376875,1.497851766832173
fineweb_edu,RLB+AdamW,720,nan,0.0002785033547563251,1.501522834971547
fineweb_edu,RLB+AdamW,730,nan,0.00027769080658926693,1.5018026996403933
fineweb_edu,RLB+AdamW,740,nan,0.0002768645655638685,1.501471265219152
fineweb_edu,RLB+AdamW,750,nan,0.00027602473207519906,1.4981037687510252
fineweb_edu,RLB+AdamW,760,nan,0.0002751714081699235,1.501295451633632
fineweb_edu,RLB+AdamW,770,nan,0.0002743046975339032,1.500492681004107
fineweb_edu,RLB+AdamW,780,nan,0.00027342470547959735,1.5006729487329722
fineweb_edu,RLB+AdamW,790,nan,0.00027253153893326646,1.5034274267032743
fineweb_edu,RLB+AdamW,800,nan,0.00027162530642197997,1.4973564982414245
fineweb_edu,RLB+AdamW,810,nan,0.0002707061180604293,1.495112002082169
fineweb_edu,RLB+AdamW,820,nan,0.0002697740855375481,1.5011810375377537
fineweb_edu,RLB+AdamW,830,nan,0.0002688293221029412,1.5002183778211475
fineweb_edu,RLB+AdamW,840,nan,0.00026787194255312364,1.5015244999900461
fineweb_edu,RLB+AdamW,850,nan,0.00026690206321757203,1.5013937262818218
fineweb_edu,RLB+AdamW,860,nan,0.0002659198019445897,1.500937518849969
fineweb_edu,RLB+AdamW,870,nan,0.0002649252780869868,1.5013133896514774
fineweb_edu,RLB+AdamW,880,nan,0.0002639186124875786,1.4977440966293216
fineweb_edu,RLB+AdamW,890,nan,0.00026289992746450134,1.5026089059188963
fineweb_edu,RLB+AdamW,900,nan,0.00026186934679635007,1.502456703223288
fineweb_edu,RLB+AdamW,910,nan,0.0002608269957071384,1.4999823801219463
fineweb_edu,RLB+AdamW,920,nan,0.0002597730008510828,1.5008987033739687
fineweb_edu,RLB+AdamW,930,nan,0.00025870749029721293,1.4967170439660549
fineweb_edu,RLB+AdamW,940,nan,0.00025763059351381027,1.4976606406271458
fineweb_edu,RLB+AdamW,950,nan,0.0002565424413526768,1.5019423823803664
fineweb_edu,RLB+AdamW,960,nan,0.00025544316603323523,1.5014017334207892
fineweb_edu,RLB+AdamW,970,nan,0.0002543329011264634,1.500899163261056
fineweb_edu,RLB+AdamW,980,nan,0.00025321178153866423,1.5010806296020747
fineweb_edu,RLB+AdamW,990,nan,0.0002520799434950734,1.5032216807827354
fineweb_edu,RLB+AdamW,1000,nan,0.0002509375245233072,1.4979569559916854
fineweb_edu,RLB+AdamW,1010,nan,0.0002497846634366514,1.4982645116746425
fineweb_edu,RLB+AdamW,1020,nan,0.0002486215003171946,1.501745293661952
fineweb_edu,RLB+AdamW,1030,nan,0.00024744817649880683,1.5005412936210631
fineweb_edu,RLB+AdamW,1040,nan,0.0002462648345499665,1.5007929380983114
fineweb_edu,RLB+AdamW,1050,nan,0.0002450716182564374,1.5003748882561923
fineweb_edu,RLB+AdamW,1060,nan,0.0002438686726037968,1.4975116189569235
fineweb_edu,RLB+AdamW,1070,nan,0.0002426561437598195,1.49789573289454
fineweb_edu,RLB+AdamW,1080,nan,0.0002414341790567164,1.502122857235372
fineweb_edu,RLB+AdamW,1090,nan,0.0002402029269732328,1.5013348927721382
fineweb_edu,RLB+AdamW,1100,nan,0.00023896253711660717,1.5003937112167478
fineweb_edu,RLB+AdamW,1110,nan,0.0002377131602043922,1.5012716591358184
fineweb_edu,RLB+AdamW,1120,nan,0.0002364549480461418,1.4978409040719272
fineweb_edu,RLB+AdamW,1130,nan,0.00023518805352496484,1.498053626343608
fineweb_edu,RLB+AdamW,1140,nan,0.00023391263057894837,1.5034199757501483
fineweb_edu,RLB+AdamW,1150,nan,0.00023262883418245333,1.5012720277532936
fineweb_edu,RLB+AdamW,1160,nan,0.00023133682032728357,1.4998313274234534
fineweb_edu,RLB+AdamW,1170,nan,0.0002300367460037315,1.5009433379396797
fineweb_edu,RLB+AdamW,1180,nan,0.00022872876918150292,1.5020091170445085
fineweb_edu,RLB+AdamW,1190,nan,0.00022741304879052182,1.5010965954512359
fineweb_edu,RLB+AdamW,1200,nan,0.00022608974470161945,1.5037613481283187
fineweb_edu,RLB+AdamW,1210,nan,0.00022475901770710883,1.5029653357341886
fineweb_edu,RLB+AdamW,1220,nan,0.00022342102950124673,1.501788111589849
fineweb_edu,RLB+AdamW,1230,nan,0.0002220759426605868,1.5026472041383385
fineweb_edu,RLB+AdamW,1240,nan,0.0002207239206242251,1.502978714928031
fineweb_edu,RLB+AdamW,1250,nan,0.00021936512767394096,1.4985219601541757
fineweb_edu,RLB+AdamW,1260,nan,0.0002179997289142353,1.50127487834543
fineweb_edu,RLB+AdamW,1270,nan,0.00021662789025226912,1.5027350509539246
fineweb_edu,RLB+AdamW,1280,nan,0.0002152497783777045,1.5010408578440546
fineweb_edu,RLB+AdamW,1290,nan,0.00021386556074245026,1.4996377060189843
fineweb_edu,RLB+AdamW,1300,nan,0.00021247540554031533,1.504033076390624
fineweb_edu,RLB+AdamW,1310,nan,0.00021107948168657182,1.4986388435587288
fineweb_edu,RLB+AdamW,1320,nan,0.00020967795879743028,1.5009462213143707
fineweb_edu,RLB+AdamW,1330,nan,0.00020827100716943014,1.5032911706715821
fineweb_edu,RLB+AdamW,1340,nan,0.00020685879775874703,1.5024904958903789
fineweb_edu,RLB+AdamW,1350,nan,0.0002054415021604205,1.5006527923047543
fineweb_edu,RLB+AdamW,1360,nan,0.00020401929258750362,1.5004424737766384
fineweb_edu,RLB+AdamW,1370,nan,0.00020259234185013772,1.500309512205422
fineweb_edu,RLB+AdamW,1380,nan,0.00020116082333455448,1.5074055444449186
fineweb_edu,RLB+AdamW,1390,nan,0.00019972491098200823,1.5011739287525416
fineweb_edu,RLB+AdamW,1400,nan,0.00019828477926764048,1.500493147596717
fineweb_edu,RLB+AdamW,1410,nan,0.00019684060317927993,1.499905963242054
fineweb_edu,RLB+AdamW,1420,nan,0.00019539255819617994,1.5019391834735871
fineweb_edu,RLB+AdamW,1430,nan,0.00019394082026769627,1.501463583111763
fineweb_edu,RLB+AdamW,1440,nan,0.0001924855657919079,1.4996301382780075
fineweb_edu,RLB+AdamW,1450,nan,0.0001910269715941832,1.4985960591584444
fineweb_edu,RLB+AdamW,1460,nan,0.00018956521490569417,1.4999464778229594
fineweb_edu,RLB+AdamW,1470,nan,0.00018810047334188142,1.5021924601867795
fineweb_edu,RLB+AdamW,1480,nan,0.00018663292488087238,1.5043658582493662
fineweb_edu,RLB+AdamW,1490,nan,0.00018516274784185555,1.5041872221976518
fineweb_edu,RLB+AdamW,1500,nan,0.0001836901208634133,1.5024272354319692
fineweb_edu,RLB+AdamW,1510,nan,0.00018221522288181568,1.500427427329123
fineweb_edu,RLB+AdamW,1520,nan,0.00018073823310927836,1.500038170069456
fineweb_edu,RLB+AdamW,1530,nan,0.00017925933101218665,1.5033265082165599
fineweb_edu,RLB+AdamW,1540,nan,0.00017777869628928913,1.5037013616412878
fineweb_edu,RLB+AdamW,1550,nan,0.0001762965088498626,1.5035519791767
fineweb_edu,RLB+AdamW,1560,nan,0.00017481294879185156,1.5014157112687827
fineweb_edu,RLB+AdamW,1570,nan,0.00017332819637998513,1.4993977392092348
fineweb_edu,RLB+AdamW,1580,nan,0.0001718424320238731,1.49614148568362
fineweb_edu,RLB+AdamW,1590,nan,0.00017035583625608485,1.5011493865400554
fineweb_edu,RLB+AdamW,1600,nan,0.000168868589710213,1.5027786551043392
fineweb_edu,RLB+AdamW,1610,nan,0.00016738087309892515,1.4993142241612076
fineweb_edu,RLB+AdamW,1620,nan,0.00016589286719200568,1.4999832276254892
fineweb_edu,RLB+AdamW,1630,nan,0.00016440475279439078,1.5004364162683488
fineweb_edu,RLB+AdamW,1640,nan,0.00016291671072419912,1.497229461185634
fineweb_edu,RLB+AdamW,1650,nan,0.00016142892179076102,1.4986759616062044
fineweb_edu,RLB+AdamW,1660,nan,0.0001599415667726486,1.5013333460316063
fineweb_edu,RLB+AdamW,1670,nan,0.0001584548263957097,1.5012441383674742
fineweb_edu,RLB+AdamW,1680,nan,0.0001569688813111081,1.5020683525130152
fineweb_edu,RLB+AdamW,1690,nan,0.00015548391207337333,1.5016902960836886
fineweb_edu,RLB+AdamW,1700,nan,0.0001540000991184612,1.4980522468686104
fineweb_edu,RLB+AdamW,1710,nan,0.0001525176227418298,1.4976957799866795
fineweb_edu,RLB+AdamW,1720,nan,0.00015103666307653203,1.5023108324036003
fineweb_edu,RLB+AdamW,1730,nan,0.0001495574000713278,1.5033676797524094
fineweb_edu,RLB+AdamW,1740,nan,0.0001480800134688189,1.4985888320952654
fineweb_edu,RLB+AdamW,1750,nan,0.0001466046827836089,1.500913279876113
fineweb_edu,RLB+AdamW,1760,nan,0.00014513158728049044,1.4995198210701346
fineweb_edu,RLB+AdamW,1770,nan,0.00014366090595266314,1.5006252203136683
fineweb_edu,RLB+AdamW,1780,nan,0.00014219281749998456,1.5028229344636201
fineweb_edu,RLB+AdamW,1790,nan,0.00014072750030725672,1.5029112875461579
fineweb_edu,RLB+AdamW,1800,nan,0.00013926513242255067,1.5032653700560332
fineweb_edu,RLB+AdamW,1810,nan,0.00013780589153557232,1.5005628105252982
fineweb_edu,RLB+AdamW,1820,nan,0.0001363499549560718,1.5000363564118744
fineweb_edu,RLB+AdamW,1830,nan,0.0001348974995922986,1.4987053509801627
fineweb_edu,RLB+AdamW,1840,nan,0.00013344870192950604,1.5014071259647608
fineweb_edu,RLB+AdamW,1850,nan,0.00013200373800850669,1.5042379630729557
fineweb_edu,RLB+AdamW,1860,nan,0.00013056278340428193,1.5029920076951384
fineweb_edu,RLB+AdamW,1870,nan,0.00012912601320464842,1.5018150961026548
fineweb_edu,RLB+AdamW,1880,nan,0.0001276936019889831,1.5008894465863705
fineweb_edu,RLB+AdamW,1890,nan,0.00012626572380701058,1.5000339837744832
fineweb_edu,RLB+AdamW,1900,nan,0.0001248425521576549,1.4978832630440593
fineweb_edu,RLB+AdamW,1910,nan,0.00012342425996795747,1.5038358399644494
fineweb_edu,RLB+AdamW,1920,nan,0.00012201101957206532,1.5013494597747923
fineweb_edu,RLB+AdamW,1930,nan,0.00012060300269029124,1.5027593582868577
fineweb_edu,RLB+AdamW,1940,nan,0.00011920038040824796,1.5040407309308648
fineweb_edu,RLB+AdamW,1950,nan,0.00011780332315606016,1.4986450117081405
fineweb_edu,RLB+AdamW,1960,nan,0.00011641200068765563,1.4981335340067745
fineweb_edu,RLB+AdamW,1970,nan,0.00011502658206013892,1.4996569342911243
fineweb_edu,RLB+AdamW,1980,nan,0.00011364723561324927,1.5005913542583584
fineweb_edu,RLB+AdamW,1990,nan,0.00011227412894890628,1.5003488324582577
fineweb_edu,RLB+AdamW,2000,nan,0.00011090742891084471,1.5013428281992673
fineweb_edu,RLB+AdamW,2010,nan,0.00010954730156434157,1.5012249736115337
fineweb_edu,RLB+AdamW,2020,nan,0.00010819391217603787,1.4970913657918572
fineweb_edu,RLB+AdamW,2030,nan,0.00010684742519385737,1.5005876652896404
fineweb_edu,RLB+AdamW,2040,nan,0.00010550800422702489,1.5001338748261333
fineweb_edu,RLB+AdamW,2050,nan,0.00010417581202618635,1.5016333159059285
fineweb_edu,RLB+AdamW,2060,nan,0.00010285101046363306,1.5027615625411272
fineweb_edu,RLB+AdamW,2070,nan,0.00010153376051363338,1.500780915468931
fineweb_edu,RLB+AdamW,2080,nan,0.00010022422223287245,1.5009041676297783
fineweb_edu,RLB+AdamW,2090,nan,9.892255474100456e-05,1.5002696461975575
fineweb_edu,RLB+AdamW,2100,nan,9.762891620131822e-05,1.500418134778738
fineweb_edu,RLB+AdamW,2110,nan,9.634346380151855e-05,1.501047808676958
fineweb_edu,RLB+AdamW,2120,nan,9.506635373462743e-05,1.5045858403667807
fineweb_edu,RLB+AdamW,2130,nan,9.379774118000463e-05,1.502246149070561
fineweb_edu,RLB+AdamW,2140,nan,9.253778028449258e-05,1.498730874620378
fineweb_edu,RLB+AdamW,2150,nan,9.128662414368604e-05,1.4991714200004935
fineweb_edu,RLB+AdamW,2160,nan,9.004442478332968e-05,1.4984879709780217
fineweb_edu,RLB+AdamW,2170,nan,8.881133314084598e-05,1.5030393917113543
fineweb_edu,RLB+AdamW,2180,nan,8.758749904699466e-05,1.5024090018123388
fineweb_edu,RLB+AdamW,2190,nan,8.637307120766755e-05,1.5021046610549091
fineweb_edu,RLB+AdamW,2200,nan,8.516819718581906e-05,1.5036621989682317
fineweb_edu,RLB+AdamW,2210,nan,8.397302338353651e-05,1.499728990904987
fineweb_edu,RLB+AdamW,2220,nan,8.278769502425084e-05,1.5083412548527122
fineweb_edu,RLB+AdamW,2230,nan,8.161235613509075e-05,1.4993897881358862
fineweb_edu,RLB+AdamW,2240,nan,8.044714952938238e-05,1.5026302251964807
fineweb_edu,RLB+AdamW,2250,nan,7.929221678929623e-05,1.5044218689203261
fineweb_edu,RLB+AdamW,2260,nan,7.814769824864366e-05,1.5017108580097556
fineweb_edu,RLB+AdamW,2270,nan,7.701373297582546e-05,1.5016307542100549
fineweb_edu,RLB+AdamW,2280,nan,7.589045875693352e-05,1.5014464976266026
fineweb_edu,RLB+AdamW,2290,nan,7.477801207900909e-05,1.5001948708668351
fineweb_edu,RLB+AdamW,2300,nan,7.367652811345809e-05,1.5034700952470303
fineweb_edu,RLB+AdamW,2310,nan,7.258614069962701e-05,1.5006762590259313
fineweb_edu,RLB+AdamW,2320,nan,7.15069823285402e-05,1.4998712904751301
fineweb_edu,RLB+AdamW,2330,nan,7.043918412680096e-05,1.5030517503619194
fineweb_edu,RLB+AdamW,2340,nan,6.938287584065885e-05,1.4982478505000472
fineweb_edu,RLB+AdamW,2350,nan,6.833818582024439e-05,1.498648657463491
fineweb_edu,RLB+AdamW,2360,nan,6.730524100397324e-05,1.5044927999377251
fineweb_edu,RLB+AdamW,2370,nan,6.628416690312251e-05,1.5030983049422502
fineweb_edu,RLB+AdamW,2380,nan,6.527508758657974e-05,1.5011341083794831
fineweb_edu,RLB+AdamW,2390,nan,6.427812566576775e-05,1.500066414475441
fineweb_edu,RLB+AdamW,2400,nan,6.329340227974629e-05,1.5031082728877663
fineweb_edu,RLB+AdamW,2410,nan,6.232103708049272e-05,1.4965671679005026
fineweb_edu,RLB+AdamW,2420,nan,6.136114821836304e-05,1.500173245370388
fineweb_edu,RLB+AdamW,2430,nan,6.0413852327735977e-05,1.503857448324561
fineweb_edu,RLB+AdamW,2440,nan,5.9479264512840794e-05,1.5003890320658684
fineweb_edu,RLB+AdamW,2450,nan,5.855749833377125e-05,1.5037552835419774
fineweb_edu,RLB+AdamW,2460,nan,5.764866579268692e-05,1.5003277720883488
fineweb_edu,RLB+AdamW,2470,nan,5.6752877320204306e-05,1.498985299654305
fineweb_edu,RLB+AdamW,2480,nan,5.5870241761978464e-05,1.5019199788570403
fineweb_edu,RLB+AdamW,2490,nan,5.50008663654772e-05,1.5013025576248764
fineweb_edu,RLB+AdamW,2500,nan,5.414485676694995e-05,1.5023791164159774
fineweb_edu,RLB+AdamW,2510,nan,5.330231697859196e-05,1.5028413003310561
fineweb_edu,RLB+AdamW,2520,nan,5.2473349375905794e-05,1.5021337984129786
fineweb_edu,RLB+AdamW,2530,nan,5.1658054685262116e-05,1.499448829703033
fineweb_edu,RLB+AdamW,2540,nan,5.085653197166052e-05,1.497952252626419
fineweb_edu,RLB+AdamW,2550,nan,5.006887862669219e-05,1.5017051605507732
fineweb_edu,RLB+AdamW,2560,nan,4.9295190356706257e-05,1.5034900864586234
fineweb_edu,RLB+AdamW,2570,nan,4.853556117118055e-05,1.499159893579781
fineweb_edu,RLB+AdamW,2580,nan,4.779008337129862e-05,1.501089727319777
fineweb_edu,RLB+AdamW,2590,nan,4.705884753873448e-05,1.5027727007865905
fineweb_edu,RLB+AdamW,2600,nan,4.634194252464623e-05,1.501329684071243
fineweb_edu,RLB+AdamW,2610,nan,4.5639455438879834e-05,1.5013213766738773
fineweb_edu,RLB+AdamW,2620,nan,4.495147163938453e-05,1.5004678940400482
fineweb_edu,RLB+AdamW,2630,nan,4.4278074721841174e-05,1.5005347106605769
fineweb_edu,RLB+AdamW,2640,nan,4.361934650950481e-05,1.4992450516670943
fineweb_edu,RLB+AdamW,2650,nan,4.297536704326216e-05,1.5018670981749893
fineweb_edu,RLB+AdamW,2660,nan,4.234621457190635e-05,1.498710841871798
fineweb_edu,RLB+AdamW,2670,nan,4.173196554262883e-05,1.500387891381979
fineweb_edu,RLB+AdamW,2680,nan,4.113269459173043e-05,1.5016635831445455
fineweb_edu,RLB+AdamW,2690,nan,4.0548474535552446e-05,1.4970202997326851
fineweb_edu,RLB+AdamW,2700,nan,3.9979376361628946e-05,1.5009246218949557
fineweb_edu,RLB+AdamW,2710,nan,3.942546922006115e-05,1.50089340377599
fineweb_edu,RLB+AdamW,2720,nan,3.888682041511499e-05,1.4972252255305647
fineweb_edu,RLB+AdamW,2730,nan,3.836349539704333e-05,1.4979444563388824
fineweb_edu,RLB+AdamW,2740,nan,3.7855557754133057e-05,1.500925200432539
fineweb_edu,RLB+AdamW,2750,nan,3.7363069204978575e-05,1.4984860794618726
fineweb_edu,RLB+AdamW,2760,nan,3.688608959098262e-05,1.499554993212223
fineweb_edu,RLB+AdamW,2770,nan,3.6424676869084926e-05,1.4988377582281829
fineweb_edu,RLB+AdamW,2780,nan,3.597888710472001e-05,1.497164336591959
fineweb_edu,RLB+AdamW,2790,nan,3.554877446500471e-05,1.4983189225196838
fineweb_edu,RLB+AdamW,2800,nan,3.513439121215659e-05,1.499699509702623
fineweb_edu,RLB+AdamW,2810,nan,3.473578769714351e-05,1.502646079659462
fineweb_edu,RLB+AdamW,2820,nan,3.435301235356557e-05,1.5002900417894125
fineweb_edu,RLB+AdamW,2830,nan,3.3986111691770114e-05,1.503110340051353
fineweb_edu,RLB+AdamW,2840,nan,3.36351302932003e-05,1.5002669382840395
fineweb_edu,RLB+AdamW,2850,nan,3.330011080497806e-05,1.499758267775178
fineweb_edu,RLB+AdamW,2860,nan,3.298109393472216e-05,1.498530284129083
fineweb_edu,RLB+AdamW,2870,nan,3.267811844560191e-05,1.5023756405338644
fineweb_edu,RLB+AdamW,2880,nan,3.2391221151627036e-05,1.5014328150078655
fineweb_edu,RLB+AdamW,2890,nan,3.212043691317456e-05,1.5019770929589868
fineweb_edu,RLB+AdamW,2900,nan,3.1865798632752955e-05,1.4989185985177755
fineweb_edu,RLB+AdamW,2910,nan,3.1627337251004223e-05,1.497184818610549
fineweb_edu,RLB+AdamW,2920,nan,3.140508174294431e-05,1.5004546992480754
fineweb_edu,RLB+AdamW,2930,nan,3.119905911444245e-05,1.4970054412260652
fineweb_edu,RLB+AdamW,2940,nan,3.1009294398939736e-05,1.5010838087648153
fineweb_edu,RLB+AdamW,2950,nan,3.0835810654407316e-05,1.5018247310072184
fineweb_edu,RLB+AdamW,2960,nan,3.0678628960544684e-05,1.5022604560479522
fineweb_edu,RLB+AdamW,2970,nan,3.053776841621831e-05,1.5005161637440323
fineweb_edu,RLB+AdamW,2980,nan,3.0413246137140968e-05,1.4992545822635293
fineweb_edu,RLB+AdamW,2990,nan,3.030507725379207e-05,1.4986757585778832
fineweb_edu,RLB+AdamW,3000,nan,3.0213274909579147e-05,1.502340503409505
fineweb_edu,RLB+AdamW,3010,nan,3.0137850259240852e-05,1.4999031720682978
fineweb_edu,RLB+AdamW,3020,nan,3.0078812467491507e-05,1.4995585538446903
fineweb_edu,RLB+AdamW,3030,nan,3.0036168707907614e-05,1.5002997882664204
fineweb_edu,RLB+AdamW,3040,nan,3.0009924162056113e-05,1.4987336521968246
fineweb_edu,RLB+AdamW,3050,nan,3.0000082018864835e-05,1.5006463181227445
fineweb_edu,SiLU+Muon,1,10.984363555908203,1.4999999999999998e-06,1.565298780798912
fineweb_edu,SiLU+Muon,10,10.966718779669868,1.4999999999999999e-05,0.7528331471607089
fineweb_edu,SiLU+Muon,20,10.920928859710694,2.9999999999999997e-05,0.6593829037621617
fineweb_edu,SiLU+Muon,30,10.82792272567749,4.4999999999999996e-05,0.6575729267671704
fineweb_edu,SiLU+Muon,40,10.679424571990968,5.9999999999999995e-05,0.6561574772000313
fineweb_edu,SiLU+Muon,50,10.485986709594727,7.5e-05,0.6577590283006429
fineweb_edu,SiLU+Muon,60,10.26482858657837,8.999999999999999e-05,0.655235574953258
fineweb_edu,SiLU+Muon,70,10.033255672454834,0.00010499999999999999,0.6559087943285704
fineweb_edu,SiLU+Muon,80,9.799363231658935,0.00011999999999999999,0.6604054404422641
fineweb_edu,SiLU+Muon,90,9.595599269866943,0.00013499999999999997,0.6556364692747593
fineweb_edu,SiLU+Muon,100,9.41733922958374,0.00015,0.6567489420995116
fineweb_edu,SiLU+Muon,110,9.235175037384034,0.00016499999999999997,0.6571635119616985
fineweb_edu,SiLU+Muon,120,9.046685218811035,0.00017999999999999998,0.6641038907691836
fineweb_edu,SiLU+Muon,130,8.873533344268798,0.000195,0.661694242618978
fineweb_edu,SiLU+Muon,140,8.67640953063965,0.00020999999999999998,0.6589183062314987
fineweb_edu,SiLU+Muon,150,8.494598197937012,0.000225,0.6626997712999583
fineweb_edu,SiLU+Muon,160,8.309986782073974,0.00023999999999999998,0.6601997695863246
fineweb_edu,SiLU+Muon,170,8.165668869018555,0.00025499999999999996,0.6632354708388448
fineweb_edu,SiLU+Muon,180,7.9971260070800785,0.00026999999999999995,0.6626472262665629
fineweb_edu,SiLU+Muon,190,7.853128337860108,0.000285,0.6643316227942705
fineweb_edu,SiLU+Muon,200,7.74866418838501,0.0003,0.6610017888247967
fineweb_edu,SiLU+Muon,210,7.63031005859375,0.000299993356525765,0.6599486667662859
fineweb_edu,SiLU+Muon,220,7.527915668487549,0.0002999703922691041,0.6599782636389137
fineweb_edu,SiLU+Muon,230,7.388950490951538,0.0002999310280014982,0.6591536726802587
fineweb_edu,SiLU+Muon,240,7.329102230072022,0.00029987526850602916,0.6594739081338048
fineweb_edu,SiLU+Muon,250,7.241051816940308,0.00029980312055793344,0.6583989705890417
fineweb_edu,SiLU+Muon,260,7.152209234237671,0.00029971459292377916,0.6611048260703682
fineweb_edu,SiLU+Muon,270,7.0555188179016115,0.00029960969636040076,0.660125932469964
fineweb_edu,SiLU+Muon,280,6.991100597381592,0.00029948844361359214,0.6595625653862953
fineweb_edu,SiLU+Muon,290,6.911176061630249,0.0002993508494165576,0.657584959641099
fineweb_edu,SiLU+Muon,300,6.833588933944702,0.0002991969304881219,0.6588609337806701
fineweb_edu,SiLU+Muon,310,6.805497837066651,0.0002990267055306988,0.6632547447457909
fineweb_edu,SiLU+Muon,320,6.715366458892822,0.0002988401952280183,0.660763836465776
fineweb_edu,SiLU+Muon,330,6.656304979324341,0.00029863742224261374,0.6609959730878472
fineweb_edu,SiLU+Muon,340,6.575200796127319,0.0002984184112130679,0.6630638215690852
fineweb_edu,SiLU+Muon,350,6.529441404342651,0.00029818318875101914,0.6596972784027457
fineweb_edu,SiLU+Muon,360,6.473781299591065,0.00029793178343792817,0.6585237486287951
fineweb_edu,SiLU+Muon,370,6.419510078430176,0.00029766422582160485,0.6597824795171618
fineweb_edu,SiLU+Muon,380,6.375383996963501,0.0002973805484124966,0.6586769662797451
fineweb_edu,SiLU+Muon,390,6.311645364761352,0.0002970807856797379,0.6574928494170308
fineweb_edu,SiLU+Muon,400,6.263821363449097,0.0002967649740469624,0.6585277151316404
fineweb_edu,SiLU+Muon,410,6.2419391632080075,0.0002964331518878766,0.6586786894127726
fineweb_edu,SiLU+Muon,420,6.1654764175415036,0.0002960853595215975,0.6638417704030871
fineweb_edu,SiLU+Muon,430,6.101484251022339,0.0002957216392077535,0.6593655785545707
fineweb_edu,SiLU+Muon,440,6.061597919464111,0.00029534203514134934,0.6592123294249177
fineweb_edu,SiLU+Muon,450,6.063223791122437,0.0002949465934473961,0.6573058523237705
fineweb_edu,SiLU+Muon,460,6.0046374797821045,0.0002945353621753067,0.6612775441259146
fineweb_edu,SiLU+Muon,470,5.941608476638794,0.00029410839129305743,0.6609601557254792
fineweb_edu,SiLU+Muon,480,5.924495220184326,0.0002936657326811166,0.6597409183159471
fineweb_edu,SiLU+Muon,490,5.900977420806885,0.00029320744012614015,0.6641439687460661
fineweb_edu,SiLU+Muon,500,5.852678489685059,0.0002927335693144369,0.6594747308641672
fineweb_edu,SiLU+Muon,510,5.805183601379395,0.0002922441778252015,0.6595530776306987
fineweb_edu,SiLU+Muon,520,5.79827651977539,0.0002917393251235184,0.6575326664373279
fineweb_edu,SiLU+Muon,530,5.754247999191284,0.0002912190725531364,0.6573197154328227
fineweb_edu,SiLU+Muon,540,5.723149061203003,0.00029068348332901475,0.6629070853814483
fineweb_edu,SiLU+Muon,550,5.654398822784424,0.00029013262252964206,0.6599722122773528
fineweb_edu,SiLU+Muon,560,5.667364454269409,0.0002895665570891288,0.659874976426363
fineweb_edu,SiLU+Muon,570,5.649976682662964,0.00028898535578907405,0.6625456431880593
fineweb_edu,SiLU+Muon,580,5.62206997871399,0.0002883890892502082,0.6587833950296045
fineweb_edu,SiLU+Muon,590,5.585688304901123,0.00028777782992381193,0.6579805504530668
fineweb_edu,SiLU+Muon,600,5.580146980285645,0.0002871516520829126,0.6580653669312596
fineweb_edu,SiLU+Muon,610,5.5447169780731205,0.0002865106318132596,0.6620255805552006
fineweb_edu,SiLU+Muon,620,5.529211568832397,0.0002858548470040794,0.6594214240089059
fineweb_edu,SiLU+Muon,630,5.489848566055298,0.000285184377338611,0.658522998727858
fineweb_edu,SiLU+Muon,640,5.475279664993286,0.00028449930428442433,0.6640559647232294
fineweb_edu,SiLU+Muon,650,5.447565412521362,0.0002837997110835208,0.6608917573466897
fineweb_edu,SiLU+Muon,660,5.413259983062744,0.0002830856827422189,0.6605394836515188
fineweb_edu,SiLU+Muon,670,5.399664354324341,0.00028235730602082517,0.6582703042775393
fineweb_edu,SiLU+Muon,680,5.375904178619384,0.00028161466942309217,0.6603838201612234
fineweb_edu,SiLU+Muon,690,5.364162302017212,0.00028085786318546465,0.6573985289782286
fineweb_edu,SiLU+Muon,700,5.3471921443939205,0.0002800869792661148,0.6633591329678893
fineweb_edu,SiLU+Muon,710,5.334745979309082,0.00027930211133376875,0.6609418058767915
fineweb_edu,SiLU+Muon,720,5.310524225234985,0.0002785033547563251,0.6613049052655697
fineweb_edu,SiLU+Muon,730,5.286366510391235,0.00027769080658926693,0.657225332967937
fineweb_edu,SiLU+Muon,740,5.263595151901245,0.0002768645655638685,0.6571562686935067
fineweb_edu,SiLU+Muon,750,5.247667074203491,0.00027602473207519906,0.6607536938041448
fineweb_edu,SiLU+Muon,760,5.242533397674561,0.0002751714081699235,0.6611679717898369
fineweb_edu,SiLU+Muon,770,5.205233192443847,0.0002743046975339032,0.6602886920794845
fineweb_edu,SiLU+Muon,780,5.198586797714233,0.00027342470547959735,0.6604792015627027
fineweb_edu,SiLU+Muon,790,5.188207626342773,0.00027253153893326646,0.6617613200098276
fineweb_edu,SiLU+Muon,800,5.178452348709106,0.00027162530642197997,0.6601935446262359
fineweb_edu,SiLU+Muon,810,5.174618673324585,0.0002707061180604293,0.658910907059908
fineweb_edu,SiLU+Muon,820,5.149250555038452,0.0002697740855375481,0.6591955466195941
fineweb_edu,SiLU+Muon,830,5.139148759841919,0.0002688293221029412,0.6601147044450044
fineweb_edu,SiLU+Muon,840,5.1106408596038815,0.00026787194255312364,0.6614748552441597
fineweb_edu,SiLU+Muon,850,5.097002267837524,0.00026690206321757203,0.6590118134394288
fineweb_edu,SiLU+Muon,860,5.101044511795044,0.0002659198019445897,0.659634391963482
fineweb_edu,SiLU+Muon,870,5.048546504974365,0.0002649252780869868,0.658372649550438
fineweb_edu,SiLU+Muon,880,5.070965242385864,0.0002639186124875786,0.6615150287747383
fineweb_edu,SiLU+Muon,890,5.019325208663941,0.00026289992746450134,0.6599945077672601
fineweb_edu,SiLU+Muon,900,5.024323606491089,0.00026186934679635007,0.6615213735029102
fineweb_edu,SiLU+Muon,910,5.054812240600586,0.0002608269957071384,0.6612606482580304
fineweb_edu,SiLU+Muon,920,4.998860788345337,0.0002597730008510828,0.6600937547162176
fineweb_edu,SiLU+Muon,930,4.981518316268921,0.00025870749029721293,0.6588974103331566
fineweb_edu,SiLU+Muon,940,4.973076581954956,0.00025763059351381027,0.6614446301013231
fineweb_edu,SiLU+Muon,950,4.998269271850586,0.0002565424413526768,0.6614730669185519
fineweb_edu,SiLU+Muon,960,4.968596982955932,0.00025544316603323523,0.6661222262308002
fineweb_edu,SiLU+Muon,970,4.975899648666382,0.0002543329011264634,0.6619561925530434
fineweb_edu,SiLU+Muon,980,4.921136283874512,0.00025321178153866423,0.6591924084350467
fineweb_edu,SiLU+Muon,990,4.919497346878051,0.0002520799434950734,0.6598167402669788
fineweb_edu,SiLU+Muon,1000,4.906565618515015,0.0002509375245233072,0.6593532640486955
fineweb_edu,SiLU+Muon,1010,4.92686095237732,0.0002497846634366514,0.6581516347825527
fineweb_edu,SiLU+Muon,1020,4.910464668273926,0.0002486215003171946,0.6607542261481285
fineweb_edu,SiLU+Muon,1030,4.904128456115723,0.00024744817649880683,0.658434203080833
fineweb_edu,SiLU+Muon,1040,4.879851198196411,0.0002462648345499665,0.6589041342958808
fineweb_edu,SiLU+Muon,1050,4.876035165786743,0.0002450716182564374,0.6607391845434905
fineweb_edu,SiLU+Muon,1060,4.848973894119263,0.0002438686726037968,0.6603373706340789
fineweb_edu,SiLU+Muon,1070,4.859616136550903,0.0002426561437598195,0.6602467535063624
fineweb_edu,SiLU+Muon,1080,4.832568025588989,0.0002414341790567164,0.6583613485097886
fineweb_edu,SiLU+Muon,1090,4.8332806587219235,0.0002402029269732328,0.6590001672506333
fineweb_edu,SiLU+Muon,1100,4.823347806930542,0.00023896253711660717,0.6616743035614491
fineweb_edu,SiLU+Muon,1110,4.81503734588623,0.0002377131602043922,0.6629599498584866
fineweb_edu,SiLU+Muon,1120,4.781069707870484,0.0002364549480461418,0.6619463786482811
fineweb_edu,SiLU+Muon,1130,4.802174425125122,0.00023518805352496484,0.6616788737475872
fineweb_edu,SiLU+Muon,1140,4.800538539886475,0.00023391263057894837,0.6577676925808191
fineweb_edu,SiLU+Muon,1150,4.762780046463012,0.00023262883418245333,0.660178866237402
fineweb_edu,SiLU+Muon,1160,4.768438243865967,0.00023133682032728357,0.6586670525372028
fineweb_edu,SiLU+Muon,1170,4.746530771255493,0.0002300367460037315,0.6602697348222136
fineweb_edu,SiLU+Muon,1180,4.749608373641967,0.00022872876918150292,0.6619899125769735
fineweb_edu,SiLU+Muon,1190,4.752563095092773,0.00022741304879052182,0.6598623335361481
fineweb_edu,SiLU+Muon,1200,4.764234209060669,0.00022608974470161945,0.658778758905828
fineweb_edu,SiLU+Muon,1210,4.718239212036133,0.00022475901770710883,0.6608782904222608
fineweb_edu,SiLU+Muon,1220,4.732435989379883,0.00022342102950124673,0.6584409704431892
fineweb_edu,SiLU+Muon,1230,4.717068862915039,0.0002220759426605868,0.6598205622285604
fineweb_edu,SiLU+Muon,1240,4.71104621887207,0.0002207239206242251,0.6593975465744734
fineweb_edu,SiLU+Muon,1250,4.693981742858886,0.00021936512767394096,0.6614973030984401
fineweb_edu,SiLU+Muon,1260,4.679610013961792,0.0002179997289142353,0.6581387378275394
fineweb_edu,SiLU+Muon,1270,4.694638872146607,0.00021662789025226912,0.6624856719747185
fineweb_edu,SiLU+Muon,1280,4.6687603950500485,0.0002152497783777045,0.6620783960446716
fineweb_edu,SiLU+Muon,1290,4.664785146713257,0.00021386556074245026,0.662489834241569
fineweb_edu,SiLU+Muon,1300,4.661094284057617,0.00021247540554031533,0.6594725791364908
fineweb_edu,SiLU+Muon,1310,4.635545682907105,0.00021107948168657182,0.659549017995596
fineweb_edu,SiLU+Muon,1320,4.640860557556152,0.00020967795879743028,0.6594356140121818
fineweb_edu,SiLU+Muon,1330,4.660670375823974,0.00020827100716943014,0.6606041338294745
fineweb_edu,SiLU+Muon,1340,4.647068834304809,0.00020685879775874703,0.6589217411354185
fineweb_edu,SiLU+Muon,1350,4.618726301193237,0.0002054415021604205,0.6626269964501261
fineweb_edu,SiLU+Muon,1360,4.614935731887817,0.00020401929258750362,0.6639044327661395
fineweb_edu,SiLU+Muon,1370,4.628135728836059,0.00020259234185013772,0.6613287979736924
fineweb_edu,SiLU+Muon,1380,4.575628471374512,0.00020116082333455448,0.661122346483171
fineweb_edu,SiLU+Muon,1390,4.571661472320557,0.00019972491098200823,0.6598427763208747
fineweb_edu,SiLU+Muon,1400,4.579350328445434,0.00019828477926764048,0.6588355120271444
fineweb_edu,SiLU+Muon,1410,4.57460355758667,0.00019684060317927993,0.6613556114956737
fineweb_edu,SiLU+Muon,1420,4.570131731033325,0.00019539255819617994,0.6594653654843569
fineweb_edu,SiLU+Muon,1430,4.5538902759552,0.00019394082026769627,0.6602567287161947
fineweb_edu,SiLU+Muon,1440,4.539668893814087,0.0001924855657919079,0.6589405653998256
fineweb_edu,SiLU+Muon,1450,4.554879570007325,0.0001910269715941832,0.6608952097594738
fineweb_edu,SiLU+Muon,1460,4.519920730590821,0.00018956521490569417,0.6624381387606263
fineweb_edu,SiLU+Muon,1470,4.560434150695801,0.00018810047334188142,0.6593412477523088
fineweb_edu,SiLU+Muon,1480,4.527108430862427,0.00018663292488087238,0.65804581977427
fineweb_edu,SiLU+Muon,1490,4.539199161529541,0.00018516274784185555,0.6590875148773193
fineweb_edu,SiLU+Muon,1500,4.515912055969238,0.0001836901208634133,0.6591737722977996
fineweb_edu,SiLU+Muon,1510,4.528932857513428,0.00018221522288181568,0.6630317663773895
fineweb_edu,SiLU+Muon,1520,4.566768169403076,0.00018073823310927836,0.6621988700702787
fineweb_edu,SiLU+Muon,1530,4.538178825378418,0.00017925933101218665,0.6620649879798293
fineweb_edu,SiLU+Muon,1540,4.497330522537231,0.00017777869628928913,0.6576533783227205
fineweb_edu,SiLU+Muon,1550,4.490443229675293,0.0001762965088498626,0.6612280465662479
fineweb_edu,SiLU+Muon,1560,4.483106517791748,0.00017481294879185156,0.6581501996144652
fineweb_edu,SiLU+Muon,1570,4.493911075592041,0.00017332819637998513,0.6594916548579931
fineweb_edu,SiLU+Muon,1580,4.496638250350952,0.0001718424320238731,0.6613725177943707
fineweb_edu,SiLU+Muon,1590,4.486134433746338,0.00017035583625608485,0.6586343003436923
fineweb_edu,SiLU+Muon,1600,4.488384580612182,0.000168868589710213,0.6592128252610564
fineweb_edu,SiLU+Muon,1610,4.455792045593261,0.00016738087309892515,0.6600425060838461
fineweb_edu,SiLU+Muon,1620,4.469487285614013,0.00016589286719200568,0.6594070659950375
fineweb_edu,SiLU+Muon,1630,4.420083236694336,0.00016440475279439078,0.6599876852706075
fineweb_edu,SiLU+Muon,1640,4.452017736434937,0.00016291671072419912,0.658608716353774
fineweb_edu,SiLU+Muon,1650,4.462662410736084,0.00016142892179076102,0.6591635020449758
fineweb_edu,SiLU+Muon,1660,4.441341876983643,0.0001599415667726486,0.6608706392347813
fineweb_edu,SiLU+Muon,1670,4.477494430541992,0.0001584548263957097,0.6574511790648103
fineweb_edu,SiLU+Muon,1680,4.434446096420288,0.0001569688813111081,0.6597851205617189
fineweb_edu,SiLU+Muon,1690,4.413306379318238,0.00015548391207337333,0.6602358171716333
fineweb_edu,SiLU+Muon,1700,4.408852863311767,0.0001540000991184612,0.659708664380014
fineweb_edu,SiLU+Muon,1710,4.421192026138305,0.0001525176227418298,0.6595041792839765
fineweb_edu,SiLU+Muon,1720,4.404684829711914,0.00015103666307653203,0.6603725088760257
fineweb_edu,SiLU+Muon,1730,4.4211913585662845,0.0001495574000713278,0.6658135175704956
fineweb_edu,SiLU+Muon,1740,4.389917182922363,0.0001480800134688189,0.6642526429146528
fineweb_edu,SiLU+Muon,1750,4.429409503936768,0.0001466046827836089,0.6619849368929863
fineweb_edu,SiLU+Muon,1760,4.383663940429687,0.00014513158728049044,0.6596494615077972
fineweb_edu,SiLU+Muon,1770,4.41143307685852,0.00014366090595266314,0.6613493174314499
fineweb_edu,SiLU+Muon,1780,4.3862451076507565,0.00014219281749998456,0.6602620463818312
fineweb_edu,SiLU+Muon,1790,4.398018884658813,0.00014072750030725672,0.6614600863307715
fineweb_edu,SiLU+Muon,1800,4.384776449203491,0.00013926513242255067,0.6606465259566903
fineweb_edu,SiLU+Muon,1810,4.357528209686279,0.00013780589153557232,0.660806468129158
fineweb_edu,SiLU+Muon,1820,4.372847366333008,0.0001363499549560718,0.6629846883937717
fineweb_edu,SiLU+Muon,1830,4.391066789627075,0.0001348974995922986,0.6630053563043475
fineweb_edu,SiLU+Muon,1840,4.354764127731324,0.00013344870192950604,0.6657378589734435
fineweb_edu,SiLU+Muon,1850,4.3816187381744385,0.00013200373800850669,0.6616441724821925
fineweb_edu,SiLU+Muon,1860,4.332218360900879,0.00013056278340428193,0.6613992033526301
fineweb_edu,SiLU+Muon,1870,4.366643762588501,0.00012912601320464842,0.6579728327691555
fineweb_edu,SiLU+Muon,1880,4.3803657531738285,0.0001276936019889831,0.6617603505030274
fineweb_edu,SiLU+Muon,1890,4.386968278884888,0.00012626572380701058,0.6616700226441026
fineweb_edu,SiLU+Muon,1900,4.368470096588135,0.0001248425521576549,0.6591616878286004
fineweb_edu,SiLU+Muon,1910,4.344591045379639,0.00012342425996795747,0.6622190255671739
fineweb_edu,SiLU+Muon,1920,4.3292779445648195,0.00012201101957206532,0.6636951426044106
fineweb_edu,SiLU+Muon,1930,4.363846731185913,0.00012060300269029124,0.6594410745427013
fineweb_edu,SiLU+Muon,1940,4.308637380599976,0.00011920038040824796,0.6590693755075335
fineweb_edu,SiLU+Muon,1950,4.3003288269042965,0.00011780332315606016,0.6587037574499846
fineweb_edu,SiLU+Muon,1960,4.3084570407867435,0.00011641200068765563,0.6584448782727123
fineweb_edu,SiLU+Muon,1970,4.335447883605957,0.00011502658206013892,0.659234257042408
fineweb_edu,SiLU+Muon,1980,4.3453038215637205,0.00011364723561324927,0.6610790686681867
fineweb_edu,SiLU+Muon,1990,4.3254789352417,0.00011227412894890628,0.6595197279006243
fineweb_edu,SiLU+Muon,2000,4.281943416595459,0.00011090742891084471,0.6603796482086182
fineweb_edu,SiLU+Muon,2010,4.299643182754517,0.00010954730156434157,0.6612192718312144
fineweb_edu,SiLU+Muon,2020,4.302803230285645,0.00010819391217603787,0.6591945115476847
fineweb_edu,SiLU+Muon,2030,4.2837381839752195,0.00010684742519385737,0.6616326244547963
fineweb_edu,SiLU+Muon,2040,4.310067462921142,0.00010550800422702489,0.6606438864022494
fineweb_edu,SiLU+Muon,2050,4.3108409404754635,0.00010417581202618635,0.66027527526021
fineweb_edu,SiLU+Muon,2060,4.265853023529052,0.00010285101046363306,0.6607766639441252
fineweb_edu,SiLU+Muon,2070,4.293705844879151,0.00010153376051363338,0.6611106898635626
fineweb_edu,SiLU+Muon,2080,4.2980986595153805,0.00010022422223287245,0.6610350305214524
fineweb_edu,SiLU+Muon,2090,4.285757446289063,9.892255474100456e-05,0.6641043582931161
fineweb_edu,SiLU+Muon,2100,4.276033926010132,9.762891620131822e-05,0.6581898434087634
fineweb_edu,SiLU+Muon,2110,4.290017747879029,9.634346380151855e-05,0.6587029242888093
fineweb_edu,SiLU+Muon,2120,4.257271194458008,9.506635373462743e-05,0.6610194625332951
fineweb_edu,SiLU+Muon,2130,4.279470539093017,9.379774118000463e-05,0.6638930313289165
fineweb_edu,SiLU+Muon,2140,4.289179039001465,9.253778028449258e-05,0.6633855355903506
fineweb_edu,SiLU+Muon,2150,4.277232837677002,9.128662414368604e-05,0.6638846466317773
fineweb_edu,SiLU+Muon,2160,4.278250741958618,9.004442478332968e-05,0.6597998753190041
fineweb_edu,SiLU+Muon,2170,4.271888065338135,8.881133314084598e-05,0.66061104927212
fineweb_edu,SiLU+Muon,2180,4.255949544906616,8.758749904699466e-05,0.6603817697614431
fineweb_edu,SiLU+Muon,2190,4.276269197463989,8.637307120766755e-05,0.6587848221883178
fineweb_edu,SiLU+Muon,2200,4.262104940414429,8.516819718581906e-05,0.6619464272633195
fineweb_edu,SiLU+Muon,2210,4.244463348388672,8.397302338353651e-05,0.6612231222912669
fineweb_edu,SiLU+Muon,2220,4.249338150024414,8.278769502425084e-05,0.6602804968133569
fineweb_edu,SiLU+Muon,2230,4.2311138153076175,8.161235613509075e-05,0.6590694079175592
fineweb_edu,SiLU+Muon,2240,4.246651268005371,8.044714952938238e-05,0.6623155431821942
fineweb_edu,SiLU+Muon,2250,4.258306312561035,7.929221678929623e-05,0.6607611713930964
fineweb_edu,SiLU+Muon,2260,4.258725547790528,7.814769824864366e-05,0.6595452684909106
fineweb_edu,SiLU+Muon,2270,4.250575542449951,7.701373297582546e-05,0.657989781908691
fineweb_edu,SiLU+Muon,2280,4.23271598815918,7.589045875693352e-05,0.6624235128983855
fineweb_edu,SiLU+Muon,2290,4.25569715499878,7.477801207900909e-05,0.6606839030981064
fineweb_edu,SiLU+Muon,2300,4.239401197433471,7.367652811345809e-05,0.6630623735487461
fineweb_edu,SiLU+Muon,2310,4.240636730194092,7.258614069962701e-05,0.6594557488337159
fineweb_edu,SiLU+Muon,2320,4.224949836730957,7.15069823285402e-05,0.6586199032142759
fineweb_edu,SiLU+Muon,2330,4.242326831817627,7.043918412680096e-05,0.6584194006398321
fineweb_edu,SiLU+Muon,2340,4.195529651641846,6.938287584065885e-05,0.6601912090554833
fineweb_edu,SiLU+Muon,2350,4.216075420379639,6.833818582024439e-05,0.660977678000927
fineweb_edu,SiLU+Muon,2360,4.224979400634766,6.730524100397324e-05,0.6614001251757144
fineweb_edu,SiLU+Muon,2370,4.223228979110718,6.628416690312251e-05,0.6601654354482889
fineweb_edu,SiLU+Muon,2380,4.20330662727356,6.527508758657974e-05,0.6592931997030973
fineweb_edu,SiLU+Muon,2390,4.194998836517334,6.427812566576775e-05,0.6599194657057523
fineweb_edu,SiLU+Muon,2400,4.186038494110107,6.329340227974629e-05,0.659008052572608
fineweb_edu,SiLU+Muon,2410,4.215738916397095,6.232103708049272e-05,0.6598208079114556
fineweb_edu,SiLU+Muon,2420,4.211076116561889,6.136114821836304e-05,0.6593379091471434
fineweb_edu,SiLU+Muon,2430,4.200420236587524,6.0413852327735977e-05,0.6641338340938091
fineweb_edu,SiLU+Muon,2440,4.184956407546997,5.9479264512840794e-05,0.6620097637176514
fineweb_edu,SiLU+Muon,2450,4.198254108428955,5.855749833377125e-05,0.661023130454123
fineweb_edu,SiLU+Muon,2460,4.20950756072998,5.764866579268692e-05,0.6613462816923856
fineweb_edu,SiLU+Muon,2470,4.208427906036377,5.6752877320204306e-05,0.6593791980296373
fineweb_edu,SiLU+Muon,2480,4.187564897537231,5.5870241761978464e-05,0.6585828013718128
fineweb_edu,SiLU+Muon,2490,4.182214164733887,5.50008663654772e-05,0.6600859755650162
fineweb_edu,SiLU+Muon,2500,4.202945899963379,5.414485676694995e-05,0.6609868552535773
fineweb_edu,SiLU+Muon,2510,4.218342208862305,5.330231697859196e-05,0.6656454103067517
fineweb_edu,SiLU+Muon,2520,4.203649473190308,5.2473349375905794e-05,0.6659099206328392
fineweb_edu,SiLU+Muon,2530,4.203266572952271,5.1658054685262116e-05,0.659417318366468
fineweb_edu,SiLU+Muon,2540,4.208286237716675,5.085653197166052e-05,0.6596569575369358
fineweb_edu,SiLU+Muon,2550,4.187737512588501,5.006887862669219e-05,0.6619626760482789
fineweb_edu,SiLU+Muon,2560,4.153051805496216,4.9295190356706257e-05,0.6582395255565643
fineweb_edu,SiLU+Muon,2570,4.17318172454834,4.853556117118055e-05,0.6596362225711345
fineweb_edu,SiLU+Muon,2580,4.176038980484009,4.779008337129862e-05,0.6616175588220358
fineweb_edu,SiLU+Muon,2590,4.189799022674561,4.705884753873448e-05,0.6610219256952405
fineweb_edu,SiLU+Muon,2600,4.1602214813232425,4.634194252464623e-05,0.6602760953828692
fineweb_edu,SiLU+Muon,2610,4.167861366271973,4.5639455438879834e-05,0.6586067622527481
fineweb_edu,SiLU+Muon,2620,4.159465074539185,4.495147163938453e-05,0.6601284405216574
fineweb_edu,SiLU+Muon,2630,4.179258394241333,4.4278074721841174e-05,0.6602084770798683
fineweb_edu,SiLU+Muon,2640,4.180986070632935,4.361934650950481e-05,0.6582001019269228
fineweb_edu,SiLU+Muon,2650,4.152467393875122,4.297536704326216e-05,0.6577064702287316
fineweb_edu,SiLU+Muon,2660,4.171404314041138,4.234621457190635e-05,0.6609861800447107
fineweb_edu,SiLU+Muon,2670,4.191317987442017,4.173196554262883e-05,0.6631577212363482
fineweb_edu,SiLU+Muon,2680,4.157941198348999,4.113269459173043e-05,0.6603887494653463
fineweb_edu,SiLU+Muon,2690,4.154116249084472,4.0548474535552446e-05,0.6586236886680126
fineweb_edu,SiLU+Muon,2700,4.188479423522949,3.9979376361628946e-05,0.6580097120255232
fineweb_edu,SiLU+Muon,2710,4.1664636611938475,3.942546922006115e-05,0.6608451103791595
fineweb_edu,SiLU+Muon,2720,4.15971794128418,3.888682041511499e-05,0.6597430130466819
fineweb_edu,SiLU+Muon,2730,4.145190954208374,3.836349539704333e-05,0.6647823881357908
fineweb_edu,SiLU+Muon,2740,4.1657239437103275,3.7855557754133057e-05,0.6584013475105166
fineweb_edu,SiLU+Muon,2750,4.1813328742980955,3.7363069204978575e-05,0.6629216883331537
fineweb_edu,SiLU+Muon,2760,4.152074718475342,3.688608959098262e-05,0.6610708611086011
fineweb_edu,SiLU+Muon,2770,4.163137292861938,3.6424676869084926e-05,0.6620767623186111
fineweb_edu,SiLU+Muon,2780,4.165139436721802,3.597888710472001e-05,0.6603038689121604
fineweb_edu,SiLU+Muon,2790,4.137214136123657,3.554877446500471e-05,0.6622240697965026
fineweb_edu,SiLU+Muon,2800,4.159621953964233,3.513439121215659e-05,0.6602092521265149
fineweb_edu,SiLU+Muon,2810,4.160866022109985,3.473578769714351e-05,0.665681111253798
fineweb_edu,SiLU+Muon,2820,4.152036333084107,3.435301235356557e-05,0.6613291341811418
fineweb_edu,SiLU+Muon,2830,4.1525617122650145,3.3986111691770114e-05,0.6591738549992442
fineweb_edu,SiLU+Muon,2840,4.153548860549927,3.36351302932003e-05,0.663093988597393
fineweb_edu,SiLU+Muon,2850,4.162577390670776,3.330011080497806e-05,0.6597665010020137
fineweb_edu,SiLU+Muon,2860,4.124816274642944,3.298109393472216e-05,0.6595973916351795
fineweb_edu,SiLU+Muon,2870,4.161691474914551,3.267811844560191e-05,0.6595973886549473
fineweb_edu,SiLU+Muon,2880,4.1240818977355955,3.2391221151627036e-05,0.6609026541933417
fineweb_edu,SiLU+Muon,2890,4.119144010543823,3.212043691317456e-05,0.6613931493833661
fineweb_edu,SiLU+Muon,2900,4.149581432342529,3.1865798632752955e-05,0.6602292774245143
fineweb_edu,SiLU+Muon,2910,4.126125001907349,3.1627337251004223e-05,0.6616394065320492
fineweb_edu,SiLU+Muon,2920,4.138098049163818,3.140508174294431e-05,0.6626242209225893
fineweb_edu,SiLU+Muon,2930,4.154916763305664,3.119905911444245e-05,0.6621189566329122
fineweb_edu,SiLU+Muon,2940,4.155891227722168,3.1009294398939736e-05,0.6601356437429786
fineweb_edu,SiLU+Muon,2950,4.156365060806275,3.0835810654407316e-05,0.6597566297277808
fineweb_edu,SiLU+Muon,2960,4.13498706817627,3.0678628960544684e-05,0.6610414991155267
fineweb_edu,SiLU+Muon,2970,4.140451431274414,3.053776841621831e-05,0.6624222563579678
fineweb_edu,SiLU+Muon,2980,4.125383520126343,3.0413246137140968e-05,0.6616922942921519
fineweb_edu,SiLU+Muon,2990,4.1266398429870605,3.030507725379207e-05,0.660496668331325
fineweb_edu,SiLU+Muon,3000,4.126287412643433,3.0213274909579147e-05,0.6604376588016748
fineweb_edu,SiLU+Muon,3010,4.154873371124268,3.0137850259240852e-05,0.660849573276937
fineweb_edu,SiLU+Muon,3020,4.14715347290039,3.0078812467491507e-05,0.6600601220503449
fineweb_edu,SiLU+Muon,3030,4.146079397201538,3.0036168707907614e-05,0.6591085899621248
fineweb_edu,SiLU+Muon,3040,4.170074224472046,3.0009924162056113e-05,0.6596302734687924
fineweb_edu,SiLU+Muon,3050,4.142321395874023,3.0000082018864835e-05,0.6595839500427246
fineweb_edu,RLB+Muon,1,10.990972518920898,1.4999999999999998e-06,2.9163307044655085
fineweb_edu,RLB+Muon,10,10.974138365851509,1.4999999999999999e-05,1.673581240326166
fineweb_edu,RLB+Muon,20,10.915001964569091,2.9999999999999997e-05,1.5354886351153254
fineweb_edu,RLB+Muon,30,10.791362285614014,4.4999999999999996e-05,1.534283261373639
fineweb_edu,RLB+Muon,40,10.613639163970948,5.9999999999999995e-05,1.5332200046628714
fineweb_edu,RLB+Muon,50,10.393257808685302,7.5e-05,1.5342559115961194
fineweb_edu,RLB+Muon,60,10.139060878753662,8.999999999999999e-05,1.5365656599402429
fineweb_edu,RLB+Muon,70,9.878629779815673,0.00010499999999999999,1.5363507408648729
fineweb_edu,RLB+Muon,80,9.59073486328125,0.00011999999999999999,1.538193860836327
fineweb_edu,RLB+Muon,90,9.336232948303223,0.00013499999999999997,1.5369155760854483
fineweb_edu,RLB+Muon,100,9.097800827026367,0.00015,1.533651513978839
fineweb_edu,RLB+Muon,110,8.884601211547851,0.00016499999999999997,1.5348760403692723
fineweb_edu,RLB+Muon,120,8.692129325866699,0.00017999999999999998,1.5369176138192415
fineweb_edu,RLB+Muon,130,8.527385425567626,0.000195,1.5346721494570374
fineweb_edu,RLB+Muon,140,8.331599235534668,0.00020999999999999998,1.5364492686465383
fineweb_edu,RLB+Muon,150,8.185265636444091,0.000225,1.5378344748169184
fineweb_edu,RLB+Muon,160,8.03003125190735,0.00023999999999999998,1.5384017933160066
fineweb_edu,RLB+Muon,170,7.914809608459473,0.00025499999999999996,1.5366530736908317
fineweb_edu,RLB+Muon,180,7.778031969070435,0.00026999999999999995,1.5386982958763837
fineweb_edu,RLB+Muon,190,7.656163740158081,0.000285,1.5356886677443982
fineweb_edu,RLB+Muon,200,7.567350292205811,0.0003,1.5355133127421141
fineweb_edu,RLB+Muon,210,7.462939167022705,0.000299993356525765,1.5377933269366622
fineweb_edu,RLB+Muon,220,7.368007659912109,0.0002999703922691041,1.536275400966406
fineweb_edu,RLB+Muon,230,7.2419994354248045,0.0002999310280014982,1.531805570051074
fineweb_edu,RLB+Muon,240,7.187951850891113,0.00029987526850602916,1.535448512248695
fineweb_edu,RLB+Muon,250,7.110082721710205,0.00029980312055793344,1.536179782450199
fineweb_edu,RLB+Muon,260,7.027098941802978,0.00029971459292377916,1.5361457478255034
fineweb_edu,RLB+Muon,270,6.938001680374145,0.00029960969636040076,1.5360144510865212
fineweb_edu,RLB+Muon,280,6.878044319152832,0.00029948844361359214,1.5376801347360014
fineweb_edu,RLB+Muon,290,6.801861906051636,0.0002993508494165576,1.5361205760389567
fineweb_edu,RLB+Muon,300,6.730055904388427,0.0002991969304881219,1.534911030717194
fineweb_edu,RLB+Muon,310,6.702794885635376,0.0002990267055306988,1.5370496084913612
fineweb_edu,RLB+Muon,320,6.614693832397461,0.0002988401952280183,1.536559097468853
fineweb_edu,RLB+Muon,330,6.564039850234986,0.00029863742224261374,1.5353841435164213
fineweb_edu,RLB+Muon,340,6.483791303634644,0.0002984184112130679,1.5345036281272768
fineweb_edu,RLB+Muon,350,6.4406873226165775,0.00029818318875101914,1.5350213125348091
fineweb_edu,RLB+Muon,360,6.386324262619018,0.00029793178343792817,1.5355994092300533
fineweb_edu,RLB+Muon,370,6.338320541381836,0.00029766422582160485,1.5358192833140492
fineweb_edu,RLB+Muon,380,6.2965456485748295,0.0002973805484124966,1.5375170819461346
fineweb_edu,RLB+Muon,390,6.235900974273681,0.0002970807856797379,1.5365316824987532
fineweb_edu,RLB+Muon,400,6.191062879562378,0.0002967649740469624,1.5337053872644901
fineweb_edu,RLB+Muon,410,6.168112421035767,0.0002964331518878766,1.538448672555387
fineweb_edu,RLB+Muon,420,6.097880935668945,0.0002960853595215975,1.5362500078976153
fineweb_edu,RLB+Muon,430,6.033573770523072,0.0002957216392077535,1.5355864664539696
fineweb_edu,RLB+Muon,440,5.997797250747681,0.00029534203514134934,1.5367511313408613
fineweb_edu,RLB+Muon,450,5.9984828472137455,0.0002949465934473961,1.535964384675026
fineweb_edu,RLB+Muon,460,5.946195220947265,0.0002945353621753067,1.5339592225849628
fineweb_edu,RLB+Muon,470,5.887291955947876,0.00029410839129305743,1.5362915121018887
fineweb_edu,RLB+Muon,480,5.874013996124267,0.0002936657326811166,1.5368315583094954
fineweb_edu,RLB+Muon,490,5.849390459060669,0.00029320744012614015,1.5357417676597833
fineweb_edu,RLB+Muon,500,5.804947137832642,0.0002927335693144369,1.537049052119255
fineweb_edu,RLB+Muon,510,5.756947088241577,0.0002922441778252015,1.5352233530953527
fineweb_edu,RLB+Muon,520,5.756073713302612,0.0002917393251235184,1.5351241489872336
fineweb_edu,RLB+Muon,530,5.7125757217407225,0.0002912190725531364,1.5371208399534226
fineweb_edu,RLB+Muon,540,5.681086254119873,0.00029068348332901475,1.5344124654307962
fineweb_edu,RLB+Muon,550,5.619327545166016,0.00029013262252964206,1.5448943765833973
fineweb_edu,RLB+Muon,560,5.627852249145508,0.0002895665570891288,1.5370537471026182
fineweb_edu,RLB+Muon,570,5.613215112686158,0.00028898535578907405,1.5354549625888467
fineweb_edu,RLB+Muon,580,5.584940576553345,0.0002883890892502082,1.5353768790140747
fineweb_edu,RLB+Muon,590,5.54671277999878,0.00028777782992381193,1.5387197064235807
fineweb_edu,RLB+Muon,600,5.5461174011230465,0.0002871516520829126,1.5365508828312158
fineweb_edu,RLB+Muon,610,5.506928396224976,0.0002865106318132596,1.5353177562355995
fineweb_edu,RLB+Muon,620,5.494430780410767,0.0002858548470040794,1.5375318799167872
fineweb_edu,RLB+Muon,630,5.459617805480957,0.000285184377338611,1.5338224422186613
fineweb_edu,RLB+Muon,640,5.443685054779053,0.00028449930428442433,1.5362851306796075
fineweb_edu,RLB+Muon,650,5.414181232452393,0.0002837997110835208,1.533688717521727
fineweb_edu,RLB+Muon,660,5.384143686294555,0.0002830856827422189,1.5344456715509296
fineweb_edu,RLB+Muon,670,5.373884439468384,0.00028235730602082517,1.5377595506608486
fineweb_edu,RLB+Muon,680,5.350522804260254,0.00028161466942309217,1.5371482245624066
fineweb_edu,RLB+Muon,690,5.337788915634155,0.00028085786318546465,1.5366882409900426
fineweb_edu,RLB+Muon,700,5.321331644058228,0.0002800869792661148,1.5405378790572286
fineweb_edu,RLB+Muon,710,5.309698915481567,0.00027930211133376875,1.5347336322069167
fineweb_edu,RLB+Muon,720,5.291399717330933,0.0002785033547563251,1.5351356238126754
fineweb_edu,RLB+Muon,730,5.262783050537109,0.00027769080658926693,1.535318891890347
fineweb_edu,RLB+Muon,740,5.237467956542969,0.0002768645655638685,1.5373636599630118
fineweb_edu,RLB+Muon,750,5.226785516738891,0.00027602473207519906,1.5353544674813748
fineweb_edu,RLB+Muon,760,5.224972200393677,0.0002751714081699235,1.5366616409271956
fineweb_edu,RLB+Muon,770,5.186171388626098,0.0002743046975339032,1.5394166741520166
fineweb_edu,RLB+Muon,780,5.179245662689209,0.00027342470547959735,1.541223469376564
fineweb_edu,RLB+Muon,790,5.170562219619751,0.00027253153893326646,1.5393017288297415
fineweb_edu,RLB+Muon,800,5.164841175079346,0.00027162530642197997,1.5387920333072542
fineweb_edu,RLB+Muon,810,5.15863995552063,0.0002707061180604293,1.5338942036032677
fineweb_edu,RLB+Muon,820,5.136871767044068,0.0002697740855375481,1.5372418286278844
fineweb_edu,RLB+Muon,830,5.125001668930054,0.0002688293221029412,1.537830488011241
fineweb_edu,RLB+Muon,840,5.093620109558105,0.00026787194255312364,1.5364434463903307
fineweb_edu,RLB+Muon,850,5.085900688171387,0.00026690206321757203,1.5330299789085984
fineweb_edu,RLB+Muon,860,5.086102676391602,0.0002659198019445897,1.5366836082190276
fineweb_edu,RLB+Muon,870,5.038622331619263,0.0002649252780869868,1.5340479526668787
fineweb_edu,RLB+Muon,880,5.060891437530517,0.0002639186124875786,1.5362431084737183
fineweb_edu,RLB+Muon,890,5.007554435729981,0.00026289992746450134,1.5360692827031017
fineweb_edu,RLB+Muon,900,5.017521095275879,0.00026186934679635007,1.537879115343094
fineweb_edu,RLB+Muon,910,5.045641756057739,0.0002608269957071384,1.532883900590241
fineweb_edu,RLB+Muon,920,4.992662239074707,0.0002597730008510828,1.5368140554055572
fineweb_edu,RLB+Muon,930,4.974661827087402,0.00025870749029721293,1.5369237137958407
fineweb_edu,RLB+Muon,940,4.969001054763794,0.00025763059351381027,1.534551036171615
fineweb_edu,RLB+Muon,950,4.987977170944214,0.0002565424413526768,1.5349852871149778
fineweb_edu,RLB+Muon,960,4.965497207641602,0.00025544316603323523,1.5352710392326117
fineweb_edu,RLB+Muon,970,4.968601322174072,0.0002543329011264634,1.5385296825319528
fineweb_edu,RLB+Muon,980,4.919825220108033,0.00025321178153866423,1.5357272293418647
fineweb_edu,RLB+Muon,990,4.913765096664429,0.0002520799434950734,1.537068323418498
fineweb_edu,RLB+Muon,1000,4.900939989089966,0.0002509375245233072,1.5361360425129533
fineweb_edu,RLB+Muon,1010,4.921764850616455,0.0002497846634366514,1.5346031757071614
fineweb_edu,RLB+Muon,1020,4.907037162780762,0.0002486215003171946,1.53349266666919
fineweb_edu,RLB+Muon,1030,4.901445055007935,0.00024744817649880683,1.5346074666827918
fineweb_edu,RLB+Muon,1040,4.878523445129394,0.0002462648345499665,1.5379923615604638
fineweb_edu,RLB+Muon,1050,4.8763265132904055,0.0002450716182564374,1.536971652880311
fineweb_edu,RLB+Muon,1060,4.84967942237854,0.0002438686726037968,1.5363675078377128
fineweb_edu,RLB+Muon,1070,4.8593926429748535,0.0002426561437598195,1.5348268894478678
fineweb_edu,RLB+Muon,1080,4.831694555282593,0.0002414341790567164,1.5336235100403428
fineweb_edu,RLB+Muon,1090,4.833139085769654,0.0002402029269732328,1.5346429647877813
fineweb_edu,RLB+Muon,1100,4.820071744918823,0.00023896253711660717,1.5367213075980544
fineweb_edu,RLB+Muon,1110,4.816169023513794,0.0002377131602043922,1.5387123830616474
fineweb_edu,RLB+Muon,1120,4.782455539703369,0.0002364549480461418,1.5360174806788565
fineweb_edu,RLB+Muon,1130,4.8007348537445065,0.00023518805352496484,1.5385900855064392
fineweb_edu,RLB+Muon,1140,4.801385736465454,0.00023391263057894837,1.5353922959417106
fineweb_edu,RLB+Muon,1150,4.767237186431885,0.00023262883418245333,1.5334597678855062
fineweb_edu,RLB+Muon,1160,4.772808027267456,0.00023133682032728357,1.5332048958167435
fineweb_edu,RLB+Muon,1170,4.746598911285401,0.0002300367460037315,1.5348553795367479
fineweb_edu,RLB+Muon,1180,4.753059959411621,0.00022872876918150292,1.5379519816488028
fineweb_edu,RLB+Muon,1190,4.755362844467163,0.00022741304879052182,1.53645809404552
fineweb_edu,RLB+Muon,1200,4.7717663764953615,0.00022608974470161945,1.5337159465998411
fineweb_edu,RLB+Muon,1210,4.722675514221192,0.00022475901770710883,1.5337168166413904
fineweb_edu,RLB+Muon,1220,4.735699415206909,0.00022342102950124673,1.5396736642345785
fineweb_edu,RLB+Muon,1230,4.718228960037232,0.0002220759426605868,1.5364291921257973
fineweb_edu,RLB+Muon,1240,4.7132257461547855,0.0002207239206242251,1.5353237170726062
fineweb_edu,RLB+Muon,1250,4.695579290390015,0.00021936512767394096,1.539216100797057
fineweb_edu,RLB+Muon,1260,4.683552551269531,0.0002179997289142353,1.5361049810424448
fineweb_edu,RLB+Muon,1270,4.697341871261597,0.00021662789025226912,1.5366667278110981
fineweb_edu,RLB+Muon,1280,4.672580671310425,0.0002152497783777045,1.5354654291644692
fineweb_edu,RLB+Muon,1290,4.670076465606689,0.00021386556074245026,1.536062214896083
fineweb_edu,RLB+Muon,1300,4.670361137390136,0.00021247540554031533,1.5370478637516498
fineweb_edu,RLB+Muon,1310,4.640164375305176,0.00021107948168657182,1.5351434763520957
fineweb_edu,RLB+Muon,1320,4.65065598487854,0.00020967795879743028,1.5360503803938628
fineweb_edu,RLB+Muon,1330,4.667585134506226,0.00020827100716943014,1.5332546511664986
fineweb_edu,RLB+Muon,1340,4.6542213439941404,0.00020685879775874703,1.5379368843510748
fineweb_edu,RLB+Muon,1350,4.625046730041504,0.0002054415021604205,1.5360684882849456
fineweb_edu,RLB+Muon,1360,4.622031879425049,0.00020401929258750362,1.5342598488554358
fineweb_edu,RLB+Muon,1370,4.636472988128662,0.00020259234185013772,1.534440086223185
fineweb_edu,RLB+Muon,1380,4.585431623458862,0.00020116082333455448,1.5444436302408575
fineweb_edu,RLB+Muon,1390,4.581747198104859,0.00019972491098200823,1.5349200123921036
fineweb_edu,RLB+Muon,1400,4.590793228149414,0.00019828477926764048,1.5365315563976765
fineweb_edu,RLB+Muon,1410,4.582912302017212,0.00019684060317927993,1.5366011897101999
fineweb_edu,RLB+Muon,1420,4.579456996917725,0.00019539255819617994,1.533070958778262
fineweb_edu,RLB+Muon,1430,4.561530447006225,0.00019394082026769627,1.5330055067315698
fineweb_edu,RLB+Muon,1440,4.551639413833618,0.0001924855657919079,1.5351608159020542
fineweb_edu,RLB+Muon,1450,4.564756155014038,0.0001910269715941832,1.533835182711482
fineweb_edu,RLB+Muon,1460,4.527481412887573,0.00018956521490569417,1.5376622753217817
fineweb_edu,RLB+Muon,1470,4.572228002548218,0.00018810047334188142,1.536140082962811
fineweb_edu,RLB+Muon,1480,4.53650393486023,0.00018663292488087238,1.535290066897869
fineweb_edu,RLB+Muon,1490,4.549519348144531,0.00018516274784185555,1.5335066992789508
fineweb_edu,RLB+Muon,1500,4.525049114227295,0.0001836901208634133,1.5382725717499852
fineweb_edu,RLB+Muon,1510,4.541666030883789,0.00018221522288181568,1.5361924543976784
fineweb_edu,RLB+Muon,1520,4.576806545257568,0.00018073823310927836,1.5348227556794882
fineweb_edu,RLB+Muon,1530,4.5516273975372314,0.00017925933101218665,1.5354999093338848
fineweb_edu,RLB+Muon,1540,4.5085231304168705,0.00017777869628928913,1.5366929380223155
fineweb_edu,RLB+Muon,1550,4.506503534317017,0.0001762965088498626,1.5350642882287502
fineweb_edu,RLB+Muon,1560,4.493876647949219,0.00017481294879185156,1.5379643186926841
fineweb_edu,RLB+Muon,1570,4.501820182800293,0.00017332819637998513,1.5378189148381352
fineweb_edu,RLB+Muon,1580,4.5098145484924315,0.0001718424320238731,1.5367686230689288
fineweb_edu,RLB+Muon,1590,4.499467897415161,0.00017035583625608485,1.5349102254956961
fineweb_edu,RLB+Muon,1600,4.499907732009888,0.000168868589710213,1.5347082488238812
fineweb_edu,RLB+Muon,1610,4.467993831634521,0.00016738087309892515,1.535550583153963
fineweb_edu,RLB+Muon,1620,4.481688213348389,0.00016589286719200568,1.5316335003823043
fineweb_edu,RLB+Muon,1630,4.43370361328125,0.00016440475279439078,1.533300238288939
fineweb_edu,RLB+Muon,1640,4.461943483352661,0.00016291671072419912,1.534009929187596
fineweb_edu,RLB+Muon,1650,4.472161769866943,0.00016142892179076102,1.5355181915685534
fineweb_edu,RLB+Muon,1660,4.454479312896728,0.0001599415667726486,1.535197277739644
fineweb_edu,RLB+Muon,1670,4.490317106246948,0.0001584548263957097,1.536576054058969
fineweb_edu,RLB+Muon,1680,4.446432590484619,0.0001569688813111081,1.5356145028024912
fineweb_edu,RLB+Muon,1690,4.426460409164429,0.00015548391207337333,1.533508962765336
fineweb_edu,RLB+Muon,1700,4.419052982330323,0.0001540000991184612,1.534301333874464
fineweb_edu,RLB+Muon,1710,4.433545112609863,0.0001525176227418298,1.533279624208808
fineweb_edu,RLB+Muon,1720,4.419470024108887,0.00015103666307653203,1.5328986892476677
fineweb_edu,RLB+Muon,1730,4.433185768127442,0.0001495574000713278,1.536836652085185
fineweb_edu,RLB+Muon,1740,4.404170131683349,0.0001480800134688189,1.5365151109173893
fineweb_edu,RLB+Muon,1750,4.4394670009613035,0.0001466046827836089,1.5360412161797286
fineweb_edu,RLB+Muon,1760,4.400055074691773,0.00014513158728049044,1.5372331751510502
fineweb_edu,RLB+Muon,1770,4.426811742782593,0.00014366090595266314,1.533050525188446
fineweb_edu,RLB+Muon,1780,4.39876971244812,0.00014219281749998456,1.5358674058690667
fineweb_edu,RLB+Muon,1790,4.413761377334595,0.00014072750030725672,1.5351803058758378
fineweb_edu,RLB+Muon,1800,4.397079658508301,0.00013926513242255067,1.53481827955693
fineweb_edu,RLB+Muon,1810,4.373967695236206,0.00013780589153557232,1.5367233961820603
fineweb_edu,RLB+Muon,1820,4.387440252304077,0.0001363499549560718,1.5377191867679358
fineweb_edu,RLB+Muon,1830,4.403331470489502,0.0001348974995922986,1.539643058180809
fineweb_edu,RLB+Muon,1840,4.36482458114624,0.00013344870192950604,1.5357681160792709
fineweb_edu,RLB+Muon,1850,4.396461391448975,0.00013200373800850669,1.5344568826258183
fineweb_edu,RLB+Muon,1860,4.3476738929748535,0.00013056278340428193,1.5405005102977156
fineweb_edu,RLB+Muon,1870,4.383045721054077,0.00012912601320464842,1.5353830667212605
fineweb_edu,RLB+Muon,1880,4.392637729644775,0.0001276936019889831,1.5384218873456121
fineweb_edu,RLB+Muon,1890,4.401957273483276,0.00012626572380701058,1.5363332718610763
fineweb_edu,RLB+Muon,1900,4.3801233768463135,0.0001248425521576549,1.5354238275438548
fineweb_edu,RLB+Muon,1910,4.358515977859497,0.00012342425996795747,1.531812552921474
fineweb_edu,RLB+Muon,1920,4.344505405426025,0.00012201101957206532,1.5346683172509075
fineweb_edu,RLB+Muon,1930,4.378074073791504,0.00012060300269029124,1.5362021455541253
fineweb_edu,RLB+Muon,1940,4.324614667892456,0.00011920038040824796,1.535994128882885
fineweb_edu,RLB+Muon,1950,4.3134454727172855,0.00011780332315606016,1.536726661399007
fineweb_edu,RLB+Muon,1960,4.3245936870574955,0.00011641200068765563,1.5326460352167488
fineweb_edu,RLB+Muon,1970,4.34745225906372,0.00011502658206013892,1.5366953855380416
fineweb_edu,RLB+Muon,1980,4.361682987213134,0.00011364723561324927,1.5356361070647835
fineweb_edu,RLB+Muon,1990,4.3373383522033695,0.00011227412894890628,1.5376364564523102
fineweb_edu,RLB+Muon,2000,4.297572326660156,0.00011090742891084471,1.535889812745154
fineweb_edu,RLB+Muon,2010,4.312987995147705,0.00010954730156434157,1.534383461251855
fineweb_edu,RLB+Muon,2020,4.315595626831055,0.00010819391217603787,1.5396973008289934
fineweb_edu,RLB+Muon,2030,4.2994016170501705,0.00010684742519385737,1.5359302783384918
fineweb_edu,RLB+Muon,2040,4.323776721954346,0.00010550800422702489,1.5350485045462847
fineweb_edu,RLB+Muon,2050,4.322024869918823,0.00010417581202618635,1.5380773972719908
fineweb_edu,RLB+Muon,2060,4.282214117050171,0.00010285101046363306,1.5381086360663176
fineweb_edu,RLB+Muon,2070,4.3084875583648685,0.00010153376051363338,1.5355472095310687
fineweb_edu,RLB+Muon,2080,4.31382737159729,0.00010022422223287245,1.535540947318077
fineweb_edu,RLB+Muon,2090,4.302513504028321,9.892255474100456e-05,1.5380516596138478
fineweb_edu,RLB+Muon,2100,4.289486980438232,9.762891620131822e-05,1.5351319747045635
fineweb_edu,RLB+Muon,2110,4.304532241821289,9.634346380151855e-05,1.5363627443090082
fineweb_edu,RLB+Muon,2120,4.269097518920899,9.506635373462743e-05,1.5367692502215504
fineweb_edu,RLB+Muon,2130,4.293857192993164,9.379774118000463e-05,1.5385473059490322
fineweb_edu,RLB+Muon,2140,4.300737905502319,9.253778028449258e-05,1.5355596616864204
fineweb_edu,RLB+Muon,2150,4.292665100097656,9.128662414368604e-05,1.5384998597204684
fineweb_edu,RLB+Muon,2160,4.2937969207763675,9.004442478332968e-05,1.5374868411570788
fineweb_edu,RLB+Muon,2170,4.285595464706421,8.881133314084598e-05,1.5336806131526828
fineweb_edu,RLB+Muon,2180,4.271563386917114,8.758749904699466e-05,1.5354129053652286
fineweb_edu,RLB+Muon,2190,4.294430589675903,8.637307120766755e-05,1.5362944521009922
fineweb_edu,RLB+Muon,2200,4.277604246139527,8.516819718581906e-05,1.5335513899102806
fineweb_edu,RLB+Muon,2210,4.259563636779785,8.397302338353651e-05,1.5369940374046565
fineweb_edu,RLB+Muon,2220,4.262440490722656,8.278769502425084e-05,1.5415036531165243
fineweb_edu,RLB+Muon,2230,4.244153356552124,8.161235613509075e-05,1.5340219344943762
fineweb_edu,RLB+Muon,2240,4.2602721691131595,8.044714952938238e-05,1.5359730342403055
fineweb_edu,RLB+Muon,2250,4.270389175415039,7.929221678929623e-05,1.5394787594676018
fineweb_edu,RLB+Muon,2260,4.271946907043457,7.814769824864366e-05,1.533597531169653
fineweb_edu,RLB+Muon,2270,4.261938619613647,7.701373297582546e-05,1.537995780259371
fineweb_edu,RLB+Muon,2280,4.243649864196778,7.589045875693352e-05,1.5397322146221994
fineweb_edu,RLB+Muon,2290,4.270179414749146,7.477801207900909e-05,1.53610465452075
fineweb_edu,RLB+Muon,2300,4.2525841236114506,7.367652811345809e-05,1.5351921336725354
fineweb_edu,RLB+Muon,2310,4.254722261428833,7.258614069962701e-05,1.5377899358049034
fineweb_edu,RLB+Muon,2320,4.235970163345337,7.15069823285402e-05,1.5340169252827764
fineweb_edu,RLB+Muon,2330,4.254779291152954,7.043918412680096e-05,1.5375670854002237
fineweb_edu,RLB+Muon,2340,4.209625244140625,6.938287584065885e-05,1.5365755351260304
fineweb_edu,RLB+Muon,2350,4.229212999343872,6.833818582024439e-05,1.5370458660647273
fineweb_edu,RLB+Muon,2360,4.238836717605591,6.730524100397324e-05,1.5341210402548313
fineweb_edu,RLB+Muon,2370,4.238443374633789,6.628416690312251e-05,1.5356209138408303
fineweb_edu,RLB+Muon,2380,4.219804382324218,6.527508758657974e-05,1.535589675232768
fineweb_edu,RLB+Muon,2390,4.20710768699646,6.427812566576775e-05,1.5360023180022835
fineweb_edu,RLB+Muon,2400,4.200227975845337,6.329340227974629e-05,1.536460928991437
fineweb_edu,RLB+Muon,2410,4.229627323150635,6.232103708049272e-05,1.5382215384393931
fineweb_edu,RLB+Muon,2420,4.225528001785278,6.136114821836304e-05,1.537414369545877
fineweb_edu,RLB+Muon,2430,4.2149864673614506,6.0413852327735977e-05,1.5380103079602123
fineweb_edu,RLB+Muon,2440,4.199487495422363,5.9479264512840794e-05,1.5371675830334426
fineweb_edu,RLB+Muon,2450,4.20956015586853,5.855749833377125e-05,1.5356234973296523
fineweb_edu,RLB+Muon,2460,4.22443118095398,5.764866579268692e-05,1.5350575322285294
fineweb_edu,RLB+Muon,2470,4.221899127960205,5.6752877320204306e-05,1.5361015373840927
fineweb_edu,RLB+Muon,2480,4.200011396408081,5.5870241761978464e-05,1.533918360993266
fineweb_edu,RLB+Muon,2490,4.195271348953247,5.50008663654772e-05,1.5331867188215256
fineweb_edu,RLB+Muon,2500,4.2146992683410645,5.414485676694995e-05,1.5365592285990715
fineweb_edu,RLB+Muon,2510,4.230893468856811,5.330231697859196e-05,1.535553077980876
fineweb_edu,RLB+Muon,2520,4.2166337966918945,5.2473349375905794e-05,1.5377897428348661
fineweb_edu,RLB+Muon,2530,4.215089607238769,5.1658054685262116e-05,1.5356354899704456
fineweb_edu,RLB+Muon,2540,4.224076414108277,5.085653197166052e-05,1.536627040244639
fineweb_edu,RLB+Muon,2550,4.199735021591186,5.006887862669219e-05,1.53974624350667
fineweb_edu,RLB+Muon,2560,4.165201473236084,4.9295190356706257e-05,1.5369759013876318
fineweb_edu,RLB+Muon,2570,4.189984655380249,4.853556117118055e-05,1.5366881933063268
fineweb_edu,RLB+Muon,2580,4.190275812149048,4.779008337129862e-05,1.5389720125123858
fineweb_edu,RLB+Muon,2590,4.20297646522522,4.705884753873448e-05,1.5373111464083196
fineweb_edu,RLB+Muon,2600,4.171147394180298,4.634194252464623e-05,1.5347677007317544
fineweb_edu,RLB+Muon,2610,4.182289266586304,4.5639455438879834e-05,1.5339250981807708
fineweb_edu,RLB+Muon,2620,4.171014451980591,4.495147163938453e-05,1.5385323397815227
fineweb_edu,RLB+Muon,2630,4.19289813041687,4.4278074721841174e-05,1.5369984088465571
fineweb_edu,RLB+Muon,2640,4.189841604232788,4.361934650950481e-05,1.5373959006741642
fineweb_edu,RLB+Muon,2650,4.165304708480835,4.297536704326216e-05,1.535310353524983
fineweb_edu,RLB+Muon,2660,4.180512094497681,4.234621457190635e-05,1.5342151856049895
fineweb_edu,RLB+Muon,2670,4.201538133621216,4.173196554262883e-05,1.535592914186418
fineweb_edu,RLB+Muon,2680,4.170164299011231,4.113269459173043e-05,1.5343162642791868
fineweb_edu,RLB+Muon,2690,4.167136764526367,4.0548474535552446e-05,1.5404756171628833
fineweb_edu,RLB+Muon,2700,4.200551176071167,3.9979376361628946e-05,1.5387826969847083
fineweb_edu,RLB+Muon,2710,4.17826476097107,3.942546922006115e-05,1.535468263924122
fineweb_edu,RLB+Muon,2720,4.169945240020752,3.888682041511499e-05,1.5369620075449348
fineweb_edu,RLB+Muon,2730,4.158259439468384,3.836349539704333e-05,1.5370274098590015
fineweb_edu,RLB+Muon,2740,4.178062677383423,3.7855557754133057e-05,1.535620567202568
fineweb_edu,RLB+Muon,2750,4.193222093582153,3.7363069204978575e-05,1.5374407917261124
fineweb_edu,RLB+Muon,2760,4.164696979522705,3.688608959098262e-05,1.534769083186984
fineweb_edu,RLB+Muon,2770,4.1764250755310055,3.6424676869084926e-05,1.5368299195542932
fineweb_edu,RLB+Muon,2780,4.179174280166626,3.597888710472001e-05,1.5335036266595126
fineweb_edu,RLB+Muon,2790,4.14812593460083,3.554877446500471e-05,1.5351443968713283
fineweb_edu,RLB+Muon,2800,4.1721068859100345,3.513439121215659e-05,1.536509009078145
fineweb_edu,RLB+Muon,2810,4.169282150268555,3.473578769714351e-05,1.5346284721046686
fineweb_edu,RLB+Muon,2820,4.164580774307251,3.435301235356557e-05,1.5370026579126717
fineweb_edu,RLB+Muon,2830,4.165151453018188,3.3986111691770114e-05,1.5355537842959166
fineweb_edu,RLB+Muon,2840,4.165059185028076,3.36351302932003e-05,1.5354566041380167
fineweb_edu,RLB+Muon,2850,4.174264574050904,3.330011080497806e-05,1.5384897096082568
fineweb_edu,RLB+Muon,2860,4.137584447860718,3.298109393472216e-05,1.5367131045088172
fineweb_edu,RLB+Muon,2870,4.172261190414429,3.267811844560191e-05,1.5363987440243363
fineweb_edu,RLB+Muon,2880,4.135408544540406,3.2391221151627036e-05,1.5349004112184048
fineweb_edu,RLB+Muon,2890,4.131111526489258,3.212043691317456e-05,1.5393777271732687
fineweb_edu,RLB+Muon,2900,4.161001539230346,3.1865798632752955e-05,1.5369078474119306
fineweb_edu,RLB+Muon,2910,4.136796379089356,3.1627337251004223e-05,1.5328888026997447
fineweb_edu,RLB+Muon,2920,4.146900653839111,3.140508174294431e-05,1.5359173577278853
fineweb_edu,RLB+Muon,2930,4.169935894012451,3.119905911444245e-05,1.536322276107967
fineweb_edu,RLB+Muon,2940,4.168272876739502,3.1009294398939736e-05,1.534347082860768
fineweb_edu,RLB+Muon,2950,4.164416980743408,3.0835810654407316e-05,1.5357137199491262
fineweb_edu,RLB+Muon,2960,4.146863985061645,3.0678628960544684e-05,1.5338102599605918
fineweb_edu,RLB+Muon,2970,4.1501054763793945,3.053776841621831e-05,1.534222294576466
fineweb_edu,RLB+Muon,2980,4.135644388198853,3.0413246137140968e-05,1.5348315527662635
fineweb_edu,RLB+Muon,2990,4.137450313568115,3.030507725379207e-05,1.5384378453716636
fineweb_edu,RLB+Muon,3000,4.137610197067261,3.0213274909579147e-05,1.536288752965629
fineweb_edu,RLB+Muon,3010,4.165856790542603,3.0137850259240852e-05,1.5417802629992365
fineweb_edu,RLB+Muon,3020,4.158333683013916,3.0078812467491507e-05,1.5391163185238839
fineweb_edu,RLB+Muon,3030,4.159105825424194,3.0036168707907614e-05,1.5389566872268916
fineweb_edu,RLB+Muon,3040,4.180553150177002,3.0009924162056113e-05,1.5373210715129972
fineweb_edu,RLB+Muon,3050,4.154964828491211,3.0000082018864835e-05,1.540782387368381
fineweb_edu,RLB+MatrixPolicy (group-stat),1,10.990972518920898,1.4999999999999998e-06,2.8820915147662163
fineweb_edu,RLB+MatrixPolicy (group-stat),10,10.407478226555718,1.4999999999999999e-05,1.7016731271520258
fineweb_edu,RLB+MatrixPolicy (group-stat),20,9.628747844696045,2.9999999999999997e-05,1.5816595943644642
fineweb_edu,RLB+MatrixPolicy (group-stat),30,9.361478424072265,4.4999999999999996e-05,1.566851332038641
fineweb_edu,RLB+MatrixPolicy (group-stat),40,8.983282470703125,5.9999999999999995e-05,1.5808563314378261
fineweb_edu,RLB+MatrixPolicy (group-stat),50,8.518214225769043,7.5e-05,1.5674497704952954
fineweb_edu,RLB+MatrixPolicy (group-stat),60,8.030885267257691,8.999999999999999e-05,1.5724627150222659
fineweb_edu,RLB+MatrixPolicy (group-stat),70,7.648125457763672,0.00010499999999999999,1.590961350686848
fineweb_edu,RLB+MatrixPolicy (group-stat),80,7.414009666442871,0.00011999999999999999,1.574866821616888
fineweb_edu,RLB+MatrixPolicy (group-stat),90,7.289161205291748,0.00013499999999999997,1.5886951800435782
fineweb_edu,RLB+MatrixPolicy (group-stat),100,7.155163908004761,0.00015,1.57568593416363
fineweb_edu,RLB+MatrixPolicy (group-stat),110,7.035000419616699,0.00016499999999999997,1.5868408093228936
fineweb_edu,RLB+MatrixPolicy (group-stat),120,6.922326993942261,0.00017999999999999998,1.575033251196146
fineweb_edu,RLB+MatrixPolicy (group-stat),130,6.818967628479004,0.000195,1.5841941878199577
fineweb_edu,RLB+MatrixPolicy (group-stat),140,6.686304187774658,0.00020999999999999998,1.5716506484895945
fineweb_edu,RLB+MatrixPolicy (group-stat),150,6.616343927383423,0.000225,1.586192476376891
fineweb_edu,RLB+MatrixPolicy (group-stat),160,6.526496362686157,0.00023999999999999998,1.5857103500515222
fineweb_edu,RLB+MatrixPolicy (group-stat),170,6.455161476135254,0.00025499999999999996,1.5742824541404843
fineweb_edu,RLB+MatrixPolicy (group-stat),180,6.380547142028808,0.00026999999999999995,1.5905856674537062
fineweb_edu,RLB+MatrixPolicy (group-stat),190,6.299678373336792,0.000285,1.5731764981523155
fineweb_edu,RLB+MatrixPolicy (group-stat),200,6.262498950958252,0.0003,1.5901734735816717
fineweb_edu,RLB+MatrixPolicy (group-stat),210,6.196713924407959,0.000299993356525765,1.5703223148360848
fineweb_edu,RLB+MatrixPolicy (group-stat),220,6.139696502685547,0.0002999703922691041,1.5866381807252765
fineweb_edu,RLB+MatrixPolicy (group-stat),230,6.054550695419311,0.0002999310280014982,1.5712894903495909
fineweb_edu,RLB+MatrixPolicy (group-stat),240,6.021611309051513,0.00029987526850602916,1.5852944115176797
fineweb_edu,RLB+MatrixPolicy (group-stat),250,5.974671745300293,0.00029980312055793344,1.5715331234037877
fineweb_edu,RLB+MatrixPolicy (group-stat),260,5.911628341674804,0.00029971459292377916,1.574119796231389
fineweb_edu,RLB+MatrixPolicy (group-stat),270,5.864104747772217,0.00029960969636040076,1.587974819354713
fineweb_edu,RLB+MatrixPolicy (group-stat),280,5.82878999710083,0.00029948844361359214,1.5753566324710846
fineweb_edu,RLB+MatrixPolicy (group-stat),290,5.783807706832886,0.0002993508494165576,1.58706818446517
fineweb_edu,RLB+MatrixPolicy (group-stat),300,5.733429622650147,0.0002991969304881219,1.574867949075997
fineweb_edu,RLB+MatrixPolicy (group-stat),310,5.729299783706665,0.0002990267055306988,1.5878414250910282
fineweb_edu,RLB+MatrixPolicy (group-stat),320,5.669542598724365,0.0002988401952280183,1.5729019002988935
fineweb_edu,RLB+MatrixPolicy (group-stat),330,5.648626232147217,0.00029863742224261374,1.585459420643747
fineweb_edu,RLB+MatrixPolicy (group-stat),340,5.595894432067871,0.0002984184112130679,1.5691911960020661
fineweb_edu,RLB+MatrixPolicy (group-stat),350,5.574947118759155,0.00029818318875101914,1.5864848721772433
fineweb_edu,RLB+MatrixPolicy (group-stat),360,5.554909086227417,0.00029793178343792817,1.5936670714989305
fineweb_edu,RLB+MatrixPolicy (group-stat),370,5.52865743637085,0.00029766422582160485,1.577631840109825
fineweb_edu,RLB+MatrixPolicy (group-stat),380,5.504069042205811,0.0002973805484124966,1.5929738685488701
fineweb_edu,RLB+MatrixPolicy (group-stat),390,5.472080850601197,0.0002970807856797379,1.5734680846333504
fineweb_edu,RLB+MatrixPolicy (group-stat),400,5.44466552734375,0.0002967649740469624,1.5898826465010643
fineweb_edu,RLB+MatrixPolicy (group-stat),410,5.447477722167969,0.0002964331518878766,1.5716498406603931
fineweb_edu,RLB+MatrixPolicy (group-stat),420,5.396339035034179,0.0002960853595215975,1.5870589807629585
fineweb_edu,RLB+MatrixPolicy (group-stat),430,5.359371900558472,0.0002957216392077535,1.5705690244212747
fineweb_edu,RLB+MatrixPolicy (group-stat),440,5.335561847686767,0.00029534203514134934,1.5888733711093663
fineweb_edu,RLB+MatrixPolicy (group-stat),450,5.35204849243164,0.0002949465934473961,1.5698177181184292
fineweb_edu,RLB+MatrixPolicy (group-stat),460,5.314667558670044,0.0002945353621753067,1.5813684893772006
fineweb_edu,RLB+MatrixPolicy (group-stat),470,5.274341011047364,0.00029410839129305743,1.590269036218524
fineweb_edu,RLB+MatrixPolicy (group-stat),480,5.270244121551514,0.0002936657326811166,1.5737853219732643
fineweb_edu,RLB+MatrixPolicy (group-stat),490,5.255093097686768,0.00029320744012614015,1.5886469377204775
fineweb_edu,RLB+MatrixPolicy (group-stat),500,5.223187494277954,0.0002927335693144369,1.5778214579448104
fineweb_edu,RLB+MatrixPolicy (group-stat),510,5.196647644042969,0.0002922441778252015,1.586301527544856
fineweb_edu,RLB+MatrixPolicy (group-stat),520,5.203364849090576,0.0002917393251235184,1.5714112069457769
fineweb_edu,RLB+MatrixPolicy (group-stat),530,5.173408126831054,0.0002912190725531364,1.58728629630059
fineweb_edu,RLB+MatrixPolicy (group-stat),540,5.154020166397094,0.00029068348332901475,1.5713653307408095
fineweb_edu,RLB+MatrixPolicy (group-stat),550,5.105164194107056,0.00029013262252964206,1.5876828946173192
fineweb_edu,RLB+MatrixPolicy (group-stat),560,5.120116710662842,0.0002895665570891288,1.5929779835045337
fineweb_edu,RLB+MatrixPolicy (group-stat),570,5.119003391265869,0.00028898535578907405,1.5746940091252326
fineweb_edu,RLB+MatrixPolicy (group-stat),580,5.087089157104492,0.0002883890892502082,1.5884706556797028
fineweb_edu,RLB+MatrixPolicy (group-stat),590,5.068850708007813,0.00028777782992381193,1.5732536030933262
fineweb_edu,RLB+MatrixPolicy (group-stat),600,5.073142433166504,0.0002871516520829126,1.586819389089942
fineweb_edu,RLB+MatrixPolicy (group-stat),610,5.051532411575318,0.0002865106318132596,1.5696694761514665
fineweb_edu,RLB+MatrixPolicy (group-stat),620,5.038385343551636,0.0002858548470040794,1.5921002391725778
fineweb_edu,RLB+MatrixPolicy (group-stat),630,5.0097418308258055,0.000285184377338611,1.5717890422791243
fineweb_edu,RLB+MatrixPolicy (group-stat),640,5.002955293655395,0.00028449930428442433,1.5866573631763459
fineweb_edu,RLB+MatrixPolicy (group-stat),650,4.984272241592407,0.0002837997110835208,1.5731161944568157
fineweb_edu,RLB+MatrixPolicy (group-stat),660,4.962413120269775,0.0002830856827422189,1.5715813528746367
fineweb_edu,RLB+MatrixPolicy (group-stat),670,4.956203126907349,0.00028235730602082517,1.5875899674370886
fineweb_edu,RLB+MatrixPolicy (group-stat),680,4.94138011932373,0.00028161466942309217,1.5780057733878494
fineweb_edu,RLB+MatrixPolicy (group-stat),690,4.933042812347412,0.00028085786318546465,1.5924891497939826
fineweb_edu,RLB+MatrixPolicy (group-stat),700,4.924544715881348,0.0002800869792661148,1.574900717101991
fineweb_edu,RLB+MatrixPolicy (group-stat),710,4.923898077011108,0.00027930211133376875,1.5916102202609181
fineweb_edu,RLB+MatrixPolicy (group-stat),720,4.905562257766723,0.0002785033547563251,1.5701739272102713
fineweb_edu,RLB+MatrixPolicy (group-stat),730,4.892873382568359,0.00027769080658926693,1.5875794481486083
fineweb_edu,RLB+MatrixPolicy (group-stat),740,4.87285361289978,0.0002768645655638685,1.5743989078328013
fineweb_edu,RLB+MatrixPolicy (group-stat),750,4.8607750415802,0.00027602473207519906,1.5882855478674174
fineweb_edu,RLB+MatrixPolicy (group-stat),760,4.869748449325561,0.0002751714081699235,1.5878795351833106
fineweb_edu,RLB+MatrixPolicy (group-stat),770,4.840209245681763,0.0002743046975339032,1.578909182921052
fineweb_edu,RLB+MatrixPolicy (group-stat),780,4.832993841171264,0.00027342470547959735,1.5885441387072206
fineweb_edu,RLB+MatrixPolicy (group-stat),790,4.8361255645751955,0.00027253153893326646,1.5739643044769764
fineweb_edu,RLB+MatrixPolicy (group-stat),800,4.838155364990234,0.00027162530642197997,1.5945522557944058
fineweb_edu,RLB+MatrixPolicy (group-stat),810,4.83300085067749,0.0002707061180604293,1.5773248398676514
fineweb_edu,RLB+MatrixPolicy (group-stat),820,4.822493362426758,0.0002697740855375481,1.5898164069280027
fineweb_edu,RLB+MatrixPolicy (group-stat),830,4.814423513412476,0.0002688293221029412,1.573533097282052
fineweb_edu,RLB+MatrixPolicy (group-stat),840,4.789707851409912,0.00026787194255312364,1.5895911516621708
fineweb_edu,RLB+MatrixPolicy (group-stat),850,4.782784032821655,0.00026690206321757203,1.569833890721202
fineweb_edu,RLB+MatrixPolicy (group-stat),860,4.78548493385315,0.0002659198019445897,1.5746463220566511
fineweb_edu,RLB+MatrixPolicy (group-stat),870,4.749228143692017,0.0002649252780869868,1.588962990604341
fineweb_edu,RLB+MatrixPolicy (group-stat),880,4.773181056976318,0.0002639186124875786,1.5696586679667235
fineweb_edu,RLB+MatrixPolicy (group-stat),890,4.72729115486145,0.00026289992746450134,1.588151552155614
fineweb_edu,RLB+MatrixPolicy (group-stat),900,4.735879755020141,0.00026186934679635007,1.579824772104621
fineweb_edu,RLB+MatrixPolicy (group-stat),910,4.774437999725341,0.0002608269957071384,1.5870555717498065
fineweb_edu,RLB+MatrixPolicy (group-stat),920,4.72210202217102,0.0002597730008510828,1.5709262315183878
fineweb_edu,RLB+MatrixPolicy (group-stat),930,4.711219072341919,0.00025870749029721293,1.5851340115070343
fineweb_edu,RLB+MatrixPolicy (group-stat),940,4.707081365585327,0.00025763059351381027,1.5745263423770666
fineweb_edu,RLB+MatrixPolicy (group-stat),950,4.727716255187988,0.0002565424413526768,1.5923088299110533
fineweb_edu,RLB+MatrixPolicy (group-stat),960,4.697902250289917,0.00025544316603323523,1.588196192868054
fineweb_edu,RLB+MatrixPolicy (group-stat),970,4.714824533462524,0.0002543329011264634,1.574990813061595
fineweb_edu,RLB+MatrixPolicy (group-stat),980,4.665590715408325,0.00025321178153866423,1.5923580903559924
fineweb_edu,RLB+MatrixPolicy (group-stat),990,4.66814432144165,0.0002520799434950734,1.5676371863111853
fineweb_edu,RLB+MatrixPolicy (group-stat),1000,4.659082317352295,0.0002509375245233072,1.5936745677143336
fineweb_edu,RLB+MatrixPolicy (group-stat),1010,4.6781923294067385,0.0002497846634366514,1.5732967821881174
fineweb_edu,RLB+MatrixPolicy (group-stat),1020,4.66337833404541,0.0002486215003171946,1.586016645655036
fineweb_edu,RLB+MatrixPolicy (group-stat),1030,4.6652503490448,0.00024744817649880683,1.573859940096736
fineweb_edu,RLB+MatrixPolicy (group-stat),1040,4.647697591781617,0.0002462648345499665,1.5872899523004889
fineweb_edu,RLB+MatrixPolicy (group-stat),1050,4.640563726425171,0.0002450716182564374,1.569795970991254
fineweb_edu,RLB+MatrixPolicy (group-stat),1060,4.6179157257080075,0.0002438686726037968,1.5778989028185606
fineweb_edu,RLB+MatrixPolicy (group-stat),1070,4.6207537174224855,0.0002426561437598195,1.590114451572299
fineweb_edu,RLB+MatrixPolicy (group-stat),1080,4.601977109909058,0.0002414341790567164,1.5752946654334665
fineweb_edu,RLB+MatrixPolicy (group-stat),1090,4.599661064147949,0.0002402029269732328,1.5877032548189163
fineweb_edu,RLB+MatrixPolicy (group-stat),1100,4.592768144607544,0.00023896253711660717,1.569631113111973
fineweb_edu,RLB+MatrixPolicy (group-stat),1110,4.5837970733642575,0.0002377131602043922,1.5856800915673375
fineweb_edu,RLB+MatrixPolicy (group-stat),1120,4.550467205047608,0.0002364549480461418,1.5761172311380505
fineweb_edu,RLB+MatrixPolicy (group-stat),1130,4.576405954360962,0.00023518805352496484,1.5884796870872377
fineweb_edu,RLB+MatrixPolicy (group-stat),1140,4.5795817375183105,0.00023391263057894837,1.57353332079947
fineweb_edu,RLB+MatrixPolicy (group-stat),1150,4.540322160720825,0.00023262883418245333,1.5876432353630663
fineweb_edu,RLB+MatrixPolicy (group-stat),1160,4.5534509181976315,0.00023133682032728357,1.5871836978942155
fineweb_edu,RLB+MatrixPolicy (group-stat),1170,4.5255022048950195,0.0002300367460037315,1.5748559089377523
fineweb_edu,RLB+MatrixPolicy (group-stat),1180,4.520279407501221,0.00022872876918150292,1.5995668414980173
fineweb_edu,RLB+MatrixPolicy (group-stat),1190,4.531051206588745,0.00022741304879052182,1.575390662997961
fineweb_edu,RLB+MatrixPolicy (group-stat),1200,4.543622064590454,0.00022608974470161945,1.5893990593031049
fineweb_edu,RLB+MatrixPolicy (group-stat),1210,4.499411916732788,0.00022475901770710883,1.5739682165905833
fineweb_edu,RLB+MatrixPolicy (group-stat),1220,4.517199754714966,0.00022342102950124673,1.5843370102345944
fineweb_edu,RLB+MatrixPolicy (group-stat),1230,4.491712427139282,0.0002220759426605868,1.568279279395938
fineweb_edu,RLB+MatrixPolicy (group-stat),1240,4.4961878776550295,0.0002207239206242251,1.5893568709492683
fineweb_edu,RLB+MatrixPolicy (group-stat),1250,4.47916841506958,0.00021936512767394096,1.574590727686882
fineweb_edu,RLB+MatrixPolicy (group-stat),1260,4.466553401947022,0.0002179997289142353,1.5754514321684838
fineweb_edu,RLB+MatrixPolicy (group-stat),1270,4.474085855484009,0.00021662789025226912,1.591056983731687
fineweb_edu,RLB+MatrixPolicy (group-stat),1280,4.450031566619873,0.0002152497783777045,1.5760857028886677
fineweb_edu,RLB+MatrixPolicy (group-stat),1290,4.450327014923095,0.00021386556074245026,1.5850056033581494
fineweb_edu,RLB+MatrixPolicy (group-stat),1300,4.445004844665528,0.00021247540554031533,1.5768160227686168
fineweb_edu,RLB+MatrixPolicy (group-stat),1310,4.418984270095825,0.00021107948168657182,1.5900527276098728
fineweb_edu,RLB+MatrixPolicy (group-stat),1320,4.433182430267334,0.00020967795879743028,1.5743197029456497
fineweb_edu,RLB+MatrixPolicy (group-stat),1330,4.448912525177002,0.00020827100716943014,1.5879838047549129
fineweb_edu,RLB+MatrixPolicy (group-stat),1340,4.436785459518433,0.00020685879775874703,1.5728922018781304
fineweb_edu,RLB+MatrixPolicy (group-stat),1350,4.41201491355896,0.0002054415021604205,1.5861899459734559
fineweb_edu,RLB+MatrixPolicy (group-stat),1360,4.407527112960816,0.00020401929258750362,1.587592395208776
fineweb_edu,RLB+MatrixPolicy (group-stat),1370,4.414827966690064,0.00020259234185013772,1.5743246220052243
fineweb_edu,RLB+MatrixPolicy (group-stat),1380,4.370146226882935,0.00020116082333455448,1.5878819961100816
fineweb_edu,RLB+MatrixPolicy (group-stat),1390,4.371546983718872,0.00019972491098200823,1.5731510488316416
fineweb_edu,RLB+MatrixPolicy (group-stat),1400,4.37624340057373,0.00019828477926764048,1.587432692013681
fineweb_edu,RLB+MatrixPolicy (group-stat),1410,4.372112894058228,0.00019684060317927993,1.5734177546575665
fineweb_edu,RLB+MatrixPolicy (group-stat),1420,4.367936801910401,0.00019539255819617994,1.5880124343559145
fineweb_edu,RLB+MatrixPolicy (group-stat),1430,4.35559492111206,0.00019394082026769627,1.5730405464768409
fineweb_edu,RLB+MatrixPolicy (group-stat),1440,4.340897798538208,0.0001924855657919079,1.589888608828187
fineweb_edu,RLB+MatrixPolicy (group-stat),1450,4.356764268875122,0.0001910269715941832,1.5733199162408709
fineweb_edu,RLB+MatrixPolicy (group-stat),1460,4.3267944812774655,0.00018956521490569417,1.5741554236039519
fineweb_edu,RLB+MatrixPolicy (group-stat),1470,4.362504339218139,0.00018810047334188142,1.5903900146484375
fineweb_edu,RLB+MatrixPolicy (group-stat),1480,4.3252442359924315,0.00018663292488087238,1.5741641353815794
fineweb_edu,RLB+MatrixPolicy (group-stat),1490,4.337688255310058,0.00018516274784185555,1.588855388201773
fineweb_edu,RLB+MatrixPolicy (group-stat),1500,4.321744775772094,0.0001836901208634133,1.576202634908259
fineweb_edu,RLB+MatrixPolicy (group-stat),1510,4.332573461532593,0.00018221522288181568,1.5883571971207857
fineweb_edu,RLB+MatrixPolicy (group-stat),1520,4.365053653717041,0.00018073823310927836,1.5723135214298964
fineweb_edu,RLB+MatrixPolicy (group-stat),1530,4.335843229293824,0.00017925933101218665,1.5887624070048332
fineweb_edu,RLB+MatrixPolicy (group-stat),1540,4.2990241050720215,0.00017777869628928913,1.5694369604811071
fineweb_edu,RLB+MatrixPolicy (group-stat),1550,4.2960224628448485,0.0001762965088498626,1.5865842498838902
fineweb_edu,RLB+MatrixPolicy (group-stat),1560,4.291891860961914,0.00017481294879185156,1.5908211534842849
fineweb_edu,RLB+MatrixPolicy (group-stat),1570,4.292898416519165,0.00017332819637998513,1.5747455570846796
fineweb_edu,RLB+MatrixPolicy (group-stat),1580,4.303890180587769,0.0001718424320238731,1.5881702212616802
fineweb_edu,RLB+MatrixPolicy (group-stat),1590,4.291086673736572,0.00017035583625608485,1.576060038805008
fineweb_edu,RLB+MatrixPolicy (group-stat),1600,4.295025777816773,0.000168868589710213,1.5886825650930405
fineweb_edu,RLB+MatrixPolicy (group-stat),1610,4.266367769241333,0.00016738087309892515,1.5687967400997878
fineweb_edu,RLB+MatrixPolicy (group-stat),1620,4.283195829391479,0.00016589286719200568,1.5864679416641594
fineweb_edu,RLB+MatrixPolicy (group-stat),1630,4.239917373657226,0.00016440475279439078,1.5727151490747928
fineweb_edu,RLB+MatrixPolicy (group-stat),1640,4.262278985977173,0.00016291671072419912,1.5866202019155025
fineweb_edu,RLB+MatrixPolicy (group-stat),1650,4.27001051902771,0.00016142892179076102,1.571083664894104
fineweb_edu,RLB+MatrixPolicy (group-stat),1660,4.248592185974121,0.0001599415667726486,1.5732007279992104
fineweb_edu,RLB+MatrixPolicy (group-stat),1670,4.286236047744751,0.0001584548263957097,1.5852671682834625
fineweb_edu,RLB+MatrixPolicy (group-stat),1680,4.250741195678711,0.0001569688813111081,1.5783872762694955
fineweb_edu,RLB+MatrixPolicy (group-stat),1690,4.230632352828979,0.00015548391207337333,1.5918397599831224
fineweb_edu,RLB+MatrixPolicy (group-stat),1700,4.227153682708741,0.0001540000991184612,1.572276727668941
fineweb_edu,RLB+MatrixPolicy (group-stat),1710,4.2351460456848145,0.0001525176227418298,1.5873661160469055
fineweb_edu,RLB+MatrixPolicy (group-stat),1720,4.220607757568359,0.00015103666307653203,1.5716975964605808
fineweb_edu,RLB+MatrixPolicy (group-stat),1730,4.240333414077758,0.0001495574000713278,1.584815869294107
fineweb_edu,RLB+MatrixPolicy (group-stat),1740,4.213863325119019,0.0001480800134688189,1.5734841480851174
fineweb_edu,RLB+MatrixPolicy (group-stat),1750,4.239572477340698,0.0001466046827836089,1.5892520178109408
fineweb_edu,RLB+MatrixPolicy (group-stat),1760,4.205032253265381,0.00014513158728049044,1.5904809202998877
fineweb_edu,RLB+MatrixPolicy (group-stat),1770,4.228038263320923,0.00014366090595266314,1.5749957049265504
fineweb_edu,RLB+MatrixPolicy (group-stat),1780,4.205472373962403,0.00014219281749998456,1.5887171048671007
fineweb_edu,RLB+MatrixPolicy (group-stat),1790,4.219492101669312,0.00014072750030725672,1.571826179139316
fineweb_edu,RLB+MatrixPolicy (group-stat),1800,4.20271782875061,0.00013926513242255067,1.5883262978866697
fineweb_edu,RLB+MatrixPolicy (group-stat),1810,4.185348892211914,0.00013780589153557232,1.573212713561952
fineweb_edu,RLB+MatrixPolicy (group-stat),1820,4.194959115982056,0.0001363499549560718,1.588489154726267
fineweb_edu,RLB+MatrixPolicy (group-stat),1830,4.210270786285401,0.0001348974995922986,1.5738781105726958
fineweb_edu,RLB+MatrixPolicy (group-stat),1840,4.175141525268555,0.00013344870192950604,1.5848760856315494
fineweb_edu,RLB+MatrixPolicy (group-stat),1850,4.201552391052246,0.00013200373800850669,1.5701466977596283
fineweb_edu,RLB+MatrixPolicy (group-stat),1860,4.157090425491333,0.00013056278340428193,1.570818251557648
fineweb_edu,RLB+MatrixPolicy (group-stat),1870,4.188247871398926,0.00012912601320464842,1.5868504237383605
fineweb_edu,RLB+MatrixPolicy (group-stat),1880,4.196635103225708,0.0001276936019889831,1.5735998187214135
fineweb_edu,RLB+MatrixPolicy (group-stat),1890,4.207692241668701,0.00012626572380701058,1.6010994443669915
fineweb_edu,RLB+MatrixPolicy (group-stat),1900,4.193504905700683,0.0001248425521576549,1.5755734516307711
fineweb_edu,RLB+MatrixPolicy (group-stat),1910,4.1704185962677,0.00012342425996795747,1.5858232513070107
fineweb_edu,RLB+MatrixPolicy (group-stat),1920,4.15665373802185,0.00012201101957206532,1.574763529933989
fineweb_edu,RLB+MatrixPolicy (group-stat),1930,4.183770275115966,0.00012060300269029124,1.5874617928639054
fineweb_edu,RLB+MatrixPolicy (group-stat),1940,4.142097759246826,0.00011920038040824796,1.5715804260224104
fineweb_edu,RLB+MatrixPolicy (group-stat),1950,4.130776119232178,0.00011780332315606016,1.5893761396408081
fineweb_edu,RLB+MatrixPolicy (group-stat),1960,4.13822832107544,0.00011641200068765563,1.5882117228582502
fineweb_edu,RLB+MatrixPolicy (group-stat),1970,4.159696578979492,0.00011502658206013892,1.5717432375997304
fineweb_edu,RLB+MatrixPolicy (group-stat),1980,4.173055171966553,0.00011364723561324927,1.5880953479558229
fineweb_edu,RLB+MatrixPolicy (group-stat),1990,4.155553197860717,0.00011227412894890628,1.574450758472085
fineweb_edu,RLB+MatrixPolicy (group-stat),2000,4.110563516616821,0.00011090742891084471,1.584644454345107
fineweb_edu,RLB+MatrixPolicy (group-stat),2010,4.13255295753479,0.00010954730156434157,1.57259960770607
fineweb_edu,RLB+MatrixPolicy (group-stat),2020,4.131160879135132,0.00010819391217603787,1.5874974515289069
fineweb_edu,RLB+MatrixPolicy (group-stat),2030,4.113701391220093,0.00010684742519385737,1.570030635036528
fineweb_edu,RLB+MatrixPolicy (group-stat),2040,4.13818039894104,0.00010550800422702489,1.5860330943018197
fineweb_edu,RLB+MatrixPolicy (group-stat),2050,4.135347461700439,0.00010417581202618635,1.5700125319883227
fineweb_edu,RLB+MatrixPolicy (group-stat),2060,4.097805118560791,0.00010285101046363306,1.5735647214576602
fineweb_edu,RLB+MatrixPolicy (group-stat),2070,4.121408557891845,0.00010153376051363338,1.591700728982687
fineweb_edu,RLB+MatrixPolicy (group-stat),2080,4.129888343811035,0.00010022422223287245,1.5732614267617464
fineweb_edu,RLB+MatrixPolicy (group-stat),2090,4.112256288528442,9.892255474100456e-05,1.5870659409090877
fineweb_edu,RLB+MatrixPolicy (group-stat),2100,4.1080334186553955,9.762891620131822e-05,1.573833685554564
fineweb_edu,RLB+MatrixPolicy (group-stat),2110,4.118903398513794,9.634346380151855e-05,1.5851510539650917
fineweb_edu,RLB+MatrixPolicy (group-stat),2120,4.083117866516114,9.506635373462743e-05,1.575726616382599
fineweb_edu,RLB+MatrixPolicy (group-stat),2130,4.110748434066773,9.379774118000463e-05,1.589909573085606
fineweb_edu,RLB+MatrixPolicy (group-stat),2140,4.1163458824157715,9.253778028449258e-05,1.5751342464238405
fineweb_edu,RLB+MatrixPolicy (group-stat),2150,4.109898853302002,9.128662414368604e-05,1.5913705583661795
fineweb_edu,RLB+MatrixPolicy (group-stat),2160,4.1093028545379635,9.004442478332968e-05,1.5946544036269188
fineweb_edu,RLB+MatrixPolicy (group-stat),2170,4.099487733840943,8.881133314084598e-05,1.5776791162788868
fineweb_edu,RLB+MatrixPolicy (group-stat),2180,4.089295244216919,8.758749904699466e-05,1.5969002475962042
fineweb_edu,RLB+MatrixPolicy (group-stat),2190,4.1033600807189945,8.637307120766755e-05,1.5779101423919202
fineweb_edu,RLB+MatrixPolicy (group-stat),2200,4.094347381591797,8.516819718581906e-05,1.5954486152157188
fineweb_edu,RLB+MatrixPolicy (group-stat),2210,4.080053520202637,8.397302338353651e-05,1.5753842011094092
fineweb_edu,RLB+MatrixPolicy (group-stat),2220,4.07494888305664,8.278769502425084e-05,1.5882513672113419
fineweb_edu,RLB+MatrixPolicy (group-stat),2230,4.062342786788941,8.161235613509075e-05,1.571779214218259
fineweb_edu,RLB+MatrixPolicy (group-stat),2240,4.07355694770813,8.044714952938238e-05,1.5903696028515697
fineweb_edu,RLB+MatrixPolicy (group-stat),2250,4.084838390350342,7.929221678929623e-05,1.5882533460855484
fineweb_edu,RLB+MatrixPolicy (group-stat),2260,4.090595531463623,7.814769824864366e-05,1.5791110271587967
fineweb_edu,RLB+MatrixPolicy (group-stat),2270,4.074297571182251,7.701373297582546e-05,1.5888802692294122
fineweb_edu,RLB+MatrixPolicy (group-stat),2280,4.062959289550781,7.589045875693352e-05,1.572012224048376
fineweb_edu,RLB+MatrixPolicy (group-stat),2290,4.087571239471435,7.477801207900909e-05,1.5869496362283826
fineweb_edu,RLB+MatrixPolicy (group-stat),2300,4.069303727149963,7.367652811345809e-05,1.5737905263900758
fineweb_edu,RLB+MatrixPolicy (group-stat),2310,4.069774556159973,7.258614069962701e-05,1.5860003987327218
fineweb_edu,RLB+MatrixPolicy (group-stat),2320,4.052187037467957,7.15069823285402e-05,1.5731574146077036
fineweb_edu,RLB+MatrixPolicy (group-stat),2330,4.0726114273071286,7.043918412680096e-05,1.5879574486985804
fineweb_edu,RLB+MatrixPolicy (group-stat),2340,4.02423927783966,6.938287584065885e-05,1.5708204926922917
fineweb_edu,RLB+MatrixPolicy (group-stat),2350,4.048166990280151,6.833818582024439e-05,1.584686828777194
fineweb_edu,RLB+MatrixPolicy (group-stat),2360,4.059557914733887,6.730524100397324e-05,1.5933449059724807
fineweb_edu,RLB+MatrixPolicy (group-stat),2370,4.0523662090301515,6.628416690312251e-05,1.5749011643230915
fineweb_edu,RLB+MatrixPolicy (group-stat),2380,4.03405909538269,6.527508758657974e-05,1.5883357226848602
fineweb_edu,RLB+MatrixPolicy (group-stat),2390,4.023745059967041,6.427812566576775e-05,1.5798896163702012
fineweb_edu,RLB+MatrixPolicy (group-stat),2400,4.020132422447205,6.329340227974629e-05,1.5882417792454362
fineweb_edu,RLB+MatrixPolicy (group-stat),2410,4.044280052185059,6.232103708049272e-05,1.571960580162704
fineweb_edu,RLB+MatrixPolicy (group-stat),2420,4.037230920791626,6.136114821836304e-05,1.588457952439785
fineweb_edu,RLB+MatrixPolicy (group-stat),2430,4.028532671928406,6.0413852327735977e-05,1.5737546510994433
fineweb_edu,RLB+MatrixPolicy (group-stat),2440,4.013016200065612,5.9479264512840794e-05,1.585207524895668
fineweb_edu,RLB+MatrixPolicy (group-stat),2450,4.026215839385986,5.855749833377125e-05,1.5742593450471758
fineweb_edu,RLB+MatrixPolicy (group-stat),2460,4.0358731508255,5.764866579268692e-05,1.5710703037679195
fineweb_edu,RLB+MatrixPolicy (group-stat),2470,4.036690664291382,5.6752877320204306e-05,1.5866500267758965
fineweb_edu,RLB+MatrixPolicy (group-stat),2480,4.017623686790467,5.5870241761978464e-05,1.5742788393050433
fineweb_edu,RLB+MatrixPolicy (group-stat),2490,4.0136220216751095,5.50008663654772e-05,1.587582572363317
fineweb_edu,RLB+MatrixPolicy (group-stat),2500,4.027103853225708,5.414485676694995e-05,1.5731740426272154
fineweb_edu,RLB+MatrixPolicy (group-stat),2510,4.04112298488617,5.330231697859196e-05,1.586764283105731
fineweb_edu,RLB+MatrixPolicy (group-stat),2520,4.03167827129364,5.2473349375905794e-05,1.5713531605899334
fineweb_edu,RLB+MatrixPolicy (group-stat),2530,4.026224303245544,5.1658054685262116e-05,1.5867215365171432
fineweb_edu,RLB+MatrixPolicy (group-stat),2540,4.0316420793533325,5.085653197166052e-05,1.5730828298255801
fineweb_edu,RLB+MatrixPolicy (group-stat),2550,4.011682939529419,5.006887862669219e-05,1.6014771277084947
fineweb_edu,RLB+MatrixPolicy (group-stat),2560,3.980030393600464,4.9295190356706257e-05,1.5872206280007959
fineweb_edu,RLB+MatrixPolicy (group-stat),2570,4.003682661056518,4.853556117118055e-05,1.5765472196042538
fineweb_edu,RLB+MatrixPolicy (group-stat),2580,4.004020571708679,4.779008337129862e-05,1.5896370252594352
fineweb_edu,RLB+MatrixPolicy (group-stat),2590,4.0141295194625854,4.705884753873448e-05,1.5790417527779936
fineweb_edu,RLB+MatrixPolicy (group-stat),2600,3.9891685962677004,4.634194252464623e-05,1.5989171743392945
fineweb_edu,RLB+MatrixPolicy (group-stat),2610,3.993730878829956,4.5639455438879834e-05,1.5690820526331664
fineweb_edu,RLB+MatrixPolicy (group-stat),2620,3.988576340675354,4.495147163938453e-05,1.5874148800969123
fineweb_edu,RLB+MatrixPolicy (group-stat),2630,4.006796336174011,4.4278074721841174e-05,1.5731642110273243
fineweb_edu,RLB+MatrixPolicy (group-stat),2640,4.003888750076294,4.361934650950481e-05,1.5834479784592985
fineweb_edu,RLB+MatrixPolicy (group-stat),2650,3.9767678499221804,4.297536704326216e-05,1.5717166313901543
fineweb_edu,RLB+MatrixPolicy (group-stat),2660,3.994580554962158,4.234621457190635e-05,1.5772143458947538
fineweb_edu,RLB+MatrixPolicy (group-stat),2670,4.01916823387146,4.173196554262883e-05,1.5854309609159827
fineweb_edu,RLB+MatrixPolicy (group-stat),2680,3.9832346200942994,4.113269459173043e-05,1.5719779901206494
fineweb_edu,RLB+MatrixPolicy (group-stat),2690,3.97579026222229,4.0548474535552446e-05,1.591009993478656
fineweb_edu,RLB+MatrixPolicy (group-stat),2700,4.015041804313659,3.9979376361628946e-05,1.5737877290695905
fineweb_edu,RLB+MatrixPolicy (group-stat),2710,3.988184332847595,3.942546922006115e-05,1.5844866892322897
fineweb_edu,RLB+MatrixPolicy (group-stat),2720,3.9844284057617188,3.888682041511499e-05,1.574245229922235
fineweb_edu,RLB+MatrixPolicy (group-stat),2730,3.9713258743286133,3.836349539704333e-05,1.593458491563797
fineweb_edu,RLB+MatrixPolicy (group-stat),2740,3.98921799659729,3.7855557754133057e-05,1.573264072649181
fineweb_edu,RLB+MatrixPolicy (group-stat),2750,3.999463653564453,3.7363069204978575e-05,1.5888520788401366
fineweb_edu,RLB+MatrixPolicy (group-stat),2760,3.9730385303497315,3.688608959098262e-05,1.5910921363160013
fineweb_edu,RLB+MatrixPolicy (group-stat),2770,3.988448977470398,3.6424676869084926e-05,1.5735619170591235
fineweb_edu,RLB+MatrixPolicy (group-stat),2780,3.9882712602615356,3.597888710472001e-05,1.6061491463333368
fineweb_edu,RLB+MatrixPolicy (group-stat),2790,3.955537438392639,3.554877446500471e-05,1.5710854599252344
fineweb_edu,RLB+MatrixPolicy (group-stat),2800,3.98399498462677,3.513439121215659e-05,1.5826436817646026
fineweb_edu,RLB+MatrixPolicy (group-stat),2810,3.984758901596069,3.473578769714351e-05,1.57172316275537
fineweb_edu,RLB+MatrixPolicy (group-stat),2820,3.9781819581985474,3.435301235356557e-05,1.586999631114304
fineweb_edu,RLB+MatrixPolicy (group-stat),2830,3.975459623336792,3.3986111691770114e-05,1.5681866325438023
fineweb_edu,RLB+MatrixPolicy (group-stat),2840,3.9777039766311644,3.36351302932003e-05,1.5869097292423249
fineweb_edu,RLB+MatrixPolicy (group-stat),2850,3.9808194637298584,3.330011080497806e-05,1.5682142231613398
fineweb_edu,RLB+MatrixPolicy (group-stat),2860,3.9464993476867676,3.298109393472216e-05,1.5706588611006738
fineweb_edu,RLB+MatrixPolicy (group-stat),2870,3.9809948444366454,3.267811844560191e-05,1.5802661990746856
fineweb_edu,RLB+MatrixPolicy (group-stat),2880,3.9479528427124024,3.2391221151627036e-05,1.570851183310151
fineweb_edu,RLB+MatrixPolicy (group-stat),2890,3.946755361557007,3.212043691317456e-05,1.589038785174489
fineweb_edu,RLB+MatrixPolicy (group-stat),2900,3.9697725772857666,3.1865798632752955e-05,1.5746828764677048
fineweb_edu,RLB+MatrixPolicy (group-stat),2910,3.9453121423721313,3.1627337251004223e-05,1.5827474975958467
fineweb_edu,RLB+MatrixPolicy (group-stat),2920,3.9607787847518923,3.140508174294431e-05,1.5700403993949295
fineweb_edu,RLB+MatrixPolicy (group-stat),2930,3.977026081085205,3.119905911444245e-05,1.5847365375608207
fineweb_edu,RLB+MatrixPolicy (group-stat),2940,3.976248288154602,3.1009294398939736e-05,1.5696746796369552
fineweb_edu,RLB+MatrixPolicy (group-stat),2950,3.9758459329605103,3.0835810654407316e-05,1.5873219802975655
fineweb_edu,RLB+MatrixPolicy (group-stat),2960,3.9590500831604003,3.0678628960544684e-05,1.5865828385576606
fineweb_edu,RLB+MatrixPolicy (group-stat),2970,3.960887145996094,3.053776841621831e-05,1.572382345981896
fineweb_edu,RLB+MatrixPolicy (group-stat),2980,3.9463390827178957,3.0413246137140968e-05,1.587447082810104
fineweb_edu,RLB+MatrixPolicy (group-stat),2990,3.945265865325928,3.030507725379207e-05,1.5738078566268086
fineweb_edu,RLB+MatrixPolicy (group-stat),3000,3.946657586097717,3.0213274909579147e-05,1.5895398005843162
fineweb_edu,RLB+MatrixPolicy (group-stat),3010,3.9766990900039674,3.0137850259240852e-05,1.5728580305352806
fineweb_edu,RLB+MatrixPolicy (group-stat),3020,3.965145444869995,3.0078812467491507e-05,1.5824892977252603
fineweb_edu,RLB+MatrixPolicy (group-stat),3030,3.9686980485916137,3.0036168707907614e-05,1.572253276221454
fineweb_edu,RLB+MatrixPolicy (group-stat),3040,3.9882545948028563,3.0009924162056113e-05,1.5868515465408564
fineweb_edu,RLB+MatrixPolicy (group-stat),3050,3.9611950874328614,3.0000082018864835e-05,1.5731094589456915
