row_index,row_id,phase,dataset,dataset_name,dataset_config,text_column,train_split,val_split,val_skip_tokens,model,layers,d_model,heads,ffn_dim,seq_len,batch_size,grad_accum,global_tokens_per_step,train_tokens,val_tokens,steps,eval_interval,eval_batches,seed,method,activation,optimizer,lr,min_lr,weight_decay,extra_args
0,E0_preflight_dclm_m0_smoke80_seed1337_silu_adamw,E0_preflight,dclm,mlfoundations/dclm-baseline-1.0,none,text,train,train,210000000,M0,12,768,12,2048,256,16,2,32768,2621440,200000,80,40,2,1337,silu_adamw,silu,adamw,0.0003,0.00003,0.10,
1,E0_preflight_dclm_m0_smoke80_seed1337_rlb_adamw,E0_preflight,dclm,mlfoundations/dclm-baseline-1.0,none,text,train,train,210000000,M0,12,768,12,2048,256,16,2,32768,2621440,200000,80,40,2,1337,rlb_adamw,rlb_fused_fixed_strong_ffn,adamw,0.0003,0.00003,0.10,
2,E0_preflight_dclm_m0_smoke80_seed1337_rlb_matrixpolicy_original,E0_preflight,dclm,mlfoundations/dclm-baseline-1.0,none,text,train,train,210000000,M0,12,768,12,2048,256,16,2,32768,2621440,200000,80,40,2,1337,rlb_matrixpolicy_original,rlb_fused_fixed_strong_ffn,rational_matrix_policy_onpolicy,0.0003,0.00003,0.10,--rational-matrix-policy-backbone-optimizer adamw --rational-matrix-policy-adam-lr-scale 3.0 --rational-matrix-policy-group-gain-strength 0.20 --rational-matrix-policy-group-pressure-strength 0.10 --rational-matrix-policy-group-activity-damping 0.20 --rational-matrix-policy-group-start 0.02 --rational-matrix-policy-group-end 0.30 --rational-matrix-policy-group-min-scale 0.75 --rational-matrix-policy-group-max-scale 1.35
3,E0_preflight_fineweb_edu_m0_smoke80_seed1337_silu_adamw,E0_preflight,fineweb_edu,HuggingFaceFW/fineweb-edu,sample-10BT,text,train,train,210000000,M0,12,768,12,2048,256,16,2,32768,2621440,200000,80,40,2,1337,silu_adamw,silu,adamw,0.0003,0.00003,0.10,
4,E0_preflight_fineweb_edu_m0_smoke80_seed1337_rlb_adamw,E0_preflight,fineweb_edu,HuggingFaceFW/fineweb-edu,sample-10BT,text,train,train,210000000,M0,12,768,12,2048,256,16,2,32768,2621440,200000,80,40,2,1337,rlb_adamw,rlb_fused_fixed_strong_ffn,adamw,0.0003,0.00003,0.10,
5,E0_preflight_fineweb_edu_m0_smoke80_seed1337_rlb_matrixpolicy_original,E0_preflight,fineweb_edu,HuggingFaceFW/fineweb-edu,sample-10BT,text,train,train,210000000,M0,12,768,12,2048,256,16,2,32768,2621440,200000,80,40,2,1337,rlb_matrixpolicy_original,rlb_fused_fixed_strong_ffn,rational_matrix_policy_onpolicy,0.0003,0.00003,0.10,--rational-matrix-policy-backbone-optimizer adamw --rational-matrix-policy-adam-lr-scale 3.0 --rational-matrix-policy-group-gain-strength 0.20 --rational-matrix-policy-group-pressure-strength 0.10 --rational-matrix-policy-group-activity-damping 0.20 --rational-matrix-policy-group-start 0.02 --rational-matrix-policy-group-end 0.30 --rational-matrix-policy-group-min-scale 0.75 --rational-matrix-policy-group-max-scale 1.35
6,E0_preflight_fineweb_m0_smoke80_seed1337_silu_adamw,E0_preflight,fineweb,HuggingFaceFW/fineweb,sample-10BT,text,train,train,210000000,M0,12,768,12,2048,256,16,2,32768,2621440,200000,80,40,2,1337,silu_adamw,silu,adamw,0.0003,0.00003,0.10,
7,E0_preflight_fineweb_m0_smoke80_seed1337_rlb_adamw,E0_preflight,fineweb,HuggingFaceFW/fineweb,sample-10BT,text,train,train,210000000,M0,12,768,12,2048,256,16,2,32768,2621440,200000,80,40,2,1337,rlb_adamw,rlb_fused_fixed_strong_ffn,adamw,0.0003,0.00003,0.10,
8,E0_preflight_fineweb_m0_smoke80_seed1337_rlb_matrixpolicy_original,E0_preflight,fineweb,HuggingFaceFW/fineweb,sample-10BT,text,train,train,210000000,M0,12,768,12,2048,256,16,2,32768,2621440,200000,80,40,2,1337,rlb_matrixpolicy_original,rlb_fused_fixed_strong_ffn,rational_matrix_policy_onpolicy,0.0003,0.00003,0.10,--rational-matrix-policy-backbone-optimizer adamw --rational-matrix-policy-adam-lr-scale 3.0 --rational-matrix-policy-group-gain-strength 0.20 --rational-matrix-policy-group-pressure-strength 0.10 --rational-matrix-policy-group-activity-damping 0.20 --rational-matrix-policy-group-start 0.02 --rational-matrix-policy-group-end 0.30 --rational-matrix-policy-group-min-scale 0.75 --rational-matrix-policy-group-max-scale 1.35
9,E0_preflight_dolma_sample_m0_smoke80_seed1337_silu_adamw,E0_preflight,dolma_sample,allenai/dolma,v1_6-sample,text,train,train,210000000,M0,12,768,12,2048,256,16,2,32768,2621440,200000,80,40,2,1337,silu_adamw,silu,adamw,0.0003,0.00003,0.10,
10,E0_preflight_dolma_sample_m0_smoke80_seed1337_rlb_adamw,E0_preflight,dolma_sample,allenai/dolma,v1_6-sample,text,train,train,210000000,M0,12,768,12,2048,256,16,2,32768,2621440,200000,80,40,2,1337,rlb_adamw,rlb_fused_fixed_strong_ffn,adamw,0.0003,0.00003,0.10,
11,E0_preflight_dolma_sample_m0_smoke80_seed1337_rlb_matrixpolicy_original,E0_preflight,dolma_sample,allenai/dolma,v1_6-sample,text,train,train,210000000,M0,12,768,12,2048,256,16,2,32768,2621440,200000,80,40,2,1337,rlb_matrixpolicy_original,rlb_fused_fixed_strong_ffn,rational_matrix_policy_onpolicy,0.0003,0.00003,0.10,--rational-matrix-policy-backbone-optimizer adamw --rational-matrix-policy-adam-lr-scale 3.0 --rational-matrix-policy-group-gain-strength 0.20 --rational-matrix-policy-group-pressure-strength 0.10 --rational-matrix-policy-group-activity-damping 0.20 --rational-matrix-policy-group-start 0.02 --rational-matrix-policy-group-end 0.30 --rational-matrix-policy-group-min-scale 0.75 --rational-matrix-policy-group-max-scale 1.35
12,E0_preflight_c4_en_m0_smoke80_seed1337_silu_adamw,E0_preflight,c4_en,allenai/c4,en,text,train,validation,0,M0,12,768,12,2048,256,16,2,32768,2621440,200000,80,40,2,1337,silu_adamw,silu,adamw,0.0003,0.00003,0.10,
13,E0_preflight_c4_en_m0_smoke80_seed1337_rlb_adamw,E0_preflight,c4_en,allenai/c4,en,text,train,validation,0,M0,12,768,12,2048,256,16,2,32768,2621440,200000,80,40,2,1337,rlb_adamw,rlb_fused_fixed_strong_ffn,adamw,0.0003,0.00003,0.10,
14,E0_preflight_c4_en_m0_smoke80_seed1337_rlb_matrixpolicy_original,E0_preflight,c4_en,allenai/c4,en,text,train,validation,0,M0,12,768,12,2048,256,16,2,32768,2621440,200000,80,40,2,1337,rlb_matrixpolicy_original,rlb_fused_fixed_strong_ffn,rational_matrix_policy_onpolicy,0.0003,0.00003,0.10,--rational-matrix-policy-backbone-optimizer adamw --rational-matrix-policy-adam-lr-scale 3.0 --rational-matrix-policy-group-gain-strength 0.20 --rational-matrix-policy-group-pressure-strength 0.10 --rational-matrix-policy-group-activity-damping 0.20 --rational-matrix-policy-group-start 0.02 --rational-matrix-policy-group-end 0.30 --rational-matrix-policy-group-min-scale 0.75 --rational-matrix-policy-group-max-scale 1.35
15,E1_m0_100m_dclm_m0_100m_seed1337_silu_adamw,E1_m0_100m,dclm,mlfoundations/dclm-baseline-1.0,none,text,train,train,210000000,M0,12,768,12,2048,256,16,2,32768,100000000,4000000,3050,50,10,1337,silu_adamw,silu,adamw,0.0003,0.00003,0.10,
16,E1_m0_100m_dclm_m0_100m_seed1337_rlb_adamw,E1_m0_100m,dclm,mlfoundations/dclm-baseline-1.0,none,text,train,train,210000000,M0,12,768,12,2048,256,16,2,32768,100000000,4000000,3050,50,10,1337,rlb_adamw,rlb_fused_fixed_strong_ffn,adamw,0.0003,0.00003,0.10,
17,E1_m0_100m_dclm_m0_100m_seed1337_silu_muon,E1_m0_100m,dclm,mlfoundations/dclm-baseline-1.0,none,text,train,train,210000000,M0,12,768,12,2048,256,16,2,32768,100000000,4000000,3050,50,10,1337,silu_muon,silu,muon,0.0003,0.00003,0.10,--muon-momentum 0.95 --muon-ns-steps 5 --muon-adjust-lr-fn match_rms_adamw
18,E1_m0_100m_dclm_m0_100m_seed1337_rlb_muon,E1_m0_100m,dclm,mlfoundations/dclm-baseline-1.0,none,text,train,train,210000000,M0,12,768,12,2048,256,16,2,32768,100000000,4000000,3050,50,10,1337,rlb_muon,rlb_fused_fixed_strong_ffn,muon,0.0003,0.00003,0.10,--muon-momentum 0.95 --muon-ns-steps 5 --muon-adjust-lr-fn match_rms_adamw
19,E1_m0_100m_dclm_m0_100m_seed1337_silu_lion,E1_m0_100m,dclm,mlfoundations/dclm-baseline-1.0,none,text,train,train,210000000,M0,12,768,12,2048,256,16,2,32768,100000000,4000000,3050,50,10,1337,silu_lion,silu,lion,0.0001,0.00001,0.10,
20,E1_m0_100m_dclm_m0_100m_seed1337_rlb_lion,E1_m0_100m,dclm,mlfoundations/dclm-baseline-1.0,none,text,train,train,210000000,M0,12,768,12,2048,256,16,2,32768,100000000,4000000,3050,50,10,1337,rlb_lion,rlb_fused_fixed_strong_ffn,lion,0.0001,0.00001,0.10,
21,E1_m0_100m_dclm_m0_100m_seed1337_silu_soap,E1_m0_100m,dclm,mlfoundations/dclm-baseline-1.0,none,text,train,train,210000000,M0,12,768,12,2048,256,16,2,32768,100000000,4000000,3050,50,10,1337,silu_soap,silu,soap_adamw,0.0003,0.00003,0.10,--soap-precondition-frequency 50 --no-soap-one-sided
22,E1_m0_100m_dclm_m0_100m_seed1337_rlb_soap,E1_m0_100m,dclm,mlfoundations/dclm-baseline-1.0,none,text,train,train,210000000,M0,12,768,12,2048,256,16,2,32768,100000000,4000000,3050,50,10,1337,rlb_soap,rlb_fused_fixed_strong_ffn,soap_adamw,0.0003,0.00003,0.10,--soap-precondition-frequency 50 --no-soap-one-sided
23,E1_m0_100m_dclm_m0_100m_seed1337_silu_ademamix,E1_m0_100m,dclm,mlfoundations/dclm-baseline-1.0,none,text,train,train,210000000,M0,12,768,12,2048,256,16,2,32768,100000000,4000000,3050,50,10,1337,silu_ademamix,silu,ademamix,0.0003,0.00003,0.10,--ademamix-alpha 5.0 --ademamix-beta3 0.9999
24,E1_m0_100m_dclm_m0_100m_seed1337_rlb_ademamix,E1_m0_100m,dclm,mlfoundations/dclm-baseline-1.0,none,text,train,train,210000000,M0,12,768,12,2048,256,16,2,32768,100000000,4000000,3050,50,10,1337,rlb_ademamix,rlb_fused_fixed_strong_ffn,ademamix,0.0003,0.00003,0.10,--ademamix-alpha 5.0 --ademamix-beta3 0.9999
25,E1_m0_100m_dclm_m0_100m_seed1337_silu_came,E1_m0_100m,dclm,mlfoundations/dclm-baseline-1.0,none,text,train,train,210000000,M0,12,768,12,2048,256,16,2,32768,100000000,4000000,3050,50,10,1337,silu_came,silu,adafactor_came,0.0003,0.00003,0.10,--came-confidence-scale 1.0
26,E1_m0_100m_dclm_m0_100m_seed1337_rlb_came,E1_m0_100m,dclm,mlfoundations/dclm-baseline-1.0,none,text,train,train,210000000,M0,12,768,12,2048,256,16,2,32768,100000000,4000000,3050,50,10,1337,rlb_came,rlb_fused_fixed_strong_ffn,adafactor_came,0.0003,0.00003,0.10,--came-confidence-scale 1.0
27,E1_m0_100m_dclm_m0_100m_seed1337_silu_schedulefree,E1_m0_100m,dclm,mlfoundations/dclm-baseline-1.0,none,text,train,train,210000000,M0,12,768,12,2048,256,16,2,32768,100000000,4000000,3050,50,10,1337,silu_schedulefree,silu,schedule_free_adamw,0.0003,0.00003,0.10,--schedule-free-beta1 0.90 --schedule-free-warmup-steps 0
28,E1_m0_100m_dclm_m0_100m_seed1337_rlb_schedulefree,E1_m0_100m,dclm,mlfoundations/dclm-baseline-1.0,none,text,train,train,210000000,M0,12,768,12,2048,256,16,2,32768,100000000,4000000,3050,50,10,1337,rlb_schedulefree,rlb_fused_fixed_strong_ffn,schedule_free_adamw,0.0003,0.00003,0.10,--schedule-free-beta1 0.90 --schedule-free-warmup-steps 0
29,E1_m0_100m_dclm_m0_100m_seed1337_rlb_matrixpolicy_original,E1_m0_100m,dclm,mlfoundations/dclm-baseline-1.0,none,text,train,train,210000000,M0,12,768,12,2048,256,16,2,32768,100000000,4000000,3050,50,10,1337,rlb_matrixpolicy_original,rlb_fused_fixed_strong_ffn,rational_matrix_policy_onpolicy,0.0003,0.00003,0.10,--rational-matrix-policy-backbone-optimizer adamw --rational-matrix-policy-adam-lr-scale 3.0 --rational-matrix-policy-group-gain-strength 0.20 --rational-matrix-policy-group-pressure-strength 0.10 --rational-matrix-policy-group-activity-damping 0.20 --rational-matrix-policy-group-start 0.02 --rational-matrix-policy-group-end 0.30 --rational-matrix-policy-group-min-scale 0.75 --rational-matrix-policy-group-max-scale 1.35
30,E1_m0_100m_dclm_m0_100m_seed2027_silu_adamw,E1_m0_100m,dclm,mlfoundations/dclm-baseline-1.0,none,text,train,train,210000000,M0,12,768,12,2048,256,16,2,32768,100000000,4000000,3050,50,10,2027,silu_adamw,silu,adamw,0.0003,0.00003,0.10,
31,E1_m0_100m_dclm_m0_100m_seed2027_rlb_adamw,E1_m0_100m,dclm,mlfoundations/dclm-baseline-1.0,none,text,train,train,210000000,M0,12,768,12,2048,256,16,2,32768,100000000,4000000,3050,50,10,2027,rlb_adamw,rlb_fused_fixed_strong_ffn,adamw,0.0003,0.00003,0.10,
32,E1_m0_100m_dclm_m0_100m_seed2027_silu_muon,E1_m0_100m,dclm,mlfoundations/dclm-baseline-1.0,none,text,train,train,210000000,M0,12,768,12,2048,256,16,2,32768,100000000,4000000,3050,50,10,2027,silu_muon,silu,muon,0.0003,0.00003,0.10,--muon-momentum 0.95 --muon-ns-steps 5 --muon-adjust-lr-fn match_rms_adamw
33,E1_m0_100m_dclm_m0_100m_seed2027_rlb_muon,E1_m0_100m,dclm,mlfoundations/dclm-baseline-1.0,none,text,train,train,210000000,M0,12,768,12,2048,256,16,2,32768,100000000,4000000,3050,50,10,2027,rlb_muon,rlb_fused_fixed_strong_ffn,muon,0.0003,0.00003,0.10,--muon-momentum 0.95 --muon-ns-steps 5 --muon-adjust-lr-fn match_rms_adamw
34,E1_m0_100m_dclm_m0_100m_seed2027_silu_lion,E1_m0_100m,dclm,mlfoundations/dclm-baseline-1.0,none,text,train,train,210000000,M0,12,768,12,2048,256,16,2,32768,100000000,4000000,3050,50,10,2027,silu_lion,silu,lion,0.0001,0.00001,0.10,
35,E1_m0_100m_dclm_m0_100m_seed2027_rlb_lion,E1_m0_100m,dclm,mlfoundations/dclm-baseline-1.0,none,text,train,train,210000000,M0,12,768,12,2048,256,16,2,32768,100000000,4000000,3050,50,10,2027,rlb_lion,rlb_fused_fixed_strong_ffn,lion,0.0001,0.00001,0.10,
36,E1_m0_100m_dclm_m0_100m_seed2027_silu_soap,E1_m0_100m,dclm,mlfoundations/dclm-baseline-1.0,none,text,train,train,210000000,M0,12,768,12,2048,256,16,2,32768,100000000,4000000,3050,50,10,2027,silu_soap,silu,soap_adamw,0.0003,0.00003,0.10,--soap-precondition-frequency 50 --no-soap-one-sided
37,E1_m0_100m_dclm_m0_100m_seed2027_rlb_soap,E1_m0_100m,dclm,mlfoundations/dclm-baseline-1.0,none,text,train,train,210000000,M0,12,768,12,2048,256,16,2,32768,100000000,4000000,3050,50,10,2027,rlb_soap,rlb_fused_fixed_strong_ffn,soap_adamw,0.0003,0.00003,0.10,--soap-precondition-frequency 50 --no-soap-one-sided
38,E1_m0_100m_dclm_m0_100m_seed2027_silu_ademamix,E1_m0_100m,dclm,mlfoundations/dclm-baseline-1.0,none,text,train,train,210000000,M0,12,768,12,2048,256,16,2,32768,100000000,4000000,3050,50,10,2027,silu_ademamix,silu,ademamix,0.0003,0.00003,0.10,--ademamix-alpha 5.0 --ademamix-beta3 0.9999
39,E1_m0_100m_dclm_m0_100m_seed2027_rlb_ademamix,E1_m0_100m,dclm,mlfoundations/dclm-baseline-1.0,none,text,train,train,210000000,M0,12,768,12,2048,256,16,2,32768,100000000,4000000,3050,50,10,2027,rlb_ademamix,rlb_fused_fixed_strong_ffn,ademamix,0.0003,0.00003,0.10,--ademamix-alpha 5.0 --ademamix-beta3 0.9999
40,E1_m0_100m_dclm_m0_100m_seed2027_silu_came,E1_m0_100m,dclm,mlfoundations/dclm-baseline-1.0,none,text,train,train,210000000,M0,12,768,12,2048,256,16,2,32768,100000000,4000000,3050,50,10,2027,silu_came,silu,adafactor_came,0.0003,0.00003,0.10,--came-confidence-scale 1.0
41,E1_m0_100m_dclm_m0_100m_seed2027_rlb_came,E1_m0_100m,dclm,mlfoundations/dclm-baseline-1.0,none,text,train,train,210000000,M0,12,768,12,2048,256,16,2,32768,100000000,4000000,3050,50,10,2027,rlb_came,rlb_fused_fixed_strong_ffn,adafactor_came,0.0003,0.00003,0.10,--came-confidence-scale 1.0
42,E1_m0_100m_dclm_m0_100m_seed2027_silu_schedulefree,E1_m0_100m,dclm,mlfoundations/dclm-baseline-1.0,none,text,train,train,210000000,M0,12,768,12,2048,256,16,2,32768,100000000,4000000,3050,50,10,2027,silu_schedulefree,silu,schedule_free_adamw,0.0003,0.00003,0.10,--schedule-free-beta1 0.90 --schedule-free-warmup-steps 0
43,E1_m0_100m_dclm_m0_100m_seed2027_rlb_schedulefree,E1_m0_100m,dclm,mlfoundations/dclm-baseline-1.0,none,text,train,train,210000000,M0,12,768,12,2048,256,16,2,32768,100000000,4000000,3050,50,10,2027,rlb_schedulefree,rlb_fused_fixed_strong_ffn,schedule_free_adamw,0.0003,0.00003,0.10,--schedule-free-beta1 0.90 --schedule-free-warmup-steps 0
44,E1_m0_100m_dclm_m0_100m_seed2027_rlb_matrixpolicy_original,E1_m0_100m,dclm,mlfoundations/dclm-baseline-1.0,none,text,train,train,210000000,M0,12,768,12,2048,256,16,2,32768,100000000,4000000,3050,50,10,2027,rlb_matrixpolicy_original,rlb_fused_fixed_strong_ffn,rational_matrix_policy_onpolicy,0.0003,0.00003,0.10,--rational-matrix-policy-backbone-optimizer adamw --rational-matrix-policy-adam-lr-scale 3.0 --rational-matrix-policy-group-gain-strength 0.20 --rational-matrix-policy-group-pressure-strength 0.10 --rational-matrix-policy-group-activity-damping 0.20 --rational-matrix-policy-group-start 0.02 --rational-matrix-policy-group-end 0.30 --rational-matrix-policy-group-min-scale 0.75 --rational-matrix-policy-group-max-scale 1.35
45,E1_m0_100m_dclm_m0_100m_seed3407_silu_adamw,E1_m0_100m,dclm,mlfoundations/dclm-baseline-1.0,none,text,train,train,210000000,M0,12,768,12,2048,256,16,2,32768,100000000,4000000,3050,50,10,3407,silu_adamw,silu,adamw,0.0003,0.00003,0.10,
46,E1_m0_100m_dclm_m0_100m_seed3407_rlb_adamw,E1_m0_100m,dclm,mlfoundations/dclm-baseline-1.0,none,text,train,train,210000000,M0,12,768,12,2048,256,16,2,32768,100000000,4000000,3050,50,10,3407,rlb_adamw,rlb_fused_fixed_strong_ffn,adamw,0.0003,0.00003,0.10,
47,E1_m0_100m_dclm_m0_100m_seed3407_silu_muon,E1_m0_100m,dclm,mlfoundations/dclm-baseline-1.0,none,text,train,train,210000000,M0,12,768,12,2048,256,16,2,32768,100000000,4000000,3050,50,10,3407,silu_muon,silu,muon,0.0003,0.00003,0.10,--muon-momentum 0.95 --muon-ns-steps 5 --muon-adjust-lr-fn match_rms_adamw
48,E1_m0_100m_dclm_m0_100m_seed3407_rlb_muon,E1_m0_100m,dclm,mlfoundations/dclm-baseline-1.0,none,text,train,train,210000000,M0,12,768,12,2048,256,16,2,32768,100000000,4000000,3050,50,10,3407,rlb_muon,rlb_fused_fixed_strong_ffn,muon,0.0003,0.00003,0.10,--muon-momentum 0.95 --muon-ns-steps 5 --muon-adjust-lr-fn match_rms_adamw
49,E1_m0_100m_dclm_m0_100m_seed3407_silu_lion,E1_m0_100m,dclm,mlfoundations/dclm-baseline-1.0,none,text,train,train,210000000,M0,12,768,12,2048,256,16,2,32768,100000000,4000000,3050,50,10,3407,silu_lion,silu,lion,0.0001,0.00001,0.10,
50,E1_m0_100m_dclm_m0_100m_seed3407_rlb_lion,E1_m0_100m,dclm,mlfoundations/dclm-baseline-1.0,none,text,train,train,210000000,M0,12,768,12,2048,256,16,2,32768,100000000,4000000,3050,50,10,3407,rlb_lion,rlb_fused_fixed_strong_ffn,lion,0.0001,0.00001,0.10,
51,E1_m0_100m_dclm_m0_100m_seed3407_silu_soap,E1_m0_100m,dclm,mlfoundations/dclm-baseline-1.0,none,text,train,train,210000000,M0,12,768,12,2048,256,16,2,32768,100000000,4000000,3050,50,10,3407,silu_soap,silu,soap_adamw,0.0003,0.00003,0.10,--soap-precondition-frequency 50 --no-soap-one-sided
52,E1_m0_100m_dclm_m0_100m_seed3407_rlb_soap,E1_m0_100m,dclm,mlfoundations/dclm-baseline-1.0,none,text,train,train,210000000,M0,12,768,12,2048,256,16,2,32768,100000000,4000000,3050,50,10,3407,rlb_soap,rlb_fused_fixed_strong_ffn,soap_adamw,0.0003,0.00003,0.10,--soap-precondition-frequency 50 --no-soap-one-sided
53,E1_m0_100m_dclm_m0_100m_seed3407_silu_ademamix,E1_m0_100m,dclm,mlfoundations/dclm-baseline-1.0,none,text,train,train,210000000,M0,12,768,12,2048,256,16,2,32768,100000000,4000000,3050,50,10,3407,silu_ademamix,silu,ademamix,0.0003,0.00003,0.10,--ademamix-alpha 5.0 --ademamix-beta3 0.9999
54,E1_m0_100m_dclm_m0_100m_seed3407_rlb_ademamix,E1_m0_100m,dclm,mlfoundations/dclm-baseline-1.0,none,text,train,train,210000000,M0,12,768,12,2048,256,16,2,32768,100000000,4000000,3050,50,10,3407,rlb_ademamix,rlb_fused_fixed_strong_ffn,ademamix,0.0003,0.00003,0.10,--ademamix-alpha 5.0 --ademamix-beta3 0.9999
55,E1_m0_100m_dclm_m0_100m_seed3407_silu_came,E1_m0_100m,dclm,mlfoundations/dclm-baseline-1.0,none,text,train,train,210000000,M0,12,768,12,2048,256,16,2,32768,100000000,4000000,3050,50,10,3407,silu_came,silu,adafactor_came,0.0003,0.00003,0.10,--came-confidence-scale 1.0
56,E1_m0_100m_dclm_m0_100m_seed3407_rlb_came,E1_m0_100m,dclm,mlfoundations/dclm-baseline-1.0,none,text,train,train,210000000,M0,12,768,12,2048,256,16,2,32768,100000000,4000000,3050,50,10,3407,rlb_came,rlb_fused_fixed_strong_ffn,adafactor_came,0.0003,0.00003,0.10,--came-confidence-scale 1.0
57,E1_m0_100m_dclm_m0_100m_seed3407_silu_schedulefree,E1_m0_100m,dclm,mlfoundations/dclm-baseline-1.0,none,text,train,train,210000000,M0,12,768,12,2048,256,16,2,32768,100000000,4000000,3050,50,10,3407,silu_schedulefree,silu,schedule_free_adamw,0.0003,0.00003,0.10,--schedule-free-beta1 0.90 --schedule-free-warmup-steps 0
58,E1_m0_100m_dclm_m0_100m_seed3407_rlb_schedulefree,E1_m0_100m,dclm,mlfoundations/dclm-baseline-1.0,none,text,train,train,210000000,M0,12,768,12,2048,256,16,2,32768,100000000,4000000,3050,50,10,3407,rlb_schedulefree,rlb_fused_fixed_strong_ffn,schedule_free_adamw,0.0003,0.00003,0.10,--schedule-free-beta1 0.90 --schedule-free-warmup-steps 0
59,E1_m0_100m_dclm_m0_100m_seed3407_rlb_matrixpolicy_original,E1_m0_100m,dclm,mlfoundations/dclm-baseline-1.0,none,text,train,train,210000000,M0,12,768,12,2048,256,16,2,32768,100000000,4000000,3050,50,10,3407,rlb_matrixpolicy_original,rlb_fused_fixed_strong_ffn,rational_matrix_policy_onpolicy,0.0003,0.00003,0.10,--rational-matrix-policy-backbone-optimizer adamw --rational-matrix-policy-adam-lr-scale 3.0 --rational-matrix-policy-group-gain-strength 0.20 --rational-matrix-policy-group-pressure-strength 0.10 --rational-matrix-policy-group-activity-damping 0.20 --rational-matrix-policy-group-start 0.02 --rational-matrix-policy-group-end 0.30 --rational-matrix-policy-group-min-scale 0.75 --rational-matrix-policy-group-max-scale 1.35
60,E1_m0_100m_fineweb_edu_m0_100m_seed1337_silu_adamw,E1_m0_100m,fineweb_edu,HuggingFaceFW/fineweb-edu,sample-10BT,text,train,train,210000000,M0,12,768,12,2048,256,16,2,32768,100000000,4000000,3050,50,10,1337,silu_adamw,silu,adamw,0.0003,0.00003,0.10,
61,E1_m0_100m_fineweb_edu_m0_100m_seed1337_rlb_adamw,E1_m0_100m,fineweb_edu,HuggingFaceFW/fineweb-edu,sample-10BT,text,train,train,210000000,M0,12,768,12,2048,256,16,2,32768,100000000,4000000,3050,50,10,1337,rlb_adamw,rlb_fused_fixed_strong_ffn,adamw,0.0003,0.00003,0.10,
62,E1_m0_100m_fineweb_edu_m0_100m_seed1337_silu_muon,E1_m0_100m,fineweb_edu,HuggingFaceFW/fineweb-edu,sample-10BT,text,train,train,210000000,M0,12,768,12,2048,256,16,2,32768,100000000,4000000,3050,50,10,1337,silu_muon,silu,muon,0.0003,0.00003,0.10,--muon-momentum 0.95 --muon-ns-steps 5 --muon-adjust-lr-fn match_rms_adamw
63,E1_m0_100m_fineweb_edu_m0_100m_seed1337_rlb_muon,E1_m0_100m,fineweb_edu,HuggingFaceFW/fineweb-edu,sample-10BT,text,train,train,210000000,M0,12,768,12,2048,256,16,2,32768,100000000,4000000,3050,50,10,1337,rlb_muon,rlb_fused_fixed_strong_ffn,muon,0.0003,0.00003,0.10,--muon-momentum 0.95 --muon-ns-steps 5 --muon-adjust-lr-fn match_rms_adamw
64,E1_m0_100m_fineweb_edu_m0_100m_seed1337_silu_lion,E1_m0_100m,fineweb_edu,HuggingFaceFW/fineweb-edu,sample-10BT,text,train,train,210000000,M0,12,768,12,2048,256,16,2,32768,100000000,4000000,3050,50,10,1337,silu_lion,silu,lion,0.0001,0.00001,0.10,
65,E1_m0_100m_fineweb_edu_m0_100m_seed1337_rlb_lion,E1_m0_100m,fineweb_edu,HuggingFaceFW/fineweb-edu,sample-10BT,text,train,train,210000000,M0,12,768,12,2048,256,16,2,32768,100000000,4000000,3050,50,10,1337,rlb_lion,rlb_fused_fixed_strong_ffn,lion,0.0001,0.00001,0.10,
66,E1_m0_100m_fineweb_edu_m0_100m_seed1337_silu_soap,E1_m0_100m,fineweb_edu,HuggingFaceFW/fineweb-edu,sample-10BT,text,train,train,210000000,M0,12,768,12,2048,256,16,2,32768,100000000,4000000,3050,50,10,1337,silu_soap,silu,soap_adamw,0.0003,0.00003,0.10,--soap-precondition-frequency 50 --no-soap-one-sided
67,E1_m0_100m_fineweb_edu_m0_100m_seed1337_rlb_soap,E1_m0_100m,fineweb_edu,HuggingFaceFW/fineweb-edu,sample-10BT,text,train,train,210000000,M0,12,768,12,2048,256,16,2,32768,100000000,4000000,3050,50,10,1337,rlb_soap,rlb_fused_fixed_strong_ffn,soap_adamw,0.0003,0.00003,0.10,--soap-precondition-frequency 50 --no-soap-one-sided
68,E1_m0_100m_fineweb_edu_m0_100m_seed1337_silu_ademamix,E1_m0_100m,fineweb_edu,HuggingFaceFW/fineweb-edu,sample-10BT,text,train,train,210000000,M0,12,768,12,2048,256,16,2,32768,100000000,4000000,3050,50,10,1337,silu_ademamix,silu,ademamix,0.0003,0.00003,0.10,--ademamix-alpha 5.0 --ademamix-beta3 0.9999
69,E1_m0_100m_fineweb_edu_m0_100m_seed1337_rlb_ademamix,E1_m0_100m,fineweb_edu,HuggingFaceFW/fineweb-edu,sample-10BT,text,train,train,210000000,M0,12,768,12,2048,256,16,2,32768,100000000,4000000,3050,50,10,1337,rlb_ademamix,rlb_fused_fixed_strong_ffn,ademamix,0.0003,0.00003,0.10,--ademamix-alpha 5.0 --ademamix-beta3 0.9999
70,E1_m0_100m_fineweb_edu_m0_100m_seed1337_silu_came,E1_m0_100m,fineweb_edu,HuggingFaceFW/fineweb-edu,sample-10BT,text,train,train,210000000,M0,12,768,12,2048,256,16,2,32768,100000000,4000000,3050,50,10,1337,silu_came,silu,adafactor_came,0.0003,0.00003,0.10,--came-confidence-scale 1.0
71,E1_m0_100m_fineweb_edu_m0_100m_seed1337_rlb_came,E1_m0_100m,fineweb_edu,HuggingFaceFW/fineweb-edu,sample-10BT,text,train,train,210000000,M0,12,768,12,2048,256,16,2,32768,100000000,4000000,3050,50,10,1337,rlb_came,rlb_fused_fixed_strong_ffn,adafactor_came,0.0003,0.00003,0.10,--came-confidence-scale 1.0
72,E1_m0_100m_fineweb_edu_m0_100m_seed1337_silu_schedulefree,E1_m0_100m,fineweb_edu,HuggingFaceFW/fineweb-edu,sample-10BT,text,train,train,210000000,M0,12,768,12,2048,256,16,2,32768,100000000,4000000,3050,50,10,1337,silu_schedulefree,silu,schedule_free_adamw,0.0003,0.00003,0.10,--schedule-free-beta1 0.90 --schedule-free-warmup-steps 0
73,E1_m0_100m_fineweb_edu_m0_100m_seed1337_rlb_schedulefree,E1_m0_100m,fineweb_edu,HuggingFaceFW/fineweb-edu,sample-10BT,text,train,train,210000000,M0,12,768,12,2048,256,16,2,32768,100000000,4000000,3050,50,10,1337,rlb_schedulefree,rlb_fused_fixed_strong_ffn,schedule_free_adamw,0.0003,0.00003,0.10,--schedule-free-beta1 0.90 --schedule-free-warmup-steps 0
74,E1_m0_100m_fineweb_edu_m0_100m_seed1337_rlb_matrixpolicy_original,E1_m0_100m,fineweb_edu,HuggingFaceFW/fineweb-edu,sample-10BT,text,train,train,210000000,M0,12,768,12,2048,256,16,2,32768,100000000,4000000,3050,50,10,1337,rlb_matrixpolicy_original,rlb_fused_fixed_strong_ffn,rational_matrix_policy_onpolicy,0.0003,0.00003,0.10,--rational-matrix-policy-backbone-optimizer adamw --rational-matrix-policy-adam-lr-scale 3.0 --rational-matrix-policy-group-gain-strength 0.20 --rational-matrix-policy-group-pressure-strength 0.10 --rational-matrix-policy-group-activity-damping 0.20 --rational-matrix-policy-group-start 0.02 --rational-matrix-policy-group-end 0.30 --rational-matrix-policy-group-min-scale 0.75 --rational-matrix-policy-group-max-scale 1.35
75,E1_m0_100m_fineweb_edu_m0_100m_seed2027_silu_adamw,E1_m0_100m,fineweb_edu,HuggingFaceFW/fineweb-edu,sample-10BT,text,train,train,210000000,M0,12,768,12,2048,256,16,2,32768,100000000,4000000,3050,50,10,2027,silu_adamw,silu,adamw,0.0003,0.00003,0.10,
76,E1_m0_100m_fineweb_edu_m0_100m_seed2027_rlb_adamw,E1_m0_100m,fineweb_edu,HuggingFaceFW/fineweb-edu,sample-10BT,text,train,train,210000000,M0,12,768,12,2048,256,16,2,32768,100000000,4000000,3050,50,10,2027,rlb_adamw,rlb_fused_fixed_strong_ffn,adamw,0.0003,0.00003,0.10,
77,E1_m0_100m_fineweb_edu_m0_100m_seed2027_silu_muon,E1_m0_100m,fineweb_edu,HuggingFaceFW/fineweb-edu,sample-10BT,text,train,train,210000000,M0,12,768,12,2048,256,16,2,32768,100000000,4000000,3050,50,10,2027,silu_muon,silu,muon,0.0003,0.00003,0.10,--muon-momentum 0.95 --muon-ns-steps 5 --muon-adjust-lr-fn match_rms_adamw
78,E1_m0_100m_fineweb_edu_m0_100m_seed2027_rlb_muon,E1_m0_100m,fineweb_edu,HuggingFaceFW/fineweb-edu,sample-10BT,text,train,train,210000000,M0,12,768,12,2048,256,16,2,32768,100000000,4000000,3050,50,10,2027,rlb_muon,rlb_fused_fixed_strong_ffn,muon,0.0003,0.00003,0.10,--muon-momentum 0.95 --muon-ns-steps 5 --muon-adjust-lr-fn match_rms_adamw
79,E1_m0_100m_fineweb_edu_m0_100m_seed2027_silu_lion,E1_m0_100m,fineweb_edu,HuggingFaceFW/fineweb-edu,sample-10BT,text,train,train,210000000,M0,12,768,12,2048,256,16,2,32768,100000000,4000000,3050,50,10,2027,silu_lion,silu,lion,0.0001,0.00001,0.10,
80,E1_m0_100m_fineweb_edu_m0_100m_seed2027_rlb_lion,E1_m0_100m,fineweb_edu,HuggingFaceFW/fineweb-edu,sample-10BT,text,train,train,210000000,M0,12,768,12,2048,256,16,2,32768,100000000,4000000,3050,50,10,2027,rlb_lion,rlb_fused_fixed_strong_ffn,lion,0.0001,0.00001,0.10,
81,E1_m0_100m_fineweb_edu_m0_100m_seed2027_silu_soap,E1_m0_100m,fineweb_edu,HuggingFaceFW/fineweb-edu,sample-10BT,text,train,train,210000000,M0,12,768,12,2048,256,16,2,32768,100000000,4000000,3050,50,10,2027,silu_soap,silu,soap_adamw,0.0003,0.00003,0.10,--soap-precondition-frequency 50 --no-soap-one-sided
82,E1_m0_100m_fineweb_edu_m0_100m_seed2027_rlb_soap,E1_m0_100m,fineweb_edu,HuggingFaceFW/fineweb-edu,sample-10BT,text,train,train,210000000,M0,12,768,12,2048,256,16,2,32768,100000000,4000000,3050,50,10,2027,rlb_soap,rlb_fused_fixed_strong_ffn,soap_adamw,0.0003,0.00003,0.10,--soap-precondition-frequency 50 --no-soap-one-sided
83,E1_m0_100m_fineweb_edu_m0_100m_seed2027_silu_ademamix,E1_m0_100m,fineweb_edu,HuggingFaceFW/fineweb-edu,sample-10BT,text,train,train,210000000,M0,12,768,12,2048,256,16,2,32768,100000000,4000000,3050,50,10,2027,silu_ademamix,silu,ademamix,0.0003,0.00003,0.10,--ademamix-alpha 5.0 --ademamix-beta3 0.9999
84,E1_m0_100m_fineweb_edu_m0_100m_seed2027_rlb_ademamix,E1_m0_100m,fineweb_edu,HuggingFaceFW/fineweb-edu,sample-10BT,text,train,train,210000000,M0,12,768,12,2048,256,16,2,32768,100000000,4000000,3050,50,10,2027,rlb_ademamix,rlb_fused_fixed_strong_ffn,ademamix,0.0003,0.00003,0.10,--ademamix-alpha 5.0 --ademamix-beta3 0.9999
85,E1_m0_100m_fineweb_edu_m0_100m_seed2027_silu_came,E1_m0_100m,fineweb_edu,HuggingFaceFW/fineweb-edu,sample-10BT,text,train,train,210000000,M0,12,768,12,2048,256,16,2,32768,100000000,4000000,3050,50,10,2027,silu_came,silu,adafactor_came,0.0003,0.00003,0.10,--came-confidence-scale 1.0
86,E1_m0_100m_fineweb_edu_m0_100m_seed2027_rlb_came,E1_m0_100m,fineweb_edu,HuggingFaceFW/fineweb-edu,sample-10BT,text,train,train,210000000,M0,12,768,12,2048,256,16,2,32768,100000000,4000000,3050,50,10,2027,rlb_came,rlb_fused_fixed_strong_ffn,adafactor_came,0.0003,0.00003,0.10,--came-confidence-scale 1.0
87,E1_m0_100m_fineweb_edu_m0_100m_seed2027_silu_schedulefree,E1_m0_100m,fineweb_edu,HuggingFaceFW/fineweb-edu,sample-10BT,text,train,train,210000000,M0,12,768,12,2048,256,16,2,32768,100000000,4000000,3050,50,10,2027,silu_schedulefree,silu,schedule_free_adamw,0.0003,0.00003,0.10,--schedule-free-beta1 0.90 --schedule-free-warmup-steps 0
88,E1_m0_100m_fineweb_edu_m0_100m_seed2027_rlb_schedulefree,E1_m0_100m,fineweb_edu,HuggingFaceFW/fineweb-edu,sample-10BT,text,train,train,210000000,M0,12,768,12,2048,256,16,2,32768,100000000,4000000,3050,50,10,2027,rlb_schedulefree,rlb_fused_fixed_strong_ffn,schedule_free_adamw,0.0003,0.00003,0.10,--schedule-free-beta1 0.90 --schedule-free-warmup-steps 0
89,E1_m0_100m_fineweb_edu_m0_100m_seed2027_rlb_matrixpolicy_original,E1_m0_100m,fineweb_edu,HuggingFaceFW/fineweb-edu,sample-10BT,text,train,train,210000000,M0,12,768,12,2048,256,16,2,32768,100000000,4000000,3050,50,10,2027,rlb_matrixpolicy_original,rlb_fused_fixed_strong_ffn,rational_matrix_policy_onpolicy,0.0003,0.00003,0.10,--rational-matrix-policy-backbone-optimizer adamw --rational-matrix-policy-adam-lr-scale 3.0 --rational-matrix-policy-group-gain-strength 0.20 --rational-matrix-policy-group-pressure-strength 0.10 --rational-matrix-policy-group-activity-damping 0.20 --rational-matrix-policy-group-start 0.02 --rational-matrix-policy-group-end 0.30 --rational-matrix-policy-group-min-scale 0.75 --rational-matrix-policy-group-max-scale 1.35
90,E1_m0_100m_fineweb_edu_m0_100m_seed3407_silu_adamw,E1_m0_100m,fineweb_edu,HuggingFaceFW/fineweb-edu,sample-10BT,text,train,train,210000000,M0,12,768,12,2048,256,16,2,32768,100000000,4000000,3050,50,10,3407,silu_adamw,silu,adamw,0.0003,0.00003,0.10,
91,E1_m0_100m_fineweb_edu_m0_100m_seed3407_rlb_adamw,E1_m0_100m,fineweb_edu,HuggingFaceFW/fineweb-edu,sample-10BT,text,train,train,210000000,M0,12,768,12,2048,256,16,2,32768,100000000,4000000,3050,50,10,3407,rlb_adamw,rlb_fused_fixed_strong_ffn,adamw,0.0003,0.00003,0.10,
92,E1_m0_100m_fineweb_edu_m0_100m_seed3407_silu_muon,E1_m0_100m,fineweb_edu,HuggingFaceFW/fineweb-edu,sample-10BT,text,train,train,210000000,M0,12,768,12,2048,256,16,2,32768,100000000,4000000,3050,50,10,3407,silu_muon,silu,muon,0.0003,0.00003,0.10,--muon-momentum 0.95 --muon-ns-steps 5 --muon-adjust-lr-fn match_rms_adamw
93,E1_m0_100m_fineweb_edu_m0_100m_seed3407_rlb_muon,E1_m0_100m,fineweb_edu,HuggingFaceFW/fineweb-edu,sample-10BT,text,train,train,210000000,M0,12,768,12,2048,256,16,2,32768,100000000,4000000,3050,50,10,3407,rlb_muon,rlb_fused_fixed_strong_ffn,muon,0.0003,0.00003,0.10,--muon-momentum 0.95 --muon-ns-steps 5 --muon-adjust-lr-fn match_rms_adamw
94,E1_m0_100m_fineweb_edu_m0_100m_seed3407_silu_lion,E1_m0_100m,fineweb_edu,HuggingFaceFW/fineweb-edu,sample-10BT,text,train,train,210000000,M0,12,768,12,2048,256,16,2,32768,100000000,4000000,3050,50,10,3407,silu_lion,silu,lion,0.0001,0.00001,0.10,
95,E1_m0_100m_fineweb_edu_m0_100m_seed3407_rlb_lion,E1_m0_100m,fineweb_edu,HuggingFaceFW/fineweb-edu,sample-10BT,text,train,train,210000000,M0,12,768,12,2048,256,16,2,32768,100000000,4000000,3050,50,10,3407,rlb_lion,rlb_fused_fixed_strong_ffn,lion,0.0001,0.00001,0.10,
96,E1_m0_100m_fineweb_edu_m0_100m_seed3407_silu_soap,E1_m0_100m,fineweb_edu,HuggingFaceFW/fineweb-edu,sample-10BT,text,train,train,210000000,M0,12,768,12,2048,256,16,2,32768,100000000,4000000,3050,50,10,3407,silu_soap,silu,soap_adamw,0.0003,0.00003,0.10,--soap-precondition-frequency 50 --no-soap-one-sided
97,E1_m0_100m_fineweb_edu_m0_100m_seed3407_rlb_soap,E1_m0_100m,fineweb_edu,HuggingFaceFW/fineweb-edu,sample-10BT,text,train,train,210000000,M0,12,768,12,2048,256,16,2,32768,100000000,4000000,3050,50,10,3407,rlb_soap,rlb_fused_fixed_strong_ffn,soap_adamw,0.0003,0.00003,0.10,--soap-precondition-frequency 50 --no-soap-one-sided
98,E1_m0_100m_fineweb_edu_m0_100m_seed3407_silu_ademamix,E1_m0_100m,fineweb_edu,HuggingFaceFW/fineweb-edu,sample-10BT,text,train,train,210000000,M0,12,768,12,2048,256,16,2,32768,100000000,4000000,3050,50,10,3407,silu_ademamix,silu,ademamix,0.0003,0.00003,0.10,--ademamix-alpha 5.0 --ademamix-beta3 0.9999
99,E1_m0_100m_fineweb_edu_m0_100m_seed3407_rlb_ademamix,E1_m0_100m,fineweb_edu,HuggingFaceFW/fineweb-edu,sample-10BT,text,train,train,210000000,M0,12,768,12,2048,256,16,2,32768,100000000,4000000,3050,50,10,3407,rlb_ademamix,rlb_fused_fixed_strong_ffn,ademamix,0.0003,0.00003,0.10,--ademamix-alpha 5.0 --ademamix-beta3 0.9999
100,E1_m0_100m_fineweb_edu_m0_100m_seed3407_silu_came,E1_m0_100m,fineweb_edu,HuggingFaceFW/fineweb-edu,sample-10BT,text,train,train,210000000,M0,12,768,12,2048,256,16,2,32768,100000000,4000000,3050,50,10,3407,silu_came,silu,adafactor_came,0.0003,0.00003,0.10,--came-confidence-scale 1.0
101,E1_m0_100m_fineweb_edu_m0_100m_seed3407_rlb_came,E1_m0_100m,fineweb_edu,HuggingFaceFW/fineweb-edu,sample-10BT,text,train,train,210000000,M0,12,768,12,2048,256,16,2,32768,100000000,4000000,3050,50,10,3407,rlb_came,rlb_fused_fixed_strong_ffn,adafactor_came,0.0003,0.00003,0.10,--came-confidence-scale 1.0
102,E1_m0_100m_fineweb_edu_m0_100m_seed3407_silu_schedulefree,E1_m0_100m,fineweb_edu,HuggingFaceFW/fineweb-edu,sample-10BT,text,train,train,210000000,M0,12,768,12,2048,256,16,2,32768,100000000,4000000,3050,50,10,3407,silu_schedulefree,silu,schedule_free_adamw,0.0003,0.00003,0.10,--schedule-free-beta1 0.90 --schedule-free-warmup-steps 0
103,E1_m0_100m_fineweb_edu_m0_100m_seed3407_rlb_schedulefree,E1_m0_100m,fineweb_edu,HuggingFaceFW/fineweb-edu,sample-10BT,text,train,train,210000000,M0,12,768,12,2048,256,16,2,32768,100000000,4000000,3050,50,10,3407,rlb_schedulefree,rlb_fused_fixed_strong_ffn,schedule_free_adamw,0.0003,0.00003,0.10,--schedule-free-beta1 0.90 --schedule-free-warmup-steps 0
104,E1_m0_100m_fineweb_edu_m0_100m_seed3407_rlb_matrixpolicy_original,E1_m0_100m,fineweb_edu,HuggingFaceFW/fineweb-edu,sample-10BT,text,train,train,210000000,M0,12,768,12,2048,256,16,2,32768,100000000,4000000,3050,50,10,3407,rlb_matrixpolicy_original,rlb_fused_fixed_strong_ffn,rational_matrix_policy_onpolicy,0.0003,0.00003,0.10,--rational-matrix-policy-backbone-optimizer adamw --rational-matrix-policy-adam-lr-scale 3.0 --rational-matrix-policy-group-gain-strength 0.20 --rational-matrix-policy-group-pressure-strength 0.10 --rational-matrix-policy-group-activity-damping 0.20 --rational-matrix-policy-group-start 0.02 --rational-matrix-policy-group-end 0.30 --rational-matrix-policy-group-min-scale 0.75 --rational-matrix-policy-group-max-scale 1.35
105,E1_m0_100m_fineweb_m0_100m_seed1337_silu_adamw,E1_m0_100m,fineweb,HuggingFaceFW/fineweb,sample-10BT,text,train,train,210000000,M0,12,768,12,2048,256,16,2,32768,100000000,4000000,3050,50,10,1337,silu_adamw,silu,adamw,0.0003,0.00003,0.10,
106,E1_m0_100m_fineweb_m0_100m_seed1337_rlb_adamw,E1_m0_100m,fineweb,HuggingFaceFW/fineweb,sample-10BT,text,train,train,210000000,M0,12,768,12,2048,256,16,2,32768,100000000,4000000,3050,50,10,1337,rlb_adamw,rlb_fused_fixed_strong_ffn,adamw,0.0003,0.00003,0.10,
107,E1_m0_100m_fineweb_m0_100m_seed1337_silu_muon,E1_m0_100m,fineweb,HuggingFaceFW/fineweb,sample-10BT,text,train,train,210000000,M0,12,768,12,2048,256,16,2,32768,100000000,4000000,3050,50,10,1337,silu_muon,silu,muon,0.0003,0.00003,0.10,--muon-momentum 0.95 --muon-ns-steps 5 --muon-adjust-lr-fn match_rms_adamw
108,E1_m0_100m_fineweb_m0_100m_seed1337_rlb_muon,E1_m0_100m,fineweb,HuggingFaceFW/fineweb,sample-10BT,text,train,train,210000000,M0,12,768,12,2048,256,16,2,32768,100000000,4000000,3050,50,10,1337,rlb_muon,rlb_fused_fixed_strong_ffn,muon,0.0003,0.00003,0.10,--muon-momentum 0.95 --muon-ns-steps 5 --muon-adjust-lr-fn match_rms_adamw
109,E1_m0_100m_fineweb_m0_100m_seed1337_silu_lion,E1_m0_100m,fineweb,HuggingFaceFW/fineweb,sample-10BT,text,train,train,210000000,M0,12,768,12,2048,256,16,2,32768,100000000,4000000,3050,50,10,1337,silu_lion,silu,lion,0.0001,0.00001,0.10,
110,E1_m0_100m_fineweb_m0_100m_seed1337_rlb_lion,E1_m0_100m,fineweb,HuggingFaceFW/fineweb,sample-10BT,text,train,train,210000000,M0,12,768,12,2048,256,16,2,32768,100000000,4000000,3050,50,10,1337,rlb_lion,rlb_fused_fixed_strong_ffn,lion,0.0001,0.00001,0.10,
111,E1_m0_100m_fineweb_m0_100m_seed1337_silu_soap,E1_m0_100m,fineweb,HuggingFaceFW/fineweb,sample-10BT,text,train,train,210000000,M0,12,768,12,2048,256,16,2,32768,100000000,4000000,3050,50,10,1337,silu_soap,silu,soap_adamw,0.0003,0.00003,0.10,--soap-precondition-frequency 50 --no-soap-one-sided
112,E1_m0_100m_fineweb_m0_100m_seed1337_rlb_soap,E1_m0_100m,fineweb,HuggingFaceFW/fineweb,sample-10BT,text,train,train,210000000,M0,12,768,12,2048,256,16,2,32768,100000000,4000000,3050,50,10,1337,rlb_soap,rlb_fused_fixed_strong_ffn,soap_adamw,0.0003,0.00003,0.10,--soap-precondition-frequency 50 --no-soap-one-sided
113,E1_m0_100m_fineweb_m0_100m_seed1337_silu_ademamix,E1_m0_100m,fineweb,HuggingFaceFW/fineweb,sample-10BT,text,train,train,210000000,M0,12,768,12,2048,256,16,2,32768,100000000,4000000,3050,50,10,1337,silu_ademamix,silu,ademamix,0.0003,0.00003,0.10,--ademamix-alpha 5.0 --ademamix-beta3 0.9999
114,E1_m0_100m_fineweb_m0_100m_seed1337_rlb_ademamix,E1_m0_100m,fineweb,HuggingFaceFW/fineweb,sample-10BT,text,train,train,210000000,M0,12,768,12,2048,256,16,2,32768,100000000,4000000,3050,50,10,1337,rlb_ademamix,rlb_fused_fixed_strong_ffn,ademamix,0.0003,0.00003,0.10,--ademamix-alpha 5.0 --ademamix-beta3 0.9999
115,E1_m0_100m_fineweb_m0_100m_seed1337_silu_came,E1_m0_100m,fineweb,HuggingFaceFW/fineweb,sample-10BT,text,train,train,210000000,M0,12,768,12,2048,256,16,2,32768,100000000,4000000,3050,50,10,1337,silu_came,silu,adafactor_came,0.0003,0.00003,0.10,--came-confidence-scale 1.0
116,E1_m0_100m_fineweb_m0_100m_seed1337_rlb_came,E1_m0_100m,fineweb,HuggingFaceFW/fineweb,sample-10BT,text,train,train,210000000,M0,12,768,12,2048,256,16,2,32768,100000000,4000000,3050,50,10,1337,rlb_came,rlb_fused_fixed_strong_ffn,adafactor_came,0.0003,0.00003,0.10,--came-confidence-scale 1.0
117,E1_m0_100m_fineweb_m0_100m_seed1337_silu_schedulefree,E1_m0_100m,fineweb,HuggingFaceFW/fineweb,sample-10BT,text,train,train,210000000,M0,12,768,12,2048,256,16,2,32768,100000000,4000000,3050,50,10,1337,silu_schedulefree,silu,schedule_free_adamw,0.0003,0.00003,0.10,--schedule-free-beta1 0.90 --schedule-free-warmup-steps 0
118,E1_m0_100m_fineweb_m0_100m_seed1337_rlb_schedulefree,E1_m0_100m,fineweb,HuggingFaceFW/fineweb,sample-10BT,text,train,train,210000000,M0,12,768,12,2048,256,16,2,32768,100000000,4000000,3050,50,10,1337,rlb_schedulefree,rlb_fused_fixed_strong_ffn,schedule_free_adamw,0.0003,0.00003,0.10,--schedule-free-beta1 0.90 --schedule-free-warmup-steps 0
119,E1_m0_100m_fineweb_m0_100m_seed1337_rlb_matrixpolicy_original,E1_m0_100m,fineweb,HuggingFaceFW/fineweb,sample-10BT,text,train,train,210000000,M0,12,768,12,2048,256,16,2,32768,100000000,4000000,3050,50,10,1337,rlb_matrixpolicy_original,rlb_fused_fixed_strong_ffn,rational_matrix_policy_onpolicy,0.0003,0.00003,0.10,--rational-matrix-policy-backbone-optimizer adamw --rational-matrix-policy-adam-lr-scale 3.0 --rational-matrix-policy-group-gain-strength 0.20 --rational-matrix-policy-group-pressure-strength 0.10 --rational-matrix-policy-group-activity-damping 0.20 --rational-matrix-policy-group-start 0.02 --rational-matrix-policy-group-end 0.30 --rational-matrix-policy-group-min-scale 0.75 --rational-matrix-policy-group-max-scale 1.35
120,E1_m0_100m_fineweb_m0_100m_seed2027_silu_adamw,E1_m0_100m,fineweb,HuggingFaceFW/fineweb,sample-10BT,text,train,train,210000000,M0,12,768,12,2048,256,16,2,32768,100000000,4000000,3050,50,10,2027,silu_adamw,silu,adamw,0.0003,0.00003,0.10,
121,E1_m0_100m_fineweb_m0_100m_seed2027_rlb_adamw,E1_m0_100m,fineweb,HuggingFaceFW/fineweb,sample-10BT,text,train,train,210000000,M0,12,768,12,2048,256,16,2,32768,100000000,4000000,3050,50,10,2027,rlb_adamw,rlb_fused_fixed_strong_ffn,adamw,0.0003,0.00003,0.10,
122,E1_m0_100m_fineweb_m0_100m_seed2027_silu_muon,E1_m0_100m,fineweb,HuggingFaceFW/fineweb,sample-10BT,text,train,train,210000000,M0,12,768,12,2048,256,16,2,32768,100000000,4000000,3050,50,10,2027,silu_muon,silu,muon,0.0003,0.00003,0.10,--muon-momentum 0.95 --muon-ns-steps 5 --muon-adjust-lr-fn match_rms_adamw
123,E1_m0_100m_fineweb_m0_100m_seed2027_rlb_muon,E1_m0_100m,fineweb,HuggingFaceFW/fineweb,sample-10BT,text,train,train,210000000,M0,12,768,12,2048,256,16,2,32768,100000000,4000000,3050,50,10,2027,rlb_muon,rlb_fused_fixed_strong_ffn,muon,0.0003,0.00003,0.10,--muon-momentum 0.95 --muon-ns-steps 5 --muon-adjust-lr-fn match_rms_adamw
124,E1_m0_100m_fineweb_m0_100m_seed2027_silu_lion,E1_m0_100m,fineweb,HuggingFaceFW/fineweb,sample-10BT,text,train,train,210000000,M0,12,768,12,2048,256,16,2,32768,100000000,4000000,3050,50,10,2027,silu_lion,silu,lion,0.0001,0.00001,0.10,
125,E1_m0_100m_fineweb_m0_100m_seed2027_rlb_lion,E1_m0_100m,fineweb,HuggingFaceFW/fineweb,sample-10BT,text,train,train,210000000,M0,12,768,12,2048,256,16,2,32768,100000000,4000000,3050,50,10,2027,rlb_lion,rlb_fused_fixed_strong_ffn,lion,0.0001,0.00001,0.10,
126,E1_m0_100m_fineweb_m0_100m_seed2027_silu_soap,E1_m0_100m,fineweb,HuggingFaceFW/fineweb,sample-10BT,text,train,train,210000000,M0,12,768,12,2048,256,16,2,32768,100000000,4000000,3050,50,10,2027,silu_soap,silu,soap_adamw,0.0003,0.00003,0.10,--soap-precondition-frequency 50 --no-soap-one-sided
127,E1_m0_100m_fineweb_m0_100m_seed2027_rlb_soap,E1_m0_100m,fineweb,HuggingFaceFW/fineweb,sample-10BT,text,train,train,210000000,M0,12,768,12,2048,256,16,2,32768,100000000,4000000,3050,50,10,2027,rlb_soap,rlb_fused_fixed_strong_ffn,soap_adamw,0.0003,0.00003,0.10,--soap-precondition-frequency 50 --no-soap-one-sided
128,E1_m0_100m_fineweb_m0_100m_seed2027_silu_ademamix,E1_m0_100m,fineweb,HuggingFaceFW/fineweb,sample-10BT,text,train,train,210000000,M0,12,768,12,2048,256,16,2,32768,100000000,4000000,3050,50,10,2027,silu_ademamix,silu,ademamix,0.0003,0.00003,0.10,--ademamix-alpha 5.0 --ademamix-beta3 0.9999
129,E1_m0_100m_fineweb_m0_100m_seed2027_rlb_ademamix,E1_m0_100m,fineweb,HuggingFaceFW/fineweb,sample-10BT,text,train,train,210000000,M0,12,768,12,2048,256,16,2,32768,100000000,4000000,3050,50,10,2027,rlb_ademamix,rlb_fused_fixed_strong_ffn,ademamix,0.0003,0.00003,0.10,--ademamix-alpha 5.0 --ademamix-beta3 0.9999
130,E1_m0_100m_fineweb_m0_100m_seed2027_silu_came,E1_m0_100m,fineweb,HuggingFaceFW/fineweb,sample-10BT,text,train,train,210000000,M0,12,768,12,2048,256,16,2,32768,100000000,4000000,3050,50,10,2027,silu_came,silu,adafactor_came,0.0003,0.00003,0.10,--came-confidence-scale 1.0
131,E1_m0_100m_fineweb_m0_100m_seed2027_rlb_came,E1_m0_100m,fineweb,HuggingFaceFW/fineweb,sample-10BT,text,train,train,210000000,M0,12,768,12,2048,256,16,2,32768,100000000,4000000,3050,50,10,2027,rlb_came,rlb_fused_fixed_strong_ffn,adafactor_came,0.0003,0.00003,0.10,--came-confidence-scale 1.0
132,E1_m0_100m_fineweb_m0_100m_seed2027_silu_schedulefree,E1_m0_100m,fineweb,HuggingFaceFW/fineweb,sample-10BT,text,train,train,210000000,M0,12,768,12,2048,256,16,2,32768,100000000,4000000,3050,50,10,2027,silu_schedulefree,silu,schedule_free_adamw,0.0003,0.00003,0.10,--schedule-free-beta1 0.90 --schedule-free-warmup-steps 0
133,E1_m0_100m_fineweb_m0_100m_seed2027_rlb_schedulefree,E1_m0_100m,fineweb,HuggingFaceFW/fineweb,sample-10BT,text,train,train,210000000,M0,12,768,12,2048,256,16,2,32768,100000000,4000000,3050,50,10,2027,rlb_schedulefree,rlb_fused_fixed_strong_ffn,schedule_free_adamw,0.0003,0.00003,0.10,--schedule-free-beta1 0.90 --schedule-free-warmup-steps 0
134,E1_m0_100m_fineweb_m0_100m_seed2027_rlb_matrixpolicy_original,E1_m0_100m,fineweb,HuggingFaceFW/fineweb,sample-10BT,text,train,train,210000000,M0,12,768,12,2048,256,16,2,32768,100000000,4000000,3050,50,10,2027,rlb_matrixpolicy_original,rlb_fused_fixed_strong_ffn,rational_matrix_policy_onpolicy,0.0003,0.00003,0.10,--rational-matrix-policy-backbone-optimizer adamw --rational-matrix-policy-adam-lr-scale 3.0 --rational-matrix-policy-group-gain-strength 0.20 --rational-matrix-policy-group-pressure-strength 0.10 --rational-matrix-policy-group-activity-damping 0.20 --rational-matrix-policy-group-start 0.02 --rational-matrix-policy-group-end 0.30 --rational-matrix-policy-group-min-scale 0.75 --rational-matrix-policy-group-max-scale 1.35
135,E1_m0_100m_fineweb_m0_100m_seed3407_silu_adamw,E1_m0_100m,fineweb,HuggingFaceFW/fineweb,sample-10BT,text,train,train,210000000,M0,12,768,12,2048,256,16,2,32768,100000000,4000000,3050,50,10,3407,silu_adamw,silu,adamw,0.0003,0.00003,0.10,
136,E1_m0_100m_fineweb_m0_100m_seed3407_rlb_adamw,E1_m0_100m,fineweb,HuggingFaceFW/fineweb,sample-10BT,text,train,train,210000000,M0,12,768,12,2048,256,16,2,32768,100000000,4000000,3050,50,10,3407,rlb_adamw,rlb_fused_fixed_strong_ffn,adamw,0.0003,0.00003,0.10,
137,E1_m0_100m_fineweb_m0_100m_seed3407_silu_muon,E1_m0_100m,fineweb,HuggingFaceFW/fineweb,sample-10BT,text,train,train,210000000,M0,12,768,12,2048,256,16,2,32768,100000000,4000000,3050,50,10,3407,silu_muon,silu,muon,0.0003,0.00003,0.10,--muon-momentum 0.95 --muon-ns-steps 5 --muon-adjust-lr-fn match_rms_adamw
138,E1_m0_100m_fineweb_m0_100m_seed3407_rlb_muon,E1_m0_100m,fineweb,HuggingFaceFW/fineweb,sample-10BT,text,train,train,210000000,M0,12,768,12,2048,256,16,2,32768,100000000,4000000,3050,50,10,3407,rlb_muon,rlb_fused_fixed_strong_ffn,muon,0.0003,0.00003,0.10,--muon-momentum 0.95 --muon-ns-steps 5 --muon-adjust-lr-fn match_rms_adamw
139,E1_m0_100m_fineweb_m0_100m_seed3407_silu_lion,E1_m0_100m,fineweb,HuggingFaceFW/fineweb,sample-10BT,text,train,train,210000000,M0,12,768,12,2048,256,16,2,32768,100000000,4000000,3050,50,10,3407,silu_lion,silu,lion,0.0001,0.00001,0.10,
140,E1_m0_100m_fineweb_m0_100m_seed3407_rlb_lion,E1_m0_100m,fineweb,HuggingFaceFW/fineweb,sample-10BT,text,train,train,210000000,M0,12,768,12,2048,256,16,2,32768,100000000,4000000,3050,50,10,3407,rlb_lion,rlb_fused_fixed_strong_ffn,lion,0.0001,0.00001,0.10,
141,E1_m0_100m_fineweb_m0_100m_seed3407_silu_soap,E1_m0_100m,fineweb,HuggingFaceFW/fineweb,sample-10BT,text,train,train,210000000,M0,12,768,12,2048,256,16,2,32768,100000000,4000000,3050,50,10,3407,silu_soap,silu,soap_adamw,0.0003,0.00003,0.10,--soap-precondition-frequency 50 --no-soap-one-sided
142,E1_m0_100m_fineweb_m0_100m_seed3407_rlb_soap,E1_m0_100m,fineweb,HuggingFaceFW/fineweb,sample-10BT,text,train,train,210000000,M0,12,768,12,2048,256,16,2,32768,100000000,4000000,3050,50,10,3407,rlb_soap,rlb_fused_fixed_strong_ffn,soap_adamw,0.0003,0.00003,0.10,--soap-precondition-frequency 50 --no-soap-one-sided
143,E1_m0_100m_fineweb_m0_100m_seed3407_silu_ademamix,E1_m0_100m,fineweb,HuggingFaceFW/fineweb,sample-10BT,text,train,train,210000000,M0,12,768,12,2048,256,16,2,32768,100000000,4000000,3050,50,10,3407,silu_ademamix,silu,ademamix,0.0003,0.00003,0.10,--ademamix-alpha 5.0 --ademamix-beta3 0.9999
144,E1_m0_100m_fineweb_m0_100m_seed3407_rlb_ademamix,E1_m0_100m,fineweb,HuggingFaceFW/fineweb,sample-10BT,text,train,train,210000000,M0,12,768,12,2048,256,16,2,32768,100000000,4000000,3050,50,10,3407,rlb_ademamix,rlb_fused_fixed_strong_ffn,ademamix,0.0003,0.00003,0.10,--ademamix-alpha 5.0 --ademamix-beta3 0.9999
145,E1_m0_100m_fineweb_m0_100m_seed3407_silu_came,E1_m0_100m,fineweb,HuggingFaceFW/fineweb,sample-10BT,text,train,train,210000000,M0,12,768,12,2048,256,16,2,32768,100000000,4000000,3050,50,10,3407,silu_came,silu,adafactor_came,0.0003,0.00003,0.10,--came-confidence-scale 1.0
146,E1_m0_100m_fineweb_m0_100m_seed3407_rlb_came,E1_m0_100m,fineweb,HuggingFaceFW/fineweb,sample-10BT,text,train,train,210000000,M0,12,768,12,2048,256,16,2,32768,100000000,4000000,3050,50,10,3407,rlb_came,rlb_fused_fixed_strong_ffn,adafactor_came,0.0003,0.00003,0.10,--came-confidence-scale 1.0
147,E1_m0_100m_fineweb_m0_100m_seed3407_silu_schedulefree,E1_m0_100m,fineweb,HuggingFaceFW/fineweb,sample-10BT,text,train,train,210000000,M0,12,768,12,2048,256,16,2,32768,100000000,4000000,3050,50,10,3407,silu_schedulefree,silu,schedule_free_adamw,0.0003,0.00003,0.10,--schedule-free-beta1 0.90 --schedule-free-warmup-steps 0
148,E1_m0_100m_fineweb_m0_100m_seed3407_rlb_schedulefree,E1_m0_100m,fineweb,HuggingFaceFW/fineweb,sample-10BT,text,train,train,210000000,M0,12,768,12,2048,256,16,2,32768,100000000,4000000,3050,50,10,3407,rlb_schedulefree,rlb_fused_fixed_strong_ffn,schedule_free_adamw,0.0003,0.00003,0.10,--schedule-free-beta1 0.90 --schedule-free-warmup-steps 0
149,E1_m0_100m_fineweb_m0_100m_seed3407_rlb_matrixpolicy_original,E1_m0_100m,fineweb,HuggingFaceFW/fineweb,sample-10BT,text,train,train,210000000,M0,12,768,12,2048,256,16,2,32768,100000000,4000000,3050,50,10,3407,rlb_matrixpolicy_original,rlb_fused_fixed_strong_ffn,rational_matrix_policy_onpolicy,0.0003,0.00003,0.10,--rational-matrix-policy-backbone-optimizer adamw --rational-matrix-policy-adam-lr-scale 3.0 --rational-matrix-policy-group-gain-strength 0.20 --rational-matrix-policy-group-pressure-strength 0.10 --rational-matrix-policy-group-activity-damping 0.20 --rational-matrix-policy-group-start 0.02 --rational-matrix-policy-group-end 0.30 --rational-matrix-policy-group-min-scale 0.75 --rational-matrix-policy-group-max-scale 1.35
150,E1_m0_100m_dolma_sample_m0_100m_seed1337_silu_adamw,E1_m0_100m,dolma_sample,allenai/dolma,v1_6-sample,text,train,train,210000000,M0,12,768,12,2048,256,16,2,32768,100000000,4000000,3050,50,10,1337,silu_adamw,silu,adamw,0.0003,0.00003,0.10,
151,E1_m0_100m_dolma_sample_m0_100m_seed1337_rlb_adamw,E1_m0_100m,dolma_sample,allenai/dolma,v1_6-sample,text,train,train,210000000,M0,12,768,12,2048,256,16,2,32768,100000000,4000000,3050,50,10,1337,rlb_adamw,rlb_fused_fixed_strong_ffn,adamw,0.0003,0.00003,0.10,
152,E1_m0_100m_dolma_sample_m0_100m_seed1337_silu_muon,E1_m0_100m,dolma_sample,allenai/dolma,v1_6-sample,text,train,train,210000000,M0,12,768,12,2048,256,16,2,32768,100000000,4000000,3050,50,10,1337,silu_muon,silu,muon,0.0003,0.00003,0.10,--muon-momentum 0.95 --muon-ns-steps 5 --muon-adjust-lr-fn match_rms_adamw
153,E1_m0_100m_dolma_sample_m0_100m_seed1337_rlb_muon,E1_m0_100m,dolma_sample,allenai/dolma,v1_6-sample,text,train,train,210000000,M0,12,768,12,2048,256,16,2,32768,100000000,4000000,3050,50,10,1337,rlb_muon,rlb_fused_fixed_strong_ffn,muon,0.0003,0.00003,0.10,--muon-momentum 0.95 --muon-ns-steps 5 --muon-adjust-lr-fn match_rms_adamw
154,E1_m0_100m_dolma_sample_m0_100m_seed1337_silu_lion,E1_m0_100m,dolma_sample,allenai/dolma,v1_6-sample,text,train,train,210000000,M0,12,768,12,2048,256,16,2,32768,100000000,4000000,3050,50,10,1337,silu_lion,silu,lion,0.0001,0.00001,0.10,
155,E1_m0_100m_dolma_sample_m0_100m_seed1337_rlb_lion,E1_m0_100m,dolma_sample,allenai/dolma,v1_6-sample,text,train,train,210000000,M0,12,768,12,2048,256,16,2,32768,100000000,4000000,3050,50,10,1337,rlb_lion,rlb_fused_fixed_strong_ffn,lion,0.0001,0.00001,0.10,
156,E1_m0_100m_dolma_sample_m0_100m_seed1337_silu_soap,E1_m0_100m,dolma_sample,allenai/dolma,v1_6-sample,text,train,train,210000000,M0,12,768,12,2048,256,16,2,32768,100000000,4000000,3050,50,10,1337,silu_soap,silu,soap_adamw,0.0003,0.00003,0.10,--soap-precondition-frequency 50 --no-soap-one-sided
157,E1_m0_100m_dolma_sample_m0_100m_seed1337_rlb_soap,E1_m0_100m,dolma_sample,allenai/dolma,v1_6-sample,text,train,train,210000000,M0,12,768,12,2048,256,16,2,32768,100000000,4000000,3050,50,10,1337,rlb_soap,rlb_fused_fixed_strong_ffn,soap_adamw,0.0003,0.00003,0.10,--soap-precondition-frequency 50 --no-soap-one-sided
158,E1_m0_100m_dolma_sample_m0_100m_seed1337_silu_ademamix,E1_m0_100m,dolma_sample,allenai/dolma,v1_6-sample,text,train,train,210000000,M0,12,768,12,2048,256,16,2,32768,100000000,4000000,3050,50,10,1337,silu_ademamix,silu,ademamix,0.0003,0.00003,0.10,--ademamix-alpha 5.0 --ademamix-beta3 0.9999
159,E1_m0_100m_dolma_sample_m0_100m_seed1337_rlb_ademamix,E1_m0_100m,dolma_sample,allenai/dolma,v1_6-sample,text,train,train,210000000,M0,12,768,12,2048,256,16,2,32768,100000000,4000000,3050,50,10,1337,rlb_ademamix,rlb_fused_fixed_strong_ffn,ademamix,0.0003,0.00003,0.10,--ademamix-alpha 5.0 --ademamix-beta3 0.9999
160,E1_m0_100m_dolma_sample_m0_100m_seed1337_silu_came,E1_m0_100m,dolma_sample,allenai/dolma,v1_6-sample,text,train,train,210000000,M0,12,768,12,2048,256,16,2,32768,100000000,4000000,3050,50,10,1337,silu_came,silu,adafactor_came,0.0003,0.00003,0.10,--came-confidence-scale 1.0
161,E1_m0_100m_dolma_sample_m0_100m_seed1337_rlb_came,E1_m0_100m,dolma_sample,allenai/dolma,v1_6-sample,text,train,train,210000000,M0,12,768,12,2048,256,16,2,32768,100000000,4000000,3050,50,10,1337,rlb_came,rlb_fused_fixed_strong_ffn,adafactor_came,0.0003,0.00003,0.10,--came-confidence-scale 1.0
162,E1_m0_100m_dolma_sample_m0_100m_seed1337_silu_schedulefree,E1_m0_100m,dolma_sample,allenai/dolma,v1_6-sample,text,train,train,210000000,M0,12,768,12,2048,256,16,2,32768,100000000,4000000,3050,50,10,1337,silu_schedulefree,silu,schedule_free_adamw,0.0003,0.00003,0.10,--schedule-free-beta1 0.90 --schedule-free-warmup-steps 0
163,E1_m0_100m_dolma_sample_m0_100m_seed1337_rlb_schedulefree,E1_m0_100m,dolma_sample,allenai/dolma,v1_6-sample,text,train,train,210000000,M0,12,768,12,2048,256,16,2,32768,100000000,4000000,3050,50,10,1337,rlb_schedulefree,rlb_fused_fixed_strong_ffn,schedule_free_adamw,0.0003,0.00003,0.10,--schedule-free-beta1 0.90 --schedule-free-warmup-steps 0
164,E1_m0_100m_dolma_sample_m0_100m_seed1337_rlb_matrixpolicy_original,E1_m0_100m,dolma_sample,allenai/dolma,v1_6-sample,text,train,train,210000000,M0,12,768,12,2048,256,16,2,32768,100000000,4000000,3050,50,10,1337,rlb_matrixpolicy_original,rlb_fused_fixed_strong_ffn,rational_matrix_policy_onpolicy,0.0003,0.00003,0.10,--rational-matrix-policy-backbone-optimizer adamw --rational-matrix-policy-adam-lr-scale 3.0 --rational-matrix-policy-group-gain-strength 0.20 --rational-matrix-policy-group-pressure-strength 0.10 --rational-matrix-policy-group-activity-damping 0.20 --rational-matrix-policy-group-start 0.02 --rational-matrix-policy-group-end 0.30 --rational-matrix-policy-group-min-scale 0.75 --rational-matrix-policy-group-max-scale 1.35
165,E1_m0_100m_dolma_sample_m0_100m_seed2027_silu_adamw,E1_m0_100m,dolma_sample,allenai/dolma,v1_6-sample,text,train,train,210000000,M0,12,768,12,2048,256,16,2,32768,100000000,4000000,3050,50,10,2027,silu_adamw,silu,adamw,0.0003,0.00003,0.10,
166,E1_m0_100m_dolma_sample_m0_100m_seed2027_rlb_adamw,E1_m0_100m,dolma_sample,allenai/dolma,v1_6-sample,text,train,train,210000000,M0,12,768,12,2048,256,16,2,32768,100000000,4000000,3050,50,10,2027,rlb_adamw,rlb_fused_fixed_strong_ffn,adamw,0.0003,0.00003,0.10,
167,E1_m0_100m_dolma_sample_m0_100m_seed2027_silu_muon,E1_m0_100m,dolma_sample,allenai/dolma,v1_6-sample,text,train,train,210000000,M0,12,768,12,2048,256,16,2,32768,100000000,4000000,3050,50,10,2027,silu_muon,silu,muon,0.0003,0.00003,0.10,--muon-momentum 0.95 --muon-ns-steps 5 --muon-adjust-lr-fn match_rms_adamw
168,E1_m0_100m_dolma_sample_m0_100m_seed2027_rlb_muon,E1_m0_100m,dolma_sample,allenai/dolma,v1_6-sample,text,train,train,210000000,M0,12,768,12,2048,256,16,2,32768,100000000,4000000,3050,50,10,2027,rlb_muon,rlb_fused_fixed_strong_ffn,muon,0.0003,0.00003,0.10,--muon-momentum 0.95 --muon-ns-steps 5 --muon-adjust-lr-fn match_rms_adamw
169,E1_m0_100m_dolma_sample_m0_100m_seed2027_silu_lion,E1_m0_100m,dolma_sample,allenai/dolma,v1_6-sample,text,train,train,210000000,M0,12,768,12,2048,256,16,2,32768,100000000,4000000,3050,50,10,2027,silu_lion,silu,lion,0.0001,0.00001,0.10,
170,E1_m0_100m_dolma_sample_m0_100m_seed2027_rlb_lion,E1_m0_100m,dolma_sample,allenai/dolma,v1_6-sample,text,train,train,210000000,M0,12,768,12,2048,256,16,2,32768,100000000,4000000,3050,50,10,2027,rlb_lion,rlb_fused_fixed_strong_ffn,lion,0.0001,0.00001,0.10,
171,E1_m0_100m_dolma_sample_m0_100m_seed2027_silu_soap,E1_m0_100m,dolma_sample,allenai/dolma,v1_6-sample,text,train,train,210000000,M0,12,768,12,2048,256,16,2,32768,100000000,4000000,3050,50,10,2027,silu_soap,silu,soap_adamw,0.0003,0.00003,0.10,--soap-precondition-frequency 50 --no-soap-one-sided
172,E1_m0_100m_dolma_sample_m0_100m_seed2027_rlb_soap,E1_m0_100m,dolma_sample,allenai/dolma,v1_6-sample,text,train,train,210000000,M0,12,768,12,2048,256,16,2,32768,100000000,4000000,3050,50,10,2027,rlb_soap,rlb_fused_fixed_strong_ffn,soap_adamw,0.0003,0.00003,0.10,--soap-precondition-frequency 50 --no-soap-one-sided
173,E1_m0_100m_dolma_sample_m0_100m_seed2027_silu_ademamix,E1_m0_100m,dolma_sample,allenai/dolma,v1_6-sample,text,train,train,210000000,M0,12,768,12,2048,256,16,2,32768,100000000,4000000,3050,50,10,2027,silu_ademamix,silu,ademamix,0.0003,0.00003,0.10,--ademamix-alpha 5.0 --ademamix-beta3 0.9999
174,E1_m0_100m_dolma_sample_m0_100m_seed2027_rlb_ademamix,E1_m0_100m,dolma_sample,allenai/dolma,v1_6-sample,text,train,train,210000000,M0,12,768,12,2048,256,16,2,32768,100000000,4000000,3050,50,10,2027,rlb_ademamix,rlb_fused_fixed_strong_ffn,ademamix,0.0003,0.00003,0.10,--ademamix-alpha 5.0 --ademamix-beta3 0.9999
175,E1_m0_100m_dolma_sample_m0_100m_seed2027_silu_came,E1_m0_100m,dolma_sample,allenai/dolma,v1_6-sample,text,train,train,210000000,M0,12,768,12,2048,256,16,2,32768,100000000,4000000,3050,50,10,2027,silu_came,silu,adafactor_came,0.0003,0.00003,0.10,--came-confidence-scale 1.0
176,E1_m0_100m_dolma_sample_m0_100m_seed2027_rlb_came,E1_m0_100m,dolma_sample,allenai/dolma,v1_6-sample,text,train,train,210000000,M0,12,768,12,2048,256,16,2,32768,100000000,4000000,3050,50,10,2027,rlb_came,rlb_fused_fixed_strong_ffn,adafactor_came,0.0003,0.00003,0.10,--came-confidence-scale 1.0
177,E1_m0_100m_dolma_sample_m0_100m_seed2027_silu_schedulefree,E1_m0_100m,dolma_sample,allenai/dolma,v1_6-sample,text,train,train,210000000,M0,12,768,12,2048,256,16,2,32768,100000000,4000000,3050,50,10,2027,silu_schedulefree,silu,schedule_free_adamw,0.0003,0.00003,0.10,--schedule-free-beta1 0.90 --schedule-free-warmup-steps 0
178,E1_m0_100m_dolma_sample_m0_100m_seed2027_rlb_schedulefree,E1_m0_100m,dolma_sample,allenai/dolma,v1_6-sample,text,train,train,210000000,M0,12,768,12,2048,256,16,2,32768,100000000,4000000,3050,50,10,2027,rlb_schedulefree,rlb_fused_fixed_strong_ffn,schedule_free_adamw,0.0003,0.00003,0.10,--schedule-free-beta1 0.90 --schedule-free-warmup-steps 0
179,E1_m0_100m_dolma_sample_m0_100m_seed2027_rlb_matrixpolicy_original,E1_m0_100m,dolma_sample,allenai/dolma,v1_6-sample,text,train,train,210000000,M0,12,768,12,2048,256,16,2,32768,100000000,4000000,3050,50,10,2027,rlb_matrixpolicy_original,rlb_fused_fixed_strong_ffn,rational_matrix_policy_onpolicy,0.0003,0.00003,0.10,--rational-matrix-policy-backbone-optimizer adamw --rational-matrix-policy-adam-lr-scale 3.0 --rational-matrix-policy-group-gain-strength 0.20 --rational-matrix-policy-group-pressure-strength 0.10 --rational-matrix-policy-group-activity-damping 0.20 --rational-matrix-policy-group-start 0.02 --rational-matrix-policy-group-end 0.30 --rational-matrix-policy-group-min-scale 0.75 --rational-matrix-policy-group-max-scale 1.35
180,E1_m0_100m_dolma_sample_m0_100m_seed3407_silu_adamw,E1_m0_100m,dolma_sample,allenai/dolma,v1_6-sample,text,train,train,210000000,M0,12,768,12,2048,256,16,2,32768,100000000,4000000,3050,50,10,3407,silu_adamw,silu,adamw,0.0003,0.00003,0.10,
181,E1_m0_100m_dolma_sample_m0_100m_seed3407_rlb_adamw,E1_m0_100m,dolma_sample,allenai/dolma,v1_6-sample,text,train,train,210000000,M0,12,768,12,2048,256,16,2,32768,100000000,4000000,3050,50,10,3407,rlb_adamw,rlb_fused_fixed_strong_ffn,adamw,0.0003,0.00003,0.10,
182,E1_m0_100m_dolma_sample_m0_100m_seed3407_silu_muon,E1_m0_100m,dolma_sample,allenai/dolma,v1_6-sample,text,train,train,210000000,M0,12,768,12,2048,256,16,2,32768,100000000,4000000,3050,50,10,3407,silu_muon,silu,muon,0.0003,0.00003,0.10,--muon-momentum 0.95 --muon-ns-steps 5 --muon-adjust-lr-fn match_rms_adamw
183,E1_m0_100m_dolma_sample_m0_100m_seed3407_rlb_muon,E1_m0_100m,dolma_sample,allenai/dolma,v1_6-sample,text,train,train,210000000,M0,12,768,12,2048,256,16,2,32768,100000000,4000000,3050,50,10,3407,rlb_muon,rlb_fused_fixed_strong_ffn,muon,0.0003,0.00003,0.10,--muon-momentum 0.95 --muon-ns-steps 5 --muon-adjust-lr-fn match_rms_adamw
184,E1_m0_100m_dolma_sample_m0_100m_seed3407_silu_lion,E1_m0_100m,dolma_sample,allenai/dolma,v1_6-sample,text,train,train,210000000,M0,12,768,12,2048,256,16,2,32768,100000000,4000000,3050,50,10,3407,silu_lion,silu,lion,0.0001,0.00001,0.10,
185,E1_m0_100m_dolma_sample_m0_100m_seed3407_rlb_lion,E1_m0_100m,dolma_sample,allenai/dolma,v1_6-sample,text,train,train,210000000,M0,12,768,12,2048,256,16,2,32768,100000000,4000000,3050,50,10,3407,rlb_lion,rlb_fused_fixed_strong_ffn,lion,0.0001,0.00001,0.10,
186,E1_m0_100m_dolma_sample_m0_100m_seed3407_silu_soap,E1_m0_100m,dolma_sample,allenai/dolma,v1_6-sample,text,train,train,210000000,M0,12,768,12,2048,256,16,2,32768,100000000,4000000,3050,50,10,3407,silu_soap,silu,soap_adamw,0.0003,0.00003,0.10,--soap-precondition-frequency 50 --no-soap-one-sided
187,E1_m0_100m_dolma_sample_m0_100m_seed3407_rlb_soap,E1_m0_100m,dolma_sample,allenai/dolma,v1_6-sample,text,train,train,210000000,M0,12,768,12,2048,256,16,2,32768,100000000,4000000,3050,50,10,3407,rlb_soap,rlb_fused_fixed_strong_ffn,soap_adamw,0.0003,0.00003,0.10,--soap-precondition-frequency 50 --no-soap-one-sided
188,E1_m0_100m_dolma_sample_m0_100m_seed3407_silu_ademamix,E1_m0_100m,dolma_sample,allenai/dolma,v1_6-sample,text,train,train,210000000,M0,12,768,12,2048,256,16,2,32768,100000000,4000000,3050,50,10,3407,silu_ademamix,silu,ademamix,0.0003,0.00003,0.10,--ademamix-alpha 5.0 --ademamix-beta3 0.9999
189,E1_m0_100m_dolma_sample_m0_100m_seed3407_rlb_ademamix,E1_m0_100m,dolma_sample,allenai/dolma,v1_6-sample,text,train,train,210000000,M0,12,768,12,2048,256,16,2,32768,100000000,4000000,3050,50,10,3407,rlb_ademamix,rlb_fused_fixed_strong_ffn,ademamix,0.0003,0.00003,0.10,--ademamix-alpha 5.0 --ademamix-beta3 0.9999
190,E1_m0_100m_dolma_sample_m0_100m_seed3407_silu_came,E1_m0_100m,dolma_sample,allenai/dolma,v1_6-sample,text,train,train,210000000,M0,12,768,12,2048,256,16,2,32768,100000000,4000000,3050,50,10,3407,silu_came,silu,adafactor_came,0.0003,0.00003,0.10,--came-confidence-scale 1.0
191,E1_m0_100m_dolma_sample_m0_100m_seed3407_rlb_came,E1_m0_100m,dolma_sample,allenai/dolma,v1_6-sample,text,train,train,210000000,M0,12,768,12,2048,256,16,2,32768,100000000,4000000,3050,50,10,3407,rlb_came,rlb_fused_fixed_strong_ffn,adafactor_came,0.0003,0.00003,0.10,--came-confidence-scale 1.0
192,E1_m0_100m_dolma_sample_m0_100m_seed3407_silu_schedulefree,E1_m0_100m,dolma_sample,allenai/dolma,v1_6-sample,text,train,train,210000000,M0,12,768,12,2048,256,16,2,32768,100000000,4000000,3050,50,10,3407,silu_schedulefree,silu,schedule_free_adamw,0.0003,0.00003,0.10,--schedule-free-beta1 0.90 --schedule-free-warmup-steps 0
193,E1_m0_100m_dolma_sample_m0_100m_seed3407_rlb_schedulefree,E1_m0_100m,dolma_sample,allenai/dolma,v1_6-sample,text,train,train,210000000,M0,12,768,12,2048,256,16,2,32768,100000000,4000000,3050,50,10,3407,rlb_schedulefree,rlb_fused_fixed_strong_ffn,schedule_free_adamw,0.0003,0.00003,0.10,--schedule-free-beta1 0.90 --schedule-free-warmup-steps 0
194,E1_m0_100m_dolma_sample_m0_100m_seed3407_rlb_matrixpolicy_original,E1_m0_100m,dolma_sample,allenai/dolma,v1_6-sample,text,train,train,210000000,M0,12,768,12,2048,256,16,2,32768,100000000,4000000,3050,50,10,3407,rlb_matrixpolicy_original,rlb_fused_fixed_strong_ffn,rational_matrix_policy_onpolicy,0.0003,0.00003,0.10,--rational-matrix-policy-backbone-optimizer adamw --rational-matrix-policy-adam-lr-scale 3.0 --rational-matrix-policy-group-gain-strength 0.20 --rational-matrix-policy-group-pressure-strength 0.10 --rational-matrix-policy-group-activity-damping 0.20 --rational-matrix-policy-group-start 0.02 --rational-matrix-policy-group-end 0.30 --rational-matrix-policy-group-min-scale 0.75 --rational-matrix-policy-group-max-scale 1.35
195,E1_m0_100m_c4_en_m0_100m_seed1337_silu_adamw,E1_m0_100m,c4_en,allenai/c4,en,text,train,validation,0,M0,12,768,12,2048,256,16,2,32768,100000000,4000000,3050,50,10,1337,silu_adamw,silu,adamw,0.0003,0.00003,0.10,
196,E1_m0_100m_c4_en_m0_100m_seed1337_rlb_adamw,E1_m0_100m,c4_en,allenai/c4,en,text,train,validation,0,M0,12,768,12,2048,256,16,2,32768,100000000,4000000,3050,50,10,1337,rlb_adamw,rlb_fused_fixed_strong_ffn,adamw,0.0003,0.00003,0.10,
197,E1_m0_100m_c4_en_m0_100m_seed1337_silu_muon,E1_m0_100m,c4_en,allenai/c4,en,text,train,validation,0,M0,12,768,12,2048,256,16,2,32768,100000000,4000000,3050,50,10,1337,silu_muon,silu,muon,0.0003,0.00003,0.10,--muon-momentum 0.95 --muon-ns-steps 5 --muon-adjust-lr-fn match_rms_adamw
198,E1_m0_100m_c4_en_m0_100m_seed1337_rlb_muon,E1_m0_100m,c4_en,allenai/c4,en,text,train,validation,0,M0,12,768,12,2048,256,16,2,32768,100000000,4000000,3050,50,10,1337,rlb_muon,rlb_fused_fixed_strong_ffn,muon,0.0003,0.00003,0.10,--muon-momentum 0.95 --muon-ns-steps 5 --muon-adjust-lr-fn match_rms_adamw
199,E1_m0_100m_c4_en_m0_100m_seed1337_silu_lion,E1_m0_100m,c4_en,allenai/c4,en,text,train,validation,0,M0,12,768,12,2048,256,16,2,32768,100000000,4000000,3050,50,10,1337,silu_lion,silu,lion,0.0001,0.00001,0.10,
200,E1_m0_100m_c4_en_m0_100m_seed1337_rlb_lion,E1_m0_100m,c4_en,allenai/c4,en,text,train,validation,0,M0,12,768,12,2048,256,16,2,32768,100000000,4000000,3050,50,10,1337,rlb_lion,rlb_fused_fixed_strong_ffn,lion,0.0001,0.00001,0.10,
201,E1_m0_100m_c4_en_m0_100m_seed1337_silu_soap,E1_m0_100m,c4_en,allenai/c4,en,text,train,validation,0,M0,12,768,12,2048,256,16,2,32768,100000000,4000000,3050,50,10,1337,silu_soap,silu,soap_adamw,0.0003,0.00003,0.10,--soap-precondition-frequency 50 --no-soap-one-sided
202,E1_m0_100m_c4_en_m0_100m_seed1337_rlb_soap,E1_m0_100m,c4_en,allenai/c4,en,text,train,validation,0,M0,12,768,12,2048,256,16,2,32768,100000000,4000000,3050,50,10,1337,rlb_soap,rlb_fused_fixed_strong_ffn,soap_adamw,0.0003,0.00003,0.10,--soap-precondition-frequency 50 --no-soap-one-sided
203,E1_m0_100m_c4_en_m0_100m_seed1337_silu_ademamix,E1_m0_100m,c4_en,allenai/c4,en,text,train,validation,0,M0,12,768,12,2048,256,16,2,32768,100000000,4000000,3050,50,10,1337,silu_ademamix,silu,ademamix,0.0003,0.00003,0.10,--ademamix-alpha 5.0 --ademamix-beta3 0.9999
204,E1_m0_100m_c4_en_m0_100m_seed1337_rlb_ademamix,E1_m0_100m,c4_en,allenai/c4,en,text,train,validation,0,M0,12,768,12,2048,256,16,2,32768,100000000,4000000,3050,50,10,1337,rlb_ademamix,rlb_fused_fixed_strong_ffn,ademamix,0.0003,0.00003,0.10,--ademamix-alpha 5.0 --ademamix-beta3 0.9999
205,E1_m0_100m_c4_en_m0_100m_seed1337_silu_came,E1_m0_100m,c4_en,allenai/c4,en,text,train,validation,0,M0,12,768,12,2048,256,16,2,32768,100000000,4000000,3050,50,10,1337,silu_came,silu,adafactor_came,0.0003,0.00003,0.10,--came-confidence-scale 1.0
206,E1_m0_100m_c4_en_m0_100m_seed1337_rlb_came,E1_m0_100m,c4_en,allenai/c4,en,text,train,validation,0,M0,12,768,12,2048,256,16,2,32768,100000000,4000000,3050,50,10,1337,rlb_came,rlb_fused_fixed_strong_ffn,adafactor_came,0.0003,0.00003,0.10,--came-confidence-scale 1.0
207,E1_m0_100m_c4_en_m0_100m_seed1337_silu_schedulefree,E1_m0_100m,c4_en,allenai/c4,en,text,train,validation,0,M0,12,768,12,2048,256,16,2,32768,100000000,4000000,3050,50,10,1337,silu_schedulefree,silu,schedule_free_adamw,0.0003,0.00003,0.10,--schedule-free-beta1 0.90 --schedule-free-warmup-steps 0
208,E1_m0_100m_c4_en_m0_100m_seed1337_rlb_schedulefree,E1_m0_100m,c4_en,allenai/c4,en,text,train,validation,0,M0,12,768,12,2048,256,16,2,32768,100000000,4000000,3050,50,10,1337,rlb_schedulefree,rlb_fused_fixed_strong_ffn,schedule_free_adamw,0.0003,0.00003,0.10,--schedule-free-beta1 0.90 --schedule-free-warmup-steps 0
209,E1_m0_100m_c4_en_m0_100m_seed1337_rlb_matrixpolicy_original,E1_m0_100m,c4_en,allenai/c4,en,text,train,validation,0,M0,12,768,12,2048,256,16,2,32768,100000000,4000000,3050,50,10,1337,rlb_matrixpolicy_original,rlb_fused_fixed_strong_ffn,rational_matrix_policy_onpolicy,0.0003,0.00003,0.10,--rational-matrix-policy-backbone-optimizer adamw --rational-matrix-policy-adam-lr-scale 3.0 --rational-matrix-policy-group-gain-strength 0.20 --rational-matrix-policy-group-pressure-strength 0.10 --rational-matrix-policy-group-activity-damping 0.20 --rational-matrix-policy-group-start 0.02 --rational-matrix-policy-group-end 0.30 --rational-matrix-policy-group-min-scale 0.75 --rational-matrix-policy-group-max-scale 1.35
210,E1_m0_100m_c4_en_m0_100m_seed2027_silu_adamw,E1_m0_100m,c4_en,allenai/c4,en,text,train,validation,0,M0,12,768,12,2048,256,16,2,32768,100000000,4000000,3050,50,10,2027,silu_adamw,silu,adamw,0.0003,0.00003,0.10,
211,E1_m0_100m_c4_en_m0_100m_seed2027_rlb_adamw,E1_m0_100m,c4_en,allenai/c4,en,text,train,validation,0,M0,12,768,12,2048,256,16,2,32768,100000000,4000000,3050,50,10,2027,rlb_adamw,rlb_fused_fixed_strong_ffn,adamw,0.0003,0.00003,0.10,
212,E1_m0_100m_c4_en_m0_100m_seed2027_silu_muon,E1_m0_100m,c4_en,allenai/c4,en,text,train,validation,0,M0,12,768,12,2048,256,16,2,32768,100000000,4000000,3050,50,10,2027,silu_muon,silu,muon,0.0003,0.00003,0.10,--muon-momentum 0.95 --muon-ns-steps 5 --muon-adjust-lr-fn match_rms_adamw
213,E1_m0_100m_c4_en_m0_100m_seed2027_rlb_muon,E1_m0_100m,c4_en,allenai/c4,en,text,train,validation,0,M0,12,768,12,2048,256,16,2,32768,100000000,4000000,3050,50,10,2027,rlb_muon,rlb_fused_fixed_strong_ffn,muon,0.0003,0.00003,0.10,--muon-momentum 0.95 --muon-ns-steps 5 --muon-adjust-lr-fn match_rms_adamw
214,E1_m0_100m_c4_en_m0_100m_seed2027_silu_lion,E1_m0_100m,c4_en,allenai/c4,en,text,train,validation,0,M0,12,768,12,2048,256,16,2,32768,100000000,4000000,3050,50,10,2027,silu_lion,silu,lion,0.0001,0.00001,0.10,
215,E1_m0_100m_c4_en_m0_100m_seed2027_rlb_lion,E1_m0_100m,c4_en,allenai/c4,en,text,train,validation,0,M0,12,768,12,2048,256,16,2,32768,100000000,4000000,3050,50,10,2027,rlb_lion,rlb_fused_fixed_strong_ffn,lion,0.0001,0.00001,0.10,
216,E1_m0_100m_c4_en_m0_100m_seed2027_silu_soap,E1_m0_100m,c4_en,allenai/c4,en,text,train,validation,0,M0,12,768,12,2048,256,16,2,32768,100000000,4000000,3050,50,10,2027,silu_soap,silu,soap_adamw,0.0003,0.00003,0.10,--soap-precondition-frequency 50 --no-soap-one-sided
217,E1_m0_100m_c4_en_m0_100m_seed2027_rlb_soap,E1_m0_100m,c4_en,allenai/c4,en,text,train,validation,0,M0,12,768,12,2048,256,16,2,32768,100000000,4000000,3050,50,10,2027,rlb_soap,rlb_fused_fixed_strong_ffn,soap_adamw,0.0003,0.00003,0.10,--soap-precondition-frequency 50 --no-soap-one-sided
218,E1_m0_100m_c4_en_m0_100m_seed2027_silu_ademamix,E1_m0_100m,c4_en,allenai/c4,en,text,train,validation,0,M0,12,768,12,2048,256,16,2,32768,100000000,4000000,3050,50,10,2027,silu_ademamix,silu,ademamix,0.0003,0.00003,0.10,--ademamix-alpha 5.0 --ademamix-beta3 0.9999
219,E1_m0_100m_c4_en_m0_100m_seed2027_rlb_ademamix,E1_m0_100m,c4_en,allenai/c4,en,text,train,validation,0,M0,12,768,12,2048,256,16,2,32768,100000000,4000000,3050,50,10,2027,rlb_ademamix,rlb_fused_fixed_strong_ffn,ademamix,0.0003,0.00003,0.10,--ademamix-alpha 5.0 --ademamix-beta3 0.9999
220,E1_m0_100m_c4_en_m0_100m_seed2027_silu_came,E1_m0_100m,c4_en,allenai/c4,en,text,train,validation,0,M0,12,768,12,2048,256,16,2,32768,100000000,4000000,3050,50,10,2027,silu_came,silu,adafactor_came,0.0003,0.00003,0.10,--came-confidence-scale 1.0
221,E1_m0_100m_c4_en_m0_100m_seed2027_rlb_came,E1_m0_100m,c4_en,allenai/c4,en,text,train,validation,0,M0,12,768,12,2048,256,16,2,32768,100000000,4000000,3050,50,10,2027,rlb_came,rlb_fused_fixed_strong_ffn,adafactor_came,0.0003,0.00003,0.10,--came-confidence-scale 1.0
222,E1_m0_100m_c4_en_m0_100m_seed2027_silu_schedulefree,E1_m0_100m,c4_en,allenai/c4,en,text,train,validation,0,M0,12,768,12,2048,256,16,2,32768,100000000,4000000,3050,50,10,2027,silu_schedulefree,silu,schedule_free_adamw,0.0003,0.00003,0.10,--schedule-free-beta1 0.90 --schedule-free-warmup-steps 0
223,E1_m0_100m_c4_en_m0_100m_seed2027_rlb_schedulefree,E1_m0_100m,c4_en,allenai/c4,en,text,train,validation,0,M0,12,768,12,2048,256,16,2,32768,100000000,4000000,3050,50,10,2027,rlb_schedulefree,rlb_fused_fixed_strong_ffn,schedule_free_adamw,0.0003,0.00003,0.10,--schedule-free-beta1 0.90 --schedule-free-warmup-steps 0
224,E1_m0_100m_c4_en_m0_100m_seed2027_rlb_matrixpolicy_original,E1_m0_100m,c4_en,allenai/c4,en,text,train,validation,0,M0,12,768,12,2048,256,16,2,32768,100000000,4000000,3050,50,10,2027,rlb_matrixpolicy_original,rlb_fused_fixed_strong_ffn,rational_matrix_policy_onpolicy,0.0003,0.00003,0.10,--rational-matrix-policy-backbone-optimizer adamw --rational-matrix-policy-adam-lr-scale 3.0 --rational-matrix-policy-group-gain-strength 0.20 --rational-matrix-policy-group-pressure-strength 0.10 --rational-matrix-policy-group-activity-damping 0.20 --rational-matrix-policy-group-start 0.02 --rational-matrix-policy-group-end 0.30 --rational-matrix-policy-group-min-scale 0.75 --rational-matrix-policy-group-max-scale 1.35
225,E1_m0_100m_c4_en_m0_100m_seed3407_silu_adamw,E1_m0_100m,c4_en,allenai/c4,en,text,train,validation,0,M0,12,768,12,2048,256,16,2,32768,100000000,4000000,3050,50,10,3407,silu_adamw,silu,adamw,0.0003,0.00003,0.10,
226,E1_m0_100m_c4_en_m0_100m_seed3407_rlb_adamw,E1_m0_100m,c4_en,allenai/c4,en,text,train,validation,0,M0,12,768,12,2048,256,16,2,32768,100000000,4000000,3050,50,10,3407,rlb_adamw,rlb_fused_fixed_strong_ffn,adamw,0.0003,0.00003,0.10,
227,E1_m0_100m_c4_en_m0_100m_seed3407_silu_muon,E1_m0_100m,c4_en,allenai/c4,en,text,train,validation,0,M0,12,768,12,2048,256,16,2,32768,100000000,4000000,3050,50,10,3407,silu_muon,silu,muon,0.0003,0.00003,0.10,--muon-momentum 0.95 --muon-ns-steps 5 --muon-adjust-lr-fn match_rms_adamw
228,E1_m0_100m_c4_en_m0_100m_seed3407_rlb_muon,E1_m0_100m,c4_en,allenai/c4,en,text,train,validation,0,M0,12,768,12,2048,256,16,2,32768,100000000,4000000,3050,50,10,3407,rlb_muon,rlb_fused_fixed_strong_ffn,muon,0.0003,0.00003,0.10,--muon-momentum 0.95 --muon-ns-steps 5 --muon-adjust-lr-fn match_rms_adamw
229,E1_m0_100m_c4_en_m0_100m_seed3407_silu_lion,E1_m0_100m,c4_en,allenai/c4,en,text,train,validation,0,M0,12,768,12,2048,256,16,2,32768,100000000,4000000,3050,50,10,3407,silu_lion,silu,lion,0.0001,0.00001,0.10,
230,E1_m0_100m_c4_en_m0_100m_seed3407_rlb_lion,E1_m0_100m,c4_en,allenai/c4,en,text,train,validation,0,M0,12,768,12,2048,256,16,2,32768,100000000,4000000,3050,50,10,3407,rlb_lion,rlb_fused_fixed_strong_ffn,lion,0.0001,0.00001,0.10,
231,E1_m0_100m_c4_en_m0_100m_seed3407_silu_soap,E1_m0_100m,c4_en,allenai/c4,en,text,train,validation,0,M0,12,768,12,2048,256,16,2,32768,100000000,4000000,3050,50,10,3407,silu_soap,silu,soap_adamw,0.0003,0.00003,0.10,--soap-precondition-frequency 50 --no-soap-one-sided
232,E1_m0_100m_c4_en_m0_100m_seed3407_rlb_soap,E1_m0_100m,c4_en,allenai/c4,en,text,train,validation,0,M0,12,768,12,2048,256,16,2,32768,100000000,4000000,3050,50,10,3407,rlb_soap,rlb_fused_fixed_strong_ffn,soap_adamw,0.0003,0.00003,0.10,--soap-precondition-frequency 50 --no-soap-one-sided
233,E1_m0_100m_c4_en_m0_100m_seed3407_silu_ademamix,E1_m0_100m,c4_en,allenai/c4,en,text,train,validation,0,M0,12,768,12,2048,256,16,2,32768,100000000,4000000,3050,50,10,3407,silu_ademamix,silu,ademamix,0.0003,0.00003,0.10,--ademamix-alpha 5.0 --ademamix-beta3 0.9999
234,E1_m0_100m_c4_en_m0_100m_seed3407_rlb_ademamix,E1_m0_100m,c4_en,allenai/c4,en,text,train,validation,0,M0,12,768,12,2048,256,16,2,32768,100000000,4000000,3050,50,10,3407,rlb_ademamix,rlb_fused_fixed_strong_ffn,ademamix,0.0003,0.00003,0.10,--ademamix-alpha 5.0 --ademamix-beta3 0.9999
235,E1_m0_100m_c4_en_m0_100m_seed3407_silu_came,E1_m0_100m,c4_en,allenai/c4,en,text,train,validation,0,M0,12,768,12,2048,256,16,2,32768,100000000,4000000,3050,50,10,3407,silu_came,silu,adafactor_came,0.0003,0.00003,0.10,--came-confidence-scale 1.0
236,E1_m0_100m_c4_en_m0_100m_seed3407_rlb_came,E1_m0_100m,c4_en,allenai/c4,en,text,train,validation,0,M0,12,768,12,2048,256,16,2,32768,100000000,4000000,3050,50,10,3407,rlb_came,rlb_fused_fixed_strong_ffn,adafactor_came,0.0003,0.00003,0.10,--came-confidence-scale 1.0
237,E1_m0_100m_c4_en_m0_100m_seed3407_silu_schedulefree,E1_m0_100m,c4_en,allenai/c4,en,text,train,validation,0,M0,12,768,12,2048,256,16,2,32768,100000000,4000000,3050,50,10,3407,silu_schedulefree,silu,schedule_free_adamw,0.0003,0.00003,0.10,--schedule-free-beta1 0.90 --schedule-free-warmup-steps 0
238,E1_m0_100m_c4_en_m0_100m_seed3407_rlb_schedulefree,E1_m0_100m,c4_en,allenai/c4,en,text,train,validation,0,M0,12,768,12,2048,256,16,2,32768,100000000,4000000,3050,50,10,3407,rlb_schedulefree,rlb_fused_fixed_strong_ffn,schedule_free_adamw,0.0003,0.00003,0.10,--schedule-free-beta1 0.90 --schedule-free-warmup-steps 0
239,E1_m0_100m_c4_en_m0_100m_seed3407_rlb_matrixpolicy_original,E1_m0_100m,c4_en,allenai/c4,en,text,train,validation,0,M0,12,768,12,2048,256,16,2,32768,100000000,4000000,3050,50,10,3407,rlb_matrixpolicy_original,rlb_fused_fixed_strong_ffn,rational_matrix_policy_onpolicy,0.0003,0.00003,0.10,--rational-matrix-policy-backbone-optimizer adamw --rational-matrix-policy-adam-lr-scale 3.0 --rational-matrix-policy-group-gain-strength 0.20 --rational-matrix-policy-group-pressure-strength 0.10 --rational-matrix-policy-group-activity-damping 0.20 --rational-matrix-policy-group-start 0.02 --rational-matrix-policy-group-end 0.30 --rational-matrix-policy-group-min-scale 0.75 --rational-matrix-policy-group-max-scale 1.35
240,E2_m0_300m_dclm_m0_300m_seed1337_silu_adamw,E2_m0_300m,dclm,mlfoundations/dclm-baseline-1.0,none,text,train,train,610000000,M0,12,768,12,2048,256,16,2,32768,300000000,8000000,9150,50,10,1337,silu_adamw,silu,adamw,0.0003,0.00003,0.10,
241,E2_m0_300m_dclm_m0_300m_seed1337_rlb_adamw,E2_m0_300m,dclm,mlfoundations/dclm-baseline-1.0,none,text,train,train,610000000,M0,12,768,12,2048,256,16,2,32768,300000000,8000000,9150,50,10,1337,rlb_adamw,rlb_fused_fixed_strong_ffn,adamw,0.0003,0.00003,0.10,
242,E2_m0_300m_dclm_m0_300m_seed1337_silu_muon,E2_m0_300m,dclm,mlfoundations/dclm-baseline-1.0,none,text,train,train,610000000,M0,12,768,12,2048,256,16,2,32768,300000000,8000000,9150,50,10,1337,silu_muon,silu,muon,0.0003,0.00003,0.10,--muon-momentum 0.95 --muon-ns-steps 5 --muon-adjust-lr-fn match_rms_adamw
243,E2_m0_300m_dclm_m0_300m_seed1337_rlb_muon,E2_m0_300m,dclm,mlfoundations/dclm-baseline-1.0,none,text,train,train,610000000,M0,12,768,12,2048,256,16,2,32768,300000000,8000000,9150,50,10,1337,rlb_muon,rlb_fused_fixed_strong_ffn,muon,0.0003,0.00003,0.10,--muon-momentum 0.95 --muon-ns-steps 5 --muon-adjust-lr-fn match_rms_adamw
244,E2_m0_300m_dclm_m0_300m_seed1337_silu_lion,E2_m0_300m,dclm,mlfoundations/dclm-baseline-1.0,none,text,train,train,610000000,M0,12,768,12,2048,256,16,2,32768,300000000,8000000,9150,50,10,1337,silu_lion,silu,lion,0.0001,0.00001,0.10,
245,E2_m0_300m_dclm_m0_300m_seed1337_rlb_lion,E2_m0_300m,dclm,mlfoundations/dclm-baseline-1.0,none,text,train,train,610000000,M0,12,768,12,2048,256,16,2,32768,300000000,8000000,9150,50,10,1337,rlb_lion,rlb_fused_fixed_strong_ffn,lion,0.0001,0.00001,0.10,
246,E2_m0_300m_dclm_m0_300m_seed1337_silu_soap,E2_m0_300m,dclm,mlfoundations/dclm-baseline-1.0,none,text,train,train,610000000,M0,12,768,12,2048,256,16,2,32768,300000000,8000000,9150,50,10,1337,silu_soap,silu,soap_adamw,0.0003,0.00003,0.10,--soap-precondition-frequency 50 --no-soap-one-sided
247,E2_m0_300m_dclm_m0_300m_seed1337_rlb_soap,E2_m0_300m,dclm,mlfoundations/dclm-baseline-1.0,none,text,train,train,610000000,M0,12,768,12,2048,256,16,2,32768,300000000,8000000,9150,50,10,1337,rlb_soap,rlb_fused_fixed_strong_ffn,soap_adamw,0.0003,0.00003,0.10,--soap-precondition-frequency 50 --no-soap-one-sided
248,E2_m0_300m_dclm_m0_300m_seed1337_silu_ademamix,E2_m0_300m,dclm,mlfoundations/dclm-baseline-1.0,none,text,train,train,610000000,M0,12,768,12,2048,256,16,2,32768,300000000,8000000,9150,50,10,1337,silu_ademamix,silu,ademamix,0.0003,0.00003,0.10,--ademamix-alpha 5.0 --ademamix-beta3 0.9999
249,E2_m0_300m_dclm_m0_300m_seed1337_rlb_ademamix,E2_m0_300m,dclm,mlfoundations/dclm-baseline-1.0,none,text,train,train,610000000,M0,12,768,12,2048,256,16,2,32768,300000000,8000000,9150,50,10,1337,rlb_ademamix,rlb_fused_fixed_strong_ffn,ademamix,0.0003,0.00003,0.10,--ademamix-alpha 5.0 --ademamix-beta3 0.9999
250,E2_m0_300m_dclm_m0_300m_seed1337_silu_came,E2_m0_300m,dclm,mlfoundations/dclm-baseline-1.0,none,text,train,train,610000000,M0,12,768,12,2048,256,16,2,32768,300000000,8000000,9150,50,10,1337,silu_came,silu,adafactor_came,0.0003,0.00003,0.10,--came-confidence-scale 1.0
251,E2_m0_300m_dclm_m0_300m_seed1337_rlb_came,E2_m0_300m,dclm,mlfoundations/dclm-baseline-1.0,none,text,train,train,610000000,M0,12,768,12,2048,256,16,2,32768,300000000,8000000,9150,50,10,1337,rlb_came,rlb_fused_fixed_strong_ffn,adafactor_came,0.0003,0.00003,0.10,--came-confidence-scale 1.0
252,E2_m0_300m_dclm_m0_300m_seed1337_silu_schedulefree,E2_m0_300m,dclm,mlfoundations/dclm-baseline-1.0,none,text,train,train,610000000,M0,12,768,12,2048,256,16,2,32768,300000000,8000000,9150,50,10,1337,silu_schedulefree,silu,schedule_free_adamw,0.0003,0.00003,0.10,--schedule-free-beta1 0.90 --schedule-free-warmup-steps 0
253,E2_m0_300m_dclm_m0_300m_seed1337_rlb_schedulefree,E2_m0_300m,dclm,mlfoundations/dclm-baseline-1.0,none,text,train,train,610000000,M0,12,768,12,2048,256,16,2,32768,300000000,8000000,9150,50,10,1337,rlb_schedulefree,rlb_fused_fixed_strong_ffn,schedule_free_adamw,0.0003,0.00003,0.10,--schedule-free-beta1 0.90 --schedule-free-warmup-steps 0
254,E2_m0_300m_dclm_m0_300m_seed1337_rlb_matrixpolicy_original,E2_m0_300m,dclm,mlfoundations/dclm-baseline-1.0,none,text,train,train,610000000,M0,12,768,12,2048,256,16,2,32768,300000000,8000000,9150,50,10,1337,rlb_matrixpolicy_original,rlb_fused_fixed_strong_ffn,rational_matrix_policy_onpolicy,0.0003,0.00003,0.10,--rational-matrix-policy-backbone-optimizer adamw --rational-matrix-policy-adam-lr-scale 3.0 --rational-matrix-policy-group-gain-strength 0.20 --rational-matrix-policy-group-pressure-strength 0.10 --rational-matrix-policy-group-activity-damping 0.20 --rational-matrix-policy-group-start 0.02 --rational-matrix-policy-group-end 0.30 --rational-matrix-policy-group-min-scale 0.75 --rational-matrix-policy-group-max-scale 1.35
255,E2_m0_300m_dclm_m0_300m_seed2027_silu_adamw,E2_m0_300m,dclm,mlfoundations/dclm-baseline-1.0,none,text,train,train,610000000,M0,12,768,12,2048,256,16,2,32768,300000000,8000000,9150,50,10,2027,silu_adamw,silu,adamw,0.0003,0.00003,0.10,
256,E2_m0_300m_dclm_m0_300m_seed2027_rlb_adamw,E2_m0_300m,dclm,mlfoundations/dclm-baseline-1.0,none,text,train,train,610000000,M0,12,768,12,2048,256,16,2,32768,300000000,8000000,9150,50,10,2027,rlb_adamw,rlb_fused_fixed_strong_ffn,adamw,0.0003,0.00003,0.10,
257,E2_m0_300m_dclm_m0_300m_seed2027_silu_muon,E2_m0_300m,dclm,mlfoundations/dclm-baseline-1.0,none,text,train,train,610000000,M0,12,768,12,2048,256,16,2,32768,300000000,8000000,9150,50,10,2027,silu_muon,silu,muon,0.0003,0.00003,0.10,--muon-momentum 0.95 --muon-ns-steps 5 --muon-adjust-lr-fn match_rms_adamw
258,E2_m0_300m_dclm_m0_300m_seed2027_rlb_muon,E2_m0_300m,dclm,mlfoundations/dclm-baseline-1.0,none,text,train,train,610000000,M0,12,768,12,2048,256,16,2,32768,300000000,8000000,9150,50,10,2027,rlb_muon,rlb_fused_fixed_strong_ffn,muon,0.0003,0.00003,0.10,--muon-momentum 0.95 --muon-ns-steps 5 --muon-adjust-lr-fn match_rms_adamw
259,E2_m0_300m_dclm_m0_300m_seed2027_silu_lion,E2_m0_300m,dclm,mlfoundations/dclm-baseline-1.0,none,text,train,train,610000000,M0,12,768,12,2048,256,16,2,32768,300000000,8000000,9150,50,10,2027,silu_lion,silu,lion,0.0001,0.00001,0.10,
260,E2_m0_300m_dclm_m0_300m_seed2027_rlb_lion,E2_m0_300m,dclm,mlfoundations/dclm-baseline-1.0,none,text,train,train,610000000,M0,12,768,12,2048,256,16,2,32768,300000000,8000000,9150,50,10,2027,rlb_lion,rlb_fused_fixed_strong_ffn,lion,0.0001,0.00001,0.10,
261,E2_m0_300m_dclm_m0_300m_seed2027_silu_soap,E2_m0_300m,dclm,mlfoundations/dclm-baseline-1.0,none,text,train,train,610000000,M0,12,768,12,2048,256,16,2,32768,300000000,8000000,9150,50,10,2027,silu_soap,silu,soap_adamw,0.0003,0.00003,0.10,--soap-precondition-frequency 50 --no-soap-one-sided
262,E2_m0_300m_dclm_m0_300m_seed2027_rlb_soap,E2_m0_300m,dclm,mlfoundations/dclm-baseline-1.0,none,text,train,train,610000000,M0,12,768,12,2048,256,16,2,32768,300000000,8000000,9150,50,10,2027,rlb_soap,rlb_fused_fixed_strong_ffn,soap_adamw,0.0003,0.00003,0.10,--soap-precondition-frequency 50 --no-soap-one-sided
263,E2_m0_300m_dclm_m0_300m_seed2027_silu_ademamix,E2_m0_300m,dclm,mlfoundations/dclm-baseline-1.0,none,text,train,train,610000000,M0,12,768,12,2048,256,16,2,32768,300000000,8000000,9150,50,10,2027,silu_ademamix,silu,ademamix,0.0003,0.00003,0.10,--ademamix-alpha 5.0 --ademamix-beta3 0.9999
264,E2_m0_300m_dclm_m0_300m_seed2027_rlb_ademamix,E2_m0_300m,dclm,mlfoundations/dclm-baseline-1.0,none,text,train,train,610000000,M0,12,768,12,2048,256,16,2,32768,300000000,8000000,9150,50,10,2027,rlb_ademamix,rlb_fused_fixed_strong_ffn,ademamix,0.0003,0.00003,0.10,--ademamix-alpha 5.0 --ademamix-beta3 0.9999
265,E2_m0_300m_dclm_m0_300m_seed2027_silu_came,E2_m0_300m,dclm,mlfoundations/dclm-baseline-1.0,none,text,train,train,610000000,M0,12,768,12,2048,256,16,2,32768,300000000,8000000,9150,50,10,2027,silu_came,silu,adafactor_came,0.0003,0.00003,0.10,--came-confidence-scale 1.0
266,E2_m0_300m_dclm_m0_300m_seed2027_rlb_came,E2_m0_300m,dclm,mlfoundations/dclm-baseline-1.0,none,text,train,train,610000000,M0,12,768,12,2048,256,16,2,32768,300000000,8000000,9150,50,10,2027,rlb_came,rlb_fused_fixed_strong_ffn,adafactor_came,0.0003,0.00003,0.10,--came-confidence-scale 1.0
267,E2_m0_300m_dclm_m0_300m_seed2027_silu_schedulefree,E2_m0_300m,dclm,mlfoundations/dclm-baseline-1.0,none,text,train,train,610000000,M0,12,768,12,2048,256,16,2,32768,300000000,8000000,9150,50,10,2027,silu_schedulefree,silu,schedule_free_adamw,0.0003,0.00003,0.10,--schedule-free-beta1 0.90 --schedule-free-warmup-steps 0
268,E2_m0_300m_dclm_m0_300m_seed2027_rlb_schedulefree,E2_m0_300m,dclm,mlfoundations/dclm-baseline-1.0,none,text,train,train,610000000,M0,12,768,12,2048,256,16,2,32768,300000000,8000000,9150,50,10,2027,rlb_schedulefree,rlb_fused_fixed_strong_ffn,schedule_free_adamw,0.0003,0.00003,0.10,--schedule-free-beta1 0.90 --schedule-free-warmup-steps 0
269,E2_m0_300m_dclm_m0_300m_seed2027_rlb_matrixpolicy_original,E2_m0_300m,dclm,mlfoundations/dclm-baseline-1.0,none,text,train,train,610000000,M0,12,768,12,2048,256,16,2,32768,300000000,8000000,9150,50,10,2027,rlb_matrixpolicy_original,rlb_fused_fixed_strong_ffn,rational_matrix_policy_onpolicy,0.0003,0.00003,0.10,--rational-matrix-policy-backbone-optimizer adamw --rational-matrix-policy-adam-lr-scale 3.0 --rational-matrix-policy-group-gain-strength 0.20 --rational-matrix-policy-group-pressure-strength 0.10 --rational-matrix-policy-group-activity-damping 0.20 --rational-matrix-policy-group-start 0.02 --rational-matrix-policy-group-end 0.30 --rational-matrix-policy-group-min-scale 0.75 --rational-matrix-policy-group-max-scale 1.35
270,E2_m0_300m_dclm_m0_300m_seed3407_silu_adamw,E2_m0_300m,dclm,mlfoundations/dclm-baseline-1.0,none,text,train,train,610000000,M0,12,768,12,2048,256,16,2,32768,300000000,8000000,9150,50,10,3407,silu_adamw,silu,adamw,0.0003,0.00003,0.10,
271,E2_m0_300m_dclm_m0_300m_seed3407_rlb_adamw,E2_m0_300m,dclm,mlfoundations/dclm-baseline-1.0,none,text,train,train,610000000,M0,12,768,12,2048,256,16,2,32768,300000000,8000000,9150,50,10,3407,rlb_adamw,rlb_fused_fixed_strong_ffn,adamw,0.0003,0.00003,0.10,
272,E2_m0_300m_dclm_m0_300m_seed3407_silu_muon,E2_m0_300m,dclm,mlfoundations/dclm-baseline-1.0,none,text,train,train,610000000,M0,12,768,12,2048,256,16,2,32768,300000000,8000000,9150,50,10,3407,silu_muon,silu,muon,0.0003,0.00003,0.10,--muon-momentum 0.95 --muon-ns-steps 5 --muon-adjust-lr-fn match_rms_adamw
273,E2_m0_300m_dclm_m0_300m_seed3407_rlb_muon,E2_m0_300m,dclm,mlfoundations/dclm-baseline-1.0,none,text,train,train,610000000,M0,12,768,12,2048,256,16,2,32768,300000000,8000000,9150,50,10,3407,rlb_muon,rlb_fused_fixed_strong_ffn,muon,0.0003,0.00003,0.10,--muon-momentum 0.95 --muon-ns-steps 5 --muon-adjust-lr-fn match_rms_adamw
274,E2_m0_300m_dclm_m0_300m_seed3407_silu_lion,E2_m0_300m,dclm,mlfoundations/dclm-baseline-1.0,none,text,train,train,610000000,M0,12,768,12,2048,256,16,2,32768,300000000,8000000,9150,50,10,3407,silu_lion,silu,lion,0.0001,0.00001,0.10,
275,E2_m0_300m_dclm_m0_300m_seed3407_rlb_lion,E2_m0_300m,dclm,mlfoundations/dclm-baseline-1.0,none,text,train,train,610000000,M0,12,768,12,2048,256,16,2,32768,300000000,8000000,9150,50,10,3407,rlb_lion,rlb_fused_fixed_strong_ffn,lion,0.0001,0.00001,0.10,
276,E2_m0_300m_dclm_m0_300m_seed3407_silu_soap,E2_m0_300m,dclm,mlfoundations/dclm-baseline-1.0,none,text,train,train,610000000,M0,12,768,12,2048,256,16,2,32768,300000000,8000000,9150,50,10,3407,silu_soap,silu,soap_adamw,0.0003,0.00003,0.10,--soap-precondition-frequency 50 --no-soap-one-sided
277,E2_m0_300m_dclm_m0_300m_seed3407_rlb_soap,E2_m0_300m,dclm,mlfoundations/dclm-baseline-1.0,none,text,train,train,610000000,M0,12,768,12,2048,256,16,2,32768,300000000,8000000,9150,50,10,3407,rlb_soap,rlb_fused_fixed_strong_ffn,soap_adamw,0.0003,0.00003,0.10,--soap-precondition-frequency 50 --no-soap-one-sided
278,E2_m0_300m_dclm_m0_300m_seed3407_silu_ademamix,E2_m0_300m,dclm,mlfoundations/dclm-baseline-1.0,none,text,train,train,610000000,M0,12,768,12,2048,256,16,2,32768,300000000,8000000,9150,50,10,3407,silu_ademamix,silu,ademamix,0.0003,0.00003,0.10,--ademamix-alpha 5.0 --ademamix-beta3 0.9999
279,E2_m0_300m_dclm_m0_300m_seed3407_rlb_ademamix,E2_m0_300m,dclm,mlfoundations/dclm-baseline-1.0,none,text,train,train,610000000,M0,12,768,12,2048,256,16,2,32768,300000000,8000000,9150,50,10,3407,rlb_ademamix,rlb_fused_fixed_strong_ffn,ademamix,0.0003,0.00003,0.10,--ademamix-alpha 5.0 --ademamix-beta3 0.9999
280,E2_m0_300m_dclm_m0_300m_seed3407_silu_came,E2_m0_300m,dclm,mlfoundations/dclm-baseline-1.0,none,text,train,train,610000000,M0,12,768,12,2048,256,16,2,32768,300000000,8000000,9150,50,10,3407,silu_came,silu,adafactor_came,0.0003,0.00003,0.10,--came-confidence-scale 1.0
281,E2_m0_300m_dclm_m0_300m_seed3407_rlb_came,E2_m0_300m,dclm,mlfoundations/dclm-baseline-1.0,none,text,train,train,610000000,M0,12,768,12,2048,256,16,2,32768,300000000,8000000,9150,50,10,3407,rlb_came,rlb_fused_fixed_strong_ffn,adafactor_came,0.0003,0.00003,0.10,--came-confidence-scale 1.0
282,E2_m0_300m_dclm_m0_300m_seed3407_silu_schedulefree,E2_m0_300m,dclm,mlfoundations/dclm-baseline-1.0,none,text,train,train,610000000,M0,12,768,12,2048,256,16,2,32768,300000000,8000000,9150,50,10,3407,silu_schedulefree,silu,schedule_free_adamw,0.0003,0.00003,0.10,--schedule-free-beta1 0.90 --schedule-free-warmup-steps 0
283,E2_m0_300m_dclm_m0_300m_seed3407_rlb_schedulefree,E2_m0_300m,dclm,mlfoundations/dclm-baseline-1.0,none,text,train,train,610000000,M0,12,768,12,2048,256,16,2,32768,300000000,8000000,9150,50,10,3407,rlb_schedulefree,rlb_fused_fixed_strong_ffn,schedule_free_adamw,0.0003,0.00003,0.10,--schedule-free-beta1 0.90 --schedule-free-warmup-steps 0
284,E2_m0_300m_dclm_m0_300m_seed3407_rlb_matrixpolicy_original,E2_m0_300m,dclm,mlfoundations/dclm-baseline-1.0,none,text,train,train,610000000,M0,12,768,12,2048,256,16,2,32768,300000000,8000000,9150,50,10,3407,rlb_matrixpolicy_original,rlb_fused_fixed_strong_ffn,rational_matrix_policy_onpolicy,0.0003,0.00003,0.10,--rational-matrix-policy-backbone-optimizer adamw --rational-matrix-policy-adam-lr-scale 3.0 --rational-matrix-policy-group-gain-strength 0.20 --rational-matrix-policy-group-pressure-strength 0.10 --rational-matrix-policy-group-activity-damping 0.20 --rational-matrix-policy-group-start 0.02 --rational-matrix-policy-group-end 0.30 --rational-matrix-policy-group-min-scale 0.75 --rational-matrix-policy-group-max-scale 1.35
285,E2_m0_300m_fineweb_edu_m0_300m_seed1337_silu_adamw,E2_m0_300m,fineweb_edu,HuggingFaceFW/fineweb-edu,sample-10BT,text,train,train,610000000,M0,12,768,12,2048,256,16,2,32768,300000000,8000000,9150,50,10,1337,silu_adamw,silu,adamw,0.0003,0.00003,0.10,
286,E2_m0_300m_fineweb_edu_m0_300m_seed1337_rlb_adamw,E2_m0_300m,fineweb_edu,HuggingFaceFW/fineweb-edu,sample-10BT,text,train,train,610000000,M0,12,768,12,2048,256,16,2,32768,300000000,8000000,9150,50,10,1337,rlb_adamw,rlb_fused_fixed_strong_ffn,adamw,0.0003,0.00003,0.10,
287,E2_m0_300m_fineweb_edu_m0_300m_seed1337_silu_muon,E2_m0_300m,fineweb_edu,HuggingFaceFW/fineweb-edu,sample-10BT,text,train,train,610000000,M0,12,768,12,2048,256,16,2,32768,300000000,8000000,9150,50,10,1337,silu_muon,silu,muon,0.0003,0.00003,0.10,--muon-momentum 0.95 --muon-ns-steps 5 --muon-adjust-lr-fn match_rms_adamw
288,E2_m0_300m_fineweb_edu_m0_300m_seed1337_rlb_muon,E2_m0_300m,fineweb_edu,HuggingFaceFW/fineweb-edu,sample-10BT,text,train,train,610000000,M0,12,768,12,2048,256,16,2,32768,300000000,8000000,9150,50,10,1337,rlb_muon,rlb_fused_fixed_strong_ffn,muon,0.0003,0.00003,0.10,--muon-momentum 0.95 --muon-ns-steps 5 --muon-adjust-lr-fn match_rms_adamw
289,E2_m0_300m_fineweb_edu_m0_300m_seed1337_silu_lion,E2_m0_300m,fineweb_edu,HuggingFaceFW/fineweb-edu,sample-10BT,text,train,train,610000000,M0,12,768,12,2048,256,16,2,32768,300000000,8000000,9150,50,10,1337,silu_lion,silu,lion,0.0001,0.00001,0.10,
290,E2_m0_300m_fineweb_edu_m0_300m_seed1337_rlb_lion,E2_m0_300m,fineweb_edu,HuggingFaceFW/fineweb-edu,sample-10BT,text,train,train,610000000,M0,12,768,12,2048,256,16,2,32768,300000000,8000000,9150,50,10,1337,rlb_lion,rlb_fused_fixed_strong_ffn,lion,0.0001,0.00001,0.10,
291,E2_m0_300m_fineweb_edu_m0_300m_seed1337_silu_soap,E2_m0_300m,fineweb_edu,HuggingFaceFW/fineweb-edu,sample-10BT,text,train,train,610000000,M0,12,768,12,2048,256,16,2,32768,300000000,8000000,9150,50,10,1337,silu_soap,silu,soap_adamw,0.0003,0.00003,0.10,--soap-precondition-frequency 50 --no-soap-one-sided
292,E2_m0_300m_fineweb_edu_m0_300m_seed1337_rlb_soap,E2_m0_300m,fineweb_edu,HuggingFaceFW/fineweb-edu,sample-10BT,text,train,train,610000000,M0,12,768,12,2048,256,16,2,32768,300000000,8000000,9150,50,10,1337,rlb_soap,rlb_fused_fixed_strong_ffn,soap_adamw,0.0003,0.00003,0.10,--soap-precondition-frequency 50 --no-soap-one-sided
293,E2_m0_300m_fineweb_edu_m0_300m_seed1337_silu_ademamix,E2_m0_300m,fineweb_edu,HuggingFaceFW/fineweb-edu,sample-10BT,text,train,train,610000000,M0,12,768,12,2048,256,16,2,32768,300000000,8000000,9150,50,10,1337,silu_ademamix,silu,ademamix,0.0003,0.00003,0.10,--ademamix-alpha 5.0 --ademamix-beta3 0.9999
294,E2_m0_300m_fineweb_edu_m0_300m_seed1337_rlb_ademamix,E2_m0_300m,fineweb_edu,HuggingFaceFW/fineweb-edu,sample-10BT,text,train,train,610000000,M0,12,768,12,2048,256,16,2,32768,300000000,8000000,9150,50,10,1337,rlb_ademamix,rlb_fused_fixed_strong_ffn,ademamix,0.0003,0.00003,0.10,--ademamix-alpha 5.0 --ademamix-beta3 0.9999
295,E2_m0_300m_fineweb_edu_m0_300m_seed1337_silu_came,E2_m0_300m,fineweb_edu,HuggingFaceFW/fineweb-edu,sample-10BT,text,train,train,610000000,M0,12,768,12,2048,256,16,2,32768,300000000,8000000,9150,50,10,1337,silu_came,silu,adafactor_came,0.0003,0.00003,0.10,--came-confidence-scale 1.0
296,E2_m0_300m_fineweb_edu_m0_300m_seed1337_rlb_came,E2_m0_300m,fineweb_edu,HuggingFaceFW/fineweb-edu,sample-10BT,text,train,train,610000000,M0,12,768,12,2048,256,16,2,32768,300000000,8000000,9150,50,10,1337,rlb_came,rlb_fused_fixed_strong_ffn,adafactor_came,0.0003,0.00003,0.10,--came-confidence-scale 1.0
297,E2_m0_300m_fineweb_edu_m0_300m_seed1337_silu_schedulefree,E2_m0_300m,fineweb_edu,HuggingFaceFW/fineweb-edu,sample-10BT,text,train,train,610000000,M0,12,768,12,2048,256,16,2,32768,300000000,8000000,9150,50,10,1337,silu_schedulefree,silu,schedule_free_adamw,0.0003,0.00003,0.10,--schedule-free-beta1 0.90 --schedule-free-warmup-steps 0
298,E2_m0_300m_fineweb_edu_m0_300m_seed1337_rlb_schedulefree,E2_m0_300m,fineweb_edu,HuggingFaceFW/fineweb-edu,sample-10BT,text,train,train,610000000,M0,12,768,12,2048,256,16,2,32768,300000000,8000000,9150,50,10,1337,rlb_schedulefree,rlb_fused_fixed_strong_ffn,schedule_free_adamw,0.0003,0.00003,0.10,--schedule-free-beta1 0.90 --schedule-free-warmup-steps 0
299,E2_m0_300m_fineweb_edu_m0_300m_seed1337_rlb_matrixpolicy_original,E2_m0_300m,fineweb_edu,HuggingFaceFW/fineweb-edu,sample-10BT,text,train,train,610000000,M0,12,768,12,2048,256,16,2,32768,300000000,8000000,9150,50,10,1337,rlb_matrixpolicy_original,rlb_fused_fixed_strong_ffn,rational_matrix_policy_onpolicy,0.0003,0.00003,0.10,--rational-matrix-policy-backbone-optimizer adamw --rational-matrix-policy-adam-lr-scale 3.0 --rational-matrix-policy-group-gain-strength 0.20 --rational-matrix-policy-group-pressure-strength 0.10 --rational-matrix-policy-group-activity-damping 0.20 --rational-matrix-policy-group-start 0.02 --rational-matrix-policy-group-end 0.30 --rational-matrix-policy-group-min-scale 0.75 --rational-matrix-policy-group-max-scale 1.35
300,E2_m0_300m_fineweb_edu_m0_300m_seed2027_silu_adamw,E2_m0_300m,fineweb_edu,HuggingFaceFW/fineweb-edu,sample-10BT,text,train,train,610000000,M0,12,768,12,2048,256,16,2,32768,300000000,8000000,9150,50,10,2027,silu_adamw,silu,adamw,0.0003,0.00003,0.10,
301,E2_m0_300m_fineweb_edu_m0_300m_seed2027_rlb_adamw,E2_m0_300m,fineweb_edu,HuggingFaceFW/fineweb-edu,sample-10BT,text,train,train,610000000,M0,12,768,12,2048,256,16,2,32768,300000000,8000000,9150,50,10,2027,rlb_adamw,rlb_fused_fixed_strong_ffn,adamw,0.0003,0.00003,0.10,
302,E2_m0_300m_fineweb_edu_m0_300m_seed2027_silu_muon,E2_m0_300m,fineweb_edu,HuggingFaceFW/fineweb-edu,sample-10BT,text,train,train,610000000,M0,12,768,12,2048,256,16,2,32768,300000000,8000000,9150,50,10,2027,silu_muon,silu,muon,0.0003,0.00003,0.10,--muon-momentum 0.95 --muon-ns-steps 5 --muon-adjust-lr-fn match_rms_adamw
303,E2_m0_300m_fineweb_edu_m0_300m_seed2027_rlb_muon,E2_m0_300m,fineweb_edu,HuggingFaceFW/fineweb-edu,sample-10BT,text,train,train,610000000,M0,12,768,12,2048,256,16,2,32768,300000000,8000000,9150,50,10,2027,rlb_muon,rlb_fused_fixed_strong_ffn,muon,0.0003,0.00003,0.10,--muon-momentum 0.95 --muon-ns-steps 5 --muon-adjust-lr-fn match_rms_adamw
304,E2_m0_300m_fineweb_edu_m0_300m_seed2027_silu_lion,E2_m0_300m,fineweb_edu,HuggingFaceFW/fineweb-edu,sample-10BT,text,train,train,610000000,M0,12,768,12,2048,256,16,2,32768,300000000,8000000,9150,50,10,2027,silu_lion,silu,lion,0.0001,0.00001,0.10,
305,E2_m0_300m_fineweb_edu_m0_300m_seed2027_rlb_lion,E2_m0_300m,fineweb_edu,HuggingFaceFW/fineweb-edu,sample-10BT,text,train,train,610000000,M0,12,768,12,2048,256,16,2,32768,300000000,8000000,9150,50,10,2027,rlb_lion,rlb_fused_fixed_strong_ffn,lion,0.0001,0.00001,0.10,
306,E2_m0_300m_fineweb_edu_m0_300m_seed2027_silu_soap,E2_m0_300m,fineweb_edu,HuggingFaceFW/fineweb-edu,sample-10BT,text,train,train,610000000,M0,12,768,12,2048,256,16,2,32768,300000000,8000000,9150,50,10,2027,silu_soap,silu,soap_adamw,0.0003,0.00003,0.10,--soap-precondition-frequency 50 --no-soap-one-sided
307,E2_m0_300m_fineweb_edu_m0_300m_seed2027_rlb_soap,E2_m0_300m,fineweb_edu,HuggingFaceFW/fineweb-edu,sample-10BT,text,train,train,610000000,M0,12,768,12,2048,256,16,2,32768,300000000,8000000,9150,50,10,2027,rlb_soap,rlb_fused_fixed_strong_ffn,soap_adamw,0.0003,0.00003,0.10,--soap-precondition-frequency 50 --no-soap-one-sided
308,E2_m0_300m_fineweb_edu_m0_300m_seed2027_silu_ademamix,E2_m0_300m,fineweb_edu,HuggingFaceFW/fineweb-edu,sample-10BT,text,train,train,610000000,M0,12,768,12,2048,256,16,2,32768,300000000,8000000,9150,50,10,2027,silu_ademamix,silu,ademamix,0.0003,0.00003,0.10,--ademamix-alpha 5.0 --ademamix-beta3 0.9999
309,E2_m0_300m_fineweb_edu_m0_300m_seed2027_rlb_ademamix,E2_m0_300m,fineweb_edu,HuggingFaceFW/fineweb-edu,sample-10BT,text,train,train,610000000,M0,12,768,12,2048,256,16,2,32768,300000000,8000000,9150,50,10,2027,rlb_ademamix,rlb_fused_fixed_strong_ffn,ademamix,0.0003,0.00003,0.10,--ademamix-alpha 5.0 --ademamix-beta3 0.9999
310,E2_m0_300m_fineweb_edu_m0_300m_seed2027_silu_came,E2_m0_300m,fineweb_edu,HuggingFaceFW/fineweb-edu,sample-10BT,text,train,train,610000000,M0,12,768,12,2048,256,16,2,32768,300000000,8000000,9150,50,10,2027,silu_came,silu,adafactor_came,0.0003,0.00003,0.10,--came-confidence-scale 1.0
311,E2_m0_300m_fineweb_edu_m0_300m_seed2027_rlb_came,E2_m0_300m,fineweb_edu,HuggingFaceFW/fineweb-edu,sample-10BT,text,train,train,610000000,M0,12,768,12,2048,256,16,2,32768,300000000,8000000,9150,50,10,2027,rlb_came,rlb_fused_fixed_strong_ffn,adafactor_came,0.0003,0.00003,0.10,--came-confidence-scale 1.0
312,E2_m0_300m_fineweb_edu_m0_300m_seed2027_silu_schedulefree,E2_m0_300m,fineweb_edu,HuggingFaceFW/fineweb-edu,sample-10BT,text,train,train,610000000,M0,12,768,12,2048,256,16,2,32768,300000000,8000000,9150,50,10,2027,silu_schedulefree,silu,schedule_free_adamw,0.0003,0.00003,0.10,--schedule-free-beta1 0.90 --schedule-free-warmup-steps 0
313,E2_m0_300m_fineweb_edu_m0_300m_seed2027_rlb_schedulefree,E2_m0_300m,fineweb_edu,HuggingFaceFW/fineweb-edu,sample-10BT,text,train,train,610000000,M0,12,768,12,2048,256,16,2,32768,300000000,8000000,9150,50,10,2027,rlb_schedulefree,rlb_fused_fixed_strong_ffn,schedule_free_adamw,0.0003,0.00003,0.10,--schedule-free-beta1 0.90 --schedule-free-warmup-steps 0
314,E2_m0_300m_fineweb_edu_m0_300m_seed2027_rlb_matrixpolicy_original,E2_m0_300m,fineweb_edu,HuggingFaceFW/fineweb-edu,sample-10BT,text,train,train,610000000,M0,12,768,12,2048,256,16,2,32768,300000000,8000000,9150,50,10,2027,rlb_matrixpolicy_original,rlb_fused_fixed_strong_ffn,rational_matrix_policy_onpolicy,0.0003,0.00003,0.10,--rational-matrix-policy-backbone-optimizer adamw --rational-matrix-policy-adam-lr-scale 3.0 --rational-matrix-policy-group-gain-strength 0.20 --rational-matrix-policy-group-pressure-strength 0.10 --rational-matrix-policy-group-activity-damping 0.20 --rational-matrix-policy-group-start 0.02 --rational-matrix-policy-group-end 0.30 --rational-matrix-policy-group-min-scale 0.75 --rational-matrix-policy-group-max-scale 1.35
315,E2_m0_300m_fineweb_edu_m0_300m_seed3407_silu_adamw,E2_m0_300m,fineweb_edu,HuggingFaceFW/fineweb-edu,sample-10BT,text,train,train,610000000,M0,12,768,12,2048,256,16,2,32768,300000000,8000000,9150,50,10,3407,silu_adamw,silu,adamw,0.0003,0.00003,0.10,
316,E2_m0_300m_fineweb_edu_m0_300m_seed3407_rlb_adamw,E2_m0_300m,fineweb_edu,HuggingFaceFW/fineweb-edu,sample-10BT,text,train,train,610000000,M0,12,768,12,2048,256,16,2,32768,300000000,8000000,9150,50,10,3407,rlb_adamw,rlb_fused_fixed_strong_ffn,adamw,0.0003,0.00003,0.10,
317,E2_m0_300m_fineweb_edu_m0_300m_seed3407_silu_muon,E2_m0_300m,fineweb_edu,HuggingFaceFW/fineweb-edu,sample-10BT,text,train,train,610000000,M0,12,768,12,2048,256,16,2,32768,300000000,8000000,9150,50,10,3407,silu_muon,silu,muon,0.0003,0.00003,0.10,--muon-momentum 0.95 --muon-ns-steps 5 --muon-adjust-lr-fn match_rms_adamw
318,E2_m0_300m_fineweb_edu_m0_300m_seed3407_rlb_muon,E2_m0_300m,fineweb_edu,HuggingFaceFW/fineweb-edu,sample-10BT,text,train,train,610000000,M0,12,768,12,2048,256,16,2,32768,300000000,8000000,9150,50,10,3407,rlb_muon,rlb_fused_fixed_strong_ffn,muon,0.0003,0.00003,0.10,--muon-momentum 0.95 --muon-ns-steps 5 --muon-adjust-lr-fn match_rms_adamw
319,E2_m0_300m_fineweb_edu_m0_300m_seed3407_silu_lion,E2_m0_300m,fineweb_edu,HuggingFaceFW/fineweb-edu,sample-10BT,text,train,train,610000000,M0,12,768,12,2048,256,16,2,32768,300000000,8000000,9150,50,10,3407,silu_lion,silu,lion,0.0001,0.00001,0.10,
320,E2_m0_300m_fineweb_edu_m0_300m_seed3407_rlb_lion,E2_m0_300m,fineweb_edu,HuggingFaceFW/fineweb-edu,sample-10BT,text,train,train,610000000,M0,12,768,12,2048,256,16,2,32768,300000000,8000000,9150,50,10,3407,rlb_lion,rlb_fused_fixed_strong_ffn,lion,0.0001,0.00001,0.10,
321,E2_m0_300m_fineweb_edu_m0_300m_seed3407_silu_soap,E2_m0_300m,fineweb_edu,HuggingFaceFW/fineweb-edu,sample-10BT,text,train,train,610000000,M0,12,768,12,2048,256,16,2,32768,300000000,8000000,9150,50,10,3407,silu_soap,silu,soap_adamw,0.0003,0.00003,0.10,--soap-precondition-frequency 50 --no-soap-one-sided
322,E2_m0_300m_fineweb_edu_m0_300m_seed3407_rlb_soap,E2_m0_300m,fineweb_edu,HuggingFaceFW/fineweb-edu,sample-10BT,text,train,train,610000000,M0,12,768,12,2048,256,16,2,32768,300000000,8000000,9150,50,10,3407,rlb_soap,rlb_fused_fixed_strong_ffn,soap_adamw,0.0003,0.00003,0.10,--soap-precondition-frequency 50 --no-soap-one-sided
323,E2_m0_300m_fineweb_edu_m0_300m_seed3407_silu_ademamix,E2_m0_300m,fineweb_edu,HuggingFaceFW/fineweb-edu,sample-10BT,text,train,train,610000000,M0,12,768,12,2048,256,16,2,32768,300000000,8000000,9150,50,10,3407,silu_ademamix,silu,ademamix,0.0003,0.00003,0.10,--ademamix-alpha 5.0 --ademamix-beta3 0.9999
324,E2_m0_300m_fineweb_edu_m0_300m_seed3407_rlb_ademamix,E2_m0_300m,fineweb_edu,HuggingFaceFW/fineweb-edu,sample-10BT,text,train,train,610000000,M0,12,768,12,2048,256,16,2,32768,300000000,8000000,9150,50,10,3407,rlb_ademamix,rlb_fused_fixed_strong_ffn,ademamix,0.0003,0.00003,0.10,--ademamix-alpha 5.0 --ademamix-beta3 0.9999
325,E2_m0_300m_fineweb_edu_m0_300m_seed3407_silu_came,E2_m0_300m,fineweb_edu,HuggingFaceFW/fineweb-edu,sample-10BT,text,train,train,610000000,M0,12,768,12,2048,256,16,2,32768,300000000,8000000,9150,50,10,3407,silu_came,silu,adafactor_came,0.0003,0.00003,0.10,--came-confidence-scale 1.0
326,E2_m0_300m_fineweb_edu_m0_300m_seed3407_rlb_came,E2_m0_300m,fineweb_edu,HuggingFaceFW/fineweb-edu,sample-10BT,text,train,train,610000000,M0,12,768,12,2048,256,16,2,32768,300000000,8000000,9150,50,10,3407,rlb_came,rlb_fused_fixed_strong_ffn,adafactor_came,0.0003,0.00003,0.10,--came-confidence-scale 1.0
327,E2_m0_300m_fineweb_edu_m0_300m_seed3407_silu_schedulefree,E2_m0_300m,fineweb_edu,HuggingFaceFW/fineweb-edu,sample-10BT,text,train,train,610000000,M0,12,768,12,2048,256,16,2,32768,300000000,8000000,9150,50,10,3407,silu_schedulefree,silu,schedule_free_adamw,0.0003,0.00003,0.10,--schedule-free-beta1 0.90 --schedule-free-warmup-steps 0
328,E2_m0_300m_fineweb_edu_m0_300m_seed3407_rlb_schedulefree,E2_m0_300m,fineweb_edu,HuggingFaceFW/fineweb-edu,sample-10BT,text,train,train,610000000,M0,12,768,12,2048,256,16,2,32768,300000000,8000000,9150,50,10,3407,rlb_schedulefree,rlb_fused_fixed_strong_ffn,schedule_free_adamw,0.0003,0.00003,0.10,--schedule-free-beta1 0.90 --schedule-free-warmup-steps 0
329,E2_m0_300m_fineweb_edu_m0_300m_seed3407_rlb_matrixpolicy_original,E2_m0_300m,fineweb_edu,HuggingFaceFW/fineweb-edu,sample-10BT,text,train,train,610000000,M0,12,768,12,2048,256,16,2,32768,300000000,8000000,9150,50,10,3407,rlb_matrixpolicy_original,rlb_fused_fixed_strong_ffn,rational_matrix_policy_onpolicy,0.0003,0.00003,0.10,--rational-matrix-policy-backbone-optimizer adamw --rational-matrix-policy-adam-lr-scale 3.0 --rational-matrix-policy-group-gain-strength 0.20 --rational-matrix-policy-group-pressure-strength 0.10 --rational-matrix-policy-group-activity-damping 0.20 --rational-matrix-policy-group-start 0.02 --rational-matrix-policy-group-end 0.30 --rational-matrix-policy-group-min-scale 0.75 --rational-matrix-policy-group-max-scale 1.35
330,E2_m0_300m_fineweb_m0_300m_seed1337_silu_adamw,E2_m0_300m,fineweb,HuggingFaceFW/fineweb,sample-10BT,text,train,train,610000000,M0,12,768,12,2048,256,16,2,32768,300000000,8000000,9150,50,10,1337,silu_adamw,silu,adamw,0.0003,0.00003,0.10,
331,E2_m0_300m_fineweb_m0_300m_seed1337_rlb_adamw,E2_m0_300m,fineweb,HuggingFaceFW/fineweb,sample-10BT,text,train,train,610000000,M0,12,768,12,2048,256,16,2,32768,300000000,8000000,9150,50,10,1337,rlb_adamw,rlb_fused_fixed_strong_ffn,adamw,0.0003,0.00003,0.10,
332,E2_m0_300m_fineweb_m0_300m_seed1337_silu_muon,E2_m0_300m,fineweb,HuggingFaceFW/fineweb,sample-10BT,text,train,train,610000000,M0,12,768,12,2048,256,16,2,32768,300000000,8000000,9150,50,10,1337,silu_muon,silu,muon,0.0003,0.00003,0.10,--muon-momentum 0.95 --muon-ns-steps 5 --muon-adjust-lr-fn match_rms_adamw
333,E2_m0_300m_fineweb_m0_300m_seed1337_rlb_muon,E2_m0_300m,fineweb,HuggingFaceFW/fineweb,sample-10BT,text,train,train,610000000,M0,12,768,12,2048,256,16,2,32768,300000000,8000000,9150,50,10,1337,rlb_muon,rlb_fused_fixed_strong_ffn,muon,0.0003,0.00003,0.10,--muon-momentum 0.95 --muon-ns-steps 5 --muon-adjust-lr-fn match_rms_adamw
334,E2_m0_300m_fineweb_m0_300m_seed1337_silu_lion,E2_m0_300m,fineweb,HuggingFaceFW/fineweb,sample-10BT,text,train,train,610000000,M0,12,768,12,2048,256,16,2,32768,300000000,8000000,9150,50,10,1337,silu_lion,silu,lion,0.0001,0.00001,0.10,
335,E2_m0_300m_fineweb_m0_300m_seed1337_rlb_lion,E2_m0_300m,fineweb,HuggingFaceFW/fineweb,sample-10BT,text,train,train,610000000,M0,12,768,12,2048,256,16,2,32768,300000000,8000000,9150,50,10,1337,rlb_lion,rlb_fused_fixed_strong_ffn,lion,0.0001,0.00001,0.10,
336,E2_m0_300m_fineweb_m0_300m_seed1337_silu_soap,E2_m0_300m,fineweb,HuggingFaceFW/fineweb,sample-10BT,text,train,train,610000000,M0,12,768,12,2048,256,16,2,32768,300000000,8000000,9150,50,10,1337,silu_soap,silu,soap_adamw,0.0003,0.00003,0.10,--soap-precondition-frequency 50 --no-soap-one-sided
337,E2_m0_300m_fineweb_m0_300m_seed1337_rlb_soap,E2_m0_300m,fineweb,HuggingFaceFW/fineweb,sample-10BT,text,train,train,610000000,M0,12,768,12,2048,256,16,2,32768,300000000,8000000,9150,50,10,1337,rlb_soap,rlb_fused_fixed_strong_ffn,soap_adamw,0.0003,0.00003,0.10,--soap-precondition-frequency 50 --no-soap-one-sided
338,E2_m0_300m_fineweb_m0_300m_seed1337_silu_ademamix,E2_m0_300m,fineweb,HuggingFaceFW/fineweb,sample-10BT,text,train,train,610000000,M0,12,768,12,2048,256,16,2,32768,300000000,8000000,9150,50,10,1337,silu_ademamix,silu,ademamix,0.0003,0.00003,0.10,--ademamix-alpha 5.0 --ademamix-beta3 0.9999
339,E2_m0_300m_fineweb_m0_300m_seed1337_rlb_ademamix,E2_m0_300m,fineweb,HuggingFaceFW/fineweb,sample-10BT,text,train,train,610000000,M0,12,768,12,2048,256,16,2,32768,300000000,8000000,9150,50,10,1337,rlb_ademamix,rlb_fused_fixed_strong_ffn,ademamix,0.0003,0.00003,0.10,--ademamix-alpha 5.0 --ademamix-beta3 0.9999
340,E2_m0_300m_fineweb_m0_300m_seed1337_silu_came,E2_m0_300m,fineweb,HuggingFaceFW/fineweb,sample-10BT,text,train,train,610000000,M0,12,768,12,2048,256,16,2,32768,300000000,8000000,9150,50,10,1337,silu_came,silu,adafactor_came,0.0003,0.00003,0.10,--came-confidence-scale 1.0
341,E2_m0_300m_fineweb_m0_300m_seed1337_rlb_came,E2_m0_300m,fineweb,HuggingFaceFW/fineweb,sample-10BT,text,train,train,610000000,M0,12,768,12,2048,256,16,2,32768,300000000,8000000,9150,50,10,1337,rlb_came,rlb_fused_fixed_strong_ffn,adafactor_came,0.0003,0.00003,0.10,--came-confidence-scale 1.0
342,E2_m0_300m_fineweb_m0_300m_seed1337_silu_schedulefree,E2_m0_300m,fineweb,HuggingFaceFW/fineweb,sample-10BT,text,train,train,610000000,M0,12,768,12,2048,256,16,2,32768,300000000,8000000,9150,50,10,1337,silu_schedulefree,silu,schedule_free_adamw,0.0003,0.00003,0.10,--schedule-free-beta1 0.90 --schedule-free-warmup-steps 0
343,E2_m0_300m_fineweb_m0_300m_seed1337_rlb_schedulefree,E2_m0_300m,fineweb,HuggingFaceFW/fineweb,sample-10BT,text,train,train,610000000,M0,12,768,12,2048,256,16,2,32768,300000000,8000000,9150,50,10,1337,rlb_schedulefree,rlb_fused_fixed_strong_ffn,schedule_free_adamw,0.0003,0.00003,0.10,--schedule-free-beta1 0.90 --schedule-free-warmup-steps 0
344,E2_m0_300m_fineweb_m0_300m_seed1337_rlb_matrixpolicy_original,E2_m0_300m,fineweb,HuggingFaceFW/fineweb,sample-10BT,text,train,train,610000000,M0,12,768,12,2048,256,16,2,32768,300000000,8000000,9150,50,10,1337,rlb_matrixpolicy_original,rlb_fused_fixed_strong_ffn,rational_matrix_policy_onpolicy,0.0003,0.00003,0.10,--rational-matrix-policy-backbone-optimizer adamw --rational-matrix-policy-adam-lr-scale 3.0 --rational-matrix-policy-group-gain-strength 0.20 --rational-matrix-policy-group-pressure-strength 0.10 --rational-matrix-policy-group-activity-damping 0.20 --rational-matrix-policy-group-start 0.02 --rational-matrix-policy-group-end 0.30 --rational-matrix-policy-group-min-scale 0.75 --rational-matrix-policy-group-max-scale 1.35
345,E2_m0_300m_fineweb_m0_300m_seed2027_silu_adamw,E2_m0_300m,fineweb,HuggingFaceFW/fineweb,sample-10BT,text,train,train,610000000,M0,12,768,12,2048,256,16,2,32768,300000000,8000000,9150,50,10,2027,silu_adamw,silu,adamw,0.0003,0.00003,0.10,
346,E2_m0_300m_fineweb_m0_300m_seed2027_rlb_adamw,E2_m0_300m,fineweb,HuggingFaceFW/fineweb,sample-10BT,text,train,train,610000000,M0,12,768,12,2048,256,16,2,32768,300000000,8000000,9150,50,10,2027,rlb_adamw,rlb_fused_fixed_strong_ffn,adamw,0.0003,0.00003,0.10,
347,E2_m0_300m_fineweb_m0_300m_seed2027_silu_muon,E2_m0_300m,fineweb,HuggingFaceFW/fineweb,sample-10BT,text,train,train,610000000,M0,12,768,12,2048,256,16,2,32768,300000000,8000000,9150,50,10,2027,silu_muon,silu,muon,0.0003,0.00003,0.10,--muon-momentum 0.95 --muon-ns-steps 5 --muon-adjust-lr-fn match_rms_adamw
348,E2_m0_300m_fineweb_m0_300m_seed2027_rlb_muon,E2_m0_300m,fineweb,HuggingFaceFW/fineweb,sample-10BT,text,train,train,610000000,M0,12,768,12,2048,256,16,2,32768,300000000,8000000,9150,50,10,2027,rlb_muon,rlb_fused_fixed_strong_ffn,muon,0.0003,0.00003,0.10,--muon-momentum 0.95 --muon-ns-steps 5 --muon-adjust-lr-fn match_rms_adamw
349,E2_m0_300m_fineweb_m0_300m_seed2027_silu_lion,E2_m0_300m,fineweb,HuggingFaceFW/fineweb,sample-10BT,text,train,train,610000000,M0,12,768,12,2048,256,16,2,32768,300000000,8000000,9150,50,10,2027,silu_lion,silu,lion,0.0001,0.00001,0.10,
350,E2_m0_300m_fineweb_m0_300m_seed2027_rlb_lion,E2_m0_300m,fineweb,HuggingFaceFW/fineweb,sample-10BT,text,train,train,610000000,M0,12,768,12,2048,256,16,2,32768,300000000,8000000,9150,50,10,2027,rlb_lion,rlb_fused_fixed_strong_ffn,lion,0.0001,0.00001,0.10,
351,E2_m0_300m_fineweb_m0_300m_seed2027_silu_soap,E2_m0_300m,fineweb,HuggingFaceFW/fineweb,sample-10BT,text,train,train,610000000,M0,12,768,12,2048,256,16,2,32768,300000000,8000000,9150,50,10,2027,silu_soap,silu,soap_adamw,0.0003,0.00003,0.10,--soap-precondition-frequency 50 --no-soap-one-sided
352,E2_m0_300m_fineweb_m0_300m_seed2027_rlb_soap,E2_m0_300m,fineweb,HuggingFaceFW/fineweb,sample-10BT,text,train,train,610000000,M0,12,768,12,2048,256,16,2,32768,300000000,8000000,9150,50,10,2027,rlb_soap,rlb_fused_fixed_strong_ffn,soap_adamw,0.0003,0.00003,0.10,--soap-precondition-frequency 50 --no-soap-one-sided
353,E2_m0_300m_fineweb_m0_300m_seed2027_silu_ademamix,E2_m0_300m,fineweb,HuggingFaceFW/fineweb,sample-10BT,text,train,train,610000000,M0,12,768,12,2048,256,16,2,32768,300000000,8000000,9150,50,10,2027,silu_ademamix,silu,ademamix,0.0003,0.00003,0.10,--ademamix-alpha 5.0 --ademamix-beta3 0.9999
354,E2_m0_300m_fineweb_m0_300m_seed2027_rlb_ademamix,E2_m0_300m,fineweb,HuggingFaceFW/fineweb,sample-10BT,text,train,train,610000000,M0,12,768,12,2048,256,16,2,32768,300000000,8000000,9150,50,10,2027,rlb_ademamix,rlb_fused_fixed_strong_ffn,ademamix,0.0003,0.00003,0.10,--ademamix-alpha 5.0 --ademamix-beta3 0.9999
355,E2_m0_300m_fineweb_m0_300m_seed2027_silu_came,E2_m0_300m,fineweb,HuggingFaceFW/fineweb,sample-10BT,text,train,train,610000000,M0,12,768,12,2048,256,16,2,32768,300000000,8000000,9150,50,10,2027,silu_came,silu,adafactor_came,0.0003,0.00003,0.10,--came-confidence-scale 1.0
356,E2_m0_300m_fineweb_m0_300m_seed2027_rlb_came,E2_m0_300m,fineweb,HuggingFaceFW/fineweb,sample-10BT,text,train,train,610000000,M0,12,768,12,2048,256,16,2,32768,300000000,8000000,9150,50,10,2027,rlb_came,rlb_fused_fixed_strong_ffn,adafactor_came,0.0003,0.00003,0.10,--came-confidence-scale 1.0
357,E2_m0_300m_fineweb_m0_300m_seed2027_silu_schedulefree,E2_m0_300m,fineweb,HuggingFaceFW/fineweb,sample-10BT,text,train,train,610000000,M0,12,768,12,2048,256,16,2,32768,300000000,8000000,9150,50,10,2027,silu_schedulefree,silu,schedule_free_adamw,0.0003,0.00003,0.10,--schedule-free-beta1 0.90 --schedule-free-warmup-steps 0
358,E2_m0_300m_fineweb_m0_300m_seed2027_rlb_schedulefree,E2_m0_300m,fineweb,HuggingFaceFW/fineweb,sample-10BT,text,train,train,610000000,M0,12,768,12,2048,256,16,2,32768,300000000,8000000,9150,50,10,2027,rlb_schedulefree,rlb_fused_fixed_strong_ffn,schedule_free_adamw,0.0003,0.00003,0.10,--schedule-free-beta1 0.90 --schedule-free-warmup-steps 0
359,E2_m0_300m_fineweb_m0_300m_seed2027_rlb_matrixpolicy_original,E2_m0_300m,fineweb,HuggingFaceFW/fineweb,sample-10BT,text,train,train,610000000,M0,12,768,12,2048,256,16,2,32768,300000000,8000000,9150,50,10,2027,rlb_matrixpolicy_original,rlb_fused_fixed_strong_ffn,rational_matrix_policy_onpolicy,0.0003,0.00003,0.10,--rational-matrix-policy-backbone-optimizer adamw --rational-matrix-policy-adam-lr-scale 3.0 --rational-matrix-policy-group-gain-strength 0.20 --rational-matrix-policy-group-pressure-strength 0.10 --rational-matrix-policy-group-activity-damping 0.20 --rational-matrix-policy-group-start 0.02 --rational-matrix-policy-group-end 0.30 --rational-matrix-policy-group-min-scale 0.75 --rational-matrix-policy-group-max-scale 1.35
360,E2_m0_300m_fineweb_m0_300m_seed3407_silu_adamw,E2_m0_300m,fineweb,HuggingFaceFW/fineweb,sample-10BT,text,train,train,610000000,M0,12,768,12,2048,256,16,2,32768,300000000,8000000,9150,50,10,3407,silu_adamw,silu,adamw,0.0003,0.00003,0.10,
361,E2_m0_300m_fineweb_m0_300m_seed3407_rlb_adamw,E2_m0_300m,fineweb,HuggingFaceFW/fineweb,sample-10BT,text,train,train,610000000,M0,12,768,12,2048,256,16,2,32768,300000000,8000000,9150,50,10,3407,rlb_adamw,rlb_fused_fixed_strong_ffn,adamw,0.0003,0.00003,0.10,
362,E2_m0_300m_fineweb_m0_300m_seed3407_silu_muon,E2_m0_300m,fineweb,HuggingFaceFW/fineweb,sample-10BT,text,train,train,610000000,M0,12,768,12,2048,256,16,2,32768,300000000,8000000,9150,50,10,3407,silu_muon,silu,muon,0.0003,0.00003,0.10,--muon-momentum 0.95 --muon-ns-steps 5 --muon-adjust-lr-fn match_rms_adamw
363,E2_m0_300m_fineweb_m0_300m_seed3407_rlb_muon,E2_m0_300m,fineweb,HuggingFaceFW/fineweb,sample-10BT,text,train,train,610000000,M0,12,768,12,2048,256,16,2,32768,300000000,8000000,9150,50,10,3407,rlb_muon,rlb_fused_fixed_strong_ffn,muon,0.0003,0.00003,0.10,--muon-momentum 0.95 --muon-ns-steps 5 --muon-adjust-lr-fn match_rms_adamw
364,E2_m0_300m_fineweb_m0_300m_seed3407_silu_lion,E2_m0_300m,fineweb,HuggingFaceFW/fineweb,sample-10BT,text,train,train,610000000,M0,12,768,12,2048,256,16,2,32768,300000000,8000000,9150,50,10,3407,silu_lion,silu,lion,0.0001,0.00001,0.10,
365,E2_m0_300m_fineweb_m0_300m_seed3407_rlb_lion,E2_m0_300m,fineweb,HuggingFaceFW/fineweb,sample-10BT,text,train,train,610000000,M0,12,768,12,2048,256,16,2,32768,300000000,8000000,9150,50,10,3407,rlb_lion,rlb_fused_fixed_strong_ffn,lion,0.0001,0.00001,0.10,
366,E2_m0_300m_fineweb_m0_300m_seed3407_silu_soap,E2_m0_300m,fineweb,HuggingFaceFW/fineweb,sample-10BT,text,train,train,610000000,M0,12,768,12,2048,256,16,2,32768,300000000,8000000,9150,50,10,3407,silu_soap,silu,soap_adamw,0.0003,0.00003,0.10,--soap-precondition-frequency 50 --no-soap-one-sided
367,E2_m0_300m_fineweb_m0_300m_seed3407_rlb_soap,E2_m0_300m,fineweb,HuggingFaceFW/fineweb,sample-10BT,text,train,train,610000000,M0,12,768,12,2048,256,16,2,32768,300000000,8000000,9150,50,10,3407,rlb_soap,rlb_fused_fixed_strong_ffn,soap_adamw,0.0003,0.00003,0.10,--soap-precondition-frequency 50 --no-soap-one-sided
368,E2_m0_300m_fineweb_m0_300m_seed3407_silu_ademamix,E2_m0_300m,fineweb,HuggingFaceFW/fineweb,sample-10BT,text,train,train,610000000,M0,12,768,12,2048,256,16,2,32768,300000000,8000000,9150,50,10,3407,silu_ademamix,silu,ademamix,0.0003,0.00003,0.10,--ademamix-alpha 5.0 --ademamix-beta3 0.9999
369,E2_m0_300m_fineweb_m0_300m_seed3407_rlb_ademamix,E2_m0_300m,fineweb,HuggingFaceFW/fineweb,sample-10BT,text,train,train,610000000,M0,12,768,12,2048,256,16,2,32768,300000000,8000000,9150,50,10,3407,rlb_ademamix,rlb_fused_fixed_strong_ffn,ademamix,0.0003,0.00003,0.10,--ademamix-alpha 5.0 --ademamix-beta3 0.9999
370,E2_m0_300m_fineweb_m0_300m_seed3407_silu_came,E2_m0_300m,fineweb,HuggingFaceFW/fineweb,sample-10BT,text,train,train,610000000,M0,12,768,12,2048,256,16,2,32768,300000000,8000000,9150,50,10,3407,silu_came,silu,adafactor_came,0.0003,0.00003,0.10,--came-confidence-scale 1.0
371,E2_m0_300m_fineweb_m0_300m_seed3407_rlb_came,E2_m0_300m,fineweb,HuggingFaceFW/fineweb,sample-10BT,text,train,train,610000000,M0,12,768,12,2048,256,16,2,32768,300000000,8000000,9150,50,10,3407,rlb_came,rlb_fused_fixed_strong_ffn,adafactor_came,0.0003,0.00003,0.10,--came-confidence-scale 1.0
372,E2_m0_300m_fineweb_m0_300m_seed3407_silu_schedulefree,E2_m0_300m,fineweb,HuggingFaceFW/fineweb,sample-10BT,text,train,train,610000000,M0,12,768,12,2048,256,16,2,32768,300000000,8000000,9150,50,10,3407,silu_schedulefree,silu,schedule_free_adamw,0.0003,0.00003,0.10,--schedule-free-beta1 0.90 --schedule-free-warmup-steps 0
373,E2_m0_300m_fineweb_m0_300m_seed3407_rlb_schedulefree,E2_m0_300m,fineweb,HuggingFaceFW/fineweb,sample-10BT,text,train,train,610000000,M0,12,768,12,2048,256,16,2,32768,300000000,8000000,9150,50,10,3407,rlb_schedulefree,rlb_fused_fixed_strong_ffn,schedule_free_adamw,0.0003,0.00003,0.10,--schedule-free-beta1 0.90 --schedule-free-warmup-steps 0
374,E2_m0_300m_fineweb_m0_300m_seed3407_rlb_matrixpolicy_original,E2_m0_300m,fineweb,HuggingFaceFW/fineweb,sample-10BT,text,train,train,610000000,M0,12,768,12,2048,256,16,2,32768,300000000,8000000,9150,50,10,3407,rlb_matrixpolicy_original,rlb_fused_fixed_strong_ffn,rational_matrix_policy_onpolicy,0.0003,0.00003,0.10,--rational-matrix-policy-backbone-optimizer adamw --rational-matrix-policy-adam-lr-scale 3.0 --rational-matrix-policy-group-gain-strength 0.20 --rational-matrix-policy-group-pressure-strength 0.10 --rational-matrix-policy-group-activity-damping 0.20 --rational-matrix-policy-group-start 0.02 --rational-matrix-policy-group-end 0.30 --rational-matrix-policy-group-min-scale 0.75 --rational-matrix-policy-group-max-scale 1.35
375,E2_m0_300m_dolma_sample_m0_300m_seed1337_silu_adamw,E2_m0_300m,dolma_sample,allenai/dolma,v1_6-sample,text,train,train,610000000,M0,12,768,12,2048,256,16,2,32768,300000000,8000000,9150,50,10,1337,silu_adamw,silu,adamw,0.0003,0.00003,0.10,
376,E2_m0_300m_dolma_sample_m0_300m_seed1337_rlb_adamw,E2_m0_300m,dolma_sample,allenai/dolma,v1_6-sample,text,train,train,610000000,M0,12,768,12,2048,256,16,2,32768,300000000,8000000,9150,50,10,1337,rlb_adamw,rlb_fused_fixed_strong_ffn,adamw,0.0003,0.00003,0.10,
377,E2_m0_300m_dolma_sample_m0_300m_seed1337_silu_muon,E2_m0_300m,dolma_sample,allenai/dolma,v1_6-sample,text,train,train,610000000,M0,12,768,12,2048,256,16,2,32768,300000000,8000000,9150,50,10,1337,silu_muon,silu,muon,0.0003,0.00003,0.10,--muon-momentum 0.95 --muon-ns-steps 5 --muon-adjust-lr-fn match_rms_adamw
378,E2_m0_300m_dolma_sample_m0_300m_seed1337_rlb_muon,E2_m0_300m,dolma_sample,allenai/dolma,v1_6-sample,text,train,train,610000000,M0,12,768,12,2048,256,16,2,32768,300000000,8000000,9150,50,10,1337,rlb_muon,rlb_fused_fixed_strong_ffn,muon,0.0003,0.00003,0.10,--muon-momentum 0.95 --muon-ns-steps 5 --muon-adjust-lr-fn match_rms_adamw
379,E2_m0_300m_dolma_sample_m0_300m_seed1337_silu_lion,E2_m0_300m,dolma_sample,allenai/dolma,v1_6-sample,text,train,train,610000000,M0,12,768,12,2048,256,16,2,32768,300000000,8000000,9150,50,10,1337,silu_lion,silu,lion,0.0001,0.00001,0.10,
380,E2_m0_300m_dolma_sample_m0_300m_seed1337_rlb_lion,E2_m0_300m,dolma_sample,allenai/dolma,v1_6-sample,text,train,train,610000000,M0,12,768,12,2048,256,16,2,32768,300000000,8000000,9150,50,10,1337,rlb_lion,rlb_fused_fixed_strong_ffn,lion,0.0001,0.00001,0.10,
381,E2_m0_300m_dolma_sample_m0_300m_seed1337_silu_soap,E2_m0_300m,dolma_sample,allenai/dolma,v1_6-sample,text,train,train,610000000,M0,12,768,12,2048,256,16,2,32768,300000000,8000000,9150,50,10,1337,silu_soap,silu,soap_adamw,0.0003,0.00003,0.10,--soap-precondition-frequency 50 --no-soap-one-sided
382,E2_m0_300m_dolma_sample_m0_300m_seed1337_rlb_soap,E2_m0_300m,dolma_sample,allenai/dolma,v1_6-sample,text,train,train,610000000,M0,12,768,12,2048,256,16,2,32768,300000000,8000000,9150,50,10,1337,rlb_soap,rlb_fused_fixed_strong_ffn,soap_adamw,0.0003,0.00003,0.10,--soap-precondition-frequency 50 --no-soap-one-sided
383,E2_m0_300m_dolma_sample_m0_300m_seed1337_silu_ademamix,E2_m0_300m,dolma_sample,allenai/dolma,v1_6-sample,text,train,train,610000000,M0,12,768,12,2048,256,16,2,32768,300000000,8000000,9150,50,10,1337,silu_ademamix,silu,ademamix,0.0003,0.00003,0.10,--ademamix-alpha 5.0 --ademamix-beta3 0.9999
384,E2_m0_300m_dolma_sample_m0_300m_seed1337_rlb_ademamix,E2_m0_300m,dolma_sample,allenai/dolma,v1_6-sample,text,train,train,610000000,M0,12,768,12,2048,256,16,2,32768,300000000,8000000,9150,50,10,1337,rlb_ademamix,rlb_fused_fixed_strong_ffn,ademamix,0.0003,0.00003,0.10,--ademamix-alpha 5.0 --ademamix-beta3 0.9999
385,E2_m0_300m_dolma_sample_m0_300m_seed1337_silu_came,E2_m0_300m,dolma_sample,allenai/dolma,v1_6-sample,text,train,train,610000000,M0,12,768,12,2048,256,16,2,32768,300000000,8000000,9150,50,10,1337,silu_came,silu,adafactor_came,0.0003,0.00003,0.10,--came-confidence-scale 1.0
386,E2_m0_300m_dolma_sample_m0_300m_seed1337_rlb_came,E2_m0_300m,dolma_sample,allenai/dolma,v1_6-sample,text,train,train,610000000,M0,12,768,12,2048,256,16,2,32768,300000000,8000000,9150,50,10,1337,rlb_came,rlb_fused_fixed_strong_ffn,adafactor_came,0.0003,0.00003,0.10,--came-confidence-scale 1.0
387,E2_m0_300m_dolma_sample_m0_300m_seed1337_silu_schedulefree,E2_m0_300m,dolma_sample,allenai/dolma,v1_6-sample,text,train,train,610000000,M0,12,768,12,2048,256,16,2,32768,300000000,8000000,9150,50,10,1337,silu_schedulefree,silu,schedule_free_adamw,0.0003,0.00003,0.10,--schedule-free-beta1 0.90 --schedule-free-warmup-steps 0
388,E2_m0_300m_dolma_sample_m0_300m_seed1337_rlb_schedulefree,E2_m0_300m,dolma_sample,allenai/dolma,v1_6-sample,text,train,train,610000000,M0,12,768,12,2048,256,16,2,32768,300000000,8000000,9150,50,10,1337,rlb_schedulefree,rlb_fused_fixed_strong_ffn,schedule_free_adamw,0.0003,0.00003,0.10,--schedule-free-beta1 0.90 --schedule-free-warmup-steps 0
389,E2_m0_300m_dolma_sample_m0_300m_seed1337_rlb_matrixpolicy_original,E2_m0_300m,dolma_sample,allenai/dolma,v1_6-sample,text,train,train,610000000,M0,12,768,12,2048,256,16,2,32768,300000000,8000000,9150,50,10,1337,rlb_matrixpolicy_original,rlb_fused_fixed_strong_ffn,rational_matrix_policy_onpolicy,0.0003,0.00003,0.10,--rational-matrix-policy-backbone-optimizer adamw --rational-matrix-policy-adam-lr-scale 3.0 --rational-matrix-policy-group-gain-strength 0.20 --rational-matrix-policy-group-pressure-strength 0.10 --rational-matrix-policy-group-activity-damping 0.20 --rational-matrix-policy-group-start 0.02 --rational-matrix-policy-group-end 0.30 --rational-matrix-policy-group-min-scale 0.75 --rational-matrix-policy-group-max-scale 1.35
390,E2_m0_300m_dolma_sample_m0_300m_seed2027_silu_adamw,E2_m0_300m,dolma_sample,allenai/dolma,v1_6-sample,text,train,train,610000000,M0,12,768,12,2048,256,16,2,32768,300000000,8000000,9150,50,10,2027,silu_adamw,silu,adamw,0.0003,0.00003,0.10,
391,E2_m0_300m_dolma_sample_m0_300m_seed2027_rlb_adamw,E2_m0_300m,dolma_sample,allenai/dolma,v1_6-sample,text,train,train,610000000,M0,12,768,12,2048,256,16,2,32768,300000000,8000000,9150,50,10,2027,rlb_adamw,rlb_fused_fixed_strong_ffn,adamw,0.0003,0.00003,0.10,
392,E2_m0_300m_dolma_sample_m0_300m_seed2027_silu_muon,E2_m0_300m,dolma_sample,allenai/dolma,v1_6-sample,text,train,train,610000000,M0,12,768,12,2048,256,16,2,32768,300000000,8000000,9150,50,10,2027,silu_muon,silu,muon,0.0003,0.00003,0.10,--muon-momentum 0.95 --muon-ns-steps 5 --muon-adjust-lr-fn match_rms_adamw
393,E2_m0_300m_dolma_sample_m0_300m_seed2027_rlb_muon,E2_m0_300m,dolma_sample,allenai/dolma,v1_6-sample,text,train,train,610000000,M0,12,768,12,2048,256,16,2,32768,300000000,8000000,9150,50,10,2027,rlb_muon,rlb_fused_fixed_strong_ffn,muon,0.0003,0.00003,0.10,--muon-momentum 0.95 --muon-ns-steps 5 --muon-adjust-lr-fn match_rms_adamw
394,E2_m0_300m_dolma_sample_m0_300m_seed2027_silu_lion,E2_m0_300m,dolma_sample,allenai/dolma,v1_6-sample,text,train,train,610000000,M0,12,768,12,2048,256,16,2,32768,300000000,8000000,9150,50,10,2027,silu_lion,silu,lion,0.0001,0.00001,0.10,
395,E2_m0_300m_dolma_sample_m0_300m_seed2027_rlb_lion,E2_m0_300m,dolma_sample,allenai/dolma,v1_6-sample,text,train,train,610000000,M0,12,768,12,2048,256,16,2,32768,300000000,8000000,9150,50,10,2027,rlb_lion,rlb_fused_fixed_strong_ffn,lion,0.0001,0.00001,0.10,
396,E2_m0_300m_dolma_sample_m0_300m_seed2027_silu_soap,E2_m0_300m,dolma_sample,allenai/dolma,v1_6-sample,text,train,train,610000000,M0,12,768,12,2048,256,16,2,32768,300000000,8000000,9150,50,10,2027,silu_soap,silu,soap_adamw,0.0003,0.00003,0.10,--soap-precondition-frequency 50 --no-soap-one-sided
397,E2_m0_300m_dolma_sample_m0_300m_seed2027_rlb_soap,E2_m0_300m,dolma_sample,allenai/dolma,v1_6-sample,text,train,train,610000000,M0,12,768,12,2048,256,16,2,32768,300000000,8000000,9150,50,10,2027,rlb_soap,rlb_fused_fixed_strong_ffn,soap_adamw,0.0003,0.00003,0.10,--soap-precondition-frequency 50 --no-soap-one-sided
398,E2_m0_300m_dolma_sample_m0_300m_seed2027_silu_ademamix,E2_m0_300m,dolma_sample,allenai/dolma,v1_6-sample,text,train,train,610000000,M0,12,768,12,2048,256,16,2,32768,300000000,8000000,9150,50,10,2027,silu_ademamix,silu,ademamix,0.0003,0.00003,0.10,--ademamix-alpha 5.0 --ademamix-beta3 0.9999
399,E2_m0_300m_dolma_sample_m0_300m_seed2027_rlb_ademamix,E2_m0_300m,dolma_sample,allenai/dolma,v1_6-sample,text,train,train,610000000,M0,12,768,12,2048,256,16,2,32768,300000000,8000000,9150,50,10,2027,rlb_ademamix,rlb_fused_fixed_strong_ffn,ademamix,0.0003,0.00003,0.10,--ademamix-alpha 5.0 --ademamix-beta3 0.9999
400,E2_m0_300m_dolma_sample_m0_300m_seed2027_silu_came,E2_m0_300m,dolma_sample,allenai/dolma,v1_6-sample,text,train,train,610000000,M0,12,768,12,2048,256,16,2,32768,300000000,8000000,9150,50,10,2027,silu_came,silu,adafactor_came,0.0003,0.00003,0.10,--came-confidence-scale 1.0
401,E2_m0_300m_dolma_sample_m0_300m_seed2027_rlb_came,E2_m0_300m,dolma_sample,allenai/dolma,v1_6-sample,text,train,train,610000000,M0,12,768,12,2048,256,16,2,32768,300000000,8000000,9150,50,10,2027,rlb_came,rlb_fused_fixed_strong_ffn,adafactor_came,0.0003,0.00003,0.10,--came-confidence-scale 1.0
402,E2_m0_300m_dolma_sample_m0_300m_seed2027_silu_schedulefree,E2_m0_300m,dolma_sample,allenai/dolma,v1_6-sample,text,train,train,610000000,M0,12,768,12,2048,256,16,2,32768,300000000,8000000,9150,50,10,2027,silu_schedulefree,silu,schedule_free_adamw,0.0003,0.00003,0.10,--schedule-free-beta1 0.90 --schedule-free-warmup-steps 0
403,E2_m0_300m_dolma_sample_m0_300m_seed2027_rlb_schedulefree,E2_m0_300m,dolma_sample,allenai/dolma,v1_6-sample,text,train,train,610000000,M0,12,768,12,2048,256,16,2,32768,300000000,8000000,9150,50,10,2027,rlb_schedulefree,rlb_fused_fixed_strong_ffn,schedule_free_adamw,0.0003,0.00003,0.10,--schedule-free-beta1 0.90 --schedule-free-warmup-steps 0
404,E2_m0_300m_dolma_sample_m0_300m_seed2027_rlb_matrixpolicy_original,E2_m0_300m,dolma_sample,allenai/dolma,v1_6-sample,text,train,train,610000000,M0,12,768,12,2048,256,16,2,32768,300000000,8000000,9150,50,10,2027,rlb_matrixpolicy_original,rlb_fused_fixed_strong_ffn,rational_matrix_policy_onpolicy,0.0003,0.00003,0.10,--rational-matrix-policy-backbone-optimizer adamw --rational-matrix-policy-adam-lr-scale 3.0 --rational-matrix-policy-group-gain-strength 0.20 --rational-matrix-policy-group-pressure-strength 0.10 --rational-matrix-policy-group-activity-damping 0.20 --rational-matrix-policy-group-start 0.02 --rational-matrix-policy-group-end 0.30 --rational-matrix-policy-group-min-scale 0.75 --rational-matrix-policy-group-max-scale 1.35
405,E2_m0_300m_dolma_sample_m0_300m_seed3407_silu_adamw,E2_m0_300m,dolma_sample,allenai/dolma,v1_6-sample,text,train,train,610000000,M0,12,768,12,2048,256,16,2,32768,300000000,8000000,9150,50,10,3407,silu_adamw,silu,adamw,0.0003,0.00003,0.10,
406,E2_m0_300m_dolma_sample_m0_300m_seed3407_rlb_adamw,E2_m0_300m,dolma_sample,allenai/dolma,v1_6-sample,text,train,train,610000000,M0,12,768,12,2048,256,16,2,32768,300000000,8000000,9150,50,10,3407,rlb_adamw,rlb_fused_fixed_strong_ffn,adamw,0.0003,0.00003,0.10,
407,E2_m0_300m_dolma_sample_m0_300m_seed3407_silu_muon,E2_m0_300m,dolma_sample,allenai/dolma,v1_6-sample,text,train,train,610000000,M0,12,768,12,2048,256,16,2,32768,300000000,8000000,9150,50,10,3407,silu_muon,silu,muon,0.0003,0.00003,0.10,--muon-momentum 0.95 --muon-ns-steps 5 --muon-adjust-lr-fn match_rms_adamw
408,E2_m0_300m_dolma_sample_m0_300m_seed3407_rlb_muon,E2_m0_300m,dolma_sample,allenai/dolma,v1_6-sample,text,train,train,610000000,M0,12,768,12,2048,256,16,2,32768,300000000,8000000,9150,50,10,3407,rlb_muon,rlb_fused_fixed_strong_ffn,muon,0.0003,0.00003,0.10,--muon-momentum 0.95 --muon-ns-steps 5 --muon-adjust-lr-fn match_rms_adamw
409,E2_m0_300m_dolma_sample_m0_300m_seed3407_silu_lion,E2_m0_300m,dolma_sample,allenai/dolma,v1_6-sample,text,train,train,610000000,M0,12,768,12,2048,256,16,2,32768,300000000,8000000,9150,50,10,3407,silu_lion,silu,lion,0.0001,0.00001,0.10,
410,E2_m0_300m_dolma_sample_m0_300m_seed3407_rlb_lion,E2_m0_300m,dolma_sample,allenai/dolma,v1_6-sample,text,train,train,610000000,M0,12,768,12,2048,256,16,2,32768,300000000,8000000,9150,50,10,3407,rlb_lion,rlb_fused_fixed_strong_ffn,lion,0.0001,0.00001,0.10,
411,E2_m0_300m_dolma_sample_m0_300m_seed3407_silu_soap,E2_m0_300m,dolma_sample,allenai/dolma,v1_6-sample,text,train,train,610000000,M0,12,768,12,2048,256,16,2,32768,300000000,8000000,9150,50,10,3407,silu_soap,silu,soap_adamw,0.0003,0.00003,0.10,--soap-precondition-frequency 50 --no-soap-one-sided
412,E2_m0_300m_dolma_sample_m0_300m_seed3407_rlb_soap,E2_m0_300m,dolma_sample,allenai/dolma,v1_6-sample,text,train,train,610000000,M0,12,768,12,2048,256,16,2,32768,300000000,8000000,9150,50,10,3407,rlb_soap,rlb_fused_fixed_strong_ffn,soap_adamw,0.0003,0.00003,0.10,--soap-precondition-frequency 50 --no-soap-one-sided
413,E2_m0_300m_dolma_sample_m0_300m_seed3407_silu_ademamix,E2_m0_300m,dolma_sample,allenai/dolma,v1_6-sample,text,train,train,610000000,M0,12,768,12,2048,256,16,2,32768,300000000,8000000,9150,50,10,3407,silu_ademamix,silu,ademamix,0.0003,0.00003,0.10,--ademamix-alpha 5.0 --ademamix-beta3 0.9999
414,E2_m0_300m_dolma_sample_m0_300m_seed3407_rlb_ademamix,E2_m0_300m,dolma_sample,allenai/dolma,v1_6-sample,text,train,train,610000000,M0,12,768,12,2048,256,16,2,32768,300000000,8000000,9150,50,10,3407,rlb_ademamix,rlb_fused_fixed_strong_ffn,ademamix,0.0003,0.00003,0.10,--ademamix-alpha 5.0 --ademamix-beta3 0.9999
415,E2_m0_300m_dolma_sample_m0_300m_seed3407_silu_came,E2_m0_300m,dolma_sample,allenai/dolma,v1_6-sample,text,train,train,610000000,M0,12,768,12,2048,256,16,2,32768,300000000,8000000,9150,50,10,3407,silu_came,silu,adafactor_came,0.0003,0.00003,0.10,--came-confidence-scale 1.0
416,E2_m0_300m_dolma_sample_m0_300m_seed3407_rlb_came,E2_m0_300m,dolma_sample,allenai/dolma,v1_6-sample,text,train,train,610000000,M0,12,768,12,2048,256,16,2,32768,300000000,8000000,9150,50,10,3407,rlb_came,rlb_fused_fixed_strong_ffn,adafactor_came,0.0003,0.00003,0.10,--came-confidence-scale 1.0
417,E2_m0_300m_dolma_sample_m0_300m_seed3407_silu_schedulefree,E2_m0_300m,dolma_sample,allenai/dolma,v1_6-sample,text,train,train,610000000,M0,12,768,12,2048,256,16,2,32768,300000000,8000000,9150,50,10,3407,silu_schedulefree,silu,schedule_free_adamw,0.0003,0.00003,0.10,--schedule-free-beta1 0.90 --schedule-free-warmup-steps 0
418,E2_m0_300m_dolma_sample_m0_300m_seed3407_rlb_schedulefree,E2_m0_300m,dolma_sample,allenai/dolma,v1_6-sample,text,train,train,610000000,M0,12,768,12,2048,256,16,2,32768,300000000,8000000,9150,50,10,3407,rlb_schedulefree,rlb_fused_fixed_strong_ffn,schedule_free_adamw,0.0003,0.00003,0.10,--schedule-free-beta1 0.90 --schedule-free-warmup-steps 0
419,E2_m0_300m_dolma_sample_m0_300m_seed3407_rlb_matrixpolicy_original,E2_m0_300m,dolma_sample,allenai/dolma,v1_6-sample,text,train,train,610000000,M0,12,768,12,2048,256,16,2,32768,300000000,8000000,9150,50,10,3407,rlb_matrixpolicy_original,rlb_fused_fixed_strong_ffn,rational_matrix_policy_onpolicy,0.0003,0.00003,0.10,--rational-matrix-policy-backbone-optimizer adamw --rational-matrix-policy-adam-lr-scale 3.0 --rational-matrix-policy-group-gain-strength 0.20 --rational-matrix-policy-group-pressure-strength 0.10 --rational-matrix-policy-group-activity-damping 0.20 --rational-matrix-policy-group-start 0.02 --rational-matrix-policy-group-end 0.30 --rational-matrix-policy-group-min-scale 0.75 --rational-matrix-policy-group-max-scale 1.35
420,E2_m0_300m_c4_en_m0_300m_seed1337_silu_adamw,E2_m0_300m,c4_en,allenai/c4,en,text,train,validation,0,M0,12,768,12,2048,256,16,2,32768,300000000,8000000,9150,50,10,1337,silu_adamw,silu,adamw,0.0003,0.00003,0.10,
421,E2_m0_300m_c4_en_m0_300m_seed1337_rlb_adamw,E2_m0_300m,c4_en,allenai/c4,en,text,train,validation,0,M0,12,768,12,2048,256,16,2,32768,300000000,8000000,9150,50,10,1337,rlb_adamw,rlb_fused_fixed_strong_ffn,adamw,0.0003,0.00003,0.10,
422,E2_m0_300m_c4_en_m0_300m_seed1337_silu_muon,E2_m0_300m,c4_en,allenai/c4,en,text,train,validation,0,M0,12,768,12,2048,256,16,2,32768,300000000,8000000,9150,50,10,1337,silu_muon,silu,muon,0.0003,0.00003,0.10,--muon-momentum 0.95 --muon-ns-steps 5 --muon-adjust-lr-fn match_rms_adamw
423,E2_m0_300m_c4_en_m0_300m_seed1337_rlb_muon,E2_m0_300m,c4_en,allenai/c4,en,text,train,validation,0,M0,12,768,12,2048,256,16,2,32768,300000000,8000000,9150,50,10,1337,rlb_muon,rlb_fused_fixed_strong_ffn,muon,0.0003,0.00003,0.10,--muon-momentum 0.95 --muon-ns-steps 5 --muon-adjust-lr-fn match_rms_adamw
424,E2_m0_300m_c4_en_m0_300m_seed1337_silu_lion,E2_m0_300m,c4_en,allenai/c4,en,text,train,validation,0,M0,12,768,12,2048,256,16,2,32768,300000000,8000000,9150,50,10,1337,silu_lion,silu,lion,0.0001,0.00001,0.10,
425,E2_m0_300m_c4_en_m0_300m_seed1337_rlb_lion,E2_m0_300m,c4_en,allenai/c4,en,text,train,validation,0,M0,12,768,12,2048,256,16,2,32768,300000000,8000000,9150,50,10,1337,rlb_lion,rlb_fused_fixed_strong_ffn,lion,0.0001,0.00001,0.10,
426,E2_m0_300m_c4_en_m0_300m_seed1337_silu_soap,E2_m0_300m,c4_en,allenai/c4,en,text,train,validation,0,M0,12,768,12,2048,256,16,2,32768,300000000,8000000,9150,50,10,1337,silu_soap,silu,soap_adamw,0.0003,0.00003,0.10,--soap-precondition-frequency 50 --no-soap-one-sided
427,E2_m0_300m_c4_en_m0_300m_seed1337_rlb_soap,E2_m0_300m,c4_en,allenai/c4,en,text,train,validation,0,M0,12,768,12,2048,256,16,2,32768,300000000,8000000,9150,50,10,1337,rlb_soap,rlb_fused_fixed_strong_ffn,soap_adamw,0.0003,0.00003,0.10,--soap-precondition-frequency 50 --no-soap-one-sided
428,E2_m0_300m_c4_en_m0_300m_seed1337_silu_ademamix,E2_m0_300m,c4_en,allenai/c4,en,text,train,validation,0,M0,12,768,12,2048,256,16,2,32768,300000000,8000000,9150,50,10,1337,silu_ademamix,silu,ademamix,0.0003,0.00003,0.10,--ademamix-alpha 5.0 --ademamix-beta3 0.9999
429,E2_m0_300m_c4_en_m0_300m_seed1337_rlb_ademamix,E2_m0_300m,c4_en,allenai/c4,en,text,train,validation,0,M0,12,768,12,2048,256,16,2,32768,300000000,8000000,9150,50,10,1337,rlb_ademamix,rlb_fused_fixed_strong_ffn,ademamix,0.0003,0.00003,0.10,--ademamix-alpha 5.0 --ademamix-beta3 0.9999
430,E2_m0_300m_c4_en_m0_300m_seed1337_silu_came,E2_m0_300m,c4_en,allenai/c4,en,text,train,validation,0,M0,12,768,12,2048,256,16,2,32768,300000000,8000000,9150,50,10,1337,silu_came,silu,adafactor_came,0.0003,0.00003,0.10,--came-confidence-scale 1.0
431,E2_m0_300m_c4_en_m0_300m_seed1337_rlb_came,E2_m0_300m,c4_en,allenai/c4,en,text,train,validation,0,M0,12,768,12,2048,256,16,2,32768,300000000,8000000,9150,50,10,1337,rlb_came,rlb_fused_fixed_strong_ffn,adafactor_came,0.0003,0.00003,0.10,--came-confidence-scale 1.0
432,E2_m0_300m_c4_en_m0_300m_seed1337_silu_schedulefree,E2_m0_300m,c4_en,allenai/c4,en,text,train,validation,0,M0,12,768,12,2048,256,16,2,32768,300000000,8000000,9150,50,10,1337,silu_schedulefree,silu,schedule_free_adamw,0.0003,0.00003,0.10,--schedule-free-beta1 0.90 --schedule-free-warmup-steps 0
433,E2_m0_300m_c4_en_m0_300m_seed1337_rlb_schedulefree,E2_m0_300m,c4_en,allenai/c4,en,text,train,validation,0,M0,12,768,12,2048,256,16,2,32768,300000000,8000000,9150,50,10,1337,rlb_schedulefree,rlb_fused_fixed_strong_ffn,schedule_free_adamw,0.0003,0.00003,0.10,--schedule-free-beta1 0.90 --schedule-free-warmup-steps 0
434,E2_m0_300m_c4_en_m0_300m_seed1337_rlb_matrixpolicy_original,E2_m0_300m,c4_en,allenai/c4,en,text,train,validation,0,M0,12,768,12,2048,256,16,2,32768,300000000,8000000,9150,50,10,1337,rlb_matrixpolicy_original,rlb_fused_fixed_strong_ffn,rational_matrix_policy_onpolicy,0.0003,0.00003,0.10,--rational-matrix-policy-backbone-optimizer adamw --rational-matrix-policy-adam-lr-scale 3.0 --rational-matrix-policy-group-gain-strength 0.20 --rational-matrix-policy-group-pressure-strength 0.10 --rational-matrix-policy-group-activity-damping 0.20 --rational-matrix-policy-group-start 0.02 --rational-matrix-policy-group-end 0.30 --rational-matrix-policy-group-min-scale 0.75 --rational-matrix-policy-group-max-scale 1.35
435,E2_m0_300m_c4_en_m0_300m_seed2027_silu_adamw,E2_m0_300m,c4_en,allenai/c4,en,text,train,validation,0,M0,12,768,12,2048,256,16,2,32768,300000000,8000000,9150,50,10,2027,silu_adamw,silu,adamw,0.0003,0.00003,0.10,
436,E2_m0_300m_c4_en_m0_300m_seed2027_rlb_adamw,E2_m0_300m,c4_en,allenai/c4,en,text,train,validation,0,M0,12,768,12,2048,256,16,2,32768,300000000,8000000,9150,50,10,2027,rlb_adamw,rlb_fused_fixed_strong_ffn,adamw,0.0003,0.00003,0.10,
437,E2_m0_300m_c4_en_m0_300m_seed2027_silu_muon,E2_m0_300m,c4_en,allenai/c4,en,text,train,validation,0,M0,12,768,12,2048,256,16,2,32768,300000000,8000000,9150,50,10,2027,silu_muon,silu,muon,0.0003,0.00003,0.10,--muon-momentum 0.95 --muon-ns-steps 5 --muon-adjust-lr-fn match_rms_adamw
438,E2_m0_300m_c4_en_m0_300m_seed2027_rlb_muon,E2_m0_300m,c4_en,allenai/c4,en,text,train,validation,0,M0,12,768,12,2048,256,16,2,32768,300000000,8000000,9150,50,10,2027,rlb_muon,rlb_fused_fixed_strong_ffn,muon,0.0003,0.00003,0.10,--muon-momentum 0.95 --muon-ns-steps 5 --muon-adjust-lr-fn match_rms_adamw
439,E2_m0_300m_c4_en_m0_300m_seed2027_silu_lion,E2_m0_300m,c4_en,allenai/c4,en,text,train,validation,0,M0,12,768,12,2048,256,16,2,32768,300000000,8000000,9150,50,10,2027,silu_lion,silu,lion,0.0001,0.00001,0.10,
440,E2_m0_300m_c4_en_m0_300m_seed2027_rlb_lion,E2_m0_300m,c4_en,allenai/c4,en,text,train,validation,0,M0,12,768,12,2048,256,16,2,32768,300000000,8000000,9150,50,10,2027,rlb_lion,rlb_fused_fixed_strong_ffn,lion,0.0001,0.00001,0.10,
441,E2_m0_300m_c4_en_m0_300m_seed2027_silu_soap,E2_m0_300m,c4_en,allenai/c4,en,text,train,validation,0,M0,12,768,12,2048,256,16,2,32768,300000000,8000000,9150,50,10,2027,silu_soap,silu,soap_adamw,0.0003,0.00003,0.10,--soap-precondition-frequency 50 --no-soap-one-sided
442,E2_m0_300m_c4_en_m0_300m_seed2027_rlb_soap,E2_m0_300m,c4_en,allenai/c4,en,text,train,validation,0,M0,12,768,12,2048,256,16,2,32768,300000000,8000000,9150,50,10,2027,rlb_soap,rlb_fused_fixed_strong_ffn,soap_adamw,0.0003,0.00003,0.10,--soap-precondition-frequency 50 --no-soap-one-sided
443,E2_m0_300m_c4_en_m0_300m_seed2027_silu_ademamix,E2_m0_300m,c4_en,allenai/c4,en,text,train,validation,0,M0,12,768,12,2048,256,16,2,32768,300000000,8000000,9150,50,10,2027,silu_ademamix,silu,ademamix,0.0003,0.00003,0.10,--ademamix-alpha 5.0 --ademamix-beta3 0.9999
444,E2_m0_300m_c4_en_m0_300m_seed2027_rlb_ademamix,E2_m0_300m,c4_en,allenai/c4,en,text,train,validation,0,M0,12,768,12,2048,256,16,2,32768,300000000,8000000,9150,50,10,2027,rlb_ademamix,rlb_fused_fixed_strong_ffn,ademamix,0.0003,0.00003,0.10,--ademamix-alpha 5.0 --ademamix-beta3 0.9999
445,E2_m0_300m_c4_en_m0_300m_seed2027_silu_came,E2_m0_300m,c4_en,allenai/c4,en,text,train,validation,0,M0,12,768,12,2048,256,16,2,32768,300000000,8000000,9150,50,10,2027,silu_came,silu,adafactor_came,0.0003,0.00003,0.10,--came-confidence-scale 1.0
446,E2_m0_300m_c4_en_m0_300m_seed2027_rlb_came,E2_m0_300m,c4_en,allenai/c4,en,text,train,validation,0,M0,12,768,12,2048,256,16,2,32768,300000000,8000000,9150,50,10,2027,rlb_came,rlb_fused_fixed_strong_ffn,adafactor_came,0.0003,0.00003,0.10,--came-confidence-scale 1.0
447,E2_m0_300m_c4_en_m0_300m_seed2027_silu_schedulefree,E2_m0_300m,c4_en,allenai/c4,en,text,train,validation,0,M0,12,768,12,2048,256,16,2,32768,300000000,8000000,9150,50,10,2027,silu_schedulefree,silu,schedule_free_adamw,0.0003,0.00003,0.10,--schedule-free-beta1 0.90 --schedule-free-warmup-steps 0
448,E2_m0_300m_c4_en_m0_300m_seed2027_rlb_schedulefree,E2_m0_300m,c4_en,allenai/c4,en,text,train,validation,0,M0,12,768,12,2048,256,16,2,32768,300000000,8000000,9150,50,10,2027,rlb_schedulefree,rlb_fused_fixed_strong_ffn,schedule_free_adamw,0.0003,0.00003,0.10,--schedule-free-beta1 0.90 --schedule-free-warmup-steps 0
449,E2_m0_300m_c4_en_m0_300m_seed2027_rlb_matrixpolicy_original,E2_m0_300m,c4_en,allenai/c4,en,text,train,validation,0,M0,12,768,12,2048,256,16,2,32768,300000000,8000000,9150,50,10,2027,rlb_matrixpolicy_original,rlb_fused_fixed_strong_ffn,rational_matrix_policy_onpolicy,0.0003,0.00003,0.10,--rational-matrix-policy-backbone-optimizer adamw --rational-matrix-policy-adam-lr-scale 3.0 --rational-matrix-policy-group-gain-strength 0.20 --rational-matrix-policy-group-pressure-strength 0.10 --rational-matrix-policy-group-activity-damping 0.20 --rational-matrix-policy-group-start 0.02 --rational-matrix-policy-group-end 0.30 --rational-matrix-policy-group-min-scale 0.75 --rational-matrix-policy-group-max-scale 1.35
450,E2_m0_300m_c4_en_m0_300m_seed3407_silu_adamw,E2_m0_300m,c4_en,allenai/c4,en,text,train,validation,0,M0,12,768,12,2048,256,16,2,32768,300000000,8000000,9150,50,10,3407,silu_adamw,silu,adamw,0.0003,0.00003,0.10,
451,E2_m0_300m_c4_en_m0_300m_seed3407_rlb_adamw,E2_m0_300m,c4_en,allenai/c4,en,text,train,validation,0,M0,12,768,12,2048,256,16,2,32768,300000000,8000000,9150,50,10,3407,rlb_adamw,rlb_fused_fixed_strong_ffn,adamw,0.0003,0.00003,0.10,
452,E2_m0_300m_c4_en_m0_300m_seed3407_silu_muon,E2_m0_300m,c4_en,allenai/c4,en,text,train,validation,0,M0,12,768,12,2048,256,16,2,32768,300000000,8000000,9150,50,10,3407,silu_muon,silu,muon,0.0003,0.00003,0.10,--muon-momentum 0.95 --muon-ns-steps 5 --muon-adjust-lr-fn match_rms_adamw
453,E2_m0_300m_c4_en_m0_300m_seed3407_rlb_muon,E2_m0_300m,c4_en,allenai/c4,en,text,train,validation,0,M0,12,768,12,2048,256,16,2,32768,300000000,8000000,9150,50,10,3407,rlb_muon,rlb_fused_fixed_strong_ffn,muon,0.0003,0.00003,0.10,--muon-momentum 0.95 --muon-ns-steps 5 --muon-adjust-lr-fn match_rms_adamw
454,E2_m0_300m_c4_en_m0_300m_seed3407_silu_lion,E2_m0_300m,c4_en,allenai/c4,en,text,train,validation,0,M0,12,768,12,2048,256,16,2,32768,300000000,8000000,9150,50,10,3407,silu_lion,silu,lion,0.0001,0.00001,0.10,
455,E2_m0_300m_c4_en_m0_300m_seed3407_rlb_lion,E2_m0_300m,c4_en,allenai/c4,en,text,train,validation,0,M0,12,768,12,2048,256,16,2,32768,300000000,8000000,9150,50,10,3407,rlb_lion,rlb_fused_fixed_strong_ffn,lion,0.0001,0.00001,0.10,
456,E2_m0_300m_c4_en_m0_300m_seed3407_silu_soap,E2_m0_300m,c4_en,allenai/c4,en,text,train,validation,0,M0,12,768,12,2048,256,16,2,32768,300000000,8000000,9150,50,10,3407,silu_soap,silu,soap_adamw,0.0003,0.00003,0.10,--soap-precondition-frequency 50 --no-soap-one-sided
457,E2_m0_300m_c4_en_m0_300m_seed3407_rlb_soap,E2_m0_300m,c4_en,allenai/c4,en,text,train,validation,0,M0,12,768,12,2048,256,16,2,32768,300000000,8000000,9150,50,10,3407,rlb_soap,rlb_fused_fixed_strong_ffn,soap_adamw,0.0003,0.00003,0.10,--soap-precondition-frequency 50 --no-soap-one-sided
458,E2_m0_300m_c4_en_m0_300m_seed3407_silu_ademamix,E2_m0_300m,c4_en,allenai/c4,en,text,train,validation,0,M0,12,768,12,2048,256,16,2,32768,300000000,8000000,9150,50,10,3407,silu_ademamix,silu,ademamix,0.0003,0.00003,0.10,--ademamix-alpha 5.0 --ademamix-beta3 0.9999
459,E2_m0_300m_c4_en_m0_300m_seed3407_rlb_ademamix,E2_m0_300m,c4_en,allenai/c4,en,text,train,validation,0,M0,12,768,12,2048,256,16,2,32768,300000000,8000000,9150,50,10,3407,rlb_ademamix,rlb_fused_fixed_strong_ffn,ademamix,0.0003,0.00003,0.10,--ademamix-alpha 5.0 --ademamix-beta3 0.9999
460,E2_m0_300m_c4_en_m0_300m_seed3407_silu_came,E2_m0_300m,c4_en,allenai/c4,en,text,train,validation,0,M0,12,768,12,2048,256,16,2,32768,300000000,8000000,9150,50,10,3407,silu_came,silu,adafactor_came,0.0003,0.00003,0.10,--came-confidence-scale 1.0
461,E2_m0_300m_c4_en_m0_300m_seed3407_rlb_came,E2_m0_300m,c4_en,allenai/c4,en,text,train,validation,0,M0,12,768,12,2048,256,16,2,32768,300000000,8000000,9150,50,10,3407,rlb_came,rlb_fused_fixed_strong_ffn,adafactor_came,0.0003,0.00003,0.10,--came-confidence-scale 1.0
462,E2_m0_300m_c4_en_m0_300m_seed3407_silu_schedulefree,E2_m0_300m,c4_en,allenai/c4,en,text,train,validation,0,M0,12,768,12,2048,256,16,2,32768,300000000,8000000,9150,50,10,3407,silu_schedulefree,silu,schedule_free_adamw,0.0003,0.00003,0.10,--schedule-free-beta1 0.90 --schedule-free-warmup-steps 0
463,E2_m0_300m_c4_en_m0_300m_seed3407_rlb_schedulefree,E2_m0_300m,c4_en,allenai/c4,en,text,train,validation,0,M0,12,768,12,2048,256,16,2,32768,300000000,8000000,9150,50,10,3407,rlb_schedulefree,rlb_fused_fixed_strong_ffn,schedule_free_adamw,0.0003,0.00003,0.10,--schedule-free-beta1 0.90 --schedule-free-warmup-steps 0
464,E2_m0_300m_c4_en_m0_300m_seed3407_rlb_matrixpolicy_original,E2_m0_300m,c4_en,allenai/c4,en,text,train,validation,0,M0,12,768,12,2048,256,16,2,32768,300000000,8000000,9150,50,10,3407,rlb_matrixpolicy_original,rlb_fused_fixed_strong_ffn,rational_matrix_policy_onpolicy,0.0003,0.00003,0.10,--rational-matrix-policy-backbone-optimizer adamw --rational-matrix-policy-adam-lr-scale 3.0 --rational-matrix-policy-group-gain-strength 0.20 --rational-matrix-policy-group-pressure-strength 0.10 --rational-matrix-policy-group-activity-damping 0.20 --rational-matrix-policy-group-start 0.02 --rational-matrix-policy-group-end 0.30 --rational-matrix-policy-group-min-scale 0.75 --rational-matrix-policy-group-max-scale 1.35
465,E3_m1_300m_dclm_m1_300m_seed1337_silu_adamw,E3_m1_300m,dclm,mlfoundations/dclm-baseline-1.0,none,text,train,train,610000000,M1,18,1024,16,3072,256,8,4,32768,300000000,8000000,9150,50,10,1337,silu_adamw,silu,adamw,0.0003,0.00003,0.10,
466,E3_m1_300m_dclm_m1_300m_seed1337_rlb_adamw,E3_m1_300m,dclm,mlfoundations/dclm-baseline-1.0,none,text,train,train,610000000,M1,18,1024,16,3072,256,8,4,32768,300000000,8000000,9150,50,10,1337,rlb_adamw,rlb_fused_fixed_strong_ffn,adamw,0.0003,0.00003,0.10,
467,E3_m1_300m_dclm_m1_300m_seed1337_silu_soap,E3_m1_300m,dclm,mlfoundations/dclm-baseline-1.0,none,text,train,train,610000000,M1,18,1024,16,3072,256,8,4,32768,300000000,8000000,9150,50,10,1337,silu_soap,silu,soap_adamw,0.0003,0.00003,0.10,--soap-precondition-frequency 50 --no-soap-one-sided
468,E3_m1_300m_dclm_m1_300m_seed1337_rlb_soap,E3_m1_300m,dclm,mlfoundations/dclm-baseline-1.0,none,text,train,train,610000000,M1,18,1024,16,3072,256,8,4,32768,300000000,8000000,9150,50,10,1337,rlb_soap,rlb_fused_fixed_strong_ffn,soap_adamw,0.0003,0.00003,0.10,--soap-precondition-frequency 50 --no-soap-one-sided
469,E3_m1_300m_dclm_m1_300m_seed1337_rlb_matrixpolicy_original,E3_m1_300m,dclm,mlfoundations/dclm-baseline-1.0,none,text,train,train,610000000,M1,18,1024,16,3072,256,8,4,32768,300000000,8000000,9150,50,10,1337,rlb_matrixpolicy_original,rlb_fused_fixed_strong_ffn,rational_matrix_policy_onpolicy,0.0003,0.00003,0.10,--rational-matrix-policy-backbone-optimizer adamw --rational-matrix-policy-adam-lr-scale 3.0 --rational-matrix-policy-group-gain-strength 0.20 --rational-matrix-policy-group-pressure-strength 0.10 --rational-matrix-policy-group-activity-damping 0.20 --rational-matrix-policy-group-start 0.02 --rational-matrix-policy-group-end 0.30 --rational-matrix-policy-group-min-scale 0.75 --rational-matrix-policy-group-max-scale 1.35
470,E3_m1_300m_dclm_m1_300m_seed2027_silu_adamw,E3_m1_300m,dclm,mlfoundations/dclm-baseline-1.0,none,text,train,train,610000000,M1,18,1024,16,3072,256,8,4,32768,300000000,8000000,9150,50,10,2027,silu_adamw,silu,adamw,0.0003,0.00003,0.10,
471,E3_m1_300m_dclm_m1_300m_seed2027_rlb_adamw,E3_m1_300m,dclm,mlfoundations/dclm-baseline-1.0,none,text,train,train,610000000,M1,18,1024,16,3072,256,8,4,32768,300000000,8000000,9150,50,10,2027,rlb_adamw,rlb_fused_fixed_strong_ffn,adamw,0.0003,0.00003,0.10,
472,E3_m1_300m_dclm_m1_300m_seed2027_silu_soap,E3_m1_300m,dclm,mlfoundations/dclm-baseline-1.0,none,text,train,train,610000000,M1,18,1024,16,3072,256,8,4,32768,300000000,8000000,9150,50,10,2027,silu_soap,silu,soap_adamw,0.0003,0.00003,0.10,--soap-precondition-frequency 50 --no-soap-one-sided
473,E3_m1_300m_dclm_m1_300m_seed2027_rlb_soap,E3_m1_300m,dclm,mlfoundations/dclm-baseline-1.0,none,text,train,train,610000000,M1,18,1024,16,3072,256,8,4,32768,300000000,8000000,9150,50,10,2027,rlb_soap,rlb_fused_fixed_strong_ffn,soap_adamw,0.0003,0.00003,0.10,--soap-precondition-frequency 50 --no-soap-one-sided
474,E3_m1_300m_dclm_m1_300m_seed2027_rlb_matrixpolicy_original,E3_m1_300m,dclm,mlfoundations/dclm-baseline-1.0,none,text,train,train,610000000,M1,18,1024,16,3072,256,8,4,32768,300000000,8000000,9150,50,10,2027,rlb_matrixpolicy_original,rlb_fused_fixed_strong_ffn,rational_matrix_policy_onpolicy,0.0003,0.00003,0.10,--rational-matrix-policy-backbone-optimizer adamw --rational-matrix-policy-adam-lr-scale 3.0 --rational-matrix-policy-group-gain-strength 0.20 --rational-matrix-policy-group-pressure-strength 0.10 --rational-matrix-policy-group-activity-damping 0.20 --rational-matrix-policy-group-start 0.02 --rational-matrix-policy-group-end 0.30 --rational-matrix-policy-group-min-scale 0.75 --rational-matrix-policy-group-max-scale 1.35
475,E3_m1_300m_dclm_m1_300m_seed3407_silu_adamw,E3_m1_300m,dclm,mlfoundations/dclm-baseline-1.0,none,text,train,train,610000000,M1,18,1024,16,3072,256,8,4,32768,300000000,8000000,9150,50,10,3407,silu_adamw,silu,adamw,0.0003,0.00003,0.10,
476,E3_m1_300m_dclm_m1_300m_seed3407_rlb_adamw,E3_m1_300m,dclm,mlfoundations/dclm-baseline-1.0,none,text,train,train,610000000,M1,18,1024,16,3072,256,8,4,32768,300000000,8000000,9150,50,10,3407,rlb_adamw,rlb_fused_fixed_strong_ffn,adamw,0.0003,0.00003,0.10,
477,E3_m1_300m_dclm_m1_300m_seed3407_silu_soap,E3_m1_300m,dclm,mlfoundations/dclm-baseline-1.0,none,text,train,train,610000000,M1,18,1024,16,3072,256,8,4,32768,300000000,8000000,9150,50,10,3407,silu_soap,silu,soap_adamw,0.0003,0.00003,0.10,--soap-precondition-frequency 50 --no-soap-one-sided
478,E3_m1_300m_dclm_m1_300m_seed3407_rlb_soap,E3_m1_300m,dclm,mlfoundations/dclm-baseline-1.0,none,text,train,train,610000000,M1,18,1024,16,3072,256,8,4,32768,300000000,8000000,9150,50,10,3407,rlb_soap,rlb_fused_fixed_strong_ffn,soap_adamw,0.0003,0.00003,0.10,--soap-precondition-frequency 50 --no-soap-one-sided
479,E3_m1_300m_dclm_m1_300m_seed3407_rlb_matrixpolicy_original,E3_m1_300m,dclm,mlfoundations/dclm-baseline-1.0,none,text,train,train,610000000,M1,18,1024,16,3072,256,8,4,32768,300000000,8000000,9150,50,10,3407,rlb_matrixpolicy_original,rlb_fused_fixed_strong_ffn,rational_matrix_policy_onpolicy,0.0003,0.00003,0.10,--rational-matrix-policy-backbone-optimizer adamw --rational-matrix-policy-adam-lr-scale 3.0 --rational-matrix-policy-group-gain-strength 0.20 --rational-matrix-policy-group-pressure-strength 0.10 --rational-matrix-policy-group-activity-damping 0.20 --rational-matrix-policy-group-start 0.02 --rational-matrix-policy-group-end 0.30 --rational-matrix-policy-group-min-scale 0.75 --rational-matrix-policy-group-max-scale 1.35
480,E3_m1_300m_fineweb_edu_m1_300m_seed1337_silu_adamw,E3_m1_300m,fineweb_edu,HuggingFaceFW/fineweb-edu,sample-10BT,text,train,train,610000000,M1,18,1024,16,3072,256,8,4,32768,300000000,8000000,9150,50,10,1337,silu_adamw,silu,adamw,0.0003,0.00003,0.10,
481,E3_m1_300m_fineweb_edu_m1_300m_seed1337_rlb_adamw,E3_m1_300m,fineweb_edu,HuggingFaceFW/fineweb-edu,sample-10BT,text,train,train,610000000,M1,18,1024,16,3072,256,8,4,32768,300000000,8000000,9150,50,10,1337,rlb_adamw,rlb_fused_fixed_strong_ffn,adamw,0.0003,0.00003,0.10,
482,E3_m1_300m_fineweb_edu_m1_300m_seed1337_silu_soap,E3_m1_300m,fineweb_edu,HuggingFaceFW/fineweb-edu,sample-10BT,text,train,train,610000000,M1,18,1024,16,3072,256,8,4,32768,300000000,8000000,9150,50,10,1337,silu_soap,silu,soap_adamw,0.0003,0.00003,0.10,--soap-precondition-frequency 50 --no-soap-one-sided
483,E3_m1_300m_fineweb_edu_m1_300m_seed1337_rlb_soap,E3_m1_300m,fineweb_edu,HuggingFaceFW/fineweb-edu,sample-10BT,text,train,train,610000000,M1,18,1024,16,3072,256,8,4,32768,300000000,8000000,9150,50,10,1337,rlb_soap,rlb_fused_fixed_strong_ffn,soap_adamw,0.0003,0.00003,0.10,--soap-precondition-frequency 50 --no-soap-one-sided
484,E3_m1_300m_fineweb_edu_m1_300m_seed1337_rlb_matrixpolicy_original,E3_m1_300m,fineweb_edu,HuggingFaceFW/fineweb-edu,sample-10BT,text,train,train,610000000,M1,18,1024,16,3072,256,8,4,32768,300000000,8000000,9150,50,10,1337,rlb_matrixpolicy_original,rlb_fused_fixed_strong_ffn,rational_matrix_policy_onpolicy,0.0003,0.00003,0.10,--rational-matrix-policy-backbone-optimizer adamw --rational-matrix-policy-adam-lr-scale 3.0 --rational-matrix-policy-group-gain-strength 0.20 --rational-matrix-policy-group-pressure-strength 0.10 --rational-matrix-policy-group-activity-damping 0.20 --rational-matrix-policy-group-start 0.02 --rational-matrix-policy-group-end 0.30 --rational-matrix-policy-group-min-scale 0.75 --rational-matrix-policy-group-max-scale 1.35
485,E3_m1_300m_fineweb_edu_m1_300m_seed2027_silu_adamw,E3_m1_300m,fineweb_edu,HuggingFaceFW/fineweb-edu,sample-10BT,text,train,train,610000000,M1,18,1024,16,3072,256,8,4,32768,300000000,8000000,9150,50,10,2027,silu_adamw,silu,adamw,0.0003,0.00003,0.10,
486,E3_m1_300m_fineweb_edu_m1_300m_seed2027_rlb_adamw,E3_m1_300m,fineweb_edu,HuggingFaceFW/fineweb-edu,sample-10BT,text,train,train,610000000,M1,18,1024,16,3072,256,8,4,32768,300000000,8000000,9150,50,10,2027,rlb_adamw,rlb_fused_fixed_strong_ffn,adamw,0.0003,0.00003,0.10,
487,E3_m1_300m_fineweb_edu_m1_300m_seed2027_silu_soap,E3_m1_300m,fineweb_edu,HuggingFaceFW/fineweb-edu,sample-10BT,text,train,train,610000000,M1,18,1024,16,3072,256,8,4,32768,300000000,8000000,9150,50,10,2027,silu_soap,silu,soap_adamw,0.0003,0.00003,0.10,--soap-precondition-frequency 50 --no-soap-one-sided
488,E3_m1_300m_fineweb_edu_m1_300m_seed2027_rlb_soap,E3_m1_300m,fineweb_edu,HuggingFaceFW/fineweb-edu,sample-10BT,text,train,train,610000000,M1,18,1024,16,3072,256,8,4,32768,300000000,8000000,9150,50,10,2027,rlb_soap,rlb_fused_fixed_strong_ffn,soap_adamw,0.0003,0.00003,0.10,--soap-precondition-frequency 50 --no-soap-one-sided
489,E3_m1_300m_fineweb_edu_m1_300m_seed2027_rlb_matrixpolicy_original,E3_m1_300m,fineweb_edu,HuggingFaceFW/fineweb-edu,sample-10BT,text,train,train,610000000,M1,18,1024,16,3072,256,8,4,32768,300000000,8000000,9150,50,10,2027,rlb_matrixpolicy_original,rlb_fused_fixed_strong_ffn,rational_matrix_policy_onpolicy,0.0003,0.00003,0.10,--rational-matrix-policy-backbone-optimizer adamw --rational-matrix-policy-adam-lr-scale 3.0 --rational-matrix-policy-group-gain-strength 0.20 --rational-matrix-policy-group-pressure-strength 0.10 --rational-matrix-policy-group-activity-damping 0.20 --rational-matrix-policy-group-start 0.02 --rational-matrix-policy-group-end 0.30 --rational-matrix-policy-group-min-scale 0.75 --rational-matrix-policy-group-max-scale 1.35
490,E3_m1_300m_fineweb_edu_m1_300m_seed3407_silu_adamw,E3_m1_300m,fineweb_edu,HuggingFaceFW/fineweb-edu,sample-10BT,text,train,train,610000000,M1,18,1024,16,3072,256,8,4,32768,300000000,8000000,9150,50,10,3407,silu_adamw,silu,adamw,0.0003,0.00003,0.10,
491,E3_m1_300m_fineweb_edu_m1_300m_seed3407_rlb_adamw,E3_m1_300m,fineweb_edu,HuggingFaceFW/fineweb-edu,sample-10BT,text,train,train,610000000,M1,18,1024,16,3072,256,8,4,32768,300000000,8000000,9150,50,10,3407,rlb_adamw,rlb_fused_fixed_strong_ffn,adamw,0.0003,0.00003,0.10,
492,E3_m1_300m_fineweb_edu_m1_300m_seed3407_silu_soap,E3_m1_300m,fineweb_edu,HuggingFaceFW/fineweb-edu,sample-10BT,text,train,train,610000000,M1,18,1024,16,3072,256,8,4,32768,300000000,8000000,9150,50,10,3407,silu_soap,silu,soap_adamw,0.0003,0.00003,0.10,--soap-precondition-frequency 50 --no-soap-one-sided
493,E3_m1_300m_fineweb_edu_m1_300m_seed3407_rlb_soap,E3_m1_300m,fineweb_edu,HuggingFaceFW/fineweb-edu,sample-10BT,text,train,train,610000000,M1,18,1024,16,3072,256,8,4,32768,300000000,8000000,9150,50,10,3407,rlb_soap,rlb_fused_fixed_strong_ffn,soap_adamw,0.0003,0.00003,0.10,--soap-precondition-frequency 50 --no-soap-one-sided
494,E3_m1_300m_fineweb_edu_m1_300m_seed3407_rlb_matrixpolicy_original,E3_m1_300m,fineweb_edu,HuggingFaceFW/fineweb-edu,sample-10BT,text,train,train,610000000,M1,18,1024,16,3072,256,8,4,32768,300000000,8000000,9150,50,10,3407,rlb_matrixpolicy_original,rlb_fused_fixed_strong_ffn,rational_matrix_policy_onpolicy,0.0003,0.00003,0.10,--rational-matrix-policy-backbone-optimizer adamw --rational-matrix-policy-adam-lr-scale 3.0 --rational-matrix-policy-group-gain-strength 0.20 --rational-matrix-policy-group-pressure-strength 0.10 --rational-matrix-policy-group-activity-damping 0.20 --rational-matrix-policy-group-start 0.02 --rational-matrix-policy-group-end 0.30 --rational-matrix-policy-group-min-scale 0.75 --rational-matrix-policy-group-max-scale 1.35
495,E3_m1_300m_c4_en_m1_300m_seed1337_silu_adamw,E3_m1_300m,c4_en,allenai/c4,en,text,train,validation,0,M1,18,1024,16,3072,256,8,4,32768,300000000,8000000,9150,50,10,1337,silu_adamw,silu,adamw,0.0003,0.00003,0.10,
496,E3_m1_300m_c4_en_m1_300m_seed1337_rlb_adamw,E3_m1_300m,c4_en,allenai/c4,en,text,train,validation,0,M1,18,1024,16,3072,256,8,4,32768,300000000,8000000,9150,50,10,1337,rlb_adamw,rlb_fused_fixed_strong_ffn,adamw,0.0003,0.00003,0.10,
497,E3_m1_300m_c4_en_m1_300m_seed1337_silu_soap,E3_m1_300m,c4_en,allenai/c4,en,text,train,validation,0,M1,18,1024,16,3072,256,8,4,32768,300000000,8000000,9150,50,10,1337,silu_soap,silu,soap_adamw,0.0003,0.00003,0.10,--soap-precondition-frequency 50 --no-soap-one-sided
498,E3_m1_300m_c4_en_m1_300m_seed1337_rlb_soap,E3_m1_300m,c4_en,allenai/c4,en,text,train,validation,0,M1,18,1024,16,3072,256,8,4,32768,300000000,8000000,9150,50,10,1337,rlb_soap,rlb_fused_fixed_strong_ffn,soap_adamw,0.0003,0.00003,0.10,--soap-precondition-frequency 50 --no-soap-one-sided
499,E3_m1_300m_c4_en_m1_300m_seed1337_rlb_matrixpolicy_original,E3_m1_300m,c4_en,allenai/c4,en,text,train,validation,0,M1,18,1024,16,3072,256,8,4,32768,300000000,8000000,9150,50,10,1337,rlb_matrixpolicy_original,rlb_fused_fixed_strong_ffn,rational_matrix_policy_onpolicy,0.0003,0.00003,0.10,--rational-matrix-policy-backbone-optimizer adamw --rational-matrix-policy-adam-lr-scale 3.0 --rational-matrix-policy-group-gain-strength 0.20 --rational-matrix-policy-group-pressure-strength 0.10 --rational-matrix-policy-group-activity-damping 0.20 --rational-matrix-policy-group-start 0.02 --rational-matrix-policy-group-end 0.30 --rational-matrix-policy-group-min-scale 0.75 --rational-matrix-policy-group-max-scale 1.35
500,E3_m1_300m_c4_en_m1_300m_seed2027_silu_adamw,E3_m1_300m,c4_en,allenai/c4,en,text,train,validation,0,M1,18,1024,16,3072,256,8,4,32768,300000000,8000000,9150,50,10,2027,silu_adamw,silu,adamw,0.0003,0.00003,0.10,
501,E3_m1_300m_c4_en_m1_300m_seed2027_rlb_adamw,E3_m1_300m,c4_en,allenai/c4,en,text,train,validation,0,M1,18,1024,16,3072,256,8,4,32768,300000000,8000000,9150,50,10,2027,rlb_adamw,rlb_fused_fixed_strong_ffn,adamw,0.0003,0.00003,0.10,
502,E3_m1_300m_c4_en_m1_300m_seed2027_silu_soap,E3_m1_300m,c4_en,allenai/c4,en,text,train,validation,0,M1,18,1024,16,3072,256,8,4,32768,300000000,8000000,9150,50,10,2027,silu_soap,silu,soap_adamw,0.0003,0.00003,0.10,--soap-precondition-frequency 50 --no-soap-one-sided
503,E3_m1_300m_c4_en_m1_300m_seed2027_rlb_soap,E3_m1_300m,c4_en,allenai/c4,en,text,train,validation,0,M1,18,1024,16,3072,256,8,4,32768,300000000,8000000,9150,50,10,2027,rlb_soap,rlb_fused_fixed_strong_ffn,soap_adamw,0.0003,0.00003,0.10,--soap-precondition-frequency 50 --no-soap-one-sided
504,E3_m1_300m_c4_en_m1_300m_seed2027_rlb_matrixpolicy_original,E3_m1_300m,c4_en,allenai/c4,en,text,train,validation,0,M1,18,1024,16,3072,256,8,4,32768,300000000,8000000,9150,50,10,2027,rlb_matrixpolicy_original,rlb_fused_fixed_strong_ffn,rational_matrix_policy_onpolicy,0.0003,0.00003,0.10,--rational-matrix-policy-backbone-optimizer adamw --rational-matrix-policy-adam-lr-scale 3.0 --rational-matrix-policy-group-gain-strength 0.20 --rational-matrix-policy-group-pressure-strength 0.10 --rational-matrix-policy-group-activity-damping 0.20 --rational-matrix-policy-group-start 0.02 --rational-matrix-policy-group-end 0.30 --rational-matrix-policy-group-min-scale 0.75 --rational-matrix-policy-group-max-scale 1.35
505,E3_m1_300m_c4_en_m1_300m_seed3407_silu_adamw,E3_m1_300m,c4_en,allenai/c4,en,text,train,validation,0,M1,18,1024,16,3072,256,8,4,32768,300000000,8000000,9150,50,10,3407,silu_adamw,silu,adamw,0.0003,0.00003,0.10,
506,E3_m1_300m_c4_en_m1_300m_seed3407_rlb_adamw,E3_m1_300m,c4_en,allenai/c4,en,text,train,validation,0,M1,18,1024,16,3072,256,8,4,32768,300000000,8000000,9150,50,10,3407,rlb_adamw,rlb_fused_fixed_strong_ffn,adamw,0.0003,0.00003,0.10,
507,E3_m1_300m_c4_en_m1_300m_seed3407_silu_soap,E3_m1_300m,c4_en,allenai/c4,en,text,train,validation,0,M1,18,1024,16,3072,256,8,4,32768,300000000,8000000,9150,50,10,3407,silu_soap,silu,soap_adamw,0.0003,0.00003,0.10,--soap-precondition-frequency 50 --no-soap-one-sided
508,E3_m1_300m_c4_en_m1_300m_seed3407_rlb_soap,E3_m1_300m,c4_en,allenai/c4,en,text,train,validation,0,M1,18,1024,16,3072,256,8,4,32768,300000000,8000000,9150,50,10,3407,rlb_soap,rlb_fused_fixed_strong_ffn,soap_adamw,0.0003,0.00003,0.10,--soap-precondition-frequency 50 --no-soap-one-sided
509,E3_m1_300m_c4_en_m1_300m_seed3407_rlb_matrixpolicy_original,E3_m1_300m,c4_en,allenai/c4,en,text,train,validation,0,M1,18,1024,16,3072,256,8,4,32768,300000000,8000000,9150,50,10,3407,rlb_matrixpolicy_original,rlb_fused_fixed_strong_ffn,rational_matrix_policy_onpolicy,0.0003,0.00003,0.10,--rational-matrix-policy-backbone-optimizer adamw --rational-matrix-policy-adam-lr-scale 3.0 --rational-matrix-policy-group-gain-strength 0.20 --rational-matrix-policy-group-pressure-strength 0.10 --rational-matrix-policy-group-activity-damping 0.20 --rational-matrix-policy-group-start 0.02 --rational-matrix-policy-group-end 0.30 --rational-matrix-policy-group-min-scale 0.75 --rational-matrix-policy-group-max-scale 1.35
510,E4_m0_600m_dclm_m0_600m_seed1337_silu_adamw,E4_m0_600m,dclm,mlfoundations/dclm-baseline-1.0,none,text,train,train,910000000,M0,12,768,12,2048,256,16,2,32768,600000000,8000000,18300,50,10,1337,silu_adamw,silu,adamw,0.0003,0.00003,0.10,
511,E4_m0_600m_dclm_m0_600m_seed1337_rlb_adamw,E4_m0_600m,dclm,mlfoundations/dclm-baseline-1.0,none,text,train,train,910000000,M0,12,768,12,2048,256,16,2,32768,600000000,8000000,18300,50,10,1337,rlb_adamw,rlb_fused_fixed_strong_ffn,adamw,0.0003,0.00003,0.10,
512,E4_m0_600m_dclm_m0_600m_seed1337_rlb_soap,E4_m0_600m,dclm,mlfoundations/dclm-baseline-1.0,none,text,train,train,910000000,M0,12,768,12,2048,256,16,2,32768,600000000,8000000,18300,50,10,1337,rlb_soap,rlb_fused_fixed_strong_ffn,soap_adamw,0.0003,0.00003,0.10,--soap-precondition-frequency 50 --no-soap-one-sided
513,E4_m0_600m_dclm_m0_600m_seed1337_rlb_ademamix,E4_m0_600m,dclm,mlfoundations/dclm-baseline-1.0,none,text,train,train,910000000,M0,12,768,12,2048,256,16,2,32768,600000000,8000000,18300,50,10,1337,rlb_ademamix,rlb_fused_fixed_strong_ffn,ademamix,0.0003,0.00003,0.10,--ademamix-alpha 5.0 --ademamix-beta3 0.9999
514,E4_m0_600m_dclm_m0_600m_seed1337_rlb_matrixpolicy_original,E4_m0_600m,dclm,mlfoundations/dclm-baseline-1.0,none,text,train,train,910000000,M0,12,768,12,2048,256,16,2,32768,600000000,8000000,18300,50,10,1337,rlb_matrixpolicy_original,rlb_fused_fixed_strong_ffn,rational_matrix_policy_onpolicy,0.0003,0.00003,0.10,--rational-matrix-policy-backbone-optimizer adamw --rational-matrix-policy-adam-lr-scale 3.0 --rational-matrix-policy-group-gain-strength 0.20 --rational-matrix-policy-group-pressure-strength 0.10 --rational-matrix-policy-group-activity-damping 0.20 --rational-matrix-policy-group-start 0.02 --rational-matrix-policy-group-end 0.30 --rational-matrix-policy-group-min-scale 0.75 --rational-matrix-policy-group-max-scale 1.35
515,E4_m0_600m_dclm_m0_600m_seed2027_silu_adamw,E4_m0_600m,dclm,mlfoundations/dclm-baseline-1.0,none,text,train,train,910000000,M0,12,768,12,2048,256,16,2,32768,600000000,8000000,18300,50,10,2027,silu_adamw,silu,adamw,0.0003,0.00003,0.10,
516,E4_m0_600m_dclm_m0_600m_seed2027_rlb_adamw,E4_m0_600m,dclm,mlfoundations/dclm-baseline-1.0,none,text,train,train,910000000,M0,12,768,12,2048,256,16,2,32768,600000000,8000000,18300,50,10,2027,rlb_adamw,rlb_fused_fixed_strong_ffn,adamw,0.0003,0.00003,0.10,
517,E4_m0_600m_dclm_m0_600m_seed2027_rlb_soap,E4_m0_600m,dclm,mlfoundations/dclm-baseline-1.0,none,text,train,train,910000000,M0,12,768,12,2048,256,16,2,32768,600000000,8000000,18300,50,10,2027,rlb_soap,rlb_fused_fixed_strong_ffn,soap_adamw,0.0003,0.00003,0.10,--soap-precondition-frequency 50 --no-soap-one-sided
518,E4_m0_600m_dclm_m0_600m_seed2027_rlb_ademamix,E4_m0_600m,dclm,mlfoundations/dclm-baseline-1.0,none,text,train,train,910000000,M0,12,768,12,2048,256,16,2,32768,600000000,8000000,18300,50,10,2027,rlb_ademamix,rlb_fused_fixed_strong_ffn,ademamix,0.0003,0.00003,0.10,--ademamix-alpha 5.0 --ademamix-beta3 0.9999
519,E4_m0_600m_dclm_m0_600m_seed2027_rlb_matrixpolicy_original,E4_m0_600m,dclm,mlfoundations/dclm-baseline-1.0,none,text,train,train,910000000,M0,12,768,12,2048,256,16,2,32768,600000000,8000000,18300,50,10,2027,rlb_matrixpolicy_original,rlb_fused_fixed_strong_ffn,rational_matrix_policy_onpolicy,0.0003,0.00003,0.10,--rational-matrix-policy-backbone-optimizer adamw --rational-matrix-policy-adam-lr-scale 3.0 --rational-matrix-policy-group-gain-strength 0.20 --rational-matrix-policy-group-pressure-strength 0.10 --rational-matrix-policy-group-activity-damping 0.20 --rational-matrix-policy-group-start 0.02 --rational-matrix-policy-group-end 0.30 --rational-matrix-policy-group-min-scale 0.75 --rational-matrix-policy-group-max-scale 1.35
520,E4_m0_600m_dclm_m0_600m_seed3407_silu_adamw,E4_m0_600m,dclm,mlfoundations/dclm-baseline-1.0,none,text,train,train,910000000,M0,12,768,12,2048,256,16,2,32768,600000000,8000000,18300,50,10,3407,silu_adamw,silu,adamw,0.0003,0.00003,0.10,
521,E4_m0_600m_dclm_m0_600m_seed3407_rlb_adamw,E4_m0_600m,dclm,mlfoundations/dclm-baseline-1.0,none,text,train,train,910000000,M0,12,768,12,2048,256,16,2,32768,600000000,8000000,18300,50,10,3407,rlb_adamw,rlb_fused_fixed_strong_ffn,adamw,0.0003,0.00003,0.10,
522,E4_m0_600m_dclm_m0_600m_seed3407_rlb_soap,E4_m0_600m,dclm,mlfoundations/dclm-baseline-1.0,none,text,train,train,910000000,M0,12,768,12,2048,256,16,2,32768,600000000,8000000,18300,50,10,3407,rlb_soap,rlb_fused_fixed_strong_ffn,soap_adamw,0.0003,0.00003,0.10,--soap-precondition-frequency 50 --no-soap-one-sided
523,E4_m0_600m_dclm_m0_600m_seed3407_rlb_ademamix,E4_m0_600m,dclm,mlfoundations/dclm-baseline-1.0,none,text,train,train,910000000,M0,12,768,12,2048,256,16,2,32768,600000000,8000000,18300,50,10,3407,rlb_ademamix,rlb_fused_fixed_strong_ffn,ademamix,0.0003,0.00003,0.10,--ademamix-alpha 5.0 --ademamix-beta3 0.9999
524,E4_m0_600m_dclm_m0_600m_seed3407_rlb_matrixpolicy_original,E4_m0_600m,dclm,mlfoundations/dclm-baseline-1.0,none,text,train,train,910000000,M0,12,768,12,2048,256,16,2,32768,600000000,8000000,18300,50,10,3407,rlb_matrixpolicy_original,rlb_fused_fixed_strong_ffn,rational_matrix_policy_onpolicy,0.0003,0.00003,0.10,--rational-matrix-policy-backbone-optimizer adamw --rational-matrix-policy-adam-lr-scale 3.0 --rational-matrix-policy-group-gain-strength 0.20 --rational-matrix-policy-group-pressure-strength 0.10 --rational-matrix-policy-group-activity-damping 0.20 --rational-matrix-policy-group-start 0.02 --rational-matrix-policy-group-end 0.30 --rational-matrix-policy-group-min-scale 0.75 --rational-matrix-policy-group-max-scale 1.35
525,E4_m0_600m_fineweb_edu_m0_600m_seed1337_silu_adamw,E4_m0_600m,fineweb_edu,HuggingFaceFW/fineweb-edu,sample-10BT,text,train,train,910000000,M0,12,768,12,2048,256,16,2,32768,600000000,8000000,18300,50,10,1337,silu_adamw,silu,adamw,0.0003,0.00003,0.10,
526,E4_m0_600m_fineweb_edu_m0_600m_seed1337_rlb_adamw,E4_m0_600m,fineweb_edu,HuggingFaceFW/fineweb-edu,sample-10BT,text,train,train,910000000,M0,12,768,12,2048,256,16,2,32768,600000000,8000000,18300,50,10,1337,rlb_adamw,rlb_fused_fixed_strong_ffn,adamw,0.0003,0.00003,0.10,
527,E4_m0_600m_fineweb_edu_m0_600m_seed1337_rlb_soap,E4_m0_600m,fineweb_edu,HuggingFaceFW/fineweb-edu,sample-10BT,text,train,train,910000000,M0,12,768,12,2048,256,16,2,32768,600000000,8000000,18300,50,10,1337,rlb_soap,rlb_fused_fixed_strong_ffn,soap_adamw,0.0003,0.00003,0.10,--soap-precondition-frequency 50 --no-soap-one-sided
528,E4_m0_600m_fineweb_edu_m0_600m_seed1337_rlb_ademamix,E4_m0_600m,fineweb_edu,HuggingFaceFW/fineweb-edu,sample-10BT,text,train,train,910000000,M0,12,768,12,2048,256,16,2,32768,600000000,8000000,18300,50,10,1337,rlb_ademamix,rlb_fused_fixed_strong_ffn,ademamix,0.0003,0.00003,0.10,--ademamix-alpha 5.0 --ademamix-beta3 0.9999
529,E4_m0_600m_fineweb_edu_m0_600m_seed1337_rlb_matrixpolicy_original,E4_m0_600m,fineweb_edu,HuggingFaceFW/fineweb-edu,sample-10BT,text,train,train,910000000,M0,12,768,12,2048,256,16,2,32768,600000000,8000000,18300,50,10,1337,rlb_matrixpolicy_original,rlb_fused_fixed_strong_ffn,rational_matrix_policy_onpolicy,0.0003,0.00003,0.10,--rational-matrix-policy-backbone-optimizer adamw --rational-matrix-policy-adam-lr-scale 3.0 --rational-matrix-policy-group-gain-strength 0.20 --rational-matrix-policy-group-pressure-strength 0.10 --rational-matrix-policy-group-activity-damping 0.20 --rational-matrix-policy-group-start 0.02 --rational-matrix-policy-group-end 0.30 --rational-matrix-policy-group-min-scale 0.75 --rational-matrix-policy-group-max-scale 1.35
530,E4_m0_600m_fineweb_edu_m0_600m_seed2027_silu_adamw,E4_m0_600m,fineweb_edu,HuggingFaceFW/fineweb-edu,sample-10BT,text,train,train,910000000,M0,12,768,12,2048,256,16,2,32768,600000000,8000000,18300,50,10,2027,silu_adamw,silu,adamw,0.0003,0.00003,0.10,
531,E4_m0_600m_fineweb_edu_m0_600m_seed2027_rlb_adamw,E4_m0_600m,fineweb_edu,HuggingFaceFW/fineweb-edu,sample-10BT,text,train,train,910000000,M0,12,768,12,2048,256,16,2,32768,600000000,8000000,18300,50,10,2027,rlb_adamw,rlb_fused_fixed_strong_ffn,adamw,0.0003,0.00003,0.10,
532,E4_m0_600m_fineweb_edu_m0_600m_seed2027_rlb_soap,E4_m0_600m,fineweb_edu,HuggingFaceFW/fineweb-edu,sample-10BT,text,train,train,910000000,M0,12,768,12,2048,256,16,2,32768,600000000,8000000,18300,50,10,2027,rlb_soap,rlb_fused_fixed_strong_ffn,soap_adamw,0.0003,0.00003,0.10,--soap-precondition-frequency 50 --no-soap-one-sided
533,E4_m0_600m_fineweb_edu_m0_600m_seed2027_rlb_ademamix,E4_m0_600m,fineweb_edu,HuggingFaceFW/fineweb-edu,sample-10BT,text,train,train,910000000,M0,12,768,12,2048,256,16,2,32768,600000000,8000000,18300,50,10,2027,rlb_ademamix,rlb_fused_fixed_strong_ffn,ademamix,0.0003,0.00003,0.10,--ademamix-alpha 5.0 --ademamix-beta3 0.9999
534,E4_m0_600m_fineweb_edu_m0_600m_seed2027_rlb_matrixpolicy_original,E4_m0_600m,fineweb_edu,HuggingFaceFW/fineweb-edu,sample-10BT,text,train,train,910000000,M0,12,768,12,2048,256,16,2,32768,600000000,8000000,18300,50,10,2027,rlb_matrixpolicy_original,rlb_fused_fixed_strong_ffn,rational_matrix_policy_onpolicy,0.0003,0.00003,0.10,--rational-matrix-policy-backbone-optimizer adamw --rational-matrix-policy-adam-lr-scale 3.0 --rational-matrix-policy-group-gain-strength 0.20 --rational-matrix-policy-group-pressure-strength 0.10 --rational-matrix-policy-group-activity-damping 0.20 --rational-matrix-policy-group-start 0.02 --rational-matrix-policy-group-end 0.30 --rational-matrix-policy-group-min-scale 0.75 --rational-matrix-policy-group-max-scale 1.35
535,E4_m0_600m_fineweb_edu_m0_600m_seed3407_silu_adamw,E4_m0_600m,fineweb_edu,HuggingFaceFW/fineweb-edu,sample-10BT,text,train,train,910000000,M0,12,768,12,2048,256,16,2,32768,600000000,8000000,18300,50,10,3407,silu_adamw,silu,adamw,0.0003,0.00003,0.10,
536,E4_m0_600m_fineweb_edu_m0_600m_seed3407_rlb_adamw,E4_m0_600m,fineweb_edu,HuggingFaceFW/fineweb-edu,sample-10BT,text,train,train,910000000,M0,12,768,12,2048,256,16,2,32768,600000000,8000000,18300,50,10,3407,rlb_adamw,rlb_fused_fixed_strong_ffn,adamw,0.0003,0.00003,0.10,
537,E4_m0_600m_fineweb_edu_m0_600m_seed3407_rlb_soap,E4_m0_600m,fineweb_edu,HuggingFaceFW/fineweb-edu,sample-10BT,text,train,train,910000000,M0,12,768,12,2048,256,16,2,32768,600000000,8000000,18300,50,10,3407,rlb_soap,rlb_fused_fixed_strong_ffn,soap_adamw,0.0003,0.00003,0.10,--soap-precondition-frequency 50 --no-soap-one-sided
538,E4_m0_600m_fineweb_edu_m0_600m_seed3407_rlb_ademamix,E4_m0_600m,fineweb_edu,HuggingFaceFW/fineweb-edu,sample-10BT,text,train,train,910000000,M0,12,768,12,2048,256,16,2,32768,600000000,8000000,18300,50,10,3407,rlb_ademamix,rlb_fused_fixed_strong_ffn,ademamix,0.0003,0.00003,0.10,--ademamix-alpha 5.0 --ademamix-beta3 0.9999
539,E4_m0_600m_fineweb_edu_m0_600m_seed3407_rlb_matrixpolicy_original,E4_m0_600m,fineweb_edu,HuggingFaceFW/fineweb-edu,sample-10BT,text,train,train,910000000,M0,12,768,12,2048,256,16,2,32768,600000000,8000000,18300,50,10,3407,rlb_matrixpolicy_original,rlb_fused_fixed_strong_ffn,rational_matrix_policy_onpolicy,0.0003,0.00003,0.10,--rational-matrix-policy-backbone-optimizer adamw --rational-matrix-policy-adam-lr-scale 3.0 --rational-matrix-policy-group-gain-strength 0.20 --rational-matrix-policy-group-pressure-strength 0.10 --rational-matrix-policy-group-activity-damping 0.20 --rational-matrix-policy-group-start 0.02 --rational-matrix-policy-group-end 0.30 --rational-matrix-policy-group-min-scale 0.75 --rational-matrix-policy-group-max-scale 1.35
540,E4_m0_600m_fineweb_m0_600m_seed1337_silu_adamw,E4_m0_600m,fineweb,HuggingFaceFW/fineweb,sample-10BT,text,train,train,910000000,M0,12,768,12,2048,256,16,2,32768,600000000,8000000,18300,50,10,1337,silu_adamw,silu,adamw,0.0003,0.00003,0.10,
541,E4_m0_600m_fineweb_m0_600m_seed1337_rlb_adamw,E4_m0_600m,fineweb,HuggingFaceFW/fineweb,sample-10BT,text,train,train,910000000,M0,12,768,12,2048,256,16,2,32768,600000000,8000000,18300,50,10,1337,rlb_adamw,rlb_fused_fixed_strong_ffn,adamw,0.0003,0.00003,0.10,
542,E4_m0_600m_fineweb_m0_600m_seed1337_rlb_soap,E4_m0_600m,fineweb,HuggingFaceFW/fineweb,sample-10BT,text,train,train,910000000,M0,12,768,12,2048,256,16,2,32768,600000000,8000000,18300,50,10,1337,rlb_soap,rlb_fused_fixed_strong_ffn,soap_adamw,0.0003,0.00003,0.10,--soap-precondition-frequency 50 --no-soap-one-sided
543,E4_m0_600m_fineweb_m0_600m_seed1337_rlb_ademamix,E4_m0_600m,fineweb,HuggingFaceFW/fineweb,sample-10BT,text,train,train,910000000,M0,12,768,12,2048,256,16,2,32768,600000000,8000000,18300,50,10,1337,rlb_ademamix,rlb_fused_fixed_strong_ffn,ademamix,0.0003,0.00003,0.10,--ademamix-alpha 5.0 --ademamix-beta3 0.9999
544,E4_m0_600m_fineweb_m0_600m_seed1337_rlb_matrixpolicy_original,E4_m0_600m,fineweb,HuggingFaceFW/fineweb,sample-10BT,text,train,train,910000000,M0,12,768,12,2048,256,16,2,32768,600000000,8000000,18300,50,10,1337,rlb_matrixpolicy_original,rlb_fused_fixed_strong_ffn,rational_matrix_policy_onpolicy,0.0003,0.00003,0.10,--rational-matrix-policy-backbone-optimizer adamw --rational-matrix-policy-adam-lr-scale 3.0 --rational-matrix-policy-group-gain-strength 0.20 --rational-matrix-policy-group-pressure-strength 0.10 --rational-matrix-policy-group-activity-damping 0.20 --rational-matrix-policy-group-start 0.02 --rational-matrix-policy-group-end 0.30 --rational-matrix-policy-group-min-scale 0.75 --rational-matrix-policy-group-max-scale 1.35
545,E4_m0_600m_fineweb_m0_600m_seed2027_silu_adamw,E4_m0_600m,fineweb,HuggingFaceFW/fineweb,sample-10BT,text,train,train,910000000,M0,12,768,12,2048,256,16,2,32768,600000000,8000000,18300,50,10,2027,silu_adamw,silu,adamw,0.0003,0.00003,0.10,
546,E4_m0_600m_fineweb_m0_600m_seed2027_rlb_adamw,E4_m0_600m,fineweb,HuggingFaceFW/fineweb,sample-10BT,text,train,train,910000000,M0,12,768,12,2048,256,16,2,32768,600000000,8000000,18300,50,10,2027,rlb_adamw,rlb_fused_fixed_strong_ffn,adamw,0.0003,0.00003,0.10,
547,E4_m0_600m_fineweb_m0_600m_seed2027_rlb_soap,E4_m0_600m,fineweb,HuggingFaceFW/fineweb,sample-10BT,text,train,train,910000000,M0,12,768,12,2048,256,16,2,32768,600000000,8000000,18300,50,10,2027,rlb_soap,rlb_fused_fixed_strong_ffn,soap_adamw,0.0003,0.00003,0.10,--soap-precondition-frequency 50 --no-soap-one-sided
548,E4_m0_600m_fineweb_m0_600m_seed2027_rlb_ademamix,E4_m0_600m,fineweb,HuggingFaceFW/fineweb,sample-10BT,text,train,train,910000000,M0,12,768,12,2048,256,16,2,32768,600000000,8000000,18300,50,10,2027,rlb_ademamix,rlb_fused_fixed_strong_ffn,ademamix,0.0003,0.00003,0.10,--ademamix-alpha 5.0 --ademamix-beta3 0.9999
549,E4_m0_600m_fineweb_m0_600m_seed2027_rlb_matrixpolicy_original,E4_m0_600m,fineweb,HuggingFaceFW/fineweb,sample-10BT,text,train,train,910000000,M0,12,768,12,2048,256,16,2,32768,600000000,8000000,18300,50,10,2027,rlb_matrixpolicy_original,rlb_fused_fixed_strong_ffn,rational_matrix_policy_onpolicy,0.0003,0.00003,0.10,--rational-matrix-policy-backbone-optimizer adamw --rational-matrix-policy-adam-lr-scale 3.0 --rational-matrix-policy-group-gain-strength 0.20 --rational-matrix-policy-group-pressure-strength 0.10 --rational-matrix-policy-group-activity-damping 0.20 --rational-matrix-policy-group-start 0.02 --rational-matrix-policy-group-end 0.30 --rational-matrix-policy-group-min-scale 0.75 --rational-matrix-policy-group-max-scale 1.35
550,E4_m0_600m_fineweb_m0_600m_seed3407_silu_adamw,E4_m0_600m,fineweb,HuggingFaceFW/fineweb,sample-10BT,text,train,train,910000000,M0,12,768,12,2048,256,16,2,32768,600000000,8000000,18300,50,10,3407,silu_adamw,silu,adamw,0.0003,0.00003,0.10,
551,E4_m0_600m_fineweb_m0_600m_seed3407_rlb_adamw,E4_m0_600m,fineweb,HuggingFaceFW/fineweb,sample-10BT,text,train,train,910000000,M0,12,768,12,2048,256,16,2,32768,600000000,8000000,18300,50,10,3407,rlb_adamw,rlb_fused_fixed_strong_ffn,adamw,0.0003,0.00003,0.10,
552,E4_m0_600m_fineweb_m0_600m_seed3407_rlb_soap,E4_m0_600m,fineweb,HuggingFaceFW/fineweb,sample-10BT,text,train,train,910000000,M0,12,768,12,2048,256,16,2,32768,600000000,8000000,18300,50,10,3407,rlb_soap,rlb_fused_fixed_strong_ffn,soap_adamw,0.0003,0.00003,0.10,--soap-precondition-frequency 50 --no-soap-one-sided
553,E4_m0_600m_fineweb_m0_600m_seed3407_rlb_ademamix,E4_m0_600m,fineweb,HuggingFaceFW/fineweb,sample-10BT,text,train,train,910000000,M0,12,768,12,2048,256,16,2,32768,600000000,8000000,18300,50,10,3407,rlb_ademamix,rlb_fused_fixed_strong_ffn,ademamix,0.0003,0.00003,0.10,--ademamix-alpha 5.0 --ademamix-beta3 0.9999
554,E4_m0_600m_fineweb_m0_600m_seed3407_rlb_matrixpolicy_original,E4_m0_600m,fineweb,HuggingFaceFW/fineweb,sample-10BT,text,train,train,910000000,M0,12,768,12,2048,256,16,2,32768,600000000,8000000,18300,50,10,3407,rlb_matrixpolicy_original,rlb_fused_fixed_strong_ffn,rational_matrix_policy_onpolicy,0.0003,0.00003,0.10,--rational-matrix-policy-backbone-optimizer adamw --rational-matrix-policy-adam-lr-scale 3.0 --rational-matrix-policy-group-gain-strength 0.20 --rational-matrix-policy-group-pressure-strength 0.10 --rational-matrix-policy-group-activity-damping 0.20 --rational-matrix-policy-group-start 0.02 --rational-matrix-policy-group-end 0.30 --rational-matrix-policy-group-min-scale 0.75 --rational-matrix-policy-group-max-scale 1.35
