row_index,row_id,phase,dataset,dataset_name,dataset_config,text_column,train_split,val_split,val_skip_tokens,model,layers,d_model,heads,ffn_dim,seq_len,batch_size,grad_accum,global_tokens_per_step,train_tokens,val_tokens,steps,eval_interval,eval_batches,seed,method,activation,optimizer,lr,min_lr,weight_decay,extra_args
0,E8_primary_100m_dclm_m0_100m_seed1337_silu_adamw_lr1em4_wd0p00,E8_primary_100m,dclm,mlfoundations/dclm-baseline-1.0,none,text,train,train,210000000,M0,12,768,12,2048,256,16,2,32768,100000000,4000000,3050,50,10,1337,silu_adamw,silu,adamw,0.0001,0.00001,0.00,
1,E8_primary_100m_dclm_m0_100m_seed1337_silu_muon_lr1em4_wd0p00,E8_primary_100m,dclm,mlfoundations/dclm-baseline-1.0,none,text,train,train,210000000,M0,12,768,12,2048,256,16,2,32768,100000000,4000000,3050,50,10,1337,silu_muon,silu,muon,0.0001,0.00001,0.00,--muon-momentum 0.95 --muon-ns-steps 5 --muon-adjust-lr-fn match_rms_adamw
2,E8_primary_100m_dclm_m0_100m_seed1337_rlb_matrixpolicy_original_lr1em4_wd0p00,E8_primary_100m,dclm,mlfoundations/dclm-baseline-1.0,none,text,train,train,210000000,M0,12,768,12,2048,256,16,2,32768,100000000,4000000,3050,50,10,1337,rlb_matrixpolicy_original,rlb_fused_global_rational,rational_matrix_policy_onpolicy,0.0001,0.00001,0.00,--rational-matrix-policy-backbone-optimizer adamw --rational-matrix-policy-adam-lr-scale 3.0 --rational-matrix-policy-group-gain-strength 0.20 --rational-matrix-policy-group-pressure-strength 0.10 --rational-matrix-policy-group-activity-damping 0.20 --rational-matrix-policy-group-start 0.02 --rational-matrix-policy-group-end 0.30 --rational-matrix-policy-group-min-scale 0.75 --rational-matrix-policy-group-max-scale 1.35
3,E8_primary_100m_dclm_m0_100m_seed1337_silu_adamw_lr1em4_wd0p05,E8_primary_100m,dclm,mlfoundations/dclm-baseline-1.0,none,text,train,train,210000000,M0,12,768,12,2048,256,16,2,32768,100000000,4000000,3050,50,10,1337,silu_adamw,silu,adamw,0.0001,0.00001,0.05,
4,E8_primary_100m_dclm_m0_100m_seed1337_silu_muon_lr1em4_wd0p05,E8_primary_100m,dclm,mlfoundations/dclm-baseline-1.0,none,text,train,train,210000000,M0,12,768,12,2048,256,16,2,32768,100000000,4000000,3050,50,10,1337,silu_muon,silu,muon,0.0001,0.00001,0.05,--muon-momentum 0.95 --muon-ns-steps 5 --muon-adjust-lr-fn match_rms_adamw
5,E8_primary_100m_dclm_m0_100m_seed1337_rlb_matrixpolicy_original_lr1em4_wd0p05,E8_primary_100m,dclm,mlfoundations/dclm-baseline-1.0,none,text,train,train,210000000,M0,12,768,12,2048,256,16,2,32768,100000000,4000000,3050,50,10,1337,rlb_matrixpolicy_original,rlb_fused_global_rational,rational_matrix_policy_onpolicy,0.0001,0.00001,0.05,--rational-matrix-policy-backbone-optimizer adamw --rational-matrix-policy-adam-lr-scale 3.0 --rational-matrix-policy-group-gain-strength 0.20 --rational-matrix-policy-group-pressure-strength 0.10 --rational-matrix-policy-group-activity-damping 0.20 --rational-matrix-policy-group-start 0.02 --rational-matrix-policy-group-end 0.30 --rational-matrix-policy-group-min-scale 0.75 --rational-matrix-policy-group-max-scale 1.35
6,E8_primary_100m_dclm_m0_100m_seed1337_silu_adamw_lr1em4_wd0p10,E8_primary_100m,dclm,mlfoundations/dclm-baseline-1.0,none,text,train,train,210000000,M0,12,768,12,2048,256,16,2,32768,100000000,4000000,3050,50,10,1337,silu_adamw,silu,adamw,0.0001,0.00001,0.10,
7,E8_primary_100m_dclm_m0_100m_seed1337_silu_muon_lr1em4_wd0p10,E8_primary_100m,dclm,mlfoundations/dclm-baseline-1.0,none,text,train,train,210000000,M0,12,768,12,2048,256,16,2,32768,100000000,4000000,3050,50,10,1337,silu_muon,silu,muon,0.0001,0.00001,0.10,--muon-momentum 0.95 --muon-ns-steps 5 --muon-adjust-lr-fn match_rms_adamw
8,E8_primary_100m_dclm_m0_100m_seed1337_rlb_matrixpolicy_original_lr1em4_wd0p10,E8_primary_100m,dclm,mlfoundations/dclm-baseline-1.0,none,text,train,train,210000000,M0,12,768,12,2048,256,16,2,32768,100000000,4000000,3050,50,10,1337,rlb_matrixpolicy_original,rlb_fused_global_rational,rational_matrix_policy_onpolicy,0.0001,0.00001,0.10,--rational-matrix-policy-backbone-optimizer adamw --rational-matrix-policy-adam-lr-scale 3.0 --rational-matrix-policy-group-gain-strength 0.20 --rational-matrix-policy-group-pressure-strength 0.10 --rational-matrix-policy-group-activity-damping 0.20 --rational-matrix-policy-group-start 0.02 --rational-matrix-policy-group-end 0.30 --rational-matrix-policy-group-min-scale 0.75 --rational-matrix-policy-group-max-scale 1.35
9,E8_primary_100m_dclm_m0_100m_seed1337_silu_adamw_lr1em4_wd0p20,E8_primary_100m,dclm,mlfoundations/dclm-baseline-1.0,none,text,train,train,210000000,M0,12,768,12,2048,256,16,2,32768,100000000,4000000,3050,50,10,1337,silu_adamw,silu,adamw,0.0001,0.00001,0.20,
10,E8_primary_100m_dclm_m0_100m_seed1337_silu_muon_lr1em4_wd0p20,E8_primary_100m,dclm,mlfoundations/dclm-baseline-1.0,none,text,train,train,210000000,M0,12,768,12,2048,256,16,2,32768,100000000,4000000,3050,50,10,1337,silu_muon,silu,muon,0.0001,0.00001,0.20,--muon-momentum 0.95 --muon-ns-steps 5 --muon-adjust-lr-fn match_rms_adamw
11,E8_primary_100m_dclm_m0_100m_seed1337_rlb_matrixpolicy_original_lr1em4_wd0p20,E8_primary_100m,dclm,mlfoundations/dclm-baseline-1.0,none,text,train,train,210000000,M0,12,768,12,2048,256,16,2,32768,100000000,4000000,3050,50,10,1337,rlb_matrixpolicy_original,rlb_fused_global_rational,rational_matrix_policy_onpolicy,0.0001,0.00001,0.20,--rational-matrix-policy-backbone-optimizer adamw --rational-matrix-policy-adam-lr-scale 3.0 --rational-matrix-policy-group-gain-strength 0.20 --rational-matrix-policy-group-pressure-strength 0.10 --rational-matrix-policy-group-activity-damping 0.20 --rational-matrix-policy-group-start 0.02 --rational-matrix-policy-group-end 0.30 --rational-matrix-policy-group-min-scale 0.75 --rational-matrix-policy-group-max-scale 1.35
12,E8_primary_100m_dclm_m0_100m_seed1337_silu_adamw_lr2em4_wd0p00,E8_primary_100m,dclm,mlfoundations/dclm-baseline-1.0,none,text,train,train,210000000,M0,12,768,12,2048,256,16,2,32768,100000000,4000000,3050,50,10,1337,silu_adamw,silu,adamw,0.0002,0.00002,0.00,
13,E8_primary_100m_dclm_m0_100m_seed1337_silu_muon_lr2em4_wd0p00,E8_primary_100m,dclm,mlfoundations/dclm-baseline-1.0,none,text,train,train,210000000,M0,12,768,12,2048,256,16,2,32768,100000000,4000000,3050,50,10,1337,silu_muon,silu,muon,0.0002,0.00002,0.00,--muon-momentum 0.95 --muon-ns-steps 5 --muon-adjust-lr-fn match_rms_adamw
14,E8_primary_100m_dclm_m0_100m_seed1337_rlb_matrixpolicy_original_lr2em4_wd0p00,E8_primary_100m,dclm,mlfoundations/dclm-baseline-1.0,none,text,train,train,210000000,M0,12,768,12,2048,256,16,2,32768,100000000,4000000,3050,50,10,1337,rlb_matrixpolicy_original,rlb_fused_global_rational,rational_matrix_policy_onpolicy,0.0002,0.00002,0.00,--rational-matrix-policy-backbone-optimizer adamw --rational-matrix-policy-adam-lr-scale 3.0 --rational-matrix-policy-group-gain-strength 0.20 --rational-matrix-policy-group-pressure-strength 0.10 --rational-matrix-policy-group-activity-damping 0.20 --rational-matrix-policy-group-start 0.02 --rational-matrix-policy-group-end 0.30 --rational-matrix-policy-group-min-scale 0.75 --rational-matrix-policy-group-max-scale 1.35
15,E8_primary_100m_dclm_m0_100m_seed1337_silu_adamw_lr2em4_wd0p05,E8_primary_100m,dclm,mlfoundations/dclm-baseline-1.0,none,text,train,train,210000000,M0,12,768,12,2048,256,16,2,32768,100000000,4000000,3050,50,10,1337,silu_adamw,silu,adamw,0.0002,0.00002,0.05,
16,E8_primary_100m_dclm_m0_100m_seed1337_silu_muon_lr2em4_wd0p05,E8_primary_100m,dclm,mlfoundations/dclm-baseline-1.0,none,text,train,train,210000000,M0,12,768,12,2048,256,16,2,32768,100000000,4000000,3050,50,10,1337,silu_muon,silu,muon,0.0002,0.00002,0.05,--muon-momentum 0.95 --muon-ns-steps 5 --muon-adjust-lr-fn match_rms_adamw
17,E8_primary_100m_dclm_m0_100m_seed1337_rlb_matrixpolicy_original_lr2em4_wd0p05,E8_primary_100m,dclm,mlfoundations/dclm-baseline-1.0,none,text,train,train,210000000,M0,12,768,12,2048,256,16,2,32768,100000000,4000000,3050,50,10,1337,rlb_matrixpolicy_original,rlb_fused_global_rational,rational_matrix_policy_onpolicy,0.0002,0.00002,0.05,--rational-matrix-policy-backbone-optimizer adamw --rational-matrix-policy-adam-lr-scale 3.0 --rational-matrix-policy-group-gain-strength 0.20 --rational-matrix-policy-group-pressure-strength 0.10 --rational-matrix-policy-group-activity-damping 0.20 --rational-matrix-policy-group-start 0.02 --rational-matrix-policy-group-end 0.30 --rational-matrix-policy-group-min-scale 0.75 --rational-matrix-policy-group-max-scale 1.35
18,E8_primary_100m_dclm_m0_100m_seed1337_silu_adamw_lr2em4_wd0p10,E8_primary_100m,dclm,mlfoundations/dclm-baseline-1.0,none,text,train,train,210000000,M0,12,768,12,2048,256,16,2,32768,100000000,4000000,3050,50,10,1337,silu_adamw,silu,adamw,0.0002,0.00002,0.10,
19,E8_primary_100m_dclm_m0_100m_seed1337_silu_muon_lr2em4_wd0p10,E8_primary_100m,dclm,mlfoundations/dclm-baseline-1.0,none,text,train,train,210000000,M0,12,768,12,2048,256,16,2,32768,100000000,4000000,3050,50,10,1337,silu_muon,silu,muon,0.0002,0.00002,0.10,--muon-momentum 0.95 --muon-ns-steps 5 --muon-adjust-lr-fn match_rms_adamw
20,E8_primary_100m_dclm_m0_100m_seed1337_rlb_matrixpolicy_original_lr2em4_wd0p10,E8_primary_100m,dclm,mlfoundations/dclm-baseline-1.0,none,text,train,train,210000000,M0,12,768,12,2048,256,16,2,32768,100000000,4000000,3050,50,10,1337,rlb_matrixpolicy_original,rlb_fused_global_rational,rational_matrix_policy_onpolicy,0.0002,0.00002,0.10,--rational-matrix-policy-backbone-optimizer adamw --rational-matrix-policy-adam-lr-scale 3.0 --rational-matrix-policy-group-gain-strength 0.20 --rational-matrix-policy-group-pressure-strength 0.10 --rational-matrix-policy-group-activity-damping 0.20 --rational-matrix-policy-group-start 0.02 --rational-matrix-policy-group-end 0.30 --rational-matrix-policy-group-min-scale 0.75 --rational-matrix-policy-group-max-scale 1.35
21,E8_primary_100m_dclm_m0_100m_seed1337_silu_adamw_lr2em4_wd0p20,E8_primary_100m,dclm,mlfoundations/dclm-baseline-1.0,none,text,train,train,210000000,M0,12,768,12,2048,256,16,2,32768,100000000,4000000,3050,50,10,1337,silu_adamw,silu,adamw,0.0002,0.00002,0.20,
22,E8_primary_100m_dclm_m0_100m_seed1337_silu_muon_lr2em4_wd0p20,E8_primary_100m,dclm,mlfoundations/dclm-baseline-1.0,none,text,train,train,210000000,M0,12,768,12,2048,256,16,2,32768,100000000,4000000,3050,50,10,1337,silu_muon,silu,muon,0.0002,0.00002,0.20,--muon-momentum 0.95 --muon-ns-steps 5 --muon-adjust-lr-fn match_rms_adamw
23,E8_primary_100m_dclm_m0_100m_seed1337_rlb_matrixpolicy_original_lr2em4_wd0p20,E8_primary_100m,dclm,mlfoundations/dclm-baseline-1.0,none,text,train,train,210000000,M0,12,768,12,2048,256,16,2,32768,100000000,4000000,3050,50,10,1337,rlb_matrixpolicy_original,rlb_fused_global_rational,rational_matrix_policy_onpolicy,0.0002,0.00002,0.20,--rational-matrix-policy-backbone-optimizer adamw --rational-matrix-policy-adam-lr-scale 3.0 --rational-matrix-policy-group-gain-strength 0.20 --rational-matrix-policy-group-pressure-strength 0.10 --rational-matrix-policy-group-activity-damping 0.20 --rational-matrix-policy-group-start 0.02 --rational-matrix-policy-group-end 0.30 --rational-matrix-policy-group-min-scale 0.75 --rational-matrix-policy-group-max-scale 1.35
24,E8_primary_100m_dclm_m0_100m_seed1337_silu_adamw_lr3em4_wd0p00,E8_primary_100m,dclm,mlfoundations/dclm-baseline-1.0,none,text,train,train,210000000,M0,12,768,12,2048,256,16,2,32768,100000000,4000000,3050,50,10,1337,silu_adamw,silu,adamw,0.0003,0.00003,0.00,
25,E8_primary_100m_dclm_m0_100m_seed1337_silu_muon_lr3em4_wd0p00,E8_primary_100m,dclm,mlfoundations/dclm-baseline-1.0,none,text,train,train,210000000,M0,12,768,12,2048,256,16,2,32768,100000000,4000000,3050,50,10,1337,silu_muon,silu,muon,0.0003,0.00003,0.00,--muon-momentum 0.95 --muon-ns-steps 5 --muon-adjust-lr-fn match_rms_adamw
26,E8_primary_100m_dclm_m0_100m_seed1337_rlb_matrixpolicy_original_lr3em4_wd0p00,E8_primary_100m,dclm,mlfoundations/dclm-baseline-1.0,none,text,train,train,210000000,M0,12,768,12,2048,256,16,2,32768,100000000,4000000,3050,50,10,1337,rlb_matrixpolicy_original,rlb_fused_global_rational,rational_matrix_policy_onpolicy,0.0003,0.00003,0.00,--rational-matrix-policy-backbone-optimizer adamw --rational-matrix-policy-adam-lr-scale 3.0 --rational-matrix-policy-group-gain-strength 0.20 --rational-matrix-policy-group-pressure-strength 0.10 --rational-matrix-policy-group-activity-damping 0.20 --rational-matrix-policy-group-start 0.02 --rational-matrix-policy-group-end 0.30 --rational-matrix-policy-group-min-scale 0.75 --rational-matrix-policy-group-max-scale 1.35
27,E8_primary_100m_dclm_m0_100m_seed1337_silu_adamw_lr3em4_wd0p05,E8_primary_100m,dclm,mlfoundations/dclm-baseline-1.0,none,text,train,train,210000000,M0,12,768,12,2048,256,16,2,32768,100000000,4000000,3050,50,10,1337,silu_adamw,silu,adamw,0.0003,0.00003,0.05,
28,E8_primary_100m_dclm_m0_100m_seed1337_silu_muon_lr3em4_wd0p05,E8_primary_100m,dclm,mlfoundations/dclm-baseline-1.0,none,text,train,train,210000000,M0,12,768,12,2048,256,16,2,32768,100000000,4000000,3050,50,10,1337,silu_muon,silu,muon,0.0003,0.00003,0.05,--muon-momentum 0.95 --muon-ns-steps 5 --muon-adjust-lr-fn match_rms_adamw
29,E8_primary_100m_dclm_m0_100m_seed1337_rlb_matrixpolicy_original_lr3em4_wd0p05,E8_primary_100m,dclm,mlfoundations/dclm-baseline-1.0,none,text,train,train,210000000,M0,12,768,12,2048,256,16,2,32768,100000000,4000000,3050,50,10,1337,rlb_matrixpolicy_original,rlb_fused_global_rational,rational_matrix_policy_onpolicy,0.0003,0.00003,0.05,--rational-matrix-policy-backbone-optimizer adamw --rational-matrix-policy-adam-lr-scale 3.0 --rational-matrix-policy-group-gain-strength 0.20 --rational-matrix-policy-group-pressure-strength 0.10 --rational-matrix-policy-group-activity-damping 0.20 --rational-matrix-policy-group-start 0.02 --rational-matrix-policy-group-end 0.30 --rational-matrix-policy-group-min-scale 0.75 --rational-matrix-policy-group-max-scale 1.35
30,E8_primary_100m_dclm_m0_100m_seed1337_silu_adamw_lr3em4_wd0p10,E8_primary_100m,dclm,mlfoundations/dclm-baseline-1.0,none,text,train,train,210000000,M0,12,768,12,2048,256,16,2,32768,100000000,4000000,3050,50,10,1337,silu_adamw,silu,adamw,0.0003,0.00003,0.10,
31,E8_primary_100m_dclm_m0_100m_seed1337_silu_muon_lr3em4_wd0p10,E8_primary_100m,dclm,mlfoundations/dclm-baseline-1.0,none,text,train,train,210000000,M0,12,768,12,2048,256,16,2,32768,100000000,4000000,3050,50,10,1337,silu_muon,silu,muon,0.0003,0.00003,0.10,--muon-momentum 0.95 --muon-ns-steps 5 --muon-adjust-lr-fn match_rms_adamw
32,E8_primary_100m_dclm_m0_100m_seed1337_rlb_matrixpolicy_original_lr3em4_wd0p10,E8_primary_100m,dclm,mlfoundations/dclm-baseline-1.0,none,text,train,train,210000000,M0,12,768,12,2048,256,16,2,32768,100000000,4000000,3050,50,10,1337,rlb_matrixpolicy_original,rlb_fused_global_rational,rational_matrix_policy_onpolicy,0.0003,0.00003,0.10,--rational-matrix-policy-backbone-optimizer adamw --rational-matrix-policy-adam-lr-scale 3.0 --rational-matrix-policy-group-gain-strength 0.20 --rational-matrix-policy-group-pressure-strength 0.10 --rational-matrix-policy-group-activity-damping 0.20 --rational-matrix-policy-group-start 0.02 --rational-matrix-policy-group-end 0.30 --rational-matrix-policy-group-min-scale 0.75 --rational-matrix-policy-group-max-scale 1.35
33,E8_primary_100m_dclm_m0_100m_seed1337_silu_adamw_lr3em4_wd0p20,E8_primary_100m,dclm,mlfoundations/dclm-baseline-1.0,none,text,train,train,210000000,M0,12,768,12,2048,256,16,2,32768,100000000,4000000,3050,50,10,1337,silu_adamw,silu,adamw,0.0003,0.00003,0.20,
34,E8_primary_100m_dclm_m0_100m_seed1337_silu_muon_lr3em4_wd0p20,E8_primary_100m,dclm,mlfoundations/dclm-baseline-1.0,none,text,train,train,210000000,M0,12,768,12,2048,256,16,2,32768,100000000,4000000,3050,50,10,1337,silu_muon,silu,muon,0.0003,0.00003,0.20,--muon-momentum 0.95 --muon-ns-steps 5 --muon-adjust-lr-fn match_rms_adamw
35,E8_primary_100m_dclm_m0_100m_seed1337_rlb_matrixpolicy_original_lr3em4_wd0p20,E8_primary_100m,dclm,mlfoundations/dclm-baseline-1.0,none,text,train,train,210000000,M0,12,768,12,2048,256,16,2,32768,100000000,4000000,3050,50,10,1337,rlb_matrixpolicy_original,rlb_fused_global_rational,rational_matrix_policy_onpolicy,0.0003,0.00003,0.20,--rational-matrix-policy-backbone-optimizer adamw --rational-matrix-policy-adam-lr-scale 3.0 --rational-matrix-policy-group-gain-strength 0.20 --rational-matrix-policy-group-pressure-strength 0.10 --rational-matrix-policy-group-activity-damping 0.20 --rational-matrix-policy-group-start 0.02 --rational-matrix-policy-group-end 0.30 --rational-matrix-policy-group-min-scale 0.75 --rational-matrix-policy-group-max-scale 1.35
36,E8_primary_100m_dclm_m0_100m_seed1337_silu_adamw_lr5em4_wd0p00,E8_primary_100m,dclm,mlfoundations/dclm-baseline-1.0,none,text,train,train,210000000,M0,12,768,12,2048,256,16,2,32768,100000000,4000000,3050,50,10,1337,silu_adamw,silu,adamw,0.0005,0.00005,0.00,
37,E8_primary_100m_dclm_m0_100m_seed1337_silu_muon_lr5em4_wd0p00,E8_primary_100m,dclm,mlfoundations/dclm-baseline-1.0,none,text,train,train,210000000,M0,12,768,12,2048,256,16,2,32768,100000000,4000000,3050,50,10,1337,silu_muon,silu,muon,0.0005,0.00005,0.00,--muon-momentum 0.95 --muon-ns-steps 5 --muon-adjust-lr-fn match_rms_adamw
38,E8_primary_100m_dclm_m0_100m_seed1337_rlb_matrixpolicy_original_lr5em4_wd0p00,E8_primary_100m,dclm,mlfoundations/dclm-baseline-1.0,none,text,train,train,210000000,M0,12,768,12,2048,256,16,2,32768,100000000,4000000,3050,50,10,1337,rlb_matrixpolicy_original,rlb_fused_global_rational,rational_matrix_policy_onpolicy,0.0005,0.00005,0.00,--rational-matrix-policy-backbone-optimizer adamw --rational-matrix-policy-adam-lr-scale 3.0 --rational-matrix-policy-group-gain-strength 0.20 --rational-matrix-policy-group-pressure-strength 0.10 --rational-matrix-policy-group-activity-damping 0.20 --rational-matrix-policy-group-start 0.02 --rational-matrix-policy-group-end 0.30 --rational-matrix-policy-group-min-scale 0.75 --rational-matrix-policy-group-max-scale 1.35
39,E8_primary_100m_dclm_m0_100m_seed1337_silu_adamw_lr5em4_wd0p05,E8_primary_100m,dclm,mlfoundations/dclm-baseline-1.0,none,text,train,train,210000000,M0,12,768,12,2048,256,16,2,32768,100000000,4000000,3050,50,10,1337,silu_adamw,silu,adamw,0.0005,0.00005,0.05,
40,E8_primary_100m_dclm_m0_100m_seed1337_silu_muon_lr5em4_wd0p05,E8_primary_100m,dclm,mlfoundations/dclm-baseline-1.0,none,text,train,train,210000000,M0,12,768,12,2048,256,16,2,32768,100000000,4000000,3050,50,10,1337,silu_muon,silu,muon,0.0005,0.00005,0.05,--muon-momentum 0.95 --muon-ns-steps 5 --muon-adjust-lr-fn match_rms_adamw
41,E8_primary_100m_dclm_m0_100m_seed1337_rlb_matrixpolicy_original_lr5em4_wd0p05,E8_primary_100m,dclm,mlfoundations/dclm-baseline-1.0,none,text,train,train,210000000,M0,12,768,12,2048,256,16,2,32768,100000000,4000000,3050,50,10,1337,rlb_matrixpolicy_original,rlb_fused_global_rational,rational_matrix_policy_onpolicy,0.0005,0.00005,0.05,--rational-matrix-policy-backbone-optimizer adamw --rational-matrix-policy-adam-lr-scale 3.0 --rational-matrix-policy-group-gain-strength 0.20 --rational-matrix-policy-group-pressure-strength 0.10 --rational-matrix-policy-group-activity-damping 0.20 --rational-matrix-policy-group-start 0.02 --rational-matrix-policy-group-end 0.30 --rational-matrix-policy-group-min-scale 0.75 --rational-matrix-policy-group-max-scale 1.35
42,E8_primary_100m_dclm_m0_100m_seed1337_silu_adamw_lr5em4_wd0p10,E8_primary_100m,dclm,mlfoundations/dclm-baseline-1.0,none,text,train,train,210000000,M0,12,768,12,2048,256,16,2,32768,100000000,4000000,3050,50,10,1337,silu_adamw,silu,adamw,0.0005,0.00005,0.10,
43,E8_primary_100m_dclm_m0_100m_seed1337_silu_muon_lr5em4_wd0p10,E8_primary_100m,dclm,mlfoundations/dclm-baseline-1.0,none,text,train,train,210000000,M0,12,768,12,2048,256,16,2,32768,100000000,4000000,3050,50,10,1337,silu_muon,silu,muon,0.0005,0.00005,0.10,--muon-momentum 0.95 --muon-ns-steps 5 --muon-adjust-lr-fn match_rms_adamw
44,E8_primary_100m_dclm_m0_100m_seed1337_rlb_matrixpolicy_original_lr5em4_wd0p10,E8_primary_100m,dclm,mlfoundations/dclm-baseline-1.0,none,text,train,train,210000000,M0,12,768,12,2048,256,16,2,32768,100000000,4000000,3050,50,10,1337,rlb_matrixpolicy_original,rlb_fused_global_rational,rational_matrix_policy_onpolicy,0.0005,0.00005,0.10,--rational-matrix-policy-backbone-optimizer adamw --rational-matrix-policy-adam-lr-scale 3.0 --rational-matrix-policy-group-gain-strength 0.20 --rational-matrix-policy-group-pressure-strength 0.10 --rational-matrix-policy-group-activity-damping 0.20 --rational-matrix-policy-group-start 0.02 --rational-matrix-policy-group-end 0.30 --rational-matrix-policy-group-min-scale 0.75 --rational-matrix-policy-group-max-scale 1.35
45,E8_primary_100m_dclm_m0_100m_seed1337_silu_adamw_lr5em4_wd0p20,E8_primary_100m,dclm,mlfoundations/dclm-baseline-1.0,none,text,train,train,210000000,M0,12,768,12,2048,256,16,2,32768,100000000,4000000,3050,50,10,1337,silu_adamw,silu,adamw,0.0005,0.00005,0.20,
46,E8_primary_100m_dclm_m0_100m_seed1337_silu_muon_lr5em4_wd0p20,E8_primary_100m,dclm,mlfoundations/dclm-baseline-1.0,none,text,train,train,210000000,M0,12,768,12,2048,256,16,2,32768,100000000,4000000,3050,50,10,1337,silu_muon,silu,muon,0.0005,0.00005,0.20,--muon-momentum 0.95 --muon-ns-steps 5 --muon-adjust-lr-fn match_rms_adamw
47,E8_primary_100m_dclm_m0_100m_seed1337_rlb_matrixpolicy_original_lr5em4_wd0p20,E8_primary_100m,dclm,mlfoundations/dclm-baseline-1.0,none,text,train,train,210000000,M0,12,768,12,2048,256,16,2,32768,100000000,4000000,3050,50,10,1337,rlb_matrixpolicy_original,rlb_fused_global_rational,rational_matrix_policy_onpolicy,0.0005,0.00005,0.20,--rational-matrix-policy-backbone-optimizer adamw --rational-matrix-policy-adam-lr-scale 3.0 --rational-matrix-policy-group-gain-strength 0.20 --rational-matrix-policy-group-pressure-strength 0.10 --rational-matrix-policy-group-activity-damping 0.20 --rational-matrix-policy-group-start 0.02 --rational-matrix-policy-group-end 0.30 --rational-matrix-policy-group-min-scale 0.75 --rational-matrix-policy-group-max-scale 1.35
48,E8_primary_100m_fineweb_edu_m0_100m_seed1337_silu_adamw_lr1em4_wd0p00,E8_primary_100m,fineweb_edu,HuggingFaceFW/fineweb-edu,sample-10BT,text,train,train,210000000,M0,12,768,12,2048,256,16,2,32768,100000000,4000000,3050,50,10,1337,silu_adamw,silu,adamw,0.0001,0.00001,0.00,
49,E8_primary_100m_fineweb_edu_m0_100m_seed1337_silu_muon_lr1em4_wd0p00,E8_primary_100m,fineweb_edu,HuggingFaceFW/fineweb-edu,sample-10BT,text,train,train,210000000,M0,12,768,12,2048,256,16,2,32768,100000000,4000000,3050,50,10,1337,silu_muon,silu,muon,0.0001,0.00001,0.00,--muon-momentum 0.95 --muon-ns-steps 5 --muon-adjust-lr-fn match_rms_adamw
50,E8_primary_100m_fineweb_edu_m0_100m_seed1337_rlb_matrixpolicy_original_lr1em4_wd0p00,E8_primary_100m,fineweb_edu,HuggingFaceFW/fineweb-edu,sample-10BT,text,train,train,210000000,M0,12,768,12,2048,256,16,2,32768,100000000,4000000,3050,50,10,1337,rlb_matrixpolicy_original,rlb_fused_global_rational,rational_matrix_policy_onpolicy,0.0001,0.00001,0.00,--rational-matrix-policy-backbone-optimizer adamw --rational-matrix-policy-adam-lr-scale 3.0 --rational-matrix-policy-group-gain-strength 0.20 --rational-matrix-policy-group-pressure-strength 0.10 --rational-matrix-policy-group-activity-damping 0.20 --rational-matrix-policy-group-start 0.02 --rational-matrix-policy-group-end 0.30 --rational-matrix-policy-group-min-scale 0.75 --rational-matrix-policy-group-max-scale 1.35
51,E8_primary_100m_fineweb_edu_m0_100m_seed1337_silu_adamw_lr1em4_wd0p05,E8_primary_100m,fineweb_edu,HuggingFaceFW/fineweb-edu,sample-10BT,text,train,train,210000000,M0,12,768,12,2048,256,16,2,32768,100000000,4000000,3050,50,10,1337,silu_adamw,silu,adamw,0.0001,0.00001,0.05,
52,E8_primary_100m_fineweb_edu_m0_100m_seed1337_silu_muon_lr1em4_wd0p05,E8_primary_100m,fineweb_edu,HuggingFaceFW/fineweb-edu,sample-10BT,text,train,train,210000000,M0,12,768,12,2048,256,16,2,32768,100000000,4000000,3050,50,10,1337,silu_muon,silu,muon,0.0001,0.00001,0.05,--muon-momentum 0.95 --muon-ns-steps 5 --muon-adjust-lr-fn match_rms_adamw
53,E8_primary_100m_fineweb_edu_m0_100m_seed1337_rlb_matrixpolicy_original_lr1em4_wd0p05,E8_primary_100m,fineweb_edu,HuggingFaceFW/fineweb-edu,sample-10BT,text,train,train,210000000,M0,12,768,12,2048,256,16,2,32768,100000000,4000000,3050,50,10,1337,rlb_matrixpolicy_original,rlb_fused_global_rational,rational_matrix_policy_onpolicy,0.0001,0.00001,0.05,--rational-matrix-policy-backbone-optimizer adamw --rational-matrix-policy-adam-lr-scale 3.0 --rational-matrix-policy-group-gain-strength 0.20 --rational-matrix-policy-group-pressure-strength 0.10 --rational-matrix-policy-group-activity-damping 0.20 --rational-matrix-policy-group-start 0.02 --rational-matrix-policy-group-end 0.30 --rational-matrix-policy-group-min-scale 0.75 --rational-matrix-policy-group-max-scale 1.35
54,E8_primary_100m_fineweb_edu_m0_100m_seed1337_silu_adamw_lr1em4_wd0p10,E8_primary_100m,fineweb_edu,HuggingFaceFW/fineweb-edu,sample-10BT,text,train,train,210000000,M0,12,768,12,2048,256,16,2,32768,100000000,4000000,3050,50,10,1337,silu_adamw,silu,adamw,0.0001,0.00001,0.10,
55,E8_primary_100m_fineweb_edu_m0_100m_seed1337_silu_muon_lr1em4_wd0p10,E8_primary_100m,fineweb_edu,HuggingFaceFW/fineweb-edu,sample-10BT,text,train,train,210000000,M0,12,768,12,2048,256,16,2,32768,100000000,4000000,3050,50,10,1337,silu_muon,silu,muon,0.0001,0.00001,0.10,--muon-momentum 0.95 --muon-ns-steps 5 --muon-adjust-lr-fn match_rms_adamw
56,E8_primary_100m_fineweb_edu_m0_100m_seed1337_rlb_matrixpolicy_original_lr1em4_wd0p10,E8_primary_100m,fineweb_edu,HuggingFaceFW/fineweb-edu,sample-10BT,text,train,train,210000000,M0,12,768,12,2048,256,16,2,32768,100000000,4000000,3050,50,10,1337,rlb_matrixpolicy_original,rlb_fused_global_rational,rational_matrix_policy_onpolicy,0.0001,0.00001,0.10,--rational-matrix-policy-backbone-optimizer adamw --rational-matrix-policy-adam-lr-scale 3.0 --rational-matrix-policy-group-gain-strength 0.20 --rational-matrix-policy-group-pressure-strength 0.10 --rational-matrix-policy-group-activity-damping 0.20 --rational-matrix-policy-group-start 0.02 --rational-matrix-policy-group-end 0.30 --rational-matrix-policy-group-min-scale 0.75 --rational-matrix-policy-group-max-scale 1.35
57,E8_primary_100m_fineweb_edu_m0_100m_seed1337_silu_adamw_lr1em4_wd0p20,E8_primary_100m,fineweb_edu,HuggingFaceFW/fineweb-edu,sample-10BT,text,train,train,210000000,M0,12,768,12,2048,256,16,2,32768,100000000,4000000,3050,50,10,1337,silu_adamw,silu,adamw,0.0001,0.00001,0.20,
58,E8_primary_100m_fineweb_edu_m0_100m_seed1337_silu_muon_lr1em4_wd0p20,E8_primary_100m,fineweb_edu,HuggingFaceFW/fineweb-edu,sample-10BT,text,train,train,210000000,M0,12,768,12,2048,256,16,2,32768,100000000,4000000,3050,50,10,1337,silu_muon,silu,muon,0.0001,0.00001,0.20,--muon-momentum 0.95 --muon-ns-steps 5 --muon-adjust-lr-fn match_rms_adamw
59,E8_primary_100m_fineweb_edu_m0_100m_seed1337_rlb_matrixpolicy_original_lr1em4_wd0p20,E8_primary_100m,fineweb_edu,HuggingFaceFW/fineweb-edu,sample-10BT,text,train,train,210000000,M0,12,768,12,2048,256,16,2,32768,100000000,4000000,3050,50,10,1337,rlb_matrixpolicy_original,rlb_fused_global_rational,rational_matrix_policy_onpolicy,0.0001,0.00001,0.20,--rational-matrix-policy-backbone-optimizer adamw --rational-matrix-policy-adam-lr-scale 3.0 --rational-matrix-policy-group-gain-strength 0.20 --rational-matrix-policy-group-pressure-strength 0.10 --rational-matrix-policy-group-activity-damping 0.20 --rational-matrix-policy-group-start 0.02 --rational-matrix-policy-group-end 0.30 --rational-matrix-policy-group-min-scale 0.75 --rational-matrix-policy-group-max-scale 1.35
60,E8_primary_100m_fineweb_edu_m0_100m_seed1337_silu_adamw_lr2em4_wd0p00,E8_primary_100m,fineweb_edu,HuggingFaceFW/fineweb-edu,sample-10BT,text,train,train,210000000,M0,12,768,12,2048,256,16,2,32768,100000000,4000000,3050,50,10,1337,silu_adamw,silu,adamw,0.0002,0.00002,0.00,
61,E8_primary_100m_fineweb_edu_m0_100m_seed1337_silu_muon_lr2em4_wd0p00,E8_primary_100m,fineweb_edu,HuggingFaceFW/fineweb-edu,sample-10BT,text,train,train,210000000,M0,12,768,12,2048,256,16,2,32768,100000000,4000000,3050,50,10,1337,silu_muon,silu,muon,0.0002,0.00002,0.00,--muon-momentum 0.95 --muon-ns-steps 5 --muon-adjust-lr-fn match_rms_adamw
62,E8_primary_100m_fineweb_edu_m0_100m_seed1337_rlb_matrixpolicy_original_lr2em4_wd0p00,E8_primary_100m,fineweb_edu,HuggingFaceFW/fineweb-edu,sample-10BT,text,train,train,210000000,M0,12,768,12,2048,256,16,2,32768,100000000,4000000,3050,50,10,1337,rlb_matrixpolicy_original,rlb_fused_global_rational,rational_matrix_policy_onpolicy,0.0002,0.00002,0.00,--rational-matrix-policy-backbone-optimizer adamw --rational-matrix-policy-adam-lr-scale 3.0 --rational-matrix-policy-group-gain-strength 0.20 --rational-matrix-policy-group-pressure-strength 0.10 --rational-matrix-policy-group-activity-damping 0.20 --rational-matrix-policy-group-start 0.02 --rational-matrix-policy-group-end 0.30 --rational-matrix-policy-group-min-scale 0.75 --rational-matrix-policy-group-max-scale 1.35
63,E8_primary_100m_fineweb_edu_m0_100m_seed1337_silu_adamw_lr2em4_wd0p05,E8_primary_100m,fineweb_edu,HuggingFaceFW/fineweb-edu,sample-10BT,text,train,train,210000000,M0,12,768,12,2048,256,16,2,32768,100000000,4000000,3050,50,10,1337,silu_adamw,silu,adamw,0.0002,0.00002,0.05,
64,E8_primary_100m_fineweb_edu_m0_100m_seed1337_silu_muon_lr2em4_wd0p05,E8_primary_100m,fineweb_edu,HuggingFaceFW/fineweb-edu,sample-10BT,text,train,train,210000000,M0,12,768,12,2048,256,16,2,32768,100000000,4000000,3050,50,10,1337,silu_muon,silu,muon,0.0002,0.00002,0.05,--muon-momentum 0.95 --muon-ns-steps 5 --muon-adjust-lr-fn match_rms_adamw
65,E8_primary_100m_fineweb_edu_m0_100m_seed1337_rlb_matrixpolicy_original_lr2em4_wd0p05,E8_primary_100m,fineweb_edu,HuggingFaceFW/fineweb-edu,sample-10BT,text,train,train,210000000,M0,12,768,12,2048,256,16,2,32768,100000000,4000000,3050,50,10,1337,rlb_matrixpolicy_original,rlb_fused_global_rational,rational_matrix_policy_onpolicy,0.0002,0.00002,0.05,--rational-matrix-policy-backbone-optimizer adamw --rational-matrix-policy-adam-lr-scale 3.0 --rational-matrix-policy-group-gain-strength 0.20 --rational-matrix-policy-group-pressure-strength 0.10 --rational-matrix-policy-group-activity-damping 0.20 --rational-matrix-policy-group-start 0.02 --rational-matrix-policy-group-end 0.30 --rational-matrix-policy-group-min-scale 0.75 --rational-matrix-policy-group-max-scale 1.35
66,E8_primary_100m_fineweb_edu_m0_100m_seed1337_silu_adamw_lr2em4_wd0p10,E8_primary_100m,fineweb_edu,HuggingFaceFW/fineweb-edu,sample-10BT,text,train,train,210000000,M0,12,768,12,2048,256,16,2,32768,100000000,4000000,3050,50,10,1337,silu_adamw,silu,adamw,0.0002,0.00002,0.10,
67,E8_primary_100m_fineweb_edu_m0_100m_seed1337_silu_muon_lr2em4_wd0p10,E8_primary_100m,fineweb_edu,HuggingFaceFW/fineweb-edu,sample-10BT,text,train,train,210000000,M0,12,768,12,2048,256,16,2,32768,100000000,4000000,3050,50,10,1337,silu_muon,silu,muon,0.0002,0.00002,0.10,--muon-momentum 0.95 --muon-ns-steps 5 --muon-adjust-lr-fn match_rms_adamw
68,E8_primary_100m_fineweb_edu_m0_100m_seed1337_rlb_matrixpolicy_original_lr2em4_wd0p10,E8_primary_100m,fineweb_edu,HuggingFaceFW/fineweb-edu,sample-10BT,text,train,train,210000000,M0,12,768,12,2048,256,16,2,32768,100000000,4000000,3050,50,10,1337,rlb_matrixpolicy_original,rlb_fused_global_rational,rational_matrix_policy_onpolicy,0.0002,0.00002,0.10,--rational-matrix-policy-backbone-optimizer adamw --rational-matrix-policy-adam-lr-scale 3.0 --rational-matrix-policy-group-gain-strength 0.20 --rational-matrix-policy-group-pressure-strength 0.10 --rational-matrix-policy-group-activity-damping 0.20 --rational-matrix-policy-group-start 0.02 --rational-matrix-policy-group-end 0.30 --rational-matrix-policy-group-min-scale 0.75 --rational-matrix-policy-group-max-scale 1.35
69,E8_primary_100m_fineweb_edu_m0_100m_seed1337_silu_adamw_lr2em4_wd0p20,E8_primary_100m,fineweb_edu,HuggingFaceFW/fineweb-edu,sample-10BT,text,train,train,210000000,M0,12,768,12,2048,256,16,2,32768,100000000,4000000,3050,50,10,1337,silu_adamw,silu,adamw,0.0002,0.00002,0.20,
70,E8_primary_100m_fineweb_edu_m0_100m_seed1337_silu_muon_lr2em4_wd0p20,E8_primary_100m,fineweb_edu,HuggingFaceFW/fineweb-edu,sample-10BT,text,train,train,210000000,M0,12,768,12,2048,256,16,2,32768,100000000,4000000,3050,50,10,1337,silu_muon,silu,muon,0.0002,0.00002,0.20,--muon-momentum 0.95 --muon-ns-steps 5 --muon-adjust-lr-fn match_rms_adamw
71,E8_primary_100m_fineweb_edu_m0_100m_seed1337_rlb_matrixpolicy_original_lr2em4_wd0p20,E8_primary_100m,fineweb_edu,HuggingFaceFW/fineweb-edu,sample-10BT,text,train,train,210000000,M0,12,768,12,2048,256,16,2,32768,100000000,4000000,3050,50,10,1337,rlb_matrixpolicy_original,rlb_fused_global_rational,rational_matrix_policy_onpolicy,0.0002,0.00002,0.20,--rational-matrix-policy-backbone-optimizer adamw --rational-matrix-policy-adam-lr-scale 3.0 --rational-matrix-policy-group-gain-strength 0.20 --rational-matrix-policy-group-pressure-strength 0.10 --rational-matrix-policy-group-activity-damping 0.20 --rational-matrix-policy-group-start 0.02 --rational-matrix-policy-group-end 0.30 --rational-matrix-policy-group-min-scale 0.75 --rational-matrix-policy-group-max-scale 1.35
72,E8_primary_100m_fineweb_edu_m0_100m_seed1337_silu_adamw_lr3em4_wd0p00,E8_primary_100m,fineweb_edu,HuggingFaceFW/fineweb-edu,sample-10BT,text,train,train,210000000,M0,12,768,12,2048,256,16,2,32768,100000000,4000000,3050,50,10,1337,silu_adamw,silu,adamw,0.0003,0.00003,0.00,
73,E8_primary_100m_fineweb_edu_m0_100m_seed1337_silu_muon_lr3em4_wd0p00,E8_primary_100m,fineweb_edu,HuggingFaceFW/fineweb-edu,sample-10BT,text,train,train,210000000,M0,12,768,12,2048,256,16,2,32768,100000000,4000000,3050,50,10,1337,silu_muon,silu,muon,0.0003,0.00003,0.00,--muon-momentum 0.95 --muon-ns-steps 5 --muon-adjust-lr-fn match_rms_adamw
74,E8_primary_100m_fineweb_edu_m0_100m_seed1337_rlb_matrixpolicy_original_lr3em4_wd0p00,E8_primary_100m,fineweb_edu,HuggingFaceFW/fineweb-edu,sample-10BT,text,train,train,210000000,M0,12,768,12,2048,256,16,2,32768,100000000,4000000,3050,50,10,1337,rlb_matrixpolicy_original,rlb_fused_global_rational,rational_matrix_policy_onpolicy,0.0003,0.00003,0.00,--rational-matrix-policy-backbone-optimizer adamw --rational-matrix-policy-adam-lr-scale 3.0 --rational-matrix-policy-group-gain-strength 0.20 --rational-matrix-policy-group-pressure-strength 0.10 --rational-matrix-policy-group-activity-damping 0.20 --rational-matrix-policy-group-start 0.02 --rational-matrix-policy-group-end 0.30 --rational-matrix-policy-group-min-scale 0.75 --rational-matrix-policy-group-max-scale 1.35
75,E8_primary_100m_fineweb_edu_m0_100m_seed1337_silu_adamw_lr3em4_wd0p05,E8_primary_100m,fineweb_edu,HuggingFaceFW/fineweb-edu,sample-10BT,text,train,train,210000000,M0,12,768,12,2048,256,16,2,32768,100000000,4000000,3050,50,10,1337,silu_adamw,silu,adamw,0.0003,0.00003,0.05,
76,E8_primary_100m_fineweb_edu_m0_100m_seed1337_silu_muon_lr3em4_wd0p05,E8_primary_100m,fineweb_edu,HuggingFaceFW/fineweb-edu,sample-10BT,text,train,train,210000000,M0,12,768,12,2048,256,16,2,32768,100000000,4000000,3050,50,10,1337,silu_muon,silu,muon,0.0003,0.00003,0.05,--muon-momentum 0.95 --muon-ns-steps 5 --muon-adjust-lr-fn match_rms_adamw
77,E8_primary_100m_fineweb_edu_m0_100m_seed1337_rlb_matrixpolicy_original_lr3em4_wd0p05,E8_primary_100m,fineweb_edu,HuggingFaceFW/fineweb-edu,sample-10BT,text,train,train,210000000,M0,12,768,12,2048,256,16,2,32768,100000000,4000000,3050,50,10,1337,rlb_matrixpolicy_original,rlb_fused_global_rational,rational_matrix_policy_onpolicy,0.0003,0.00003,0.05,--rational-matrix-policy-backbone-optimizer adamw --rational-matrix-policy-adam-lr-scale 3.0 --rational-matrix-policy-group-gain-strength 0.20 --rational-matrix-policy-group-pressure-strength 0.10 --rational-matrix-policy-group-activity-damping 0.20 --rational-matrix-policy-group-start 0.02 --rational-matrix-policy-group-end 0.30 --rational-matrix-policy-group-min-scale 0.75 --rational-matrix-policy-group-max-scale 1.35
78,E8_primary_100m_fineweb_edu_m0_100m_seed1337_silu_adamw_lr3em4_wd0p10,E8_primary_100m,fineweb_edu,HuggingFaceFW/fineweb-edu,sample-10BT,text,train,train,210000000,M0,12,768,12,2048,256,16,2,32768,100000000,4000000,3050,50,10,1337,silu_adamw,silu,adamw,0.0003,0.00003,0.10,
79,E8_primary_100m_fineweb_edu_m0_100m_seed1337_silu_muon_lr3em4_wd0p10,E8_primary_100m,fineweb_edu,HuggingFaceFW/fineweb-edu,sample-10BT,text,train,train,210000000,M0,12,768,12,2048,256,16,2,32768,100000000,4000000,3050,50,10,1337,silu_muon,silu,muon,0.0003,0.00003,0.10,--muon-momentum 0.95 --muon-ns-steps 5 --muon-adjust-lr-fn match_rms_adamw
80,E8_primary_100m_fineweb_edu_m0_100m_seed1337_rlb_matrixpolicy_original_lr3em4_wd0p10,E8_primary_100m,fineweb_edu,HuggingFaceFW/fineweb-edu,sample-10BT,text,train,train,210000000,M0,12,768,12,2048,256,16,2,32768,100000000,4000000,3050,50,10,1337,rlb_matrixpolicy_original,rlb_fused_global_rational,rational_matrix_policy_onpolicy,0.0003,0.00003,0.10,--rational-matrix-policy-backbone-optimizer adamw --rational-matrix-policy-adam-lr-scale 3.0 --rational-matrix-policy-group-gain-strength 0.20 --rational-matrix-policy-group-pressure-strength 0.10 --rational-matrix-policy-group-activity-damping 0.20 --rational-matrix-policy-group-start 0.02 --rational-matrix-policy-group-end 0.30 --rational-matrix-policy-group-min-scale 0.75 --rational-matrix-policy-group-max-scale 1.35
81,E8_primary_100m_fineweb_edu_m0_100m_seed1337_silu_adamw_lr3em4_wd0p20,E8_primary_100m,fineweb_edu,HuggingFaceFW/fineweb-edu,sample-10BT,text,train,train,210000000,M0,12,768,12,2048,256,16,2,32768,100000000,4000000,3050,50,10,1337,silu_adamw,silu,adamw,0.0003,0.00003,0.20,
82,E8_primary_100m_fineweb_edu_m0_100m_seed1337_silu_muon_lr3em4_wd0p20,E8_primary_100m,fineweb_edu,HuggingFaceFW/fineweb-edu,sample-10BT,text,train,train,210000000,M0,12,768,12,2048,256,16,2,32768,100000000,4000000,3050,50,10,1337,silu_muon,silu,muon,0.0003,0.00003,0.20,--muon-momentum 0.95 --muon-ns-steps 5 --muon-adjust-lr-fn match_rms_adamw
83,E8_primary_100m_fineweb_edu_m0_100m_seed1337_rlb_matrixpolicy_original_lr3em4_wd0p20,E8_primary_100m,fineweb_edu,HuggingFaceFW/fineweb-edu,sample-10BT,text,train,train,210000000,M0,12,768,12,2048,256,16,2,32768,100000000,4000000,3050,50,10,1337,rlb_matrixpolicy_original,rlb_fused_global_rational,rational_matrix_policy_onpolicy,0.0003,0.00003,0.20,--rational-matrix-policy-backbone-optimizer adamw --rational-matrix-policy-adam-lr-scale 3.0 --rational-matrix-policy-group-gain-strength 0.20 --rational-matrix-policy-group-pressure-strength 0.10 --rational-matrix-policy-group-activity-damping 0.20 --rational-matrix-policy-group-start 0.02 --rational-matrix-policy-group-end 0.30 --rational-matrix-policy-group-min-scale 0.75 --rational-matrix-policy-group-max-scale 1.35
84,E8_primary_100m_fineweb_edu_m0_100m_seed1337_silu_adamw_lr5em4_wd0p00,E8_primary_100m,fineweb_edu,HuggingFaceFW/fineweb-edu,sample-10BT,text,train,train,210000000,M0,12,768,12,2048,256,16,2,32768,100000000,4000000,3050,50,10,1337,silu_adamw,silu,adamw,0.0005,0.00005,0.00,
85,E8_primary_100m_fineweb_edu_m0_100m_seed1337_silu_muon_lr5em4_wd0p00,E8_primary_100m,fineweb_edu,HuggingFaceFW/fineweb-edu,sample-10BT,text,train,train,210000000,M0,12,768,12,2048,256,16,2,32768,100000000,4000000,3050,50,10,1337,silu_muon,silu,muon,0.0005,0.00005,0.00,--muon-momentum 0.95 --muon-ns-steps 5 --muon-adjust-lr-fn match_rms_adamw
86,E8_primary_100m_fineweb_edu_m0_100m_seed1337_rlb_matrixpolicy_original_lr5em4_wd0p00,E8_primary_100m,fineweb_edu,HuggingFaceFW/fineweb-edu,sample-10BT,text,train,train,210000000,M0,12,768,12,2048,256,16,2,32768,100000000,4000000,3050,50,10,1337,rlb_matrixpolicy_original,rlb_fused_global_rational,rational_matrix_policy_onpolicy,0.0005,0.00005,0.00,--rational-matrix-policy-backbone-optimizer adamw --rational-matrix-policy-adam-lr-scale 3.0 --rational-matrix-policy-group-gain-strength 0.20 --rational-matrix-policy-group-pressure-strength 0.10 --rational-matrix-policy-group-activity-damping 0.20 --rational-matrix-policy-group-start 0.02 --rational-matrix-policy-group-end 0.30 --rational-matrix-policy-group-min-scale 0.75 --rational-matrix-policy-group-max-scale 1.35
87,E8_primary_100m_fineweb_edu_m0_100m_seed1337_silu_adamw_lr5em4_wd0p05,E8_primary_100m,fineweb_edu,HuggingFaceFW/fineweb-edu,sample-10BT,text,train,train,210000000,M0,12,768,12,2048,256,16,2,32768,100000000,4000000,3050,50,10,1337,silu_adamw,silu,adamw,0.0005,0.00005,0.05,
88,E8_primary_100m_fineweb_edu_m0_100m_seed1337_silu_muon_lr5em4_wd0p05,E8_primary_100m,fineweb_edu,HuggingFaceFW/fineweb-edu,sample-10BT,text,train,train,210000000,M0,12,768,12,2048,256,16,2,32768,100000000,4000000,3050,50,10,1337,silu_muon,silu,muon,0.0005,0.00005,0.05,--muon-momentum 0.95 --muon-ns-steps 5 --muon-adjust-lr-fn match_rms_adamw
89,E8_primary_100m_fineweb_edu_m0_100m_seed1337_rlb_matrixpolicy_original_lr5em4_wd0p05,E8_primary_100m,fineweb_edu,HuggingFaceFW/fineweb-edu,sample-10BT,text,train,train,210000000,M0,12,768,12,2048,256,16,2,32768,100000000,4000000,3050,50,10,1337,rlb_matrixpolicy_original,rlb_fused_global_rational,rational_matrix_policy_onpolicy,0.0005,0.00005,0.05,--rational-matrix-policy-backbone-optimizer adamw --rational-matrix-policy-adam-lr-scale 3.0 --rational-matrix-policy-group-gain-strength 0.20 --rational-matrix-policy-group-pressure-strength 0.10 --rational-matrix-policy-group-activity-damping 0.20 --rational-matrix-policy-group-start 0.02 --rational-matrix-policy-group-end 0.30 --rational-matrix-policy-group-min-scale 0.75 --rational-matrix-policy-group-max-scale 1.35
90,E8_primary_100m_fineweb_edu_m0_100m_seed1337_silu_adamw_lr5em4_wd0p10,E8_primary_100m,fineweb_edu,HuggingFaceFW/fineweb-edu,sample-10BT,text,train,train,210000000,M0,12,768,12,2048,256,16,2,32768,100000000,4000000,3050,50,10,1337,silu_adamw,silu,adamw,0.0005,0.00005,0.10,
91,E8_primary_100m_fineweb_edu_m0_100m_seed1337_silu_muon_lr5em4_wd0p10,E8_primary_100m,fineweb_edu,HuggingFaceFW/fineweb-edu,sample-10BT,text,train,train,210000000,M0,12,768,12,2048,256,16,2,32768,100000000,4000000,3050,50,10,1337,silu_muon,silu,muon,0.0005,0.00005,0.10,--muon-momentum 0.95 --muon-ns-steps 5 --muon-adjust-lr-fn match_rms_adamw
92,E8_primary_100m_fineweb_edu_m0_100m_seed1337_rlb_matrixpolicy_original_lr5em4_wd0p10,E8_primary_100m,fineweb_edu,HuggingFaceFW/fineweb-edu,sample-10BT,text,train,train,210000000,M0,12,768,12,2048,256,16,2,32768,100000000,4000000,3050,50,10,1337,rlb_matrixpolicy_original,rlb_fused_global_rational,rational_matrix_policy_onpolicy,0.0005,0.00005,0.10,--rational-matrix-policy-backbone-optimizer adamw --rational-matrix-policy-adam-lr-scale 3.0 --rational-matrix-policy-group-gain-strength 0.20 --rational-matrix-policy-group-pressure-strength 0.10 --rational-matrix-policy-group-activity-damping 0.20 --rational-matrix-policy-group-start 0.02 --rational-matrix-policy-group-end 0.30 --rational-matrix-policy-group-min-scale 0.75 --rational-matrix-policy-group-max-scale 1.35
93,E8_primary_100m_fineweb_edu_m0_100m_seed1337_silu_adamw_lr5em4_wd0p20,E8_primary_100m,fineweb_edu,HuggingFaceFW/fineweb-edu,sample-10BT,text,train,train,210000000,M0,12,768,12,2048,256,16,2,32768,100000000,4000000,3050,50,10,1337,silu_adamw,silu,adamw,0.0005,0.00005,0.20,
94,E8_primary_100m_fineweb_edu_m0_100m_seed1337_silu_muon_lr5em4_wd0p20,E8_primary_100m,fineweb_edu,HuggingFaceFW/fineweb-edu,sample-10BT,text,train,train,210000000,M0,12,768,12,2048,256,16,2,32768,100000000,4000000,3050,50,10,1337,silu_muon,silu,muon,0.0005,0.00005,0.20,--muon-momentum 0.95 --muon-ns-steps 5 --muon-adjust-lr-fn match_rms_adamw
95,E8_primary_100m_fineweb_edu_m0_100m_seed1337_rlb_matrixpolicy_original_lr5em4_wd0p20,E8_primary_100m,fineweb_edu,HuggingFaceFW/fineweb-edu,sample-10BT,text,train,train,210000000,M0,12,768,12,2048,256,16,2,32768,100000000,4000000,3050,50,10,1337,rlb_matrixpolicy_original,rlb_fused_global_rational,rational_matrix_policy_onpolicy,0.0005,0.00005,0.20,--rational-matrix-policy-backbone-optimizer adamw --rational-matrix-policy-adam-lr-scale 3.0 --rational-matrix-policy-group-gain-strength 0.20 --rational-matrix-policy-group-pressure-strength 0.10 --rational-matrix-policy-group-activity-damping 0.20 --rational-matrix-policy-group-start 0.02 --rational-matrix-policy-group-end 0.30 --rational-matrix-policy-group-min-scale 0.75 --rational-matrix-policy-group-max-scale 1.35
96,E8_primary_100m_fineweb_m0_100m_seed1337_silu_adamw_lr1em4_wd0p00,E8_primary_100m,fineweb,HuggingFaceFW/fineweb,sample-10BT,text,train,train,210000000,M0,12,768,12,2048,256,16,2,32768,100000000,4000000,3050,50,10,1337,silu_adamw,silu,adamw,0.0001,0.00001,0.00,
97,E8_primary_100m_fineweb_m0_100m_seed1337_silu_muon_lr1em4_wd0p00,E8_primary_100m,fineweb,HuggingFaceFW/fineweb,sample-10BT,text,train,train,210000000,M0,12,768,12,2048,256,16,2,32768,100000000,4000000,3050,50,10,1337,silu_muon,silu,muon,0.0001,0.00001,0.00,--muon-momentum 0.95 --muon-ns-steps 5 --muon-adjust-lr-fn match_rms_adamw
98,E8_primary_100m_fineweb_m0_100m_seed1337_rlb_matrixpolicy_original_lr1em4_wd0p00,E8_primary_100m,fineweb,HuggingFaceFW/fineweb,sample-10BT,text,train,train,210000000,M0,12,768,12,2048,256,16,2,32768,100000000,4000000,3050,50,10,1337,rlb_matrixpolicy_original,rlb_fused_global_rational,rational_matrix_policy_onpolicy,0.0001,0.00001,0.00,--rational-matrix-policy-backbone-optimizer adamw --rational-matrix-policy-adam-lr-scale 3.0 --rational-matrix-policy-group-gain-strength 0.20 --rational-matrix-policy-group-pressure-strength 0.10 --rational-matrix-policy-group-activity-damping 0.20 --rational-matrix-policy-group-start 0.02 --rational-matrix-policy-group-end 0.30 --rational-matrix-policy-group-min-scale 0.75 --rational-matrix-policy-group-max-scale 1.35
99,E8_primary_100m_fineweb_m0_100m_seed1337_silu_adamw_lr1em4_wd0p05,E8_primary_100m,fineweb,HuggingFaceFW/fineweb,sample-10BT,text,train,train,210000000,M0,12,768,12,2048,256,16,2,32768,100000000,4000000,3050,50,10,1337,silu_adamw,silu,adamw,0.0001,0.00001,0.05,
100,E8_primary_100m_fineweb_m0_100m_seed1337_silu_muon_lr1em4_wd0p05,E8_primary_100m,fineweb,HuggingFaceFW/fineweb,sample-10BT,text,train,train,210000000,M0,12,768,12,2048,256,16,2,32768,100000000,4000000,3050,50,10,1337,silu_muon,silu,muon,0.0001,0.00001,0.05,--muon-momentum 0.95 --muon-ns-steps 5 --muon-adjust-lr-fn match_rms_adamw
101,E8_primary_100m_fineweb_m0_100m_seed1337_rlb_matrixpolicy_original_lr1em4_wd0p05,E8_primary_100m,fineweb,HuggingFaceFW/fineweb,sample-10BT,text,train,train,210000000,M0,12,768,12,2048,256,16,2,32768,100000000,4000000,3050,50,10,1337,rlb_matrixpolicy_original,rlb_fused_global_rational,rational_matrix_policy_onpolicy,0.0001,0.00001,0.05,--rational-matrix-policy-backbone-optimizer adamw --rational-matrix-policy-adam-lr-scale 3.0 --rational-matrix-policy-group-gain-strength 0.20 --rational-matrix-policy-group-pressure-strength 0.10 --rational-matrix-policy-group-activity-damping 0.20 --rational-matrix-policy-group-start 0.02 --rational-matrix-policy-group-end 0.30 --rational-matrix-policy-group-min-scale 0.75 --rational-matrix-policy-group-max-scale 1.35
102,E8_primary_100m_fineweb_m0_100m_seed1337_silu_adamw_lr1em4_wd0p10,E8_primary_100m,fineweb,HuggingFaceFW/fineweb,sample-10BT,text,train,train,210000000,M0,12,768,12,2048,256,16,2,32768,100000000,4000000,3050,50,10,1337,silu_adamw,silu,adamw,0.0001,0.00001,0.10,
103,E8_primary_100m_fineweb_m0_100m_seed1337_silu_muon_lr1em4_wd0p10,E8_primary_100m,fineweb,HuggingFaceFW/fineweb,sample-10BT,text,train,train,210000000,M0,12,768,12,2048,256,16,2,32768,100000000,4000000,3050,50,10,1337,silu_muon,silu,muon,0.0001,0.00001,0.10,--muon-momentum 0.95 --muon-ns-steps 5 --muon-adjust-lr-fn match_rms_adamw
104,E8_primary_100m_fineweb_m0_100m_seed1337_rlb_matrixpolicy_original_lr1em4_wd0p10,E8_primary_100m,fineweb,HuggingFaceFW/fineweb,sample-10BT,text,train,train,210000000,M0,12,768,12,2048,256,16,2,32768,100000000,4000000,3050,50,10,1337,rlb_matrixpolicy_original,rlb_fused_global_rational,rational_matrix_policy_onpolicy,0.0001,0.00001,0.10,--rational-matrix-policy-backbone-optimizer adamw --rational-matrix-policy-adam-lr-scale 3.0 --rational-matrix-policy-group-gain-strength 0.20 --rational-matrix-policy-group-pressure-strength 0.10 --rational-matrix-policy-group-activity-damping 0.20 --rational-matrix-policy-group-start 0.02 --rational-matrix-policy-group-end 0.30 --rational-matrix-policy-group-min-scale 0.75 --rational-matrix-policy-group-max-scale 1.35
105,E8_primary_100m_fineweb_m0_100m_seed1337_silu_adamw_lr1em4_wd0p20,E8_primary_100m,fineweb,HuggingFaceFW/fineweb,sample-10BT,text,train,train,210000000,M0,12,768,12,2048,256,16,2,32768,100000000,4000000,3050,50,10,1337,silu_adamw,silu,adamw,0.0001,0.00001,0.20,
106,E8_primary_100m_fineweb_m0_100m_seed1337_silu_muon_lr1em4_wd0p20,E8_primary_100m,fineweb,HuggingFaceFW/fineweb,sample-10BT,text,train,train,210000000,M0,12,768,12,2048,256,16,2,32768,100000000,4000000,3050,50,10,1337,silu_muon,silu,muon,0.0001,0.00001,0.20,--muon-momentum 0.95 --muon-ns-steps 5 --muon-adjust-lr-fn match_rms_adamw
107,E8_primary_100m_fineweb_m0_100m_seed1337_rlb_matrixpolicy_original_lr1em4_wd0p20,E8_primary_100m,fineweb,HuggingFaceFW/fineweb,sample-10BT,text,train,train,210000000,M0,12,768,12,2048,256,16,2,32768,100000000,4000000,3050,50,10,1337,rlb_matrixpolicy_original,rlb_fused_global_rational,rational_matrix_policy_onpolicy,0.0001,0.00001,0.20,--rational-matrix-policy-backbone-optimizer adamw --rational-matrix-policy-adam-lr-scale 3.0 --rational-matrix-policy-group-gain-strength 0.20 --rational-matrix-policy-group-pressure-strength 0.10 --rational-matrix-policy-group-activity-damping 0.20 --rational-matrix-policy-group-start 0.02 --rational-matrix-policy-group-end 0.30 --rational-matrix-policy-group-min-scale 0.75 --rational-matrix-policy-group-max-scale 1.35
108,E8_primary_100m_fineweb_m0_100m_seed1337_silu_adamw_lr2em4_wd0p00,E8_primary_100m,fineweb,HuggingFaceFW/fineweb,sample-10BT,text,train,train,210000000,M0,12,768,12,2048,256,16,2,32768,100000000,4000000,3050,50,10,1337,silu_adamw,silu,adamw,0.0002,0.00002,0.00,
109,E8_primary_100m_fineweb_m0_100m_seed1337_silu_muon_lr2em4_wd0p00,E8_primary_100m,fineweb,HuggingFaceFW/fineweb,sample-10BT,text,train,train,210000000,M0,12,768,12,2048,256,16,2,32768,100000000,4000000,3050,50,10,1337,silu_muon,silu,muon,0.0002,0.00002,0.00,--muon-momentum 0.95 --muon-ns-steps 5 --muon-adjust-lr-fn match_rms_adamw
110,E8_primary_100m_fineweb_m0_100m_seed1337_rlb_matrixpolicy_original_lr2em4_wd0p00,E8_primary_100m,fineweb,HuggingFaceFW/fineweb,sample-10BT,text,train,train,210000000,M0,12,768,12,2048,256,16,2,32768,100000000,4000000,3050,50,10,1337,rlb_matrixpolicy_original,rlb_fused_global_rational,rational_matrix_policy_onpolicy,0.0002,0.00002,0.00,--rational-matrix-policy-backbone-optimizer adamw --rational-matrix-policy-adam-lr-scale 3.0 --rational-matrix-policy-group-gain-strength 0.20 --rational-matrix-policy-group-pressure-strength 0.10 --rational-matrix-policy-group-activity-damping 0.20 --rational-matrix-policy-group-start 0.02 --rational-matrix-policy-group-end 0.30 --rational-matrix-policy-group-min-scale 0.75 --rational-matrix-policy-group-max-scale 1.35
111,E8_primary_100m_fineweb_m0_100m_seed1337_silu_adamw_lr2em4_wd0p05,E8_primary_100m,fineweb,HuggingFaceFW/fineweb,sample-10BT,text,train,train,210000000,M0,12,768,12,2048,256,16,2,32768,100000000,4000000,3050,50,10,1337,silu_adamw,silu,adamw,0.0002,0.00002,0.05,
112,E8_primary_100m_fineweb_m0_100m_seed1337_silu_muon_lr2em4_wd0p05,E8_primary_100m,fineweb,HuggingFaceFW/fineweb,sample-10BT,text,train,train,210000000,M0,12,768,12,2048,256,16,2,32768,100000000,4000000,3050,50,10,1337,silu_muon,silu,muon,0.0002,0.00002,0.05,--muon-momentum 0.95 --muon-ns-steps 5 --muon-adjust-lr-fn match_rms_adamw
113,E8_primary_100m_fineweb_m0_100m_seed1337_rlb_matrixpolicy_original_lr2em4_wd0p05,E8_primary_100m,fineweb,HuggingFaceFW/fineweb,sample-10BT,text,train,train,210000000,M0,12,768,12,2048,256,16,2,32768,100000000,4000000,3050,50,10,1337,rlb_matrixpolicy_original,rlb_fused_global_rational,rational_matrix_policy_onpolicy,0.0002,0.00002,0.05,--rational-matrix-policy-backbone-optimizer adamw --rational-matrix-policy-adam-lr-scale 3.0 --rational-matrix-policy-group-gain-strength 0.20 --rational-matrix-policy-group-pressure-strength 0.10 --rational-matrix-policy-group-activity-damping 0.20 --rational-matrix-policy-group-start 0.02 --rational-matrix-policy-group-end 0.30 --rational-matrix-policy-group-min-scale 0.75 --rational-matrix-policy-group-max-scale 1.35
114,E8_primary_100m_fineweb_m0_100m_seed1337_silu_adamw_lr2em4_wd0p10,E8_primary_100m,fineweb,HuggingFaceFW/fineweb,sample-10BT,text,train,train,210000000,M0,12,768,12,2048,256,16,2,32768,100000000,4000000,3050,50,10,1337,silu_adamw,silu,adamw,0.0002,0.00002,0.10,
115,E8_primary_100m_fineweb_m0_100m_seed1337_silu_muon_lr2em4_wd0p10,E8_primary_100m,fineweb,HuggingFaceFW/fineweb,sample-10BT,text,train,train,210000000,M0,12,768,12,2048,256,16,2,32768,100000000,4000000,3050,50,10,1337,silu_muon,silu,muon,0.0002,0.00002,0.10,--muon-momentum 0.95 --muon-ns-steps 5 --muon-adjust-lr-fn match_rms_adamw
116,E8_primary_100m_fineweb_m0_100m_seed1337_rlb_matrixpolicy_original_lr2em4_wd0p10,E8_primary_100m,fineweb,HuggingFaceFW/fineweb,sample-10BT,text,train,train,210000000,M0,12,768,12,2048,256,16,2,32768,100000000,4000000,3050,50,10,1337,rlb_matrixpolicy_original,rlb_fused_global_rational,rational_matrix_policy_onpolicy,0.0002,0.00002,0.10,--rational-matrix-policy-backbone-optimizer adamw --rational-matrix-policy-adam-lr-scale 3.0 --rational-matrix-policy-group-gain-strength 0.20 --rational-matrix-policy-group-pressure-strength 0.10 --rational-matrix-policy-group-activity-damping 0.20 --rational-matrix-policy-group-start 0.02 --rational-matrix-policy-group-end 0.30 --rational-matrix-policy-group-min-scale 0.75 --rational-matrix-policy-group-max-scale 1.35
117,E8_primary_100m_fineweb_m0_100m_seed1337_silu_adamw_lr2em4_wd0p20,E8_primary_100m,fineweb,HuggingFaceFW/fineweb,sample-10BT,text,train,train,210000000,M0,12,768,12,2048,256,16,2,32768,100000000,4000000,3050,50,10,1337,silu_adamw,silu,adamw,0.0002,0.00002,0.20,
118,E8_primary_100m_fineweb_m0_100m_seed1337_silu_muon_lr2em4_wd0p20,E8_primary_100m,fineweb,HuggingFaceFW/fineweb,sample-10BT,text,train,train,210000000,M0,12,768,12,2048,256,16,2,32768,100000000,4000000,3050,50,10,1337,silu_muon,silu,muon,0.0002,0.00002,0.20,--muon-momentum 0.95 --muon-ns-steps 5 --muon-adjust-lr-fn match_rms_adamw
119,E8_primary_100m_fineweb_m0_100m_seed1337_rlb_matrixpolicy_original_lr2em4_wd0p20,E8_primary_100m,fineweb,HuggingFaceFW/fineweb,sample-10BT,text,train,train,210000000,M0,12,768,12,2048,256,16,2,32768,100000000,4000000,3050,50,10,1337,rlb_matrixpolicy_original,rlb_fused_global_rational,rational_matrix_policy_onpolicy,0.0002,0.00002,0.20,--rational-matrix-policy-backbone-optimizer adamw --rational-matrix-policy-adam-lr-scale 3.0 --rational-matrix-policy-group-gain-strength 0.20 --rational-matrix-policy-group-pressure-strength 0.10 --rational-matrix-policy-group-activity-damping 0.20 --rational-matrix-policy-group-start 0.02 --rational-matrix-policy-group-end 0.30 --rational-matrix-policy-group-min-scale 0.75 --rational-matrix-policy-group-max-scale 1.35
120,E8_primary_100m_fineweb_m0_100m_seed1337_silu_adamw_lr3em4_wd0p00,E8_primary_100m,fineweb,HuggingFaceFW/fineweb,sample-10BT,text,train,train,210000000,M0,12,768,12,2048,256,16,2,32768,100000000,4000000,3050,50,10,1337,silu_adamw,silu,adamw,0.0003,0.00003,0.00,
121,E8_primary_100m_fineweb_m0_100m_seed1337_silu_muon_lr3em4_wd0p00,E8_primary_100m,fineweb,HuggingFaceFW/fineweb,sample-10BT,text,train,train,210000000,M0,12,768,12,2048,256,16,2,32768,100000000,4000000,3050,50,10,1337,silu_muon,silu,muon,0.0003,0.00003,0.00,--muon-momentum 0.95 --muon-ns-steps 5 --muon-adjust-lr-fn match_rms_adamw
122,E8_primary_100m_fineweb_m0_100m_seed1337_rlb_matrixpolicy_original_lr3em4_wd0p00,E8_primary_100m,fineweb,HuggingFaceFW/fineweb,sample-10BT,text,train,train,210000000,M0,12,768,12,2048,256,16,2,32768,100000000,4000000,3050,50,10,1337,rlb_matrixpolicy_original,rlb_fused_global_rational,rational_matrix_policy_onpolicy,0.0003,0.00003,0.00,--rational-matrix-policy-backbone-optimizer adamw --rational-matrix-policy-adam-lr-scale 3.0 --rational-matrix-policy-group-gain-strength 0.20 --rational-matrix-policy-group-pressure-strength 0.10 --rational-matrix-policy-group-activity-damping 0.20 --rational-matrix-policy-group-start 0.02 --rational-matrix-policy-group-end 0.30 --rational-matrix-policy-group-min-scale 0.75 --rational-matrix-policy-group-max-scale 1.35
123,E8_primary_100m_fineweb_m0_100m_seed1337_silu_adamw_lr3em4_wd0p05,E8_primary_100m,fineweb,HuggingFaceFW/fineweb,sample-10BT,text,train,train,210000000,M0,12,768,12,2048,256,16,2,32768,100000000,4000000,3050,50,10,1337,silu_adamw,silu,adamw,0.0003,0.00003,0.05,
124,E8_primary_100m_fineweb_m0_100m_seed1337_silu_muon_lr3em4_wd0p05,E8_primary_100m,fineweb,HuggingFaceFW/fineweb,sample-10BT,text,train,train,210000000,M0,12,768,12,2048,256,16,2,32768,100000000,4000000,3050,50,10,1337,silu_muon,silu,muon,0.0003,0.00003,0.05,--muon-momentum 0.95 --muon-ns-steps 5 --muon-adjust-lr-fn match_rms_adamw
125,E8_primary_100m_fineweb_m0_100m_seed1337_rlb_matrixpolicy_original_lr3em4_wd0p05,E8_primary_100m,fineweb,HuggingFaceFW/fineweb,sample-10BT,text,train,train,210000000,M0,12,768,12,2048,256,16,2,32768,100000000,4000000,3050,50,10,1337,rlb_matrixpolicy_original,rlb_fused_global_rational,rational_matrix_policy_onpolicy,0.0003,0.00003,0.05,--rational-matrix-policy-backbone-optimizer adamw --rational-matrix-policy-adam-lr-scale 3.0 --rational-matrix-policy-group-gain-strength 0.20 --rational-matrix-policy-group-pressure-strength 0.10 --rational-matrix-policy-group-activity-damping 0.20 --rational-matrix-policy-group-start 0.02 --rational-matrix-policy-group-end 0.30 --rational-matrix-policy-group-min-scale 0.75 --rational-matrix-policy-group-max-scale 1.35
126,E8_primary_100m_fineweb_m0_100m_seed1337_silu_adamw_lr3em4_wd0p10,E8_primary_100m,fineweb,HuggingFaceFW/fineweb,sample-10BT,text,train,train,210000000,M0,12,768,12,2048,256,16,2,32768,100000000,4000000,3050,50,10,1337,silu_adamw,silu,adamw,0.0003,0.00003,0.10,
127,E8_primary_100m_fineweb_m0_100m_seed1337_silu_muon_lr3em4_wd0p10,E8_primary_100m,fineweb,HuggingFaceFW/fineweb,sample-10BT,text,train,train,210000000,M0,12,768,12,2048,256,16,2,32768,100000000,4000000,3050,50,10,1337,silu_muon,silu,muon,0.0003,0.00003,0.10,--muon-momentum 0.95 --muon-ns-steps 5 --muon-adjust-lr-fn match_rms_adamw
128,E8_primary_100m_fineweb_m0_100m_seed1337_rlb_matrixpolicy_original_lr3em4_wd0p10,E8_primary_100m,fineweb,HuggingFaceFW/fineweb,sample-10BT,text,train,train,210000000,M0,12,768,12,2048,256,16,2,32768,100000000,4000000,3050,50,10,1337,rlb_matrixpolicy_original,rlb_fused_global_rational,rational_matrix_policy_onpolicy,0.0003,0.00003,0.10,--rational-matrix-policy-backbone-optimizer adamw --rational-matrix-policy-adam-lr-scale 3.0 --rational-matrix-policy-group-gain-strength 0.20 --rational-matrix-policy-group-pressure-strength 0.10 --rational-matrix-policy-group-activity-damping 0.20 --rational-matrix-policy-group-start 0.02 --rational-matrix-policy-group-end 0.30 --rational-matrix-policy-group-min-scale 0.75 --rational-matrix-policy-group-max-scale 1.35
129,E8_primary_100m_fineweb_m0_100m_seed1337_silu_adamw_lr3em4_wd0p20,E8_primary_100m,fineweb,HuggingFaceFW/fineweb,sample-10BT,text,train,train,210000000,M0,12,768,12,2048,256,16,2,32768,100000000,4000000,3050,50,10,1337,silu_adamw,silu,adamw,0.0003,0.00003,0.20,
130,E8_primary_100m_fineweb_m0_100m_seed1337_silu_muon_lr3em4_wd0p20,E8_primary_100m,fineweb,HuggingFaceFW/fineweb,sample-10BT,text,train,train,210000000,M0,12,768,12,2048,256,16,2,32768,100000000,4000000,3050,50,10,1337,silu_muon,silu,muon,0.0003,0.00003,0.20,--muon-momentum 0.95 --muon-ns-steps 5 --muon-adjust-lr-fn match_rms_adamw
131,E8_primary_100m_fineweb_m0_100m_seed1337_rlb_matrixpolicy_original_lr3em4_wd0p20,E8_primary_100m,fineweb,HuggingFaceFW/fineweb,sample-10BT,text,train,train,210000000,M0,12,768,12,2048,256,16,2,32768,100000000,4000000,3050,50,10,1337,rlb_matrixpolicy_original,rlb_fused_global_rational,rational_matrix_policy_onpolicy,0.0003,0.00003,0.20,--rational-matrix-policy-backbone-optimizer adamw --rational-matrix-policy-adam-lr-scale 3.0 --rational-matrix-policy-group-gain-strength 0.20 --rational-matrix-policy-group-pressure-strength 0.10 --rational-matrix-policy-group-activity-damping 0.20 --rational-matrix-policy-group-start 0.02 --rational-matrix-policy-group-end 0.30 --rational-matrix-policy-group-min-scale 0.75 --rational-matrix-policy-group-max-scale 1.35
132,E8_primary_100m_fineweb_m0_100m_seed1337_silu_adamw_lr5em4_wd0p00,E8_primary_100m,fineweb,HuggingFaceFW/fineweb,sample-10BT,text,train,train,210000000,M0,12,768,12,2048,256,16,2,32768,100000000,4000000,3050,50,10,1337,silu_adamw,silu,adamw,0.0005,0.00005,0.00,
133,E8_primary_100m_fineweb_m0_100m_seed1337_silu_muon_lr5em4_wd0p00,E8_primary_100m,fineweb,HuggingFaceFW/fineweb,sample-10BT,text,train,train,210000000,M0,12,768,12,2048,256,16,2,32768,100000000,4000000,3050,50,10,1337,silu_muon,silu,muon,0.0005,0.00005,0.00,--muon-momentum 0.95 --muon-ns-steps 5 --muon-adjust-lr-fn match_rms_adamw
134,E8_primary_100m_fineweb_m0_100m_seed1337_rlb_matrixpolicy_original_lr5em4_wd0p00,E8_primary_100m,fineweb,HuggingFaceFW/fineweb,sample-10BT,text,train,train,210000000,M0,12,768,12,2048,256,16,2,32768,100000000,4000000,3050,50,10,1337,rlb_matrixpolicy_original,rlb_fused_global_rational,rational_matrix_policy_onpolicy,0.0005,0.00005,0.00,--rational-matrix-policy-backbone-optimizer adamw --rational-matrix-policy-adam-lr-scale 3.0 --rational-matrix-policy-group-gain-strength 0.20 --rational-matrix-policy-group-pressure-strength 0.10 --rational-matrix-policy-group-activity-damping 0.20 --rational-matrix-policy-group-start 0.02 --rational-matrix-policy-group-end 0.30 --rational-matrix-policy-group-min-scale 0.75 --rational-matrix-policy-group-max-scale 1.35
135,E8_primary_100m_fineweb_m0_100m_seed1337_silu_adamw_lr5em4_wd0p05,E8_primary_100m,fineweb,HuggingFaceFW/fineweb,sample-10BT,text,train,train,210000000,M0,12,768,12,2048,256,16,2,32768,100000000,4000000,3050,50,10,1337,silu_adamw,silu,adamw,0.0005,0.00005,0.05,
136,E8_primary_100m_fineweb_m0_100m_seed1337_silu_muon_lr5em4_wd0p05,E8_primary_100m,fineweb,HuggingFaceFW/fineweb,sample-10BT,text,train,train,210000000,M0,12,768,12,2048,256,16,2,32768,100000000,4000000,3050,50,10,1337,silu_muon,silu,muon,0.0005,0.00005,0.05,--muon-momentum 0.95 --muon-ns-steps 5 --muon-adjust-lr-fn match_rms_adamw
137,E8_primary_100m_fineweb_m0_100m_seed1337_rlb_matrixpolicy_original_lr5em4_wd0p05,E8_primary_100m,fineweb,HuggingFaceFW/fineweb,sample-10BT,text,train,train,210000000,M0,12,768,12,2048,256,16,2,32768,100000000,4000000,3050,50,10,1337,rlb_matrixpolicy_original,rlb_fused_global_rational,rational_matrix_policy_onpolicy,0.0005,0.00005,0.05,--rational-matrix-policy-backbone-optimizer adamw --rational-matrix-policy-adam-lr-scale 3.0 --rational-matrix-policy-group-gain-strength 0.20 --rational-matrix-policy-group-pressure-strength 0.10 --rational-matrix-policy-group-activity-damping 0.20 --rational-matrix-policy-group-start 0.02 --rational-matrix-policy-group-end 0.30 --rational-matrix-policy-group-min-scale 0.75 --rational-matrix-policy-group-max-scale 1.35
138,E8_primary_100m_fineweb_m0_100m_seed1337_silu_adamw_lr5em4_wd0p10,E8_primary_100m,fineweb,HuggingFaceFW/fineweb,sample-10BT,text,train,train,210000000,M0,12,768,12,2048,256,16,2,32768,100000000,4000000,3050,50,10,1337,silu_adamw,silu,adamw,0.0005,0.00005,0.10,
139,E8_primary_100m_fineweb_m0_100m_seed1337_silu_muon_lr5em4_wd0p10,E8_primary_100m,fineweb,HuggingFaceFW/fineweb,sample-10BT,text,train,train,210000000,M0,12,768,12,2048,256,16,2,32768,100000000,4000000,3050,50,10,1337,silu_muon,silu,muon,0.0005,0.00005,0.10,--muon-momentum 0.95 --muon-ns-steps 5 --muon-adjust-lr-fn match_rms_adamw
140,E8_primary_100m_fineweb_m0_100m_seed1337_rlb_matrixpolicy_original_lr5em4_wd0p10,E8_primary_100m,fineweb,HuggingFaceFW/fineweb,sample-10BT,text,train,train,210000000,M0,12,768,12,2048,256,16,2,32768,100000000,4000000,3050,50,10,1337,rlb_matrixpolicy_original,rlb_fused_global_rational,rational_matrix_policy_onpolicy,0.0005,0.00005,0.10,--rational-matrix-policy-backbone-optimizer adamw --rational-matrix-policy-adam-lr-scale 3.0 --rational-matrix-policy-group-gain-strength 0.20 --rational-matrix-policy-group-pressure-strength 0.10 --rational-matrix-policy-group-activity-damping 0.20 --rational-matrix-policy-group-start 0.02 --rational-matrix-policy-group-end 0.30 --rational-matrix-policy-group-min-scale 0.75 --rational-matrix-policy-group-max-scale 1.35
141,E8_primary_100m_fineweb_m0_100m_seed1337_silu_adamw_lr5em4_wd0p20,E8_primary_100m,fineweb,HuggingFaceFW/fineweb,sample-10BT,text,train,train,210000000,M0,12,768,12,2048,256,16,2,32768,100000000,4000000,3050,50,10,1337,silu_adamw,silu,adamw,0.0005,0.00005,0.20,
142,E8_primary_100m_fineweb_m0_100m_seed1337_silu_muon_lr5em4_wd0p20,E8_primary_100m,fineweb,HuggingFaceFW/fineweb,sample-10BT,text,train,train,210000000,M0,12,768,12,2048,256,16,2,32768,100000000,4000000,3050,50,10,1337,silu_muon,silu,muon,0.0005,0.00005,0.20,--muon-momentum 0.95 --muon-ns-steps 5 --muon-adjust-lr-fn match_rms_adamw
143,E8_primary_100m_fineweb_m0_100m_seed1337_rlb_matrixpolicy_original_lr5em4_wd0p20,E8_primary_100m,fineweb,HuggingFaceFW/fineweb,sample-10BT,text,train,train,210000000,M0,12,768,12,2048,256,16,2,32768,100000000,4000000,3050,50,10,1337,rlb_matrixpolicy_original,rlb_fused_global_rational,rational_matrix_policy_onpolicy,0.0005,0.00005,0.20,--rational-matrix-policy-backbone-optimizer adamw --rational-matrix-policy-adam-lr-scale 3.0 --rational-matrix-policy-group-gain-strength 0.20 --rational-matrix-policy-group-pressure-strength 0.10 --rational-matrix-policy-group-activity-damping 0.20 --rational-matrix-policy-group-start 0.02 --rational-matrix-policy-group-end 0.30 --rational-matrix-policy-group-min-scale 0.75 --rational-matrix-policy-group-max-scale 1.35
144,E8_primary_100m_dolma_sample_m0_100m_seed1337_silu_adamw_lr1em4_wd0p00,E8_primary_100m,dolma_sample,allenai/dolma,v1_6-sample,text,train,train,210000000,M0,12,768,12,2048,256,16,2,32768,100000000,4000000,3050,50,10,1337,silu_adamw,silu,adamw,0.0001,0.00001,0.00,
145,E8_primary_100m_dolma_sample_m0_100m_seed1337_silu_muon_lr1em4_wd0p00,E8_primary_100m,dolma_sample,allenai/dolma,v1_6-sample,text,train,train,210000000,M0,12,768,12,2048,256,16,2,32768,100000000,4000000,3050,50,10,1337,silu_muon,silu,muon,0.0001,0.00001,0.00,--muon-momentum 0.95 --muon-ns-steps 5 --muon-adjust-lr-fn match_rms_adamw
146,E8_primary_100m_dolma_sample_m0_100m_seed1337_rlb_matrixpolicy_original_lr1em4_wd0p00,E8_primary_100m,dolma_sample,allenai/dolma,v1_6-sample,text,train,train,210000000,M0,12,768,12,2048,256,16,2,32768,100000000,4000000,3050,50,10,1337,rlb_matrixpolicy_original,rlb_fused_global_rational,rational_matrix_policy_onpolicy,0.0001,0.00001,0.00,--rational-matrix-policy-backbone-optimizer adamw --rational-matrix-policy-adam-lr-scale 3.0 --rational-matrix-policy-group-gain-strength 0.20 --rational-matrix-policy-group-pressure-strength 0.10 --rational-matrix-policy-group-activity-damping 0.20 --rational-matrix-policy-group-start 0.02 --rational-matrix-policy-group-end 0.30 --rational-matrix-policy-group-min-scale 0.75 --rational-matrix-policy-group-max-scale 1.35
147,E8_primary_100m_dolma_sample_m0_100m_seed1337_silu_adamw_lr1em4_wd0p05,E8_primary_100m,dolma_sample,allenai/dolma,v1_6-sample,text,train,train,210000000,M0,12,768,12,2048,256,16,2,32768,100000000,4000000,3050,50,10,1337,silu_adamw,silu,adamw,0.0001,0.00001,0.05,
148,E8_primary_100m_dolma_sample_m0_100m_seed1337_silu_muon_lr1em4_wd0p05,E8_primary_100m,dolma_sample,allenai/dolma,v1_6-sample,text,train,train,210000000,M0,12,768,12,2048,256,16,2,32768,100000000,4000000,3050,50,10,1337,silu_muon,silu,muon,0.0001,0.00001,0.05,--muon-momentum 0.95 --muon-ns-steps 5 --muon-adjust-lr-fn match_rms_adamw
149,E8_primary_100m_dolma_sample_m0_100m_seed1337_rlb_matrixpolicy_original_lr1em4_wd0p05,E8_primary_100m,dolma_sample,allenai/dolma,v1_6-sample,text,train,train,210000000,M0,12,768,12,2048,256,16,2,32768,100000000,4000000,3050,50,10,1337,rlb_matrixpolicy_original,rlb_fused_global_rational,rational_matrix_policy_onpolicy,0.0001,0.00001,0.05,--rational-matrix-policy-backbone-optimizer adamw --rational-matrix-policy-adam-lr-scale 3.0 --rational-matrix-policy-group-gain-strength 0.20 --rational-matrix-policy-group-pressure-strength 0.10 --rational-matrix-policy-group-activity-damping 0.20 --rational-matrix-policy-group-start 0.02 --rational-matrix-policy-group-end 0.30 --rational-matrix-policy-group-min-scale 0.75 --rational-matrix-policy-group-max-scale 1.35
150,E8_primary_100m_dolma_sample_m0_100m_seed1337_silu_adamw_lr1em4_wd0p10,E8_primary_100m,dolma_sample,allenai/dolma,v1_6-sample,text,train,train,210000000,M0,12,768,12,2048,256,16,2,32768,100000000,4000000,3050,50,10,1337,silu_adamw,silu,adamw,0.0001,0.00001,0.10,
151,E8_primary_100m_dolma_sample_m0_100m_seed1337_silu_muon_lr1em4_wd0p10,E8_primary_100m,dolma_sample,allenai/dolma,v1_6-sample,text,train,train,210000000,M0,12,768,12,2048,256,16,2,32768,100000000,4000000,3050,50,10,1337,silu_muon,silu,muon,0.0001,0.00001,0.10,--muon-momentum 0.95 --muon-ns-steps 5 --muon-adjust-lr-fn match_rms_adamw
152,E8_primary_100m_dolma_sample_m0_100m_seed1337_rlb_matrixpolicy_original_lr1em4_wd0p10,E8_primary_100m,dolma_sample,allenai/dolma,v1_6-sample,text,train,train,210000000,M0,12,768,12,2048,256,16,2,32768,100000000,4000000,3050,50,10,1337,rlb_matrixpolicy_original,rlb_fused_global_rational,rational_matrix_policy_onpolicy,0.0001,0.00001,0.10,--rational-matrix-policy-backbone-optimizer adamw --rational-matrix-policy-adam-lr-scale 3.0 --rational-matrix-policy-group-gain-strength 0.20 --rational-matrix-policy-group-pressure-strength 0.10 --rational-matrix-policy-group-activity-damping 0.20 --rational-matrix-policy-group-start 0.02 --rational-matrix-policy-group-end 0.30 --rational-matrix-policy-group-min-scale 0.75 --rational-matrix-policy-group-max-scale 1.35
153,E8_primary_100m_dolma_sample_m0_100m_seed1337_silu_adamw_lr1em4_wd0p20,E8_primary_100m,dolma_sample,allenai/dolma,v1_6-sample,text,train,train,210000000,M0,12,768,12,2048,256,16,2,32768,100000000,4000000,3050,50,10,1337,silu_adamw,silu,adamw,0.0001,0.00001,0.20,
154,E8_primary_100m_dolma_sample_m0_100m_seed1337_silu_muon_lr1em4_wd0p20,E8_primary_100m,dolma_sample,allenai/dolma,v1_6-sample,text,train,train,210000000,M0,12,768,12,2048,256,16,2,32768,100000000,4000000,3050,50,10,1337,silu_muon,silu,muon,0.0001,0.00001,0.20,--muon-momentum 0.95 --muon-ns-steps 5 --muon-adjust-lr-fn match_rms_adamw
155,E8_primary_100m_dolma_sample_m0_100m_seed1337_rlb_matrixpolicy_original_lr1em4_wd0p20,E8_primary_100m,dolma_sample,allenai/dolma,v1_6-sample,text,train,train,210000000,M0,12,768,12,2048,256,16,2,32768,100000000,4000000,3050,50,10,1337,rlb_matrixpolicy_original,rlb_fused_global_rational,rational_matrix_policy_onpolicy,0.0001,0.00001,0.20,--rational-matrix-policy-backbone-optimizer adamw --rational-matrix-policy-adam-lr-scale 3.0 --rational-matrix-policy-group-gain-strength 0.20 --rational-matrix-policy-group-pressure-strength 0.10 --rational-matrix-policy-group-activity-damping 0.20 --rational-matrix-policy-group-start 0.02 --rational-matrix-policy-group-end 0.30 --rational-matrix-policy-group-min-scale 0.75 --rational-matrix-policy-group-max-scale 1.35
156,E8_primary_100m_dolma_sample_m0_100m_seed1337_silu_adamw_lr2em4_wd0p00,E8_primary_100m,dolma_sample,allenai/dolma,v1_6-sample,text,train,train,210000000,M0,12,768,12,2048,256,16,2,32768,100000000,4000000,3050,50,10,1337,silu_adamw,silu,adamw,0.0002,0.00002,0.00,
157,E8_primary_100m_dolma_sample_m0_100m_seed1337_silu_muon_lr2em4_wd0p00,E8_primary_100m,dolma_sample,allenai/dolma,v1_6-sample,text,train,train,210000000,M0,12,768,12,2048,256,16,2,32768,100000000,4000000,3050,50,10,1337,silu_muon,silu,muon,0.0002,0.00002,0.00,--muon-momentum 0.95 --muon-ns-steps 5 --muon-adjust-lr-fn match_rms_adamw
158,E8_primary_100m_dolma_sample_m0_100m_seed1337_rlb_matrixpolicy_original_lr2em4_wd0p00,E8_primary_100m,dolma_sample,allenai/dolma,v1_6-sample,text,train,train,210000000,M0,12,768,12,2048,256,16,2,32768,100000000,4000000,3050,50,10,1337,rlb_matrixpolicy_original,rlb_fused_global_rational,rational_matrix_policy_onpolicy,0.0002,0.00002,0.00,--rational-matrix-policy-backbone-optimizer adamw --rational-matrix-policy-adam-lr-scale 3.0 --rational-matrix-policy-group-gain-strength 0.20 --rational-matrix-policy-group-pressure-strength 0.10 --rational-matrix-policy-group-activity-damping 0.20 --rational-matrix-policy-group-start 0.02 --rational-matrix-policy-group-end 0.30 --rational-matrix-policy-group-min-scale 0.75 --rational-matrix-policy-group-max-scale 1.35
159,E8_primary_100m_dolma_sample_m0_100m_seed1337_silu_adamw_lr2em4_wd0p05,E8_primary_100m,dolma_sample,allenai/dolma,v1_6-sample,text,train,train,210000000,M0,12,768,12,2048,256,16,2,32768,100000000,4000000,3050,50,10,1337,silu_adamw,silu,adamw,0.0002,0.00002,0.05,
160,E8_primary_100m_dolma_sample_m0_100m_seed1337_silu_muon_lr2em4_wd0p05,E8_primary_100m,dolma_sample,allenai/dolma,v1_6-sample,text,train,train,210000000,M0,12,768,12,2048,256,16,2,32768,100000000,4000000,3050,50,10,1337,silu_muon,silu,muon,0.0002,0.00002,0.05,--muon-momentum 0.95 --muon-ns-steps 5 --muon-adjust-lr-fn match_rms_adamw
161,E8_primary_100m_dolma_sample_m0_100m_seed1337_rlb_matrixpolicy_original_lr2em4_wd0p05,E8_primary_100m,dolma_sample,allenai/dolma,v1_6-sample,text,train,train,210000000,M0,12,768,12,2048,256,16,2,32768,100000000,4000000,3050,50,10,1337,rlb_matrixpolicy_original,rlb_fused_global_rational,rational_matrix_policy_onpolicy,0.0002,0.00002,0.05,--rational-matrix-policy-backbone-optimizer adamw --rational-matrix-policy-adam-lr-scale 3.0 --rational-matrix-policy-group-gain-strength 0.20 --rational-matrix-policy-group-pressure-strength 0.10 --rational-matrix-policy-group-activity-damping 0.20 --rational-matrix-policy-group-start 0.02 --rational-matrix-policy-group-end 0.30 --rational-matrix-policy-group-min-scale 0.75 --rational-matrix-policy-group-max-scale 1.35
162,E8_primary_100m_dolma_sample_m0_100m_seed1337_silu_adamw_lr2em4_wd0p10,E8_primary_100m,dolma_sample,allenai/dolma,v1_6-sample,text,train,train,210000000,M0,12,768,12,2048,256,16,2,32768,100000000,4000000,3050,50,10,1337,silu_adamw,silu,adamw,0.0002,0.00002,0.10,
163,E8_primary_100m_dolma_sample_m0_100m_seed1337_silu_muon_lr2em4_wd0p10,E8_primary_100m,dolma_sample,allenai/dolma,v1_6-sample,text,train,train,210000000,M0,12,768,12,2048,256,16,2,32768,100000000,4000000,3050,50,10,1337,silu_muon,silu,muon,0.0002,0.00002,0.10,--muon-momentum 0.95 --muon-ns-steps 5 --muon-adjust-lr-fn match_rms_adamw
164,E8_primary_100m_dolma_sample_m0_100m_seed1337_rlb_matrixpolicy_original_lr2em4_wd0p10,E8_primary_100m,dolma_sample,allenai/dolma,v1_6-sample,text,train,train,210000000,M0,12,768,12,2048,256,16,2,32768,100000000,4000000,3050,50,10,1337,rlb_matrixpolicy_original,rlb_fused_global_rational,rational_matrix_policy_onpolicy,0.0002,0.00002,0.10,--rational-matrix-policy-backbone-optimizer adamw --rational-matrix-policy-adam-lr-scale 3.0 --rational-matrix-policy-group-gain-strength 0.20 --rational-matrix-policy-group-pressure-strength 0.10 --rational-matrix-policy-group-activity-damping 0.20 --rational-matrix-policy-group-start 0.02 --rational-matrix-policy-group-end 0.30 --rational-matrix-policy-group-min-scale 0.75 --rational-matrix-policy-group-max-scale 1.35
165,E8_primary_100m_dolma_sample_m0_100m_seed1337_silu_adamw_lr2em4_wd0p20,E8_primary_100m,dolma_sample,allenai/dolma,v1_6-sample,text,train,train,210000000,M0,12,768,12,2048,256,16,2,32768,100000000,4000000,3050,50,10,1337,silu_adamw,silu,adamw,0.0002,0.00002,0.20,
166,E8_primary_100m_dolma_sample_m0_100m_seed1337_silu_muon_lr2em4_wd0p20,E8_primary_100m,dolma_sample,allenai/dolma,v1_6-sample,text,train,train,210000000,M0,12,768,12,2048,256,16,2,32768,100000000,4000000,3050,50,10,1337,silu_muon,silu,muon,0.0002,0.00002,0.20,--muon-momentum 0.95 --muon-ns-steps 5 --muon-adjust-lr-fn match_rms_adamw
167,E8_primary_100m_dolma_sample_m0_100m_seed1337_rlb_matrixpolicy_original_lr2em4_wd0p20,E8_primary_100m,dolma_sample,allenai/dolma,v1_6-sample,text,train,train,210000000,M0,12,768,12,2048,256,16,2,32768,100000000,4000000,3050,50,10,1337,rlb_matrixpolicy_original,rlb_fused_global_rational,rational_matrix_policy_onpolicy,0.0002,0.00002,0.20,--rational-matrix-policy-backbone-optimizer adamw --rational-matrix-policy-adam-lr-scale 3.0 --rational-matrix-policy-group-gain-strength 0.20 --rational-matrix-policy-group-pressure-strength 0.10 --rational-matrix-policy-group-activity-damping 0.20 --rational-matrix-policy-group-start 0.02 --rational-matrix-policy-group-end 0.30 --rational-matrix-policy-group-min-scale 0.75 --rational-matrix-policy-group-max-scale 1.35
168,E8_primary_100m_dolma_sample_m0_100m_seed1337_silu_adamw_lr3em4_wd0p00,E8_primary_100m,dolma_sample,allenai/dolma,v1_6-sample,text,train,train,210000000,M0,12,768,12,2048,256,16,2,32768,100000000,4000000,3050,50,10,1337,silu_adamw,silu,adamw,0.0003,0.00003,0.00,
169,E8_primary_100m_dolma_sample_m0_100m_seed1337_silu_muon_lr3em4_wd0p00,E8_primary_100m,dolma_sample,allenai/dolma,v1_6-sample,text,train,train,210000000,M0,12,768,12,2048,256,16,2,32768,100000000,4000000,3050,50,10,1337,silu_muon,silu,muon,0.0003,0.00003,0.00,--muon-momentum 0.95 --muon-ns-steps 5 --muon-adjust-lr-fn match_rms_adamw
170,E8_primary_100m_dolma_sample_m0_100m_seed1337_rlb_matrixpolicy_original_lr3em4_wd0p00,E8_primary_100m,dolma_sample,allenai/dolma,v1_6-sample,text,train,train,210000000,M0,12,768,12,2048,256,16,2,32768,100000000,4000000,3050,50,10,1337,rlb_matrixpolicy_original,rlb_fused_global_rational,rational_matrix_policy_onpolicy,0.0003,0.00003,0.00,--rational-matrix-policy-backbone-optimizer adamw --rational-matrix-policy-adam-lr-scale 3.0 --rational-matrix-policy-group-gain-strength 0.20 --rational-matrix-policy-group-pressure-strength 0.10 --rational-matrix-policy-group-activity-damping 0.20 --rational-matrix-policy-group-start 0.02 --rational-matrix-policy-group-end 0.30 --rational-matrix-policy-group-min-scale 0.75 --rational-matrix-policy-group-max-scale 1.35
171,E8_primary_100m_dolma_sample_m0_100m_seed1337_silu_adamw_lr3em4_wd0p05,E8_primary_100m,dolma_sample,allenai/dolma,v1_6-sample,text,train,train,210000000,M0,12,768,12,2048,256,16,2,32768,100000000,4000000,3050,50,10,1337,silu_adamw,silu,adamw,0.0003,0.00003,0.05,
172,E8_primary_100m_dolma_sample_m0_100m_seed1337_silu_muon_lr3em4_wd0p05,E8_primary_100m,dolma_sample,allenai/dolma,v1_6-sample,text,train,train,210000000,M0,12,768,12,2048,256,16,2,32768,100000000,4000000,3050,50,10,1337,silu_muon,silu,muon,0.0003,0.00003,0.05,--muon-momentum 0.95 --muon-ns-steps 5 --muon-adjust-lr-fn match_rms_adamw
173,E8_primary_100m_dolma_sample_m0_100m_seed1337_rlb_matrixpolicy_original_lr3em4_wd0p05,E8_primary_100m,dolma_sample,allenai/dolma,v1_6-sample,text,train,train,210000000,M0,12,768,12,2048,256,16,2,32768,100000000,4000000,3050,50,10,1337,rlb_matrixpolicy_original,rlb_fused_global_rational,rational_matrix_policy_onpolicy,0.0003,0.00003,0.05,--rational-matrix-policy-backbone-optimizer adamw --rational-matrix-policy-adam-lr-scale 3.0 --rational-matrix-policy-group-gain-strength 0.20 --rational-matrix-policy-group-pressure-strength 0.10 --rational-matrix-policy-group-activity-damping 0.20 --rational-matrix-policy-group-start 0.02 --rational-matrix-policy-group-end 0.30 --rational-matrix-policy-group-min-scale 0.75 --rational-matrix-policy-group-max-scale 1.35
174,E8_primary_100m_dolma_sample_m0_100m_seed1337_silu_adamw_lr3em4_wd0p10,E8_primary_100m,dolma_sample,allenai/dolma,v1_6-sample,text,train,train,210000000,M0,12,768,12,2048,256,16,2,32768,100000000,4000000,3050,50,10,1337,silu_adamw,silu,adamw,0.0003,0.00003,0.10,
175,E8_primary_100m_dolma_sample_m0_100m_seed1337_silu_muon_lr3em4_wd0p10,E8_primary_100m,dolma_sample,allenai/dolma,v1_6-sample,text,train,train,210000000,M0,12,768,12,2048,256,16,2,32768,100000000,4000000,3050,50,10,1337,silu_muon,silu,muon,0.0003,0.00003,0.10,--muon-momentum 0.95 --muon-ns-steps 5 --muon-adjust-lr-fn match_rms_adamw
176,E8_primary_100m_dolma_sample_m0_100m_seed1337_rlb_matrixpolicy_original_lr3em4_wd0p10,E8_primary_100m,dolma_sample,allenai/dolma,v1_6-sample,text,train,train,210000000,M0,12,768,12,2048,256,16,2,32768,100000000,4000000,3050,50,10,1337,rlb_matrixpolicy_original,rlb_fused_global_rational,rational_matrix_policy_onpolicy,0.0003,0.00003,0.10,--rational-matrix-policy-backbone-optimizer adamw --rational-matrix-policy-adam-lr-scale 3.0 --rational-matrix-policy-group-gain-strength 0.20 --rational-matrix-policy-group-pressure-strength 0.10 --rational-matrix-policy-group-activity-damping 0.20 --rational-matrix-policy-group-start 0.02 --rational-matrix-policy-group-end 0.30 --rational-matrix-policy-group-min-scale 0.75 --rational-matrix-policy-group-max-scale 1.35
177,E8_primary_100m_dolma_sample_m0_100m_seed1337_silu_adamw_lr3em4_wd0p20,E8_primary_100m,dolma_sample,allenai/dolma,v1_6-sample,text,train,train,210000000,M0,12,768,12,2048,256,16,2,32768,100000000,4000000,3050,50,10,1337,silu_adamw,silu,adamw,0.0003,0.00003,0.20,
178,E8_primary_100m_dolma_sample_m0_100m_seed1337_silu_muon_lr3em4_wd0p20,E8_primary_100m,dolma_sample,allenai/dolma,v1_6-sample,text,train,train,210000000,M0,12,768,12,2048,256,16,2,32768,100000000,4000000,3050,50,10,1337,silu_muon,silu,muon,0.0003,0.00003,0.20,--muon-momentum 0.95 --muon-ns-steps 5 --muon-adjust-lr-fn match_rms_adamw
179,E8_primary_100m_dolma_sample_m0_100m_seed1337_rlb_matrixpolicy_original_lr3em4_wd0p20,E8_primary_100m,dolma_sample,allenai/dolma,v1_6-sample,text,train,train,210000000,M0,12,768,12,2048,256,16,2,32768,100000000,4000000,3050,50,10,1337,rlb_matrixpolicy_original,rlb_fused_global_rational,rational_matrix_policy_onpolicy,0.0003,0.00003,0.20,--rational-matrix-policy-backbone-optimizer adamw --rational-matrix-policy-adam-lr-scale 3.0 --rational-matrix-policy-group-gain-strength 0.20 --rational-matrix-policy-group-pressure-strength 0.10 --rational-matrix-policy-group-activity-damping 0.20 --rational-matrix-policy-group-start 0.02 --rational-matrix-policy-group-end 0.30 --rational-matrix-policy-group-min-scale 0.75 --rational-matrix-policy-group-max-scale 1.35
180,E8_primary_100m_dolma_sample_m0_100m_seed1337_silu_adamw_lr5em4_wd0p00,E8_primary_100m,dolma_sample,allenai/dolma,v1_6-sample,text,train,train,210000000,M0,12,768,12,2048,256,16,2,32768,100000000,4000000,3050,50,10,1337,silu_adamw,silu,adamw,0.0005,0.00005,0.00,
181,E8_primary_100m_dolma_sample_m0_100m_seed1337_silu_muon_lr5em4_wd0p00,E8_primary_100m,dolma_sample,allenai/dolma,v1_6-sample,text,train,train,210000000,M0,12,768,12,2048,256,16,2,32768,100000000,4000000,3050,50,10,1337,silu_muon,silu,muon,0.0005,0.00005,0.00,--muon-momentum 0.95 --muon-ns-steps 5 --muon-adjust-lr-fn match_rms_adamw
182,E8_primary_100m_dolma_sample_m0_100m_seed1337_rlb_matrixpolicy_original_lr5em4_wd0p00,E8_primary_100m,dolma_sample,allenai/dolma,v1_6-sample,text,train,train,210000000,M0,12,768,12,2048,256,16,2,32768,100000000,4000000,3050,50,10,1337,rlb_matrixpolicy_original,rlb_fused_global_rational,rational_matrix_policy_onpolicy,0.0005,0.00005,0.00,--rational-matrix-policy-backbone-optimizer adamw --rational-matrix-policy-adam-lr-scale 3.0 --rational-matrix-policy-group-gain-strength 0.20 --rational-matrix-policy-group-pressure-strength 0.10 --rational-matrix-policy-group-activity-damping 0.20 --rational-matrix-policy-group-start 0.02 --rational-matrix-policy-group-end 0.30 --rational-matrix-policy-group-min-scale 0.75 --rational-matrix-policy-group-max-scale 1.35
183,E8_primary_100m_dolma_sample_m0_100m_seed1337_silu_adamw_lr5em4_wd0p05,E8_primary_100m,dolma_sample,allenai/dolma,v1_6-sample,text,train,train,210000000,M0,12,768,12,2048,256,16,2,32768,100000000,4000000,3050,50,10,1337,silu_adamw,silu,adamw,0.0005,0.00005,0.05,
184,E8_primary_100m_dolma_sample_m0_100m_seed1337_silu_muon_lr5em4_wd0p05,E8_primary_100m,dolma_sample,allenai/dolma,v1_6-sample,text,train,train,210000000,M0,12,768,12,2048,256,16,2,32768,100000000,4000000,3050,50,10,1337,silu_muon,silu,muon,0.0005,0.00005,0.05,--muon-momentum 0.95 --muon-ns-steps 5 --muon-adjust-lr-fn match_rms_adamw
185,E8_primary_100m_dolma_sample_m0_100m_seed1337_rlb_matrixpolicy_original_lr5em4_wd0p05,E8_primary_100m,dolma_sample,allenai/dolma,v1_6-sample,text,train,train,210000000,M0,12,768,12,2048,256,16,2,32768,100000000,4000000,3050,50,10,1337,rlb_matrixpolicy_original,rlb_fused_global_rational,rational_matrix_policy_onpolicy,0.0005,0.00005,0.05,--rational-matrix-policy-backbone-optimizer adamw --rational-matrix-policy-adam-lr-scale 3.0 --rational-matrix-policy-group-gain-strength 0.20 --rational-matrix-policy-group-pressure-strength 0.10 --rational-matrix-policy-group-activity-damping 0.20 --rational-matrix-policy-group-start 0.02 --rational-matrix-policy-group-end 0.30 --rational-matrix-policy-group-min-scale 0.75 --rational-matrix-policy-group-max-scale 1.35
186,E8_primary_100m_dolma_sample_m0_100m_seed1337_silu_adamw_lr5em4_wd0p10,E8_primary_100m,dolma_sample,allenai/dolma,v1_6-sample,text,train,train,210000000,M0,12,768,12,2048,256,16,2,32768,100000000,4000000,3050,50,10,1337,silu_adamw,silu,adamw,0.0005,0.00005,0.10,
187,E8_primary_100m_dolma_sample_m0_100m_seed1337_silu_muon_lr5em4_wd0p10,E8_primary_100m,dolma_sample,allenai/dolma,v1_6-sample,text,train,train,210000000,M0,12,768,12,2048,256,16,2,32768,100000000,4000000,3050,50,10,1337,silu_muon,silu,muon,0.0005,0.00005,0.10,--muon-momentum 0.95 --muon-ns-steps 5 --muon-adjust-lr-fn match_rms_adamw
188,E8_primary_100m_dolma_sample_m0_100m_seed1337_rlb_matrixpolicy_original_lr5em4_wd0p10,E8_primary_100m,dolma_sample,allenai/dolma,v1_6-sample,text,train,train,210000000,M0,12,768,12,2048,256,16,2,32768,100000000,4000000,3050,50,10,1337,rlb_matrixpolicy_original,rlb_fused_global_rational,rational_matrix_policy_onpolicy,0.0005,0.00005,0.10,--rational-matrix-policy-backbone-optimizer adamw --rational-matrix-policy-adam-lr-scale 3.0 --rational-matrix-policy-group-gain-strength 0.20 --rational-matrix-policy-group-pressure-strength 0.10 --rational-matrix-policy-group-activity-damping 0.20 --rational-matrix-policy-group-start 0.02 --rational-matrix-policy-group-end 0.30 --rational-matrix-policy-group-min-scale 0.75 --rational-matrix-policy-group-max-scale 1.35
189,E8_primary_100m_dolma_sample_m0_100m_seed1337_silu_adamw_lr5em4_wd0p20,E8_primary_100m,dolma_sample,allenai/dolma,v1_6-sample,text,train,train,210000000,M0,12,768,12,2048,256,16,2,32768,100000000,4000000,3050,50,10,1337,silu_adamw,silu,adamw,0.0005,0.00005,0.20,
190,E8_primary_100m_dolma_sample_m0_100m_seed1337_silu_muon_lr5em4_wd0p20,E8_primary_100m,dolma_sample,allenai/dolma,v1_6-sample,text,train,train,210000000,M0,12,768,12,2048,256,16,2,32768,100000000,4000000,3050,50,10,1337,silu_muon,silu,muon,0.0005,0.00005,0.20,--muon-momentum 0.95 --muon-ns-steps 5 --muon-adjust-lr-fn match_rms_adamw
191,E8_primary_100m_dolma_sample_m0_100m_seed1337_rlb_matrixpolicy_original_lr5em4_wd0p20,E8_primary_100m,dolma_sample,allenai/dolma,v1_6-sample,text,train,train,210000000,M0,12,768,12,2048,256,16,2,32768,100000000,4000000,3050,50,10,1337,rlb_matrixpolicy_original,rlb_fused_global_rational,rational_matrix_policy_onpolicy,0.0005,0.00005,0.20,--rational-matrix-policy-backbone-optimizer adamw --rational-matrix-policy-adam-lr-scale 3.0 --rational-matrix-policy-group-gain-strength 0.20 --rational-matrix-policy-group-pressure-strength 0.10 --rational-matrix-policy-group-activity-damping 0.20 --rational-matrix-policy-group-start 0.02 --rational-matrix-policy-group-end 0.30 --rational-matrix-policy-group-min-scale 0.75 --rational-matrix-policy-group-max-scale 1.35
192,E8_primary_100m_c4_en_m0_100m_seed1337_silu_adamw_lr1em4_wd0p00,E8_primary_100m,c4_en,allenai/c4,en,text,train,validation,0,M0,12,768,12,2048,256,16,2,32768,100000000,4000000,3050,50,10,1337,silu_adamw,silu,adamw,0.0001,0.00001,0.00,
193,E8_primary_100m_c4_en_m0_100m_seed1337_silu_muon_lr1em4_wd0p00,E8_primary_100m,c4_en,allenai/c4,en,text,train,validation,0,M0,12,768,12,2048,256,16,2,32768,100000000,4000000,3050,50,10,1337,silu_muon,silu,muon,0.0001,0.00001,0.00,--muon-momentum 0.95 --muon-ns-steps 5 --muon-adjust-lr-fn match_rms_adamw
194,E8_primary_100m_c4_en_m0_100m_seed1337_rlb_matrixpolicy_original_lr1em4_wd0p00,E8_primary_100m,c4_en,allenai/c4,en,text,train,validation,0,M0,12,768,12,2048,256,16,2,32768,100000000,4000000,3050,50,10,1337,rlb_matrixpolicy_original,rlb_fused_global_rational,rational_matrix_policy_onpolicy,0.0001,0.00001,0.00,--rational-matrix-policy-backbone-optimizer adamw --rational-matrix-policy-adam-lr-scale 3.0 --rational-matrix-policy-group-gain-strength 0.20 --rational-matrix-policy-group-pressure-strength 0.10 --rational-matrix-policy-group-activity-damping 0.20 --rational-matrix-policy-group-start 0.02 --rational-matrix-policy-group-end 0.30 --rational-matrix-policy-group-min-scale 0.75 --rational-matrix-policy-group-max-scale 1.35
195,E8_primary_100m_c4_en_m0_100m_seed1337_silu_adamw_lr1em4_wd0p05,E8_primary_100m,c4_en,allenai/c4,en,text,train,validation,0,M0,12,768,12,2048,256,16,2,32768,100000000,4000000,3050,50,10,1337,silu_adamw,silu,adamw,0.0001,0.00001,0.05,
196,E8_primary_100m_c4_en_m0_100m_seed1337_silu_muon_lr1em4_wd0p05,E8_primary_100m,c4_en,allenai/c4,en,text,train,validation,0,M0,12,768,12,2048,256,16,2,32768,100000000,4000000,3050,50,10,1337,silu_muon,silu,muon,0.0001,0.00001,0.05,--muon-momentum 0.95 --muon-ns-steps 5 --muon-adjust-lr-fn match_rms_adamw
197,E8_primary_100m_c4_en_m0_100m_seed1337_rlb_matrixpolicy_original_lr1em4_wd0p05,E8_primary_100m,c4_en,allenai/c4,en,text,train,validation,0,M0,12,768,12,2048,256,16,2,32768,100000000,4000000,3050,50,10,1337,rlb_matrixpolicy_original,rlb_fused_global_rational,rational_matrix_policy_onpolicy,0.0001,0.00001,0.05,--rational-matrix-policy-backbone-optimizer adamw --rational-matrix-policy-adam-lr-scale 3.0 --rational-matrix-policy-group-gain-strength 0.20 --rational-matrix-policy-group-pressure-strength 0.10 --rational-matrix-policy-group-activity-damping 0.20 --rational-matrix-policy-group-start 0.02 --rational-matrix-policy-group-end 0.30 --rational-matrix-policy-group-min-scale 0.75 --rational-matrix-policy-group-max-scale 1.35
198,E8_primary_100m_c4_en_m0_100m_seed1337_silu_adamw_lr1em4_wd0p10,E8_primary_100m,c4_en,allenai/c4,en,text,train,validation,0,M0,12,768,12,2048,256,16,2,32768,100000000,4000000,3050,50,10,1337,silu_adamw,silu,adamw,0.0001,0.00001,0.10,
199,E8_primary_100m_c4_en_m0_100m_seed1337_silu_muon_lr1em4_wd0p10,E8_primary_100m,c4_en,allenai/c4,en,text,train,validation,0,M0,12,768,12,2048,256,16,2,32768,100000000,4000000,3050,50,10,1337,silu_muon,silu,muon,0.0001,0.00001,0.10,--muon-momentum 0.95 --muon-ns-steps 5 --muon-adjust-lr-fn match_rms_adamw
200,E8_primary_100m_c4_en_m0_100m_seed1337_rlb_matrixpolicy_original_lr1em4_wd0p10,E8_primary_100m,c4_en,allenai/c4,en,text,train,validation,0,M0,12,768,12,2048,256,16,2,32768,100000000,4000000,3050,50,10,1337,rlb_matrixpolicy_original,rlb_fused_global_rational,rational_matrix_policy_onpolicy,0.0001,0.00001,0.10,--rational-matrix-policy-backbone-optimizer adamw --rational-matrix-policy-adam-lr-scale 3.0 --rational-matrix-policy-group-gain-strength 0.20 --rational-matrix-policy-group-pressure-strength 0.10 --rational-matrix-policy-group-activity-damping 0.20 --rational-matrix-policy-group-start 0.02 --rational-matrix-policy-group-end 0.30 --rational-matrix-policy-group-min-scale 0.75 --rational-matrix-policy-group-max-scale 1.35
201,E8_primary_100m_c4_en_m0_100m_seed1337_silu_adamw_lr1em4_wd0p20,E8_primary_100m,c4_en,allenai/c4,en,text,train,validation,0,M0,12,768,12,2048,256,16,2,32768,100000000,4000000,3050,50,10,1337,silu_adamw,silu,adamw,0.0001,0.00001,0.20,
202,E8_primary_100m_c4_en_m0_100m_seed1337_silu_muon_lr1em4_wd0p20,E8_primary_100m,c4_en,allenai/c4,en,text,train,validation,0,M0,12,768,12,2048,256,16,2,32768,100000000,4000000,3050,50,10,1337,silu_muon,silu,muon,0.0001,0.00001,0.20,--muon-momentum 0.95 --muon-ns-steps 5 --muon-adjust-lr-fn match_rms_adamw
203,E8_primary_100m_c4_en_m0_100m_seed1337_rlb_matrixpolicy_original_lr1em4_wd0p20,E8_primary_100m,c4_en,allenai/c4,en,text,train,validation,0,M0,12,768,12,2048,256,16,2,32768,100000000,4000000,3050,50,10,1337,rlb_matrixpolicy_original,rlb_fused_global_rational,rational_matrix_policy_onpolicy,0.0001,0.00001,0.20,--rational-matrix-policy-backbone-optimizer adamw --rational-matrix-policy-adam-lr-scale 3.0 --rational-matrix-policy-group-gain-strength 0.20 --rational-matrix-policy-group-pressure-strength 0.10 --rational-matrix-policy-group-activity-damping 0.20 --rational-matrix-policy-group-start 0.02 --rational-matrix-policy-group-end 0.30 --rational-matrix-policy-group-min-scale 0.75 --rational-matrix-policy-group-max-scale 1.35
204,E8_primary_100m_c4_en_m0_100m_seed1337_silu_adamw_lr2em4_wd0p00,E8_primary_100m,c4_en,allenai/c4,en,text,train,validation,0,M0,12,768,12,2048,256,16,2,32768,100000000,4000000,3050,50,10,1337,silu_adamw,silu,adamw,0.0002,0.00002,0.00,
205,E8_primary_100m_c4_en_m0_100m_seed1337_silu_muon_lr2em4_wd0p00,E8_primary_100m,c4_en,allenai/c4,en,text,train,validation,0,M0,12,768,12,2048,256,16,2,32768,100000000,4000000,3050,50,10,1337,silu_muon,silu,muon,0.0002,0.00002,0.00,--muon-momentum 0.95 --muon-ns-steps 5 --muon-adjust-lr-fn match_rms_adamw
206,E8_primary_100m_c4_en_m0_100m_seed1337_rlb_matrixpolicy_original_lr2em4_wd0p00,E8_primary_100m,c4_en,allenai/c4,en,text,train,validation,0,M0,12,768,12,2048,256,16,2,32768,100000000,4000000,3050,50,10,1337,rlb_matrixpolicy_original,rlb_fused_global_rational,rational_matrix_policy_onpolicy,0.0002,0.00002,0.00,--rational-matrix-policy-backbone-optimizer adamw --rational-matrix-policy-adam-lr-scale 3.0 --rational-matrix-policy-group-gain-strength 0.20 --rational-matrix-policy-group-pressure-strength 0.10 --rational-matrix-policy-group-activity-damping 0.20 --rational-matrix-policy-group-start 0.02 --rational-matrix-policy-group-end 0.30 --rational-matrix-policy-group-min-scale 0.75 --rational-matrix-policy-group-max-scale 1.35
207,E8_primary_100m_c4_en_m0_100m_seed1337_silu_adamw_lr2em4_wd0p05,E8_primary_100m,c4_en,allenai/c4,en,text,train,validation,0,M0,12,768,12,2048,256,16,2,32768,100000000,4000000,3050,50,10,1337,silu_adamw,silu,adamw,0.0002,0.00002,0.05,
208,E8_primary_100m_c4_en_m0_100m_seed1337_silu_muon_lr2em4_wd0p05,E8_primary_100m,c4_en,allenai/c4,en,text,train,validation,0,M0,12,768,12,2048,256,16,2,32768,100000000,4000000,3050,50,10,1337,silu_muon,silu,muon,0.0002,0.00002,0.05,--muon-momentum 0.95 --muon-ns-steps 5 --muon-adjust-lr-fn match_rms_adamw
209,E8_primary_100m_c4_en_m0_100m_seed1337_rlb_matrixpolicy_original_lr2em4_wd0p05,E8_primary_100m,c4_en,allenai/c4,en,text,train,validation,0,M0,12,768,12,2048,256,16,2,32768,100000000,4000000,3050,50,10,1337,rlb_matrixpolicy_original,rlb_fused_global_rational,rational_matrix_policy_onpolicy,0.0002,0.00002,0.05,--rational-matrix-policy-backbone-optimizer adamw --rational-matrix-policy-adam-lr-scale 3.0 --rational-matrix-policy-group-gain-strength 0.20 --rational-matrix-policy-group-pressure-strength 0.10 --rational-matrix-policy-group-activity-damping 0.20 --rational-matrix-policy-group-start 0.02 --rational-matrix-policy-group-end 0.30 --rational-matrix-policy-group-min-scale 0.75 --rational-matrix-policy-group-max-scale 1.35
210,E8_primary_100m_c4_en_m0_100m_seed1337_silu_adamw_lr2em4_wd0p10,E8_primary_100m,c4_en,allenai/c4,en,text,train,validation,0,M0,12,768,12,2048,256,16,2,32768,100000000,4000000,3050,50,10,1337,silu_adamw,silu,adamw,0.0002,0.00002,0.10,
211,E8_primary_100m_c4_en_m0_100m_seed1337_silu_muon_lr2em4_wd0p10,E8_primary_100m,c4_en,allenai/c4,en,text,train,validation,0,M0,12,768,12,2048,256,16,2,32768,100000000,4000000,3050,50,10,1337,silu_muon,silu,muon,0.0002,0.00002,0.10,--muon-momentum 0.95 --muon-ns-steps 5 --muon-adjust-lr-fn match_rms_adamw
212,E8_primary_100m_c4_en_m0_100m_seed1337_rlb_matrixpolicy_original_lr2em4_wd0p10,E8_primary_100m,c4_en,allenai/c4,en,text,train,validation,0,M0,12,768,12,2048,256,16,2,32768,100000000,4000000,3050,50,10,1337,rlb_matrixpolicy_original,rlb_fused_global_rational,rational_matrix_policy_onpolicy,0.0002,0.00002,0.10,--rational-matrix-policy-backbone-optimizer adamw --rational-matrix-policy-adam-lr-scale 3.0 --rational-matrix-policy-group-gain-strength 0.20 --rational-matrix-policy-group-pressure-strength 0.10 --rational-matrix-policy-group-activity-damping 0.20 --rational-matrix-policy-group-start 0.02 --rational-matrix-policy-group-end 0.30 --rational-matrix-policy-group-min-scale 0.75 --rational-matrix-policy-group-max-scale 1.35
213,E8_primary_100m_c4_en_m0_100m_seed1337_silu_adamw_lr2em4_wd0p20,E8_primary_100m,c4_en,allenai/c4,en,text,train,validation,0,M0,12,768,12,2048,256,16,2,32768,100000000,4000000,3050,50,10,1337,silu_adamw,silu,adamw,0.0002,0.00002,0.20,
214,E8_primary_100m_c4_en_m0_100m_seed1337_silu_muon_lr2em4_wd0p20,E8_primary_100m,c4_en,allenai/c4,en,text,train,validation,0,M0,12,768,12,2048,256,16,2,32768,100000000,4000000,3050,50,10,1337,silu_muon,silu,muon,0.0002,0.00002,0.20,--muon-momentum 0.95 --muon-ns-steps 5 --muon-adjust-lr-fn match_rms_adamw
215,E8_primary_100m_c4_en_m0_100m_seed1337_rlb_matrixpolicy_original_lr2em4_wd0p20,E8_primary_100m,c4_en,allenai/c4,en,text,train,validation,0,M0,12,768,12,2048,256,16,2,32768,100000000,4000000,3050,50,10,1337,rlb_matrixpolicy_original,rlb_fused_global_rational,rational_matrix_policy_onpolicy,0.0002,0.00002,0.20,--rational-matrix-policy-backbone-optimizer adamw --rational-matrix-policy-adam-lr-scale 3.0 --rational-matrix-policy-group-gain-strength 0.20 --rational-matrix-policy-group-pressure-strength 0.10 --rational-matrix-policy-group-activity-damping 0.20 --rational-matrix-policy-group-start 0.02 --rational-matrix-policy-group-end 0.30 --rational-matrix-policy-group-min-scale 0.75 --rational-matrix-policy-group-max-scale 1.35
216,E8_primary_100m_c4_en_m0_100m_seed1337_silu_adamw_lr3em4_wd0p00,E8_primary_100m,c4_en,allenai/c4,en,text,train,validation,0,M0,12,768,12,2048,256,16,2,32768,100000000,4000000,3050,50,10,1337,silu_adamw,silu,adamw,0.0003,0.00003,0.00,
217,E8_primary_100m_c4_en_m0_100m_seed1337_silu_muon_lr3em4_wd0p00,E8_primary_100m,c4_en,allenai/c4,en,text,train,validation,0,M0,12,768,12,2048,256,16,2,32768,100000000,4000000,3050,50,10,1337,silu_muon,silu,muon,0.0003,0.00003,0.00,--muon-momentum 0.95 --muon-ns-steps 5 --muon-adjust-lr-fn match_rms_adamw
218,E8_primary_100m_c4_en_m0_100m_seed1337_rlb_matrixpolicy_original_lr3em4_wd0p00,E8_primary_100m,c4_en,allenai/c4,en,text,train,validation,0,M0,12,768,12,2048,256,16,2,32768,100000000,4000000,3050,50,10,1337,rlb_matrixpolicy_original,rlb_fused_global_rational,rational_matrix_policy_onpolicy,0.0003,0.00003,0.00,--rational-matrix-policy-backbone-optimizer adamw --rational-matrix-policy-adam-lr-scale 3.0 --rational-matrix-policy-group-gain-strength 0.20 --rational-matrix-policy-group-pressure-strength 0.10 --rational-matrix-policy-group-activity-damping 0.20 --rational-matrix-policy-group-start 0.02 --rational-matrix-policy-group-end 0.30 --rational-matrix-policy-group-min-scale 0.75 --rational-matrix-policy-group-max-scale 1.35
219,E8_primary_100m_c4_en_m0_100m_seed1337_silu_adamw_lr3em4_wd0p05,E8_primary_100m,c4_en,allenai/c4,en,text,train,validation,0,M0,12,768,12,2048,256,16,2,32768,100000000,4000000,3050,50,10,1337,silu_adamw,silu,adamw,0.0003,0.00003,0.05,
220,E8_primary_100m_c4_en_m0_100m_seed1337_silu_muon_lr3em4_wd0p05,E8_primary_100m,c4_en,allenai/c4,en,text,train,validation,0,M0,12,768,12,2048,256,16,2,32768,100000000,4000000,3050,50,10,1337,silu_muon,silu,muon,0.0003,0.00003,0.05,--muon-momentum 0.95 --muon-ns-steps 5 --muon-adjust-lr-fn match_rms_adamw
221,E8_primary_100m_c4_en_m0_100m_seed1337_rlb_matrixpolicy_original_lr3em4_wd0p05,E8_primary_100m,c4_en,allenai/c4,en,text,train,validation,0,M0,12,768,12,2048,256,16,2,32768,100000000,4000000,3050,50,10,1337,rlb_matrixpolicy_original,rlb_fused_global_rational,rational_matrix_policy_onpolicy,0.0003,0.00003,0.05,--rational-matrix-policy-backbone-optimizer adamw --rational-matrix-policy-adam-lr-scale 3.0 --rational-matrix-policy-group-gain-strength 0.20 --rational-matrix-policy-group-pressure-strength 0.10 --rational-matrix-policy-group-activity-damping 0.20 --rational-matrix-policy-group-start 0.02 --rational-matrix-policy-group-end 0.30 --rational-matrix-policy-group-min-scale 0.75 --rational-matrix-policy-group-max-scale 1.35
222,E8_primary_100m_c4_en_m0_100m_seed1337_silu_adamw_lr3em4_wd0p10,E8_primary_100m,c4_en,allenai/c4,en,text,train,validation,0,M0,12,768,12,2048,256,16,2,32768,100000000,4000000,3050,50,10,1337,silu_adamw,silu,adamw,0.0003,0.00003,0.10,
223,E8_primary_100m_c4_en_m0_100m_seed1337_silu_muon_lr3em4_wd0p10,E8_primary_100m,c4_en,allenai/c4,en,text,train,validation,0,M0,12,768,12,2048,256,16,2,32768,100000000,4000000,3050,50,10,1337,silu_muon,silu,muon,0.0003,0.00003,0.10,--muon-momentum 0.95 --muon-ns-steps 5 --muon-adjust-lr-fn match_rms_adamw
224,E8_primary_100m_c4_en_m0_100m_seed1337_rlb_matrixpolicy_original_lr3em4_wd0p10,E8_primary_100m,c4_en,allenai/c4,en,text,train,validation,0,M0,12,768,12,2048,256,16,2,32768,100000000,4000000,3050,50,10,1337,rlb_matrixpolicy_original,rlb_fused_global_rational,rational_matrix_policy_onpolicy,0.0003,0.00003,0.10,--rational-matrix-policy-backbone-optimizer adamw --rational-matrix-policy-adam-lr-scale 3.0 --rational-matrix-policy-group-gain-strength 0.20 --rational-matrix-policy-group-pressure-strength 0.10 --rational-matrix-policy-group-activity-damping 0.20 --rational-matrix-policy-group-start 0.02 --rational-matrix-policy-group-end 0.30 --rational-matrix-policy-group-min-scale 0.75 --rational-matrix-policy-group-max-scale 1.35
225,E8_primary_100m_c4_en_m0_100m_seed1337_silu_adamw_lr3em4_wd0p20,E8_primary_100m,c4_en,allenai/c4,en,text,train,validation,0,M0,12,768,12,2048,256,16,2,32768,100000000,4000000,3050,50,10,1337,silu_adamw,silu,adamw,0.0003,0.00003,0.20,
226,E8_primary_100m_c4_en_m0_100m_seed1337_silu_muon_lr3em4_wd0p20,E8_primary_100m,c4_en,allenai/c4,en,text,train,validation,0,M0,12,768,12,2048,256,16,2,32768,100000000,4000000,3050,50,10,1337,silu_muon,silu,muon,0.0003,0.00003,0.20,--muon-momentum 0.95 --muon-ns-steps 5 --muon-adjust-lr-fn match_rms_adamw
227,E8_primary_100m_c4_en_m0_100m_seed1337_rlb_matrixpolicy_original_lr3em4_wd0p20,E8_primary_100m,c4_en,allenai/c4,en,text,train,validation,0,M0,12,768,12,2048,256,16,2,32768,100000000,4000000,3050,50,10,1337,rlb_matrixpolicy_original,rlb_fused_global_rational,rational_matrix_policy_onpolicy,0.0003,0.00003,0.20,--rational-matrix-policy-backbone-optimizer adamw --rational-matrix-policy-adam-lr-scale 3.0 --rational-matrix-policy-group-gain-strength 0.20 --rational-matrix-policy-group-pressure-strength 0.10 --rational-matrix-policy-group-activity-damping 0.20 --rational-matrix-policy-group-start 0.02 --rational-matrix-policy-group-end 0.30 --rational-matrix-policy-group-min-scale 0.75 --rational-matrix-policy-group-max-scale 1.35
228,E8_primary_100m_c4_en_m0_100m_seed1337_silu_adamw_lr5em4_wd0p00,E8_primary_100m,c4_en,allenai/c4,en,text,train,validation,0,M0,12,768,12,2048,256,16,2,32768,100000000,4000000,3050,50,10,1337,silu_adamw,silu,adamw,0.0005,0.00005,0.00,
229,E8_primary_100m_c4_en_m0_100m_seed1337_silu_muon_lr5em4_wd0p00,E8_primary_100m,c4_en,allenai/c4,en,text,train,validation,0,M0,12,768,12,2048,256,16,2,32768,100000000,4000000,3050,50,10,1337,silu_muon,silu,muon,0.0005,0.00005,0.00,--muon-momentum 0.95 --muon-ns-steps 5 --muon-adjust-lr-fn match_rms_adamw
230,E8_primary_100m_c4_en_m0_100m_seed1337_rlb_matrixpolicy_original_lr5em4_wd0p00,E8_primary_100m,c4_en,allenai/c4,en,text,train,validation,0,M0,12,768,12,2048,256,16,2,32768,100000000,4000000,3050,50,10,1337,rlb_matrixpolicy_original,rlb_fused_global_rational,rational_matrix_policy_onpolicy,0.0005,0.00005,0.00,--rational-matrix-policy-backbone-optimizer adamw --rational-matrix-policy-adam-lr-scale 3.0 --rational-matrix-policy-group-gain-strength 0.20 --rational-matrix-policy-group-pressure-strength 0.10 --rational-matrix-policy-group-activity-damping 0.20 --rational-matrix-policy-group-start 0.02 --rational-matrix-policy-group-end 0.30 --rational-matrix-policy-group-min-scale 0.75 --rational-matrix-policy-group-max-scale 1.35
231,E8_primary_100m_c4_en_m0_100m_seed1337_silu_adamw_lr5em4_wd0p05,E8_primary_100m,c4_en,allenai/c4,en,text,train,validation,0,M0,12,768,12,2048,256,16,2,32768,100000000,4000000,3050,50,10,1337,silu_adamw,silu,adamw,0.0005,0.00005,0.05,
232,E8_primary_100m_c4_en_m0_100m_seed1337_silu_muon_lr5em4_wd0p05,E8_primary_100m,c4_en,allenai/c4,en,text,train,validation,0,M0,12,768,12,2048,256,16,2,32768,100000000,4000000,3050,50,10,1337,silu_muon,silu,muon,0.0005,0.00005,0.05,--muon-momentum 0.95 --muon-ns-steps 5 --muon-adjust-lr-fn match_rms_adamw
233,E8_primary_100m_c4_en_m0_100m_seed1337_rlb_matrixpolicy_original_lr5em4_wd0p05,E8_primary_100m,c4_en,allenai/c4,en,text,train,validation,0,M0,12,768,12,2048,256,16,2,32768,100000000,4000000,3050,50,10,1337,rlb_matrixpolicy_original,rlb_fused_global_rational,rational_matrix_policy_onpolicy,0.0005,0.00005,0.05,--rational-matrix-policy-backbone-optimizer adamw --rational-matrix-policy-adam-lr-scale 3.0 --rational-matrix-policy-group-gain-strength 0.20 --rational-matrix-policy-group-pressure-strength 0.10 --rational-matrix-policy-group-activity-damping 0.20 --rational-matrix-policy-group-start 0.02 --rational-matrix-policy-group-end 0.30 --rational-matrix-policy-group-min-scale 0.75 --rational-matrix-policy-group-max-scale 1.35
234,E8_primary_100m_c4_en_m0_100m_seed1337_silu_adamw_lr5em4_wd0p10,E8_primary_100m,c4_en,allenai/c4,en,text,train,validation,0,M0,12,768,12,2048,256,16,2,32768,100000000,4000000,3050,50,10,1337,silu_adamw,silu,adamw,0.0005,0.00005,0.10,
235,E8_primary_100m_c4_en_m0_100m_seed1337_silu_muon_lr5em4_wd0p10,E8_primary_100m,c4_en,allenai/c4,en,text,train,validation,0,M0,12,768,12,2048,256,16,2,32768,100000000,4000000,3050,50,10,1337,silu_muon,silu,muon,0.0005,0.00005,0.10,--muon-momentum 0.95 --muon-ns-steps 5 --muon-adjust-lr-fn match_rms_adamw
236,E8_primary_100m_c4_en_m0_100m_seed1337_rlb_matrixpolicy_original_lr5em4_wd0p10,E8_primary_100m,c4_en,allenai/c4,en,text,train,validation,0,M0,12,768,12,2048,256,16,2,32768,100000000,4000000,3050,50,10,1337,rlb_matrixpolicy_original,rlb_fused_global_rational,rational_matrix_policy_onpolicy,0.0005,0.00005,0.10,--rational-matrix-policy-backbone-optimizer adamw --rational-matrix-policy-adam-lr-scale 3.0 --rational-matrix-policy-group-gain-strength 0.20 --rational-matrix-policy-group-pressure-strength 0.10 --rational-matrix-policy-group-activity-damping 0.20 --rational-matrix-policy-group-start 0.02 --rational-matrix-policy-group-end 0.30 --rational-matrix-policy-group-min-scale 0.75 --rational-matrix-policy-group-max-scale 1.35
237,E8_primary_100m_c4_en_m0_100m_seed1337_silu_adamw_lr5em4_wd0p20,E8_primary_100m,c4_en,allenai/c4,en,text,train,validation,0,M0,12,768,12,2048,256,16,2,32768,100000000,4000000,3050,50,10,1337,silu_adamw,silu,adamw,0.0005,0.00005,0.20,
238,E8_primary_100m_c4_en_m0_100m_seed1337_silu_muon_lr5em4_wd0p20,E8_primary_100m,c4_en,allenai/c4,en,text,train,validation,0,M0,12,768,12,2048,256,16,2,32768,100000000,4000000,3050,50,10,1337,silu_muon,silu,muon,0.0005,0.00005,0.20,--muon-momentum 0.95 --muon-ns-steps 5 --muon-adjust-lr-fn match_rms_adamw
239,E8_primary_100m_c4_en_m0_100m_seed1337_rlb_matrixpolicy_original_lr5em4_wd0p20,E8_primary_100m,c4_en,allenai/c4,en,text,train,validation,0,M0,12,768,12,2048,256,16,2,32768,100000000,4000000,3050,50,10,1337,rlb_matrixpolicy_original,rlb_fused_global_rational,rational_matrix_policy_onpolicy,0.0005,0.00005,0.20,--rational-matrix-policy-backbone-optimizer adamw --rational-matrix-policy-adam-lr-scale 3.0 --rational-matrix-policy-group-gain-strength 0.20 --rational-matrix-policy-group-pressure-strength 0.10 --rational-matrix-policy-group-activity-damping 0.20 --rational-matrix-policy-group-start 0.02 --rational-matrix-policy-group-end 0.30 --rational-matrix-policy-group-min-scale 0.75 --rational-matrix-policy-group-max-scale 1.35
