run_index,model_scale,dataset,seed,activation,activation_display_name,optimizer,optimizer_display_name,method,method_display_name,step,validation_loss,validation_perplexity,active_seconds_at_validation
611,18l_1024d,c4_en,1337,rlb_fused_global_rational,GRAIN,schedule_free_adamw,Schedule-Free AdamW,rlb_schedulefree,GRAIN + Schedule-Free AdamW,1,11.058659553527832,63491.38799312989,3.060073469998315
611,18l_1024d,c4_en,1337,rlb_fused_global_rational,GRAIN,schedule_free_adamw,Schedule-Free AdamW,rlb_schedulefree,GRAIN + Schedule-Free AdamW,50,8.49758243560791,4902.9014210606065,46.05137502099387
611,18l_1024d,c4_en,1337,rlb_fused_global_rational,GRAIN,schedule_free_adamw,Schedule-Free AdamW,rlb_schedulefree,GRAIN + Schedule-Free AdamW,100,7.367570400238037,1583.7811504558495,89.78600066690706
611,18l_1024d,c4_en,1337,rlb_fused_global_rational,GRAIN,schedule_free_adamw,Schedule-Free AdamW,rlb_schedulefree,GRAIN + Schedule-Free AdamW,150,7.035242080688477,1135.9698752782178,133.66667852480896
611,18l_1024d,c4_en,1337,rlb_fused_global_rational,GRAIN,schedule_free_adamw,Schedule-Free AdamW,rlb_schedulefree,GRAIN + Schedule-Free AdamW,200,6.752943992614746,856.5768099534235,177.39108432177454
611,18l_1024d,c4_en,1337,rlb_fused_global_rational,GRAIN,schedule_free_adamw,Schedule-Free AdamW,rlb_schedulefree,GRAIN + Schedule-Free AdamW,250,6.521424770355225,679.5458927808634,221.29514432395808
611,18l_1024d,c4_en,1337,rlb_fused_global_rational,GRAIN,schedule_free_adamw,Schedule-Free AdamW,rlb_schedulefree,GRAIN + Schedule-Free AdamW,300,6.380832195281982,590.418847047089,265.02121557178907
611,18l_1024d,c4_en,1337,rlb_fused_global_rational,GRAIN,schedule_free_adamw,Schedule-Free AdamW,rlb_schedulefree,GRAIN + Schedule-Free AdamW,350,6.2433037757873535,514.555682467005,309.00108353886753
611,18l_1024d,c4_en,1337,rlb_fused_global_rational,GRAIN,schedule_free_adamw,Schedule-Free AdamW,rlb_schedulefree,GRAIN + Schedule-Free AdamW,400,6.138304710388184,463.26753213117405,353.1386933468748
611,18l_1024d,c4_en,1337,rlb_fused_global_rational,GRAIN,schedule_free_adamw,Schedule-Free AdamW,rlb_schedulefree,GRAIN + Schedule-Free AdamW,450,6.037076950073242,418.6674586646788,399.48289320990443
611,18l_1024d,c4_en,1337,rlb_fused_global_rational,GRAIN,schedule_free_adamw,Schedule-Free AdamW,rlb_schedulefree,GRAIN + Schedule-Free AdamW,500,5.957515716552734,386.64838593205076,443.2426558069419
611,18l_1024d,c4_en,1337,rlb_fused_global_rational,GRAIN,schedule_free_adamw,Schedule-Free AdamW,rlb_schedulefree,GRAIN + Schedule-Free AdamW,550,5.877047538757324,356.7543817732443,487.1762182179373
611,18l_1024d,c4_en,1337,rlb_fused_global_rational,GRAIN,schedule_free_adamw,Schedule-Free AdamW,rlb_schedulefree,GRAIN + Schedule-Free AdamW,600,5.81695032119751,335.9459625205039,530.9367648467887
611,18l_1024d,c4_en,1337,rlb_fused_global_rational,GRAIN,schedule_free_adamw,Schedule-Free AdamW,rlb_schedulefree,GRAIN + Schedule-Free AdamW,650,5.757345199584961,316.50694978353243,574.8679430948105
611,18l_1024d,c4_en,1337,rlb_fused_global_rational,GRAIN,schedule_free_adamw,Schedule-Free AdamW,rlb_schedulefree,GRAIN + Schedule-Free AdamW,700,5.693945407867432,297.0633476670342,618.6309493028093
611,18l_1024d,c4_en,1337,rlb_fused_global_rational,GRAIN,schedule_free_adamw,Schedule-Free AdamW,rlb_schedulefree,GRAIN + Schedule-Free AdamW,750,5.651586532592773,284.7428614825767,662.5751847617794
611,18l_1024d,c4_en,1337,rlb_fused_global_rational,GRAIN,schedule_free_adamw,Schedule-Free AdamW,rlb_schedulefree,GRAIN + Schedule-Free AdamW,800,5.603420734405518,271.3530483348301,706.3859476828948
611,18l_1024d,c4_en,1337,rlb_fused_global_rational,GRAIN,schedule_free_adamw,Schedule-Free AdamW,rlb_schedulefree,GRAIN + Schedule-Free AdamW,850,5.549255847930908,257.046203252866,750.3165615359321
611,18l_1024d,c4_en,1337,rlb_fused_global_rational,GRAIN,schedule_free_adamw,Schedule-Free AdamW,rlb_schedulefree,GRAIN + Schedule-Free AdamW,900,5.50844669342041,246.76752359982044,794.0832092987839
611,18l_1024d,c4_en,1337,rlb_fused_global_rational,GRAIN,schedule_free_adamw,Schedule-Free AdamW,rlb_schedulefree,GRAIN + Schedule-Free AdamW,950,5.46949577331543,237.34048917686027,838.0204854409676
611,18l_1024d,c4_en,1337,rlb_fused_global_rational,GRAIN,schedule_free_adamw,Schedule-Free AdamW,rlb_schedulefree,GRAIN + Schedule-Free AdamW,1000,5.431103706359863,228.40119421033907,881.7824849188328
611,18l_1024d,c4_en,1337,rlb_fused_global_rational,GRAIN,schedule_free_adamw,Schedule-Free AdamW,rlb_schedulefree,GRAIN + Schedule-Free AdamW,1050,5.398275375366211,221.0249023234032,925.7048935019411
611,18l_1024d,c4_en,1337,rlb_fused_global_rational,GRAIN,schedule_free_adamw,Schedule-Free AdamW,rlb_schedulefree,GRAIN + Schedule-Free AdamW,1100,5.362526893615723,213.2631594757823,969.45520256483
611,18l_1024d,c4_en,1337,rlb_fused_global_rational,GRAIN,schedule_free_adamw,Schedule-Free AdamW,rlb_schedulefree,GRAIN + Schedule-Free AdamW,1150,5.333334922790527,207.12757810999204,1013.3810222467873
611,18l_1024d,c4_en,1337,rlb_fused_global_rational,GRAIN,schedule_free_adamw,Schedule-Free AdamW,rlb_schedulefree,GRAIN + Schedule-Free AdamW,1200,5.3084716796875,202.04120862460348,1057.1392304860055
611,18l_1024d,c4_en,1337,rlb_fused_global_rational,GRAIN,schedule_free_adamw,Schedule-Free AdamW,rlb_schedulefree,GRAIN + Schedule-Free AdamW,1250,5.280061721801758,196.38199602836718,1101.072641759878
611,18l_1024d,c4_en,1337,rlb_fused_global_rational,GRAIN,schedule_free_adamw,Schedule-Free AdamW,rlb_schedulefree,GRAIN + Schedule-Free AdamW,1300,5.251992702484131,190.94638894291185,1144.8250847398303
611,18l_1024d,c4_en,1337,rlb_fused_global_rational,GRAIN,schedule_free_adamw,Schedule-Free AdamW,rlb_schedulefree,GRAIN + Schedule-Free AdamW,1350,5.227581024169922,186.3415023066477,1188.747756601777
611,18l_1024d,c4_en,1337,rlb_fused_global_rational,GRAIN,schedule_free_adamw,Schedule-Free AdamW,rlb_schedulefree,GRAIN + Schedule-Free AdamW,1400,5.210147380828857,183.1210447363743,1232.5048871729523
611,18l_1024d,c4_en,1337,rlb_fused_global_rational,GRAIN,schedule_free_adamw,Schedule-Free AdamW,rlb_schedulefree,GRAIN + Schedule-Free AdamW,1450,5.184039115905762,178.40194381414736,1276.4424444779288
611,18l_1024d,c4_en,1337,rlb_fused_global_rational,GRAIN,schedule_free_adamw,Schedule-Free AdamW,rlb_schedulefree,GRAIN + Schedule-Free AdamW,1500,5.160373687744141,174.22955088953282,1320.202461475972
611,18l_1024d,c4_en,1337,rlb_fused_global_rational,GRAIN,schedule_free_adamw,Schedule-Free AdamW,rlb_schedulefree,GRAIN + Schedule-Free AdamW,1550,5.143250465393066,171.27157684712387,1364.1204470149241
611,18l_1024d,c4_en,1337,rlb_fused_global_rational,GRAIN,schedule_free_adamw,Schedule-Free AdamW,rlb_schedulefree,GRAIN + Schedule-Free AdamW,1600,5.122749328613281,167.7960625487506,1407.8888772348873
611,18l_1024d,c4_en,1337,rlb_fused_global_rational,GRAIN,schedule_free_adamw,Schedule-Free AdamW,rlb_schedulefree,GRAIN + Schedule-Free AdamW,1650,5.103888511657715,164.66095005593982,1451.8340777659323
611,18l_1024d,c4_en,1337,rlb_fused_global_rational,GRAIN,schedule_free_adamw,Schedule-Free AdamW,rlb_schedulefree,GRAIN + Schedule-Free AdamW,1700,5.088829040527344,162.1998213929246,1495.5890844538808
611,18l_1024d,c4_en,1337,rlb_fused_global_rational,GRAIN,schedule_free_adamw,Schedule-Free AdamW,rlb_schedulefree,GRAIN + Schedule-Free AdamW,1750,5.07124137878418,159.37204567252604,1539.5212835408747
611,18l_1024d,c4_en,1337,rlb_fused_global_rational,GRAIN,schedule_free_adamw,Schedule-Free AdamW,rlb_schedulefree,GRAIN + Schedule-Free AdamW,1800,5.054842948913574,156.77990595601526,1583.28141700197
611,18l_1024d,c4_en,1337,rlb_fused_global_rational,GRAIN,schedule_free_adamw,Schedule-Free AdamW,rlb_schedulefree,GRAIN + Schedule-Free AdamW,1850,5.0390167236328125,154.31820295951675,1627.2053346009925
611,18l_1024d,c4_en,1337,rlb_fused_global_rational,GRAIN,schedule_free_adamw,Schedule-Free AdamW,rlb_schedulefree,GRAIN + Schedule-Free AdamW,1900,5.025861740112305,152.30144384300797,1670.9600103939883
611,18l_1024d,c4_en,1337,rlb_fused_global_rational,GRAIN,schedule_free_adamw,Schedule-Free AdamW,rlb_schedulefree,GRAIN + Schedule-Free AdamW,1950,5.012124061584473,150.22348143790447,1714.8895495817997
611,18l_1024d,c4_en,1337,rlb_fused_global_rational,GRAIN,schedule_free_adamw,Schedule-Free AdamW,rlb_schedulefree,GRAIN + Schedule-Free AdamW,2000,5.000831127166748,148.53656058506837,1758.6374539018143
611,18l_1024d,c4_en,1337,rlb_fused_global_rational,GRAIN,schedule_free_adamw,Schedule-Free AdamW,rlb_schedulefree,GRAIN + Schedule-Free AdamW,2050,4.988533020019531,146.72102873255565,1802.566160001792
611,18l_1024d,c4_en,1337,rlb_fused_global_rational,GRAIN,schedule_free_adamw,Schedule-Free AdamW,rlb_schedulefree,GRAIN + Schedule-Free AdamW,2100,4.97703218460083,145.0432805741903,1846.310116223991
611,18l_1024d,c4_en,1337,rlb_fused_global_rational,GRAIN,schedule_free_adamw,Schedule-Free AdamW,rlb_schedulefree,GRAIN + Schedule-Free AdamW,2150,4.965811729431152,143.42492526745045,1890.2390747768804
611,18l_1024d,c4_en,1337,rlb_fused_global_rational,GRAIN,schedule_free_adamw,Schedule-Free AdamW,rlb_schedulefree,GRAIN + Schedule-Free AdamW,2200,4.955649375915527,141.97477144201858,1933.991799935
611,18l_1024d,c4_en,1337,rlb_fused_global_rational,GRAIN,schedule_free_adamw,Schedule-Free AdamW,rlb_schedulefree,GRAIN + Schedule-Free AdamW,2250,4.946321487426758,140.6566040228804,1977.9126353259198
611,18l_1024d,c4_en,1337,rlb_fused_global_rational,GRAIN,schedule_free_adamw,Schedule-Free AdamW,rlb_schedulefree,GRAIN + Schedule-Free AdamW,2300,4.937917709350586,139.47951008337694,2021.6704980768263
611,18l_1024d,c4_en,1337,rlb_fused_global_rational,GRAIN,schedule_free_adamw,Schedule-Free AdamW,rlb_schedulefree,GRAIN + Schedule-Free AdamW,2350,4.928663730621338,138.19472352629998,2065.6067156258505
611,18l_1024d,c4_en,1337,rlb_fused_global_rational,GRAIN,schedule_free_adamw,Schedule-Free AdamW,rlb_schedulefree,GRAIN + Schedule-Free AdamW,2400,4.919892311096191,136.98786031961032,2109.3713630368
611,18l_1024d,c4_en,1337,rlb_fused_global_rational,GRAIN,schedule_free_adamw,Schedule-Free AdamW,rlb_schedulefree,GRAIN + Schedule-Free AdamW,2450,4.911467552185059,135.8386184628808,2153.319198985817
611,18l_1024d,c4_en,1337,rlb_fused_global_rational,GRAIN,schedule_free_adamw,Schedule-Free AdamW,rlb_schedulefree,GRAIN + Schedule-Free AdamW,2500,4.903639793395996,134.77945736035912,2197.089276791783
611,18l_1024d,c4_en,1337,rlb_fused_global_rational,GRAIN,schedule_free_adamw,Schedule-Free AdamW,rlb_schedulefree,GRAIN + Schedule-Free AdamW,2550,4.896919250488281,133.87670313114768,2241.0355103597976
611,18l_1024d,c4_en,1337,rlb_fused_global_rational,GRAIN,schedule_free_adamw,Schedule-Free AdamW,rlb_schedulefree,GRAIN + Schedule-Free AdamW,2600,4.8895978927612305,132.900123203943,2284.807362266816
611,18l_1024d,c4_en,1337,rlb_fused_global_rational,GRAIN,schedule_free_adamw,Schedule-Free AdamW,rlb_schedulefree,GRAIN + Schedule-Free AdamW,2650,4.883421897888184,132.08186211346143,2328.751374850981
611,18l_1024d,c4_en,1337,rlb_fused_global_rational,GRAIN,schedule_free_adamw,Schedule-Free AdamW,rlb_schedulefree,GRAIN + Schedule-Free AdamW,2700,4.877838134765625,131.34640350682457,2372.5280484179966
611,18l_1024d,c4_en,1337,rlb_fused_global_rational,GRAIN,schedule_free_adamw,Schedule-Free AdamW,rlb_schedulefree,GRAIN + Schedule-Free AdamW,2750,4.8717522621154785,130.54947348903968,2416.4663126089144
611,18l_1024d,c4_en,1337,rlb_fused_global_rational,GRAIN,schedule_free_adamw,Schedule-Free AdamW,rlb_schedulefree,GRAIN + Schedule-Free AdamW,2800,4.8665056228637695,129.8663211910793,2460.2418166848365
611,18l_1024d,c4_en,1337,rlb_fused_global_rational,GRAIN,schedule_free_adamw,Schedule-Free AdamW,rlb_schedulefree,GRAIN + Schedule-Free AdamW,2850,4.860621452331543,129.1044094185322,2504.1748162009753
611,18l_1024d,c4_en,1337,rlb_fused_global_rational,GRAIN,schedule_free_adamw,Schedule-Free AdamW,rlb_schedulefree,GRAIN + Schedule-Free AdamW,2900,4.855551719665527,128.45154090952502,2547.9358494179323
611,18l_1024d,c4_en,1337,rlb_fused_global_rational,GRAIN,schedule_free_adamw,Schedule-Free AdamW,rlb_schedulefree,GRAIN + Schedule-Free AdamW,2950,4.850259304046631,127.77351774094711,2591.875965347979
611,18l_1024d,c4_en,1337,rlb_fused_global_rational,GRAIN,schedule_free_adamw,Schedule-Free AdamW,rlb_schedulefree,GRAIN + Schedule-Free AdamW,3000,4.8454365730285645,127.15878397294944,2635.6469315309078
611,18l_1024d,c4_en,1337,rlb_fused_global_rational,GRAIN,schedule_free_adamw,Schedule-Free AdamW,rlb_schedulefree,GRAIN + Schedule-Free AdamW,3050,4.841129302978516,126.61225462085731,2679.5807674268726
610,18l_1024d,c4_en,1337,silu,SwiGLU,schedule_free_adamw,Schedule-Free AdamW,silu_schedulefree,SwiGLU + Schedule-Free AdamW,1,11.023170471191406,61277.65098511342,4.550198656041175
610,18l_1024d,c4_en,1337,silu,SwiGLU,schedule_free_adamw,Schedule-Free AdamW,silu_schedulefree,SwiGLU + Schedule-Free AdamW,50,8.68463134765625,5911.360858837778,40.599643386900425
610,18l_1024d,c4_en,1337,silu,SwiGLU,schedule_free_adamw,Schedule-Free AdamW,silu_schedulefree,SwiGLU + Schedule-Free AdamW,100,7.4934797286987305,1796.2918374947199,77.63244657684118
610,18l_1024d,c4_en,1337,silu,SwiGLU,schedule_free_adamw,Schedule-Free AdamW,silu_schedulefree,SwiGLU + Schedule-Free AdamW,150,7.14893913269043,1272.7550145277653,114.75757029792294
610,18l_1024d,c4_en,1337,silu,SwiGLU,schedule_free_adamw,Schedule-Free AdamW,silu_schedulefree,SwiGLU + Schedule-Free AdamW,200,6.8415446281433105,935.9336883081767,151.93228212278336
610,18l_1024d,c4_en,1337,silu,SwiGLU,schedule_free_adamw,Schedule-Free AdamW,silu_schedulefree,SwiGLU + Schedule-Free AdamW,250,6.582661151885986,722.4593474410477,189.0894366297871
610,18l_1024d,c4_en,1337,silu,SwiGLU,schedule_free_adamw,Schedule-Free AdamW,silu_schedulefree,SwiGLU + Schedule-Free AdamW,300,6.4074482917785645,606.3444911386742,226.33126910589635
610,18l_1024d,c4_en,1337,silu,SwiGLU,schedule_free_adamw,Schedule-Free AdamW,silu_schedulefree,SwiGLU + Schedule-Free AdamW,350,6.294034481048584,541.3329267894841,263.5775700849481
610,18l_1024d,c4_en,1337,silu,SwiGLU,schedule_free_adamw,Schedule-Free AdamW,silu_schedulefree,SwiGLU + Schedule-Free AdamW,400,6.164566993713379,475.59516264789596,300.831423450727
610,18l_1024d,c4_en,1337,silu,SwiGLU,schedule_free_adamw,Schedule-Free AdamW,silu_schedulefree,SwiGLU + Schedule-Free AdamW,450,6.057965278625488,427.5046983571259,338.01375911803916
610,18l_1024d,c4_en,1337,silu,SwiGLU,schedule_free_adamw,Schedule-Free AdamW,silu_schedulefree,SwiGLU + Schedule-Free AdamW,500,5.978074073791504,394.67951209788725,375.247517562937
610,18l_1024d,c4_en,1337,silu,SwiGLU,schedule_free_adamw,Schedule-Free AdamW,silu_schedulefree,SwiGLU + Schedule-Free AdamW,550,5.882488250732422,358.7006694044788,412.42831464577466
610,18l_1024d,c4_en,1337,silu,SwiGLU,schedule_free_adamw,Schedule-Free AdamW,silu_schedulefree,SwiGLU + Schedule-Free AdamW,600,5.809940338134766,333.5992219290054,449.62989689875394
610,18l_1024d,c4_en,1337,silu,SwiGLU,schedule_free_adamw,Schedule-Free AdamW,silu_schedulefree,SwiGLU + Schedule-Free AdamW,650,5.749384880065918,313.9974547758223,486.8284911569208
610,18l_1024d,c4_en,1337,silu,SwiGLU,schedule_free_adamw,Schedule-Free AdamW,silu_schedulefree,SwiGLU + Schedule-Free AdamW,700,5.684799671173096,294.3588705766091,524.0576476608403
610,18l_1024d,c4_en,1337,silu,SwiGLU,schedule_free_adamw,Schedule-Free AdamW,silu_schedulefree,SwiGLU + Schedule-Free AdamW,750,5.641168594360352,281.7918264801659,561.3320328621194
610,18l_1024d,c4_en,1337,silu,SwiGLU,schedule_free_adamw,Schedule-Free AdamW,silu_schedulefree,SwiGLU + Schedule-Free AdamW,800,5.5840744972229,266.15384259607913,598.6139378938824
610,18l_1024d,c4_en,1337,silu,SwiGLU,schedule_free_adamw,Schedule-Free AdamW,silu_schedulefree,SwiGLU + Schedule-Free AdamW,850,5.540016174316406,254.68211873441274,635.8482855036855
610,18l_1024d,c4_en,1337,silu,SwiGLU,schedule_free_adamw,Schedule-Free AdamW,silu_schedulefree,SwiGLU + Schedule-Free AdamW,900,5.499536514282227,244.57854732654093,673.0436595487408
610,18l_1024d,c4_en,1337,silu,SwiGLU,schedule_free_adamw,Schedule-Free AdamW,silu_schedulefree,SwiGLU + Schedule-Free AdamW,950,5.461241245269775,235.3894191122281,710.238758022897
610,18l_1024d,c4_en,1337,silu,SwiGLU,schedule_free_adamw,Schedule-Free AdamW,silu_schedulefree,SwiGLU + Schedule-Free AdamW,1000,5.427549839019775,227.59092730914026,747.3766863280907
610,18l_1024d,c4_en,1337,silu,SwiGLU,schedule_free_adamw,Schedule-Free AdamW,silu_schedulefree,SwiGLU + Schedule-Free AdamW,1050,5.38839054107666,218.85087046442166,784.4842692418024
610,18l_1024d,c4_en,1337,silu,SwiGLU,schedule_free_adamw,Schedule-Free AdamW,silu_schedulefree,SwiGLU + Schedule-Free AdamW,1100,5.356831073760986,212.05190375959978,821.5992760406807
610,18l_1024d,c4_en,1337,silu,SwiGLU,schedule_free_adamw,Schedule-Free AdamW,silu_schedulefree,SwiGLU + Schedule-Free AdamW,1150,5.3258490562438965,205.5828377758278,858.7600048738532
610,18l_1024d,c4_en,1337,silu,SwiGLU,schedule_free_adamw,Schedule-Free AdamW,silu_schedulefree,SwiGLU + Schedule-Free AdamW,1200,5.298585891723633,200.05371224634166,895.9639242840931
610,18l_1024d,c4_en,1337,silu,SwiGLU,schedule_free_adamw,Schedule-Free AdamW,silu_schedulefree,SwiGLU + Schedule-Free AdamW,1250,5.271767616271973,194.75991916633413,933.1201353659853
610,18l_1024d,c4_en,1337,silu,SwiGLU,schedule_free_adamw,Schedule-Free AdamW,silu_schedulefree,SwiGLU + Schedule-Free AdamW,1300,5.245790004730225,189.7656718063848,970.2978403726593
610,18l_1024d,c4_en,1337,silu,SwiGLU,schedule_free_adamw,Schedule-Free AdamW,silu_schedulefree,SwiGLU + Schedule-Free AdamW,1350,5.220132827758789,184.9587500953659,1007.5453485380858
610,18l_1024d,c4_en,1337,silu,SwiGLU,schedule_free_adamw,Schedule-Free AdamW,silu_schedulefree,SwiGLU + Schedule-Free AdamW,1400,5.199643135070801,181.2075637107593,1044.7166750808246
610,18l_1024d,c4_en,1337,silu,SwiGLU,schedule_free_adamw,Schedule-Free AdamW,silu_schedulefree,SwiGLU + Schedule-Free AdamW,1450,5.173681259155273,176.5636190239211,1081.882953981869
610,18l_1024d,c4_en,1337,silu,SwiGLU,schedule_free_adamw,Schedule-Free AdamW,silu_schedulefree,SwiGLU + Schedule-Free AdamW,1500,5.153913497924805,173.1076227548868,1119.0248486869968
610,18l_1024d,c4_en,1337,silu,SwiGLU,schedule_free_adamw,Schedule-Free AdamW,silu_schedulefree,SwiGLU + Schedule-Free AdamW,1550,5.13529109954834,169.91377449923783,1156.151002631057
610,18l_1024d,c4_en,1337,silu,SwiGLU,schedule_free_adamw,Schedule-Free AdamW,silu_schedulefree,SwiGLU + Schedule-Free AdamW,1600,5.115118026733398,166.52043368635574,1193.2586579807103
610,18l_1024d,c4_en,1337,silu,SwiGLU,schedule_free_adamw,Schedule-Free AdamW,silu_schedulefree,SwiGLU + Schedule-Free AdamW,1650,5.0989603996276855,163.85147866818903,1230.3853064379655
610,18l_1024d,c4_en,1337,silu,SwiGLU,schedule_free_adamw,Schedule-Free AdamW,silu_schedulefree,SwiGLU + Schedule-Free AdamW,1700,5.081454277038574,161.0080360412579,1267.5211502518505
610,18l_1024d,c4_en,1337,silu,SwiGLU,schedule_free_adamw,Schedule-Free AdamW,silu_schedulefree,SwiGLU + Schedule-Free AdamW,1750,5.065506458282471,158.4606754760718,1304.6614163196646
610,18l_1024d,c4_en,1337,silu,SwiGLU,schedule_free_adamw,Schedule-Free AdamW,silu_schedulefree,SwiGLU + Schedule-Free AdamW,1800,5.049877643585205,156.0033753048787,1341.795018910896
610,18l_1024d,c4_en,1337,silu,SwiGLU,schedule_free_adamw,Schedule-Free AdamW,silu_schedulefree,SwiGLU + Schedule-Free AdamW,1850,5.034682750701904,153.6508392578614,1378.9654753138311
610,18l_1024d,c4_en,1337,silu,SwiGLU,schedule_free_adamw,Schedule-Free AdamW,silu_schedulefree,SwiGLU + Schedule-Free AdamW,1900,5.0213093757629395,151.60968793682636,1416.141200129874
610,18l_1024d,c4_en,1337,silu,SwiGLU,schedule_free_adamw,Schedule-Free AdamW,silu_schedulefree,SwiGLU + Schedule-Free AdamW,1950,5.008005142211914,149.6059955902028,1453.3260558838956
610,18l_1024d,c4_en,1337,silu,SwiGLU,schedule_free_adamw,Schedule-Free AdamW,silu_schedulefree,SwiGLU + Schedule-Free AdamW,2000,4.996951580047607,147.9614223586497,1490.4788080477156
610,18l_1024d,c4_en,1337,silu,SwiGLU,schedule_free_adamw,Schedule-Free AdamW,silu_schedulefree,SwiGLU + Schedule-Free AdamW,2050,4.985002517700195,146.20394312338996,1527.6464189700782
610,18l_1024d,c4_en,1337,silu,SwiGLU,schedule_free_adamw,Schedule-Free AdamW,silu_schedulefree,SwiGLU + Schedule-Free AdamW,2100,4.973853588104248,144.58297845560935,1564.8118448639289
610,18l_1024d,c4_en,1337,silu,SwiGLU,schedule_free_adamw,Schedule-Free AdamW,silu_schedulefree,SwiGLU + Schedule-Free AdamW,2150,4.962992191314697,143.0211027877715,1601.908932516817
610,18l_1024d,c4_en,1337,silu,SwiGLU,schedule_free_adamw,Schedule-Free AdamW,silu_schedulefree,SwiGLU + Schedule-Free AdamW,2200,4.953345775604248,141.64809472508554,1639.0272128889337
610,18l_1024d,c4_en,1337,silu,SwiGLU,schedule_free_adamw,Schedule-Free AdamW,silu_schedulefree,SwiGLU + Schedule-Free AdamW,2250,4.943897247314453,140.31603162277793,1676.1833921656944
610,18l_1024d,c4_en,1337,silu,SwiGLU,schedule_free_adamw,Schedule-Free AdamW,silu_schedulefree,SwiGLU + Schedule-Free AdamW,2300,4.936221122741699,139.24307164021747,1713.2763233468868
610,18l_1024d,c4_en,1337,silu,SwiGLU,schedule_free_adamw,Schedule-Free AdamW,silu_schedulefree,SwiGLU + Schedule-Free AdamW,2350,4.927462100982666,138.02876438128567,1750.427094147075
610,18l_1024d,c4_en,1337,silu,SwiGLU,schedule_free_adamw,Schedule-Free AdamW,silu_schedulefree,SwiGLU + Schedule-Free AdamW,2400,4.919382095336914,136.9179847817617,1787.6262060180306
610,18l_1024d,c4_en,1337,silu,SwiGLU,schedule_free_adamw,Schedule-Free AdamW,silu_schedulefree,SwiGLU + Schedule-Free AdamW,2450,4.910841464996338,135.75359826193417,1824.7927438258193
610,18l_1024d,c4_en,1337,silu,SwiGLU,schedule_free_adamw,Schedule-Free AdamW,silu_schedulefree,SwiGLU + Schedule-Free AdamW,2500,4.903371334075928,134.74327941524754,1861.9418080989271
610,18l_1024d,c4_en,1337,silu,SwiGLU,schedule_free_adamw,Schedule-Free AdamW,silu_schedulefree,SwiGLU + Schedule-Free AdamW,2550,4.8968305587768555,133.86482990376314,1899.1141287870705
610,18l_1024d,c4_en,1337,silu,SwiGLU,schedule_free_adamw,Schedule-Free AdamW,silu_schedulefree,SwiGLU + Schedule-Free AdamW,2600,4.889299392700195,132.86045842931838,1936.275788324885
610,18l_1024d,c4_en,1337,silu,SwiGLU,schedule_free_adamw,Schedule-Free AdamW,silu_schedulefree,SwiGLU + Schedule-Free AdamW,2650,4.883366584777832,132.07455645689805,1973.4265197329223
610,18l_1024d,c4_en,1337,silu,SwiGLU,schedule_free_adamw,Schedule-Free AdamW,silu_schedulefree,SwiGLU + Schedule-Free AdamW,2700,4.877608776092529,131.31628152450136,2010.5562267526984
610,18l_1024d,c4_en,1337,silu,SwiGLU,schedule_free_adamw,Schedule-Free AdamW,silu_schedulefree,SwiGLU + Schedule-Free AdamW,2750,4.871883869171143,130.56665585149935,2047.6773071917705
610,18l_1024d,c4_en,1337,silu,SwiGLU,schedule_free_adamw,Schedule-Free AdamW,silu_schedulefree,SwiGLU + Schedule-Free AdamW,2800,4.866696357727051,129.89109358850132,2084.7809229339473
610,18l_1024d,c4_en,1337,silu,SwiGLU,schedule_free_adamw,Schedule-Free AdamW,silu_schedulefree,SwiGLU + Schedule-Free AdamW,2850,4.860837459564209,129.13229991690193,2121.8980532530695
610,18l_1024d,c4_en,1337,silu,SwiGLU,schedule_free_adamw,Schedule-Free AdamW,silu_schedulefree,SwiGLU + Schedule-Free AdamW,2900,4.85616397857666,128.5302105907448,2159.049857682083
610,18l_1024d,c4_en,1337,silu,SwiGLU,schedule_free_adamw,Schedule-Free AdamW,silu_schedulefree,SwiGLU + Schedule-Free AdamW,2950,4.851334571838379,127.91098238161788,2196.2214909158647
610,18l_1024d,c4_en,1337,silu,SwiGLU,schedule_free_adamw,Schedule-Free AdamW,silu_schedulefree,SwiGLU + Schedule-Free AdamW,3000,4.846677780151367,127.31671235198277,2233.386784519069
610,18l_1024d,c4_en,1337,silu,SwiGLU,schedule_free_adamw,Schedule-Free AdamW,silu_schedulefree,SwiGLU + Schedule-Free AdamW,3050,4.841856956481934,126.70441799894375,2270.539956545923
625,18l_1024d,c4_en,2027,rlb_fused_global_rational,GRAIN,schedule_free_adamw,Schedule-Free AdamW,rlb_schedulefree,GRAIN + Schedule-Free AdamW,1,11.008471488952637,60383.519392635426,2.1824718629941344
625,18l_1024d,c4_en,2027,rlb_fused_global_rational,GRAIN,schedule_free_adamw,Schedule-Free AdamW,rlb_schedulefree,GRAIN + Schedule-Free AdamW,50,8.538301467895508,5106.663159761744,45.24032103596255
625,18l_1024d,c4_en,2027,rlb_fused_global_rational,GRAIN,schedule_free_adamw,Schedule-Free AdamW,rlb_schedulefree,GRAIN + Schedule-Free AdamW,100,7.361197471618652,1573.7199200392963,89.0776960819494
625,18l_1024d,c4_en,2027,rlb_fused_global_rational,GRAIN,schedule_free_adamw,Schedule-Free AdamW,rlb_schedulefree,GRAIN + Schedule-Free AdamW,150,6.9991230964660645,1095.6719384465962,133.09629138791934
625,18l_1024d,c4_en,2027,rlb_fused_global_rational,GRAIN,schedule_free_adamw,Schedule-Free AdamW,rlb_schedulefree,GRAIN + Schedule-Free AdamW,200,6.719385623931885,828.3084622274324,176.96092204307206
625,18l_1024d,c4_en,2027,rlb_fused_global_rational,GRAIN,schedule_free_adamw,Schedule-Free AdamW,rlb_schedulefree,GRAIN + Schedule-Free AdamW,250,6.510214805603027,671.9707451704859,220.98977873800322
625,18l_1024d,c4_en,2027,rlb_fused_global_rational,GRAIN,schedule_free_adamw,Schedule-Free AdamW,rlb_schedulefree,GRAIN + Schedule-Free AdamW,300,6.381752014160156,590.9621752921132,264.8731512790546
625,18l_1024d,c4_en,2027,rlb_fused_global_rational,GRAIN,schedule_free_adamw,Schedule-Free AdamW,rlb_schedulefree,GRAIN + Schedule-Free AdamW,350,6.242754936218262,514.2733514322748,308.90336258290336
625,18l_1024d,c4_en,2027,rlb_fused_global_rational,GRAIN,schedule_free_adamw,Schedule-Free AdamW,rlb_schedulefree,GRAIN + Schedule-Free AdamW,400,6.128688812255859,458.8341483786603,352.7975810288917
625,18l_1024d,c4_en,2027,rlb_fused_global_rational,GRAIN,schedule_free_adamw,Schedule-Free AdamW,rlb_schedulefree,GRAIN + Schedule-Free AdamW,450,6.034987449645996,417.7935661482702,396.83311150292866
625,18l_1024d,c4_en,2027,rlb_fused_global_rational,GRAIN,schedule_free_adamw,Schedule-Free AdamW,rlb_schedulefree,GRAIN + Schedule-Free AdamW,500,5.95802640914917,386.8458948290431,440.6987044499256
625,18l_1024d,c4_en,2027,rlb_fused_global_rational,GRAIN,schedule_free_adamw,Schedule-Free AdamW,rlb_schedulefree,GRAIN + Schedule-Free AdamW,550,5.898677349090576,364.55496988501955,484.72806999110617
625,18l_1024d,c4_en,2027,rlb_fused_global_rational,GRAIN,schedule_free_adamw,Schedule-Free AdamW,rlb_schedulefree,GRAIN + Schedule-Free AdamW,600,5.816434383392334,335.7726800032881,528.6224443819374
625,18l_1024d,c4_en,2027,rlb_fused_global_rational,GRAIN,schedule_free_adamw,Schedule-Free AdamW,rlb_schedulefree,GRAIN + Schedule-Free AdamW,650,5.762486457824707,318.13838396568275,572.6542776990682
625,18l_1024d,c4_en,2027,rlb_fused_global_rational,GRAIN,schedule_free_adamw,Schedule-Free AdamW,rlb_schedulefree,GRAIN + Schedule-Free AdamW,700,5.696375846862793,297.7862201041406,616.5452854409814
625,18l_1024d,c4_en,2027,rlb_fused_global_rational,GRAIN,schedule_free_adamw,Schedule-Free AdamW,rlb_schedulefree,GRAIN + Schedule-Free AdamW,750,5.6475958824157715,283.60881662515567,660.5927384409588
625,18l_1024d,c4_en,2027,rlb_fused_global_rational,GRAIN,schedule_free_adamw,Schedule-Free AdamW,rlb_schedulefree,GRAIN + Schedule-Free AdamW,800,5.593635559082031,268.7107598932896,704.4779324058909
625,18l_1024d,c4_en,2027,rlb_fused_global_rational,GRAIN,schedule_free_adamw,Schedule-Free AdamW,rlb_schedulefree,GRAIN + Schedule-Free AdamW,850,5.55412483215332,258.30080901017595,748.5057357749902
625,18l_1024d,c4_en,2027,rlb_fused_global_rational,GRAIN,schedule_free_adamw,Schedule-Free AdamW,rlb_schedulefree,GRAIN + Schedule-Free AdamW,900,5.508425712585449,246.76234626544664,792.3713089409284
625,18l_1024d,c4_en,2027,rlb_fused_global_rational,GRAIN,schedule_free_adamw,Schedule-Free AdamW,rlb_schedulefree,GRAIN + Schedule-Free AdamW,950,5.471927642822266,237.91837265903672,836.4007339170203
625,18l_1024d,c4_en,2027,rlb_fused_global_rational,GRAIN,schedule_free_adamw,Schedule-Free AdamW,rlb_schedulefree,GRAIN + Schedule-Free AdamW,1000,5.435800075531006,229.47637328023134,880.2837534600403
625,18l_1024d,c4_en,2027,rlb_fused_global_rational,GRAIN,schedule_free_adamw,Schedule-Free AdamW,rlb_schedulefree,GRAIN + Schedule-Free AdamW,1050,5.401754379272461,221.79518795840426,924.3313777970616
625,18l_1024d,c4_en,2027,rlb_fused_global_rational,GRAIN,schedule_free_adamw,Schedule-Free AdamW,rlb_schedulefree,GRAIN + Schedule-Free AdamW,1100,5.369757175445557,214.8107000582677,968.2154376800172
625,18l_1024d,c4_en,2027,rlb_fused_global_rational,GRAIN,schedule_free_adamw,Schedule-Free AdamW,rlb_schedulefree,GRAIN + Schedule-Free AdamW,1150,5.338534832000732,208.207427838192,1012.2648521598894
625,18l_1024d,c4_en,2027,rlb_fused_global_rational,GRAIN,schedule_free_adamw,Schedule-Free AdamW,rlb_schedulefree,GRAIN + Schedule-Free AdamW,1200,5.304565906524658,201.25362056554687,1056.1588283970486
625,18l_1024d,c4_en,2027,rlb_fused_global_rational,GRAIN,schedule_free_adamw,Schedule-Free AdamW,rlb_schedulefree,GRAIN + Schedule-Free AdamW,1250,5.280750751495361,196.51735568297522,1100.1909018349834
625,18l_1024d,c4_en,2027,rlb_fused_global_rational,GRAIN,schedule_free_adamw,Schedule-Free AdamW,rlb_schedulefree,GRAIN + Schedule-Free AdamW,1300,5.254394054412842,191.40546940855415,1144.078464847058
625,18l_1024d,c4_en,2027,rlb_fused_global_rational,GRAIN,schedule_free_adamw,Schedule-Free AdamW,rlb_schedulefree,GRAIN + Schedule-Free AdamW,1350,5.227726936340332,186.3686937834222,1188.111387046054
625,18l_1024d,c4_en,2027,rlb_fused_global_rational,GRAIN,schedule_free_adamw,Schedule-Free AdamW,rlb_schedulefree,GRAIN + Schedule-Free AdamW,1400,5.203402519226074,181.89007466119034,1231.984304714948
625,18l_1024d,c4_en,2027,rlb_fused_global_rational,GRAIN,schedule_free_adamw,Schedule-Free AdamW,rlb_schedulefree,GRAIN + Schedule-Free AdamW,1450,5.180301189422607,177.73633523667814,1276.0175432378892
625,18l_1024d,c4_en,2027,rlb_fused_global_rational,GRAIN,schedule_free_adamw,Schedule-Free AdamW,rlb_schedulefree,GRAIN + Schedule-Free AdamW,1500,5.163793087005615,174.82633102046387,1319.9060120219365
625,18l_1024d,c4_en,2027,rlb_fused_global_rational,GRAIN,schedule_free_adamw,Schedule-Free AdamW,rlb_schedulefree,GRAIN + Schedule-Free AdamW,1550,5.140985488891602,170.88408974044648,1363.9564389588777
625,18l_1024d,c4_en,2027,rlb_fused_global_rational,GRAIN,schedule_free_adamw,Schedule-Free AdamW,rlb_schedulefree,GRAIN + Schedule-Free AdamW,1600,5.122269630432129,167.71559038545973,1407.8390537339728
625,18l_1024d,c4_en,2027,rlb_fused_global_rational,GRAIN,schedule_free_adamw,Schedule-Free AdamW,rlb_schedulefree,GRAIN + Schedule-Free AdamW,1650,5.102828025817871,164.48642200864833,1451.869047971908
625,18l_1024d,c4_en,2027,rlb_fused_global_rational,GRAIN,schedule_free_adamw,Schedule-Free AdamW,rlb_schedulefree,GRAIN + Schedule-Free AdamW,1700,5.087491989135742,161.98309681425008,1495.747841174947
625,18l_1024d,c4_en,2027,rlb_fused_global_rational,GRAIN,schedule_free_adamw,Schedule-Free AdamW,rlb_schedulefree,GRAIN + Schedule-Free AdamW,1750,5.069760322570801,159.1361814212658,1539.7764675139915
625,18l_1024d,c4_en,2027,rlb_fused_global_rational,GRAIN,schedule_free_adamw,Schedule-Free AdamW,rlb_schedulefree,GRAIN + Schedule-Free AdamW,1800,5.0543107986450195,156.69649768179286,1583.6426132349297
625,18l_1024d,c4_en,2027,rlb_fused_global_rational,GRAIN,schedule_free_adamw,Schedule-Free AdamW,rlb_schedulefree,GRAIN + Schedule-Free AdamW,1850,5.039699554443359,154.4236121673575,1627.6736311290879
625,18l_1024d,c4_en,2027,rlb_fused_global_rational,GRAIN,schedule_free_adamw,Schedule-Free AdamW,rlb_schedulefree,GRAIN + Schedule-Free AdamW,1900,5.025765895843506,152.28684732199346,1671.53684883588
625,18l_1024d,c4_en,2027,rlb_fused_global_rational,GRAIN,schedule_free_adamw,Schedule-Free AdamW,rlb_schedulefree,GRAIN + Schedule-Free AdamW,1950,5.01248025894165,150.27700017602936,1715.5663405000232
625,18l_1024d,c4_en,2027,rlb_fused_global_rational,GRAIN,schedule_free_adamw,Schedule-Free AdamW,rlb_schedulefree,GRAIN + Schedule-Free AdamW,2000,5.00058650970459,148.5002303922613,1759.4494832139462
625,18l_1024d,c4_en,2027,rlb_fused_global_rational,GRAIN,schedule_free_adamw,Schedule-Free AdamW,rlb_schedulefree,GRAIN + Schedule-Free AdamW,2050,4.988469123840332,146.71165411891565,1803.4909050399438
625,18l_1024d,c4_en,2027,rlb_fused_global_rational,GRAIN,schedule_free_adamw,Schedule-Free AdamW,rlb_schedulefree,GRAIN + Schedule-Free AdamW,2100,4.977301597595215,145.08236238306236,1847.3845515009016
625,18l_1024d,c4_en,2027,rlb_fused_global_rational,GRAIN,schedule_free_adamw,Schedule-Free AdamW,rlb_schedulefree,GRAIN + Schedule-Free AdamW,2150,4.966164588928223,143.47554304440413,1891.4121900799219
625,18l_1024d,c4_en,2027,rlb_fused_global_rational,GRAIN,schedule_free_adamw,Schedule-Free AdamW,rlb_schedulefree,GRAIN + Schedule-Free AdamW,2200,4.955870628356934,142.00618718209466,1935.2981726599392
625,18l_1024d,c4_en,2027,rlb_fused_global_rational,GRAIN,schedule_free_adamw,Schedule-Free AdamW,rlb_schedulefree,GRAIN + Schedule-Free AdamW,2250,4.946534156799316,140.68652055565653,1979.3375356099568
625,18l_1024d,c4_en,2027,rlb_fused_global_rational,GRAIN,schedule_free_adamw,Schedule-Free AdamW,rlb_schedulefree,GRAIN + Schedule-Free AdamW,2300,4.9372758865356445,139.3900176737958,2023.2477622770239
625,18l_1024d,c4_en,2027,rlb_fused_global_rational,GRAIN,schedule_free_adamw,Schedule-Free AdamW,rlb_schedulefree,GRAIN + Schedule-Free AdamW,2350,4.929598808288574,138.3240067615122,2067.276888533961
625,18l_1024d,c4_en,2027,rlb_fused_global_rational,GRAIN,schedule_free_adamw,Schedule-Free AdamW,rlb_schedulefree,GRAIN + Schedule-Free AdamW,2400,4.92117977142334,137.1643403362056,2111.1398235131055
625,18l_1024d,c4_en,2027,rlb_fused_global_rational,GRAIN,schedule_free_adamw,Schedule-Free AdamW,rlb_schedulefree,GRAIN + Schedule-Free AdamW,2450,4.913490295410156,136.11366318673052,2155.1703885660972
625,18l_1024d,c4_en,2027,rlb_fused_global_rational,GRAIN,schedule_free_adamw,Schedule-Free AdamW,rlb_schedulefree,GRAIN + Schedule-Free AdamW,2500,4.906030654907227,135.10208189907993,2199.043689386919
625,18l_1024d,c4_en,2027,rlb_fused_global_rational,GRAIN,schedule_free_adamw,Schedule-Free AdamW,rlb_schedulefree,GRAIN + Schedule-Free AdamW,2550,4.899309158325195,134.19703874696972,2243.0757118701003
625,18l_1024d,c4_en,2027,rlb_fused_global_rational,GRAIN,schedule_free_adamw,Schedule-Free AdamW,rlb_schedulefree,GRAIN + Schedule-Free AdamW,2600,4.8924407958984375,133.2784829463557,2286.957846557023
625,18l_1024d,c4_en,2027,rlb_fused_global_rational,GRAIN,schedule_free_adamw,Schedule-Free AdamW,rlb_schedulefree,GRAIN + Schedule-Free AdamW,2650,4.886104583740234,132.436671965159,2330.98918812396
625,18l_1024d,c4_en,2027,rlb_fused_global_rational,GRAIN,schedule_free_adamw,Schedule-Free AdamW,rlb_schedulefree,GRAIN + Schedule-Free AdamW,2700,4.8802900314331055,131.6688464527223,2374.8629397030454
625,18l_1024d,c4_en,2027,rlb_fused_global_rational,GRAIN,schedule_free_adamw,Schedule-Free AdamW,rlb_schedulefree,GRAIN + Schedule-Free AdamW,2750,4.875723361968994,131.06892920671538,2418.8882425099146
625,18l_1024d,c4_en,2027,rlb_fused_global_rational,GRAIN,schedule_free_adamw,Schedule-Free AdamW,rlb_schedulefree,GRAIN + Schedule-Free AdamW,2800,4.870329856872559,130.3639112371348,2462.766794247087
625,18l_1024d,c4_en,2027,rlb_fused_global_rational,GRAIN,schedule_free_adamw,Schedule-Free AdamW,rlb_schedulefree,GRAIN + Schedule-Free AdamW,2850,4.864920139312744,129.66058341502645,2506.793435517
625,18l_1024d,c4_en,2027,rlb_fused_global_rational,GRAIN,schedule_free_adamw,Schedule-Free AdamW,rlb_schedulefree,GRAIN + Schedule-Free AdamW,2900,4.860389232635498,129.07443231259091,2550.6758936389815
625,18l_1024d,c4_en,2027,rlb_fused_global_rational,GRAIN,schedule_free_adamw,Schedule-Free AdamW,rlb_schedulefree,GRAIN + Schedule-Free AdamW,2950,4.855133056640625,128.397774254695,2594.7120582489297
625,18l_1024d,c4_en,2027,rlb_fused_global_rational,GRAIN,schedule_free_adamw,Schedule-Free AdamW,rlb_schedulefree,GRAIN + Schedule-Free AdamW,3000,4.850518226623535,127.80660547281627,2638.592129528988
625,18l_1024d,c4_en,2027,rlb_fused_global_rational,GRAIN,schedule_free_adamw,Schedule-Free AdamW,rlb_schedulefree,GRAIN + Schedule-Free AdamW,3050,4.846218109130859,127.25820199767563,2682.627200979041
624,18l_1024d,c4_en,2027,silu,SwiGLU,schedule_free_adamw,Schedule-Free AdamW,silu_schedulefree,SwiGLU + Schedule-Free AdamW,1,11.017779350280762,60948.184653918266,1.7692239400930703
624,18l_1024d,c4_en,2027,silu,SwiGLU,schedule_free_adamw,Schedule-Free AdamW,silu_schedulefree,SwiGLU + Schedule-Free AdamW,50,8.712348937988281,6077.501408752525,38.28526098607108
624,18l_1024d,c4_en,2027,silu,SwiGLU,schedule_free_adamw,Schedule-Free AdamW,silu_schedulefree,SwiGLU + Schedule-Free AdamW,100,7.512443542480469,1830.6814296994785,75.61572865303606
624,18l_1024d,c4_en,2027,silu,SwiGLU,schedule_free_adamw,Schedule-Free AdamW,silu_schedulefree,SwiGLU + Schedule-Free AdamW,150,7.115560531616211,1230.9734173735146,113.00238511525095
624,18l_1024d,c4_en,2027,silu,SwiGLU,schedule_free_adamw,Schedule-Free AdamW,silu_schedulefree,SwiGLU + Schedule-Free AdamW,200,6.794013500213623,892.4883855802192,150.4356036488898
624,18l_1024d,c4_en,2027,silu,SwiGLU,schedule_free_adamw,Schedule-Free AdamW,silu_schedulefree,SwiGLU + Schedule-Free AdamW,250,6.575197219848633,717.0870342035082,187.80866407090798
624,18l_1024d,c4_en,2027,silu,SwiGLU,schedule_free_adamw,Schedule-Free AdamW,silu_schedulefree,SwiGLU + Schedule-Free AdamW,300,6.401341915130615,602.6532049592348,225.1912215021439
624,18l_1024d,c4_en,2027,silu,SwiGLU,schedule_free_adamw,Schedule-Free AdamW,silu_schedulefree,SwiGLU + Schedule-Free AdamW,350,6.251224994659424,518.6477764389365,262.58047711802647
624,18l_1024d,c4_en,2027,silu,SwiGLU,schedule_free_adamw,Schedule-Free AdamW,silu_schedulefree,SwiGLU + Schedule-Free AdamW,400,6.139064311981201,463.61956457184885,299.9803660712205
624,18l_1024d,c4_en,2027,silu,SwiGLU,schedule_free_adamw,Schedule-Free AdamW,silu_schedulefree,SwiGLU + Schedule-Free AdamW,450,6.045981407165527,422.4121123979754,337.39154258184135
624,18l_1024d,c4_en,2027,silu,SwiGLU,schedule_free_adamw,Schedule-Free AdamW,silu_schedulefree,SwiGLU + Schedule-Free AdamW,500,5.952685356140137,384.7852383348857,374.8569562761113
624,18l_1024d,c4_en,2027,silu,SwiGLU,schedule_free_adamw,Schedule-Free AdamW,silu_schedulefree,SwiGLU + Schedule-Free AdamW,550,5.875848293304443,356.32680214081745,412.3164662239142
624,18l_1024d,c4_en,2027,silu,SwiGLU,schedule_free_adamw,Schedule-Free AdamW,silu_schedulefree,SwiGLU + Schedule-Free AdamW,600,5.797672271728516,329.53160642625676,449.773717968259
624,18l_1024d,c4_en,2027,silu,SwiGLU,schedule_free_adamw,Schedule-Free AdamW,silu_schedulefree,SwiGLU + Schedule-Free AdamW,650,5.729926586151123,307.94665999797775,487.1763422479853
624,18l_1024d,c4_en,2027,silu,SwiGLU,schedule_free_adamw,Schedule-Free AdamW,silu_schedulefree,SwiGLU + Schedule-Free AdamW,700,5.676022052764893,291.78640730271627,524.5774428281002
624,18l_1024d,c4_en,2027,silu,SwiGLU,schedule_free_adamw,Schedule-Free AdamW,silu_schedulefree,SwiGLU + Schedule-Free AdamW,750,5.6215410232543945,276.3148629428492,561.9569175918587
624,18l_1024d,c4_en,2027,silu,SwiGLU,schedule_free_adamw,Schedule-Free AdamW,silu_schedulefree,SwiGLU + Schedule-Free AdamW,800,5.576076030731201,264.0335110091004,599.3329530302435
624,18l_1024d,c4_en,2027,silu,SwiGLU,schedule_free_adamw,Schedule-Free AdamW,silu_schedulefree,SwiGLU + Schedule-Free AdamW,850,5.527918338775635,251.6195787513964,636.7076551350765
624,18l_1024d,c4_en,2027,silu,SwiGLU,schedule_free_adamw,Schedule-Free AdamW,silu_schedulefree,SwiGLU + Schedule-Free AdamW,900,5.48095703125,240.07635804232675,674.0670465510339
624,18l_1024d,c4_en,2027,silu,SwiGLU,schedule_free_adamw,Schedule-Free AdamW,silu_schedulefree,SwiGLU + Schedule-Free AdamW,950,5.448868751525879,232.49500746449758,711.4428318650462
624,18l_1024d,c4_en,2027,silu,SwiGLU,schedule_free_adamw,Schedule-Free AdamW,silu_schedulefree,SwiGLU + Schedule-Free AdamW,1000,5.40994119644165,223.61843773406665,748.8462911481038
624,18l_1024d,c4_en,2027,silu,SwiGLU,schedule_free_adamw,Schedule-Free AdamW,silu_schedulefree,SwiGLU + Schedule-Free AdamW,1050,5.377599716186523,216.50198504217158,786.2375297918916
624,18l_1024d,c4_en,2027,silu,SwiGLU,schedule_free_adamw,Schedule-Free AdamW,silu_schedulefree,SwiGLU + Schedule-Free AdamW,1100,5.341618061065674,208.85036969040914,823.6490602819249
624,18l_1024d,c4_en,2027,silu,SwiGLU,schedule_free_adamw,Schedule-Free AdamW,silu_schedulefree,SwiGLU + Schedule-Free AdamW,1150,5.312596797943115,202.87637389613562,861.139981537126
624,18l_1024d,c4_en,2027,silu,SwiGLU,schedule_free_adamw,Schedule-Free AdamW,silu_schedulefree,SwiGLU + Schedule-Free AdamW,1200,5.282557487487793,196.8727316011853,898.5296507440507
624,18l_1024d,c4_en,2027,silu,SwiGLU,schedule_free_adamw,Schedule-Free AdamW,silu_schedulefree,SwiGLU + Schedule-Free AdamW,1250,5.260226249694824,192.52504510274278,935.9034706000239
624,18l_1024d,c4_en,2027,silu,SwiGLU,schedule_free_adamw,Schedule-Free AdamW,silu_schedulefree,SwiGLU + Schedule-Free AdamW,1300,5.234720230102539,187.6765927375723,973.2840568311512
624,18l_1024d,c4_en,2027,silu,SwiGLU,schedule_free_adamw,Schedule-Free AdamW,silu_schedulefree,SwiGLU + Schedule-Free AdamW,1350,5.206024646759033,182.36763947823238,1010.6412069052458
624,18l_1024d,c4_en,2027,silu,SwiGLU,schedule_free_adamw,Schedule-Free AdamW,silu_schedulefree,SwiGLU + Schedule-Free AdamW,1400,5.18375825881958,178.35184539961526,1048.0291619091295
624,18l_1024d,c4_en,2027,silu,SwiGLU,schedule_free_adamw,Schedule-Free AdamW,silu_schedulefree,SwiGLU + Schedule-Free AdamW,1450,5.161648750305176,174.45184615696752,1085.400662417058
624,18l_1024d,c4_en,2027,silu,SwiGLU,schedule_free_adamw,Schedule-Free AdamW,silu_schedulefree,SwiGLU + Schedule-Free AdamW,1500,5.142160415649414,171.0849840248917,1122.7642510058358
624,18l_1024d,c4_en,2027,silu,SwiGLU,schedule_free_adamw,Schedule-Free AdamW,silu_schedulefree,SwiGLU + Schedule-Free AdamW,1550,5.12224006652832,167.71063213117142,1160.1412342791446
624,18l_1024d,c4_en,2027,silu,SwiGLU,schedule_free_adamw,Schedule-Free AdamW,silu_schedulefree,SwiGLU + Schedule-Free AdamW,1600,5.103387832641602,164.57852840859,1197.528497362975
624,18l_1024d,c4_en,2027,silu,SwiGLU,schedule_free_adamw,Schedule-Free AdamW,silu_schedulefree,SwiGLU + Schedule-Free AdamW,1650,5.085511684417725,161.66263833083903,1234.9497139970772
624,18l_1024d,c4_en,2027,silu,SwiGLU,schedule_free_adamw,Schedule-Free AdamW,silu_schedulefree,SwiGLU + Schedule-Free AdamW,1700,5.068816184997559,158.98600587746594,1272.3586295582354
624,18l_1024d,c4_en,2027,silu,SwiGLU,schedule_free_adamw,Schedule-Free AdamW,silu_schedulefree,SwiGLU + Schedule-Free AdamW,1750,5.051563262939453,156.266559365378,1309.7951685790904
624,18l_1024d,c4_en,2027,silu,SwiGLU,schedule_free_adamw,Schedule-Free AdamW,silu_schedulefree,SwiGLU + Schedule-Free AdamW,1800,5.037108421325684,154.02399798207756,1347.2039541220292
624,18l_1024d,c4_en,2027,silu,SwiGLU,schedule_free_adamw,Schedule-Free AdamW,silu_schedulefree,SwiGLU + Schedule-Free AdamW,1850,5.022496700286865,151.7898047447703,1384.6070241979323
624,18l_1024d,c4_en,2027,silu,SwiGLU,schedule_free_adamw,Schedule-Free AdamW,silu_schedulefree,SwiGLU + Schedule-Free AdamW,1900,5.009499549865723,149.82973507242687,1422.0012513641268
624,18l_1024d,c4_en,2027,silu,SwiGLU,schedule_free_adamw,Schedule-Free AdamW,silu_schedulefree,SwiGLU + Schedule-Free AdamW,1950,4.996126174926758,147.83934463166807,1459.383625973016
624,18l_1024d,c4_en,2027,silu,SwiGLU,schedule_free_adamw,Schedule-Free AdamW,silu_schedulefree,SwiGLU + Schedule-Free AdamW,2000,4.983953475952148,146.0506495030863,1496.7295266781002
624,18l_1024d,c4_en,2027,silu,SwiGLU,schedule_free_adamw,Schedule-Free AdamW,silu_schedulefree,SwiGLU + Schedule-Free AdamW,2050,4.972464561462402,144.3822882608583,1534.0915359202772
624,18l_1024d,c4_en,2027,silu,SwiGLU,schedule_free_adamw,Schedule-Free AdamW,silu_schedulefree,SwiGLU + Schedule-Free AdamW,2100,4.961280345916748,142.7764822071988,1571.461259584874
624,18l_1024d,c4_en,2027,silu,SwiGLU,schedule_free_adamw,Schedule-Free AdamW,silu_schedulefree,SwiGLU + Schedule-Free AdamW,2150,4.95029354095459,141.2164106380073,1608.8675662269816
624,18l_1024d,c4_en,2027,silu,SwiGLU,schedule_free_adamw,Schedule-Free AdamW,silu_schedulefree,SwiGLU + Schedule-Free AdamW,2200,4.939282417297363,139.66998882356282,1646.2479707952589
624,18l_1024d,c4_en,2027,silu,SwiGLU,schedule_free_adamw,Schedule-Free AdamW,silu_schedulefree,SwiGLU + Schedule-Free AdamW,2250,4.929993152618408,138.37856480587925,1683.6289010779
624,18l_1024d,c4_en,2027,silu,SwiGLU,schedule_free_adamw,Schedule-Free AdamW,silu_schedulefree,SwiGLU + Schedule-Free AdamW,2300,4.92112922668457,137.1574075756636,1721.0477711060084
624,18l_1024d,c4_en,2027,silu,SwiGLU,schedule_free_adamw,Schedule-Free AdamW,silu_schedulefree,SwiGLU + Schedule-Free AdamW,2350,4.91322135925293,136.07706222308892,1758.4676766120829
624,18l_1024d,c4_en,2027,silu,SwiGLU,schedule_free_adamw,Schedule-Free AdamW,silu_schedulefree,SwiGLU + Schedule-Free AdamW,2400,4.904747009277344,134.92876996141567,1795.8567198119126
624,18l_1024d,c4_en,2027,silu,SwiGLU,schedule_free_adamw,Schedule-Free AdamW,silu_schedulefree,SwiGLU + Schedule-Free AdamW,2450,4.8971848487854,133.912265277937,1833.2353955870494
624,18l_1024d,c4_en,2027,silu,SwiGLU,schedule_free_adamw,Schedule-Free AdamW,silu_schedulefree,SwiGLU + Schedule-Free AdamW,2500,4.889926910400391,132.94385688290504,1870.5970467622392
624,18l_1024d,c4_en,2027,silu,SwiGLU,schedule_free_adamw,Schedule-Free AdamW,silu_schedulefree,SwiGLU + Schedule-Free AdamW,2550,4.882834434509277,132.00429164358806,1907.936770001892
624,18l_1024d,c4_en,2027,silu,SwiGLU,schedule_free_adamw,Schedule-Free AdamW,silu_schedulefree,SwiGLU + Schedule-Free AdamW,2600,4.87623405456543,131.13588223323632,1945.2894254610874
624,18l_1024d,c4_en,2027,silu,SwiGLU,schedule_free_adamw,Schedule-Free AdamW,silu_schedulefree,SwiGLU + Schedule-Free AdamW,2650,4.869974136352539,130.31754636579473,1982.657506627962
624,18l_1024d,c4_en,2027,silu,SwiGLU,schedule_free_adamw,Schedule-Free AdamW,silu_schedulefree,SwiGLU + Schedule-Free AdamW,2700,4.864255905151367,129.5744870233859,2020.0472140279599
624,18l_1024d,c4_en,2027,silu,SwiGLU,schedule_free_adamw,Schedule-Free AdamW,silu_schedulefree,SwiGLU + Schedule-Free AdamW,2750,4.859065532684326,128.90368952388278,2057.4599228808656
624,18l_1024d,c4_en,2027,silu,SwiGLU,schedule_free_adamw,Schedule-Free AdamW,silu_schedulefree,SwiGLU + Schedule-Free AdamW,2800,4.854144096374512,128.2708567262403,2094.841698413249
624,18l_1024d,c4_en,2027,silu,SwiGLU,schedule_free_adamw,Schedule-Free AdamW,silu_schedulefree,SwiGLU + Schedule-Free AdamW,2850,4.8491411209106445,127.63072339817492,2132.250783308875
624,18l_1024d,c4_en,2027,silu,SwiGLU,schedule_free_adamw,Schedule-Free AdamW,silu_schedulefree,SwiGLU + Schedule-Free AdamW,2900,4.844444751739502,127.03272770689148,2169.68926831102
624,18l_1024d,c4_en,2027,silu,SwiGLU,schedule_free_adamw,Schedule-Free AdamW,silu_schedulefree,SwiGLU + Schedule-Free AdamW,2950,4.839569568634033,126.41492706817772,2207.090942766983
624,18l_1024d,c4_en,2027,silu,SwiGLU,schedule_free_adamw,Schedule-Free AdamW,silu_schedulefree,SwiGLU + Schedule-Free AdamW,3000,4.834836006164551,125.81794814702282,2244.4791449019685
624,18l_1024d,c4_en,2027,silu,SwiGLU,schedule_free_adamw,Schedule-Free AdamW,silu_schedulefree,SwiGLU + Schedule-Free AdamW,3050,4.8309502601623535,125.33000019287317,2281.842346725054
639,18l_1024d,c4_en,3407,rlb_fused_global_rational,GRAIN,schedule_free_adamw,Schedule-Free AdamW,rlb_schedulefree,GRAIN + Schedule-Free AdamW,1,11.0588960647583,63506.406195345044,2.42164596891962
639,18l_1024d,c4_en,3407,rlb_fused_global_rational,GRAIN,schedule_free_adamw,Schedule-Free AdamW,rlb_schedulefree,GRAIN + Schedule-Free AdamW,50,8.55157470703125,5174.8969610713075,47.20178708783351
639,18l_1024d,c4_en,3407,rlb_fused_global_rational,GRAIN,schedule_free_adamw,Schedule-Free AdamW,rlb_schedulefree,GRAIN + Schedule-Free AdamW,100,7.384281158447266,1610.469706258136,93.03489833697677
639,18l_1024d,c4_en,3407,rlb_fused_global_rational,GRAIN,schedule_free_adamw,Schedule-Free AdamW,rlb_schedulefree,GRAIN + Schedule-Free AdamW,150,7.031720161437988,1131.9761180798648,139.23814237699844
639,18l_1024d,c4_en,3407,rlb_fused_global_rational,GRAIN,schedule_free_adamw,Schedule-Free AdamW,rlb_schedulefree,GRAIN + Schedule-Free AdamW,200,6.750365257263184,854.3707706705014,185.8121345259715
639,18l_1024d,c4_en,3407,rlb_fused_global_rational,GRAIN,schedule_free_adamw,Schedule-Free AdamW,rlb_schedulefree,GRAIN + Schedule-Free AdamW,250,6.546575546264648,696.8537397943238,232.20314595103264
639,18l_1024d,c4_en,3407,rlb_fused_global_rational,GRAIN,schedule_free_adamw,Schedule-Free AdamW,rlb_schedulefree,GRAIN + Schedule-Free AdamW,300,6.395102500915527,598.9047083577644,278.3581561939791
639,18l_1024d,c4_en,3407,rlb_fused_global_rational,GRAIN,schedule_free_adamw,Schedule-Free AdamW,rlb_schedulefree,GRAIN + Schedule-Free AdamW,350,6.266707420349121,526.7401855088791,324.50205035996623
639,18l_1024d,c4_en,3407,rlb_fused_global_rational,GRAIN,schedule_free_adamw,Schedule-Free AdamW,rlb_schedulefree,GRAIN + Schedule-Free AdamW,400,6.167121887207031,476.8118111764584,370.31929271202534
639,18l_1024d,c4_en,3407,rlb_fused_global_rational,GRAIN,schedule_free_adamw,Schedule-Free AdamW,rlb_schedulefree,GRAIN + Schedule-Free AdamW,450,6.079496383666992,436.809155090356,416.0860087699257
639,18l_1024d,c4_en,3407,rlb_fused_global_rational,GRAIN,schedule_free_adamw,Schedule-Free AdamW,rlb_schedulefree,GRAIN + Schedule-Free AdamW,500,5.992337226867676,400.3492242621869,461.6361056868918
639,18l_1024d,c4_en,3407,rlb_fused_global_rational,GRAIN,schedule_free_adamw,Schedule-Free AdamW,rlb_schedulefree,GRAIN + Schedule-Free AdamW,550,5.92884635925293,375.7208168637398,507.25175525201485
639,18l_1024d,c4_en,3407,rlb_fused_global_rational,GRAIN,schedule_free_adamw,Schedule-Free AdamW,rlb_schedulefree,GRAIN + Schedule-Free AdamW,600,5.851536273956299,347.76823758458164,552.6561410180293
639,18l_1024d,c4_en,3407,rlb_fused_global_rational,GRAIN,schedule_free_adamw,Schedule-Free AdamW,rlb_schedulefree,GRAIN + Schedule-Free AdamW,650,5.78768253326416,326.2560600284238,598.2221175248269
639,18l_1024d,c4_en,3407,rlb_fused_global_rational,GRAIN,schedule_free_adamw,Schedule-Free AdamW,rlb_schedulefree,GRAIN + Schedule-Free AdamW,700,5.729625225067139,307.8538708409341,643.5649713708553
639,18l_1024d,c4_en,3407,rlb_fused_global_rational,GRAIN,schedule_free_adamw,Schedule-Free AdamW,rlb_schedulefree,GRAIN + Schedule-Free AdamW,750,5.675483226776123,291.62922755336166,688.995968002826
639,18l_1024d,c4_en,3407,rlb_fused_global_rational,GRAIN,schedule_free_adamw,Schedule-Free AdamW,rlb_schedulefree,GRAIN + Schedule-Free AdamW,800,5.63236141204834,279.320931274126,734.2868725068402
639,18l_1024d,c4_en,3407,rlb_fused_global_rational,GRAIN,schedule_free_adamw,Schedule-Free AdamW,rlb_schedulefree,GRAIN + Schedule-Free AdamW,850,5.579692840576172,264.9901990475839,779.7127834919374
639,18l_1024d,c4_en,3407,rlb_fused_global_rational,GRAIN,schedule_free_adamw,Schedule-Free AdamW,rlb_schedulefree,GRAIN + Schedule-Free AdamW,900,5.540056228637695,254.6923200581253,825.0568104940467
639,18l_1024d,c4_en,3407,rlb_fused_global_rational,GRAIN,schedule_free_adamw,Schedule-Free AdamW,rlb_schedulefree,GRAIN + Schedule-Free AdamW,950,5.5051422119140625,245.95343069998074,870.6436996448319
639,18l_1024d,c4_en,3407,rlb_fused_global_rational,GRAIN,schedule_free_adamw,Schedule-Free AdamW,rlb_schedulefree,GRAIN + Schedule-Free AdamW,1000,5.469688892364502,237.38632857252423,916.1327336728573
639,18l_1024d,c4_en,3407,rlb_fused_global_rational,GRAIN,schedule_free_adamw,Schedule-Free AdamW,rlb_schedulefree,GRAIN + Schedule-Free AdamW,1050,5.428234100341797,227.74671227067438,961.9336086809635
639,18l_1024d,c4_en,3407,rlb_fused_global_rational,GRAIN,schedule_free_adamw,Schedule-Free AdamW,rlb_schedulefree,GRAIN + Schedule-Free AdamW,1100,5.3974409103393555,220.8405417042927,1007.6826654528268
639,18l_1024d,c4_en,3407,rlb_fused_global_rational,GRAIN,schedule_free_adamw,Schedule-Free AdamW,rlb_schedulefree,GRAIN + Schedule-Free AdamW,1150,5.362915992736816,213.3461561296114,1053.6709265888203
639,18l_1024d,c4_en,3407,rlb_fused_global_rational,GRAIN,schedule_free_adamw,Schedule-Free AdamW,rlb_schedulefree,GRAIN + Schedule-Free AdamW,1200,5.332154750823975,206.88327613633246,1099.6585166568402
639,18l_1024d,c4_en,3407,rlb_fused_global_rational,GRAIN,schedule_free_adamw,Schedule-Free AdamW,rlb_schedulefree,GRAIN + Schedule-Free AdamW,1250,5.3072123527526855,201.78693283042304,1145.8942138049752
639,18l_1024d,c4_en,3407,rlb_fused_global_rational,GRAIN,schedule_free_adamw,Schedule-Free AdamW,rlb_schedulefree,GRAIN + Schedule-Free AdamW,1300,5.281316757202148,196.62861711210607,1192.0731754980516
639,18l_1024d,c4_en,3407,rlb_fused_global_rational,GRAIN,schedule_free_adamw,Schedule-Free AdamW,rlb_schedulefree,GRAIN + Schedule-Free AdamW,1350,5.2512922286987305,190.81268283731848,1238.4340487360023
639,18l_1024d,c4_en,3407,rlb_fused_global_rational,GRAIN,schedule_free_adamw,Schedule-Free AdamW,rlb_schedulefree,GRAIN + Schedule-Free AdamW,1400,5.229259967803955,186.65462196727893,1284.5880231189076
639,18l_1024d,c4_en,3407,rlb_fused_global_rational,GRAIN,schedule_free_adamw,Schedule-Free AdamW,rlb_schedulefree,GRAIN + Schedule-Free AdamW,1450,5.205776214599609,182.32233911901378,1330.675120393047
639,18l_1024d,c4_en,3407,rlb_fused_global_rational,GRAIN,schedule_free_adamw,Schedule-Free AdamW,rlb_schedulefree,GRAIN + Schedule-Free AdamW,1500,5.183528423309326,178.31085852252346,1376.396176531911
639,18l_1024d,c4_en,3407,rlb_fused_global_rational,GRAIN,schedule_free_adamw,Schedule-Free AdamW,rlb_schedulefree,GRAIN + Schedule-Free AdamW,1550,5.162920951843262,174.67392529873035,1422.092731691897
639,18l_1024d,c4_en,3407,rlb_fused_global_rational,GRAIN,schedule_free_adamw,Schedule-Free AdamW,rlb_schedulefree,GRAIN + Schedule-Free AdamW,1600,5.14368200302124,171.34550292696542,1467.6251125088893
639,18l_1024d,c4_en,3407,rlb_fused_global_rational,GRAIN,schedule_free_adamw,Schedule-Free AdamW,rlb_schedulefree,GRAIN + Schedule-Free AdamW,1650,5.1225128173828125,167.75638158821076,1513.24184946483
639,18l_1024d,c4_en,3407,rlb_fused_global_rational,GRAIN,schedule_free_adamw,Schedule-Free AdamW,rlb_schedulefree,GRAIN + Schedule-Free AdamW,1700,5.105894565582275,164.9916003412877,1558.674250231823
639,18l_1024d,c4_en,3407,rlb_fused_global_rational,GRAIN,schedule_free_adamw,Schedule-Free AdamW,rlb_schedulefree,GRAIN + Schedule-Free AdamW,1750,5.088926792144775,162.2156774627785,1604.202888773987
639,18l_1024d,c4_en,3407,rlb_fused_global_rational,GRAIN,schedule_free_adamw,Schedule-Free AdamW,rlb_schedulefree,GRAIN + Schedule-Free AdamW,1800,5.073678970336914,159.7610034923532,1649.5926998630166
639,18l_1024d,c4_en,3407,rlb_fused_global_rational,GRAIN,schedule_free_adamw,Schedule-Free AdamW,rlb_schedulefree,GRAIN + Schedule-Free AdamW,1850,5.05866003036499,157.37949123191046,1695.0783335550223
639,18l_1024d,c4_en,3407,rlb_fused_global_rational,GRAIN,schedule_free_adamw,Schedule-Free AdamW,rlb_schedulefree,GRAIN + Schedule-Free AdamW,1900,5.044378280639648,155.14781080942203,1740.4464920838363
639,18l_1024d,c4_en,3407,rlb_fused_global_rational,GRAIN,schedule_free_adamw,Schedule-Free AdamW,rlb_schedulefree,GRAIN + Schedule-Free AdamW,1950,5.032095909118652,153.25388253101272,1785.9499197199475
639,18l_1024d,c4_en,3407,rlb_fused_global_rational,GRAIN,schedule_free_adamw,Schedule-Free AdamW,rlb_schedulefree,GRAIN + Schedule-Free AdamW,2000,5.018336772918701,151.15968172349443,1831.3391567708459
639,18l_1024d,c4_en,3407,rlb_fused_global_rational,GRAIN,schedule_free_adamw,Schedule-Free AdamW,rlb_schedulefree,GRAIN + Schedule-Free AdamW,2050,5.005720138549805,149.26453560962912,1876.975871225819
639,18l_1024d,c4_en,3407,rlb_fused_global_rational,GRAIN,schedule_free_adamw,Schedule-Free AdamW,rlb_schedulefree,GRAIN + Schedule-Free AdamW,2100,4.994096279144287,147.53955054783142,1922.577747532865
639,18l_1024d,c4_en,3407,rlb_fused_global_rational,GRAIN,schedule_free_adamw,Schedule-Free AdamW,rlb_schedulefree,GRAIN + Schedule-Free AdamW,2150,4.983975887298584,146.05392273146805,1968.469295333838
639,18l_1024d,c4_en,3407,rlb_fused_global_rational,GRAIN,schedule_free_adamw,Schedule-Free AdamW,rlb_schedulefree,GRAIN + Schedule-Free AdamW,2200,4.97206449508667,144.3245373149499,2014.3201119189616
639,18l_1024d,c4_en,3407,rlb_fused_global_rational,GRAIN,schedule_free_adamw,Schedule-Free AdamW,rlb_schedulefree,GRAIN + Schedule-Free AdamW,2250,4.961931228637695,142.869443202496,2060.3874211278744
639,18l_1024d,c4_en,3407,rlb_fused_global_rational,GRAIN,schedule_free_adamw,Schedule-Free AdamW,rlb_schedulefree,GRAIN + Schedule-Free AdamW,2300,4.952494144439697,141.52751414559592,2106.403840431012
639,18l_1024d,c4_en,3407,rlb_fused_global_rational,GRAIN,schedule_free_adamw,Schedule-Free AdamW,rlb_schedulefree,GRAIN + Schedule-Free AdamW,2350,4.943613052368164,140.2761601816068,2152.666671023937
639,18l_1024d,c4_en,3407,rlb_fused_global_rational,GRAIN,schedule_free_adamw,Schedule-Free AdamW,rlb_schedulefree,GRAIN + Schedule-Free AdamW,2400,4.935608863830566,139.15784492186347,2198.7785201608203
639,18l_1024d,c4_en,3407,rlb_fused_global_rational,GRAIN,schedule_free_adamw,Schedule-Free AdamW,rlb_schedulefree,GRAIN + Schedule-Free AdamW,2450,4.927478790283203,138.03106800404007,2245.136315190932
639,18l_1024d,c4_en,3407,rlb_fused_global_rational,GRAIN,schedule_free_adamw,Schedule-Free AdamW,rlb_schedulefree,GRAIN + Schedule-Free AdamW,2500,4.920506477355957,137.07201948262988,2291.254827921046
639,18l_1024d,c4_en,3407,rlb_fused_global_rational,GRAIN,schedule_free_adamw,Schedule-Free AdamW,rlb_schedulefree,GRAIN + Schedule-Free AdamW,2550,4.912883758544922,136.03113026430592,2337.2358926078305
639,18l_1024d,c4_en,3407,rlb_fused_global_rational,GRAIN,schedule_free_adamw,Schedule-Free AdamW,rlb_schedulefree,GRAIN + Schedule-Free AdamW,2600,4.905380725860596,135.014303659697,2382.981618972961
639,18l_1024d,c4_en,3407,rlb_fused_global_rational,GRAIN,schedule_free_adamw,Schedule-Free AdamW,rlb_schedulefree,GRAIN + Schedule-Free AdamW,2650,4.898655414581299,134.10933694281587,2428.7216643099673
639,18l_1024d,c4_en,3407,rlb_fused_global_rational,GRAIN,schedule_free_adamw,Schedule-Free AdamW,rlb_schedulefree,GRAIN + Schedule-Free AdamW,2700,4.892261981964111,133.25465302708335,2474.2400855249725
639,18l_1024d,c4_en,3407,rlb_fused_global_rational,GRAIN,schedule_free_adamw,Schedule-Free AdamW,rlb_schedulefree,GRAIN + Schedule-Free AdamW,2750,4.885753631591797,132.39020118558787,2519.830550554907
639,18l_1024d,c4_en,3407,rlb_fused_global_rational,GRAIN,schedule_free_adamw,Schedule-Free AdamW,rlb_schedulefree,GRAIN + Schedule-Free AdamW,2800,4.880119800567627,131.64643425871182,2565.2069989638403
639,18l_1024d,c4_en,3407,rlb_fused_global_rational,GRAIN,schedule_free_adamw,Schedule-Free AdamW,rlb_schedulefree,GRAIN + Schedule-Free AdamW,2850,4.874687194824219,130.93319022485173,2610.7430037988815
639,18l_1024d,c4_en,3407,rlb_fused_global_rational,GRAIN,schedule_free_adamw,Schedule-Free AdamW,rlb_schedulefree,GRAIN + Schedule-Free AdamW,2900,4.869381427764893,130.24032892292402,2656.1244352199137
639,18l_1024d,c4_en,3407,rlb_fused_global_rational,GRAIN,schedule_free_adamw,Schedule-Free AdamW,rlb_schedulefree,GRAIN + Schedule-Free AdamW,2950,4.863838195800781,129.52037385113468,2701.5844382198993
639,18l_1024d,c4_en,3407,rlb_fused_global_rational,GRAIN,schedule_free_adamw,Schedule-Free AdamW,rlb_schedulefree,GRAIN + Schedule-Free AdamW,3000,4.859224319458008,128.92415934998374,2746.9632863169536
639,18l_1024d,c4_en,3407,rlb_fused_global_rational,GRAIN,schedule_free_adamw,Schedule-Free AdamW,rlb_schedulefree,GRAIN + Schedule-Free AdamW,3050,4.854841709136963,128.3603713325787,2792.4355534058996
638,18l_1024d,c4_en,3407,silu,SwiGLU,schedule_free_adamw,Schedule-Free AdamW,silu_schedulefree,SwiGLU + Schedule-Free AdamW,1,11.020794868469238,61132.25240363769,1.554778354940936
638,18l_1024d,c4_en,3407,silu,SwiGLU,schedule_free_adamw,Schedule-Free AdamW,silu_schedulefree,SwiGLU + Schedule-Free AdamW,50,8.725117683410645,6155.6010330387135,35.08677152986638
638,18l_1024d,c4_en,3407,silu,SwiGLU,schedule_free_adamw,Schedule-Free AdamW,silu_schedulefree,SwiGLU + Schedule-Free AdamW,100,7.532438278198242,1867.653815858838,69.27132797893137
638,18l_1024d,c4_en,3407,silu,SwiGLU,schedule_free_adamw,Schedule-Free AdamW,silu_schedulefree,SwiGLU + Schedule-Free AdamW,150,7.16158390045166,1288.9508868292503,103.49554791185074
638,18l_1024d,c4_en,3407,silu,SwiGLU,schedule_free_adamw,Schedule-Free AdamW,silu_schedulefree,SwiGLU + Schedule-Free AdamW,200,6.835643768310547,930.427137471267,137.73797439294867
638,18l_1024d,c4_en,3407,silu,SwiGLU,schedule_free_adamw,Schedule-Free AdamW,silu_schedulefree,SwiGLU + Schedule-Free AdamW,250,6.5973992347717285,733.1858631649781,171.99322611792013
638,18l_1024d,c4_en,3407,silu,SwiGLU,schedule_free_adamw,Schedule-Free AdamW,silu_schedulefree,SwiGLU + Schedule-Free AdamW,300,6.436766624450684,624.3846623077733,206.24915463896468
638,18l_1024d,c4_en,3407,silu,SwiGLU,schedule_free_adamw,Schedule-Free AdamW,silu_schedulefree,SwiGLU + Schedule-Free AdamW,350,6.282289505004883,535.0121757267965,240.50080639100634
638,18l_1024d,c4_en,3407,silu,SwiGLU,schedule_free_adamw,Schedule-Free AdamW,silu_schedulefree,SwiGLU + Schedule-Free AdamW,400,6.1737470626831055,479.9812605807683,274.75091600301675
638,18l_1024d,c4_en,3407,silu,SwiGLU,schedule_free_adamw,Schedule-Free AdamW,silu_schedulefree,SwiGLU + Schedule-Free AdamW,450,6.069604396820068,432.50954557415525,309.023348222021
638,18l_1024d,c4_en,3407,silu,SwiGLU,schedule_free_adamw,Schedule-Free AdamW,silu_schedulefree,SwiGLU + Schedule-Free AdamW,500,5.9896745681762695,399.28464885005883,343.7625057909172
638,18l_1024d,c4_en,3407,silu,SwiGLU,schedule_free_adamw,Schedule-Free AdamW,silu_schedulefree,SwiGLU + Schedule-Free AdamW,550,5.912657737731934,369.6873830158205,378.004331625998
638,18l_1024d,c4_en,3407,silu,SwiGLU,schedule_free_adamw,Schedule-Free AdamW,silu_schedulefree,SwiGLU + Schedule-Free AdamW,600,5.834368705749512,341.8488586979771,412.2640735239256
638,18l_1024d,c4_en,3407,silu,SwiGLU,schedule_free_adamw,Schedule-Free AdamW,silu_schedulefree,SwiGLU + Schedule-Free AdamW,650,5.766823768615723,319.5212457943631,446.5266530548688
638,18l_1024d,c4_en,3407,silu,SwiGLU,schedule_free_adamw,Schedule-Free AdamW,silu_schedulefree,SwiGLU + Schedule-Free AdamW,700,5.705257415771484,300.4428088127713,480.7876827439759
638,18l_1024d,c4_en,3407,silu,SwiGLU,schedule_free_adamw,Schedule-Free AdamW,silu_schedulefree,SwiGLU + Schedule-Free AdamW,750,5.644132614135742,282.6283020791065,515.0444476369303
638,18l_1024d,c4_en,3407,silu,SwiGLU,schedule_free_adamw,Schedule-Free AdamW,silu_schedulefree,SwiGLU + Schedule-Free AdamW,800,5.598757743835449,270.0906771291606,549.3118832169566
638,18l_1024d,c4_en,3407,silu,SwiGLU,schedule_free_adamw,Schedule-Free AdamW,silu_schedulefree,SwiGLU + Schedule-Free AdamW,850,5.551092624664307,257.51877360866536,583.5768916709349
638,18l_1024d,c4_en,3407,silu,SwiGLU,schedule_free_adamw,Schedule-Free AdamW,silu_schedulefree,SwiGLU + Schedule-Free AdamW,900,5.511937618255615,247.6304758508316,617.836895735003
638,18l_1024d,c4_en,3407,silu,SwiGLU,schedule_free_adamw,Schedule-Free AdamW,silu_schedulefree,SwiGLU + Schedule-Free AdamW,950,5.472681045532227,238.09768854580315,652.0914561809041
638,18l_1024d,c4_en,3407,silu,SwiGLU,schedule_free_adamw,Schedule-Free AdamW,silu_schedulefree,SwiGLU + Schedule-Free AdamW,1000,5.439091682434082,230.2329638108024,686.3425617639441
638,18l_1024d,c4_en,3407,silu,SwiGLU,schedule_free_adamw,Schedule-Free AdamW,silu_schedulefree,SwiGLU + Schedule-Free AdamW,1050,5.405676364898682,222.66677355340474,720.6335259838961
638,18l_1024d,c4_en,3407,silu,SwiGLU,schedule_free_adamw,Schedule-Free AdamW,silu_schedulefree,SwiGLU + Schedule-Free AdamW,1100,5.375189781188965,215.98085752531452,754.8835129188374
638,18l_1024d,c4_en,3407,silu,SwiGLU,schedule_free_adamw,Schedule-Free AdamW,silu_schedulefree,SwiGLU + Schedule-Free AdamW,1150,5.342879295349121,209.11394511701607,789.1385296250228
638,18l_1024d,c4_en,3407,silu,SwiGLU,schedule_free_adamw,Schedule-Free AdamW,silu_schedulefree,SwiGLU + Schedule-Free AdamW,1200,5.31231689453125,202.81959605342186,823.3965218758676
638,18l_1024d,c4_en,3407,silu,SwiGLU,schedule_free_adamw,Schedule-Free AdamW,silu_schedulefree,SwiGLU + Schedule-Free AdamW,1250,5.288440227508545,198.03429593906188,857.6575370780192
638,18l_1024d,c4_en,3407,silu,SwiGLU,schedule_free_adamw,Schedule-Free AdamW,silu_schedulefree,SwiGLU + Schedule-Free AdamW,1300,5.260702133178711,192.6166863955011,891.9219572639558
638,18l_1024d,c4_en,3407,silu,SwiGLU,schedule_free_adamw,Schedule-Free AdamW,silu_schedulefree,SwiGLU + Schedule-Free AdamW,1350,5.234005451202393,187.5424934004298,926.1749472708907
638,18l_1024d,c4_en,3407,silu,SwiGLU,schedule_free_adamw,Schedule-Free AdamW,silu_schedulefree,SwiGLU + Schedule-Free AdamW,1400,5.2114176750183105,183.3538101444421,960.4253017879091
638,18l_1024d,c4_en,3407,silu,SwiGLU,schedule_free_adamw,Schedule-Free AdamW,silu_schedulefree,SwiGLU + Schedule-Free AdamW,1450,5.190202236175537,179.50485163593834,994.6762261909898
638,18l_1024d,c4_en,3407,silu,SwiGLU,schedule_free_adamw,Schedule-Free AdamW,silu_schedulefree,SwiGLU + Schedule-Free AdamW,1500,5.1693854331970215,175.80675927883647,1028.9371328209527
638,18l_1024d,c4_en,3407,silu,SwiGLU,schedule_free_adamw,Schedule-Free AdamW,silu_schedulefree,SwiGLU + Schedule-Free AdamW,1550,5.149476051330566,172.34116873093797,1063.207292265026
638,18l_1024d,c4_en,3407,silu,SwiGLU,schedule_free_adamw,Schedule-Free AdamW,silu_schedulefree,SwiGLU + Schedule-Free AdamW,1600,5.1316375732421875,169.29412270067292,1097.554867733037
638,18l_1024d,c4_en,3407,silu,SwiGLU,schedule_free_adamw,Schedule-Free AdamW,silu_schedulefree,SwiGLU + Schedule-Free AdamW,1650,5.111998558044434,166.00178777781667,1131.879126746906
638,18l_1024d,c4_en,3407,silu,SwiGLU,schedule_free_adamw,Schedule-Free AdamW,silu_schedulefree,SwiGLU + Schedule-Free AdamW,1700,5.094694137573242,163.15393433364494,1166.2084177930374
638,18l_1024d,c4_en,3407,silu,SwiGLU,schedule_free_adamw,Schedule-Free AdamW,silu_schedulefree,SwiGLU + Schedule-Free AdamW,1750,5.078983306884766,160.61068111793188,1200.4651328220498
638,18l_1024d,c4_en,3407,silu,SwiGLU,schedule_free_adamw,Schedule-Free AdamW,silu_schedulefree,SwiGLU + Schedule-Free AdamW,1800,5.063145160675049,158.08694408137572,1234.7306226678193
638,18l_1024d,c4_en,3407,silu,SwiGLU,schedule_free_adamw,Schedule-Free AdamW,silu_schedulefree,SwiGLU + Schedule-Free AdamW,1850,5.0485076904296875,155.7898043131374,1268.9886161419563
638,18l_1024d,c4_en,3407,silu,SwiGLU,schedule_free_adamw,Schedule-Free AdamW,silu_schedulefree,SwiGLU + Schedule-Free AdamW,1900,5.034491062164307,153.62138897591433,1303.2396519219037
638,18l_1024d,c4_en,3407,silu,SwiGLU,schedule_free_adamw,Schedule-Free AdamW,silu_schedulefree,SwiGLU + Schedule-Free AdamW,1950,5.022939682006836,151.85705974881904,1337.4943459518254
638,18l_1024d,c4_en,3407,silu,SwiGLU,schedule_free_adamw,Schedule-Free AdamW,silu_schedulefree,SwiGLU + Schedule-Free AdamW,2000,5.009772300720215,149.87060683434683,1371.7434125319123
638,18l_1024d,c4_en,3407,silu,SwiGLU,schedule_free_adamw,Schedule-Free AdamW,silu_schedulefree,SwiGLU + Schedule-Free AdamW,2050,4.997481822967529,148.03989865918965,1406.0109670448583
638,18l_1024d,c4_en,3407,silu,SwiGLU,schedule_free_adamw,Schedule-Free AdamW,silu_schedulefree,SwiGLU + Schedule-Free AdamW,2100,4.9856743812561035,146.30220523017258,1440.2994778228458
638,18l_1024d,c4_en,3407,silu,SwiGLU,schedule_free_adamw,Schedule-Free AdamW,silu_schedulefree,SwiGLU + Schedule-Free AdamW,2150,4.975245952606201,144.78443087745214,1474.5537954128813
638,18l_1024d,c4_en,3407,silu,SwiGLU,schedule_free_adamw,Schedule-Free AdamW,silu_schedulefree,SwiGLU + Schedule-Free AdamW,2200,4.9644317626953125,143.2271401413255,1508.8065905019175
638,18l_1024d,c4_en,3407,silu,SwiGLU,schedule_free_adamw,Schedule-Free AdamW,silu_schedulefree,SwiGLU + Schedule-Free AdamW,2250,4.954342842102051,141.78939772735202,1543.0784290449228
638,18l_1024d,c4_en,3407,silu,SwiGLU,schedule_free_adamw,Schedule-Free AdamW,silu_schedulefree,SwiGLU + Schedule-Free AdamW,2300,4.9453606605529785,140.52152228323564,1577.3297663920093
638,18l_1024d,c4_en,3407,silu,SwiGLU,schedule_free_adamw,Schedule-Free AdamW,silu_schedulefree,SwiGLU + Schedule-Free AdamW,2350,4.936326026916504,139.257679585949,1611.5822021549102
638,18l_1024d,c4_en,3407,silu,SwiGLU,schedule_free_adamw,Schedule-Free AdamW,silu_schedulefree,SwiGLU + Schedule-Free AdamW,2400,4.928933143615723,138.2319599963426,1645.8359610568732
638,18l_1024d,c4_en,3407,silu,SwiGLU,schedule_free_adamw,Schedule-Free AdamW,silu_schedulefree,SwiGLU + Schedule-Free AdamW,2450,4.920774459838867,137.10875730507493,1680.0823497399688
638,18l_1024d,c4_en,3407,silu,SwiGLU,schedule_free_adamw,Schedule-Free AdamW,silu_schedulefree,SwiGLU + Schedule-Free AdamW,2500,4.914279937744141,136.2211867444059,1714.3306097609457
638,18l_1024d,c4_en,3407,silu,SwiGLU,schedule_free_adamw,Schedule-Free AdamW,silu_schedulefree,SwiGLU + Schedule-Free AdamW,2550,4.9067487716674805,135.1991358122869,1748.5877761908341
638,18l_1024d,c4_en,3407,silu,SwiGLU,schedule_free_adamw,Schedule-Free AdamW,silu_schedulefree,SwiGLU + Schedule-Free AdamW,2600,4.899709701538086,134.25080122640918,1782.834291596897
638,18l_1024d,c4_en,3407,silu,SwiGLU,schedule_free_adamw,Schedule-Free AdamW,silu_schedulefree,SwiGLU + Schedule-Free AdamW,2650,4.892962455749512,133.3480271175448,1817.0832319089677
638,18l_1024d,c4_en,3407,silu,SwiGLU,schedule_free_adamw,Schedule-Free AdamW,silu_schedulefree,SwiGLU + Schedule-Free AdamW,2700,4.886537075042725,132.49396206175595,1851.340944109019
638,18l_1024d,c4_en,3407,silu,SwiGLU,schedule_free_adamw,Schedule-Free AdamW,silu_schedulefree,SwiGLU + Schedule-Free AdamW,2750,4.880512237548828,131.6981073265064,1885.5960270608775
638,18l_1024d,c4_en,3407,silu,SwiGLU,schedule_free_adamw,Schedule-Free AdamW,silu_schedulefree,SwiGLU + Schedule-Free AdamW,2800,4.875018119812012,130.97652645935452,1919.8398879279848
638,18l_1024d,c4_en,3407,silu,SwiGLU,schedule_free_adamw,Schedule-Free AdamW,silu_schedulefree,SwiGLU + Schedule-Free AdamW,2850,4.869450569152832,130.2493342313476,1954.0891857850365
638,18l_1024d,c4_en,3407,silu,SwiGLU,schedule_free_adamw,Schedule-Free AdamW,silu_schedulefree,SwiGLU + Schedule-Free AdamW,2900,4.86443567276001,129.59778241287466,1988.3398663219996
638,18l_1024d,c4_en,3407,silu,SwiGLU,schedule_free_adamw,Schedule-Free AdamW,silu_schedulefree,SwiGLU + Schedule-Free AdamW,2950,4.858818054199219,128.87179258114097,2022.5963303649332
638,18l_1024d,c4_en,3407,silu,SwiGLU,schedule_free_adamw,Schedule-Free AdamW,silu_schedulefree,SwiGLU + Schedule-Free AdamW,3000,4.85394287109375,128.24504798385482,2056.8375297139864
638,18l_1024d,c4_en,3407,silu,SwiGLU,schedule_free_adamw,Schedule-Free AdamW,silu_schedulefree,SwiGLU + Schedule-Free AdamW,3050,4.849845886230469,127.72070480993482,2091.082533944864
443,18l_1024d,dclm,1337,rlb_fused_global_rational,GRAIN,schedule_free_adamw,Schedule-Free AdamW,rlb_schedulefree,GRAIN + Schedule-Free AdamW,1,11.075109481811523,64544.45445962071,2.3787122699432075
443,18l_1024d,dclm,1337,rlb_fused_global_rational,GRAIN,schedule_free_adamw,Schedule-Free AdamW,rlb_schedulefree,GRAIN + Schedule-Free AdamW,50,8.382780075073242,4371.144158874776,47.47554893279448
443,18l_1024d,dclm,1337,rlb_fused_global_rational,GRAIN,schedule_free_adamw,Schedule-Free AdamW,rlb_schedulefree,GRAIN + Schedule-Free AdamW,100,7.228754997253418,1378.505192529197,93.22517456486821
443,18l_1024d,dclm,1337,rlb_fused_global_rational,GRAIN,schedule_free_adamw,Schedule-Free AdamW,rlb_schedulefree,GRAIN + Schedule-Free AdamW,150,6.835803985595703,930.5762199237423,139.2278426005505
443,18l_1024d,dclm,1337,rlb_fused_global_rational,GRAIN,schedule_free_adamw,Schedule-Free AdamW,rlb_schedulefree,GRAIN + Schedule-Free AdamW,200,6.52327823638916,680.8065759674602,185.24893759656698
443,18l_1024d,dclm,1337,rlb_fused_global_rational,GRAIN,schedule_free_adamw,Schedule-Free AdamW,rlb_schedulefree,GRAIN + Schedule-Free AdamW,250,6.301841735839844,545.5757918889279,231.37400805065408
443,18l_1024d,dclm,1337,rlb_fused_global_rational,GRAIN,schedule_free_adamw,Schedule-Free AdamW,rlb_schedulefree,GRAIN + Schedule-Free AdamW,300,6.140571594238281,464.3188970288642,277.3588182069361
443,18l_1024d,dclm,1337,rlb_fused_global_rational,GRAIN,schedule_free_adamw,Schedule-Free AdamW,rlb_schedulefree,GRAIN + Schedule-Free AdamW,350,6.016450881958008,410.120443814107,323.63843948580325
443,18l_1024d,dclm,1337,rlb_fused_global_rational,GRAIN,schedule_free_adamw,Schedule-Free AdamW,rlb_schedulefree,GRAIN + Schedule-Free AdamW,400,5.908853530883789,368.28368740875493,369.6660695075989
443,18l_1024d,dclm,1337,rlb_fused_global_rational,GRAIN,schedule_free_adamw,Schedule-Free AdamW,rlb_schedulefree,GRAIN + Schedule-Free AdamW,450,5.807381629943848,332.74672997155335,415.80417617969215
443,18l_1024d,dclm,1337,rlb_fused_global_rational,GRAIN,schedule_free_adamw,Schedule-Free AdamW,rlb_schedulefree,GRAIN + Schedule-Free AdamW,500,5.733365058898926,309.0073487257481,461.76866725692526
443,18l_1024d,dclm,1337,rlb_fused_global_rational,GRAIN,schedule_free_adamw,Schedule-Free AdamW,rlb_schedulefree,GRAIN + Schedule-Free AdamW,550,5.656684875488281,286.1982851994666,507.87111314572394
443,18l_1024d,dclm,1337,rlb_fused_global_rational,GRAIN,schedule_free_adamw,Schedule-Free AdamW,rlb_schedulefree,GRAIN + Schedule-Free AdamW,600,5.592015266418457,268.2757223596502,553.8471341258846
443,18l_1024d,dclm,1337,rlb_fused_global_rational,GRAIN,schedule_free_adamw,Schedule-Free AdamW,rlb_schedulefree,GRAIN + Schedule-Free AdamW,650,5.534282684326172,253.22607943800787,600.0358921466395
443,18l_1024d,dclm,1337,rlb_fused_global_rational,GRAIN,schedule_free_adamw,Schedule-Free AdamW,rlb_schedulefree,GRAIN + Schedule-Free AdamW,700,5.4888691902160645,241.9834148707147,645.9812614568509
443,18l_1024d,dclm,1337,rlb_fused_global_rational,GRAIN,schedule_free_adamw,Schedule-Free AdamW,rlb_schedulefree,GRAIN + Schedule-Free AdamW,750,5.4350714683532715,229.30923604362803,692.1787715340033
443,18l_1024d,dclm,1337,rlb_fused_global_rational,GRAIN,schedule_free_adamw,Schedule-Free AdamW,rlb_schedulefree,GRAIN + Schedule-Free AdamW,800,5.392542839050293,219.761493771654,738.2576626129448
443,18l_1024d,dclm,1337,rlb_fused_global_rational,GRAIN,schedule_free_adamw,Schedule-Free AdamW,rlb_schedulefree,GRAIN + Schedule-Free AdamW,850,5.352520942687988,211.13989910180055,784.448760682717
443,18l_1024d,dclm,1337,rlb_fused_global_rational,GRAIN,schedule_free_adamw,Schedule-Free AdamW,rlb_schedulefree,GRAIN + Schedule-Free AdamW,900,5.313287734985352,203.0165971349915,830.4258661186323
443,18l_1024d,dclm,1337,rlb_fused_global_rational,GRAIN,schedule_free_adamw,Schedule-Free AdamW,rlb_schedulefree,GRAIN + Schedule-Free AdamW,950,5.274127006530762,195.21997633620273,876.537852503825
443,18l_1024d,dclm,1337,rlb_fused_global_rational,GRAIN,schedule_free_adamw,Schedule-Free AdamW,rlb_schedulefree,GRAIN + Schedule-Free AdamW,1000,5.243226051330566,189.2797446804729,922.4943285095505
443,18l_1024d,dclm,1337,rlb_fused_global_rational,GRAIN,schedule_free_adamw,Schedule-Free AdamW,rlb_schedulefree,GRAIN + Schedule-Free AdamW,1050,5.213267803192139,183.69335219567301,968.5947325299494
443,18l_1024d,dclm,1337,rlb_fused_global_rational,GRAIN,schedule_free_adamw,Schedule-Free AdamW,rlb_schedulefree,GRAIN + Schedule-Free AdamW,1100,5.190898418426514,179.62986323799163,1014.6467041336
443,18l_1024d,dclm,1337,rlb_fused_global_rational,GRAIN,schedule_free_adamw,Schedule-Free AdamW,rlb_schedulefree,GRAIN + Schedule-Free AdamW,1150,5.162822246551514,174.65668490884582,1060.7840919056907
443,18l_1024d,dclm,1337,rlb_fused_global_rational,GRAIN,schedule_free_adamw,Schedule-Free AdamW,rlb_schedulefree,GRAIN + Schedule-Free AdamW,1200,5.130335807800293,169.07388484234295,1106.706742579583
443,18l_1024d,dclm,1337,rlb_fused_global_rational,GRAIN,schedule_free_adamw,Schedule-Free AdamW,rlb_schedulefree,GRAIN + Schedule-Free AdamW,1250,5.106076240539551,165.02157790623446,1152.9519391958602
443,18l_1024d,dclm,1337,rlb_fused_global_rational,GRAIN,schedule_free_adamw,Schedule-Free AdamW,rlb_schedulefree,GRAIN + Schedule-Free AdamW,1300,5.083366870880127,161.31627369218586,1198.941020804923
443,18l_1024d,dclm,1337,rlb_fused_global_rational,GRAIN,schedule_free_adamw,Schedule-Free AdamW,rlb_schedulefree,GRAIN + Schedule-Free AdamW,1350,5.059032440185547,157.4381118147623,1245.066191532649
443,18l_1024d,dclm,1337,rlb_fused_global_rational,GRAIN,schedule_free_adamw,Schedule-Free AdamW,rlb_schedulefree,GRAIN + Schedule-Free AdamW,1400,5.040196418762207,154.50035881498752,1291.1330235856585
443,18l_1024d,dclm,1337,rlb_fused_global_rational,GRAIN,schedule_free_adamw,Schedule-Free AdamW,rlb_schedulefree,GRAIN + Schedule-Free AdamW,1450,5.019400596618652,151.32057454101135,1337.256063327659
443,18l_1024d,dclm,1337,rlb_fused_global_rational,GRAIN,schedule_free_adamw,Schedule-Free AdamW,rlb_schedulefree,GRAIN + Schedule-Free AdamW,1500,4.99870491027832,148.2210751554815,1383.2123807328753
443,18l_1024d,dclm,1337,rlb_fused_global_rational,GRAIN,schedule_free_adamw,Schedule-Free AdamW,rlb_schedulefree,GRAIN + Schedule-Free AdamW,1550,4.98089075088501,145.6040208173424,1429.4668926745653
443,18l_1024d,dclm,1337,rlb_fused_global_rational,GRAIN,schedule_free_adamw,Schedule-Free AdamW,rlb_schedulefree,GRAIN + Schedule-Free AdamW,1600,4.964677333831787,143.262316911927,1475.430577909574
443,18l_1024d,dclm,1337,rlb_fused_global_rational,GRAIN,schedule_free_adamw,Schedule-Free AdamW,rlb_schedulefree,GRAIN + Schedule-Free AdamW,1650,4.948332786560059,140.93979122026164,1521.611222805921
443,18l_1024d,dclm,1337,rlb_fused_global_rational,GRAIN,schedule_free_adamw,Schedule-Free AdamW,rlb_schedulefree,GRAIN + Schedule-Free AdamW,1700,4.9359588623046875,139.20655847958628,1567.7232783120126
443,18l_1024d,dclm,1337,rlb_fused_global_rational,GRAIN,schedule_free_adamw,Schedule-Free AdamW,rlb_schedulefree,GRAIN + Schedule-Free AdamW,1750,4.918403148651123,136.78401495969007,1613.871866857633
443,18l_1024d,dclm,1337,rlb_fused_global_rational,GRAIN,schedule_free_adamw,Schedule-Free AdamW,rlb_schedulefree,GRAIN + Schedule-Free AdamW,1800,4.905385971069336,135.0150118397599,1659.7882420956157
443,18l_1024d,dclm,1337,rlb_fused_global_rational,GRAIN,schedule_free_adamw,Schedule-Free AdamW,rlb_schedulefree,GRAIN + Schedule-Free AdamW,1850,4.891561985015869,133.16140781611435,1706.0042678005993
443,18l_1024d,dclm,1337,rlb_fused_global_rational,GRAIN,schedule_free_adamw,Schedule-Free AdamW,rlb_schedulefree,GRAIN + Schedule-Free AdamW,1900,4.880591869354248,131.7085951021379,1751.9605706469156
443,18l_1024d,dclm,1337,rlb_fused_global_rational,GRAIN,schedule_free_adamw,Schedule-Free AdamW,rlb_schedulefree,GRAIN + Schedule-Free AdamW,1950,4.868523120880127,130.12859071163305,1798.1083271508105
443,18l_1024d,dclm,1337,rlb_fused_global_rational,GRAIN,schedule_free_adamw,Schedule-Free AdamW,rlb_schedulefree,GRAIN + Schedule-Free AdamW,2000,4.8560991287231445,128.52187569567693,1844.0560978818685
443,18l_1024d,dclm,1337,rlb_fused_global_rational,GRAIN,schedule_free_adamw,Schedule-Free AdamW,rlb_schedulefree,GRAIN + Schedule-Free AdamW,2050,4.846707344055176,127.32047638665948,1890.2213951707818
443,18l_1024d,dclm,1337,rlb_fused_global_rational,GRAIN,schedule_free_adamw,Schedule-Free AdamW,rlb_schedulefree,GRAIN + Schedule-Free AdamW,2100,4.835923194885254,125.95481038517038,1936.203102370724
443,18l_1024d,dclm,1337,rlb_fused_global_rational,GRAIN,schedule_free_adamw,Schedule-Free AdamW,rlb_schedulefree,GRAIN + Schedule-Free AdamW,2150,4.826968193054199,124.83192007383511,1982.5066351448186
443,18l_1024d,dclm,1337,rlb_fused_global_rational,GRAIN,schedule_free_adamw,Schedule-Free AdamW,rlb_schedulefree,GRAIN + Schedule-Free AdamW,2200,4.818393707275391,123.76612639669953,2028.5439249179326
443,18l_1024d,dclm,1337,rlb_fused_global_rational,GRAIN,schedule_free_adamw,Schedule-Free AdamW,rlb_schedulefree,GRAIN + Schedule-Free AdamW,2250,4.809455871582031,122.66485392202276,2074.669703236781
443,18l_1024d,dclm,1337,rlb_fused_global_rational,GRAIN,schedule_free_adamw,Schedule-Free AdamW,rlb_schedulefree,GRAIN + Schedule-Free AdamW,2300,4.801546096801758,121.69842969169825,2120.7367385765538
443,18l_1024d,dclm,1337,rlb_fused_global_rational,GRAIN,schedule_free_adamw,Schedule-Free AdamW,rlb_schedulefree,GRAIN + Schedule-Free AdamW,2350,4.793636798858643,120.7396770801382,2166.8526876126416
443,18l_1024d,dclm,1337,rlb_fused_global_rational,GRAIN,schedule_free_adamw,Schedule-Free AdamW,rlb_schedulefree,GRAIN + Schedule-Free AdamW,2400,4.786553382873535,119.88744962561677,2212.8098804275505
443,18l_1024d,dclm,1337,rlb_fused_global_rational,GRAIN,schedule_free_adamw,Schedule-Free AdamW,rlb_schedulefree,GRAIN + Schedule-Free AdamW,2450,4.780030250549316,119.10795307132517,2258.984113731887
443,18l_1024d,dclm,1337,rlb_fused_global_rational,GRAIN,schedule_free_adamw,Schedule-Free AdamW,rlb_schedulefree,GRAIN + Schedule-Free AdamW,2500,4.773946762084961,118.38556077331516,2304.9600824797526
443,18l_1024d,dclm,1337,rlb_fused_global_rational,GRAIN,schedule_free_adamw,Schedule-Free AdamW,rlb_schedulefree,GRAIN + Schedule-Free AdamW,2550,4.768374919891357,117.72776936742358,2351.144800355658
443,18l_1024d,dclm,1337,rlb_fused_global_rational,GRAIN,schedule_free_adamw,Schedule-Free AdamW,rlb_schedulefree,GRAIN + Schedule-Free AdamW,2600,4.761895179748535,116.96739020452488,2397.3086848719977
443,18l_1024d,dclm,1337,rlb_fused_global_rational,GRAIN,schedule_free_adamw,Schedule-Free AdamW,rlb_schedulefree,GRAIN + Schedule-Free AdamW,2650,4.756366729736328,116.32252602686158,2443.4511202629656
443,18l_1024d,dclm,1337,rlb_fused_global_rational,GRAIN,schedule_free_adamw,Schedule-Free AdamW,rlb_schedulefree,GRAIN + Schedule-Free AdamW,2700,4.750877857208252,115.68579557410364,2489.4978165999055
443,18l_1024d,dclm,1337,rlb_fused_global_rational,GRAIN,schedule_free_adamw,Schedule-Free AdamW,rlb_schedulefree,GRAIN + Schedule-Free AdamW,2750,4.746265411376953,115.15342980652464,2535.6464563626796
443,18l_1024d,dclm,1337,rlb_fused_global_rational,GRAIN,schedule_free_adamw,Schedule-Free AdamW,rlb_schedulefree,GRAIN + Schedule-Free AdamW,2800,4.741082191467285,114.55810843010364,2581.656333012972
443,18l_1024d,dclm,1337,rlb_fused_global_rational,GRAIN,schedule_free_adamw,Schedule-Free AdamW,rlb_schedulefree,GRAIN + Schedule-Free AdamW,2850,4.737251281738281,114.12008620547967,2627.7968546939082
443,18l_1024d,dclm,1337,rlb_fused_global_rational,GRAIN,schedule_free_adamw,Schedule-Free AdamW,rlb_schedulefree,GRAIN + Schedule-Free AdamW,2900,4.732273578643799,113.55344176313268,2673.8675937736407
443,18l_1024d,dclm,1337,rlb_fused_global_rational,GRAIN,schedule_free_adamw,Schedule-Free AdamW,rlb_schedulefree,GRAIN + Schedule-Free AdamW,2950,4.728653430938721,113.14310472002082,2720.014884851873
443,18l_1024d,dclm,1337,rlb_fused_global_rational,GRAIN,schedule_free_adamw,Schedule-Free AdamW,rlb_schedulefree,GRAIN + Schedule-Free AdamW,3000,4.7242326736450195,112.64403047044993,2766.0034243636765
443,18l_1024d,dclm,1337,rlb_fused_global_rational,GRAIN,schedule_free_adamw,Schedule-Free AdamW,rlb_schedulefree,GRAIN + Schedule-Free AdamW,3050,4.720320224761963,112.20417747151842,2812.2817297349684
442,18l_1024d,dclm,1337,silu,SwiGLU,schedule_free_adamw,Schedule-Free AdamW,silu_schedulefree,SwiGLU + Schedule-Free AdamW,1,11.011853218078613,60588.06576417136,1.7780329282395542
442,18l_1024d,dclm,1337,silu,SwiGLU,schedule_free_adamw,Schedule-Free AdamW,silu_schedulefree,SwiGLU + Schedule-Free AdamW,50,8.543559074401855,5133.582689353133,38.458333631046116
442,18l_1024d,dclm,1337,silu,SwiGLU,schedule_free_adamw,Schedule-Free AdamW,silu_schedulefree,SwiGLU + Schedule-Free AdamW,100,7.369682312011719,1587.129490969795,76.05694130435586
442,18l_1024d,dclm,1337,silu,SwiGLU,schedule_free_adamw,Schedule-Free AdamW,silu_schedulefree,SwiGLU + Schedule-Free AdamW,150,6.945028305053711,1037.976376767154,113.7934544463642
442,18l_1024d,dclm,1337,silu,SwiGLU,schedule_free_adamw,Schedule-Free AdamW,silu_schedulefree,SwiGLU + Schedule-Free AdamW,200,6.5937886238098145,730.5433875966622,151.41742805205286
442,18l_1024d,dclm,1337,silu,SwiGLU,schedule_free_adamw,Schedule-Free AdamW,silu_schedulefree,SwiGLU + Schedule-Free AdamW,250,6.341368675231934,567.5726025786186,189.05445020226762
442,18l_1024d,dclm,1337,silu,SwiGLU,schedule_free_adamw,Schedule-Free AdamW,silu_schedulefree,SwiGLU + Schedule-Free AdamW,300,6.150341510772705,468.8774861556315,226.68282147403806
442,18l_1024d,dclm,1337,silu,SwiGLU,schedule_free_adamw,Schedule-Free AdamW,silu_schedulefree,SwiGLU + Schedule-Free AdamW,350,6.009392738342285,407.2359463952785,264.4355933223851
442,18l_1024d,dclm,1337,silu,SwiGLU,schedule_free_adamw,Schedule-Free AdamW,silu_schedulefree,SwiGLU + Schedule-Free AdamW,400,5.895018577575684,363.2235836498366,302.08072338905185
442,18l_1024d,dclm,1337,silu,SwiGLU,schedule_free_adamw,Schedule-Free AdamW,silu_schedulefree,SwiGLU + Schedule-Free AdamW,450,5.791414260864258,327.47583328757423,339.7535853651352
442,18l_1024d,dclm,1337,silu,SwiGLU,schedule_free_adamw,Schedule-Free AdamW,silu_schedulefree,SwiGLU + Schedule-Free AdamW,500,5.711764335632324,302.4041402856115,377.425830535125
442,18l_1024d,dclm,1337,silu,SwiGLU,schedule_free_adamw,Schedule-Free AdamW,silu_schedulefree,SwiGLU + Schedule-Free AdamW,550,5.644009590148926,282.5935341572856,415.2180521544069
442,18l_1024d,dclm,1337,silu,SwiGLU,schedule_free_adamw,Schedule-Free AdamW,silu_schedulefree,SwiGLU + Schedule-Free AdamW,600,5.565395355224609,261.2284613337078,452.8317354200408
442,18l_1024d,dclm,1337,silu,SwiGLU,schedule_free_adamw,Schedule-Free AdamW,silu_schedulefree,SwiGLU + Schedule-Free AdamW,650,5.507807731628418,246.60989894416466,490.4250548123382
442,18l_1024d,dclm,1337,silu,SwiGLU,schedule_free_adamw,Schedule-Free AdamW,silu_schedulefree,SwiGLU + Schedule-Free AdamW,700,5.455972671508789,234.15251381961767,528.0132241891697
442,18l_1024d,dclm,1337,silu,SwiGLU,schedule_free_adamw,Schedule-Free AdamW,silu_schedulefree,SwiGLU + Schedule-Free AdamW,750,5.408641338348389,223.32795433247654,565.7451744433492
442,18l_1024d,dclm,1337,silu,SwiGLU,schedule_free_adamw,Schedule-Free AdamW,silu_schedulefree,SwiGLU + Schedule-Free AdamW,800,5.365583896636963,213.91610311546424,603.3643176453188
442,18l_1024d,dclm,1337,silu,SwiGLU,schedule_free_adamw,Schedule-Free AdamW,silu_schedulefree,SwiGLU + Schedule-Free AdamW,850,5.324524879455566,205.3107899134501,640.9446096410975
442,18l_1024d,dclm,1337,silu,SwiGLU,schedule_free_adamw,Schedule-Free AdamW,silu_schedulefree,SwiGLU + Schedule-Free AdamW,900,5.288363456726074,198.0190932747743,678.6321505643427
442,18l_1024d,dclm,1337,silu,SwiGLU,schedule_free_adamw,Schedule-Free AdamW,silu_schedulefree,SwiGLU + Schedule-Free AdamW,950,5.2558488845825195,191.68413451614367,716.234929443337
442,18l_1024d,dclm,1337,silu,SwiGLU,schedule_free_adamw,Schedule-Free AdamW,silu_schedulefree,SwiGLU + Schedule-Free AdamW,1000,5.218487739562988,184.65472678002286,753.8198041482829
442,18l_1024d,dclm,1337,silu,SwiGLU,schedule_free_adamw,Schedule-Free AdamW,silu_schedulefree,SwiGLU + Schedule-Free AdamW,1050,5.187228202819824,178.97179128220134,791.500937613193
442,18l_1024d,dclm,1337,silu,SwiGLU,schedule_free_adamw,Schedule-Free AdamW,silu_schedulefree,SwiGLU + Schedule-Free AdamW,1100,5.1610236167907715,174.34282454136834,829.1266948771663
442,18l_1024d,dclm,1337,silu,SwiGLU,schedule_free_adamw,Schedule-Free AdamW,silu_schedulefree,SwiGLU + Schedule-Free AdamW,1150,5.135859489440918,170.01037922324653,866.7345910123549
442,18l_1024d,dclm,1337,silu,SwiGLU,schedule_free_adamw,Schedule-Free AdamW,silu_schedulefree,SwiGLU + Schedule-Free AdamW,1200,5.110799312591553,165.802830211977,904.3461254783906
442,18l_1024d,dclm,1337,silu,SwiGLU,schedule_free_adamw,Schedule-Free AdamW,silu_schedulefree,SwiGLU + Schedule-Free AdamW,1250,5.085326671600342,161.63273143732053,941.9316464853473
442,18l_1024d,dclm,1337,silu,SwiGLU,schedule_free_adamw,Schedule-Free AdamW,silu_schedulefree,SwiGLU + Schedule-Free AdamW,1300,5.063283443450928,158.10880629438242,979.6348006422631
442,18l_1024d,dclm,1337,silu,SwiGLU,schedule_free_adamw,Schedule-Free AdamW,silu_schedulefree,SwiGLU + Schedule-Free AdamW,1350,5.043423652648926,154.99977303826643,1017.2105371169746
442,18l_1024d,dclm,1337,silu,SwiGLU,schedule_free_adamw,Schedule-Free AdamW,silu_schedulefree,SwiGLU + Schedule-Free AdamW,1400,5.023797512054443,151.98738318730182,1054.794913043268
442,18l_1024d,dclm,1337,silu,SwiGLU,schedule_free_adamw,Schedule-Free AdamW,silu_schedulefree,SwiGLU + Schedule-Free AdamW,1450,5.002991676330566,148.85782805895064,1092.507621715311
442,18l_1024d,dclm,1337,silu,SwiGLU,schedule_free_adamw,Schedule-Free AdamW,silu_schedulefree,SwiGLU + Schedule-Free AdamW,1500,4.983846664428711,146.0350504438083,1130.1090128910728
442,18l_1024d,dclm,1337,silu,SwiGLU,schedule_free_adamw,Schedule-Free AdamW,silu_schedulefree,SwiGLU + Schedule-Free AdamW,1550,4.967772483825684,143.70642220294465,1167.7285876963288
442,18l_1024d,dclm,1337,silu,SwiGLU,schedule_free_adamw,Schedule-Free AdamW,silu_schedulefree,SwiGLU + Schedule-Free AdamW,1600,4.952395439147949,141.51354532043163,1205.3569710003212
442,18l_1024d,dclm,1337,silu,SwiGLU,schedule_free_adamw,Schedule-Free AdamW,silu_schedulefree,SwiGLU + Schedule-Free AdamW,1650,4.93654727935791,139.28849409630908,1243.0828727260232
442,18l_1024d,dclm,1337,silu,SwiGLU,schedule_free_adamw,Schedule-Free AdamW,silu_schedulefree,SwiGLU + Schedule-Free AdamW,1700,4.923375129699707,137.46579598648898,1280.7019259613007
442,18l_1024d,dclm,1337,silu,SwiGLU,schedule_free_adamw,Schedule-Free AdamW,silu_schedulefree,SwiGLU + Schedule-Free AdamW,1750,4.907157897949219,135.2544606486666,1318.306583231315
442,18l_1024d,dclm,1337,silu,SwiGLU,schedule_free_adamw,Schedule-Free AdamW,silu_schedulefree,SwiGLU + Schedule-Free AdamW,1800,4.894863128662109,133.60171911701815,1355.9024449181743
442,18l_1024d,dclm,1337,silu,SwiGLU,schedule_free_adamw,Schedule-Free AdamW,silu_schedulefree,SwiGLU + Schedule-Free AdamW,1850,4.881237506866455,131.79365856894358,1393.488872667309
442,18l_1024d,dclm,1337,silu,SwiGLU,schedule_free_adamw,Schedule-Free AdamW,silu_schedulefree,SwiGLU + Schedule-Free AdamW,1900,4.869808197021484,130.29592335342983,1431.1792498831637
442,18l_1024d,dclm,1337,silu,SwiGLU,schedule_free_adamw,Schedule-Free AdamW,silu_schedulefree,SwiGLU + Schedule-Free AdamW,1950,4.858643531799316,128.84930352909873,1468.7866357034072
442,18l_1024d,dclm,1337,silu,SwiGLU,schedule_free_adamw,Schedule-Free AdamW,silu_schedulefree,SwiGLU + Schedule-Free AdamW,2000,4.8467254638671875,127.32278343065838,1506.4333883970976
442,18l_1024d,dclm,1337,silu,SwiGLU,schedule_free_adamw,Schedule-Free AdamW,silu_schedulefree,SwiGLU + Schedule-Free AdamW,2050,4.837917327880859,126.20623162889754,1544.0571577283554
442,18l_1024d,dclm,1337,silu,SwiGLU,schedule_free_adamw,Schedule-Free AdamW,silu_schedulefree,SwiGLU + Schedule-Free AdamW,2100,4.8270463943481445,124.84168247322171,1581.7931362711824
442,18l_1024d,dclm,1337,silu,SwiGLU,schedule_free_adamw,Schedule-Free AdamW,silu_schedulefree,SwiGLU + Schedule-Free AdamW,2150,4.818106651306152,123.73060369007428,1619.4162939381786
442,18l_1024d,dclm,1337,silu,SwiGLU,schedule_free_adamw,Schedule-Free AdamW,silu_schedulefree,SwiGLU + Schedule-Free AdamW,2200,4.810599327087402,122.80519594669448,1657.1107003754005
442,18l_1024d,dclm,1337,silu,SwiGLU,schedule_free_adamw,Schedule-Free AdamW,silu_schedulefree,SwiGLU + Schedule-Free AdamW,2250,4.801828861236572,121.73284654508956,1694.7345612733625
442,18l_1024d,dclm,1337,silu,SwiGLU,schedule_free_adamw,Schedule-Free AdamW,silu_schedulefree,SwiGLU + Schedule-Free AdamW,2300,4.793755531311035,120.75401364919017,1732.448549350258
442,18l_1024d,dclm,1337,silu,SwiGLU,schedule_free_adamw,Schedule-Free AdamW,silu_schedulefree,SwiGLU + Schedule-Free AdamW,2350,4.786577224731445,119.89030799923029,1770.0483197560534
442,18l_1024d,dclm,1337,silu,SwiGLU,schedule_free_adamw,Schedule-Free AdamW,silu_schedulefree,SwiGLU + Schedule-Free AdamW,2400,4.780001163482666,119.1044886207412,1807.6545946453698
442,18l_1024d,dclm,1337,silu,SwiGLU,schedule_free_adamw,Schedule-Free AdamW,silu_schedulefree,SwiGLU + Schedule-Free AdamW,2450,4.772867679595947,118.25788188814653,1845.2169579742476
442,18l_1024d,dclm,1337,silu,SwiGLU,schedule_free_adamw,Schedule-Free AdamW,silu_schedulefree,SwiGLU + Schedule-Free AdamW,2500,4.76710844039917,117.57876393793579,1882.920789387077
442,18l_1024d,dclm,1337,silu,SwiGLU,schedule_free_adamw,Schedule-Free AdamW,silu_schedulefree,SwiGLU + Schedule-Free AdamW,2550,4.761068820953369,116.87077309857746,1920.4956795522012
442,18l_1024d,dclm,1337,silu,SwiGLU,schedule_free_adamw,Schedule-Free AdamW,silu_schedulefree,SwiGLU + Schedule-Free AdamW,2600,4.754804611206055,116.14095830553981,1958.098356995266
442,18l_1024d,dclm,1337,silu,SwiGLU,schedule_free_adamw,Schedule-Free AdamW,silu_schedulefree,SwiGLU + Schedule-Free AdamW,2650,4.749309539794922,115.5045057236032,1995.6947104949504
442,18l_1024d,dclm,1337,silu,SwiGLU,schedule_free_adamw,Schedule-Free AdamW,silu_schedulefree,SwiGLU + Schedule-Free AdamW,2700,4.744104385375977,114.90484894220675,2033.2988777533174
442,18l_1024d,dclm,1337,silu,SwiGLU,schedule_free_adamw,Schedule-Free AdamW,silu_schedulefree,SwiGLU + Schedule-Free AdamW,2750,4.739282131195068,114.352082415511,2070.9701232402585
442,18l_1024d,dclm,1337,silu,SwiGLU,schedule_free_adamw,Schedule-Free AdamW,silu_schedulefree,SwiGLU + Schedule-Free AdamW,2800,4.734198570251465,113.7722417120157,2108.5921366652474
442,18l_1024d,dclm,1337,silu,SwiGLU,schedule_free_adamw,Schedule-Free AdamW,silu_schedulefree,SwiGLU + Schedule-Free AdamW,2850,4.730011463165283,113.29686108186071,2146.2725192983635
442,18l_1024d,dclm,1337,silu,SwiGLU,schedule_free_adamw,Schedule-Free AdamW,silu_schedulefree,SwiGLU + Schedule-Free AdamW,2900,4.725545883178711,112.7920528561089,2183.942411946133
442,18l_1024d,dclm,1337,silu,SwiGLU,schedule_free_adamw,Schedule-Free AdamW,silu_schedulefree,SwiGLU + Schedule-Free AdamW,2950,4.721587181091309,112.34642535624616,2221.5256478502415
442,18l_1024d,dclm,1337,silu,SwiGLU,schedule_free_adamw,Schedule-Free AdamW,silu_schedulefree,SwiGLU + Schedule-Free AdamW,3000,4.717385768890381,111.87540188876541,2259.1130476770923
442,18l_1024d,dclm,1337,silu,SwiGLU,schedule_free_adamw,Schedule-Free AdamW,silu_schedulefree,SwiGLU + Schedule-Free AdamW,3050,4.713425636291504,111.43323655726513,2296.6763694412075
457,18l_1024d,dclm,2027,rlb_fused_global_rational,GRAIN,schedule_free_adamw,Schedule-Free AdamW,rlb_schedulefree,GRAIN + Schedule-Free AdamW,1,11.009145736694336,60424.246572783464,2.2536215968430042
457,18l_1024d,dclm,2027,rlb_fused_global_rational,GRAIN,schedule_free_adamw,Schedule-Free AdamW,rlb_schedulefree,GRAIN + Schedule-Free AdamW,50,8.435837745666504,4609.32979932701,46.494305609026924
457,18l_1024d,dclm,2027,rlb_fused_global_rational,GRAIN,schedule_free_adamw,Schedule-Free AdamW,rlb_schedulefree,GRAIN + Schedule-Free AdamW,100,7.260440826416016,1422.8836436655213,92.58143414487131
457,18l_1024d,dclm,2027,rlb_fused_global_rational,GRAIN,schedule_free_adamw,Schedule-Free AdamW,rlb_schedulefree,GRAIN + Schedule-Free AdamW,150,6.847844123840332,941.8482082376644,138.79903172282502
457,18l_1024d,dclm,2027,rlb_fused_global_rational,GRAIN,schedule_free_adamw,Schedule-Free AdamW,rlb_schedulefree,GRAIN + Schedule-Free AdamW,200,6.546464920043945,696.7766537626543,184.7099992139265
457,18l_1024d,dclm,2027,rlb_fused_global_rational,GRAIN,schedule_free_adamw,Schedule-Free AdamW,rlb_schedulefree,GRAIN + Schedule-Free AdamW,250,6.327332973480225,559.661968324342,230.6168123530224
457,18l_1024d,dclm,2027,rlb_fused_global_rational,GRAIN,schedule_free_adamw,Schedule-Free AdamW,rlb_schedulefree,GRAIN + Schedule-Free AdamW,300,6.147097587585449,467.35894794859524,276.35986206680536
457,18l_1024d,dclm,2027,rlb_fused_global_rational,GRAIN,schedule_free_adamw,Schedule-Free AdamW,rlb_schedulefree,GRAIN + Schedule-Free AdamW,350,6.007401466369629,406.42583571199776,322.0240625839215
457,18l_1024d,dclm,2027,rlb_fused_global_rational,GRAIN,schedule_free_adamw,Schedule-Free AdamW,rlb_schedulefree,GRAIN + Schedule-Free AdamW,400,5.912985324859619,369.8085076821218,367.6522408130113
457,18l_1024d,dclm,2027,rlb_fused_global_rational,GRAIN,schedule_free_adamw,Schedule-Free AdamW,rlb_schedulefree,GRAIN + Schedule-Free AdamW,450,5.815463066101074,335.44669653558697,413.2907150508836
457,18l_1024d,dclm,2027,rlb_fused_global_rational,GRAIN,schedule_free_adamw,Schedule-Free AdamW,rlb_schedulefree,GRAIN + Schedule-Free AdamW,500,5.755669593811035,315.97705298403656,458.8120145758148
457,18l_1024d,dclm,2027,rlb_fused_global_rational,GRAIN,schedule_free_adamw,Schedule-Free AdamW,rlb_schedulefree,GRAIN + Schedule-Free AdamW,550,5.667814254760742,289.4012851018893,504.5277877789922
457,18l_1024d,dclm,2027,rlb_fused_global_rational,GRAIN,schedule_free_adamw,Schedule-Free AdamW,rlb_schedulefree,GRAIN + Schedule-Free AdamW,600,5.595746040344238,269.27846777470046,550.0099251528736
457,18l_1024d,dclm,2027,rlb_fused_global_rational,GRAIN,schedule_free_adamw,Schedule-Free AdamW,rlb_schedulefree,GRAIN + Schedule-Free AdamW,650,5.540957927703857,254.92207945663054,595.5694834818132
457,18l_1024d,dclm,2027,rlb_fused_global_rational,GRAIN,schedule_free_adamw,Schedule-Free AdamW,rlb_schedulefree,GRAIN + Schedule-Free AdamW,700,5.49128532409668,242.56878608076892,641.1146471139509
457,18l_1024d,dclm,2027,rlb_fused_global_rational,GRAIN,schedule_free_adamw,Schedule-Free AdamW,rlb_schedulefree,GRAIN + Schedule-Free AdamW,750,5.446761131286621,232.00551229739696,686.6568118499126
457,18l_1024d,dclm,2027,rlb_fused_global_rational,GRAIN,schedule_free_adamw,Schedule-Free AdamW,rlb_schedulefree,GRAIN + Schedule-Free AdamW,800,5.407856464385986,223.15273880609143,732.1260784508195
457,18l_1024d,dclm,2027,rlb_fused_global_rational,GRAIN,schedule_free_adamw,Schedule-Free AdamW,rlb_schedulefree,GRAIN + Schedule-Free AdamW,850,5.368375301361084,214.514063723026,777.9324938878417
457,18l_1024d,dclm,2027,rlb_fused_global_rational,GRAIN,schedule_free_adamw,Schedule-Free AdamW,rlb_schedulefree,GRAIN + Schedule-Free AdamW,900,5.328734397888184,206.17687108141018,823.565267895814
457,18l_1024d,dclm,2027,rlb_fused_global_rational,GRAIN,schedule_free_adamw,Schedule-Free AdamW,rlb_schedulefree,GRAIN + Schedule-Free AdamW,950,5.288867950439453,198.1190178660051,869.4164446878713
457,18l_1024d,dclm,2027,rlb_fused_global_rational,GRAIN,schedule_free_adamw,Schedule-Free AdamW,rlb_schedulefree,GRAIN + Schedule-Free AdamW,1000,5.259708881378174,192.42546450638892,915.7843608919065
457,18l_1024d,dclm,2027,rlb_fused_global_rational,GRAIN,schedule_free_adamw,Schedule-Free AdamW,rlb_schedulefree,GRAIN + Schedule-Free AdamW,1050,5.229971885681152,186.7875520415527,961.8602210129611
457,18l_1024d,dclm,2027,rlb_fused_global_rational,GRAIN,schedule_free_adamw,Schedule-Free AdamW,rlb_schedulefree,GRAIN + Schedule-Free AdamW,1100,5.197264671325684,180.77708023773926,1007.9261561608873
457,18l_1024d,dclm,2027,rlb_fused_global_rational,GRAIN,schedule_free_adamw,Schedule-Free AdamW,rlb_schedulefree,GRAIN + Schedule-Free AdamW,1150,5.168749809265137,175.69504780225685,1054.2311951408628
457,18l_1024d,dclm,2027,rlb_fused_global_rational,GRAIN,schedule_free_adamw,Schedule-Free AdamW,rlb_schedulefree,GRAIN + Schedule-Free AdamW,1200,5.14224910736084,171.10015851784004,1100.4758579228073
457,18l_1024d,dclm,2027,rlb_fused_global_rational,GRAIN,schedule_free_adamw,Schedule-Free AdamW,rlb_schedulefree,GRAIN + Schedule-Free AdamW,1250,5.119354724884033,167.22742710112294,1146.7535038269125
457,18l_1024d,dclm,2027,rlb_fused_global_rational,GRAIN,schedule_free_adamw,Schedule-Free AdamW,rlb_schedulefree,GRAIN + Schedule-Free AdamW,1300,5.093624114990234,162.9794493075086,1192.7302652930375
457,18l_1024d,dclm,2027,rlb_fused_global_rational,GRAIN,schedule_free_adamw,Schedule-Free AdamW,rlb_schedulefree,GRAIN + Schedule-Free AdamW,1350,5.073405742645264,159.71735832495895,1238.7015830008313
457,18l_1024d,dclm,2027,rlb_fused_global_rational,GRAIN,schedule_free_adamw,Schedule-Free AdamW,rlb_schedulefree,GRAIN + Schedule-Free AdamW,1400,5.055944442749023,156.95269320052037,1284.3736603648867
457,18l_1024d,dclm,2027,rlb_fused_global_rational,GRAIN,schedule_free_adamw,Schedule-Free AdamW,rlb_schedulefree,GRAIN + Schedule-Free AdamW,1450,5.034786701202393,153.66681216968442,1330.116093353834
457,18l_1024d,dclm,2027,rlb_fused_global_rational,GRAIN,schedule_free_adamw,Schedule-Free AdamW,rlb_schedulefree,GRAIN + Schedule-Free AdamW,1500,5.018111228942871,151.12559241235718,1375.664906197926
457,18l_1024d,dclm,2027,rlb_fused_global_rational,GRAIN,schedule_free_adamw,Schedule-Free AdamW,rlb_schedulefree,GRAIN + Schedule-Free AdamW,1550,4.9993977546691895,148.3238048797587,1421.421464948915
457,18l_1024d,dclm,2027,rlb_fused_global_rational,GRAIN,schedule_free_adamw,Schedule-Free AdamW,rlb_schedulefree,GRAIN + Schedule-Free AdamW,1600,4.983328819274902,145.959446477913,1466.9147694390267
457,18l_1024d,dclm,2027,rlb_fused_global_rational,GRAIN,schedule_free_adamw,Schedule-Free AdamW,rlb_schedulefree,GRAIN + Schedule-Free AdamW,1650,4.967122554779053,143.61305356974756,1512.4727314119227
457,18l_1024d,dclm,2027,rlb_fused_global_rational,GRAIN,schedule_free_adamw,Schedule-Free AdamW,rlb_schedulefree,GRAIN + Schedule-Free AdamW,1700,4.951772212982178,141.4253778531669,1557.9092424670234
457,18l_1024d,dclm,2027,rlb_fused_global_rational,GRAIN,schedule_free_adamw,Schedule-Free AdamW,rlb_schedulefree,GRAIN + Schedule-Free AdamW,1750,4.936755180358887,139.31745532408604,1603.4607192168478
457,18l_1024d,dclm,2027,rlb_fused_global_rational,GRAIN,schedule_free_adamw,Schedule-Free AdamW,rlb_schedulefree,GRAIN + Schedule-Free AdamW,1800,4.923641204833984,137.5023770830589,1648.8831264330074
457,18l_1024d,dclm,2027,rlb_fused_global_rational,GRAIN,schedule_free_adamw,Schedule-Free AdamW,rlb_schedulefree,GRAIN + Schedule-Free AdamW,1850,4.911722660064697,135.8732763853765,1694.5868483358063
457,18l_1024d,dclm,2027,rlb_fused_global_rational,GRAIN,schedule_free_adamw,Schedule-Free AdamW,rlb_schedulefree,GRAIN + Schedule-Free AdamW,1900,4.897879600524902,134.00533338304993,1740.0999111339916
457,18l_1024d,dclm,2027,rlb_fused_global_rational,GRAIN,schedule_free_adamw,Schedule-Free AdamW,rlb_schedulefree,GRAIN + Schedule-Free AdamW,1950,4.887478828430176,132.6187974722034,1785.8834229838103
457,18l_1024d,dclm,2027,rlb_fused_global_rational,GRAIN,schedule_free_adamw,Schedule-Free AdamW,rlb_schedulefree,GRAIN + Schedule-Free AdamW,2000,4.876758575439453,131.20468378314825,1831.5866392878816
457,18l_1024d,dclm,2027,rlb_fused_global_rational,GRAIN,schedule_free_adamw,Schedule-Free AdamW,rlb_schedulefree,GRAIN + Schedule-Free AdamW,2050,4.865066051483154,129.67950385249665,1877.5917734948453
457,18l_1024d,dclm,2027,rlb_fused_global_rational,GRAIN,schedule_free_adamw,Schedule-Free AdamW,rlb_schedulefree,GRAIN + Schedule-Free AdamW,2100,4.8557963371276855,128.48296624290856,1923.5826062378474
457,18l_1024d,dclm,2027,rlb_fused_global_rational,GRAIN,schedule_free_adamw,Schedule-Free AdamW,rlb_schedulefree,GRAIN + Schedule-Free AdamW,2150,4.8455610275268555,127.1746104404292,1969.9123108959757
457,18l_1024d,dclm,2027,rlb_fused_global_rational,GRAIN,schedule_free_adamw,Schedule-Free AdamW,rlb_schedulefree,GRAIN + Schedule-Free AdamW,2200,4.836143493652344,125.98256113122261,2016.071347672958
457,18l_1024d,dclm,2027,rlb_fused_global_rational,GRAIN,schedule_free_adamw,Schedule-Free AdamW,rlb_schedulefree,GRAIN + Schedule-Free AdamW,2250,4.828629016876221,125.03941615996851,2062.401687282836
457,18l_1024d,dclm,2027,rlb_fused_global_rational,GRAIN,schedule_free_adamw,Schedule-Free AdamW,rlb_schedulefree,GRAIN + Schedule-Free AdamW,2300,4.819547653198242,123.9090282482894,2108.637766486034
457,18l_1024d,dclm,2027,rlb_fused_global_rational,GRAIN,schedule_free_adamw,Schedule-Free AdamW,rlb_schedulefree,GRAIN + Schedule-Free AdamW,2350,4.812771797180176,123.07227656941508,2154.8526149219833
457,18l_1024d,dclm,2027,rlb_fused_global_rational,GRAIN,schedule_free_adamw,Schedule-Free AdamW,rlb_schedulefree,GRAIN + Schedule-Free AdamW,2400,4.803509712219238,121.93763337968902,2200.7270090568345
457,18l_1024d,dclm,2027,rlb_fused_global_rational,GRAIN,schedule_free_adamw,Schedule-Free AdamW,rlb_schedulefree,GRAIN + Schedule-Free AdamW,2450,4.79719352722168,121.16987991795388,2246.6279671378434
457,18l_1024d,dclm,2027,rlb_fused_global_rational,GRAIN,schedule_free_adamw,Schedule-Free AdamW,rlb_schedulefree,GRAIN + Schedule-Free AdamW,2500,4.790769577026367,120.39398546609006,2292.2457628839184
457,18l_1024d,dclm,2027,rlb_fused_global_rational,GRAIN,schedule_free_adamw,Schedule-Free AdamW,rlb_schedulefree,GRAIN + Schedule-Free AdamW,2550,4.784344673156738,119.62294526491229,2337.8755734108854
457,18l_1024d,dclm,2027,rlb_fused_global_rational,GRAIN,schedule_free_adamw,Schedule-Free AdamW,rlb_schedulefree,GRAIN + Schedule-Free AdamW,2600,4.778586387634277,118.93610160983081,2383.469936881913
457,18l_1024d,dclm,2027,rlb_fused_global_rational,GRAIN,schedule_free_adamw,Schedule-Free AdamW,rlb_schedulefree,GRAIN + Schedule-Free AdamW,2650,4.772731304168701,118.24175551862407,2429.06857086299
457,18l_1024d,dclm,2027,rlb_fused_global_rational,GRAIN,schedule_free_adamw,Schedule-Free AdamW,rlb_schedulefree,GRAIN + Schedule-Free AdamW,2700,4.7675628662109375,117.63220690519712,2474.496950623812
457,18l_1024d,dclm,2027,rlb_fused_global_rational,GRAIN,schedule_free_adamw,Schedule-Free AdamW,rlb_schedulefree,GRAIN + Schedule-Free AdamW,2750,4.762228012084961,117.00632721368069,2520.0345926398877
457,18l_1024d,dclm,2027,rlb_fused_global_rational,GRAIN,schedule_free_adamw,Schedule-Free AdamW,rlb_schedulefree,GRAIN + Schedule-Free AdamW,2800,4.757284164428711,116.42929331626317,2565.4351593449246
457,18l_1024d,dclm,2027,rlb_fused_global_rational,GRAIN,schedule_free_adamw,Schedule-Free AdamW,rlb_schedulefree,GRAIN + Schedule-Free AdamW,2850,4.752849578857422,115.9141207846475,2610.9964369619265
457,18l_1024d,dclm,2027,rlb_fused_global_rational,GRAIN,schedule_free_adamw,Schedule-Free AdamW,rlb_schedulefree,GRAIN + Schedule-Free AdamW,2900,4.749063491821289,115.47608957003631,2656.4995128838345
457,18l_1024d,dclm,2027,rlb_fused_global_rational,GRAIN,schedule_free_adamw,Schedule-Free AdamW,rlb_schedulefree,GRAIN + Schedule-Free AdamW,2950,4.744659900665283,114.96869807555254,2702.2197482078336
457,18l_1024d,dclm,2027,rlb_fused_global_rational,GRAIN,schedule_free_adamw,Schedule-Free AdamW,rlb_schedulefree,GRAIN + Schedule-Free AdamW,3000,4.741013526916504,114.55024261910421,2747.946673600003
457,18l_1024d,dclm,2027,rlb_fused_global_rational,GRAIN,schedule_free_adamw,Schedule-Free AdamW,rlb_schedulefree,GRAIN + Schedule-Free AdamW,3050,4.736685752868652,114.05556624779487,2793.995727540925
456,18l_1024d,dclm,2027,silu,SwiGLU,schedule_free_adamw,Schedule-Free AdamW,silu_schedulefree,SwiGLU + Schedule-Free AdamW,1,11.014297485351562,60736.34032796038,1.547467506956309
456,18l_1024d,dclm,2027,silu,SwiGLU,schedule_free_adamw,Schedule-Free AdamW,silu_schedulefree,SwiGLU + Schedule-Free AdamW,50,8.599440574645996,5428.621833051987,35.50831340090372
456,18l_1024d,dclm,2027,silu,SwiGLU,schedule_free_adamw,Schedule-Free AdamW,silu_schedulefree,SwiGLU + Schedule-Free AdamW,100,7.385680675506592,1612.7251639932233,70.91877528303303
456,18l_1024d,dclm,2027,silu,SwiGLU,schedule_free_adamw,Schedule-Free AdamW,silu_schedulefree,SwiGLU + Schedule-Free AdamW,150,6.962648868560791,1056.428193725004,106.43970912205987
456,18l_1024d,dclm,2027,silu,SwiGLU,schedule_free_adamw,Schedule-Free AdamW,silu_schedulefree,SwiGLU + Schedule-Free AdamW,200,6.612348556518555,744.2288313174772,142.1439868558664
456,18l_1024d,dclm,2027,silu,SwiGLU,schedule_free_adamw,Schedule-Free AdamW,silu_schedulefree,SwiGLU + Schedule-Free AdamW,250,6.349760055541992,572.3553590397348,177.76999502489343
456,18l_1024d,dclm,2027,silu,SwiGLU,schedule_free_adamw,Schedule-Free AdamW,silu_schedulefree,SwiGLU + Schedule-Free AdamW,300,6.16014289855957,473.4957318587193,213.5407696319744
456,18l_1024d,dclm,2027,silu,SwiGLU,schedule_free_adamw,Schedule-Free AdamW,silu_schedulefree,SwiGLU + Schedule-Free AdamW,350,6.01636266708374,410.0842666864252,249.3503717740532
456,18l_1024d,dclm,2027,silu,SwiGLU,schedule_free_adamw,Schedule-Free AdamW,silu_schedulefree,SwiGLU + Schedule-Free AdamW,400,5.898498058319092,364.4896144022129,285.24921119306237
456,18l_1024d,dclm,2027,silu,SwiGLU,schedule_free_adamw,Schedule-Free AdamW,silu_schedulefree,SwiGLU + Schedule-Free AdamW,450,5.801977157592773,330.9532602137224,320.98134520999156
456,18l_1024d,dclm,2027,silu,SwiGLU,schedule_free_adamw,Schedule-Free AdamW,silu_schedulefree,SwiGLU + Schedule-Free AdamW,500,5.707910537719727,301.24097857568546,356.7540102270432
456,18l_1024d,dclm,2027,silu,SwiGLU,schedule_free_adamw,Schedule-Free AdamW,silu_schedulefree,SwiGLU + Schedule-Free AdamW,550,5.640202522277832,281.5197267186753,392.3038327768445
456,18l_1024d,dclm,2027,silu,SwiGLU,schedule_free_adamw,Schedule-Free AdamW,silu_schedulefree,SwiGLU + Schedule-Free AdamW,600,5.57077169418335,262.63669626959575,427.87549709086306
456,18l_1024d,dclm,2027,silu,SwiGLU,schedule_free_adamw,Schedule-Free AdamW,silu_schedulefree,SwiGLU + Schedule-Free AdamW,650,5.5165510177612305,248.77553343885458,463.24751577107236
456,18l_1024d,dclm,2027,silu,SwiGLU,schedule_free_adamw,Schedule-Free AdamW,silu_schedulefree,SwiGLU + Schedule-Free AdamW,700,5.46833610534668,237.06541254348235,498.6193636090029
456,18l_1024d,dclm,2027,silu,SwiGLU,schedule_free_adamw,Schedule-Free AdamW,silu_schedulefree,SwiGLU + Schedule-Free AdamW,750,5.423614978790283,226.69714842138518,533.8068321668543
456,18l_1024d,dclm,2027,silu,SwiGLU,schedule_free_adamw,Schedule-Free AdamW,silu_schedulefree,SwiGLU + Schedule-Free AdamW,800,5.377340793609619,216.44593504691733,568.9932441469282
456,18l_1024d,dclm,2027,silu,SwiGLU,schedule_free_adamw,Schedule-Free AdamW,silu_schedulefree,SwiGLU + Schedule-Free AdamW,850,5.336071014404297,207.69507414597942,604.1232941879425
456,18l_1024d,dclm,2027,silu,SwiGLU,schedule_free_adamw,Schedule-Free AdamW,silu_schedulefree,SwiGLU + Schedule-Free AdamW,900,5.301560401916504,200.64965993938614,639.3672128550243
456,18l_1024d,dclm,2027,silu,SwiGLU,schedule_free_adamw,Schedule-Free AdamW,silu_schedulefree,SwiGLU + Schedule-Free AdamW,950,5.263579368591309,193.1716879989082,674.479114894988
456,18l_1024d,dclm,2027,silu,SwiGLU,schedule_free_adamw,Schedule-Free AdamW,silu_schedulefree,SwiGLU + Schedule-Free AdamW,1000,5.231564521789551,187.08527365970244,709.7134112229105
456,18l_1024d,dclm,2027,silu,SwiGLU,schedule_free_adamw,Schedule-Free AdamW,silu_schedulefree,SwiGLU + Schedule-Free AdamW,1050,5.203088283538818,181.83292728791645,744.8396637279075
456,18l_1024d,dclm,2027,silu,SwiGLU,schedule_free_adamw,Schedule-Free AdamW,silu_schedulefree,SwiGLU + Schedule-Free AdamW,1100,5.174559593200684,176.71876898846415,780.0794236059301
456,18l_1024d,dclm,2027,silu,SwiGLU,schedule_free_adamw,Schedule-Free AdamW,silu_schedulefree,SwiGLU + Schedule-Free AdamW,1150,5.147795677185059,172.05181426676262,815.1858918168582
456,18l_1024d,dclm,2027,silu,SwiGLU,schedule_free_adamw,Schedule-Free AdamW,silu_schedulefree,SwiGLU + Schedule-Free AdamW,1200,5.121783256530762,167.63403773359227,850.5128999820445
456,18l_1024d,dclm,2027,silu,SwiGLU,schedule_free_adamw,Schedule-Free AdamW,silu_schedulefree,SwiGLU + Schedule-Free AdamW,1250,5.0984392166137695,163.7661043104672,885.7947822599672
456,18l_1024d,dclm,2027,silu,SwiGLU,schedule_free_adamw,Schedule-Free AdamW,silu_schedulefree,SwiGLU + Schedule-Free AdamW,1300,5.074161529541016,159.83811623928145,921.1169715540018
456,18l_1024d,dclm,2027,silu,SwiGLU,schedule_free_adamw,Schedule-Free AdamW,silu_schedulefree,SwiGLU + Schedule-Free AdamW,1350,5.054981231689453,156.80158741566456,956.621825549053
456,18l_1024d,dclm,2027,silu,SwiGLU,schedule_free_adamw,Schedule-Free AdamW,silu_schedulefree,SwiGLU + Schedule-Free AdamW,1400,5.034266471862793,153.5868909759484,992.174487042008
456,18l_1024d,dclm,2027,silu,SwiGLU,schedule_free_adamw,Schedule-Free AdamW,silu_schedulefree,SwiGLU + Schedule-Free AdamW,1450,5.01544189453125,150.72272560039028,1027.7786869788542
456,18l_1024d,dclm,2027,silu,SwiGLU,schedule_free_adamw,Schedule-Free AdamW,silu_schedulefree,SwiGLU + Schedule-Free AdamW,1500,4.997725009918213,148.07590440861082,1063.512450210983
456,18l_1024d,dclm,2027,silu,SwiGLU,schedule_free_adamw,Schedule-Free AdamW,silu_schedulefree,SwiGLU + Schedule-Free AdamW,1550,4.980298042297363,145.51774563435475,1099.23665849003
456,18l_1024d,dclm,2027,silu,SwiGLU,schedule_free_adamw,Schedule-Free AdamW,silu_schedulefree,SwiGLU + Schedule-Free AdamW,1600,4.9654541015625,143.37364168788065,1135.1015465748496
456,18l_1024d,dclm,2027,silu,SwiGLU,schedule_free_adamw,Schedule-Free AdamW,silu_schedulefree,SwiGLU + Schedule-Free AdamW,1650,4.948435306549072,140.95424110679758,1170.9087169340346
456,18l_1024d,dclm,2027,silu,SwiGLU,schedule_free_adamw,Schedule-Free AdamW,silu_schedulefree,SwiGLU + Schedule-Free AdamW,1700,4.933512210845947,138.8663848630464,1206.8058219200466
456,18l_1024d,dclm,2027,silu,SwiGLU,schedule_free_adamw,Schedule-Free AdamW,silu_schedulefree,SwiGLU + Schedule-Free AdamW,1750,4.919847011566162,136.9816549744688,1242.7120549809188
456,18l_1024d,dclm,2027,silu,SwiGLU,schedule_free_adamw,Schedule-Free AdamW,silu_schedulefree,SwiGLU + Schedule-Free AdamW,1800,4.907819747924805,135.3440084404779,1278.6049661920406
456,18l_1024d,dclm,2027,silu,SwiGLU,schedule_free_adamw,Schedule-Free AdamW,silu_schedulefree,SwiGLU + Schedule-Free AdamW,1850,4.895946025848389,133.74647440613387,1314.3069139600266
456,18l_1024d,dclm,2027,silu,SwiGLU,schedule_free_adamw,Schedule-Free AdamW,silu_schedulefree,SwiGLU + Schedule-Free AdamW,1900,4.882946968078613,132.019147393564,1349.9274015070405
456,18l_1024d,dclm,2027,silu,SwiGLU,schedule_free_adamw,Schedule-Free AdamW,silu_schedulefree,SwiGLU + Schedule-Free AdamW,1950,4.871682167053223,130.54032293627603,1385.3472832199186
456,18l_1024d,dclm,2027,silu,SwiGLU,schedule_free_adamw,Schedule-Free AdamW,silu_schedulefree,SwiGLU + Schedule-Free AdamW,2000,4.861077308654785,129.16327589623276,1420.7754958539736
456,18l_1024d,dclm,2027,silu,SwiGLU,schedule_free_adamw,Schedule-Free AdamW,silu_schedulefree,SwiGLU + Schedule-Free AdamW,2050,4.849856376647949,127.72204466047695,1456.0432935159188
456,18l_1024d,dclm,2027,silu,SwiGLU,schedule_free_adamw,Schedule-Free AdamW,silu_schedulefree,SwiGLU + Schedule-Free AdamW,2100,4.840799331665039,126.57048310097849,1491.2965102929156
456,18l_1024d,dclm,2027,silu,SwiGLU,schedule_free_adamw,Schedule-Free AdamW,silu_schedulefree,SwiGLU + Schedule-Free AdamW,2150,4.831724643707275,125.42709127072223,1526.4691401079763
456,18l_1024d,dclm,2027,silu,SwiGLU,schedule_free_adamw,Schedule-Free AdamW,silu_schedulefree,SwiGLU + Schedule-Free AdamW,2200,4.822818279266357,124.31495179637533,1561.7717302150559
456,18l_1024d,dclm,2027,silu,SwiGLU,schedule_free_adamw,Schedule-Free AdamW,silu_schedulefree,SwiGLU + Schedule-Free AdamW,2250,4.8150763511657715,123.3562303426269,1596.9540454009548
456,18l_1024d,dclm,2027,silu,SwiGLU,schedule_free_adamw,Schedule-Free AdamW,silu_schedulefree,SwiGLU + Schedule-Free AdamW,2300,4.8063836097717285,122.2885736875182,1632.1168889880646
456,18l_1024d,dclm,2027,silu,SwiGLU,schedule_free_adamw,Schedule-Free AdamW,silu_schedulefree,SwiGLU + Schedule-Free AdamW,2350,4.799103736877441,121.40156100183394,1667.378697790904
456,18l_1024d,dclm,2027,silu,SwiGLU,schedule_free_adamw,Schedule-Free AdamW,silu_schedulefree,SwiGLU + Schedule-Free AdamW,2400,4.791291236877441,120.45680655881485,1702.5006554890424
456,18l_1024d,dclm,2027,silu,SwiGLU,schedule_free_adamw,Schedule-Free AdamW,silu_schedulefree,SwiGLU + Schedule-Free AdamW,2450,4.784738540649414,119.67007013429813,1737.7441485628951
456,18l_1024d,dclm,2027,silu,SwiGLU,schedule_free_adamw,Schedule-Free AdamW,silu_schedulefree,SwiGLU + Schedule-Free AdamW,2500,4.778722763061523,118.95232267755522,1772.832432338968
456,18l_1024d,dclm,2027,silu,SwiGLU,schedule_free_adamw,Schedule-Free AdamW,silu_schedulefree,SwiGLU + Schedule-Free AdamW,2550,4.772308349609375,118.19175520370071,1808.1153430850245
456,18l_1024d,dclm,2027,silu,SwiGLU,schedule_free_adamw,Schedule-Free AdamW,silu_schedulefree,SwiGLU + Schedule-Free AdamW,2600,4.766572952270508,117.51581876036605,1843.3595364799257
456,18l_1024d,dclm,2027,silu,SwiGLU,schedule_free_adamw,Schedule-Free AdamW,silu_schedulefree,SwiGLU + Schedule-Free AdamW,2650,4.761329650878906,116.90126046945872,1878.686416813871
456,18l_1024d,dclm,2027,silu,SwiGLU,schedule_free_adamw,Schedule-Free AdamW,silu_schedulefree,SwiGLU + Schedule-Free AdamW,2700,4.756203651428223,116.30355789281022,1914.1669826658908
456,18l_1024d,dclm,2027,silu,SwiGLU,schedule_free_adamw,Schedule-Free AdamW,silu_schedulefree,SwiGLU + Schedule-Free AdamW,2750,4.751678466796875,115.77845181709685,1949.6593305170536
456,18l_1024d,dclm,2027,silu,SwiGLU,schedule_free_adamw,Schedule-Free AdamW,silu_schedulefree,SwiGLU + Schedule-Free AdamW,2800,4.746305465698242,115.15804229137402,1985.2810281789862
456,18l_1024d,dclm,2027,silu,SwiGLU,schedule_free_adamw,Schedule-Free AdamW,silu_schedulefree,SwiGLU + Schedule-Free AdamW,2850,4.74206018447876,114.67020026313632,2021.0396850008983
456,18l_1024d,dclm,2027,silu,SwiGLU,schedule_free_adamw,Schedule-Free AdamW,silu_schedulefree,SwiGLU + Schedule-Free AdamW,2900,4.738412857055664,114.2527222993266,2056.744510629913
456,18l_1024d,dclm,2027,silu,SwiGLU,schedule_free_adamw,Schedule-Free AdamW,silu_schedulefree,SwiGLU + Schedule-Free AdamW,2950,4.7340779304504395,113.75851707929847,2092.628471649019
456,18l_1024d,dclm,2027,silu,SwiGLU,schedule_free_adamw,Schedule-Free AdamW,silu_schedulefree,SwiGLU + Schedule-Free AdamW,3000,4.730478286743164,113.34976307490173,2128.4240785199217
456,18l_1024d,dclm,2027,silu,SwiGLU,schedule_free_adamw,Schedule-Free AdamW,silu_schedulefree,SwiGLU + Schedule-Free AdamW,3050,4.726412773132324,112.88987354733851,2164.3179800240323
471,18l_1024d,dclm,3407,rlb_fused_global_rational,GRAIN,schedule_free_adamw,Schedule-Free AdamW,rlb_schedulefree,GRAIN + Schedule-Free AdamW,1,11.045573234558105,62665.932306254916,2.2362424770835787
471,18l_1024d,dclm,3407,rlb_fused_global_rational,GRAIN,schedule_free_adamw,Schedule-Free AdamW,rlb_schedulefree,GRAIN + Schedule-Free AdamW,50,8.376425743103027,4343.456519189792,46.470627767033875
471,18l_1024d,dclm,3407,rlb_fused_global_rational,GRAIN,schedule_free_adamw,Schedule-Free AdamW,rlb_schedulefree,GRAIN + Schedule-Free AdamW,100,7.2082929611206055,1350.584797704763,92.39460326801054
471,18l_1024d,dclm,3407,rlb_fused_global_rational,GRAIN,schedule_free_adamw,Schedule-Free AdamW,rlb_schedulefree,GRAIN + Schedule-Free AdamW,150,6.816031455993652,912.3570868075183,138.6363680800423
471,18l_1024d,dclm,3407,rlb_fused_global_rational,GRAIN,schedule_free_adamw,Schedule-Free AdamW,rlb_schedulefree,GRAIN + Schedule-Free AdamW,200,6.514036178588867,674.5435086369451,184.83278375002556
471,18l_1024d,dclm,3407,rlb_fused_global_rational,GRAIN,schedule_free_adamw,Schedule-Free AdamW,rlb_schedulefree,GRAIN + Schedule-Free AdamW,250,6.290384769439697,539.3608187242621,231.21936959400773
471,18l_1024d,dclm,3407,rlb_fused_global_rational,GRAIN,schedule_free_adamw,Schedule-Free AdamW,rlb_schedulefree,GRAIN + Schedule-Free AdamW,300,6.129952430725098,459.41430615471285,277.32219726988114
471,18l_1024d,dclm,3407,rlb_fused_global_rational,GRAIN,schedule_free_adamw,Schedule-Free AdamW,rlb_schedulefree,GRAIN + Schedule-Free AdamW,350,5.999550819396973,403.2476217964475,323.4046429588925
471,18l_1024d,dclm,3407,rlb_fused_global_rational,GRAIN,schedule_free_adamw,Schedule-Free AdamW,rlb_schedulefree,GRAIN + Schedule-Free AdamW,400,5.896888732910156,363.9035037523417,369.1579415970482
471,18l_1024d,dclm,3407,rlb_fused_global_rational,GRAIN,schedule_free_adamw,Schedule-Free AdamW,rlb_schedulefree,GRAIN + Schedule-Free AdamW,450,5.808851718902588,333.2362570013199,414.88974066707306
471,18l_1024d,dclm,3407,rlb_fused_global_rational,GRAIN,schedule_free_adamw,Schedule-Free AdamW,rlb_schedulefree,GRAIN + Schedule-Free AdamW,500,5.732887268066406,308.8597431124582,460.43096045590937
471,18l_1024d,dclm,3407,rlb_fused_global_rational,GRAIN,schedule_free_adamw,Schedule-Free AdamW,rlb_schedulefree,GRAIN + Schedule-Free AdamW,550,5.666089057922363,288.9024413453704,506.0422501359135
471,18l_1024d,dclm,3407,rlb_fused_global_rational,GRAIN,schedule_free_adamw,Schedule-Free AdamW,rlb_schedulefree,GRAIN + Schedule-Free AdamW,600,5.605013370513916,271.78555932261867,551.5191428740509
471,18l_1024d,dclm,3407,rlb_fused_global_rational,GRAIN,schedule_free_adamw,Schedule-Free AdamW,rlb_schedulefree,GRAIN + Schedule-Free AdamW,650,5.549402236938477,257.08383474581063,597.0982521250844
471,18l_1024d,dclm,3407,rlb_fused_global_rational,GRAIN,schedule_free_adamw,Schedule-Free AdamW,rlb_schedulefree,GRAIN + Schedule-Free AdamW,700,5.495847702026367,243.67800497064712,642.4757166169584
471,18l_1024d,dclm,3407,rlb_fused_global_rational,GRAIN,schedule_free_adamw,Schedule-Free AdamW,rlb_schedulefree,GRAIN + Schedule-Free AdamW,750,5.451651096343994,233.14278950235501,688.038318078965
471,18l_1024d,dclm,3407,rlb_fused_global_rational,GRAIN,schedule_free_adamw,Schedule-Free AdamW,rlb_schedulefree,GRAIN + Schedule-Free AdamW,800,5.402362823486328,221.93017902028186,733.4301766240969
471,18l_1024d,dclm,3407,rlb_fused_global_rational,GRAIN,schedule_free_adamw,Schedule-Free AdamW,rlb_schedulefree,GRAIN + Schedule-Free AdamW,850,5.367286205291748,214.28056447404515,779.0249036611058
471,18l_1024d,dclm,3407,rlb_fused_global_rational,GRAIN,schedule_free_adamw,Schedule-Free AdamW,rlb_schedulefree,GRAIN + Schedule-Free AdamW,900,5.326737880706787,205.76564606139652,824.5616206079721
471,18l_1024d,dclm,3407,rlb_fused_global_rational,GRAIN,schedule_free_adamw,Schedule-Free AdamW,rlb_schedulefree,GRAIN + Schedule-Free AdamW,950,5.296631813049316,199.66317324975589,870.3226337670349
471,18l_1024d,dclm,3407,rlb_fused_global_rational,GRAIN,schedule_free_adamw,Schedule-Free AdamW,rlb_schedulefree,GRAIN + Schedule-Free AdamW,1000,5.260918617248535,192.6583893535382,916.1032874688972
471,18l_1024d,dclm,3407,rlb_fused_global_rational,GRAIN,schedule_free_adamw,Schedule-Free AdamW,rlb_schedulefree,GRAIN + Schedule-Free AdamW,1050,5.230806350708008,186.9434847723401,962.1340280680452
471,18l_1024d,dclm,3407,rlb_fused_global_rational,GRAIN,schedule_free_adamw,Schedule-Free AdamW,rlb_schedulefree,GRAIN + Schedule-Free AdamW,1100,5.201672077178955,181.57559659954688,1008.0882008119952
471,18l_1024d,dclm,3407,rlb_fused_global_rational,GRAIN,schedule_free_adamw,Schedule-Free AdamW,rlb_schedulefree,GRAIN + Schedule-Free AdamW,1150,5.176836013793945,177.12151346739668,1054.3431772559416
471,18l_1024d,dclm,3407,rlb_fused_global_rational,GRAIN,schedule_free_adamw,Schedule-Free AdamW,rlb_schedulefree,GRAIN + Schedule-Free AdamW,1200,5.155036926269531,173.3022060447043,1100.5059348640498
471,18l_1024d,dclm,3407,rlb_fused_global_rational,GRAIN,schedule_free_adamw,Schedule-Free AdamW,rlb_schedulefree,GRAIN + Schedule-Free AdamW,1250,5.128290176391602,168.7283755059803,1146.8895008210093
471,18l_1024d,dclm,3407,rlb_fused_global_rational,GRAIN,schedule_free_adamw,Schedule-Free AdamW,rlb_schedulefree,GRAIN + Schedule-Free AdamW,1300,5.107243061065674,165.2142408502688,1193.0762098371051
471,18l_1024d,dclm,3407,rlb_fused_global_rational,GRAIN,schedule_free_adamw,Schedule-Free AdamW,rlb_schedulefree,GRAIN + Schedule-Free AdamW,1350,5.087182998657227,161.93305331153508,1239.1910111641046
471,18l_1024d,dclm,3407,rlb_fused_global_rational,GRAIN,schedule_free_adamw,Schedule-Free AdamW,rlb_schedulefree,GRAIN + Schedule-Free AdamW,1400,5.066904067993164,158.68229648864522,1285.006677767029
471,18l_1024d,dclm,3407,rlb_fused_global_rational,GRAIN,schedule_free_adamw,Schedule-Free AdamW,rlb_schedulefree,GRAIN + Schedule-Free AdamW,1450,5.048023700714111,155.71442189368761,1330.76569372206
471,18l_1024d,dclm,3407,rlb_fused_global_rational,GRAIN,schedule_free_adamw,Schedule-Free AdamW,rlb_schedulefree,GRAIN + Schedule-Free AdamW,1500,5.030019760131836,152.93603470196518,1376.29126439197
471,18l_1024d,dclm,3407,rlb_fused_global_rational,GRAIN,schedule_free_adamw,Schedule-Free AdamW,rlb_schedulefree,GRAIN + Schedule-Free AdamW,1550,5.013360500335693,150.40933844842468,1421.945630040951
471,18l_1024d,dclm,3407,rlb_fused_global_rational,GRAIN,schedule_free_adamw,Schedule-Free AdamW,rlb_schedulefree,GRAIN + Schedule-Free AdamW,1600,4.994842052459717,147.649622646916,1467.3997704959475
471,18l_1024d,dclm,3407,rlb_fused_global_rational,GRAIN,schedule_free_adamw,Schedule-Free AdamW,rlb_schedulefree,GRAIN + Schedule-Free AdamW,1650,4.979100227355957,145.34354665429254,1512.9847261859104
471,18l_1024d,dclm,3407,rlb_fused_global_rational,GRAIN,schedule_free_adamw,Schedule-Free AdamW,rlb_schedulefree,GRAIN + Schedule-Free AdamW,1700,4.966002464294434,143.45228401001253,1558.3973414369393
471,18l_1024d,dclm,3407,rlb_fused_global_rational,GRAIN,schedule_free_adamw,Schedule-Free AdamW,rlb_schedulefree,GRAIN + Schedule-Free AdamW,1750,4.951620101928711,141.40386712600588,1603.8955225870013
471,18l_1024d,dclm,3407,rlb_fused_global_rational,GRAIN,schedule_free_adamw,Schedule-Free AdamW,rlb_schedulefree,GRAIN + Schedule-Free AdamW,1800,4.937366962432861,139.40271332284354,1649.331093579065
471,18l_1024d,dclm,3407,rlb_fused_global_rational,GRAIN,schedule_free_adamw,Schedule-Free AdamW,rlb_schedulefree,GRAIN + Schedule-Free AdamW,1850,4.924928665161133,137.67951994617755,1694.9072674540803
471,18l_1024d,dclm,3407,rlb_fused_global_rational,GRAIN,schedule_free_adamw,Schedule-Free AdamW,rlb_schedulefree,GRAIN + Schedule-Free AdamW,1900,4.91200065612793,135.91105387206312,1740.468459493015
471,18l_1024d,dclm,3407,rlb_fused_global_rational,GRAIN,schedule_free_adamw,Schedule-Free AdamW,rlb_schedulefree,GRAIN + Schedule-Free AdamW,1950,4.901877403259277,134.54213256494216,1786.2678580030333
471,18l_1024d,dclm,3407,rlb_fused_global_rational,GRAIN,schedule_free_adamw,Schedule-Free AdamW,rlb_schedulefree,GRAIN + Schedule-Free AdamW,2000,4.890568733215332,133.02921067143316,1832.0347963320091
471,18l_1024d,dclm,3407,rlb_fused_global_rational,GRAIN,schedule_free_adamw,Schedule-Free AdamW,rlb_schedulefree,GRAIN + Schedule-Free AdamW,2050,4.881413459777832,131.81685008711756,1878.057951376075
471,18l_1024d,dclm,3407,rlb_fused_global_rational,GRAIN,schedule_free_adamw,Schedule-Free AdamW,rlb_schedulefree,GRAIN + Schedule-Free AdamW,2100,4.870452880859375,130.3799501117951,1924.063317174092
471,18l_1024d,dclm,3407,rlb_fused_global_rational,GRAIN,schedule_free_adamw,Schedule-Free AdamW,rlb_schedulefree,GRAIN + Schedule-Free AdamW,2150,4.861658096313477,129.2383141213577,1970.3701264820993
471,18l_1024d,dclm,3407,rlb_fused_global_rational,GRAIN,schedule_free_adamw,Schedule-Free AdamW,rlb_schedulefree,GRAIN + Schedule-Free AdamW,2200,4.852513790130615,128.0619063204659,2016.5875700339675
471,18l_1024d,dclm,3407,rlb_fused_global_rational,GRAIN,schedule_free_adamw,Schedule-Free AdamW,rlb_schedulefree,GRAIN + Schedule-Free AdamW,2250,4.844298839569092,127.01419343809923,2062.935743639013
471,18l_1024d,dclm,3407,rlb_fused_global_rational,GRAIN,schedule_free_adamw,Schedule-Free AdamW,rlb_schedulefree,GRAIN + Schedule-Free AdamW,2300,4.836728572845459,126.05629247366973,2109.132412594976
471,18l_1024d,dclm,3407,rlb_fused_global_rational,GRAIN,schedule_free_adamw,Schedule-Free AdamW,rlb_schedulefree,GRAIN + Schedule-Free AdamW,2350,4.827788352966309,124.93434420677384,2155.3264774680138
471,18l_1024d,dclm,3407,rlb_fused_global_rational,GRAIN,schedule_free_adamw,Schedule-Free AdamW,rlb_schedulefree,GRAIN + Schedule-Free AdamW,2400,4.820085525512695,123.97569341116045,2201.153625427978
471,18l_1024d,dclm,3407,rlb_fused_global_rational,GRAIN,schedule_free_adamw,Schedule-Free AdamW,rlb_schedulefree,GRAIN + Schedule-Free AdamW,2450,4.813082695007324,123.11054542132594,2247.025508492952
471,18l_1024d,dclm,3407,rlb_fused_global_rational,GRAIN,schedule_free_adamw,Schedule-Free AdamW,rlb_schedulefree,GRAIN + Schedule-Free AdamW,2500,4.805704593658447,122.20556596049559,2292.610152246896
471,18l_1024d,dclm,3407,rlb_fused_global_rational,GRAIN,schedule_free_adamw,Schedule-Free AdamW,rlb_schedulefree,GRAIN + Schedule-Free AdamW,2550,4.799872398376465,121.49491358136788,2338.290925876936
471,18l_1024d,dclm,3407,rlb_fused_global_rational,GRAIN,schedule_free_adamw,Schedule-Free AdamW,rlb_schedulefree,GRAIN + Schedule-Free AdamW,2600,4.793418884277344,120.71336901052122,2383.806182785891
471,18l_1024d,dclm,3407,rlb_fused_global_rational,GRAIN,schedule_free_adamw,Schedule-Free AdamW,rlb_schedulefree,GRAIN + Schedule-Free AdamW,2650,4.7878193855285645,120.03932357127188,2429.3821422900073
471,18l_1024d,dclm,3407,rlb_fused_global_rational,GRAIN,schedule_free_adamw,Schedule-Free AdamW,rlb_schedulefree,GRAIN + Schedule-Free AdamW,2700,4.782073974609375,119.35162577583135,2474.8377825058997
471,18l_1024d,dclm,3407,rlb_fused_global_rational,GRAIN,schedule_free_adamw,Schedule-Free AdamW,rlb_schedulefree,GRAIN + Schedule-Free AdamW,2750,4.777511119842529,118.80828218286558,2520.408959160093
471,18l_1024d,dclm,3407,rlb_fused_global_rational,GRAIN,schedule_free_adamw,Schedule-Free AdamW,rlb_schedulefree,GRAIN + Schedule-Free AdamW,2800,4.772409439086914,118.20370375040967,2565.7236570070963
471,18l_1024d,dclm,3407,rlb_fused_global_rational,GRAIN,schedule_free_adamw,Schedule-Free AdamW,rlb_schedulefree,GRAIN + Schedule-Free AdamW,2850,4.767238140106201,117.5940148581702,2611.192598179914
471,18l_1024d,dclm,3407,rlb_fused_global_rational,GRAIN,schedule_free_adamw,Schedule-Free AdamW,rlb_schedulefree,GRAIN + Schedule-Free AdamW,2900,4.762928485870361,117.08831579069191,2656.598707603058
471,18l_1024d,dclm,3407,rlb_fused_global_rational,GRAIN,schedule_free_adamw,Schedule-Free AdamW,rlb_schedulefree,GRAIN + Schedule-Free AdamW,2950,4.75907564163208,116.638060686201,2702.237785418052
471,18l_1024d,dclm,3407,rlb_fused_global_rational,GRAIN,schedule_free_adamw,Schedule-Free AdamW,rlb_schedulefree,GRAIN + Schedule-Free AdamW,3000,4.7547101974487305,116.12999351890845,2747.8693329119124
471,18l_1024d,dclm,3407,rlb_fused_global_rational,GRAIN,schedule_free_adamw,Schedule-Free AdamW,rlb_schedulefree,GRAIN + Schedule-Free AdamW,3050,4.750873565673828,115.6852991055949,2793.8189110199455
470,18l_1024d,dclm,3407,silu,SwiGLU,schedule_free_adamw,Schedule-Free AdamW,silu_schedulefree,SwiGLU + Schedule-Free AdamW,1,11.032796859741211,61870.381814322966,1.5364922261796892
470,18l_1024d,dclm,3407,silu,SwiGLU,schedule_free_adamw,Schedule-Free AdamW,silu_schedulefree,SwiGLU + Schedule-Free AdamW,50,8.544723510742188,5139.56390128715,35.20452504302375
470,18l_1024d,dclm,3407,silu,SwiGLU,schedule_free_adamw,Schedule-Free AdamW,silu_schedulefree,SwiGLU + Schedule-Free AdamW,100,7.342453479766846,1544.4968606651698,70.05909785698168
470,18l_1024d,dclm,3407,silu,SwiGLU,schedule_free_adamw,Schedule-Free AdamW,silu_schedulefree,SwiGLU + Schedule-Free AdamW,150,6.914126396179199,1006.3914559347832,105.14426940516569
470,18l_1024d,dclm,3407,silu,SwiGLU,schedule_free_adamw,Schedule-Free AdamW,silu_schedulefree,SwiGLU + Schedule-Free AdamW,200,6.561709880828857,707.4803680752426,140.26592176314443
470,18l_1024d,dclm,3407,silu,SwiGLU,schedule_free_adamw,Schedule-Free AdamW,silu_schedulefree,SwiGLU + Schedule-Free AdamW,250,6.304669380187988,547.120669346004,175.3678822692018
470,18l_1024d,dclm,3407,silu,SwiGLU,schedule_free_adamw,Schedule-Free AdamW,silu_schedulefree,SwiGLU + Schedule-Free AdamW,300,6.129096031188965,459.02103237980464,210.54509929404594
470,18l_1024d,dclm,3407,silu,SwiGLU,schedule_free_adamw,Schedule-Free AdamW,silu_schedulefree,SwiGLU + Schedule-Free AdamW,350,5.996373176574707,401.9682786098021,245.77481747907586
470,18l_1024d,dclm,3407,silu,SwiGLU,schedule_free_adamw,Schedule-Free AdamW,silu_schedulefree,SwiGLU + Schedule-Free AdamW,400,5.875231742858887,356.10717640432387,281.07614985411055
470,18l_1024d,dclm,3407,silu,SwiGLU,schedule_free_adamw,Schedule-Free AdamW,silu_schedulefree,SwiGLU + Schedule-Free AdamW,450,5.781040191650391,324.0961372381055,316.48744610114954
470,18l_1024d,dclm,3407,silu,SwiGLU,schedule_free_adamw,Schedule-Free AdamW,silu_schedulefree,SwiGLU + Schedule-Free AdamW,500,5.696844100952148,297.9256923711394,351.95299340598285
470,18l_1024d,dclm,3407,silu,SwiGLU,schedule_free_adamw,Schedule-Free AdamW,silu_schedulefree,SwiGLU + Schedule-Free AdamW,550,5.626848220825195,277.7852187955293,387.51895765401423
470,18l_1024d,dclm,3407,silu,SwiGLU,schedule_free_adamw,Schedule-Free AdamW,silu_schedulefree,SwiGLU + Schedule-Free AdamW,600,5.566946029663086,261.6338558675371,423.1057978780009
470,18l_1024d,dclm,3407,silu,SwiGLU,schedule_free_adamw,Schedule-Free AdamW,silu_schedulefree,SwiGLU + Schedule-Free AdamW,650,5.506187438964844,246.2106422778133,458.7912911681924
470,18l_1024d,dclm,3407,silu,SwiGLU,schedule_free_adamw,Schedule-Free AdamW,silu_schedulefree,SwiGLU + Schedule-Free AdamW,700,5.453608989715576,233.59970537487317,494.55053261015564
470,18l_1024d,dclm,3407,silu,SwiGLU,schedule_free_adamw,Schedule-Free AdamW,silu_schedulefree,SwiGLU + Schedule-Free AdamW,750,5.408853530883789,223.3753478854334,530.3621518451255
470,18l_1024d,dclm,3407,silu,SwiGLU,schedule_free_adamw,Schedule-Free AdamW,silu_schedulefree,SwiGLU + Schedule-Free AdamW,800,5.362383842468262,213.23265411807336,566.2096628381405
470,18l_1024d,dclm,3407,silu,SwiGLU,schedule_free_adamw,Schedule-Free AdamW,silu_schedulefree,SwiGLU + Schedule-Free AdamW,850,5.326875686645508,205.7940037432921,602.0553608960472
470,18l_1024d,dclm,3407,silu,SwiGLU,schedule_free_adamw,Schedule-Free AdamW,silu_schedulefree,SwiGLU + Schedule-Free AdamW,900,5.292682647705078,198.87622528202192,637.7605600000825
470,18l_1024d,dclm,3407,silu,SwiGLU,schedule_free_adamw,Schedule-Free AdamW,silu_schedulefree,SwiGLU + Schedule-Free AdamW,950,5.258459091186523,192.18512326757045,673.3172666660976
470,18l_1024d,dclm,3407,silu,SwiGLU,schedule_free_adamw,Schedule-Free AdamW,silu_schedulefree,SwiGLU + Schedule-Free AdamW,1000,5.233288764953613,187.4081324274299,708.8288923250511
470,18l_1024d,dclm,3407,silu,SwiGLU,schedule_free_adamw,Schedule-Free AdamW,silu_schedulefree,SwiGLU + Schedule-Free AdamW,1050,5.206171035766602,182.39433805012922,744.2141859710682
470,18l_1024d,dclm,3407,silu,SwiGLU,schedule_free_adamw,Schedule-Free AdamW,silu_schedulefree,SwiGLU + Schedule-Free AdamW,1100,5.174273490905762,176.66821657502638,779.4748174150009
470,18l_1024d,dclm,3407,silu,SwiGLU,schedule_free_adamw,Schedule-Free AdamW,silu_schedulefree,SwiGLU + Schedule-Free AdamW,1150,5.149191379547119,172.29211504550528,814.697667957982
470,18l_1024d,dclm,3407,silu,SwiGLU,schedule_free_adamw,Schedule-Free AdamW,silu_schedulefree,SwiGLU + Schedule-Free AdamW,1200,5.128595352172852,168.77987517762094,849.8283050821628
470,18l_1024d,dclm,3407,silu,SwiGLU,schedule_free_adamw,Schedule-Free AdamW,silu_schedulefree,SwiGLU + Schedule-Free AdamW,1250,5.1019768714904785,164.34647824407742,885.0121194871608
470,18l_1024d,dclm,3407,silu,SwiGLU,schedule_free_adamw,Schedule-Free AdamW,silu_schedulefree,SwiGLU + Schedule-Free AdamW,1300,5.084445953369141,161.49044121198008,920.1400787800085
470,18l_1024d,dclm,3407,silu,SwiGLU,schedule_free_adamw,Schedule-Free AdamW,silu_schedulefree,SwiGLU + Schedule-Free AdamW,1350,5.063048362731934,158.07164233095622,955.2962727311533
470,18l_1024d,dclm,3407,silu,SwiGLU,schedule_free_adamw,Schedule-Free AdamW,silu_schedulefree,SwiGLU + Schedule-Free AdamW,1400,5.041937351226807,154.7695677747555,990.4346101791598
470,18l_1024d,dclm,3407,silu,SwiGLU,schedule_free_adamw,Schedule-Free AdamW,silu_schedulefree,SwiGLU + Schedule-Free AdamW,1450,5.023329734802246,151.9163035728353,1025.5323441221844
470,18l_1024d,dclm,3407,silu,SwiGLU,schedule_free_adamw,Schedule-Free AdamW,silu_schedulefree,SwiGLU + Schedule-Free AdamW,1500,5.008399963378906,149.66507486607762,1060.6671082000248
470,18l_1024d,dclm,3407,silu,SwiGLU,schedule_free_adamw,Schedule-Free AdamW,silu_schedulefree,SwiGLU + Schedule-Free AdamW,1550,4.991214752197266,147.11502329428126,1095.7998818510678
470,18l_1024d,dclm,3407,silu,SwiGLU,schedule_free_adamw,Schedule-Free AdamW,silu_schedulefree,SwiGLU + Schedule-Free AdamW,1600,4.974152565002441,144.62621188861638,1130.9471501160879
470,18l_1024d,dclm,3407,silu,SwiGLU,schedule_free_adamw,Schedule-Free AdamW,silu_schedulefree,SwiGLU + Schedule-Free AdamW,1650,4.959083080291748,142.46310875921898,1166.149716489017
470,18l_1024d,dclm,3407,silu,SwiGLU,schedule_free_adamw,Schedule-Free AdamW,silu_schedulefree,SwiGLU + Schedule-Free AdamW,1700,4.945457458496094,140.53512513590954,1201.4869114230387
470,18l_1024d,dclm,3407,silu,SwiGLU,schedule_free_adamw,Schedule-Free AdamW,silu_schedulefree,SwiGLU + Schedule-Free AdamW,1750,4.931971549987793,138.6526035838856,1236.8826132181566
470,18l_1024d,dclm,3407,silu,SwiGLU,schedule_free_adamw,Schedule-Free AdamW,silu_schedulefree,SwiGLU + Schedule-Free AdamW,1800,4.919022083282471,136.8687015285851,1272.3402335240971
470,18l_1024d,dclm,3407,silu,SwiGLU,schedule_free_adamw,Schedule-Free AdamW,silu_schedulefree,SwiGLU + Schedule-Free AdamW,1850,4.90517520904541,134.98655880111951,1307.8873537380714
470,18l_1024d,dclm,3407,silu,SwiGLU,schedule_free_adamw,Schedule-Free AdamW,silu_schedulefree,SwiGLU + Schedule-Free AdamW,1900,4.893456935882568,133.41398137292734,1343.4943751161918
470,18l_1024d,dclm,3407,silu,SwiGLU,schedule_free_adamw,Schedule-Free AdamW,silu_schedulefree,SwiGLU + Schedule-Free AdamW,1950,4.883215427398682,132.05459392187183,1379.1321105130482
470,18l_1024d,dclm,3407,silu,SwiGLU,schedule_free_adamw,Schedule-Free AdamW,silu_schedulefree,SwiGLU + Schedule-Free AdamW,2000,4.871706962585449,130.5435597931899,1414.8680427831132
470,18l_1024d,dclm,3407,silu,SwiGLU,schedule_free_adamw,Schedule-Free AdamW,silu_schedulefree,SwiGLU + Schedule-Free AdamW,2050,4.861973762512207,129.27911672836981,1450.6770657331217
470,18l_1024d,dclm,3407,silu,SwiGLU,schedule_free_adamw,Schedule-Free AdamW,silu_schedulefree,SwiGLU + Schedule-Free AdamW,2100,4.851996421813965,127.99566828377411,1486.498431043001
470,18l_1024d,dclm,3407,silu,SwiGLU,schedule_free_adamw,Schedule-Free AdamW,silu_schedulefree,SwiGLU + Schedule-Free AdamW,2150,4.842850685119629,126.83039038845088,1522.2898071820382
470,18l_1024d,dclm,3407,silu,SwiGLU,schedule_free_adamw,Schedule-Free AdamW,silu_schedulefree,SwiGLU + Schedule-Free AdamW,2200,4.833836555480957,125.69226213168821,1558.0516045209952
470,18l_1024d,dclm,3407,silu,SwiGLU,schedule_free_adamw,Schedule-Free AdamW,silu_schedulefree,SwiGLU + Schedule-Free AdamW,2250,4.826283931732178,124.74653163650908,1593.652275494067
470,18l_1024d,dclm,3407,silu,SwiGLU,schedule_free_adamw,Schedule-Free AdamW,silu_schedulefree,SwiGLU + Schedule-Free AdamW,2300,4.818300724029541,123.75461875555814,1629.133463538019
470,18l_1024d,dclm,3407,silu,SwiGLU,schedule_free_adamw,Schedule-Free AdamW,silu_schedulefree,SwiGLU + Schedule-Free AdamW,2350,4.810701847076416,122.8177865794185,1664.5345936601516
470,18l_1024d,dclm,3407,silu,SwiGLU,schedule_free_adamw,Schedule-Free AdamW,silu_schedulefree,SwiGLU + Schedule-Free AdamW,2400,4.803464412689209,121.93210978731305,1699.8169047811534
470,18l_1024d,dclm,3407,silu,SwiGLU,schedule_free_adamw,Schedule-Free AdamW,silu_schedulefree,SwiGLU + Schedule-Free AdamW,2450,4.796391487121582,121.07273577729129,1735.0340350950137
470,18l_1024d,dclm,3407,silu,SwiGLU,schedule_free_adamw,Schedule-Free AdamW,silu_schedulefree,SwiGLU + Schedule-Free AdamW,2500,4.7895073890686035,120.24212148805118,1770.24020805303
470,18l_1024d,dclm,3407,silu,SwiGLU,schedule_free_adamw,Schedule-Free AdamW,silu_schedulefree,SwiGLU + Schedule-Free AdamW,2550,4.78342866897583,119.51342031723027,1805.4427188751288
470,18l_1024d,dclm,3407,silu,SwiGLU,schedule_free_adamw,Schedule-Free AdamW,silu_schedulefree,SwiGLU + Schedule-Free AdamW,2600,4.777096748352051,118.7590616164003,1840.6176620260812
470,18l_1024d,dclm,3407,silu,SwiGLU,schedule_free_adamw,Schedule-Free AdamW,silu_schedulefree,SwiGLU + Schedule-Free AdamW,2650,4.771574974060059,118.10510803664391,1875.748511830112
470,18l_1024d,dclm,3407,silu,SwiGLU,schedule_free_adamw,Schedule-Free AdamW,silu_schedulefree,SwiGLU + Schedule-Free AdamW,2700,4.766491889953613,117.50629304191919,1910.895352452062
470,18l_1024d,dclm,3407,silu,SwiGLU,schedule_free_adamw,Schedule-Free AdamW,silu_schedulefree,SwiGLU + Schedule-Free AdamW,2750,4.761294364929199,116.89713557023703,1946.0428729359992
470,18l_1024d,dclm,3407,silu,SwiGLU,schedule_free_adamw,Schedule-Free AdamW,silu_schedulefree,SwiGLU + Schedule-Free AdamW,2800,4.756734848022461,116.36535435824356,1981.1484276680276
470,18l_1024d,dclm,3407,silu,SwiGLU,schedule_free_adamw,Schedule-Free AdamW,silu_schedulefree,SwiGLU + Schedule-Free AdamW,2850,4.752066612243652,115.8233994185437,2016.2994432521518
470,18l_1024d,dclm,3407,silu,SwiGLU,schedule_free_adamw,Schedule-Free AdamW,silu_schedulefree,SwiGLU + Schedule-Free AdamW,2900,4.747824668884277,115.33312371457494,2051.4629330490716
470,18l_1024d,dclm,3407,silu,SwiGLU,schedule_free_adamw,Schedule-Free AdamW,silu_schedulefree,SwiGLU + Schedule-Free AdamW,2950,4.74378776550293,114.86847354241331,2086.69808735908
470,18l_1024d,dclm,3407,silu,SwiGLU,schedule_free_adamw,Schedule-Free AdamW,silu_schedulefree,SwiGLU + Schedule-Free AdamW,3000,4.739381313323975,114.36342466095456,2122.0093151100446
470,18l_1024d,dclm,3407,silu,SwiGLU,schedule_free_adamw,Schedule-Free AdamW,silu_schedulefree,SwiGLU + Schedule-Free AdamW,3050,4.735640048980713,113.93636023668567,2157.4344770591706
569,18l_1024d,dolma_sample,1337,rlb_fused_global_rational,GRAIN,schedule_free_adamw,Schedule-Free AdamW,rlb_schedulefree,GRAIN + Schedule-Free AdamW,1,11.055352210998535,63281.747093604194,2.217596884816885
569,18l_1024d,dolma_sample,1337,rlb_fused_global_rational,GRAIN,schedule_free_adamw,Schedule-Free AdamW,rlb_schedulefree,GRAIN + Schedule-Free AdamW,50,8.57384967803955,5291.461052088129,45.434376142919064
569,18l_1024d,dolma_sample,1337,rlb_fused_global_rational,GRAIN,schedule_free_adamw,Schedule-Free AdamW,rlb_schedulefree,GRAIN + Schedule-Free AdamW,100,7.467591762542725,1750.386259965413,89.26055453089066
569,18l_1024d,dolma_sample,1337,rlb_fused_global_rational,GRAIN,schedule_free_adamw,Schedule-Free AdamW,rlb_schedulefree,GRAIN + Schedule-Free AdamW,150,7.141131401062012,1262.8563781792345,133.24016804178245
569,18l_1024d,dolma_sample,1337,rlb_fused_global_rational,GRAIN,schedule_free_adamw,Schedule-Free AdamW,rlb_schedulefree,GRAIN + Schedule-Free AdamW,200,6.837507247924805,932.1625859587325,177.09571769298054
569,18l_1024d,dolma_sample,1337,rlb_fused_global_rational,GRAIN,schedule_free_adamw,Schedule-Free AdamW,rlb_schedulefree,GRAIN + Schedule-Free AdamW,250,6.608829975128174,741.6148031337748,221.1057052758988
569,18l_1024d,dolma_sample,1337,rlb_fused_global_rational,GRAIN,schedule_free_adamw,Schedule-Free AdamW,rlb_schedulefree,GRAIN + Schedule-Free AdamW,300,6.438928604125977,625.7360295451227,264.9569187059533
569,18l_1024d,dolma_sample,1337,rlb_fused_global_rational,GRAIN,schedule_free_adamw,Schedule-Free AdamW,rlb_schedulefree,GRAIN + Schedule-Free AdamW,350,6.321594715118408,556.4596799208883,308.9667068589479
569,18l_1024d,dolma_sample,1337,rlb_fused_global_rational,GRAIN,schedule_free_adamw,Schedule-Free AdamW,rlb_schedulefree,GRAIN + Schedule-Free AdamW,400,6.216731071472168,501.0626140764101,352.8469776669517
569,18l_1024d,dolma_sample,1337,rlb_fused_global_rational,GRAIN,schedule_free_adamw,Schedule-Free AdamW,rlb_schedulefree,GRAIN + Schedule-Free AdamW,450,6.122888565063477,456.18050024501616,396.859834774863
569,18l_1024d,dolma_sample,1337,rlb_fused_global_rational,GRAIN,schedule_free_adamw,Schedule-Free AdamW,rlb_schedulefree,GRAIN + Schedule-Free AdamW,500,6.031358242034912,416.2800546431033,440.7632721478585
569,18l_1024d,dolma_sample,1337,rlb_fused_global_rational,GRAIN,schedule_free_adamw,Schedule-Free AdamW,rlb_schedulefree,GRAIN + Schedule-Free AdamW,550,5.953953742980957,385.2736045208797,484.78639197791927
569,18l_1024d,dolma_sample,1337,rlb_fused_global_rational,GRAIN,schedule_free_adamw,Schedule-Free AdamW,rlb_schedulefree,GRAIN + Schedule-Free AdamW,600,5.885417938232422,359.75309115254413,528.6650808039121
569,18l_1024d,dolma_sample,1337,rlb_fused_global_rational,GRAIN,schedule_free_adamw,Schedule-Free AdamW,rlb_schedulefree,GRAIN + Schedule-Free AdamW,650,5.825146675109863,338.710809879914,572.797841560794
569,18l_1024d,dolma_sample,1337,rlb_fused_global_rational,GRAIN,schedule_free_adamw,Schedule-Free AdamW,rlb_schedulefree,GRAIN + Schedule-Free AdamW,700,5.763548851013184,318.4765516194999,616.6506920598913
569,18l_1024d,dolma_sample,1337,rlb_fused_global_rational,GRAIN,schedule_free_adamw,Schedule-Free AdamW,rlb_schedulefree,GRAIN + Schedule-Free AdamW,750,5.728614330291748,307.542820217531,660.6715464959852
569,18l_1024d,dolma_sample,1337,rlb_fused_global_rational,GRAIN,schedule_free_adamw,Schedule-Free AdamW,rlb_schedulefree,GRAIN + Schedule-Free AdamW,800,5.665682792663574,288.785094158929,704.5362193319015
569,18l_1024d,dolma_sample,1337,rlb_fused_global_rational,GRAIN,schedule_free_adamw,Schedule-Free AdamW,rlb_schedulefree,GRAIN + Schedule-Free AdamW,850,5.620916366577148,276.14231491593875,748.5735792189371
569,18l_1024d,dolma_sample,1337,rlb_fused_global_rational,GRAIN,schedule_free_adamw,Schedule-Free AdamW,rlb_schedulefree,GRAIN + Schedule-Free AdamW,900,5.579434871673584,264.9218486332588,792.436029142933
569,18l_1024d,dolma_sample,1337,rlb_fused_global_rational,GRAIN,schedule_free_adamw,Schedule-Free AdamW,rlb_schedulefree,GRAIN + Schedule-Free AdamW,950,5.542131423950195,255.22140515442297,836.4606361309998
569,18l_1024d,dolma_sample,1337,rlb_fused_global_rational,GRAIN,schedule_free_adamw,Schedule-Free AdamW,rlb_schedulefree,GRAIN + Schedule-Free AdamW,1000,5.513289451599121,247.9654573535238,880.3203805040102
569,18l_1024d,dolma_sample,1337,rlb_fused_global_rational,GRAIN,schedule_free_adamw,Schedule-Free AdamW,rlb_schedulefree,GRAIN + Schedule-Free AdamW,1050,5.4703474044799805,237.54270182712878,924.4180400448386
569,18l_1024d,dolma_sample,1337,rlb_fused_global_rational,GRAIN,schedule_free_adamw,Schedule-Free AdamW,rlb_schedulefree,GRAIN + Schedule-Free AdamW,1100,5.43730354309082,229.82164304911277,968.3811967908405
569,18l_1024d,dolma_sample,1337,rlb_fused_global_rational,GRAIN,schedule_free_adamw,Schedule-Free AdamW,rlb_schedulefree,GRAIN + Schedule-Free AdamW,1150,5.4082136154174805,223.23245227096254,1012.400983779924
569,18l_1024d,dolma_sample,1337,rlb_fused_global_rational,GRAIN,schedule_free_adamw,Schedule-Free AdamW,rlb_schedulefree,GRAIN + Schedule-Free AdamW,1200,5.378439903259277,216.68396364856076,1056.2492997408845
569,18l_1024d,dolma_sample,1337,rlb_fused_global_rational,GRAIN,schedule_free_adamw,Schedule-Free AdamW,rlb_schedulefree,GRAIN + Schedule-Free AdamW,1250,5.350478172302246,210.70902900283778,1100.2745996359736
569,18l_1024d,dolma_sample,1337,rlb_fused_global_rational,GRAIN,schedule_free_adamw,Schedule-Free AdamW,rlb_schedulefree,GRAIN + Schedule-Free AdamW,1300,5.324776649475098,205.36248752271754,1144.119395275833
569,18l_1024d,dolma_sample,1337,rlb_fused_global_rational,GRAIN,schedule_free_adamw,Schedule-Free AdamW,rlb_schedulefree,GRAIN + Schedule-Free AdamW,1350,5.301797389984131,200.69721714958825,1188.1165876109153
569,18l_1024d,dolma_sample,1337,rlb_fused_global_rational,GRAIN,schedule_free_adamw,Schedule-Free AdamW,rlb_schedulefree,GRAIN + Schedule-Free AdamW,1400,5.277063369750977,195.7940555346026,1231.9585988349281
569,18l_1024d,dolma_sample,1337,rlb_fused_global_rational,GRAIN,schedule_free_adamw,Schedule-Free AdamW,rlb_schedulefree,GRAIN + Schedule-Free AdamW,1450,5.254544258117676,191.43422137845695,1275.956663906807
569,18l_1024d,dolma_sample,1337,rlb_fused_global_rational,GRAIN,schedule_free_adamw,Schedule-Free AdamW,rlb_schedulefree,GRAIN + Schedule-Free AdamW,1500,5.23103666305542,186.98654512362637,1319.8043306008913
569,18l_1024d,dolma_sample,1337,rlb_fused_global_rational,GRAIN,schedule_free_adamw,Schedule-Free AdamW,rlb_schedulefree,GRAIN + Schedule-Free AdamW,1550,5.211117267608643,183.29873757380216,1363.7946663817856
569,18l_1024d,dolma_sample,1337,rlb_fused_global_rational,GRAIN,schedule_free_adamw,Schedule-Free AdamW,rlb_schedulefree,GRAIN + Schedule-Free AdamW,1600,5.191590309143066,179.75419047825355,1407.6252446309663
569,18l_1024d,dolma_sample,1337,rlb_fused_global_rational,GRAIN,schedule_free_adamw,Schedule-Free AdamW,rlb_schedulefree,GRAIN + Schedule-Free AdamW,1650,5.175110340118408,176.8161231120696,1451.625437707873
569,18l_1024d,dolma_sample,1337,rlb_fused_global_rational,GRAIN,schedule_free_adamw,Schedule-Free AdamW,rlb_schedulefree,GRAIN + Schedule-Free AdamW,1700,5.157371520996094,173.7072691061041,1495.4676906249952
569,18l_1024d,dolma_sample,1337,rlb_fused_global_rational,GRAIN,schedule_free_adamw,Schedule-Free AdamW,rlb_schedulefree,GRAIN + Schedule-Free AdamW,1750,5.141615390777588,170.99176385936414,1539.466565922834
569,18l_1024d,dolma_sample,1337,rlb_fused_global_rational,GRAIN,schedule_free_adamw,Schedule-Free AdamW,rlb_schedulefree,GRAIN + Schedule-Free AdamW,1800,5.124691963195801,168.12234580462527,1583.3001518438105
569,18l_1024d,dolma_sample,1337,rlb_fused_global_rational,GRAIN,schedule_free_adamw,Schedule-Free AdamW,rlb_schedulefree,GRAIN + Schedule-Free AdamW,1850,5.109346389770508,165.56210641506428,1627.402347318828
569,18l_1024d,dolma_sample,1337,rlb_fused_global_rational,GRAIN,schedule_free_adamw,Schedule-Free AdamW,rlb_schedulefree,GRAIN + Schedule-Free AdamW,1900,5.093301296234131,162.926844975702,1671.2535894848406
569,18l_1024d,dolma_sample,1337,rlb_fused_global_rational,GRAIN,schedule_free_adamw,Schedule-Free AdamW,rlb_schedulefree,GRAIN + Schedule-Free AdamW,1950,5.079169273376465,160.6405521002436,1715.2439577248879
569,18l_1024d,dolma_sample,1337,rlb_fused_global_rational,GRAIN,schedule_free_adamw,Schedule-Free AdamW,rlb_schedulefree,GRAIN + Schedule-Free AdamW,2000,5.0662922859191895,158.58524719373273,1759.0862266519107
569,18l_1024d,dolma_sample,1337,rlb_fused_global_rational,GRAIN,schedule_free_adamw,Schedule-Free AdamW,rlb_schedulefree,GRAIN + Schedule-Free AdamW,2050,5.0535783767700195,156.58177175817153,1803.0767078129575
569,18l_1024d,dolma_sample,1337,rlb_fused_global_rational,GRAIN,schedule_free_adamw,Schedule-Free AdamW,rlb_schedulefree,GRAIN + Schedule-Free AdamW,2100,5.041304588317871,154.67166631030992,1846.919096729951
569,18l_1024d,dolma_sample,1337,rlb_fused_global_rational,GRAIN,schedule_free_adamw,Schedule-Free AdamW,rlb_schedulefree,GRAIN + Schedule-Free AdamW,2150,5.030843734741211,153.06210204242927,1890.9188041999005
569,18l_1024d,dolma_sample,1337,rlb_fused_global_rational,GRAIN,schedule_free_adamw,Schedule-Free AdamW,rlb_schedulefree,GRAIN + Schedule-Free AdamW,2200,5.02055549621582,151.49543556561972,1934.7715201249812
569,18l_1024d,dolma_sample,1337,rlb_fused_global_rational,GRAIN,schedule_free_adamw,Schedule-Free AdamW,rlb_schedulefree,GRAIN + Schedule-Free AdamW,2250,5.010224342346191,149.93836990185605,1978.7754748389125
569,18l_1024d,dolma_sample,1337,rlb_fused_global_rational,GRAIN,schedule_free_adamw,Schedule-Free AdamW,rlb_schedulefree,GRAIN + Schedule-Free AdamW,2300,5.00015926361084,148.43679780053367,2022.6248487757985
569,18l_1024d,dolma_sample,1337,rlb_fused_global_rational,GRAIN,schedule_free_adamw,Schedule-Free AdamW,rlb_schedulefree,GRAIN + Schedule-Free AdamW,2350,4.992188930511475,147.25840939014174,2066.62381206383
569,18l_1024d,dolma_sample,1337,rlb_fused_global_rational,GRAIN,schedule_free_adamw,Schedule-Free AdamW,rlb_schedulefree,GRAIN + Schedule-Free AdamW,2400,4.983260154724121,145.94942458216673,2110.4623279829975
569,18l_1024d,dolma_sample,1337,rlb_fused_global_rational,GRAIN,schedule_free_adamw,Schedule-Free AdamW,rlb_schedulefree,GRAIN + Schedule-Free AdamW,2450,4.9747314453125,144.70995739196994,2154.4566905198153
569,18l_1024d,dolma_sample,1337,rlb_fused_global_rational,GRAIN,schedule_free_adamw,Schedule-Free AdamW,rlb_schedulefree,GRAIN + Schedule-Free AdamW,2500,4.966919898986816,143.58395250145054,2198.292865099851
569,18l_1024d,dolma_sample,1337,rlb_fused_global_rational,GRAIN,schedule_free_adamw,Schedule-Free AdamW,rlb_schedulefree,GRAIN + Schedule-Free AdamW,2550,4.960007190704346,142.59482125050343,2242.3953553149477
569,18l_1024d,dolma_sample,1337,rlb_fused_global_rational,GRAIN,schedule_free_adamw,Schedule-Free AdamW,rlb_schedulefree,GRAIN + Schedule-Free AdamW,2600,4.953164100646973,141.6223631509903,2286.2444904029835
569,18l_1024d,dolma_sample,1337,rlb_fused_global_rational,GRAIN,schedule_free_adamw,Schedule-Free AdamW,rlb_schedulefree,GRAIN + Schedule-Free AdamW,2650,4.946917533874512,140.74046688265835,2330.2428136628587
569,18l_1024d,dolma_sample,1337,rlb_fused_global_rational,GRAIN,schedule_free_adamw,Schedule-Free AdamW,rlb_schedulefree,GRAIN + Schedule-Free AdamW,2700,4.940717697143555,139.8705982745516,2374.077574313851
569,18l_1024d,dolma_sample,1337,rlb_fused_global_rational,GRAIN,schedule_free_adamw,Schedule-Free AdamW,rlb_schedulefree,GRAIN + Schedule-Free AdamW,2750,4.934422969818115,138.99291628005832,2418.0656697507948
569,18l_1024d,dolma_sample,1337,rlb_fused_global_rational,GRAIN,schedule_free_adamw,Schedule-Free AdamW,rlb_schedulefree,GRAIN + Schedule-Free AdamW,2800,4.928750038146973,138.2066512856636,2461.9090099749155
569,18l_1024d,dolma_sample,1337,rlb_fused_global_rational,GRAIN,schedule_free_adamw,Schedule-Free AdamW,rlb_schedulefree,GRAIN + Schedule-Free AdamW,2850,4.923221588134766,137.44469089334328,2505.9004703739192
569,18l_1024d,dolma_sample,1337,rlb_fused_global_rational,GRAIN,schedule_free_adamw,Schedule-Free AdamW,rlb_schedulefree,GRAIN + Schedule-Free AdamW,2900,4.917837142944336,136.70661633272422,2549.8428808399476
569,18l_1024d,dolma_sample,1337,rlb_fused_global_rational,GRAIN,schedule_free_adamw,Schedule-Free AdamW,rlb_schedulefree,GRAIN + Schedule-Free AdamW,2950,4.912652492523193,135.9996745234407,2593.831493533915
569,18l_1024d,dolma_sample,1337,rlb_fused_global_rational,GRAIN,schedule_free_adamw,Schedule-Free AdamW,rlb_schedulefree,GRAIN + Schedule-Free AdamW,3000,4.908368110656738,135.41824640350296,2637.664590711007
569,18l_1024d,dolma_sample,1337,rlb_fused_global_rational,GRAIN,schedule_free_adamw,Schedule-Free AdamW,rlb_schedulefree,GRAIN + Schedule-Free AdamW,3050,4.903773784637451,134.7975178371193,2681.6592964578886
568,18l_1024d,dolma_sample,1337,silu,SwiGLU,schedule_free_adamw,Schedule-Free AdamW,silu_schedulefree,SwiGLU + Schedule-Free AdamW,1,11.020484924316406,61113.307755498856,1.5514628652017564
568,18l_1024d,dolma_sample,1337,silu,SwiGLU,schedule_free_adamw,Schedule-Free AdamW,silu_schedulefree,SwiGLU + Schedule-Free AdamW,50,8.732609748840332,6201.892391147528,35.18602265720256
568,18l_1024d,dolma_sample,1337,silu,SwiGLU,schedule_free_adamw,Schedule-Free AdamW,silu_schedulefree,SwiGLU + Schedule-Free AdamW,100,7.587658405303955,1973.686524695883,69.3877000301145
568,18l_1024d,dolma_sample,1337,silu,SwiGLU,schedule_free_adamw,Schedule-Free AdamW,silu_schedulefree,SwiGLU + Schedule-Free AdamW,150,7.230376243591309,1380.7419016626727,103.63890943909064
568,18l_1024d,dolma_sample,1337,silu,SwiGLU,schedule_free_adamw,Schedule-Free AdamW,silu_schedulefree,SwiGLU + Schedule-Free AdamW,200,6.9252753257751465,1017.6744230547848,137.9105765731074
568,18l_1024d,dolma_sample,1337,silu,SwiGLU,schedule_free_adamw,Schedule-Free AdamW,silu_schedulefree,SwiGLU + Schedule-Free AdamW,250,6.684453010559082,799.873036388839,172.19316539820284
568,18l_1024d,dolma_sample,1337,silu,SwiGLU,schedule_free_adamw,Schedule-Free AdamW,silu_schedulefree,SwiGLU + Schedule-Free AdamW,300,6.494771957397461,661.6733183982332,206.47594325616956
568,18l_1024d,dolma_sample,1337,silu,SwiGLU,schedule_free_adamw,Schedule-Free AdamW,silu_schedulefree,SwiGLU + Schedule-Free AdamW,350,6.340243816375732,566.9345224523919,240.76232271804474
568,18l_1024d,dolma_sample,1337,silu,SwiGLU,schedule_free_adamw,Schedule-Free AdamW,silu_schedulefree,SwiGLU + Schedule-Free AdamW,400,6.236879825592041,511.2607968116632,275.0532587491907
568,18l_1024d,dolma_sample,1337,silu,SwiGLU,schedule_free_adamw,Schedule-Free AdamW,silu_schedulefree,SwiGLU + Schedule-Free AdamW,450,6.12239408493042,455.95498381185024,309.34350414806977
568,18l_1024d,dolma_sample,1337,silu,SwiGLU,schedule_free_adamw,Schedule-Free AdamW,silu_schedulefree,SwiGLU + Schedule-Free AdamW,500,6.052601337432861,425.21772736788006,343.6315815499984
568,18l_1024d,dolma_sample,1337,silu,SwiGLU,schedule_free_adamw,Schedule-Free AdamW,silu_schedulefree,SwiGLU + Schedule-Free AdamW,550,5.948450088500977,383.1590160411286,377.91724437009543
568,18l_1024d,dolma_sample,1337,silu,SwiGLU,schedule_free_adamw,Schedule-Free AdamW,silu_schedulefree,SwiGLU + Schedule-Free AdamW,600,5.875255584716797,356.115666762237,412.21089026820846
568,18l_1024d,dolma_sample,1337,silu,SwiGLU,schedule_free_adamw,Schedule-Free AdamW,silu_schedulefree,SwiGLU + Schedule-Free AdamW,650,5.814880847930908,335.2514502172342,446.55196781107225
568,18l_1024d,dolma_sample,1337,silu,SwiGLU,schedule_free_adamw,Schedule-Free AdamW,silu_schedulefree,SwiGLU + Schedule-Free AdamW,700,5.754232883453369,315.5234114330186,480.8412280830089
568,18l_1024d,dolma_sample,1337,silu,SwiGLU,schedule_free_adamw,Schedule-Free AdamW,silu_schedulefree,SwiGLU + Schedule-Free AdamW,750,5.698830604553223,298.5181110579979,515.1547513960395
568,18l_1024d,dolma_sample,1337,silu,SwiGLU,schedule_free_adamw,Schedule-Free AdamW,silu_schedulefree,SwiGLU + Schedule-Free AdamW,800,5.650036811828613,284.30193130526254,549.4522840820719
568,18l_1024d,dolma_sample,1337,silu,SwiGLU,schedule_free_adamw,Schedule-Free AdamW,silu_schedulefree,SwiGLU + Schedule-Free AdamW,850,5.606447219848633,272.17553838483457,583.7515819279943
568,18l_1024d,dolma_sample,1337,silu,SwiGLU,schedule_free_adamw,Schedule-Free AdamW,silu_schedulefree,SwiGLU + Schedule-Free AdamW,900,5.560198783874512,259.8744900468353,618.0570064592175
568,18l_1024d,dolma_sample,1337,silu,SwiGLU,schedule_free_adamw,Schedule-Free AdamW,silu_schedulefree,SwiGLU + Schedule-Free AdamW,950,5.525611877441406,251.03989668618715,652.478967474075
568,18l_1024d,dolma_sample,1337,silu,SwiGLU,schedule_free_adamw,Schedule-Free AdamW,silu_schedulefree,SwiGLU + Schedule-Free AdamW,1000,5.486191272735596,241.33627014087702,686.7814022530802
568,18l_1024d,dolma_sample,1337,silu,SwiGLU,schedule_free_adamw,Schedule-Free AdamW,silu_schedulefree,SwiGLU + Schedule-Free AdamW,1050,5.4507293701171875,232.92799468489525,721.0851855941582
568,18l_1024d,dolma_sample,1337,silu,SwiGLU,schedule_free_adamw,Schedule-Free AdamW,silu_schedulefree,SwiGLU + Schedule-Free AdamW,1100,5.415838718414307,224.9411288503732,755.3898003990762
568,18l_1024d,dolma_sample,1337,silu,SwiGLU,schedule_free_adamw,Schedule-Free AdamW,silu_schedulefree,SwiGLU + Schedule-Free AdamW,1150,5.388790130615234,218.93833845725072,789.6907148181926
568,18l_1024d,dolma_sample,1337,silu,SwiGLU,schedule_free_adamw,Schedule-Free AdamW,silu_schedulefree,SwiGLU + Schedule-Free AdamW,1200,5.359078407287598,212.52899099857976,823.9877557801083
568,18l_1024d,dolma_sample,1337,silu,SwiGLU,schedule_free_adamw,Schedule-Free AdamW,silu_schedulefree,SwiGLU + Schedule-Free AdamW,1250,5.332505226135254,206.95579632446024,858.284436105052
568,18l_1024d,dolma_sample,1337,silu,SwiGLU,schedule_free_adamw,Schedule-Free AdamW,silu_schedulefree,SwiGLU + Schedule-Free AdamW,1300,5.3050384521484375,201.34874455665764,892.5799963581376
568,18l_1024d,dolma_sample,1337,silu,SwiGLU,schedule_free_adamw,Schedule-Free AdamW,silu_schedulefree,SwiGLU + Schedule-Free AdamW,1350,5.282685279846191,196.8978920394826,926.884149621008
568,18l_1024d,dolma_sample,1337,silu,SwiGLU,schedule_free_adamw,Schedule-Free AdamW,silu_schedulefree,SwiGLU + Schedule-Free AdamW,1400,5.258171081542969,192.12978006879166,961.1783598482143
568,18l_1024d,dolma_sample,1337,silu,SwiGLU,schedule_free_adamw,Schedule-Free AdamW,silu_schedulefree,SwiGLU + Schedule-Free AdamW,1450,5.234793186187744,187.690285386538,995.4699045990128
568,18l_1024d,dolma_sample,1337,silu,SwiGLU,schedule_free_adamw,Schedule-Free AdamW,silu_schedulefree,SwiGLU + Schedule-Free AdamW,1500,5.213323593139648,183.70360072402966,1029.759910310153
568,18l_1024d,dolma_sample,1337,silu,SwiGLU,schedule_free_adamw,Schedule-Free AdamW,silu_schedulefree,SwiGLU + Schedule-Free AdamW,1550,5.193478584289551,180.093936514659,1064.0571679871064
568,18l_1024d,dolma_sample,1337,silu,SwiGLU,schedule_free_adamw,Schedule-Free AdamW,silu_schedulefree,SwiGLU + Schedule-Free AdamW,1600,5.174233913421631,176.66122462985115,1098.3526890932117
568,18l_1024d,dolma_sample,1337,silu,SwiGLU,schedule_free_adamw,Schedule-Free AdamW,silu_schedulefree,SwiGLU + Schedule-Free AdamW,1650,5.157422065734863,173.7160493165383,1132.6514971042052
568,18l_1024d,dolma_sample,1337,silu,SwiGLU,schedule_free_adamw,Schedule-Free AdamW,silu_schedulefree,SwiGLU + Schedule-Free AdamW,1700,5.140748023986816,170.84351558400675,1166.9396632390562
568,18l_1024d,dolma_sample,1337,silu,SwiGLU,schedule_free_adamw,Schedule-Free AdamW,silu_schedulefree,SwiGLU + Schedule-Free AdamW,1750,5.124435901641846,168.07930164671612,1201.234101260081
568,18l_1024d,dolma_sample,1337,silu,SwiGLU,schedule_free_adamw,Schedule-Free AdamW,silu_schedulefree,SwiGLU + Schedule-Free AdamW,1800,5.107557773590088,165.2662440236717,1235.5277678561397
568,18l_1024d,dolma_sample,1337,silu,SwiGLU,schedule_free_adamw,Schedule-Free AdamW,silu_schedulefree,SwiGLU + Schedule-Free AdamW,1850,5.094473838806152,163.11799568183108,1269.8328598190565
568,18l_1024d,dolma_sample,1337,silu,SwiGLU,schedule_free_adamw,Schedule-Free AdamW,silu_schedulefree,SwiGLU + Schedule-Free AdamW,1900,5.078598976135254,160.54896535487063,1304.1447715980466
568,18l_1024d,dolma_sample,1337,silu,SwiGLU,schedule_free_adamw,Schedule-Free AdamW,silu_schedulefree,SwiGLU + Schedule-Free AdamW,1950,5.0648884773254395,158.36278004805993,1338.4581118491478
568,18l_1024d,dolma_sample,1337,silu,SwiGLU,schedule_free_adamw,Schedule-Free AdamW,silu_schedulefree,SwiGLU + Schedule-Free AdamW,2000,5.053400039672852,156.5538499093515,1372.7643662660848
568,18l_1024d,dolma_sample,1337,silu,SwiGLU,schedule_free_adamw,Schedule-Free AdamW,silu_schedulefree,SwiGLU + Schedule-Free AdamW,2050,5.042384624481201,154.83880754641004,1407.067853066139
568,18l_1024d,dolma_sample,1337,silu,SwiGLU,schedule_free_adamw,Schedule-Free AdamW,silu_schedulefree,SwiGLU + Schedule-Free AdamW,2100,5.030613899230957,153.02692697850006,1441.3675865191035
568,18l_1024d,dolma_sample,1337,silu,SwiGLU,schedule_free_adamw,Schedule-Free AdamW,silu_schedulefree,SwiGLU + Schedule-Free AdamW,2150,5.020108222961426,151.42769086045513,1475.6871961371507
568,18l_1024d,dolma_sample,1337,silu,SwiGLU,schedule_free_adamw,Schedule-Free AdamW,silu_schedulefree,SwiGLU + Schedule-Free AdamW,2200,5.009397983551025,149.81451819117785,1509.981635157019
568,18l_1024d,dolma_sample,1337,silu,SwiGLU,schedule_free_adamw,Schedule-Free AdamW,silu_schedulefree,SwiGLU + Schedule-Free AdamW,2250,5.000038146972656,148.41882072328488,1544.273289668141
568,18l_1024d,dolma_sample,1337,silu,SwiGLU,schedule_free_adamw,Schedule-Free AdamW,silu_schedulefree,SwiGLU + Schedule-Free AdamW,2300,4.989932537078857,146.92651106970789,1578.5669380631298
568,18l_1024d,dolma_sample,1337,silu,SwiGLU,schedule_free_adamw,Schedule-Free AdamW,silu_schedulefree,SwiGLU + Schedule-Free AdamW,2350,4.981050491333008,145.62728152664667,1612.862282607006
568,18l_1024d,dolma_sample,1337,silu,SwiGLU,schedule_free_adamw,Schedule-Free AdamW,silu_schedulefree,SwiGLU + Schedule-Free AdamW,2400,4.972635746002197,144.40700639204937,1647.1632530381903
568,18l_1024d,dolma_sample,1337,silu,SwiGLU,schedule_free_adamw,Schedule-Free AdamW,silu_schedulefree,SwiGLU + Schedule-Free AdamW,2450,4.963961124420166,143.15974782708042,1681.4822948330548
568,18l_1024d,dolma_sample,1337,silu,SwiGLU,schedule_free_adamw,Schedule-Free AdamW,silu_schedulefree,SwiGLU + Schedule-Free AdamW,2500,4.955897331237793,142.00997920702105,1715.786657002056
568,18l_1024d,dolma_sample,1337,silu,SwiGLU,schedule_free_adamw,Schedule-Free AdamW,silu_schedulefree,SwiGLU + Schedule-Free AdamW,2550,4.948319911956787,140.93797668804524,1750.0839679781348
568,18l_1024d,dolma_sample,1337,silu,SwiGLU,schedule_free_adamw,Schedule-Free AdamW,silu_schedulefree,SwiGLU + Schedule-Free AdamW,2600,4.9417243003845215,140.01146335782113,1784.3695611101575
568,18l_1024d,dolma_sample,1337,silu,SwiGLU,schedule_free_adamw,Schedule-Free AdamW,silu_schedulefree,SwiGLU + Schedule-Free AdamW,2650,4.934591293334961,139.01631402568339,1818.6445662172046
568,18l_1024d,dolma_sample,1337,silu,SwiGLU,schedule_free_adamw,Schedule-Free AdamW,silu_schedulefree,SwiGLU + Schedule-Free AdamW,2700,4.928380966186523,138.15565249761673,1852.9320941511542
568,18l_1024d,dolma_sample,1337,silu,SwiGLU,schedule_free_adamw,Schedule-Free AdamW,silu_schedulefree,SwiGLU + Schedule-Free AdamW,2750,4.921848297119141,137.256068880296,1887.219633516157
568,18l_1024d,dolma_sample,1337,silu,SwiGLU,schedule_free_adamw,Schedule-Free AdamW,silu_schedulefree,SwiGLU + Schedule-Free AdamW,2800,4.916078090667725,136.46635362731882,1921.6313177112024
568,18l_1024d,dolma_sample,1337,silu,SwiGLU,schedule_free_adamw,Schedule-Free AdamW,silu_schedulefree,SwiGLU + Schedule-Free AdamW,2850,4.910360813140869,135.6883637218503,1955.9109719910193
568,18l_1024d,dolma_sample,1337,silu,SwiGLU,schedule_free_adamw,Schedule-Free AdamW,silu_schedulefree,SwiGLU + Schedule-Free AdamW,2900,4.904874801635742,134.946013928945,1990.1890448490158
568,18l_1024d,dolma_sample,1337,silu,SwiGLU,schedule_free_adamw,Schedule-Free AdamW,silu_schedulefree,SwiGLU + Schedule-Free AdamW,2950,4.899974822998047,134.2863987134516,2024.461600885028
568,18l_1024d,dolma_sample,1337,silu,SwiGLU,schedule_free_adamw,Schedule-Free AdamW,silu_schedulefree,SwiGLU + Schedule-Free AdamW,3000,4.895113945007324,133.6352328146374,2058.7285516581032
568,18l_1024d,dolma_sample,1337,silu,SwiGLU,schedule_free_adamw,Schedule-Free AdamW,silu_schedulefree,SwiGLU + Schedule-Free AdamW,3050,4.890237808227539,132.98519526481624,2093.004943060223
583,18l_1024d,dolma_sample,2027,rlb_fused_global_rational,GRAIN,schedule_free_adamw,Schedule-Free AdamW,rlb_schedulefree,GRAIN + Schedule-Free AdamW,1,11.00999641418457,60475.66998847735,2.246315869037062
583,18l_1024d,dolma_sample,2027,rlb_fused_global_rational,GRAIN,schedule_free_adamw,Schedule-Free AdamW,rlb_schedulefree,GRAIN + Schedule-Free AdamW,50,8.599809646606445,5430.62575492739,45.999780947109684
583,18l_1024d,dolma_sample,2027,rlb_fused_global_rational,GRAIN,schedule_free_adamw,Schedule-Free AdamW,rlb_schedulefree,GRAIN + Schedule-Free AdamW,100,7.43359899520874,1691.8857177916682,91.22346271993592
583,18l_1024d,dolma_sample,2027,rlb_fused_global_rational,GRAIN,schedule_free_adamw,Schedule-Free AdamW,rlb_schedulefree,GRAIN + Schedule-Free AdamW,150,7.068337440490723,1174.1942427478743,136.7889961830806
583,18l_1024d,dolma_sample,2027,rlb_fused_global_rational,GRAIN,schedule_free_adamw,Schedule-Free AdamW,rlb_schedulefree,GRAIN + Schedule-Free AdamW,200,6.7991838455200195,897.114808511356,182.4073530449532
583,18l_1024d,dolma_sample,2027,rlb_fused_global_rational,GRAIN,schedule_free_adamw,Schedule-Free AdamW,rlb_schedulefree,GRAIN + Schedule-Free AdamW,250,6.542431831359863,693.9721509308063,228.27206240594387
583,18l_1024d,dolma_sample,2027,rlb_fused_global_rational,GRAIN,schedule_free_adamw,Schedule-Free AdamW,rlb_schedulefree,GRAIN + Schedule-Free AdamW,300,6.401717662811279,602.879693051766,274.10774719901383
583,18l_1024d,dolma_sample,2027,rlb_fused_global_rational,GRAIN,schedule_free_adamw,Schedule-Free AdamW,rlb_schedulefree,GRAIN + Schedule-Free AdamW,350,6.270705699920654,528.8504559464219,320.1891357661225
583,18l_1024d,dolma_sample,2027,rlb_fused_global_rational,GRAIN,schedule_free_adamw,Schedule-Free AdamW,rlb_schedulefree,GRAIN + Schedule-Free AdamW,400,6.180468559265137,483.2183197371103,366.5421552399639
583,18l_1024d,dolma_sample,2027,rlb_fused_global_rational,GRAIN,schedule_free_adamw,Schedule-Free AdamW,rlb_schedulefree,GRAIN + Schedule-Free AdamW,450,6.087801456451416,440.45199299478105,412.7707010039594
583,18l_1024d,dolma_sample,2027,rlb_fused_global_rational,GRAIN,schedule_free_adamw,Schedule-Free AdamW,rlb_schedulefree,GRAIN + Schedule-Free AdamW,500,6.004682540893555,405.3222950553803,458.94585844594985
583,18l_1024d,dolma_sample,2027,rlb_fused_global_rational,GRAIN,schedule_free_adamw,Schedule-Free AdamW,rlb_schedulefree,GRAIN + Schedule-Free AdamW,550,5.923458099365234,373.70177989017634,505.1756118920166
583,18l_1024d,dolma_sample,2027,rlb_fused_global_rational,GRAIN,schedule_free_adamw,Schedule-Free AdamW,rlb_schedulefree,GRAIN + Schedule-Free AdamW,600,5.857426166534424,349.8225991916734,551.0498401850928
583,18l_1024d,dolma_sample,2027,rlb_fused_global_rational,GRAIN,schedule_free_adamw,Schedule-Free AdamW,rlb_schedulefree,GRAIN + Schedule-Free AdamW,650,5.796293258666992,329.0774912241727,596.904977764003
583,18l_1024d,dolma_sample,2027,rlb_fused_global_rational,GRAIN,schedule_free_adamw,Schedule-Free AdamW,rlb_schedulefree,GRAIN + Schedule-Free AdamW,700,5.7437028884887695,312.2183830043962,642.460199264111
583,18l_1024d,dolma_sample,2027,rlb_fused_global_rational,GRAIN,schedule_free_adamw,Schedule-Free AdamW,rlb_schedulefree,GRAIN + Schedule-Free AdamW,750,5.687475204467773,295.14749205648957,688.0832643171307
583,18l_1024d,dolma_sample,2027,rlb_fused_global_rational,GRAIN,schedule_free_adamw,Schedule-Free AdamW,rlb_schedulefree,GRAIN + Schedule-Free AdamW,800,5.651172161102295,284.6248966009909,733.5306166170631
583,18l_1024d,dolma_sample,2027,rlb_fused_global_rational,GRAIN,schedule_free_adamw,Schedule-Free AdamW,rlb_schedulefree,GRAIN + Schedule-Free AdamW,850,5.599631309509277,270.3267221589286,779.025610510027
583,18l_1024d,dolma_sample,2027,rlb_fused_global_rational,GRAIN,schedule_free_adamw,Schedule-Free AdamW,rlb_schedulefree,GRAIN + Schedule-Free AdamW,900,5.559980392456055,259.8177418852145,824.3952411359642
583,18l_1024d,dolma_sample,2027,rlb_fused_global_rational,GRAIN,schedule_free_adamw,Schedule-Free AdamW,rlb_schedulefree,GRAIN + Schedule-Free AdamW,950,5.524530410766602,250.76855215535474,869.8727892909665
583,18l_1024d,dolma_sample,2027,rlb_fused_global_rational,GRAIN,schedule_free_adamw,Schedule-Free AdamW,rlb_schedulefree,GRAIN + Schedule-Free AdamW,1000,5.489999771118164,242.25715140968614,915.217271723086
583,18l_1024d,dolma_sample,2027,rlb_fused_global_rational,GRAIN,schedule_free_adamw,Schedule-Free AdamW,rlb_schedulefree,GRAIN + Schedule-Free AdamW,1050,5.454781532287598,233.87377162000675,960.6982180580962
583,18l_1024d,dolma_sample,2027,rlb_fused_global_rational,GRAIN,schedule_free_adamw,Schedule-Free AdamW,rlb_schedulefree,GRAIN + Schedule-Free AdamW,1100,5.420015335083008,225.88258640368613,1006.0645204249304
583,18l_1024d,dolma_sample,2027,rlb_fused_global_rational,GRAIN,schedule_free_adamw,Schedule-Free AdamW,rlb_schedulefree,GRAIN + Schedule-Free AdamW,1150,5.386918067932129,218.528855572328,1051.6545772149693
583,18l_1024d,dolma_sample,2027,rlb_fused_global_rational,GRAIN,schedule_free_adamw,Schedule-Free AdamW,rlb_schedulefree,GRAIN + Schedule-Free AdamW,1200,5.357565879821777,212.207778045356,1097.2652741170023
583,18l_1024d,dolma_sample,2027,rlb_fused_global_rational,GRAIN,schedule_free_adamw,Schedule-Free AdamW,rlb_schedulefree,GRAIN + Schedule-Free AdamW,1250,5.332486629486084,206.9519476759084,1143.0827235509641
583,18l_1024d,dolma_sample,2027,rlb_fused_global_rational,GRAIN,schedule_free_adamw,Schedule-Free AdamW,rlb_schedulefree,GRAIN + Schedule-Free AdamW,1300,5.310732841491699,202.49857338140916,1188.9293840469327
583,18l_1024d,dolma_sample,2027,rlb_fused_global_rational,GRAIN,schedule_free_adamw,Schedule-Free AdamW,rlb_schedulefree,GRAIN + Schedule-Free AdamW,1350,5.2843146324157715,197.21896962908707,1235.0118858150672
583,18l_1024d,dolma_sample,2027,rlb_fused_global_rational,GRAIN,schedule_free_adamw,Schedule-Free AdamW,rlb_schedulefree,GRAIN + Schedule-Free AdamW,1400,5.262294769287109,192.92369910019968,1281.0578078001272
583,18l_1024d,dolma_sample,2027,rlb_fused_global_rational,GRAIN,schedule_free_adamw,Schedule-Free AdamW,rlb_schedulefree,GRAIN + Schedule-Free AdamW,1450,5.241004943847656,188.8598005663501,1327.3660932360217
583,18l_1024d,dolma_sample,2027,rlb_fused_global_rational,GRAIN,schedule_free_adamw,Schedule-Free AdamW,rlb_schedulefree,GRAIN + Schedule-Free AdamW,1500,5.221348762512207,185.18378465349952,1373.487804604927
583,18l_1024d,dolma_sample,2027,rlb_fused_global_rational,GRAIN,schedule_free_adamw,Schedule-Free AdamW,rlb_schedulefree,GRAIN + Schedule-Free AdamW,1550,5.200822830200195,181.4214595322015,1419.7345691381488
583,18l_1024d,dolma_sample,2027,rlb_fused_global_rational,GRAIN,schedule_free_adamw,Schedule-Free AdamW,rlb_schedulefree,GRAIN + Schedule-Free AdamW,1600,5.182186126708984,178.0716730281755,1465.6313504080754
583,18l_1024d,dolma_sample,2027,rlb_fused_global_rational,GRAIN,schedule_free_adamw,Schedule-Free AdamW,rlb_schedulefree,GRAIN + Schedule-Free AdamW,1650,5.167353630065918,175.44991719405746,1511.4618259931449
583,18l_1024d,dolma_sample,2027,rlb_fused_global_rational,GRAIN,schedule_free_adamw,Schedule-Free AdamW,rlb_schedulefree,GRAIN + Schedule-Free AdamW,1700,5.146232604980469,171.78309492670977,1557.0450458000414
583,18l_1024d,dolma_sample,2027,rlb_fused_global_rational,GRAIN,schedule_free_adamw,Schedule-Free AdamW,rlb_schedulefree,GRAIN + Schedule-Free AdamW,1750,5.129973411560059,169.01262420313736,1602.669309778139
583,18l_1024d,dolma_sample,2027,rlb_fused_global_rational,GRAIN,schedule_free_adamw,Schedule-Free AdamW,rlb_schedulefree,GRAIN + Schedule-Free AdamW,1800,5.117217063903809,166.87033336404068,1648.1417644859757
583,18l_1024d,dolma_sample,2027,rlb_fused_global_rational,GRAIN,schedule_free_adamw,Schedule-Free AdamW,rlb_schedulefree,GRAIN + Schedule-Free AdamW,1850,5.103506565093994,164.5980703809893,1693.7019868111238
583,18l_1024d,dolma_sample,2027,rlb_fused_global_rational,GRAIN,schedule_free_adamw,Schedule-Free AdamW,rlb_schedulefree,GRAIN + Schedule-Free AdamW,1900,5.09088659286499,162.5338995884229,1739.0300533219706
583,18l_1024d,dolma_sample,2027,rlb_fused_global_rational,GRAIN,schedule_free_adamw,Schedule-Free AdamW,rlb_schedulefree,GRAIN + Schedule-Free AdamW,1950,5.07682466506958,160.26435411815964,1784.506336802151
583,18l_1024d,dolma_sample,2027,rlb_fused_global_rational,GRAIN,schedule_free_adamw,Schedule-Free AdamW,rlb_schedulefree,GRAIN + Schedule-Free AdamW,2000,5.06391716003418,158.20903422158486,1829.888802203117
583,18l_1024d,dolma_sample,2027,rlb_fused_global_rational,GRAIN,schedule_free_adamw,Schedule-Free AdamW,rlb_schedulefree,GRAIN + Schedule-Free AdamW,2050,5.052829265594482,156.46451852639845,1875.3981334669515
583,18l_1024d,dolma_sample,2027,rlb_fused_global_rational,GRAIN,schedule_free_adamw,Schedule-Free AdamW,rlb_schedulefree,GRAIN + Schedule-Free AdamW,2100,5.042141914367676,154.80123116212104,1920.8290455639362
583,18l_1024d,dolma_sample,2027,rlb_fused_global_rational,GRAIN,schedule_free_adamw,Schedule-Free AdamW,rlb_schedulefree,GRAIN + Schedule-Free AdamW,2150,5.031789779663086,153.2069741837698,1966.4714186911006
583,18l_1024d,dolma_sample,2027,rlb_fused_global_rational,GRAIN,schedule_free_adamw,Schedule-Free AdamW,rlb_schedulefree,GRAIN + Schedule-Free AdamW,2200,5.020801067352295,151.53264304025623,2012.0995543471072
583,18l_1024d,dolma_sample,2027,rlb_fused_global_rational,GRAIN,schedule_free_adamw,Schedule-Free AdamW,rlb_schedulefree,GRAIN + Schedule-Free AdamW,2250,5.011416912078857,150.11728852883067,2058.0245006489567
583,18l_1024d,dolma_sample,2027,rlb_fused_global_rational,GRAIN,schedule_free_adamw,Schedule-Free AdamW,rlb_schedulefree,GRAIN + Schedule-Free AdamW,2300,5.001560688018799,148.64496658434777,2104.0343580159824
583,18l_1024d,dolma_sample,2027,rlb_fused_global_rational,GRAIN,schedule_free_adamw,Schedule-Free AdamW,rlb_schedulefree,GRAIN + Schedule-Free AdamW,2350,4.993895053863525,147.50986484720588,2150.1564706270583
583,18l_1024d,dolma_sample,2027,rlb_fused_global_rational,GRAIN,schedule_free_adamw,Schedule-Free AdamW,rlb_schedulefree,GRAIN + Schedule-Free AdamW,2400,4.9857001304626465,146.3059724443739,2196.217574788956
583,18l_1024d,dolma_sample,2027,rlb_fused_global_rational,GRAIN,schedule_free_adamw,Schedule-Free AdamW,rlb_schedulefree,GRAIN + Schedule-Free AdamW,2450,4.977163314819336,145.06230137833865,2242.558611870045
583,18l_1024d,dolma_sample,2027,rlb_fused_global_rational,GRAIN,schedule_free_adamw,Schedule-Free AdamW,rlb_schedulefree,GRAIN + Schedule-Free AdamW,2500,4.9697394371032715,143.9893641967252,2288.7130724359304
583,18l_1024d,dolma_sample,2027,rlb_fused_global_rational,GRAIN,schedule_free_adamw,Schedule-Free AdamW,rlb_schedulefree,GRAIN + Schedule-Free AdamW,2550,4.963291645050049,143.06393740440828,2334.77094992809
583,18l_1024d,dolma_sample,2027,rlb_fused_global_rational,GRAIN,schedule_free_adamw,Schedule-Free AdamW,rlb_schedulefree,GRAIN + Schedule-Free AdamW,2600,4.956535339355469,142.10061163558433,2380.542112162104
583,18l_1024d,dolma_sample,2027,rlb_fused_global_rational,GRAIN,schedule_free_adamw,Schedule-Free AdamW,rlb_schedulefree,GRAIN + Schedule-Free AdamW,2650,4.9500017166137695,141.17520626457184,2426.2757980760653
583,18l_1024d,dolma_sample,2027,rlb_fused_global_rational,GRAIN,schedule_free_adamw,Schedule-Free AdamW,rlb_schedulefree,GRAIN + Schedule-Free AdamW,2700,4.943594455718994,140.27355153932507,2471.742593534058
583,18l_1024d,dolma_sample,2027,rlb_fused_global_rational,GRAIN,schedule_free_adamw,Schedule-Free AdamW,rlb_schedulefree,GRAIN + Schedule-Free AdamW,2750,4.937411308288574,139.4088953925281,2517.2813239290845
583,18l_1024d,dolma_sample,2027,rlb_fused_global_rational,GRAIN,schedule_free_adamw,Schedule-Free AdamW,rlb_schedulefree,GRAIN + Schedule-Free AdamW,2800,4.9322590827941895,138.69247648821758,2562.6403705049306
583,18l_1024d,dolma_sample,2027,rlb_fused_global_rational,GRAIN,schedule_free_adamw,Schedule-Free AdamW,rlb_schedulefree,GRAIN + Schedule-Free AdamW,2850,4.927253246307373,137.99993943873653,2608.1163704339415
583,18l_1024d,dolma_sample,2027,rlb_fused_global_rational,GRAIN,schedule_free_adamw,Schedule-Free AdamW,rlb_schedulefree,GRAIN + Schedule-Free AdamW,2900,4.922101020812988,137.29076112461786,2653.462863320019
583,18l_1024d,dolma_sample,2027,rlb_fused_global_rational,GRAIN,schedule_free_adamw,Schedule-Free AdamW,rlb_schedulefree,GRAIN + Schedule-Free AdamW,2950,4.916694641113281,136.55051796156397,2698.888711167965
583,18l_1024d,dolma_sample,2027,rlb_fused_global_rational,GRAIN,schedule_free_adamw,Schedule-Free AdamW,rlb_schedulefree,GRAIN + Schedule-Free AdamW,3000,4.912309169769287,135.9529907549115,2744.2237264311407
583,18l_1024d,dolma_sample,2027,rlb_fused_global_rational,GRAIN,schedule_free_adamw,Schedule-Free AdamW,rlb_schedulefree,GRAIN + Schedule-Free AdamW,3050,4.908531188964844,135.44033198280357,2789.705043832073
582,18l_1024d,dolma_sample,2027,silu,SwiGLU,schedule_free_adamw,Schedule-Free AdamW,silu_schedulefree,SwiGLU + Schedule-Free AdamW,1,11.023269653320312,61283.728934399485,1.572638559853658
582,18l_1024d,dolma_sample,2027,silu,SwiGLU,schedule_free_adamw,Schedule-Free AdamW,silu_schedulefree,SwiGLU + Schedule-Free AdamW,50,8.755623817443848,6346.278248378183,35.38967623282224
582,18l_1024d,dolma_sample,2027,silu,SwiGLU,schedule_free_adamw,Schedule-Free AdamW,silu_schedulefree,SwiGLU + Schedule-Free AdamW,100,7.564801216125488,1929.0852698955036,70.47006485587917
582,18l_1024d,dolma_sample,2027,silu,SwiGLU,schedule_free_adamw,Schedule-Free AdamW,silu_schedulefree,SwiGLU + Schedule-Free AdamW,150,7.185206413269043,1319.7616264750395,105.67376232193783
582,18l_1024d,dolma_sample,2027,silu,SwiGLU,schedule_free_adamw,Schedule-Free AdamW,silu_schedulefree,SwiGLU + Schedule-Free AdamW,200,6.884469032287598,976.9827856508409,140.8689920178149
582,18l_1024d,dolma_sample,2027,silu,SwiGLU,schedule_free_adamw,Schedule-Free AdamW,silu_schedulefree,SwiGLU + Schedule-Free AdamW,250,6.605862140655518,739.4170760138952,176.06493014190346
582,18l_1024d,dolma_sample,2027,silu,SwiGLU,schedule_free_adamw,Schedule-Free AdamW,silu_schedulefree,SwiGLU + Schedule-Free AdamW,300,6.433237075805664,622.1847508999399,211.25640177098103
582,18l_1024d,dolma_sample,2027,silu,SwiGLU,schedule_free_adamw,Schedule-Free AdamW,silu_schedulefree,SwiGLU + Schedule-Free AdamW,350,6.300024509429932,544.5852574365698,246.41789928497747
582,18l_1024d,dolma_sample,2027,silu,SwiGLU,schedule_free_adamw,Schedule-Free AdamW,silu_schedulefree,SwiGLU + Schedule-Free AdamW,400,6.182378768920898,484.1422502068211,281.58939940994605
582,18l_1024d,dolma_sample,2027,silu,SwiGLU,schedule_free_adamw,Schedule-Free AdamW,silu_schedulefree,SwiGLU + Schedule-Free AdamW,450,6.090120315551758,441.47452420170964,316.8610736448318
582,18l_1024d,dolma_sample,2027,silu,SwiGLU,schedule_free_adamw,Schedule-Free AdamW,silu_schedulefree,SwiGLU + Schedule-Free AdamW,500,5.988340854644775,398.7524724752716,351.98229315388016
582,18l_1024d,dolma_sample,2027,silu,SwiGLU,schedule_free_adamw,Schedule-Free AdamW,silu_schedulefree,SwiGLU + Schedule-Free AdamW,550,5.909122467041016,368.3827455279738,387.15513976779766
582,18l_1024d,dolma_sample,2027,silu,SwiGLU,schedule_free_adamw,Schedule-Free AdamW,silu_schedulefree,SwiGLU + Schedule-Free AdamW,600,5.8455047607421875,345.6769819220617,422.3731387278531
582,18l_1024d,dolma_sample,2027,silu,SwiGLU,schedule_free_adamw,Schedule-Free AdamW,silu_schedulefree,SwiGLU + Schedule-Free AdamW,650,5.778076171875,323.13693213190675,457.67596082179807
582,18l_1024d,dolma_sample,2027,silu,SwiGLU,schedule_free_adamw,Schedule-Free AdamW,silu_schedulefree,SwiGLU + Schedule-Free AdamW,700,5.7288103103637695,307.6030983880541,493.03424665587954
582,18l_1024d,dolma_sample,2027,silu,SwiGLU,schedule_free_adamw,Schedule-Free AdamW,silu_schedulefree,SwiGLU + Schedule-Free AdamW,750,5.6656365394592285,288.7717372318596,528.4773147769738
582,18l_1024d,dolma_sample,2027,silu,SwiGLU,schedule_free_adamw,Schedule-Free AdamW,silu_schedulefree,SwiGLU + Schedule-Free AdamW,800,5.624625205993652,277.1683840046304,564.0885799108073
582,18l_1024d,dolma_sample,2027,silu,SwiGLU,schedule_free_adamw,Schedule-Free AdamW,silu_schedulefree,SwiGLU + Schedule-Free AdamW,850,5.5777082443237305,264.46482199472393,599.7014766638167
582,18l_1024d,dolma_sample,2027,silu,SwiGLU,schedule_free_adamw,Schedule-Free AdamW,silu_schedulefree,SwiGLU + Schedule-Free AdamW,900,5.529216766357422,251.946500748904,635.4405388578307
582,18l_1024d,dolma_sample,2027,silu,SwiGLU,schedule_free_adamw,Schedule-Free AdamW,silu_schedulefree,SwiGLU + Schedule-Free AdamW,950,5.494415760040283,243.3293219107811,671.1858630909119
582,18l_1024d,dolma_sample,2027,silu,SwiGLU,schedule_free_adamw,Schedule-Free AdamW,silu_schedulefree,SwiGLU + Schedule-Free AdamW,1000,5.45881462097168,234.81890991399095,707.0039052118082
582,18l_1024d,dolma_sample,2027,silu,SwiGLU,schedule_free_adamw,Schedule-Free AdamW,silu_schedulefree,SwiGLU + Schedule-Free AdamW,1050,5.425816059112549,227.1966766030405,742.8554278819356
582,18l_1024d,dolma_sample,2027,silu,SwiGLU,schedule_free_adamw,Schedule-Free AdamW,silu_schedulefree,SwiGLU + Schedule-Free AdamW,1100,5.394287586212158,220.14525670148825,778.7159559649881
582,18l_1024d,dolma_sample,2027,silu,SwiGLU,schedule_free_adamw,Schedule-Free AdamW,silu_schedulefree,SwiGLU + Schedule-Free AdamW,1150,5.360271453857422,212.78269929509207,814.4436754868366
582,18l_1024d,dolma_sample,2027,silu,SwiGLU,schedule_free_adamw,Schedule-Free AdamW,silu_schedulefree,SwiGLU + Schedule-Free AdamW,1200,5.3342976570129395,207.32708293749698,850.0382989679929
582,18l_1024d,dolma_sample,2027,silu,SwiGLU,schedule_free_adamw,Schedule-Free AdamW,silu_schedulefree,SwiGLU + Schedule-Free AdamW,1250,5.307737827301025,201.89299459175055,885.5445907788817
582,18l_1024d,dolma_sample,2027,silu,SwiGLU,schedule_free_adamw,Schedule-Free AdamW,silu_schedulefree,SwiGLU + Schedule-Free AdamW,1300,5.284660816192627,197.28725545590154,920.9628493369091
582,18l_1024d,dolma_sample,2027,silu,SwiGLU,schedule_free_adamw,Schedule-Free AdamW,silu_schedulefree,SwiGLU + Schedule-Free AdamW,1350,5.2591400146484375,192.3160311911144,956.3203065788839
582,18l_1024d,dolma_sample,2027,silu,SwiGLU,schedule_free_adamw,Schedule-Free AdamW,silu_schedulefree,SwiGLU + Schedule-Free AdamW,1400,5.238460540771484,188.37987592860495,991.5242820028216
582,18l_1024d,dolma_sample,2027,silu,SwiGLU,schedule_free_adamw,Schedule-Free AdamW,silu_schedulefree,SwiGLU + Schedule-Free AdamW,1450,5.217337608337402,184.44247169679824,1026.7515043758322
582,18l_1024d,dolma_sample,2027,silu,SwiGLU,schedule_free_adamw,Schedule-Free AdamW,silu_schedulefree,SwiGLU + Schedule-Free AdamW,1500,5.198058128356934,180.92057600447686,1062.1144240358844
582,18l_1024d,dolma_sample,2027,silu,SwiGLU,schedule_free_adamw,Schedule-Free AdamW,silu_schedulefree,SwiGLU + Schedule-Free AdamW,1550,5.178619861602783,177.43775326907297,1097.310148480814
582,18l_1024d,dolma_sample,2027,silu,SwiGLU,schedule_free_adamw,Schedule-Free AdamW,silu_schedulefree,SwiGLU + Schedule-Free AdamW,1600,5.159346580505371,174.05069032682005,1132.5198429930024
582,18l_1024d,dolma_sample,2027,silu,SwiGLU,schedule_free_adamw,Schedule-Free AdamW,silu_schedulefree,SwiGLU + Schedule-Free AdamW,1650,5.1423211097717285,171.11247858528873,1167.713843694888
582,18l_1024d,dolma_sample,2027,silu,SwiGLU,schedule_free_adamw,Schedule-Free AdamW,silu_schedulefree,SwiGLU + Schedule-Free AdamW,1700,5.124485969543457,168.08771723532755,1202.8535360267852
582,18l_1024d,dolma_sample,2027,silu,SwiGLU,schedule_free_adamw,Schedule-Free AdamW,silu_schedulefree,SwiGLU + Schedule-Free AdamW,1750,5.109151840209961,165.5298995130389,1238.031772730872
582,18l_1024d,dolma_sample,2027,silu,SwiGLU,schedule_free_adamw,Schedule-Free AdamW,silu_schedulefree,SwiGLU + Schedule-Free AdamW,1800,5.094529628753662,163.12709628010666,1273.3504409538582
582,18l_1024d,dolma_sample,2027,silu,SwiGLU,schedule_free_adamw,Schedule-Free AdamW,silu_schedulefree,SwiGLU + Schedule-Free AdamW,1850,5.081872940063477,161.07545826527183,1308.5240797637962
582,18l_1024d,dolma_sample,2027,silu,SwiGLU,schedule_free_adamw,Schedule-Free AdamW,silu_schedulefree,SwiGLU + Schedule-Free AdamW,1900,5.068629264831543,158.95629096409795,1343.73654320091
582,18l_1024d,dolma_sample,2027,silu,SwiGLU,schedule_free_adamw,Schedule-Free AdamW,silu_schedulefree,SwiGLU + Schedule-Free AdamW,1950,5.05494499206543,156.79590508805364,1379.0374267129228
582,18l_1024d,dolma_sample,2027,silu,SwiGLU,schedule_free_adamw,Schedule-Free AdamW,silu_schedulefree,SwiGLU + Schedule-Free AdamW,2000,5.0428972244262695,154.91819825675128,1414.418704337906
582,18l_1024d,dolma_sample,2027,silu,SwiGLU,schedule_free_adamw,Schedule-Free AdamW,silu_schedulefree,SwiGLU + Schedule-Free AdamW,2050,5.030527114868164,153.0136472103985,1449.8676915229298
582,18l_1024d,dolma_sample,2027,silu,SwiGLU,schedule_free_adamw,Schedule-Free AdamW,silu_schedulefree,SwiGLU + Schedule-Free AdamW,2100,5.019810199737549,151.38256861591302,1485.4020793649834
582,18l_1024d,dolma_sample,2027,silu,SwiGLU,schedule_free_adamw,Schedule-Free AdamW,silu_schedulefree,SwiGLU + Schedule-Free AdamW,2150,5.0097575187683105,149.8683914706185,1521.017956867814
582,18l_1024d,dolma_sample,2027,silu,SwiGLU,schedule_free_adamw,Schedule-Free AdamW,silu_schedulefree,SwiGLU + Schedule-Free AdamW,2200,4.999733924865723,148.37367530440125,1556.6273932137992
582,18l_1024d,dolma_sample,2027,silu,SwiGLU,schedule_free_adamw,Schedule-Free AdamW,silu_schedulefree,SwiGLU + Schedule-Free AdamW,2250,4.990015029907227,146.93863195310456,1592.492989887949
582,18l_1024d,dolma_sample,2027,silu,SwiGLU,schedule_free_adamw,Schedule-Free AdamW,silu_schedulefree,SwiGLU + Schedule-Free AdamW,2300,4.981110095977783,145.63596184772283,1628.3181780579034
582,18l_1024d,dolma_sample,2027,silu,SwiGLU,schedule_free_adamw,Schedule-Free AdamW,silu_schedulefree,SwiGLU + Schedule-Free AdamW,2350,4.971922397613525,144.30403061989398,1664.1673850209918
582,18l_1024d,dolma_sample,2027,silu,SwiGLU,schedule_free_adamw,Schedule-Free AdamW,silu_schedulefree,SwiGLU + Schedule-Free AdamW,2400,4.9638671875,143.1463004728892,1700.0677030419465
582,18l_1024d,dolma_sample,2027,silu,SwiGLU,schedule_free_adamw,Schedule-Free AdamW,silu_schedulefree,SwiGLU + Schedule-Free AdamW,2450,4.955079078674316,141.89382670501763,1735.856135776965
582,18l_1024d,dolma_sample,2027,silu,SwiGLU,schedule_free_adamw,Schedule-Free AdamW,silu_schedulefree,SwiGLU + Schedule-Free AdamW,2500,4.948308944702148,140.93643099384266,1771.491869690828
582,18l_1024d,dolma_sample,2027,silu,SwiGLU,schedule_free_adamw,Schedule-Free AdamW,silu_schedulefree,SwiGLU + Schedule-Free AdamW,2550,4.941530227661133,139.98429358836248,1807.0191039969213
582,18l_1024d,dolma_sample,2027,silu,SwiGLU,schedule_free_adamw,Schedule-Free AdamW,silu_schedulefree,SwiGLU + Schedule-Free AdamW,2600,4.93483829498291,139.05065552536846,1842.4659366069827
582,18l_1024d,dolma_sample,2027,silu,SwiGLU,schedule_free_adamw,Schedule-Free AdamW,silu_schedulefree,SwiGLU + Schedule-Free AdamW,2650,4.928375244140625,138.15486196689375,1877.8416145339143
582,18l_1024d,dolma_sample,2027,silu,SwiGLU,schedule_free_adamw,Schedule-Free AdamW,silu_schedulefree,SwiGLU + Schedule-Free AdamW,2700,4.922236442565918,137.30935453909836,1913.2397753279656
582,18l_1024d,dolma_sample,2027,silu,SwiGLU,schedule_free_adamw,Schedule-Free AdamW,silu_schedulefree,SwiGLU + Schedule-Free AdamW,2750,4.916154861450195,136.4768306582275,1948.5000765149016
582,18l_1024d,dolma_sample,2027,silu,SwiGLU,schedule_free_adamw,Schedule-Free AdamW,silu_schedulefree,SwiGLU + Schedule-Free AdamW,2800,4.910691261291504,135.73320909983286,1983.7423429638147
582,18l_1024d,dolma_sample,2027,silu,SwiGLU,schedule_free_adamw,Schedule-Free AdamW,silu_schedulefree,SwiGLU + Schedule-Free AdamW,2850,4.905851364135742,135.07786151389777,2018.9140735929832
582,18l_1024d,dolma_sample,2027,silu,SwiGLU,schedule_free_adamw,Schedule-Free AdamW,silu_schedulefree,SwiGLU + Schedule-Free AdamW,2900,4.900949478149414,134.41734544730448,2054.1296222489327
582,18l_1024d,dolma_sample,2027,silu,SwiGLU,schedule_free_adamw,Schedule-Free AdamW,silu_schedulefree,SwiGLU + Schedule-Free AdamW,2950,4.896106719970703,133.76796840538464,2089.3620402859524
582,18l_1024d,dolma_sample,2027,silu,SwiGLU,schedule_free_adamw,Schedule-Free AdamW,silu_schedulefree,SwiGLU + Schedule-Free AdamW,3000,4.891321182250977,133.12934604137217,2124.543073463952
582,18l_1024d,dolma_sample,2027,silu,SwiGLU,schedule_free_adamw,Schedule-Free AdamW,silu_schedulefree,SwiGLU + Schedule-Free AdamW,3050,4.887386798858643,132.60659318268117,2159.6880161189474
597,18l_1024d,dolma_sample,3407,rlb_fused_global_rational,GRAIN,schedule_free_adamw,Schedule-Free AdamW,rlb_schedulefree,GRAIN + Schedule-Free AdamW,1,11.056982040405273,63384.96964064889,2.1911986330524087
597,18l_1024d,dolma_sample,3407,rlb_fused_global_rational,GRAIN,schedule_free_adamw,Schedule-Free AdamW,rlb_schedulefree,GRAIN + Schedule-Free AdamW,50,8.562386512756348,5231.1504948216,45.286750982981175
597,18l_1024d,dolma_sample,3407,rlb_fused_global_rational,GRAIN,schedule_free_adamw,Schedule-Free AdamW,rlb_schedulefree,GRAIN + Schedule-Free AdamW,100,7.419630527496338,1668.4169596617458,89.00508995703422
597,18l_1024d,dolma_sample,3407,rlb_fused_global_rational,GRAIN,schedule_free_adamw,Schedule-Free AdamW,rlb_schedulefree,GRAIN + Schedule-Free AdamW,150,7.064548492431641,1169.7536995569974,132.91601966693997
597,18l_1024d,dolma_sample,3407,rlb_fused_global_rational,GRAIN,schedule_free_adamw,Schedule-Free AdamW,rlb_schedulefree,GRAIN + Schedule-Free AdamW,200,6.783346176147461,883.018521599161,176.7351661720313
597,18l_1024d,dolma_sample,3407,rlb_fused_global_rational,GRAIN,schedule_free_adamw,Schedule-Free AdamW,rlb_schedulefree,GRAIN + Schedule-Free AdamW,250,6.555275917053223,702.9430770502103,220.65531723294407
597,18l_1024d,dolma_sample,3407,rlb_fused_global_rational,GRAIN,schedule_free_adamw,Schedule-Free AdamW,rlb_schedulefree,GRAIN + Schedule-Free AdamW,300,6.386378288269043,593.7024620745009,264.42650398402475
597,18l_1024d,dolma_sample,3407,rlb_fused_global_rational,GRAIN,schedule_free_adamw,Schedule-Free AdamW,rlb_schedulefree,GRAIN + Schedule-Free AdamW,350,6.264189720153809,525.4156796948673,308.3927860921249
597,18l_1024d,dolma_sample,3407,rlb_fused_global_rational,GRAIN,schedule_free_adamw,Schedule-Free AdamW,rlb_schedulefree,GRAIN + Schedule-Free AdamW,400,6.154129981994629,470.65718405708736,352.1854266580194
597,18l_1024d,dolma_sample,3407,rlb_fused_global_rational,GRAIN,schedule_free_adamw,Schedule-Free AdamW,rlb_schedulefree,GRAIN + Schedule-Free AdamW,450,6.071232795715332,433.21441739084497,396.1345405089669
597,18l_1024d,dolma_sample,3407,rlb_fused_global_rational,GRAIN,schedule_free_adamw,Schedule-Free AdamW,rlb_schedulefree,GRAIN + Schedule-Free AdamW,500,5.99323034286499,400.70694227695066,440.0104930680245
597,18l_1024d,dolma_sample,3407,rlb_fused_global_rational,GRAIN,schedule_free_adamw,Schedule-Free AdamW,rlb_schedulefree,GRAIN + Schedule-Free AdamW,550,5.908845901489258,368.2808776379227,483.93994239810854
597,18l_1024d,dolma_sample,3407,rlb_fused_global_rational,GRAIN,schedule_free_adamw,Schedule-Free AdamW,rlb_schedulefree,GRAIN + Schedule-Free AdamW,600,5.848676681518555,346.77518270511524,527.7128178989515
597,18l_1024d,dolma_sample,3407,rlb_fused_global_rational,GRAIN,schedule_free_adamw,Schedule-Free AdamW,rlb_schedulefree,GRAIN + Schedule-Free AdamW,650,5.784143447875977,325.1034527643797,571.6544131231494
597,18l_1024d,dolma_sample,3407,rlb_fused_global_rational,GRAIN,schedule_free_adamw,Schedule-Free AdamW,rlb_schedulefree,GRAIN + Schedule-Free AdamW,700,5.729346752166748,307.7681538161127,615.4243666939437
597,18l_1024d,dolma_sample,3407,rlb_fused_global_rational,GRAIN,schedule_free_adamw,Schedule-Free AdamW,rlb_schedulefree,GRAIN + Schedule-Free AdamW,750,5.683274269104004,293.910197236996,659.3741494850256
597,18l_1024d,dolma_sample,3407,rlb_fused_global_rational,GRAIN,schedule_free_adamw,Schedule-Free AdamW,rlb_schedulefree,GRAIN + Schedule-Free AdamW,800,5.634243011474609,279.84699614462835,703.1568893929943
597,18l_1024d,dolma_sample,3407,rlb_fused_global_rational,GRAIN,schedule_free_adamw,Schedule-Free AdamW,rlb_schedulefree,GRAIN + Schedule-Free AdamW,850,5.595245361328125,269.14367944205515,747.2040522370953
597,18l_1024d,dolma_sample,3407,rlb_fused_global_rational,GRAIN,schedule_free_adamw,Schedule-Free AdamW,rlb_schedulefree,GRAIN + Schedule-Free AdamW,900,5.55556583404541,258.67328927261525,790.9807888721116
597,18l_1024d,dolma_sample,3407,rlb_fused_global_rational,GRAIN,schedule_free_adamw,Schedule-Free AdamW,rlb_schedulefree,GRAIN + Schedule-Free AdamW,950,5.525904178619385,251.11328666917484,834.9992643480655
597,18l_1024d,dolma_sample,3407,rlb_fused_global_rational,GRAIN,schedule_free_adamw,Schedule-Free AdamW,rlb_schedulefree,GRAIN + Schedule-Free AdamW,1000,5.493261814117432,243.0486949771449,878.7822637751233
597,18l_1024d,dolma_sample,3407,rlb_fused_global_rational,GRAIN,schedule_free_adamw,Schedule-Free AdamW,rlb_schedulefree,GRAIN + Schedule-Free AdamW,1050,5.454097270965576,233.71379558280114,922.7089241710491
597,18l_1024d,dolma_sample,3407,rlb_fused_global_rational,GRAIN,schedule_free_adamw,Schedule-Free AdamW,rlb_schedulefree,GRAIN + Schedule-Free AdamW,1100,5.417818069458008,225.38680724001966,966.4752373180818
597,18l_1024d,dolma_sample,3407,rlb_fused_global_rational,GRAIN,schedule_free_adamw,Schedule-Free AdamW,rlb_schedulefree,GRAIN + Schedule-Free AdamW,1150,5.388035774230957,218.7732432020313,1010.4054371379316
597,18l_1024d,dolma_sample,3407,rlb_fused_global_rational,GRAIN,schedule_free_adamw,Schedule-Free AdamW,rlb_schedulefree,GRAIN + Schedule-Free AdamW,1200,5.360321998596191,212.79345461285268,1056.3294219570234
597,18l_1024d,dolma_sample,3407,rlb_fused_global_rational,GRAIN,schedule_free_adamw,Schedule-Free AdamW,rlb_schedulefree,GRAIN + Schedule-Free AdamW,1250,5.331155300140381,206.67660979818362,1100.2702794431243
597,18l_1024d,dolma_sample,3407,rlb_fused_global_rational,GRAIN,schedule_free_adamw,Schedule-Free AdamW,rlb_schedulefree,GRAIN + Schedule-Free AdamW,1300,5.310755729675293,202.50320825897595,1144.0423669230659
597,18l_1024d,dolma_sample,3407,rlb_fused_global_rational,GRAIN,schedule_free_adamw,Schedule-Free AdamW,rlb_schedulefree,GRAIN + Schedule-Free AdamW,1350,5.283459663391113,197.0504255792169,1187.9784525351133
597,18l_1024d,dolma_sample,3407,rlb_fused_global_rational,GRAIN,schedule_free_adamw,Schedule-Free AdamW,rlb_schedulefree,GRAIN + Schedule-Free AdamW,1400,5.262810707092285,193.02326141185156,1231.7549250619486
597,18l_1024d,dolma_sample,3407,rlb_fused_global_rational,GRAIN,schedule_free_adamw,Schedule-Free AdamW,rlb_schedulefree,GRAIN + Schedule-Free AdamW,1450,5.237471580505371,188.1936678077692,1275.6853300360963
597,18l_1024d,dolma_sample,3407,rlb_fused_global_rational,GRAIN,schedule_free_adamw,Schedule-Free AdamW,rlb_schedulefree,GRAIN + Schedule-Free AdamW,1500,5.217867851257324,184.5402969448289,1319.4552934600506
597,18l_1024d,dolma_sample,3407,rlb_fused_global_rational,GRAIN,schedule_free_adamw,Schedule-Free AdamW,rlb_schedulefree,GRAIN + Schedule-Free AdamW,1550,5.199351787567139,181.1547770294348,1363.4913805900142
597,18l_1024d,dolma_sample,3407,rlb_fused_global_rational,GRAIN,schedule_free_adamw,Schedule-Free AdamW,rlb_schedulefree,GRAIN + Schedule-Free AdamW,1600,5.179989337921143,177.68091653532147,1407.2608526740223
597,18l_1024d,dolma_sample,3407,rlb_fused_global_rational,GRAIN,schedule_free_adamw,Schedule-Free AdamW,rlb_schedulefree,GRAIN + Schedule-Free AdamW,1650,5.163242340087891,174.73007246700118,1451.1950924850535
597,18l_1024d,dolma_sample,3407,rlb_fused_global_rational,GRAIN,schedule_free_adamw,Schedule-Free AdamW,rlb_schedulefree,GRAIN + Schedule-Free AdamW,1700,5.146756172180176,171.8730584696026,1494.9782547759824
597,18l_1024d,dolma_sample,3407,rlb_fused_global_rational,GRAIN,schedule_free_adamw,Schedule-Free AdamW,rlb_schedulefree,GRAIN + Schedule-Free AdamW,1750,5.129863739013672,168.99408917467997,1538.9139452620875
597,18l_1024d,dolma_sample,3407,rlb_fused_global_rational,GRAIN,schedule_free_adamw,Schedule-Free AdamW,rlb_schedulefree,GRAIN + Schedule-Free AdamW,1800,5.113852024078369,166.30975176526735,1582.6956975089852
597,18l_1024d,dolma_sample,3407,rlb_fused_global_rational,GRAIN,schedule_free_adamw,Schedule-Free AdamW,rlb_schedulefree,GRAIN + Schedule-Free AdamW,1850,5.100643157958984,164.1274332263116,1626.6278690060135
597,18l_1024d,dolma_sample,3407,rlb_fused_global_rational,GRAIN,schedule_free_adamw,Schedule-Free AdamW,rlb_schedulefree,GRAIN + Schedule-Free AdamW,1900,5.085577487945557,161.67327665277557,1670.418812577147
597,18l_1024d,dolma_sample,3407,rlb_fused_global_rational,GRAIN,schedule_free_adamw,Schedule-Free AdamW,rlb_schedulefree,GRAIN + Schedule-Free AdamW,1950,5.072385311126709,159.55446082547041,1714.4665488400497
597,18l_1024d,dolma_sample,3407,rlb_fused_global_rational,GRAIN,schedule_free_adamw,Schedule-Free AdamW,rlb_schedulefree,GRAIN + Schedule-Free AdamW,2000,5.059743881225586,157.55015960174458,1758.250905398978
597,18l_1024d,dolma_sample,3407,rlb_fused_global_rational,GRAIN,schedule_free_adamw,Schedule-Free AdamW,rlb_schedulefree,GRAIN + Schedule-Free AdamW,2050,5.046733856201172,155.51370397630254,1802.190563814016
597,18l_1024d,dolma_sample,3407,rlb_fused_global_rational,GRAIN,schedule_free_adamw,Schedule-Free AdamW,rlb_schedulefree,GRAIN + Schedule-Free AdamW,2100,5.036145210266113,153.87571179069644,1845.977941368008
597,18l_1024d,dolma_sample,3407,rlb_fused_global_rational,GRAIN,schedule_free_adamw,Schedule-Free AdamW,rlb_schedulefree,GRAIN + Schedule-Free AdamW,2150,5.024558067321777,152.1030219614184,1889.9158114150632
597,18l_1024d,dolma_sample,3407,rlb_fused_global_rational,GRAIN,schedule_free_adamw,Schedule-Free AdamW,rlb_schedulefree,GRAIN + Schedule-Free AdamW,2200,5.013810634613037,150.4770580876149,1933.6979748089798
597,18l_1024d,dolma_sample,3407,rlb_fused_global_rational,GRAIN,schedule_free_adamw,Schedule-Free AdamW,rlb_schedulefree,GRAIN + Schedule-Free AdamW,2250,5.004159450531006,149.0317619280677,1977.6353236450814
597,18l_1024d,dolma_sample,3407,rlb_fused_global_rational,GRAIN,schedule_free_adamw,Schedule-Free AdamW,rlb_schedulefree,GRAIN + Schedule-Free AdamW,2300,4.994817733764648,147.64603204442543,2021.41457806807
597,18l_1024d,dolma_sample,3407,rlb_fused_global_rational,GRAIN,schedule_free_adamw,Schedule-Free AdamW,rlb_schedulefree,GRAIN + Schedule-Free AdamW,2350,4.986133575439453,146.36940177877688,2065.3477727910504
597,18l_1024d,dolma_sample,3407,rlb_fused_global_rational,GRAIN,schedule_free_adamw,Schedule-Free AdamW,rlb_schedulefree,GRAIN + Schedule-Free AdamW,2400,4.978283882141113,145.22494456218462,2109.1440541290212
597,18l_1024d,dolma_sample,3407,rlb_fused_global_rational,GRAIN,schedule_free_adamw,Schedule-Free AdamW,rlb_schedulefree,GRAIN + Schedule-Free AdamW,2450,4.969742774963379,143.98984481388197,2153.0833623160142
597,18l_1024d,dolma_sample,3407,rlb_fused_global_rational,GRAIN,schedule_free_adamw,Schedule-Free AdamW,rlb_schedulefree,GRAIN + Schedule-Free AdamW,2500,4.963176727294922,143.0474977625036,2197.0752646070905
597,18l_1024d,dolma_sample,3407,rlb_fused_global_rational,GRAIN,schedule_free_adamw,Schedule-Free AdamW,rlb_schedulefree,GRAIN + Schedule-Free AdamW,2550,4.956520080566406,142.09844336886832,2241.0055739940144
597,18l_1024d,dolma_sample,3407,rlb_fused_global_rational,GRAIN,schedule_free_adamw,Schedule-Free AdamW,rlb_schedulefree,GRAIN + Schedule-Free AdamW,2600,4.949323654174805,141.07951310652518,2284.7808471180033
597,18l_1024d,dolma_sample,3407,rlb_fused_global_rational,GRAIN,schedule_free_adamw,Schedule-Free AdamW,rlb_schedulefree,GRAIN + Schedule-Free AdamW,2650,4.942928791046143,140.18020746290378,2328.720335511025
597,18l_1024d,dolma_sample,3407,rlb_fused_global_rational,GRAIN,schedule_free_adamw,Schedule-Free AdamW,rlb_schedulefree,GRAIN + Schedule-Free AdamW,2700,4.937358856201172,139.40158329673136,2372.494889596943
597,18l_1024d,dolma_sample,3407,rlb_fused_global_rational,GRAIN,schedule_free_adamw,Schedule-Free AdamW,rlb_schedulefree,GRAIN + Schedule-Free AdamW,2750,4.931823253631592,138.63204343253176,2416.4289334281348
597,18l_1024d,dolma_sample,3407,rlb_fused_global_rational,GRAIN,schedule_free_adamw,Schedule-Free AdamW,rlb_schedulefree,GRAIN + Schedule-Free AdamW,2800,4.926745414733887,137.92987650394127,2460.2128695310093
597,18l_1024d,dolma_sample,3407,rlb_fused_global_rational,GRAIN,schedule_free_adamw,Schedule-Free AdamW,rlb_schedulefree,GRAIN + Schedule-Free AdamW,2850,4.921679496765137,137.23290196262678,2504.1498440159485
597,18l_1024d,dolma_sample,3407,rlb_fused_global_rational,GRAIN,schedule_free_adamw,Schedule-Free AdamW,rlb_schedulefree,GRAIN + Schedule-Free AdamW,2900,4.9163818359375,136.50781093262805,2548.0243151590694
597,18l_1024d,dolma_sample,3407,rlb_fused_global_rational,GRAIN,schedule_free_adamw,Schedule-Free AdamW,rlb_schedulefree,GRAIN + Schedule-Free AdamW,2950,4.912282943725586,135.94942529258884,2591.949021321954
597,18l_1024d,dolma_sample,3407,rlb_fused_global_rational,GRAIN,schedule_free_adamw,Schedule-Free AdamW,rlb_schedulefree,GRAIN + Schedule-Free AdamW,3000,4.907598972320557,135.31413108345023,2635.704831049079
597,18l_1024d,dolma_sample,3407,rlb_fused_global_rational,GRAIN,schedule_free_adamw,Schedule-Free AdamW,rlb_schedulefree,GRAIN + Schedule-Free AdamW,3050,4.902771949768066,134.66254060718074,2679.623776052147
596,18l_1024d,dolma_sample,3407,silu,SwiGLU,schedule_free_adamw,Schedule-Free AdamW,silu_schedulefree,SwiGLU + Schedule-Free AdamW,1,11.025032043457031,61391.83000396387,1.5593246889766306
596,18l_1024d,dolma_sample,3407,silu,SwiGLU,schedule_free_adamw,Schedule-Free AdamW,silu_schedulefree,SwiGLU + Schedule-Free AdamW,50,8.726844787597656,6166.241583381007,35.388991152867675
596,18l_1024d,dolma_sample,3407,silu,SwiGLU,schedule_free_adamw,Schedule-Free AdamW,silu_schedulefree,SwiGLU + Schedule-Free AdamW,100,7.542047500610352,1885.6870205405235,70.57156780781224
596,18l_1024d,dolma_sample,3407,silu,SwiGLU,schedule_free_adamw,Schedule-Free AdamW,silu_schedulefree,SwiGLU + Schedule-Free AdamW,150,7.1576247215271,1283.8577885399257,106.04934170795605
596,18l_1024d,dolma_sample,3407,silu,SwiGLU,schedule_free_adamw,Schedule-Free AdamW,silu_schedulefree,SwiGLU + Schedule-Free AdamW,200,6.83551549911499,930.3077999846448,141.6170860878192
596,18l_1024d,dolma_sample,3407,silu,SwiGLU,schedule_free_adamw,Schedule-Free AdamW,silu_schedulefree,SwiGLU + Schedule-Free AdamW,250,6.582036018371582,722.0078550263909,177.2637209550012
596,18l_1024d,dolma_sample,3407,silu,SwiGLU,schedule_free_adamw,Schedule-Free AdamW,silu_schedulefree,SwiGLU + Schedule-Free AdamW,300,6.401007652282715,602.4517940466168,212.89533562399447
596,18l_1024d,dolma_sample,3407,silu,SwiGLU,schedule_free_adamw,Schedule-Free AdamW,silu_schedulefree,SwiGLU + Schedule-Free AdamW,350,6.257071495056152,521.6889322664073,248.64428213983774
596,18l_1024d,dolma_sample,3407,silu,SwiGLU,schedule_free_adamw,Schedule-Free AdamW,silu_schedulefree,SwiGLU + Schedule-Free AdamW,400,6.145617961883545,466.66794297762084,284.52456341381185
596,18l_1024d,dolma_sample,3407,silu,SwiGLU,schedule_free_adamw,Schedule-Free AdamW,silu_schedulefree,SwiGLU + Schedule-Free AdamW,450,6.042849540710449,421.0912435450182,320.21629844699055
596,18l_1024d,dolma_sample,3407,silu,SwiGLU,schedule_free_adamw,Schedule-Free AdamW,silu_schedulefree,SwiGLU + Schedule-Free AdamW,500,5.962189197540283,388.4596088739226,355.82848557201214
596,18l_1024d,dolma_sample,3407,silu,SwiGLU,schedule_free_adamw,Schedule-Free AdamW,silu_schedulefree,SwiGLU + Schedule-Free AdamW,550,5.8844804763793945,359.4159943854476,391.30793349281885
596,18l_1024d,dolma_sample,3407,silu,SwiGLU,schedule_free_adamw,Schedule-Free AdamW,silu_schedulefree,SwiGLU + Schedule-Free AdamW,600,5.817315101623535,336.06853138583597,426.6763225318864
596,18l_1024d,dolma_sample,3407,silu,SwiGLU,schedule_free_adamw,Schedule-Free AdamW,silu_schedulefree,SwiGLU + Schedule-Free AdamW,650,5.756731986999512,316.31292323438396,461.9642197168432
596,18l_1024d,dolma_sample,3407,silu,SwiGLU,schedule_free_adamw,Schedule-Free AdamW,silu_schedulefree,SwiGLU + Schedule-Free AdamW,700,5.698726654052734,298.48708156374227,497.21773056080565
596,18l_1024d,dolma_sample,3407,silu,SwiGLU,schedule_free_adamw,Schedule-Free AdamW,silu_schedulefree,SwiGLU + Schedule-Free AdamW,750,5.641580581665039,281.907945053287,532.3971660288516
596,18l_1024d,dolma_sample,3407,silu,SwiGLU,schedule_free_adamw,Schedule-Free AdamW,silu_schedulefree,SwiGLU + Schedule-Free AdamW,800,5.59339714050293,268.6467018923388,567.4895125599578
596,18l_1024d,dolma_sample,3407,silu,SwiGLU,schedule_free_adamw,Schedule-Free AdamW,silu_schedulefree,SwiGLU + Schedule-Free AdamW,850,5.553341865539551,258.09864725369204,602.6921832449734
596,18l_1024d,dolma_sample,3407,silu,SwiGLU,schedule_free_adamw,Schedule-Free AdamW,silu_schedulefree,SwiGLU + Schedule-Free AdamW,900,5.51092529296875,247.37992010168716,637.7906663878821
596,18l_1024d,dolma_sample,3407,silu,SwiGLU,schedule_free_adamw,Schedule-Free AdamW,silu_schedulefree,SwiGLU + Schedule-Free AdamW,950,5.480107307434082,239.87244608994968,672.8461230569519
596,18l_1024d,dolma_sample,3407,silu,SwiGLU,schedule_free_adamw,Schedule-Free AdamW,silu_schedulefree,SwiGLU + Schedule-Free AdamW,1000,5.4454450607299805,231.70037750718282,707.9334238658193
596,18l_1024d,dolma_sample,3407,silu,SwiGLU,schedule_free_adamw,Schedule-Free AdamW,silu_schedulefree,SwiGLU + Schedule-Free AdamW,1050,5.418294906616211,225.49430567226707,743.0039286618121
596,18l_1024d,dolma_sample,3407,silu,SwiGLU,schedule_free_adamw,Schedule-Free AdamW,silu_schedulefree,SwiGLU + Schedule-Free AdamW,1100,5.381598472595215,217.36945699095077,778.0473698219284
596,18l_1024d,dolma_sample,3407,silu,SwiGLU,schedule_free_adamw,Schedule-Free AdamW,silu_schedulefree,SwiGLU + Schedule-Free AdamW,1150,5.350836753845215,210.78459891975405,813.0680897238199
596,18l_1024d,dolma_sample,3407,silu,SwiGLU,schedule_free_adamw,Schedule-Free AdamW,silu_schedulefree,SwiGLU + Schedule-Free AdamW,1200,5.323392391204834,205.07840946502452,848.1284466509242
596,18l_1024d,dolma_sample,3407,silu,SwiGLU,schedule_free_adamw,Schedule-Free AdamW,silu_schedulefree,SwiGLU + Schedule-Free AdamW,1250,5.294744491577148,199.28670003042492,883.1924118769821
596,18l_1024d,dolma_sample,3407,silu,SwiGLU,schedule_free_adamw,Schedule-Free AdamW,silu_schedulefree,SwiGLU + Schedule-Free AdamW,1300,5.272806167602539,194.96229240883565,918.355200669961
596,18l_1024d,dolma_sample,3407,silu,SwiGLU,schedule_free_adamw,Schedule-Free AdamW,silu_schedulefree,SwiGLU + Schedule-Free AdamW,1350,5.250532627105713,190.66779625447344,953.5021630299743
596,18l_1024d,dolma_sample,3407,silu,SwiGLU,schedule_free_adamw,Schedule-Free AdamW,silu_schedulefree,SwiGLU + Schedule-Free AdamW,1400,5.227902412414551,186.4013998996511,988.766441565007
596,18l_1024d,dolma_sample,3407,silu,SwiGLU,schedule_free_adamw,Schedule-Free AdamW,silu_schedulefree,SwiGLU + Schedule-Free AdamW,1450,5.205086708068848,182.19667000530356,1024.1031461418606
596,18l_1024d,dolma_sample,3407,silu,SwiGLU,schedule_free_adamw,Schedule-Free AdamW,silu_schedulefree,SwiGLU + Schedule-Free AdamW,1500,5.18698263168335,178.9278463720409,1059.468879101798
596,18l_1024d,dolma_sample,3407,silu,SwiGLU,schedule_free_adamw,Schedule-Free AdamW,silu_schedulefree,SwiGLU + Schedule-Free AdamW,1550,5.167896270751953,175.54514929355756,1094.9499728528317
596,18l_1024d,dolma_sample,3407,silu,SwiGLU,schedule_free_adamw,Schedule-Free AdamW,silu_schedulefree,SwiGLU + Schedule-Free AdamW,1600,5.148386001586914,172.15341063556525,1130.4587424139027
596,18l_1024d,dolma_sample,3407,silu,SwiGLU,schedule_free_adamw,Schedule-Free AdamW,silu_schedulefree,SwiGLU + Schedule-Free AdamW,1650,5.131898880004883,169.33836618012762,1165.968418611912
596,18l_1024d,dolma_sample,3407,silu,SwiGLU,schedule_free_adamw,Schedule-Free AdamW,silu_schedulefree,SwiGLU + Schedule-Free AdamW,1700,5.116605758666992,166.76835582826246,1201.5551490888465
596,18l_1024d,dolma_sample,3407,silu,SwiGLU,schedule_free_adamw,Schedule-Free AdamW,silu_schedulefree,SwiGLU + Schedule-Free AdamW,1750,5.101251602172852,164.22732599990334,1237.3679314740002
596,18l_1024d,dolma_sample,3407,silu,SwiGLU,schedule_free_adamw,Schedule-Free AdamW,silu_schedulefree,SwiGLU + Schedule-Free AdamW,1800,5.0853729248046875,161.64020764197454,1273.0862329758238
596,18l_1024d,dolma_sample,3407,silu,SwiGLU,schedule_free_adamw,Schedule-Free AdamW,silu_schedulefree,SwiGLU + Schedule-Free AdamW,1850,5.071835517883301,159.46676297100592,1308.8274979018606
596,18l_1024d,dolma_sample,3407,silu,SwiGLU,schedule_free_adamw,Schedule-Free AdamW,silu_schedulefree,SwiGLU + Schedule-Free AdamW,1900,5.05712890625,157.13870807916604,1344.4659717888571
596,18l_1024d,dolma_sample,3407,silu,SwiGLU,schedule_free_adamw,Schedule-Free AdamW,silu_schedulefree,SwiGLU + Schedule-Free AdamW,1950,5.044440746307373,155.1575025237168,1379.9665694488212
596,18l_1024d,dolma_sample,3407,silu,SwiGLU,schedule_free_adamw,Schedule-Free AdamW,silu_schedulefree,SwiGLU + Schedule-Free AdamW,2000,5.0330939292907715,153.40690934645679,1415.336102354806
596,18l_1024d,dolma_sample,3407,silu,SwiGLU,schedule_free_adamw,Schedule-Free AdamW,silu_schedulefree,SwiGLU + Schedule-Free AdamW,2050,5.020467758178711,151.48214423655827,1450.6415336697828
596,18l_1024d,dolma_sample,3407,silu,SwiGLU,schedule_free_adamw,Schedule-Free AdamW,silu_schedulefree,SwiGLU + Schedule-Free AdamW,2100,5.010159969329834,149.9287182273748,1485.8555467159022
596,18l_1024d,dolma_sample,3407,silu,SwiGLU,schedule_free_adamw,Schedule-Free AdamW,silu_schedulefree,SwiGLU + Schedule-Free AdamW,2150,4.999031066894531,148.26942632440355,1521.0065540259238
596,18l_1024d,dolma_sample,3407,silu,SwiGLU,schedule_free_adamw,Schedule-Free AdamW,silu_schedulefree,SwiGLU + Schedule-Free AdamW,2200,4.988132953643799,146.66234232235934,1556.1254630489275
596,18l_1024d,dolma_sample,3407,silu,SwiGLU,schedule_free_adamw,Schedule-Free AdamW,silu_schedulefree,SwiGLU + Schedule-Free AdamW,2250,4.9789910316467285,145.3276766291189,1591.4078903258778
596,18l_1024d,dolma_sample,3407,silu,SwiGLU,schedule_free_adamw,Schedule-Free AdamW,silu_schedulefree,SwiGLU + Schedule-Free AdamW,2300,4.969876289367676,144.0090708156826,1626.4868428048212
596,18l_1024d,dolma_sample,3407,silu,SwiGLU,schedule_free_adamw,Schedule-Free AdamW,silu_schedulefree,SwiGLU + Schedule-Free AdamW,2350,4.96122932434082,142.76919771190597,1661.5581730189733
596,18l_1024d,dolma_sample,3407,silu,SwiGLU,schedule_free_adamw,Schedule-Free AdamW,silu_schedulefree,SwiGLU + Schedule-Free AdamW,2400,4.953370571136475,141.6516070085274,1696.9570926919114
596,18l_1024d,dolma_sample,3407,silu,SwiGLU,schedule_free_adamw,Schedule-Free AdamW,silu_schedulefree,SwiGLU + Schedule-Free AdamW,2450,4.944698333740234,140.42848192622262,1731.9992385099176
596,18l_1024d,dolma_sample,3407,silu,SwiGLU,schedule_free_adamw,Schedule-Free AdamW,silu_schedulefree,SwiGLU + Schedule-Free AdamW,2500,4.937961578369141,139.48562904680827,1767.0066022719257
596,18l_1024d,dolma_sample,3407,silu,SwiGLU,schedule_free_adamw,Schedule-Free AdamW,silu_schedulefree,SwiGLU + Schedule-Free AdamW,2550,4.931793689727783,138.6279449887182,1802.0741486598272
596,18l_1024d,dolma_sample,3407,silu,SwiGLU,schedule_free_adamw,Schedule-Free AdamW,silu_schedulefree,SwiGLU + Schedule-Free AdamW,2600,4.924556255340576,137.62825628699758,1837.629935905803
596,18l_1024d,dolma_sample,3407,silu,SwiGLU,schedule_free_adamw,Schedule-Free AdamW,silu_schedulefree,SwiGLU + Schedule-Free AdamW,2650,4.9179463386535645,136.72154492370512,1872.7200679758098
596,18l_1024d,dolma_sample,3407,silu,SwiGLU,schedule_free_adamw,Schedule-Free AdamW,silu_schedulefree,SwiGLU + Schedule-Free AdamW,2700,4.912397384643555,135.96498435989665,1907.9650123848114
596,18l_1024d,dolma_sample,3407,silu,SwiGLU,schedule_free_adamw,Schedule-Free AdamW,silu_schedulefree,SwiGLU + Schedule-Free AdamW,2750,4.906479835510254,135.16278076505367,1943.2787989277858
596,18l_1024d,dolma_sample,3407,silu,SwiGLU,schedule_free_adamw,Schedule-Free AdamW,silu_schedulefree,SwiGLU + Schedule-Free AdamW,2800,4.9013447761535645,134.47049085912857,1978.6482407969888
596,18l_1024d,dolma_sample,3407,silu,SwiGLU,schedule_free_adamw,Schedule-Free AdamW,silu_schedulefree,SwiGLU + Schedule-Free AdamW,2850,4.896215438842773,133.78251229861232,2014.0289092529565
596,18l_1024d,dolma_sample,3407,silu,SwiGLU,schedule_free_adamw,Schedule-Free AdamW,silu_schedulefree,SwiGLU + Schedule-Free AdamW,2900,4.891178607940674,133.11036656970396,2050.2218199919444
596,18l_1024d,dolma_sample,3407,silu,SwiGLU,schedule_free_adamw,Schedule-Free AdamW,silu_schedulefree,SwiGLU + Schedule-Free AdamW,2950,4.887001991271973,132.555574976308,2085.805793418782
596,18l_1024d,dolma_sample,3407,silu,SwiGLU,schedule_free_adamw,Schedule-Free AdamW,silu_schedulefree,SwiGLU + Schedule-Free AdamW,3000,4.882291316986084,131.93261726522698,2121.430691709975
596,18l_1024d,dolma_sample,3407,silu,SwiGLU,schedule_free_adamw,Schedule-Free AdamW,silu_schedulefree,SwiGLU + Schedule-Free AdamW,3050,4.8775739669799805,131.31171060083363,2157.2412359758746
527,18l_1024d,fineweb,1337,rlb_fused_global_rational,GRAIN,schedule_free_adamw,Schedule-Free AdamW,rlb_schedulefree,GRAIN + Schedule-Free AdamW,1,11.065532684326172,63929.27571334887,2.2967105409989017
527,18l_1024d,fineweb,1337,rlb_fused_global_rational,GRAIN,schedule_free_adamw,Schedule-Free AdamW,rlb_schedulefree,GRAIN + Schedule-Free AdamW,50,8.51439094543457,4986.008383223469,46.05802096599655
527,18l_1024d,fineweb,1337,rlb_fused_global_rational,GRAIN,schedule_free_adamw,Schedule-Free AdamW,rlb_schedulefree,GRAIN + Schedule-Free AdamW,100,7.345599174499512,1549.3630260270384,90.67383527299535
527,18l_1024d,fineweb,1337,rlb_fused_global_rational,GRAIN,schedule_free_adamw,Schedule-Free AdamW,rlb_schedulefree,GRAIN + Schedule-Free AdamW,150,7.000742435455322,1097.447640079373,135.5956642969977
527,18l_1024d,fineweb,1337,rlb_fused_global_rational,GRAIN,schedule_free_adamw,Schedule-Free AdamW,rlb_schedulefree,GRAIN + Schedule-Free AdamW,200,6.726101875305176,833.8903136508411,180.36346012099966
527,18l_1024d,fineweb,1337,rlb_fused_global_rational,GRAIN,schedule_free_adamw,Schedule-Free AdamW,rlb_schedulefree,GRAIN + Schedule-Free AdamW,250,6.484512805938721,654.9198134574792,225.3196233310009
527,18l_1024d,fineweb,1337,rlb_fused_global_rational,GRAIN,schedule_free_adamw,Schedule-Free AdamW,rlb_schedulefree,GRAIN + Schedule-Free AdamW,300,6.353516578674316,574.5094686340011,270.1495228759959
527,18l_1024d,fineweb,1337,rlb_fused_global_rational,GRAIN,schedule_free_adamw,Schedule-Free AdamW,rlb_schedulefree,GRAIN + Schedule-Free AdamW,350,6.230257034301758,507.8860108462423,315.12132659000054
527,18l_1024d,fineweb,1337,rlb_fused_global_rational,GRAIN,schedule_free_adamw,Schedule-Free AdamW,rlb_schedulefree,GRAIN + Schedule-Free AdamW,400,6.127363204956055,458.2263174437405,359.96681932099455
527,18l_1024d,fineweb,1337,rlb_fused_global_rational,GRAIN,schedule_free_adamw,Schedule-Free AdamW,rlb_schedulefree,GRAIN + Schedule-Free AdamW,450,6.0369367599487305,418.6087697354199,404.9566907069966
527,18l_1024d,fineweb,1337,rlb_fused_global_rational,GRAIN,schedule_free_adamw,Schedule-Free AdamW,rlb_schedulefree,GRAIN + Schedule-Free AdamW,500,5.956371307373047,386.20615506467567,449.77540565699746
527,18l_1024d,fineweb,1337,rlb_fused_global_rational,GRAIN,schedule_free_adamw,Schedule-Free AdamW,rlb_schedulefree,GRAIN + Schedule-Free AdamW,550,5.8718581199646,354.9078292911396,494.76855595300003
527,18l_1024d,fineweb,1337,rlb_fused_global_rational,GRAIN,schedule_free_adamw,Schedule-Free AdamW,rlb_schedulefree,GRAIN + Schedule-Free AdamW,600,5.8088059425354,333.2210030051982,539.6052228519984
527,18l_1024d,fineweb,1337,rlb_fused_global_rational,GRAIN,schedule_free_adamw,Schedule-Free AdamW,rlb_schedulefree,GRAIN + Schedule-Free AdamW,650,5.751006126403809,314.5069348842698,584.6251556700008
527,18l_1024d,fineweb,1337,rlb_fused_global_rational,GRAIN,schedule_free_adamw,Schedule-Free AdamW,rlb_schedulefree,GRAIN + Schedule-Free AdamW,700,5.696340560913086,297.775712619939,629.4827309030006
527,18l_1024d,fineweb,1337,rlb_fused_global_rational,GRAIN,schedule_free_adamw,Schedule-Free AdamW,rlb_schedulefree,GRAIN + Schedule-Free AdamW,750,5.6438398361206055,282.54556683792316,674.4716236199965
527,18l_1024d,fineweb,1337,rlb_fused_global_rational,GRAIN,schedule_free_adamw,Schedule-Free AdamW,rlb_schedulefree,GRAIN + Schedule-Free AdamW,800,5.603687286376953,271.425387665486,719.3218198069953
527,18l_1024d,fineweb,1337,rlb_fused_global_rational,GRAIN,schedule_free_adamw,Schedule-Free AdamW,rlb_schedulefree,GRAIN + Schedule-Free AdamW,850,5.5555291175842285,258.66379187918733,764.3293010029956
527,18l_1024d,fineweb,1337,rlb_fused_global_rational,GRAIN,schedule_free_adamw,Schedule-Free AdamW,rlb_schedulefree,GRAIN + Schedule-Free AdamW,900,5.508827209472656,246.86144047102852,809.1405409849976
527,18l_1024d,fineweb,1337,rlb_fused_global_rational,GRAIN,schedule_free_adamw,Schedule-Free AdamW,rlb_schedulefree,GRAIN + Schedule-Free AdamW,950,5.4743828773498535,238.5032357565674,854.1543138729976
527,18l_1024d,fineweb,1337,rlb_fused_global_rational,GRAIN,schedule_free_adamw,Schedule-Free AdamW,rlb_schedulefree,GRAIN + Schedule-Free AdamW,1000,5.439236164093018,230.26623065452196,898.9937217759943
527,18l_1024d,fineweb,1337,rlb_fused_global_rational,GRAIN,schedule_free_adamw,Schedule-Free AdamW,rlb_schedulefree,GRAIN + Schedule-Free AdamW,1050,5.402951240539551,222.06080494973546,944.0022081189964
527,18l_1024d,fineweb,1337,rlb_fused_global_rational,GRAIN,schedule_free_adamw,Schedule-Free AdamW,rlb_schedulefree,GRAIN + Schedule-Free AdamW,1100,5.3799638748168945,217.01443559711825,988.8698356669993
527,18l_1024d,fineweb,1337,rlb_fused_global_rational,GRAIN,schedule_free_adamw,Schedule-Free AdamW,rlb_schedulefree,GRAIN + Schedule-Free AdamW,1150,5.35286808013916,211.2132063913321,1033.9274617929987
527,18l_1024d,fineweb,1337,rlb_fused_global_rational,GRAIN,schedule_free_adamw,Schedule-Free AdamW,rlb_schedulefree,GRAIN + Schedule-Free AdamW,1200,5.320061206817627,204.39639206280592,1078.8539529699992
527,18l_1024d,fineweb,1337,rlb_fused_global_rational,GRAIN,schedule_free_adamw,Schedule-Free AdamW,rlb_schedulefree,GRAIN + Schedule-Free AdamW,1250,5.289348602294922,198.21426702855564,1123.9347090429947
527,18l_1024d,fineweb,1337,rlb_fused_global_rational,GRAIN,schedule_free_adamw,Schedule-Free AdamW,rlb_schedulefree,GRAIN + Schedule-Free AdamW,1300,5.265997886657715,193.63944262475806,1168.830345231996
527,18l_1024d,fineweb,1337,rlb_fused_global_rational,GRAIN,schedule_free_adamw,Schedule-Free AdamW,rlb_schedulefree,GRAIN + Schedule-Free AdamW,1350,5.247003555297852,189.99610183608863,1213.902722668994
527,18l_1024d,fineweb,1337,rlb_fused_global_rational,GRAIN,schedule_free_adamw,Schedule-Free AdamW,rlb_schedulefree,GRAIN + Schedule-Free AdamW,1400,5.221177101135254,185.15199847834384,1258.7937855809942
527,18l_1024d,fineweb,1337,rlb_fused_global_rational,GRAIN,schedule_free_adamw,Schedule-Free AdamW,rlb_schedulefree,GRAIN + Schedule-Free AdamW,1450,5.202387809753418,181.70560268800702,1303.855742914995
527,18l_1024d,fineweb,1337,rlb_fused_global_rational,GRAIN,schedule_free_adamw,Schedule-Free AdamW,rlb_schedulefree,GRAIN + Schedule-Free AdamW,1500,5.18204927444458,178.0473051839307,1348.754139713994
527,18l_1024d,fineweb,1337,rlb_fused_global_rational,GRAIN,schedule_free_adamw,Schedule-Free AdamW,rlb_schedulefree,GRAIN + Schedule-Free AdamW,1550,5.163958549499512,174.8552606145087,1393.8222234249988
527,18l_1024d,fineweb,1337,rlb_fused_global_rational,GRAIN,schedule_free_adamw,Schedule-Free AdamW,rlb_schedulefree,GRAIN + Schedule-Free AdamW,1600,5.145752429962158,171.70062877663497,1438.7258037619977
527,18l_1024d,fineweb,1337,rlb_fused_global_rational,GRAIN,schedule_free_adamw,Schedule-Free AdamW,rlb_schedulefree,GRAIN + Schedule-Free AdamW,1650,5.129105091094971,168.86593078035114,1483.797428539001
527,18l_1024d,fineweb,1337,rlb_fused_global_rational,GRAIN,schedule_free_adamw,Schedule-Free AdamW,rlb_schedulefree,GRAIN + Schedule-Free AdamW,1700,5.111083507537842,165.84995723471735,1528.6747513349983
527,18l_1024d,fineweb,1337,rlb_fused_global_rational,GRAIN,schedule_free_adamw,Schedule-Free AdamW,rlb_schedulefree,GRAIN + Schedule-Free AdamW,1750,5.094093322753906,163.05593847369465,1573.7324802829971
527,18l_1024d,fineweb,1337,rlb_fused_global_rational,GRAIN,schedule_free_adamw,Schedule-Free AdamW,rlb_schedulefree,GRAIN + Schedule-Free AdamW,1800,5.079788684844971,160.74008552341118,1618.609352183994
527,18l_1024d,fineweb,1337,rlb_fused_global_rational,GRAIN,schedule_free_adamw,Schedule-Free AdamW,rlb_schedulefree,GRAIN + Schedule-Free AdamW,1850,5.0663533210754395,158.5949267644682,1663.6710115999958
527,18l_1024d,fineweb,1337,rlb_fused_global_rational,GRAIN,schedule_free_adamw,Schedule-Free AdamW,rlb_schedulefree,GRAIN + Schedule-Free AdamW,1900,5.052957057952881,156.4845147738832,1708.5519028529961
527,18l_1024d,fineweb,1337,rlb_fused_global_rational,GRAIN,schedule_free_adamw,Schedule-Free AdamW,rlb_schedulefree,GRAIN + Schedule-Free AdamW,1950,5.0395894050598145,154.4066034384402,1753.5908145419962
527,18l_1024d,fineweb,1337,rlb_fused_global_rational,GRAIN,schedule_free_adamw,Schedule-Free AdamW,rlb_schedulefree,GRAIN + Schedule-Free AdamW,2000,5.027769088745117,152.59221300462775,1798.483688856999
527,18l_1024d,fineweb,1337,rlb_fused_global_rational,GRAIN,schedule_free_adamw,Schedule-Free AdamW,rlb_schedulefree,GRAIN + Schedule-Free AdamW,2050,5.015869140625,150.78713505450645,1843.5435340080003
527,18l_1024d,fineweb,1337,rlb_fused_global_rational,GRAIN,schedule_free_adamw,Schedule-Free AdamW,rlb_schedulefree,GRAIN + Schedule-Free AdamW,2100,5.0048298835754395,149.1317112468537,1888.421832551001
527,18l_1024d,fineweb,1337,rlb_fused_global_rational,GRAIN,schedule_free_adamw,Schedule-Free AdamW,rlb_schedulefree,GRAIN + Schedule-Free AdamW,2150,4.994207859039307,147.55601391386602,1933.4820837019943
527,18l_1024d,fineweb,1337,rlb_fused_global_rational,GRAIN,schedule_free_adamw,Schedule-Free AdamW,rlb_schedulefree,GRAIN + Schedule-Free AdamW,2200,4.983678817749023,146.01054100244505,1978.3659027749964
527,18l_1024d,fineweb,1337,rlb_fused_global_rational,GRAIN,schedule_free_adamw,Schedule-Free AdamW,rlb_schedulefree,GRAIN + Schedule-Free AdamW,2250,4.974400997161865,144.66214615417394,2023.4180844669972
527,18l_1024d,fineweb,1337,rlb_fused_global_rational,GRAIN,schedule_free_adamw,Schedule-Free AdamW,rlb_schedulefree,GRAIN + Schedule-Free AdamW,2300,4.965595722198486,143.39394779204792,2068.3186813099965
527,18l_1024d,fineweb,1337,rlb_fused_global_rational,GRAIN,schedule_free_adamw,Schedule-Free AdamW,rlb_schedulefree,GRAIN + Schedule-Free AdamW,2350,4.956759929656982,142.13252963889965,2113.3760334789986
527,18l_1024d,fineweb,1337,rlb_fused_global_rational,GRAIN,schedule_free_adamw,Schedule-Free AdamW,rlb_schedulefree,GRAIN + Schedule-Free AdamW,2400,4.948835849761963,141.0107106798982,2158.290190627995
527,18l_1024d,fineweb,1337,rlb_fused_global_rational,GRAIN,schedule_free_adamw,Schedule-Free AdamW,rlb_schedulefree,GRAIN + Schedule-Free AdamW,2450,4.941267013549805,139.947452595673,2203.356551566998
527,18l_1024d,fineweb,1337,rlb_fused_global_rational,GRAIN,schedule_free_adamw,Schedule-Free AdamW,rlb_schedulefree,GRAIN + Schedule-Free AdamW,2500,4.93406343460083,138.9429524141254,2248.249418399995
527,18l_1024d,fineweb,1337,rlb_fused_global_rational,GRAIN,schedule_free_adamw,Schedule-Free AdamW,rlb_schedulefree,GRAIN + Schedule-Free AdamW,2550,4.926656723022461,137.9176438096147,2293.328260344999
527,18l_1024d,fineweb,1337,rlb_fused_global_rational,GRAIN,schedule_free_adamw,Schedule-Free AdamW,rlb_schedulefree,GRAIN + Schedule-Free AdamW,2600,4.920481204986572,137.06855539169428,2338.2333566249945
527,18l_1024d,fineweb,1337,rlb_fused_global_rational,GRAIN,schedule_free_adamw,Schedule-Free AdamW,rlb_schedulefree,GRAIN + Schedule-Free AdamW,2650,4.914327144622803,136.22761747322588,2383.3181148509975
527,18l_1024d,fineweb,1337,rlb_fused_global_rational,GRAIN,schedule_free_adamw,Schedule-Free AdamW,rlb_schedulefree,GRAIN + Schedule-Free AdamW,2700,4.908005714416504,135.36918023138236,2428.2155162769996
527,18l_1024d,fineweb,1337,rlb_fused_global_rational,GRAIN,schedule_free_adamw,Schedule-Free AdamW,rlb_schedulefree,GRAIN + Schedule-Free AdamW,2750,4.902482032775879,134.62350530721938,2473.2471583119986
527,18l_1024d,fineweb,1337,rlb_fused_global_rational,GRAIN,schedule_free_adamw,Schedule-Free AdamW,rlb_schedulefree,GRAIN + Schedule-Free AdamW,2800,4.897217750549316,133.9166713001572,2518.1360925069966
527,18l_1024d,fineweb,1337,rlb_fused_global_rational,GRAIN,schedule_free_adamw,Schedule-Free AdamW,rlb_schedulefree,GRAIN + Schedule-Free AdamW,2850,4.892232418060303,133.25071355757254,2563.178937313998
527,18l_1024d,fineweb,1337,rlb_fused_global_rational,GRAIN,schedule_free_adamw,Schedule-Free AdamW,rlb_schedulefree,GRAIN + Schedule-Free AdamW,2900,4.887308597564697,132.596223580972,2608.037533855997
527,18l_1024d,fineweb,1337,rlb_fused_global_rational,GRAIN,schedule_free_adamw,Schedule-Free AdamW,rlb_schedulefree,GRAIN + Schedule-Free AdamW,2950,4.882403373718262,131.94740203153623,2653.076419885998
527,18l_1024d,fineweb,1337,rlb_fused_global_rational,GRAIN,schedule_free_adamw,Schedule-Free AdamW,rlb_schedulefree,GRAIN + Schedule-Free AdamW,3000,4.8783650398254395,131.41562882740502,2697.955863531999
527,18l_1024d,fineweb,1337,rlb_fused_global_rational,GRAIN,schedule_free_adamw,Schedule-Free AdamW,rlb_schedulefree,GRAIN + Schedule-Free AdamW,3050,4.8744096755981445,130.89685878880226,2742.9979642420003
526,18l_1024d,fineweb,1337,silu,SwiGLU,schedule_free_adamw,Schedule-Free AdamW,silu_schedulefree,SwiGLU + Schedule-Free AdamW,1,11.022494316101074,61236.231793952735,1.6121348930028034
526,18l_1024d,fineweb,1337,silu,SwiGLU,schedule_free_adamw,Schedule-Free AdamW,silu_schedulefree,SwiGLU + Schedule-Free AdamW,50,8.688175201416016,5932.347021224353,35.34928013600438
526,18l_1024d,fineweb,1337,silu,SwiGLU,schedule_free_adamw,Schedule-Free AdamW,silu_schedulefree,SwiGLU + Schedule-Free AdamW,100,7.4862260818481445,1783.3093131118292,69.95392218000052
526,18l_1024d,fineweb,1337,silu,SwiGLU,schedule_free_adamw,Schedule-Free AdamW,silu_schedulefree,SwiGLU + Schedule-Free AdamW,150,7.104491710662842,1217.423124249331,104.63003145399853
526,18l_1024d,fineweb,1337,silu,SwiGLU,schedule_free_adamw,Schedule-Free AdamW,silu_schedulefree,SwiGLU + Schedule-Free AdamW,200,6.797608375549316,895.7025438526694,139.38818750400242
526,18l_1024d,fineweb,1337,silu,SwiGLU,schedule_free_adamw,Schedule-Free AdamW,silu_schedulefree,SwiGLU + Schedule-Free AdamW,250,6.55927038192749,705.7565739464063,174.1736930429979
526,18l_1024d,fineweb,1337,silu,SwiGLU,schedule_free_adamw,Schedule-Free AdamW,silu_schedulefree,SwiGLU + Schedule-Free AdamW,300,6.387127876281738,594.1476611602827,208.92843912500393
526,18l_1024d,fineweb,1337,silu,SwiGLU,schedule_free_adamw,Schedule-Free AdamW,silu_schedulefree,SwiGLU + Schedule-Free AdamW,350,6.242095470428467,513.9343175533115,243.7389412670018
526,18l_1024d,fineweb,1337,silu,SwiGLU,schedule_free_adamw,Schedule-Free AdamW,silu_schedulefree,SwiGLU + Schedule-Free AdamW,400,6.130856990814209,459.8300620101554,278.5464531230027
526,18l_1024d,fineweb,1337,silu,SwiGLU,schedule_free_adamw,Schedule-Free AdamW,silu_schedulefree,SwiGLU + Schedule-Free AdamW,450,6.034201145172119,417.46518231980684,313.3437387689992
526,18l_1024d,fineweb,1337,silu,SwiGLU,schedule_free_adamw,Schedule-Free AdamW,silu_schedulefree,SwiGLU + Schedule-Free AdamW,500,5.932433128356934,377.07086038123754,348.119208969998
526,18l_1024d,fineweb,1337,silu,SwiGLU,schedule_free_adamw,Schedule-Free AdamW,silu_schedulefree,SwiGLU + Schedule-Free AdamW,550,5.859504222869873,350.55030610631667,382.9455216069982
526,18l_1024d,fineweb,1337,silu,SwiGLU,schedule_free_adamw,Schedule-Free AdamW,silu_schedulefree,SwiGLU + Schedule-Free AdamW,600,5.793429851531982,328.1365561708047,417.7739514420027
526,18l_1024d,fineweb,1337,silu,SwiGLU,schedule_free_adamw,Schedule-Free AdamW,silu_schedulefree,SwiGLU + Schedule-Free AdamW,650,5.72409725189209,306.1567580199298,452.5591324199995
526,18l_1024d,fineweb,1337,silu,SwiGLU,schedule_free_adamw,Schedule-Free AdamW,silu_schedulefree,SwiGLU + Schedule-Free AdamW,700,5.670008659362793,290.0370459168646,487.3884375760026
526,18l_1024d,fineweb,1337,silu,SwiGLU,schedule_free_adamw,Schedule-Free AdamW,silu_schedulefree,SwiGLU + Schedule-Free AdamW,750,5.619804382324219,275.8354196731466,522.2202900890043
526,18l_1024d,fineweb,1337,silu,SwiGLU,schedule_free_adamw,Schedule-Free AdamW,silu_schedulefree,SwiGLU + Schedule-Free AdamW,800,5.579813003540039,265.02204296848885,557.0305789160047
526,18l_1024d,fineweb,1337,silu,SwiGLU,schedule_free_adamw,Schedule-Free AdamW,silu_schedulefree,SwiGLU + Schedule-Free AdamW,850,5.524832725524902,250.84437465014113,591.8345369980016
526,18l_1024d,fineweb,1337,silu,SwiGLU,schedule_free_adamw,Schedule-Free AdamW,silu_schedulefree,SwiGLU + Schedule-Free AdamW,900,5.486722469329834,241.46450120057787,626.6681919460025
526,18l_1024d,fineweb,1337,silu,SwiGLU,schedule_free_adamw,Schedule-Free AdamW,silu_schedulefree,SwiGLU + Schedule-Free AdamW,950,5.4476318359375,232.2076085462879,661.5103942510032
526,18l_1024d,fineweb,1337,silu,SwiGLU,schedule_free_adamw,Schedule-Free AdamW,silu_schedulefree,SwiGLU + Schedule-Free AdamW,1000,5.407828330993652,223.1464608508507,696.3100525900009
526,18l_1024d,fineweb,1337,silu,SwiGLU,schedule_free_adamw,Schedule-Free AdamW,silu_schedulefree,SwiGLU + Schedule-Free AdamW,1050,5.378413677215576,216.67828095997834,731.1564416940018
526,18l_1024d,fineweb,1337,silu,SwiGLU,schedule_free_adamw,Schedule-Free AdamW,silu_schedulefree,SwiGLU + Schedule-Free AdamW,1100,5.347905158996582,210.16756875851996,766.0066931649999
526,18l_1024d,fineweb,1337,silu,SwiGLU,schedule_free_adamw,Schedule-Free AdamW,silu_schedulefree,SwiGLU + Schedule-Free AdamW,1150,5.3216552734375,204.7224733572201,800.8319036350003
526,18l_1024d,fineweb,1337,silu,SwiGLU,schedule_free_adamw,Schedule-Free AdamW,silu_schedulefree,SwiGLU + Schedule-Free AdamW,1200,5.2916765213012695,198.6762312871663,835.6596026340048
526,18l_1024d,fineweb,1337,silu,SwiGLU,schedule_free_adamw,Schedule-Free AdamW,silu_schedulefree,SwiGLU + Schedule-Free AdamW,1250,5.263373374938965,193.13189995555078,870.4981907030015
526,18l_1024d,fineweb,1337,silu,SwiGLU,schedule_free_adamw,Schedule-Free AdamW,silu_schedulefree,SwiGLU + Schedule-Free AdamW,1300,5.241023063659668,188.86322270143705,905.3388296880003
526,18l_1024d,fineweb,1337,silu,SwiGLU,schedule_free_adamw,Schedule-Free AdamW,silu_schedulefree,SwiGLU + Schedule-Free AdamW,1350,5.219452857971191,184.83302648232257,940.1312671339983
526,18l_1024d,fineweb,1337,silu,SwiGLU,schedule_free_adamw,Schedule-Free AdamW,silu_schedulefree,SwiGLU + Schedule-Free AdamW,1400,5.196774959564209,180.6885732485674,974.9643595579983
526,18l_1024d,fineweb,1337,silu,SwiGLU,schedule_free_adamw,Schedule-Free AdamW,silu_schedulefree,SwiGLU + Schedule-Free AdamW,1450,5.175831317901611,176.9436495748946,1009.842789469003
526,18l_1024d,fineweb,1337,silu,SwiGLU,schedule_free_adamw,Schedule-Free AdamW,silu_schedulefree,SwiGLU + Schedule-Free AdamW,1500,5.156872749328613,173.62065044510126,1044.6936575930013
526,18l_1024d,fineweb,1337,silu,SwiGLU,schedule_free_adamw,Schedule-Free AdamW,silu_schedulefree,SwiGLU + Schedule-Free AdamW,1550,5.13995361328125,170.70784956065563,1079.5804852650035
526,18l_1024d,fineweb,1337,silu,SwiGLU,schedule_free_adamw,Schedule-Free AdamW,silu_schedulefree,SwiGLU + Schedule-Free AdamW,1600,5.120781421661377,167.46618020609657,1114.4746271180047
526,18l_1024d,fineweb,1337,silu,SwiGLU,schedule_free_adamw,Schedule-Free AdamW,silu_schedulefree,SwiGLU + Schedule-Free AdamW,1650,5.105175018310547,164.87292378721975,1149.391509510002
526,18l_1024d,fineweb,1337,silu,SwiGLU,schedule_free_adamw,Schedule-Free AdamW,silu_schedulefree,SwiGLU + Schedule-Free AdamW,1700,5.088039398193359,162.07179210271437,1184.2603596810004
526,18l_1024d,fineweb,1337,silu,SwiGLU,schedule_free_adamw,Schedule-Free AdamW,silu_schedulefree,SwiGLU + Schedule-Free AdamW,1750,5.072510719299316,159.5744715135596,1219.1774895710041
526,18l_1024d,fineweb,1337,silu,SwiGLU,schedule_free_adamw,Schedule-Free AdamW,silu_schedulefree,SwiGLU + Schedule-Free AdamW,1800,5.058528423309326,157.35878034332694,1254.1052324940028
526,18l_1024d,fineweb,1337,silu,SwiGLU,schedule_free_adamw,Schedule-Free AdamW,silu_schedulefree,SwiGLU + Schedule-Free AdamW,1850,5.044748306274414,155.20523009924872,1288.9724023180024
526,18l_1024d,fineweb,1337,silu,SwiGLU,schedule_free_adamw,Schedule-Free AdamW,silu_schedulefree,SwiGLU + Schedule-Free AdamW,1900,5.032723426818848,153.35008223527637,1323.886665211001
526,18l_1024d,fineweb,1337,silu,SwiGLU,schedule_free_adamw,Schedule-Free AdamW,silu_schedulefree,SwiGLU + Schedule-Free AdamW,1950,5.02039098739624,151.47051528020262,1358.792425810003
526,18l_1024d,fineweb,1337,silu,SwiGLU,schedule_free_adamw,Schedule-Free AdamW,silu_schedulefree,SwiGLU + Schedule-Free AdamW,2000,5.009228706359863,149.78916015667215,1393.673704091998
526,18l_1024d,fineweb,1337,silu,SwiGLU,schedule_free_adamw,Schedule-Free AdamW,silu_schedulefree,SwiGLU + Schedule-Free AdamW,2050,4.996962547302246,147.96304509814388,1428.5228550590036
526,18l_1024d,fineweb,1337,silu,SwiGLU,schedule_free_adamw,Schedule-Free AdamW,silu_schedulefree,SwiGLU + Schedule-Free AdamW,2100,4.9866719245910645,146.44822083622907,1463.3708441300041
526,18l_1024d,fineweb,1337,silu,SwiGLU,schedule_free_adamw,Schedule-Free AdamW,silu_schedulefree,SwiGLU + Schedule-Free AdamW,2150,4.976330757141113,144.94157890668907,1498.2301985349986
526,18l_1024d,fineweb,1337,silu,SwiGLU,schedule_free_adamw,Schedule-Free AdamW,silu_schedulefree,SwiGLU + Schedule-Free AdamW,2200,4.966764450073242,143.5616342667451,1533.0199073059994
526,18l_1024d,fineweb,1337,silu,SwiGLU,schedule_free_adamw,Schedule-Free AdamW,silu_schedulefree,SwiGLU + Schedule-Free AdamW,2250,4.957588195800781,142.25030196781552,1567.8811323699992
526,18l_1024d,fineweb,1337,silu,SwiGLU,schedule_free_adamw,Schedule-Free AdamW,silu_schedulefree,SwiGLU + Schedule-Free AdamW,2300,4.949209213256836,141.06336876134313,1602.742525788999
526,18l_1024d,fineweb,1337,silu,SwiGLU,schedule_free_adamw,Schedule-Free AdamW,silu_schedulefree,SwiGLU + Schedule-Free AdamW,2350,4.940070629119873,139.78012175834203,1637.5924073220012
526,18l_1024d,fineweb,1337,silu,SwiGLU,schedule_free_adamw,Schedule-Free AdamW,silu_schedulefree,SwiGLU + Schedule-Free AdamW,2400,4.93192195892334,138.6457278241742,1672.4247338740024
526,18l_1024d,fineweb,1337,silu,SwiGLU,schedule_free_adamw,Schedule-Free AdamW,silu_schedulefree,SwiGLU + Schedule-Free AdamW,2450,4.924439907073975,137.61224440943838,1707.2770984439994
526,18l_1024d,fineweb,1337,silu,SwiGLU,schedule_free_adamw,Schedule-Free AdamW,silu_schedulefree,SwiGLU + Schedule-Free AdamW,2500,4.917463302612305,136.65551943751876,1742.1324443890044
526,18l_1024d,fineweb,1337,silu,SwiGLU,schedule_free_adamw,Schedule-Free AdamW,silu_schedulefree,SwiGLU + Schedule-Free AdamW,2550,4.910736083984375,135.7392931641278,1776.9243120410028
526,18l_1024d,fineweb,1337,silu,SwiGLU,schedule_free_adamw,Schedule-Free AdamW,silu_schedulefree,SwiGLU + Schedule-Free AdamW,2600,4.904320240020752,134.87119879624186,1811.7782565060043
526,18l_1024d,fineweb,1337,silu,SwiGLU,schedule_free_adamw,Schedule-Free AdamW,silu_schedulefree,SwiGLU + Schedule-Free AdamW,2650,4.898064136505127,134.03006447041864,1846.6297484239985
526,18l_1024d,fineweb,1337,silu,SwiGLU,schedule_free_adamw,Schedule-Free AdamW,silu_schedulefree,SwiGLU + Schedule-Free AdamW,2700,4.89199686050415,133.2193290417064,1881.4364366790032
526,18l_1024d,fineweb,1337,silu,SwiGLU,schedule_free_adamw,Schedule-Free AdamW,silu_schedulefree,SwiGLU + Schedule-Free AdamW,2750,4.8864312171936035,132.47993727824036,1916.2630096639987
526,18l_1024d,fineweb,1337,silu,SwiGLU,schedule_free_adamw,Schedule-Free AdamW,silu_schedulefree,SwiGLU + Schedule-Free AdamW,2800,4.881336688995361,131.8067307928316,1951.112936827005
526,18l_1024d,fineweb,1337,silu,SwiGLU,schedule_free_adamw,Schedule-Free AdamW,silu_schedulefree,SwiGLU + Schedule-Free AdamW,2850,4.876412868499756,131.15933325289183,1985.9684934760007
526,18l_1024d,fineweb,1337,silu,SwiGLU,schedule_free_adamw,Schedule-Free AdamW,silu_schedulefree,SwiGLU + Schedule-Free AdamW,2900,4.8714799880981445,130.51393309801406,2020.748925838001
526,18l_1024d,fineweb,1337,silu,SwiGLU,schedule_free_adamw,Schedule-Free AdamW,silu_schedulefree,SwiGLU + Schedule-Free AdamW,2950,4.866508483886719,129.86669274213605,2055.600819928004
526,18l_1024d,fineweb,1337,silu,SwiGLU,schedule_free_adamw,Schedule-Free AdamW,silu_schedulefree,SwiGLU + Schedule-Free AdamW,3000,4.862171173095703,129.30464031346705,2090.442379802
526,18l_1024d,fineweb,1337,silu,SwiGLU,schedule_free_adamw,Schedule-Free AdamW,silu_schedulefree,SwiGLU + Schedule-Free AdamW,3050,4.858145236968994,128.7851145810982,2125.228221824
541,18l_1024d,fineweb,2027,rlb_fused_global_rational,GRAIN,schedule_free_adamw,Schedule-Free AdamW,rlb_schedulefree,GRAIN + Schedule-Free AdamW,1,11.011411666870117,60561.31893599447,2.2473309449851513
541,18l_1024d,fineweb,2027,rlb_fused_global_rational,GRAIN,schedule_free_adamw,Schedule-Free AdamW,rlb_schedulefree,GRAIN + Schedule-Free AdamW,50,8.566146850585938,5250.858418923096,45.41402646806091
541,18l_1024d,fineweb,2027,rlb_fused_global_rational,GRAIN,schedule_free_adamw,Schedule-Free AdamW,rlb_schedulefree,GRAIN + Schedule-Free AdamW,100,7.399853706359863,1635.7451133841314,89.19193086610176
541,18l_1024d,fineweb,2027,rlb_fused_global_rational,GRAIN,schedule_free_adamw,Schedule-Free AdamW,rlb_schedulefree,GRAIN + Schedule-Free AdamW,150,7.070827484130859,1177.121680866061,133.17600768595003
541,18l_1024d,fineweb,2027,rlb_fused_global_rational,GRAIN,schedule_free_adamw,Schedule-Free AdamW,rlb_schedulefree,GRAIN + Schedule-Free AdamW,200,6.755413055419922,858.6943650071005,177.0252124920953
541,18l_1024d,fineweb,2027,rlb_fused_global_rational,GRAIN,schedule_free_adamw,Schedule-Free AdamW,rlb_schedulefree,GRAIN + Schedule-Free AdamW,250,6.543416500091553,694.6558201471022,221.03805703297257
541,18l_1024d,fineweb,2027,rlb_fused_global_rational,GRAIN,schedule_free_adamw,Schedule-Free AdamW,rlb_schedulefree,GRAIN + Schedule-Free AdamW,300,6.386965751647949,594.051342996285,264.88462133402936
541,18l_1024d,fineweb,2027,rlb_fused_global_rational,GRAIN,schedule_free_adamw,Schedule-Free AdamW,rlb_schedulefree,GRAIN + Schedule-Free AdamW,350,6.25618839263916,521.2284308742785,308.9101368561387
541,18l_1024d,fineweb,2027,rlb_fused_global_rational,GRAIN,schedule_free_adamw,Schedule-Free AdamW,rlb_schedulefree,GRAIN + Schedule-Free AdamW,400,6.145934104919434,466.81550012121835,352.7553262349684
541,18l_1024d,fineweb,2027,rlb_fused_global_rational,GRAIN,schedule_free_adamw,Schedule-Free AdamW,rlb_schedulefree,GRAIN + Schedule-Free AdamW,450,6.070883274078369,433.0630260373407,396.78240897506475
541,18l_1024d,fineweb,2027,rlb_fused_global_rational,GRAIN,schedule_free_adamw,Schedule-Free AdamW,rlb_schedulefree,GRAIN + Schedule-Free AdamW,500,5.967054843902588,390.3543217200436,440.634534802055
541,18l_1024d,fineweb,2027,rlb_fused_global_rational,GRAIN,schedule_free_adamw,Schedule-Free AdamW,rlb_schedulefree,GRAIN + Schedule-Free AdamW,550,5.904541492462158,366.6990529562576,484.6555093349889
541,18l_1024d,fineweb,2027,rlb_fused_global_rational,GRAIN,schedule_free_adamw,Schedule-Free AdamW,rlb_schedulefree,GRAIN + Schedule-Free AdamW,600,5.824307441711426,338.42667170165225,528.5077259051614
541,18l_1024d,fineweb,2027,rlb_fused_global_rational,GRAIN,schedule_free_adamw,Schedule-Free AdamW,rlb_schedulefree,GRAIN + Schedule-Free AdamW,650,5.770014762878418,320.54246474186147,572.5554756480269
541,18l_1024d,fineweb,2027,rlb_fused_global_rational,GRAIN,schedule_free_adamw,Schedule-Free AdamW,rlb_schedulefree,GRAIN + Schedule-Free AdamW,700,5.713007926940918,302.78044138004225,616.4123446019366
541,18l_1024d,fineweb,2027,rlb_fused_global_rational,GRAIN,schedule_free_adamw,Schedule-Free AdamW,rlb_schedulefree,GRAIN + Schedule-Free AdamW,750,5.671586990356445,290.49518182568835,660.4296390300151
541,18l_1024d,fineweb,2027,rlb_fused_global_rational,GRAIN,schedule_free_adamw,Schedule-Free AdamW,rlb_schedulefree,GRAIN + Schedule-Free AdamW,800,5.623277187347412,276.79500757058173,704.2843535610009
541,18l_1024d,fineweb,2027,rlb_fused_global_rational,GRAIN,schedule_free_adamw,Schedule-Free AdamW,rlb_schedulefree,GRAIN + Schedule-Free AdamW,850,5.577810764312744,264.49193631522553,748.324610464042
541,18l_1024d,fineweb,2027,rlb_fused_global_rational,GRAIN,schedule_free_adamw,Schedule-Free AdamW,rlb_schedulefree,GRAIN + Schedule-Free AdamW,900,5.530805587768555,252.34711691324887,792.1753013229463
541,18l_1024d,fineweb,2027,rlb_fused_global_rational,GRAIN,schedule_free_adamw,Schedule-Free AdamW,rlb_schedulefree,GRAIN + Schedule-Free AdamW,950,5.490204811096191,242.30682890345022,836.1872103619389
541,18l_1024d,fineweb,2027,rlb_fused_global_rational,GRAIN,schedule_free_adamw,Schedule-Free AdamW,rlb_schedulefree,GRAIN + Schedule-Free AdamW,1000,5.463963508605957,236.03108409186004,880.0398003130686
541,18l_1024d,fineweb,2027,rlb_fused_global_rational,GRAIN,schedule_free_adamw,Schedule-Free AdamW,rlb_schedulefree,GRAIN + Schedule-Free AdamW,1050,5.424200057983398,226.8298230148524,924.0592356310226
541,18l_1024d,fineweb,2027,rlb_fused_global_rational,GRAIN,schedule_free_adamw,Schedule-Free AdamW,rlb_schedulefree,GRAIN + Schedule-Free AdamW,1100,5.394644737243652,220.22389584918818,967.9113189841155
541,18l_1024d,fineweb,2027,rlb_fused_global_rational,GRAIN,schedule_free_adamw,Schedule-Free AdamW,rlb_schedulefree,GRAIN + Schedule-Free AdamW,1150,5.362149238586426,213.18263477727825,1011.9323687311262
541,18l_1024d,fineweb,2027,rlb_fused_global_rational,GRAIN,schedule_free_adamw,Schedule-Free AdamW,rlb_schedulefree,GRAIN + Schedule-Free AdamW,1200,5.336658954620361,207.81722233714666,1055.7860129431356
541,18l_1024d,fineweb,2027,rlb_fused_global_rational,GRAIN,schedule_free_adamw,Schedule-Free AdamW,rlb_schedulefree,GRAIN + Schedule-Free AdamW,1250,5.307582855224609,201.86170923940543,1099.8140122140758
541,18l_1024d,fineweb,2027,rlb_fused_global_rational,GRAIN,schedule_free_adamw,Schedule-Free AdamW,rlb_schedulefree,GRAIN + Schedule-Free AdamW,1300,5.283944129943848,197.14591304798688,1143.6713548640255
541,18l_1024d,fineweb,2027,rlb_fused_global_rational,GRAIN,schedule_free_adamw,Schedule-Free AdamW,rlb_schedulefree,GRAIN + Schedule-Free AdamW,1350,5.262082576751709,192.88276647430123,1187.6925115089398
541,18l_1024d,fineweb,2027,rlb_fused_global_rational,GRAIN,schedule_free_adamw,Schedule-Free AdamW,rlb_schedulefree,GRAIN + Schedule-Free AdamW,1400,5.239756107330322,188.6240927616374,1231.5423525129445
541,18l_1024d,fineweb,2027,rlb_fused_global_rational,GRAIN,schedule_free_adamw,Schedule-Free AdamW,rlb_schedulefree,GRAIN + Schedule-Free AdamW,1450,5.217568874359131,184.48513190620363,1275.5590518261306
541,18l_1024d,fineweb,2027,rlb_fused_global_rational,GRAIN,schedule_free_adamw,Schedule-Free AdamW,rlb_schedulefree,GRAIN + Schedule-Free AdamW,1500,5.19711971282959,180.7508769632993,1319.417182620149
541,18l_1024d,fineweb,2027,rlb_fused_global_rational,GRAIN,schedule_free_adamw,Schedule-Free AdamW,rlb_schedulefree,GRAIN + Schedule-Free AdamW,1550,5.179022312164307,177.5091775639213,1363.4435628070496
541,18l_1024d,fineweb,2027,rlb_fused_global_rational,GRAIN,schedule_free_adamw,Schedule-Free AdamW,rlb_schedulefree,GRAIN + Schedule-Free AdamW,1600,5.161154747009277,174.36568765303502,1407.299028543057
541,18l_1024d,fineweb,2027,rlb_fused_global_rational,GRAIN,schedule_free_adamw,Schedule-Free AdamW,rlb_schedulefree,GRAIN + Schedule-Free AdamW,1650,5.142126560211182,171.07919196582944,1451.3258230260108
541,18l_1024d,fineweb,2027,rlb_fused_global_rational,GRAIN,schedule_free_adamw,Schedule-Free AdamW,rlb_schedulefree,GRAIN + Schedule-Free AdamW,1700,5.126936435699463,168.50011557537698,1495.1821864461526
541,18l_1024d,fineweb,2027,rlb_fused_global_rational,GRAIN,schedule_free_adamw,Schedule-Free AdamW,rlb_schedulefree,GRAIN + Schedule-Free AdamW,1750,5.109548091888428,165.59550401064513,1539.2100297261495
541,18l_1024d,fineweb,2027,rlb_fused_global_rational,GRAIN,schedule_free_adamw,Schedule-Free AdamW,rlb_schedulefree,GRAIN + Schedule-Free AdamW,1800,5.095251083374023,163.24482754119865,1583.0572991380468
541,18l_1024d,fineweb,2027,rlb_fused_global_rational,GRAIN,schedule_free_adamw,Schedule-Free AdamW,rlb_schedulefree,GRAIN + Schedule-Free AdamW,1850,5.079216003417969,160.64805901530832,1627.0837830449454
541,18l_1024d,fineweb,2027,rlb_fused_global_rational,GRAIN,schedule_free_adamw,Schedule-Free AdamW,rlb_schedulefree,GRAIN + Schedule-Free AdamW,1900,5.065990447998047,158.53738737571325,1670.9358313910197
541,18l_1024d,fineweb,2027,rlb_fused_global_rational,GRAIN,schedule_free_adamw,Schedule-Free AdamW,rlb_schedulefree,GRAIN + Schedule-Free AdamW,1950,5.053248405456543,156.53011278873572,1714.9571940321475
541,18l_1024d,fineweb,2027,rlb_fused_global_rational,GRAIN,schedule_free_adamw,Schedule-Free AdamW,rlb_schedulefree,GRAIN + Schedule-Free AdamW,2000,5.040701389312744,154.57839664798198,1758.80400581914
541,18l_1024d,fineweb,2027,rlb_fused_global_rational,GRAIN,schedule_free_adamw,Schedule-Free AdamW,rlb_schedulefree,GRAIN + Schedule-Free AdamW,2050,5.028045654296875,152.63442059052443,1802.830294267973
541,18l_1024d,fineweb,2027,rlb_fused_global_rational,GRAIN,schedule_free_adamw,Schedule-Free AdamW,rlb_schedulefree,GRAIN + Schedule-Free AdamW,2100,5.018062114715576,151.11817017793152,1846.6928259630222
541,18l_1024d,fineweb,2027,rlb_fused_global_rational,GRAIN,schedule_free_adamw,Schedule-Free AdamW,rlb_schedulefree,GRAIN + Schedule-Free AdamW,2150,5.007175922393799,149.48199075448974,1890.720317827072
541,18l_1024d,fineweb,2027,rlb_fused_global_rational,GRAIN,schedule_free_adamw,Schedule-Free AdamW,rlb_schedulefree,GRAIN + Schedule-Free AdamW,2200,4.997045993804932,147.9753926119553,1934.5721760219894
541,18l_1024d,fineweb,2027,rlb_fused_global_rational,GRAIN,schedule_free_adamw,Schedule-Free AdamW,rlb_schedulefree,GRAIN + Schedule-Free AdamW,2250,4.987046241760254,146.5030491806405,1978.594744405942
541,18l_1024d,fineweb,2027,rlb_fused_global_rational,GRAIN,schedule_free_adamw,Schedule-Free AdamW,rlb_schedulefree,GRAIN + Schedule-Free AdamW,2300,4.977943420410156,145.17550944204166,2022.447443231009
541,18l_1024d,fineweb,2027,rlb_fused_global_rational,GRAIN,schedule_free_adamw,Schedule-Free AdamW,rlb_schedulefree,GRAIN + Schedule-Free AdamW,2350,4.9696550369262695,143.97721198173235,2066.4680736570153
541,18l_1024d,fineweb,2027,rlb_fused_global_rational,GRAIN,schedule_free_adamw,Schedule-Free AdamW,rlb_schedulefree,GRAIN + Schedule-Free AdamW,2400,4.960919380187988,142.72495409075069,2110.318656416144
541,18l_1024d,fineweb,2027,rlb_fused_global_rational,GRAIN,schedule_free_adamw,Schedule-Free AdamW,rlb_schedulefree,GRAIN + Schedule-Free AdamW,2450,4.953097820281982,141.61297668014265,2154.341503207106
541,18l_1024d,fineweb,2027,rlb_fused_global_rational,GRAIN,schedule_free_adamw,Schedule-Free AdamW,rlb_schedulefree,GRAIN + Schedule-Free AdamW,2500,4.945489406585693,140.53961503640076,2198.2046333220787
541,18l_1024d,fineweb,2027,rlb_fused_global_rational,GRAIN,schedule_free_adamw,Schedule-Free AdamW,rlb_schedulefree,GRAIN + Schedule-Free AdamW,2550,4.938783645629883,139.60034276052565,2242.2322054151446
541,18l_1024d,fineweb,2027,rlb_fused_global_rational,GRAIN,schedule_free_adamw,Schedule-Free AdamW,rlb_schedulefree,GRAIN + Schedule-Free AdamW,2600,4.932135581970215,138.67534891074894,2286.087118817959
541,18l_1024d,fineweb,2027,rlb_fused_global_rational,GRAIN,schedule_free_adamw,Schedule-Free AdamW,rlb_schedulefree,GRAIN + Schedule-Free AdamW,2650,4.925724983215332,137.78920029803044,2330.1200488980394
541,18l_1024d,fineweb,2027,rlb_fused_global_rational,GRAIN,schedule_free_adamw,Schedule-Free AdamW,rlb_schedulefree,GRAIN + Schedule-Free AdamW,2700,4.920159816741943,137.02451024745804,2373.9789131430443
541,18l_1024d,fineweb,2027,rlb_fused_global_rational,GRAIN,schedule_free_adamw,Schedule-Free AdamW,rlb_schedulefree,GRAIN + Schedule-Free AdamW,2750,4.913938522338867,136.17468667109912,2417.9980633060914
541,18l_1024d,fineweb,2027,rlb_fused_global_rational,GRAIN,schedule_free_adamw,Schedule-Free AdamW,rlb_schedulefree,GRAIN + Schedule-Free AdamW,2800,4.908852577209473,135.48386790894418,2461.845621701097
541,18l_1024d,fineweb,2027,rlb_fused_global_rational,GRAIN,schedule_free_adamw,Schedule-Free AdamW,rlb_schedulefree,GRAIN + Schedule-Free AdamW,2850,4.9035773277282715,134.77103853450606,2505.8726974781603
541,18l_1024d,fineweb,2027,rlb_fused_global_rational,GRAIN,schedule_free_adamw,Schedule-Free AdamW,rlb_schedulefree,GRAIN + Schedule-Free AdamW,2900,4.898739814758301,134.12065627226144,2549.715594608104
541,18l_1024d,fineweb,2027,rlb_fused_global_rational,GRAIN,schedule_free_adamw,Schedule-Free AdamW,rlb_schedulefree,GRAIN + Schedule-Free AdamW,2950,4.893985271453857,133.48448734876138,2593.7323745840695
541,18l_1024d,fineweb,2027,rlb_fused_global_rational,GRAIN,schedule_free_adamw,Schedule-Free AdamW,rlb_schedulefree,GRAIN + Schedule-Free AdamW,3000,4.889303207397461,132.86096525271256,2637.5890014029574
541,18l_1024d,fineweb,2027,rlb_fused_global_rational,GRAIN,schedule_free_adamw,Schedule-Free AdamW,rlb_schedulefree,GRAIN + Schedule-Free AdamW,3050,4.884735107421875,132.25542721274505,2681.6190851239953
540,18l_1024d,fineweb,2027,silu,SwiGLU,schedule_free_adamw,Schedule-Free AdamW,silu_schedulefree,SwiGLU + Schedule-Free AdamW,1,11.023089408874512,61272.68387807603,1.5829536239616573
540,18l_1024d,fineweb,2027,silu,SwiGLU,schedule_free_adamw,Schedule-Free AdamW,silu_schedulefree,SwiGLU + Schedule-Free AdamW,50,8.730060577392578,6186.10283783162,35.18317996687256
540,18l_1024d,fineweb,2027,silu,SwiGLU,schedule_free_adamw,Schedule-Free AdamW,silu_schedulefree,SwiGLU + Schedule-Free AdamW,100,7.548746109008789,1898.360900742175,69.38139856583439
540,18l_1024d,fineweb,2027,silu,SwiGLU,schedule_free_adamw,Schedule-Free AdamW,silu_schedulefree,SwiGLU + Schedule-Free AdamW,150,7.1696391105651855,1299.3755872564427,103.62583199096844
540,18l_1024d,fineweb,2027,silu,SwiGLU,schedule_free_adamw,Schedule-Free AdamW,silu_schedulefree,SwiGLU + Schedule-Free AdamW,200,6.848010063171387,942.0045108673127,137.8951470227912
540,18l_1024d,fineweb,2027,silu,SwiGLU,schedule_free_adamw,Schedule-Free AdamW,silu_schedulefree,SwiGLU + Schedule-Free AdamW,250,6.583962440490723,723.4000875116747,172.18765893997625
540,18l_1024d,fineweb,2027,silu,SwiGLU,schedule_free_adamw,Schedule-Free AdamW,silu_schedulefree,SwiGLU + Schedule-Free AdamW,300,6.427303314208984,618.5037867014211,206.52914637792856
540,18l_1024d,fineweb,2027,silu,SwiGLU,schedule_free_adamw,Schedule-Free AdamW,silu_schedulefree,SwiGLU + Schedule-Free AdamW,350,6.262889385223389,524.7329073461437,240.88443270791322
540,18l_1024d,fineweb,2027,silu,SwiGLU,schedule_free_adamw,Schedule-Free AdamW,silu_schedulefree,SwiGLU + Schedule-Free AdamW,400,6.139939785003662,464.02562871648286,275.24072474683635
540,18l_1024d,fineweb,2027,silu,SwiGLU,schedule_free_adamw,Schedule-Free AdamW,silu_schedulefree,SwiGLU + Schedule-Free AdamW,450,6.049180030822754,423.76541296957936,309.6022943297867
540,18l_1024d,fineweb,2027,silu,SwiGLU,schedule_free_adamw,Schedule-Free AdamW,silu_schedulefree,SwiGLU + Schedule-Free AdamW,500,5.943950653076172,381.43888949216887,343.9616722869687
540,18l_1024d,fineweb,2027,silu,SwiGLU,schedule_free_adamw,Schedule-Free AdamW,silu_schedulefree,SwiGLU + Schedule-Free AdamW,550,5.868678569793701,353.7811741193493,378.3218549499288
540,18l_1024d,fineweb,2027,silu,SwiGLU,schedule_free_adamw,Schedule-Free AdamW,silu_schedulefree,SwiGLU + Schedule-Free AdamW,600,5.80081033706665,330.5673223604091,412.6749323529657
540,18l_1024d,fineweb,2027,silu,SwiGLU,schedule_free_adamw,Schedule-Free AdamW,silu_schedulefree,SwiGLU + Schedule-Free AdamW,650,5.738696575164795,310.6592260242039,447.0222675779369
540,18l_1024d,fineweb,2027,silu,SwiGLU,schedule_free_adamw,Schedule-Free AdamW,silu_schedulefree,SwiGLU + Schedule-Free AdamW,700,5.680595397949219,293.12390334775677,481.4061433398165
540,18l_1024d,fineweb,2027,silu,SwiGLU,schedule_free_adamw,Schedule-Free AdamW,silu_schedulefree,SwiGLU + Schedule-Free AdamW,750,5.635424613952637,280.1778594847171,515.7466028609779
540,18l_1024d,fineweb,2027,silu,SwiGLU,schedule_free_adamw,Schedule-Free AdamW,silu_schedulefree,SwiGLU + Schedule-Free AdamW,800,5.590298175811768,267.81546390260576,550.0887450338341
540,18l_1024d,fineweb,2027,silu,SwiGLU,schedule_free_adamw,Schedule-Free AdamW,silu_schedulefree,SwiGLU + Schedule-Free AdamW,850,5.5486578941345215,256.8925474438996,584.4371615108103
540,18l_1024d,fineweb,2027,silu,SwiGLU,schedule_free_adamw,Schedule-Free AdamW,silu_schedulefree,SwiGLU + Schedule-Free AdamW,900,5.504312038421631,245.7493314120722,618.7916024839506
540,18l_1024d,fineweb,2027,silu,SwiGLU,schedule_free_adamw,Schedule-Free AdamW,silu_schedulefree,SwiGLU + Schedule-Free AdamW,950,5.466196537017822,236.55873712156588,653.1435783358756
540,18l_1024d,fineweb,2027,silu,SwiGLU,schedule_free_adamw,Schedule-Free AdamW,silu_schedulefree,SwiGLU + Schedule-Free AdamW,1000,5.431589603424072,228.51220064673447,687.4864142627921
540,18l_1024d,fineweb,2027,silu,SwiGLU,schedule_free_adamw,Schedule-Free AdamW,silu_schedulefree,SwiGLU + Schedule-Free AdamW,1050,5.398980617523193,221.18083338037917,721.8432858448941
540,18l_1024d,fineweb,2027,silu,SwiGLU,schedule_free_adamw,Schedule-Free AdamW,silu_schedulefree,SwiGLU + Schedule-Free AdamW,1100,5.365752220153809,213.95211325684238,756.2005174278747
540,18l_1024d,fineweb,2027,silu,SwiGLU,schedule_free_adamw,Schedule-Free AdamW,silu_schedulefree,SwiGLU + Schedule-Free AdamW,1150,5.337202072143555,207.93012216838244,790.5555520548951
540,18l_1024d,fineweb,2027,silu,SwiGLU,schedule_free_adamw,Schedule-Free AdamW,silu_schedulefree,SwiGLU + Schedule-Free AdamW,1200,5.310535430908203,202.4586019654009,824.9112651969772
540,18l_1024d,fineweb,2027,silu,SwiGLU,schedule_free_adamw,Schedule-Free AdamW,silu_schedulefree,SwiGLU + Schedule-Free AdamW,1250,5.284085273742676,197.17374093489855,859.2651892409194
540,18l_1024d,fineweb,2027,silu,SwiGLU,schedule_free_adamw,Schedule-Free AdamW,silu_schedulefree,SwiGLU + Schedule-Free AdamW,1300,5.263088703155518,193.07692857792117,893.622564627789
540,18l_1024d,fineweb,2027,silu,SwiGLU,schedule_free_adamw,Schedule-Free AdamW,silu_schedulefree,SwiGLU + Schedule-Free AdamW,1350,5.242272853851318,189.0994096660655,927.9768455550075
540,18l_1024d,fineweb,2027,silu,SwiGLU,schedule_free_adamw,Schedule-Free AdamW,silu_schedulefree,SwiGLU + Schedule-Free AdamW,1400,5.219367504119873,184.8172509449225,962.3305955468677
540,18l_1024d,fineweb,2027,silu,SwiGLU,schedule_free_adamw,Schedule-Free AdamW,silu_schedulefree,SwiGLU + Schedule-Free AdamW,1450,5.19737434387207,180.7969076076965,996.6872519929893
540,18l_1024d,fineweb,2027,silu,SwiGLU,schedule_free_adamw,Schedule-Free AdamW,silu_schedulefree,SwiGLU + Schedule-Free AdamW,1500,5.177314758300781,177.2063297200492,1031.0395583380014
540,18l_1024d,fineweb,2027,silu,SwiGLU,schedule_free_adamw,Schedule-Free AdamW,silu_schedulefree,SwiGLU + Schedule-Free AdamW,1550,5.159063339233398,174.00139896890713,1065.3955242298543
540,18l_1024d,fineweb,2027,silu,SwiGLU,schedule_free_adamw,Schedule-Free AdamW,silu_schedulefree,SwiGLU + Schedule-Free AdamW,1600,5.140902996063232,170.86999360998334,1099.7582668438554
540,18l_1024d,fineweb,2027,silu,SwiGLU,schedule_free_adamw,Schedule-Free AdamW,silu_schedulefree,SwiGLU + Schedule-Free AdamW,1650,5.124044418334961,168.01351428405593,1134.1276981788687
540,18l_1024d,fineweb,2027,silu,SwiGLU,schedule_free_adamw,Schedule-Free AdamW,silu_schedulefree,SwiGLU + Schedule-Free AdamW,1700,5.108968257904053,165.49951394160152,1168.496615211945
540,18l_1024d,fineweb,2027,silu,SwiGLU,schedule_free_adamw,Schedule-Free AdamW,silu_schedulefree,SwiGLU + Schedule-Free AdamW,1750,5.093509674072266,162.96079885692748,1202.8673055008985
540,18l_1024d,fineweb,2027,silu,SwiGLU,schedule_free_adamw,Schedule-Free AdamW,silu_schedulefree,SwiGLU + Schedule-Free AdamW,1800,5.079606533050537,160.71080909485363,1237.2378780019935
540,18l_1024d,fineweb,2027,silu,SwiGLU,schedule_free_adamw,Schedule-Free AdamW,silu_schedulefree,SwiGLU + Schedule-Free AdamW,1850,5.064001083374023,158.22231220928893,1271.6099268309772
540,18l_1024d,fineweb,2027,silu,SwiGLU,schedule_free_adamw,Schedule-Free AdamW,silu_schedulefree,SwiGLU + Schedule-Free AdamW,1900,5.050229072570801,156.0582090473305,1305.9812025488354
540,18l_1024d,fineweb,2027,silu,SwiGLU,schedule_free_adamw,Schedule-Free AdamW,silu_schedulefree,SwiGLU + Schedule-Free AdamW,1950,5.038355827331543,154.2162483243939,1340.360750804888
540,18l_1024d,fineweb,2027,silu,SwiGLU,schedule_free_adamw,Schedule-Free AdamW,silu_schedulefree,SwiGLU + Schedule-Free AdamW,2000,5.026007652282715,152.32366809859096,1374.7346867569722
540,18l_1024d,fineweb,2027,silu,SwiGLU,schedule_free_adamw,Schedule-Free AdamW,silu_schedulefree,SwiGLU + Schedule-Free AdamW,2050,5.014618873596191,150.5987286748641,1409.1021060498897
540,18l_1024d,fineweb,2027,silu,SwiGLU,schedule_free_adamw,Schedule-Free AdamW,silu_schedulefree,SwiGLU + Schedule-Free AdamW,2100,5.004522323608398,149.08585135535273,1443.4583948929794
540,18l_1024d,fineweb,2027,silu,SwiGLU,schedule_free_adamw,Schedule-Free AdamW,silu_schedulefree,SwiGLU + Schedule-Free AdamW,2150,4.993260383605957,147.41627442595936,1477.8190844659694
540,18l_1024d,fineweb,2027,silu,SwiGLU,schedule_free_adamw,Schedule-Free AdamW,silu_schedulefree,SwiGLU + Schedule-Free AdamW,2200,4.983807563781738,146.02934049048744,1512.1756149400026
540,18l_1024d,fineweb,2027,silu,SwiGLU,schedule_free_adamw,Schedule-Free AdamW,silu_schedulefree,SwiGLU + Schedule-Free AdamW,2250,4.973613262176514,144.5482355921501,1546.5313313249499
540,18l_1024d,fineweb,2027,silu,SwiGLU,schedule_free_adamw,Schedule-Free AdamW,silu_schedulefree,SwiGLU + Schedule-Free AdamW,2300,4.964641571044922,143.25719354383494,1580.892263202928
540,18l_1024d,fineweb,2027,silu,SwiGLU,schedule_free_adamw,Schedule-Free AdamW,silu_schedulefree,SwiGLU + Schedule-Free AdamW,2350,4.955850601196289,142.0033432298497,1615.2545936689712
540,18l_1024d,fineweb,2027,silu,SwiGLU,schedule_free_adamw,Schedule-Free AdamW,silu_schedulefree,SwiGLU + Schedule-Free AdamW,2400,4.947556495666504,140.8304233999117,1649.6145572059322
540,18l_1024d,fineweb,2027,silu,SwiGLU,schedule_free_adamw,Schedule-Free AdamW,silu_schedulefree,SwiGLU + Schedule-Free AdamW,2450,4.938996315002441,139.63003463499373,1683.971699951915
540,18l_1024d,fineweb,2027,silu,SwiGLU,schedule_free_adamw,Schedule-Free AdamW,silu_schedulefree,SwiGLU + Schedule-Free AdamW,2500,4.931715965270996,138.61717062571964,1718.3253409648314
540,18l_1024d,fineweb,2027,silu,SwiGLU,schedule_free_adamw,Schedule-Free AdamW,silu_schedulefree,SwiGLU + Schedule-Free AdamW,2550,4.924821853637695,137.66481497225027,1752.6782298837788
540,18l_1024d,fineweb,2027,silu,SwiGLU,schedule_free_adamw,Schedule-Free AdamW,silu_schedulefree,SwiGLU + Schedule-Free AdamW,2600,4.917848110198975,136.70811563721796,1787.0358989858069
540,18l_1024d,fineweb,2027,silu,SwiGLU,schedule_free_adamw,Schedule-Free AdamW,silu_schedulefree,SwiGLU + Schedule-Free AdamW,2650,4.911629676818848,135.86064303446804,1821.394104644889
540,18l_1024d,fineweb,2027,silu,SwiGLU,schedule_free_adamw,Schedule-Free AdamW,silu_schedulefree,SwiGLU + Schedule-Free AdamW,2700,4.905735015869141,135.06214635308797,1855.751976097934
540,18l_1024d,fineweb,2027,silu,SwiGLU,schedule_free_adamw,Schedule-Free AdamW,silu_schedulefree,SwiGLU + Schedule-Free AdamW,2750,4.900087833404541,134.30157533149858,1890.1091410678346
540,18l_1024d,fineweb,2027,silu,SwiGLU,schedule_free_adamw,Schedule-Free AdamW,silu_schedulefree,SwiGLU + Schedule-Free AdamW,2800,4.894924163818359,133.60987376767739,1924.472229600884
540,18l_1024d,fineweb,2027,silu,SwiGLU,schedule_free_adamw,Schedule-Free AdamW,silu_schedulefree,SwiGLU + Schedule-Free AdamW,2850,4.889657020568848,132.9079815291806,1958.824889180949
540,18l_1024d,fineweb,2027,silu,SwiGLU,schedule_free_adamw,Schedule-Free AdamW,silu_schedulefree,SwiGLU + Schedule-Free AdamW,2900,4.8849663734436035,132.28601693629406,1993.1789745569695
540,18l_1024d,fineweb,2027,silu,SwiGLU,schedule_free_adamw,Schedule-Free AdamW,silu_schedulefree,SwiGLU + Schedule-Free AdamW,2950,4.879956245422363,131.62490456772704,2027.5416044709273
540,18l_1024d,fineweb,2027,silu,SwiGLU,schedule_free_adamw,Schedule-Free AdamW,silu_schedulefree,SwiGLU + Schedule-Free AdamW,3000,4.875278949737549,131.0106935126993,2061.897824503947
540,18l_1024d,fineweb,2027,silu,SwiGLU,schedule_free_adamw,Schedule-Free AdamW,silu_schedulefree,SwiGLU + Schedule-Free AdamW,3050,4.870331287384033,130.3640977243391,2096.2506723289844
555,18l_1024d,fineweb,3407,rlb_fused_global_rational,GRAIN,schedule_free_adamw,Schedule-Free AdamW,rlb_schedulefree,GRAIN + Schedule-Free AdamW,1,11.056159973144531,63332.88434402597,2.237619396066293
555,18l_1024d,fineweb,3407,rlb_fused_global_rational,GRAIN,schedule_free_adamw,Schedule-Free AdamW,rlb_schedulefree,GRAIN + Schedule-Free AdamW,50,8.541404724121094,5122.53505855115,46.06042054714635
555,18l_1024d,fineweb,3407,rlb_fused_global_rational,GRAIN,schedule_free_adamw,Schedule-Free AdamW,rlb_schedulefree,GRAIN + Schedule-Free AdamW,100,7.39147424697876,1622.0957207804413,91.48628934519365
555,18l_1024d,fineweb,3407,rlb_fused_global_rational,GRAIN,schedule_free_adamw,Schedule-Free AdamW,rlb_schedulefree,GRAIN + Schedule-Free AdamW,150,7.032773494720459,1133.1690943905253,137.3289181930013
555,18l_1024d,fineweb,3407,rlb_fused_global_rational,GRAIN,schedule_free_adamw,Schedule-Free AdamW,rlb_schedulefree,GRAIN + Schedule-Free AdamW,200,6.768776893615723,870.2468383215061,183.14443367510103
555,18l_1024d,fineweb,3407,rlb_fused_global_rational,GRAIN,schedule_free_adamw,Schedule-Free AdamW,rlb_schedulefree,GRAIN + Schedule-Free AdamW,250,6.542304992675781,693.8841339984865,229.25997587805614
555,18l_1024d,fineweb,3407,rlb_fused_global_rational,GRAIN,schedule_free_adamw,Schedule-Free AdamW,rlb_schedulefree,GRAIN + Schedule-Free AdamW,300,6.374757766723633,586.8432607574621,275.2747089811601
555,18l_1024d,fineweb,3407,rlb_fused_global_rational,GRAIN,schedule_free_adamw,Schedule-Free AdamW,rlb_schedulefree,GRAIN + Schedule-Free AdamW,350,6.283470153808594,535.6442102440197,321.4204062120989
555,18l_1024d,fineweb,3407,rlb_fused_global_rational,GRAIN,schedule_free_adamw,Schedule-Free AdamW,rlb_schedulefree,GRAIN + Schedule-Free AdamW,400,6.1484599113464355,467.99607603712354,367.6287747102324
555,18l_1024d,fineweb,3407,rlb_fused_global_rational,GRAIN,schedule_free_adamw,Schedule-Free AdamW,rlb_schedulefree,GRAIN + Schedule-Free AdamW,450,6.051844596862793,424.89606958356603,414.03674939717166
555,18l_1024d,fineweb,3407,rlb_fused_global_rational,GRAIN,schedule_free_adamw,Schedule-Free AdamW,rlb_schedulefree,GRAIN + Schedule-Free AdamW,500,5.97507905960083,393.49920975181044,460.3489678921178
555,18l_1024d,fineweb,3407,rlb_fused_global_rational,GRAIN,schedule_free_adamw,Schedule-Free AdamW,rlb_schedulefree,GRAIN + Schedule-Free AdamW,550,5.899733066558838,364.940040161813,506.47595497220755
555,18l_1024d,fineweb,3407,rlb_fused_global_rational,GRAIN,schedule_free_adamw,Schedule-Free AdamW,rlb_schedulefree,GRAIN + Schedule-Free AdamW,600,5.834868431091309,342.0197319270183,552.2989465510473
555,18l_1024d,fineweb,3407,rlb_fused_global_rational,GRAIN,schedule_free_adamw,Schedule-Free AdamW,rlb_schedulefree,GRAIN + Schedule-Free AdamW,650,5.772916793823242,321.4740399699486,598.2204108010046
555,18l_1024d,fineweb,3407,rlb_fused_global_rational,GRAIN,schedule_free_adamw,Schedule-Free AdamW,rlb_schedulefree,GRAIN + Schedule-Free AdamW,700,5.720853805541992,305.16536363693643,643.7713741560001
555,18l_1024d,fineweb,3407,rlb_fused_global_rational,GRAIN,schedule_free_adamw,Schedule-Free AdamW,rlb_schedulefree,GRAIN + Schedule-Free AdamW,750,5.670251846313477,290.10758771872156,689.4141715930309
555,18l_1024d,fineweb,3407,rlb_fused_global_rational,GRAIN,schedule_free_adamw,Schedule-Free AdamW,rlb_schedulefree,GRAIN + Schedule-Free AdamW,800,5.624983310699463,277.26765708126146,734.8823356342036
555,18l_1024d,fineweb,3407,rlb_fused_global_rational,GRAIN,schedule_free_adamw,Schedule-Free AdamW,rlb_schedulefree,GRAIN + Schedule-Free AdamW,850,5.586524963378906,266.80684333099146,780.4569154910278
555,18l_1024d,fineweb,3407,rlb_fused_global_rational,GRAIN,schedule_free_adamw,Schedule-Free AdamW,rlb_schedulefree,GRAIN + Schedule-Free AdamW,900,5.53602409362793,253.66743386600785,825.8645757990889
555,18l_1024d,fineweb,3407,rlb_fused_global_rational,GRAIN,schedule_free_adamw,Schedule-Free AdamW,rlb_schedulefree,GRAIN + Schedule-Free AdamW,950,5.49691104888916,243.9372570257659,871.3691916130483
555,18l_1024d,fineweb,3407,rlb_fused_global_rational,GRAIN,schedule_free_adamw,Schedule-Free AdamW,rlb_schedulefree,GRAIN + Schedule-Free AdamW,1000,5.465985298156738,236.50877200083025,916.6946157421917
555,18l_1024d,fineweb,3407,rlb_fused_global_rational,GRAIN,schedule_free_adamw,Schedule-Free AdamW,rlb_schedulefree,GRAIN + Schedule-Free AdamW,1050,5.434203624725342,229.1103178117468,962.3009923291393
555,18l_1024d,fineweb,3407,rlb_fused_global_rational,GRAIN,schedule_free_adamw,Schedule-Free AdamW,rlb_schedulefree,GRAIN + Schedule-Free AdamW,1100,5.399195194244385,221.2282987306938,1007.7595291452017
555,18l_1024d,fineweb,3407,rlb_fused_global_rational,GRAIN,schedule_free_adamw,Schedule-Free AdamW,rlb_schedulefree,GRAIN + Schedule-Free AdamW,1150,5.367682933807373,214.3655925497321,1053.4822721171658
555,18l_1024d,fineweb,3407,rlb_fused_global_rational,GRAIN,schedule_free_adamw,Schedule-Free AdamW,rlb_schedulefree,GRAIN + Schedule-Free AdamW,1200,5.338953971862793,208.29471416208708,1099.2181905792095
555,18l_1024d,fineweb,3407,rlb_fused_global_rational,GRAIN,schedule_free_adamw,Schedule-Free AdamW,rlb_schedulefree,GRAIN + Schedule-Free AdamW,1250,5.317686080932617,203.91150096785867,1145.321067999117
555,18l_1024d,fineweb,3407,rlb_fused_global_rational,GRAIN,schedule_free_adamw,Schedule-Free AdamW,rlb_schedulefree,GRAIN + Schedule-Free AdamW,1300,5.286579608917236,197.66617222143807,1191.407570857089
555,18l_1024d,fineweb,3407,rlb_fused_global_rational,GRAIN,schedule_free_adamw,Schedule-Free AdamW,rlb_schedulefree,GRAIN + Schedule-Free AdamW,1350,5.26424503326416,193.30031837500303,1237.6450143682305
555,18l_1024d,fineweb,3407,rlb_fused_global_rational,GRAIN,schedule_free_adamw,Schedule-Free AdamW,rlb_schedulefree,GRAIN + Schedule-Free AdamW,1400,5.239529609680176,188.58137468582038,1283.8828418571502
555,18l_1024d,fineweb,3407,rlb_fused_global_rational,GRAIN,schedule_free_adamw,Schedule-Free AdamW,rlb_schedulefree,GRAIN + Schedule-Free AdamW,1450,5.2174530029296875,184.46375658867683,1330.3118452702183
555,18l_1024d,fineweb,3407,rlb_fused_global_rational,GRAIN,schedule_free_adamw,Schedule-Free AdamW,rlb_schedulefree,GRAIN + Schedule-Free AdamW,1500,5.199769020080566,181.23037646254826,1376.5621630072128
555,18l_1024d,fineweb,3407,rlb_fused_global_rational,GRAIN,schedule_free_adamw,Schedule-Free AdamW,rlb_schedulefree,GRAIN + Schedule-Free AdamW,1550,5.177655220031738,177.26667196533202,1422.8489251970313
555,18l_1024d,fineweb,3407,rlb_fused_global_rational,GRAIN,schedule_free_adamw,Schedule-Free AdamW,rlb_schedulefree,GRAIN + Schedule-Free AdamW,1600,5.157238006591797,173.6840782317397,1468.85126975202
555,18l_1024d,fineweb,3407,rlb_fused_global_rational,GRAIN,schedule_free_adamw,Schedule-Free AdamW,rlb_schedulefree,GRAIN + Schedule-Free AdamW,1650,5.141290664672852,170.9362473842563,1514.7169597160537
555,18l_1024d,fineweb,3407,rlb_fused_global_rational,GRAIN,schedule_free_adamw,Schedule-Free AdamW,rlb_schedulefree,GRAIN + Schedule-Free AdamW,1700,5.124831676483154,168.14583637116914,1560.4169417382218
555,18l_1024d,fineweb,3407,rlb_fused_global_rational,GRAIN,schedule_free_adamw,Schedule-Free AdamW,rlb_schedulefree,GRAIN + Schedule-Free AdamW,1750,5.1075544357299805,165.26569238898932,1606.1065663190093
555,18l_1024d,fineweb,3407,rlb_fused_global_rational,GRAIN,schedule_free_adamw,Schedule-Free AdamW,rlb_schedulefree,GRAIN + Schedule-Free AdamW,1800,5.092573165893555,162.80825617587186,1651.6422011340037
555,18l_1024d,fineweb,3407,rlb_fused_global_rational,GRAIN,schedule_free_adamw,Schedule-Free AdamW,rlb_schedulefree,GRAIN + Schedule-Free AdamW,1850,5.076852798461914,160.26886296153543,1697.3427645280026
555,18l_1024d,fineweb,3407,rlb_fused_global_rational,GRAIN,schedule_free_adamw,Schedule-Free AdamW,rlb_schedulefree,GRAIN + Schedule-Free AdamW,1900,5.0621161460876465,157.92435397797905,1742.7327202181332
555,18l_1024d,fineweb,3407,rlb_fused_global_rational,GRAIN,schedule_free_adamw,Schedule-Free AdamW,rlb_schedulefree,GRAIN + Schedule-Free AdamW,1950,5.04927921295166,155.9100460344923,1788.3113239940722
555,18l_1024d,fineweb,3407,rlb_fused_global_rational,GRAIN,schedule_free_adamw,Schedule-Free AdamW,rlb_schedulefree,GRAIN + Schedule-Free AdamW,2000,5.0357747077941895,153.81871101922437,1833.7098785110284
555,18l_1024d,fineweb,3407,rlb_fused_global_rational,GRAIN,schedule_free_adamw,Schedule-Free AdamW,rlb_schedulefree,GRAIN + Schedule-Free AdamW,2050,5.024270057678223,152.0592211321131,1879.2985504190437
555,18l_1024d,fineweb,3407,rlb_fused_global_rational,GRAIN,schedule_free_adamw,Schedule-Free AdamW,rlb_schedulefree,GRAIN + Schedule-Free AdamW,2100,5.012032985687256,150.20980032256887,1924.8232483400498
555,18l_1024d,fineweb,3407,rlb_fused_global_rational,GRAIN,schedule_free_adamw,Schedule-Free AdamW,rlb_schedulefree,GRAIN + Schedule-Free AdamW,2150,5.002211093902588,148.74167759250494,1970.5516634881496
555,18l_1024d,fineweb,3407,rlb_fused_global_rational,GRAIN,schedule_free_adamw,Schedule-Free AdamW,rlb_schedulefree,GRAIN + Schedule-Free AdamW,2200,4.991131782531738,147.10281771635786,2016.197660259204
555,18l_1024d,fineweb,3407,rlb_fused_global_rational,GRAIN,schedule_free_adamw,Schedule-Free AdamW,rlb_schedulefree,GRAIN + Schedule-Free AdamW,2250,4.981856346130371,145.74468326811677,2062.1671227170154
555,18l_1024d,fineweb,3407,rlb_fused_global_rational,GRAIN,schedule_free_adamw,Schedule-Free AdamW,rlb_schedulefree,GRAIN + Schedule-Free AdamW,2300,4.971904754638672,144.30148468996944,2108.148400228005
555,18l_1024d,fineweb,3407,rlb_fused_global_rational,GRAIN,schedule_free_adamw,Schedule-Free AdamW,rlb_schedulefree,GRAIN + Schedule-Free AdamW,2350,4.963353157043457,143.0727378230457,2154.370388783049
555,18l_1024d,fineweb,3407,rlb_fused_global_rational,GRAIN,schedule_free_adamw,Schedule-Free AdamW,rlb_schedulefree,GRAIN + Schedule-Free AdamW,2400,4.954658031463623,141.83409528082606,2200.614864524221
555,18l_1024d,fineweb,3407,rlb_fused_global_rational,GRAIN,schedule_free_adamw,Schedule-Free AdamW,rlb_schedulefree,GRAIN + Schedule-Free AdamW,2450,4.947215557098389,140.7824170610819,2246.9980916320346
555,18l_1024d,fineweb,3407,rlb_fused_global_rational,GRAIN,schedule_free_adamw,Schedule-Free AdamW,rlb_schedulefree,GRAIN + Schedule-Free AdamW,2500,4.938993453979492,139.62963515083172,2293.259108869126
555,18l_1024d,fineweb,3407,rlb_fused_global_rational,GRAIN,schedule_free_adamw,Schedule-Free AdamW,rlb_schedulefree,GRAIN + Schedule-Free AdamW,2550,4.931725025177002,138.6184264899453,2339.6093079901766
555,18l_1024d,fineweb,3407,rlb_fused_global_rational,GRAIN,schedule_free_adamw,Schedule-Free AdamW,rlb_schedulefree,GRAIN + Schedule-Free AdamW,2600,4.924710273742676,137.6494552035844,2385.5363939600065
555,18l_1024d,fineweb,3407,rlb_fused_global_rational,GRAIN,schedule_free_adamw,Schedule-Free AdamW,rlb_schedulefree,GRAIN + Schedule-Free AdamW,2650,4.917840003967285,136.70700745405037,2431.4709900720045
555,18l_1024d,fineweb,3407,rlb_fused_global_rational,GRAIN,schedule_free_adamw,Schedule-Free AdamW,rlb_schedulefree,GRAIN + Schedule-Free AdamW,2700,4.911495208740234,135.84237534307823,2477.044976970181
555,18l_1024d,fineweb,3407,rlb_fused_global_rational,GRAIN,schedule_free_adamw,Schedule-Free AdamW,rlb_schedulefree,GRAIN + Schedule-Free AdamW,2750,4.906336784362793,135.1434469570659,2522.761673258152
555,18l_1024d,fineweb,3407,rlb_fused_global_rational,GRAIN,schedule_free_adamw,Schedule-Free AdamW,rlb_schedulefree,GRAIN + Schedule-Free AdamW,2800,4.901188373565674,134.4494609709706,2568.3161826052237
555,18l_1024d,fineweb,3407,rlb_fused_global_rational,GRAIN,schedule_free_adamw,Schedule-Free AdamW,rlb_schedulefree,GRAIN + Schedule-Free AdamW,2850,4.895401477813721,133.67366285284564,2613.9516622631345
555,18l_1024d,fineweb,3407,rlb_fused_global_rational,GRAIN,schedule_free_adamw,Schedule-Free AdamW,rlb_schedulefree,GRAIN + Schedule-Free AdamW,2900,4.88966178894043,132.90861528533372,2659.418765265029
555,18l_1024d,fineweb,3407,rlb_fused_global_rational,GRAIN,schedule_free_adamw,Schedule-Free AdamW,rlb_schedulefree,GRAIN + Schedule-Free AdamW,2950,4.885054588317871,132.29768704537648,2705.2561662730295
555,18l_1024d,fineweb,3407,rlb_fused_global_rational,GRAIN,schedule_free_adamw,Schedule-Free AdamW,rlb_schedulefree,GRAIN + Schedule-Free AdamW,3000,4.880341529846191,131.67562736396906,2750.6947809432168
555,18l_1024d,fineweb,3407,rlb_fused_global_rational,GRAIN,schedule_free_adamw,Schedule-Free AdamW,rlb_schedulefree,GRAIN + Schedule-Free AdamW,3050,4.875740051269531,131.0711166737196,2796.2488848930225
554,18l_1024d,fineweb,3407,silu,SwiGLU,schedule_free_adamw,Schedule-Free AdamW,silu_schedulefree,SwiGLU + Schedule-Free AdamW,1,11.0234375,61294.01606812647,1.5363403090741485
554,18l_1024d,fineweb,3407,silu,SwiGLU,schedule_free_adamw,Schedule-Free AdamW,silu_schedulefree,SwiGLU + Schedule-Free AdamW,50,8.72157096862793,6133.807542351493,35.267602066043764
554,18l_1024d,fineweb,3407,silu,SwiGLU,schedule_free_adamw,Schedule-Free AdamW,silu_schedulefree,SwiGLU + Schedule-Free AdamW,100,7.530529975891113,1864.0931662515904,70.20152149396017
554,18l_1024d,fineweb,3407,silu,SwiGLU,schedule_free_adamw,Schedule-Free AdamW,silu_schedulefree,SwiGLU + Schedule-Free AdamW,150,7.138937473297119,1260.0887995519745,105.24512644996867
554,18l_1024d,fineweb,3407,silu,SwiGLU,schedule_free_adamw,Schedule-Free AdamW,silu_schedulefree,SwiGLU + Schedule-Free AdamW,200,6.81512451171875,911.5300048862712,140.28632911806926
554,18l_1024d,fineweb,3407,silu,SwiGLU,schedule_free_adamw,Schedule-Free AdamW,silu_schedulefree,SwiGLU + Schedule-Free AdamW,250,6.572700500488281,715.2989022828237,175.4487297818996
554,18l_1024d,fineweb,3407,silu,SwiGLU,schedule_free_adamw,Schedule-Free AdamW,silu_schedulefree,SwiGLU + Schedule-Free AdamW,300,6.386990547180176,594.0660729981229,210.4576288741082
554,18l_1024d,fineweb,3407,silu,SwiGLU,schedule_free_adamw,Schedule-Free AdamW,silu_schedulefree,SwiGLU + Schedule-Free AdamW,350,6.25994873046875,523.192115605846,245.6102702000644
554,18l_1024d,fineweb,3407,silu,SwiGLU,schedule_free_adamw,Schedule-Free AdamW,silu_schedulefree,SwiGLU + Schedule-Free AdamW,400,6.140814781188965,464.43182705657546,280.6479009820614
554,18l_1024d,fineweb,3407,silu,SwiGLU,schedule_free_adamw,Schedule-Free AdamW,silu_schedulefree,SwiGLU + Schedule-Free AdamW,450,6.029898643493652,415.6728960942491,315.6448832540773
554,18l_1024d,fineweb,3407,silu,SwiGLU,schedule_free_adamw,Schedule-Free AdamW,silu_schedulefree,SwiGLU + Schedule-Free AdamW,500,5.939150810241699,379.61242963834354,350.6888677799143
554,18l_1024d,fineweb,3407,silu,SwiGLU,schedule_free_adamw,Schedule-Free AdamW,silu_schedulefree,SwiGLU + Schedule-Free AdamW,550,5.864025115966797,352.13869432663574,385.77672156807967
554,18l_1024d,fineweb,3407,silu,SwiGLU,schedule_free_adamw,Schedule-Free AdamW,silu_schedulefree,SwiGLU + Schedule-Free AdamW,600,5.79267692565918,327.8895866543878,421.0322056899313
554,18l_1024d,fineweb,3407,silu,SwiGLU,schedule_free_adamw,Schedule-Free AdamW,silu_schedulefree,SwiGLU + Schedule-Free AdamW,650,5.734260559082031,309.2841887997811,456.19440413592383
554,18l_1024d,fineweb,3407,silu,SwiGLU,schedule_free_adamw,Schedule-Free AdamW,silu_schedulefree,SwiGLU + Schedule-Free AdamW,700,5.680929660797119,293.2219001559111,491.4948437490966
554,18l_1024d,fineweb,3407,silu,SwiGLU,schedule_free_adamw,Schedule-Free AdamW,silu_schedulefree,SwiGLU + Schedule-Free AdamW,750,5.627225875854492,277.890145592291,526.9185655598994
554,18l_1024d,fineweb,3407,silu,SwiGLU,schedule_free_adamw,Schedule-Free AdamW,silu_schedulefree,SwiGLU + Schedule-Free AdamW,800,5.577657222747803,264.45132892695005,562.398045690963
554,18l_1024d,fineweb,3407,silu,SwiGLU,schedule_free_adamw,Schedule-Free AdamW,silu_schedulefree,SwiGLU + Schedule-Free AdamW,850,5.540821552276611,254.8873167195756,597.9875493019354
554,18l_1024d,fineweb,3407,silu,SwiGLU,schedule_free_adamw,Schedule-Free AdamW,silu_schedulefree,SwiGLU + Schedule-Free AdamW,900,5.497035980224609,243.9677343367979,633.5825723309536
554,18l_1024d,fineweb,3407,silu,SwiGLU,schedule_free_adamw,Schedule-Free AdamW,silu_schedulefree,SwiGLU + Schedule-Free AdamW,950,5.457882881164551,234.60022168424297,669.2252752049826
554,18l_1024d,fineweb,3407,silu,SwiGLU,schedule_free_adamw,Schedule-Free AdamW,silu_schedulefree,SwiGLU + Schedule-Free AdamW,1000,5.428718566894531,227.8570746665509,704.9252339550294
554,18l_1024d,fineweb,3407,silu,SwiGLU,schedule_free_adamw,Schedule-Free AdamW,silu_schedulefree,SwiGLU + Schedule-Free AdamW,1050,5.394621849060059,220.21885538191205,740.6651660010684
554,18l_1024d,fineweb,3407,silu,SwiGLU,schedule_free_adamw,Schedule-Free AdamW,silu_schedulefree,SwiGLU + Schedule-Free AdamW,1100,5.361420154571533,213.0272633722958,776.3534813930746
554,18l_1024d,fineweb,3407,silu,SwiGLU,schedule_free_adamw,Schedule-Free AdamW,silu_schedulefree,SwiGLU + Schedule-Free AdamW,1150,5.33433198928833,207.33420107019447,811.8173493209761
554,18l_1024d,fineweb,3407,silu,SwiGLU,schedule_free_adamw,Schedule-Free AdamW,silu_schedulefree,SwiGLU + Schedule-Free AdamW,1200,5.306993007659912,201.74267671077968,847.1952653869521
554,18l_1024d,fineweb,3407,silu,SwiGLU,schedule_free_adamw,Schedule-Free AdamW,silu_schedulefree,SwiGLU + Schedule-Free AdamW,1250,5.287069320678711,197.76299537660452,882.5399617881048
554,18l_1024d,fineweb,3407,silu,SwiGLU,schedule_free_adamw,Schedule-Free AdamW,silu_schedulefree,SwiGLU + Schedule-Free AdamW,1300,5.2550225257873535,191.5258000752315,917.7385289040394
554,18l_1024d,fineweb,3407,silu,SwiGLU,schedule_free_adamw,Schedule-Free AdamW,silu_schedulefree,SwiGLU + Schedule-Free AdamW,1350,5.23107385635376,186.9934998993194,952.9029472689144
554,18l_1024d,fineweb,3407,silu,SwiGLU,schedule_free_adamw,Schedule-Free AdamW,silu_schedulefree,SwiGLU + Schedule-Free AdamW,1400,5.208221435546875,182.7687030285682,988.0056882179342
554,18l_1024d,fineweb,3407,silu,SwiGLU,schedule_free_adamw,Schedule-Free AdamW,silu_schedulefree,SwiGLU + Schedule-Free AdamW,1450,5.187532424926758,179.02624674048403,1023.0892819799483
554,18l_1024d,fineweb,3407,silu,SwiGLU,schedule_free_adamw,Schedule-Free AdamW,silu_schedulefree,SwiGLU + Schedule-Free AdamW,1500,5.16840124130249,175.63381680959847,1058.1207176360767
554,18l_1024d,fineweb,3407,silu,SwiGLU,schedule_free_adamw,Schedule-Free AdamW,silu_schedulefree,SwiGLU + Schedule-Free AdamW,1550,5.150399684906006,172.50042235548406,1093.1644322250504
554,18l_1024d,fineweb,3407,silu,SwiGLU,schedule_free_adamw,Schedule-Free AdamW,silu_schedulefree,SwiGLU + Schedule-Free AdamW,1600,5.130268096923828,169.06243708898603,1128.1969083710574
554,18l_1024d,fineweb,3407,silu,SwiGLU,schedule_free_adamw,Schedule-Free AdamW,silu_schedulefree,SwiGLU + Schedule-Free AdamW,1650,5.114391326904297,166.39946727411294,1163.2003602050245
554,18l_1024d,fineweb,3407,silu,SwiGLU,schedule_free_adamw,Schedule-Free AdamW,silu_schedulefree,SwiGLU + Schedule-Free AdamW,1700,5.098915100097656,163.84405644132372,1198.247213322902
554,18l_1024d,fineweb,3407,silu,SwiGLU,schedule_free_adamw,Schedule-Free AdamW,silu_schedulefree,SwiGLU + Schedule-Free AdamW,1750,5.081204891204834,160.96788792434475,1233.2917660770472
554,18l_1024d,fineweb,3407,silu,SwiGLU,schedule_free_adamw,Schedule-Free AdamW,silu_schedulefree,SwiGLU + Schedule-Free AdamW,1800,5.067309379577637,158.74662529738782,1268.3445652860682
554,18l_1024d,fineweb,3407,silu,SwiGLU,schedule_free_adamw,Schedule-Free AdamW,silu_schedulefree,SwiGLU + Schedule-Free AdamW,1850,5.05221700668335,156.36875105089132,1303.4594190069474
554,18l_1024d,fineweb,3407,silu,SwiGLU,schedule_free_adamw,Schedule-Free AdamW,silu_schedulefree,SwiGLU + Schedule-Free AdamW,1900,5.038464546203613,154.23301545240173,1338.6397138671018
554,18l_1024d,fineweb,3407,silu,SwiGLU,schedule_free_adamw,Schedule-Free AdamW,silu_schedulefree,SwiGLU + Schedule-Free AdamW,1950,5.0255560874938965,152.25489962145397,1373.9035331720952
554,18l_1024d,fineweb,3407,silu,SwiGLU,schedule_free_adamw,Schedule-Free AdamW,silu_schedulefree,SwiGLU + Schedule-Free AdamW,2000,5.011638164520264,150.15050602000497,1409.2312377050985
554,18l_1024d,fineweb,3407,silu,SwiGLU,schedule_free_adamw,Schedule-Free AdamW,silu_schedulefree,SwiGLU + Schedule-Free AdamW,2050,5.000330924987793,148.46228085279995,1444.668970111059
554,18l_1024d,fineweb,3407,silu,SwiGLU,schedule_free_adamw,Schedule-Free AdamW,silu_schedulefree,SwiGLU + Schedule-Free AdamW,2100,4.988770961761475,146.75594394344031,1480.1443918540608
554,18l_1024d,fineweb,3407,silu,SwiGLU,schedule_free_adamw,Schedule-Free AdamW,silu_schedulefree,SwiGLU + Schedule-Free AdamW,2150,4.978174686431885,145.2090874871435,1515.7084545299876
554,18l_1024d,fineweb,3407,silu,SwiGLU,schedule_free_adamw,Schedule-Free AdamW,silu_schedulefree,SwiGLU + Schedule-Free AdamW,2200,4.967676639556885,143.69264942601833,1551.3231086600572
554,18l_1024d,fineweb,3407,silu,SwiGLU,schedule_free_adamw,Schedule-Free AdamW,silu_schedulefree,SwiGLU + Schedule-Free AdamW,2250,4.958288192749023,142.34991160423291,1587.0043347319588
554,18l_1024d,fineweb,3407,silu,SwiGLU,schedule_free_adamw,Schedule-Free AdamW,silu_schedulefree,SwiGLU + Schedule-Free AdamW,2300,4.948523044586182,140.96660869778069,1622.7357640541159
554,18l_1024d,fineweb,3407,silu,SwiGLU,schedule_free_adamw,Schedule-Free AdamW,silu_schedulefree,SwiGLU + Schedule-Free AdamW,2350,4.939399242401123,139.6863067376517,1658.4964762430172
554,18l_1024d,fineweb,3407,silu,SwiGLU,schedule_free_adamw,Schedule-Free AdamW,silu_schedulefree,SwiGLU + Schedule-Free AdamW,2400,4.930708885192871,138.4776423045853,1694.2432425380684
554,18l_1024d,fineweb,3407,silu,SwiGLU,schedule_free_adamw,Schedule-Free AdamW,silu_schedulefree,SwiGLU + Schedule-Free AdamW,2450,4.923219680786133,137.44442873865003,1729.888606172055
554,18l_1024d,fineweb,3407,silu,SwiGLU,schedule_free_adamw,Schedule-Free AdamW,silu_schedulefree,SwiGLU + Schedule-Free AdamW,2500,4.915264129638672,136.35532052812735,1765.3824005939532
554,18l_1024d,fineweb,3407,silu,SwiGLU,schedule_free_adamw,Schedule-Free AdamW,silu_schedulefree,SwiGLU + Schedule-Free AdamW,2550,4.908071041107178,135.37802374080155,1800.7807725509629
554,18l_1024d,fineweb,3407,silu,SwiGLU,schedule_free_adamw,Schedule-Free AdamW,silu_schedulefree,SwiGLU + Schedule-Free AdamW,2600,4.901113986968994,134.43946010511337,1836.083081602119
554,18l_1024d,fineweb,3407,silu,SwiGLU,schedule_free_adamw,Schedule-Free AdamW,silu_schedulefree,SwiGLU + Schedule-Free AdamW,2650,4.89420747756958,133.514151713884,1871.317774011055
554,18l_1024d,fineweb,3407,silu,SwiGLU,schedule_free_adamw,Schedule-Free AdamW,silu_schedulefree,SwiGLU + Schedule-Free AdamW,2700,4.887435436248779,132.61304297813783,1906.4850309530739
554,18l_1024d,fineweb,3407,silu,SwiGLU,schedule_free_adamw,Schedule-Free AdamW,silu_schedulefree,SwiGLU + Schedule-Free AdamW,2750,4.882242202758789,131.92613765579682,1941.6247645909898
554,18l_1024d,fineweb,3407,silu,SwiGLU,schedule_free_adamw,Schedule-Free AdamW,silu_schedulefree,SwiGLU + Schedule-Free AdamW,2800,4.877148628234863,131.2558705189445,1976.6934658219106
554,18l_1024d,fineweb,3407,silu,SwiGLU,schedule_free_adamw,Schedule-Free AdamW,silu_schedulefree,SwiGLU + Schedule-Free AdamW,2850,4.871757507324219,130.55015825007493,2011.7617682260461
554,18l_1024d,fineweb,3407,silu,SwiGLU,schedule_free_adamw,Schedule-Free AdamW,silu_schedulefree,SwiGLU + Schedule-Free AdamW,2900,4.8662943840026855,129.83889127453187,2046.8120808550157
554,18l_1024d,fineweb,3407,silu,SwiGLU,schedule_free_adamw,Schedule-Free AdamW,silu_schedulefree,SwiGLU + Schedule-Free AdamW,2950,4.861471176147461,129.2141591318242,2081.863020962104
554,18l_1024d,fineweb,3407,silu,SwiGLU,schedule_free_adamw,Schedule-Free AdamW,silu_schedulefree,SwiGLU + Schedule-Free AdamW,3000,4.857029438018799,128.6414964248423,2116.88987029111
554,18l_1024d,fineweb,3407,silu,SwiGLU,schedule_free_adamw,Schedule-Free AdamW,silu_schedulefree,SwiGLU + Schedule-Free AdamW,3050,4.852619171142578,128.07540232484666,2151.930591033073
485,18l_1024d,fineweb_edu,1337,rlb_fused_global_rational,GRAIN,schedule_free_adamw,Schedule-Free AdamW,rlb_schedulefree,GRAIN + Schedule-Free AdamW,1,11.066805839538574,64010.719438198656,2.231732370099053
485,18l_1024d,fineweb_edu,1337,rlb_fused_global_rational,GRAIN,schedule_free_adamw,Schedule-Free AdamW,rlb_schedulefree,GRAIN + Schedule-Free AdamW,50,8.502598762512207,4927.557767812592,45.36935481010005
485,18l_1024d,fineweb_edu,1337,rlb_fused_global_rational,GRAIN,schedule_free_adamw,Schedule-Free AdamW,rlb_schedulefree,GRAIN + Schedule-Free AdamW,100,7.356201648712158,1565.8774999962855,89.1781728300266
485,18l_1024d,fineweb_edu,1337,rlb_fused_global_rational,GRAIN,schedule_free_adamw,Schedule-Free AdamW,rlb_schedulefree,GRAIN + Schedule-Free AdamW,150,7.0168986320495605,1115.322223743942,133.1735976380296
485,18l_1024d,fineweb_edu,1337,rlb_fused_global_rational,GRAIN,schedule_free_adamw,Schedule-Free AdamW,rlb_schedulefree,GRAIN + Schedule-Free AdamW,200,6.7393903732299805,845.0454164829849,177.03124169399962
485,18l_1024d,fineweb_edu,1337,rlb_fused_global_rational,GRAIN,schedule_free_adamw,Schedule-Free AdamW,rlb_schedulefree,GRAIN + Schedule-Free AdamW,250,6.498190879821777,663.9393997148337,221.06804667017423
485,18l_1024d,fineweb_edu,1337,rlb_fused_global_rational,GRAIN,schedule_free_adamw,Schedule-Free AdamW,rlb_schedulefree,GRAIN + Schedule-Free AdamW,300,6.343806743621826,568.9580716478165,264.9243334911298
485,18l_1024d,fineweb_edu,1337,rlb_fused_global_rational,GRAIN,schedule_free_adamw,Schedule-Free AdamW,rlb_schedulefree,GRAIN + Schedule-Free AdamW,350,6.192375659942627,489.0064404011436,308.95353716402315
485,18l_1024d,fineweb_edu,1337,rlb_fused_global_rational,GRAIN,schedule_free_adamw,Schedule-Free AdamW,rlb_schedulefree,GRAIN + Schedule-Free AdamW,400,6.0844645500183105,438.9846953848225,352.80561136314645
485,18l_1024d,fineweb_edu,1337,rlb_fused_global_rational,GRAIN,schedule_free_adamw,Schedule-Free AdamW,rlb_schedulefree,GRAIN + Schedule-Free AdamW,450,5.981619834899902,396.0814353358154,396.8261558110826
485,18l_1024d,fineweb_edu,1337,rlb_fused_global_rational,GRAIN,schedule_free_adamw,Schedule-Free AdamW,rlb_schedulefree,GRAIN + Schedule-Free AdamW,500,5.887033462524414,360.334750726499,440.6732349090744
485,18l_1024d,fineweb_edu,1337,rlb_fused_global_rational,GRAIN,schedule_free_adamw,Schedule-Free AdamW,rlb_schedulefree,GRAIN + Schedule-Free AdamW,550,5.812485218048096,334.44927306825633,484.6979893310927
485,18l_1024d,fineweb_edu,1337,rlb_fused_global_rational,GRAIN,schedule_free_adamw,Schedule-Free AdamW,rlb_schedulefree,GRAIN + Schedule-Free AdamW,600,5.738263130187988,310.52460152145005,528.5539659371134
485,18l_1024d,fineweb_edu,1337,rlb_fused_global_rational,GRAIN,schedule_free_adamw,Schedule-Free AdamW,rlb_schedulefree,GRAIN + Schedule-Free AdamW,650,5.670548915863037,290.1937826514403,572.5710620111786
485,18l_1024d,fineweb_edu,1337,rlb_fused_global_rational,GRAIN,schedule_free_adamw,Schedule-Free AdamW,rlb_schedulefree,GRAIN + Schedule-Free AdamW,700,5.60725736618042,272.39612974243363,616.4218634520657
485,18l_1024d,fineweb_edu,1337,rlb_fused_global_rational,GRAIN,schedule_free_adamw,Schedule-Free AdamW,rlb_schedulefree,GRAIN + Schedule-Free AdamW,750,5.544773101806641,255.89650920001534,660.4241942851804
485,18l_1024d,fineweb_edu,1337,rlb_fused_global_rational,GRAIN,schedule_free_adamw,Schedule-Free AdamW,rlb_schedulefree,GRAIN + Schedule-Free AdamW,800,5.487761497497559,241.71552000405165,704.2680881740525
485,18l_1024d,fineweb_edu,1337,rlb_fused_global_rational,GRAIN,schedule_free_adamw,Schedule-Free AdamW,rlb_schedulefree,GRAIN + Schedule-Free AdamW,850,5.444894313812256,231.57280437191528,748.2838709692005
485,18l_1024d,fineweb_edu,1337,rlb_fused_global_rational,GRAIN,schedule_free_adamw,Schedule-Free AdamW,rlb_schedulefree,GRAIN + Schedule-Free AdamW,900,5.391183376312256,219.4629391925097,792.1397673261818
485,18l_1024d,fineweb_edu,1337,rlb_fused_global_rational,GRAIN,schedule_free_adamw,Schedule-Free AdamW,rlb_schedulefree,GRAIN + Schedule-Free AdamW,950,5.349381446838379,210.4780657200707,836.1498372221831
485,18l_1024d,fineweb_edu,1337,rlb_fused_global_rational,GRAIN,schedule_free_adamw,Schedule-Free AdamW,rlb_schedulefree,GRAIN + Schedule-Free AdamW,1000,5.308470726013184,202.04101594318385,879.9920132621191
485,18l_1024d,fineweb_edu,1337,rlb_fused_global_rational,GRAIN,schedule_free_adamw,Schedule-Free AdamW,rlb_schedulefree,GRAIN + Schedule-Free AdamW,1050,5.279115200042725,196.19620413794837,924.0055218301713
485,18l_1024d,fineweb_edu,1337,rlb_fused_global_rational,GRAIN,schedule_free_adamw,Schedule-Free AdamW,rlb_schedulefree,GRAIN + Schedule-Free AdamW,1100,5.236515045166016,188.01373998124933,967.8620243661571
485,18l_1024d,fineweb_edu,1337,rlb_fused_global_rational,GRAIN,schedule_free_adamw,Schedule-Free AdamW,rlb_schedulefree,GRAIN + Schedule-Free AdamW,1150,5.200167179107666,181.30254934010938,1011.8615758561064
485,18l_1024d,fineweb_edu,1337,rlb_fused_global_rational,GRAIN,schedule_free_adamw,Schedule-Free AdamW,rlb_schedulefree,GRAIN + Schedule-Free AdamW,1200,5.165679931640625,175.1565125478712,1055.7170979999937
485,18l_1024d,fineweb_edu,1337,rlb_fused_global_rational,GRAIN,schedule_free_adamw,Schedule-Free AdamW,rlb_schedulefree,GRAIN + Schedule-Free AdamW,1250,5.133282661437988,169.57285567084415,1099.72891028109
485,18l_1024d,fineweb_edu,1337,rlb_fused_global_rational,GRAIN,schedule_free_adamw,Schedule-Free AdamW,rlb_schedulefree,GRAIN + Schedule-Free AdamW,1300,5.10699462890625,165.1732014176153,1143.5801148391329
485,18l_1024d,fineweb_edu,1337,rlb_fused_global_rational,GRAIN,schedule_free_adamw,Schedule-Free AdamW,rlb_schedulefree,GRAIN + Schedule-Free AdamW,1350,5.082767486572266,161.2196122207106,1187.6003257271368
485,18l_1024d,fineweb_edu,1337,rlb_fused_global_rational,GRAIN,schedule_free_adamw,Schedule-Free AdamW,rlb_schedulefree,GRAIN + Schedule-Free AdamW,1400,5.053349018096924,156.54586248897868,1231.4446908361278
485,18l_1024d,fineweb_edu,1337,rlb_fused_global_rational,GRAIN,schedule_free_adamw,Schedule-Free AdamW,rlb_schedulefree,GRAIN + Schedule-Free AdamW,1450,5.028398513793945,152.68828859876984,1275.4740959361661
485,18l_1024d,fineweb_edu,1337,rlb_fused_global_rational,GRAIN,schedule_free_adamw,Schedule-Free AdamW,rlb_schedulefree,GRAIN + Schedule-Free AdamW,1500,5.006833076477051,149.43075024863322,1319.3253243500367
485,18l_1024d,fineweb_edu,1337,rlb_fused_global_rational,GRAIN,schedule_free_adamw,Schedule-Free AdamW,rlb_schedulefree,GRAIN + Schedule-Free AdamW,1550,4.982504367828369,145.83915959329056,1363.3345202731434
485,18l_1024d,fineweb_edu,1337,rlb_fused_global_rational,GRAIN,schedule_free_adamw,Schedule-Free AdamW,rlb_schedulefree,GRAIN + Schedule-Free AdamW,1600,4.9600138664245605,142.59577317681158,1407.1911989871878
485,18l_1024d,fineweb_edu,1337,rlb_fused_global_rational,GRAIN,schedule_free_adamw,Schedule-Free AdamW,rlb_schedulefree,GRAIN + Schedule-Free AdamW,1650,4.941184043884277,139.93584168402313,1451.2215959450696
485,18l_1024d,fineweb_edu,1337,rlb_fused_global_rational,GRAIN,schedule_free_adamw,Schedule-Free AdamW,rlb_schedulefree,GRAIN + Schedule-Free AdamW,1700,4.92460298538208,137.63468781139753,1495.0721048600972
485,18l_1024d,fineweb_edu,1337,rlb_fused_global_rational,GRAIN,schedule_free_adamw,Schedule-Free AdamW,rlb_schedulefree,GRAIN + Schedule-Free AdamW,1750,4.904702186584473,134.92272222613911,1539.0923918820918
485,18l_1024d,fineweb_edu,1337,rlb_fused_global_rational,GRAIN,schedule_free_adamw,Schedule-Free AdamW,rlb_schedulefree,GRAIN + Schedule-Free AdamW,1800,4.888371467590332,132.73723105556306,1582.944672899088
485,18l_1024d,fineweb_edu,1337,rlb_fused_global_rational,GRAIN,schedule_free_adamw,Schedule-Free AdamW,rlb_schedulefree,GRAIN + Schedule-Free AdamW,1850,4.870177268981934,130.344020800464,1626.9638307120185
485,18l_1024d,fineweb_edu,1337,rlb_fused_global_rational,GRAIN,schedule_free_adamw,Schedule-Free AdamW,rlb_schedulefree,GRAIN + Schedule-Free AdamW,1900,4.855024814605713,128.3838769704802,1670.809642298147
485,18l_1024d,fineweb_edu,1337,rlb_fused_global_rational,GRAIN,schedule_free_adamw,Schedule-Free AdamW,rlb_schedulefree,GRAIN + Schedule-Free AdamW,1950,4.84149694442749,126.65881109112378,1714.8173042240087
485,18l_1024d,fineweb_edu,1337,rlb_fused_global_rational,GRAIN,schedule_free_adamw,Schedule-Free AdamW,rlb_schedulefree,GRAIN + Schedule-Free AdamW,2000,4.827383995056152,124.88383622878206,1758.6604893791955
485,18l_1024d,fineweb_edu,1337,rlb_fused_global_rational,GRAIN,schedule_free_adamw,Schedule-Free AdamW,rlb_schedulefree,GRAIN + Schedule-Free AdamW,2050,4.813943862915039,123.21660993526694,1802.6711287721992
485,18l_1024d,fineweb_edu,1337,rlb_fused_global_rational,GRAIN,schedule_free_adamw,Schedule-Free AdamW,rlb_schedulefree,GRAIN + Schedule-Free AdamW,2100,4.801928997039795,121.74503697179583,1846.5126417651772
485,18l_1024d,fineweb_edu,1337,rlb_fused_global_rational,GRAIN,schedule_free_adamw,Schedule-Free AdamW,rlb_schedulefree,GRAIN + Schedule-Free AdamW,2150,4.79081916809082,120.39995608002641,1890.523285325151
485,18l_1024d,fineweb_edu,1337,rlb_fused_global_rational,GRAIN,schedule_free_adamw,Schedule-Free AdamW,rlb_schedulefree,GRAIN + Schedule-Free AdamW,2200,4.7794952392578125,119.04424601504093,1934.3662316410337
485,18l_1024d,fineweb_edu,1337,rlb_fused_global_rational,GRAIN,schedule_free_adamw,Schedule-Free AdamW,rlb_schedulefree,GRAIN + Schedule-Free AdamW,2250,4.768530368804932,117.74607144375135,1978.3760201651603
485,18l_1024d,fineweb_edu,1337,rlb_fused_global_rational,GRAIN,schedule_free_adamw,Schedule-Free AdamW,rlb_schedulefree,GRAIN + Schedule-Free AdamW,2300,4.757704734802246,116.47827032606136,2022.2193931781221
485,18l_1024d,fineweb_edu,1337,rlb_fused_global_rational,GRAIN,schedule_free_adamw,Schedule-Free AdamW,rlb_schedulefree,GRAIN + Schedule-Free AdamW,2350,4.749108791351318,115.48132070110644,2066.233422458172
485,18l_1024d,fineweb_edu,1337,rlb_fused_global_rational,GRAIN,schedule_free_adamw,Schedule-Free AdamW,rlb_schedulefree,GRAIN + Schedule-Free AdamW,2400,4.740396022796631,114.47952920751294,2110.0932617911603
485,18l_1024d,fineweb_edu,1337,rlb_fused_global_rational,GRAIN,schedule_free_adamw,Schedule-Free AdamW,rlb_schedulefree,GRAIN + Schedule-Free AdamW,2450,4.732093334197998,113.53297623040802,2154.1091787770856
485,18l_1024d,fineweb_edu,1337,rlb_fused_global_rational,GRAIN,schedule_free_adamw,Schedule-Free AdamW,rlb_schedulefree,GRAIN + Schedule-Free AdamW,2500,4.723669052124023,112.58055975907472,2197.965603804216
485,18l_1024d,fineweb_edu,1337,rlb_fused_global_rational,GRAIN,schedule_free_adamw,Schedule-Free AdamW,rlb_schedulefree,GRAIN + Schedule-Free AdamW,2550,4.715814590454102,111.6997636853783,2241.9801536099985
485,18l_1024d,fineweb_edu,1337,rlb_fused_global_rational,GRAIN,schedule_free_adamw,Schedule-Free AdamW,rlb_schedulefree,GRAIN + Schedule-Free AdamW,2600,4.708966255187988,110.93741962783534,2285.8372764762025
485,18l_1024d,fineweb_edu,1337,rlb_fused_global_rational,GRAIN,schedule_free_adamw,Schedule-Free AdamW,rlb_schedulefree,GRAIN + Schedule-Free AdamW,2650,4.7027587890625,110.25091229336829,2329.854841782013
485,18l_1024d,fineweb_edu,1337,rlb_fused_global_rational,GRAIN,schedule_free_adamw,Schedule-Free AdamW,rlb_schedulefree,GRAIN + Schedule-Free AdamW,2700,4.695996284484863,109.50785528924682,2373.7112760541495
485,18l_1024d,fineweb_edu,1337,rlb_fused_global_rational,GRAIN,schedule_free_adamw,Schedule-Free AdamW,rlb_schedulefree,GRAIN + Schedule-Free AdamW,2750,4.690299987792969,108.88583933106833,2417.7234478441533
485,18l_1024d,fineweb_edu,1337,rlb_fused_global_rational,GRAIN,schedule_free_adamw,Schedule-Free AdamW,rlb_schedulefree,GRAIN + Schedule-Free AdamW,2800,4.684786796569824,108.28718264808926,2461.583558479091
485,18l_1024d,fineweb_edu,1337,rlb_fused_global_rational,GRAIN,schedule_free_adamw,Schedule-Free AdamW,rlb_schedulefree,GRAIN + Schedule-Free AdamW,2850,4.679203987121582,107.68432034019379,2505.5935038710013
485,18l_1024d,fineweb_edu,1337,rlb_fused_global_rational,GRAIN,schedule_free_adamw,Schedule-Free AdamW,rlb_schedulefree,GRAIN + Schedule-Free AdamW,2900,4.674172401428223,107.14385828537515,2549.4357256460935
485,18l_1024d,fineweb_edu,1337,rlb_fused_global_rational,GRAIN,schedule_free_adamw,Schedule-Free AdamW,rlb_schedulefree,GRAIN + Schedule-Free AdamW,2950,4.668762683868408,106.56580523537833,2593.447341849096
485,18l_1024d,fineweb_edu,1337,rlb_fused_global_rational,GRAIN,schedule_free_adamw,Schedule-Free AdamW,rlb_schedulefree,GRAIN + Schedule-Free AdamW,3000,4.664676666259766,106.13126385514813,2637.2900077661034
485,18l_1024d,fineweb_edu,1337,rlb_fused_global_rational,GRAIN,schedule_free_adamw,Schedule-Free AdamW,rlb_schedulefree,GRAIN + Schedule-Free AdamW,3050,4.659783363342285,105.6131999875348,2681.318422334036
484,18l_1024d,fineweb_edu,1337,silu,SwiGLU,schedule_free_adamw,Schedule-Free AdamW,silu_schedulefree,SwiGLU + Schedule-Free AdamW,1,11.024505615234375,61359.520117173575,1.9885839439999984
484,18l_1024d,fineweb_edu,1337,silu,SwiGLU,schedule_free_adamw,Schedule-Free AdamW,silu_schedulefree,SwiGLU + Schedule-Free AdamW,50,8.645195007324219,5682.775332873015,38.21147018900001
484,18l_1024d,fineweb_edu,1337,silu,SwiGLU,schedule_free_adamw,Schedule-Free AdamW,silu_schedulefree,SwiGLU + Schedule-Free AdamW,100,7.495360374450684,1799.6732046884872,76.136104182
484,18l_1024d,fineweb_edu,1337,silu,SwiGLU,schedule_free_adamw,Schedule-Free AdamW,silu_schedulefree,SwiGLU + Schedule-Free AdamW,150,7.1196160316467285,1235.975766763122,114.229181315
484,18l_1024d,fineweb_edu,1337,silu,SwiGLU,schedule_free_adamw,Schedule-Free AdamW,silu_schedulefree,SwiGLU + Schedule-Free AdamW,200,6.808104038238525,905.1530434964774,152.452018314
484,18l_1024d,fineweb_edu,1337,silu,SwiGLU,schedule_free_adamw,Schedule-Free AdamW,silu_schedulefree,SwiGLU + Schedule-Free AdamW,250,6.547428131103516,697.4481200715821,190.57328821
484,18l_1024d,fineweb_edu,1337,silu,SwiGLU,schedule_free_adamw,Schedule-Free AdamW,silu_schedulefree,SwiGLU + Schedule-Free AdamW,300,6.381529331207275,590.8305927410175,228.81266425900003
484,18l_1024d,fineweb_edu,1337,silu,SwiGLU,schedule_free_adamw,Schedule-Free AdamW,silu_schedulefree,SwiGLU + Schedule-Free AdamW,350,6.215301513671875,500.34682785880784,267.032805526
484,18l_1024d,fineweb_edu,1337,silu,SwiGLU,schedule_free_adamw,Schedule-Free AdamW,silu_schedulefree,SwiGLU + Schedule-Free AdamW,400,6.084630012512207,439.0573368968604,305.256983388
484,18l_1024d,fineweb_edu,1337,silu,SwiGLU,schedule_free_adamw,Schedule-Free AdamW,silu_schedulefree,SwiGLU + Schedule-Free AdamW,450,5.981925964355469,396.20270609130284,343.57710224
484,18l_1024d,fineweb_edu,1337,silu,SwiGLU,schedule_free_adamw,Schedule-Free AdamW,silu_schedulefree,SwiGLU + Schedule-Free AdamW,500,5.8806071281433105,358.02654372784144,381.88823778200003
484,18l_1024d,fineweb_edu,1337,silu,SwiGLU,schedule_free_adamw,Schedule-Free AdamW,silu_schedulefree,SwiGLU + Schedule-Free AdamW,550,5.797363758087158,329.4299571113222,420.21904662199995
484,18l_1024d,fineweb_edu,1337,silu,SwiGLU,schedule_free_adamw,Schedule-Free AdamW,silu_schedulefree,SwiGLU + Schedule-Free AdamW,600,5.728063106536865,307.3733420238779,458.6276425
484,18l_1024d,fineweb_edu,1337,silu,SwiGLU,schedule_free_adamw,Schedule-Free AdamW,silu_schedulefree,SwiGLU + Schedule-Free AdamW,650,5.650506973266602,284.4356305377567,497.072778382
484,18l_1024d,fineweb_edu,1337,silu,SwiGLU,schedule_free_adamw,Schedule-Free AdamW,silu_schedulefree,SwiGLU + Schedule-Free AdamW,700,5.579263210296631,264.87637568702337,535.514179234
484,18l_1024d,fineweb_edu,1337,silu,SwiGLU,schedule_free_adamw,Schedule-Free AdamW,silu_schedulefree,SwiGLU + Schedule-Free AdamW,750,5.522805213928223,250.3363000092389,573.874671347
484,18l_1024d,fineweb_edu,1337,silu,SwiGLU,schedule_free_adamw,Schedule-Free AdamW,silu_schedulefree,SwiGLU + Schedule-Free AdamW,800,5.470405578613281,237.55652106988683,612.238196753
484,18l_1024d,fineweb_edu,1337,silu,SwiGLU,schedule_free_adamw,Schedule-Free AdamW,silu_schedulefree,SwiGLU + Schedule-Free AdamW,850,5.424979209899902,227.00662677572475,650.584216038
484,18l_1024d,fineweb_edu,1337,silu,SwiGLU,schedule_free_adamw,Schedule-Free AdamW,silu_schedulefree,SwiGLU + Schedule-Free AdamW,900,5.3776655197143555,216.51623210531838,688.899464343
484,18l_1024d,fineweb_edu,1337,silu,SwiGLU,schedule_free_adamw,Schedule-Free AdamW,silu_schedulefree,SwiGLU + Schedule-Free AdamW,950,5.332338809967041,206.92135839943973,727.232215286
484,18l_1024d,fineweb_edu,1337,silu,SwiGLU,schedule_free_adamw,Schedule-Free AdamW,silu_schedulefree,SwiGLU + Schedule-Free AdamW,1000,5.293218612670898,198.9828445408491,765.524849977
484,18l_1024d,fineweb_edu,1337,silu,SwiGLU,schedule_free_adamw,Schedule-Free AdamW,silu_schedulefree,SwiGLU + Schedule-Free AdamW,1050,5.254490852355957,191.42399796104235,803.84688912
484,18l_1024d,fineweb_edu,1337,silu,SwiGLU,schedule_free_adamw,Schedule-Free AdamW,silu_schedulefree,SwiGLU + Schedule-Free AdamW,1100,5.218677520751953,184.6897740991749,842.1597903210001
484,18l_1024d,fineweb_edu,1337,silu,SwiGLU,schedule_free_adamw,Schedule-Free AdamW,silu_schedulefree,SwiGLU + Schedule-Free AdamW,1150,5.180802345275879,177.82543116502927,880.5126095200001
484,18l_1024d,fineweb_edu,1337,silu,SwiGLU,schedule_free_adamw,Schedule-Free AdamW,silu_schedulefree,SwiGLU + Schedule-Free AdamW,1200,5.149674415588379,172.3753584498608,918.880604593
484,18l_1024d,fineweb_edu,1337,silu,SwiGLU,schedule_free_adamw,Schedule-Free AdamW,silu_schedulefree,SwiGLU + Schedule-Free AdamW,1250,5.119223594665527,167.2054999697532,957.193627803
484,18l_1024d,fineweb_edu,1337,silu,SwiGLU,schedule_free_adamw,Schedule-Free AdamW,silu_schedulefree,SwiGLU + Schedule-Free AdamW,1300,5.0914082527160645,162.61870911721653,995.44368227
484,18l_1024d,fineweb_edu,1337,silu,SwiGLU,schedule_free_adamw,Schedule-Free AdamW,silu_schedulefree,SwiGLU + Schedule-Free AdamW,1350,5.064963340759277,158.3746360733523,1033.655898181
484,18l_1024d,fineweb_edu,1337,silu,SwiGLU,schedule_free_adamw,Schedule-Free AdamW,silu_schedulefree,SwiGLU + Schedule-Free AdamW,1400,5.038761138916016,154.27876662519358,1071.87650726
484,18l_1024d,fineweb_edu,1337,silu,SwiGLU,schedule_free_adamw,Schedule-Free AdamW,silu_schedulefree,SwiGLU + Schedule-Free AdamW,1450,5.013091087341309,150.36882167628738,1110.053945669
484,18l_1024d,fineweb_edu,1337,silu,SwiGLU,schedule_free_adamw,Schedule-Free AdamW,silu_schedulefree,SwiGLU + Schedule-Free AdamW,1500,4.99191951751709,147.2187414048949,1148.299376125
484,18l_1024d,fineweb_edu,1337,silu,SwiGLU,schedule_free_adamw,Schedule-Free AdamW,silu_schedulefree,SwiGLU + Schedule-Free AdamW,1550,4.970498085021973,144.09864287496782,1186.522742017
484,18l_1024d,fineweb_edu,1337,silu,SwiGLU,schedule_free_adamw,Schedule-Free AdamW,silu_schedulefree,SwiGLU + Schedule-Free AdamW,1600,4.948495388031006,140.9627101009004,1224.835702243
484,18l_1024d,fineweb_edu,1337,silu,SwiGLU,schedule_free_adamw,Schedule-Free AdamW,silu_schedulefree,SwiGLU + Schedule-Free AdamW,1650,4.930262565612793,138.415850811824,1263.174078349
484,18l_1024d,fineweb_edu,1337,silu,SwiGLU,schedule_free_adamw,Schedule-Free AdamW,silu_schedulefree,SwiGLU + Schedule-Free AdamW,1700,4.912589073181152,135.99104978705506,1301.57701046
484,18l_1024d,fineweb_edu,1337,silu,SwiGLU,schedule_free_adamw,Schedule-Free AdamW,silu_schedulefree,SwiGLU + Schedule-Free AdamW,1750,4.8934760093688965,133.41652606694504,1339.96337799
484,18l_1024d,fineweb_edu,1337,silu,SwiGLU,schedule_free_adamw,Schedule-Free AdamW,silu_schedulefree,SwiGLU + Schedule-Free AdamW,1800,4.878039360046387,131.37283638313957,1378.370429069
484,18l_1024d,fineweb_edu,1337,silu,SwiGLU,schedule_free_adamw,Schedule-Free AdamW,silu_schedulefree,SwiGLU + Schedule-Free AdamW,1850,4.861117839813232,129.1685111395282,1416.720616279
484,18l_1024d,fineweb_edu,1337,silu,SwiGLU,schedule_free_adamw,Schedule-Free AdamW,silu_schedulefree,SwiGLU + Schedule-Free AdamW,1900,4.8457560539245605,127.19941526530214,1455.030369794
484,18l_1024d,fineweb_edu,1337,silu,SwiGLU,schedule_free_adamw,Schedule-Free AdamW,silu_schedulefree,SwiGLU + Schedule-Free AdamW,1950,4.831475257873535,125.39581543102985,1493.409007832
484,18l_1024d,fineweb_edu,1337,silu,SwiGLU,schedule_free_adamw,Schedule-Free AdamW,silu_schedulefree,SwiGLU + Schedule-Free AdamW,2000,4.817409515380859,123.64437670064196,1531.746692778
484,18l_1024d,fineweb_edu,1337,silu,SwiGLU,schedule_free_adamw,Schedule-Free AdamW,silu_schedulefree,SwiGLU + Schedule-Free AdamW,2050,4.804052352905273,122.00381965677899,1570.04052106
484,18l_1024d,fineweb_edu,1337,silu,SwiGLU,schedule_free_adamw,Schedule-Free AdamW,silu_schedulefree,SwiGLU + Schedule-Free AdamW,2100,4.792059421539307,120.5493751803761,1608.33102866
484,18l_1024d,fineweb_edu,1337,silu,SwiGLU,schedule_free_adamw,Schedule-Free AdamW,silu_schedulefree,SwiGLU + Schedule-Free AdamW,2150,4.780360698699951,119.14731857791469,1646.720029699
484,18l_1024d,fineweb_edu,1337,silu,SwiGLU,schedule_free_adamw,Schedule-Free AdamW,silu_schedulefree,SwiGLU + Schedule-Free AdamW,2200,4.76934814453125,117.84240070534493,1685.071711952
484,18l_1024d,fineweb_edu,1337,silu,SwiGLU,schedule_free_adamw,Schedule-Free AdamW,silu_schedulefree,SwiGLU + Schedule-Free AdamW,2250,4.758359909057617,116.55460889489093,1723.4329317680001
484,18l_1024d,fineweb_edu,1337,silu,SwiGLU,schedule_free_adamw,Schedule-Free AdamW,silu_schedulefree,SwiGLU + Schedule-Free AdamW,2300,4.747385501861572,115.2824843304016,1761.795792311
484,18l_1024d,fineweb_edu,1337,silu,SwiGLU,schedule_free_adamw,Schedule-Free AdamW,silu_schedulefree,SwiGLU + Schedule-Free AdamW,2350,4.7390947341918945,114.33065518572168,1800.118651133
484,18l_1024d,fineweb_edu,1337,silu,SwiGLU,schedule_free_adamw,Schedule-Free AdamW,silu_schedulefree,SwiGLU + Schedule-Free AdamW,2400,4.730280876159668,113.32738884056195,1838.439743501
484,18l_1024d,fineweb_edu,1337,silu,SwiGLU,schedule_free_adamw,Schedule-Free AdamW,silu_schedulefree,SwiGLU + Schedule-Free AdamW,2450,4.72149133682251,112.33565811125334,1876.733571116
484,18l_1024d,fineweb_edu,1337,silu,SwiGLU,schedule_free_adamw,Schedule-Free AdamW,silu_schedulefree,SwiGLU + Schedule-Free AdamW,2500,4.713325500488281,111.42207865927864,1915.073377631
484,18l_1024d,fineweb_edu,1337,silu,SwiGLU,schedule_free_adamw,Schedule-Free AdamW,silu_schedulefree,SwiGLU + Schedule-Free AdamW,2550,4.705239295959473,110.52472990454802,1953.32758322
484,18l_1024d,fineweb_edu,1337,silu,SwiGLU,schedule_free_adamw,Schedule-Free AdamW,silu_schedulefree,SwiGLU + Schedule-Free AdamW,2600,4.698229789733887,109.75271500478347,1991.6094553599999
484,18l_1024d,fineweb_edu,1337,silu,SwiGLU,schedule_free_adamw,Schedule-Free AdamW,silu_schedulefree,SwiGLU + Schedule-Free AdamW,2650,4.6914963722229,109.01618661106463,2029.9334399890001
484,18l_1024d,fineweb_edu,1337,silu,SwiGLU,schedule_free_adamw,Schedule-Free AdamW,silu_schedulefree,SwiGLU + Schedule-Free AdamW,2700,4.684626579284668,108.2698345594371,2068.2714439849997
484,18l_1024d,fineweb_edu,1337,silu,SwiGLU,schedule_free_adamw,Schedule-Free AdamW,silu_schedulefree,SwiGLU + Schedule-Free AdamW,2750,4.678397178649902,107.59747475686336,2106.65244789
484,18l_1024d,fineweb_edu,1337,silu,SwiGLU,schedule_free_adamw,Schedule-Free AdamW,silu_schedulefree,SwiGLU + Schedule-Free AdamW,2800,4.672910213470459,107.00870790823082,2145.0333614009996
484,18l_1024d,fineweb_edu,1337,silu,SwiGLU,schedule_free_adamw,Schedule-Free AdamW,silu_schedulefree,SwiGLU + Schedule-Free AdamW,2850,4.667549133300781,106.43656068020854,2183.4525578430002
484,18l_1024d,fineweb_edu,1337,silu,SwiGLU,schedule_free_adamw,Schedule-Free AdamW,silu_schedulefree,SwiGLU + Schedule-Free AdamW,2900,4.662522792816162,105.90291654827305,2221.819076791
484,18l_1024d,fineweb_edu,1337,silu,SwiGLU,schedule_free_adamw,Schedule-Free AdamW,silu_schedulefree,SwiGLU + Schedule-Free AdamW,2950,4.657279968261719,105.3491390845314,2260.2420923769996
484,18l_1024d,fineweb_edu,1337,silu,SwiGLU,schedule_free_adamw,Schedule-Free AdamW,silu_schedulefree,SwiGLU + Schedule-Free AdamW,3000,4.652918815612793,104.89069580473198,2298.606577226
484,18l_1024d,fineweb_edu,1337,silu,SwiGLU,schedule_free_adamw,Schedule-Free AdamW,silu_schedulefree,SwiGLU + Schedule-Free AdamW,3050,4.648155212402344,104.3922263474058,2336.9467231010003
499,18l_1024d,fineweb_edu,2027,rlb_fused_global_rational,GRAIN,schedule_free_adamw,Schedule-Free AdamW,rlb_schedulefree,GRAIN + Schedule-Free AdamW,1,11.011285781860352,60553.69565360735,2.2238806900568306
499,18l_1024d,fineweb_edu,2027,rlb_fused_global_rational,GRAIN,schedule_free_adamw,Schedule-Free AdamW,rlb_schedulefree,GRAIN + Schedule-Free AdamW,50,8.54356575012207,5133.616959829257,46.06525977887213
499,18l_1024d,fineweb_edu,2027,rlb_fused_global_rational,GRAIN,schedule_free_adamw,Schedule-Free AdamW,rlb_schedulefree,GRAIN + Schedule-Free AdamW,100,7.383598804473877,1609.3711706927263,91.33599651488476
499,18l_1024d,fineweb_edu,2027,rlb_fused_global_rational,GRAIN,schedule_free_adamw,Schedule-Free AdamW,rlb_schedulefree,GRAIN + Schedule-Free AdamW,150,7.046953201293945,1149.3515598109752,136.80978155508637
499,18l_1024d,fineweb_edu,2027,rlb_fused_global_rational,GRAIN,schedule_free_adamw,Schedule-Free AdamW,rlb_schedulefree,GRAIN + Schedule-Free AdamW,200,6.7405548095703125,846.0299912012099,182.2265934420284
499,18l_1024d,fineweb_edu,2027,rlb_fused_global_rational,GRAIN,schedule_free_adamw,Schedule-Free AdamW,rlb_schedulefree,GRAIN + Schedule-Free AdamW,250,6.505392551422119,668.7381319407702,227.74540471704677
499,18l_1024d,fineweb_edu,2027,rlb_fused_global_rational,GRAIN,schedule_free_adamw,Schedule-Free AdamW,rlb_schedulefree,GRAIN + Schedule-Free AdamW,300,6.35075569152832,572.9255004116982,273.0928356179502
499,18l_1024d,fineweb_edu,2027,rlb_fused_global_rational,GRAIN,schedule_free_adamw,Schedule-Free AdamW,rlb_schedulefree,GRAIN + Schedule-Free AdamW,350,6.209979057312012,497.6908281939342,318.55169039592147
499,18l_1024d,fineweb_edu,2027,rlb_fused_global_rational,GRAIN,schedule_free_adamw,Schedule-Free AdamW,rlb_schedulefree,GRAIN + Schedule-Free AdamW,400,6.094720840454102,443.5102177831331,363.8689146558754
499,18l_1024d,fineweb_edu,2027,rlb_fused_global_rational,GRAIN,schedule_free_adamw,Schedule-Free AdamW,rlb_schedulefree,GRAIN + Schedule-Free AdamW,450,5.99874210357666,402.92164089591955,409.3755704499781
499,18l_1024d,fineweb_edu,2027,rlb_fused_global_rational,GRAIN,schedule_free_adamw,Schedule-Free AdamW,rlb_schedulefree,GRAIN + Schedule-Free AdamW,500,5.910582542419434,368.92100495860143,454.8287856138777
499,18l_1024d,fineweb_edu,2027,rlb_fused_global_rational,GRAIN,schedule_free_adamw,Schedule-Free AdamW,rlb_schedulefree,GRAIN + Schedule-Free AdamW,550,5.817939281463623,336.27836406786736,500.53310173307545
499,18l_1024d,fineweb_edu,2027,rlb_fused_global_rational,GRAIN,schedule_free_adamw,Schedule-Free AdamW,rlb_schedulefree,GRAIN + Schedule-Free AdamW,600,5.744491100311279,312.4645742377594,546.2459852560423
499,18l_1024d,fineweb_edu,2027,rlb_fused_global_rational,GRAIN,schedule_free_adamw,Schedule-Free AdamW,rlb_schedulefree,GRAIN + Schedule-Free AdamW,650,5.676337242126465,291.87838976933546,592.2022769569885
499,18l_1024d,fineweb_edu,2027,rlb_fused_global_rational,GRAIN,schedule_free_adamw,Schedule-Free AdamW,rlb_schedulefree,GRAIN + Schedule-Free AdamW,700,5.6047210693359375,271.70612769301613,638.101012394065
499,18l_1024d,fineweb_edu,2027,rlb_fused_global_rational,GRAIN,schedule_free_adamw,Schedule-Free AdamW,rlb_schedulefree,GRAIN + Schedule-Free AdamW,750,5.552870750427246,257.97708171843425,684.2816375819966
499,18l_1024d,fineweb_edu,2027,rlb_fused_global_rational,GRAIN,schedule_free_adamw,Schedule-Free AdamW,rlb_schedulefree,GRAIN + Schedule-Free AdamW,800,5.494560241699219,243.36448107474442,730.37080710195
499,18l_1024d,fineweb_edu,2027,rlb_fused_global_rational,GRAIN,schedule_free_adamw,Schedule-Free AdamW,rlb_schedulefree,GRAIN + Schedule-Free AdamW,850,5.444793701171875,231.54950639268228,776.6958279269747
499,18l_1024d,fineweb_edu,2027,rlb_fused_global_rational,GRAIN,schedule_free_adamw,Schedule-Free AdamW,rlb_schedulefree,GRAIN + Schedule-Free AdamW,900,5.3936591148376465,220.00694517638647,822.7640577619895
499,18l_1024d,fineweb_edu,2027,rlb_fused_global_rational,GRAIN,schedule_free_adamw,Schedule-Free AdamW,rlb_schedulefree,GRAIN + Schedule-Free AdamW,950,5.348799705505371,210.3556575379515,868.7548604749609
499,18l_1024d,fineweb_edu,2027,rlb_fused_global_rational,GRAIN,schedule_free_adamw,Schedule-Free AdamW,rlb_schedulefree,GRAIN + Schedule-Free AdamW,1000,5.304764270782471,201.2935460503861,914.4377664080821
499,18l_1024d,fineweb_edu,2027,rlb_fused_global_rational,GRAIN,schedule_free_adamw,Schedule-Free AdamW,rlb_schedulefree,GRAIN + Schedule-Free AdamW,1050,5.2701215744018555,194.43959988656303,960.0753102339804
499,18l_1024d,fineweb_edu,2027,rlb_fused_global_rational,GRAIN,schedule_free_adamw,Schedule-Free AdamW,rlb_schedulefree,GRAIN + Schedule-Free AdamW,1100,5.232568740844727,187.27324262166445,1005.5327673549764
499,18l_1024d,fineweb_edu,2027,rlb_fused_global_rational,GRAIN,schedule_free_adamw,Schedule-Free AdamW,rlb_schedulefree,GRAIN + Schedule-Free AdamW,1150,5.195767402648926,180.50661091117738,1051.0626844430808
499,18l_1024d,fineweb_edu,2027,rlb_fused_global_rational,GRAIN,schedule_free_adamw,Schedule-Free AdamW,rlb_schedulefree,GRAIN + Schedule-Free AdamW,1200,5.163435459136963,174.76381943092625,1096.4134952190798
499,18l_1024d,fineweb_edu,2027,rlb_fused_global_rational,GRAIN,schedule_free_adamw,Schedule-Free AdamW,rlb_schedulefree,GRAIN + Schedule-Free AdamW,1250,5.131122589111328,169.20696135931445,1141.875094762072
499,18l_1024d,fineweb_edu,2027,rlb_fused_global_rational,GRAIN,schedule_free_adamw,Schedule-Free AdamW,rlb_schedulefree,GRAIN + Schedule-Free AdamW,1300,5.102856636047363,164.49112807025077,1187.2047999410424
499,18l_1024d,fineweb_edu,2027,rlb_fused_global_rational,GRAIN,schedule_free_adamw,Schedule-Free AdamW,rlb_schedulefree,GRAIN + Schedule-Free AdamW,1350,5.078516960144043,160.53579831230059,1232.6107217520475
499,18l_1024d,fineweb_edu,2027,rlb_fused_global_rational,GRAIN,schedule_free_adamw,Schedule-Free AdamW,rlb_schedulefree,GRAIN + Schedule-Free AdamW,1400,5.049437999725342,155.9348044532894,1277.9579521170817
499,18l_1024d,fineweb_edu,2027,rlb_fused_global_rational,GRAIN,schedule_free_adamw,Schedule-Free AdamW,rlb_schedulefree,GRAIN + Schedule-Free AdamW,1450,5.026045322418213,152.3294062598858,1323.4528920180164
499,18l_1024d,fineweb_edu,2027,rlb_fused_global_rational,GRAIN,schedule_free_adamw,Schedule-Free AdamW,rlb_schedulefree,GRAIN + Schedule-Free AdamW,1500,5.006205081939697,149.3369380136331,1368.9299238228705
499,18l_1024d,fineweb_edu,2027,rlb_fused_global_rational,GRAIN,schedule_free_adamw,Schedule-Free AdamW,rlb_schedulefree,GRAIN + Schedule-Free AdamW,1550,4.980965614318848,145.61492164235287,1414.653790623881
499,18l_1024d,fineweb_edu,2027,rlb_fused_global_rational,GRAIN,schedule_free_adamw,Schedule-Free AdamW,rlb_schedulefree,GRAIN + Schedule-Free AdamW,1600,4.960175514221191,142.61882533246936,1460.349018214969
499,18l_1024d,fineweb_edu,2027,rlb_fused_global_rational,GRAIN,schedule_free_adamw,Schedule-Free AdamW,rlb_schedulefree,GRAIN + Schedule-Free AdamW,1650,4.939417839050293,139.6889044590463,1506.3294881689362
499,18l_1024d,fineweb_edu,2027,rlb_fused_global_rational,GRAIN,schedule_free_adamw,Schedule-Free AdamW,rlb_schedulefree,GRAIN + Schedule-Free AdamW,1700,4.92238187789917,137.32932562304978,1552.258212822955
499,18l_1024d,fineweb_edu,2027,rlb_fused_global_rational,GRAIN,schedule_free_adamw,Schedule-Free AdamW,rlb_schedulefree,GRAIN + Schedule-Free AdamW,1750,4.903675079345703,134.7842132654209,1598.430105597945
499,18l_1024d,fineweb_edu,2027,rlb_fused_global_rational,GRAIN,schedule_free_adamw,Schedule-Free AdamW,rlb_schedulefree,GRAIN + Schedule-Free AdamW,1800,4.885190010070801,132.3156042432265,1644.5419026080053
499,18l_1024d,fineweb_edu,2027,rlb_fused_global_rational,GRAIN,schedule_free_adamw,Schedule-Free AdamW,rlb_schedulefree,GRAIN + Schedule-Free AdamW,1850,4.869519233703613,130.2582780504303,1690.8742013468873
499,18l_1024d,fineweb_edu,2027,rlb_fused_global_rational,GRAIN,schedule_free_adamw,Schedule-Free AdamW,rlb_schedulefree,GRAIN + Schedule-Free AdamW,1900,4.854020118713379,128.25495499118222,1736.9870386528783
499,18l_1024d,fineweb_edu,2027,rlb_fused_global_rational,GRAIN,schedule_free_adamw,Schedule-Free AdamW,rlb_schedulefree,GRAIN + Schedule-Free AdamW,1950,4.838798522949219,126.3174929520702,1783.002083459869
499,18l_1024d,fineweb_edu,2027,rlb_fused_global_rational,GRAIN,schedule_free_adamw,Schedule-Free AdamW,rlb_schedulefree,GRAIN + Schedule-Free AdamW,2000,4.824319839477539,124.5017583972281,1828.6978471279144
499,18l_1024d,fineweb_edu,2027,rlb_fused_global_rational,GRAIN,schedule_free_adamw,Schedule-Free AdamW,rlb_schedulefree,GRAIN + Schedule-Free AdamW,2050,4.8125834465026855,123.04909800566058,1874.3867376570124
499,18l_1024d,fineweb_edu,2027,rlb_fused_global_rational,GRAIN,schedule_free_adamw,Schedule-Free AdamW,rlb_schedulefree,GRAIN + Schedule-Free AdamW,2100,4.799032211303711,121.39287799606369,1919.85371424607
499,18l_1024d,fineweb_edu,2027,rlb_fused_global_rational,GRAIN,schedule_free_adamw,Schedule-Free AdamW,rlb_schedulefree,GRAIN + Schedule-Free AdamW,2150,4.786947250366211,119.93467869519115,1965.4125199748669
499,18l_1024d,fineweb_edu,2027,rlb_fused_global_rational,GRAIN,schedule_free_adamw,Schedule-Free AdamW,rlb_schedulefree,GRAIN + Schedule-Free AdamW,2200,4.776003837585449,118.62933945961142,2010.817048008088
499,18l_1024d,fineweb_edu,2027,rlb_fused_global_rational,GRAIN,schedule_free_adamw,Schedule-Free AdamW,rlb_schedulefree,GRAIN + Schedule-Free AdamW,2250,4.766371250152588,117.49211796116404,2056.270796302939
499,18l_1024d,fineweb_edu,2027,rlb_fused_global_rational,GRAIN,schedule_free_adamw,Schedule-Free AdamW,rlb_schedulefree,GRAIN + Schedule-Free AdamW,2300,4.755239486694336,116.19147614518133,2101.611319514923
499,18l_1024d,fineweb_edu,2027,rlb_fused_global_rational,GRAIN,schedule_free_adamw,Schedule-Free AdamW,rlb_schedulefree,GRAIN + Schedule-Free AdamW,2350,4.745665550231934,115.08437445215066,2147.051020303974
499,18l_1024d,fineweb_edu,2027,rlb_fused_global_rational,GRAIN,schedule_free_adamw,Schedule-Free AdamW,rlb_schedulefree,GRAIN + Schedule-Free AdamW,2400,4.73630428314209,114.01206579970493,2192.387136592064
499,18l_1024d,fineweb_edu,2027,rlb_fused_global_rational,GRAIN,schedule_free_adamw,Schedule-Free AdamW,rlb_schedulefree,GRAIN + Schedule-Free AdamW,2450,4.728304862976074,113.10367353114489,2237.8580663490575
499,18l_1024d,fineweb_edu,2027,rlb_fused_global_rational,GRAIN,schedule_free_adamw,Schedule-Free AdamW,rlb_schedulefree,GRAIN + Schedule-Free AdamW,2500,4.719595909118652,112.12293565644163,2283.293046965031
499,18l_1024d,fineweb_edu,2027,rlb_fused_global_rational,GRAIN,schedule_free_adamw,Schedule-Free AdamW,rlb_schedulefree,GRAIN + Schedule-Free AdamW,2550,4.71181583404541,111.25399539288833,2328.9208961930126
499,18l_1024d,fineweb_edu,2027,rlb_fused_global_rational,GRAIN,schedule_free_adamw,Schedule-Free AdamW,rlb_schedulefree,GRAIN + Schedule-Free AdamW,2600,4.704829692840576,110.47946790082568,2374.5615134190302
499,18l_1024d,fineweb_edu,2027,rlb_fused_global_rational,GRAIN,schedule_free_adamw,Schedule-Free AdamW,rlb_schedulefree,GRAIN + Schedule-Free AdamW,2650,4.697954177856445,109.72247002107653,2420.437653769972
499,18l_1024d,fineweb_edu,2027,rlb_fused_global_rational,GRAIN,schedule_free_adamw,Schedule-Free AdamW,rlb_schedulefree,GRAIN + Schedule-Free AdamW,2700,4.690790176391602,108.9392270120082,2466.3159770530183
499,18l_1024d,fineweb_edu,2027,rlb_fused_global_rational,GRAIN,schedule_free_adamw,Schedule-Free AdamW,rlb_schedulefree,GRAIN + Schedule-Free AdamW,2750,4.684471130371094,108.25300543935008,2512.4061894679908
499,18l_1024d,fineweb_edu,2027,rlb_fused_global_rational,GRAIN,schedule_free_adamw,Schedule-Free AdamW,rlb_schedulefree,GRAIN + Schedule-Free AdamW,2800,4.67838716506958,107.5963973263019,2558.5075055209454
499,18l_1024d,fineweb_edu,2027,rlb_fused_global_rational,GRAIN,schedule_free_adamw,Schedule-Free AdamW,rlb_schedulefree,GRAIN + Schedule-Free AdamW,2850,4.67263650894165,106.97942314812293,2604.820197111927
499,18l_1024d,fineweb_edu,2027,rlb_fused_global_rational,GRAIN,schedule_free_adamw,Schedule-Free AdamW,rlb_schedulefree,GRAIN + Schedule-Free AdamW,2900,4.667407989501953,106.42153887984186,2650.9421965780202
499,18l_1024d,fineweb_edu,2027,rlb_fused_global_rational,GRAIN,schedule_free_adamw,Schedule-Free AdamW,rlb_schedulefree,GRAIN + Schedule-Free AdamW,2950,4.662354469299316,105.88509209709467,2697.1153322819155
499,18l_1024d,fineweb_edu,2027,rlb_fused_global_rational,GRAIN,schedule_free_adamw,Schedule-Free AdamW,rlb_schedulefree,GRAIN + Schedule-Free AdamW,3000,4.657219886779785,105.34280974227481,2742.9636884219944
499,18l_1024d,fineweb_edu,2027,rlb_fused_global_rational,GRAIN,schedule_free_adamw,Schedule-Free AdamW,rlb_schedulefree,GRAIN + Schedule-Free AdamW,3050,4.651999473571777,104.79430969105925,2788.7688193479553
498,18l_1024d,fineweb_edu,2027,silu,SwiGLU,schedule_free_adamw,Schedule-Free AdamW,silu_schedulefree,SwiGLU + Schedule-Free AdamW,1,11.021980285644531,61204.76259452311,1.6045288950044778
498,18l_1024d,fineweb_edu,2027,silu,SwiGLU,schedule_free_adamw,Schedule-Free AdamW,silu_schedulefree,SwiGLU + Schedule-Free AdamW,50,8.684861183166504,5912.719655620958,35.40252446200611
498,18l_1024d,fineweb_edu,2027,silu,SwiGLU,schedule_free_adamw,Schedule-Free AdamW,silu_schedulefree,SwiGLU + Schedule-Free AdamW,100,7.527393817901611,1858.2562331313832,70.0156210980058
498,18l_1024d,fineweb_edu,2027,silu,SwiGLU,schedule_free_adamw,Schedule-Free AdamW,silu_schedulefree,SwiGLU + Schedule-Free AdamW,150,7.153841495513916,1279.009840580815,104.86513411400665
498,18l_1024d,fineweb_edu,2027,silu,SwiGLU,schedule_free_adamw,Schedule-Free AdamW,silu_schedulefree,SwiGLU + Schedule-Free AdamW,200,6.828089714050293,923.4251204944223,139.61781318400608
498,18l_1024d,fineweb_edu,2027,silu,SwiGLU,schedule_free_adamw,Schedule-Free AdamW,silu_schedulefree,SwiGLU + Schedule-Free AdamW,250,6.5632829666137695,708.5941712096205,174.4005593710026
498,18l_1024d,fineweb_edu,2027,silu,SwiGLU,schedule_free_adamw,Schedule-Free AdamW,silu_schedulefree,SwiGLU + Schedule-Free AdamW,300,6.374742031097412,586.8340264839144,209.2179524200037
498,18l_1024d,fineweb_edu,2027,silu,SwiGLU,schedule_free_adamw,Schedule-Free AdamW,silu_schedulefree,SwiGLU + Schedule-Free AdamW,350,6.255772590637207,521.0117481009335,244.0073357190049
498,18l_1024d,fineweb_edu,2027,silu,SwiGLU,schedule_free_adamw,Schedule-Free AdamW,silu_schedulefree,SwiGLU + Schedule-Free AdamW,400,6.101043701171875,446.32335528328747,278.79930376400443
498,18l_1024d,fineweb_edu,2027,silu,SwiGLU,schedule_free_adamw,Schedule-Free AdamW,silu_schedulefree,SwiGLU + Schedule-Free AdamW,450,5.991555213928223,400.03626837224044,313.61325261000457
498,18l_1024d,fineweb_edu,2027,silu,SwiGLU,schedule_free_adamw,Schedule-Free AdamW,silu_schedulefree,SwiGLU + Schedule-Free AdamW,500,5.907179832458496,367.66780712377977,348.4339293930025
498,18l_1024d,fineweb_edu,2027,silu,SwiGLU,schedule_free_adamw,Schedule-Free AdamW,silu_schedulefree,SwiGLU + Schedule-Free AdamW,550,5.817756652832031,336.21695561804495,383.34493192800437
498,18l_1024d,fineweb_edu,2027,silu,SwiGLU,schedule_free_adamw,Schedule-Free AdamW,silu_schedulefree,SwiGLU + Schedule-Free AdamW,600,5.729376792907715,307.77739953837283,418.1912925850047
498,18l_1024d,fineweb_edu,2027,silu,SwiGLU,schedule_free_adamw,Schedule-Free AdamW,silu_schedulefree,SwiGLU + Schedule-Free AdamW,650,5.668938636779785,289.7268657073342,453.0173650650031
498,18l_1024d,fineweb_edu,2027,silu,SwiGLU,schedule_free_adamw,Schedule-Free AdamW,silu_schedulefree,SwiGLU + Schedule-Free AdamW,700,5.604257106781006,271.5800954631996,487.8404273790002
498,18l_1024d,fineweb_edu,2027,silu,SwiGLU,schedule_free_adamw,Schedule-Free AdamW,silu_schedulefree,SwiGLU + Schedule-Free AdamW,750,5.536773681640625,253.85765121706143,522.7309828460056
498,18l_1024d,fineweb_edu,2027,silu,SwiGLU,schedule_free_adamw,Schedule-Free AdamW,silu_schedulefree,SwiGLU + Schedule-Free AdamW,800,5.482375144958496,240.41705513326346,557.5625131810011
498,18l_1024d,fineweb_edu,2027,silu,SwiGLU,schedule_free_adamw,Schedule-Free AdamW,silu_schedulefree,SwiGLU + Schedule-Free AdamW,850,5.4293293952941895,227.99629875550517,592.393273421003
498,18l_1024d,fineweb_edu,2027,silu,SwiGLU,schedule_free_adamw,Schedule-Free AdamW,silu_schedulefree,SwiGLU + Schedule-Free AdamW,900,5.378691673278809,216.73852504249408,627.2006205370053
498,18l_1024d,fineweb_edu,2027,silu,SwiGLU,schedule_free_adamw,Schedule-Free AdamW,silu_schedulefree,SwiGLU + Schedule-Free AdamW,950,5.334937572479248,207.45979720288005,662.1477103590005
498,18l_1024d,fineweb_edu,2027,silu,SwiGLU,schedule_free_adamw,Schedule-Free AdamW,silu_schedulefree,SwiGLU + Schedule-Free AdamW,1000,5.292956352233887,198.93066605555725,696.9826068300026
498,18l_1024d,fineweb_edu,2027,silu,SwiGLU,schedule_free_adamw,Schedule-Free AdamW,silu_schedulefree,SwiGLU + Schedule-Free AdamW,1050,5.253748893737793,191.28202195270637,731.8307743230034
498,18l_1024d,fineweb_edu,2027,silu,SwiGLU,schedule_free_adamw,Schedule-Free AdamW,silu_schedulefree,SwiGLU + Schedule-Free AdamW,1100,5.217864036560059,184.53959298080545,766.6677636550012
498,18l_1024d,fineweb_edu,2027,silu,SwiGLU,schedule_free_adamw,Schedule-Free AdamW,silu_schedulefree,SwiGLU + Schedule-Free AdamW,1150,5.186881065368652,178.90967425294136,801.5023016560008
498,18l_1024d,fineweb_edu,2027,silu,SwiGLU,schedule_free_adamw,Schedule-Free AdamW,silu_schedulefree,SwiGLU + Schedule-Free AdamW,1200,5.152671813964844,172.8928111880029,836.3391439530023
498,18l_1024d,fineweb_edu,2027,silu,SwiGLU,schedule_free_adamw,Schedule-Free AdamW,silu_schedulefree,SwiGLU + Schedule-Free AdamW,1250,5.118960857391357,167.16157462313052,871.1520914120047
498,18l_1024d,fineweb_edu,2027,silu,SwiGLU,schedule_free_adamw,Schedule-Free AdamW,silu_schedulefree,SwiGLU + Schedule-Free AdamW,1300,5.091064929962158,162.56288799704438,905.9788013770012
498,18l_1024d,fineweb_edu,2027,silu,SwiGLU,schedule_free_adamw,Schedule-Free AdamW,silu_schedulefree,SwiGLU + Schedule-Free AdamW,1350,5.0675554275512695,158.78568938848645,940.9174792490012
498,18l_1024d,fineweb_edu,2027,silu,SwiGLU,schedule_free_adamw,Schedule-Free AdamW,silu_schedulefree,SwiGLU + Schedule-Free AdamW,1400,5.039515495300293,154.39519170523593,975.7230993170015
498,18l_1024d,fineweb_edu,2027,silu,SwiGLU,schedule_free_adamw,Schedule-Free AdamW,silu_schedulefree,SwiGLU + Schedule-Free AdamW,1450,5.015954971313477,150.80007777355488,1010.5326169960026
498,18l_1024d,fineweb_edu,2027,silu,SwiGLU,schedule_free_adamw,Schedule-Free AdamW,silu_schedulefree,SwiGLU + Schedule-Free AdamW,1500,4.994922637939453,147.6615215420225,1045.3598549330054
498,18l_1024d,fineweb_edu,2027,silu,SwiGLU,schedule_free_adamw,Schedule-Free AdamW,silu_schedulefree,SwiGLU + Schedule-Free AdamW,1550,4.97043514251709,144.0895732308711,1080.2020135600033
498,18l_1024d,fineweb_edu,2027,silu,SwiGLU,schedule_free_adamw,Schedule-Free AdamW,silu_schedulefree,SwiGLU + Schedule-Free AdamW,1600,4.950537204742432,141.2508241560226,1115.0251893510067
498,18l_1024d,fineweb_edu,2027,silu,SwiGLU,schedule_free_adamw,Schedule-Free AdamW,silu_schedulefree,SwiGLU + Schedule-Free AdamW,1650,4.9303178787231445,138.42350723480268,1149.9044587120006
498,18l_1024d,fineweb_edu,2027,silu,SwiGLU,schedule_free_adamw,Schedule-Free AdamW,silu_schedulefree,SwiGLU + Schedule-Free AdamW,1700,4.912364959716797,135.96057577671152,1184.8069009970059
498,18l_1024d,fineweb_edu,2027,silu,SwiGLU,schedule_free_adamw,Schedule-Free AdamW,silu_schedulefree,SwiGLU + Schedule-Free AdamW,1750,4.893009185791016,133.35425862198457,1219.7718519410046
498,18l_1024d,fineweb_edu,2027,silu,SwiGLU,schedule_free_adamw,Schedule-Free AdamW,silu_schedulefree,SwiGLU + Schedule-Free AdamW,1800,4.874859809875488,130.95579321494728,1254.6357806910019
498,18l_1024d,fineweb_edu,2027,silu,SwiGLU,schedule_free_adamw,Schedule-Free AdamW,silu_schedulefree,SwiGLU + Schedule-Free AdamW,1850,4.859467506408691,128.95551583575505,1289.4875224070056
498,18l_1024d,fineweb_edu,2027,silu,SwiGLU,schedule_free_adamw,Schedule-Free AdamW,silu_schedulefree,SwiGLU + Schedule-Free AdamW,1900,4.843671798706055,126.93457531314542,1324.3277389110008
498,18l_1024d,fineweb_edu,2027,silu,SwiGLU,schedule_free_adamw,Schedule-Free AdamW,silu_schedulefree,SwiGLU + Schedule-Free AdamW,1950,4.829574108123779,125.1576456778222,1359.1634433730069
498,18l_1024d,fineweb_edu,2027,silu,SwiGLU,schedule_free_adamw,Schedule-Free AdamW,silu_schedulefree,SwiGLU + Schedule-Free AdamW,2000,4.814802169799805,123.3224129991456,1394.0072721540055
498,18l_1024d,fineweb_edu,2027,silu,SwiGLU,schedule_free_adamw,Schedule-Free AdamW,silu_schedulefree,SwiGLU + Schedule-Free AdamW,2050,4.802718639373779,121.84120997308058,1428.8696824610015
498,18l_1024d,fineweb_edu,2027,silu,SwiGLU,schedule_free_adamw,Schedule-Free AdamW,silu_schedulefree,SwiGLU + Schedule-Free AdamW,2100,4.789066314697266,120.18909746453606,1463.707619741006
498,18l_1024d,fineweb_edu,2027,silu,SwiGLU,schedule_free_adamw,Schedule-Free AdamW,silu_schedulefree,SwiGLU + Schedule-Free AdamW,2150,4.777106285095215,118.7601941964699,1498.570946016007
498,18l_1024d,fineweb_edu,2027,silu,SwiGLU,schedule_free_adamw,Schedule-Free AdamW,silu_schedulefree,SwiGLU + Schedule-Free AdamW,2200,4.765812397003174,117.42647546497642,1533.4255823040003
498,18l_1024d,fineweb_edu,2027,silu,SwiGLU,schedule_free_adamw,Schedule-Free AdamW,silu_schedulefree,SwiGLU + Schedule-Free AdamW,2250,4.755941867828369,116.27311551358093,1568.2696429190037
498,18l_1024d,fineweb_edu,2027,silu,SwiGLU,schedule_free_adamw,Schedule-Free AdamW,silu_schedulefree,SwiGLU + Schedule-Free AdamW,2300,4.745026588439941,115.01086342189126,1603.1216033450037
498,18l_1024d,fineweb_edu,2027,silu,SwiGLU,schedule_free_adamw,Schedule-Free AdamW,silu_schedulefree,SwiGLU + Schedule-Free AdamW,2350,4.735450267791748,113.91473931046107,1637.9771467340033
498,18l_1024d,fineweb_edu,2027,silu,SwiGLU,schedule_free_adamw,Schedule-Free AdamW,silu_schedulefree,SwiGLU + Schedule-Free AdamW,2400,4.726366996765137,112.88470597731245,1672.850422579002
498,18l_1024d,fineweb_edu,2027,silu,SwiGLU,schedule_free_adamw,Schedule-Free AdamW,silu_schedulefree,SwiGLU + Schedule-Free AdamW,2450,4.717452049255371,111.88281727698063,1707.7017679120036
498,18l_1024d,fineweb_edu,2027,silu,SwiGLU,schedule_free_adamw,Schedule-Free AdamW,silu_schedulefree,SwiGLU + Schedule-Free AdamW,2500,4.709026336669922,110.94408511264257,1742.561327978001
498,18l_1024d,fineweb_edu,2027,silu,SwiGLU,schedule_free_adamw,Schedule-Free AdamW,silu_schedulefree,SwiGLU + Schedule-Free AdamW,2550,4.701125621795654,110.07100106482437,1777.4233712750065
498,18l_1024d,fineweb_edu,2027,silu,SwiGLU,schedule_free_adamw,Schedule-Free AdamW,silu_schedulefree,SwiGLU + Schedule-Free AdamW,2600,4.693610668182373,109.24692293041333,1812.2763102740064
498,18l_1024d,fineweb_edu,2027,silu,SwiGLU,schedule_free_adamw,Schedule-Free AdamW,silu_schedulefree,SwiGLU + Schedule-Free AdamW,2650,4.687128067016602,108.54100925100315,1847.1356030430034
498,18l_1024d,fineweb_edu,2027,silu,SwiGLU,schedule_free_adamw,Schedule-Free AdamW,silu_schedulefree,SwiGLU + Schedule-Free AdamW,2700,4.680180549621582,107.78953217388019,1881.9882254600016
498,18l_1024d,fineweb_edu,2027,silu,SwiGLU,schedule_free_adamw,Schedule-Free AdamW,silu_schedulefree,SwiGLU + Schedule-Free AdamW,2750,4.673938751220703,107.11882702504579,1916.8413508940066
498,18l_1024d,fineweb_edu,2027,silu,SwiGLU,schedule_free_adamw,Schedule-Free AdamW,silu_schedulefree,SwiGLU + Schedule-Free AdamW,2800,4.6679911613464355,106.48361902490004,1951.682067490001
498,18l_1024d,fineweb_edu,2027,silu,SwiGLU,schedule_free_adamw,Schedule-Free AdamW,silu_schedulefree,SwiGLU + Schedule-Free AdamW,2850,4.662182331085205,105.86686679512053,1986.6546234770067
498,18l_1024d,fineweb_edu,2027,silu,SwiGLU,schedule_free_adamw,Schedule-Free AdamW,silu_schedulefree,SwiGLU + Schedule-Free AdamW,2900,4.656747817993164,105.29309242582043,2021.523140227
498,18l_1024d,fineweb_edu,2027,silu,SwiGLU,schedule_free_adamw,Schedule-Free AdamW,silu_schedulefree,SwiGLU + Schedule-Free AdamW,2950,4.651817321777344,104.77522295789673,2056.4282289210023
498,18l_1024d,fineweb_edu,2027,silu,SwiGLU,schedule_free_adamw,Schedule-Free AdamW,silu_schedulefree,SwiGLU + Schedule-Free AdamW,3000,4.646919250488281,104.26328123355582,2091.316019636004
498,18l_1024d,fineweb_edu,2027,silu,SwiGLU,schedule_free_adamw,Schedule-Free AdamW,silu_schedulefree,SwiGLU + Schedule-Free AdamW,3050,4.64193868637085,103.7452823104933,2126.3210044600055
513,18l_1024d,fineweb_edu,3407,rlb_fused_global_rational,GRAIN,schedule_free_adamw,Schedule-Free AdamW,rlb_schedulefree,GRAIN + Schedule-Free AdamW,1,11.062017440795898,63704.943263104746,2.2717565139973885
513,18l_1024d,fineweb_edu,3407,rlb_fused_global_rational,GRAIN,schedule_free_adamw,Schedule-Free AdamW,rlb_schedulefree,GRAIN + Schedule-Free AdamW,50,8.480180740356445,4818.320683172852,45.88395820999722
513,18l_1024d,fineweb_edu,3407,rlb_fused_global_rational,GRAIN,schedule_free_adamw,Schedule-Free AdamW,rlb_schedulefree,GRAIN + Schedule-Free AdamW,100,7.328356742858887,1522.8772358628303,90.5153063359976
513,18l_1024d,fineweb_edu,3407,rlb_fused_global_rational,GRAIN,schedule_free_adamw,Schedule-Free AdamW,rlb_schedulefree,GRAIN + Schedule-Free AdamW,150,6.999297618865967,1095.8631744297957,135.28292793199944
513,18l_1024d,fineweb_edu,3407,rlb_fused_global_rational,GRAIN,schedule_free_adamw,Schedule-Free AdamW,rlb_schedulefree,GRAIN + Schedule-Free AdamW,200,6.711936950683594,822.1615846053957,179.93888882600004
513,18l_1024d,fineweb_edu,3407,rlb_fused_global_rational,GRAIN,schedule_free_adamw,Schedule-Free AdamW,rlb_schedulefree,GRAIN + Schedule-Free AdamW,250,6.491395950317383,659.4432710365288,224.8479119449985
513,18l_1024d,fineweb_edu,3407,rlb_fused_global_rational,GRAIN,schedule_free_adamw,Schedule-Free AdamW,rlb_schedulefree,GRAIN + Schedule-Free AdamW,300,6.323822021484375,557.7004674023569,269.605064106996
513,18l_1024d,fineweb_edu,3407,rlb_fused_global_rational,GRAIN,schedule_free_adamw,Schedule-Free AdamW,rlb_schedulefree,GRAIN + Schedule-Free AdamW,350,6.183026313781738,484.45585555866666,314.40941950699926
513,18l_1024d,fineweb_edu,3407,rlb_fused_global_rational,GRAIN,schedule_free_adamw,Schedule-Free AdamW,rlb_schedulefree,GRAIN + Schedule-Free AdamW,400,6.067299842834473,431.513951617735,359.221661921998
513,18l_1024d,fineweb_edu,3407,rlb_fused_global_rational,GRAIN,schedule_free_adamw,Schedule-Free AdamW,rlb_schedulefree,GRAIN + Schedule-Free AdamW,450,5.9686408042907715,390.9738993946053,404.21192058199813
513,18l_1024d,fineweb_edu,3407,rlb_fused_global_rational,GRAIN,schedule_free_adamw,Schedule-Free AdamW,rlb_schedulefree,GRAIN + Schedule-Free AdamW,500,5.894192695617676,362.92372768523666,448.9104599409984
513,18l_1024d,fineweb_edu,3407,rlb_fused_global_rational,GRAIN,schedule_free_adamw,Schedule-Free AdamW,rlb_schedulefree,GRAIN + Schedule-Free AdamW,550,5.8085036277771,333.12028060391526,493.88894269499724
513,18l_1024d,fineweb_edu,3407,rlb_fused_global_rational,GRAIN,schedule_free_adamw,Schedule-Free AdamW,rlb_schedulefree,GRAIN + Schedule-Free AdamW,600,5.725769996643066,306.66930869359516,538.5955445359941
513,18l_1024d,fineweb_edu,3407,rlb_fused_global_rational,GRAIN,schedule_free_adamw,Schedule-Free AdamW,rlb_schedulefree,GRAIN + Schedule-Free AdamW,650,5.661306858062744,287.5241503890608,583.5185372929991
513,18l_1024d,fineweb_edu,3407,rlb_fused_global_rational,GRAIN,schedule_free_adamw,Schedule-Free AdamW,rlb_schedulefree,GRAIN + Schedule-Free AdamW,700,5.5971527099609375,269.65752015197836,628.3316989939995
513,18l_1024d,fineweb_edu,3407,rlb_fused_global_rational,GRAIN,schedule_free_adamw,Schedule-Free AdamW,rlb_schedulefree,GRAIN + Schedule-Free AdamW,750,5.532073974609375,252.6673937501847,673.179976622996
513,18l_1024d,fineweb_edu,3407,rlb_fused_global_rational,GRAIN,schedule_free_adamw,Schedule-Free AdamW,rlb_schedulefree,GRAIN + Schedule-Free AdamW,800,5.486112594604492,241.31728300112096,718.0230766599998
513,18l_1024d,fineweb_edu,3407,rlb_fused_global_rational,GRAIN,schedule_free_adamw,Schedule-Free AdamW,rlb_schedulefree,GRAIN + Schedule-Free AdamW,850,5.435523986816406,229.41302618841237,763.0514889400001
513,18l_1024d,fineweb_edu,3407,rlb_fused_global_rational,GRAIN,schedule_free_adamw,Schedule-Free AdamW,rlb_schedulefree,GRAIN + Schedule-Free AdamW,900,5.400598526000977,221.53897336656527,807.8892241249996
513,18l_1024d,fineweb_edu,3407,rlb_fused_global_rational,GRAIN,schedule_free_adamw,Schedule-Free AdamW,rlb_schedulefree,GRAIN + Schedule-Free AdamW,950,5.341948986053467,208.91949493345376,852.9502208659978
513,18l_1024d,fineweb_edu,3407,rlb_fused_global_rational,GRAIN,schedule_free_adamw,Schedule-Free AdamW,rlb_schedulefree,GRAIN + Schedule-Free AdamW,1000,5.306405544281006,201.62419508146618,897.9327765619964
513,18l_1024d,fineweb_edu,3407,rlb_fused_global_rational,GRAIN,schedule_free_adamw,Schedule-Free AdamW,rlb_schedulefree,GRAIN + Schedule-Free AdamW,1050,5.267930507659912,194.01403613547853,942.9677139029955
513,18l_1024d,fineweb_edu,3407,rlb_fused_global_rational,GRAIN,schedule_free_adamw,Schedule-Free AdamW,rlb_schedulefree,GRAIN + Schedule-Free AdamW,1100,5.232724666595459,187.3024456193028,987.8641567079976
513,18l_1024d,fineweb_edu,3407,rlb_fused_global_rational,GRAIN,schedule_free_adamw,Schedule-Free AdamW,rlb_schedulefree,GRAIN + Schedule-Free AdamW,1150,5.19606351852417,180.56006969886192,1032.881046814
513,18l_1024d,fineweb_edu,3407,rlb_fused_global_rational,GRAIN,schedule_free_adamw,Schedule-Free AdamW,rlb_schedulefree,GRAIN + Schedule-Free AdamW,1200,5.162238121032715,174.55469327302032,1077.8904324039977
513,18l_1024d,fineweb_edu,3407,rlb_fused_global_rational,GRAIN,schedule_free_adamw,Schedule-Free AdamW,rlb_schedulefree,GRAIN + Schedule-Free AdamW,1250,5.132929801940918,169.51303083377704,1122.9496227989948
513,18l_1024d,fineweb_edu,3407,rlb_fused_global_rational,GRAIN,schedule_free_adamw,Schedule-Free AdamW,rlb_schedulefree,GRAIN + Schedule-Free AdamW,1300,5.108969211578369,165.49967177431262,1167.946967072996
513,18l_1024d,fineweb_edu,3407,rlb_fused_global_rational,GRAIN,schedule_free_adamw,Schedule-Free AdamW,rlb_schedulefree,GRAIN + Schedule-Free AdamW,1350,5.079153060913086,160.6379477422871,1213.009045050996
513,18l_1024d,fineweb_edu,3407,rlb_fused_global_rational,GRAIN,schedule_free_adamw,Schedule-Free AdamW,rlb_schedulefree,GRAIN + Schedule-Free AdamW,1400,5.052128314971924,156.3548830537444,1257.892943627994
513,18l_1024d,fineweb_edu,3407,rlb_fused_global_rational,GRAIN,schedule_free_adamw,Schedule-Free AdamW,rlb_schedulefree,GRAIN + Schedule-Free AdamW,1450,5.026608943939209,152.41528659126243,1302.963824749997
513,18l_1024d,fineweb_edu,3407,rlb_fused_global_rational,GRAIN,schedule_free_adamw,Schedule-Free AdamW,rlb_schedulefree,GRAIN + Schedule-Free AdamW,1500,5.005061149597168,149.16620433281298,1347.8511267799986
513,18l_1024d,fineweb_edu,3407,rlb_fused_global_rational,GRAIN,schedule_free_adamw,Schedule-Free AdamW,rlb_schedulefree,GRAIN + Schedule-Free AdamW,1550,4.980653762817383,145.56951849029156,1393.0027965659974
513,18l_1024d,fineweb_edu,3407,rlb_fused_global_rational,GRAIN,schedule_free_adamw,Schedule-Free AdamW,rlb_schedulefree,GRAIN + Schedule-Free AdamW,1600,4.960384368896484,142.6486150516776,1437.903631014
513,18l_1024d,fineweb_edu,3407,rlb_fused_global_rational,GRAIN,schedule_free_adamw,Schedule-Free AdamW,rlb_schedulefree,GRAIN + Schedule-Free AdamW,1650,4.940511703491211,139.84178878654524,1482.9579894419949
513,18l_1024d,fineweb_edu,3407,rlb_fused_global_rational,GRAIN,schedule_free_adamw,Schedule-Free AdamW,rlb_schedulefree,GRAIN + Schedule-Free AdamW,1700,4.922874450683594,137.39698697405697,1527.9549890339986
513,18l_1024d,fineweb_edu,3407,rlb_fused_global_rational,GRAIN,schedule_free_adamw,Schedule-Free AdamW,rlb_schedulefree,GRAIN + Schedule-Free AdamW,1750,4.902524471282959,134.6292186490345,1573.017225648
513,18l_1024d,fineweb_edu,3407,rlb_fused_global_rational,GRAIN,schedule_free_adamw,Schedule-Free AdamW,rlb_schedulefree,GRAIN + Schedule-Free AdamW,1800,4.88657283782959,132.49870049981146,1618.023408737994
513,18l_1024d,fineweb_edu,3407,rlb_fused_global_rational,GRAIN,schedule_free_adamw,Schedule-Free AdamW,rlb_schedulefree,GRAIN + Schedule-Free AdamW,1850,4.870817184448242,130.42745664841263,1663.2058894609945
513,18l_1024d,fineweb_edu,3407,rlb_fused_global_rational,GRAIN,schedule_free_adamw,Schedule-Free AdamW,rlb_schedulefree,GRAIN + Schedule-Free AdamW,1900,4.854483604431152,128.3144131089841,1708.1212602800006
513,18l_1024d,fineweb_edu,3407,rlb_fused_global_rational,GRAIN,schedule_free_adamw,Schedule-Free AdamW,rlb_schedulefree,GRAIN + Schedule-Free AdamW,1950,4.83988094329834,126.45429560252093,1753.2816376269984
513,18l_1024d,fineweb_edu,3407,rlb_fused_global_rational,GRAIN,schedule_free_adamw,Schedule-Free AdamW,rlb_schedulefree,GRAIN + Schedule-Free AdamW,2000,4.8262176513671875,124.73826366486605,1798.169640575994
513,18l_1024d,fineweb_edu,3407,rlb_fused_global_rational,GRAIN,schedule_free_adamw,Schedule-Free AdamW,rlb_schedulefree,GRAIN + Schedule-Free AdamW,2050,4.812524795532227,123.04188126828485,1843.301462987998
513,18l_1024d,fineweb_edu,3407,rlb_fused_global_rational,GRAIN,schedule_free_adamw,Schedule-Free AdamW,rlb_schedulefree,GRAIN + Schedule-Free AdamW,2100,4.801252841949463,121.66274626909862,1888.304261155994
513,18l_1024d,fineweb_edu,3407,rlb_fused_global_rational,GRAIN,schedule_free_adamw,Schedule-Free AdamW,rlb_schedulefree,GRAIN + Schedule-Free AdamW,2150,4.78883695602417,120.16153421367717,1933.382916841998
513,18l_1024d,fineweb_edu,3407,rlb_fused_global_rational,GRAIN,schedule_free_adamw,Schedule-Free AdamW,rlb_schedulefree,GRAIN + Schedule-Free AdamW,2200,4.777111053466797,118.76076049055513,1978.3939717969988
513,18l_1024d,fineweb_edu,3407,rlb_fused_global_rational,GRAIN,schedule_free_adamw,Schedule-Free AdamW,rlb_schedulefree,GRAIN + Schedule-Free AdamW,2250,4.76533317565918,117.37021567310681,2023.5855589549974
513,18l_1024d,fineweb_edu,3407,rlb_fused_global_rational,GRAIN,schedule_free_adamw,Schedule-Free AdamW,rlb_schedulefree,GRAIN + Schedule-Free AdamW,2300,4.755922794342041,116.27089780105167,2068.5141360449998
513,18l_1024d,fineweb_edu,3407,rlb_fused_global_rational,GRAIN,schedule_free_adamw,Schedule-Free AdamW,rlb_schedulefree,GRAIN + Schedule-Free AdamW,2350,4.7457275390625,115.09150861905646,2113.6868332219965
513,18l_1024d,fineweb_edu,3407,rlb_fused_global_rational,GRAIN,schedule_free_adamw,Schedule-Free AdamW,rlb_schedulefree,GRAIN + Schedule-Free AdamW,2400,4.736401557922363,114.02315683778451,2158.7112588249947
513,18l_1024d,fineweb_edu,3407,rlb_fused_global_rational,GRAIN,schedule_free_adamw,Schedule-Free AdamW,rlb_schedulefree,GRAIN + Schedule-Free AdamW,2450,4.727296352386475,112.98966477784676,2203.844303234997
513,18l_1024d,fineweb_edu,3407,rlb_fused_global_rational,GRAIN,schedule_free_adamw,Schedule-Free AdamW,rlb_schedulefree,GRAIN + Schedule-Free AdamW,2500,4.7192463874816895,112.08375311240226,2248.7282336200005
513,18l_1024d,fineweb_edu,3407,rlb_fused_global_rational,GRAIN,schedule_free_adamw,Schedule-Free AdamW,rlb_schedulefree,GRAIN + Schedule-Free AdamW,2550,4.711291790008545,111.19570867376295,2293.7866219949938
513,18l_1024d,fineweb_edu,3407,rlb_fused_global_rational,GRAIN,schedule_free_adamw,Schedule-Free AdamW,rlb_schedulefree,GRAIN + Schedule-Free AdamW,2600,4.704442024230957,110.43664677985161,2338.661426476996
513,18l_1024d,fineweb_edu,3407,rlb_fused_global_rational,GRAIN,schedule_free_adamw,Schedule-Free AdamW,rlb_schedulefree,GRAIN + Schedule-Free AdamW,2650,4.69803524017334,109.73136473922018,2383.836228483997
513,18l_1024d,fineweb_edu,3407,rlb_fused_global_rational,GRAIN,schedule_free_adamw,Schedule-Free AdamW,rlb_schedulefree,GRAIN + Schedule-Free AdamW,2700,4.691444396972656,109.01052061473192,2428.851549059
513,18l_1024d,fineweb_edu,3407,rlb_fused_global_rational,GRAIN,schedule_free_adamw,Schedule-Free AdamW,rlb_schedulefree,GRAIN + Schedule-Free AdamW,2750,4.685544967651367,108.36931398934446,2473.8831144649957
513,18l_1024d,fineweb_edu,3407,rlb_fused_global_rational,GRAIN,schedule_free_adamw,Schedule-Free AdamW,rlb_schedulefree,GRAIN + Schedule-Free AdamW,2800,4.679588317871094,107.72571468979197,2518.782875536999
513,18l_1024d,fineweb_edu,3407,rlb_fused_global_rational,GRAIN,schedule_free_adamw,Schedule-Free AdamW,rlb_schedulefree,GRAIN + Schedule-Free AdamW,2850,4.673937797546387,107.11872486862036,2563.830880484995
513,18l_1024d,fineweb_edu,3407,rlb_fused_global_rational,GRAIN,schedule_free_adamw,Schedule-Free AdamW,rlb_schedulefree,GRAIN + Schedule-Free AdamW,2900,4.668997764587402,106.59085974629409,2608.8158391929974
513,18l_1024d,fineweb_edu,3407,rlb_fused_global_rational,GRAIN,schedule_free_adamw,Schedule-Free AdamW,rlb_schedulefree,GRAIN + Schedule-Free AdamW,2950,4.663694858551025,106.02711449784393,2653.979754396998
513,18l_1024d,fineweb_edu,3407,rlb_fused_global_rational,GRAIN,schedule_free_adamw,Schedule-Free AdamW,rlb_schedulefree,GRAIN + Schedule-Free AdamW,3000,4.658679962158203,105.49673052570165,2698.9604420339965
513,18l_1024d,fineweb_edu,3407,rlb_fused_global_rational,GRAIN,schedule_free_adamw,Schedule-Free AdamW,rlb_schedulefree,GRAIN + Schedule-Free AdamW,3050,4.653870105743408,104.9905247640679,2744.1264430839947
512,18l_1024d,fineweb_edu,3407,silu,SwiGLU,schedule_free_adamw,Schedule-Free AdamW,silu_schedulefree,SwiGLU + Schedule-Free AdamW,1,11.024667739868164,61369.46881334461,1.5969008349929936
512,18l_1024d,fineweb_edu,3407,silu,SwiGLU,schedule_free_adamw,Schedule-Free AdamW,silu_schedulefree,SwiGLU + Schedule-Free AdamW,50,8.630155563354492,5597.949020808492,35.24024567899323
512,18l_1024d,fineweb_edu,3407,silu,SwiGLU,schedule_free_adamw,Schedule-Free AdamW,silu_schedulefree,SwiGLU + Schedule-Free AdamW,100,7.472078800201416,1758.257956122615,69.83564714299428
512,18l_1024d,fineweb_edu,3407,silu,SwiGLU,schedule_free_adamw,Schedule-Free AdamW,silu_schedulefree,SwiGLU + Schedule-Free AdamW,150,7.0952887535095215,1206.2706280843215,104.47090702299465
512,18l_1024d,fineweb_edu,3407,silu,SwiGLU,schedule_free_adamw,Schedule-Free AdamW,silu_schedulefree,SwiGLU + Schedule-Free AdamW,200,6.766331672668457,868.1214920527312,139.29353683099907
512,18l_1024d,fineweb_edu,3407,silu,SwiGLU,schedule_free_adamw,Schedule-Free AdamW,silu_schedulefree,SwiGLU + Schedule-Free AdamW,250,6.505290508270264,668.6698952756225,174.0247317309986
512,18l_1024d,fineweb_edu,3407,silu,SwiGLU,schedule_free_adamw,Schedule-Free AdamW,silu_schedulefree,SwiGLU + Schedule-Free AdamW,300,6.331509590148926,562.0043500402771,208.7432290709985
512,18l_1024d,fineweb_edu,3407,silu,SwiGLU,schedule_free_adamw,Schedule-Free AdamW,silu_schedulefree,SwiGLU + Schedule-Free AdamW,350,6.1954216957092285,490.4982423963682,243.59496157099784
512,18l_1024d,fineweb_edu,3407,silu,SwiGLU,schedule_free_adamw,Schedule-Free AdamW,silu_schedulefree,SwiGLU + Schedule-Free AdamW,400,6.059103965759277,427.9917697150954,278.33051998199517
512,18l_1024d,fineweb_edu,3407,silu,SwiGLU,schedule_free_adamw,Schedule-Free AdamW,silu_schedulefree,SwiGLU + Schedule-Free AdamW,450,5.954878330230713,385.62998831185354,313.05332792499394
512,18l_1024d,fineweb_edu,3407,silu,SwiGLU,schedule_free_adamw,Schedule-Free AdamW,silu_schedulefree,SwiGLU + Schedule-Free AdamW,500,5.863596439361572,351.9877730571035,347.9131290519945
512,18l_1024d,fineweb_edu,3407,silu,SwiGLU,schedule_free_adamw,Schedule-Free AdamW,silu_schedulefree,SwiGLU + Schedule-Free AdamW,550,5.7776007652282715,322.9833471971099,382.777553396998
512,18l_1024d,fineweb_edu,3407,silu,SwiGLU,schedule_free_adamw,Schedule-Free AdamW,silu_schedulefree,SwiGLU + Schedule-Free AdamW,600,5.6945953369140625,297.2564805198994,417.5193872729942
512,18l_1024d,fineweb_edu,3407,silu,SwiGLU,schedule_free_adamw,Schedule-Free AdamW,silu_schedulefree,SwiGLU + Schedule-Free AdamW,650,5.634820938110352,280.008773920973,452.26853088399366
512,18l_1024d,fineweb_edu,3407,silu,SwiGLU,schedule_free_adamw,Schedule-Free AdamW,silu_schedulefree,SwiGLU + Schedule-Free AdamW,700,5.566180229187012,261.43357323421253,487.1414512279953
512,18l_1024d,fineweb_edu,3407,silu,SwiGLU,schedule_free_adamw,Schedule-Free AdamW,silu_schedulefree,SwiGLU + Schedule-Free AdamW,750,5.505064010620117,245.9341975754871,521.9116313879931
512,18l_1024d,fineweb_edu,3407,silu,SwiGLU,schedule_free_adamw,Schedule-Free AdamW,silu_schedulefree,SwiGLU + Schedule-Free AdamW,800,5.453615188598633,233.60115343661704,556.6658154319957
512,18l_1024d,fineweb_edu,3407,silu,SwiGLU,schedule_free_adamw,Schedule-Free AdamW,silu_schedulefree,SwiGLU + Schedule-Free AdamW,850,5.411989688873291,224.07698791928016,591.5382237249942
512,18l_1024d,fineweb_edu,3407,silu,SwiGLU,schedule_free_adamw,Schedule-Free AdamW,silu_schedulefree,SwiGLU + Schedule-Free AdamW,900,5.369467735290527,214.74853421302083,626.2931631369938
512,18l_1024d,fineweb_edu,3407,silu,SwiGLU,schedule_free_adamw,Schedule-Free AdamW,silu_schedulefree,SwiGLU + Schedule-Free AdamW,950,5.316983699798584,203.76832766356645,661.1985709629953
512,18l_1024d,fineweb_edu,3407,silu,SwiGLU,schedule_free_adamw,Schedule-Free AdamW,silu_schedulefree,SwiGLU + Schedule-Free AdamW,1000,5.275182723999023,195.4261823038435,695.941205790994
512,18l_1024d,fineweb_edu,3407,silu,SwiGLU,schedule_free_adamw,Schedule-Free AdamW,silu_schedulefree,SwiGLU + Schedule-Free AdamW,1050,5.242335319519043,189.1112222558934,730.8167725459934
512,18l_1024d,fineweb_edu,3407,silu,SwiGLU,schedule_free_adamw,Schedule-Free AdamW,silu_schedulefree,SwiGLU + Schedule-Free AdamW,1100,5.203281402587891,181.86804608086914,765.5833867979964
512,18l_1024d,fineweb_edu,3407,silu,SwiGLU,schedule_free_adamw,Schedule-Free AdamW,silu_schedulefree,SwiGLU + Schedule-Free AdamW,1150,5.177154541015625,177.1779404772734,800.3295198119959
512,18l_1024d,fineweb_edu,3407,silu,SwiGLU,schedule_free_adamw,Schedule-Free AdamW,silu_schedulefree,SwiGLU + Schedule-Free AdamW,1200,5.141360759735107,170.94822959110033,835.0960246139948
512,18l_1024d,fineweb_edu,3407,silu,SwiGLU,schedule_free_adamw,Schedule-Free AdamW,silu_schedulefree,SwiGLU + Schedule-Free AdamW,1250,5.111313819885254,165.88815892667807,869.8763189879974
512,18l_1024d,fineweb_edu,3407,silu,SwiGLU,schedule_free_adamw,Schedule-Free AdamW,silu_schedulefree,SwiGLU + Schedule-Free AdamW,1300,5.087127685546875,161.92409653840346,904.7527475639945
512,18l_1024d,fineweb_edu,3407,silu,SwiGLU,schedule_free_adamw,Schedule-Free AdamW,silu_schedulefree,SwiGLU + Schedule-Free AdamW,1350,5.060746192932129,157.70815313723912,939.5336049519974
512,18l_1024d,fineweb_edu,3407,silu,SwiGLU,schedule_free_adamw,Schedule-Free AdamW,silu_schedulefree,SwiGLU + Schedule-Free AdamW,1400,5.034034252166748,153.55122921565132,974.436488208994
512,18l_1024d,fineweb_edu,3407,silu,SwiGLU,schedule_free_adamw,Schedule-Free AdamW,silu_schedulefree,SwiGLU + Schedule-Free AdamW,1450,5.010322570800781,149.95309883960377,1009.2234682369963
512,18l_1024d,fineweb_edu,3407,silu,SwiGLU,schedule_free_adamw,Schedule-Free AdamW,silu_schedulefree,SwiGLU + Schedule-Free AdamW,1500,4.988564491271973,146.7256462997493,1044.112079019993
512,18l_1024d,fineweb_edu,3407,silu,SwiGLU,schedule_free_adamw,Schedule-Free AdamW,silu_schedulefree,SwiGLU + Schedule-Free AdamW,1550,4.966617584228516,143.54055151426422,1078.9042223299984
512,18l_1024d,fineweb_edu,3407,silu,SwiGLU,schedule_free_adamw,Schedule-Free AdamW,silu_schedulefree,SwiGLU + Schedule-Free AdamW,1600,4.946195602416992,140.63889857935774,1113.8091954439951
512,18l_1024d,fineweb_edu,3407,silu,SwiGLU,schedule_free_adamw,Schedule-Free AdamW,silu_schedulefree,SwiGLU + Schedule-Free AdamW,1650,4.926573753356934,137.90620130353452,1148.5930100179976
512,18l_1024d,fineweb_edu,3407,silu,SwiGLU,schedule_free_adamw,Schedule-Free AdamW,silu_schedulefree,SwiGLU + Schedule-Free AdamW,1700,4.9090423583984375,135.5095826384903,1183.4226037879998
512,18l_1024d,fineweb_edu,3407,silu,SwiGLU,schedule_free_adamw,Schedule-Free AdamW,silu_schedulefree,SwiGLU + Schedule-Free AdamW,1750,4.890434741973877,133.01138711647232,1218.2368153739953
512,18l_1024d,fineweb_edu,3407,silu,SwiGLU,schedule_free_adamw,Schedule-Free AdamW,silu_schedulefree,SwiGLU + Schedule-Free AdamW,1800,4.87471866607666,130.93731092117562,1253.1548577829963
512,18l_1024d,fineweb_edu,3407,silu,SwiGLU,schedule_free_adamw,Schedule-Free AdamW,silu_schedulefree,SwiGLU + Schedule-Free AdamW,1850,4.858548164367676,128.83701608787266,1287.9452301659985
512,18l_1024d,fineweb_edu,3407,silu,SwiGLU,schedule_free_adamw,Schedule-Free AdamW,silu_schedulefree,SwiGLU + Schedule-Free AdamW,1900,4.842619895935059,126.80112268353919,1322.7612711539987
512,18l_1024d,fineweb_edu,3407,silu,SwiGLU,schedule_free_adamw,Schedule-Free AdamW,silu_schedulefree,SwiGLU + Schedule-Free AdamW,1950,4.828758716583252,125.05563478736468,1357.5785593019973
512,18l_1024d,fineweb_edu,3407,silu,SwiGLU,schedule_free_adamw,Schedule-Free AdamW,silu_schedulefree,SwiGLU + Schedule-Free AdamW,2000,4.813928604125977,123.21472981335118,1392.4771528979982
512,18l_1024d,fineweb_edu,3407,silu,SwiGLU,schedule_free_adamw,Schedule-Free AdamW,silu_schedulefree,SwiGLU + Schedule-Free AdamW,2050,4.801611423492432,121.70638010705454,1427.3777612609993
512,18l_1024d,fineweb_edu,3407,silu,SwiGLU,schedule_free_adamw,Schedule-Free AdamW,silu_schedulefree,SwiGLU + Schedule-Free AdamW,2100,4.789914608001709,120.29109632754205,1462.142612206997
512,18l_1024d,fineweb_edu,3407,silu,SwiGLU,schedule_free_adamw,Schedule-Free AdamW,silu_schedulefree,SwiGLU + Schedule-Free AdamW,2150,4.777712345123291,118.83219181833553,1497.0312779669985
512,18l_1024d,fineweb_edu,3407,silu,SwiGLU,schedule_free_adamw,Schedule-Free AdamW,silu_schedulefree,SwiGLU + Schedule-Free AdamW,2200,4.766780853271484,117.54025295657583,1531.7931250579932
512,18l_1024d,fineweb_edu,3407,silu,SwiGLU,schedule_free_adamw,Schedule-Free AdamW,silu_schedulefree,SwiGLU + Schedule-Free AdamW,2250,4.755386829376221,116.20859737020135,1566.6821813529968
512,18l_1024d,fineweb_edu,3407,silu,SwiGLU,schedule_free_adamw,Schedule-Free AdamW,silu_schedulefree,SwiGLU + Schedule-Free AdamW,2300,4.746043682098389,115.12789975009451,1601.4613361469965
512,18l_1024d,fineweb_edu,3407,silu,SwiGLU,schedule_free_adamw,Schedule-Free AdamW,silu_schedulefree,SwiGLU + Schedule-Free AdamW,2350,4.735899448394775,113.96591909538105,1636.3370608709956
512,18l_1024d,fineweb_edu,3407,silu,SwiGLU,schedule_free_adamw,Schedule-Free AdamW,silu_schedulefree,SwiGLU + Schedule-Free AdamW,2400,4.726630210876465,112.9144227356423,1671.1221755599981
512,18l_1024d,fineweb_edu,3407,silu,SwiGLU,schedule_free_adamw,Schedule-Free AdamW,silu_schedulefree,SwiGLU + Schedule-Free AdamW,2450,4.717975616455078,111.94141078779938,1706.0240804569985
512,18l_1024d,fineweb_edu,3407,silu,SwiGLU,schedule_free_adamw,Schedule-Free AdamW,silu_schedulefree,SwiGLU + Schedule-Free AdamW,2500,4.709535121917725,111.00054618854213,1740.7997756379991
512,18l_1024d,fineweb_edu,3407,silu,SwiGLU,schedule_free_adamw,Schedule-Free AdamW,silu_schedulefree,SwiGLU + Schedule-Free AdamW,2550,4.701683521270752,110.13242675162789,1775.580028313998
512,18l_1024d,fineweb_edu,3407,silu,SwiGLU,schedule_free_adamw,Schedule-Free AdamW,silu_schedulefree,SwiGLU + Schedule-Free AdamW,2600,4.694202899932861,109.31164158914655,1810.3651805899935
512,18l_1024d,fineweb_edu,3407,silu,SwiGLU,schedule_free_adamw,Schedule-Free AdamW,silu_schedulefree,SwiGLU + Schedule-Free AdamW,2650,4.687759876251221,108.6096081314039,1845.2727556109967
512,18l_1024d,fineweb_edu,3407,silu,SwiGLU,schedule_free_adamw,Schedule-Free AdamW,silu_schedulefree,SwiGLU + Schedule-Free AdamW,2700,4.681122779846191,107.89114259167685,1880.0368517909956
512,18l_1024d,fineweb_edu,3407,silu,SwiGLU,schedule_free_adamw,Schedule-Free AdamW,silu_schedulefree,SwiGLU + Schedule-Free AdamW,2750,4.675466537475586,107.28260677498227,1914.9245480669997
512,18l_1024d,fineweb_edu,3407,silu,SwiGLU,schedule_free_adamw,Schedule-Free AdamW,silu_schedulefree,SwiGLU + Schedule-Free AdamW,2800,4.669257164001465,106.61851293931267,1949.7079551819988
512,18l_1024d,fineweb_edu,3407,silu,SwiGLU,schedule_free_adamw,Schedule-Free AdamW,silu_schedulefree,SwiGLU + Schedule-Free AdamW,2850,4.663140296936035,105.96833223069623,1984.4830899019944
512,18l_1024d,fineweb_edu,3407,silu,SwiGLU,schedule_free_adamw,Schedule-Free AdamW,silu_schedulefree,SwiGLU + Schedule-Free AdamW,2900,4.658051490783691,105.43044968045024,2019.2571968469929
512,18l_1024d,fineweb_edu,3407,silu,SwiGLU,schedule_free_adamw,Schedule-Free AdamW,silu_schedulefree,SwiGLU + Schedule-Free AdamW,2950,4.652895450592041,104.88824506007877,2054.1588804129933
512,18l_1024d,fineweb_edu,3407,silu,SwiGLU,schedule_free_adamw,Schedule-Free AdamW,silu_schedulefree,SwiGLU + Schedule-Free AdamW,3000,4.647665977478027,104.34116651559442,2088.952556335993
512,18l_1024d,fineweb_edu,3407,silu,SwiGLU,schedule_free_adamw,Schedule-Free AdamW,silu_schedulefree,SwiGLU + Schedule-Free AdamW,3050,4.642856597900391,103.84055502053165,2123.8567082299996
