run_index,model_scale,dataset,seed,activation,activation_display_name,optimizer,optimizer_display_name,method,method_display_name,step,validation_loss,validation_perplexity,active_seconds_at_validation
57,18l_1024d,c4_en,1337,rlb_fused_global_rational,GRAIN,tiller_then_muon_v1,TILLER→Muon,tiller_then_muon,TILLER→Muon,1,11.0849609375,65183.45366086409,8.129761148011312
57,18l_1024d,c4_en,1337,rlb_fused_global_rational,GRAIN,tiller_then_muon_v1,TILLER→Muon,tiller_then_muon,TILLER→Muon,50,8.455540657043457,4701.047602657866,48.016219653887674
57,18l_1024d,c4_en,1337,rlb_fused_global_rational,GRAIN,tiller_then_muon_v1,TILLER→Muon,tiller_then_muon,TILLER→Muon,100,7.151633262634277,1276.1886051163508,88.72964240703732
57,18l_1024d,c4_en,1337,rlb_fused_global_rational,GRAIN,tiller_then_muon_v1,TILLER→Muon,tiller_then_muon,TILLER→Muon,150,6.618024826049805,748.4652870142684,129.4363468468655
57,18l_1024d,c4_en,1337,rlb_fused_global_rational,GRAIN,tiller_then_muon_v1,TILLER→Muon,tiller_then_muon,TILLER→Muon,200,6.299715995788574,544.4172713700974,170.09884751890786
57,18l_1024d,c4_en,1337,rlb_fused_global_rational,GRAIN,tiller_then_muon_v1,TILLER→Muon,tiller_then_muon,TILLER→Muon,250,6.0356340408325195,418.0637951403554,210.7843634588644
57,18l_1024d,c4_en,1337,rlb_fused_global_rational,GRAIN,tiller_then_muon_v1,TILLER→Muon,tiller_then_muon,TILLER→Muon,300,5.839956283569336,343.7643121877547,251.48647917597555
57,18l_1024d,c4_en,1337,rlb_fused_global_rational,GRAIN,tiller_then_muon_v1,TILLER→Muon,tiller_then_muon,TILLER→Muon,350,5.685042381286621,294.4303231222809,292.15961425798014
57,18l_1024d,c4_en,1337,rlb_fused_global_rational,GRAIN,tiller_then_muon_v1,TILLER→Muon,tiller_then_muon,TILLER→Muon,400,5.559786319732666,259.7673232410622,332.77437673090026
57,18l_1024d,c4_en,1337,rlb_fused_global_rational,GRAIN,tiller_then_muon_v1,TILLER→Muon,tiller_then_muon,TILLER→Muon,450,5.461477756500244,235.44509793745584,373.4486175950151
57,18l_1024d,c4_en,1337,rlb_fused_global_rational,GRAIN,tiller_then_muon_v1,TILLER→Muon,tiller_then_muon,TILLER→Muon,500,5.3756914138793945,216.08922776271064,414.05803584493697
57,18l_1024d,c4_en,1337,rlb_fused_global_rational,GRAIN,tiller_then_muon_v1,TILLER→Muon,tiller_then_muon,TILLER→Muon,550,5.287990570068359,197.94526836193725,454.64379306603223
57,18l_1024d,c4_en,1337,rlb_fused_global_rational,GRAIN,tiller_then_muon_v1,TILLER→Muon,tiller_then_muon,TILLER→Muon,600,5.2175726890563965,184.4858356624742,495.229797787033
57,18l_1024d,c4_en,1337,rlb_fused_global_rational,GRAIN,tiller_then_muon_v1,TILLER→Muon,tiller_then_muon,TILLER→Muon,650,5.152357578277588,172.83849063183328,536.297532560071
57,18l_1024d,c4_en,1337,rlb_fused_global_rational,GRAIN,tiller_then_muon_v1,TILLER→Muon,tiller_then_muon,TILLER→Muon,700,5.0943145751953125,163.09201898947165,576.9113902340177
57,18l_1024d,c4_en,1337,rlb_fused_global_rational,GRAIN,tiller_then_muon_v1,TILLER→Muon,tiller_then_muon,TILLER→Muon,750,5.039547920227051,154.4001980391833,617.4984831949696
57,18l_1024d,c4_en,1337,rlb_fused_global_rational,GRAIN,tiller_then_muon_v1,TILLER→Muon,tiller_then_muon,TILLER→Muon,800,4.977719783782959,145.1430465108439,658.122376736952
57,18l_1024d,c4_en,1337,rlb_fused_global_rational,GRAIN,tiller_then_muon_v1,TILLER→Muon,tiller_then_muon,TILLER→Muon,850,4.91977071762085,136.9712045022343,698.7533160469029
57,18l_1024d,c4_en,1337,rlb_fused_global_rational,GRAIN,tiller_then_muon_v1,TILLER→Muon,tiller_then_muon,TILLER→Muon,900,4.867528438568115,129.99921845697855,739.3647744210903
57,18l_1024d,c4_en,1337,rlb_fused_global_rational,GRAIN,tiller_then_muon_v1,TILLER→Muon,tiller_then_muon,TILLER→Muon,950,4.825011253356934,124.58787040708187,779.9726100300904
57,18l_1024d,c4_en,1337,rlb_fused_global_rational,GRAIN,tiller_then_muon_v1,TILLER→Muon,tiller_then_muon,TILLER→Muon,1000,4.779514312744141,119.04651662549391,820.5944869280793
57,18l_1024d,c4_en,1337,rlb_fused_global_rational,GRAIN,tiller_then_muon_v1,TILLER→Muon,tiller_then_muon,TILLER→Muon,1050,4.714123725891113,111.51105409940476,858.1748911400791
57,18l_1024d,c4_en,1337,rlb_fused_global_rational,GRAIN,tiller_then_muon_v1,TILLER→Muon,tiller_then_muon,TILLER→Muon,1100,4.676560401916504,107.40002361100542,895.6332433559
57,18l_1024d,c4_en,1337,rlb_fused_global_rational,GRAIN,tiller_then_muon_v1,TILLER→Muon,tiller_then_muon,TILLER→Muon,1150,4.640694618225098,103.61629635979105,933.2310482359026
57,18l_1024d,c4_en,1337,rlb_fused_global_rational,GRAIN,tiller_then_muon_v1,TILLER→Muon,tiller_then_muon,TILLER→Muon,1200,4.615471363067627,101.03544168579042,970.6552428849973
57,18l_1024d,c4_en,1337,rlb_fused_global_rational,GRAIN,tiller_then_muon_v1,TILLER→Muon,tiller_then_muon,TILLER→Muon,1250,4.588221073150635,98.31937153003416,1008.2324188319035
57,18l_1024d,c4_en,1337,rlb_fused_global_rational,GRAIN,tiller_then_muon_v1,TILLER→Muon,tiller_then_muon,TILLER→Muon,1300,4.566380500793457,96.19530008312937,1045.6625004420057
57,18l_1024d,c4_en,1337,rlb_fused_global_rational,GRAIN,tiller_then_muon_v1,TILLER→Muon,tiller_then_muon,TILLER→Muon,1350,4.540545463562012,93.74191897750461,1083.09002150991
57,18l_1024d,c4_en,1337,rlb_fused_global_rational,GRAIN,tiller_then_muon_v1,TILLER→Muon,tiller_then_muon,TILLER→Muon,1400,4.521322250366211,91.95710794681142,1120.5190927148797
57,18l_1024d,c4_en,1337,rlb_fused_global_rational,GRAIN,tiller_then_muon_v1,TILLER→Muon,tiller_then_muon,TILLER→Muon,1450,4.500117778778076,90.02773403262847,1157.9415369469207
57,18l_1024d,c4_en,1337,rlb_fused_global_rational,GRAIN,tiller_then_muon_v1,TILLER→Muon,tiller_then_muon,TILLER→Muon,1500,4.480991840362549,88.32223080005048,1195.378467357019
57,18l_1024d,c4_en,1337,rlb_fused_global_rational,GRAIN,tiller_then_muon_v1,TILLER→Muon,tiller_then_muon,TILLER→Muon,1550,4.468985080718994,87.26810796709532,1232.9864044159185
57,18l_1024d,c4_en,1337,rlb_fused_global_rational,GRAIN,tiller_then_muon_v1,TILLER→Muon,tiller_then_muon,TILLER→Muon,1600,4.45234489440918,85.82796573973037,1270.4108059830032
57,18l_1024d,c4_en,1337,rlb_fused_global_rational,GRAIN,tiller_then_muon_v1,TILLER→Muon,tiller_then_muon,TILLER→Muon,1650,4.433918476104736,84.26094536491202,1307.8406428250019
57,18l_1024d,c4_en,1337,rlb_fused_global_rational,GRAIN,tiller_then_muon_v1,TILLER→Muon,tiller_then_muon,TILLER→Muon,1700,4.418703556060791,82.98862548539432,1345.2662442049477
57,18l_1024d,c4_en,1337,rlb_fused_global_rational,GRAIN,tiller_then_muon_v1,TILLER→Muon,tiller_then_muon,TILLER→Muon,1750,4.408333778381348,82.13249848428258,1382.7103904648684
57,18l_1024d,c4_en,1337,rlb_fused_global_rational,GRAIN,tiller_then_muon_v1,TILLER→Muon,tiller_then_muon,TILLER→Muon,1800,4.3968281745910645,81.19293001458809,1420.2505661149044
57,18l_1024d,c4_en,1337,rlb_fused_global_rational,GRAIN,tiller_then_muon_v1,TILLER→Muon,tiller_then_muon,TILLER→Muon,1850,4.384732246398926,80.2167420156543,1457.8395862348843
57,18l_1024d,c4_en,1337,rlb_fused_global_rational,GRAIN,tiller_then_muon_v1,TILLER→Muon,tiller_then_muon,TILLER→Muon,1900,4.373176574707031,79.29511892327824,1495.418181607034
57,18l_1024d,c4_en,1337,rlb_fused_global_rational,GRAIN,tiller_then_muon_v1,TILLER→Muon,tiller_then_muon,TILLER→Muon,1950,4.3627424240112305,78.47204321840438,1532.9355093878694
57,18l_1024d,c4_en,1337,rlb_fused_global_rational,GRAIN,tiller_then_muon_v1,TILLER→Muon,tiller_then_muon,TILLER→Muon,2000,4.3550028800964355,77.86704960111712,1570.4484939270187
57,18l_1024d,c4_en,1337,rlb_fused_global_rational,GRAIN,tiller_then_muon_v1,TILLER→Muon,tiller_then_muon,TILLER→Muon,2050,4.343602180480957,76.98435200451394,1608.0373481190763
57,18l_1024d,c4_en,1337,rlb_fused_global_rational,GRAIN,tiller_then_muon_v1,TILLER→Muon,tiller_then_muon,TILLER→Muon,2100,4.33441162109375,76.28006410280457,1645.6248324098997
57,18l_1024d,c4_en,1337,rlb_fused_global_rational,GRAIN,tiller_then_muon_v1,TILLER→Muon,tiller_then_muon,TILLER→Muon,2150,4.3255510330200195,75.60716342685203,1683.2019350540359
57,18l_1024d,c4_en,1337,rlb_fused_global_rational,GRAIN,tiller_then_muon_v1,TILLER→Muon,tiller_then_muon,TILLER→Muon,2200,4.320817947387695,75.2501537930001,1720.8450213528704
57,18l_1024d,c4_en,1337,rlb_fused_global_rational,GRAIN,tiller_then_muon_v1,TILLER→Muon,tiller_then_muon,TILLER→Muon,2250,4.314027786254883,74.74092395635556,1758.4224020759575
57,18l_1024d,c4_en,1337,rlb_fused_global_rational,GRAIN,tiller_then_muon_v1,TILLER→Muon,tiller_then_muon,TILLER→Muon,2300,4.307852268218994,74.28078230135733,1795.9557715049013
57,18l_1024d,c4_en,1337,rlb_fused_global_rational,GRAIN,tiller_then_muon_v1,TILLER→Muon,tiller_then_muon,TILLER→Muon,2350,4.30135440826416,73.79968093803043,1833.5553448419087
57,18l_1024d,c4_en,1337,rlb_fused_global_rational,GRAIN,tiller_then_muon_v1,TILLER→Muon,tiller_then_muon,TILLER→Muon,2400,4.295297145843506,73.35400804552,1871.0883584800176
57,18l_1024d,c4_en,1337,rlb_fused_global_rational,GRAIN,tiller_then_muon_v1,TILLER→Muon,tiller_then_muon,TILLER→Muon,2450,4.287916660308838,72.81461279811373,1908.5124337289017
57,18l_1024d,c4_en,1337,rlb_fused_global_rational,GRAIN,tiller_then_muon_v1,TILLER→Muon,tiller_then_muon,TILLER→Muon,2500,4.28306770324707,72.46239250784632,1946.133948758943
57,18l_1024d,c4_en,1337,rlb_fused_global_rational,GRAIN,tiller_then_muon_v1,TILLER→Muon,tiller_then_muon,TILLER→Muon,2550,4.278510093688965,72.13288866045711,1984.1459742260631
57,18l_1024d,c4_en,1337,rlb_fused_global_rational,GRAIN,tiller_then_muon_v1,TILLER→Muon,tiller_then_muon,TILLER→Muon,2600,4.2750244140625,71.88189421729479,2021.7215210229624
57,18l_1024d,c4_en,1337,rlb_fused_global_rational,GRAIN,tiller_then_muon_v1,TILLER→Muon,tiller_then_muon,TILLER→Muon,2650,4.26984167098999,71.51031256586492,2059.353043392068
57,18l_1024d,c4_en,1337,rlb_fused_global_rational,GRAIN,tiller_then_muon_v1,TILLER→Muon,tiller_then_muon,TILLER→Muon,2700,4.267207622528076,71.32219879619706,2096.951167491032
57,18l_1024d,c4_en,1337,rlb_fused_global_rational,GRAIN,tiller_then_muon_v1,TILLER→Muon,tiller_then_muon,TILLER→Muon,2750,4.263487339019775,71.05735295251876,2134.3845424149185
57,18l_1024d,c4_en,1337,rlb_fused_global_rational,GRAIN,tiller_then_muon_v1,TILLER→Muon,tiller_then_muon,TILLER→Muon,2800,4.2610182762146,70.88212429960421,2171.8132927310653
57,18l_1024d,c4_en,1337,rlb_fused_global_rational,GRAIN,tiller_then_muon_v1,TILLER→Muon,tiller_then_muon,TILLER→Muon,2850,4.257088661193848,70.60413139951912,2209.2430390680674
57,18l_1024d,c4_en,1337,rlb_fused_global_rational,GRAIN,tiller_then_muon_v1,TILLER→Muon,tiller_then_muon,TILLER→Muon,2900,4.253930568695068,70.38150873826987,2246.710422772914
57,18l_1024d,c4_en,1337,rlb_fused_global_rational,GRAIN,tiller_then_muon_v1,TILLER→Muon,tiller_then_muon,TILLER→Muon,2950,4.2516279220581055,70.2196314385045,2284.1415548089426
57,18l_1024d,c4_en,1337,rlb_fused_global_rational,GRAIN,tiller_then_muon_v1,TILLER→Muon,tiller_then_muon,TILLER→Muon,3000,4.250176429748535,70.11778211812488,2321.632217278937
57,18l_1024d,c4_en,1337,rlb_fused_global_rational,GRAIN,tiller_then_muon_v1,TILLER→Muon,tiller_then_muon,TILLER→Muon,3050,4.2472758293151855,69.91469313131957,2359.147251321003
58,18l_1024d,c4_en,2027,rlb_fused_global_rational,GRAIN,tiller_then_muon_v1,TILLER→Muon,tiller_then_muon,TILLER→Muon,1,11.032721519470215,61865.72065857902,8.662885542958975
58,18l_1024d,c4_en,2027,rlb_fused_global_rational,GRAIN,tiller_then_muon_v1,TILLER→Muon,tiller_then_muon,TILLER→Muon,50,8.449100494384766,4670.86937209248,48.54283331800252
58,18l_1024d,c4_en,2027,rlb_fused_global_rational,GRAIN,tiller_then_muon_v1,TILLER→Muon,tiller_then_muon,TILLER→Muon,100,7.12221622467041,1239.193724171449,89.1756385108456
58,18l_1024d,c4_en,2027,rlb_fused_global_rational,GRAIN,tiller_then_muon_v1,TILLER→Muon,tiller_then_muon,TILLER→Muon,150,6.596592426300049,732.5945611650674,129.76637632702477
58,18l_1024d,c4_en,2027,rlb_fused_global_rational,GRAIN,tiller_then_muon_v1,TILLER→Muon,tiller_then_muon,TILLER→Muon,200,6.280866622924805,534.2514578236129,170.3621137610171
58,18l_1024d,c4_en,2027,rlb_fused_global_rational,GRAIN,tiller_then_muon_v1,TILLER→Muon,tiller_then_muon,TILLER→Muon,250,6.042388916015625,420.89732318514916,211.02288480405696
58,18l_1024d,c4_en,2027,rlb_fused_global_rational,GRAIN,tiller_then_muon_v1,TILLER→Muon,tiller_then_muon,TILLER→Muon,300,5.846724510192871,346.0988784826164,251.687660504831
58,18l_1024d,c4_en,2027,rlb_fused_global_rational,GRAIN,tiller_then_muon_v1,TILLER→Muon,tiller_then_muon,TILLER→Muon,350,5.698193550109863,298.3279993311149,292.2779725638684
58,18l_1024d,c4_en,2027,rlb_fused_global_rational,GRAIN,tiller_then_muon_v1,TILLER→Muon,tiller_then_muon,TILLER→Muon,400,5.573596477508545,263.37963685887826,332.88218171102926
58,18l_1024d,c4_en,2027,rlb_fused_global_rational,GRAIN,tiller_then_muon_v1,TILLER→Muon,tiller_then_muon,TILLER→Muon,450,5.474511623382568,238.5339440787056,373.6576512278989
58,18l_1024d,c4_en,2027,rlb_fused_global_rational,GRAIN,tiller_then_muon_v1,TILLER→Muon,tiller_then_muon,TILLER→Muon,500,5.382580280303955,217.58297680001462,414.251264073886
58,18l_1024d,c4_en,2027,rlb_fused_global_rational,GRAIN,tiller_then_muon_v1,TILLER→Muon,tiller_then_muon,TILLER→Muon,550,5.299501895904541,200.23704623769774,454.84890704997815
58,18l_1024d,c4_en,2027,rlb_fused_global_rational,GRAIN,tiller_then_muon_v1,TILLER→Muon,tiller_then_muon,TILLER→Muon,600,5.229382038116455,186.67740834605394,495.4362808209844
58,18l_1024d,c4_en,2027,rlb_fused_global_rational,GRAIN,tiller_then_muon_v1,TILLER→Muon,tiller_then_muon,TILLER→Muon,650,5.170156955718994,175.94245049081735,536.311942274915
58,18l_1024d,c4_en,2027,rlb_fused_global_rational,GRAIN,tiller_then_muon_v1,TILLER→Muon,tiller_then_muon,TILLER→Muon,700,5.105900764465332,164.99262310809354,576.9079167549498
58,18l_1024d,c4_en,2027,rlb_fused_global_rational,GRAIN,tiller_then_muon_v1,TILLER→Muon,tiller_then_muon,TILLER→Muon,750,5.044051647186279,155.09714261960806,617.4973623228725
58,18l_1024d,c4_en,2027,rlb_fused_global_rational,GRAIN,tiller_then_muon_v1,TILLER→Muon,tiller_then_muon,TILLER→Muon,800,4.996220588684082,147.85330335861266,658.0824528180528
58,18l_1024d,c4_en,2027,rlb_fused_global_rational,GRAIN,tiller_then_muon_v1,TILLER→Muon,tiller_then_muon,TILLER→Muon,850,4.938015937805176,139.49321161302842,698.6927982210182
58,18l_1024d,c4_en,2027,rlb_fused_global_rational,GRAIN,tiller_then_muon_v1,TILLER→Muon,tiller_then_muon,TILLER→Muon,900,4.886846542358398,132.53497095766738,739.292956260033
58,18l_1024d,c4_en,2027,rlb_fused_global_rational,GRAIN,tiller_then_muon_v1,TILLER→Muon,tiller_then_muon,TILLER→Muon,950,4.843696594238281,126.93772276251944,779.8930418188684
58,18l_1024d,c4_en,2027,rlb_fused_global_rational,GRAIN,tiller_then_muon_v1,TILLER→Muon,tiller_then_muon,TILLER→Muon,1000,4.798935890197754,121.38118586290844,820.475222392939
58,18l_1024d,c4_en,2027,rlb_fused_global_rational,GRAIN,tiller_then_muon_v1,TILLER→Muon,tiller_then_muon,TILLER→Muon,1050,4.737597942352295,114.15965400253711,858.005758178886
58,18l_1024d,c4_en,2027,rlb_fused_global_rational,GRAIN,tiller_then_muon_v1,TILLER→Muon,tiller_then_muon,TILLER→Muon,1100,4.691679000854492,109.0360979061777,895.5361600278411
58,18l_1024d,c4_en,2027,rlb_fused_global_rational,GRAIN,tiller_then_muon_v1,TILLER→Muon,tiller_then_muon,TILLER→Muon,1150,4.659399032592773,105.57261738629558,933.0931716810446
58,18l_1024d,c4_en,2027,rlb_fused_global_rational,GRAIN,tiller_then_muon_v1,TILLER→Muon,tiller_then_muon,TILLER→Muon,1200,4.628136157989502,102.3231720427269,970.5832566278987
58,18l_1024d,c4_en,2027,rlb_fused_global_rational,GRAIN,tiller_then_muon_v1,TILLER→Muon,tiller_then_muon,TILLER→Muon,1250,4.6053547859191895,100.01846169707139,1008.0662952689454
58,18l_1024d,c4_en,2027,rlb_fused_global_rational,GRAIN,tiller_then_muon_v1,TILLER→Muon,tiller_then_muon,TILLER→Muon,1300,4.579459190368652,97.46167174116547,1045.5729719419032
58,18l_1024d,c4_en,2027,rlb_fused_global_rational,GRAIN,tiller_then_muon_v1,TILLER→Muon,tiller_then_muon,TILLER→Muon,1350,4.556637287139893,95.26259984921847,1083.138580054976
58,18l_1024d,c4_en,2027,rlb_fused_global_rational,GRAIN,tiller_then_muon_v1,TILLER→Muon,tiller_then_muon,TILLER→Muon,1400,4.533995151519775,93.12988684583438,1120.687760090921
58,18l_1024d,c4_en,2027,rlb_fused_global_rational,GRAIN,tiller_then_muon_v1,TILLER→Muon,tiller_then_muon,TILLER→Muon,1450,4.515458583831787,91.41947990653445,1158.2398304438684
58,18l_1024d,c4_en,2027,rlb_fused_global_rational,GRAIN,tiller_then_muon_v1,TILLER→Muon,tiller_then_muon,TILLER→Muon,1500,4.494372367858887,89.51197076122028,1195.752755359048
58,18l_1024d,c4_en,2027,rlb_fused_global_rational,GRAIN,tiller_then_muon_v1,TILLER→Muon,tiller_then_muon,TILLER→Muon,1550,4.481409549713135,88.35913152807329,1233.2412618289236
58,18l_1024d,c4_en,2027,rlb_fused_global_rational,GRAIN,tiller_then_muon_v1,TILLER→Muon,tiller_then_muon,TILLER→Muon,1600,4.461432933807373,86.61152880682619,1270.7533300609794
58,18l_1024d,c4_en,2027,rlb_fused_global_rational,GRAIN,tiller_then_muon_v1,TILLER→Muon,tiller_then_muon,TILLER→Muon,1650,4.4479827880859375,85.45439040769001,1308.258676944999
58,18l_1024d,c4_en,2027,rlb_fused_global_rational,GRAIN,tiller_then_muon_v1,TILLER→Muon,tiller_then_muon,TILLER→Muon,1700,4.434403419494629,84.30181706282171,1345.8152785978746
58,18l_1024d,c4_en,2027,rlb_fused_global_rational,GRAIN,tiller_then_muon_v1,TILLER→Muon,tiller_then_muon,TILLER→Muon,1750,4.419193267822266,83.02927594405459,1383.3732799410354
58,18l_1024d,c4_en,2027,rlb_fused_global_rational,GRAIN,tiller_then_muon_v1,TILLER→Muon,tiller_then_muon,TILLER→Muon,1800,4.405059814453125,81.86403934946952,1420.84852403705
58,18l_1024d,c4_en,2027,rlb_fused_global_rational,GRAIN,tiller_then_muon_v1,TILLER→Muon,tiller_then_muon,TILLER→Muon,1850,4.394561290740967,81.00908353083697,1458.334609956015
58,18l_1024d,c4_en,2027,rlb_fused_global_rational,GRAIN,tiller_then_muon_v1,TILLER→Muon,tiller_then_muon,TILLER→Muon,1900,4.382966041564941,80.07518786175316,1495.804707266856
58,18l_1024d,c4_en,2027,rlb_fused_global_rational,GRAIN,tiller_then_muon_v1,TILLER→Muon,tiller_then_muon,TILLER→Muon,1950,4.37481689453125,79.4252950148355,1533.7060881180223
58,18l_1024d,c4_en,2027,rlb_fused_global_rational,GRAIN,tiller_then_muon_v1,TILLER→Muon,tiller_then_muon,TILLER→Muon,2000,4.36436653137207,78.59959379129074,1571.2411843729205
58,18l_1024d,c4_en,2027,rlb_fused_global_rational,GRAIN,tiller_then_muon_v1,TILLER→Muon,tiller_then_muon,TILLER→Muon,2050,4.354880332946777,77.85750780080836,1608.7067765488755
58,18l_1024d,c4_en,2027,rlb_fused_global_rational,GRAIN,tiller_then_muon_v1,TILLER→Muon,tiller_then_muon,TILLER→Muon,2100,4.348925590515137,77.39526403266443,1646.1310040908866
58,18l_1024d,c4_en,2027,rlb_fused_global_rational,GRAIN,tiller_then_muon_v1,TILLER→Muon,tiller_then_muon,TILLER→Muon,2150,4.338016986846924,76.55557799931161,1683.648032697849
58,18l_1024d,c4_en,2027,rlb_fused_global_rational,GRAIN,tiller_then_muon_v1,TILLER→Muon,tiller_then_muon,TILLER→Muon,2200,4.329327583312988,75.89323752865182,1721.2094451950397
58,18l_1024d,c4_en,2027,rlb_fused_global_rational,GRAIN,tiller_then_muon_v1,TILLER→Muon,tiller_then_muon,TILLER→Muon,2250,4.322141170501709,75.34979244337643,1758.6365692019463
58,18l_1024d,c4_en,2027,rlb_fused_global_rational,GRAIN,tiller_then_muon_v1,TILLER→Muon,tiller_then_muon,TILLER→Muon,2300,4.316814422607422,74.94949019624202,1796.153310996946
58,18l_1024d,c4_en,2027,rlb_fused_global_rational,GRAIN,tiller_then_muon_v1,TILLER→Muon,tiller_then_muon,TILLER→Muon,2350,4.311842441558838,74.57776761596416,1833.7019500299357
58,18l_1024d,c4_en,2027,rlb_fused_global_rational,GRAIN,tiller_then_muon_v1,TILLER→Muon,tiller_then_muon,TILLER→Muon,2400,4.304632186889648,74.04197683399921,1871.163737816969
58,18l_1024d,c4_en,2027,rlb_fused_global_rational,GRAIN,tiller_then_muon_v1,TILLER→Muon,tiller_then_muon,TILLER→Muon,2450,4.300048351287842,73.70335726568565,1908.6948021638673
58,18l_1024d,c4_en,2027,rlb_fused_global_rational,GRAIN,tiller_then_muon_v1,TILLER→Muon,tiller_then_muon,TILLER→Muon,2500,4.294752597808838,73.31407413855588,1946.1199539869558
58,18l_1024d,c4_en,2027,rlb_fused_global_rational,GRAIN,tiller_then_muon_v1,TILLER→Muon,tiller_then_muon,TILLER→Muon,2550,4.290390968322754,72.99500165485584,1983.542680257
58,18l_1024d,c4_en,2027,rlb_fused_global_rational,GRAIN,tiller_then_muon_v1,TILLER→Muon,tiller_then_muon,TILLER→Muon,2600,4.285654544830322,72.65008389728774,2021.0850407739636
58,18l_1024d,c4_en,2027,rlb_fused_global_rational,GRAIN,tiller_then_muon_v1,TILLER→Muon,tiller_then_muon,TILLER→Muon,2650,4.282470703125,72.419145361234,2058.6547694909386
58,18l_1024d,c4_en,2027,rlb_fused_global_rational,GRAIN,tiller_then_muon_v1,TILLER→Muon,tiller_then_muon,TILLER→Muon,2700,4.2792558670043945,72.18670350832949,2096.221924468875
58,18l_1024d,c4_en,2027,rlb_fused_global_rational,GRAIN,tiller_then_muon_v1,TILLER→Muon,tiller_then_muon,TILLER→Muon,2750,4.276294231414795,71.97322907090609,2133.790713754017
58,18l_1024d,c4_en,2027,rlb_fused_global_rational,GRAIN,tiller_then_muon_v1,TILLER→Muon,tiller_then_muon,TILLER→Muon,2800,4.274650573730469,71.85502688845203,2171.3641952518374
58,18l_1024d,c4_en,2027,rlb_fused_global_rational,GRAIN,tiller_then_muon_v1,TILLER→Muon,tiller_then_muon,TILLER→Muon,2850,4.272284030914307,71.68517994506522,2208.9374319070484
58,18l_1024d,c4_en,2027,rlb_fused_global_rational,GRAIN,tiller_then_muon_v1,TILLER→Muon,tiller_then_muon,TILLER→Muon,2900,4.269351005554199,71.47523353392427,2246.4402921840083
58,18l_1024d,c4_en,2027,rlb_fused_global_rational,GRAIN,tiller_then_muon_v1,TILLER→Muon,tiller_then_muon,TILLER→Muon,2950,4.266419410705566,71.26600394553071,2284.014942518901
58,18l_1024d,c4_en,2027,rlb_fused_global_rational,GRAIN,tiller_then_muon_v1,TILLER→Muon,tiller_then_muon,TILLER→Muon,3000,4.265096187591553,71.17176548487161,2321.441529877018
58,18l_1024d,c4_en,2027,rlb_fused_global_rational,GRAIN,tiller_then_muon_v1,TILLER→Muon,tiller_then_muon,TILLER→Muon,3050,4.2628302574157715,71.01067780943275,2358.8671479308978
59,18l_1024d,c4_en,3407,rlb_fused_global_rational,GRAIN,tiller_then_muon_v1,TILLER→Muon,tiller_then_muon,TILLER→Muon,1,11.083897590637207,65114.17787852826,9.622502519050613
59,18l_1024d,c4_en,3407,rlb_fused_global_rational,GRAIN,tiller_then_muon_v1,TILLER→Muon,tiller_then_muon,TILLER→Muon,50,8.502610206604004,4927.614159558697,49.51416425104253
59,18l_1024d,c4_en,3407,rlb_fused_global_rational,GRAIN,tiller_then_muon_v1,TILLER→Muon,tiller_then_muon,TILLER→Muon,100,7.15725040435791,1283.3773084584595,90.17880917410366
59,18l_1024d,c4_en,3407,rlb_fused_global_rational,GRAIN,tiller_then_muon_v1,TILLER→Muon,tiller_then_muon,TILLER→Muon,150,6.641917705535889,766.5636276779531,130.86015254608355
59,18l_1024d,c4_en,3407,rlb_fused_global_rational,GRAIN,tiller_then_muon_v1,TILLER→Muon,tiller_then_muon,TILLER→Muon,200,6.3146514892578125,552.6094367028451,171.61994842113927
59,18l_1024d,c4_en,3407,rlb_fused_global_rational,GRAIN,tiller_then_muon_v1,TILLER→Muon,tiller_then_muon,TILLER→Muon,250,6.055276870727539,426.35693486915704,212.31317829107866
59,18l_1024d,c4_en,3407,rlb_fused_global_rational,GRAIN,tiller_then_muon_v1,TILLER→Muon,tiller_then_muon,TILLER→Muon,300,5.864422798156738,352.2787614630155,252.95671318797395
59,18l_1024d,c4_en,3407,rlb_fused_global_rational,GRAIN,tiller_then_muon_v1,TILLER→Muon,tiller_then_muon,TILLER→Muon,350,5.706642150878906,300.85913069914835,293.5956100670155
59,18l_1024d,c4_en,3407,rlb_fused_global_rational,GRAIN,tiller_then_muon_v1,TILLER→Muon,tiller_then_muon,TILLER→Muon,400,5.577663421630859,264.45296823489315,334.2367107551545
59,18l_1024d,c4_en,3407,rlb_fused_global_rational,GRAIN,tiller_then_muon_v1,TILLER→Muon,tiller_then_muon,TILLER→Muon,450,5.473931789398193,238.39567408219722,374.90258354204707
59,18l_1024d,c4_en,3407,rlb_fused_global_rational,GRAIN,tiller_then_muon_v1,TILLER→Muon,tiller_then_muon,TILLER→Muon,500,5.393574237823486,219.9882724362398,415.5481636109762
59,18l_1024d,c4_en,3407,rlb_fused_global_rational,GRAIN,tiller_then_muon_v1,TILLER→Muon,tiller_then_muon,TILLER→Muon,550,5.317234039306641,203.81934531207136,456.1713421661407
59,18l_1024d,c4_en,3407,rlb_fused_global_rational,GRAIN,tiller_then_muon_v1,TILLER→Muon,tiller_then_muon,TILLER→Muon,600,5.241158485412598,188.88880062198353,496.80886759096757
59,18l_1024d,c4_en,3407,rlb_fused_global_rational,GRAIN,tiller_then_muon_v1,TILLER→Muon,tiller_then_muon,TILLER→Muon,650,5.17589807510376,176.95546223216377,537.8767316830344
59,18l_1024d,c4_en,3407,rlb_fused_global_rational,GRAIN,tiller_then_muon_v1,TILLER→Muon,tiller_then_muon,TILLER→Muon,700,5.112708568572998,166.1196926467955,578.5145498870406
59,18l_1024d,c4_en,3407,rlb_fused_global_rational,GRAIN,tiller_then_muon_v1,TILLER→Muon,tiller_then_muon,TILLER→Muon,750,5.056427001953125,157.02845044444038,619.1270461280365
59,18l_1024d,c4_en,3407,rlb_fused_global_rational,GRAIN,tiller_then_muon_v1,TILLER→Muon,tiller_then_muon,TILLER→Muon,800,4.993902206420898,147.51091992375052,659.7458191090263
59,18l_1024d,c4_en,3407,rlb_fused_global_rational,GRAIN,tiller_then_muon_v1,TILLER→Muon,tiller_then_muon,TILLER→Muon,850,4.937068939208984,139.361174266911,700.3654918000102
59,18l_1024d,c4_en,3407,rlb_fused_global_rational,GRAIN,tiller_then_muon_v1,TILLER→Muon,tiller_then_muon,TILLER→Muon,900,4.887609004974365,132.63606245267624,740.9567507931497
59,18l_1024d,c4_en,3407,rlb_fused_global_rational,GRAIN,tiller_then_muon_v1,TILLER→Muon,tiller_then_muon,TILLER→Muon,950,4.843469142913818,126.9088538926086,781.564625075087
59,18l_1024d,c4_en,3407,rlb_fused_global_rational,GRAIN,tiller_then_muon_v1,TILLER→Muon,tiller_then_muon,TILLER→Muon,1000,4.798837661743164,121.36926336217884,822.1611648441758
59,18l_1024d,c4_en,3407,rlb_fused_global_rational,GRAIN,tiller_then_muon_v1,TILLER→Muon,tiller_then_muon,TILLER→Muon,1050,4.733122825622559,113.64991764060316,859.727925544139
59,18l_1024d,c4_en,3407,rlb_fused_global_rational,GRAIN,tiller_then_muon_v1,TILLER→Muon,tiller_then_muon,TILLER→Muon,1100,4.698121070861816,109.74078346200518,897.2343468000181
59,18l_1024d,c4_en,3407,rlb_fused_global_rational,GRAIN,tiller_then_muon_v1,TILLER→Muon,tiller_then_muon,TILLER→Muon,1150,4.6655707359313965,106.22619503059161,934.759130096063
59,18l_1024d,c4_en,3407,rlb_fused_global_rational,GRAIN,tiller_then_muon_v1,TILLER→Muon,tiller_then_muon,TILLER→Muon,1200,4.638562202453613,103.39557874974419,972.3055541990325
59,18l_1024d,c4_en,3407,rlb_fused_global_rational,GRAIN,tiller_then_muon_v1,TILLER→Muon,tiller_then_muon,TILLER→Muon,1250,4.6084089279174805,100.32439923207224,1009.7988023799844
59,18l_1024d,c4_en,3407,rlb_fused_global_rational,GRAIN,tiller_then_muon_v1,TILLER→Muon,tiller_then_muon,TILLER→Muon,1300,4.587651252746582,98.2633631049099,1047.3191372621804
59,18l_1024d,c4_en,3407,rlb_fused_global_rational,GRAIN,tiller_then_muon_v1,TILLER→Muon,tiller_then_muon,TILLER→Muon,1350,4.565563201904297,96.11671189062481,1084.877746897051
59,18l_1024d,c4_en,3407,rlb_fused_global_rational,GRAIN,tiller_then_muon_v1,TILLER→Muon,tiller_then_muon,TILLER→Muon,1400,4.544527530670166,94.11594980339879,1122.2992489770986
59,18l_1024d,c4_en,3407,rlb_fused_global_rational,GRAIN,tiller_then_muon_v1,TILLER→Muon,tiller_then_muon,TILLER→Muon,1450,4.521670818328857,91.98916683560547,1159.799858112121
59,18l_1024d,c4_en,3407,rlb_fused_global_rational,GRAIN,tiller_then_muon_v1,TILLER→Muon,tiller_then_muon,TILLER→Muon,1500,4.5045342445373535,90.42621773447384,1197.4291194151156
59,18l_1024d,c4_en,3407,rlb_fused_global_rational,GRAIN,tiller_then_muon_v1,TILLER→Muon,tiller_then_muon,TILLER→Muon,1550,4.488339424133301,88.97357576517761,1234.9989484399557
59,18l_1024d,c4_en,3407,rlb_fused_global_rational,GRAIN,tiller_then_muon_v1,TILLER→Muon,tiller_then_muon,TILLER→Muon,1600,4.473934173583984,87.70107645445908,1272.570661450969
59,18l_1024d,c4_en,3407,rlb_fused_global_rational,GRAIN,tiller_then_muon_v1,TILLER→Muon,tiller_then_muon,TILLER→Muon,1650,4.462094306945801,86.66883029220008,1310.0684632360935
59,18l_1024d,c4_en,3407,rlb_fused_global_rational,GRAIN,tiller_then_muon_v1,TILLER→Muon,tiller_then_muon,TILLER→Muon,1700,4.447946548461914,85.45129362882388,1347.4984198180027
59,18l_1024d,c4_en,3407,rlb_fused_global_rational,GRAIN,tiller_then_muon_v1,TILLER→Muon,tiller_then_muon,TILLER→Muon,1750,4.435524940490723,84.39641635829891,1384.9252723420504
59,18l_1024d,c4_en,3407,rlb_fused_global_rational,GRAIN,tiller_then_muon_v1,TILLER→Muon,tiller_then_muon,TILLER→Muon,1800,4.422603130340576,83.3128776065681,1422.428717458155
59,18l_1024d,c4_en,3407,rlb_fused_global_rational,GRAIN,tiller_then_muon_v1,TILLER→Muon,tiller_then_muon,TILLER→Muon,1850,4.410970687866211,82.34936024531,1459.8550965529867
59,18l_1024d,c4_en,3407,rlb_fused_global_rational,GRAIN,tiller_then_muon_v1,TILLER→Muon,tiller_then_muon,TILLER→Muon,1900,4.4013261795043945,81.55895879522244,1497.4067296481226
59,18l_1024d,c4_en,3407,rlb_fused_global_rational,GRAIN,tiller_then_muon_v1,TILLER→Muon,tiller_then_muon,TILLER→Muon,1950,4.390570640563965,80.6864488066363,1534.8417856420856
59,18l_1024d,c4_en,3407,rlb_fused_global_rational,GRAIN,tiller_then_muon_v1,TILLER→Muon,tiller_then_muon,TILLER→Muon,2000,4.3809590339660645,79.91463751800553,1572.2843172091525
59,18l_1024d,c4_en,3407,rlb_fused_global_rational,GRAIN,tiller_then_muon_v1,TILLER→Muon,tiller_then_muon,TILLER→Muon,2050,4.371947288513184,79.19770241699699,1609.7162999501452
59,18l_1024d,c4_en,3407,rlb_fused_global_rational,GRAIN,tiller_then_muon_v1,TILLER→Muon,tiller_then_muon,TILLER→Muon,2100,4.364947319030762,78.64525672429329,1647.135314932093
59,18l_1024d,c4_en,3407,rlb_fused_global_rational,GRAIN,tiller_then_muon_v1,TILLER→Muon,tiller_then_muon,TILLER→Muon,2150,4.356165885925293,77.95766211490658,1684.6937380679883
59,18l_1024d,c4_en,3407,rlb_fused_global_rational,GRAIN,tiller_then_muon_v1,TILLER→Muon,tiller_then_muon,TILLER→Muon,2200,4.347570419311523,77.29045123523437,1722.122279664036
59,18l_1024d,c4_en,3407,rlb_fused_global_rational,GRAIN,tiller_then_muon_v1,TILLER→Muon,tiller_then_muon,TILLER→Muon,2250,4.340461730957031,76.74296576195464,1759.5540166380815
59,18l_1024d,c4_en,3407,rlb_fused_global_rational,GRAIN,tiller_then_muon_v1,TILLER→Muon,tiller_then_muon,TILLER→Muon,2300,4.335358619689941,76.35233543144959,1797.0694575579837
59,18l_1024d,c4_en,3407,rlb_fused_global_rational,GRAIN,tiller_then_muon_v1,TILLER→Muon,tiller_then_muon,TILLER→Muon,2350,4.329965114593506,75.94163726809069,1834.612586723175
59,18l_1024d,c4_en,3407,rlb_fused_global_rational,GRAIN,tiller_then_muon_v1,TILLER→Muon,tiller_then_muon,TILLER→Muon,2400,4.323672294616699,75.46525069554694,1872.1840817739721
59,18l_1024d,c4_en,3407,rlb_fused_global_rational,GRAIN,tiller_then_muon_v1,TILLER→Muon,tiller_then_muon,TILLER→Muon,2450,4.320361137390137,75.21578662066122,1909.6254079020582
59,18l_1024d,c4_en,3407,rlb_fused_global_rational,GRAIN,tiller_then_muon_v1,TILLER→Muon,tiller_then_muon,TILLER→Muon,2500,4.314754486083984,74.79525791286889,1947.0437041721307
59,18l_1024d,c4_en,3407,rlb_fused_global_rational,GRAIN,tiller_then_muon_v1,TILLER→Muon,tiller_then_muon,TILLER→Muon,2550,4.309043884277344,74.36934923278322,1984.4732243029866
59,18l_1024d,c4_en,3407,rlb_fused_global_rational,GRAIN,tiller_then_muon_v1,TILLER→Muon,tiller_then_muon,TILLER→Muon,2600,4.304807662963867,74.05497056943294,2022.0316530279815
59,18l_1024d,c4_en,3407,rlb_fused_global_rational,GRAIN,tiller_then_muon_v1,TILLER→Muon,tiller_then_muon,TILLER→Muon,2650,4.300699234008789,73.75134512294508,2059.4509847990703
59,18l_1024d,c4_en,3407,rlb_fused_global_rational,GRAIN,tiller_then_muon_v1,TILLER→Muon,tiller_then_muon,TILLER→Muon,2700,4.2979817390441895,73.55119828612165,2096.999832125148
59,18l_1024d,c4_en,3407,rlb_fused_global_rational,GRAIN,tiller_then_muon_v1,TILLER→Muon,tiller_then_muon,TILLER→Muon,2750,4.294181823730469,73.27224030542747,2134.5387872981373
59,18l_1024d,c4_en,3407,rlb_fused_global_rational,GRAIN,tiller_then_muon_v1,TILLER→Muon,tiller_then_muon,TILLER→Muon,2800,4.290587425231934,73.0093434359914,2172.133449977031
59,18l_1024d,c4_en,3407,rlb_fused_global_rational,GRAIN,tiller_then_muon_v1,TILLER→Muon,tiller_then_muon,TILLER→Muon,2850,4.288950443267822,72.88992622615137,2209.7083483240567
59,18l_1024d,c4_en,3407,rlb_fused_global_rational,GRAIN,tiller_then_muon_v1,TILLER→Muon,tiller_then_muon,TILLER→Muon,2900,4.285391807556152,72.63099851960621,2247.2384428691585
59,18l_1024d,c4_en,3407,rlb_fused_global_rational,GRAIN,tiller_then_muon_v1,TILLER→Muon,tiller_then_muon,TILLER→Muon,2950,4.283478736877441,72.49218311015447,2284.6884340939578
59,18l_1024d,c4_en,3407,rlb_fused_global_rational,GRAIN,tiller_then_muon_v1,TILLER→Muon,tiller_then_muon,TILLER→Muon,3000,4.281627655029297,72.35811826664718,2322.2127335141413
59,18l_1024d,c4_en,3407,rlb_fused_global_rational,GRAIN,tiller_then_muon_v1,TILLER→Muon,tiller_then_muon,TILLER→Muon,3050,4.279963493347168,72.2378027987997,2359.6408988090698
45,18l_1024d,dclm,1337,rlb_fused_global_rational,GRAIN,tiller_then_muon_v1,TILLER→Muon,tiller_then_muon,TILLER→Muon,1,11.101978302001953,66302.19627877293,12.30523264594376
45,18l_1024d,dclm,1337,rlb_fused_global_rational,GRAIN,tiller_then_muon_v1,TILLER→Muon,tiller_then_muon,TILLER→Muon,50,8.345992088317871,4213.260482417849,52.87140041589737
45,18l_1024d,dclm,1337,rlb_fused_global_rational,GRAIN,tiller_then_muon_v1,TILLER→Muon,tiller_then_muon,TILLER→Muon,100,6.958948612213135,1052.5263619362074,94.08085417421535
45,18l_1024d,dclm,1337,rlb_fused_global_rational,GRAIN,tiller_then_muon_v1,TILLER→Muon,tiller_then_muon,TILLER→Muon,150,6.391489028930664,596.7444882704257,135.2361669940874
45,18l_1024d,dclm,1337,rlb_fused_global_rational,GRAIN,tiller_then_muon_v1,TILLER→Muon,tiller_then_muon,TILLER→Muon,200,6.076993942260742,435.71743232986546,176.46346161607653
45,18l_1024d,dclm,1337,rlb_fused_global_rational,GRAIN,tiller_then_muon_v1,TILLER→Muon,tiller_then_muon,TILLER→Muon,250,5.831572532653809,340.89432525877476,217.6581490067765
45,18l_1024d,dclm,1337,rlb_fused_global_rational,GRAIN,tiller_then_muon_v1,TILLER→Muon,tiller_then_muon,TILLER→Muon,300,5.645380973815918,282.9813441718071,258.9371078792028
45,18l_1024d,dclm,1337,rlb_fused_global_rational,GRAIN,tiller_then_muon_v1,TILLER→Muon,tiller_then_muon,TILLER→Muon,350,5.502320289611816,245.26034760183302,300.12956490693614
45,18l_1024d,dclm,1337,rlb_fused_global_rational,GRAIN,tiller_then_muon_v1,TILLER→Muon,tiller_then_muon,TILLER→Muon,400,5.391246795654297,219.4768578290664,341.3400853141211
45,18l_1024d,dclm,1337,rlb_fused_global_rational,GRAIN,tiller_then_muon_v1,TILLER→Muon,tiller_then_muon,TILLER→Muon,450,5.299723148345947,200.28135407446558,382.6130227590911
45,18l_1024d,dclm,1337,rlb_fused_global_rational,GRAIN,tiller_then_muon_v1,TILLER→Muon,tiller_then_muon,TILLER→Muon,500,5.2180891036987305,184.58113145326655,423.78603041311726
45,18l_1024d,dclm,1337,rlb_fused_global_rational,GRAIN,tiller_then_muon_v1,TILLER→Muon,tiller_then_muon,TILLER→Muon,550,5.142827987670898,171.19923370422453,465.00686583295465
45,18l_1024d,dclm,1337,rlb_fused_global_rational,GRAIN,tiller_then_muon_v1,TILLER→Muon,tiller_then_muon,TILLER→Muon,600,5.0737481117248535,159.77204997175335,506.27523346291855
45,18l_1024d,dclm,1337,rlb_fused_global_rational,GRAIN,tiller_then_muon_v1,TILLER→Muon,tiller_then_muon,TILLER→Muon,650,5.024913787841797,152.157137751965,547.8071668981574
45,18l_1024d,dclm,1337,rlb_fused_global_rational,GRAIN,tiller_then_muon_v1,TILLER→Muon,tiller_then_muon,TILLER→Muon,700,4.967295169830322,143.63784548401972,589.0464027537964
45,18l_1024d,dclm,1337,rlb_fused_global_rational,GRAIN,tiller_then_muon_v1,TILLER→Muon,tiller_then_muon,TILLER→Muon,750,4.918069362640381,136.7383659879213,630.2460070829839
45,18l_1024d,dclm,1337,rlb_fused_global_rational,GRAIN,tiller_then_muon_v1,TILLER→Muon,tiller_then_muon,TILLER→Muon,800,4.870915412902832,130.44026896517204,671.5284085031599
45,18l_1024d,dclm,1337,rlb_fused_global_rational,GRAIN,tiller_then_muon_v1,TILLER→Muon,tiller_then_muon,TILLER→Muon,850,4.82520055770874,124.61145766564715,712.7777115758508
45,18l_1024d,dclm,1337,rlb_fused_global_rational,GRAIN,tiller_then_muon_v1,TILLER→Muon,tiller_then_muon,TILLER→Muon,900,4.779721260070801,119.07115553324786,754.0029051420279
45,18l_1024d,dclm,1337,rlb_fused_global_rational,GRAIN,tiller_then_muon_v1,TILLER→Muon,tiller_then_muon,TILLER→Muon,950,4.739453315734863,114.3716593997046,795.2399950008839
45,18l_1024d,dclm,1337,rlb_fused_global_rational,GRAIN,tiller_then_muon_v1,TILLER→Muon,tiller_then_muon,TILLER→Muon,1000,4.69802713394165,109.73047523495929,836.5367304361425
45,18l_1024d,dclm,1337,rlb_fused_global_rational,GRAIN,tiller_then_muon_v1,TILLER→Muon,tiller_then_muon,TILLER→Muon,1050,4.636427879333496,103.1751345088039,874.7404763400555
45,18l_1024d,dclm,1337,rlb_fused_global_rational,GRAIN,tiller_then_muon_v1,TILLER→Muon,tiller_then_muon,TILLER→Muon,1100,4.601365089416504,99.62021336349203,913.3154144571163
45,18l_1024d,dclm,1337,rlb_fused_global_rational,GRAIN,tiller_then_muon_v1,TILLER→Muon,tiller_then_muon,TILLER→Muon,1150,4.5714592933654785,96.68509879886722,951.1572895869613
45,18l_1024d,dclm,1337,rlb_fused_global_rational,GRAIN,tiller_then_muon_v1,TILLER→Muon,tiller_then_muon,TILLER→Muon,1200,4.538039207458496,93.5072718865883,989.0671107820235
45,18l_1024d,dclm,1337,rlb_fused_global_rational,GRAIN,tiller_then_muon_v1,TILLER→Muon,tiller_then_muon,TILLER→Muon,1250,4.512503623962402,91.14973774703638,1026.8989230459556
45,18l_1024d,dclm,1337,rlb_fused_global_rational,GRAIN,tiller_then_muon_v1,TILLER→Muon,tiller_then_muon,TILLER→Muon,1300,4.490399360656738,89.1570445857026,1064.7306436738
45,18l_1024d,dclm,1337,rlb_fused_global_rational,GRAIN,tiller_then_muon_v1,TILLER→Muon,tiller_then_muon,TILLER→Muon,1350,4.469278335571289,87.29370351603329,1102.5879242341034
45,18l_1024d,dclm,1337,rlb_fused_global_rational,GRAIN,tiller_then_muon_v1,TILLER→Muon,tiller_then_muon,TILLER→Muon,1400,4.451432228088379,85.74966918076791,1140.4309161817655
45,18l_1024d,dclm,1337,rlb_fused_global_rational,GRAIN,tiller_then_muon_v1,TILLER→Muon,tiller_then_muon,TILLER→Muon,1450,4.431493282318115,84.05684383667362,1178.3093507420272
45,18l_1024d,dclm,1337,rlb_fused_global_rational,GRAIN,tiller_then_muon_v1,TILLER→Muon,tiller_then_muon,TILLER→Muon,1500,4.413361072540283,82.54644235113979,1216.3988347700797
45,18l_1024d,dclm,1337,rlb_fused_global_rational,GRAIN,tiller_then_muon_v1,TILLER→Muon,tiller_then_muon,TILLER→Muon,1550,4.399828910827637,81.43693449528672,1254.2300539608113
45,18l_1024d,dclm,1337,rlb_fused_global_rational,GRAIN,tiller_then_muon_v1,TILLER→Muon,tiller_then_muon,TILLER→Muon,1600,4.382715225219727,80.05510621429927,1292.0900527969934
45,18l_1024d,dclm,1337,rlb_fused_global_rational,GRAIN,tiller_then_muon_v1,TILLER→Muon,tiller_then_muon,TILLER→Muon,1650,4.365184783935547,78.6639344302552,1330.0262725302018
45,18l_1024d,dclm,1337,rlb_fused_global_rational,GRAIN,tiller_then_muon_v1,TILLER→Muon,tiller_then_muon,TILLER→Muon,1700,4.352494239807129,77.67195399793938,1367.861117398832
45,18l_1024d,dclm,1337,rlb_fused_global_rational,GRAIN,tiller_then_muon_v1,TILLER→Muon,tiller_then_muon,TILLER→Muon,1750,4.341717720031738,76.839414645205,1405.7872259081341
45,18l_1024d,dclm,1337,rlb_fused_global_rational,GRAIN,tiller_then_muon_v1,TILLER→Muon,tiller_then_muon,TILLER→Muon,1800,4.3300862312316895,75.9508356209203,1443.636558115948
45,18l_1024d,dclm,1337,rlb_fused_global_rational,GRAIN,tiller_then_muon_v1,TILLER→Muon,tiller_then_muon,TILLER→Muon,1850,4.317221164703369,74.9799815096046,1481.576260610018
45,18l_1024d,dclm,1337,rlb_fused_global_rational,GRAIN,tiller_then_muon_v1,TILLER→Muon,tiller_then_muon,TILLER→Muon,1900,4.306283473968506,74.16434239616909,1519.4448272120208
45,18l_1024d,dclm,1337,rlb_fused_global_rational,GRAIN,tiller_then_muon_v1,TILLER→Muon,tiller_then_muon,TILLER→Muon,1950,4.295910835266113,73.39903844028862,1557.2930873748846
45,18l_1024d,dclm,1337,rlb_fused_global_rational,GRAIN,tiller_then_muon_v1,TILLER→Muon,tiller_then_muon,TILLER→Muon,2000,4.285717487335205,72.65465681946228,1595.1139896190725
45,18l_1024d,dclm,1337,rlb_fused_global_rational,GRAIN,tiller_then_muon_v1,TILLER→Muon,tiller_then_muon,TILLER→Muon,2050,4.277215003967285,72.03953056436202,1632.9352895338088
45,18l_1024d,dclm,1337,rlb_fused_global_rational,GRAIN,tiller_then_muon_v1,TILLER→Muon,tiller_then_muon,TILLER→Muon,2100,4.270430564880371,71.55243695421427,1670.7574873999692
45,18l_1024d,dclm,1337,rlb_fused_global_rational,GRAIN,tiller_then_muon_v1,TILLER→Muon,tiller_then_muon,TILLER→Muon,2150,4.261460781097412,70.91349692646928,1708.5845980001613
45,18l_1024d,dclm,1337,rlb_fused_global_rational,GRAIN,tiller_then_muon_v1,TILLER→Muon,tiller_then_muon,TILLER→Muon,2200,4.254024505615234,70.38812047097542,1746.4626289871521
45,18l_1024d,dclm,1337,rlb_fused_global_rational,GRAIN,tiller_then_muon_v1,TILLER→Muon,tiller_then_muon,TILLER→Muon,2250,4.24959659576416,70.07713722992628,1784.3437620247714
45,18l_1024d,dclm,1337,rlb_fused_global_rational,GRAIN,tiller_then_muon_v1,TILLER→Muon,tiller_then_muon,TILLER→Muon,2300,4.244944095611572,69.75186059979484,1822.2419345770031
45,18l_1024d,dclm,1337,rlb_fused_global_rational,GRAIN,tiller_then_muon_v1,TILLER→Muon,tiller_then_muon,TILLER→Muon,2350,4.238346099853516,69.29315305874188,1860.0523075959645
45,18l_1024d,dclm,1337,rlb_fused_global_rational,GRAIN,tiller_then_muon_v1,TILLER→Muon,tiller_then_muon,TILLER→Muon,2400,4.233340740203857,68.94718248232346,1897.883195150178
45,18l_1024d,dclm,1337,rlb_fused_global_rational,GRAIN,tiller_then_muon_v1,TILLER→Muon,tiller_then_muon,TILLER→Muon,2450,4.226558685302734,68.4811609834154,1935.7072317390703
45,18l_1024d,dclm,1337,rlb_fused_global_rational,GRAIN,tiller_then_muon_v1,TILLER→Muon,tiller_then_muon,TILLER→Muon,2500,4.223239421844482,68.25423079707247,1973.499082278926
45,18l_1024d,dclm,1337,rlb_fused_global_rational,GRAIN,tiller_then_muon_v1,TILLER→Muon,tiller_then_muon,TILLER→Muon,2550,4.218672275543213,67.94321450840717,2011.3091838839464
45,18l_1024d,dclm,1337,rlb_fused_global_rational,GRAIN,tiller_then_muon_v1,TILLER→Muon,tiller_then_muon,TILLER→Muon,2600,4.214412212371826,67.65438776941662,2049.1809846120887
45,18l_1024d,dclm,1337,rlb_fused_global_rational,GRAIN,tiller_then_muon_v1,TILLER→Muon,tiller_then_muon,TILLER→Muon,2650,4.210525035858154,67.39191369426429,2087.0506148450077
45,18l_1024d,dclm,1337,rlb_fused_global_rational,GRAIN,tiller_then_muon_v1,TILLER→Muon,tiller_then_muon,TILLER→Muon,2700,4.207939147949219,67.21787088406421,2124.926299838815
45,18l_1024d,dclm,1337,rlb_fused_global_rational,GRAIN,tiller_then_muon_v1,TILLER→Muon,tiller_then_muon,TILLER→Muon,2750,4.2060866355896,67.09346421548804,2162.7234720261768
45,18l_1024d,dclm,1337,rlb_fused_global_rational,GRAIN,tiller_then_muon_v1,TILLER→Muon,tiller_then_muon,TILLER→Muon,2800,4.202510833740234,66.85397971180939,2200.5126504441723
45,18l_1024d,dclm,1337,rlb_fused_global_rational,GRAIN,tiller_then_muon_v1,TILLER→Muon,tiller_then_muon,TILLER→Muon,2850,4.198464393615723,66.58400567108794,2238.294026446063
45,18l_1024d,dclm,1337,rlb_fused_global_rational,GRAIN,tiller_then_muon_v1,TILLER→Muon,tiller_then_muon,TILLER→Muon,2900,4.197208404541016,66.50042938385351,2276.1484797471203
45,18l_1024d,dclm,1337,rlb_fused_global_rational,GRAIN,tiller_then_muon_v1,TILLER→Muon,tiller_then_muon,TILLER→Muon,2950,4.194604396820068,66.32748702163966,2313.9789908519015
45,18l_1024d,dclm,1337,rlb_fused_global_rational,GRAIN,tiller_then_muon_v1,TILLER→Muon,tiller_then_muon,TILLER→Muon,3000,4.191901206970215,66.14843334902393,2351.8259857958183
45,18l_1024d,dclm,1337,rlb_fused_global_rational,GRAIN,tiller_then_muon_v1,TILLER→Muon,tiller_then_muon,TILLER→Muon,3050,4.190079689025879,66.02805246194654,2389.6669519888237
46,18l_1024d,dclm,2027,rlb_fused_global_rational,GRAIN,tiller_then_muon_v1,TILLER→Muon,tiller_then_muon,TILLER→Muon,1,11.033744812011719,61929.059790807485,9.279306637123227
46,18l_1024d,dclm,2027,rlb_fused_global_rational,GRAIN,tiller_then_muon_v1,TILLER→Muon,tiller_then_muon,TILLER→Muon,50,8.36268424987793,4284.179153387204,49.83316346490756
46,18l_1024d,dclm,2027,rlb_fused_global_rational,GRAIN,tiller_then_muon_v1,TILLER→Muon,tiller_then_muon,TILLER→Muon,100,6.946102619171143,1039.0920886474792,91.23238239111379
46,18l_1024d,dclm,2027,rlb_fused_global_rational,GRAIN,tiller_then_muon_v1,TILLER→Muon,tiller_then_muon,TILLER→Muon,150,6.382640838623047,591.4876704320282,132.60143785970286
46,18l_1024d,dclm,2027,rlb_fused_global_rational,GRAIN,tiller_then_muon_v1,TILLER→Muon,tiller_then_muon,TILLER→Muon,200,6.068330764770508,431.9590382015044,173.93116641184315
46,18l_1024d,dclm,2027,rlb_fused_global_rational,GRAIN,tiller_then_muon_v1,TILLER→Muon,tiller_then_muon,TILLER→Muon,250,5.833953380584717,341.7069097439302,215.31651931302622
46,18l_1024d,dclm,2027,rlb_fused_global_rational,GRAIN,tiller_then_muon_v1,TILLER→Muon,tiller_then_muon,TILLER→Muon,300,5.654324531555176,285.523555423753,256.6062070168555
46,18l_1024d,dclm,2027,rlb_fused_global_rational,GRAIN,tiller_then_muon_v1,TILLER→Muon,tiller_then_muon,TILLER→Muon,350,5.510758399963379,247.33863756833176,297.8123000548221
46,18l_1024d,dclm,2027,rlb_fused_global_rational,GRAIN,tiller_then_muon_v1,TILLER→Muon,tiller_then_muon,TILLER→Muon,400,5.3990278244018555,221.19127488359638,339.0332180480473
46,18l_1024d,dclm,2027,rlb_fused_global_rational,GRAIN,tiller_then_muon_v1,TILLER→Muon,tiller_then_muon,TILLER→Muon,450,5.307988166809082,201.94354271152847,380.3223912050016
46,18l_1024d,dclm,2027,rlb_fused_global_rational,GRAIN,tiller_then_muon_v1,TILLER→Muon,tiller_then_muon,TILLER→Muon,500,5.222755432128906,185.44446035618867,421.4991420847364
46,18l_1024d,dclm,2027,rlb_fused_global_rational,GRAIN,tiller_then_muon_v1,TILLER→Muon,tiller_then_muon,TILLER→Muon,550,5.151756286621094,172.73459552825508,462.72957595810294
46,18l_1024d,dclm,2027,rlb_fused_global_rational,GRAIN,tiller_then_muon_v1,TILLER→Muon,tiller_then_muon,TILLER→Muon,600,5.0891265869140625,162.2480905445062,503.9597445419058
46,18l_1024d,dclm,2027,rlb_fused_global_rational,GRAIN,tiller_then_muon_v1,TILLER→Muon,tiller_then_muon,TILLER→Muon,650,5.0296430587768555,152.8784343402159,545.674841450993
46,18l_1024d,dclm,2027,rlb_fused_global_rational,GRAIN,tiller_then_muon_v1,TILLER→Muon,tiller_then_muon,TILLER→Muon,700,4.982724189758301,145.87122176266683,587.0114401108585
46,18l_1024d,dclm,2027,rlb_fused_global_rational,GRAIN,tiller_then_muon_v1,TILLER→Muon,tiller_then_muon,TILLER→Muon,750,4.929692268371582,138.33693513880033,628.2632227670401
46,18l_1024d,dclm,2027,rlb_fused_global_rational,GRAIN,tiller_then_muon_v1,TILLER→Muon,tiller_then_muon,TILLER→Muon,800,4.8824462890625,131.95306472122303,669.483114192728
46,18l_1024d,dclm,2027,rlb_fused_global_rational,GRAIN,tiller_then_muon_v1,TILLER→Muon,tiller_then_muon,TILLER→Muon,850,4.834406852722168,125.76396452591892,710.7308102659881
46,18l_1024d,dclm,2027,rlb_fused_global_rational,GRAIN,tiller_then_muon_v1,TILLER→Muon,tiller_then_muon,TILLER→Muon,900,4.788671016693115,120.14159634335543,751.9920517578721
46,18l_1024d,dclm,2027,rlb_fused_global_rational,GRAIN,tiller_then_muon_v1,TILLER→Muon,tiller_then_muon,TILLER→Muon,950,4.743666648864746,114.85456190154717,793.3738992819563
46,18l_1024d,dclm,2027,rlb_fused_global_rational,GRAIN,tiller_then_muon_v1,TILLER→Muon,tiller_then_muon,TILLER→Muon,1000,4.70844030380249,110.87908727961288,834.6866971617565
46,18l_1024d,dclm,2027,rlb_fused_global_rational,GRAIN,tiller_then_muon_v1,TILLER→Muon,tiller_then_muon,TILLER→Muon,1050,4.647995948791504,104.37560178837289,872.6010325620882
46,18l_1024d,dclm,2027,rlb_fused_global_rational,GRAIN,tiller_then_muon_v1,TILLER→Muon,tiller_then_muon,TILLER→Muon,1100,4.6110453605651855,100.58924672645152,910.444076302927
46,18l_1024d,dclm,2027,rlb_fused_global_rational,GRAIN,tiller_then_muon_v1,TILLER→Muon,tiller_then_muon,TILLER→Muon,1150,4.579233646392822,97.43969232698532,948.288398006931
46,18l_1024d,dclm,2027,rlb_fused_global_rational,GRAIN,tiller_then_muon_v1,TILLER→Muon,tiller_then_muon,TILLER→Muon,1200,4.553114891052246,94.92763752153753,986.1751682837494
46,18l_1024d,dclm,2027,rlb_fused_global_rational,GRAIN,tiller_then_muon_v1,TILLER→Muon,tiller_then_muon,TILLER→Muon,1250,4.527411460876465,92.51876241572099,1024.0752044101246
46,18l_1024d,dclm,2027,rlb_fused_global_rational,GRAIN,tiller_then_muon_v1,TILLER→Muon,tiller_then_muon,TILLER→Muon,1300,4.505317687988281,90.4970893208652,1061.8954126760364
46,18l_1024d,dclm,2027,rlb_fused_global_rational,GRAIN,tiller_then_muon_v1,TILLER→Muon,tiller_then_muon,TILLER→Muon,1350,4.487208366394043,88.87299840384274,1099.7842353167944
46,18l_1024d,dclm,2027,rlb_fused_global_rational,GRAIN,tiller_then_muon_v1,TILLER→Muon,tiller_then_muon,TILLER→Muon,1400,4.464519023895264,86.8792326540021,1137.5880582011305
46,18l_1024d,dclm,2027,rlb_fused_global_rational,GRAIN,tiller_then_muon_v1,TILLER→Muon,tiller_then_muon,TILLER→Muon,1450,4.444848537445068,85.1869742233773,1175.400029314682
46,18l_1024d,dclm,2027,rlb_fused_global_rational,GRAIN,tiller_then_muon_v1,TILLER→Muon,tiller_then_muon,TILLER→Muon,1500,4.429823875427246,83.91663582701908,1213.2631497839466
46,18l_1024d,dclm,2027,rlb_fused_global_rational,GRAIN,tiller_then_muon_v1,TILLER→Muon,tiller_then_muon,TILLER→Muon,1550,4.413372993469238,82.54742638727984,1251.0946029578336
46,18l_1024d,dclm,2027,rlb_fused_global_rational,GRAIN,tiller_then_muon_v1,TILLER→Muon,tiller_then_muon,TILLER→Muon,1600,4.399769306182861,81.43208062039272,1288.8927379818633
46,18l_1024d,dclm,2027,rlb_fused_global_rational,GRAIN,tiller_then_muon_v1,TILLER→Muon,tiller_then_muon,TILLER→Muon,1650,4.3824310302734375,80.03235819027837,1326.7838261430152
46,18l_1024d,dclm,2027,rlb_fused_global_rational,GRAIN,tiller_then_muon_v1,TILLER→Muon,tiller_then_muon,TILLER→Muon,1700,4.368978023529053,78.96289223173474,1364.7294187997468
46,18l_1024d,dclm,2027,rlb_fused_global_rational,GRAIN,tiller_then_muon_v1,TILLER→Muon,tiller_then_muon,TILLER→Muon,1750,4.357176303863525,78.03647174375648,1402.5360529487953
46,18l_1024d,dclm,2027,rlb_fused_global_rational,GRAIN,tiller_then_muon_v1,TILLER→Muon,tiller_then_muon,TILLER→Muon,1800,4.343772888183594,76.99749494815255,1440.3430431997404
46,18l_1024d,dclm,2027,rlb_fused_global_rational,GRAIN,tiller_then_muon_v1,TILLER→Muon,tiller_then_muon,TILLER→Muon,1850,4.33252477645874,76.13627117321363,1478.2056115721352
46,18l_1024d,dclm,2027,rlb_fused_global_rational,GRAIN,tiller_then_muon_v1,TILLER→Muon,tiller_then_muon,TILLER→Muon,1900,4.322389602661133,75.36851408045735,1516.0645987088792
46,18l_1024d,dclm,2027,rlb_fused_global_rational,GRAIN,tiller_then_muon_v1,TILLER→Muon,tiller_then_muon,TILLER→Muon,1950,4.310698509216309,74.49250447248616,1553.881415551994
46,18l_1024d,dclm,2027,rlb_fused_global_rational,GRAIN,tiller_then_muon_v1,TILLER→Muon,tiller_then_muon,TILLER→Muon,2000,4.303218841552734,73.93740386756964,1591.774679476861
46,18l_1024d,dclm,2027,rlb_fused_global_rational,GRAIN,tiller_then_muon_v1,TILLER→Muon,tiller_then_muon,TILLER→Muon,2050,4.294631004333496,73.30516016744126,1629.6234208149835
46,18l_1024d,dclm,2027,rlb_fused_global_rational,GRAIN,tiller_then_muon_v1,TILLER→Muon,tiller_then_muon,TILLER→Muon,2100,4.287799835205078,72.80610672028975,1667.4688924876973
46,18l_1024d,dclm,2027,rlb_fused_global_rational,GRAIN,tiller_then_muon_v1,TILLER→Muon,tiller_then_muon,TILLER→Muon,2150,4.278091907501221,72.10272998914662,1705.3846874488518
46,18l_1024d,dclm,2027,rlb_fused_global_rational,GRAIN,tiller_then_muon_v1,TILLER→Muon,tiller_then_muon,TILLER→Muon,2200,4.272332668304443,71.68866660991968,1743.3865446080454
46,18l_1024d,dclm,2027,rlb_fused_global_rational,GRAIN,tiller_then_muon_v1,TILLER→Muon,tiller_then_muon,TILLER→Muon,2250,4.265477180480957,71.19888658759328,1781.24769035168
46,18l_1024d,dclm,2027,rlb_fused_global_rational,GRAIN,tiller_then_muon_v1,TILLER→Muon,tiller_then_muon,TILLER→Muon,2300,4.258825778961182,70.72688567907204,1819.0631927237846
46,18l_1024d,dclm,2027,rlb_fused_global_rational,GRAIN,tiller_then_muon_v1,TILLER→Muon,tiller_then_muon,TILLER→Muon,2350,4.25401496887207,70.38744920074956,1856.85306733381
46,18l_1024d,dclm,2027,rlb_fused_global_rational,GRAIN,tiller_then_muon_v1,TILLER→Muon,tiller_then_muon,TILLER→Muon,2400,4.248568058013916,70.00509730309926,1894.652487643063
46,18l_1024d,dclm,2027,rlb_fused_global_rational,GRAIN,tiller_then_muon_v1,TILLER→Muon,tiller_then_muon,TILLER→Muon,2450,4.244150638580322,69.69653744673406,1932.5002669538371
46,18l_1024d,dclm,2027,rlb_fused_global_rational,GRAIN,tiller_then_muon_v1,TILLER→Muon,tiller_then_muon,TILLER→Muon,2500,4.239764213562012,69.39148833782332,1970.3765998720191
46,18l_1024d,dclm,2027,rlb_fused_global_rational,GRAIN,tiller_then_muon_v1,TILLER→Muon,tiller_then_muon,TILLER→Muon,2550,4.236481666564941,69.16408095805855,2008.227183451876
46,18l_1024d,dclm,2027,rlb_fused_global_rational,GRAIN,tiller_then_muon_v1,TILLER→Muon,tiller_then_muon,TILLER→Muon,2600,4.232748031616211,68.90632900347202,2046.0522109176964
46,18l_1024d,dclm,2027,rlb_fused_global_rational,GRAIN,tiller_then_muon_v1,TILLER→Muon,tiller_then_muon,TILLER→Muon,2650,4.229257583618164,68.66623430813407,2083.9616800476797
46,18l_1024d,dclm,2027,rlb_fused_global_rational,GRAIN,tiller_then_muon_v1,TILLER→Muon,tiller_then_muon,TILLER→Muon,2700,4.22637939453125,68.46888404383441,2121.836620695889
46,18l_1024d,dclm,2027,rlb_fused_global_rational,GRAIN,tiller_then_muon_v1,TILLER→Muon,tiller_then_muon,TILLER→Muon,2750,4.223020553588867,68.23929374732218,2159.67123923311
46,18l_1024d,dclm,2027,rlb_fused_global_rational,GRAIN,tiller_then_muon_v1,TILLER→Muon,tiller_then_muon,TILLER→Muon,2800,4.219826698303223,68.02169499273671,2197.5310634886846
46,18l_1024d,dclm,2027,rlb_fused_global_rational,GRAIN,tiller_then_muon_v1,TILLER→Muon,tiller_then_muon,TILLER→Muon,2850,4.218145370483398,67.90742431474773,2235.3694611540996
46,18l_1024d,dclm,2027,rlb_fused_global_rational,GRAIN,tiller_then_muon_v1,TILLER→Muon,tiller_then_muon,TILLER→Muon,2900,4.2154998779296875,67.72801314946831,2273.196929281112
46,18l_1024d,dclm,2027,rlb_fused_global_rational,GRAIN,tiller_then_muon_v1,TILLER→Muon,tiller_then_muon,TILLER→Muon,2950,4.211885452270508,67.4836571502161,2311.007197954692
46,18l_1024d,dclm,2027,rlb_fused_global_rational,GRAIN,tiller_then_muon_v1,TILLER→Muon,tiller_then_muon,TILLER→Muon,3000,4.210672378540039,67.40184413113599,2348.8828535098583
46,18l_1024d,dclm,2027,rlb_fused_global_rational,GRAIN,tiller_then_muon_v1,TILLER→Muon,tiller_then_muon,TILLER→Muon,3050,4.2074737548828125,67.18659543127012,2386.693230526056
47,18l_1024d,dclm,3407,rlb_fused_global_rational,GRAIN,tiller_then_muon_v1,TILLER→Muon,tiller_then_muon,TILLER→Muon,1,11.072436332702637,64372.14791185031,9.275008141994476
47,18l_1024d,dclm,3407,rlb_fused_global_rational,GRAIN,tiller_then_muon_v1,TILLER→Muon,tiller_then_muon,TILLER→Muon,50,8.325467109680176,4127.66483040516,49.617788014002144
47,18l_1024d,dclm,3407,rlb_fused_global_rational,GRAIN,tiller_then_muon_v1,TILLER→Muon,tiller_then_muon,TILLER→Muon,100,6.90393590927124,996.1879148045605,90.81651822198182
47,18l_1024d,dclm,3407,rlb_fused_global_rational,GRAIN,tiller_then_muon_v1,TILLER→Muon,tiller_then_muon,TILLER→Muon,150,6.358973026275635,577.6528174061384,132.04971866076812
47,18l_1024d,dclm,3407,rlb_fused_global_rational,GRAIN,tiller_then_muon_v1,TILLER→Muon,tiller_then_muon,TILLER→Muon,200,6.060145378112793,428.43771779889744,173.26125563587993
47,18l_1024d,dclm,3407,rlb_fused_global_rational,GRAIN,tiller_then_muon_v1,TILLER→Muon,tiller_then_muon,TILLER→Muon,250,5.82758903503418,339.53907463649654,214.5252319551073
47,18l_1024d,dclm,3407,rlb_fused_global_rational,GRAIN,tiller_then_muon_v1,TILLER→Muon,tiller_then_muon,TILLER→Muon,300,5.648512840270996,283.8689932246294,255.83822390297428
47,18l_1024d,dclm,3407,rlb_fused_global_rational,GRAIN,tiller_then_muon_v1,TILLER→Muon,tiller_then_muon,TILLER→Muon,350,5.506855487823486,246.37517796919386,297.10827881190926
47,18l_1024d,dclm,3407,rlb_fused_global_rational,GRAIN,tiller_then_muon_v1,TILLER→Muon,tiller_then_muon,TILLER→Muon,400,5.395412921905518,220.39313346270282,338.4257296039723
47,18l_1024d,dclm,3407,rlb_fused_global_rational,GRAIN,tiller_then_muon_v1,TILLER→Muon,tiller_then_muon,TILLER→Muon,450,5.30006217956543,200.34926721786445,379.77166726998985
47,18l_1024d,dclm,3407,rlb_fused_global_rational,GRAIN,tiller_then_muon_v1,TILLER→Muon,tiller_then_muon,TILLER→Muon,500,5.221371173858643,185.18793491795796,420.9316971870139
47,18l_1024d,dclm,3407,rlb_fused_global_rational,GRAIN,tiller_then_muon_v1,TILLER→Muon,tiller_then_muon,TILLER→Muon,550,5.154602527618408,173.22694014904718,462.0623701880686
47,18l_1024d,dclm,3407,rlb_fused_global_rational,GRAIN,tiller_then_muon_v1,TILLER→Muon,tiller_then_muon,TILLER→Muon,600,5.090099811553955,162.40607124688623,503.21238091308624
47,18l_1024d,dclm,3407,rlb_fused_global_rational,GRAIN,tiller_then_muon_v1,TILLER→Muon,tiller_then_muon,TILLER→Muon,650,5.032942771911621,153.3837225125711,544.9571621208452
47,18l_1024d,dclm,3407,rlb_fused_global_rational,GRAIN,tiller_then_muon_v1,TILLER→Muon,tiller_then_muon,TILLER→Muon,700,4.986390590667725,146.40702577875035,586.2427734169178
47,18l_1024d,dclm,3407,rlb_fused_global_rational,GRAIN,tiller_then_muon_v1,TILLER→Muon,tiller_then_muon,TILLER→Muon,750,4.935797691345215,139.18412423291431,627.554950715974
47,18l_1024d,dclm,3407,rlb_fused_global_rational,GRAIN,tiller_then_muon_v1,TILLER→Muon,tiller_then_muon,TILLER→Muon,800,4.889363765716553,132.86901133306728,668.8215717650019
47,18l_1024d,dclm,3407,rlb_fused_global_rational,GRAIN,tiller_then_muon_v1,TILLER→Muon,tiller_then_muon,TILLER→Muon,850,4.847605228424072,127.4348467902626,710.0378853399307
47,18l_1024d,dclm,3407,rlb_fused_global_rational,GRAIN,tiller_then_muon_v1,TILLER→Muon,tiller_then_muon,TILLER→Muon,900,4.802441120147705,121.80740138626831,751.3361588180996
47,18l_1024d,dclm,3407,rlb_fused_global_rational,GRAIN,tiller_then_muon_v1,TILLER→Muon,tiller_then_muon,TILLER→Muon,950,4.763284683227539,117.13002976809615,792.4967642938718
47,18l_1024d,dclm,3407,rlb_fused_global_rational,GRAIN,tiller_then_muon_v1,TILLER→Muon,tiller_then_muon,TILLER→Muon,1000,4.724878311157227,112.71678116480935,833.6719014337286
47,18l_1024d,dclm,3407,rlb_fused_global_rational,GRAIN,tiller_then_muon_v1,TILLER→Muon,tiller_then_muon,TILLER→Muon,1050,4.662474632263184,105.89781632806574,871.474065918941
47,18l_1024d,dclm,3407,rlb_fused_global_rational,GRAIN,tiller_then_muon_v1,TILLER→Muon,tiller_then_muon,TILLER→Muon,1100,4.62867546081543,102.37837010146411,909.2660606959835
47,18l_1024d,dclm,3407,rlb_fused_global_rational,GRAIN,tiller_then_muon_v1,TILLER→Muon,tiller_then_muon,TILLER→Muon,1150,4.596151351928711,99.10217136353121,947.075695621781
47,18l_1024d,dclm,3407,rlb_fused_global_rational,GRAIN,tiller_then_muon_v1,TILLER→Muon,tiller_then_muon,TILLER→Muon,1200,4.57102632522583,96.64324629256326,984.8767695687711
47,18l_1024d,dclm,3407,rlb_fused_global_rational,GRAIN,tiller_then_muon_v1,TILLER→Muon,tiller_then_muon,TILLER→Muon,1250,4.546274185180664,94.28048149981807,1022.6808104580268
47,18l_1024d,dclm,3407,rlb_fused_global_rational,GRAIN,tiller_then_muon_v1,TILLER→Muon,tiller_then_muon,TILLER→Muon,1300,4.5240607261657715,92.20927538114066,1060.4809569991194
47,18l_1024d,dclm,3407,rlb_fused_global_rational,GRAIN,tiller_then_muon_v1,TILLER→Muon,tiller_then_muon,TILLER→Muon,1350,4.501987934112549,90.1962574130122,1098.2798527120613
47,18l_1024d,dclm,3407,rlb_fused_global_rational,GRAIN,tiller_then_muon_v1,TILLER→Muon,tiller_then_muon,TILLER→Muon,1400,4.482844352722168,88.48600047007021,1136.0759858461097
47,18l_1024d,dclm,3407,rlb_fused_global_rational,GRAIN,tiller_then_muon_v1,TILLER→Muon,tiller_then_muon,TILLER→Muon,1450,4.463806629180908,86.81736238851381,1173.8746858900413
47,18l_1024d,dclm,3407,rlb_fused_global_rational,GRAIN,tiller_then_muon_v1,TILLER→Muon,tiller_then_muon,TILLER→Muon,1500,4.447600364685059,85.42171689704601,1211.6633968749084
47,18l_1024d,dclm,3407,rlb_fused_global_rational,GRAIN,tiller_then_muon_v1,TILLER→Muon,tiller_then_muon,TILLER→Muon,1550,4.432934284210205,84.17805722106867,1249.4648889247328
47,18l_1024d,dclm,3407,rlb_fused_global_rational,GRAIN,tiller_then_muon_v1,TILLER→Muon,tiller_then_muon,TILLER→Muon,1600,4.416942119598389,82.84257496162073,1287.2689008731395
47,18l_1024d,dclm,3407,rlb_fused_global_rational,GRAIN,tiller_then_muon_v1,TILLER→Muon,tiller_then_muon,TILLER→Muon,1650,4.403780460357666,81.75937322225221,1325.1142120258883
47,18l_1024d,dclm,3407,rlb_fused_global_rational,GRAIN,tiller_then_muon_v1,TILLER→Muon,tiller_then_muon,TILLER→Muon,1700,4.392273426055908,80.82395756179201,1362.9403828978539
47,18l_1024d,dclm,3407,rlb_fused_global_rational,GRAIN,tiller_then_muon_v1,TILLER→Muon,tiller_then_muon,TILLER→Muon,1750,4.380013465881348,79.83910850180793,1400.7386189741082
47,18l_1024d,dclm,3407,rlb_fused_global_rational,GRAIN,tiller_then_muon_v1,TILLER→Muon,tiller_then_muon,TILLER→Muon,1800,4.368243217468262,78.90489113233473,1438.5813872311264
47,18l_1024d,dclm,3407,rlb_fused_global_rational,GRAIN,tiller_then_muon_v1,TILLER→Muon,tiller_then_muon,TILLER→Muon,1850,4.356281280517578,77.96665852660048,1476.3777386369184
47,18l_1024d,dclm,3407,rlb_fused_global_rational,GRAIN,tiller_then_muon_v1,TILLER→Muon,tiller_then_muon,TILLER→Muon,1900,4.34702205657959,77.2480796508033,1514.1829384989105
47,18l_1024d,dclm,3407,rlb_fused_global_rational,GRAIN,tiller_then_muon_v1,TILLER→Muon,tiller_then_muon,TILLER→Muon,1950,4.338286399841309,76.57620584539738,1551.9614023137838
47,18l_1024d,dclm,3407,rlb_fused_global_rational,GRAIN,tiller_then_muon_v1,TILLER→Muon,tiller_then_muon,TILLER→Muon,2000,4.325598239898682,75.61073268928811,1589.7680447427556
47,18l_1024d,dclm,3407,rlb_fused_global_rational,GRAIN,tiller_then_muon_v1,TILLER→Muon,tiller_then_muon,TILLER→Muon,2050,4.318219184875488,75.05485039777224,1627.5776872211136
47,18l_1024d,dclm,3407,rlb_fused_global_rational,GRAIN,tiller_then_muon_v1,TILLER→Muon,tiller_then_muon,TILLER→Muon,2100,4.309726715087891,74.42014825739548,1665.4064881717786
47,18l_1024d,dclm,3407,rlb_fused_global_rational,GRAIN,tiller_then_muon_v1,TILLER→Muon,tiller_then_muon,TILLER→Muon,2150,4.3026442527771,73.89493246817096,1703.227042098064
47,18l_1024d,dclm,3407,rlb_fused_global_rational,GRAIN,tiller_then_muon_v1,TILLER→Muon,tiller_then_muon,TILLER→Muon,2200,4.2956743240356445,73.3816807961117,1741.0896130157635
47,18l_1024d,dclm,3407,rlb_fused_global_rational,GRAIN,tiller_then_muon_v1,TILLER→Muon,tiller_then_muon,TILLER→Muon,2250,4.287360191345215,72.7741049977055,1778.9746297388338
47,18l_1024d,dclm,3407,rlb_fused_global_rational,GRAIN,tiller_then_muon_v1,TILLER→Muon,tiller_then_muon,TILLER→Muon,2300,4.2794880867004395,72.20346862919698,1816.8626007190906
47,18l_1024d,dclm,3407,rlb_fused_global_rational,GRAIN,tiller_then_muon_v1,TILLER→Muon,tiller_then_muon,TILLER→Muon,2350,4.274836540222168,71.86839075829091,1854.6996143679135
47,18l_1024d,dclm,3407,rlb_fused_global_rational,GRAIN,tiller_then_muon_v1,TILLER→Muon,tiller_then_muon,TILLER→Muon,2400,4.268410682678223,71.4080553263192,1892.6162967891432
47,18l_1024d,dclm,3407,rlb_fused_global_rational,GRAIN,tiller_then_muon_v1,TILLER→Muon,tiller_then_muon,TILLER→Muon,2450,4.263505458831787,71.05864051006142,1930.4747612397186
47,18l_1024d,dclm,3407,rlb_fused_global_rational,GRAIN,tiller_then_muon_v1,TILLER→Muon,tiller_then_muon,TILLER→Muon,2500,4.256934642791748,70.59325790140024,1968.3204506007023
47,18l_1024d,dclm,3407,rlb_fused_global_rational,GRAIN,tiller_then_muon_v1,TILLER→Muon,tiller_then_muon,TILLER→Muon,2550,4.253880023956299,70.37795141319928,2006.2414581319317
47,18l_1024d,dclm,3407,rlb_fused_global_rational,GRAIN,tiller_then_muon_v1,TILLER→Muon,tiller_then_muon,TILLER→Muon,2600,4.249101161956787,70.04242724597839,2044.1563758170232
47,18l_1024d,dclm,3407,rlb_fused_global_rational,GRAIN,tiller_then_muon_v1,TILLER→Muon,tiller_then_muon,TILLER→Muon,2650,4.24527645111084,69.77504686707762,2081.9752185139805
47,18l_1024d,dclm,3407,rlb_fused_global_rational,GRAIN,tiller_then_muon_v1,TILLER→Muon,tiller_then_muon,TILLER→Muon,2700,4.242654323577881,69.59232745706325,2119.9975630389526
47,18l_1024d,dclm,3407,rlb_fused_global_rational,GRAIN,tiller_then_muon_v1,TILLER→Muon,tiller_then_muon,TILLER→Muon,2750,4.23936128616333,69.36353423805126,2157.8778590178117
47,18l_1024d,dclm,3407,rlb_fused_global_rational,GRAIN,tiller_then_muon_v1,TILLER→Muon,tiller_then_muon,TILLER→Muon,2800,4.2374444007873535,69.23069964865971,2195.6860712138005
47,18l_1024d,dclm,3407,rlb_fused_global_rational,GRAIN,tiller_then_muon_v1,TILLER→Muon,tiller_then_muon,TILLER→Muon,2850,4.234670162200928,69.03890333770417,2233.4920549481176
47,18l_1024d,dclm,3407,rlb_fused_global_rational,GRAIN,tiller_then_muon_v1,TILLER→Muon,tiller_then_muon,TILLER→Muon,2900,4.23199987411499,68.85479549654016,2271.3696421408094
47,18l_1024d,dclm,3407,rlb_fused_global_rational,GRAIN,tiller_then_muon_v1,TILLER→Muon,tiller_then_muon,TILLER→Muon,2950,4.229769706726074,68.70140887954308,2309.2214595209807
47,18l_1024d,dclm,3407,rlb_fused_global_rational,GRAIN,tiller_then_muon_v1,TILLER→Muon,tiller_then_muon,TILLER→Muon,3000,4.2280988693237305,68.58671583938643,2347.0507309800014
47,18l_1024d,dclm,3407,rlb_fused_global_rational,GRAIN,tiller_then_muon_v1,TILLER→Muon,tiller_then_muon,TILLER→Muon,3050,4.225523948669434,68.41033766551475,2384.9221654059365
54,18l_1024d,dolma_sample,1337,rlb_fused_global_rational,GRAIN,tiller_then_muon_v1,TILLER→Muon,tiller_then_muon,TILLER→Muon,1,11.079917907714844,64855.55904862274,8.097941646818072
54,18l_1024d,dolma_sample,1337,rlb_fused_global_rational,GRAIN,tiller_then_muon_v1,TILLER→Muon,tiller_then_muon,TILLER→Muon,50,8.515725135803223,4992.665107267489,47.992353855865076
54,18l_1024d,dolma_sample,1337,rlb_fused_global_rational,GRAIN,tiller_then_muon_v1,TILLER→Muon,tiller_then_muon,TILLER→Muon,100,7.230247974395752,1380.5648063678534,88.67472950182855
54,18l_1024d,dolma_sample,1337,rlb_fused_global_rational,GRAIN,tiller_then_muon_v1,TILLER→Muon,tiller_then_muon,TILLER→Muon,150,6.687461853027344,802.283352662517,129.31337606883608
54,18l_1024d,dolma_sample,1337,rlb_fused_global_rational,GRAIN,tiller_then_muon_v1,TILLER→Muon,tiller_then_muon,TILLER→Muon,200,6.370630741119385,584.4263343836415,169.96229873993434
54,18l_1024d,dolma_sample,1337,rlb_fused_global_rational,GRAIN,tiller_then_muon_v1,TILLER→Muon,tiller_then_muon,TILLER→Muon,250,6.1280903816223145,458.5596501108321,210.66649982589297
54,18l_1024d,dolma_sample,1337,rlb_fused_global_rational,GRAIN,tiller_then_muon_v1,TILLER→Muon,tiller_then_muon,TILLER→Muon,300,5.923203468322754,373.606635930203,251.30468043102883
54,18l_1024d,dolma_sample,1337,rlb_fused_global_rational,GRAIN,tiller_then_muon_v1,TILLER→Muon,tiller_then_muon,TILLER→Muon,350,5.773104667663574,321.53444220622714,291.92775456793606
54,18l_1024d,dolma_sample,1337,rlb_fused_global_rational,GRAIN,tiller_then_muon_v1,TILLER→Muon,tiller_then_muon,TILLER→Muon,400,5.653563976287842,285.3064815385347,332.53202543687075
54,18l_1024d,dolma_sample,1337,rlb_fused_global_rational,GRAIN,tiller_then_muon_v1,TILLER→Muon,tiller_then_muon,TILLER→Muon,450,5.545442581176758,256.06788399335323,373.16174557385966
54,18l_1024d,dolma_sample,1337,rlb_fused_global_rational,GRAIN,tiller_then_muon_v1,TILLER→Muon,tiller_then_muon,TILLER→Muon,500,5.4526214599609375,233.3691325826253,413.86225511692464
54,18l_1024d,dolma_sample,1337,rlb_fused_global_rational,GRAIN,tiller_then_muon_v1,TILLER→Muon,tiller_then_muon,TILLER→Muon,550,5.372361183166504,215.37079771257459,454.4698301849421
54,18l_1024d,dolma_sample,1337,rlb_fused_global_rational,GRAIN,tiller_then_muon_v1,TILLER→Muon,tiller_then_muon,TILLER→Muon,600,5.301754951477051,200.6887000400453,495.06324164103717
54,18l_1024d,dolma_sample,1337,rlb_fused_global_rational,GRAIN,tiller_then_muon_v1,TILLER→Muon,tiller_then_muon,TILLER→Muon,650,5.233131408691406,187.37864490428797,535.9923237969633
54,18l_1024d,dolma_sample,1337,rlb_fused_global_rational,GRAIN,tiller_then_muon_v1,TILLER→Muon,tiller_then_muon,TILLER→Muon,700,5.168701171875,175.68650266148015,576.5946337308269
54,18l_1024d,dolma_sample,1337,rlb_fused_global_rational,GRAIN,tiller_then_muon_v1,TILLER→Muon,tiller_then_muon,TILLER→Muon,750,5.115598201751709,166.6004118388689,617.1875720699318
54,18l_1024d,dolma_sample,1337,rlb_fused_global_rational,GRAIN,tiller_then_muon_v1,TILLER→Muon,tiller_then_muon,TILLER→Muon,800,5.060233116149902,157.62725750010782,657.7737079279032
54,18l_1024d,dolma_sample,1337,rlb_fused_global_rational,GRAIN,tiller_then_muon_v1,TILLER→Muon,tiller_then_muon,TILLER→Muon,850,5.008468151092529,149.67528053328857,698.4062332168687
54,18l_1024d,dolma_sample,1337,rlb_fused_global_rational,GRAIN,tiller_then_muon_v1,TILLER→Muon,tiller_then_muon,TILLER→Muon,900,4.950283050537109,141.21492922667494,739.0000817889813
54,18l_1024d,dolma_sample,1337,rlb_fused_global_rational,GRAIN,tiller_then_muon_v1,TILLER→Muon,tiller_then_muon,TILLER→Muon,950,4.898482799530029,134.08618965058676,779.6011958508752
54,18l_1024d,dolma_sample,1337,rlb_fused_global_rational,GRAIN,tiller_then_muon_v1,TILLER→Muon,tiller_then_muon,TILLER→Muon,1000,4.852563858032227,128.06831827190686,820.2015814979095
54,18l_1024d,dolma_sample,1337,rlb_fused_global_rational,GRAIN,tiller_then_muon_v1,TILLER→Muon,tiller_then_muon,TILLER→Muon,1050,4.782268524169922,119.37484784102463,857.7437948279548
54,18l_1024d,dolma_sample,1337,rlb_fused_global_rational,GRAIN,tiller_then_muon_v1,TILLER→Muon,tiller_then_muon,TILLER→Muon,1100,4.736006736755371,113.97814696794705,895.3086559248623
54,18l_1024d,dolma_sample,1337,rlb_fused_global_rational,GRAIN,tiller_then_muon_v1,TILLER→Muon,tiller_then_muon,TILLER→Muon,1150,4.701102256774902,110.06842928364529,932.9005349648651
54,18l_1024d,dolma_sample,1337,rlb_fused_global_rational,GRAIN,tiller_then_muon_v1,TILLER→Muon,tiller_then_muon,TILLER→Muon,1200,4.668440818786621,106.53151094312419,970.4696959629655
54,18l_1024d,dolma_sample,1337,rlb_fused_global_rational,GRAIN,tiller_then_muon_v1,TILLER→Muon,tiller_then_muon,TILLER→Muon,1250,4.640647888183594,103.6114544790932,1008.0861711120233
54,18l_1024d,dolma_sample,1337,rlb_fused_global_rational,GRAIN,tiller_then_muon_v1,TILLER→Muon,tiller_then_muon,TILLER→Muon,1300,4.614479064941406,100.93523413242994,1045.6110168870073
54,18l_1024d,dolma_sample,1337,rlb_fused_global_rational,GRAIN,tiller_then_muon_v1,TILLER→Muon,tiller_then_muon,TILLER→Muon,1350,4.5894317626953125,98.4384778510251,1083.147518150974
54,18l_1024d,dolma_sample,1337,rlb_fused_global_rational,GRAIN,tiller_then_muon_v1,TILLER→Muon,tiller_then_muon,TILLER→Muon,1400,4.564434051513672,96.00824291826383,1120.6859238368925
54,18l_1024d,dolma_sample,1337,rlb_fused_global_rational,GRAIN,tiller_then_muon_v1,TILLER→Muon,tiller_then_muon,TILLER→Muon,1450,4.546722412109375,94.32275002271555,1158.3995864288881
54,18l_1024d,dolma_sample,1337,rlb_fused_global_rational,GRAIN,tiller_then_muon_v1,TILLER→Muon,tiller_then_muon,TILLER→Muon,1500,4.525367736816406,92.32987267996032,1195.927809618879
54,18l_1024d,dolma_sample,1337,rlb_fused_global_rational,GRAIN,tiller_then_muon_v1,TILLER→Muon,tiller_then_muon,TILLER→Muon,1550,4.5049238204956055,90.46145247775766,1233.4651368439663
54,18l_1024d,dolma_sample,1337,rlb_fused_global_rational,GRAIN,tiller_then_muon_v1,TILLER→Muon,tiller_then_muon,TILLER→Muon,1600,4.488700866699219,89.00574041518772,1271.0046708658338
54,18l_1024d,dolma_sample,1337,rlb_fused_global_rational,GRAIN,tiller_then_muon_v1,TILLER→Muon,tiller_then_muon,TILLER→Muon,1650,4.47661018371582,87.93607971894374,1308.547100426862
54,18l_1024d,dolma_sample,1337,rlb_fused_global_rational,GRAIN,tiller_then_muon_v1,TILLER→Muon,tiller_then_muon,TILLER→Muon,1700,4.459284782409668,86.42567382395286,1346.0856528009754
54,18l_1024d,dolma_sample,1337,rlb_fused_global_rational,GRAIN,tiller_then_muon_v1,TILLER→Muon,tiller_then_muon,TILLER→Muon,1750,4.444219589233398,85.13341287370511,1383.622349967016
54,18l_1024d,dolma_sample,1337,rlb_fused_global_rational,GRAIN,tiller_then_muon_v1,TILLER→Muon,tiller_then_muon,TILLER→Muon,1800,4.431439399719238,84.05231475749468,1421.151975885965
54,18l_1024d,dolma_sample,1337,rlb_fused_global_rational,GRAIN,tiller_then_muon_v1,TILLER→Muon,tiller_then_muon,TILLER→Muon,1850,4.418813705444336,82.99776713479706,1458.6787494588643
54,18l_1024d,dolma_sample,1337,rlb_fused_global_rational,GRAIN,tiller_then_muon_v1,TILLER→Muon,tiller_then_muon,TILLER→Muon,1900,4.407784461975098,82.08739414478987,1496.2692342519294
54,18l_1024d,dolma_sample,1337,rlb_fused_global_rational,GRAIN,tiller_then_muon_v1,TILLER→Muon,tiller_then_muon,TILLER→Muon,1950,4.396143436431885,81.13735314712396,1533.7949431559537
54,18l_1024d,dolma_sample,1337,rlb_fused_global_rational,GRAIN,tiller_then_muon_v1,TILLER→Muon,tiller_then_muon,TILLER→Muon,2000,4.38836145401001,80.50839413925122,1571.4550818239804
54,18l_1024d,dolma_sample,1337,rlb_fused_global_rational,GRAIN,tiller_then_muon_v1,TILLER→Muon,tiller_then_muon,TILLER→Muon,2050,4.37974739074707,79.81786812618593,1609.020763913868
54,18l_1024d,dolma_sample,1337,rlb_fused_global_rational,GRAIN,tiller_then_muon_v1,TILLER→Muon,tiller_then_muon,TILLER→Muon,2100,4.373007774353027,79.28173500876973,1646.546203808859
54,18l_1024d,dolma_sample,1337,rlb_fused_global_rational,GRAIN,tiller_then_muon_v1,TILLER→Muon,tiller_then_muon,TILLER→Muon,2150,4.363102436065674,78.50029918583905,1684.1472331869882
54,18l_1024d,dolma_sample,1337,rlb_fused_global_rational,GRAIN,tiller_then_muon_v1,TILLER→Muon,tiller_then_muon,TILLER→Muon,2200,4.3569231033325195,78.01671536894098,1721.6754027400166
54,18l_1024d,dolma_sample,1337,rlb_fused_global_rational,GRAIN,tiller_then_muon_v1,TILLER→Muon,tiller_then_muon,TILLER→Muon,2250,4.3516340255737305,77.60516820673685,1759.2022828359623
54,18l_1024d,dolma_sample,1337,rlb_fused_global_rational,GRAIN,tiller_then_muon_v1,TILLER→Muon,tiller_then_muon,TILLER→Muon,2300,4.342994689941406,76.93759894143734,1796.7323522919323
54,18l_1024d,dolma_sample,1337,rlb_fused_global_rational,GRAIN,tiller_then_muon_v1,TILLER→Muon,tiller_then_muon,TILLER→Muon,2350,4.336225986480713,76.41858964079742,1834.3026228148956
54,18l_1024d,dolma_sample,1337,rlb_fused_global_rational,GRAIN,tiller_then_muon_v1,TILLER→Muon,tiller_then_muon,TILLER→Muon,2400,4.330279350280762,75.9655045904548,1871.8367687528953
54,18l_1024d,dolma_sample,1337,rlb_fused_global_rational,GRAIN,tiller_then_muon_v1,TILLER→Muon,tiller_then_muon,TILLER→Muon,2450,4.3233160972595215,75.43837495950767,1909.3591744848527
54,18l_1024d,dolma_sample,1337,rlb_fused_global_rational,GRAIN,tiller_then_muon_v1,TILLER→Muon,tiller_then_muon,TILLER→Muon,2500,4.31805944442749,75.042862059882,1946.8915659158956
54,18l_1024d,dolma_sample,1337,rlb_fused_global_rational,GRAIN,tiller_then_muon_v1,TILLER→Muon,tiller_then_muon,TILLER→Muon,2550,4.312502384185791,74.627000907624,1984.4231182478834
54,18l_1024d,dolma_sample,1337,rlb_fused_global_rational,GRAIN,tiller_then_muon_v1,TILLER→Muon,tiller_then_muon,TILLER→Muon,2600,4.309943199157715,74.43626077795625,2021.9497708028648
54,18l_1024d,dolma_sample,1337,rlb_fused_global_rational,GRAIN,tiller_then_muon_v1,TILLER→Muon,tiller_then_muon,TILLER→Muon,2650,4.305646896362305,74.1171460602801,2059.482238722965
54,18l_1024d,dolma_sample,1337,rlb_fused_global_rational,GRAIN,tiller_then_muon_v1,TILLER→Muon,tiller_then_muon,TILLER→Muon,2700,4.303040504455566,73.92421926127892,2097.0060147219338
54,18l_1024d,dolma_sample,1337,rlb_fused_global_rational,GRAIN,tiller_then_muon_v1,TILLER→Muon,tiller_then_muon,TILLER→Muon,2750,4.299299716949463,73.64820105007729,2134.5251717278734
54,18l_1024d,dolma_sample,1337,rlb_fused_global_rational,GRAIN,tiller_then_muon_v1,TILLER→Muon,tiller_then_muon,TILLER→Muon,2800,4.298136234283447,73.56256247393242,2172.0559717209544
54,18l_1024d,dolma_sample,1337,rlb_fused_global_rational,GRAIN,tiller_then_muon_v1,TILLER→Muon,tiller_then_muon,TILLER→Muon,2850,4.293635368347168,73.23221123331314,2209.5883057168685
54,18l_1024d,dolma_sample,1337,rlb_fused_global_rational,GRAIN,tiller_then_muon_v1,TILLER→Muon,tiller_then_muon,TILLER→Muon,2900,4.291152000427246,73.05057433819856,2247.1423297219444
54,18l_1024d,dolma_sample,1337,rlb_fused_global_rational,GRAIN,tiller_then_muon_v1,TILLER→Muon,tiller_then_muon,TILLER→Muon,2950,4.288356781005859,72.84666706960851,2284.6792614609003
54,18l_1024d,dolma_sample,1337,rlb_fused_global_rational,GRAIN,tiller_then_muon_v1,TILLER→Muon,tiller_then_muon,TILLER→Muon,3000,4.286691665649414,72.72546989724418,2322.2579349949956
54,18l_1024d,dolma_sample,1337,rlb_fused_global_rational,GRAIN,tiller_then_muon_v1,TILLER→Muon,tiller_then_muon,TILLER→Muon,3050,4.283228397369385,72.474037724045,2359.7951953848824
55,18l_1024d,dolma_sample,2027,rlb_fused_global_rational,GRAIN,tiller_then_muon_v1,TILLER→Muon,tiller_then_muon,TILLER→Muon,1,11.032995223999023,61882.65590402224,8.218357826815918
55,18l_1024d,dolma_sample,2027,rlb_fused_global_rational,GRAIN,tiller_then_muon_v1,TILLER→Muon,tiller_then_muon,TILLER→Muon,50,8.495474815368652,4892.578848646889,48.09132405091077
55,18l_1024d,dolma_sample,2027,rlb_fused_global_rational,GRAIN,tiller_then_muon_v1,TILLER→Muon,tiller_then_muon,TILLER→Muon,100,7.16480827331543,1293.1136526394891,88.71740220789798
55,18l_1024d,dolma_sample,2027,rlb_fused_global_rational,GRAIN,tiller_then_muon_v1,TILLER→Muon,tiller_then_muon,TILLER→Muon,150,6.634881019592285,761.1884939173875,129.3089777578134
55,18l_1024d,dolma_sample,2027,rlb_fused_global_rational,GRAIN,tiller_then_muon_v1,TILLER→Muon,tiller_then_muon,TILLER→Muon,200,6.334374904632568,563.616978484827,169.90691553498618
55,18l_1024d,dolma_sample,2027,rlb_fused_global_rational,GRAIN,tiller_then_muon_v1,TILLER→Muon,tiller_then_muon,TILLER→Muon,250,6.097533226013184,444.75929513518594,210.5550085278228
55,18l_1024d,dolma_sample,2027,rlb_fused_global_rational,GRAIN,tiller_then_muon_v1,TILLER→Muon,tiller_then_muon,TILLER→Muon,300,5.902951717376709,366.1165470873534,251.18566044792533
55,18l_1024d,dolma_sample,2027,rlb_fused_global_rational,GRAIN,tiller_then_muon_v1,TILLER→Muon,tiller_then_muon,TILLER→Muon,350,5.745378494262695,312.74197647529985,291.84248481388204
55,18l_1024d,dolma_sample,2027,rlb_fused_global_rational,GRAIN,tiller_then_muon_v1,TILLER→Muon,tiller_then_muon,TILLER→Muon,400,5.625399589538574,277.38310176659706,332.4633163178805
55,18l_1024d,dolma_sample,2027,rlb_fused_global_rational,GRAIN,tiller_then_muon_v1,TILLER→Muon,tiller_then_muon,TILLER→Muon,450,5.51924467086792,249.44655176694317,373.12329669180326
55,18l_1024d,dolma_sample,2027,rlb_fused_global_rational,GRAIN,tiller_then_muon_v1,TILLER→Muon,tiller_then_muon,TILLER→Muon,500,5.427055358886719,227.47841593673365,413.73251354089007
55,18l_1024d,dolma_sample,2027,rlb_fused_global_rational,GRAIN,tiller_then_muon_v1,TILLER→Muon,tiller_then_muon,TILLER→Muon,550,5.354015350341797,211.45566406506632,454.35075865196995
55,18l_1024d,dolma_sample,2027,rlb_fused_global_rational,GRAIN,tiller_then_muon_v1,TILLER→Muon,tiller_then_muon,TILLER→Muon,600,5.283283710479736,197.0157570332534,494.9685259629041
55,18l_1024d,dolma_sample,2027,rlb_fused_global_rational,GRAIN,tiller_then_muon_v1,TILLER→Muon,tiller_then_muon,TILLER→Muon,650,5.219948768615723,184.92470987912333,536.0403322409838
55,18l_1024d,dolma_sample,2027,rlb_fused_global_rational,GRAIN,tiller_then_muon_v1,TILLER→Muon,tiller_then_muon,TILLER→Muon,700,5.162740707397461,174.64244413110706,576.638611102011
55,18l_1024d,dolma_sample,2027,rlb_fused_global_rational,GRAIN,tiller_then_muon_v1,TILLER→Muon,tiller_then_muon,TILLER→Muon,750,5.108989715576172,165.50306521400844,617.2294886128511
55,18l_1024d,dolma_sample,2027,rlb_fused_global_rational,GRAIN,tiller_then_muon_v1,TILLER→Muon,tiller_then_muon,TILLER→Muon,800,5.057422637939453,157.1848714768631,657.8214764709119
55,18l_1024d,dolma_sample,2027,rlb_fused_global_rational,GRAIN,tiller_then_muon_v1,TILLER→Muon,tiller_then_muon,TILLER→Muon,850,5.003839492797852,148.9840856909503,698.4524326359387
55,18l_1024d,dolma_sample,2027,rlb_fused_global_rational,GRAIN,tiller_then_muon_v1,TILLER→Muon,tiller_then_muon,TILLER→Muon,900,4.954946994781494,141.8750860537153,739.050617035944
55,18l_1024d,dolma_sample,2027,rlb_fused_global_rational,GRAIN,tiller_then_muon_v1,TILLER→Muon,tiller_then_muon,TILLER→Muon,950,4.905181884765625,134.9874599366267,779.7230288579594
55,18l_1024d,dolma_sample,2027,rlb_fused_global_rational,GRAIN,tiller_then_muon_v1,TILLER→Muon,tiller_then_muon,TILLER→Muon,1000,4.862029075622559,129.28626775619054,820.4133354448713
55,18l_1024d,dolma_sample,2027,rlb_fused_global_rational,GRAIN,tiller_then_muon_v1,TILLER→Muon,tiller_then_muon,TILLER→Muon,1050,4.791630744934082,120.49770955817479,857.8828823918011
55,18l_1024d,dolma_sample,2027,rlb_fused_global_rational,GRAIN,tiller_then_muon_v1,TILLER→Muon,tiller_then_muon,TILLER→Muon,1100,4.752470970153809,115.87024299642714,895.3691130748484
55,18l_1024d,dolma_sample,2027,rlb_fused_global_rational,GRAIN,tiller_then_muon_v1,TILLER→Muon,tiller_then_muon,TILLER→Muon,1150,4.714080810546875,111.5062686668167,932.903475753963
55,18l_1024d,dolma_sample,2027,rlb_fused_global_rational,GRAIN,tiller_then_muon_v1,TILLER→Muon,tiller_then_muon,TILLER→Muon,1200,4.687247276306152,108.55394911886398,970.4082347359508
55,18l_1024d,dolma_sample,2027,rlb_fused_global_rational,GRAIN,tiller_then_muon_v1,TILLER→Muon,tiller_then_muon,TILLER→Muon,1250,4.664259910583496,106.08704226394646,1007.8995122208726
55,18l_1024d,dolma_sample,2027,rlb_fused_global_rational,GRAIN,tiller_then_muon_v1,TILLER→Muon,tiller_then_muon,TILLER→Muon,1300,4.637500762939453,103.28588882178022,1045.391713602934
55,18l_1024d,dolma_sample,2027,rlb_fused_global_rational,GRAIN,tiller_then_muon_v1,TILLER→Muon,tiller_then_muon,TILLER→Muon,1350,4.616584777832031,101.14799868797752,1082.8921570240054
55,18l_1024d,dolma_sample,2027,rlb_fused_global_rational,GRAIN,tiller_then_muon_v1,TILLER→Muon,tiller_then_muon,TILLER→Muon,1400,4.595837116241455,99.07103481696751,1120.389884635806
55,18l_1024d,dolma_sample,2027,rlb_fused_global_rational,GRAIN,tiller_then_muon_v1,TILLER→Muon,tiller_then_muon,TILLER→Muon,1450,4.5729851722717285,96.83274116521297,1157.8949170918204
55,18l_1024d,dolma_sample,2027,rlb_fused_global_rational,GRAIN,tiller_then_muon_v1,TILLER→Muon,tiller_then_muon,TILLER→Muon,1500,4.556005477905273,95.20243106851709,1195.4020172709133
55,18l_1024d,dolma_sample,2027,rlb_fused_global_rational,GRAIN,tiller_then_muon_v1,TILLER→Muon,tiller_then_muon,TILLER→Muon,1550,4.537419319152832,93.44932578416241,1232.894340514904
55,18l_1024d,dolma_sample,2027,rlb_fused_global_rational,GRAIN,tiller_then_muon_v1,TILLER→Muon,tiller_then_muon,TILLER→Muon,1600,4.519453048706055,91.78538211308043,1270.3903606398962
55,18l_1024d,dolma_sample,2027,rlb_fused_global_rational,GRAIN,tiller_then_muon_v1,TILLER→Muon,tiller_then_muon,TILLER→Muon,1650,4.50680685043335,90.63195458088686,1307.8850674098358
55,18l_1024d,dolma_sample,2027,rlb_fused_global_rational,GRAIN,tiller_then_muon_v1,TILLER→Muon,tiller_then_muon,TILLER→Muon,1700,4.492396354675293,89.33526856733536,1345.383471251931
55,18l_1024d,dolma_sample,2027,rlb_fused_global_rational,GRAIN,tiller_then_muon_v1,TILLER→Muon,tiller_then_muon,TILLER→Muon,1750,4.479813575744629,88.21822512565878,1382.8775691068731
55,18l_1024d,dolma_sample,2027,rlb_fused_global_rational,GRAIN,tiller_then_muon_v1,TILLER→Muon,tiller_then_muon,TILLER→Muon,1800,4.468488693237305,87.2247999204251,1420.3510503089055
55,18l_1024d,dolma_sample,2027,rlb_fused_global_rational,GRAIN,tiller_then_muon_v1,TILLER→Muon,tiller_then_muon,TILLER→Muon,1850,4.459820747375488,86.47200737274022,1457.8475076497998
55,18l_1024d,dolma_sample,2027,rlb_fused_global_rational,GRAIN,tiller_then_muon_v1,TILLER→Muon,tiller_then_muon,TILLER→Muon,1900,4.446805000305176,85.35380251807686,1495.344662903808
55,18l_1024d,dolma_sample,2027,rlb_fused_global_rational,GRAIN,tiller_then_muon_v1,TILLER→Muon,tiller_then_muon,TILLER→Muon,1950,4.435067653656006,84.35783181097611,1532.842827779008
55,18l_1024d,dolma_sample,2027,rlb_fused_global_rational,GRAIN,tiller_then_muon_v1,TILLER→Muon,tiller_then_muon,TILLER→Muon,2000,4.425926208496094,83.59019332592413,1570.3409278749023
55,18l_1024d,dolma_sample,2027,rlb_fused_global_rational,GRAIN,tiller_then_muon_v1,TILLER→Muon,tiller_then_muon,TILLER→Muon,2050,4.41445255279541,82.63658935098266,1607.84328704793
55,18l_1024d,dolma_sample,2027,rlb_fused_global_rational,GRAIN,tiller_then_muon_v1,TILLER→Muon,tiller_then_muon,TILLER→Muon,2100,4.408668518066406,82.15999609297195,1645.3464171970263
55,18l_1024d,dolma_sample,2027,rlb_fused_global_rational,GRAIN,tiller_then_muon_v1,TILLER→Muon,tiller_then_muon,TILLER→Muon,2150,4.400022029876709,81.45266303732747,1682.8493861570023
55,18l_1024d,dolma_sample,2027,rlb_fused_global_rational,GRAIN,tiller_then_muon_v1,TILLER→Muon,tiller_then_muon,TILLER→Muon,2200,4.392595291137695,80.84997615851726,1720.3656141678803
55,18l_1024d,dolma_sample,2027,rlb_fused_global_rational,GRAIN,tiller_then_muon_v1,TILLER→Muon,tiller_then_muon,TILLER→Muon,2250,4.382972717285156,80.07572242308777,1757.8681621269789
55,18l_1024d,dolma_sample,2027,rlb_fused_global_rational,GRAIN,tiller_then_muon_v1,TILLER→Muon,tiller_then_muon,TILLER→Muon,2300,4.377862930297852,79.66759614583336,1795.3780034759548
55,18l_1024d,dolma_sample,2027,rlb_fused_global_rational,GRAIN,tiller_then_muon_v1,TILLER→Muon,tiller_then_muon,TILLER→Muon,2350,4.370087623596191,79.05055809028319,1832.8841081848368
55,18l_1024d,dolma_sample,2027,rlb_fused_global_rational,GRAIN,tiller_then_muon_v1,TILLER→Muon,tiller_then_muon,TILLER→Muon,2400,4.364750862121582,78.62980783780553,1870.3895141959656
55,18l_1024d,dolma_sample,2027,rlb_fused_global_rational,GRAIN,tiller_then_muon_v1,TILLER→Muon,tiller_then_muon,TILLER→Muon,2450,4.358388423919678,78.13111866639683,1907.8978944018018
55,18l_1024d,dolma_sample,2027,rlb_fused_global_rational,GRAIN,tiller_then_muon_v1,TILLER→Muon,tiller_then_muon,TILLER→Muon,2500,4.3547821044921875,77.84986035374348,1945.4037750388961
55,18l_1024d,dolma_sample,2027,rlb_fused_global_rational,GRAIN,tiller_then_muon_v1,TILLER→Muon,tiller_then_muon,TILLER→Muon,2550,4.350653648376465,77.52912315194668,1982.9134280360304
55,18l_1024d,dolma_sample,2027,rlb_fused_global_rational,GRAIN,tiller_then_muon_v1,TILLER→Muon,tiller_then_muon,TILLER→Muon,2600,4.346174240112305,77.18261521164524,2020.411283484893
55,18l_1024d,dolma_sample,2027,rlb_fused_global_rational,GRAIN,tiller_then_muon_v1,TILLER→Muon,tiller_then_muon,TILLER→Muon,2650,4.342276573181152,76.88236859543585,2057.9108870269265
55,18l_1024d,dolma_sample,2027,rlb_fused_global_rational,GRAIN,tiller_then_muon_v1,TILLER→Muon,tiller_then_muon,TILLER→Muon,2700,4.338499546051025,76.59252951302997,2095.4114678939804
55,18l_1024d,dolma_sample,2027,rlb_fused_global_rational,GRAIN,tiller_then_muon_v1,TILLER→Muon,tiller_then_muon,TILLER→Muon,2750,4.335457801818848,76.35990859417964,2132.909745641984
55,18l_1024d,dolma_sample,2027,rlb_fused_global_rational,GRAIN,tiller_then_muon_v1,TILLER→Muon,tiller_then_muon,TILLER→Muon,2800,4.332816123962402,76.15845651742347,2170.4169146828353
55,18l_1024d,dolma_sample,2027,rlb_fused_global_rational,GRAIN,tiller_then_muon_v1,TILLER→Muon,tiller_then_muon,TILLER→Muon,2850,4.330676078796387,75.99564825135923,2207.9263789139222
55,18l_1024d,dolma_sample,2027,rlb_fused_global_rational,GRAIN,tiller_then_muon_v1,TILLER→Muon,tiller_then_muon,TILLER→Muon,2900,4.3272385597229,75.73486024965909,2245.4407205889
55,18l_1024d,dolma_sample,2027,rlb_fused_global_rational,GRAIN,tiller_then_muon_v1,TILLER→Muon,tiller_then_muon,TILLER→Muon,2950,4.325063228607178,75.57029091290863,2282.9414849218447
55,18l_1024d,dolma_sample,2027,rlb_fused_global_rational,GRAIN,tiller_then_muon_v1,TILLER→Muon,tiller_then_muon,TILLER→Muon,3000,4.322680473327637,75.39043975899511,2320.4546368389856
55,18l_1024d,dolma_sample,2027,rlb_fused_global_rational,GRAIN,tiller_then_muon_v1,TILLER→Muon,tiller_then_muon,TILLER→Muon,3050,4.321038722991943,75.26676902522499,2358.7376619358547
56,18l_1024d,dolma_sample,3407,rlb_fused_global_rational,GRAIN,tiller_then_muon_v1,TILLER→Muon,tiller_then_muon,TILLER→Muon,1,11.081489562988281,64957.56977186075,7.729799017077312
56,18l_1024d,dolma_sample,3407,rlb_fused_global_rational,GRAIN,tiller_then_muon_v1,TILLER→Muon,tiller_then_muon,TILLER→Muon,50,8.506948471069336,4949.037890270305,47.60409115697257
56,18l_1024d,dolma_sample,3407,rlb_fused_global_rational,GRAIN,tiller_then_muon_v1,TILLER→Muon,tiller_then_muon,TILLER→Muon,100,7.158531188964844,1285.0220914415413,88.23544240696356
56,18l_1024d,dolma_sample,3407,rlb_fused_global_rational,GRAIN,tiller_then_muon_v1,TILLER→Muon,tiller_then_muon,TILLER→Muon,150,6.635004043579102,761.2821441211206,128.8510470869951
56,18l_1024d,dolma_sample,3407,rlb_fused_global_rational,GRAIN,tiller_then_muon_v1,TILLER→Muon,tiller_then_muon,TILLER→Muon,200,6.318355560302734,554.6601369415168,169.75021171197295
56,18l_1024d,dolma_sample,3407,rlb_fused_global_rational,GRAIN,tiller_then_muon_v1,TILLER→Muon,tiller_then_muon,TILLER→Muon,250,6.059304237365723,428.07749289803485,210.36905403714627
56,18l_1024d,dolma_sample,3407,rlb_fused_global_rational,GRAIN,tiller_then_muon_v1,TILLER→Muon,tiller_then_muon,TILLER→Muon,300,5.879406929016113,357.59709834408375,250.97880121716298
56,18l_1024d,dolma_sample,3407,rlb_fused_global_rational,GRAIN,tiller_then_muon_v1,TILLER→Muon,tiller_then_muon,TILLER→Muon,350,5.72170352935791,305.4247801147829,291.59419719316065
56,18l_1024d,dolma_sample,3407,rlb_fused_global_rational,GRAIN,tiller_then_muon_v1,TILLER→Muon,tiller_then_muon,TILLER→Muon,400,5.601978778839111,270.96205126427145,332.2038884621579
56,18l_1024d,dolma_sample,3407,rlb_fused_global_rational,GRAIN,tiller_then_muon_v1,TILLER→Muon,tiller_then_muon,TILLER→Muon,450,5.506490230560303,246.28520407878125,372.8192288479768
56,18l_1024d,dolma_sample,3407,rlb_fused_global_rational,GRAIN,tiller_then_muon_v1,TILLER→Muon,tiller_then_muon,TILLER→Muon,500,5.413193225860596,224.34683521527282,413.49348994600587
56,18l_1024d,dolma_sample,3407,rlb_fused_global_rational,GRAIN,tiller_then_muon_v1,TILLER→Muon,tiller_then_muon,TILLER→Muon,550,5.344614028930664,209.47701692535938,454.0880279960111
56,18l_1024d,dolma_sample,3407,rlb_fused_global_rational,GRAIN,tiller_then_muon_v1,TILLER→Muon,tiller_then_muon,TILLER→Muon,600,5.276641845703125,195.71154102391543,494.6624441721942
56,18l_1024d,dolma_sample,3407,rlb_fused_global_rational,GRAIN,tiller_then_muon_v1,TILLER→Muon,tiller_then_muon,TILLER→Muon,650,5.211443901062012,183.35861885253613,535.5291124819778
56,18l_1024d,dolma_sample,3407,rlb_fused_global_rational,GRAIN,tiller_then_muon_v1,TILLER→Muon,tiller_then_muon,TILLER→Muon,700,5.147115230560303,171.9347820120786,576.139182982035
56,18l_1024d,dolma_sample,3407,rlb_fused_global_rational,GRAIN,tiller_then_muon_v1,TILLER→Muon,tiller_then_muon,TILLER→Muon,750,5.096263408660889,163.41016808315422,616.7368275690824
56,18l_1024d,dolma_sample,3407,rlb_fused_global_rational,GRAIN,tiller_then_muon_v1,TILLER→Muon,tiller_then_muon,TILLER→Muon,800,5.0446696281433105,155.19301932217388,657.3322152881883
56,18l_1024d,dolma_sample,3407,rlb_fused_global_rational,GRAIN,tiller_then_muon_v1,TILLER→Muon,tiller_then_muon,TILLER→Muon,850,4.9948320388793945,147.64814415296257,697.9448386949953
56,18l_1024d,dolma_sample,3407,rlb_fused_global_rational,GRAIN,tiller_then_muon_v1,TILLER→Muon,tiller_then_muon,TILLER→Muon,900,4.949688911437988,141.1310528354309,738.5403341781348
56,18l_1024d,dolma_sample,3407,rlb_fused_global_rational,GRAIN,tiller_then_muon_v1,TILLER→Muon,tiller_then_muon,TILLER→Muon,950,4.901932716369629,134.54957471459,779.1199112811591
56,18l_1024d,dolma_sample,3407,rlb_fused_global_rational,GRAIN,tiller_then_muon_v1,TILLER→Muon,tiller_then_muon,TILLER→Muon,1000,4.86244535446167,129.34009809708368,819.7055773281027
56,18l_1024d,dolma_sample,3407,rlb_fused_global_rational,GRAIN,tiller_then_muon_v1,TILLER→Muon,tiller_then_muon,TILLER→Muon,1050,4.794745445251465,120.87360891540871,857.2945454460569
56,18l_1024d,dolma_sample,3407,rlb_fused_global_rational,GRAIN,tiller_then_muon_v1,TILLER→Muon,tiller_then_muon,TILLER→Muon,1100,4.753859519958496,116.03124635443075,894.8395875419956
56,18l_1024d,dolma_sample,3407,rlb_fused_global_rational,GRAIN,tiller_then_muon_v1,TILLER→Muon,tiller_then_muon,TILLER→Muon,1150,4.721714973449707,112.36078328829753,932.3843145761639
56,18l_1024d,dolma_sample,3407,rlb_fused_global_rational,GRAIN,tiller_then_muon_v1,TILLER→Muon,tiller_then_muon,TILLER→Muon,1200,4.69132661819458,108.99768224487507,971.2958620470017
56,18l_1024d,dolma_sample,3407,rlb_fused_global_rational,GRAIN,tiller_then_muon_v1,TILLER→Muon,tiller_then_muon,TILLER→Muon,1250,4.661013603210449,105.74320951181652,1008.8230049649719
56,18l_1024d,dolma_sample,3407,rlb_fused_global_rational,GRAIN,tiller_then_muon_v1,TILLER→Muon,tiller_then_muon,TILLER→Muon,1300,4.636942386627197,103.22823252652464,1046.3744783040602
56,18l_1024d,dolma_sample,3407,rlb_fused_global_rational,GRAIN,tiller_then_muon_v1,TILLER→Muon,tiller_then_muon,TILLER→Muon,1350,4.6144561767578125,100.93292393469825,1083.8889560210519
56,18l_1024d,dolma_sample,3407,rlb_fused_global_rational,GRAIN,tiller_then_muon_v1,TILLER→Muon,tiller_then_muon,TILLER→Muon,1400,4.59542179107666,99.02989666655165,1121.3814958350267
56,18l_1024d,dolma_sample,3407,rlb_fused_global_rational,GRAIN,tiller_then_muon_v1,TILLER→Muon,tiller_then_muon,TILLER→Muon,1450,4.576052188873291,97.1301846888933,1158.9100577200297
56,18l_1024d,dolma_sample,3407,rlb_fused_global_rational,GRAIN,tiller_then_muon_v1,TILLER→Muon,tiller_then_muon,TILLER→Muon,1500,4.559391021728516,95.52528928792314,1196.4283802330028
56,18l_1024d,dolma_sample,3407,rlb_fused_global_rational,GRAIN,tiller_then_muon_v1,TILLER→Muon,tiller_then_muon,TILLER→Muon,1550,4.542979717254639,93.97038855356604,1233.9407022660598
56,18l_1024d,dolma_sample,3407,rlb_fused_global_rational,GRAIN,tiller_then_muon_v1,TILLER→Muon,tiller_then_muon,TILLER→Muon,1600,4.5262250900268555,92.40906593616813,1271.4563445900567
56,18l_1024d,dolma_sample,3407,rlb_fused_global_rational,GRAIN,tiller_then_muon_v1,TILLER→Muon,tiller_then_muon,TILLER→Muon,1650,4.509679317474365,90.89266614671095,1308.9805831841659
56,18l_1024d,dolma_sample,3407,rlb_fused_global_rational,GRAIN,tiller_then_muon_v1,TILLER→Muon,tiller_then_muon,TILLER→Muon,1700,4.497143745422363,89.76038629627367,1346.4911560481414
56,18l_1024d,dolma_sample,3407,rlb_fused_global_rational,GRAIN,tiller_then_muon_v1,TILLER→Muon,tiller_then_muon,TILLER→Muon,1750,4.482245922088623,88.43306357785782,1384.0292735181283
56,18l_1024d,dolma_sample,3407,rlb_fused_global_rational,GRAIN,tiller_then_muon_v1,TILLER→Muon,tiller_then_muon,TILLER→Muon,1800,4.468547821044922,87.22995748409045,1421.5373966270126
56,18l_1024d,dolma_sample,3407,rlb_fused_global_rational,GRAIN,tiller_then_muon_v1,TILLER→Muon,tiller_then_muon,TILLER→Muon,1850,4.458239555358887,86.33538656535248,1459.0638054041192
56,18l_1024d,dolma_sample,3407,rlb_fused_global_rational,GRAIN,tiller_then_muon_v1,TILLER→Muon,tiller_then_muon,TILLER→Muon,1900,4.447659015655518,85.42672711056579,1496.6049599770922
56,18l_1024d,dolma_sample,3407,rlb_fused_global_rational,GRAIN,tiller_then_muon_v1,TILLER→Muon,tiller_then_muon,TILLER→Muon,1950,4.435978889465332,84.43473672205232,1534.1306065681856
56,18l_1024d,dolma_sample,3407,rlb_fused_global_rational,GRAIN,tiller_then_muon_v1,TILLER→Muon,tiller_then_muon,TILLER→Muon,2000,4.424335479736328,83.45732970437489,1571.6574334830511
56,18l_1024d,dolma_sample,3407,rlb_fused_global_rational,GRAIN,tiller_then_muon_v1,TILLER→Muon,tiller_then_muon,TILLER→Muon,2050,4.4146270751953125,82.65101254542458,1609.1776160181034
56,18l_1024d,dolma_sample,3407,rlb_fused_global_rational,GRAIN,tiller_then_muon_v1,TILLER→Muon,tiller_then_muon,TILLER→Muon,2100,4.408787250518799,82.16975172994053,1646.703574146144
56,18l_1024d,dolma_sample,3407,rlb_fused_global_rational,GRAIN,tiller_then_muon_v1,TILLER→Muon,tiller_then_muon,TILLER→Muon,2150,4.399641036987305,81.42163606279085,1684.2302290401421
56,18l_1024d,dolma_sample,3407,rlb_fused_global_rational,GRAIN,tiller_then_muon_v1,TILLER→Muon,tiller_then_muon,TILLER→Muon,2200,4.390678405761719,80.69514446628433,1721.8059725400526
56,18l_1024d,dolma_sample,3407,rlb_fused_global_rational,GRAIN,tiller_then_muon_v1,TILLER→Muon,tiller_then_muon,TILLER→Muon,2250,4.383018970489502,80.07942626749681,1759.3884214251302
56,18l_1024d,dolma_sample,3407,rlb_fused_global_rational,GRAIN,tiller_then_muon_v1,TILLER→Muon,tiller_then_muon,TILLER→Muon,2300,4.3775634765625,79.64374295822232,1796.908318058122
56,18l_1024d,dolma_sample,3407,rlb_fused_global_rational,GRAIN,tiller_then_muon_v1,TILLER→Muon,tiller_then_muon,TILLER→Muon,2350,4.370640277862549,79.09425779277097,1834.4523011960555
56,18l_1024d,dolma_sample,3407,rlb_fused_global_rational,GRAIN,tiller_then_muon_v1,TILLER→Muon,tiller_then_muon,TILLER→Muon,2400,4.3644304275512695,78.60461616547417,1871.9826738431584
56,18l_1024d,dolma_sample,3407,rlb_fused_global_rational,GRAIN,tiller_then_muon_v1,TILLER→Muon,tiller_then_muon,TILLER→Muon,2450,4.3599443435668945,78.25277903132113,1909.5176514000632
56,18l_1024d,dolma_sample,3407,rlb_fused_global_rational,GRAIN,tiller_then_muon_v1,TILLER→Muon,tiller_then_muon,TILLER→Muon,2500,4.356074810028076,77.95056237419709,1947.0345733191352
56,18l_1024d,dolma_sample,3407,rlb_fused_global_rational,GRAIN,tiller_then_muon_v1,TILLER→Muon,tiller_then_muon,TILLER→Muon,2550,4.3527445793151855,77.69140079074172,1984.5261809970252
56,18l_1024d,dolma_sample,3407,rlb_fused_global_rational,GRAIN,tiller_then_muon_v1,TILLER→Muon,tiller_then_muon,TILLER→Muon,2600,4.347598075866699,77.29258885242294,2022.0475624070968
56,18l_1024d,dolma_sample,3407,rlb_fused_global_rational,GRAIN,tiller_then_muon_v1,TILLER→Muon,tiller_then_muon,TILLER→Muon,2650,4.342884540557861,76.92912477906296,2059.5682025069837
56,18l_1024d,dolma_sample,3407,rlb_fused_global_rational,GRAIN,tiller_then_muon_v1,TILLER→Muon,tiller_then_muon,TILLER→Muon,2700,4.3397979736328125,76.69204395807758,2097.16670580511
56,18l_1024d,dolma_sample,3407,rlb_fused_global_rational,GRAIN,tiller_then_muon_v1,TILLER→Muon,tiller_then_muon,TILLER→Muon,2750,4.33634090423584,76.42737199818363,2134.7219963050447
56,18l_1024d,dolma_sample,3407,rlb_fused_global_rational,GRAIN,tiller_then_muon_v1,TILLER→Muon,tiller_then_muon,TILLER→Muon,2800,4.334723949432373,76.30389224940488,2172.2152201810386
56,18l_1024d,dolma_sample,3407,rlb_fused_global_rational,GRAIN,tiller_then_muon_v1,TILLER→Muon,tiller_then_muon,TILLER→Muon,2850,4.3322834968566895,76.11790325999382,2209.728539285017
56,18l_1024d,dolma_sample,3407,rlb_fused_global_rational,GRAIN,tiller_then_muon_v1,TILLER→Muon,tiller_then_muon,TILLER→Muon,2900,4.329671859741211,75.9193702795814,2247.2940104070585
56,18l_1024d,dolma_sample,3407,rlb_fused_global_rational,GRAIN,tiller_then_muon_v1,TILLER→Muon,tiller_then_muon,TILLER→Muon,2950,4.326504230499268,75.67926634314333,2284.9331485861912
56,18l_1024d,dolma_sample,3407,rlb_fused_global_rational,GRAIN,tiller_then_muon_v1,TILLER→Muon,tiller_then_muon,TILLER→Muon,3000,4.326084136962891,75.64748064946451,2322.44030301203
56,18l_1024d,dolma_sample,3407,rlb_fused_global_rational,GRAIN,tiller_then_muon_v1,TILLER→Muon,tiller_then_muon,TILLER→Muon,3050,4.322364807128906,75.36664530120638,2359.9539399321657
51,18l_1024d,fineweb,1337,rlb_fused_global_rational,GRAIN,tiller_then_muon_v1,TILLER→Muon,tiller_then_muon,TILLER→Muon,1,11.091317176818848,65599.09485001006,7.749444417888299
51,18l_1024d,fineweb,1337,rlb_fused_global_rational,GRAIN,tiller_then_muon_v1,TILLER→Muon,tiller_then_muon,TILLER→Muon,50,8.465801239013672,4749.5313975447525,47.642777499044314
51,18l_1024d,fineweb,1337,rlb_fused_global_rational,GRAIN,tiller_then_muon_v1,TILLER→Muon,tiller_then_muon,TILLER→Muon,100,7.140169143676758,1261.641769779489,88.3684019909706
51,18l_1024d,fineweb,1337,rlb_fused_global_rational,GRAIN,tiller_then_muon_v1,TILLER→Muon,tiller_then_muon,TILLER→Muon,150,6.602520942687988,736.9506598691733,129.11451366194524
51,18l_1024d,fineweb,1337,rlb_fused_global_rational,GRAIN,tiller_then_muon_v1,TILLER→Muon,tiller_then_muon,TILLER→Muon,200,6.285294055938721,536.622064344083,169.86580802104436
51,18l_1024d,fineweb,1337,rlb_fused_global_rational,GRAIN,tiller_then_muon_v1,TILLER→Muon,tiller_then_muon,TILLER→Muon,250,6.024809837341309,413.56299030718276,210.63105284888297
51,18l_1024d,fineweb,1337,rlb_fused_global_rational,GRAIN,tiller_then_muon_v1,TILLER→Muon,tiller_then_muon,TILLER→Muon,300,5.828370094299316,339.80437837210025,251.38191180094145
51,18l_1024d,fineweb,1337,rlb_fused_global_rational,GRAIN,tiller_then_muon_v1,TILLER→Muon,tiller_then_muon,TILLER→Muon,350,5.676599025726318,291.95480874710984,292.1347827569116
51,18l_1024d,fineweb,1337,rlb_fused_global_rational,GRAIN,tiller_then_muon_v1,TILLER→Muon,tiller_then_muon,TILLER→Muon,400,5.5612568855285645,260.14960920094785,332.866991068935
51,18l_1024d,fineweb,1337,rlb_fused_global_rational,GRAIN,tiller_then_muon_v1,TILLER→Muon,tiller_then_muon,TILLER→Muon,450,5.458343982696533,234.7084211494175,373.62743543297984
51,18l_1024d,fineweb,1337,rlb_fused_global_rational,GRAIN,tiller_then_muon_v1,TILLER→Muon,tiller_then_muon,TILLER→Muon,500,5.374342441558838,215.797925898938,414.3139976540115
51,18l_1024d,fineweb,1337,rlb_fused_global_rational,GRAIN,tiller_then_muon_v1,TILLER→Muon,tiller_then_muon,TILLER→Muon,550,5.297469139099121,199.83042643885867,455.0094114348758
51,18l_1024d,fineweb,1337,rlb_fused_global_rational,GRAIN,tiller_then_muon_v1,TILLER→Muon,tiller_then_muon,TILLER→Muon,600,5.226276397705078,186.0985547635959,495.7005269329529
51,18l_1024d,fineweb,1337,rlb_fused_global_rational,GRAIN,tiller_then_muon_v1,TILLER→Muon,tiller_then_muon,TILLER→Muon,650,5.162724018096924,174.6395294951921,536.8151820709463
51,18l_1024d,fineweb,1337,rlb_fused_global_rational,GRAIN,tiller_then_muon_v1,TILLER→Muon,tiller_then_muon,TILLER→Muon,700,5.107241630554199,165.21400450957054,577.4869616760407
51,18l_1024d,fineweb,1337,rlb_fused_global_rational,GRAIN,tiller_then_muon_v1,TILLER→Muon,tiller_then_muon,TILLER→Muon,750,5.051212310791016,156.2117269029878,618.1293644229881
51,18l_1024d,fineweb,1337,rlb_fused_global_rational,GRAIN,tiller_then_muon_v1,TILLER→Muon,tiller_then_muon,TILLER→Muon,800,4.999381065368652,148.32132947985866,658.8060580210295
51,18l_1024d,fineweb,1337,rlb_fused_global_rational,GRAIN,tiller_then_muon_v1,TILLER→Muon,tiller_then_muon,TILLER→Muon,850,4.945998191833496,140.61113771256154,699.4878444659989
51,18l_1024d,fineweb,1337,rlb_fused_global_rational,GRAIN,tiller_then_muon_v1,TILLER→Muon,tiller_then_muon,TILLER→Muon,900,4.896689414978027,133.84593704647725,740.1428491310216
51,18l_1024d,fineweb,1337,rlb_fused_global_rational,GRAIN,tiller_then_muon_v1,TILLER→Muon,tiller_then_muon,TILLER→Muon,950,4.8480143547058105,127.48699440204564,780.8111747750081
51,18l_1024d,fineweb,1337,rlb_fused_global_rational,GRAIN,tiller_then_muon_v1,TILLER→Muon,tiller_then_muon,TILLER→Muon,1000,4.808470726013184,122.54407068902998,821.4674032100011
51,18l_1024d,fineweb,1337,rlb_fused_global_rational,GRAIN,tiller_then_muon_v1,TILLER→Muon,tiller_then_muon,TILLER→Muon,1050,4.750583648681641,115.6517648329505,859.0574595818762
51,18l_1024d,fineweb,1337,rlb_fused_global_rational,GRAIN,tiller_then_muon_v1,TILLER→Muon,tiller_then_muon,TILLER→Muon,1100,4.714872360229492,111.5945663597849,896.5098971610423
51,18l_1024d,fineweb,1337,rlb_fused_global_rational,GRAIN,tiller_then_muon_v1,TILLER→Muon,tiller_then_muon,TILLER→Muon,1150,4.684010028839111,108.20310131901766,933.9980238280259
51,18l_1024d,fineweb,1337,rlb_fused_global_rational,GRAIN,tiller_then_muon_v1,TILLER→Muon,tiller_then_muon,TILLER→Muon,1200,4.654705047607422,105.07822235461833,971.4648250599857
51,18l_1024d,fineweb,1337,rlb_fused_global_rational,GRAIN,tiller_then_muon_v1,TILLER→Muon,tiller_then_muon,TILLER→Muon,1250,4.626351833343506,102.14075707715195,1008.9431933390442
51,18l_1024d,fineweb,1337,rlb_fused_global_rational,GRAIN,tiller_then_muon_v1,TILLER→Muon,tiller_then_muon,TILLER→Muon,1300,4.6033124923706055,99.8144030827307,1046.438574208878
51,18l_1024d,fineweb,1337,rlb_fused_global_rational,GRAIN,tiller_then_muon_v1,TILLER→Muon,tiller_then_muon,TILLER→Muon,1350,4.578635215759277,97.38139887420726,1083.9292282878887
51,18l_1024d,fineweb,1337,rlb_fused_global_rational,GRAIN,tiller_then_muon_v1,TILLER→Muon,tiller_then_muon,TILLER→Muon,1400,4.558160781860352,95.40784252727977,1121.397493361961
51,18l_1024d,fineweb,1337,rlb_fused_global_rational,GRAIN,tiller_then_muon_v1,TILLER→Muon,tiller_then_muon,TILLER→Muon,1450,4.541685104370117,93.84881199205302,1158.867523707915
51,18l_1024d,fineweb,1337,rlb_fused_global_rational,GRAIN,tiller_then_muon_v1,TILLER→Muon,tiller_then_muon,TILLER→Muon,1500,4.523069858551025,92.11795344783118,1196.35490058898
51,18l_1024d,fineweb,1337,rlb_fused_global_rational,GRAIN,tiller_then_muon_v1,TILLER→Muon,tiller_then_muon,TILLER→Muon,1550,4.50742244720459,90.68776449593733,1233.8222773380112
51,18l_1024d,fineweb,1337,rlb_fused_global_rational,GRAIN,tiller_then_muon_v1,TILLER→Muon,tiller_then_muon,TILLER→Muon,1600,4.489603519439697,89.08611796174063,1271.287511260016
51,18l_1024d,fineweb,1337,rlb_fused_global_rational,GRAIN,tiller_then_muon_v1,TILLER→Muon,tiller_then_muon,TILLER→Muon,1650,4.47853946685791,88.10589707533487,1308.7461863888893
51,18l_1024d,fineweb,1337,rlb_fused_global_rational,GRAIN,tiller_then_muon_v1,TILLER→Muon,tiller_then_muon,TILLER→Muon,1700,4.4644775390625,86.87562855832299,1346.2301585609093
51,18l_1024d,fineweb,1337,rlb_fused_global_rational,GRAIN,tiller_then_muon_v1,TILLER→Muon,tiller_then_muon,TILLER→Muon,1750,4.4514970779418945,85.75523021456746,1383.7342996469233
51,18l_1024d,fineweb,1337,rlb_fused_global_rational,GRAIN,tiller_then_muon_v1,TILLER→Muon,tiller_then_muon,TILLER→Muon,1800,4.438411235809326,84.64036121884266,1421.2221742828842
51,18l_1024d,fineweb,1337,rlb_fused_global_rational,GRAIN,tiller_then_muon_v1,TILLER→Muon,tiller_then_muon,TILLER→Muon,1850,4.425701141357422,83.5713820372721,1458.7201249809004
51,18l_1024d,fineweb,1337,rlb_fused_global_rational,GRAIN,tiller_then_muon_v1,TILLER→Muon,tiller_then_muon,TILLER→Muon,1900,4.416146755218506,82.77671112470553,1496.243173068855
51,18l_1024d,fineweb,1337,rlb_fused_global_rational,GRAIN,tiller_then_muon_v1,TILLER→Muon,tiller_then_muon,TILLER→Muon,1950,4.405756950378418,81.92112960981322,1533.7433454920538
51,18l_1024d,fineweb,1337,rlb_fused_global_rational,GRAIN,tiller_then_muon_v1,TILLER→Muon,tiller_then_muon,TILLER→Muon,2000,4.396167755126953,81.13932632566626,1571.2495422209613
51,18l_1024d,fineweb,1337,rlb_fused_global_rational,GRAIN,tiller_then_muon_v1,TILLER→Muon,tiller_then_muon,TILLER→Muon,2050,4.387571811676025,80.44484639629383,1608.7868217648938
51,18l_1024d,fineweb,1337,rlb_fused_global_rational,GRAIN,tiller_then_muon_v1,TILLER→Muon,tiller_then_muon,TILLER→Muon,2100,4.379655838012695,79.8105609166096,1646.2907113719266
51,18l_1024d,fineweb,1337,rlb_fused_global_rational,GRAIN,tiller_then_muon_v1,TILLER→Muon,tiller_then_muon,TILLER→Muon,2150,4.37173318862915,79.18074801312653,1683.7837933178525
51,18l_1024d,fineweb,1337,rlb_fused_global_rational,GRAIN,tiller_then_muon_v1,TILLER→Muon,tiller_then_muon,TILLER→Muon,2200,4.364078521728516,78.57695960988708,1721.2920471988618
51,18l_1024d,fineweb,1337,rlb_fused_global_rational,GRAIN,tiller_then_muon_v1,TILLER→Muon,tiller_then_muon,TILLER→Muon,2250,4.35759162902832,78.06888898562565,1758.7954236399382
51,18l_1024d,fineweb,1337,rlb_fused_global_rational,GRAIN,tiller_then_muon_v1,TILLER→Muon,tiller_then_muon,TILLER→Muon,2300,4.350271224975586,77.49947986950745,1796.2996175589506
51,18l_1024d,fineweb,1337,rlb_fused_global_rational,GRAIN,tiller_then_muon_v1,TILLER→Muon,tiller_then_muon,TILLER→Muon,2350,4.344322204589844,77.03980255443498,1833.8028605368454
51,18l_1024d,fineweb,1337,rlb_fused_global_rational,GRAIN,tiller_then_muon_v1,TILLER→Muon,tiller_then_muon,TILLER→Muon,2400,4.340197563171387,76.72269542012904,1871.3216087939218
51,18l_1024d,fineweb,1337,rlb_fused_global_rational,GRAIN,tiller_then_muon_v1,TILLER→Muon,tiller_then_muon,TILLER→Muon,2450,4.333257675170898,76.19209180123957,1908.8485069358721
51,18l_1024d,fineweb,1337,rlb_fused_global_rational,GRAIN,tiller_then_muon_v1,TILLER→Muon,tiller_then_muon,TILLER→Muon,2500,4.328395366668701,75.82252155586337,1946.5336037289817
51,18l_1024d,fineweb,1337,rlb_fused_global_rational,GRAIN,tiller_then_muon_v1,TILLER→Muon,tiller_then_muon,TILLER→Muon,2550,4.323545932769775,75.45571536955389,1984.0505601088516
51,18l_1024d,fineweb,1337,rlb_fused_global_rational,GRAIN,tiller_then_muon_v1,TILLER→Muon,tiller_then_muon,TILLER→Muon,2600,4.3212080001831055,75.27951105091016,2021.556111288024
51,18l_1024d,fineweb,1337,rlb_fused_global_rational,GRAIN,tiller_then_muon_v1,TILLER→Muon,tiller_then_muon,TILLER→Muon,2650,4.317019939422607,74.96489515970224,2059.0479347479995
51,18l_1024d,fineweb,1337,rlb_fused_global_rational,GRAIN,tiller_then_muon_v1,TILLER→Muon,tiller_then_muon,TILLER→Muon,2700,4.313030242919922,74.66640382052603,2096.534808236873
51,18l_1024d,fineweb,1337,rlb_fused_global_rational,GRAIN,tiller_then_muon_v1,TILLER→Muon,tiller_then_muon,TILLER→Muon,2750,4.310819625854492,74.50152730059402,2134.028008259833
51,18l_1024d,fineweb,1337,rlb_fused_global_rational,GRAIN,tiller_then_muon_v1,TILLER→Muon,tiller_then_muon,TILLER→Muon,2800,4.308371543884277,74.31936452054143,2171.50701466389
51,18l_1024d,fineweb,1337,rlb_fused_global_rational,GRAIN,tiller_then_muon_v1,TILLER→Muon,tiller_then_muon,TILLER→Muon,2850,4.305379867553711,74.09735728927481,2208.997654133942
51,18l_1024d,fineweb,1337,rlb_fused_global_rational,GRAIN,tiller_then_muon_v1,TILLER→Muon,tiller_then_muon,TILLER→Muon,2900,4.302273750305176,73.86755928425814,2246.4904990750365
51,18l_1024d,fineweb,1337,rlb_fused_global_rational,GRAIN,tiller_then_muon_v1,TILLER→Muon,tiller_then_muon,TILLER→Muon,2950,4.29954719543457,73.66642965080426,2283.9581872408744
51,18l_1024d,fineweb,1337,rlb_fused_global_rational,GRAIN,tiller_then_muon_v1,TILLER→Muon,tiller_then_muon,TILLER→Muon,3000,4.2973175048828125,73.5023592896704,2321.425817450974
51,18l_1024d,fineweb,1337,rlb_fused_global_rational,GRAIN,tiller_then_muon_v1,TILLER→Muon,tiller_then_muon,TILLER→Muon,3050,4.29519510269165,73.34652315323531,2358.8940189860296
52,18l_1024d,fineweb,2027,rlb_fused_global_rational,GRAIN,tiller_then_muon_v1,TILLER→Muon,tiller_then_muon,TILLER→Muon,1,11.035139083862305,62015.46595845294,8.020580708049238
52,18l_1024d,fineweb,2027,rlb_fused_global_rational,GRAIN,tiller_then_muon_v1,TILLER→Muon,tiller_then_muon,TILLER→Muon,50,8.47128963470459,4775.670370098876,47.838284614961594
52,18l_1024d,fineweb,2027,rlb_fused_global_rational,GRAIN,tiller_then_muon_v1,TILLER→Muon,tiller_then_muon,TILLER→Muon,100,7.178940296173096,1311.517701259434,88.50197064410895
52,18l_1024d,fineweb,2027,rlb_fused_global_rational,GRAIN,tiller_then_muon_v1,TILLER→Muon,tiller_then_muon,TILLER→Muon,150,6.644585609436035,768.6114762869249,129.0721625869628
52,18l_1024d,fineweb,2027,rlb_fused_global_rational,GRAIN,tiller_then_muon_v1,TILLER→Muon,tiller_then_muon,TILLER→Muon,200,6.320336818695068,555.7601513392724,169.8563876580447
52,18l_1024d,fineweb,2027,rlb_fused_global_rational,GRAIN,tiller_then_muon_v1,TILLER→Muon,tiller_then_muon,TILLER→Muon,250,6.068845748901367,432.1815475408312,210.4848398580216
52,18l_1024d,fineweb,2027,rlb_fused_global_rational,GRAIN,tiller_then_muon_v1,TILLER→Muon,tiller_then_muon,TILLER→Muon,300,5.877277374267578,356.83638602199767,251.0600266000256
52,18l_1024d,fineweb,2027,rlb_fused_global_rational,GRAIN,tiller_then_muon_v1,TILLER→Muon,tiller_then_muon,TILLER→Muon,350,5.719213008880615,304.6650598877175,291.63207246293314
52,18l_1024d,fineweb,2027,rlb_fused_global_rational,GRAIN,tiller_then_muon_v1,TILLER→Muon,tiller_then_muon,TILLER→Muon,400,5.597179412841797,269.66472088075153,332.2096181861125
52,18l_1024d,fineweb,2027,rlb_fused_global_rational,GRAIN,tiller_then_muon_v1,TILLER→Muon,tiller_then_muon,TILLER→Muon,450,5.495628356933594,243.62456125756236,372.79393643909134
52,18l_1024d,fineweb,2027,rlb_fused_global_rational,GRAIN,tiller_then_muon_v1,TILLER→Muon,tiller_then_muon,TILLER→Muon,500,5.404314994812012,222.363847912332,413.367363731144
52,18l_1024d,fineweb,2027,rlb_fused_global_rational,GRAIN,tiller_then_muon_v1,TILLER→Muon,tiller_then_muon,TILLER→Muon,550,5.329012870788574,206.23429374765084,453.9357202211395
52,18l_1024d,fineweb,2027,rlb_fused_global_rational,GRAIN,tiller_then_muon_v1,TILLER→Muon,tiller_then_muon,TILLER→Muon,600,5.256673812866211,191.84232541934526,494.4964917670004
52,18l_1024d,fineweb,2027,rlb_fused_global_rational,GRAIN,tiller_then_muon_v1,TILLER→Muon,tiller_then_muon,TILLER→Muon,650,5.19754695892334,180.8281185688359,535.5116520030424
52,18l_1024d,fineweb,2027,rlb_fused_global_rational,GRAIN,tiller_then_muon_v1,TILLER→Muon,tiller_then_muon,TILLER→Muon,700,5.135059833526611,169.8744837600541,576.342181622982
52,18l_1024d,fineweb,2027,rlb_fused_global_rational,GRAIN,tiller_then_muon_v1,TILLER→Muon,tiller_then_muon,TILLER→Muon,750,5.077450752258301,160.3647249942628,616.9018630050123
52,18l_1024d,fineweb,2027,rlb_fused_global_rational,GRAIN,tiller_then_muon_v1,TILLER→Muon,tiller_then_muon,TILLER→Muon,800,5.026767730712891,152.43949004442328,657.4641027359758
52,18l_1024d,fineweb,2027,rlb_fused_global_rational,GRAIN,tiller_then_muon_v1,TILLER→Muon,tiller_then_muon,TILLER→Muon,850,4.971823215484619,144.2897189486701,698.0413316690829
52,18l_1024d,fineweb,2027,rlb_fused_global_rational,GRAIN,tiller_then_muon_v1,TILLER→Muon,tiller_then_muon,TILLER→Muon,900,4.917886734008789,136.71339592744823,738.587515095016
52,18l_1024d,fineweb,2027,rlb_fused_global_rational,GRAIN,tiller_then_muon_v1,TILLER→Muon,tiller_then_muon,TILLER→Muon,950,4.869391441345215,130.24163310144863,779.1297714300454
52,18l_1024d,fineweb,2027,rlb_fused_global_rational,GRAIN,tiller_then_muon_v1,TILLER→Muon,tiller_then_muon,TILLER→Muon,1000,4.8281660079956055,124.98153520059263,819.8229989930987
52,18l_1024d,fineweb,2027,rlb_fused_global_rational,GRAIN,tiller_then_muon_v1,TILLER→Muon,tiller_then_muon,TILLER→Muon,1050,4.764798164367676,117.3074380772942,857.3260243150871
52,18l_1024d,fineweb,2027,rlb_fused_global_rational,GRAIN,tiller_then_muon_v1,TILLER→Muon,tiller_then_muon,TILLER→Muon,1100,4.725256443023682,112.75941103099949,894.8390410151333
52,18l_1024d,fineweb,2027,rlb_fused_global_rational,GRAIN,tiller_then_muon_v1,TILLER→Muon,tiller_then_muon,TILLER→Muon,1150,4.696866035461426,109.60314128486304,932.2782357980032
52,18l_1024d,fineweb,2027,rlb_fused_global_rational,GRAIN,tiller_then_muon_v1,TILLER→Muon,tiller_then_muon,TILLER→Muon,1200,4.664536476135254,106.1163863429182,969.7359831430949
52,18l_1024d,fineweb,2027,rlb_fused_global_rational,GRAIN,tiller_then_muon_v1,TILLER→Muon,tiller_then_muon,TILLER→Muon,1250,4.641354084014893,103.68465029857046,1007.184323644964
52,18l_1024d,fineweb,2027,rlb_fused_global_rational,GRAIN,tiller_then_muon_v1,TILLER→Muon,tiller_then_muon,TILLER→Muon,1300,4.620762825012207,101.571483853144,1044.6313223920297
52,18l_1024d,fineweb,2027,rlb_fused_global_rational,GRAIN,tiller_then_muon_v1,TILLER→Muon,tiller_then_muon,TILLER→Muon,1350,4.5975775718688965,99.24361369640765,1082.0987205491401
52,18l_1024d,fineweb,2027,rlb_fused_global_rational,GRAIN,tiller_then_muon_v1,TILLER→Muon,tiller_then_muon,TILLER→Muon,1400,4.576592922210693,97.18272042045326,1119.8897584909573
52,18l_1024d,fineweb,2027,rlb_fused_global_rational,GRAIN,tiller_then_muon_v1,TILLER→Muon,tiller_then_muon,TILLER→Muon,1450,4.556595802307129,95.25864797816702,1157.328769520158
52,18l_1024d,fineweb,2027,rlb_fused_global_rational,GRAIN,tiller_then_muon_v1,TILLER→Muon,tiller_then_muon,TILLER→Muon,1500,4.53881311416626,93.57966580098073,1194.8052233320195
52,18l_1024d,fineweb,2027,rlb_fused_global_rational,GRAIN,tiller_then_muon_v1,TILLER→Muon,tiller_then_muon,TILLER→Muon,1550,4.52365255355835,92.17164576099238,1232.2517139951233
52,18l_1024d,fineweb,2027,rlb_fused_global_rational,GRAIN,tiller_then_muon_v1,TILLER→Muon,tiller_then_muon,TILLER→Muon,1600,4.507663249969482,90.70960498989,1269.7065938841552
52,18l_1024d,fineweb,2027,rlb_fused_global_rational,GRAIN,tiller_then_muon_v1,TILLER→Muon,tiller_then_muon,TILLER→Muon,1650,4.492695331573486,89.36198174194294,1307.1857957621105
52,18l_1024d,fineweb,2027,rlb_fused_global_rational,GRAIN,tiller_then_muon_v1,TILLER→Muon,tiller_then_muon,TILLER→Muon,1700,4.478728294372559,88.1225354637488,1344.659788343124
52,18l_1024d,fineweb,2027,rlb_fused_global_rational,GRAIN,tiller_then_muon_v1,TILLER→Muon,tiller_then_muon,TILLER→Muon,1750,4.467461585998535,87.13525669014857,1382.1224381430075
52,18l_1024d,fineweb,2027,rlb_fused_global_rational,GRAIN,tiller_then_muon_v1,TILLER→Muon,tiller_then_muon,TILLER→Muon,1800,4.453889846801758,85.96066834395764,1419.6210860121064
52,18l_1024d,fineweb,2027,rlb_fused_global_rational,GRAIN,tiller_then_muon_v1,TILLER→Muon,tiller_then_muon,TILLER→Muon,1850,4.44232177734375,84.97199888568679,1457.1150123120751
52,18l_1024d,fineweb,2027,rlb_fused_global_rational,GRAIN,tiller_then_muon_v1,TILLER→Muon,tiller_then_muon,TILLER→Muon,1900,4.431966781616211,84.09665411755667,1494.5992180281319
52,18l_1024d,fineweb,2027,rlb_fused_global_rational,GRAIN,tiller_then_muon_v1,TILLER→Muon,tiller_then_muon,TILLER→Muon,1950,4.4216718673706055,83.23532752409606,1532.094790942967
52,18l_1024d,fineweb,2027,rlb_fused_global_rational,GRAIN,tiller_then_muon_v1,TILLER→Muon,tiller_then_muon,TILLER→Muon,2000,4.411726474761963,82.41162233813014,1569.5814733470324
52,18l_1024d,fineweb,2027,rlb_fused_global_rational,GRAIN,tiller_then_muon_v1,TILLER→Muon,tiller_then_muon,TILLER→Muon,2050,4.400793075561523,81.5154909801735,1607.081585614942
52,18l_1024d,fineweb,2027,rlb_fused_global_rational,GRAIN,tiller_then_muon_v1,TILLER→Muon,tiller_then_muon,TILLER→Muon,2100,4.392570972442627,80.84801001650789,1644.5799151051324
52,18l_1024d,fineweb,2027,rlb_fused_global_rational,GRAIN,tiller_then_muon_v1,TILLER→Muon,tiller_then_muon,TILLER→Muon,2150,4.381288051605225,79.9409351693344,1682.081327520078
52,18l_1024d,fineweb,2027,rlb_fused_global_rational,GRAIN,tiller_then_muon_v1,TILLER→Muon,tiller_then_muon,TILLER→Muon,2200,4.374282360076904,79.3828508030609,1719.5780188371427
52,18l_1024d,fineweb,2027,rlb_fused_global_rational,GRAIN,tiller_then_muon_v1,TILLER→Muon,tiller_then_muon,TILLER→Muon,2250,4.3669114112854,78.79987505651853,1757.0530257360078
52,18l_1024d,fineweb,2027,rlb_fused_global_rational,GRAIN,tiller_then_muon_v1,TILLER→Muon,tiller_then_muon,TILLER→Muon,2300,4.360579490661621,78.30249684396787,1794.5377637541387
52,18l_1024d,fineweb,2027,rlb_fused_global_rational,GRAIN,tiller_then_muon_v1,TILLER→Muon,tiller_then_muon,TILLER→Muon,2350,4.3539934158325195,77.78848525782824,1832.0498942821287
52,18l_1024d,fineweb,2027,rlb_fused_global_rational,GRAIN,tiller_then_muon_v1,TILLER→Muon,tiller_then_muon,TILLER→Muon,2400,4.350124359130859,77.48809867870511,1869.5518310600892
52,18l_1024d,fineweb,2027,rlb_fused_global_rational,GRAIN,tiller_then_muon_v1,TILLER→Muon,tiller_then_muon,TILLER→Muon,2450,4.345595836639404,77.13798542721469,1907.0650555931497
52,18l_1024d,fineweb,2027,rlb_fused_global_rational,GRAIN,tiller_then_muon_v1,TILLER→Muon,tiller_then_muon,TILLER→Muon,2500,4.340262413024902,76.72767103702063,1944.556477596052
52,18l_1024d,fineweb,2027,rlb_fused_global_rational,GRAIN,tiller_then_muon_v1,TILLER→Muon,tiller_then_muon,TILLER→Muon,2550,4.335934638977051,76.39632851849086,1982.0528705359902
52,18l_1024d,fineweb,2027,rlb_fused_global_rational,GRAIN,tiller_then_muon_v1,TILLER→Muon,tiller_then_muon,TILLER→Muon,2600,4.331182956695557,76.03417853013936,2019.5735529239755
52,18l_1024d,fineweb,2027,rlb_fused_global_rational,GRAIN,tiller_then_muon_v1,TILLER→Muon,tiller_then_muon,TILLER→Muon,2650,4.327648639678955,75.76592396669061,2057.0891873179935
52,18l_1024d,fineweb,2027,rlb_fused_global_rational,GRAIN,tiller_then_muon_v1,TILLER→Muon,tiller_then_muon,TILLER→Muon,2700,4.324166297912598,75.50253998787467,2094.621665901039
52,18l_1024d,fineweb,2027,rlb_fused_global_rational,GRAIN,tiller_then_muon_v1,TILLER→Muon,tiller_then_muon,TILLER→Muon,2750,4.319826126098633,75.17555608837397,2132.1131448270753
52,18l_1024d,fineweb,2027,rlb_fused_global_rational,GRAIN,tiller_then_muon_v1,TILLER→Muon,tiller_then_muon,TILLER→Muon,2800,4.317703723907471,75.01617252125602,2169.606889754068
52,18l_1024d,fineweb,2027,rlb_fused_global_rational,GRAIN,tiller_then_muon_v1,TILLER→Muon,tiller_then_muon,TILLER→Muon,2850,4.315845489501953,74.87690432505849,2207.094971836079
52,18l_1024d,fineweb,2027,rlb_fused_global_rational,GRAIN,tiller_then_muon_v1,TILLER→Muon,tiller_then_muon,TILLER→Muon,2900,4.313344955444336,74.68990597097788,2244.604144481942
52,18l_1024d,fineweb,2027,rlb_fused_global_rational,GRAIN,tiller_then_muon_v1,TILLER→Muon,tiller_then_muon,TILLER→Muon,2950,4.309797286987305,74.42540041393784,2282.097524650162
52,18l_1024d,fineweb,2027,rlb_fused_global_rational,GRAIN,tiller_then_muon_v1,TILLER→Muon,tiller_then_muon,TILLER→Muon,3000,4.307468891143799,74.25231021041763,2319.5957814219873
52,18l_1024d,fineweb,2027,rlb_fused_global_rational,GRAIN,tiller_then_muon_v1,TILLER→Muon,tiller_then_muon,TILLER→Muon,3050,4.304936408996582,74.0645054668735,2357.100029260153
53,18l_1024d,fineweb,3407,rlb_fused_global_rational,GRAIN,tiller_then_muon_v1,TILLER→Muon,tiller_then_muon,TILLER→Muon,1,11.080801010131836,64912.85844646848,12.766345319803804
53,18l_1024d,fineweb,3407,rlb_fused_global_rational,GRAIN,tiller_then_muon_v1,TILLER→Muon,tiller_then_muon,TILLER→Muon,50,8.493514060974121,4882.9951019260025,52.57092163292691
53,18l_1024d,fineweb,3407,rlb_fused_global_rational,GRAIN,tiller_then_muon_v1,TILLER→Muon,tiller_then_muon,TILLER→Muon,100,7.166684150695801,1295.5416518931706,93.28148516593501
53,18l_1024d,fineweb,3407,rlb_fused_global_rational,GRAIN,tiller_then_muon_v1,TILLER→Muon,tiller_then_muon,TILLER→Muon,150,6.633375644683838,760.0434819104491,133.92539866198786
53,18l_1024d,fineweb,3407,rlb_fused_global_rational,GRAIN,tiller_then_muon_v1,TILLER→Muon,tiller_then_muon,TILLER→Muon,200,6.307409763336182,548.6220458421589,174.55255999299698
53,18l_1024d,fineweb,3407,rlb_fused_global_rational,GRAIN,tiller_then_muon_v1,TILLER→Muon,tiller_then_muon,TILLER→Muon,250,6.050781726837158,424.44470020318045,215.1857449298259
53,18l_1024d,fineweb,3407,rlb_fused_global_rational,GRAIN,tiller_then_muon_v1,TILLER→Muon,tiller_then_muon,TILLER→Muon,300,5.854676246643066,348.8619365457516,255.81329399393871
53,18l_1024d,fineweb,3407,rlb_fused_global_rational,GRAIN,tiller_then_muon_v1,TILLER→Muon,tiller_then_muon,TILLER→Muon,350,5.705807685852051,300.6081789963416,296.4175245608203
53,18l_1024d,fineweb,3407,rlb_fused_global_rational,GRAIN,tiller_then_muon_v1,TILLER→Muon,tiller_then_muon,TILLER→Muon,400,5.583115577697754,265.89874480839313,337.02291746088304
53,18l_1024d,fineweb,3407,rlb_fused_global_rational,GRAIN,tiller_then_muon_v1,TILLER→Muon,tiller_then_muon,TILLER→Muon,450,5.476395130157471,238.9836477554356,377.6548555670306
53,18l_1024d,fineweb,3407,rlb_fused_global_rational,GRAIN,tiller_then_muon_v1,TILLER→Muon,tiller_then_muon,TILLER→Muon,500,5.395723819732666,220.46166386143884,418.2463573238347
53,18l_1024d,fineweb,3407,rlb_fused_global_rational,GRAIN,tiller_then_muon_v1,TILLER→Muon,tiller_then_muon,TILLER→Muon,550,5.316832065582275,203.73743175539028,458.8279446240049
53,18l_1024d,fineweb,3407,rlb_fused_global_rational,GRAIN,tiller_then_muon_v1,TILLER→Muon,tiller_then_muon,TILLER→Muon,600,5.249456405639648,190.462705860395,499.4049177558627
53,18l_1024d,fineweb,3407,rlb_fused_global_rational,GRAIN,tiller_then_muon_v1,TILLER→Muon,tiller_then_muon,TILLER→Muon,650,5.190765380859375,179.60596730756444,540.4815501528792
53,18l_1024d,fineweb,3407,rlb_fused_global_rational,GRAIN,tiller_then_muon_v1,TILLER→Muon,tiller_then_muon,TILLER→Muon,700,5.128841400146484,168.82140823325096,581.0924676219001
53,18l_1024d,fineweb,3407,rlb_fused_global_rational,GRAIN,tiller_then_muon_v1,TILLER→Muon,tiller_then_muon,TILLER→Muon,750,5.068912982940674,159.00139614067987,621.723980183946
53,18l_1024d,fineweb,3407,rlb_fused_global_rational,GRAIN,tiller_then_muon_v1,TILLER→Muon,tiller_then_muon,TILLER→Muon,800,5.016097068786621,150.82150760608297,662.3335614148527
53,18l_1024d,fineweb,3407,rlb_fused_global_rational,GRAIN,tiller_then_muon_v1,TILLER→Muon,tiller_then_muon,TILLER→Muon,850,4.961132526397705,142.75537861606807,702.9578723779414
53,18l_1024d,fineweb,3407,rlb_fused_global_rational,GRAIN,tiller_then_muon_v1,TILLER→Muon,tiller_then_muon,TILLER→Muon,900,4.9082841873168945,135.40688212885962,743.5557170629036
53,18l_1024d,fineweb,3407,rlb_fused_global_rational,GRAIN,tiller_then_muon_v1,TILLER→Muon,tiller_then_muon,TILLER→Muon,950,4.860689640045166,129.11321305317557,784.1624896079302
53,18l_1024d,fineweb,3407,rlb_fused_global_rational,GRAIN,tiller_then_muon_v1,TILLER→Muon,tiller_then_muon,TILLER→Muon,1000,4.820120334625244,123.98000897013567,824.7590815669391
53,18l_1024d,fineweb,3407,rlb_fused_global_rational,GRAIN,tiller_then_muon_v1,TILLER→Muon,tiller_then_muon,TILLER→Muon,1050,4.755170822143555,116.18349818357191,862.2784207328223
53,18l_1024d,fineweb,3407,rlb_fused_global_rational,GRAIN,tiller_then_muon_v1,TILLER→Muon,tiller_then_muon,TILLER→Muon,1100,4.716524124145508,111.77904655464248,899.8014532190282
53,18l_1024d,fineweb,3407,rlb_fused_global_rational,GRAIN,tiller_then_muon_v1,TILLER→Muon,tiller_then_muon,TILLER→Muon,1150,4.684788703918457,108.287389189696,937.3223095769063
53,18l_1024d,fineweb,3407,rlb_fused_global_rational,GRAIN,tiller_then_muon_v1,TILLER→Muon,tiller_then_muon,TILLER→Muon,1200,4.653959274291992,104.99988703417999,974.8513367630076
53,18l_1024d,fineweb,3407,rlb_fused_global_rational,GRAIN,tiller_then_muon_v1,TILLER→Muon,tiller_then_muon,TILLER→Muon,1250,4.628227233886719,102.33249164181575,1012.3812319119461
53,18l_1024d,fineweb,3407,rlb_fused_global_rational,GRAIN,tiller_then_muon_v1,TILLER→Muon,tiller_then_muon,TILLER→Muon,1300,4.603760242462158,99.85910499774573,1049.9068119458389
53,18l_1024d,fineweb,3407,rlb_fused_global_rational,GRAIN,tiller_then_muon_v1,TILLER→Muon,tiller_then_muon,TILLER→Muon,1350,4.580634117126465,97.57624936413208,1087.4468782548793
53,18l_1024d,fineweb,3407,rlb_fused_global_rational,GRAIN,tiller_then_muon_v1,TILLER→Muon,tiller_then_muon,TILLER→Muon,1400,4.560327529907227,95.61479140580624,1124.9854354779236
53,18l_1024d,fineweb,3407,rlb_fused_global_rational,GRAIN,tiller_then_muon_v1,TILLER→Muon,tiller_then_muon,TILLER→Muon,1450,4.541047096252441,93.78895478489032,1162.514194880845
53,18l_1024d,fineweb,3407,rlb_fused_global_rational,GRAIN,tiller_then_muon_v1,TILLER→Muon,tiller_then_muon,TILLER→Muon,1500,4.524348735809326,92.23583636640195,1200.0525752769317
53,18l_1024d,fineweb,3407,rlb_fused_global_rational,GRAIN,tiller_then_muon_v1,TILLER→Muon,tiller_then_muon,TILLER→Muon,1550,4.504594802856445,90.4316939600355,1237.6034176850226
53,18l_1024d,fineweb,3407,rlb_fused_global_rational,GRAIN,tiller_then_muon_v1,TILLER→Muon,tiller_then_muon,TILLER→Muon,1600,4.488247871398926,88.96543036390176,1275.1467702239752
53,18l_1024d,fineweb,3407,rlb_fused_global_rational,GRAIN,tiller_then_muon_v1,TILLER→Muon,tiller_then_muon,TILLER→Muon,1650,4.472647666931152,87.5883209820244,1312.6264805819374
53,18l_1024d,fineweb,3407,rlb_fused_global_rational,GRAIN,tiller_then_muon_v1,TILLER→Muon,tiller_then_muon,TILLER→Muon,1700,4.459817409515381,86.47171874175811,1350.1335230849218
53,18l_1024d,fineweb,3407,rlb_fused_global_rational,GRAIN,tiller_then_muon_v1,TILLER→Muon,tiller_then_muon,TILLER→Muon,1750,4.447700500488281,85.43027109756387,1387.634347030893
53,18l_1024d,fineweb,3407,rlb_fused_global_rational,GRAIN,tiller_then_muon_v1,TILLER→Muon,tiller_then_muon,TILLER→Muon,1800,4.43450927734375,84.31074154420784,1425.1231007098686
53,18l_1024d,fineweb,3407,rlb_fused_global_rational,GRAIN,tiller_then_muon_v1,TILLER→Muon,tiller_then_muon,TILLER→Muon,1850,4.4236040115356445,83.39630564288329,1462.638182146009
53,18l_1024d,fineweb,3407,rlb_fused_global_rational,GRAIN,tiller_then_muon_v1,TILLER→Muon,tiller_then_muon,TILLER→Muon,1900,4.413274765014648,82.53931827938543,1500.197742302902
53,18l_1024d,fineweb,3407,rlb_fused_global_rational,GRAIN,tiller_then_muon_v1,TILLER→Muon,tiller_then_muon,TILLER→Muon,1950,4.404788017272949,81.84179195794263,1537.7095696809702
53,18l_1024d,fineweb,3407,rlb_fused_global_rational,GRAIN,tiller_then_muon_v1,TILLER→Muon,tiller_then_muon,TILLER→Muon,2000,4.392029285430908,80.80422755882354,1575.245344457915
53,18l_1024d,fineweb,3407,rlb_fused_global_rational,GRAIN,tiller_then_muon_v1,TILLER→Muon,tiller_then_muon,TILLER→Muon,2050,4.383265972137451,80.0992084607683,1612.8326938438695
53,18l_1024d,fineweb,3407,rlb_fused_global_rational,GRAIN,tiller_then_muon_v1,TILLER→Muon,tiller_then_muon,TILLER→Muon,2100,4.375125885009766,79.44984046670855,1650.3860722989775
53,18l_1024d,fineweb,3407,rlb_fused_global_rational,GRAIN,tiller_then_muon_v1,TILLER→Muon,tiller_then_muon,TILLER→Muon,2150,4.367193698883057,78.82212242387405,1687.9414186058566
53,18l_1024d,fineweb,3407,rlb_fused_global_rational,GRAIN,tiller_then_muon_v1,TILLER→Muon,tiller_then_muon,TILLER→Muon,2200,4.360151290893555,78.26897491053452,1725.448313802015
53,18l_1024d,fineweb,3407,rlb_fused_global_rational,GRAIN,tiller_then_muon_v1,TILLER→Muon,tiller_then_muon,TILLER→Muon,2250,4.353090286254883,77.7182638902623,1762.9892684710212
53,18l_1024d,fineweb,3407,rlb_fused_global_rational,GRAIN,tiller_then_muon_v1,TILLER→Muon,tiller_then_muon,TILLER→Muon,2300,4.346251010894775,77.18854080886163,1800.5431414579507
53,18l_1024d,fineweb,3407,rlb_fused_global_rational,GRAIN,tiller_then_muon_v1,TILLER→Muon,tiller_then_muon,TILLER→Muon,2350,4.3401594161987305,76.71976873738714,1838.0838131478522
53,18l_1024d,fineweb,3407,rlb_fused_global_rational,GRAIN,tiller_then_muon_v1,TILLER→Muon,tiller_then_muon,TILLER→Muon,2400,4.334963798522949,76.32219586353318,1875.625966281863
53,18l_1024d,fineweb,3407,rlb_fused_global_rational,GRAIN,tiller_then_muon_v1,TILLER→Muon,tiller_then_muon,TILLER→Muon,2450,4.330353736877441,75.971155615984,1913.1572435388807
53,18l_1024d,fineweb,3407,rlb_fused_global_rational,GRAIN,tiller_then_muon_v1,TILLER→Muon,tiller_then_muon,TILLER→Muon,2500,4.3245673179626465,75.53282409210007,1950.6838755549397
53,18l_1024d,fineweb,3407,rlb_fused_global_rational,GRAIN,tiller_then_muon_v1,TILLER→Muon,tiller_then_muon,TILLER→Muon,2550,4.319380283355713,75.14204708267556,1988.221649309853
53,18l_1024d,fineweb,3407,rlb_fused_global_rational,GRAIN,tiller_then_muon_v1,TILLER→Muon,tiller_then_muon,TILLER→Muon,2600,4.315257549285889,74.83289412070367,2025.752206441015
53,18l_1024d,fineweb,3407,rlb_fused_global_rational,GRAIN,tiller_then_muon_v1,TILLER→Muon,tiller_then_muon,TILLER→Muon,2650,4.311158657073975,74.52678992641549,2063.241793599911
53,18l_1024d,fineweb,3407,rlb_fused_global_rational,GRAIN,tiller_then_muon_v1,TILLER→Muon,tiller_then_muon,TILLER→Muon,2700,4.307860374450684,74.28138444102929,2100.72869597096
53,18l_1024d,fineweb,3407,rlb_fused_global_rational,GRAIN,tiller_then_muon_v1,TILLER→Muon,tiller_then_muon,TILLER→Muon,2750,4.3048224449157715,74.05606525453693,2138.274275034899
53,18l_1024d,fineweb,3407,rlb_fused_global_rational,GRAIN,tiller_then_muon_v1,TILLER→Muon,tiller_then_muon,TILLER→Muon,2800,4.302196025848389,73.86181819145312,2175.8092443668284
53,18l_1024d,fineweb,3407,rlb_fused_global_rational,GRAIN,tiller_then_muon_v1,TILLER→Muon,tiller_then_muon,TILLER→Muon,2850,4.299625396728516,73.67219068618056,2213.3727448149584
53,18l_1024d,fineweb,3407,rlb_fused_global_rational,GRAIN,tiller_then_muon_v1,TILLER→Muon,tiller_then_muon,TILLER→Muon,2900,4.296216011047363,73.42144146744442,2250.91657453496
53,18l_1024d,fineweb,3407,rlb_fused_global_rational,GRAIN,tiller_then_muon_v1,TILLER→Muon,tiller_then_muon,TILLER→Muon,2950,4.2940216064453125,73.26050176639195,2288.4452468249947
53,18l_1024d,fineweb,3407,rlb_fused_global_rational,GRAIN,tiller_then_muon_v1,TILLER→Muon,tiller_then_muon,TILLER→Muon,3000,4.291852951049805,73.1017971339872,2325.995669224998
53,18l_1024d,fineweb,3407,rlb_fused_global_rational,GRAIN,tiller_then_muon_v1,TILLER→Muon,tiller_then_muon,TILLER→Muon,3050,4.2897186279296875,72.94594066144326,2363.5401528028306
48,18l_1024d,fineweb_edu,1337,rlb_fused_global_rational,GRAIN,tiller_then_muon_v1,TILLER→Muon,tiller_then_muon,TILLER→Muon,1,11.093894958496094,65768.41313378372,8.834586596116424
48,18l_1024d,fineweb_edu,1337,rlb_fused_global_rational,GRAIN,tiller_then_muon_v1,TILLER→Muon,tiller_then_muon,TILLER→Muon,50,8.448562622070312,4668.357716308412,49.24764507915825
48,18l_1024d,fineweb_edu,1337,rlb_fused_global_rational,GRAIN,tiller_then_muon_v1,TILLER→Muon,tiller_then_muon,TILLER→Muon,100,7.154723644256592,1280.138615303955,90.35073708975688
48,18l_1024d,fineweb_edu,1337,rlb_fused_global_rational,GRAIN,tiller_then_muon_v1,TILLER→Muon,tiller_then_muon,TILLER→Muon,150,6.591194152832031,728.650470600449,131.4545206921175
48,18l_1024d,fineweb_edu,1337,rlb_fused_global_rational,GRAIN,tiller_then_muon_v1,TILLER→Muon,tiller_then_muon,TILLER→Muon,200,6.228569984436035,507.0299041702179,172.61468790797517
48,18l_1024d,fineweb_edu,1337,rlb_fused_global_rational,GRAIN,tiller_then_muon_v1,TILLER→Muon,tiller_then_muon,TILLER→Muon,250,5.943214416503906,381.15816358466077,213.78291345899925
48,18l_1024d,fineweb_edu,1337,rlb_fused_global_rational,GRAIN,tiller_then_muon_v1,TILLER→Muon,tiller_then_muon,TILLER→Muon,300,5.728069305419922,307.37524740118545,254.94654487073421
48,18l_1024d,fineweb_edu,1337,rlb_fused_global_rational,GRAIN,tiller_then_muon_v1,TILLER→Muon,tiller_then_muon,TILLER→Muon,350,5.559517860412598,259.6975956420196,296.1203866950236
48,18l_1024d,fineweb_edu,1337,rlb_fused_global_rational,GRAIN,tiller_then_muon_v1,TILLER→Muon,tiller_then_muon,TILLER→Muon,400,5.423418045043945,226.65250849836036,337.34681772906333
48,18l_1024d,fineweb_edu,1337,rlb_fused_global_rational,GRAIN,tiller_then_muon_v1,TILLER→Muon,tiller_then_muon,TILLER→Muon,450,5.308802604675293,202.1080801732242,378.67410554690287
48,18l_1024d,fineweb_edu,1337,rlb_fused_global_rational,GRAIN,tiller_then_muon_v1,TILLER→Muon,tiller_then_muon,TILLER→Muon,500,5.213915824890137,183.81242805137592,419.8606961350888
48,18l_1024d,fineweb_edu,1337,rlb_fused_global_rational,GRAIN,tiller_then_muon_v1,TILLER→Muon,tiller_then_muon,TILLER→Muon,550,5.125478267669678,168.2545931438136,461.1120824739337
48,18l_1024d,fineweb_edu,1337,rlb_fused_global_rational,GRAIN,tiller_then_muon_v1,TILLER→Muon,tiller_then_muon,TILLER→Muon,600,5.045995712280273,155.39895483699598,502.35031474381685
48,18l_1024d,fineweb_edu,1337,rlb_fused_global_rational,GRAIN,tiller_then_muon_v1,TILLER→Muon,tiller_then_muon,TILLER→Muon,650,4.9716949462890625,144.2712122094411,543.9711512527429
48,18l_1024d,fineweb_edu,1337,rlb_fused_global_rational,GRAIN,tiller_then_muon_v1,TILLER→Muon,tiller_then_muon,TILLER→Muon,700,4.904763698577881,134.93102184699978,585.2068467088975
48,18l_1024d,fineweb_edu,1337,rlb_fused_global_rational,GRAIN,tiller_then_muon_v1,TILLER→Muon,tiller_then_muon,TILLER→Muon,750,4.84147834777832,126.65645568355106,626.4265746581368
48,18l_1024d,fineweb_edu,1337,rlb_fused_global_rational,GRAIN,tiller_then_muon_v1,TILLER→Muon,tiller_then_muon,TILLER→Muon,800,4.78745174407959,119.99520025169775,667.7863447321579
48,18l_1024d,fineweb_edu,1337,rlb_fused_global_rational,GRAIN,tiller_then_muon_v1,TILLER→Muon,tiller_then_muon,TILLER→Muon,850,4.733060359954834,113.64281864433498,709.0658948728815
48,18l_1024d,fineweb_edu,1337,rlb_fused_global_rational,GRAIN,tiller_then_muon_v1,TILLER→Muon,tiller_then_muon,TILLER→Muon,900,4.677135944366455,107.46185467521362,750.4389956938103
48,18l_1024d,fineweb_edu,1337,rlb_fused_global_rational,GRAIN,tiller_then_muon_v1,TILLER→Muon,tiller_then_muon,TILLER→Muon,950,4.634289264678955,102.95471843069573,791.8118060487323
48,18l_1024d,fineweb_edu,1337,rlb_fused_global_rational,GRAIN,tiller_then_muon_v1,TILLER→Muon,tiller_then_muon,TILLER→Muon,1000,4.585657596588135,98.06765489816475,833.1874296730384
48,18l_1024d,fineweb_edu,1337,rlb_fused_global_rational,GRAIN,tiller_then_muon_v1,TILLER→Muon,tiller_then_muon,TILLER→Muon,1050,4.518846035003662,91.72968403491701,871.1410038820468
48,18l_1024d,fineweb_edu,1337,rlb_fused_global_rational,GRAIN,tiller_then_muon_v1,TILLER→Muon,tiller_then_muon,TILLER→Muon,1100,4.478623867034912,88.1133335424581,908.9912676350214
48,18l_1024d,fineweb_edu,1337,rlb_fused_global_rational,GRAIN,tiller_then_muon_v1,TILLER→Muon,tiller_then_muon,TILLER→Muon,1150,4.4455132484436035,85.24361776578272,946.8281298507936
48,18l_1024d,fineweb_edu,1337,rlb_fused_global_rational,GRAIN,tiller_then_muon_v1,TILLER→Muon,tiller_then_muon,TILLER→Muon,1200,4.4178466796875,82.91754495092844,984.754292842932
48,18l_1024d,fineweb_edu,1337,rlb_fused_global_rational,GRAIN,tiller_then_muon_v1,TILLER→Muon,tiller_then_muon,TILLER→Muon,1250,4.391969680786133,80.79941139507784,1022.6643528039567
48,18l_1024d,fineweb_edu,1337,rlb_fused_global_rational,GRAIN,tiller_then_muon_v1,TILLER→Muon,tiller_then_muon,TILLER→Muon,1300,4.371181964874268,79.13711373112353,1060.525789176114
48,18l_1024d,fineweb_edu,1337,rlb_fused_global_rational,GRAIN,tiller_then_muon_v1,TILLER→Muon,tiller_then_muon,TILLER→Muon,1350,4.346634864807129,77.21817561959512,1098.399056437891
48,18l_1024d,fineweb_edu,1337,rlb_fused_global_rational,GRAIN,tiller_then_muon_v1,TILLER→Muon,tiller_then_muon,TILLER→Muon,1400,4.325155735015869,75.57728197247867,1136.342060119845
48,18l_1024d,fineweb_edu,1337,rlb_fused_global_rational,GRAIN,tiller_then_muon_v1,TILLER→Muon,tiller_then_muon,TILLER→Muon,1450,4.304625988006592,74.0415178578661,1174.2316846209578
48,18l_1024d,fineweb_edu,1337,rlb_fused_global_rational,GRAIN,tiller_then_muon_v1,TILLER→Muon,tiller_then_muon,TILLER→Muon,1500,4.288643836975098,72.86758114184099,1212.2086190669797
48,18l_1024d,fineweb_edu,1337,rlb_fused_global_rational,GRAIN,tiller_then_muon_v1,TILLER→Muon,tiller_then_muon,TILLER→Muon,1550,4.271243572235107,71.61063326551636,1250.077175479848
48,18l_1024d,fineweb_edu,1337,rlb_fused_global_rational,GRAIN,tiller_then_muon_v1,TILLER→Muon,tiller_then_muon,TILLER→Muon,1600,4.2568864822387695,70.5898581729302,1287.949147767853
48,18l_1024d,fineweb_edu,1337,rlb_fused_global_rational,GRAIN,tiller_then_muon_v1,TILLER→Muon,tiller_then_muon,TILLER→Muon,1650,4.240567207336426,69.44723164872646,1325.8938359851018
48,18l_1024d,fineweb_edu,1337,rlb_fused_global_rational,GRAIN,tiller_then_muon_v1,TILLER→Muon,tiller_then_muon,TILLER→Muon,1700,4.228096961975098,68.5865850207325,1363.7482041660696
48,18l_1024d,fineweb_edu,1337,rlb_fused_global_rational,GRAIN,tiller_then_muon_v1,TILLER→Muon,tiller_then_muon,TILLER→Muon,1750,4.214803695678711,67.68087851787043,1401.5947812618688
48,18l_1024d,fineweb_edu,1337,rlb_fused_global_rational,GRAIN,tiller_then_muon_v1,TILLER→Muon,tiller_then_muon,TILLER→Muon,1800,4.205538749694824,67.05671472099688,1439.435695861932
48,18l_1024d,fineweb_edu,1337,rlb_fused_global_rational,GRAIN,tiller_then_muon_v1,TILLER→Muon,tiller_then_muon,TILLER→Muon,1850,4.191189289093018,66.10135785570506,1477.3339928858913
48,18l_1024d,fineweb_edu,1337,rlb_fused_global_rational,GRAIN,tiller_then_muon_v1,TILLER→Muon,tiller_then_muon,TILLER→Muon,1900,4.181844234466553,65.48651440300517,1515.2432261467911
48,18l_1024d,fineweb_edu,1337,rlb_fused_global_rational,GRAIN,tiller_then_muon_v1,TILLER→Muon,tiller_then_muon,TILLER→Muon,1950,4.17421817779541,64.98900994267737,1553.1681141899899
48,18l_1024d,fineweb_edu,1337,rlb_fused_global_rational,GRAIN,tiller_then_muon_v1,TILLER→Muon,tiller_then_muon,TILLER→Muon,2000,4.163734436035156,64.31124093055439,1591.1058906908147
48,18l_1024d,fineweb_edu,1337,rlb_fused_global_rational,GRAIN,tiller_then_muon_v1,TILLER→Muon,tiller_then_muon,TILLER→Muon,2050,4.154839515686035,63.741734178447416,1628.950426068157
48,18l_1024d,fineweb_edu,1337,rlb_fused_global_rational,GRAIN,tiller_then_muon_v1,TILLER→Muon,tiller_then_muon,TILLER→Muon,2100,4.147056579589844,63.2475618848676,1666.805469071027
48,18l_1024d,fineweb_edu,1337,rlb_fused_global_rational,GRAIN,tiller_then_muon_v1,TILLER→Muon,tiller_then_muon,TILLER→Muon,2150,4.136988162994385,62.61395414903629,1704.6929880990647
48,18l_1024d,fineweb_edu,1337,rlb_fused_global_rational,GRAIN,tiller_then_muon_v1,TILLER→Muon,tiller_then_muon,TILLER→Muon,2200,4.128175258636475,62.06456776027452,1742.596402621828
48,18l_1024d,fineweb_edu,1337,rlb_fused_global_rational,GRAIN,tiller_then_muon_v1,TILLER→Muon,tiller_then_muon,TILLER→Muon,2250,4.122102737426758,61.68882137477876,1780.4287374569103
48,18l_1024d,fineweb_edu,1337,rlb_fused_global_rational,GRAIN,tiller_then_muon_v1,TILLER→Muon,tiller_then_muon,TILLER→Muon,2300,4.114200592041016,61.20326832165893,1818.3441472891718
48,18l_1024d,fineweb_edu,1337,rlb_fused_global_rational,GRAIN,tiller_then_muon_v1,TILLER→Muon,tiller_then_muon,TILLER→Muon,2350,4.109251976013184,60.901145009771334,1856.263918899931
48,18l_1024d,fineweb_edu,1337,rlb_fused_global_rational,GRAIN,tiller_then_muon_v1,TILLER→Muon,tiller_then_muon,TILLER→Muon,2400,4.10610294342041,60.70966696273495,1894.1189069189131
48,18l_1024d,fineweb_edu,1337,rlb_fused_global_rational,GRAIN,tiller_then_muon_v1,TILLER→Muon,tiller_then_muon,TILLER→Muon,2450,4.100325107574463,60.35990787108213,1931.975177065935
48,18l_1024d,fineweb_edu,1337,rlb_fused_global_rational,GRAIN,tiller_then_muon_v1,TILLER→Muon,tiller_then_muon,TILLER→Muon,2500,4.095854759216309,60.09068027495731,1970.009316295851
48,18l_1024d,fineweb_edu,1337,rlb_fused_global_rational,GRAIN,tiller_then_muon_v1,TILLER→Muon,tiller_then_muon,TILLER→Muon,2550,4.090275764465332,59.756368115139914,2007.8965333048254
48,18l_1024d,fineweb_edu,1337,rlb_fused_global_rational,GRAIN,tiller_then_muon_v1,TILLER→Muon,tiller_then_muon,TILLER→Muon,2600,4.086784362792969,59.54809841971508,2045.7766713029705
48,18l_1024d,fineweb_edu,1337,rlb_fused_global_rational,GRAIN,tiller_then_muon_v1,TILLER→Muon,tiller_then_muon,TILLER→Muon,2650,4.0826416015625,59.301915157563414,2083.6916760080494
48,18l_1024d,fineweb_edu,1337,rlb_fused_global_rational,GRAIN,tiller_then_muon_v1,TILLER→Muon,tiller_then_muon,TILLER→Muon,2700,4.079250335693359,59.10114721785968,2121.5964301871136
48,18l_1024d,fineweb_edu,1337,rlb_fused_global_rational,GRAIN,tiller_then_muon_v1,TILLER→Muon,tiller_then_muon,TILLER→Muon,2750,4.076688289642334,58.94992116379806,2159.4939773730002
48,18l_1024d,fineweb_edu,1337,rlb_fused_global_rational,GRAIN,tiller_then_muon_v1,TILLER→Muon,tiller_then_muon,TILLER→Muon,2800,4.073147773742676,58.74157707105762,2197.4654181268997
48,18l_1024d,fineweb_edu,1337,rlb_fused_global_rational,GRAIN,tiller_then_muon_v1,TILLER→Muon,tiller_then_muon,TILLER→Muon,2850,4.070338726043701,58.57680071981789,2235.3648570408113
48,18l_1024d,fineweb_edu,1337,rlb_fused_global_rational,GRAIN,tiller_then_muon_v1,TILLER→Muon,tiller_then_muon,TILLER→Muon,2900,4.068094253540039,58.44547413583466,2273.239357948769
48,18l_1024d,fineweb_edu,1337,rlb_fused_global_rational,GRAIN,tiller_then_muon_v1,TILLER→Muon,tiller_then_muon,TILLER→Muon,2950,4.065669059753418,58.30390427166947,2311.1809887927957
48,18l_1024d,fineweb_edu,1337,rlb_fused_global_rational,GRAIN,tiller_then_muon_v1,TILLER→Muon,tiller_then_muon,TILLER→Muon,3000,4.063555717468262,58.18081827261642,2349.099089995958
48,18l_1024d,fineweb_edu,1337,rlb_fused_global_rational,GRAIN,tiller_then_muon_v1,TILLER→Muon,tiller_then_muon,TILLER→Muon,3050,4.0624871253967285,58.11867991768462,2387.005369640887
49,18l_1024d,fineweb_edu,2027,rlb_fused_global_rational,GRAIN,tiller_then_muon_v1,TILLER→Muon,tiller_then_muon,TILLER→Muon,1,11.0360107421875,62069.54582180395,9.040357738733292
49,18l_1024d,fineweb_edu,2027,rlb_fused_global_rational,GRAIN,tiller_then_muon_v1,TILLER→Muon,tiller_then_muon,TILLER→Muon,50,8.441762924194336,4636.721972901295,49.367631105706096
49,18l_1024d,fineweb_edu,2027,rlb_fused_global_rational,GRAIN,tiller_then_muon_v1,TILLER→Muon,tiller_then_muon,TILLER→Muon,100,7.165524005889893,1294.0395074958817,90.49205355904996
49,18l_1024d,fineweb_edu,2027,rlb_fused_global_rational,GRAIN,tiller_then_muon_v1,TILLER→Muon,tiller_then_muon,TILLER→Muon,150,6.604846000671387,738.6661063677677,131.71386462077498
49,18l_1024d,fineweb_edu,2027,rlb_fused_global_rational,GRAIN,tiller_then_muon_v1,TILLER→Muon,tiller_then_muon,TILLER→Muon,200,6.237401008605957,511.5273267040358,172.9150041807443
49,18l_1024d,fineweb_edu,2027,rlb_fused_global_rational,GRAIN,tiller_then_muon_v1,TILLER→Muon,tiller_then_muon,TILLER→Muon,250,5.969053268432617,391.13519537061967,214.14167550578713
49,18l_1024d,fineweb_edu,2027,rlb_fused_global_rational,GRAIN,tiller_then_muon_v1,TILLER→Muon,tiller_then_muon,TILLER→Muon,300,5.753642559051514,315.3372052303331,255.41597818676382
49,18l_1024d,fineweb_edu,2027,rlb_fused_global_rational,GRAIN,tiller_then_muon_v1,TILLER→Muon,tiller_then_muon,TILLER→Muon,350,5.581052780151367,265.35081485858603,296.7258476978168
49,18l_1024d,fineweb_edu,2027,rlb_fused_global_rational,GRAIN,tiller_then_muon_v1,TILLER→Muon,tiller_then_muon,TILLER→Muon,400,5.435452461242676,229.39661787690696,338.0736740469001
49,18l_1024d,fineweb_edu,2027,rlb_fused_global_rational,GRAIN,tiller_then_muon_v1,TILLER→Muon,tiller_then_muon,TILLER→Muon,450,5.315533638000488,203.47306512216238,379.3725996380672
49,18l_1024d,fineweb_edu,2027,rlb_fused_global_rational,GRAIN,tiller_then_muon_v1,TILLER→Muon,tiller_then_muon,TILLER→Muon,500,5.218578338623047,184.67145708256788,420.5245752870105
49,18l_1024d,fineweb_edu,2027,rlb_fused_global_rational,GRAIN,tiller_then_muon_v1,TILLER→Muon,tiller_then_muon,TILLER→Muon,550,5.127573490142822,168.6074935218783,461.8311597807333
49,18l_1024d,fineweb_edu,2027,rlb_fused_global_rational,GRAIN,tiller_then_muon_v1,TILLER→Muon,tiller_then_muon,TILLER→Muon,600,5.045904636383057,155.3848023822412,503.129630276002
49,18l_1024d,fineweb_edu,2027,rlb_fused_global_rational,GRAIN,tiller_then_muon_v1,TILLER→Muon,tiller_then_muon,TILLER→Muon,650,4.978538990020752,145.2619973158863,544.6200215197168
49,18l_1024d,fineweb_edu,2027,rlb_fused_global_rational,GRAIN,tiller_then_muon_v1,TILLER→Muon,tiller_then_muon,TILLER→Muon,700,4.915628433227539,136.40500431019743,585.8655384406447
49,18l_1024d,fineweb_edu,2027,rlb_fused_global_rational,GRAIN,tiller_then_muon_v1,TILLER→Muon,tiller_then_muon,TILLER→Muon,750,4.853550434112549,128.19472975838207,627.1505920276977
49,18l_1024d,fineweb_edu,2027,rlb_fused_global_rational,GRAIN,tiller_then_muon_v1,TILLER→Muon,tiller_then_muon,TILLER→Muon,800,4.800169944763184,121.53106933264856,668.5333853950724
49,18l_1024d,fineweb_edu,2027,rlb_fused_global_rational,GRAIN,tiller_then_muon_v1,TILLER→Muon,tiller_then_muon,TILLER→Muon,850,4.741916179656982,114.65368839030745,709.9148547467776
49,18l_1024d,fineweb_edu,2027,rlb_fused_global_rational,GRAIN,tiller_then_muon_v1,TILLER→Muon,tiller_then_muon,TILLER→Muon,900,4.697577953338623,109.68119750205219,751.2083389088511
49,18l_1024d,fineweb_edu,2027,rlb_fused_global_rational,GRAIN,tiller_then_muon_v1,TILLER→Muon,tiller_then_muon,TILLER→Muon,950,4.645012378692627,104.06465396180705,792.5535174929537
49,18l_1024d,fineweb_edu,2027,rlb_fused_global_rational,GRAIN,tiller_then_muon_v1,TILLER→Muon,tiller_then_muon,TILLER→Muon,1000,4.601596355438232,99.64325479816812,833.7679429207928
49,18l_1024d,fineweb_edu,2027,rlb_fused_global_rational,GRAIN,tiller_then_muon_v1,TILLER→Muon,tiller_then_muon,TILLER→Muon,1050,4.531277656555176,92.87715040780948,871.6129469717853
49,18l_1024d,fineweb_edu,2027,rlb_fused_global_rational,GRAIN,tiller_then_muon_v1,TILLER→Muon,tiller_then_muon,TILLER→Muon,1100,4.491594314575195,89.26364682518532,909.5021533397958
49,18l_1024d,fineweb_edu,2027,rlb_fused_global_rational,GRAIN,tiller_then_muon_v1,TILLER→Muon,tiller_then_muon,TILLER→Muon,1150,4.4598917961120605,86.4781513178701,947.4221276566386
49,18l_1024d,fineweb_edu,2027,rlb_fused_global_rational,GRAIN,tiller_then_muon_v1,TILLER→Muon,tiller_then_muon,TILLER→Muon,1200,4.430840492248535,84.00199026961666,985.2553365947679
49,18l_1024d,fineweb_edu,2027,rlb_fused_global_rational,GRAIN,tiller_then_muon_v1,TILLER→Muon,tiller_then_muon,TILLER→Muon,1250,4.403533935546875,81.73921999247584,1023.1564675406553
49,18l_1024d,fineweb_edu,2027,rlb_fused_global_rational,GRAIN,tiller_then_muon_v1,TILLER→Muon,tiller_then_muon,TILLER→Muon,1300,4.376532554626465,79.56167878468521,1061.0322365746833
49,18l_1024d,fineweb_edu,2027,rlb_fused_global_rational,GRAIN,tiller_then_muon_v1,TILLER→Muon,tiller_then_muon,TILLER→Muon,1350,4.358041763305664,78.1040383789321,1098.8539903787896
49,18l_1024d,fineweb_edu,2027,rlb_fused_global_rational,GRAIN,tiller_then_muon_v1,TILLER→Muon,tiller_then_muon,TILLER→Muon,1400,4.334238052368164,76.26682541823467,1136.6554922717623
49,18l_1024d,fineweb_edu,2027,rlb_fused_global_rational,GRAIN,tiller_then_muon_v1,TILLER→Muon,tiller_then_muon,TILLER→Muon,1450,4.31502628326416,74.81558981601192,1174.454383817967
49,18l_1024d,fineweb_edu,2027,rlb_fused_global_rational,GRAIN,tiller_then_muon_v1,TILLER→Muon,tiller_then_muon,TILLER→Muon,1500,4.298509120941162,73.58999808685537,1212.3152880249545
49,18l_1024d,fineweb_edu,2027,rlb_fused_global_rational,GRAIN,tiller_then_muon_v1,TILLER→Muon,tiller_then_muon,TILLER→Muon,1550,4.281997203826904,72.38486306369919,1250.1038865307346
49,18l_1024d,fineweb_edu,2027,rlb_fused_global_rational,GRAIN,tiller_then_muon_v1,TILLER→Muon,tiller_then_muon,TILLER→Muon,1600,4.260457515716553,70.84238754672128,1287.9637896986678
49,18l_1024d,fineweb_edu,2027,rlb_fused_global_rational,GRAIN,tiller_then_muon_v1,TILLER→Muon,tiller_then_muon,TILLER→Muon,1650,4.248044967651367,69.9684878872218,1325.8952418519184
49,18l_1024d,fineweb_edu,2027,rlb_fused_global_rational,GRAIN,tiller_then_muon_v1,TILLER→Muon,tiller_then_muon,TILLER→Muon,1700,4.236259937286377,69.14874695634654,1363.786206766963
49,18l_1024d,fineweb_edu,2027,rlb_fused_global_rational,GRAIN,tiller_then_muon_v1,TILLER→Muon,tiller_then_muon,TILLER→Muon,1750,4.220702171325684,68.08127222697031,1401.676799332723
49,18l_1024d,fineweb_edu,2027,rlb_fused_global_rational,GRAIN,tiller_then_muon_v1,TILLER→Muon,tiller_then_muon,TILLER→Muon,1800,4.207961082458496,67.21934529124687,1439.5304385977797
49,18l_1024d,fineweb_edu,2027,rlb_fused_global_rational,GRAIN,tiller_then_muon_v1,TILLER→Muon,tiller_then_muon,TILLER→Muon,1850,4.197351455688477,66.50994302703609,1477.5426184027456
49,18l_1024d,fineweb_edu,2027,rlb_fused_global_rational,GRAIN,tiller_then_muon_v1,TILLER→Muon,tiller_then_muon,TILLER→Muon,1900,4.184990882873535,65.6929019835122,1515.4433598867618
49,18l_1024d,fineweb_edu,2027,rlb_fused_global_rational,GRAIN,tiller_then_muon_v1,TILLER→Muon,tiller_then_muon,TILLER→Muon,1950,4.1763715744018555,65.12910784518056,1553.2814564928412
49,18l_1024d,fineweb_edu,2027,rlb_fused_global_rational,GRAIN,tiller_then_muon_v1,TILLER→Muon,tiller_then_muon,TILLER→Muon,2000,4.165139675140381,64.40167712857452,1591.079975890927
49,18l_1024d,fineweb_edu,2027,rlb_fused_global_rational,GRAIN,tiller_then_muon_v1,TILLER→Muon,tiller_then_muon,TILLER→Muon,2050,4.159646987915039,64.0489085699048,1628.9162012990564
49,18l_1024d,fineweb_edu,2027,rlb_fused_global_rational,GRAIN,tiller_then_muon_v1,TILLER→Muon,tiller_then_muon,TILLER→Muon,2100,4.149322509765625,63.391038936988565,1666.7595191407017
49,18l_1024d,fineweb_edu,2027,rlb_fused_global_rational,GRAIN,tiller_then_muon_v1,TILLER→Muon,tiller_then_muon,TILLER→Muon,2150,4.140417098999023,62.82902190687647,1704.6149183427915
49,18l_1024d,fineweb_edu,2027,rlb_fused_global_rational,GRAIN,tiller_then_muon_v1,TILLER→Muon,tiller_then_muon,TILLER→Muon,2200,4.133186340332031,62.376358932792215,1742.4454583409242
49,18l_1024d,fineweb_edu,2027,rlb_fused_global_rational,GRAIN,tiller_then_muon_v1,TILLER→Muon,tiller_then_muon,TILLER→Muon,2250,4.12682580947876,61.98087126636912,1780.3778370767832
49,18l_1024d,fineweb_edu,2027,rlb_fused_global_rational,GRAIN,tiller_then_muon_v1,TILLER→Muon,tiller_then_muon,TILLER→Muon,2300,4.119646072387695,61.537458603945446,1818.2069370727986
49,18l_1024d,fineweb_edu,2027,rlb_fused_global_rational,GRAIN,tiller_then_muon_v1,TILLER→Muon,tiller_then_muon,TILLER→Muon,2350,4.114974021911621,61.250623067984634,1856.0867063007317
49,18l_1024d,fineweb_edu,2027,rlb_fused_global_rational,GRAIN,tiller_then_muon_v1,TILLER→Muon,tiller_then_muon,TILLER→Muon,2400,4.107800483703613,60.8128115892945,1893.9154259636998
49,18l_1024d,fineweb_edu,2027,rlb_fused_global_rational,GRAIN,tiller_then_muon_v1,TILLER→Muon,tiller_then_muon,TILLER→Muon,2450,4.103652477264404,60.56108210393594,1931.7694781920873
49,18l_1024d,fineweb_edu,2027,rlb_fused_global_rational,GRAIN,tiller_then_muon_v1,TILLER→Muon,tiller_then_muon,TILLER→Muon,2500,4.098079204559326,60.224497488213075,1969.623606015928
49,18l_1024d,fineweb_edu,2027,rlb_fused_global_rational,GRAIN,tiller_then_muon_v1,TILLER→Muon,tiller_then_muon,TILLER→Muon,2550,4.092659950256348,59.899008371791304,2007.4391406746581
49,18l_1024d,fineweb_edu,2027,rlb_fused_global_rational,GRAIN,tiller_then_muon_v1,TILLER→Muon,tiller_then_muon,TILLER→Muon,2600,4.089453220367432,59.70723607663913,2045.259644811973
49,18l_1024d,fineweb_edu,2027,rlb_fused_global_rational,GRAIN,tiller_then_muon_v1,TILLER→Muon,tiller_then_muon,TILLER→Muon,2650,4.0844502449035645,59.4092682239655,2083.083571509924
49,18l_1024d,fineweb_edu,2027,rlb_fused_global_rational,GRAIN,tiller_then_muon_v1,TILLER→Muon,tiller_then_muon,TILLER→Muon,2700,4.080718994140625,59.18801038751487,2120.9668761659414
49,18l_1024d,fineweb_edu,2027,rlb_fused_global_rational,GRAIN,tiller_then_muon_v1,TILLER→Muon,tiller_then_muon,TILLER→Muon,2750,4.077113151550293,58.97497206098691,2158.8323184996843
49,18l_1024d,fineweb_edu,2027,rlb_fused_global_rational,GRAIN,tiller_then_muon_v1,TILLER→Muon,tiller_then_muon,TILLER→Muon,2800,4.073269367218018,58.748720097824666,2196.638131584972
49,18l_1024d,fineweb_edu,2027,rlb_fused_global_rational,GRAIN,tiller_then_muon_v1,TILLER→Muon,tiller_then_muon,TILLER→Muon,2850,4.07131290435791,58.6338927731999,2234.463812782895
49,18l_1024d,fineweb_edu,2027,rlb_fused_global_rational,GRAIN,tiller_then_muon_v1,TILLER→Muon,tiller_then_muon,TILLER→Muon,2900,4.068231105804443,58.45347307863857,2272.3524594488554
49,18l_1024d,fineweb_edu,2027,rlb_fused_global_rational,GRAIN,tiller_then_muon_v1,TILLER→Muon,tiller_then_muon,TILLER→Muon,2950,4.067138195037842,58.38962354584203,2310.2967486800626
49,18l_1024d,fineweb_edu,2027,rlb_fused_global_rational,GRAIN,tiller_then_muon_v1,TILLER→Muon,tiller_then_muon,TILLER→Muon,3000,4.0649733543396,58.26335603626983,2348.1256940998137
49,18l_1024d,fineweb_edu,2027,rlb_fused_global_rational,GRAIN,tiller_then_muon_v1,TILLER→Muon,tiller_then_muon,TILLER→Muon,3050,4.062660217285156,58.12874066043586,2385.978030164726
50,18l_1024d,fineweb_edu,3407,rlb_fused_global_rational,GRAIN,tiller_then_muon_v1,TILLER→Muon,tiller_then_muon,TILLER→Muon,1,11.088608741760254,65421.66434966364,89.40818291599862
50,18l_1024d,fineweb_edu,3407,rlb_fused_global_rational,GRAIN,tiller_then_muon_v1,TILLER→Muon,tiller_then_muon,TILLER→Muon,50,8.430401802062988,4584.341720912411,129.2998237120919
50,18l_1024d,fineweb_edu,3407,rlb_fused_global_rational,GRAIN,tiller_then_muon_v1,TILLER→Muon,tiller_then_muon,TILLER→Muon,100,7.126334190368652,1244.307202759734,170.134898385033
50,18l_1024d,fineweb_edu,3407,rlb_fused_global_rational,GRAIN,tiller_then_muon_v1,TILLER→Muon,tiller_then_muon,TILLER→Muon,150,6.563202857971191,708.5374089660296,211.06629436416551
50,18l_1024d,fineweb_edu,3407,rlb_fused_global_rational,GRAIN,tiller_then_muon_v1,TILLER→Muon,tiller_then_muon,TILLER→Muon,200,6.193234443664551,489.42657154714976,251.92108973604627
50,18l_1024d,fineweb_edu,3407,rlb_fused_global_rational,GRAIN,tiller_then_muon_v1,TILLER→Muon,tiller_then_muon,TILLER→Muon,250,5.928218364715576,375.48494031552326,292.78858380112797
50,18l_1024d,fineweb_edu,3407,rlb_fused_global_rational,GRAIN,tiller_then_muon_v1,TILLER→Muon,tiller_then_muon,TILLER→Muon,300,5.71611213684082,303.7217957485292,333.6183454589918
50,18l_1024d,fineweb_edu,3407,rlb_fused_global_rational,GRAIN,tiller_then_muon_v1,TILLER→Muon,tiller_then_muon,TILLER→Muon,350,5.549388408660889,257.0802797437603,374.4440958930645
50,18l_1024d,fineweb_edu,3407,rlb_fused_global_rational,GRAIN,tiller_then_muon_v1,TILLER→Muon,tiller_then_muon,TILLER→Muon,400,5.417752742767334,225.37208394669838,415.26631178404205
50,18l_1024d,fineweb_edu,3407,rlb_fused_global_rational,GRAIN,tiller_then_muon_v1,TILLER→Muon,tiller_then_muon,TILLER→Muon,450,5.304940223693848,201.32896735200424,456.1022992641665
50,18l_1024d,fineweb_edu,3407,rlb_fused_global_rational,GRAIN,tiller_then_muon_v1,TILLER→Muon,tiller_then_muon,TILLER→Muon,500,5.204913139343262,182.16504910576376,496.91540718916804
50,18l_1024d,fineweb_edu,3407,rlb_fused_global_rational,GRAIN,tiller_then_muon_v1,TILLER→Muon,tiller_then_muon,TILLER→Muon,550,5.114725112915039,166.45501835905577,537.7317174831405
50,18l_1024d,fineweb_edu,3407,rlb_fused_global_rational,GRAIN,tiller_then_muon_v1,TILLER→Muon,tiller_then_muon,TILLER→Muon,600,5.038601398468018,154.25412403415797,578.5611798050813
50,18l_1024d,fineweb_edu,3407,rlb_fused_global_rational,GRAIN,tiller_then_muon_v1,TILLER→Muon,tiller_then_muon,TILLER→Muon,650,4.973380088806152,144.5145347221027,619.418242263142
50,18l_1024d,fineweb_edu,3407,rlb_fused_global_rational,GRAIN,tiller_then_muon_v1,TILLER→Muon,tiller_then_muon,TILLER→Muon,700,4.908387184143066,135.42082932620693,660.2387542510405
50,18l_1024d,fineweb_edu,3407,rlb_fused_global_rational,GRAIN,tiller_then_muon_v1,TILLER→Muon,tiller_then_muon,TILLER→Muon,750,4.845405101776123,127.15478218972979,701.0543666400481
50,18l_1024d,fineweb_edu,3407,rlb_fused_global_rational,GRAIN,tiller_then_muon_v1,TILLER→Muon,tiller_then_muon,TILLER→Muon,800,4.78672981262207,119.90860320421214,741.8635622130241
50,18l_1024d,fineweb_edu,3407,rlb_fused_global_rational,GRAIN,tiller_then_muon_v1,TILLER→Muon,tiller_then_muon,TILLER→Muon,850,4.734673023223877,113.82623409768506,782.6953260621522
50,18l_1024d,fineweb_edu,3407,rlb_fused_global_rational,GRAIN,tiller_then_muon_v1,TILLER→Muon,tiller_then_muon,TILLER→Muon,900,4.684891700744629,108.29854302149175,823.4950120439753
50,18l_1024d,fineweb_edu,3407,rlb_fused_global_rational,GRAIN,tiller_then_muon_v1,TILLER→Muon,tiller_then_muon,TILLER→Muon,950,4.6378397941589355,103.32091189924566,864.3090883090626
50,18l_1024d,fineweb_edu,3407,rlb_fused_global_rational,GRAIN,tiller_then_muon_v1,TILLER→Muon,tiller_then_muon,TILLER→Muon,1000,4.595027446746826,98.99085248724847,905.1187890570145
50,18l_1024d,fineweb_edu,3407,rlb_fused_global_rational,GRAIN,tiller_then_muon_v1,TILLER→Muon,tiller_then_muon,TILLER→Muon,1050,4.530778884887695,92.83083746738113,942.964912854135
50,18l_1024d,fineweb_edu,3407,rlb_fused_global_rational,GRAIN,tiller_then_muon_v1,TILLER→Muon,tiller_then_muon,TILLER→Muon,1100,4.490124225616455,89.13251773290202,980.6941047850996
50,18l_1024d,fineweb_edu,3407,rlb_fused_global_rational,GRAIN,tiller_then_muon_v1,TILLER→Muon,tiller_then_muon,TILLER→Muon,1150,4.457991123199463,86.31394074285966,1018.4110003691167
50,18l_1024d,fineweb_edu,3407,rlb_fused_global_rational,GRAIN,tiller_then_muon_v1,TILLER→Muon,tiller_then_muon,TILLER→Muon,1200,4.428463935852051,83.80259183698476,1056.1017431120854
50,18l_1024d,fineweb_edu,3407,rlb_fused_global_rational,GRAIN,tiller_then_muon_v1,TILLER→Muon,tiller_then_muon,TILLER→Muon,1250,4.400672912597656,81.50569642565937,1093.7997827520594
50,18l_1024d,fineweb_edu,3407,rlb_fused_global_rational,GRAIN,tiller_then_muon_v1,TILLER→Muon,tiller_then_muon,TILLER→Muon,1300,4.378763675689697,79.7393886944908,1131.4158931160346
50,18l_1024d,fineweb_edu,3407,rlb_fused_global_rational,GRAIN,tiller_then_muon_v1,TILLER→Muon,tiller_then_muon,TILLER→Muon,1350,4.357817649841309,78.08653617362403,1168.9077427319717
50,18l_1024d,fineweb_edu,3407,rlb_fused_global_rational,GRAIN,tiller_then_muon_v1,TILLER→Muon,tiller_then_muon,TILLER→Muon,1400,4.337026119232178,76.47975912578048,1206.4132320419885
50,18l_1024d,fineweb_edu,3407,rlb_fused_global_rational,GRAIN,tiller_then_muon_v1,TILLER→Muon,tiller_then_muon,TILLER→Muon,1450,4.319584369659424,75.15738411030334,1243.9209126220085
50,18l_1024d,fineweb_edu,3407,rlb_fused_global_rational,GRAIN,tiller_then_muon_v1,TILLER→Muon,tiller_then_muon,TILLER→Muon,1500,4.30208158493042,73.85336586083193,1281.413864672184
50,18l_1024d,fineweb_edu,3407,rlb_fused_global_rational,GRAIN,tiller_then_muon_v1,TILLER→Muon,tiller_then_muon,TILLER→Muon,1550,4.281937599182129,72.38054871822796,1318.9132393230684
50,18l_1024d,fineweb_edu,3407,rlb_fused_global_rational,GRAIN,tiller_then_muon_v1,TILLER→Muon,tiller_then_muon,TILLER→Muon,1600,4.269153594970703,71.46112495900364,1356.4215513290837
50,18l_1024d,fineweb_edu,3407,rlb_fused_global_rational,GRAIN,tiller_then_muon_v1,TILLER→Muon,tiller_then_muon,TILLER→Muon,1650,4.256363868713379,70.5529765965384,1393.928058335092
50,18l_1024d,fineweb_edu,3407,rlb_fused_global_rational,GRAIN,tiller_then_muon_v1,TILLER→Muon,tiller_then_muon,TILLER→Muon,1700,4.243361473083496,69.64155704130573,1431.4296020381153
50,18l_1024d,fineweb_edu,3407,rlb_fused_global_rational,GRAIN,tiller_then_muon_v1,TILLER→Muon,tiller_then_muon,TILLER→Muon,1750,4.2289628982543945,68.64600235507493,1468.93005528301
50,18l_1024d,fineweb_edu,3407,rlb_fused_global_rational,GRAIN,tiller_then_muon_v1,TILLER→Muon,tiller_then_muon,TILLER→Muon,1800,4.219998359680176,68.03337269283821,1506.4252215779852
50,18l_1024d,fineweb_edu,3407,rlb_fused_global_rational,GRAIN,tiller_then_muon_v1,TILLER→Muon,tiller_then_muon,TILLER→Muon,1850,4.207247734069824,67.17141157834686,1543.9326196040493
50,18l_1024d,fineweb_edu,3407,rlb_fused_global_rational,GRAIN,tiller_then_muon_v1,TILLER→Muon,tiller_then_muon,TILLER→Muon,1900,4.196810245513916,66.47395690806566,1581.4291440350935
50,18l_1024d,fineweb_edu,3407,rlb_fused_global_rational,GRAIN,tiller_then_muon_v1,TILLER→Muon,tiller_then_muon,TILLER→Muon,1950,4.186870574951172,65.81650053814758,1618.9697573590092
50,18l_1024d,fineweb_edu,3407,rlb_fused_global_rational,GRAIN,tiller_then_muon_v1,TILLER→Muon,tiller_then_muon,TILLER→Muon,2000,4.1769585609436035,65.1673489773787,1656.4610196410213
50,18l_1024d,fineweb_edu,3407,rlb_fused_global_rational,GRAIN,tiller_then_muon_v1,TILLER→Muon,tiller_then_muon,TILLER→Muon,2050,4.166832447052002,64.51078680151961,1693.964253159007
50,18l_1024d,fineweb_edu,3407,rlb_fused_global_rational,GRAIN,tiller_then_muon_v1,TILLER→Muon,tiller_then_muon,TILLER→Muon,2100,4.159276008605957,64.02515215689736,1731.4741517810617
50,18l_1024d,fineweb_edu,3407,rlb_fused_global_rational,GRAIN,tiller_then_muon_v1,TILLER→Muon,tiller_then_muon,TILLER→Muon,2150,4.149172306060791,63.381518083138616,1769.023002417991
50,18l_1024d,fineweb_edu,3407,rlb_fused_global_rational,GRAIN,tiller_then_muon_v1,TILLER→Muon,tiller_then_muon,TILLER→Muon,2200,4.143632888793945,63.03139204987228,1806.539029095089
50,18l_1024d,fineweb_edu,3407,rlb_fused_global_rational,GRAIN,tiller_then_muon_v1,TILLER→Muon,tiller_then_muon,TILLER→Muon,2250,4.134889602661133,62.482692766688636,1844.0485251010396
50,18l_1024d,fineweb_edu,3407,rlb_fused_global_rational,GRAIN,tiller_then_muon_v1,TILLER→Muon,tiller_then_muon,TILLER→Muon,2300,4.129530906677246,62.14876252630057,1881.5659197219647
50,18l_1024d,fineweb_edu,3407,rlb_fused_global_rational,GRAIN,tiller_then_muon_v1,TILLER→Muon,tiller_then_muon,TILLER→Muon,2350,4.122635841369629,61.72171669621844,1919.078279307112
50,18l_1024d,fineweb_edu,3407,rlb_fused_global_rational,GRAIN,tiller_then_muon_v1,TILLER→Muon,tiller_then_muon,TILLER→Muon,2400,4.1173095703125,61.39384404740532,1956.5893586401362
50,18l_1024d,fineweb_edu,3407,rlb_fused_global_rational,GRAIN,tiller_then_muon_v1,TILLER→Muon,tiller_then_muon,TILLER→Muon,2450,4.114463806152344,61.21938000585889,1994.1022137531545
50,18l_1024d,fineweb_edu,3407,rlb_fused_global_rational,GRAIN,tiller_then_muon_v1,TILLER→Muon,tiller_then_muon,TILLER→Muon,2500,4.109557151794434,60.919733400497776,2031.6147757710423
50,18l_1024d,fineweb_edu,3407,rlb_fused_global_rational,GRAIN,tiller_then_muon_v1,TILLER→Muon,tiller_then_muon,TILLER→Muon,2550,4.105170249938965,60.653069850080016,2069.110729845008
50,18l_1024d,fineweb_edu,3407,rlb_fused_global_rational,GRAIN,tiller_then_muon_v1,TILLER→Muon,tiller_then_muon,TILLER→Muon,2600,4.101882457733154,60.453982617831045,2106.6175558140967
50,18l_1024d,fineweb_edu,3407,rlb_fused_global_rational,GRAIN,tiller_then_muon_v1,TILLER→Muon,tiller_then_muon,TILLER→Muon,2650,4.097962856292725,60.21749087993464,2144.12120829802
50,18l_1024d,fineweb_edu,3407,rlb_fused_global_rational,GRAIN,tiller_then_muon_v1,TILLER→Muon,tiller_then_muon,TILLER→Muon,2700,4.094527244567871,60.01096194199238,2181.620032089995
50,18l_1024d,fineweb_edu,3407,rlb_fused_global_rational,GRAIN,tiller_then_muon_v1,TILLER→Muon,tiller_then_muon,TILLER→Muon,2750,4.091091632843018,59.80514133981078,2219.125159328105
50,18l_1024d,fineweb_edu,3407,rlb_fused_global_rational,GRAIN,tiller_then_muon_v1,TILLER→Muon,tiller_then_muon,TILLER→Muon,2800,4.088425636291504,59.6459133841363,2256.626726275077
50,18l_1024d,fineweb_edu,3407,rlb_fused_global_rational,GRAIN,tiller_then_muon_v1,TILLER→Muon,tiller_then_muon,TILLER→Muon,2850,4.086219787597656,59.51448852896735,2294.134608758148
50,18l_1024d,fineweb_edu,3407,rlb_fused_global_rational,GRAIN,tiller_then_muon_v1,TILLER→Muon,tiller_then_muon,TILLER→Muon,2900,4.082701683044434,59.30547821154329,2331.6400209190324
50,18l_1024d,fineweb_edu,3407,rlb_fused_global_rational,GRAIN,tiller_then_muon_v1,TILLER→Muon,tiller_then_muon,TILLER→Muon,2950,4.0813307762146,59.22423162988783,2369.149743832182
50,18l_1024d,fineweb_edu,3407,rlb_fused_global_rational,GRAIN,tiller_then_muon_v1,TILLER→Muon,tiller_then_muon,TILLER→Muon,3000,4.079167366027832,59.096243818862234,2406.7952913430054
50,18l_1024d,fineweb_edu,3407,rlb_fused_global_rational,GRAIN,tiller_then_muon_v1,TILLER→Muon,tiller_then_muon,TILLER→Muon,3050,4.077003479003906,58.968504480292395,2444.299091382185
