run_index,model_scale,dataset,seed,activation,activation_display_name,optimizer,optimizer_display_name,method,method_display_name,step,validation_loss,validation_perplexity,active_seconds_at_validation
12,12l_768d,c4_en,1337,rlb_fused_global_rational,GRAIN,tiller_v1,TILLER,tiller,TILLER,1,10.992998123168945,59456.37463316486,9.603875087806955
12,12l_768d,c4_en,1337,rlb_fused_global_rational,GRAIN,tiller_v1,TILLER,tiller,TILLER,50,9.120302200317383,9138.962996676823,33.40760860987939
12,12l_768d,c4_en,1337,rlb_fused_global_rational,GRAIN,tiller_v1,TILLER,tiller,TILLER,100,7.319489479064941,1509.4331757904608,56.06125082098879
12,12l_768d,c4_en,1337,rlb_fused_global_rational,GRAIN,tiller_v1,TILLER,tiller,TILLER,150,6.749106407165527,853.2959226206375,78.5770124939736
12,12l_768d,c4_en,1337,rlb_fused_global_rational,GRAIN,tiller_v1,TILLER,tiller,TILLER,200,6.385438919067383,593.145018130506,101.1521422509104
12,12l_768d,c4_en,1337,rlb_fused_global_rational,GRAIN,tiller_v1,TILLER,tiller,TILLER,250,6.125105381011963,457.19289017982794,123.78339953999966
12,12l_768d,c4_en,1337,rlb_fused_global_rational,GRAIN,tiller_v1,TILLER,tiller,TILLER,300,5.924358367919922,374.03836333645563,147.9837674398441
12,12l_768d,c4_en,1337,rlb_fused_global_rational,GRAIN,tiller_v1,TILLER,tiller,TILLER,350,5.762763977050781,318.22668573593813,170.43867073697038
12,12l_768d,c4_en,1337,rlb_fused_global_rational,GRAIN,tiller_v1,TILLER,tiller,TILLER,400,5.640057563781738,281.4789210001087,193.0299666558858
12,12l_768d,c4_en,1337,rlb_fused_global_rational,GRAIN,tiller_v1,TILLER,tiller,TILLER,450,5.532392501831055,252.74788801225125,215.65486237499863
12,12l_768d,c4_en,1337,rlb_fused_global_rational,GRAIN,tiller_v1,TILLER,tiller,TILLER,500,5.449621677398682,232.67012488786168,238.28897997085005
12,12l_768d,c4_en,1337,rlb_fused_global_rational,GRAIN,tiller_v1,TILLER,tiller,TILLER,550,5.3665313720703125,214.11887941557592,262.39290545578115
12,12l_768d,c4_en,1337,rlb_fused_global_rational,GRAIN,tiller_v1,TILLER,tiller,TILLER,600,5.29860258102417,200.05705103072984,284.97918037185445
12,12l_768d,c4_en,1337,rlb_fused_global_rational,GRAIN,tiller_v1,TILLER,tiller,TILLER,650,5.234849452972412,187.7008464125248,307.61789807281457
12,12l_768d,c4_en,1337,rlb_fused_global_rational,GRAIN,tiller_v1,TILLER,tiller,TILLER,700,5.181004047393799,177.8613025486607,330.2496966018807
12,12l_768d,c4_en,1337,rlb_fused_global_rational,GRAIN,tiller_v1,TILLER,tiller,TILLER,750,5.131751537322998,169.313417249175,352.76549624977633
12,12l_768d,c4_en,1337,rlb_fused_global_rational,GRAIN,tiller_v1,TILLER,tiller,TILLER,800,5.07767391204834,160.40051594602429,377.1231848548632
12,12l_768d,c4_en,1337,rlb_fused_global_rational,GRAIN,tiller_v1,TILLER,tiller,TILLER,850,5.023594379425049,151.95651272602532,399.907555996906
12,12l_768d,c4_en,1337,rlb_fused_global_rational,GRAIN,tiller_v1,TILLER,tiller,TILLER,900,4.976889610290527,145.02260260260718,422.68639204185456
12,12l_768d,c4_en,1337,rlb_fused_global_rational,GRAIN,tiller_v1,TILLER,tiller,TILLER,950,4.932934284210205,138.78615346658844,445.29394388990477
12,12l_768d,c4_en,1337,rlb_fused_global_rational,GRAIN,tiller_v1,TILLER,tiller,TILLER,1000,4.888577461242676,132.76457689902858,467.89218007889576
12,12l_768d,c4_en,1337,rlb_fused_global_rational,GRAIN,tiller_v1,TILLER,tiller,TILLER,1050,4.848733901977539,127.57876033205149,492.28778436081484
12,12l_768d,c4_en,1337,rlb_fused_global_rational,GRAIN,tiller_v1,TILLER,tiller,TILLER,1100,4.811655044555664,122.934911996951,515.4350146299694
12,12l_768d,c4_en,1337,rlb_fused_global_rational,GRAIN,tiller_v1,TILLER,tiller,TILLER,1150,4.777115345001221,118.7612701575406,538.6826372598298
12,12l_768d,c4_en,1337,rlb_fused_global_rational,GRAIN,tiller_v1,TILLER,tiller,TILLER,1200,4.7485809326171875,115.42037896307478,561.3246119588148
12,12l_768d,c4_en,1337,rlb_fused_global_rational,GRAIN,tiller_v1,TILLER,tiller,TILLER,1250,4.718550205230713,112.00574954836146,583.9796718459111
12,12l_768d,c4_en,1337,rlb_fused_global_rational,GRAIN,tiller_v1,TILLER,tiller,TILLER,1300,4.695013046264648,109.4002358969327,608.3345736728515
12,12l_768d,c4_en,1337,rlb_fused_global_rational,GRAIN,tiller_v1,TILLER,tiller,TILLER,1350,4.669632911682129,106.65858212574597,630.9603363538627
12,12l_768d,c4_en,1337,rlb_fused_global_rational,GRAIN,tiller_v1,TILLER,tiller,TILLER,1400,4.64743185043335,104.31674028617192,653.6571729278658
12,12l_768d,c4_en,1337,rlb_fused_global_rational,GRAIN,tiller_v1,TILLER,tiller,TILLER,1450,4.625463485717773,102.05006086895705,676.3815656469669
12,12l_768d,c4_en,1337,rlb_fused_global_rational,GRAIN,tiller_v1,TILLER,tiller,TILLER,1500,4.604670524597168,99.9500463419041,699.0020767818205
12,12l_768d,c4_en,1337,rlb_fused_global_rational,GRAIN,tiller_v1,TILLER,tiller,TILLER,1550,4.586086273193359,98.10970321947073,723.2475188148674
12,12l_768d,c4_en,1337,rlb_fused_global_rational,GRAIN,tiller_v1,TILLER,tiller,TILLER,1600,4.569787502288818,96.52359655007349,745.9351905689109
12,12l_768d,c4_en,1337,rlb_fused_global_rational,GRAIN,tiller_v1,TILLER,tiller,TILLER,1650,4.5522236824035645,94.8430748770565,768.6697306148708
12,12l_768d,c4_en,1337,rlb_fused_global_rational,GRAIN,tiller_v1,TILLER,tiller,TILLER,1700,4.537859916687012,93.49050839848661,791.4124405798502
12,12l_768d,c4_en,1337,rlb_fused_global_rational,GRAIN,tiller_v1,TILLER,tiller,TILLER,1750,4.524584770202637,92.25760976561465,813.9522907549981
12,12l_768d,c4_en,1337,rlb_fused_global_rational,GRAIN,tiller_v1,TILLER,tiller,TILLER,1800,4.5127272605896,91.17012444647743,838.241039509885
12,12l_768d,c4_en,1337,rlb_fused_global_rational,GRAIN,tiller_v1,TILLER,tiller,TILLER,1850,4.500190734863281,90.03430234325958,860.9775827638805
12,12l_768d,c4_en,1337,rlb_fused_global_rational,GRAIN,tiller_v1,TILLER,tiller,TILLER,1900,4.487829208374023,88.92819162349964,883.6934929678682
12,12l_768d,c4_en,1337,rlb_fused_global_rational,GRAIN,tiller_v1,TILLER,tiller,TILLER,1950,4.475000381469727,87.7946339007434,906.308430334786
12,12l_768d,c4_en,1337,rlb_fused_global_rational,GRAIN,tiller_v1,TILLER,tiller,TILLER,2000,4.4673638343811035,87.12673949416342,929.0087368388195
12,12l_768d,c4_en,1337,rlb_fused_global_rational,GRAIN,tiller_v1,TILLER,tiller,TILLER,2050,4.456605911254883,86.19446041305389,953.2743298648857
12,12l_768d,c4_en,1337,rlb_fused_global_rational,GRAIN,tiller_v1,TILLER,tiller,TILLER,2100,4.446898460388184,85.3617800643305,976.0022583289538
12,12l_768d,c4_en,1337,rlb_fused_global_rational,GRAIN,tiller_v1,TILLER,tiller,TILLER,2150,4.437292098999023,84.54569005983583,998.5964126219042
12,12l_768d,c4_en,1337,rlb_fused_global_rational,GRAIN,tiller_v1,TILLER,tiller,TILLER,2200,4.4303717613220215,83.9626251654302,1021.221062019933
12,12l_768d,c4_en,1337,rlb_fused_global_rational,GRAIN,tiller_v1,TILLER,tiller,TILLER,2250,4.422397136688232,83.29571745012498,1043.834412031807
12,12l_768d,c4_en,1337,rlb_fused_global_rational,GRAIN,tiller_v1,TILLER,tiller,TILLER,2300,4.4145002365112305,82.64052986457405,1068.0236778918188
12,12l_768d,c4_en,1337,rlb_fused_global_rational,GRAIN,tiller_v1,TILLER,tiller,TILLER,2350,4.407315731048584,82.04892626072507,1090.4807576248422
12,12l_768d,c4_en,1337,rlb_fused_global_rational,GRAIN,tiller_v1,TILLER,tiller,TILLER,2400,4.401205539703369,81.54912013214066,1113.0197901129723
12,12l_768d,c4_en,1337,rlb_fused_global_rational,GRAIN,tiller_v1,TILLER,tiller,TILLER,2450,4.394567012786865,81.00954706985732,1135.7274015289731
12,12l_768d,c4_en,1337,rlb_fused_global_rational,GRAIN,tiller_v1,TILLER,tiller,TILLER,2500,4.388307571411133,80.50405625461288,1158.3985264748335
12,12l_768d,c4_en,1337,rlb_fused_global_rational,GRAIN,tiller_v1,TILLER,tiller,TILLER,2550,4.383233070373535,80.09657309887594,1182.4468422289938
12,12l_768d,c4_en,1337,rlb_fused_global_rational,GRAIN,tiller_v1,TILLER,tiller,TILLER,2600,4.3777689933776855,79.66011276870259,1205.0289503729437
12,12l_768d,c4_en,1337,rlb_fused_global_rational,GRAIN,tiller_v1,TILLER,tiller,TILLER,2650,4.373623847961426,79.33059344198696,1227.7211339669302
12,12l_768d,c4_en,1337,rlb_fused_global_rational,GRAIN,tiller_v1,TILLER,tiller,TILLER,2700,4.369231700897217,78.98292587135177,1250.3107646158896
12,12l_768d,c4_en,1337,rlb_fused_global_rational,GRAIN,tiller_v1,TILLER,tiller,TILLER,2750,4.364861011505127,78.6384693396879,1272.8968427239452
12,12l_768d,c4_en,1337,rlb_fused_global_rational,GRAIN,tiller_v1,TILLER,tiller,TILLER,2800,4.362175464630127,78.42756536710628,1297.0183097759727
12,12l_768d,c4_en,1337,rlb_fused_global_rational,GRAIN,tiller_v1,TILLER,tiller,TILLER,2850,4.359440326690674,78.21334824780305,1319.9213382438757
12,12l_768d,c4_en,1337,rlb_fused_global_rational,GRAIN,tiller_v1,TILLER,tiller,TILLER,2900,4.3551154136657715,77.87581275120742,1342.9779097938444
12,12l_768d,c4_en,1337,rlb_fused_global_rational,GRAIN,tiller_v1,TILLER,tiller,TILLER,2950,4.353531360626221,77.75255098567284,1365.5264069978148
12,12l_768d,c4_en,1337,rlb_fused_global_rational,GRAIN,tiller_v1,TILLER,tiller,TILLER,3000,4.350889205932617,77.54738787383916,1388.0941069507971
12,12l_768d,c4_en,1337,rlb_fused_global_rational,GRAIN,tiller_v1,TILLER,tiller,TILLER,3050,4.347524642944336,77.28691324013744,1412.3476232078392
13,12l_768d,c4_en,2027,rlb_fused_global_rational,GRAIN,tiller_v1,TILLER,tiller,TILLER,1,10.96363639831543,57736.01290765332,10.723954194108956
13,12l_768d,c4_en,2027,rlb_fused_global_rational,GRAIN,tiller_v1,TILLER,tiller,TILLER,50,9.078791618347168,8767.365300082874,35.96290541405324
13,12l_768d,c4_en,2027,rlb_fused_global_rational,GRAIN,tiller_v1,TILLER,tiller,TILLER,100,7.3223748207092285,1513.7946954030476,60.16458435100503
13,12l_768d,c4_en,2027,rlb_fused_global_rational,GRAIN,tiller_v1,TILLER,tiller,TILLER,150,6.761782646179199,864.1813530824128,84.24443970806897
13,12l_768d,c4_en,2027,rlb_fused_global_rational,GRAIN,tiller_v1,TILLER,tiller,TILLER,200,6.411087512969971,608.5551329275424,108.37313808209728
13,12l_768d,c4_en,2027,rlb_fused_global_rational,GRAIN,tiller_v1,TILLER,tiller,TILLER,250,6.160279273986816,473.56030944474855,132.5151781210443
13,12l_768d,c4_en,2027,rlb_fused_global_rational,GRAIN,tiller_v1,TILLER,tiller,TILLER,300,5.959066390991211,387.248416806828,158.30004593601916
13,12l_768d,c4_en,2027,rlb_fused_global_rational,GRAIN,tiller_v1,TILLER,tiller,TILLER,350,5.801114082336426,330.66774587172955,182.40174653602298
13,12l_768d,c4_en,2027,rlb_fused_global_rational,GRAIN,tiller_v1,TILLER,tiller,TILLER,400,5.67551326751709,291.6379884430361,206.61349960800726
13,12l_768d,c4_en,2027,rlb_fused_global_rational,GRAIN,tiller_v1,TILLER,tiller,TILLER,450,5.576318264007568,264.09747645851024,230.75253516703378
13,12l_768d,c4_en,2027,rlb_fused_global_rational,GRAIN,tiller_v1,TILLER,tiller,TILLER,500,5.479066848754883,239.62299851396574,254.9668564540334
13,12l_768d,c4_en,2027,rlb_fused_global_rational,GRAIN,tiller_v1,TILLER,tiller,TILLER,550,5.402536392211914,221.96870250176255,280.6315424210625
13,12l_768d,c4_en,2027,rlb_fused_global_rational,GRAIN,tiller_v1,TILLER,tiller,TILLER,600,5.332820892333984,207.02113558614684,304.7958808450494
13,12l_768d,c4_en,2027,rlb_fused_global_rational,GRAIN,tiller_v1,TILLER,tiller,TILLER,650,5.269948959350586,194.40603958165,329.01392349402886
13,12l_768d,c4_en,2027,rlb_fused_global_rational,GRAIN,tiller_v1,TILLER,tiller,TILLER,700,5.206127166748047,182.38633676503457,353.1496189070167
13,12l_768d,c4_en,2027,rlb_fused_global_rational,GRAIN,tiller_v1,TILLER,tiller,TILLER,750,5.148709774017334,172.2091581880051,377.24109986110125
13,12l_768d,c4_en,2027,rlb_fused_global_rational,GRAIN,tiller_v1,TILLER,tiller,TILLER,800,5.101254463195801,164.22779585872408,403.00831732107326
13,12l_768d,c4_en,2027,rlb_fused_global_rational,GRAIN,tiller_v1,TILLER,tiller,TILLER,850,5.046547889709473,155.4847863273031,427.202094920096
13,12l_768d,c4_en,2027,rlb_fused_global_rational,GRAIN,tiller_v1,TILLER,tiller,TILLER,900,4.999445915222168,148.33094840823836,451.36622652900405
13,12l_768d,c4_en,2027,rlb_fused_global_rational,GRAIN,tiller_v1,TILLER,tiller,TILLER,950,4.95093297958374,141.3067387426011,475.32564978208393
13,12l_768d,c4_en,2027,rlb_fused_global_rational,GRAIN,tiller_v1,TILLER,tiller,TILLER,1000,4.909416198730469,135.56025105621623,499.464190405095
13,12l_768d,c4_en,2027,rlb_fused_global_rational,GRAIN,tiller_v1,TILLER,tiller,TILLER,1050,4.8723063468933105,130.62182900874882,525.210427234997
13,12l_768d,c4_en,2027,rlb_fused_global_rational,GRAIN,tiller_v1,TILLER,tiller,TILLER,1100,4.833406925201416,125.63827252858704,549.4064955990762
13,12l_768d,c4_en,2027,rlb_fused_global_rational,GRAIN,tiller_v1,TILLER,tiller,TILLER,1150,4.801417827606201,121.68282053312969,573.4465743490728
13,12l_768d,c4_en,2027,rlb_fused_global_rational,GRAIN,tiller_v1,TILLER,tiller,TILLER,1200,4.771151542663574,118.05510921209911,598.0481569980038
13,12l_768d,c4_en,2027,rlb_fused_global_rational,GRAIN,tiller_v1,TILLER,tiller,TILLER,1250,4.745635986328125,115.08097215906726,622.2426142450422
13,12l_768d,c4_en,2027,rlb_fused_global_rational,GRAIN,tiller_v1,TILLER,tiller,TILLER,1300,4.720405578613281,112.21375493893066,647.9682779740542
13,12l_768d,c4_en,2027,rlb_fused_global_rational,GRAIN,tiller_v1,TILLER,tiller,TILLER,1350,4.693584442138672,109.24405785340832,672.0243403150234
13,12l_768d,c4_en,2027,rlb_fused_global_rational,GRAIN,tiller_v1,TILLER,tiller,TILLER,1400,4.6736345291137695,107.08624406627546,696.1298533260124
13,12l_768d,c4_en,2027,rlb_fused_global_rational,GRAIN,tiller_v1,TILLER,tiller,TILLER,1450,4.651989936828613,104.79331029940816,720.208880986087
13,12l_768d,c4_en,2027,rlb_fused_global_rational,GRAIN,tiller_v1,TILLER,tiller,TILLER,1500,4.634346008300781,102.9605606200555,744.3992922420148
13,12l_768d,c4_en,2027,rlb_fused_global_rational,GRAIN,tiller_v1,TILLER,tiller,TILLER,1550,4.618845462799072,101.37692111130215,770.0561705820728
13,12l_768d,c4_en,2027,rlb_fused_global_rational,GRAIN,tiller_v1,TILLER,tiller,TILLER,1600,4.59990930557251,99.47529337802312,794.1088438050356
13,12l_768d,c4_en,2027,rlb_fused_global_rational,GRAIN,tiller_v1,TILLER,tiller,TILLER,1650,4.586187362670898,98.11962157942317,818.2075245199958
13,12l_768d,c4_en,2027,rlb_fused_global_rational,GRAIN,tiller_v1,TILLER,tiller,TILLER,1700,4.571787357330322,96.71682289920302,842.3316934360191
13,12l_768d,c4_en,2027,rlb_fused_global_rational,GRAIN,tiller_v1,TILLER,tiller,TILLER,1750,4.557140827178955,95.31058046153365,866.408300475101
13,12l_768d,c4_en,2027,rlb_fused_global_rational,GRAIN,tiller_v1,TILLER,tiller,TILLER,1800,4.542834281921387,93.9567229325471,892.1530459220521
13,12l_768d,c4_en,2027,rlb_fused_global_rational,GRAIN,tiller_v1,TILLER,tiller,TILLER,1850,4.530638694763184,92.81782441289023,916.3004373559961
13,12l_768d,c4_en,2027,rlb_fused_global_rational,GRAIN,tiller_v1,TILLER,tiller,TILLER,1900,4.519219875335693,91.76398270116668,940.4166439489927
13,12l_768d,c4_en,2027,rlb_fused_global_rational,GRAIN,tiller_v1,TILLER,tiller,TILLER,1950,4.508552551269531,90.79030903932369,964.4065427680034
13,12l_768d,c4_en,2027,rlb_fused_global_rational,GRAIN,tiller_v1,TILLER,tiller,TILLER,2000,4.497097015380859,89.75619188769984,988.5407357780496
13,12l_768d,c4_en,2027,rlb_fused_global_rational,GRAIN,tiller_v1,TILLER,tiller,TILLER,2050,4.487888336181641,88.93344990795958,1014.3171599410707
13,12l_768d,c4_en,2027,rlb_fused_global_rational,GRAIN,tiller_v1,TILLER,tiller,TILLER,2100,4.479222297668457,88.16607904116067,1038.5071004180936
13,12l_768d,c4_en,2027,rlb_fused_global_rational,GRAIN,tiller_v1,TILLER,tiller,TILLER,2150,4.468832969665527,87.25483453280202,1062.4772785700625
13,12l_768d,c4_en,2027,rlb_fused_global_rational,GRAIN,tiller_v1,TILLER,tiller,TILLER,2200,4.459044456481934,86.40490598933557,1086.4380213490222
13,12l_768d,c4_en,2027,rlb_fused_global_rational,GRAIN,tiller_v1,TILLER,tiller,TILLER,2250,4.450143814086914,85.63925924849922,1110.6035405510338
13,12l_768d,c4_en,2027,rlb_fused_global_rational,GRAIN,tiller_v1,TILLER,tiller,TILLER,2300,4.443851470947266,85.10207947521772,1136.3884710430866
13,12l_768d,c4_en,2027,rlb_fused_global_rational,GRAIN,tiller_v1,TILLER,tiller,TILLER,2350,4.435853958129883,84.42418883652977,1160.412088546087
13,12l_768d,c4_en,2027,rlb_fused_global_rational,GRAIN,tiller_v1,TILLER,tiller,TILLER,2400,4.429923057556152,83.92495927037264,1184.424707378028
13,12l_768d,c4_en,2027,rlb_fused_global_rational,GRAIN,tiller_v1,TILLER,tiller,TILLER,2450,4.424377918243408,83.46087158400795,1208.5300474510295
13,12l_768d,c4_en,2027,rlb_fused_global_rational,GRAIN,tiller_v1,TILLER,tiller,TILLER,2500,4.4183030128479,82.95539161095476,1232.6916453900049
13,12l_768d,c4_en,2027,rlb_fused_global_rational,GRAIN,tiller_v1,TILLER,tiller,TILLER,2550,4.412460803985596,82.47216182601716,1258.294683668064
13,12l_768d,c4_en,2027,rlb_fused_global_rational,GRAIN,tiller_v1,TILLER,tiller,TILLER,2600,4.4082536697387695,82.12591922484874,1282.3772543000523
13,12l_768d,c4_en,2027,rlb_fused_global_rational,GRAIN,tiller_v1,TILLER,tiller,TILLER,2650,4.404058456420898,81.78210516568934,1306.4199453820474
13,12l_768d,c4_en,2027,rlb_fused_global_rational,GRAIN,tiller_v1,TILLER,tiller,TILLER,2700,4.400421142578125,81.48517831790895,1330.5317434170283
13,12l_768d,c4_en,2027,rlb_fused_global_rational,GRAIN,tiller_v1,TILLER,tiller,TILLER,2750,4.397364616394043,81.23649698088042,1354.5573105980875
13,12l_768d,c4_en,2027,rlb_fused_global_rational,GRAIN,tiller_v1,TILLER,tiller,TILLER,2800,4.394283294677734,80.98656645450363,1380.2558799660765
13,12l_768d,c4_en,2027,rlb_fused_global_rational,GRAIN,tiller_v1,TILLER,tiller,TILLER,2850,4.391173362731934,80.73509497657659,1404.387533206027
13,12l_768d,c4_en,2027,rlb_fused_global_rational,GRAIN,tiller_v1,TILLER,tiller,TILLER,2900,4.387933731079102,80.4739662162782,1428.4262242430123
13,12l_768d,c4_en,2027,rlb_fused_global_rational,GRAIN,tiller_v1,TILLER,tiller,TILLER,2950,4.384555816650391,80.20259064443032,1453.1014573380817
13,12l_768d,c4_en,2027,rlb_fused_global_rational,GRAIN,tiller_v1,TILLER,tiller,TILLER,3000,4.383210182189941,80.0947398547855,1477.1810549290385
13,12l_768d,c4_en,2027,rlb_fused_global_rational,GRAIN,tiller_v1,TILLER,tiller,TILLER,3050,4.380415439605713,79.87120817678311,1502.852476551081
14,12l_768d,c4_en,3407,rlb_fused_global_rational,GRAIN,tiller_v1,TILLER,tiller,TILLER,1,10.99462890625,59553.41418670251,9.432535267900676
14,12l_768d,c4_en,3407,rlb_fused_global_rational,GRAIN,tiller_v1,TILLER,tiller,TILLER,50,9.176944732666016,9671.558390154003,33.15261498000473
14,12l_768d,c4_en,3407,rlb_fused_global_rational,GRAIN,tiller_v1,TILLER,tiller,TILLER,100,7.3340606689453125,1531.5884354561322,55.86365819000639
14,12l_768d,c4_en,3407,rlb_fused_global_rational,GRAIN,tiller_v1,TILLER,tiller,TILLER,150,6.768273830413818,869.8091592599184,78.47783136297949
14,12l_768d,c4_en,3407,rlb_fused_global_rational,GRAIN,tiller_v1,TILLER,tiller,TILLER,200,6.419309139251709,613.5790699692715,101.13944267691113
14,12l_768d,c4_en,3407,rlb_fused_global_rational,GRAIN,tiller_v1,TILLER,tiller,TILLER,250,6.165395736694336,475.98947216877326,123.80786331696436
14,12l_768d,c4_en,3407,rlb_fused_global_rational,GRAIN,tiller_v1,TILLER,tiller,TILLER,300,5.965755462646484,389.84743202396555,148.1309813070111
14,12l_768d,c4_en,3407,rlb_fused_global_rational,GRAIN,tiller_v1,TILLER,tiller,TILLER,350,5.806765556335449,332.5417966264315,170.6313292030245
14,12l_768d,c4_en,3407,rlb_fused_global_rational,GRAIN,tiller_v1,TILLER,tiller,TILLER,400,5.6743268966674805,291.29220279047485,193.32430765591562
14,12l_768d,c4_en,3407,rlb_fused_global_rational,GRAIN,tiller_v1,TILLER,tiller,TILLER,450,5.565087795257568,261.1481302706926,215.99642350687645
14,12l_768d,c4_en,3407,rlb_fused_global_rational,GRAIN,tiller_v1,TILLER,tiller,TILLER,500,5.477835655212402,239.32815776582234,238.6609041299671
14,12l_768d,c4_en,3407,rlb_fused_global_rational,GRAIN,tiller_v1,TILLER,tiller,TILLER,550,5.4019317626953125,221.83453423760199,262.8414391640108
14,12l_768d,c4_en,3407,rlb_fused_global_rational,GRAIN,tiller_v1,TILLER,tiller,TILLER,600,5.327474594116211,205.91729222507107,285.4089572390076
14,12l_768d,c4_en,3407,rlb_fused_global_rational,GRAIN,tiller_v1,TILLER,tiller,TILLER,650,5.264961242675781,193.438811471402,308.02572563895956
14,12l_768d,c4_en,3407,rlb_fused_global_rational,GRAIN,tiller_v1,TILLER,tiller,TILLER,700,5.201116561889648,181.47475659114733,330.76779595180415
14,12l_768d,c4_en,3407,rlb_fused_global_rational,GRAIN,tiller_v1,TILLER,tiller,TILLER,750,5.146127700805664,171.76507510808472,353.39891991601326
14,12l_768d,c4_en,3407,rlb_fused_global_rational,GRAIN,tiller_v1,TILLER,tiller,TILLER,800,5.0870561599731445,161.91251523868226,377.6482900059782
14,12l_768d,c4_en,3407,rlb_fused_global_rational,GRAIN,tiller_v1,TILLER,tiller,TILLER,850,5.034010887145996,153.54764152990754,400.26445835782215
14,12l_768d,c4_en,3407,rlb_fused_global_rational,GRAIN,tiller_v1,TILLER,tiller,TILLER,900,4.982773780822754,145.8784558511987,422.9884624229744
14,12l_768d,c4_en,3407,rlb_fused_global_rational,GRAIN,tiller_v1,TILLER,tiller,TILLER,950,4.936573028564453,139.29208071068868,445.6130492128432
14,12l_768d,c4_en,3407,rlb_fused_global_rational,GRAIN,tiller_v1,TILLER,tiller,TILLER,1000,4.893923282623291,133.47621305795133,468.2927396958694
14,12l_768d,c4_en,3407,rlb_fused_global_rational,GRAIN,tiller_v1,TILLER,tiller,TILLER,1050,4.857332229614258,128.68045388648534,492.58042994886637
14,12l_768d,c4_en,3407,rlb_fused_global_rational,GRAIN,tiller_v1,TILLER,tiller,TILLER,1100,4.821540355682373,124.15618825307723,515.4473596969619
14,12l_768d,c4_en,3407,rlb_fused_global_rational,GRAIN,tiller_v1,TILLER,tiller,TILLER,1150,4.79051399230957,120.3632185353568,538.2057231988292
14,12l_768d,c4_en,3407,rlb_fused_global_rational,GRAIN,tiller_v1,TILLER,tiller,TILLER,1200,4.761655807495117,116.9393948075495,560.7678848458454
14,12l_768d,c4_en,3407,rlb_fused_global_rational,GRAIN,tiller_v1,TILLER,tiller,TILLER,1250,4.7344889640808105,113.80528526654966,583.3915629598778
14,12l_768d,c4_en,3407,rlb_fused_global_rational,GRAIN,tiller_v1,TILLER,tiller,TILLER,1300,4.711217403411865,111.18743751106496,607.7291347279679
14,12l_768d,c4_en,3407,rlb_fused_global_rational,GRAIN,tiller_v1,TILLER,tiller,TILLER,1350,4.689144134521484,108.76005598500905,630.309669715818
14,12l_768d,c4_en,3407,rlb_fused_global_rational,GRAIN,tiller_v1,TILLER,tiller,TILLER,1400,4.668475151062012,106.53516847508101,652.980622846866
14,12l_768d,c4_en,3407,rlb_fused_global_rational,GRAIN,tiller_v1,TILLER,tiller,TILLER,1450,4.646951198577881,104.26661229941692,675.7097615948878
14,12l_768d,c4_en,3407,rlb_fused_global_rational,GRAIN,tiller_v1,TILLER,tiller,TILLER,1500,4.630033493041992,102.51749767584747,698.4265050969552
14,12l_768d,c4_en,3407,rlb_fused_global_rational,GRAIN,tiller_v1,TILLER,tiller,TILLER,1550,4.611575603485107,100.64259760556146,722.5167739768513
14,12l_768d,c4_en,3407,rlb_fused_global_rational,GRAIN,tiller_v1,TILLER,tiller,TILLER,1600,4.596675395965576,99.15411887567782,745.1549304348882
14,12l_768d,c4_en,3407,rlb_fused_global_rational,GRAIN,tiller_v1,TILLER,tiller,TILLER,1650,4.580998420715332,97.61180321776867,767.8213506119791
14,12l_768d,c4_en,3407,rlb_fused_global_rational,GRAIN,tiller_v1,TILLER,tiller,TILLER,1700,4.567609786987305,96.31362434972783,790.5318177908193
14,12l_768d,c4_en,3407,rlb_fused_global_rational,GRAIN,tiller_v1,TILLER,tiller,TILLER,1750,4.551969528198242,94.81897317363517,813.1486209768336
14,12l_768d,c4_en,3407,rlb_fused_global_rational,GRAIN,tiller_v1,TILLER,tiller,TILLER,1800,4.539989471435547,93.68981369503908,837.4188746248838
14,12l_768d,c4_en,3407,rlb_fused_global_rational,GRAIN,tiller_v1,TILLER,tiller,TILLER,1850,4.526556491851807,92.4396955443351,860.1345949869137
14,12l_768d,c4_en,3407,rlb_fused_global_rational,GRAIN,tiller_v1,TILLER,tiller,TILLER,1900,4.516341209411621,91.50020469763727,882.7758118719794
14,12l_768d,c4_en,3407,rlb_fused_global_rational,GRAIN,tiller_v1,TILLER,tiller,TILLER,1950,4.5033440589904785,90.31865777791748,905.382026830921
14,12l_768d,c4_en,3407,rlb_fused_global_rational,GRAIN,tiller_v1,TILLER,tiller,TILLER,2000,4.492223262786865,89.31980669519676,927.9755534178112
14,12l_768d,c4_en,3407,rlb_fused_global_rational,GRAIN,tiller_v1,TILLER,tiller,TILLER,2050,4.482054233551025,88.41611359783565,952.2408446939662
14,12l_768d,c4_en,3407,rlb_fused_global_rational,GRAIN,tiller_v1,TILLER,tiller,TILLER,2100,4.473297119140625,87.6452238864686,974.9466557200067
14,12l_768d,c4_en,3407,rlb_fused_global_rational,GRAIN,tiller_v1,TILLER,tiller,TILLER,2150,4.465367317199707,86.95296299341292,997.4938770108856
14,12l_768d,c4_en,3407,rlb_fused_global_rational,GRAIN,tiller_v1,TILLER,tiller,TILLER,2200,4.4553680419921875,86.0878289514145,1020.1726462529041
14,12l_768d,c4_en,3407,rlb_fused_global_rational,GRAIN,tiller_v1,TILLER,tiller,TILLER,2250,4.448495388031006,85.49820555237983,1042.8919767988846
14,12l_768d,c4_en,3407,rlb_fused_global_rational,GRAIN,tiller_v1,TILLER,tiller,TILLER,2300,4.4418487548828125,84.93181472641731,1067.1830078000203
14,12l_768d,c4_en,3407,rlb_fused_global_rational,GRAIN,tiller_v1,TILLER,tiller,TILLER,2350,4.436426162719727,84.47251056851583,1089.6649088878185
14,12l_768d,c4_en,3407,rlb_fused_global_rational,GRAIN,tiller_v1,TILLER,tiller,TILLER,2400,4.429905414581299,83.92347859748843,1112.179530005902
14,12l_768d,c4_en,3407,rlb_fused_global_rational,GRAIN,tiller_v1,TILLER,tiller,TILLER,2450,4.423654079437256,83.40048122543942,1134.7315509798937
14,12l_768d,c4_en,3407,rlb_fused_global_rational,GRAIN,tiller_v1,TILLER,tiller,TILLER,2500,4.418708801269531,82.98906077919966,1157.2926288298331
14,12l_768d,c4_en,3407,rlb_fused_global_rational,GRAIN,tiller_v1,TILLER,tiller,TILLER,2550,4.413082122802734,82.52341925400309,1181.3329889578745
14,12l_768d,c4_en,3407,rlb_fused_global_rational,GRAIN,tiller_v1,TILLER,tiller,TILLER,2600,4.407375812530518,82.05385602989831,1203.8756220168434
14,12l_768d,c4_en,3407,rlb_fused_global_rational,GRAIN,tiller_v1,TILLER,tiller,TILLER,2650,4.402673721313477,81.66893698556682,1226.4368020819966
14,12l_768d,c4_en,3407,rlb_fused_global_rational,GRAIN,tiller_v1,TILLER,tiller,TILLER,2700,4.400348663330078,81.47927254748299,1248.9841729989275
14,12l_768d,c4_en,3407,rlb_fused_global_rational,GRAIN,tiller_v1,TILLER,tiller,TILLER,2750,4.395709991455078,81.10219218969164,1271.4363637389615
14,12l_768d,c4_en,3407,rlb_fused_global_rational,GRAIN,tiller_v1,TILLER,tiller,TILLER,2800,4.3919477462768555,80.79763911907607,1295.66383463284
14,12l_768d,c4_en,3407,rlb_fused_global_rational,GRAIN,tiller_v1,TILLER,tiller,TILLER,2850,4.389026165008545,80.56192674419455,1318.5021487069316
14,12l_768d,c4_en,3407,rlb_fused_global_rational,GRAIN,tiller_v1,TILLER,tiller,TILLER,2900,4.386297225952148,80.34237785985674,1341.3929900028743
14,12l_768d,c4_en,3407,rlb_fused_global_rational,GRAIN,tiller_v1,TILLER,tiller,TILLER,2950,4.3827056884765625,80.0543427529528,1363.8350801088382
14,12l_768d,c4_en,3407,rlb_fused_global_rational,GRAIN,tiller_v1,TILLER,tiller,TILLER,3000,4.380487442016602,79.87695930337745,1386.3378907579463
14,12l_768d,c4_en,3407,rlb_fused_global_rational,GRAIN,tiller_v1,TILLER,tiller,TILLER,3050,4.3779120445251465,79.67150905434745,1410.5627559300046
0,12l_768d,dclm,1337,rlb_fused_global_rational,GRAIN,tiller_v1,TILLER,tiller,TILLER,1,10.978516578674316,58601.55896293639,10.797504824004136
0,12l_768d,dclm,1337,rlb_fused_global_rational,GRAIN,tiller_v1,TILLER,tiller,TILLER,50,9.032560348510742,8371.26551433884,35.73145486100111
0,12l_768d,dclm,1337,rlb_fused_global_rational,GRAIN,tiller_v1,TILLER,tiller,TILLER,100,7.162388324737549,1289.9881673768302,59.887492900015786
0,12l_768d,dclm,1337,rlb_fused_global_rational,GRAIN,tiller_v1,TILLER,tiller,TILLER,150,6.549004554748535,698.5484608529777,84.04305014200509
0,12l_768d,dclm,1337,rlb_fused_global_rational,GRAIN,tiller_v1,TILLER,tiller,TILLER,200,6.195038318634033,490.3102326564247,108.28966638701968
0,12l_768d,dclm,1337,rlb_fused_global_rational,GRAIN,tiller_v1,TILLER,tiller,TILLER,250,5.95121955871582,384.2216342892103,132.75562995194923
0,12l_768d,dclm,1337,rlb_fused_global_rational,GRAIN,tiller_v1,TILLER,tiller,TILLER,300,5.7570390701293945,316.41007251256195,158.51148444099817
0,12l_768d,dclm,1337,rlb_fused_global_rational,GRAIN,tiller_v1,TILLER,tiller,TILLER,350,5.6046953201293945,271.6991315658879,182.57106275798287
0,12l_768d,dclm,1337,rlb_fused_global_rational,GRAIN,tiller_v1,TILLER,tiller,TILLER,400,5.4922027587890625,242.79142921506,206.7009830189636
0,12l_768d,dclm,1337,rlb_fused_global_rational,GRAIN,tiller_v1,TILLER,tiller,TILLER,450,5.398153781890869,220.99802877125003,231.03660722600762
0,12l_768d,dclm,1337,rlb_fused_global_rational,GRAIN,tiller_v1,TILLER,tiller,TILLER,500,5.31892204284668,204.16368362887357,255.42155908595305
0,12l_768d,dclm,1337,rlb_fused_global_rational,GRAIN,tiller_v1,TILLER,tiller,TILLER,550,5.250682353973389,190.6963464836881,281.3350191540085
0,12l_768d,dclm,1337,rlb_fused_global_rational,GRAIN,tiller_v1,TILLER,tiller,TILLER,600,5.19264030456543,179.94303067872983,305.5724935089238
0,12l_768d,dclm,1337,rlb_fused_global_rational,GRAIN,tiller_v1,TILLER,tiller,TILLER,650,5.137393474578857,170.27137274718496,329.77333258092403
0,12l_768d,dclm,1337,rlb_fused_global_rational,GRAIN,tiller_v1,TILLER,tiller,TILLER,700,5.0833282470703125,161.31004316343495,353.9658441799693
0,12l_768d,dclm,1337,rlb_fused_global_rational,GRAIN,tiller_v1,TILLER,tiller,TILLER,750,5.038463115692139,154.23279482046118,378.0600582889747
0,12l_768d,dclm,1337,rlb_fused_global_rational,GRAIN,tiller_v1,TILLER,tiller,TILLER,800,4.997511386871338,148.04427536120932,404.0617667159531
0,12l_768d,dclm,1337,rlb_fused_global_rational,GRAIN,tiller_v1,TILLER,tiller,TILLER,850,4.952529430389404,141.5325081664511,428.39843576890416
0,12l_768d,dclm,1337,rlb_fused_global_rational,GRAIN,tiller_v1,TILLER,tiller,TILLER,900,4.915325164794922,136.36364325040805,452.7601215529721
0,12l_768d,dclm,1337,rlb_fused_global_rational,GRAIN,tiller_v1,TILLER,tiller,TILLER,950,4.877078056335449,131.24660786969795,476.9540447120089
0,12l_768d,dclm,1337,rlb_fused_global_rational,GRAIN,tiller_v1,TILLER,tiller,TILLER,1000,4.840132713317871,126.48613701118244,501.27341337990947
0,12l_768d,dclm,1337,rlb_fused_global_rational,GRAIN,tiller_v1,TILLER,tiller,TILLER,1050,4.805690765380859,122.2038760796908,527.2604181069182
0,12l_768d,dclm,1337,rlb_fused_global_rational,GRAIN,tiller_v1,TILLER,tiller,TILLER,1100,4.775425910949707,118.56080021179332,551.6995537159964
0,12l_768d,dclm,1337,rlb_fused_global_rational,GRAIN,tiller_v1,TILLER,tiller,TILLER,1150,4.744938850402832,115.00077303715011,575.8759120620089
0,12l_768d,dclm,1337,rlb_fused_global_rational,GRAIN,tiller_v1,TILLER,tiller,TILLER,1200,4.713481903076172,111.43950672359075,600.9571795089869
0,12l_768d,dclm,1337,rlb_fused_global_rational,GRAIN,tiller_v1,TILLER,tiller,TILLER,1250,4.686023712158203,108.42120762403155,625.3083325099433
0,12l_768d,dclm,1337,rlb_fused_global_rational,GRAIN,tiller_v1,TILLER,tiller,TILLER,1300,4.661818981170654,105.8284070657096,651.3962179749506
0,12l_768d,dclm,1337,rlb_fused_global_rational,GRAIN,tiller_v1,TILLER,tiller,TILLER,1350,4.639660835266113,103.50923494700805,675.5792171899229
0,12l_768d,dclm,1337,rlb_fused_global_rational,GRAIN,tiller_v1,TILLER,tiller,TILLER,1400,4.617753028869629,101.2662339932073,699.7755598229123
0,12l_768d,dclm,1337,rlb_fused_global_rational,GRAIN,tiller_v1,TILLER,tiller,TILLER,1450,4.597871780395508,99.27281630938707,724.0973436579807
0,12l_768d,dclm,1337,rlb_fused_global_rational,GRAIN,tiller_v1,TILLER,tiller,TILLER,1500,4.5774617195129395,97.26718919358746,748.4208693559049
0,12l_768d,dclm,1337,rlb_fused_global_rational,GRAIN,tiller_v1,TILLER,tiller,TILLER,1550,4.560008525848389,95.58429476379777,774.2566697439179
0,12l_768d,dclm,1337,rlb_fused_global_rational,GRAIN,tiller_v1,TILLER,tiller,TILLER,1600,4.544946670532227,94.15540581783367,798.6333770019701
0,12l_768d,dclm,1337,rlb_fused_global_rational,GRAIN,tiller_v1,TILLER,tiller,TILLER,1650,4.528162002563477,92.58822766876794,822.835180678987
0,12l_768d,dclm,1337,rlb_fused_global_rational,GRAIN,tiller_v1,TILLER,tiller,TILLER,1700,4.5131120681762695,91.20521415300172,847.1668772399426
0,12l_768d,dclm,1337,rlb_fused_global_rational,GRAIN,tiller_v1,TILLER,tiller,TILLER,1750,4.497133255004883,89.7594446772872,871.4561224039644
0,12l_768d,dclm,1337,rlb_fused_global_rational,GRAIN,tiller_v1,TILLER,tiller,TILLER,1800,4.486016273498535,88.76711665682116,897.3562034019269
0,12l_768d,dclm,1337,rlb_fused_global_rational,GRAIN,tiller_v1,TILLER,tiller,TILLER,1850,4.475063323974609,87.80016008883062,921.6663098540157
0,12l_768d,dclm,1337,rlb_fused_global_rational,GRAIN,tiller_v1,TILLER,tiller,TILLER,1900,4.46429443359375,86.85972261191019,945.8770243289182
0,12l_768d,dclm,1337,rlb_fused_global_rational,GRAIN,tiller_v1,TILLER,tiller,TILLER,1950,4.4540486335754395,85.97431884487831,970.1449925319757
0,12l_768d,dclm,1337,rlb_fused_global_rational,GRAIN,tiller_v1,TILLER,tiller,TILLER,2000,4.441658020019531,84.91561681314974,994.4157551719109
0,12l_768d,dclm,1337,rlb_fused_global_rational,GRAIN,tiller_v1,TILLER,tiller,TILLER,2050,4.434329986572266,84.29562676132299,1020.3407191189472
0,12l_768d,dclm,1337,rlb_fused_global_rational,GRAIN,tiller_v1,TILLER,tiller,TILLER,2100,4.423959732055664,83.42597669708282,1044.745348657947
0,12l_768d,dclm,1337,rlb_fused_global_rational,GRAIN,tiller_v1,TILLER,tiller,TILLER,2150,4.416141033172607,82.77623747392028,1068.8188931479817
0,12l_768d,dclm,1337,rlb_fused_global_rational,GRAIN,tiller_v1,TILLER,tiller,TILLER,2200,4.406389236450195,81.97294357794874,1093.055962889921
0,12l_768d,dclm,1337,rlb_fused_global_rational,GRAIN,tiller_v1,TILLER,tiller,TILLER,2250,4.399630546569824,81.42078192031678,1117.4427760189865
0,12l_768d,dclm,1337,rlb_fused_global_rational,GRAIN,tiller_v1,TILLER,tiller,TILLER,2300,4.392900466918945,80.8746533784089,1143.330487890984
0,12l_768d,dclm,1337,rlb_fused_global_rational,GRAIN,tiller_v1,TILLER,tiller,TILLER,2350,4.385801792144775,80.30258338827748,1167.541763920919
0,12l_768d,dclm,1337,rlb_fused_global_rational,GRAIN,tiller_v1,TILLER,tiller,TILLER,2400,4.38014030456543,79.84923583152359,1191.6451910079923
0,12l_768d,dclm,1337,rlb_fused_global_rational,GRAIN,tiller_v1,TILLER,tiller,TILLER,2450,4.372422218322754,79.23532469998898,1216.01475594996
0,12l_768d,dclm,1337,rlb_fused_global_rational,GRAIN,tiller_v1,TILLER,tiller,TILLER,2500,4.368702411651611,78.94113211956898,1240.282429624931
0,12l_768d,dclm,1337,rlb_fused_global_rational,GRAIN,tiller_v1,TILLER,tiller,TILLER,2550,4.363354682922363,78.52010313719511,1266.0521815859247
0,12l_768d,dclm,1337,rlb_fused_global_rational,GRAIN,tiller_v1,TILLER,tiller,TILLER,2600,4.358739852905273,78.15858103142612,1290.3876915879082
0,12l_768d,dclm,1337,rlb_fused_global_rational,GRAIN,tiller_v1,TILLER,tiller,TILLER,2650,4.353841781616211,77.77669075607595,1314.4892657679738
0,12l_768d,dclm,1337,rlb_fused_global_rational,GRAIN,tiller_v1,TILLER,tiller,TILLER,2700,4.350805759429932,77.54091708551476,1338.7764073839644
0,12l_768d,dclm,1337,rlb_fused_global_rational,GRAIN,tiller_v1,TILLER,tiller,TILLER,2750,4.34699821472168,77.24623793501948,1363.040995487012
0,12l_768d,dclm,1337,rlb_fused_global_rational,GRAIN,tiller_v1,TILLER,tiller,TILLER,2800,4.343147277832031,76.94933958308665,1388.8389591209125
0,12l_768d,dclm,1337,rlb_fused_global_rational,GRAIN,tiller_v1,TILLER,tiller,TILLER,2850,4.340155124664307,76.71943949256509,1413.045033903909
0,12l_768d,dclm,1337,rlb_fused_global_rational,GRAIN,tiller_v1,TILLER,tiller,TILLER,2900,4.337620258331299,76.52521224236826,1437.1457003449323
0,12l_768d,dclm,1337,rlb_fused_global_rational,GRAIN,tiller_v1,TILLER,tiller,TILLER,2950,4.335225582122803,76.34217837814825,1462.0782766059274
0,12l_768d,dclm,1337,rlb_fused_global_rational,GRAIN,tiller_v1,TILLER,tiller,TILLER,3000,4.332114219665527,76.1050193256417,1486.35328642698
0,12l_768d,dclm,1337,rlb_fused_global_rational,GRAIN,tiller_v1,TILLER,tiller,TILLER,3050,4.330674171447754,75.99550330130167,1512.2076425979612
1,12l_768d,dclm,2027,rlb_fused_global_rational,GRAIN,tiller_v1,TILLER,tiller,TILLER,1,10.965574264526367,57848.00605504184,11.030052236979827
1,12l_768d,dclm,2027,rlb_fused_global_rational,GRAIN,tiller_v1,TILLER,tiller,TILLER,50,9.008418083190918,8171.584278489365,34.76018666499294
1,12l_768d,dclm,2027,rlb_fused_global_rational,GRAIN,tiller_v1,TILLER,tiller,TILLER,100,7.150482177734375,1274.7204488319471,57.53443004889414
1,12l_768d,dclm,2027,rlb_fused_global_rational,GRAIN,tiller_v1,TILLER,tiller,TILLER,150,6.531604766845703,686.4989988349955,79.97822571289726
1,12l_768d,dclm,2027,rlb_fused_global_rational,GRAIN,tiller_v1,TILLER,tiller,TILLER,200,6.18194055557251,483.9301390886175,102.51234394102357
1,12l_768d,dclm,2027,rlb_fused_global_rational,GRAIN,tiller_v1,TILLER,tiller,TILLER,250,5.947998523712158,382.98603398020947,125.29000796587206
1,12l_768d,dclm,2027,rlb_fused_global_rational,GRAIN,tiller_v1,TILLER,tiller,TILLER,300,5.759611129760742,317.2249455888633,149.63901437586173
1,12l_768d,dclm,2027,rlb_fused_global_rational,GRAIN,tiller_v1,TILLER,tiller,TILLER,350,5.608616828918457,272.7666939578543,172.21998060983606
1,12l_768d,dclm,2027,rlb_fused_global_rational,GRAIN,tiller_v1,TILLER,tiller,TILLER,400,5.494144439697266,243.26331067119506,194.844452988822
1,12l_768d,dclm,2027,rlb_fused_global_rational,GRAIN,tiller_v1,TILLER,tiller,TILLER,450,5.396669864654541,220.67032918682582,217.50817443896085
1,12l_768d,dclm,2027,rlb_fused_global_rational,GRAIN,tiller_v1,TILLER,tiller,TILLER,500,5.312585830688477,202.87414891148393,240.34251677896827
1,12l_768d,dclm,2027,rlb_fused_global_rational,GRAIN,tiller_v1,TILLER,tiller,TILLER,550,5.246747970581055,189.94754794128937,264.41832505795173
1,12l_768d,dclm,2027,rlb_fused_global_rational,GRAIN,tiller_v1,TILLER,tiller,TILLER,600,5.187651634216309,179.04758960427745,286.9755293680355
1,12l_768d,dclm,2027,rlb_fused_global_rational,GRAIN,tiller_v1,TILLER,tiller,TILLER,650,5.131939888000488,169.34531054949014,309.6972351600416
1,12l_768d,dclm,2027,rlb_fused_global_rational,GRAIN,tiller_v1,TILLER,tiller,TILLER,700,5.085437774658203,161.65069032565893,332.33048481401056
1,12l_768d,dclm,2027,rlb_fused_global_rational,GRAIN,tiller_v1,TILLER,tiller,TILLER,750,5.037911415100098,154.14772796412177,354.9497718948405
1,12l_768d,dclm,2027,rlb_fused_global_rational,GRAIN,tiller_v1,TILLER,tiller,TILLER,800,4.994231224060059,147.5594616034707,379.2023144669365
1,12l_768d,dclm,2027,rlb_fused_global_rational,GRAIN,tiller_v1,TILLER,tiller,TILLER,850,4.957083702087402,142.17855568404275,402.08068458898924
1,12l_768d,dclm,2027,rlb_fused_global_rational,GRAIN,tiller_v1,TILLER,tiller,TILLER,900,4.917584419250488,136.67207169697903,424.7289113488514
1,12l_768d,dclm,2027,rlb_fused_global_rational,GRAIN,tiller_v1,TILLER,tiller,TILLER,950,4.88014030456543,131.64913356458376,447.2645165498834
1,12l_768d,dclm,2027,rlb_fused_global_rational,GRAIN,tiller_v1,TILLER,tiller,TILLER,1000,4.846182823181152,127.25371165038368,470.002771189902
1,12l_768d,dclm,2027,rlb_fused_global_rational,GRAIN,tiller_v1,TILLER,tiller,TILLER,1050,4.813774108886719,123.19569519460543,494.18132565985434
1,12l_768d,dclm,2027,rlb_fused_global_rational,GRAIN,tiller_v1,TILLER,tiller,TILLER,1100,4.779483795166016,119.04288366955707,516.9691891919356
1,12l_768d,dclm,2027,rlb_fused_global_rational,GRAIN,tiller_v1,TILLER,tiller,TILLER,1150,4.7494330406188965,115.51877150613265,539.8366952789947
1,12l_768d,dclm,2027,rlb_fused_global_rational,GRAIN,tiller_v1,TILLER,tiller,TILLER,1200,4.719791412353516,112.14485819595869,562.3735238998197
1,12l_768d,dclm,2027,rlb_fused_global_rational,GRAIN,tiller_v1,TILLER,tiller,TILLER,1250,4.6954498291015625,109.44803047949367,585.0618441810366
1,12l_768d,dclm,2027,rlb_fused_global_rational,GRAIN,tiller_v1,TILLER,tiller,TILLER,1300,4.671651363372803,106.8740847388036,609.4041346958838
1,12l_768d,dclm,2027,rlb_fused_global_rational,GRAIN,tiller_v1,TILLER,tiller,TILLER,1350,4.649153232574463,104.49646390205196,632.1314003670122
1,12l_768d,dclm,2027,rlb_fused_global_rational,GRAIN,tiller_v1,TILLER,tiller,TILLER,1400,4.626128196716309,102.1179172167497,654.6916258439887
1,12l_768d,dclm,2027,rlb_fused_global_rational,GRAIN,tiller_v1,TILLER,tiller,TILLER,1450,4.606263160705566,100.10935722320112,677.381768225925
1,12l_768d,dclm,2027,rlb_fused_global_rational,GRAIN,tiller_v1,TILLER,tiller,TILLER,1500,4.589206695556641,98.41632507750414,700.1189822398592
1,12l_768d,dclm,2027,rlb_fused_global_rational,GRAIN,tiller_v1,TILLER,tiller,TILLER,1550,4.573744297027588,96.90627720419162,724.4507028809749
1,12l_768d,dclm,2027,rlb_fused_global_rational,GRAIN,tiller_v1,TILLER,tiller,TILLER,1600,4.556841850280762,95.28208905917003,747.1379673688207
1,12l_768d,dclm,2027,rlb_fused_global_rational,GRAIN,tiller_v1,TILLER,tiller,TILLER,1650,4.539488792419434,93.64291691239558,769.8574565348681
1,12l_768d,dclm,2027,rlb_fused_global_rational,GRAIN,tiller_v1,TILLER,tiller,TILLER,1700,4.5246429443359375,92.26297692821666,792.553381833015
1,12l_768d,dclm,2027,rlb_fused_global_rational,GRAIN,tiller_v1,TILLER,tiller,TILLER,1750,4.511576175689697,91.06524026978182,815.1185052630026
1,12l_768d,dclm,2027,rlb_fused_global_rational,GRAIN,tiller_v1,TILLER,tiller,TILLER,1800,4.499956130981445,90.01318242393586,839.393750741845
1,12l_768d,dclm,2027,rlb_fused_global_rational,GRAIN,tiller_v1,TILLER,tiller,TILLER,1850,4.485411167144775,88.71341935845385,862.1166630608495
1,12l_768d,dclm,2027,rlb_fused_global_rational,GRAIN,tiller_v1,TILLER,tiller,TILLER,1900,4.473788261413574,87.68828073359471,884.8839067989029
1,12l_768d,dclm,2027,rlb_fused_global_rational,GRAIN,tiller_v1,TILLER,tiller,TILLER,1950,4.465030670166016,86.92369546304056,907.3647216518875
1,12l_768d,dclm,2027,rlb_fused_global_rational,GRAIN,tiller_v1,TILLER,tiller,TILLER,2000,4.455582618713379,86.10630337750538,929.8967037589755
1,12l_768d,dclm,2027,rlb_fused_global_rational,GRAIN,tiller_v1,TILLER,tiller,TILLER,2050,4.443844318389893,85.10147077988857,954.2003145359922
1,12l_768d,dclm,2027,rlb_fused_global_rational,GRAIN,tiller_v1,TILLER,tiller,TILLER,2100,4.435892105102539,84.4274094251803,976.786486353958
1,12l_768d,dclm,2027,rlb_fused_global_rational,GRAIN,tiller_v1,TILLER,tiller,TILLER,2150,4.427914142608643,83.75653040150596,999.3470345798414
1,12l_768d,dclm,2027,rlb_fused_global_rational,GRAIN,tiller_v1,TILLER,tiller,TILLER,2200,4.419892311096191,83.08733729227532,1021.9177769229282
1,12l_768d,dclm,2027,rlb_fused_global_rational,GRAIN,tiller_v1,TILLER,tiller,TILLER,2250,4.41202974319458,82.43661897181944,1044.6104525059927
1,12l_768d,dclm,2027,rlb_fused_global_rational,GRAIN,tiller_v1,TILLER,tiller,TILLER,2300,4.403861999511719,81.76604008418208,1068.820991099812
1,12l_768d,dclm,2027,rlb_fused_global_rational,GRAIN,tiller_v1,TILLER,tiller,TILLER,2350,4.399545669555664,81.41387146073053,1091.3015255578794
1,12l_768d,dclm,2027,rlb_fused_global_rational,GRAIN,tiller_v1,TILLER,tiller,TILLER,2400,4.3926591873168945,80.85514232812963,1113.9344725278206
1,12l_768d,dclm,2027,rlb_fused_global_rational,GRAIN,tiller_v1,TILLER,tiller,TILLER,2450,4.387274265289307,80.42091388361136,1136.5741379519459
1,12l_768d,dclm,2027,rlb_fused_global_rational,GRAIN,tiller_v1,TILLER,tiller,TILLER,2500,4.383037567138672,80.08091549034006,1159.1784854959697
1,12l_768d,dclm,2027,rlb_fused_global_rational,GRAIN,tiller_v1,TILLER,tiller,TILLER,2550,4.3772077560424805,79.61541708290716,1183.2026842478663
1,12l_768d,dclm,2027,rlb_fused_global_rational,GRAIN,tiller_v1,TILLER,tiller,TILLER,2600,4.372745990753174,79.26098306715402,1205.8088111698162
1,12l_768d,dclm,2027,rlb_fused_global_rational,GRAIN,tiller_v1,TILLER,tiller,TILLER,2650,4.368123531341553,78.89544787666132,1228.3637139699422
1,12l_768d,dclm,2027,rlb_fused_global_rational,GRAIN,tiller_v1,TILLER,tiller,TILLER,2700,4.3636860847473145,78.54612915496682,1250.9092842538375
1,12l_768d,dclm,2027,rlb_fused_global_rational,GRAIN,tiller_v1,TILLER,tiller,TILLER,2750,4.359370231628418,78.20786607042741,1273.3559601430316
1,12l_768d,dclm,2027,rlb_fused_global_rational,GRAIN,tiller_v1,TILLER,tiller,TILLER,2800,4.355295658111572,77.8898506990111,1297.6255354019813
1,12l_768d,dclm,2027,rlb_fused_global_rational,GRAIN,tiller_v1,TILLER,tiller,TILLER,2850,4.353141784667969,77.72226636058001,1320.5488729369827
1,12l_768d,dclm,2027,rlb_fused_global_rational,GRAIN,tiller_v1,TILLER,tiller,TILLER,2900,4.350107192993164,77.48676851875034,1343.493191970978
1,12l_768d,dclm,2027,rlb_fused_global_rational,GRAIN,tiller_v1,TILLER,tiller,TILLER,2950,4.346899032592773,77.23857686861781,1366.1009519679938
1,12l_768d,dclm,2027,rlb_fused_global_rational,GRAIN,tiller_v1,TILLER,tiller,TILLER,3000,4.345412731170654,77.12386233328193,1388.6256765050348
1,12l_768d,dclm,2027,rlb_fused_global_rational,GRAIN,tiller_v1,TILLER,tiller,TILLER,3050,4.343499183654785,76.97642326891689,1412.8665974298492
2,12l_768d,dclm,3407,rlb_fused_global_rational,GRAIN,tiller_v1,TILLER,tiller,TILLER,1,10.998254776000977,59769.73905566821,9.195891713956371
2,12l_768d,dclm,3407,rlb_fused_global_rational,GRAIN,tiller_v1,TILLER,tiller,TILLER,50,9.073851585388184,8724.16102965972,32.844901697011665
2,12l_768d,dclm,3407,rlb_fused_global_rational,GRAIN,tiller_v1,TILLER,tiller,TILLER,100,7.141613960266113,1263.4659282081432,55.40353284380399
2,12l_768d,dclm,3407,rlb_fused_global_rational,GRAIN,tiller_v1,TILLER,tiller,TILLER,150,6.5426154136657715,694.0995636335113,77.9829956528265
2,12l_768d,dclm,3407,rlb_fused_global_rational,GRAIN,tiller_v1,TILLER,tiller,TILLER,200,6.188375949859619,487.0544626855498,100.54208829300478
2,12l_768d,dclm,3407,rlb_fused_global_rational,GRAIN,tiller_v1,TILLER,tiller,TILLER,250,5.95084810256958,384.0789393057401,123.08982732193545
2,12l_768d,dclm,3407,rlb_fused_global_rational,GRAIN,tiller_v1,TILLER,tiller,TILLER,300,5.76298713684082,318.29770906079216,147.31452470179647
2,12l_768d,dclm,3407,rlb_fused_global_rational,GRAIN,tiller_v1,TILLER,tiller,TILLER,350,5.617488384246826,275.19732457024287,169.7636402209755
2,12l_768d,dclm,3407,rlb_fused_global_rational,GRAIN,tiller_v1,TILLER,tiller,TILLER,400,5.502289772033691,245.2528629642212,192.3095089038834
2,12l_768d,dclm,3407,rlb_fused_global_rational,GRAIN,tiller_v1,TILLER,tiller,TILLER,450,5.410885810852051,223.8297707311644,215.0333842318505
2,12l_768d,dclm,3407,rlb_fused_global_rational,GRAIN,tiller_v1,TILLER,tiller,TILLER,500,5.332040309906006,206.8596015789939,237.66952656395733
2,12l_768d,dclm,3407,rlb_fused_global_rational,GRAIN,tiller_v1,TILLER,tiller,TILLER,550,5.262452125549316,192.95405924099774,261.77708326885477
2,12l_768d,dclm,3407,rlb_fused_global_rational,GRAIN,tiller_v1,TILLER,tiller,TILLER,600,5.202835559844971,181.78697960514774,284.440352137899
2,12l_768d,dclm,3407,rlb_fused_global_rational,GRAIN,tiller_v1,TILLER,tiller,TILLER,650,5.143486976623535,171.31208928914322,307.2335974429734
2,12l_768d,dclm,3407,rlb_fused_global_rational,GRAIN,tiller_v1,TILLER,tiller,TILLER,700,5.097197532653809,163.56288475889835,329.970205075806
2,12l_768d,dclm,3407,rlb_fused_global_rational,GRAIN,tiller_v1,TILLER,tiller,TILLER,750,5.052174091339111,156.36204057610405,352.59738881886005
2,12l_768d,dclm,3407,rlb_fused_global_rational,GRAIN,tiller_v1,TILLER,tiller,TILLER,800,5.006224632263184,149.33985762761935,376.928516356973
2,12l_768d,dclm,3407,rlb_fused_global_rational,GRAIN,tiller_v1,TILLER,tiller,TILLER,850,4.968317031860352,143.78469856340925,399.6255742358044
2,12l_768d,dclm,3407,rlb_fused_global_rational,GRAIN,tiller_v1,TILLER,tiller,TILLER,900,4.927964210510254,138.09808734136564,422.32618705695495
2,12l_768d,dclm,3407,rlb_fused_global_rational,GRAIN,tiller_v1,TILLER,tiller,TILLER,950,4.891255855560303,133.12064942582737,444.9603356819134
2,12l_768d,dclm,3407,rlb_fused_global_rational,GRAIN,tiller_v1,TILLER,tiller,TILLER,1000,4.854157447814941,128.27256933837563,467.7313563558273
2,12l_768d,dclm,3407,rlb_fused_global_rational,GRAIN,tiller_v1,TILLER,tiller,TILLER,1050,4.818172931671143,123.73880487143296,492.00072216498666
2,12l_768d,dclm,3407,rlb_fused_global_rational,GRAIN,tiller_v1,TILLER,tiller,TILLER,1100,4.78650426864624,119.88156159076037,515.0578357209451
2,12l_768d,dclm,3407,rlb_fused_global_rational,GRAIN,tiller_v1,TILLER,tiller,TILLER,1150,4.755132675170898,116.17906621937715,538.1716525328811
2,12l_768d,dclm,3407,rlb_fused_global_rational,GRAIN,tiller_v1,TILLER,tiller,TILLER,1200,4.726232528686523,112.86952760832078,560.831071917899
2,12l_768d,dclm,3407,rlb_fused_global_rational,GRAIN,tiller_v1,TILLER,tiller,TILLER,1250,4.700226306915283,109.97205707323997,583.3913173179608
2,12l_768d,dclm,3407,rlb_fused_global_rational,GRAIN,tiller_v1,TILLER,tiller,TILLER,1300,4.675787925720215,107.31709168487839,607.5597590429243
2,12l_768d,dclm,3407,rlb_fused_global_rational,GRAIN,tiller_v1,TILLER,tiller,TILLER,1350,4.652181625366211,104.81339990122115,630.1337272028904
2,12l_768d,dclm,3407,rlb_fused_global_rational,GRAIN,tiller_v1,TILLER,tiller,TILLER,1400,4.630763053894043,102.59231771837032,652.6691771608312
2,12l_768d,dclm,3407,rlb_fused_global_rational,GRAIN,tiller_v1,TILLER,tiller,TILLER,1450,4.61143684387207,100.62863344651572,675.3010775989387
2,12l_768d,dclm,3407,rlb_fused_global_rational,GRAIN,tiller_v1,TILLER,tiller,TILLER,1500,4.592548847198486,98.7457976268739,698.1366535048
2,12l_768d,dclm,3407,rlb_fused_global_rational,GRAIN,tiller_v1,TILLER,tiller,TILLER,1550,4.575891971588135,97.11462400097459,722.3671406479552
2,12l_768d,dclm,3407,rlb_fused_global_rational,GRAIN,tiller_v1,TILLER,tiller,TILLER,1600,4.5574846267700195,95.34335383353357,744.954388002865
2,12l_768d,dclm,3407,rlb_fused_global_rational,GRAIN,tiller_v1,TILLER,tiller,TILLER,1650,4.541788101196289,93.85847861963563,767.5858214858454
2,12l_768d,dclm,3407,rlb_fused_global_rational,GRAIN,tiller_v1,TILLER,tiller,TILLER,1700,4.527960300445557,92.56955431044396,790.2865159469657
2,12l_768d,dclm,3407,rlb_fused_global_rational,GRAIN,tiller_v1,TILLER,tiller,TILLER,1750,4.516319751739502,91.49824133731069,812.7531227909494
2,12l_768d,dclm,3407,rlb_fused_global_rational,GRAIN,tiller_v1,TILLER,tiller,TILLER,1800,4.503018379211426,90.289247606817,836.9081762209535
2,12l_768d,dclm,3407,rlb_fused_global_rational,GRAIN,tiller_v1,TILLER,tiller,TILLER,1850,4.490507125854492,89.16665312996757,859.6106078678276
2,12l_768d,dclm,3407,rlb_fused_global_rational,GRAIN,tiller_v1,TILLER,tiller,TILLER,1900,4.478727340698242,88.1224514235901,882.3090214729309
2,12l_768d,dclm,3407,rlb_fused_global_rational,GRAIN,tiller_v1,TILLER,tiller,TILLER,1950,4.469481468200684,87.3114375166742,904.9141027478036
2,12l_768d,dclm,3407,rlb_fused_global_rational,GRAIN,tiller_v1,TILLER,tiller,TILLER,2000,4.45798921585083,86.3137761122398,927.5863380739465
2,12l_768d,dclm,3407,rlb_fused_global_rational,GRAIN,tiller_v1,TILLER,tiller,TILLER,2050,4.447173595428467,85.38526931233656,952.0413054898381
2,12l_768d,dclm,3407,rlb_fused_global_rational,GRAIN,tiller_v1,TILLER,tiller,TILLER,2100,4.4377570152282715,84.58500586182667,974.6686059588101
2,12l_768d,dclm,3407,rlb_fused_global_rational,GRAIN,tiller_v1,TILLER,tiller,TILLER,2150,4.429924011230469,83.92503930748897,997.2499346658587
2,12l_768d,dclm,3407,rlb_fused_global_rational,GRAIN,tiller_v1,TILLER,tiller,TILLER,2200,4.42091178894043,83.17208618425019,1020.007251447998
2,12l_768d,dclm,3407,rlb_fused_global_rational,GRAIN,tiller_v1,TILLER,tiller,TILLER,2250,4.4133124351501465,82.54242760525293,1042.6927155279554
2,12l_768d,dclm,3407,rlb_fused_global_rational,GRAIN,tiller_v1,TILLER,tiller,TILLER,2300,4.406991958618164,82.02236538052868,1066.9360125379171
2,12l_768d,dclm,3407,rlb_fused_global_rational,GRAIN,tiller_v1,TILLER,tiller,TILLER,2350,4.399501323699951,81.41026117298495,1089.4128861438949
2,12l_768d,dclm,3407,rlb_fused_global_rational,GRAIN,tiller_v1,TILLER,tiller,TILLER,2400,4.392956733703613,80.87920406314063,1112.1454243578482
2,12l_768d,dclm,3407,rlb_fused_global_rational,GRAIN,tiller_v1,TILLER,tiller,TILLER,2450,4.38637638092041,80.34873760992589,1134.8458605238702
2,12l_768d,dclm,3407,rlb_fused_global_rational,GRAIN,tiller_v1,TILLER,tiller,TILLER,2500,4.380013942718506,79.83914657207062,1157.507130766986
2,12l_768d,dclm,3407,rlb_fused_global_rational,GRAIN,tiller_v1,TILLER,tiller,TILLER,2550,4.375884056091309,79.51009987876887,1181.6622718148865
2,12l_768d,dclm,3407,rlb_fused_global_rational,GRAIN,tiller_v1,TILLER,tiller,TILLER,2600,4.370822906494141,79.10870398794272,1204.146026440896
2,12l_768d,dclm,3407,rlb_fused_global_rational,GRAIN,tiller_v1,TILLER,tiller,TILLER,2650,4.366756439208984,78.78766422245329,1226.6590709940065
2,12l_768d,dclm,3407,rlb_fused_global_rational,GRAIN,tiller_v1,TILLER,tiller,TILLER,2700,4.363734722137451,78.54994952659996,1249.1696022478864
2,12l_768d,dclm,3407,rlb_fused_global_rational,GRAIN,tiller_v1,TILLER,tiller,TILLER,2750,4.360306262969971,78.28110535601125,1271.6832827569451
2,12l_768d,dclm,3407,rlb_fused_global_rational,GRAIN,tiller_v1,TILLER,tiller,TILLER,2800,4.35702657699585,78.02478846195024,1295.7652558179107
2,12l_768d,dclm,3407,rlb_fused_global_rational,GRAIN,tiller_v1,TILLER,tiller,TILLER,2850,4.354483127593994,77.82658852301336,1318.6319807178807
2,12l_768d,dclm,3407,rlb_fused_global_rational,GRAIN,tiller_v1,TILLER,tiller,TILLER,2900,4.351600170135498,77.60254089423277,1341.4484398509376
2,12l_768d,dclm,3407,rlb_fused_global_rational,GRAIN,tiller_v1,TILLER,tiller,TILLER,2950,4.348504066467285,77.3626469426117,1364.0041307429783
2,12l_768d,dclm,3407,rlb_fused_global_rational,GRAIN,tiller_v1,TILLER,tiller,TILLER,3000,4.34638786315918,77.19910495830479,1386.598821662832
2,12l_768d,dclm,3407,rlb_fused_global_rational,GRAIN,tiller_v1,TILLER,tiller,TILLER,3050,4.3443427085876465,77.0413821945717,1410.7885110038333
9,12l_768d,dolma_sample,1337,rlb_fused_global_rational,GRAIN,tiller_v1,TILLER,tiller,TILLER,1,10.987773895263672,59146.57092884946,10.50664728297852
9,12l_768d,dolma_sample,1337,rlb_fused_global_rational,GRAIN,tiller_v1,TILLER,tiller,TILLER,50,9.148343086242676,9398.854378871782,35.705485280952416
9,12l_768d,dolma_sample,1337,rlb_fused_global_rational,GRAIN,tiller_v1,TILLER,tiller,TILLER,100,7.3747453689575195,1595.1855950101537,59.97126727097202
9,12l_768d,dolma_sample,1337,rlb_fused_global_rational,GRAIN,tiller_v1,TILLER,tiller,TILLER,150,6.800272464752197,898.0919567200384,84.17859938193578
9,12l_768d,dolma_sample,1337,rlb_fused_global_rational,GRAIN,tiller_v1,TILLER,tiller,TILLER,200,6.44174861907959,627.5031049238976,108.48163628799375
9,12l_768d,dolma_sample,1337,rlb_fused_global_rational,GRAIN,tiller_v1,TILLER,tiller,TILLER,250,6.202277183532715,493.8723996567686,132.8201157199219
9,12l_768d,dolma_sample,1337,rlb_fused_global_rational,GRAIN,tiller_v1,TILLER,tiller,TILLER,300,6.000325679779053,403.5602034906914,158.68959407194052
9,12l_768d,dolma_sample,1337,rlb_fused_global_rational,GRAIN,tiller_v1,TILLER,tiller,TILLER,350,5.8453145027160645,345.61122035783615,182.83337409899104
9,12l_768d,dolma_sample,1337,rlb_fused_global_rational,GRAIN,tiller_v1,TILLER,tiller,TILLER,400,5.723804473876953,306.0671351724359,207.06770756095648
9,12l_768d,dolma_sample,1337,rlb_fused_global_rational,GRAIN,tiller_v1,TILLER,tiller,TILLER,450,5.620510578155518,276.03028229413127,231.35217256797478
9,12l_768d,dolma_sample,1337,rlb_fused_global_rational,GRAIN,tiller_v1,TILLER,tiller,TILLER,500,5.531800270080566,252.59824700355352,255.62640431395266
9,12l_768d,dolma_sample,1337,rlb_fused_global_rational,GRAIN,tiller_v1,TILLER,tiller,TILLER,550,5.453333854675293,233.53544275137986,281.2226021409733
9,12l_768d,dolma_sample,1337,rlb_fused_global_rational,GRAIN,tiller_v1,TILLER,tiller,TILLER,600,5.381966590881348,217.44948939270742,305.37219797598664
9,12l_768d,dolma_sample,1337,rlb_fused_global_rational,GRAIN,tiller_v1,TILLER,tiller,TILLER,650,5.320178031921387,204.4202720873828,329.5548565489007
9,12l_768d,dolma_sample,1337,rlb_fused_global_rational,GRAIN,tiller_v1,TILLER,tiller,TILLER,700,5.264701843261719,193.3886400645475,353.81394181295764
9,12l_768d,dolma_sample,1337,rlb_fused_global_rational,GRAIN,tiller_v1,TILLER,tiller,TILLER,750,5.214250564575195,183.8739676649525,377.9670148069272
9,12l_768d,dolma_sample,1337,rlb_fused_global_rational,GRAIN,tiller_v1,TILLER,tiller,TILLER,800,5.165186882019043,175.070172982236,403.6789683449315
9,12l_768d,dolma_sample,1337,rlb_fused_global_rational,GRAIN,tiller_v1,TILLER,tiller,TILLER,850,5.121952056884766,167.66233680688438,427.90304834698327
9,12l_768d,dolma_sample,1337,rlb_fused_global_rational,GRAIN,tiller_v1,TILLER,tiller,TILLER,900,5.077812671661377,160.42277460381356,452.16191280598287
9,12l_768d,dolma_sample,1337,rlb_fused_global_rational,GRAIN,tiller_v1,TILLER,tiller,TILLER,950,5.035027503967285,153.70382001854443,476.2932415449759
9,12l_768d,dolma_sample,1337,rlb_fused_global_rational,GRAIN,tiller_v1,TILLER,tiller,TILLER,1000,4.996016979217529,147.82320209094328,500.4577243869426
9,12l_768d,dolma_sample,1337,rlb_fused_global_rational,GRAIN,tiller_v1,TILLER,tiller,TILLER,1050,4.953493595123291,141.66903462594607,526.1584298649104
9,12l_768d,dolma_sample,1337,rlb_fused_global_rational,GRAIN,tiller_v1,TILLER,tiller,TILLER,1100,4.9133477210998535,136.0942582584339,550.3311774269678
9,12l_768d,dolma_sample,1337,rlb_fused_global_rational,GRAIN,tiller_v1,TILLER,tiller,TILLER,1150,4.878127098083496,131.38436328359973,574.4446849589003
9,12l_768d,dolma_sample,1337,rlb_fused_global_rational,GRAIN,tiller_v1,TILLER,tiller,TILLER,1200,4.842655181884766,126.80559706051785,599.3252339189639
9,12l_768d,dolma_sample,1337,rlb_fused_global_rational,GRAIN,tiller_v1,TILLER,tiller,TILLER,1250,4.814877986907959,123.3317633023218,623.5712382249767
9,12l_768d,dolma_sample,1337,rlb_fused_global_rational,GRAIN,tiller_v1,TILLER,tiller,TILLER,1300,4.783188819885254,119.48475856944,649.3377238379326
9,12l_768d,dolma_sample,1337,rlb_fused_global_rational,GRAIN,tiller_v1,TILLER,tiller,TILLER,1350,4.752240180969238,115.84350448312856,673.5048357410124
9,12l_768d,dolma_sample,1337,rlb_fused_global_rational,GRAIN,tiller_v1,TILLER,tiller,TILLER,1400,4.729728698730469,113.26482928791013,697.7106131889159
9,12l_768d,dolma_sample,1337,rlb_fused_global_rational,GRAIN,tiller_v1,TILLER,tiller,TILLER,1450,4.7068023681640625,110.69762312487416,721.9595590139506
9,12l_768d,dolma_sample,1337,rlb_fused_global_rational,GRAIN,tiller_v1,TILLER,tiller,TILLER,1500,4.683704853057861,108.17008539112598,746.2272341459757
9,12l_768d,dolma_sample,1337,rlb_fused_global_rational,GRAIN,tiller_v1,TILLER,tiller,TILLER,1550,4.662977695465088,105.95110302478678,771.8215436519822
9,12l_768d,dolma_sample,1337,rlb_fused_global_rational,GRAIN,tiller_v1,TILLER,tiller,TILLER,1600,4.645848274230957,104.15167750798147,796.0129980999045
9,12l_768d,dolma_sample,1337,rlb_fused_global_rational,GRAIN,tiller_v1,TILLER,tiller,TILLER,1650,4.629975318908691,102.51153398274003,820.2763567329384
9,12l_768d,dolma_sample,1337,rlb_fused_global_rational,GRAIN,tiller_v1,TILLER,tiller,TILLER,1700,4.613076210021973,100.79373591662288,844.5225158609683
9,12l_768d,dolma_sample,1337,rlb_fused_global_rational,GRAIN,tiller_v1,TILLER,tiller,TILLER,1750,4.595632553100586,99.05077060764202,868.6300606059376
9,12l_768d,dolma_sample,1337,rlb_fused_global_rational,GRAIN,tiller_v1,TILLER,tiller,TILLER,1800,4.583034992218018,97.8107992005215,894.2955428319983
9,12l_768d,dolma_sample,1337,rlb_fused_global_rational,GRAIN,tiller_v1,TILLER,tiller,TILLER,1850,4.568706512451172,96.41931189858907,918.5265781459166
9,12l_768d,dolma_sample,1337,rlb_fused_global_rational,GRAIN,tiller_v1,TILLER,tiller,TILLER,1900,4.5545220375061035,95.06130863540956,942.7426876829704
9,12l_768d,dolma_sample,1337,rlb_fused_global_rational,GRAIN,tiller_v1,TILLER,tiller,TILLER,1950,4.5447998046875,94.14157862001906,966.8370018060086
9,12l_768d,dolma_sample,1337,rlb_fused_global_rational,GRAIN,tiller_v1,TILLER,tiller,TILLER,2000,4.533093452453613,93.04594956260584,991.0188110999297
9,12l_768d,dolma_sample,1337,rlb_fused_global_rational,GRAIN,tiller_v1,TILLER,tiller,TILLER,2050,4.522633075714111,92.0777266926112,1016.7179975709878
9,12l_768d,dolma_sample,1337,rlb_fused_global_rational,GRAIN,tiller_v1,TILLER,tiller,TILLER,2100,4.514116287231445,91.29685017060216,1040.937553477008
9,12l_768d,dolma_sample,1337,rlb_fused_global_rational,GRAIN,tiller_v1,TILLER,tiller,TILLER,2150,4.503273010253906,90.31224097934887,1065.0426218549255
9,12l_768d,dolma_sample,1337,rlb_fused_global_rational,GRAIN,tiller_v1,TILLER,tiller,TILLER,2200,4.495667457580566,89.62797189424433,1089.2001478369348
9,12l_768d,dolma_sample,1337,rlb_fused_global_rational,GRAIN,tiller_v1,TILLER,tiller,TILLER,2250,4.48752498626709,88.90114181646142,1113.39634229301
9,12l_768d,dolma_sample,1337,rlb_fused_global_rational,GRAIN,tiller_v1,TILLER,tiller,TILLER,2300,4.478488922119141,88.10144389832642,1139.1403398489347
9,12l_768d,dolma_sample,1337,rlb_fused_global_rational,GRAIN,tiller_v1,TILLER,tiller,TILLER,2350,4.4709577560424805,87.44042952156676,1163.2287173679797
9,12l_768d,dolma_sample,1337,rlb_fused_global_rational,GRAIN,tiller_v1,TILLER,tiller,TILLER,2400,4.464229583740234,86.85408995426288,1187.3793180949287
9,12l_768d,dolma_sample,1337,rlb_fused_global_rational,GRAIN,tiller_v1,TILLER,tiller,TILLER,2450,4.455379962921143,86.08885520442425,1211.5902666129405
9,12l_768d,dolma_sample,1337,rlb_fused_global_rational,GRAIN,tiller_v1,TILLER,tiller,TILLER,2500,4.451997756958008,85.79817680919007,1235.7556941029616
9,12l_768d,dolma_sample,1337,rlb_fused_global_rational,GRAIN,tiller_v1,TILLER,tiller,TILLER,2550,4.4458394050598145,85.27142507022843,1261.3720901859924
9,12l_768d,dolma_sample,1337,rlb_fused_global_rational,GRAIN,tiller_v1,TILLER,tiller,TILLER,2600,4.440960884094238,84.85643971568784,1285.5472221620148
9,12l_768d,dolma_sample,1337,rlb_fused_global_rational,GRAIN,tiller_v1,TILLER,tiller,TILLER,2650,4.435952663421631,84.43252236199423,1309.764144392917
9,12l_768d,dolma_sample,1337,rlb_fused_global_rational,GRAIN,tiller_v1,TILLER,tiller,TILLER,2700,4.431792259216309,84.08197864829262,1333.967337621958
9,12l_768d,dolma_sample,1337,rlb_fused_global_rational,GRAIN,tiller_v1,TILLER,tiller,TILLER,2750,4.427813529968262,83.74810385974853,1357.996170779923
9,12l_768d,dolma_sample,1337,rlb_fused_global_rational,GRAIN,tiller_v1,TILLER,tiller,TILLER,2800,4.424532890319824,83.4738066908411,1383.7018487699097
9,12l_768d,dolma_sample,1337,rlb_fused_global_rational,GRAIN,tiller_v1,TILLER,tiller,TILLER,2850,4.4198899269104,83.08713919686248,1407.9342898109462
9,12l_768d,dolma_sample,1337,rlb_fused_global_rational,GRAIN,tiller_v1,TILLER,tiller,TILLER,2900,4.416996479034424,82.84707835967532,1432.1447210179176
9,12l_768d,dolma_sample,1337,rlb_fused_global_rational,GRAIN,tiller_v1,TILLER,tiller,TILLER,2950,4.41387939453125,82.58923907777059,1456.8504246569937
9,12l_768d,dolma_sample,1337,rlb_fused_global_rational,GRAIN,tiller_v1,TILLER,tiller,TILLER,3000,4.411929607391357,82.42836452805332,1480.9291712819831
9,12l_768d,dolma_sample,1337,rlb_fused_global_rational,GRAIN,tiller_v1,TILLER,tiller,TILLER,3050,4.4085307121276855,82.14867473767798,1506.6835935559357
10,12l_768d,dolma_sample,2027,rlb_fused_global_rational,GRAIN,tiller_v1,TILLER,tiller,TILLER,1,10.965263366699219,57830.02403108539,11.026860520942137
10,12l_768d,dolma_sample,2027,rlb_fused_global_rational,GRAIN,tiller_v1,TILLER,tiller,TILLER,50,9.103551864624023,8987.157246605962,34.773050940129906
10,12l_768d,dolma_sample,2027,rlb_fused_global_rational,GRAIN,tiller_v1,TILLER,tiller,TILLER,100,7.353804588317871,1562.1284921529666,57.38866297295317
10,12l_768d,dolma_sample,2027,rlb_fused_global_rational,GRAIN,tiller_v1,TILLER,tiller,TILLER,150,6.774993419647217,875.6736007742708,79.88186373398639
10,12l_768d,dolma_sample,2027,rlb_fused_global_rational,GRAIN,tiller_v1,TILLER,tiller,TILLER,200,6.4184088706970215,613.0269326000109,102.42797298496589
10,12l_768d,dolma_sample,2027,rlb_fused_global_rational,GRAIN,tiller_v1,TILLER,tiller,TILLER,250,6.179324150085449,482.6656365643776,125.08237830293365
10,12l_768d,dolma_sample,2027,rlb_fused_global_rational,GRAIN,tiller_v1,TILLER,tiller,TILLER,300,5.982574462890625,396.4597262954334,149.25424291798845
10,12l_768d,dolma_sample,2027,rlb_fused_global_rational,GRAIN,tiller_v1,TILLER,tiller,TILLER,350,5.833310127258301,341.4871763172836,171.76427724794485
10,12l_768d,dolma_sample,2027,rlb_fused_global_rational,GRAIN,tiller_v1,TILLER,tiller,TILLER,400,5.709510803222656,301.7234300440326,194.42980861407705
10,12l_768d,dolma_sample,2027,rlb_fused_global_rational,GRAIN,tiller_v1,TILLER,tiller,TILLER,450,5.597451210021973,269.7380249529486,217.19151033693925
10,12l_768d,dolma_sample,2027,rlb_fused_global_rational,GRAIN,tiller_v1,TILLER,tiller,TILLER,500,5.50577974319458,246.11028369963674,239.90994440810755
10,12l_768d,dolma_sample,2027,rlb_fused_global_rational,GRAIN,tiller_v1,TILLER,tiller,TILLER,550,5.430039882659912,228.15834480422097,264.01720318896696
10,12l_768d,dolma_sample,2027,rlb_fused_global_rational,GRAIN,tiller_v1,TILLER,tiller,TILLER,600,5.357758522033691,212.24866215898064,286.57593823596835
10,12l_768d,dolma_sample,2027,rlb_fused_global_rational,GRAIN,tiller_v1,TILLER,tiller,TILLER,650,5.299797534942627,200.29625287690232,309.31542651494965
10,12l_768d,dolma_sample,2027,rlb_fused_global_rational,GRAIN,tiller_v1,TILLER,tiller,TILLER,700,5.241494178771973,188.95221998214612,332.03600123198703
10,12l_768d,dolma_sample,2027,rlb_fused_global_rational,GRAIN,tiller_v1,TILLER,tiller,TILLER,750,5.187160015106201,178.95958802101177,354.6515321179759
10,12l_768d,dolma_sample,2027,rlb_fused_global_rational,GRAIN,tiller_v1,TILLER,tiller,TILLER,800,5.1395978927612305,170.6471360747951,378.8079029810615
10,12l_768d,dolma_sample,2027,rlb_fused_global_rational,GRAIN,tiller_v1,TILLER,tiller,TILLER,850,5.088330268859863,162.1189408896719,401.5493540901225
10,12l_768d,dolma_sample,2027,rlb_fused_global_rational,GRAIN,tiller_v1,TILLER,tiller,TILLER,900,5.0380144119262695,154.16360550851797,424.2731735620182
10,12l_768d,dolma_sample,2027,rlb_fused_global_rational,GRAIN,tiller_v1,TILLER,tiller,TILLER,950,4.991960048675537,147.22470847195441,446.7505300089251
10,12l_768d,dolma_sample,2027,rlb_fused_global_rational,GRAIN,tiller_v1,TILLER,tiller,TILLER,1000,4.950314521789551,141.2193735072943,469.3143335171044
10,12l_768d,dolma_sample,2027,rlb_fused_global_rational,GRAIN,tiller_v1,TILLER,tiller,TILLER,1050,4.904458999633789,134.8899147700773,493.48761615902185
10,12l_768d,dolma_sample,2027,rlb_fused_global_rational,GRAIN,tiller_v1,TILLER,tiller,TILLER,1100,4.867509841918945,129.99680092959954,516.3703950860072
10,12l_768d,dolma_sample,2027,rlb_fused_global_rational,GRAIN,tiller_v1,TILLER,tiller,TILLER,1150,4.834731101989746,125.80475001127871,539.2131522300187
10,12l_768d,dolma_sample,2027,rlb_fused_global_rational,GRAIN,tiller_v1,TILLER,tiller,TILLER,1200,4.803650856018066,121.95484533513616,561.8899235981517
10,12l_768d,dolma_sample,2027,rlb_fused_global_rational,GRAIN,tiller_v1,TILLER,tiller,TILLER,1250,4.7785444259643555,118.93111095710206,584.630719986977
10,12l_768d,dolma_sample,2027,rlb_fused_global_rational,GRAIN,tiller_v1,TILLER,tiller,TILLER,1300,4.753332138061523,115.9700697087659,608.8733346569352
10,12l_768d,dolma_sample,2027,rlb_fused_global_rational,GRAIN,tiller_v1,TILLER,tiller,TILLER,1350,4.730716228485107,113.37673692395168,631.3844880249817
10,12l_768d,dolma_sample,2027,rlb_fused_global_rational,GRAIN,tiller_v1,TILLER,tiller,TILLER,1400,4.7080841064453125,110.83959947490094,654.044647497125
10,12l_768d,dolma_sample,2027,rlb_fused_global_rational,GRAIN,tiller_v1,TILLER,tiller,TILLER,1450,4.6895036697387695,108.79916608567754,676.7316761801485
10,12l_768d,dolma_sample,2027,rlb_fused_global_rational,GRAIN,tiller_v1,TILLER,tiller,TILLER,1500,4.671221733093262,106.8281782580148,699.4191118010785
10,12l_768d,dolma_sample,2027,rlb_fused_global_rational,GRAIN,tiller_v1,TILLER,tiller,TILLER,1550,4.64957332611084,104.54037141309652,723.4633495321032
10,12l_768d,dolma_sample,2027,rlb_fused_global_rational,GRAIN,tiller_v1,TILLER,tiller,TILLER,1600,4.6323981285095215,102.76020102627973,745.947617738042
10,12l_768d,dolma_sample,2027,rlb_fused_global_rational,GRAIN,tiller_v1,TILLER,tiller,TILLER,1650,4.619377136230469,101.4308348577971,768.49695212394
10,12l_768d,dolma_sample,2027,rlb_fused_global_rational,GRAIN,tiller_v1,TILLER,tiller,TILLER,1700,4.603617191314697,99.84482105988259,791.0799390089232
10,12l_768d,dolma_sample,2027,rlb_fused_global_rational,GRAIN,tiller_v1,TILLER,tiller,TILLER,1750,4.591768264770508,98.66874846793164,813.7153945700265
10,12l_768d,dolma_sample,2027,rlb_fused_global_rational,GRAIN,tiller_v1,TILLER,tiller,TILLER,1800,4.579057216644287,97.42250258300642,837.950796796009
10,12l_768d,dolma_sample,2027,rlb_fused_global_rational,GRAIN,tiller_v1,TILLER,tiller,TILLER,1850,4.568011283874512,96.352301734005,860.5824764280114
10,12l_768d,dolma_sample,2027,rlb_fused_global_rational,GRAIN,tiller_v1,TILLER,tiller,TILLER,1900,4.552478790283203,94.86727317924434,883.2839853670448
10,12l_768d,dolma_sample,2027,rlb_fused_global_rational,GRAIN,tiller_v1,TILLER,tiller,TILLER,1950,4.53884744644165,93.58287865899003,905.8899852419272
10,12l_768d,dolma_sample,2027,rlb_fused_global_rational,GRAIN,tiller_v1,TILLER,tiller,TILLER,2000,4.528735160827637,92.64131058762386,928.5205137610901
10,12l_768d,dolma_sample,2027,rlb_fused_global_rational,GRAIN,tiller_v1,TILLER,tiller,TILLER,2050,4.516302108764648,91.49662705038008,952.6870579179376
10,12l_768d,dolma_sample,2027,rlb_fused_global_rational,GRAIN,tiller_v1,TILLER,tiller,TILLER,2100,4.507811546325684,90.72305789126592,975.2023287590127
10,12l_768d,dolma_sample,2027,rlb_fused_global_rational,GRAIN,tiller_v1,TILLER,tiller,TILLER,2150,4.500016212463379,90.01859071179679,997.6062319099437
10,12l_768d,dolma_sample,2027,rlb_fused_global_rational,GRAIN,tiller_v1,TILLER,tiller,TILLER,2200,4.492279052734375,89.32478998153123,1020.151200995082
10,12l_768d,dolma_sample,2027,rlb_fused_global_rational,GRAIN,tiller_v1,TILLER,tiller,TILLER,2250,4.483366012573242,88.53217210579483,1042.857498361962
10,12l_768d,dolma_sample,2027,rlb_fused_global_rational,GRAIN,tiller_v1,TILLER,tiller,TILLER,2300,4.475375652313232,87.8275868498164,1067.173177636927
10,12l_768d,dolma_sample,2027,rlb_fused_global_rational,GRAIN,tiller_v1,TILLER,tiller,TILLER,2350,4.466975212097168,87.09288668007436,1089.5935814981349
10,12l_768d,dolma_sample,2027,rlb_fused_global_rational,GRAIN,tiller_v1,TILLER,tiller,TILLER,2400,4.4612345695495605,86.59434987909536,1112.1276541289408
10,12l_768d,dolma_sample,2027,rlb_fused_global_rational,GRAIN,tiller_v1,TILLER,tiller,TILLER,2450,4.456329822540283,86.17066638005598,1134.8282732509542
10,12l_768d,dolma_sample,2027,rlb_fused_global_rational,GRAIN,tiller_v1,TILLER,tiller,TILLER,2500,4.451442241668701,85.750527846267,1157.509211868979
10,12l_768d,dolma_sample,2027,rlb_fused_global_rational,GRAIN,tiller_v1,TILLER,tiller,TILLER,2550,4.4459733963012695,85.2828514598352,1181.5573570760898
10,12l_768d,dolma_sample,2027,rlb_fused_global_rational,GRAIN,tiller_v1,TILLER,tiller,TILLER,2600,4.440975189208984,84.85765360547732,1204.0396720380522
10,12l_768d,dolma_sample,2027,rlb_fused_global_rational,GRAIN,tiller_v1,TILLER,tiller,TILLER,2650,4.436634540557861,84.4901146017314,1226.579594298033
10,12l_768d,dolma_sample,2027,rlb_fused_global_rational,GRAIN,tiller_v1,TILLER,tiller,TILLER,2700,4.432138442993164,84.11109150413502,1249.2188274089713
10,12l_768d,dolma_sample,2027,rlb_fused_global_rational,GRAIN,tiller_v1,TILLER,tiller,TILLER,2750,4.428719520568848,83.82401323606075,1271.765642317012
10,12l_768d,dolma_sample,2027,rlb_fused_global_rational,GRAIN,tiller_v1,TILLER,tiller,TILLER,2800,4.425421237945557,83.54799339573856,1295.988755772123
10,12l_768d,dolma_sample,2027,rlb_fused_global_rational,GRAIN,tiller_v1,TILLER,tiller,TILLER,2850,4.421988487243652,83.26168565546367,1318.829741279129
10,12l_768d,dolma_sample,2027,rlb_fused_global_rational,GRAIN,tiller_v1,TILLER,tiller,TILLER,2900,4.419103145599365,83.02179349831309,1341.6754919860978
10,12l_768d,dolma_sample,2027,rlb_fused_global_rational,GRAIN,tiller_v1,TILLER,tiller,TILLER,2950,4.416109561920166,82.7736324430466,1364.2002150590997
10,12l_768d,dolma_sample,2027,rlb_fused_global_rational,GRAIN,tiller_v1,TILLER,tiller,TILLER,3000,4.413406848907471,82.55022111388323,1386.8056689959485
10,12l_768d,dolma_sample,2027,rlb_fused_global_rational,GRAIN,tiller_v1,TILLER,tiller,TILLER,3050,4.4114766120910645,82.39103332238001,1410.958876148099
11,12l_768d,dolma_sample,3407,rlb_fused_global_rational,GRAIN,tiller_v1,TILLER,tiller,TILLER,1,10.997529029846191,59726.3771341532,10.546546505996957
11,12l_768d,dolma_sample,3407,rlb_fused_global_rational,GRAIN,tiller_v1,TILLER,tiller,TILLER,50,9.195524215698242,9852.930628973647,35.53198928700294
11,12l_768d,dolma_sample,3407,rlb_fused_global_rational,GRAIN,tiller_v1,TILLER,tiller,TILLER,100,7.3446736335754395,1547.9296905478473,59.77859099104535
11,12l_768d,dolma_sample,3407,rlb_fused_global_rational,GRAIN,tiller_v1,TILLER,tiller,TILLER,150,6.762984752655029,865.2208157304613,84.00394903600682
11,12l_768d,dolma_sample,3407,rlb_fused_global_rational,GRAIN,tiller_v1,TILLER,tiller,TILLER,200,6.4123430252075195,609.3196611810174,108.38375031505711
11,12l_768d,dolma_sample,3407,rlb_fused_global_rational,GRAIN,tiller_v1,TILLER,tiller,TILLER,250,6.163724422454834,475.19460860450505,132.69078502396587
11,12l_768d,dolma_sample,3407,rlb_fused_global_rational,GRAIN,tiller_v1,TILLER,tiller,TILLER,300,5.972972393035889,392.671110693856,158.5722658849554
11,12l_768d,dolma_sample,3407,rlb_fused_global_rational,GRAIN,tiller_v1,TILLER,tiller,TILLER,350,5.813765525817871,334.8777453007967,182.8183222480584
11,12l_768d,dolma_sample,3407,rlb_fused_global_rational,GRAIN,tiller_v1,TILLER,tiller,TILLER,400,5.683624267578125,294.01308336150055,207.12462647096254
11,12l_768d,dolma_sample,3407,rlb_fused_global_rational,GRAIN,tiller_v1,TILLER,tiller,TILLER,450,5.5847907066345215,266.34453276198,231.466989416047
11,12l_768d,dolma_sample,3407,rlb_fused_global_rational,GRAIN,tiller_v1,TILLER,tiller,TILLER,500,5.497148036956787,243.99507409563788,255.7521542860195
11,12l_768d,dolma_sample,3407,rlb_fused_global_rational,GRAIN,tiller_v1,TILLER,tiller,TILLER,550,5.422258377075195,226.38981918984575,281.6255878510419
11,12l_768d,dolma_sample,3407,rlb_fused_global_rational,GRAIN,tiller_v1,TILLER,tiller,TILLER,600,5.355095863342285,211.68426814171247,305.9101378939813
11,12l_768d,dolma_sample,3407,rlb_fused_global_rational,GRAIN,tiller_v1,TILLER,tiller,TILLER,650,5.289668083190918,198.27760281693364,330.1547912140377
11,12l_768d,dolma_sample,3407,rlb_fused_global_rational,GRAIN,tiller_v1,TILLER,tiller,TILLER,700,5.227731227874756,186.3694935928033,354.372864073026
11,12l_768d,dolma_sample,3407,rlb_fused_global_rational,GRAIN,tiller_v1,TILLER,tiller,TILLER,750,5.176403522491455,177.04492651612708,378.35899641294964
11,12l_768d,dolma_sample,3407,rlb_fused_global_rational,GRAIN,tiller_v1,TILLER,tiller,TILLER,800,5.126857280731201,168.48677848193208,404.15863359102514
11,12l_768d,dolma_sample,3407,rlb_fused_global_rational,GRAIN,tiller_v1,TILLER,tiller,TILLER,850,5.078003883361816,160.45345224820358,428.35105750802904
11,12l_768d,dolma_sample,3407,rlb_fused_global_rational,GRAIN,tiller_v1,TILLER,tiller,TILLER,900,5.035880088806152,153.8349214447709,452.55809394002426
11,12l_768d,dolma_sample,3407,rlb_fused_global_rational,GRAIN,tiller_v1,TILLER,tiller,TILLER,950,4.987910270690918,146.6296867549486,476.6015641359845
11,12l_768d,dolma_sample,3407,rlb_fused_global_rational,GRAIN,tiller_v1,TILLER,tiller,TILLER,1000,4.947401523590088,140.8086003078035,500.6762621010421
11,12l_768d,dolma_sample,3407,rlb_fused_global_rational,GRAIN,tiller_v1,TILLER,tiller,TILLER,1050,4.907068252563477,135.24233625382456,526.5232330410508
11,12l_768d,dolma_sample,3407,rlb_fused_global_rational,GRAIN,tiller_v1,TILLER,tiller,TILLER,1100,4.869208335876465,130.21778732938108,550.724752938957
11,12l_768d,dolma_sample,3407,rlb_fused_global_rational,GRAIN,tiller_v1,TILLER,tiller,TILLER,1150,4.8332061767578125,125.61305337235775,574.8102150709601
11,12l_768d,dolma_sample,3407,rlb_fused_global_rational,GRAIN,tiller_v1,TILLER,tiller,TILLER,1200,4.807675838470459,122.4467006380517,599.914550935966
11,12l_768d,dolma_sample,3407,rlb_fused_global_rational,GRAIN,tiller_v1,TILLER,tiller,TILLER,1250,4.774494171142578,118.4503838423224,624.016901578987
11,12l_768d,dolma_sample,3407,rlb_fused_global_rational,GRAIN,tiller_v1,TILLER,tiller,TILLER,1300,4.750308036804199,115.61989422507627,649.8332332320279
11,12l_768d,dolma_sample,3407,rlb_fused_global_rational,GRAIN,tiller_v1,TILLER,tiller,TILLER,1350,4.725130081176758,112.74516344375824,673.888725842
11,12l_768d,dolma_sample,3407,rlb_fused_global_rational,GRAIN,tiller_v1,TILLER,tiller,TILLER,1400,4.7032365798950195,110.30360175480745,698.03686255496
11,12l_768d,dolma_sample,3407,rlb_fused_global_rational,GRAIN,tiller_v1,TILLER,tiller,TILLER,1450,4.683480262756348,108.14579416692202,722.21059628902
11,12l_768d,dolma_sample,3407,rlb_fused_global_rational,GRAIN,tiller_v1,TILLER,tiller,TILLER,1500,4.666776657104492,106.35437271887702,746.3693558679661
11,12l_768d,dolma_sample,3407,rlb_fused_global_rational,GRAIN,tiller_v1,TILLER,tiller,TILLER,1550,4.647674560546875,104.34206208685363,771.9104449630249
11,12l_768d,dolma_sample,3407,rlb_fused_global_rational,GRAIN,tiller_v1,TILLER,tiller,TILLER,1600,4.629368782043457,102.44937581078476,796.0310492749559
11,12l_768d,dolma_sample,3407,rlb_fused_global_rational,GRAIN,tiller_v1,TILLER,tiller,TILLER,1650,4.6133928298950195,100.82565426921845,820.1109729460441
11,12l_768d,dolma_sample,3407,rlb_fused_global_rational,GRAIN,tiller_v1,TILLER,tiller,TILLER,1700,4.599652290344238,99.44972999801789,844.2446771110408
11,12l_768d,dolma_sample,3407,rlb_fused_global_rational,GRAIN,tiller_v1,TILLER,tiller,TILLER,1750,4.584051132202148,97.91023917838139,868.2881319030421
11,12l_768d,dolma_sample,3407,rlb_fused_global_rational,GRAIN,tiller_v1,TILLER,tiller,TILLER,1800,4.570741653442383,96.61573860280033,893.9607894610381
11,12l_768d,dolma_sample,3407,rlb_fused_global_rational,GRAIN,tiller_v1,TILLER,tiller,TILLER,1850,4.558254718780518,95.41680526712597,918.139323348063
11,12l_768d,dolma_sample,3407,rlb_fused_global_rational,GRAIN,tiller_v1,TILLER,tiller,TILLER,1900,4.547186851501465,94.36656739786625,942.3215764469933
11,12l_768d,dolma_sample,3407,rlb_fused_global_rational,GRAIN,tiller_v1,TILLER,tiller,TILLER,1950,4.534738063812256,93.19909988999679,966.3038289430551
11,12l_768d,dolma_sample,3407,rlb_fused_global_rational,GRAIN,tiller_v1,TILLER,tiller,TILLER,2000,4.522278308868408,92.04506636169678,990.420810348005
11,12l_768d,dolma_sample,3407,rlb_fused_global_rational,GRAIN,tiller_v1,TILLER,tiller,TILLER,2050,4.513389587402344,91.2305288659447,1016.2302214079536
11,12l_768d,dolma_sample,3407,rlb_fused_global_rational,GRAIN,tiller_v1,TILLER,tiller,TILLER,2100,4.503992080688477,90.3772051958414,1040.446852897061
11,12l_768d,dolma_sample,3407,rlb_fused_global_rational,GRAIN,tiller_v1,TILLER,tiller,TILLER,2150,4.494978904724121,89.56627953983995,1064.476480377023
11,12l_768d,dolma_sample,3407,rlb_fused_global_rational,GRAIN,tiller_v1,TILLER,tiller,TILLER,2200,4.486150741577148,88.7790538030066,1088.516658312059
11,12l_768d,dolma_sample,3407,rlb_fused_global_rational,GRAIN,tiller_v1,TILLER,tiller,TILLER,2250,4.477509021759033,88.01515554562295,1112.6166330910055
11,12l_768d,dolma_sample,3407,rlb_fused_global_rational,GRAIN,tiller_v1,TILLER,tiller,TILLER,2300,4.470861434936523,87.43200756830232,1138.401611860958
11,12l_768d,dolma_sample,3407,rlb_fused_global_rational,GRAIN,tiller_v1,TILLER,tiller,TILLER,2350,4.463537216186523,86.7939758134132,1162.4415236980421
11,12l_768d,dolma_sample,3407,rlb_fused_global_rational,GRAIN,tiller_v1,TILLER,tiller,TILLER,2400,4.457008361816406,86.22915640328941,1186.5062473979779
11,12l_768d,dolma_sample,3407,rlb_fused_global_rational,GRAIN,tiller_v1,TILLER,tiller,TILLER,2450,4.451206207275391,85.7302901609396,1210.5947037530132
11,12l_768d,dolma_sample,3407,rlb_fused_global_rational,GRAIN,tiller_v1,TILLER,tiller,TILLER,2500,4.4451165199279785,85.20980589934926,1234.7482828779612
11,12l_768d,dolma_sample,3407,rlb_fused_global_rational,GRAIN,tiller_v1,TILLER,tiller,TILLER,2550,4.4405012130737305,84.81744263304813,1260.4276915220544
11,12l_768d,dolma_sample,3407,rlb_fused_global_rational,GRAIN,tiller_v1,TILLER,tiller,TILLER,2600,4.435487747192383,84.39327743558029,1284.5232351409504
11,12l_768d,dolma_sample,3407,rlb_fused_global_rational,GRAIN,tiller_v1,TILLER,tiller,TILLER,2650,4.430014133453369,83.93260315941882,1308.664123637951
11,12l_768d,dolma_sample,3407,rlb_fused_global_rational,GRAIN,tiller_v1,TILLER,tiller,TILLER,2700,4.42706823348999,83.68570994674991,1332.6954417070374
11,12l_768d,dolma_sample,3407,rlb_fused_global_rational,GRAIN,tiller_v1,TILLER,tiller,TILLER,2750,4.423192977905273,83.36203400049666,1356.5753900019918
11,12l_768d,dolma_sample,3407,rlb_fused_global_rational,GRAIN,tiller_v1,TILLER,tiller,TILLER,2800,4.420034408569336,83.09914463183155,1382.1186755719827
11,12l_768d,dolma_sample,3407,rlb_fused_global_rational,GRAIN,tiller_v1,TILLER,tiller,TILLER,2850,4.416098117828369,82.77268517941886,1406.0905908020213
11,12l_768d,dolma_sample,3407,rlb_fused_global_rational,GRAIN,tiller_v1,TILLER,tiller,TILLER,2900,4.413616180419922,82.56750328531061,1430.2465009830194
11,12l_768d,dolma_sample,3407,rlb_fused_global_rational,GRAIN,tiller_v1,TILLER,tiller,TILLER,2950,4.411577224731445,82.3993233188185,1454.6899680789793
11,12l_768d,dolma_sample,3407,rlb_fused_global_rational,GRAIN,tiller_v1,TILLER,tiller,TILLER,3000,4.408658027648926,82.15913420483353,1478.7964983739657
11,12l_768d,dolma_sample,3407,rlb_fused_global_rational,GRAIN,tiller_v1,TILLER,tiller,TILLER,3050,4.40578556060791,81.92347342566,1504.5371213880135
6,12l_768d,fineweb,1337,rlb_fused_global_rational,GRAIN,tiller_v1,TILLER,tiller,TILLER,1,10.994290351867676,59533.25552994057,9.39789732103236
6,12l_768d,fineweb,1337,rlb_fused_global_rational,GRAIN,tiller_v1,TILLER,tiller,TILLER,50,9.124526023864746,9177.64600136278,33.12240924104117
6,12l_768d,fineweb,1337,rlb_fused_global_rational,GRAIN,tiller_v1,TILLER,tiller,TILLER,100,7.307515621185303,1491.4672130596653,55.873131854925305
6,12l_768d,fineweb,1337,rlb_fused_global_rational,GRAIN,tiller_v1,TILLER,tiller,TILLER,150,6.728907585144043,836.233253175656,78.45732093090191
6,12l_768d,fineweb,1337,rlb_fused_global_rational,GRAIN,tiller_v1,TILLER,tiller,TILLER,200,6.3727617263793945,585.6730661995417,101.19640801893547
6,12l_768d,fineweb,1337,rlb_fused_global_rational,GRAIN,tiller_v1,TILLER,tiller,TILLER,250,6.111886501312256,451.1890816012441,123.95138780889101
6,12l_768d,fineweb,1337,rlb_fused_global_rational,GRAIN,tiller_v1,TILLER,tiller,TILLER,300,5.909944534301758,368.68570543214236,148.25360383000225
6,12l_768d,fineweb,1337,rlb_fused_global_rational,GRAIN,tiller_v1,TILLER,tiller,TILLER,350,5.746386528015137,313.05738989036786,170.8993130729068
6,12l_768d,fineweb,1337,rlb_fused_global_rational,GRAIN,tiller_v1,TILLER,tiller,TILLER,400,5.627134799957275,277.8648376504427,193.51331798592582
6,12l_768d,fineweb,1337,rlb_fused_global_rational,GRAIN,tiller_v1,TILLER,tiller,TILLER,450,5.525150299072266,250.92404883857262,216.25465648202226
6,12l_768d,fineweb,1337,rlb_fused_global_rational,GRAIN,tiller_v1,TILLER,tiller,TILLER,500,5.438189506530762,230.02534684629552,238.99242166196927
6,12l_768d,fineweb,1337,rlb_fused_global_rational,GRAIN,tiller_v1,TILLER,tiller,TILLER,550,5.360533237457275,212.83840960780503,263.2500299969688
6,12l_768d,fineweb,1337,rlb_fused_global_rational,GRAIN,tiller_v1,TILLER,tiller,TILLER,600,5.29443359375,199.22475185868086,285.939362936886
6,12l_768d,fineweb,1337,rlb_fused_global_rational,GRAIN,tiller_v1,TILLER,tiller,TILLER,650,5.232646942138672,187.28788820420309,308.64625394996256
6,12l_768d,fineweb,1337,rlb_fused_global_rational,GRAIN,tiller_v1,TILLER,tiller,TILLER,700,5.177631855010986,177.2625301742496,331.34916991903447
6,12l_768d,fineweb,1337,rlb_fused_global_rational,GRAIN,tiller_v1,TILLER,tiller,TILLER,750,5.126527309417725,168.4311918498343,354.0034385449253
6,12l_768d,fineweb,1337,rlb_fused_global_rational,GRAIN,tiller_v1,TILLER,tiller,TILLER,800,5.082389831542969,161.15873831872528,378.2966913888231
6,12l_768d,fineweb,1337,rlb_fused_global_rational,GRAIN,tiller_v1,TILLER,tiller,TILLER,850,5.033638954162598,153.49054271662374,401.01526208384894
6,12l_768d,fineweb,1337,rlb_fused_global_rational,GRAIN,tiller_v1,TILLER,tiller,TILLER,900,4.992079734802246,147.24233028158932,423.67751957685687
6,12l_768d,fineweb,1337,rlb_fused_global_rational,GRAIN,tiller_v1,TILLER,tiller,TILLER,950,4.949899673461914,141.16080103655068,446.24943949398585
6,12l_768d,fineweb,1337,rlb_fused_global_rational,GRAIN,tiller_v1,TILLER,tiller,TILLER,1000,4.9111528396606445,135.79587507464402,468.9517000359483
6,12l_768d,fineweb,1337,rlb_fused_global_rational,GRAIN,tiller_v1,TILLER,tiller,TILLER,1050,4.8742547035217285,130.87657500255025,493.2093126948457
6,12l_768d,fineweb,1337,rlb_fused_global_rational,GRAIN,tiller_v1,TILLER,tiller,TILLER,1100,4.841014385223389,126.59770546077914,516.1118835848756
6,12l_768d,fineweb,1337,rlb_fused_global_rational,GRAIN,tiller_v1,TILLER,tiller,TILLER,1150,4.811455726623535,122.91041130629992,539.1974932148587
6,12l_768d,fineweb,1337,rlb_fused_global_rational,GRAIN,tiller_v1,TILLER,tiller,TILLER,1200,4.781211853027344,119.24877450492006,561.7977636610158
6,12l_768d,fineweb,1337,rlb_fused_global_rational,GRAIN,tiller_v1,TILLER,tiller,TILLER,1250,4.749743461608887,115.55463652388521,584.5453128139488
6,12l_768d,fineweb,1337,rlb_fused_global_rational,GRAIN,tiller_v1,TILLER,tiller,TILLER,1300,4.724192142486572,112.63946496992594,608.7754849558696
6,12l_768d,fineweb,1337,rlb_fused_global_rational,GRAIN,tiller_v1,TILLER,tiller,TILLER,1350,4.70220947265625,110.19036628942062,631.3070422098972
6,12l_768d,fineweb,1337,rlb_fused_global_rational,GRAIN,tiller_v1,TILLER,tiller,TILLER,1400,4.680424690246582,107.8158511902734,653.913656400051
6,12l_768d,fineweb,1337,rlb_fused_global_rational,GRAIN,tiller_v1,TILLER,tiller,TILLER,1450,4.66152286529541,105.79707423362909,676.465314778965
6,12l_768d,fineweb,1337,rlb_fused_global_rational,GRAIN,tiller_v1,TILLER,tiller,TILLER,1500,4.639811992645264,103.52488231425822,699.0319161198568
6,12l_768d,fineweb,1337,rlb_fused_global_rational,GRAIN,tiller_v1,TILLER,tiller,TILLER,1550,4.623690128326416,101.86925000774964,723.096450435929
6,12l_768d,fineweb,1337,rlb_fused_global_rational,GRAIN,tiller_v1,TILLER,tiller,TILLER,1600,4.608056545257568,100.28905288150303,745.7588082118891
6,12l_768d,fineweb,1337,rlb_fused_global_rational,GRAIN,tiller_v1,TILLER,tiller,TILLER,1650,4.590440273284912,98.53780417576841,768.4942939358298
6,12l_768d,fineweb,1337,rlb_fused_global_rational,GRAIN,tiller_v1,TILLER,tiller,TILLER,1700,4.577898025512695,97.30963671119194,791.176201618975
6,12l_768d,fineweb,1337,rlb_fused_global_rational,GRAIN,tiller_v1,TILLER,tiller,TILLER,1750,4.563169479370117,95.8869103018102,813.8226004929747
6,12l_768d,fineweb,1337,rlb_fused_global_rational,GRAIN,tiller_v1,TILLER,tiller,TILLER,1800,4.5510640144348145,94.73315215031539,837.954098955961
6,12l_768d,fineweb,1337,rlb_fused_global_rational,GRAIN,tiller_v1,TILLER,tiller,TILLER,1850,4.5383076667785645,93.53237815507552,860.5539619140327
6,12l_768d,fineweb,1337,rlb_fused_global_rational,GRAIN,tiller_v1,TILLER,tiller,TILLER,1900,4.52569055557251,92.35968330606579,883.2502847509459
6,12l_768d,fineweb,1337,rlb_fused_global_rational,GRAIN,tiller_v1,TILLER,tiller,TILLER,1950,4.51373291015625,91.26185575966528,905.7480379480403
6,12l_768d,fineweb,1337,rlb_fused_global_rational,GRAIN,tiller_v1,TILLER,tiller,TILLER,2000,4.504411220550537,90.41509382492329,928.3370024268515
6,12l_768d,fineweb,1337,rlb_fused_global_rational,GRAIN,tiller_v1,TILLER,tiller,TILLER,2050,4.493535041809082,89.43705142666504,952.6504426659085
6,12l_768d,fineweb,1337,rlb_fused_global_rational,GRAIN,tiller_v1,TILLER,tiller,TILLER,2100,4.484500885009766,88.63270186109776,975.2549616359174
6,12l_768d,fineweb,1337,rlb_fused_global_rational,GRAIN,tiller_v1,TILLER,tiller,TILLER,2150,4.47537899017334,87.82788000650413,997.8227787909564
6,12l_768d,fineweb,1337,rlb_fused_global_rational,GRAIN,tiller_v1,TILLER,tiller,TILLER,2200,4.468224048614502,87.20171940035358,1020.4842610070482
6,12l_768d,fineweb,1337,rlb_fused_global_rational,GRAIN,tiller_v1,TILLER,tiller,TILLER,2250,4.458837985992432,86.38706776769713,1043.0757810079958
6,12l_768d,fineweb,1337,rlb_fused_global_rational,GRAIN,tiller_v1,TILLER,tiller,TILLER,2300,4.45157527923584,85.76193664675523,1067.362018235959
6,12l_768d,fineweb,1337,rlb_fused_global_rational,GRAIN,tiller_v1,TILLER,tiller,TILLER,2350,4.444345474243164,85.14413056880052,1089.9483540998772
6,12l_768d,fineweb,1337,rlb_fused_global_rational,GRAIN,tiller_v1,TILLER,tiller,TILLER,2400,4.438660621643066,84.66147195814355,1112.591003834037
6,12l_768d,fineweb,1337,rlb_fused_global_rational,GRAIN,tiller_v1,TILLER,tiller,TILLER,2450,4.432252883911133,84.12071780546897,1135.3148437028285
6,12l_768d,fineweb,1337,rlb_fused_global_rational,GRAIN,tiller_v1,TILLER,tiller,TILLER,2500,4.427505970001221,83.72235025627741,1157.9085655899253
6,12l_768d,fineweb,1337,rlb_fused_global_rational,GRAIN,tiller_v1,TILLER,tiller,TILLER,2550,4.42051887512207,83.13941314155194,1181.9998476589099
6,12l_768d,fineweb,1337,rlb_fused_global_rational,GRAIN,tiller_v1,TILLER,tiller,TILLER,2600,4.416190147399902,82.78030306470055,1204.6444290110376
6,12l_768d,fineweb,1337,rlb_fused_global_rational,GRAIN,tiller_v1,TILLER,tiller,TILLER,2650,4.411515235900879,82.39421563943769,1227.3322312799282
6,12l_768d,fineweb,1337,rlb_fused_global_rational,GRAIN,tiller_v1,TILLER,tiller,TILLER,2700,4.406983375549316,82.02166137994082,1250.000253902981
6,12l_768d,fineweb,1337,rlb_fused_global_rational,GRAIN,tiller_v1,TILLER,tiller,TILLER,2750,4.4028825759887695,81.68599570621724,1272.4514281959273
6,12l_768d,fineweb,1337,rlb_fused_global_rational,GRAIN,tiller_v1,TILLER,tiller,TILLER,2800,4.399401664733887,81.40214831479565,1296.696425366914
6,12l_768d,fineweb,1337,rlb_fused_global_rational,GRAIN,tiller_v1,TILLER,tiller,TILLER,2850,4.396156311035156,81.13839776508074,1319.6486397699919
6,12l_768d,fineweb,1337,rlb_fused_global_rational,GRAIN,tiller_v1,TILLER,tiller,TILLER,2900,4.393354415893555,80.91137467854959,1342.6615209500305
6,12l_768d,fineweb,1337,rlb_fused_global_rational,GRAIN,tiller_v1,TILLER,tiller,TILLER,2950,4.3897786140441895,80.6225683002619,1365.2055702519137
6,12l_768d,fineweb,1337,rlb_fused_global_rational,GRAIN,tiller_v1,TILLER,tiller,TILLER,3000,4.387648582458496,80.45102244716449,1387.7114754039794
6,12l_768d,fineweb,1337,rlb_fused_global_rational,GRAIN,tiller_v1,TILLER,tiller,TILLER,3050,4.385959148406982,80.31522049688304,1411.925433013821
7,12l_768d,fineweb,2027,rlb_fused_global_rational,GRAIN,tiller_v1,TILLER,tiller,TILLER,1,10.968623161315918,58024.64779937348,9.55291028006468
7,12l_768d,fineweb,2027,rlb_fused_global_rational,GRAIN,tiller_v1,TILLER,tiller,TILLER,50,9.095126152038574,8911.752159581141,34.65636515105143
7,12l_768d,fineweb,2027,rlb_fused_global_rational,GRAIN,tiller_v1,TILLER,tiller,TILLER,100,7.340855598449707,1542.0309086611292,58.87888599606231
7,12l_768d,fineweb,2027,rlb_fused_global_rational,GRAIN,tiller_v1,TILLER,tiller,TILLER,150,6.75844144821167,861.2987704232453,82.9572013010038
7,12l_768d,fineweb,2027,rlb_fused_global_rational,GRAIN,tiller_v1,TILLER,tiller,TILLER,200,6.412603378295898,609.478320089388,107.21069785300642
7,12l_768d,fineweb,2027,rlb_fused_global_rational,GRAIN,tiller_v1,TILLER,tiller,TILLER,250,6.160667896270752,473.7443812986817,131.5564886550419
7,12l_768d,fineweb,2027,rlb_fused_global_rational,GRAIN,tiller_v1,TILLER,tiller,TILLER,300,5.9527201652526855,384.79863260067395,157.43084318807814
7,12l_768d,fineweb,2027,rlb_fused_global_rational,GRAIN,tiller_v1,TILLER,tiller,TILLER,350,5.793403625488281,328.1279505599886,181.55969307909254
7,12l_768d,fineweb,2027,rlb_fused_global_rational,GRAIN,tiller_v1,TILLER,tiller,TILLER,400,5.6659650802612305,288.8666261165869,205.68052310298663
7,12l_768d,fineweb,2027,rlb_fused_global_rational,GRAIN,tiller_v1,TILLER,tiller,TILLER,450,5.563197612762451,260.6549788661257,229.93153114698362
7,12l_768d,fineweb,2027,rlb_fused_global_rational,GRAIN,tiller_v1,TILLER,tiller,TILLER,500,5.474188327789307,238.4568395701871,254.18522212607786
7,12l_768d,fineweb,2027,rlb_fused_global_rational,GRAIN,tiller_v1,TILLER,tiller,TILLER,550,5.397111415863037,220.76778795229188,279.9177391170524
7,12l_768d,fineweb,2027,rlb_fused_global_rational,GRAIN,tiller_v1,TILLER,tiller,TILLER,600,5.322825908660889,204.96226902479435,303.9911998449825
7,12l_768d,fineweb,2027,rlb_fused_global_rational,GRAIN,tiller_v1,TILLER,tiller,TILLER,650,5.2642316818237305,193.29773755454607,328.1739714220166
7,12l_768d,fineweb,2027,rlb_fused_global_rational,GRAIN,tiller_v1,TILLER,tiller,TILLER,700,5.208391189575195,182.799731385678,352.36507328308653
7,12l_768d,fineweb,2027,rlb_fused_global_rational,GRAIN,tiller_v1,TILLER,tiller,TILLER,750,5.154494762420654,173.20827331942107,376.4506374980556
7,12l_768d,fineweb,2027,rlb_fused_global_rational,GRAIN,tiller_v1,TILLER,tiller,TILLER,800,5.105529308319092,164.9313469655602,402.19997731701005
7,12l_768d,fineweb,2027,rlb_fused_global_rational,GRAIN,tiller_v1,TILLER,tiller,TILLER,850,5.060657501220703,157.69416635149673,426.3760291549843
7,12l_768d,fineweb,2027,rlb_fused_global_rational,GRAIN,tiller_v1,TILLER,tiller,TILLER,900,5.007492542266846,149.52932721686213,450.5958208220545
7,12l_768d,fineweb,2027,rlb_fused_global_rational,GRAIN,tiller_v1,TILLER,tiller,TILLER,950,4.9634809494018555,143.09102259393677,474.6987160810968
7,12l_768d,fineweb,2027,rlb_fused_global_rational,GRAIN,tiller_v1,TILLER,tiller,TILLER,1000,4.923325538635254,137.4589790803703,498.8524346140912
7,12l_768d,fineweb,2027,rlb_fused_global_rational,GRAIN,tiller_v1,TILLER,tiller,TILLER,1050,4.885711193084717,132.384582862315,524.5135668889852
7,12l_768d,fineweb,2027,rlb_fused_global_rational,GRAIN,tiller_v1,TILLER,tiller,TILLER,1100,4.852428913116455,128.0510372695026,548.6015209490433
7,12l_768d,fineweb,2027,rlb_fused_global_rational,GRAIN,tiller_v1,TILLER,tiller,TILLER,1150,4.822417736053467,124.26516825706744,572.7327746300725
7,12l_768d,fineweb,2027,rlb_fused_global_rational,GRAIN,tiller_v1,TILLER,tiller,TILLER,1200,4.792191505432129,120.56529886273505,597.5685096050147
7,12l_768d,fineweb,2027,rlb_fused_global_rational,GRAIN,tiller_v1,TILLER,tiller,TILLER,1250,4.765445709228516,117.38342450561484,621.7796195570845
7,12l_768d,fineweb,2027,rlb_fused_global_rational,GRAIN,tiller_v1,TILLER,tiller,TILLER,1300,4.741725444793701,114.63182202013348,647.6238841970917
7,12l_768d,fineweb,2027,rlb_fused_global_rational,GRAIN,tiller_v1,TILLER,tiller,TILLER,1350,4.7182416915893555,111.97119957655818,671.535686908057
7,12l_768d,fineweb,2027,rlb_fused_global_rational,GRAIN,tiller_v1,TILLER,tiller,TILLER,1400,4.697778701782227,109.70321804196391,695.6764643250499
7,12l_768d,fineweb,2027,rlb_fused_global_rational,GRAIN,tiller_v1,TILLER,tiller,TILLER,1450,4.676882743835449,107.43464872097336,719.8837181740673
7,12l_768d,fineweb,2027,rlb_fused_global_rational,GRAIN,tiller_v1,TILLER,tiller,TILLER,1500,4.65859317779541,105.4875754564304,744.0828201700933
7,12l_768d,fineweb,2027,rlb_fused_global_rational,GRAIN,tiller_v1,TILLER,tiller,TILLER,1550,4.640475273132324,103.59357112607853,769.802389538032
7,12l_768d,fineweb,2027,rlb_fused_global_rational,GRAIN,tiller_v1,TILLER,tiller,TILLER,1600,4.623163223266602,101.81558872292379,793.8851617720211
7,12l_768d,fineweb,2027,rlb_fused_global_rational,GRAIN,tiller_v1,TILLER,tiller,TILLER,1650,4.609735488891602,100.457573977526,818.0972057580948
7,12l_768d,fineweb,2027,rlb_fused_global_rational,GRAIN,tiller_v1,TILLER,tiller,TILLER,1700,4.594379901885986,98.92677221911352,842.338329091086
7,12l_768d,fineweb,2027,rlb_fused_global_rational,GRAIN,tiller_v1,TILLER,tiller,TILLER,1750,4.582363605499268,97.74515236865938,866.4630805820925
7,12l_768d,fineweb,2027,rlb_fused_global_rational,GRAIN,tiller_v1,TILLER,tiller,TILLER,1800,4.568665027618408,96.41531204252702,892.2895036960253
7,12l_768d,fineweb,2027,rlb_fused_global_rational,GRAIN,tiller_v1,TILLER,tiller,TILLER,1850,4.555426597595215,95.1473362039065,916.4486421830952
7,12l_768d,fineweb,2027,rlb_fused_global_rational,GRAIN,tiller_v1,TILLER,tiller,TILLER,1900,4.546985626220703,94.34758036924624,940.665131494985
7,12l_768d,fineweb,2027,rlb_fused_global_rational,GRAIN,tiller_v1,TILLER,tiller,TILLER,1950,4.5340657234191895,93.13645943075848,964.7726248940453
7,12l_768d,fineweb,2027,rlb_fused_global_rational,GRAIN,tiller_v1,TILLER,tiller,TILLER,2000,4.522765636444092,92.08993339232315,988.9266256740084
7,12l_768d,fineweb,2027,rlb_fused_global_rational,GRAIN,tiller_v1,TILLER,tiller,TILLER,2050,4.513961315155029,91.28270280441265,1014.7419905940769
7,12l_768d,fineweb,2027,rlb_fused_global_rational,GRAIN,tiller_v1,TILLER,tiller,TILLER,2100,4.506013870239258,90.56011372390532,1038.8269526890945
7,12l_768d,fineweb,2027,rlb_fused_global_rational,GRAIN,tiller_v1,TILLER,tiller,TILLER,2150,4.495779991149902,89.63805861737076,1062.9153378740884
7,12l_768d,fineweb,2027,rlb_fused_global_rational,GRAIN,tiller_v1,TILLER,tiller,TILLER,2200,4.486114501953125,88.77583654177215,1087.0643420590786
7,12l_768d,fineweb,2027,rlb_fused_global_rational,GRAIN,tiller_v1,TILLER,tiller,TILLER,2250,4.478260040283203,88.08128138560271,1111.2468338850886
7,12l_768d,fineweb,2027,rlb_fused_global_rational,GRAIN,tiller_v1,TILLER,tiller,TILLER,2300,4.470267295837402,87.3800762228404,1136.9879923950648
7,12l_768d,fineweb,2027,rlb_fused_global_rational,GRAIN,tiller_v1,TILLER,tiller,TILLER,2350,4.462951183319092,86.74312659200427,1160.9775266090874
7,12l_768d,fineweb,2027,rlb_fused_global_rational,GRAIN,tiller_v1,TILLER,tiller,TILLER,2400,4.456512451171875,86.18640504806228,1185.09295762307
7,12l_768d,fineweb,2027,rlb_fused_global_rational,GRAIN,tiller_v1,TILLER,tiller,TILLER,2450,4.450141906738281,85.63909590473095,1209.2482919500908
7,12l_768d,fineweb,2027,rlb_fused_global_rational,GRAIN,tiller_v1,TILLER,tiller,TILLER,2500,4.444361686706543,85.14551097608917,1233.4180780010065
7,12l_768d,fineweb,2027,rlb_fused_global_rational,GRAIN,tiller_v1,TILLER,tiller,TILLER,2550,4.439375877380371,84.7220482228682,1259.0170182660222
7,12l_768d,fineweb,2027,rlb_fused_global_rational,GRAIN,tiller_v1,TILLER,tiller,TILLER,2600,4.4347453117370605,84.33064412769251,1283.1008225739934
7,12l_768d,fineweb,2027,rlb_fused_global_rational,GRAIN,tiller_v1,TILLER,tiller,TILLER,2650,4.430270195007324,83.95409782407248,1307.235107393004
7,12l_768d,fineweb,2027,rlb_fused_global_rational,GRAIN,tiller_v1,TILLER,tiller,TILLER,2700,4.426512718200684,83.63923416557671,1331.3813283530762
7,12l_768d,fineweb,2027,rlb_fused_global_rational,GRAIN,tiller_v1,TILLER,tiller,TILLER,2750,4.4225358963012695,83.30727633358056,1355.4006256500725
7,12l_768d,fineweb,2027,rlb_fused_global_rational,GRAIN,tiller_v1,TILLER,tiller,TILLER,2800,4.419248580932617,83.03386867857535,1381.038944592001
7,12l_768d,fineweb,2027,rlb_fused_global_rational,GRAIN,tiller_v1,TILLER,tiller,TILLER,2850,4.416234493255615,82.78397410947333,1405.147057312075
7,12l_768d,fineweb,2027,rlb_fused_global_rational,GRAIN,tiller_v1,TILLER,tiller,TILLER,2900,4.413976669311523,82.597273318613,1429.3497390510747
7,12l_768d,fineweb,2027,rlb_fused_global_rational,GRAIN,tiller_v1,TILLER,tiller,TILLER,2950,4.411062240600586,82.3568998995472,1454.0929592110915
7,12l_768d,fineweb,2027,rlb_fused_global_rational,GRAIN,tiller_v1,TILLER,tiller,TILLER,3000,4.408060550689697,82.11006067676699,1478.2481844869908
7,12l_768d,fineweb,2027,rlb_fused_global_rational,GRAIN,tiller_v1,TILLER,tiller,TILLER,3050,4.405658721923828,81.91308301906194,1504.0197129410226
8,12l_768d,fineweb,3407,rlb_fused_global_rational,GRAIN,tiller_v1,TILLER,tiller,TILLER,1,10.995649337768555,59614.215384029296,9.077389982063323
8,12l_768d,fineweb,3407,rlb_fused_global_rational,GRAIN,tiller_v1,TILLER,tiller,TILLER,50,9.182920455932617,9729.525973269678,32.78864352917299
8,12l_768d,fineweb,3407,rlb_fused_global_rational,GRAIN,tiller_v1,TILLER,tiller,TILLER,100,7.32768440246582,1521.8536881082853,55.43492182902992
8,12l_768d,fineweb,3407,rlb_fused_global_rational,GRAIN,tiller_v1,TILLER,tiller,TILLER,150,6.750300407409668,854.3153666476662,78.06046777497977
8,12l_768d,fineweb,3407,rlb_fused_global_rational,GRAIN,tiller_v1,TILLER,tiller,TILLER,200,6.3980817794799805,600.6916729283722,100.6560638861265
8,12l_768d,fineweb,3407,rlb_fused_global_rational,GRAIN,tiller_v1,TILLER,tiller,TILLER,250,6.140875816345215,464.4601745907966,123.29271348798648
8,12l_768d,fineweb,3407,rlb_fused_global_rational,GRAIN,tiller_v1,TILLER,tiller,TILLER,300,5.939327716827393,379.67959151767184,147.61235789512284
8,12l_768d,fineweb,3407,rlb_fused_global_rational,GRAIN,tiller_v1,TILLER,tiller,TILLER,350,5.78059196472168,323.9509011736933,170.07268262212165
8,12l_768d,fineweb,3407,rlb_fused_global_rational,GRAIN,tiller_v1,TILLER,tiller,TILLER,400,5.653511047363281,285.29138097292855,192.69260464701802
8,12l_768d,fineweb,3407,rlb_fused_global_rational,GRAIN,tiller_v1,TILLER,tiller,TILLER,450,5.549709796905518,257.16291560198124,215.46725354809314
8,12l_768d,fineweb,3407,rlb_fused_global_rational,GRAIN,tiller_v1,TILLER,tiller,TILLER,500,5.464533805847168,236.16573035850553,238.22031851205975
8,12l_768d,fineweb,3407,rlb_fused_global_rational,GRAIN,tiller_v1,TILLER,tiller,TILLER,550,5.387754440307617,218.7117035242049,262.43586254515685
8,12l_768d,fineweb,3407,rlb_fused_global_rational,GRAIN,tiller_v1,TILLER,tiller,TILLER,600,5.324110507965088,205.2257325993024,284.99679259210825
8,12l_768d,fineweb,3407,rlb_fused_global_rational,GRAIN,tiller_v1,TILLER,tiller,TILLER,650,5.262594223022461,192.9814794733756,307.6376265389845
8,12l_768d,fineweb,3407,rlb_fused_global_rational,GRAIN,tiller_v1,TILLER,tiller,TILLER,700,5.20554780960083,182.2807005407806,330.3360479641706
8,12l_768d,fineweb,3407,rlb_fused_global_rational,GRAIN,tiller_v1,TILLER,tiller,TILLER,750,5.149565696716309,172.35661901400107,352.95540517917834
8,12l_768d,fineweb,3407,rlb_fused_global_rational,GRAIN,tiller_v1,TILLER,tiller,TILLER,800,5.098456382751465,163.76891556609277,377.21398428617977
8,12l_768d,fineweb,3407,rlb_fused_global_rational,GRAIN,tiller_v1,TILLER,tiller,TILLER,850,5.048445701599121,155.78014738466783,399.8380191579927
8,12l_768d,fineweb,3407,rlb_fused_global_rational,GRAIN,tiller_v1,TILLER,tiller,TILLER,900,5.00179386138916,148.67963067340767,422.5079038790427
8,12l_768d,fineweb,3407,rlb_fused_global_rational,GRAIN,tiller_v1,TILLER,tiller,TILLER,950,4.960980415344238,142.73366559647573,445.1508726780303
8,12l_768d,fineweb,3407,rlb_fused_global_rational,GRAIN,tiller_v1,TILLER,tiller,TILLER,1000,4.918747901916504,136.83117982515287,467.74951219395734
8,12l_768d,fineweb,3407,rlb_fused_global_rational,GRAIN,tiller_v1,TILLER,tiller,TILLER,1050,4.884880542755127,132.27466322364003,492.00985957914963
8,12l_768d,fineweb,3407,rlb_fused_global_rational,GRAIN,tiller_v1,TILLER,tiller,TILLER,1100,4.849963188171387,127.73568757524097,514.9243929451331
8,12l_768d,fineweb,3407,rlb_fused_global_rational,GRAIN,tiller_v1,TILLER,tiller,TILLER,1150,4.819209098815918,123.86708540413389,537.7461079540662
8,12l_768d,fineweb,3407,rlb_fused_global_rational,GRAIN,tiller_v1,TILLER,tiller,TILLER,1200,4.791237831115723,120.45037364308529,560.4256985830143
8,12l_768d,fineweb,3407,rlb_fused_global_rational,GRAIN,tiller_v1,TILLER,tiller,TILLER,1250,4.765681266784668,117.4110783151282,583.1091669201851
8,12l_768d,fineweb,3407,rlb_fused_global_rational,GRAIN,tiller_v1,TILLER,tiller,TILLER,1300,4.739617347717285,114.39042154848298,607.2610262089875
8,12l_768d,fineweb,3407,rlb_fused_global_rational,GRAIN,tiller_v1,TILLER,tiller,TILLER,1350,4.7161946296691895,111.74222204330428,629.7694929530844
8,12l_768d,fineweb,3407,rlb_fused_global_rational,GRAIN,tiller_v1,TILLER,tiller,TILLER,1400,4.697621822357178,109.68600921408228,652.3874978909735
8,12l_768d,fineweb,3407,rlb_fused_global_rational,GRAIN,tiller_v1,TILLER,tiller,TILLER,1450,4.675469398498535,107.28291371342138,675.1210293429904
8,12l_768d,fineweb,3407,rlb_fused_global_rational,GRAIN,tiller_v1,TILLER,tiller,TILLER,1500,4.6608357429504395,105.72440366953404,697.7914212301839
8,12l_768d,fineweb,3407,rlb_fused_global_rational,GRAIN,tiller_v1,TILLER,tiller,TILLER,1550,4.642466068267822,103.80001012424083,721.8659923980013
8,12l_768d,fineweb,3407,rlb_fused_global_rational,GRAIN,tiller_v1,TILLER,tiller,TILLER,1600,4.628473281860352,102.3576734418594,744.5444163549691
8,12l_768d,fineweb,3407,rlb_fused_global_rational,GRAIN,tiller_v1,TILLER,tiller,TILLER,1650,4.613300323486328,100.81632768142926,767.1695283821318
8,12l_768d,fineweb,3407,rlb_fused_global_rational,GRAIN,tiller_v1,TILLER,tiller,TILLER,1700,4.599323272705078,99.41701466489478,789.9310750269797
8,12l_768d,fineweb,3407,rlb_fused_global_rational,GRAIN,tiller_v1,TILLER,tiller,TILLER,1750,4.586350440979004,98.13562406609606,812.5701535481494
8,12l_768d,fineweb,3407,rlb_fused_global_rational,GRAIN,tiller_v1,TILLER,tiller,TILLER,1800,4.5722150802612305,96.75819975044483,836.8227296720725
8,12l_768d,fineweb,3407,rlb_fused_global_rational,GRAIN,tiller_v1,TILLER,tiller,TILLER,1850,4.560385704040527,95.62035387522137,859.5345970790368
8,12l_768d,fineweb,3407,rlb_fused_global_rational,GRAIN,tiller_v1,TILLER,tiller,TILLER,1900,4.549035549163818,94.54118400734588,882.1900772179943
8,12l_768d,fineweb,3407,rlb_fused_global_rational,GRAIN,tiller_v1,TILLER,tiller,TILLER,1950,4.538219451904297,93.52412757201404,904.7303258001339
8,12l_768d,fineweb,3407,rlb_fused_global_rational,GRAIN,tiller_v1,TILLER,tiller,TILLER,2000,4.527741432189941,92.5492959906014,927.3866106851492
8,12l_768d,fineweb,3407,rlb_fused_global_rational,GRAIN,tiller_v1,TILLER,tiller,TILLER,2050,4.518464088439941,91.69465488736581,951.522506758105
8,12l_768d,fineweb,3407,rlb_fused_global_rational,GRAIN,tiller_v1,TILLER,tiller,TILLER,2100,4.507713317871094,90.71414674316492,974.1909983409569
8,12l_768d,fineweb,3407,rlb_fused_global_rational,GRAIN,tiller_v1,TILLER,tiller,TILLER,2150,4.502181529998779,90.21372072775915,996.6658557411283
8,12l_768d,fineweb,3407,rlb_fused_global_rational,GRAIN,tiller_v1,TILLER,tiller,TILLER,2200,4.492188453674316,89.31669760610531,1019.2512057141867
8,12l_768d,fineweb,3407,rlb_fused_global_rational,GRAIN,tiller_v1,TILLER,tiller,TILLER,2250,4.484762668609619,88.6559074861492,1041.9898109061178
8,12l_768d,fineweb,3407,rlb_fused_global_rational,GRAIN,tiller_v1,TILLER,tiller,TILLER,2300,4.476738452911377,87.9473599325862,1066.2494423000608
8,12l_768d,fineweb,3407,rlb_fused_global_rational,GRAIN,tiller_v1,TILLER,tiller,TILLER,2350,4.469322204589844,87.29753308913173,1088.834636991145
8,12l_768d,fineweb,3407,rlb_fused_global_rational,GRAIN,tiller_v1,TILLER,tiller,TILLER,2400,4.4634928703308105,86.79012694562633,1111.4697082410567
8,12l_768d,fineweb,3407,rlb_fused_global_rational,GRAIN,tiller_v1,TILLER,tiller,TILLER,2450,4.458853721618652,86.38842713300103,1134.0810296491254
8,12l_768d,fineweb,3407,rlb_fused_global_rational,GRAIN,tiller_v1,TILLER,tiller,TILLER,2500,4.453246116638184,85.90535067559973,1156.7814609729685
8,12l_768d,fineweb,3407,rlb_fused_global_rational,GRAIN,tiller_v1,TILLER,tiller,TILLER,2550,4.447588920593262,85.4207393286701,1180.832675018115
8,12l_768d,fineweb,3407,rlb_fused_global_rational,GRAIN,tiller_v1,TILLER,tiller,TILLER,2600,4.441934108734131,84.9390642932885,1203.4122962171678
8,12l_768d,fineweb,3407,rlb_fused_global_rational,GRAIN,tiller_v1,TILLER,tiller,TILLER,2650,4.438333988189697,84.63382320494023,1226.1122898929752
8,12l_768d,fineweb,3407,rlb_fused_global_rational,GRAIN,tiller_v1,TILLER,tiller,TILLER,2700,4.434073448181152,84.2740044704482,1248.7158013591543
8,12l_768d,fineweb,3407,rlb_fused_global_rational,GRAIN,tiller_v1,TILLER,tiller,TILLER,2750,4.43098258972168,84.01392758828439,1271.2904828670435
8,12l_768d,fineweb,3407,rlb_fused_global_rational,GRAIN,tiller_v1,TILLER,tiller,TILLER,2800,4.427150726318359,83.69261370240874,1295.411920031067
8,12l_768d,fineweb,3407,rlb_fused_global_rational,GRAIN,tiller_v1,TILLER,tiller,TILLER,2850,4.424076557159424,83.43572351479213,1318.272471926175
8,12l_768d,fineweb,3407,rlb_fused_global_rational,GRAIN,tiller_v1,TILLER,tiller,TILLER,2900,4.419257164001465,83.03458136704542,1341.1811693510972
8,12l_768d,fineweb,3407,rlb_fused_global_rational,GRAIN,tiller_v1,TILLER,tiller,TILLER,2950,4.418209075927734,82.94759940294941,1363.6573812081479
8,12l_768d,fineweb,3407,rlb_fused_global_rational,GRAIN,tiller_v1,TILLER,tiller,TILLER,3000,4.41511869430542,82.69165535223333,1386.2840907871723
8,12l_768d,fineweb,3407,rlb_fused_global_rational,GRAIN,tiller_v1,TILLER,tiller,TILLER,3050,4.413191795349121,82.53247030384598,1410.4939284641296
3,12l_768d,fineweb_edu,1337,rlb_fused_global_rational,GRAIN,tiller_v1,TILLER,tiller,TILLER,1,10.992544174194336,59429.39059801707,10.924377887044102
3,12l_768d,fineweb_edu,1337,rlb_fused_global_rational,GRAIN,tiller_v1,TILLER,tiller,TILLER,50,9.112833023071289,9070.956753714594,36.130540932994336
3,12l_768d,fineweb_edu,1337,rlb_fused_global_rational,GRAIN,tiller_v1,TILLER,tiller,TILLER,100,7.333714962005615,1531.0590462172743,60.35404078406282
3,12l_768d,fineweb_edu,1337,rlb_fused_global_rational,GRAIN,tiller_v1,TILLER,tiller,TILLER,150,6.749763011932373,853.8563847718842,84.46967726305593
3,12l_768d,fineweb_edu,1337,rlb_fused_global_rational,GRAIN,tiller_v1,TILLER,tiller,TILLER,200,6.364995956420898,581.1424784166909,108.58022523403633
3,12l_768d,fineweb_edu,1337,rlb_fused_global_rational,GRAIN,tiller_v1,TILLER,tiller,TILLER,250,6.076481342315674,435.49414083248183,132.77614749898203
3,12l_768d,fineweb_edu,1337,rlb_fused_global_rational,GRAIN,tiller_v1,TILLER,tiller,TILLER,300,5.847753524780273,346.45520257716237,158.73380344198085
3,12l_768d,fineweb_edu,1337,rlb_fused_global_rational,GRAIN,tiller_v1,TILLER,tiller,TILLER,350,5.6713056564331055,290.41346717156506,182.80655371397734
3,12l_768d,fineweb_edu,1337,rlb_fused_global_rational,GRAIN,tiller_v1,TILLER,tiller,TILLER,400,5.530470848083496,252.26266045506063,206.99357499706093
3,12l_768d,fineweb_edu,1337,rlb_fused_global_rational,GRAIN,tiller_v1,TILLER,tiller,TILLER,450,5.410633087158203,223.77321079203153,231.12863189401105
3,12l_768d,fineweb_edu,1337,rlb_fused_global_rational,GRAIN,tiller_v1,TILLER,tiller,TILLER,500,5.311704635620117,202.69545595520444,255.28466685197782
3,12l_768d,fineweb_edu,1337,rlb_fused_global_rational,GRAIN,tiller_v1,TILLER,tiller,TILLER,550,5.224156856536865,185.70452893991876,280.9605992590077
3,12l_768d,fineweb_edu,1337,rlb_fused_global_rational,GRAIN,tiller_v1,TILLER,tiller,TILLER,600,5.148550033569336,172.18165161694125,305.12677423702553
3,12l_768d,fineweb_edu,1337,rlb_fused_global_rational,GRAIN,tiller_v1,TILLER,tiller,TILLER,650,5.075359344482422,160.02968743363365,329.17982162197586
3,12l_768d,fineweb_edu,1337,rlb_fused_global_rational,GRAIN,tiller_v1,TILLER,tiller,TILLER,700,5.009688377380371,149.85802972024098,353.46088193706237
3,12l_768d,fineweb_edu,1337,rlb_fused_global_rational,GRAIN,tiller_v1,TILLER,tiller,TILLER,750,4.951326847076416,141.36240583549736,377.53875195397995
3,12l_768d,fineweb_edu,1337,rlb_fused_global_rational,GRAIN,tiller_v1,TILLER,tiller,TILLER,800,4.90024995803833,134.32335069032985,403.20865052798763
3,12l_768d,fineweb_edu,1337,rlb_fused_global_rational,GRAIN,tiller_v1,TILLER,tiller,TILLER,850,4.850309371948242,127.77991525301557,427.3946862160228
3,12l_768d,fineweb_edu,1337,rlb_fused_global_rational,GRAIN,tiller_v1,TILLER,tiller,TILLER,900,4.8045148849487305,122.06026338530467,451.60087945498526
3,12l_768d,fineweb_edu,1337,rlb_fused_global_rational,GRAIN,tiller_v1,TILLER,tiller,TILLER,950,4.762121677398682,116.9938860440594,475.64179112704005
3,12l_768d,fineweb_edu,1337,rlb_fused_global_rational,GRAIN,tiller_v1,TILLER,tiller,TILLER,1000,4.717207431793213,111.85545213329168,499.786252942984
3,12l_768d,fineweb_edu,1337,rlb_fused_global_rational,GRAIN,tiller_v1,TILLER,tiller,TILLER,1050,4.681331634521484,107.91367851451433,525.7278286520159
3,12l_768d,fineweb_edu,1337,rlb_fused_global_rational,GRAIN,tiller_v1,TILLER,tiller,TILLER,1100,4.643359661102295,103.89280652443028,549.8855937570333
3,12l_768d,fineweb_edu,1337,rlb_fused_global_rational,GRAIN,tiller_v1,TILLER,tiller,TILLER,1150,4.609126091003418,100.39637399355651,573.8362367110094
3,12l_768d,fineweb_edu,1337,rlb_fused_global_rational,GRAIN,tiller_v1,TILLER,tiller,TILLER,1200,4.581180572509766,97.6295850023255,598.8438409840455
3,12l_768d,fineweb_edu,1337,rlb_fused_global_rational,GRAIN,tiller_v1,TILLER,tiller,TILLER,1250,4.55287504196167,94.9048719442681,623.0475470200181
3,12l_768d,fineweb_edu,1337,rlb_fused_global_rational,GRAIN,tiller_v1,TILLER,tiller,TILLER,1300,4.526430606842041,92.42805950477562,648.8491354000289
3,12l_768d,fineweb_edu,1337,rlb_fused_global_rational,GRAIN,tiller_v1,TILLER,tiller,TILLER,1350,4.500445365905762,90.05723079054758,672.9573453160701
3,12l_768d,fineweb_edu,1337,rlb_fused_global_rational,GRAIN,tiller_v1,TILLER,tiller,TILLER,1400,4.477109909057617,87.98003458820388,697.0458668050123
3,12l_768d,fineweb_edu,1337,rlb_fused_global_rational,GRAIN,tiller_v1,TILLER,tiller,TILLER,1450,4.457300186157227,86.2543238420733,721.2116514680674
3,12l_768d,fineweb_edu,1337,rlb_fused_global_rational,GRAIN,tiller_v1,TILLER,tiller,TILLER,1500,4.438297271728516,84.63071580750254,745.3873204720439
3,12l_768d,fineweb_edu,1337,rlb_fused_global_rational,GRAIN,tiller_v1,TILLER,tiller,TILLER,1550,4.419833660125732,83.08246428221506,771.1766591930063
3,12l_768d,fineweb_edu,1337,rlb_fused_global_rational,GRAIN,tiller_v1,TILLER,tiller,TILLER,1600,4.401142120361328,81.54394850459019,795.2453323580557
3,12l_768d,fineweb_edu,1337,rlb_fused_global_rational,GRAIN,tiller_v1,TILLER,tiller,TILLER,1650,4.38503360748291,80.24091986292999,819.4189288800117
3,12l_768d,fineweb_edu,1337,rlb_fused_global_rational,GRAIN,tiller_v1,TILLER,tiller,TILLER,1700,4.3701300621032715,79.05391294913949,843.68959774205
3,12l_768d,fineweb_edu,1337,rlb_fused_global_rational,GRAIN,tiller_v1,TILLER,tiller,TILLER,1750,4.358307361602783,78.1247854335929,867.7225704870652
3,12l_768d,fineweb_edu,1337,rlb_fused_global_rational,GRAIN,tiller_v1,TILLER,tiller,TILLER,1800,4.34346342086792,76.97367042672282,893.4337641400052
3,12l_768d,fineweb_edu,1337,rlb_fused_global_rational,GRAIN,tiller_v1,TILLER,tiller,TILLER,1850,4.329041004180908,75.87149122667712,917.4913892199984
3,12l_768d,fineweb_edu,1337,rlb_fused_global_rational,GRAIN,tiller_v1,TILLER,tiller,TILLER,1900,4.314394950866699,74.76837121720989,941.7238356759772
3,12l_768d,fineweb_edu,1337,rlb_fused_global_rational,GRAIN,tiller_v1,TILLER,tiller,TILLER,1950,4.305403232574463,74.09908859579147,965.7428418060299
3,12l_768d,fineweb_edu,1337,rlb_fused_global_rational,GRAIN,tiller_v1,TILLER,tiller,TILLER,2000,4.294674873352051,73.30837606341139,989.8258652150398
3,12l_768d,fineweb_edu,1337,rlb_fused_global_rational,GRAIN,tiller_v1,TILLER,tiller,TILLER,2050,4.283378601074219,72.4849244106053,1015.6782421760727
3,12l_768d,fineweb_edu,1337,rlb_fused_global_rational,GRAIN,tiller_v1,TILLER,tiller,TILLER,2100,4.274052619934082,71.81207374561184,1039.7275587500772
3,12l_768d,fineweb_edu,1337,rlb_fused_global_rational,GRAIN,tiller_v1,TILLER,tiller,TILLER,2150,4.265574932098389,71.2058467340938,1063.6687100430718
3,12l_768d,fineweb_edu,1337,rlb_fused_global_rational,GRAIN,tiller_v1,TILLER,tiller,TILLER,2200,4.257711887359619,70.64814745617329,1087.853487201035
3,12l_768d,fineweb_edu,1337,rlb_fused_global_rational,GRAIN,tiller_v1,TILLER,tiller,TILLER,2250,4.247372150421143,69.92142771622075,1111.9830505209975
3,12l_768d,fineweb_edu,1337,rlb_fused_global_rational,GRAIN,tiller_v1,TILLER,tiller,TILLER,2300,4.239498138427734,69.3730274443474,1137.7295045200735
3,12l_768d,fineweb_edu,1337,rlb_fused_global_rational,GRAIN,tiller_v1,TILLER,tiller,TILLER,2350,4.233583450317383,68.96391869175248,1161.7570653819712
3,12l_768d,fineweb_edu,1337,rlb_fused_global_rational,GRAIN,tiller_v1,TILLER,tiller,TILLER,2400,4.228159427642822,68.5908694613766,1185.8192712790333
3,12l_768d,fineweb_edu,1337,rlb_fused_global_rational,GRAIN,tiller_v1,TILLER,tiller,TILLER,2450,4.221151351928711,68.1118598830607,1209.9435264880303
3,12l_768d,fineweb_edu,1337,rlb_fused_global_rational,GRAIN,tiller_v1,TILLER,tiller,TILLER,2500,4.2156829833984375,67.74041565451215,1234.0936211320804
3,12l_768d,fineweb_edu,1337,rlb_fused_global_rational,GRAIN,tiller_v1,TILLER,tiller,TILLER,2550,4.21095085144043,67.42061633181613,1259.768916954985
3,12l_768d,fineweb_edu,1337,rlb_fused_global_rational,GRAIN,tiller_v1,TILLER,tiller,TILLER,2600,4.20627498626709,67.10610250510604,1283.777685854002
3,12l_768d,fineweb_edu,1337,rlb_fused_global_rational,GRAIN,tiller_v1,TILLER,tiller,TILLER,2650,4.201056480407715,66.75682107224432,1307.893878694973
3,12l_768d,fineweb_edu,1337,rlb_fused_global_rational,GRAIN,tiller_v1,TILLER,tiller,TILLER,2700,4.196890830993652,66.47931395962046,1332.2084874639986
3,12l_768d,fineweb_edu,1337,rlb_fused_global_rational,GRAIN,tiller_v1,TILLER,tiller,TILLER,2750,4.194316387176514,66.30838681639835,1356.18946098804
3,12l_768d,fineweb_edu,1337,rlb_fused_global_rational,GRAIN,tiller_v1,TILLER,tiller,TILLER,2800,4.190362930297852,66.04675698033249,1381.812885764055
3,12l_768d,fineweb_edu,1337,rlb_fused_global_rational,GRAIN,tiller_v1,TILLER,tiller,TILLER,2850,4.1871514320373535,65.83498816478034,1405.939481990994
3,12l_768d,fineweb_edu,1337,rlb_fused_global_rational,GRAIN,tiller_v1,TILLER,tiller,TILLER,2900,4.185206413269043,65.70706232659612,1430.0444256030023
3,12l_768d,fineweb_edu,1337,rlb_fused_global_rational,GRAIN,tiller_v1,TILLER,tiller,TILLER,2950,4.181589126586914,65.46981040792187,1454.7081636750372
3,12l_768d,fineweb_edu,1337,rlb_fused_global_rational,GRAIN,tiller_v1,TILLER,tiller,TILLER,3000,4.179459095001221,65.33050605784554,1478.7670083859703
3,12l_768d,fineweb_edu,1337,rlb_fused_global_rational,GRAIN,tiller_v1,TILLER,tiller,TILLER,3050,4.177225112915039,65.18472177799612,1504.3598324250197
4,12l_768d,fineweb_edu,2027,rlb_fused_global_rational,GRAIN,tiller_v1,TILLER,tiller,TILLER,1,10.973013877868652,58279.97771137257,10.620829725870863
4,12l_768d,fineweb_edu,2027,rlb_fused_global_rational,GRAIN,tiller_v1,TILLER,tiller,TILLER,50,9.072813034057617,8715.105243877433,34.441078745992854
4,12l_768d,fineweb_edu,2027,rlb_fused_global_rational,GRAIN,tiller_v1,TILLER,tiller,TILLER,100,7.323910236358643,1516.1207847683963,57.10697785997763
4,12l_768d,fineweb_edu,2027,rlb_fused_global_rational,GRAIN,tiller_v1,TILLER,tiller,TILLER,150,6.737924575805664,843.8076584609507,79.77321442379616
4,12l_768d,fineweb_edu,2027,rlb_fused_global_rational,GRAIN,tiller_v1,TILLER,tiller,TILLER,200,6.344372749328613,569.2801963168926,102.41495285485871
4,12l_768d,fineweb_edu,2027,rlb_fused_global_rational,GRAIN,tiller_v1,TILLER,tiller,TILLER,250,6.068474292755127,432.02104086114747,125.20061747380532
4,12l_768d,fineweb_edu,2027,rlb_fused_global_rational,GRAIN,tiller_v1,TILLER,tiller,TILLER,300,5.841158866882324,344.17796608998026,149.58311365987174
4,12l_768d,fineweb_edu,2027,rlb_fused_global_rational,GRAIN,tiller_v1,TILLER,tiller,TILLER,350,5.6647772789001465,288.5237136411835,172.30506821000017
4,12l_768d,fineweb_edu,2027,rlb_fused_global_rational,GRAIN,tiller_v1,TILLER,tiller,TILLER,400,5.5186967849731445,249.30992095219563,194.94716578582302
4,12l_768d,fineweb_edu,2027,rlb_fused_global_rational,GRAIN,tiller_v1,TILLER,tiller,TILLER,450,5.391490459442139,219.53034290751245,217.71645647799596
4,12l_768d,fineweb_edu,2027,rlb_fused_global_rational,GRAIN,tiller_v1,TILLER,tiller,TILLER,500,5.288878917694092,198.1211906996378,240.40358215989545
4,12l_768d,fineweb_edu,2027,rlb_fused_global_rational,GRAIN,tiller_v1,TILLER,tiller,TILLER,550,5.201738357543945,181.5876318952103,264.76142491889186
4,12l_768d,fineweb_edu,2027,rlb_fused_global_rational,GRAIN,tiller_v1,TILLER,tiller,TILLER,600,5.123859882354736,167.98251260605704,287.55078281485476
4,12l_768d,fineweb_edu,2027,rlb_fused_global_rational,GRAIN,tiller_v1,TILLER,tiller,TILLER,650,5.054098129272461,156.66317667925267,310.32201648596674
4,12l_768d,fineweb_edu,2027,rlb_fused_global_rational,GRAIN,tiller_v1,TILLER,tiller,TILLER,700,4.988430976867676,146.70605762020304,333.05436685099266
4,12l_768d,fineweb_edu,2027,rlb_fused_global_rational,GRAIN,tiller_v1,TILLER,tiller,TILLER,750,4.931693077087402,138.61399796677745,355.7841046929825
4,12l_768d,fineweb_edu,2027,rlb_fused_global_rational,GRAIN,tiller_v1,TILLER,tiller,TILLER,800,4.8744635581970215,130.90391204176075,380.0593738248572
4,12l_768d,fineweb_edu,2027,rlb_fused_global_rational,GRAIN,tiller_v1,TILLER,tiller,TILLER,850,4.821054458618164,124.09587577971519,402.711288559949
4,12l_768d,fineweb_edu,2027,rlb_fused_global_rational,GRAIN,tiller_v1,TILLER,tiller,TILLER,900,4.770735263824463,118.00597559563707,425.49325930094346
4,12l_768d,fineweb_edu,2027,rlb_fused_global_rational,GRAIN,tiller_v1,TILLER,tiller,TILLER,950,4.72396183013916,112.61352569751949,448.1050674729049
4,12l_768d,fineweb_edu,2027,rlb_fused_global_rational,GRAIN,tiller_v1,TILLER,tiller,TILLER,1000,4.68020486831665,107.79215350651826,470.7514113478828
4,12l_768d,fineweb_edu,2027,rlb_fused_global_rational,GRAIN,tiller_v1,TILLER,tiller,TILLER,1050,4.639192581176758,103.4607776705024,495.0835286078509
4,12l_768d,fineweb_edu,2027,rlb_fused_global_rational,GRAIN,tiller_v1,TILLER,tiller,TILLER,1100,4.603226661682129,99.80583631144543,518.2799787858967
4,12l_768d,fineweb_edu,2027,rlb_fused_global_rational,GRAIN,tiller_v1,TILLER,tiller,TILLER,1150,4.572309494018555,96.76733548689802,541.1719026200008
4,12l_768d,fineweb_edu,2027,rlb_fused_global_rational,GRAIN,tiller_v1,TILLER,tiller,TILLER,1200,4.543547630310059,94.02377072082858,563.8277742578648
4,12l_768d,fineweb_edu,2027,rlb_fused_global_rational,GRAIN,tiller_v1,TILLER,tiller,TILLER,1250,4.517279624938965,91.58611021171062,586.41297140182
4,12l_768d,fineweb_edu,2027,rlb_fused_global_rational,GRAIN,tiller_v1,TILLER,tiller,TILLER,1300,4.491110801696777,89.2204971349269,610.6414080618415
4,12l_768d,fineweb_edu,2027,rlb_fused_global_rational,GRAIN,tiller_v1,TILLER,tiller,TILLER,1350,4.46846342086792,87.22259557091668,633.1135691909585
4,12l_768d,fineweb_edu,2027,rlb_fused_global_rational,GRAIN,tiller_v1,TILLER,tiller,TILLER,1400,4.447154521942139,85.3836407331011,655.7436695829965
4,12l_768d,fineweb_edu,2027,rlb_fused_global_rational,GRAIN,tiller_v1,TILLER,tiller,TILLER,1450,4.426759243011475,83.65985585372853,678.5122628610115
4,12l_768d,fineweb_edu,2027,rlb_fused_global_rational,GRAIN,tiller_v1,TILLER,tiller,TILLER,1500,4.408926486968994,82.18119355102563,701.1325844759122
4,12l_768d,fineweb_edu,2027,rlb_fused_global_rational,GRAIN,tiller_v1,TILLER,tiller,TILLER,1550,4.390249252319336,80.66052129711056,725.1797177370172
4,12l_768d,fineweb_edu,2027,rlb_fused_global_rational,GRAIN,tiller_v1,TILLER,tiller,TILLER,1600,4.3712663650512695,79.14379319940005,747.7351390139665
4,12l_768d,fineweb_edu,2027,rlb_fused_global_rational,GRAIN,tiller_v1,TILLER,tiller,TILLER,1650,4.358449459075928,78.13588755696613,770.4969312020112
4,12l_768d,fineweb_edu,2027,rlb_fused_global_rational,GRAIN,tiller_v1,TILLER,tiller,TILLER,1700,4.3454179763793945,77.12426686509966,793.1916489489377
4,12l_768d,fineweb_edu,2027,rlb_fused_global_rational,GRAIN,tiller_v1,TILLER,tiller,TILLER,1750,4.328683853149414,75.84439848371305,815.8086545709521
4,12l_768d,fineweb_edu,2027,rlb_fused_global_rational,GRAIN,tiller_v1,TILLER,tiller,TILLER,1800,4.317033767700195,74.96593180224932,840.039126892807
4,12l_768d,fineweb_edu,2027,rlb_fused_global_rational,GRAIN,tiller_v1,TILLER,tiller,TILLER,1850,4.304215431213379,74.01112584897952,862.7095766759012
4,12l_768d,fineweb_edu,2027,rlb_fused_global_rational,GRAIN,tiller_v1,TILLER,tiller,TILLER,1900,4.289822578430176,72.95352382261348,885.4103890799452
4,12l_768d,fineweb_edu,2027,rlb_fused_global_rational,GRAIN,tiller_v1,TILLER,tiller,TILLER,1950,4.281140327453613,72.32286475099413,908.0229918379337
4,12l_768d,fineweb_edu,2027,rlb_fused_global_rational,GRAIN,tiller_v1,TILLER,tiller,TILLER,2000,4.2696661949157715,71.49776531785281,930.8148351057898
4,12l_768d,fineweb_edu,2027,rlb_fused_global_rational,GRAIN,tiller_v1,TILLER,tiller,TILLER,2050,4.260698318481445,70.85944864361134,955.0153133790009
4,12l_768d,fineweb_edu,2027,rlb_fused_global_rational,GRAIN,tiller_v1,TILLER,tiller,TILLER,2100,4.250389099121094,70.13269560861826,977.6349329629447
4,12l_768d,fineweb_edu,2027,rlb_fused_global_rational,GRAIN,tiller_v1,TILLER,tiller,TILLER,2150,4.241285800933838,69.49715391951108,1000.3300073349383
4,12l_768d,fineweb_edu,2027,rlb_fused_global_rational,GRAIN,tiller_v1,TILLER,tiller,TILLER,2200,4.233539581298828,68.96089337868302,1022.8839463449549
4,12l_768d,fineweb_edu,2027,rlb_fused_global_rational,GRAIN,tiller_v1,TILLER,tiller,TILLER,2250,4.225801944732666,68.42935811375253,1045.547530721873
4,12l_768d,fineweb_edu,2027,rlb_fused_global_rational,GRAIN,tiller_v1,TILLER,tiller,TILLER,2300,4.217572212219238,67.8685137653206,1069.746274634963
4,12l_768d,fineweb_edu,2027,rlb_fused_global_rational,GRAIN,tiller_v1,TILLER,tiller,TILLER,2350,4.210541725158691,67.39303842755119,1092.4044639449567
4,12l_768d,fineweb_edu,2027,rlb_fused_global_rational,GRAIN,tiller_v1,TILLER,tiller,TILLER,2400,4.203650951385498,66.93024458093524,1114.9452517128084
4,12l_768d,fineweb_edu,2027,rlb_fused_global_rational,GRAIN,tiller_v1,TILLER,tiller,TILLER,2450,4.198821067810059,66.60775870346136,1137.5643902779557
4,12l_768d,fineweb_edu,2027,rlb_fused_global_rational,GRAIN,tiller_v1,TILLER,tiller,TILLER,2500,4.191786766052246,66.14086369473662,1160.3035192438401
4,12l_768d,fineweb_edu,2027,rlb_fused_global_rational,GRAIN,tiller_v1,TILLER,tiller,TILLER,2550,4.186288356781006,65.77819212864571,1184.3720995939802
4,12l_768d,fineweb_edu,2027,rlb_fused_global_rational,GRAIN,tiller_v1,TILLER,tiller,TILLER,2600,4.182056903839111,65.50044285995992,1206.890950705856
4,12l_768d,fineweb_edu,2027,rlb_fused_global_rational,GRAIN,tiller_v1,TILLER,tiller,TILLER,2650,4.176937103271484,65.16595065277392,1229.5632575938944
4,12l_768d,fineweb_edu,2027,rlb_fused_global_rational,GRAIN,tiller_v1,TILLER,tiller,TILLER,2700,4.172662734985352,64.88800183096471,1252.3690195428208
4,12l_768d,fineweb_edu,2027,rlb_fused_global_rational,GRAIN,tiller_v1,TILLER,tiller,TILLER,2750,4.168437480926514,64.61441193828882,1274.944947578013
4,12l_768d,fineweb_edu,2027,rlb_fused_global_rational,GRAIN,tiller_v1,TILLER,tiller,TILLER,2800,4.166131973266602,64.46561450933989,1299.1104520238005
4,12l_768d,fineweb_edu,2027,rlb_fused_global_rational,GRAIN,tiller_v1,TILLER,tiller,TILLER,2850,4.163018226623535,64.26519710500571,1322.218760713935
4,12l_768d,fineweb_edu,2027,rlb_fused_global_rational,GRAIN,tiller_v1,TILLER,tiller,TILLER,2900,4.159930229187012,64.06705243366082,1345.3284856579266
4,12l_768d,fineweb_edu,2027,rlb_fused_global_rational,GRAIN,tiller_v1,TILLER,tiller,TILLER,2950,4.157402038574219,63.90528329088844,1367.8985383319668
4,12l_768d,fineweb_edu,2027,rlb_fused_global_rational,GRAIN,tiller_v1,TILLER,tiller,TILLER,3000,4.155310153961182,63.771740538792976,1390.5827401399147
4,12l_768d,fineweb_edu,2027,rlb_fused_global_rational,GRAIN,tiller_v1,TILLER,tiller,TILLER,3050,4.153343200683594,63.64642778728829,1414.9776220598724
5,12l_768d,fineweb_edu,3407,rlb_fused_global_rational,GRAIN,tiller_v1,TILLER,tiller,TILLER,1,10.991474151611328,59365.83381764205,10.767472722916864
5,12l_768d,fineweb_edu,3407,rlb_fused_global_rational,GRAIN,tiller_v1,TILLER,tiller,TILLER,50,9.130334854125977,9231.112527829664,35.95818810397759
5,12l_768d,fineweb_edu,3407,rlb_fused_global_rational,GRAIN,tiller_v1,TILLER,tiller,TILLER,100,7.2892351150512695,1464.450132842432,60.22016674198676
5,12l_768d,fineweb_edu,3407,rlb_fused_global_rational,GRAIN,tiller_v1,TILLER,tiller,TILLER,150,6.695355415344238,808.6412866640384,84.35175115894526
5,12l_768d,fineweb_edu,3407,rlb_fused_global_rational,GRAIN,tiller_v1,TILLER,tiller,TILLER,200,6.306517601013184,548.1328041972247,108.6084644239163
5,12l_768d,fineweb_edu,3407,rlb_fused_global_rational,GRAIN,tiller_v1,TILLER,tiller,TILLER,250,6.0298686027526855,415.6604091600099,132.88080309401266
5,12l_768d,fineweb_edu,3407,rlb_fused_global_rational,GRAIN,tiller_v1,TILLER,tiller,TILLER,300,5.811737060546875,334.19914591475276,158.844341841992
5,12l_768d,fineweb_edu,3407,rlb_fused_global_rational,GRAIN,tiller_v1,TILLER,tiller,TILLER,350,5.634815692901611,280.0073052203565,182.96175950299948
5,12l_768d,fineweb_edu,3407,rlb_fused_global_rational,GRAIN,tiller_v1,TILLER,tiller,TILLER,400,5.49263334274292,242.89599381891884,207.06519792496692
5,12l_768d,fineweb_edu,3407,rlb_fused_global_rational,GRAIN,tiller_v1,TILLER,tiller,TILLER,450,5.378849983215332,216.77283962073344,231.2842815569602
5,12l_768d,fineweb_edu,3407,rlb_fused_global_rational,GRAIN,tiller_v1,TILLER,tiller,TILLER,500,5.281622409820557,196.68872634958532,255.62348145095166
5,12l_768d,fineweb_edu,3407,rlb_fused_global_rational,GRAIN,tiller_v1,TILLER,tiller,TILLER,550,5.195240020751953,180.41144009018885,281.23613325995393
5,12l_768d,fineweb_edu,3407,rlb_fused_global_rational,GRAIN,tiller_v1,TILLER,tiller,TILLER,600,5.118776321411133,167.13073014414718,305.33629321400076
5,12l_768d,fineweb_edu,3407,rlb_fused_global_rational,GRAIN,tiller_v1,TILLER,tiller,TILLER,650,5.051984786987305,156.33244336289465,329.5256769770058
5,12l_768d,fineweb_edu,3407,rlb_fused_global_rational,GRAIN,tiller_v1,TILLER,tiller,TILLER,700,4.990630626678467,147.0291147481061,353.71779949893244
5,12l_768d,fineweb_edu,3407,rlb_fused_global_rational,GRAIN,tiller_v1,TILLER,tiller,TILLER,750,4.932769298553467,138.76325763070676,377.7270786409499
5,12l_768d,fineweb_edu,3407,rlb_fused_global_rational,GRAIN,tiller_v1,TILLER,tiller,TILLER,800,4.876860618591309,131.2180730057473,403.56776444392744
5,12l_768d,fineweb_edu,3407,rlb_fused_global_rational,GRAIN,tiller_v1,TILLER,tiller,TILLER,850,4.826969146728516,124.83203912288792,427.7417510659434
5,12l_768d,fineweb_edu,3407,rlb_fused_global_rational,GRAIN,tiller_v1,TILLER,tiller,TILLER,900,4.778336048126221,118.90633093120763,451.8871540519176
5,12l_768d,fineweb_edu,3407,rlb_fused_global_rational,GRAIN,tiller_v1,TILLER,tiller,TILLER,950,4.735592365264893,113.93092745719113,475.94428518693894
5,12l_768d,fineweb_edu,3407,rlb_fused_global_rational,GRAIN,tiller_v1,TILLER,tiller,TILLER,1000,4.6919145584106445,109.06178520823315,500.1898015519837
5,12l_768d,fineweb_edu,3407,rlb_fused_global_rational,GRAIN,tiller_v1,TILLER,tiller,TILLER,1050,4.657692909240723,105.39265104447955,525.9620221039513
5,12l_768d,fineweb_edu,3407,rlb_fused_global_rational,GRAIN,tiller_v1,TILLER,tiller,TILLER,1100,4.62134313583374,101.63044399033137,550.1224358949112
5,12l_768d,fineweb_edu,3407,rlb_fused_global_rational,GRAIN,tiller_v1,TILLER,tiller,TILLER,1150,4.587403297424316,98.23900120150094,574.256973022013
5,12l_768d,fineweb_edu,3407,rlb_fused_global_rational,GRAIN,tiller_v1,TILLER,tiller,TILLER,1200,4.558455467224121,95.43596196505128,599.0368889479432
5,12l_768d,fineweb_edu,3407,rlb_fused_global_rational,GRAIN,tiller_v1,TILLER,tiller,TILLER,1250,4.5300445556640625,92.76269409347208,623.2113057279494
5,12l_768d,fineweb_edu,3407,rlb_fused_global_rational,GRAIN,tiller_v1,TILLER,tiller,TILLER,1300,4.5053839683532715,90.50308769976111,649.0886913919821
5,12l_768d,fineweb_edu,3407,rlb_fused_global_rational,GRAIN,tiller_v1,TILLER,tiller,TILLER,1350,4.4806623458862305,88.2931339067618,673.0261081239441
5,12l_768d,fineweb_edu,3407,rlb_fused_global_rational,GRAIN,tiller_v1,TILLER,tiller,TILLER,1400,4.460885524749756,86.56412984595713,697.1094044459751
5,12l_768d,fineweb_edu,3407,rlb_fused_global_rational,GRAIN,tiller_v1,TILLER,tiller,TILLER,1450,4.442458152770996,84.98358776854023,721.2582901759306
5,12l_768d,fineweb_edu,3407,rlb_fused_global_rational,GRAIN,tiller_v1,TILLER,tiller,TILLER,1500,4.421382904052734,83.21127904242249,745.5068089289125
5,12l_768d,fineweb_edu,3407,rlb_fused_global_rational,GRAIN,tiller_v1,TILLER,tiller,TILLER,1550,4.402851104736328,81.68342498607754,771.0813501249067
5,12l_768d,fineweb_edu,3407,rlb_fused_global_rational,GRAIN,tiller_v1,TILLER,tiller,TILLER,1600,4.389049053192139,80.56377068146665,795.1244694089983
5,12l_768d,fineweb_edu,3407,rlb_fused_global_rational,GRAIN,tiller_v1,TILLER,tiller,TILLER,1650,4.371259689331055,79.14326485934343,819.3451899349457
5,12l_768d,fineweb_edu,3407,rlb_fused_global_rational,GRAIN,tiller_v1,TILLER,tiller,TILLER,1700,4.358364105224609,78.12921864264978,843.515043049003
5,12l_768d,fineweb_edu,3407,rlb_fused_global_rational,GRAIN,tiller_v1,TILLER,tiller,TILLER,1750,4.345844745635986,77.15718815553251,867.5477497269167
5,12l_768d,fineweb_edu,3407,rlb_fused_global_rational,GRAIN,tiller_v1,TILLER,tiller,TILLER,1800,4.334182262420654,76.26257061473659,893.2514536739327
5,12l_768d,fineweb_edu,3407,rlb_fused_global_rational,GRAIN,tiller_v1,TILLER,tiller,TILLER,1850,4.320895195007324,75.25596691277926,917.3370657399064
5,12l_768d,fineweb_edu,3407,rlb_fused_global_rational,GRAIN,tiller_v1,TILLER,tiller,TILLER,1900,4.308838844299316,74.3541021062393,941.422153753927
5,12l_768d,fineweb_edu,3407,rlb_fused_global_rational,GRAIN,tiller_v1,TILLER,tiller,TILLER,1950,4.296219348907471,73.42168653835394,965.5169221869437
5,12l_768d,fineweb_edu,3407,rlb_fused_global_rational,GRAIN,tiller_v1,TILLER,tiller,TILLER,2000,4.286139488220215,72.68532361919337,989.5976367240073
5,12l_768d,fineweb_edu,3407,rlb_fused_global_rational,GRAIN,tiller_v1,TILLER,tiller,TILLER,2050,4.275921821594238,71.94643052391368,1015.1972292219289
5,12l_768d,fineweb_edu,3407,rlb_fused_global_rational,GRAIN,tiller_v1,TILLER,tiller,TILLER,2100,4.267379283905029,71.33444311395789,1039.2056009819498
5,12l_768d,fineweb_edu,3407,rlb_fused_global_rational,GRAIN,tiller_v1,TILLER,tiller,TILLER,2150,4.257928371429443,70.66344331025478,1063.3275492399698
5,12l_768d,fineweb_edu,3407,rlb_fused_global_rational,GRAIN,tiller_v1,TILLER,tiller,TILLER,2200,4.249773025512695,70.08950201235147,1087.4208089379827
5,12l_768d,fineweb_edu,3407,rlb_fused_global_rational,GRAIN,tiller_v1,TILLER,tiller,TILLER,2250,4.241879463195801,69.53842400614133,1111.519807080971
5,12l_768d,fineweb_edu,3407,rlb_fused_global_rational,GRAIN,tiller_v1,TILLER,tiller,TILLER,2300,4.234374046325684,69.0184628489424,1137.3965783739695
5,12l_768d,fineweb_edu,3407,rlb_fused_global_rational,GRAIN,tiller_v1,TILLER,tiller,TILLER,2350,4.22702169418335,68.51287571063916,1161.3425979280146
5,12l_768d,fineweb_edu,3407,rlb_fused_global_rational,GRAIN,tiller_v1,TILLER,tiller,TILLER,2400,4.222040176391602,68.17242628279928,1185.3932467919076
5,12l_768d,fineweb_edu,3407,rlb_fused_global_rational,GRAIN,tiller_v1,TILLER,tiller,TILLER,2450,4.21560525894165,67.73515077211057,1209.6369382309495
5,12l_768d,fineweb_edu,3407,rlb_fused_global_rational,GRAIN,tiller_v1,TILLER,tiller,TILLER,2500,4.209476470947266,67.32128593365381,1233.692657239968
5,12l_768d,fineweb_edu,3407,rlb_fused_global_rational,GRAIN,tiller_v1,TILLER,tiller,TILLER,2550,4.204525947570801,66.98883391861033,1259.2246349150082
5,12l_768d,fineweb_edu,3407,rlb_fused_global_rational,GRAIN,tiller_v1,TILLER,tiller,TILLER,2600,4.199771404266357,66.67108857240493,1283.2009163789917
5,12l_768d,fineweb_edu,3407,rlb_fused_global_rational,GRAIN,tiller_v1,TILLER,tiller,TILLER,2650,4.195407390594482,66.38076897046415,1307.4092239439487
5,12l_768d,fineweb_edu,3407,rlb_fused_global_rational,GRAIN,tiller_v1,TILLER,tiller,TILLER,2700,4.1912384033203125,66.10460445254569,1331.4855069780024
5,12l_768d,fineweb_edu,3407,rlb_fused_global_rational,GRAIN,tiller_v1,TILLER,tiller,TILLER,2750,4.188321113586426,65.91203918951625,1355.4451015850063
5,12l_768d,fineweb_edu,3407,rlb_fused_global_rational,GRAIN,tiller_v1,TILLER,tiller,TILLER,2800,4.183623313903809,65.60312381214118,1381.2155075849732
5,12l_768d,fineweb_edu,3407,rlb_fused_global_rational,GRAIN,tiller_v1,TILLER,tiller,TILLER,2850,4.180544376373291,65.40144652732005,1405.1821539809462
5,12l_768d,fineweb_edu,3407,rlb_fused_global_rational,GRAIN,tiller_v1,TILLER,tiller,TILLER,2900,4.177732467651367,65.21780194630685,1429.310381616
5,12l_768d,fineweb_edu,3407,rlb_fused_global_rational,GRAIN,tiller_v1,TILLER,tiller,TILLER,2950,4.175197601318359,65.05269288894544,1454.1290158239426
5,12l_768d,fineweb_edu,3407,rlb_fused_global_rational,GRAIN,tiller_v1,TILLER,tiller,TILLER,3000,4.172214508056641,64.85892379845926,1478.2068885859335
5,12l_768d,fineweb_edu,3407,rlb_fused_global_rational,GRAIN,tiller_v1,TILLER,tiller,TILLER,3050,4.170544624328613,64.75070731660882,1503.9230377549538
30,18l_1024d,dclm,1337,rlb_fused_global_rational,GRAIN,tiller_v1,TILLER,tiller,TILLER,1,11.088232040405273,65397.02456127026,64.3700104879681
30,18l_1024d,dclm,1337,rlb_fused_global_rational,GRAIN,tiller_v1,TILLER,tiller,TILLER,50,8.400546073913574,4449.495838013763,116.20662536297459
30,18l_1024d,dclm,1337,rlb_fused_global_rational,GRAIN,tiller_v1,TILLER,tiller,TILLER,100,7.045017242431641,1147.1286149320629,169.74219510296825
30,18l_1024d,dclm,1337,rlb_fused_global_rational,GRAIN,tiller_v1,TILLER,tiller,TILLER,150,6.493396282196045,660.7636966381766,223.34092818992212
30,18l_1024d,dclm,1337,rlb_fused_global_rational,GRAIN,tiller_v1,TILLER,tiller,TILLER,200,6.1981916427612305,491.8587799955564,276.94840097997803
30,18l_1024d,dclm,1337,rlb_fused_global_rational,GRAIN,tiller_v1,TILLER,tiller,TILLER,250,5.957379341125488,386.5956601885549,330.5830936599523
30,18l_1024d,dclm,1337,rlb_fused_global_rational,GRAIN,tiller_v1,TILLER,tiller,TILLER,300,5.780169486999512,323.81406804138146,384.1501492810203
30,18l_1024d,dclm,1337,rlb_fused_global_rational,GRAIN,tiller_v1,TILLER,tiller,TILLER,350,5.635453224182129,280.1858755522458,437.66122025693767
30,18l_1024d,dclm,1337,rlb_fused_global_rational,GRAIN,tiller_v1,TILLER,tiller,TILLER,400,5.51974630355835,249.57171370185893,491.25616882299073
30,18l_1024d,dclm,1337,rlb_fused_global_rational,GRAIN,tiller_v1,TILLER,tiller,TILLER,450,5.432343482971191,228.68453627305917,544.91366228892
30,18l_1024d,dclm,1337,rlb_fused_global_rational,GRAIN,tiller_v1,TILLER,tiller,TILLER,500,5.357901573181152,212.27902674544222,598.2783754100092
30,18l_1024d,dclm,1337,rlb_fused_global_rational,GRAIN,tiller_v1,TILLER,tiller,TILLER,550,5.289142608642578,198.17344035290617,652.0228135129437
30,18l_1024d,dclm,1337,rlb_fused_global_rational,GRAIN,tiller_v1,TILLER,tiller,TILLER,600,5.21938419342041,184.82033544130692,705.5217371089384
30,18l_1024d,dclm,1337,rlb_fused_global_rational,GRAIN,tiller_v1,TILLER,tiller,TILLER,650,5.162464141845703,174.5941507256396,759.261839136947
30,18l_1024d,dclm,1337,rlb_fused_global_rational,GRAIN,tiller_v1,TILLER,tiller,TILLER,700,5.104590892791748,164.7766454271377,812.7069486849941
30,18l_1024d,dclm,1337,rlb_fused_global_rational,GRAIN,tiller_v1,TILLER,tiller,TILLER,750,5.054830551147461,156.7779622474588,866.3866258739727
30,18l_1024d,dclm,1337,rlb_fused_global_rational,GRAIN,tiller_v1,TILLER,tiller,TILLER,800,5.001595497131348,148.65014087377511,919.8880656969268
30,18l_1024d,dclm,1337,rlb_fused_global_rational,GRAIN,tiller_v1,TILLER,tiller,TILLER,850,4.957979202270508,142.30593363166696,973.6859153599944
30,18l_1024d,dclm,1337,rlb_fused_global_rational,GRAIN,tiller_v1,TILLER,tiller,TILLER,900,4.909371852874756,135.55423965417387,1027.2341764499433
30,18l_1024d,dclm,1337,rlb_fused_global_rational,GRAIN,tiller_v1,TILLER,tiller,TILLER,950,4.864692687988281,129.63109529728092,1081.0142030229326
30,18l_1024d,dclm,1337,rlb_fused_global_rational,GRAIN,tiller_v1,TILLER,tiller,TILLER,1000,4.821964740753174,124.20888946783278,1134.6791682150215
30,18l_1024d,dclm,1337,rlb_fused_global_rational,GRAIN,tiller_v1,TILLER,tiller,TILLER,1050,4.780184745788574,119.12635610458634,1188.3451616709353
30,18l_1024d,dclm,1337,rlb_fused_global_rational,GRAIN,tiller_v1,TILLER,tiller,TILLER,1100,4.746532917022705,115.18423811964072,1241.9575360929593
30,18l_1024d,dclm,1337,rlb_fused_global_rational,GRAIN,tiller_v1,TILLER,tiller,TILLER,1150,4.709425926208496,110.98842606692101,1295.527686254005
30,18l_1024d,dclm,1337,rlb_fused_global_rational,GRAIN,tiller_v1,TILLER,tiller,TILLER,1200,4.686795711517334,108.50494104374803,1349.1092947419966
30,18l_1024d,dclm,1337,rlb_fused_global_rational,GRAIN,tiller_v1,TILLER,tiller,TILLER,1250,4.659817695617676,105.61682599124578,1402.7388858449413
30,18l_1024d,dclm,1337,rlb_fused_global_rational,GRAIN,tiller_v1,TILLER,tiller,TILLER,1300,4.634969711303711,103.02479746117054,1456.3389165350236
30,18l_1024d,dclm,1337,rlb_fused_global_rational,GRAIN,tiller_v1,TILLER,tiller,TILLER,1350,4.608858585357666,100.36952098852557,1509.9864755310118
30,18l_1024d,dclm,1337,rlb_fused_global_rational,GRAIN,tiller_v1,TILLER,tiller,TILLER,1400,4.5897603034973145,98.4708242207463,1563.5226953439415
30,18l_1024d,dclm,1337,rlb_fused_global_rational,GRAIN,tiller_v1,TILLER,tiller,TILLER,1450,4.567009449005127,96.25582097534611,1617.2670380369527
30,18l_1024d,dclm,1337,rlb_fused_global_rational,GRAIN,tiller_v1,TILLER,tiller,TILLER,1500,4.54950475692749,94.58555387339764,1670.7256381709594
30,18l_1024d,dclm,1337,rlb_fused_global_rational,GRAIN,tiller_v1,TILLER,tiller,TILLER,1550,4.534994602203369,93.22301210420511,1724.3671063649235
30,18l_1024d,dclm,1337,rlb_fused_global_rational,GRAIN,tiller_v1,TILLER,tiller,TILLER,1600,4.516775131225586,91.53991724788564,1777.789847399923
30,18l_1024d,dclm,1337,rlb_fused_global_rational,GRAIN,tiller_v1,TILLER,tiller,TILLER,1650,4.502577781677246,90.24947514942524,1831.57217279193
30,18l_1024d,dclm,1337,rlb_fused_global_rational,GRAIN,tiller_v1,TILLER,tiller,TILLER,1700,4.486238479614258,88.78684344464264,1885.0697878620122
30,18l_1024d,dclm,1337,rlb_fused_global_rational,GRAIN,tiller_v1,TILLER,tiller,TILLER,1750,4.477533340454102,88.0172959853783,1938.879257846973
30,18l_1024d,dclm,1337,rlb_fused_global_rational,GRAIN,tiller_v1,TILLER,tiller,TILLER,1800,4.458860397338867,86.38900383989534,1992.4166896420065
30,18l_1024d,dclm,1337,rlb_fused_global_rational,GRAIN,tiller_v1,TILLER,tiller,TILLER,1850,4.446630001068115,85.33886697464845,2046.305186628946
30,18l_1024d,dclm,1337,rlb_fused_global_rational,GRAIN,tiller_v1,TILLER,tiller,TILLER,1900,4.435394763946533,84.38543063953237,2099.9923266009428
30,18l_1024d,dclm,1337,rlb_fused_global_rational,GRAIN,tiller_v1,TILLER,tiller,TILLER,1950,4.422734260559082,83.32380315873236,2154.818277169019
30,18l_1024d,dclm,1337,rlb_fused_global_rational,GRAIN,tiller_v1,TILLER,tiller,TILLER,2000,4.412324905395508,82.46095473703454,2212.335771712009
30,18l_1024d,dclm,1337,rlb_fused_global_rational,GRAIN,tiller_v1,TILLER,tiller,TILLER,2050,4.4017133712768555,81.59054386738387,2266.014405036927
30,18l_1024d,dclm,1337,rlb_fused_global_rational,GRAIN,tiller_v1,TILLER,tiller,TILLER,2100,4.394761085510254,81.02527033895713,2319.6633871889208
30,18l_1024d,dclm,1337,rlb_fused_global_rational,GRAIN,tiller_v1,TILLER,tiller,TILLER,2150,4.385042190551758,80.24160857922521,2373.317533392925
30,18l_1024d,dclm,1337,rlb_fused_global_rational,GRAIN,tiller_v1,TILLER,tiller,TILLER,2200,4.371137619018555,79.13360440590907,2427.025218972005
30,18l_1024d,dclm,1337,rlb_fused_global_rational,GRAIN,tiller_v1,TILLER,tiller,TILLER,2250,4.363565444946289,78.53665393712994,2480.7730359309353
30,18l_1024d,dclm,1337,rlb_fused_global_rational,GRAIN,tiller_v1,TILLER,tiller,TILLER,2300,4.360909461975098,78.32833868499861,2534.4948127180105
30,18l_1024d,dclm,1337,rlb_fused_global_rational,GRAIN,tiller_v1,TILLER,tiller,TILLER,2350,4.348990440368652,77.40028326694629,2588.2101727679837
30,18l_1024d,dclm,1337,rlb_fused_global_rational,GRAIN,tiller_v1,TILLER,tiller,TILLER,2400,4.341616630554199,76.83164738152504,2641.862531550927
30,18l_1024d,dclm,1337,rlb_fused_global_rational,GRAIN,tiller_v1,TILLER,tiller,TILLER,2450,4.33194637298584,76.092246422815,2695.7685573939234
30,18l_1024d,dclm,1337,rlb_fused_global_rational,GRAIN,tiller_v1,TILLER,tiller,TILLER,2500,4.322643280029297,75.3876357920219,2749.253584968974
30,18l_1024d,dclm,1337,rlb_fused_global_rational,GRAIN,tiller_v1,TILLER,tiller,TILLER,2550,4.314807891845703,74.79925251725717,2803.101107914932
30,18l_1024d,dclm,1337,rlb_fused_global_rational,GRAIN,tiller_v1,TILLER,tiller,TILLER,2600,4.308267593383789,74.31163938692626,2856.5381251759827
30,18l_1024d,dclm,1337,rlb_fused_global_rational,GRAIN,tiller_v1,TILLER,tiller,TILLER,2650,4.305647850036621,74.1172167439324,2910.4574950409587
30,18l_1024d,dclm,1337,rlb_fused_global_rational,GRAIN,tiller_v1,TILLER,tiller,TILLER,2700,4.294950485229492,73.32858350714824,2963.961264092941
30,18l_1024d,dclm,1337,rlb_fused_global_rational,GRAIN,tiller_v1,TILLER,tiller,TILLER,2750,4.288239002227783,72.83808778341297,3017.8263760529226
30,18l_1024d,dclm,1337,rlb_fused_global_rational,GRAIN,tiller_v1,TILLER,tiller,TILLER,2800,4.278283596038818,72.1165525807889,3071.4210515769664
30,18l_1024d,dclm,1337,rlb_fused_global_rational,GRAIN,tiller_v1,TILLER,tiller,TILLER,2850,4.276152610778809,71.9630368981591,3125.2598496780265
30,18l_1024d,dclm,1337,rlb_fused_global_rational,GRAIN,tiller_v1,TILLER,tiller,TILLER,2900,4.269439697265625,71.48157307583921,3178.955633651931
30,18l_1024d,dclm,1337,rlb_fused_global_rational,GRAIN,tiller_v1,TILLER,tiller,TILLER,2950,4.264690399169922,71.14289066542075,3232.6833988470025
30,18l_1024d,dclm,1337,rlb_fused_global_rational,GRAIN,tiller_v1,TILLER,tiller,TILLER,3000,4.256019592285156,70.52869105046567,3286.3904952029698
30,18l_1024d,dclm,1337,rlb_fused_global_rational,GRAIN,tiller_v1,TILLER,tiller,TILLER,3050,4.251923561096191,70.24039417178375,3340.1139778220095
30,18l_1024d,dclm,1337,rlb_fused_global_rational,GRAIN,tiller_v1,TILLER,tiller,TILLER,3100,4.247643947601318,69.94043474601942,3393.7611650530016
30,18l_1024d,dclm,1337,rlb_fused_global_rational,GRAIN,tiller_v1,TILLER,tiller,TILLER,3150,4.240488052368164,69.44173477286482,3447.4710740739247
30,18l_1024d,dclm,1337,rlb_fused_global_rational,GRAIN,tiller_v1,TILLER,tiller,TILLER,3200,4.229434490203857,68.67838289174848,3501.159872455988
30,18l_1024d,dclm,1337,rlb_fused_global_rational,GRAIN,tiller_v1,TILLER,tiller,TILLER,3250,4.22920036315918,68.66230530710092,3554.617666887003
30,18l_1024d,dclm,1337,rlb_fused_global_rational,GRAIN,tiller_v1,TILLER,tiller,TILLER,3300,4.222073554992676,68.17470182099736,3607.8640046039363
30,18l_1024d,dclm,1337,rlb_fused_global_rational,GRAIN,tiller_v1,TILLER,tiller,TILLER,3350,4.220624923706055,68.07601331387134,3661.2059880319284
30,18l_1024d,dclm,1337,rlb_fused_global_rational,GRAIN,tiller_v1,TILLER,tiller,TILLER,3400,4.218814849853516,67.95290215594387,3714.761447435012
30,18l_1024d,dclm,1337,rlb_fused_global_rational,GRAIN,tiller_v1,TILLER,tiller,TILLER,3450,4.212426662445068,67.52018987713238,3768.579710891936
30,18l_1024d,dclm,1337,rlb_fused_global_rational,GRAIN,tiller_v1,TILLER,tiller,TILLER,3500,4.20808219909668,67.2274871654177,3821.824527109973
30,18l_1024d,dclm,1337,rlb_fused_global_rational,GRAIN,tiller_v1,TILLER,tiller,TILLER,3550,4.200555801391602,66.72340569863725,3875.5238194279373
30,18l_1024d,dclm,1337,rlb_fused_global_rational,GRAIN,tiller_v1,TILLER,tiller,TILLER,3600,4.194693088531494,66.33336998085919,3928.9737931229174
30,18l_1024d,dclm,1337,rlb_fused_global_rational,GRAIN,tiller_v1,TILLER,tiller,TILLER,3650,4.189095497131348,65.96310015591129,3982.7704199899454
30,18l_1024d,dclm,1337,rlb_fused_global_rational,GRAIN,tiller_v1,TILLER,tiller,TILLER,3700,4.188076019287109,65.89588650400101,4036.2077618889743
30,18l_1024d,dclm,1337,rlb_fused_global_rational,GRAIN,tiller_v1,TILLER,tiller,TILLER,3750,4.180773735046387,65.41644863668027,4089.9360388179775
30,18l_1024d,dclm,1337,rlb_fused_global_rational,GRAIN,tiller_v1,TILLER,tiller,TILLER,3800,4.1805315017700195,65.40060451506292,4143.501992709935
30,18l_1024d,dclm,1337,rlb_fused_global_rational,GRAIN,tiller_v1,TILLER,tiller,TILLER,3850,4.175105094909668,65.04667537628411,4197.167021144996
30,18l_1024d,dclm,1337,rlb_fused_global_rational,GRAIN,tiller_v1,TILLER,tiller,TILLER,3900,4.171834945678711,64.834310462556,4250.812283277977
30,18l_1024d,dclm,1337,rlb_fused_global_rational,GRAIN,tiller_v1,TILLER,tiller,TILLER,3950,4.168882369995117,64.643164579228,4304.421035724925
30,18l_1024d,dclm,1337,rlb_fused_global_rational,GRAIN,tiller_v1,TILLER,tiller,TILLER,4000,4.161982536315918,64.19867271852456,4358.024661856005
30,18l_1024d,dclm,1337,rlb_fused_global_rational,GRAIN,tiller_v1,TILLER,tiller,TILLER,4050,4.16034460067749,64.09360549470412,4411.614766996005
30,18l_1024d,dclm,1337,rlb_fused_global_rational,GRAIN,tiller_v1,TILLER,tiller,TILLER,4100,4.15680456161499,63.86711276069082,4465.176727980026
30,18l_1024d,dclm,1337,rlb_fused_global_rational,GRAIN,tiller_v1,TILLER,tiller,TILLER,4150,4.155437469482422,63.77986018804779,4518.615257408004
30,18l_1024d,dclm,1337,rlb_fused_global_rational,GRAIN,tiller_v1,TILLER,tiller,TILLER,4200,4.151045799255371,63.50037422925478,4572.156627296936
30,18l_1024d,dclm,1337,rlb_fused_global_rational,GRAIN,tiller_v1,TILLER,tiller,TILLER,4250,4.144903182983398,63.111511337705586,4625.773769086925
30,18l_1024d,dclm,1337,rlb_fused_global_rational,GRAIN,tiller_v1,TILLER,tiller,TILLER,4300,4.139026165008545,62.74169163411987,4679.259462366928
30,18l_1024d,dclm,1337,rlb_fused_global_rational,GRAIN,tiller_v1,TILLER,tiller,TILLER,4350,4.138384819030762,62.70146540339549,4733.014941151021
30,18l_1024d,dclm,1337,rlb_fused_global_rational,GRAIN,tiller_v1,TILLER,tiller,TILLER,4400,4.133309364318848,62.384033193200594,4786.519182158983
30,18l_1024d,dclm,1337,rlb_fused_global_rational,GRAIN,tiller_v1,TILLER,tiller,TILLER,4450,4.129049301147461,62.118838544954436,4840.278922745027
30,18l_1024d,dclm,1337,rlb_fused_global_rational,GRAIN,tiller_v1,TILLER,tiller,TILLER,4500,4.125879764556885,61.922262305580304,4893.685406249948
30,18l_1024d,dclm,1337,rlb_fused_global_rational,GRAIN,tiller_v1,TILLER,tiller,TILLER,4550,4.122039794921875,61.68493864803372,4947.450799257029
30,18l_1024d,dclm,1337,rlb_fused_global_rational,GRAIN,tiller_v1,TILLER,tiller,TILLER,4600,4.116135597229004,61.321811617341325,5000.899909737986
30,18l_1024d,dclm,1337,rlb_fused_global_rational,GRAIN,tiller_v1,TILLER,tiller,TILLER,4650,4.112946033477783,61.1265333815908,5054.694963471964
30,18l_1024d,dclm,1337,rlb_fused_global_rational,GRAIN,tiller_v1,TILLER,tiller,TILLER,4700,4.109162330627441,60.89568574783727,5108.184713182971
30,18l_1024d,dclm,1337,rlb_fused_global_rational,GRAIN,tiller_v1,TILLER,tiller,TILLER,4750,4.107742786407471,60.809302955715275,5161.96874252602
30,18l_1024d,dclm,1337,rlb_fused_global_rational,GRAIN,tiller_v1,TILLER,tiller,TILLER,4800,4.102970123291016,60.51977210455356,5215.5066829039715
30,18l_1024d,dclm,1337,rlb_fused_global_rational,GRAIN,tiller_v1,TILLER,tiller,TILLER,4850,4.0988030433654785,60.26810609747386,5269.1289103929885
30,18l_1024d,dclm,1337,rlb_fused_global_rational,GRAIN,tiller_v1,TILLER,tiller,TILLER,4900,4.097043514251709,60.16215584877187,5322.754612808931
30,18l_1024d,dclm,1337,rlb_fused_global_rational,GRAIN,tiller_v1,TILLER,tiller,TILLER,4950,4.094301700592041,59.99742835730921,5376.313338193926
30,18l_1024d,dclm,1337,rlb_fused_global_rational,GRAIN,tiller_v1,TILLER,tiller,TILLER,5000,4.093067646026611,59.923433922906085,5429.886944309925
30,18l_1024d,dclm,1337,rlb_fused_global_rational,GRAIN,tiller_v1,TILLER,tiller,TILLER,5050,4.08969783782959,59.721843295718266,5484.157093001995
30,18l_1024d,dclm,1337,rlb_fused_global_rational,GRAIN,tiller_v1,TILLER,tiller,TILLER,5100,4.085470199584961,59.46989389767295,5537.749079214991
30,18l_1024d,dclm,1337,rlb_fused_global_rational,GRAIN,tiller_v1,TILLER,tiller,TILLER,5150,4.084485054016113,59.41133624386231,5592.405757354922
30,18l_1024d,dclm,1337,rlb_fused_global_rational,GRAIN,tiller_v1,TILLER,tiller,TILLER,5200,4.084051132202148,59.385561961485394,5647.102995087975
30,18l_1024d,dclm,1337,rlb_fused_global_rational,GRAIN,tiller_v1,TILLER,tiller,TILLER,5250,4.077664375305176,59.00748942787965,5701.948460276006
30,18l_1024d,dclm,1337,rlb_fused_global_rational,GRAIN,tiller_v1,TILLER,tiller,TILLER,5300,4.075456619262695,58.877358987533306,5755.521889921976
30,18l_1024d,dclm,1337,rlb_fused_global_rational,GRAIN,tiller_v1,TILLER,tiller,TILLER,5350,4.070839881896973,58.60616418358585,5809.364531156025
30,18l_1024d,dclm,1337,rlb_fused_global_rational,GRAIN,tiller_v1,TILLER,tiller,TILLER,5400,4.069886684417725,58.55032755151382,5862.895058427937
30,18l_1024d,dclm,1337,rlb_fused_global_rational,GRAIN,tiller_v1,TILLER,tiller,TILLER,5450,4.069485664367676,58.526852403545846,5916.772201568005
30,18l_1024d,dclm,1337,rlb_fused_global_rational,GRAIN,tiller_v1,TILLER,tiller,TILLER,5500,4.064252853393555,58.221392352378274,5970.2571347249905
30,18l_1024d,dclm,1337,rlb_fused_global_rational,GRAIN,tiller_v1,TILLER,tiller,TILLER,5550,4.059932708740234,57.970410045786934,6024.0491779999575
30,18l_1024d,dclm,1337,rlb_fused_global_rational,GRAIN,tiller_v1,TILLER,tiller,TILLER,5600,4.05714750289917,57.80917516151913,6077.581435655011
30,18l_1024d,dclm,1337,rlb_fused_global_rational,GRAIN,tiller_v1,TILLER,tiller,TILLER,5650,4.055385589599609,57.70741008391335,6131.43354969495
30,18l_1024d,dclm,1337,rlb_fused_global_rational,GRAIN,tiller_v1,TILLER,tiller,TILLER,5700,4.053512096405029,57.59939685646123,6184.993883240968
30,18l_1024d,dclm,1337,rlb_fused_global_rational,GRAIN,tiller_v1,TILLER,tiller,TILLER,5750,4.049946308135986,57.39437535171946,6238.644552548998
30,18l_1024d,dclm,1337,rlb_fused_global_rational,GRAIN,tiller_v1,TILLER,tiller,TILLER,5800,4.049192428588867,57.35112321152253,6292.216742155026
30,18l_1024d,dclm,1337,rlb_fused_global_rational,GRAIN,tiller_v1,TILLER,tiller,TILLER,5850,4.048605918884277,57.31749608347227,6345.611794731929
30,18l_1024d,dclm,1337,rlb_fused_global_rational,GRAIN,tiller_v1,TILLER,tiller,TILLER,5900,4.047272205352783,57.24110191864417,6399.151635678951
30,18l_1024d,dclm,1337,rlb_fused_global_rational,GRAIN,tiller_v1,TILLER,tiller,TILLER,5950,4.042298316955566,56.95709795349163,6452.659262873931
30,18l_1024d,dclm,1337,rlb_fused_global_rational,GRAIN,tiller_v1,TILLER,tiller,TILLER,6000,4.039690017700195,56.80873037494858,6506.169252219028
30,18l_1024d,dclm,1337,rlb_fused_global_rational,GRAIN,tiller_v1,TILLER,tiller,TILLER,6050,4.038896560668945,56.76367296631895,6559.762879850925
30,18l_1024d,dclm,1337,rlb_fused_global_rational,GRAIN,tiller_v1,TILLER,tiller,TILLER,6100,4.033610820770264,56.464426521483034,6613.336023350013
30,18l_1024d,dclm,1337,rlb_fused_global_rational,GRAIN,tiller_v1,TILLER,tiller,TILLER,6150,4.03152322769165,56.346674727168285,6666.935439432971
30,18l_1024d,dclm,1337,rlb_fused_global_rational,GRAIN,tiller_v1,TILLER,tiller,TILLER,6200,4.029201984405518,56.2160320721153,6720.457795378985
30,18l_1024d,dclm,1337,rlb_fused_global_rational,GRAIN,tiller_v1,TILLER,tiller,TILLER,6250,4.027668476104736,56.1298903866718,6774.213331284933
30,18l_1024d,dclm,1337,rlb_fused_global_rational,GRAIN,tiller_v1,TILLER,tiller,TILLER,6300,4.024484157562256,55.951439209411966,6827.644937432022
30,18l_1024d,dclm,1337,rlb_fused_global_rational,GRAIN,tiller_v1,TILLER,tiller,TILLER,6350,4.022219657897949,55.8248805442145,6881.301912351977
30,18l_1024d,dclm,1337,rlb_fused_global_rational,GRAIN,tiller_v1,TILLER,tiller,TILLER,6400,4.018224716186523,55.602308278020935,6934.6798489019275
30,18l_1024d,dclm,1337,rlb_fused_global_rational,GRAIN,tiller_v1,TILLER,tiller,TILLER,6450,4.01771879196167,55.57418483806996,6988.469234701013
30,18l_1024d,dclm,1337,rlb_fused_global_rational,GRAIN,tiller_v1,TILLER,tiller,TILLER,6500,4.017230033874512,55.5470291426166,7041.985035929945
30,18l_1024d,dclm,1337,rlb_fused_global_rational,GRAIN,tiller_v1,TILLER,tiller,TILLER,6550,4.016805171966553,55.52343433845529,7095.53077737696
30,18l_1024d,dclm,1337,rlb_fused_global_rational,GRAIN,tiller_v1,TILLER,tiller,TILLER,6600,4.012568950653076,55.28872227962976,7148.970981972991
30,18l_1024d,dclm,1337,rlb_fused_global_rational,GRAIN,tiller_v1,TILLER,tiller,TILLER,6650,4.009061336517334,55.09513049693707,7202.653682139004
30,18l_1024d,dclm,1337,rlb_fused_global_rational,GRAIN,tiller_v1,TILLER,tiller,TILLER,6700,4.007139682769775,54.989358394173415,7256.193726729951
30,18l_1024d,dclm,1337,rlb_fused_global_rational,GRAIN,tiller_v1,TILLER,tiller,TILLER,6750,4.005150318145752,54.88007324992823,7309.7202585039195
30,18l_1024d,dclm,1337,rlb_fused_global_rational,GRAIN,tiller_v1,TILLER,tiller,TILLER,6800,4.0036845207214355,54.799689107739006,7363.255963944946
30,18l_1024d,dclm,1337,rlb_fused_global_rational,GRAIN,tiller_v1,TILLER,tiller,TILLER,6850,4.00136661529541,54.672815708086645,7416.81146556302
30,18l_1024d,dclm,1337,rlb_fused_global_rational,GRAIN,tiller_v1,TILLER,tiller,TILLER,6900,3.9993653297424316,54.563509205114364,7470.3584091499215
30,18l_1024d,dclm,1337,rlb_fused_global_rational,GRAIN,tiller_v1,TILLER,tiller,TILLER,6950,3.9963536262512207,54.39942730099379,7523.93974906893
30,18l_1024d,dclm,1337,rlb_fused_global_rational,GRAIN,tiller_v1,TILLER,tiller,TILLER,7000,3.9939417839050293,54.268382551782146,7577.52658875694
30,18l_1024d,dclm,1337,rlb_fused_global_rational,GRAIN,tiller_v1,TILLER,tiller,TILLER,7050,3.9913039207458496,54.125418627274385,7631.1922445429955
30,18l_1024d,dclm,1337,rlb_fused_global_rational,GRAIN,tiller_v1,TILLER,tiller,TILLER,7100,3.9905967712402344,54.08715739405138,7684.7397694659885
30,18l_1024d,dclm,1337,rlb_fused_global_rational,GRAIN,tiller_v1,TILLER,tiller,TILLER,7150,3.989286184310913,54.01631790332163,7738.336310899933
30,18l_1024d,dclm,1337,rlb_fused_global_rational,GRAIN,tiller_v1,TILLER,tiller,TILLER,7200,3.987488031387329,53.91927557798072,7791.767242028029
30,18l_1024d,dclm,1337,rlb_fused_global_rational,GRAIN,tiller_v1,TILLER,tiller,TILLER,7250,3.986757755279541,53.87991399343856,7845.554922194919
30,18l_1024d,dclm,1337,rlb_fused_global_rational,GRAIN,tiller_v1,TILLER,tiller,TILLER,7300,3.98644757270813,53.8632039748809,7899.044524291996
30,18l_1024d,dclm,1337,rlb_fused_global_rational,GRAIN,tiller_v1,TILLER,tiller,TILLER,7350,3.9837145805358887,53.71619723568192,7952.807007419993
30,18l_1024d,dclm,1337,rlb_fused_global_rational,GRAIN,tiller_v1,TILLER,tiller,TILLER,7400,3.98252272605896,53.65221348275834,8006.254213501932
30,18l_1024d,dclm,1337,rlb_fused_global_rational,GRAIN,tiller_v1,TILLER,tiller,TILLER,7450,3.9803643226623535,53.53653524799834,8060.041354552028
30,18l_1024d,dclm,1337,rlb_fused_global_rational,GRAIN,tiller_v1,TILLER,tiller,TILLER,7500,3.9795761108398438,53.494353744143545,8113.528408407001
30,18l_1024d,dclm,1337,rlb_fused_global_rational,GRAIN,tiller_v1,TILLER,tiller,TILLER,7550,3.977172613143921,53.36593457758108,8167.263509396929
30,18l_1024d,dclm,1337,rlb_fused_global_rational,GRAIN,tiller_v1,TILLER,tiller,TILLER,7600,3.9779739379882812,53.40871516508522,8220.815403559012
30,18l_1024d,dclm,1337,rlb_fused_global_rational,GRAIN,tiller_v1,TILLER,tiller,TILLER,7650,3.975930690765381,53.29969936718577,8274.467595590977
30,18l_1024d,dclm,1337,rlb_fused_global_rational,GRAIN,tiller_v1,TILLER,tiller,TILLER,7700,3.974734306335449,53.23597056641676,8328.037962020026
30,18l_1024d,dclm,1337,rlb_fused_global_rational,GRAIN,tiller_v1,TILLER,tiller,TILLER,7750,3.973186492919922,53.15363495350636,8381.417471478926
30,18l_1024d,dclm,1337,rlb_fused_global_rational,GRAIN,tiller_v1,TILLER,tiller,TILLER,7800,3.972973346710205,53.14230666501712,8434.559133696952
30,18l_1024d,dclm,1337,rlb_fused_global_rational,GRAIN,tiller_v1,TILLER,tiller,TILLER,7850,3.9746429920196533,53.23110958213086,8488.124217535951
30,18l_1024d,dclm,1337,rlb_fused_global_rational,GRAIN,tiller_v1,TILLER,tiller,TILLER,7900,3.9701528549194336,52.99263040488231,8541.756010744022
30,18l_1024d,dclm,1337,rlb_fused_global_rational,GRAIN,tiller_v1,TILLER,tiller,TILLER,7950,3.970432996749878,53.0074779369743,8595.349395426922
30,18l_1024d,dclm,1337,rlb_fused_global_rational,GRAIN,tiller_v1,TILLER,tiller,TILLER,8000,3.9696948528289795,52.96836522655358,8648.90003531496
30,18l_1024d,dclm,1337,rlb_fused_global_rational,GRAIN,tiller_v1,TILLER,tiller,TILLER,8050,3.968414783477783,52.900605423520126,8702.628136466956
30,18l_1024d,dclm,1337,rlb_fused_global_rational,GRAIN,tiller_v1,TILLER,tiller,TILLER,8100,3.967578649520874,52.8563919177671,8756.652409275994
30,18l_1024d,dclm,1337,rlb_fused_global_rational,GRAIN,tiller_v1,TILLER,tiller,TILLER,8150,3.9683573246002197,52.89756590143466,8810.393187538953
30,18l_1024d,dclm,1337,rlb_fused_global_rational,GRAIN,tiller_v1,TILLER,tiller,TILLER,8200,3.9662938117980957,52.78852364073891,8863.912826539017
30,18l_1024d,dclm,1337,rlb_fused_global_rational,GRAIN,tiller_v1,TILLER,tiller,TILLER,8250,3.96465802192688,52.702243295947135,8917.694142966997
30,18l_1024d,dclm,1337,rlb_fused_global_rational,GRAIN,tiller_v1,TILLER,tiller,TILLER,8300,3.96455717086792,52.69692848690774,8972.840568720945
30,18l_1024d,dclm,1337,rlb_fused_global_rational,GRAIN,tiller_v1,TILLER,tiller,TILLER,8350,3.9641122817993164,52.67348941375525,9026.53748097003
30,18l_1024d,dclm,1337,rlb_fused_global_rational,GRAIN,tiller_v1,TILLER,tiller,TILLER,8400,3.9634511470794678,52.63867665031959,9079.964813574916
30,18l_1024d,dclm,1337,rlb_fused_global_rational,GRAIN,tiller_v1,TILLER,tiller,TILLER,8450,3.963251829147339,52.62818586367533,9134.69705074397
30,18l_1024d,dclm,1337,rlb_fused_global_rational,GRAIN,tiller_v1,TILLER,tiller,TILLER,8500,3.9610178470611572,52.51074666660062,9188.168541106978
30,18l_1024d,dclm,1337,rlb_fused_global_rational,GRAIN,tiller_v1,TILLER,tiller,TILLER,8550,3.9604806900024414,52.48254772267914,9241.894373251009
30,18l_1024d,dclm,1337,rlb_fused_global_rational,GRAIN,tiller_v1,TILLER,tiller,TILLER,8600,3.958925724029541,52.40100256320417,9295.502303540008
30,18l_1024d,dclm,1337,rlb_fused_global_rational,GRAIN,tiller_v1,TILLER,tiller,TILLER,8650,3.9576025009155273,52.33171020015371,9349.089732363005
30,18l_1024d,dclm,1337,rlb_fused_global_rational,GRAIN,tiller_v1,TILLER,tiller,TILLER,8700,3.9568095207214355,52.29022863964368,9402.669133874006
30,18l_1024d,dclm,1337,rlb_fused_global_rational,GRAIN,tiller_v1,TILLER,tiller,TILLER,8750,3.955376148223877,52.21533095498469,9456.286378328921
30,18l_1024d,dclm,1337,rlb_fused_global_rational,GRAIN,tiller_v1,TILLER,tiller,TILLER,8800,3.956023693084717,52.249153673883676,9509.89059789502
30,18l_1024d,dclm,1337,rlb_fused_global_rational,GRAIN,tiller_v1,TILLER,tiller,TILLER,8850,3.9543044567108154,52.15940220248618,9563.593467931962
30,18l_1024d,dclm,1337,rlb_fused_global_rational,GRAIN,tiller_v1,TILLER,tiller,TILLER,8900,3.954913377761841,52.19117283241718,9617.155768309953
30,18l_1024d,dclm,1337,rlb_fused_global_rational,GRAIN,tiller_v1,TILLER,tiller,TILLER,8950,3.9536116123199463,52.12327636947462,9670.722001075977
30,18l_1024d,dclm,1337,rlb_fused_global_rational,GRAIN,tiller_v1,TILLER,tiller,TILLER,9000,3.9533445835113525,52.109359811229346,9724.275021711946
30,18l_1024d,dclm,1337,rlb_fused_global_rational,GRAIN,tiller_v1,TILLER,tiller,TILLER,9050,3.953592300415039,52.12226977943753,9777.81007821497
30,18l_1024d,dclm,1337,rlb_fused_global_rational,GRAIN,tiller_v1,TILLER,tiller,TILLER,9100,3.9510507583618164,51.98996703659277,9831.22485538898
30,18l_1024d,dclm,1337,rlb_fused_global_rational,GRAIN,tiller_v1,TILLER,tiller,TILLER,9150,3.952737808227539,52.07775073041485,9884.892939590965
31,18l_1024d,dclm,2027,rlb_fused_global_rational,GRAIN,tiller_v1,TILLER,tiller,TILLER,1,11.043937683105469,62563.52272054298,67.92025005002506
31,18l_1024d,dclm,2027,rlb_fused_global_rational,GRAIN,tiller_v1,TILLER,tiller,TILLER,50,8.387723922729492,4392.807936763712,116.74646421102807
31,18l_1024d,dclm,2027,rlb_fused_global_rational,GRAIN,tiller_v1,TILLER,tiller,TILLER,100,6.987872123718262,1083.413651461709,166.35795953986235
31,18l_1024d,dclm,2027,rlb_fused_global_rational,GRAIN,tiller_v1,TILLER,tiller,TILLER,150,6.462529182434082,640.6794042537197,216.1937418389134
31,18l_1024d,dclm,2027,rlb_fused_global_rational,GRAIN,tiller_v1,TILLER,tiller,TILLER,200,6.176357746124268,481.23597683065907,265.97998386085965
31,18l_1024d,dclm,2027,rlb_fused_global_rational,GRAIN,tiller_v1,TILLER,tiller,TILLER,250,5.941121578216553,380.36129533541947,316.1030962879304
31,18l_1024d,dclm,2027,rlb_fused_global_rational,GRAIN,tiller_v1,TILLER,tiller,TILLER,300,5.759737968444824,317.26518453539336,365.90554125397466
31,18l_1024d,dclm,2027,rlb_fused_global_rational,GRAIN,tiller_v1,TILLER,tiller,TILLER,350,5.617369174957275,275.1645204480115,415.9923577918671
31,18l_1024d,dclm,2027,rlb_fused_global_rational,GRAIN,tiller_v1,TILLER,tiller,TILLER,400,5.508615493774414,246.80918156100114,465.7874959469773
31,18l_1024d,dclm,2027,rlb_fused_global_rational,GRAIN,tiller_v1,TILLER,tiller,TILLER,450,5.417754173278809,225.37240634428113,515.8492917998228
31,18l_1024d,dclm,2027,rlb_fused_global_rational,GRAIN,tiller_v1,TILLER,tiller,TILLER,500,5.341517448425293,208.82935776032068,565.637734162854
31,18l_1024d,dclm,2027,rlb_fused_global_rational,GRAIN,tiller_v1,TILLER,tiller,TILLER,550,5.265848636627197,193.61054408864425,615.7148909659591
31,18l_1024d,dclm,2027,rlb_fused_global_rational,GRAIN,tiller_v1,TILLER,tiller,TILLER,600,5.207014560699463,182.54825713005144,665.6425976229366
31,18l_1024d,dclm,2027,rlb_fused_global_rational,GRAIN,tiller_v1,TILLER,tiller,TILLER,650,5.143251419067383,171.27174018450575,715.6295826209243
31,18l_1024d,dclm,2027,rlb_fused_global_rational,GRAIN,tiller_v1,TILLER,tiller,TILLER,700,5.086779594421387,161.86774200622105,765.5459070350043
31,18l_1024d,dclm,2027,rlb_fused_global_rational,GRAIN,tiller_v1,TILLER,tiller,TILLER,750,5.041845321655273,154.75532505313265,815.5878936448134
31,18l_1024d,dclm,2027,rlb_fused_global_rational,GRAIN,tiller_v1,TILLER,tiller,TILLER,800,4.983394145965576,145.96898183697732,865.4401814988814
31,18l_1024d,dclm,2027,rlb_fused_global_rational,GRAIN,tiller_v1,TILLER,tiller,TILLER,850,4.937543869018555,139.42737676239202,915.5999707879964
31,18l_1024d,dclm,2027,rlb_fused_global_rational,GRAIN,tiller_v1,TILLER,tiller,TILLER,900,4.885141372680664,132.30916891406181,965.4401970028412
31,18l_1024d,dclm,2027,rlb_fused_global_rational,GRAIN,tiller_v1,TILLER,tiller,TILLER,950,4.842109680175781,126.7364432540872,1015.5498249868397
31,18l_1024d,dclm,2027,rlb_fused_global_rational,GRAIN,tiller_v1,TILLER,tiller,TILLER,1000,4.807826519012451,122.46515236339206,1065.5078143610153
31,18l_1024d,dclm,2027,rlb_fused_global_rational,GRAIN,tiller_v1,TILLER,tiller,TILLER,1050,4.767199993133545,117.58952908806069,1115.5084723508917
31,18l_1024d,dclm,2027,rlb_fused_global_rational,GRAIN,tiller_v1,TILLER,tiller,TILLER,1100,4.7361555099487305,113.99510512227276,1165.321761042811
31,18l_1024d,dclm,2027,rlb_fused_global_rational,GRAIN,tiller_v1,TILLER,tiller,TILLER,1150,4.711194038391113,111.18483964462988,1215.3029141679872
31,18l_1024d,dclm,2027,rlb_fused_global_rational,GRAIN,tiller_v1,TILLER,tiller,TILLER,1200,4.682401657104492,108.02921038737365,1265.183952376945
31,18l_1024d,dclm,2027,rlb_fused_global_rational,GRAIN,tiller_v1,TILLER,tiller,TILLER,1250,4.66061544418335,105.70111527905038,1315.1850457589608
31,18l_1024d,dclm,2027,rlb_fused_global_rational,GRAIN,tiller_v1,TILLER,tiller,TILLER,1300,4.635977745056152,103.12870229534136,1364.9095226889476
31,18l_1024d,dclm,2027,rlb_fused_global_rational,GRAIN,tiller_v1,TILLER,tiller,TILLER,1350,4.612447738647461,100.73040984026667,1414.8049572629388
31,18l_1024d,dclm,2027,rlb_fused_global_rational,GRAIN,tiller_v1,TILLER,tiller,TILLER,1400,4.598956108093262,99.38051895567386,1464.6336928778328
31,18l_1024d,dclm,2027,rlb_fused_global_rational,GRAIN,tiller_v1,TILLER,tiller,TILLER,1450,4.581717491149902,97.68201822126873,1514.784607826965
31,18l_1024d,dclm,2027,rlb_fused_global_rational,GRAIN,tiller_v1,TILLER,tiller,TILLER,1500,4.563109397888184,95.88114944720331,1564.5449576508254
31,18l_1024d,dclm,2027,rlb_fused_global_rational,GRAIN,tiller_v1,TILLER,tiller,TILLER,1550,4.542674541473389,93.94171544221695,1614.5633183009923
31,18l_1024d,dclm,2027,rlb_fused_global_rational,GRAIN,tiller_v1,TILLER,tiller,TILLER,1600,4.529055595397949,92.67100082281003,1664.3132221179549
31,18l_1024d,dclm,2027,rlb_fused_global_rational,GRAIN,tiller_v1,TILLER,tiller,TILLER,1650,4.515410900115967,91.4151207899644,1714.3064046059735
31,18l_1024d,dclm,2027,rlb_fused_global_rational,GRAIN,tiller_v1,TILLER,tiller,TILLER,1700,4.503594875335693,90.34131401472453,1764.3698898018338
31,18l_1024d,dclm,2027,rlb_fused_global_rational,GRAIN,tiller_v1,TILLER,tiller,TILLER,1750,4.490510940551758,89.16699327440422,1814.2872884359676
31,18l_1024d,dclm,2027,rlb_fused_global_rational,GRAIN,tiller_v1,TILLER,tiller,TILLER,1800,4.477385997772217,88.0043282363105,1864.444066787837
31,18l_1024d,dclm,2027,rlb_fused_global_rational,GRAIN,tiller_v1,TILLER,tiller,TILLER,1850,4.465588092803955,86.9721622056398,1914.972396253841
31,18l_1024d,dclm,2027,rlb_fused_global_rational,GRAIN,tiller_v1,TILLER,tiller,TILLER,1900,4.453958034515381,85.96653000523789,1964.7027926009614
31,18l_1024d,dclm,2027,rlb_fused_global_rational,GRAIN,tiller_v1,TILLER,tiller,TILLER,1950,4.439389228820801,84.72317939179948,2014.8383618309163
31,18l_1024d,dclm,2027,rlb_fused_global_rational,GRAIN,tiller_v1,TILLER,tiller,TILLER,2000,4.427347660064697,83.70909722539366,2064.6575442019384
31,18l_1024d,dclm,2027,rlb_fused_global_rational,GRAIN,tiller_v1,TILLER,tiller,TILLER,2050,4.414782524108887,82.66386155418694,2114.8039703799877
31,18l_1024d,dclm,2027,rlb_fused_global_rational,GRAIN,tiller_v1,TILLER,tiller,TILLER,2100,4.40736198425293,82.05272137424515,2164.621347670909
31,18l_1024d,dclm,2027,rlb_fused_global_rational,GRAIN,tiller_v1,TILLER,tiller,TILLER,2150,4.396110534667969,81.13468362900211,2214.6792728069704
31,18l_1024d,dclm,2027,rlb_fused_global_rational,GRAIN,tiller_v1,TILLER,tiller,TILLER,2200,4.38566780090332,80.2918242662674,2264.634141767863
31,18l_1024d,dclm,2027,rlb_fused_global_rational,GRAIN,tiller_v1,TILLER,tiller,TILLER,2250,4.3830461502075195,80.08160283330086,2314.6645200799685
31,18l_1024d,dclm,2027,rlb_fused_global_rational,GRAIN,tiller_v1,TILLER,tiller,TILLER,2300,4.3713603019714355,79.15122807278254,2364.648582440801
31,18l_1024d,dclm,2027,rlb_fused_global_rational,GRAIN,tiller_v1,TILLER,tiller,TILLER,2350,4.365437030792236,78.68377966329365,2414.6427174969576
31,18l_1024d,dclm,2027,rlb_fused_global_rational,GRAIN,tiller_v1,TILLER,tiller,TILLER,2400,4.360305309295654,78.28103070136721,2464.544521140866
31,18l_1024d,dclm,2027,rlb_fused_global_rational,GRAIN,tiller_v1,TILLER,tiller,TILLER,2450,4.3497314453125,77.45765851454803,2514.5732953159604
31,18l_1024d,dclm,2027,rlb_fused_global_rational,GRAIN,tiller_v1,TILLER,tiller,TILLER,2500,4.345067977905273,77.09727821264825,2564.4854644818697
31,18l_1024d,dclm,2027,rlb_fused_global_rational,GRAIN,tiller_v1,TILLER,tiller,TILLER,2550,4.339654922485352,76.68107385784967,2614.5551349078305
31,18l_1024d,dclm,2027,rlb_fused_global_rational,GRAIN,tiller_v1,TILLER,tiller,TILLER,2600,4.331610202789307,76.06667077650626,2664.4386236539576
31,18l_1024d,dclm,2027,rlb_fused_global_rational,GRAIN,tiller_v1,TILLER,tiller,TILLER,2650,4.3222784996032715,75.36014087322962,2714.497500760015
31,18l_1024d,dclm,2027,rlb_fused_global_rational,GRAIN,tiller_v1,TILLER,tiller,TILLER,2700,4.3141865730285645,74.75279276881287,2764.340755714802
31,18l_1024d,dclm,2027,rlb_fused_global_rational,GRAIN,tiller_v1,TILLER,tiller,TILLER,2750,4.306850910186768,74.20643787226761,2814.3749688728712
31,18l_1024d,dclm,2027,rlb_fused_global_rational,GRAIN,tiller_v1,TILLER,tiller,TILLER,2800,4.2989068031311035,73.61926933839426,2864.1770648919046
31,18l_1024d,dclm,2027,rlb_fused_global_rational,GRAIN,tiller_v1,TILLER,tiller,TILLER,2850,4.295718193054199,73.38490004904033,2914.132159534842
31,18l_1024d,dclm,2027,rlb_fused_global_rational,GRAIN,tiller_v1,TILLER,tiller,TILLER,2900,4.2873711585998535,72.7749031342228,2963.88638596097
31,18l_1024d,dclm,2027,rlb_fused_global_rational,GRAIN,tiller_v1,TILLER,tiller,TILLER,2950,4.283234119415283,72.47445242500177,3013.837391454028
31,18l_1024d,dclm,2027,rlb_fused_global_rational,GRAIN,tiller_v1,TILLER,tiller,TILLER,3000,4.277940273284912,72.09179757707582,3063.613076462876
31,18l_1024d,dclm,2027,rlb_fused_global_rational,GRAIN,tiller_v1,TILLER,tiller,TILLER,3050,4.2696852684021,71.49912904250755,3113.762351220008
31,18l_1024d,dclm,2027,rlb_fused_global_rational,GRAIN,tiller_v1,TILLER,tiller,TILLER,3100,4.266180515289307,71.24898085730281,3163.592624025885
31,18l_1024d,dclm,2027,rlb_fused_global_rational,GRAIN,tiller_v1,TILLER,tiller,TILLER,3150,4.259988784790039,70.80918930989806,3213.7522399968
31,18l_1024d,dclm,2027,rlb_fused_global_rational,GRAIN,tiller_v1,TILLER,tiller,TILLER,3200,4.252042770385742,70.2487679783786,3263.6489991559647
31,18l_1024d,dclm,2027,rlb_fused_global_rational,GRAIN,tiller_v1,TILLER,tiller,TILLER,3250,4.248809814453125,70.02202353207971,3313.7283537238836
31,18l_1024d,dclm,2027,rlb_fused_global_rational,GRAIN,tiller_v1,TILLER,tiller,TILLER,3300,4.242674350738525,69.59372120774125,3363.4991557938047
31,18l_1024d,dclm,2027,rlb_fused_global_rational,GRAIN,tiller_v1,TILLER,tiller,TILLER,3350,4.2402663230896,69.42633921399754,3413.447701718891
31,18l_1024d,dclm,2027,rlb_fused_global_rational,GRAIN,tiller_v1,TILLER,tiller,TILLER,3400,4.237888336181641,69.26144042956048,3463.2020958589856
31,18l_1024d,dclm,2027,rlb_fused_global_rational,GRAIN,tiller_v1,TILLER,tiller,TILLER,3450,4.229704856872559,68.69695374769981,3513.174349003006
31,18l_1024d,dclm,2027,rlb_fused_global_rational,GRAIN,tiller_v1,TILLER,tiller,TILLER,3500,4.223910331726074,68.30003859971013,3563.386141850846
31,18l_1024d,dclm,2027,rlb_fused_global_rational,GRAIN,tiller_v1,TILLER,tiller,TILLER,3550,4.218898296356201,67.95857282457156,3613.770675949985
31,18l_1024d,dclm,2027,rlb_fused_global_rational,GRAIN,tiller_v1,TILLER,tiller,TILLER,3600,4.213442325592041,67.58880248341676,3664.177877235925
31,18l_1024d,dclm,2027,rlb_fused_global_rational,GRAIN,tiller_v1,TILLER,tiller,TILLER,3650,4.207704067230225,67.20207111583073,3714.196846670937
31,18l_1024d,dclm,2027,rlb_fused_global_rational,GRAIN,tiller_v1,TILLER,tiller,TILLER,3700,4.203941345214844,66.94968353329745,3764.0411436359864
31,18l_1024d,dclm,2027,rlb_fused_global_rational,GRAIN,tiller_v1,TILLER,tiller,TILLER,3750,4.202243804931641,66.836130156536,3814.005242313957
31,18l_1024d,dclm,2027,rlb_fused_global_rational,GRAIN,tiller_v1,TILLER,tiller,TILLER,3800,4.195197105407715,66.36681154563469,3863.8280768499244
31,18l_1024d,dclm,2027,rlb_fused_global_rational,GRAIN,tiller_v1,TILLER,tiller,TILLER,3850,4.1912713050842285,66.10677944641552,3913.863647609949
31,18l_1024d,dclm,2027,rlb_fused_global_rational,GRAIN,tiller_v1,TILLER,tiller,TILLER,3900,4.1896491050720215,65.99962796205791,3963.6551211008336
31,18l_1024d,dclm,2027,rlb_fused_global_rational,GRAIN,tiller_v1,TILLER,tiller,TILLER,3950,4.185500144958496,65.72636540784686,4013.690072487807
31,18l_1024d,dclm,2027,rlb_fused_global_rational,GRAIN,tiller_v1,TILLER,tiller,TILLER,4000,4.178555488586426,65.27149965678603,4063.5215426548384
31,18l_1024d,dclm,2027,rlb_fused_global_rational,GRAIN,tiller_v1,TILLER,tiller,TILLER,4050,4.172760486602783,64.8943450481204,4113.621303710854
31,18l_1024d,dclm,2027,rlb_fused_global_rational,GRAIN,tiller_v1,TILLER,tiller,TILLER,4100,4.171151638031006,64.79002381480896,4163.42284399597
31,18l_1024d,dclm,2027,rlb_fused_global_rational,GRAIN,tiller_v1,TILLER,tiller,TILLER,4150,4.164490222930908,64.35986489606267,4213.484424848808
31,18l_1024d,dclm,2027,rlb_fused_global_rational,GRAIN,tiller_v1,TILLER,tiller,TILLER,4200,4.162525653839111,64.23354961291268,4263.424231729936
31,18l_1024d,dclm,2027,rlb_fused_global_rational,GRAIN,tiller_v1,TILLER,tiller,TILLER,4250,4.159937858581543,64.0675412283449,4313.478896620916
31,18l_1024d,dclm,2027,rlb_fused_global_rational,GRAIN,tiller_v1,TILLER,tiller,TILLER,4300,4.156462669372559,63.84528082258924,4363.408927430864
31,18l_1024d,dclm,2027,rlb_fused_global_rational,GRAIN,tiller_v1,TILLER,tiller,TILLER,4350,4.153770446777344,63.67362628475371,4413.371954086935
31,18l_1024d,dclm,2027,rlb_fused_global_rational,GRAIN,tiller_v1,TILLER,tiller,TILLER,4400,4.149579048156738,63.407303258250664,4463.204015849857
31,18l_1024d,dclm,2027,rlb_fused_global_rational,GRAIN,tiller_v1,TILLER,tiller,TILLER,4450,4.1451945304870605,63.129901397805135,4513.378943547839
31,18l_1024d,dclm,2027,rlb_fused_global_rational,GRAIN,tiller_v1,TILLER,tiller,TILLER,4500,4.141874313354492,62.92064399984071,4563.226612401893
31,18l_1024d,dclm,2027,rlb_fused_global_rational,GRAIN,tiller_v1,TILLER,tiller,TILLER,4550,4.1380743980407715,62.6820045731125,4613.353287709877
31,18l_1024d,dclm,2027,rlb_fused_global_rational,GRAIN,tiller_v1,TILLER,tiller,TILLER,4600,4.135779857635498,62.53834306253678,4663.1232145610265
31,18l_1024d,dclm,2027,rlb_fused_global_rational,GRAIN,tiller_v1,TILLER,tiller,TILLER,4650,4.133339881896973,62.385937031857445,4713.128949977923
31,18l_1024d,dclm,2027,rlb_fused_global_rational,GRAIN,tiller_v1,TILLER,tiller,TILLER,4700,4.137016296386719,62.615715716753265,4763.076374290977
31,18l_1024d,dclm,2027,rlb_fused_global_rational,GRAIN,tiller_v1,TILLER,tiller,TILLER,4750,4.128201961517334,62.06622508516059,4812.980710051954
31,18l_1024d,dclm,2027,rlb_fused_global_rational,GRAIN,tiller_v1,TILLER,tiller,TILLER,4800,4.1268205642700195,61.98054616461404,4862.708111663815
31,18l_1024d,dclm,2027,rlb_fused_global_rational,GRAIN,tiller_v1,TILLER,tiller,TILLER,4850,4.122374057769775,61.7055610777628,4912.651289026951
31,18l_1024d,dclm,2027,rlb_fused_global_rational,GRAIN,tiller_v1,TILLER,tiller,TILLER,4900,4.116076469421387,61.318185900252686,4962.451029643882
31,18l_1024d,dclm,2027,rlb_fused_global_rational,GRAIN,tiller_v1,TILLER,tiller,TILLER,4950,4.113905906677246,61.18523527143816,5012.356048841029
31,18l_1024d,dclm,2027,rlb_fused_global_rational,GRAIN,tiller_v1,TILLER,tiller,TILLER,5000,4.1142473220825195,61.206128419753504,5062.154227237916
31,18l_1024d,dclm,2027,rlb_fused_global_rational,GRAIN,tiller_v1,TILLER,tiller,TILLER,5050,4.10827112197876,60.841439162135025,5112.302536310861
31,18l_1024d,dclm,2027,rlb_fused_global_rational,GRAIN,tiller_v1,TILLER,tiller,TILLER,5100,4.10571813583374,60.686309916575986,5162.086316892877
31,18l_1024d,dclm,2027,rlb_fused_global_rational,GRAIN,tiller_v1,TILLER,tiller,TILLER,5150,4.104211330413818,60.59493631428658,5212.116571170976
31,18l_1024d,dclm,2027,rlb_fused_global_rational,GRAIN,tiller_v1,TILLER,tiller,TILLER,5200,4.101960182189941,60.45868155339937,5261.813840206945
31,18l_1024d,dclm,2027,rlb_fused_global_rational,GRAIN,tiller_v1,TILLER,tiller,TILLER,5250,4.099637985229492,60.318447475456914,5312.310600901954
31,18l_1024d,dclm,2027,rlb_fused_global_rational,GRAIN,tiller_v1,TILLER,tiller,TILLER,5300,4.094699859619141,60.02132163135816,5362.726029701997
31,18l_1024d,dclm,2027,rlb_fused_global_rational,GRAIN,tiller_v1,TILLER,tiller,TILLER,5350,4.088149547576904,59.62944809362399,5412.7551234879065
31,18l_1024d,dclm,2027,rlb_fused_global_rational,GRAIN,tiller_v1,TILLER,tiller,TILLER,5400,4.084537506103516,59.41445257419196,5462.65735930088
31,18l_1024d,dclm,2027,rlb_fused_global_rational,GRAIN,tiller_v1,TILLER,tiller,TILLER,5450,4.0815887451171875,59.23951161072321,5513.194102025824
31,18l_1024d,dclm,2027,rlb_fused_global_rational,GRAIN,tiller_v1,TILLER,tiller,TILLER,5500,4.076831817626953,58.958382734397716,5563.095792033011
31,18l_1024d,dclm,2027,rlb_fused_global_rational,GRAIN,tiller_v1,TILLER,tiller,TILLER,5550,4.077378273010254,58.990609664521415,5613.22043462703
31,18l_1024d,dclm,2027,rlb_fused_global_rational,GRAIN,tiller_v1,TILLER,tiller,TILLER,5600,4.076376914978027,58.931568509308875,5662.96347155096
31,18l_1024d,dclm,2027,rlb_fused_global_rational,GRAIN,tiller_v1,TILLER,tiller,TILLER,5650,4.072561264038086,58.707134667431845,5713.054836882977
31,18l_1024d,dclm,2027,rlb_fused_global_rational,GRAIN,tiller_v1,TILLER,tiller,TILLER,5700,4.070250988006592,58.57166153175702,5762.825230194954
31,18l_1024d,dclm,2027,rlb_fused_global_rational,GRAIN,tiller_v1,TILLER,tiller,TILLER,5750,4.067439079284668,58.407194707055325,5812.644272529986
31,18l_1024d,dclm,2027,rlb_fused_global_rational,GRAIN,tiller_v1,TILLER,tiller,TILLER,5800,4.065387725830078,58.28750371265967,5862.446606497979
31,18l_1024d,dclm,2027,rlb_fused_global_rational,GRAIN,tiller_v1,TILLER,tiller,TILLER,5850,4.065393924713135,58.287865031198734,5912.503328862833
31,18l_1024d,dclm,2027,rlb_fused_global_rational,GRAIN,tiller_v1,TILLER,tiller,TILLER,5900,4.061365127563477,58.053507453264466,5962.445491146995
31,18l_1024d,dclm,2027,rlb_fused_global_rational,GRAIN,tiller_v1,TILLER,tiller,TILLER,5950,4.060112953186035,57.980859831948145,6012.456447736826
31,18l_1024d,dclm,2027,rlb_fused_global_rational,GRAIN,tiller_v1,TILLER,tiller,TILLER,6000,4.051631927490234,57.491202005151585,6062.366952568991
31,18l_1024d,dclm,2027,rlb_fused_global_rational,GRAIN,tiller_v1,TILLER,tiller,TILLER,6050,4.049336910247803,57.35940999557568,6112.315996958874
31,18l_1024d,dclm,2027,rlb_fused_global_rational,GRAIN,tiller_v1,TILLER,tiller,TILLER,6100,4.049677848815918,57.37896936476971,6162.206838489976
31,18l_1024d,dclm,2027,rlb_fused_global_rational,GRAIN,tiller_v1,TILLER,tiller,TILLER,6150,4.045797348022461,57.156741684830074,6212.25567815383
31,18l_1024d,dclm,2027,rlb_fused_global_rational,GRAIN,tiller_v1,TILLER,tiller,TILLER,6200,4.044870853424072,57.10381079627504,6262.089649389964
31,18l_1024d,dclm,2027,rlb_fused_global_rational,GRAIN,tiller_v1,TILLER,tiller,TILLER,6250,4.043109893798828,57.00334177792036,6312.198128395015
31,18l_1024d,dclm,2027,rlb_fused_global_rational,GRAIN,tiller_v1,TILLER,tiller,TILLER,6300,4.039218902587891,56.7819732269014,6361.987817964982
31,18l_1024d,dclm,2027,rlb_fused_global_rational,GRAIN,tiller_v1,TILLER,tiller,TILLER,6350,4.036668300628662,56.63732955736924,6412.000549239805
31,18l_1024d,dclm,2027,rlb_fused_global_rational,GRAIN,tiller_v1,TILLER,tiller,TILLER,6400,4.035273551940918,56.5583897796644,6461.738585399929
31,18l_1024d,dclm,2027,rlb_fused_global_rational,GRAIN,tiller_v1,TILLER,tiller,TILLER,6450,4.032468795776367,56.39997954216447,6511.688186908839
31,18l_1024d,dclm,2027,rlb_fused_global_rational,GRAIN,tiller_v1,TILLER,tiller,TILLER,6500,4.029505729675293,56.23311001948431,6561.5997979869135
31,18l_1024d,dclm,2027,rlb_fused_global_rational,GRAIN,tiller_v1,TILLER,tiller,TILLER,6550,4.029166221618652,56.21402166609097,6611.566606369801
31,18l_1024d,dclm,2027,rlb_fused_global_rational,GRAIN,tiller_v1,TILLER,tiller,TILLER,6600,4.026409149169922,56.05924899350012,6661.302526145941
31,18l_1024d,dclm,2027,rlb_fused_global_rational,GRAIN,tiller_v1,TILLER,tiller,TILLER,6650,4.0271525382995605,56.100938323595116,6711.32463323581
31,18l_1024d,dclm,2027,rlb_fused_global_rational,GRAIN,tiller_v1,TILLER,tiller,TILLER,6700,4.022456645965576,55.83811194256002,6761.041136375861
31,18l_1024d,dclm,2027,rlb_fused_global_rational,GRAIN,tiller_v1,TILLER,tiller,TILLER,6750,4.02205753326416,55.81583068952197,6811.070888899965
31,18l_1024d,dclm,2027,rlb_fused_global_rational,GRAIN,tiller_v1,TILLER,tiller,TILLER,6800,4.021064281463623,55.76041903860767,6860.815387798008
31,18l_1024d,dclm,2027,rlb_fused_global_rational,GRAIN,tiller_v1,TILLER,tiller,TILLER,6850,4.0209527015686035,55.75419764400283,6910.881336366991
31,18l_1024d,dclm,2027,rlb_fused_global_rational,GRAIN,tiller_v1,TILLER,tiller,TILLER,6900,4.019350051879883,55.66491476020691,6960.609020726988
31,18l_1024d,dclm,2027,rlb_fused_global_rational,GRAIN,tiller_v1,TILLER,tiller,TILLER,6950,4.015079975128174,55.427728064896506,7011.087346490007
31,18l_1024d,dclm,2027,rlb_fused_global_rational,GRAIN,tiller_v1,TILLER,tiller,TILLER,7000,4.013370037078857,55.33303106976236,7060.977156567853
31,18l_1024d,dclm,2027,rlb_fused_global_rational,GRAIN,tiller_v1,TILLER,tiller,TILLER,7050,4.010496616363525,55.17426420328474,7111.026129928883
31,18l_1024d,dclm,2027,rlb_fused_global_rational,GRAIN,tiller_v1,TILLER,tiller,TILLER,7100,4.009171962738037,55.101225800147056,7160.916814538883
31,18l_1024d,dclm,2027,rlb_fused_global_rational,GRAIN,tiller_v1,TILLER,tiller,TILLER,7150,4.0102739334106445,55.16197920308975,7211.440783433849
31,18l_1024d,dclm,2027,rlb_fused_global_rational,GRAIN,tiller_v1,TILLER,tiller,TILLER,7200,4.007702350616455,55.02030784436508,7261.354903324973
31,18l_1024d,dclm,2027,rlb_fused_global_rational,GRAIN,tiller_v1,TILLER,tiller,TILLER,7250,4.006597995758057,54.95957943911329,7311.314159857808
31,18l_1024d,dclm,2027,rlb_fused_global_rational,GRAIN,tiller_v1,TILLER,tiller,TILLER,7300,4.004940032958984,54.86853399678457,7361.356520347996
31,18l_1024d,dclm,2027,rlb_fused_global_rational,GRAIN,tiller_v1,TILLER,tiller,TILLER,7350,4.003515243530273,54.79041355538216,7411.345669800881
31,18l_1024d,dclm,2027,rlb_fused_global_rational,GRAIN,tiller_v1,TILLER,tiller,TILLER,7400,4.002746105194092,54.748288349993345,7461.135593175888
31,18l_1024d,dclm,2027,rlb_fused_global_rational,GRAIN,tiller_v1,TILLER,tiller,TILLER,7450,4.001948833465576,54.704656483045454,7511.242040663958
31,18l_1024d,dclm,2027,rlb_fused_global_rational,GRAIN,tiller_v1,TILLER,tiller,TILLER,7500,4.000937461853027,54.64935771492004,7561.034909603884
31,18l_1024d,dclm,2027,rlb_fused_global_rational,GRAIN,tiller_v1,TILLER,tiller,TILLER,7550,3.9988362789154053,54.53464997011814,7611.101328608813
31,18l_1024d,dclm,2027,rlb_fused_global_rational,GRAIN,tiller_v1,TILLER,tiller,TILLER,7600,3.998312473297119,54.506091894165806,7660.794311971869
31,18l_1024d,dclm,2027,rlb_fused_global_rational,GRAIN,tiller_v1,TILLER,tiller,TILLER,7650,3.9971375465393066,54.44208883515164,7710.662967070937
31,18l_1024d,dclm,2027,rlb_fused_global_rational,GRAIN,tiller_v1,TILLER,tiller,TILLER,7700,3.993969202041626,54.269870510106266,7760.52099107299
31,18l_1024d,dclm,2027,rlb_fused_global_rational,GRAIN,tiller_v1,TILLER,tiller,TILLER,7750,3.991797924041748,54.15216336791926,7810.506411867915
31,18l_1024d,dclm,2027,rlb_fused_global_rational,GRAIN,tiller_v1,TILLER,tiller,TILLER,7800,3.991506576538086,54.136388568389926,7860.381917032879
31,18l_1024d,dclm,2027,rlb_fused_global_rational,GRAIN,tiller_v1,TILLER,tiller,TILLER,7850,3.9910497665405273,54.11166417246574,7910.43263651384
31,18l_1024d,dclm,2027,rlb_fused_global_rational,GRAIN,tiller_v1,TILLER,tiller,TILLER,7900,3.9896490573883057,54.03592252760867,7960.223746926989
31,18l_1024d,dclm,2027,rlb_fused_global_rational,GRAIN,tiller_v1,TILLER,tiller,TILLER,7950,3.988011121749878,53.94748760946877,8010.277797255898
31,18l_1024d,dclm,2027,rlb_fused_global_rational,GRAIN,tiller_v1,TILLER,tiller,TILLER,8000,3.988072633743286,53.950806129034326,8059.9874416179955
31,18l_1024d,dclm,2027,rlb_fused_global_rational,GRAIN,tiller_v1,TILLER,tiller,TILLER,8050,3.9849162101745605,53.780783006674035,8110.0419347339775
31,18l_1024d,dclm,2027,rlb_fused_global_rational,GRAIN,tiller_v1,TILLER,tiller,TILLER,8100,3.984572172164917,53.76228355557098,8159.702482266817
31,18l_1024d,dclm,2027,rlb_fused_global_rational,GRAIN,tiller_v1,TILLER,tiller,TILLER,8150,3.9834818840026855,53.70369911699916,8209.560839721002
31,18l_1024d,dclm,2027,rlb_fused_global_rational,GRAIN,tiller_v1,TILLER,tiller,TILLER,8200,3.982563018798828,53.65437532099245,8259.303633417934
31,18l_1024d,dclm,2027,rlb_fused_global_rational,GRAIN,tiller_v1,TILLER,tiller,TILLER,8250,3.9822518825531006,53.637684096845284,8309.169185863808
31,18l_1024d,dclm,2027,rlb_fused_global_rational,GRAIN,tiller_v1,TILLER,tiller,TILLER,8300,3.981348991394043,53.589276962557214,8358.99650235381
31,18l_1024d,dclm,2027,rlb_fused_global_rational,GRAIN,tiller_v1,TILLER,tiller,TILLER,8350,3.9812464714050293,53.58378327208312,8408.908364538802
31,18l_1024d,dclm,2027,rlb_fused_global_rational,GRAIN,tiller_v1,TILLER,tiller,TILLER,8400,3.9798989295959473,53.51162551255319,8458.531866576988
31,18l_1024d,dclm,2027,rlb_fused_global_rational,GRAIN,tiller_v1,TILLER,tiller,TILLER,8450,3.98048996925354,53.543262353766295,8508.492219005944
31,18l_1024d,dclm,2027,rlb_fused_global_rational,GRAIN,tiller_v1,TILLER,tiller,TILLER,8500,3.978684663772583,53.44668760845835,8558.27866447391
31,18l_1024d,dclm,2027,rlb_fused_global_rational,GRAIN,tiller_v1,TILLER,tiller,TILLER,8550,3.9801065921783447,53.52273902878622,8608.272660673829
31,18l_1024d,dclm,2027,rlb_fused_global_rational,GRAIN,tiller_v1,TILLER,tiller,TILLER,8600,3.9773035049438477,53.37292019798295,8658.039431874873
31,18l_1024d,dclm,2027,rlb_fused_global_rational,GRAIN,tiller_v1,TILLER,tiller,TILLER,8650,3.976199150085449,53.31401008907512,8708.578661106993
31,18l_1024d,dclm,2027,rlb_fused_global_rational,GRAIN,tiller_v1,TILLER,tiller,TILLER,8700,3.976161003112793,53.31197635978061,8758.369847625028
31,18l_1024d,dclm,2027,rlb_fused_global_rational,GRAIN,tiller_v1,TILLER,tiller,TILLER,8750,3.975137710571289,53.257450514702064,8808.414827949833
31,18l_1024d,dclm,2027,rlb_fused_global_rational,GRAIN,tiller_v1,TILLER,tiller,TILLER,8800,3.9737744331359863,53.18489530183302,8858.28141930583
31,18l_1024d,dclm,2027,rlb_fused_global_rational,GRAIN,tiller_v1,TILLER,tiller,TILLER,8850,3.974177122116089,53.20631658584701,8908.795034644892
31,18l_1024d,dclm,2027,rlb_fused_global_rational,GRAIN,tiller_v1,TILLER,tiller,TILLER,8900,3.973127603530884,53.15050486058433,8958.652350866003
31,18l_1024d,dclm,2027,rlb_fused_global_rational,GRAIN,tiller_v1,TILLER,tiller,TILLER,8950,3.9731853008270264,53.15357158947353,9008.558102199808
31,18l_1024d,dclm,2027,rlb_fused_global_rational,GRAIN,tiller_v1,TILLER,tiller,TILLER,9000,3.9724924564361572,53.11675719034075,9058.18446117593
31,18l_1024d,dclm,2027,rlb_fused_global_rational,GRAIN,tiller_v1,TILLER,tiller,TILLER,9050,3.9720122814178467,53.0912579730178,9108.228732495802
31,18l_1024d,dclm,2027,rlb_fused_global_rational,GRAIN,tiller_v1,TILLER,tiller,TILLER,9100,3.9710702896118164,53.04126999086657,9158.546957529848
31,18l_1024d,dclm,2027,rlb_fused_global_rational,GRAIN,tiller_v1,TILLER,tiller,TILLER,9150,3.970794200897217,53.02662791616285,9208.534640435828
32,18l_1024d,dclm,3407,rlb_fused_global_rational,GRAIN,tiller_v1,TILLER,tiller,TILLER,1,11.07476806640625,64522.4217499105,11.141047841054387
32,18l_1024d,dclm,3407,rlb_fused_global_rational,GRAIN,tiller_v1,TILLER,tiller,TILLER,50,8.362298965454102,4282.528843830212,63.36824827606324
32,18l_1024d,dclm,3407,rlb_fused_global_rational,GRAIN,tiller_v1,TILLER,tiller,TILLER,100,6.970937728881836,1065.2211709986666,116.72224063309841
32,18l_1024d,dclm,3407,rlb_fused_global_rational,GRAIN,tiller_v1,TILLER,tiller,TILLER,150,6.436923980712891,624.4829208750111,170.25065296608955
32,18l_1024d,dclm,3407,rlb_fused_global_rational,GRAIN,tiller_v1,TILLER,tiller,TILLER,200,6.1266069412231445,457.87990850316237,223.85965661203954
32,18l_1024d,dclm,3407,rlb_fused_global_rational,GRAIN,tiller_v1,TILLER,tiller,TILLER,250,5.905061721801758,366.8898701924677,277.8307558490196
32,18l_1024d,dclm,3407,rlb_fused_global_rational,GRAIN,tiller_v1,TILLER,tiller,TILLER,300,5.72252082824707,305.6745054845254,331.4572033880977
32,18l_1024d,dclm,3407,rlb_fused_global_rational,GRAIN,tiller_v1,TILLER,tiller,TILLER,350,5.57973575592041,265.00157143721907,385.33225931506604
32,18l_1024d,dclm,3407,rlb_fused_global_rational,GRAIN,tiller_v1,TILLER,tiller,TILLER,400,5.462032794952393,235.57581529340464,438.787767078029
32,18l_1024d,dclm,3407,rlb_fused_global_rational,GRAIN,tiller_v1,TILLER,tiller,TILLER,450,5.367694854736328,214.36814800196296,492.6287426870549
32,18l_1024d,dclm,3407,rlb_fused_global_rational,GRAIN,tiller_v1,TILLER,tiller,TILLER,500,5.2975358963012695,199.8437670043163,546.2868094820296
32,18l_1024d,dclm,3407,rlb_fused_global_rational,GRAIN,tiller_v1,TILLER,tiller,TILLER,550,5.2231035232543945,185.5090231633278,599.8760579120135
32,18l_1024d,dclm,3407,rlb_fused_global_rational,GRAIN,tiller_v1,TILLER,tiller,TILLER,600,5.15935754776001,174.0525991955284,653.5748227860313
32,18l_1024d,dclm,3407,rlb_fused_global_rational,GRAIN,tiller_v1,TILLER,tiller,TILLER,650,5.100407123565674,164.08869807877778,707.0871848750394
32,18l_1024d,dclm,3407,rlb_fused_global_rational,GRAIN,tiller_v1,TILLER,tiller,TILLER,700,5.0454559326171875,155.31509627611914,760.8092959440546
32,18l_1024d,dclm,3407,rlb_fused_global_rational,GRAIN,tiller_v1,TILLER,tiller,TILLER,750,4.989598274230957,146.87740720294204,814.4666784030851
32,18l_1024d,dclm,3407,rlb_fused_global_rational,GRAIN,tiller_v1,TILLER,tiller,TILLER,800,4.943386077880859,140.24432468512794,868.1475719580194
32,18l_1024d,dclm,3407,rlb_fused_global_rational,GRAIN,tiller_v1,TILLER,tiller,TILLER,850,4.891335487365723,133.13125048556498,921.8447132030269
32,18l_1024d,dclm,3407,rlb_fused_global_rational,GRAIN,tiller_v1,TILLER,tiller,TILLER,900,4.84777307510376,127.45623810135287,975.9067639870336
32,18l_1024d,dclm,3407,rlb_fused_global_rational,GRAIN,tiller_v1,TILLER,tiller,TILLER,950,4.800371170043945,121.55552691685588,1030.0963010611013
32,18l_1024d,dclm,3407,rlb_fused_global_rational,GRAIN,tiller_v1,TILLER,tiller,TILLER,1000,4.759008407592773,116.63021890186454,1083.7149011940928
32,18l_1024d,dclm,3407,rlb_fused_global_rational,GRAIN,tiller_v1,TILLER,tiller,TILLER,1050,4.720280647277832,112.199736800341,1137.5940205680672
32,18l_1024d,dclm,3407,rlb_fused_global_rational,GRAIN,tiller_v1,TILLER,tiller,TILLER,1100,4.6887969970703125,108.7223078486601,1191.1741041360656
32,18l_1024d,dclm,3407,rlb_fused_global_rational,GRAIN,tiller_v1,TILLER,tiller,TILLER,1150,4.6587324142456055,105.50226419455682,1244.909202964045
32,18l_1024d,dclm,3407,rlb_fused_global_rational,GRAIN,tiller_v1,TILLER,tiller,TILLER,1200,4.631585121154785,102.67669017913757,1298.45635106205
32,18l_1024d,dclm,3407,rlb_fused_global_rational,GRAIN,tiller_v1,TILLER,tiller,TILLER,1250,4.610069751739502,100.49115882506759,1352.372234871029
32,18l_1024d,dclm,3407,rlb_fused_global_rational,GRAIN,tiller_v1,TILLER,tiller,TILLER,1300,4.585752964019775,98.07700780451364,1405.945355476113
32,18l_1024d,dclm,3407,rlb_fused_global_rational,GRAIN,tiller_v1,TILLER,tiller,TILLER,1350,4.5609354972839355,95.6729397540701,1459.7894016490318
32,18l_1024d,dclm,3407,rlb_fused_global_rational,GRAIN,tiller_v1,TILLER,tiller,TILLER,1400,4.542769908905029,93.95067484955362,1513.3604854320874
32,18l_1024d,dclm,3407,rlb_fused_global_rational,GRAIN,tiller_v1,TILLER,tiller,TILLER,1450,4.53074836730957,92.82800453827359,1567.148768138024
32,18l_1024d,dclm,3407,rlb_fused_global_rational,GRAIN,tiller_v1,TILLER,tiller,TILLER,1500,4.5082597732543945,90.7637315236955,1620.8782617649995
32,18l_1024d,dclm,3407,rlb_fused_global_rational,GRAIN,tiller_v1,TILLER,tiller,TILLER,1550,4.492859363555908,89.37664116723565,1674.5063101320993
32,18l_1024d,dclm,3407,rlb_fused_global_rational,GRAIN,tiller_v1,TILLER,tiller,TILLER,1600,4.479092121124268,88.15460263267217,1728.2205618540756
32,18l_1024d,dclm,3407,rlb_fused_global_rational,GRAIN,tiller_v1,TILLER,tiller,TILLER,1650,4.458606719970703,86.36709168418942,1781.9082177010132
32,18l_1024d,dclm,3407,rlb_fused_global_rational,GRAIN,tiller_v1,TILLER,tiller,TILLER,1700,4.44468355178833,85.17292075383185,1835.6222152920673
32,18l_1024d,dclm,3407,rlb_fused_global_rational,GRAIN,tiller_v1,TILLER,tiller,TILLER,1750,4.430460453033447,83.97007228459591,1889.3324816660024
32,18l_1024d,dclm,3407,rlb_fused_global_rational,GRAIN,tiller_v1,TILLER,tiller,TILLER,1800,4.415501594543457,82.72332406934412,1943.0707952741068
32,18l_1024d,dclm,3407,rlb_fused_global_rational,GRAIN,tiller_v1,TILLER,tiller,TILLER,1850,4.4069695472717285,82.02052716948116,1996.8275288750883
32,18l_1024d,dclm,3407,rlb_fused_global_rational,GRAIN,tiller_v1,TILLER,tiller,TILLER,1900,4.394227981567383,80.98208695950488,2050.554699566099
32,18l_1024d,dclm,3407,rlb_fused_global_rational,GRAIN,tiller_v1,TILLER,tiller,TILLER,1950,4.381689071655273,79.97299951595018,2104.356157370028
32,18l_1024d,dclm,3407,rlb_fused_global_rational,GRAIN,tiller_v1,TILLER,tiller,TILLER,2000,4.3663411140441895,78.75494851712442,2157.939303109073
32,18l_1024d,dclm,3407,rlb_fused_global_rational,GRAIN,tiller_v1,TILLER,tiller,TILLER,2050,4.365194320678711,78.66468463157136,2211.792270110105
32,18l_1024d,dclm,3407,rlb_fused_global_rational,GRAIN,tiller_v1,TILLER,tiller,TILLER,2100,4.357099533081055,78.03048105271742,2265.3257625770057
32,18l_1024d,dclm,3407,rlb_fused_global_rational,GRAIN,tiller_v1,TILLER,tiller,TILLER,2150,4.344323635101318,77.03991276083536,2319.148500237032
32,18l_1024d,dclm,3407,rlb_fused_global_rational,GRAIN,tiller_v1,TILLER,tiller,TILLER,2200,4.336172580718994,76.41450855678585,2372.644049917115
32,18l_1024d,dclm,3407,rlb_fused_global_rational,GRAIN,tiller_v1,TILLER,tiller,TILLER,2250,4.326433181762695,75.67388961789196,2426.5394714880968
32,18l_1024d,dclm,3407,rlb_fused_global_rational,GRAIN,tiller_v1,TILLER,tiller,TILLER,2300,4.313854217529297,74.72795239519658,2480.1259210980497
32,18l_1024d,dclm,3407,rlb_fused_global_rational,GRAIN,tiller_v1,TILLER,tiller,TILLER,2350,4.3079986572265625,74.29165698730766,2534.7154178440105
32,18l_1024d,dclm,3407,rlb_fused_global_rational,GRAIN,tiller_v1,TILLER,tiller,TILLER,2400,4.302035808563232,73.84998519941604,2588.412903924007
32,18l_1024d,dclm,3407,rlb_fused_global_rational,GRAIN,tiller_v1,TILLER,tiller,TILLER,2450,4.2919697761535645,73.11033775789232,2642.1973753590137
32,18l_1024d,dclm,3407,rlb_fused_global_rational,GRAIN,tiller_v1,TILLER,tiller,TILLER,2500,4.286752700805664,72.72990884312722,2695.913708917098
32,18l_1024d,dclm,3407,rlb_fused_global_rational,GRAIN,tiller_v1,TILLER,tiller,TILLER,2550,4.277998924255371,72.09602595496388,2749.427513961098
32,18l_1024d,dclm,3407,rlb_fused_global_rational,GRAIN,tiller_v1,TILLER,tiller,TILLER,2600,4.269986152648926,71.52064524087848,2803.1666622291086
32,18l_1024d,dclm,3407,rlb_fused_global_rational,GRAIN,tiller_v1,TILLER,tiller,TILLER,2650,4.2602620124816895,70.82853898455393,2856.8855145710986
32,18l_1024d,dclm,3407,rlb_fused_global_rational,GRAIN,tiller_v1,TILLER,tiller,TILLER,2700,4.252532482147217,70.28317805110768,2910.602453980013
32,18l_1024d,dclm,3407,rlb_fused_global_rational,GRAIN,tiller_v1,TILLER,tiller,TILLER,2750,4.247284412384033,69.91529321651946,2964.3029482490383
32,18l_1024d,dclm,3407,rlb_fused_global_rational,GRAIN,tiller_v1,TILLER,tiller,TILLER,2800,4.243926525115967,69.68091926446112,3018.031927420059
32,18l_1024d,dclm,3407,rlb_fused_global_rational,GRAIN,tiller_v1,TILLER,tiller,TILLER,2850,4.237738609313965,69.25107090735166,3071.865552289062
32,18l_1024d,dclm,3407,rlb_fused_global_rational,GRAIN,tiller_v1,TILLER,tiller,TILLER,2900,4.227595806121826,68.55222106376178,3125.1307212820975
32,18l_1024d,dclm,3407,rlb_fused_global_rational,GRAIN,tiller_v1,TILLER,tiller,TILLER,2950,4.221741676330566,68.1520798462503,3178.957951420103
32,18l_1024d,dclm,3407,rlb_fused_global_rational,GRAIN,tiller_v1,TILLER,tiller,TILLER,3000,4.219120025634766,67.97364290057303,3232.5129205411067
32,18l_1024d,dclm,3407,rlb_fused_global_rational,GRAIN,tiller_v1,TILLER,tiller,TILLER,3050,4.211979866027832,67.49002883662833,3286.376426652074
32,18l_1024d,dclm,3407,rlb_fused_global_rational,GRAIN,tiller_v1,TILLER,tiller,TILLER,3100,4.212046146392822,67.49450224862088,3339.9317070470424
32,18l_1024d,dclm,3407,rlb_fused_global_rational,GRAIN,tiller_v1,TILLER,tiller,TILLER,3150,4.202718257904053,66.8678482809375,3393.7593694321113
32,18l_1024d,dclm,3407,rlb_fused_global_rational,GRAIN,tiller_v1,TILLER,tiller,TILLER,3200,4.195868492126465,66.41138430257644,3447.2282209680416
32,18l_1024d,dclm,3407,rlb_fused_global_rational,GRAIN,tiller_v1,TILLER,tiller,TILLER,3250,4.191250801086426,66.10542400705101,3501.05254685611
32,18l_1024d,dclm,3407,rlb_fused_global_rational,GRAIN,tiller_v1,TILLER,tiller,TILLER,3300,4.18734073638916,65.84745219425136,3554.63322016201
32,18l_1024d,dclm,3407,rlb_fused_global_rational,GRAIN,tiller_v1,TILLER,tiller,TILLER,3350,4.183737754821777,65.61063192346124,3608.4003762610955
32,18l_1024d,dclm,3407,rlb_fused_global_rational,GRAIN,tiller_v1,TILLER,tiller,TILLER,3400,4.1749749183654785,65.03820837598698,3662.074258918059
32,18l_1024d,dclm,3407,rlb_fused_global_rational,GRAIN,tiller_v1,TILLER,tiller,TILLER,3450,4.175260543823242,65.05678759724948,3715.750259084045
32,18l_1024d,dclm,3407,rlb_fused_global_rational,GRAIN,tiller_v1,TILLER,tiller,TILLER,3500,4.169489860534668,64.68244662068271,3769.4691247250885
32,18l_1024d,dclm,3407,rlb_fused_global_rational,GRAIN,tiller_v1,TILLER,tiller,TILLER,3550,4.163829803466797,64.31737442089053,3823.1660903590964
32,18l_1024d,dclm,3407,rlb_fused_global_rational,GRAIN,tiller_v1,TILLER,tiller,TILLER,3600,4.159021377563477,64.00885144108089,3876.8172161910916
32,18l_1024d,dclm,3407,rlb_fused_global_rational,GRAIN,tiller_v1,TILLER,tiller,TILLER,3650,4.153005599975586,63.62494433482356,3930.490397025016
32,18l_1024d,dclm,3407,rlb_fused_global_rational,GRAIN,tiller_v1,TILLER,tiller,TILLER,3700,4.150261878967285,63.450614503972744,3984.152403377113
32,18l_1024d,dclm,3407,rlb_fused_global_rational,GRAIN,tiller_v1,TILLER,tiller,TILLER,3750,4.147226333618164,63.25829932461503,4038.1131695300573
32,18l_1024d,dclm,3407,rlb_fused_global_rational,GRAIN,tiller_v1,TILLER,tiller,TILLER,3800,4.14305305480957,62.99485490044344,4092.1447987110587
32,18l_1024d,dclm,3407,rlb_fused_global_rational,GRAIN,tiller_v1,TILLER,tiller,TILLER,3850,4.137238502502441,62.62963085768333,4145.981410062057
32,18l_1024d,dclm,3407,rlb_fused_global_rational,GRAIN,tiller_v1,TILLER,tiller,TILLER,3900,4.131837368011475,62.29227167957464,4199.583489808021
32,18l_1024d,dclm,3407,rlb_fused_global_rational,GRAIN,tiller_v1,TILLER,tiller,TILLER,3950,4.130447864532471,62.20577645798298,4253.418543998036
32,18l_1024d,dclm,3407,rlb_fused_global_rational,GRAIN,tiller_v1,TILLER,tiller,TILLER,4000,4.1237263679504395,61.789062583454744,4306.9651631161105
32,18l_1024d,dclm,3407,rlb_fused_global_rational,GRAIN,tiller_v1,TILLER,tiller,TILLER,4050,4.11761999130249,61.41290494355189,4360.851139632054
32,18l_1024d,dclm,3407,rlb_fused_global_rational,GRAIN,tiller_v1,TILLER,tiller,TILLER,4100,4.117181777954102,61.38599888456996,4414.380859030061
32,18l_1024d,dclm,3407,rlb_fused_global_rational,GRAIN,tiller_v1,TILLER,tiller,TILLER,4150,4.1098222732543945,60.93588667035198,4468.235725282109
32,18l_1024d,dclm,3407,rlb_fused_global_rational,GRAIN,tiller_v1,TILLER,tiller,TILLER,4200,4.1082305908203125,60.8389732380979,4521.815914833103
32,18l_1024d,dclm,3407,rlb_fused_global_rational,GRAIN,tiller_v1,TILLER,tiller,TILLER,4250,4.10713005065918,60.77205433491182,4575.677296866081
32,18l_1024d,dclm,3407,rlb_fused_global_rational,GRAIN,tiller_v1,TILLER,tiller,TILLER,4300,4.1035637855529785,60.555711076104686,4629.354425444035
32,18l_1024d,dclm,3407,rlb_fused_global_rational,GRAIN,tiller_v1,TILLER,tiller,TILLER,4350,4.0959014892578125,60.09348838055149,4683.081799001084
32,18l_1024d,dclm,3407,rlb_fused_global_rational,GRAIN,tiller_v1,TILLER,tiller,TILLER,4400,4.090941905975342,59.79618757365347,4736.819113752106
32,18l_1024d,dclm,3407,rlb_fused_global_rational,GRAIN,tiller_v1,TILLER,tiller,TILLER,4450,4.088506698608398,59.650748616043415,4790.448043039069
32,18l_1024d,dclm,3407,rlb_fused_global_rational,GRAIN,tiller_v1,TILLER,tiller,TILLER,4500,4.085653305053711,59.480784157474226,4844.163927477086
32,18l_1024d,dclm,3407,rlb_fused_global_rational,GRAIN,tiller_v1,TILLER,tiller,TILLER,4550,4.083428859710693,59.34861945523195,4897.8511198530905
32,18l_1024d,dclm,3407,rlb_fused_global_rational,GRAIN,tiller_v1,TILLER,tiller,TILLER,4600,4.08145809173584,59.231772273818166,4951.478301832103
32,18l_1024d,dclm,3407,rlb_fused_global_rational,GRAIN,tiller_v1,TILLER,tiller,TILLER,4650,4.07755184173584,59.00084947809241,5005.049824195099
32,18l_1024d,dclm,3407,rlb_fused_global_rational,GRAIN,tiller_v1,TILLER,tiller,TILLER,4700,4.074156284332275,58.80084845646977,5058.775738222059
32,18l_1024d,dclm,3407,rlb_fused_global_rational,GRAIN,tiller_v1,TILLER,tiller,TILLER,4750,4.071234703063965,58.62930770619741,5112.501751205069
32,18l_1024d,dclm,3407,rlb_fused_global_rational,GRAIN,tiller_v1,TILLER,tiller,TILLER,4800,4.068697929382324,58.48076690828663,5166.268705841037
32,18l_1024d,dclm,3407,rlb_fused_global_rational,GRAIN,tiller_v1,TILLER,tiller,TILLER,4850,4.065487384796143,58.293312874476875,5220.107488722075
32,18l_1024d,dclm,3407,rlb_fused_global_rational,GRAIN,tiller_v1,TILLER,tiller,TILLER,4900,4.059398174285889,57.939431144667545,5273.597357099061
32,18l_1024d,dclm,3407,rlb_fused_global_rational,GRAIN,tiller_v1,TILLER,tiller,TILLER,4950,4.05396032333374,57.62522024414634,5327.414628965082
32,18l_1024d,dclm,3407,rlb_fused_global_rational,GRAIN,tiller_v1,TILLER,tiller,TILLER,5000,4.0537004470825195,57.61024676364379,5380.944654025021
32,18l_1024d,dclm,3407,rlb_fused_global_rational,GRAIN,tiller_v1,TILLER,tiller,TILLER,5050,4.049244403839111,57.3541041279695,5434.813224909012
32,18l_1024d,dclm,3407,rlb_fused_global_rational,GRAIN,tiller_v1,TILLER,tiller,TILLER,5100,4.044885635375977,57.10465490829858,5488.31322969601
32,18l_1024d,dclm,3407,rlb_fused_global_rational,GRAIN,tiller_v1,TILLER,tiller,TILLER,5150,4.044280052185059,57.0700837580732,5542.466472475091
32,18l_1024d,dclm,3407,rlb_fused_global_rational,GRAIN,tiller_v1,TILLER,tiller,TILLER,5200,4.037580966949463,56.68904413604379,5596.0614519150695
32,18l_1024d,dclm,3407,rlb_fused_global_rational,GRAIN,tiller_v1,TILLER,tiller,TILLER,5250,4.035780906677246,56.587092227143856,5650.051070856047
32,18l_1024d,dclm,3407,rlb_fused_global_rational,GRAIN,tiller_v1,TILLER,tiller,TILLER,5300,4.034124851226807,56.49345841742642,5703.664989203098
32,18l_1024d,dclm,3407,rlb_fused_global_rational,GRAIN,tiller_v1,TILLER,tiller,TILLER,5350,4.031669616699219,56.35492386473817,5757.244102034019
32,18l_1024d,dclm,3407,rlb_fused_global_rational,GRAIN,tiller_v1,TILLER,tiller,TILLER,5400,4.025145530700684,55.98845622804302,5810.954224001034
32,18l_1024d,dclm,3407,rlb_fused_global_rational,GRAIN,tiller_v1,TILLER,tiller,TILLER,5450,4.024944305419922,55.97719106867456,5864.6836712521035
32,18l_1024d,dclm,3407,rlb_fused_global_rational,GRAIN,tiller_v1,TILLER,tiller,TILLER,5500,4.023807525634766,55.913593484510656,5918.614693387062
32,18l_1024d,dclm,3407,rlb_fused_global_rational,GRAIN,tiller_v1,TILLER,tiller,TILLER,5550,4.019923686981201,55.69685526944804,5972.277049812023
32,18l_1024d,dclm,3407,rlb_fused_global_rational,GRAIN,tiller_v1,TILLER,tiller,TILLER,5600,4.016529560089111,55.508133529114524,6025.963114858023
32,18l_1024d,dclm,3407,rlb_fused_global_rational,GRAIN,tiller_v1,TILLER,tiller,TILLER,5650,4.016149044036865,55.48701581134658,6079.634056477109
32,18l_1024d,dclm,3407,rlb_fused_global_rational,GRAIN,tiller_v1,TILLER,tiller,TILLER,5700,4.014830589294434,55.413906898193936,6133.292364412104
32,18l_1024d,dclm,3407,rlb_fused_global_rational,GRAIN,tiller_v1,TILLER,tiller,TILLER,5750,4.01364803314209,55.34841557288305,6186.924293803051
32,18l_1024d,dclm,3407,rlb_fused_global_rational,GRAIN,tiller_v1,TILLER,tiller,TILLER,5800,4.008876800537109,55.084964401059295,6240.428085754043
32,18l_1024d,dclm,3407,rlb_fused_global_rational,GRAIN,tiller_v1,TILLER,tiller,TILLER,5850,4.007369041442871,55.001972126928294,6294.300163401058
32,18l_1024d,dclm,3407,rlb_fused_global_rational,GRAIN,tiller_v1,TILLER,tiller,TILLER,5900,4.002798557281494,54.751160087312655,6347.772273051087
32,18l_1024d,dclm,3407,rlb_fused_global_rational,GRAIN,tiller_v1,TILLER,tiller,TILLER,5950,4.000789165496826,54.641254015191606,6401.574858329026
32,18l_1024d,dclm,3407,rlb_fused_global_rational,GRAIN,tiller_v1,TILLER,tiller,TILLER,6000,3.9975361824035645,54.46379573057249,6455.164365933044
32,18l_1024d,dclm,3407,rlb_fused_global_rational,GRAIN,tiller_v1,TILLER,tiller,TILLER,6050,3.9944920539855957,54.29825303668447,6508.897800769075
32,18l_1024d,dclm,3407,rlb_fused_global_rational,GRAIN,tiller_v1,TILLER,tiller,TILLER,6100,3.993976593017578,54.27027161889642,6562.426904630032
32,18l_1024d,dclm,3407,rlb_fused_global_rational,GRAIN,tiller_v1,TILLER,tiller,TILLER,6150,3.994020938873291,54.27267833389465,6616.216306307004
32,18l_1024d,dclm,3407,rlb_fused_global_rational,GRAIN,tiller_v1,TILLER,tiller,TILLER,6200,3.9917309284210205,54.148535531646615,6669.837028022041
32,18l_1024d,dclm,3407,rlb_fused_global_rational,GRAIN,tiller_v1,TILLER,tiller,TILLER,6250,3.9887917041778564,53.98961450995042,6723.56627820211
32,18l_1024d,dclm,3407,rlb_fused_global_rational,GRAIN,tiller_v1,TILLER,tiller,TILLER,6300,3.9873433113098145,53.911472940852285,6777.253264857107
32,18l_1024d,dclm,3407,rlb_fused_global_rational,GRAIN,tiller_v1,TILLER,tiller,TILLER,6350,3.9833474159240723,53.696478169268836,6830.8250272281
32,18l_1024d,dclm,3407,rlb_fused_global_rational,GRAIN,tiller_v1,TILLER,tiller,TILLER,6400,3.982513427734375,53.651714609382026,6884.457492442103
32,18l_1024d,dclm,3407,rlb_fused_global_rational,GRAIN,tiller_v1,TILLER,tiller,TILLER,6450,3.9813380241394043,53.58868923853373,6938.099161558086
32,18l_1024d,dclm,3407,rlb_fused_global_rational,GRAIN,tiller_v1,TILLER,tiller,TILLER,6500,3.977932929992676,53.406525025635354,6991.752196927089
32,18l_1024d,dclm,3407,rlb_fused_global_rational,GRAIN,tiller_v1,TILLER,tiller,TILLER,6550,3.9761393070220947,53.31081971085363,7045.402375112055
32,18l_1024d,dclm,3407,rlb_fused_global_rational,GRAIN,tiller_v1,TILLER,tiller,TILLER,6600,3.9726898670196533,53.127244035444164,7099.458645598032
32,18l_1024d,dclm,3407,rlb_fused_global_rational,GRAIN,tiller_v1,TILLER,tiller,TILLER,6650,3.97196102142334,53.0885365851755,7153.453910492011
32,18l_1024d,dclm,3407,rlb_fused_global_rational,GRAIN,tiller_v1,TILLER,tiller,TILLER,6700,3.970583438873291,53.015453094396676,7207.063133083051
32,18l_1024d,dclm,3407,rlb_fused_global_rational,GRAIN,tiller_v1,TILLER,tiller,TILLER,6750,3.9678683280944824,52.87170549988515,7260.829381510033
32,18l_1024d,dclm,3407,rlb_fused_global_rational,GRAIN,tiller_v1,TILLER,tiller,TILLER,6800,3.968362331390381,52.89783074911018,7314.2943863880355
32,18l_1024d,dclm,3407,rlb_fused_global_rational,GRAIN,tiller_v1,TILLER,tiller,TILLER,6850,3.964851140975952,52.71242208588391,7368.111216348014
32,18l_1024d,dclm,3407,rlb_fused_global_rational,GRAIN,tiller_v1,TILLER,tiller,TILLER,6900,3.9617433547973633,52.54885744270097,7421.625205953023
32,18l_1024d,dclm,3407,rlb_fused_global_rational,GRAIN,tiller_v1,TILLER,tiller,TILLER,6950,3.960793972015381,52.49899213660895,7475.370344501105
32,18l_1024d,dclm,3407,rlb_fused_global_rational,GRAIN,tiller_v1,TILLER,tiller,TILLER,7000,3.957875967025757,52.34602310634199,7528.827736536041
32,18l_1024d,dclm,3407,rlb_fused_global_rational,GRAIN,tiller_v1,TILLER,tiller,TILLER,7050,3.9562153816223145,52.25917019773787,7582.691171623999
32,18l_1024d,dclm,3407,rlb_fused_global_rational,GRAIN,tiller_v1,TILLER,tiller,TILLER,7100,3.9529662132263184,52.0896469075283,7636.029902853072
32,18l_1024d,dclm,3407,rlb_fused_global_rational,GRAIN,tiller_v1,TILLER,tiller,TILLER,7150,3.954735517501831,52.18189092231294,7689.35914170905
32,18l_1024d,dclm,3407,rlb_fused_global_rational,GRAIN,tiller_v1,TILLER,tiller,TILLER,7200,3.9514410495758057,52.010262224201824,7742.840867436025
32,18l_1024d,dclm,3407,rlb_fused_global_rational,GRAIN,tiller_v1,TILLER,tiller,TILLER,7250,3.949568271636963,51.91294970332804,7796.489856701111
32,18l_1024d,dclm,3407,rlb_fused_global_rational,GRAIN,tiller_v1,TILLER,tiller,TILLER,7300,3.9475395679473877,51.80774046599574,7850.131582393078
32,18l_1024d,dclm,3407,rlb_fused_global_rational,GRAIN,tiller_v1,TILLER,tiller,TILLER,7350,3.946434497833252,51.750520901963895,7903.761231003096
32,18l_1024d,dclm,3407,rlb_fused_global_rational,GRAIN,tiller_v1,TILLER,tiller,TILLER,7400,3.9438893795013428,51.61897717071897,7957.400561030023
32,18l_1024d,dclm,3407,rlb_fused_global_rational,GRAIN,tiller_v1,TILLER,tiller,TILLER,7450,3.94323992729187,51.58546399572546,8011.043863020022
32,18l_1024d,dclm,3407,rlb_fused_global_rational,GRAIN,tiller_v1,TILLER,tiller,TILLER,7500,3.9437923431396484,51.61396849599566,8064.6869169711135
32,18l_1024d,dclm,3407,rlb_fused_global_rational,GRAIN,tiller_v1,TILLER,tiller,TILLER,7550,3.9414751529693604,51.49450757583463,8118.326749123051
32,18l_1024d,dclm,3407,rlb_fused_global_rational,GRAIN,tiller_v1,TILLER,tiller,TILLER,7600,3.939040184020996,51.369272582413565,8171.909586779075
32,18l_1024d,dclm,3407,rlb_fused_global_rational,GRAIN,tiller_v1,TILLER,tiller,TILLER,7650,3.9387381076812744,51.35375748406775,8225.74728600902
32,18l_1024d,dclm,3407,rlb_fused_global_rational,GRAIN,tiller_v1,TILLER,tiller,TILLER,7700,3.9383838176727295,51.33556658350734,8279.267970689107
32,18l_1024d,dclm,3407,rlb_fused_global_rational,GRAIN,tiller_v1,TILLER,tiller,TILLER,7750,3.937067985534668,51.2680620172499,8333.026753683109
32,18l_1024d,dclm,3407,rlb_fused_global_rational,GRAIN,tiller_v1,TILLER,tiller,TILLER,7800,3.9352850914001465,51.176737924976365,8386.411796951084
32,18l_1024d,dclm,3407,rlb_fused_global_rational,GRAIN,tiller_v1,TILLER,tiller,TILLER,7850,3.935950756072998,51.21081581244936,8440.196942127077
32,18l_1024d,dclm,3407,rlb_fused_global_rational,GRAIN,tiller_v1,TILLER,tiller,TILLER,7900,3.9348888397216797,51.15646307391231,8493.703136801021
32,18l_1024d,dclm,3407,rlb_fused_global_rational,GRAIN,tiller_v1,TILLER,tiller,TILLER,7950,3.9337713718414307,51.09932929808516,8547.481909038033
32,18l_1024d,dclm,3407,rlb_fused_global_rational,GRAIN,tiller_v1,TILLER,tiller,TILLER,8000,3.9331727027893066,51.06874686634122,8601.295270840055
32,18l_1024d,dclm,3407,rlb_fused_global_rational,GRAIN,tiller_v1,TILLER,tiller,TILLER,8050,3.93137788772583,50.977170116441215,8655.15931851603
32,18l_1024d,dclm,3407,rlb_fused_global_rational,GRAIN,tiller_v1,TILLER,tiller,TILLER,8100,3.9302961826324463,50.92205766496356,8708.75929967803
32,18l_1024d,dclm,3407,rlb_fused_global_rational,GRAIN,tiller_v1,TILLER,tiller,TILLER,8150,3.928682804107666,50.839967349871706,8762.72493032203
32,18l_1024d,dclm,3407,rlb_fused_global_rational,GRAIN,tiller_v1,TILLER,tiller,TILLER,8200,3.9288885593414307,50.850429015472685,8816.181034048088
32,18l_1024d,dclm,3407,rlb_fused_global_rational,GRAIN,tiller_v1,TILLER,tiller,TILLER,8250,3.927121162414551,50.76063549726822,8869.772740722052
32,18l_1024d,dclm,3407,rlb_fused_global_rational,GRAIN,tiller_v1,TILLER,tiller,TILLER,8300,3.927271842956543,50.768284713616374,8923.35685608408
32,18l_1024d,dclm,3407,rlb_fused_global_rational,GRAIN,tiller_v1,TILLER,tiller,TILLER,8350,3.926257371902466,50.71680787360612,8976.97017763101
32,18l_1024d,dclm,3407,rlb_fused_global_rational,GRAIN,tiller_v1,TILLER,tiller,TILLER,8400,3.9249913692474365,50.652640886541896,9030.593892908073
32,18l_1024d,dclm,3407,rlb_fused_global_rational,GRAIN,tiller_v1,TILLER,tiller,TILLER,8450,3.923846960067749,50.59470669586863,9084.226586698089
32,18l_1024d,dclm,3407,rlb_fused_global_rational,GRAIN,tiller_v1,TILLER,tiller,TILLER,8500,3.923433303833008,50.57378220806977,9137.960960038006
32,18l_1024d,dclm,3407,rlb_fused_global_rational,GRAIN,tiller_v1,TILLER,tiller,TILLER,8550,3.9227819442749023,50.540851217760945,9191.625233054045
32,18l_1024d,dclm,3407,rlb_fused_global_rational,GRAIN,tiller_v1,TILLER,tiller,TILLER,8600,3.922410488128662,50.52208099431316,9245.125506911078
32,18l_1024d,dclm,3407,rlb_fused_global_rational,GRAIN,tiller_v1,TILLER,tiller,TILLER,8650,3.9228694438934326,50.54527371644335,9298.79413038108
32,18l_1024d,dclm,3407,rlb_fused_global_rational,GRAIN,tiller_v1,TILLER,tiller,TILLER,8700,3.921597480773926,50.48102286343094,9352.218137028045
32,18l_1024d,dclm,3407,rlb_fused_global_rational,GRAIN,tiller_v1,TILLER,tiller,TILLER,8750,3.92067813873291,50.434634863325684,9405.938759260112
32,18l_1024d,dclm,3407,rlb_fused_global_rational,GRAIN,tiller_v1,TILLER,tiller,TILLER,8800,3.9197394847869873,50.38731640560282,9459.342692690087
32,18l_1024d,dclm,3407,rlb_fused_global_rational,GRAIN,tiller_v1,TILLER,tiller,TILLER,8850,3.919692277908325,50.384937833814064,9513.112404414103
32,18l_1024d,dclm,3407,rlb_fused_global_rational,GRAIN,tiller_v1,TILLER,tiller,TILLER,8900,3.919078826904297,50.354038621657374,9566.619601718034
32,18l_1024d,dclm,3407,rlb_fused_global_rational,GRAIN,tiller_v1,TILLER,tiller,TILLER,8950,3.9193496704101562,50.367678533069174,9620.33955337503
32,18l_1024d,dclm,3407,rlb_fused_global_rational,GRAIN,tiller_v1,TILLER,tiller,TILLER,9000,3.9195609092712402,50.378319267946736,9673.927728658076
32,18l_1024d,dclm,3407,rlb_fused_global_rational,GRAIN,tiller_v1,TILLER,tiller,TILLER,9050,3.918715715408325,50.335757810552444,9727.638382263016
32,18l_1024d,dclm,3407,rlb_fused_global_rational,GRAIN,tiller_v1,TILLER,tiller,TILLER,9100,3.9184317588806152,50.32146667267188,9781.20587862609
32,18l_1024d,dclm,3407,rlb_fused_global_rational,GRAIN,tiller_v1,TILLER,tiller,TILLER,9150,3.916011095046997,50.19980263152353,9834.759071012028
33,18l_1024d,fineweb_edu,1337,rlb_fused_global_rational,GRAIN,tiller_v1,TILLER,tiller,TILLER,1,11.095455169677734,65871.10583767453,9.283882981864735
33,18l_1024d,fineweb_edu,1337,rlb_fused_global_rational,GRAIN,tiller_v1,TILLER,tiller,TILLER,50,8.451778411865234,4683.394337760282,58.34484723187052
33,18l_1024d,fineweb_edu,1337,rlb_fused_global_rational,GRAIN,tiller_v1,TILLER,tiller,TILLER,100,7.212329864501953,1356.047997827647,108.1090539409779
33,18l_1024d,fineweb_edu,1337,rlb_fused_global_rational,GRAIN,tiller_v1,TILLER,tiller,TILLER,150,6.661433696746826,781.6708130555087,158.1140003229957
33,18l_1024d,fineweb_edu,1337,rlb_fused_global_rational,GRAIN,tiller_v1,TILLER,tiller,TILLER,200,6.279046058654785,533.2797035472537,207.89824349200353
33,18l_1024d,fineweb_edu,1337,rlb_fused_global_rational,GRAIN,tiller_v1,TILLER,tiller,TILLER,250,5.993283271789551,400.72815182576363,257.90720246499404
33,18l_1024d,fineweb_edu,1337,rlb_fused_global_rational,GRAIN,tiller_v1,TILLER,tiller,TILLER,300,5.780825138092041,324.0264467044123,307.7505668888334
33,18l_1024d,fineweb_edu,1337,rlb_fused_global_rational,GRAIN,tiller_v1,TILLER,tiller,TILLER,350,5.60683012008667,272.27977441799743,357.6960538488347
33,18l_1024d,fineweb_edu,1337,rlb_fused_global_rational,GRAIN,tiller_v1,TILLER,tiller,TILLER,400,5.465487480163574,236.39106297985234,407.4827105619479
33,18l_1024d,fineweb_edu,1337,rlb_fused_global_rational,GRAIN,tiller_v1,TILLER,tiller,TILLER,450,5.346988201141357,209.9749422841097,457.50852535804734
33,18l_1024d,fineweb_edu,1337,rlb_fused_global_rational,GRAIN,tiller_v1,TILLER,tiller,TILLER,500,5.242612838745117,189.16371153899155,507.39116438501514
33,18l_1024d,fineweb_edu,1337,rlb_fused_global_rational,GRAIN,tiller_v1,TILLER,tiller,TILLER,550,5.153750419616699,173.07939495838096,557.4973951689899
33,18l_1024d,fineweb_edu,1337,rlb_fused_global_rational,GRAIN,tiller_v1,TILLER,tiller,TILLER,600,5.067620754241943,158.796062670923,607.4367697299458
33,18l_1024d,fineweb_edu,1337,rlb_fused_global_rational,GRAIN,tiller_v1,TILLER,tiller,TILLER,650,4.993143081665039,147.39898322501185,657.4821331908461
33,18l_1024d,fineweb_edu,1337,rlb_fused_global_rational,GRAIN,tiller_v1,TILLER,tiller,TILLER,700,4.92086124420166,137.120656717545,707.2647397469264
33,18l_1024d,fineweb_edu,1337,rlb_fused_global_rational,GRAIN,tiller_v1,TILLER,tiller,TILLER,750,4.85430383682251,128.2913484069904,757.3138677990064
33,18l_1024d,fineweb_edu,1337,rlb_fused_global_rational,GRAIN,tiller_v1,TILLER,tiller,TILLER,800,4.789101600646973,120.19333852580903,807.074316520011
33,18l_1024d,fineweb_edu,1337,rlb_fused_global_rational,GRAIN,tiller_v1,TILLER,tiller,TILLER,850,4.73037052154541,113.3375485734295,857.4539575239178
33,18l_1024d,fineweb_edu,1337,rlb_fused_global_rational,GRAIN,tiller_v1,TILLER,tiller,TILLER,900,4.673188209533691,107.03846004305746,907.8800182710402
33,18l_1024d,fineweb_edu,1337,rlb_fused_global_rational,GRAIN,tiller_v1,TILLER,tiller,TILLER,950,4.62381649017334,101.88212320764889,957.9003973719664
33,18l_1024d,fineweb_edu,1337,rlb_fused_global_rational,GRAIN,tiller_v1,TILLER,tiller,TILLER,1000,4.587419509887695,98.24059391062114,1007.738856313983
33,18l_1024d,fineweb_edu,1337,rlb_fused_global_rational,GRAIN,tiller_v1,TILLER,tiller,TILLER,1050,4.541716575622559,93.85176557818282,1057.7635358229745
33,18l_1024d,fineweb_edu,1337,rlb_fused_global_rational,GRAIN,tiller_v1,TILLER,tiller,TILLER,1100,4.508432865142822,90.77944334914122,1107.6737062819302
33,18l_1024d,fineweb_edu,1337,rlb_fused_global_rational,GRAIN,tiller_v1,TILLER,tiller,TILLER,1150,4.473049163818359,87.62349448080701,1157.6323940688744
33,18l_1024d,fineweb_edu,1337,rlb_fused_global_rational,GRAIN,tiller_v1,TILLER,tiller,TILLER,1200,4.440943717956543,84.85498307086186,1207.5234236798715
33,18l_1024d,fineweb_edu,1337,rlb_fused_global_rational,GRAIN,tiller_v1,TILLER,tiller,TILLER,1250,4.414615154266357,82.65002727444865,1257.6805447100196
33,18l_1024d,fineweb_edu,1337,rlb_fused_global_rational,GRAIN,tiller_v1,TILLER,tiller,TILLER,1300,4.389662742614746,80.61322698923354,1307.4524004799314
33,18l_1024d,fineweb_edu,1337,rlb_fused_global_rational,GRAIN,tiller_v1,TILLER,tiller,TILLER,1350,4.363147258758545,78.50381785949737,1357.4726853938773
33,18l_1024d,fineweb_edu,1337,rlb_fused_global_rational,GRAIN,tiller_v1,TILLER,tiller,TILLER,1400,4.344371795654297,77.04362313498146,1407.3524661220144
33,18l_1024d,fineweb_edu,1337,rlb_fused_global_rational,GRAIN,tiller_v1,TILLER,tiller,TILLER,1450,4.320547103881836,75.22977553731403,1457.370113575831
33,18l_1024d,fineweb_edu,1337,rlb_fused_global_rational,GRAIN,tiller_v1,TILLER,tiller,TILLER,1500,4.299574375152588,73.66843191079984,1507.3333355388604
33,18l_1024d,fineweb_edu,1337,rlb_fused_global_rational,GRAIN,tiller_v1,TILLER,tiller,TILLER,1550,4.280571937561035,72.28176884602226,1557.3563934520353
33,18l_1024d,fineweb_edu,1337,rlb_fused_global_rational,GRAIN,tiller_v1,TILLER,tiller,TILLER,1600,4.267112731933594,71.31543131144389,1607.3022606929298
33,18l_1024d,fineweb_edu,1337,rlb_fused_global_rational,GRAIN,tiller_v1,TILLER,tiller,TILLER,1650,4.2494707107543945,70.0683161240559,1657.3420155518688
33,18l_1024d,fineweb_edu,1337,rlb_fused_global_rational,GRAIN,tiller_v1,TILLER,tiller,TILLER,1700,4.231985569000244,68.85381052783482,1707.1064879139885
33,18l_1024d,fineweb_edu,1337,rlb_fused_global_rational,GRAIN,tiller_v1,TILLER,tiller,TILLER,1750,4.22194766998291,68.16612018815366,1757.104040561011
33,18l_1024d,fineweb_edu,1337,rlb_fused_global_rational,GRAIN,tiller_v1,TILLER,tiller,TILLER,1800,4.209526062011719,67.32462455066572,1806.9617757459637
33,18l_1024d,fineweb_edu,1337,rlb_fused_global_rational,GRAIN,tiller_v1,TILLER,tiller,TILLER,1850,4.193902969360352,66.28097941367214,1857.03294082894
33,18l_1024d,fineweb_edu,1337,rlb_fused_global_rational,GRAIN,tiller_v1,TILLER,tiller,TILLER,1900,4.180139541625977,65.3749751078779,1906.8169348868541
33,18l_1024d,fineweb_edu,1337,rlb_fused_global_rational,GRAIN,tiller_v1,TILLER,tiller,TILLER,1950,4.167940139770508,64.58228452176625,1956.7207426109817
33,18l_1024d,fineweb_edu,1337,rlb_fused_global_rational,GRAIN,tiller_v1,TILLER,tiller,TILLER,2000,4.153927326202393,63.68361615021772,2006.4447627449408
33,18l_1024d,fineweb_edu,1337,rlb_fused_global_rational,GRAIN,tiller_v1,TILLER,tiller,TILLER,2050,4.145268440246582,63.13456748606867,2056.3586507958826
33,18l_1024d,fineweb_edu,1337,rlb_fused_global_rational,GRAIN,tiller_v1,TILLER,tiller,TILLER,2100,4.132552623748779,62.33684252215846,2106.1936862599105
33,18l_1024d,fineweb_edu,1337,rlb_fused_global_rational,GRAIN,tiller_v1,TILLER,tiller,TILLER,2150,4.122678279876709,61.72433612931147,2156.1499551699962
33,18l_1024d,fineweb_edu,1337,rlb_fused_global_rational,GRAIN,tiller_v1,TILLER,tiller,TILLER,2200,4.113577842712402,61.16516589276508,2205.932158439886
33,18l_1024d,fineweb_edu,1337,rlb_fused_global_rational,GRAIN,tiller_v1,TILLER,tiller,TILLER,2250,4.103531837463379,60.55377646772514,2255.9484997319523
33,18l_1024d,fineweb_edu,1337,rlb_fused_global_rational,GRAIN,tiller_v1,TILLER,tiller,TILLER,2300,4.095558166503906,60.072860459848734,2306.086605770979
33,18l_1024d,fineweb_edu,1337,rlb_fused_global_rational,GRAIN,tiller_v1,TILLER,tiller,TILLER,2350,4.092037200927734,59.86171791705115,2356.3173453428317
33,18l_1024d,fineweb_edu,1337,rlb_fused_global_rational,GRAIN,tiller_v1,TILLER,tiller,TILLER,2400,4.075551986694336,58.88297423779347,2406.1897065569647
33,18l_1024d,fineweb_edu,1337,rlb_fused_global_rational,GRAIN,tiller_v1,TILLER,tiller,TILLER,2450,4.068721771240234,58.48216121504311,2456.1644906289876
33,18l_1024d,fineweb_edu,1337,rlb_fused_global_rational,GRAIN,tiller_v1,TILLER,tiller,TILLER,2500,4.05810022354126,57.864277400349955,2505.9420743759256
33,18l_1024d,fineweb_edu,1337,rlb_fused_global_rational,GRAIN,tiller_v1,TILLER,tiller,TILLER,2550,4.0478291511535645,57.272990989407575,2555.8832287108526
33,18l_1024d,fineweb_edu,1337,rlb_fused_global_rational,GRAIN,tiller_v1,TILLER,tiller,TILLER,2600,4.042983531951904,56.996139185448506,2605.734522949904
33,18l_1024d,fineweb_edu,1337,rlb_fused_global_rational,GRAIN,tiller_v1,TILLER,tiller,TILLER,2650,4.037448883056641,56.681556920895076,2655.7750130470376
33,18l_1024d,fineweb_edu,1337,rlb_fused_global_rational,GRAIN,tiller_v1,TILLER,tiller,TILLER,2700,4.029159069061279,56.213619593513755,2705.648820834933
33,18l_1024d,fineweb_edu,1337,rlb_fused_global_rational,GRAIN,tiller_v1,TILLER,tiller,TILLER,2750,4.019329071044922,55.66374687606885,2755.584016904002
33,18l_1024d,fineweb_edu,1337,rlb_fused_global_rational,GRAIN,tiller_v1,TILLER,tiller,TILLER,2800,4.011924743652344,55.25311636769592,2805.349942967994
33,18l_1024d,fineweb_edu,1337,rlb_fused_global_rational,GRAIN,tiller_v1,TILLER,tiller,TILLER,2850,4.005868911743164,54.91952389198292,2855.283519756049
33,18l_1024d,fineweb_edu,1337,rlb_fused_global_rational,GRAIN,tiller_v1,TILLER,tiller,TILLER,2900,3.994734525680542,54.311420422425556,2905.000760017894
33,18l_1024d,fineweb_edu,1337,rlb_fused_global_rational,GRAIN,tiller_v1,TILLER,tiller,TILLER,2950,3.9925928115844727,54.195225360445335,2955.0550856350455
33,18l_1024d,fineweb_edu,1337,rlb_fused_global_rational,GRAIN,tiller_v1,TILLER,tiller,TILLER,3000,3.9839119911193848,53.7268024282756,3004.935815434903
33,18l_1024d,fineweb_edu,1337,rlb_fused_global_rational,GRAIN,tiller_v1,TILLER,tiller,TILLER,3050,3.9761462211608887,53.311188310534604,3055.08759321901
33,18l_1024d,fineweb_edu,1337,rlb_fused_global_rational,GRAIN,tiller_v1,TILLER,tiller,TILLER,3100,3.9712424278259277,53.050401206249994,3104.9184658608865
33,18l_1024d,fineweb_edu,1337,rlb_fused_global_rational,GRAIN,tiller_v1,TILLER,tiller,TILLER,3150,3.9676220417022705,52.858685521675035,3155.003314077854
33,18l_1024d,fineweb_edu,1337,rlb_fused_global_rational,GRAIN,tiller_v1,TILLER,tiller,TILLER,3200,3.959768295288086,52.44517274753364,3204.7961513099726
33,18l_1024d,fineweb_edu,1337,rlb_fused_global_rational,GRAIN,tiller_v1,TILLER,tiller,TILLER,3250,3.9546666145324707,52.17829555894858,3254.777415846009
33,18l_1024d,fineweb_edu,1337,rlb_fused_global_rational,GRAIN,tiller_v1,TILLER,tiller,TILLER,3300,3.945002794265747,51.6764825097303,3304.6394744589925
33,18l_1024d,fineweb_edu,1337,rlb_fused_global_rational,GRAIN,tiller_v1,TILLER,tiller,TILLER,3350,3.939466714859009,51.391187834729465,3354.667715471005
33,18l_1024d,fineweb_edu,1337,rlb_fused_global_rational,GRAIN,tiller_v1,TILLER,tiller,TILLER,3400,3.9340360164642334,51.11285425038674,3404.5142447769176
33,18l_1024d,fineweb_edu,1337,rlb_fused_global_rational,GRAIN,tiller_v1,TILLER,tiller,TILLER,3450,3.9293346405029297,50.87311749398582,3454.4884118100163
33,18l_1024d,fineweb_edu,1337,rlb_fused_global_rational,GRAIN,tiller_v1,TILLER,tiller,TILLER,3500,3.923312187194824,50.567657252513,3504.2134516569786
33,18l_1024d,fineweb_edu,1337,rlb_fused_global_rational,GRAIN,tiller_v1,TILLER,tiller,TILLER,3550,3.918100595474243,50.30480480340788,3554.2886483399197
33,18l_1024d,fineweb_edu,1337,rlb_fused_global_rational,GRAIN,tiller_v1,TILLER,tiller,TILLER,3600,3.915008068084717,50.14947611962644,3604.039263866842
33,18l_1024d,fineweb_edu,1337,rlb_fused_global_rational,GRAIN,tiller_v1,TILLER,tiller,TILLER,3650,3.905540943145752,49.67694504819216,3654.1041827488225
33,18l_1024d,fineweb_edu,1337,rlb_fused_global_rational,GRAIN,tiller_v1,TILLER,tiller,TILLER,3700,3.9011754989624023,49.46055577866988,3703.9367057930212
33,18l_1024d,fineweb_edu,1337,rlb_fused_global_rational,GRAIN,tiller_v1,TILLER,tiller,TILLER,3750,3.898829936981201,49.34467893075709,3754.3857649888378
33,18l_1024d,fineweb_edu,1337,rlb_fused_global_rational,GRAIN,tiller_v1,TILLER,tiller,TILLER,3800,3.8929953575134277,49.05761175272411,3804.411941268947
33,18l_1024d,fineweb_edu,1337,rlb_fused_global_rational,GRAIN,tiller_v1,TILLER,tiller,TILLER,3850,3.8870668411254883,48.767633317776365,3854.3589735529386
33,18l_1024d,fineweb_edu,1337,rlb_fused_global_rational,GRAIN,tiller_v1,TILLER,tiller,TILLER,3900,3.8829550743103027,48.56752386507993,3904.271771030966
33,18l_1024d,fineweb_edu,1337,rlb_fused_global_rational,GRAIN,tiller_v1,TILLER,tiller,TILLER,3950,3.879214286804199,48.38618246988235,3954.1855746698566
33,18l_1024d,fineweb_edu,1337,rlb_fused_global_rational,GRAIN,tiller_v1,TILLER,tiller,TILLER,4000,3.874953508377075,48.180458251330315,4003.887877005851
33,18l_1024d,fineweb_edu,1337,rlb_fused_global_rational,GRAIN,tiller_v1,TILLER,tiller,TILLER,4050,3.869838237762451,47.93463144039429,4053.8014731928706
33,18l_1024d,fineweb_edu,1337,rlb_fused_global_rational,GRAIN,tiller_v1,TILLER,tiller,TILLER,4100,3.8645033836364746,47.67958808850813,4103.490061223041
33,18l_1024d,fineweb_edu,1337,rlb_fused_global_rational,GRAIN,tiller_v1,TILLER,tiller,TILLER,4150,3.86033296585083,47.481158341402,4153.350944611011
33,18l_1024d,fineweb_edu,1337,rlb_fused_global_rational,GRAIN,tiller_v1,TILLER,tiller,TILLER,4200,3.8557586669921875,47.264461329292494,4203.04234748194
33,18l_1024d,fineweb_edu,1337,rlb_fused_global_rational,GRAIN,tiller_v1,TILLER,tiller,TILLER,4250,3.8535282611846924,47.159159876395236,4252.9795844068285
33,18l_1024d,fineweb_edu,1337,rlb_fused_global_rational,GRAIN,tiller_v1,TILLER,tiller,TILLER,4300,3.849365234375,46.96324311581991,4302.8243480229285
33,18l_1024d,fineweb_edu,1337,rlb_fused_global_rational,GRAIN,tiller_v1,TILLER,tiller,TILLER,4350,3.847527027130127,46.876994238023975,4352.9538183189
33,18l_1024d,fineweb_edu,1337,rlb_fused_global_rational,GRAIN,tiller_v1,TILLER,tiller,TILLER,4400,3.842071771621704,46.62196451560712,4402.852746411925
33,18l_1024d,fineweb_edu,1337,rlb_fused_global_rational,GRAIN,tiller_v1,TILLER,tiller,TILLER,4450,3.8378047943115234,46.42345347311242,4452.8813059029635
33,18l_1024d,fineweb_edu,1337,rlb_fused_global_rational,GRAIN,tiller_v1,TILLER,tiller,TILLER,4500,3.831644058227539,46.13833001515865,4502.729160037823
33,18l_1024d,fineweb_edu,1337,rlb_fused_global_rational,GRAIN,tiller_v1,TILLER,tiller,TILLER,4550,3.830328941345215,46.077692599817304,4552.549985510996
33,18l_1024d,fineweb_edu,1337,rlb_fused_global_rational,GRAIN,tiller_v1,TILLER,tiller,TILLER,4600,3.8269879817962646,45.9240057664336,4602.199149305932
33,18l_1024d,fineweb_edu,1337,rlb_fused_global_rational,GRAIN,tiller_v1,TILLER,tiller,TILLER,4650,3.8226888179779053,45.726994737235714,4652.12507181894
33,18l_1024d,fineweb_edu,1337,rlb_fused_global_rational,GRAIN,tiller_v1,TILLER,tiller,TILLER,4700,3.81913161277771,45.56462339906796,4701.832742035855
33,18l_1024d,fineweb_edu,1337,rlb_fused_global_rational,GRAIN,tiller_v1,TILLER,tiller,TILLER,4750,3.8138883113861084,45.3263395886214,4751.717463553883
33,18l_1024d,fineweb_edu,1337,rlb_fused_global_rational,GRAIN,tiller_v1,TILLER,tiller,TILLER,4800,3.809802532196045,45.14152398853781,4801.538324865978
33,18l_1024d,fineweb_edu,1337,rlb_fused_global_rational,GRAIN,tiller_v1,TILLER,tiller,TILLER,4850,3.804716110229492,44.9124981042369,4851.592577610863
33,18l_1024d,fineweb_edu,1337,rlb_fused_global_rational,GRAIN,tiller_v1,TILLER,tiller,TILLER,4900,3.801867961883545,44.78476263817578,4901.329796910984
33,18l_1024d,fineweb_edu,1337,rlb_fused_global_rational,GRAIN,tiller_v1,TILLER,tiller,TILLER,4950,3.7988085746765137,44.647958084047815,4951.426772824954
33,18l_1024d,fineweb_edu,1337,rlb_fused_global_rational,GRAIN,tiller_v1,TILLER,tiller,TILLER,5000,3.7976224422454834,44.595031088403346,5001.318953486858
33,18l_1024d,fineweb_edu,1337,rlb_fused_global_rational,GRAIN,tiller_v1,TILLER,tiller,TILLER,5050,3.7941198348999023,44.43910543751309,5051.401246231049
33,18l_1024d,fineweb_edu,1337,rlb_fused_global_rational,GRAIN,tiller_v1,TILLER,tiller,TILLER,5100,3.792755603790283,44.37852156199164,5101.388788773911
33,18l_1024d,fineweb_edu,1337,rlb_fused_global_rational,GRAIN,tiller_v1,TILLER,tiller,TILLER,5150,3.788473129272461,44.18887803587973,5151.602229944896
33,18l_1024d,fineweb_edu,1337,rlb_fused_global_rational,GRAIN,tiller_v1,TILLER,tiller,TILLER,5200,3.78467059135437,44.02116721704598,5201.467201757943
33,18l_1024d,fineweb_edu,1337,rlb_fused_global_rational,GRAIN,tiller_v1,TILLER,tiller,TILLER,5250,3.7823307514190674,43.91828514272462,5251.85809620982
33,18l_1024d,fineweb_edu,1337,rlb_fused_global_rational,GRAIN,tiller_v1,TILLER,tiller,TILLER,5300,3.7771236896514893,43.69019427623699,5301.671315476997
33,18l_1024d,fineweb_edu,1337,rlb_fused_global_rational,GRAIN,tiller_v1,TILLER,tiller,TILLER,5350,3.773571491241455,43.53527335541994,5351.545919136843
33,18l_1024d,fineweb_edu,1337,rlb_fused_global_rational,GRAIN,tiller_v1,TILLER,tiller,TILLER,5400,3.7721669673919678,43.474169946340794,5401.371281263884
33,18l_1024d,fineweb_edu,1337,rlb_fused_global_rational,GRAIN,tiller_v1,TILLER,tiller,TILLER,5450,3.764525890350342,43.14324638079832,5451.38439496886
33,18l_1024d,fineweb_edu,1337,rlb_fused_global_rational,GRAIN,tiller_v1,TILLER,tiller,TILLER,5500,3.75923490524292,42.91557893037639,5501.175078799017
33,18l_1024d,fineweb_edu,1337,rlb_fused_global_rational,GRAIN,tiller_v1,TILLER,tiller,TILLER,5550,3.7555084228515625,42.7559523886493,5551.379780221032
33,18l_1024d,fineweb_edu,1337,rlb_fused_global_rational,GRAIN,tiller_v1,TILLER,tiller,TILLER,5600,3.75412917137146,42.69702182740811,5601.102914325893
33,18l_1024d,fineweb_edu,1337,rlb_fused_global_rational,GRAIN,tiller_v1,TILLER,tiller,TILLER,5650,3.7498679161071777,42.51546602092356,5651.080906457966
33,18l_1024d,fineweb_edu,1337,rlb_fused_global_rational,GRAIN,tiller_v1,TILLER,tiller,TILLER,5700,3.7485945224761963,42.461361552727915,5700.862382187974
33,18l_1024d,fineweb_edu,1337,rlb_fused_global_rational,GRAIN,tiller_v1,TILLER,tiller,TILLER,5750,3.7464473247528076,42.370286427012715,5750.784748998936
33,18l_1024d,fineweb_edu,1337,rlb_fused_global_rational,GRAIN,tiller_v1,TILLER,tiller,TILLER,5800,3.7442808151245117,42.278590159804544,5800.525168169988
33,18l_1024d,fineweb_edu,1337,rlb_fused_global_rational,GRAIN,tiller_v1,TILLER,tiller,TILLER,5850,3.741956949234009,42.18045445750318,5850.481856287923
33,18l_1024d,fineweb_edu,1337,rlb_fused_global_rational,GRAIN,tiller_v1,TILLER,tiller,TILLER,5900,3.738123893737793,42.0190839034321,5900.250240600901
33,18l_1024d,fineweb_edu,1337,rlb_fused_global_rational,GRAIN,tiller_v1,TILLER,tiller,TILLER,5950,3.735224962234497,41.8974498469463,5950.142455430003
33,18l_1024d,fineweb_edu,1337,rlb_fused_global_rational,GRAIN,tiller_v1,TILLER,tiller,TILLER,6000,3.732333183288574,41.77646669616413,5999.854378996883
33,18l_1024d,fineweb_edu,1337,rlb_fused_global_rational,GRAIN,tiller_v1,TILLER,tiller,TILLER,6050,3.729884386062622,41.67428975677093,6049.864050142933
33,18l_1024d,fineweb_edu,1337,rlb_fused_global_rational,GRAIN,tiller_v1,TILLER,tiller,TILLER,6100,3.7267396450042725,41.54344075764005,6099.618764508981
33,18l_1024d,fineweb_edu,1337,rlb_fused_global_rational,GRAIN,tiller_v1,TILLER,tiller,TILLER,6150,3.724212646484375,41.438593075097344,6149.564857010962
33,18l_1024d,fineweb_edu,1337,rlb_fused_global_rational,GRAIN,tiller_v1,TILLER,tiller,TILLER,6200,3.7200045585632324,41.26458221538933,6199.408737953985
33,18l_1024d,fineweb_edu,1337,rlb_fused_global_rational,GRAIN,tiller_v1,TILLER,tiller,TILLER,6250,3.71746826171875,41.16005559702696,6249.485153151909
33,18l_1024d,fineweb_edu,1337,rlb_fused_global_rational,GRAIN,tiller_v1,TILLER,tiller,TILLER,6300,3.7177133560180664,41.17014492838163,6299.361279598903
33,18l_1024d,fineweb_edu,1337,rlb_fused_global_rational,GRAIN,tiller_v1,TILLER,tiller,TILLER,6350,3.7132911682128906,40.98848477923168,6349.348533893004
33,18l_1024d,fineweb_edu,1337,rlb_fused_global_rational,GRAIN,tiller_v1,TILLER,tiller,TILLER,6400,3.7108561992645264,40.88880050486306,6399.186967673944
33,18l_1024d,fineweb_edu,1337,rlb_fused_global_rational,GRAIN,tiller_v1,TILLER,tiller,TILLER,6450,3.709557294845581,40.83572433909735,6449.080245272955
33,18l_1024d,fineweb_edu,1337,rlb_fused_global_rational,GRAIN,tiller_v1,TILLER,tiller,TILLER,6500,3.7064545154571533,40.70921645982009,6498.724442780949
33,18l_1024d,fineweb_edu,1337,rlb_fused_global_rational,GRAIN,tiller_v1,TILLER,tiller,TILLER,6550,3.704843282699585,40.64367725036438,6548.756095160032
33,18l_1024d,fineweb_edu,1337,rlb_fused_global_rational,GRAIN,tiller_v1,TILLER,tiller,TILLER,6600,3.7037129402160645,40.59776193018905,6598.662101063877
33,18l_1024d,fineweb_edu,1337,rlb_fused_global_rational,GRAIN,tiller_v1,TILLER,tiller,TILLER,6650,3.7000656127929688,40.44995830774002,6648.667783014942
33,18l_1024d,fineweb_edu,1337,rlb_fused_global_rational,GRAIN,tiller_v1,TILLER,tiller,TILLER,6700,3.6981184482574463,40.37127221570495,6698.662940865848
33,18l_1024d,fineweb_edu,1337,rlb_fused_global_rational,GRAIN,tiller_v1,TILLER,tiller,TILLER,6750,3.698618173599243,40.3914518052179,6748.713101587957
33,18l_1024d,fineweb_edu,1337,rlb_fused_global_rational,GRAIN,tiller_v1,TILLER,tiller,TILLER,6800,3.694664478302002,40.23207159018553,6798.5149942738935
33,18l_1024d,fineweb_edu,1337,rlb_fused_global_rational,GRAIN,tiller_v1,TILLER,tiller,TILLER,6850,3.691800832748413,40.11702600077885,6848.452810334042
33,18l_1024d,fineweb_edu,1337,rlb_fused_global_rational,GRAIN,tiller_v1,TILLER,tiller,TILLER,6900,3.689182758331299,40.01213400874949,6898.262167423032
33,18l_1024d,fineweb_edu,1337,rlb_fused_global_rational,GRAIN,tiller_v1,TILLER,tiller,TILLER,6950,3.6884613037109375,39.98327748038787,6948.255145672942
33,18l_1024d,fineweb_edu,1337,rlb_fused_global_rational,GRAIN,tiller_v1,TILLER,tiller,TILLER,7000,3.6852927207946777,39.85678765300943,6998.121139544994
33,18l_1024d,fineweb_edu,1337,rlb_fused_global_rational,GRAIN,tiller_v1,TILLER,tiller,TILLER,7050,3.682886838912964,39.761012188157366,7048.1751164069865
33,18l_1024d,fineweb_edu,1337,rlb_fused_global_rational,GRAIN,tiller_v1,TILLER,tiller,TILLER,7100,3.680344820022583,39.66006730033791,7098.042515709996
33,18l_1024d,fineweb_edu,1337,rlb_fused_global_rational,GRAIN,tiller_v1,TILLER,tiller,TILLER,7150,3.679616928100586,39.6312095616557,7148.103069997858
33,18l_1024d,fineweb_edu,1337,rlb_fused_global_rational,GRAIN,tiller_v1,TILLER,tiller,TILLER,7200,3.6773834228515625,39.54279182457086,7197.864964472828
33,18l_1024d,fineweb_edu,1337,rlb_fused_global_rational,GRAIN,tiller_v1,TILLER,tiller,TILLER,7250,3.676177501678467,39.49513507558301,7247.745459106052
33,18l_1024d,fineweb_edu,1337,rlb_fused_global_rational,GRAIN,tiller_v1,TILLER,tiller,TILLER,7300,3.6751701831817627,39.45537092643537,7297.388109370833
33,18l_1024d,fineweb_edu,1337,rlb_fused_global_rational,GRAIN,tiller_v1,TILLER,tiller,TILLER,7350,3.6750500202178955,39.45063013696374,7347.287017644849
33,18l_1024d,fineweb_edu,1337,rlb_fused_global_rational,GRAIN,tiller_v1,TILLER,tiller,TILLER,7400,3.6721885204315186,39.33790352775727,7397.173898933921
33,18l_1024d,fineweb_edu,1337,rlb_fused_global_rational,GRAIN,tiller_v1,TILLER,tiller,TILLER,7450,3.6707534790039062,39.28149249228677,7447.137490852969
33,18l_1024d,fineweb_edu,1337,rlb_fused_global_rational,GRAIN,tiller_v1,TILLER,tiller,TILLER,7500,3.668527603149414,39.194154004994836,7497.038234056905
33,18l_1024d,fineweb_edu,1337,rlb_fused_global_rational,GRAIN,tiller_v1,TILLER,tiller,TILLER,7550,3.666149377822876,39.101052227671936,7546.903661673889
33,18l_1024d,fineweb_edu,1337,rlb_fused_global_rational,GRAIN,tiller_v1,TILLER,tiller,TILLER,7600,3.6645214557647705,39.03745054559203,7596.737948433962
33,18l_1024d,fineweb_edu,1337,rlb_fused_global_rational,GRAIN,tiller_v1,TILLER,tiller,TILLER,7650,3.662879705429077,38.973413378957616,7646.758378444007
33,18l_1024d,fineweb_edu,1337,rlb_fused_global_rational,GRAIN,tiller_v1,TILLER,tiller,TILLER,7700,3.6620981693267822,38.942966148726875,7696.5284039229155
33,18l_1024d,fineweb_edu,1337,rlb_fused_global_rational,GRAIN,tiller_v1,TILLER,tiller,TILLER,7750,3.6595518589019775,38.84393140815499,7746.459340190049
33,18l_1024d,fineweb_edu,1337,rlb_fused_global_rational,GRAIN,tiller_v1,TILLER,tiller,TILLER,7800,3.6589670181274414,38.82122053499387,7796.084574244916
33,18l_1024d,fineweb_edu,1337,rlb_fused_global_rational,GRAIN,tiller_v1,TILLER,tiller,TILLER,7850,3.657280921936035,38.755819374721895,7845.955225093989
33,18l_1024d,fineweb_edu,1337,rlb_fused_global_rational,GRAIN,tiller_v1,TILLER,tiller,TILLER,7900,3.6552927494049072,38.678842666064874,7895.603919216897
33,18l_1024d,fineweb_edu,1337,rlb_fused_global_rational,GRAIN,tiller_v1,TILLER,tiller,TILLER,7950,3.6542093753814697,38.6369617031338,7945.5199992179405
33,18l_1024d,fineweb_edu,1337,rlb_fused_global_rational,GRAIN,tiller_v1,TILLER,tiller,TILLER,8000,3.653472900390625,38.60851702280075,7995.259890443878
33,18l_1024d,fineweb_edu,1337,rlb_fused_global_rational,GRAIN,tiller_v1,TILLER,tiller,TILLER,8050,3.6535909175872803,38.61307376062822,8045.537683710922
33,18l_1024d,fineweb_edu,1337,rlb_fused_global_rational,GRAIN,tiller_v1,TILLER,tiller,TILLER,8100,3.6509594917297363,38.511599888933986,8095.762442667969
33,18l_1024d,fineweb_edu,1337,rlb_fused_global_rational,GRAIN,tiller_v1,TILLER,tiller,TILLER,8150,3.649519443511963,38.45618124049027,8145.688815742964
33,18l_1024d,fineweb_edu,1337,rlb_fused_global_rational,GRAIN,tiller_v1,TILLER,tiller,TILLER,8200,3.648460865020752,38.41549389334973,8195.39844175987
33,18l_1024d,fineweb_edu,1337,rlb_fused_global_rational,GRAIN,tiller_v1,TILLER,tiller,TILLER,8250,3.64874005317688,38.42622054156345,8245.349763904
33,18l_1024d,fineweb_edu,1337,rlb_fused_global_rational,GRAIN,tiller_v1,TILLER,tiller,TILLER,8300,3.6469027996063232,38.355686644837874,8295.017513677943
33,18l_1024d,fineweb_edu,1337,rlb_fused_global_rational,GRAIN,tiller_v1,TILLER,tiller,TILLER,8350,3.6451468467712402,38.28839496592992,8344.969693617895
33,18l_1024d,fineweb_edu,1337,rlb_fused_global_rational,GRAIN,tiller_v1,TILLER,tiller,TILLER,8400,3.6451258659362793,38.28759165186135,8394.706950549036
33,18l_1024d,fineweb_edu,1337,rlb_fused_global_rational,GRAIN,tiller_v1,TILLER,tiller,TILLER,8450,3.6443910598754883,38.25946803143127,8444.796500341967
33,18l_1024d,fineweb_edu,1337,rlb_fused_global_rational,GRAIN,tiller_v1,TILLER,tiller,TILLER,8500,3.6436400413513184,38.23074524923556,8494.548467672896
33,18l_1024d,fineweb_edu,1337,rlb_fused_global_rational,GRAIN,tiller_v1,TILLER,tiller,TILLER,8550,3.6414685249328613,38.14781663125213,8544.562292092945
33,18l_1024d,fineweb_edu,1337,rlb_fused_global_rational,GRAIN,tiller_v1,TILLER,tiller,TILLER,8600,3.6419661045074463,38.16680292882806,8594.59001826588
33,18l_1024d,fineweb_edu,1337,rlb_fused_global_rational,GRAIN,tiller_v1,TILLER,tiller,TILLER,8650,3.641340732574463,38.14294194327764,8644.492536450969
33,18l_1024d,fineweb_edu,1337,rlb_fused_global_rational,GRAIN,tiller_v1,TILLER,tiller,TILLER,8700,3.6401236057281494,38.0965453856167,8694.31382393185
33,18l_1024d,fineweb_edu,1337,rlb_fused_global_rational,GRAIN,tiller_v1,TILLER,tiller,TILLER,8750,3.6397945880889893,38.08401301199281,8744.314223553985
33,18l_1024d,fineweb_edu,1337,rlb_fused_global_rational,GRAIN,tiller_v1,TILLER,tiller,TILLER,8800,3.6388344764709473,38.04746565621627,8794.180712369038
33,18l_1024d,fineweb_edu,1337,rlb_fused_global_rational,GRAIN,tiller_v1,TILLER,tiller,TILLER,8850,3.6369776725769043,37.97688452176865,8844.214939245023
33,18l_1024d,fineweb_edu,1337,rlb_fused_global_rational,GRAIN,tiller_v1,TILLER,tiller,TILLER,8900,3.6375315189361572,37.99792370669699,8893.875719310017
33,18l_1024d,fineweb_edu,1337,rlb_fused_global_rational,GRAIN,tiller_v1,TILLER,tiller,TILLER,8950,3.6359221935272217,37.93682186215193,8943.763640134828
33,18l_1024d,fineweb_edu,1337,rlb_fused_global_rational,GRAIN,tiller_v1,TILLER,tiller,TILLER,9000,3.635054588317871,37.90392195200859,8993.509550106013
33,18l_1024d,fineweb_edu,1337,rlb_fused_global_rational,GRAIN,tiller_v1,TILLER,tiller,TILLER,9050,3.6339974403381348,37.86387307002004,9043.656469873851
33,18l_1024d,fineweb_edu,1337,rlb_fused_global_rational,GRAIN,tiller_v1,TILLER,tiller,TILLER,9100,3.6332027912139893,37.833796528179704,9093.352283068001
33,18l_1024d,fineweb_edu,1337,rlb_fused_global_rational,GRAIN,tiller_v1,TILLER,tiller,TILLER,9150,3.6339223384857178,37.86102952979171,9143.38878030493
34,18l_1024d,fineweb_edu,2027,rlb_fused_global_rational,GRAIN,tiller_v1,TILLER,tiller,TILLER,1,11.03897762298584,62253.972215745176,128.9070753902197
34,18l_1024d,fineweb_edu,2027,rlb_fused_global_rational,GRAIN,tiller_v1,TILLER,tiller,TILLER,50,8.411705017089844,4499.425572657542,191.010126080364
34,18l_1024d,fineweb_edu,2027,rlb_fused_global_rational,GRAIN,tiller_v1,TILLER,tiller,TILLER,100,7.161946773529053,1289.418697276937,254.13299295213073
34,18l_1024d,fineweb_edu,2027,rlb_fused_global_rational,GRAIN,tiller_v1,TILLER,tiller,TILLER,150,6.622714519500732,751.9836032330331,317.5687603983097
34,18l_1024d,fineweb_edu,2027,rlb_fused_global_rational,GRAIN,tiller_v1,TILLER,tiller,TILLER,200,6.262631416320801,524.5975600323335,380.77222797833383
34,18l_1024d,fineweb_edu,2027,rlb_fused_global_rational,GRAIN,tiller_v1,TILLER,tiller,TILLER,250,5.989699363708496,399.2945494481817,444.21501522511244
34,18l_1024d,fineweb_edu,2027,rlb_fused_global_rational,GRAIN,tiller_v1,TILLER,tiller,TILLER,300,5.774728775024414,322.0570729499171,507.41404584329575
34,18l_1024d,fineweb_edu,2027,rlb_fused_global_rational,GRAIN,tiller_v1,TILLER,tiller,TILLER,350,5.604992866516113,271.77998668923834,570.7158318180591
34,18l_1024d,fineweb_edu,2027,rlb_fused_global_rational,GRAIN,tiller_v1,TILLER,tiller,TILLER,400,5.463937282562256,236.02489401150484,633.9370554829948
34,18l_1024d,fineweb_edu,2027,rlb_fused_global_rational,GRAIN,tiller_v1,TILLER,tiller,TILLER,450,5.341124057769775,208.74722239908107,697.3196414350532
34,18l_1024d,fineweb_edu,2027,rlb_fused_global_rational,GRAIN,tiller_v1,TILLER,tiller,TILLER,500,5.237964630126953,188.28647950297136,760.5051810960285
34,18l_1024d,fineweb_edu,2027,rlb_fused_global_rational,GRAIN,tiller_v1,TILLER,tiller,TILLER,550,5.153367042541504,173.01305300397004,823.796502423007
34,18l_1024d,fineweb_edu,2027,rlb_fused_global_rational,GRAIN,tiller_v1,TILLER,tiller,TILLER,600,5.071002006530762,159.33390099239273,886.9956459030509
34,18l_1024d,fineweb_edu,2027,rlb_fused_global_rational,GRAIN,tiller_v1,TILLER,tiller,TILLER,650,4.995943546295166,147.81234739977137,950.344866133295
34,18l_1024d,fineweb_edu,2027,rlb_fused_global_rational,GRAIN,tiller_v1,TILLER,tiller,TILLER,700,4.9308576583862305,138.4982455982107,1013.5885248961858
34,18l_1024d,fineweb_edu,2027,rlb_fused_global_rational,GRAIN,tiller_v1,TILLER,tiller,TILLER,750,4.866170406341553,129.82279515026812,1076.9107485781424
34,18l_1024d,fineweb_edu,2027,rlb_fused_global_rational,GRAIN,tiller_v1,TILLER,tiller,TILLER,800,4.805912017822266,122.2309169769447,1140.091551644262
34,18l_1024d,fineweb_edu,2027,rlb_fused_global_rational,GRAIN,tiller_v1,TILLER,tiller,TILLER,850,4.749244213104248,115.49696044294315,1203.4461035681888
34,18l_1024d,fineweb_edu,2027,rlb_fused_global_rational,GRAIN,tiller_v1,TILLER,tiller,TILLER,900,4.693521499633789,109.23718197515824,1266.6397823900916
34,18l_1024d,fineweb_edu,2027,rlb_fused_global_rational,GRAIN,tiller_v1,TILLER,tiller,TILLER,950,4.6393351554870605,103.4755295711182,1329.9531803443097
34,18l_1024d,fineweb_edu,2027,rlb_fused_global_rational,GRAIN,tiller_v1,TILLER,tiller,TILLER,1000,4.600358486175537,99.51998578701915,1393.1593167441897
34,18l_1024d,fineweb_edu,2027,rlb_fused_global_rational,GRAIN,tiller_v1,TILLER,tiller,TILLER,1050,4.562358856201172,95.80921364633012,1456.5101178102195
34,18l_1024d,fineweb_edu,2027,rlb_fused_global_rational,GRAIN,tiller_v1,TILLER,tiller,TILLER,1100,4.5263285636901855,92.41862833546517,1519.670491031371
34,18l_1024d,fineweb_edu,2027,rlb_fused_global_rational,GRAIN,tiller_v1,TILLER,tiller,TILLER,1150,4.4919114112854,89.29195652215317,1582.960808150936
34,18l_1024d,fineweb_edu,2027,rlb_fused_global_rational,GRAIN,tiller_v1,TILLER,tiller,TILLER,1200,4.461483955383301,86.61594797625496,1646.1325785983354
34,18l_1024d,fineweb_edu,2027,rlb_fused_global_rational,GRAIN,tiller_v1,TILLER,tiller,TILLER,1250,4.437176704406738,84.53593450728175,1709.4955017161556
34,18l_1024d,fineweb_edu,2027,rlb_fused_global_rational,GRAIN,tiller_v1,TILLER,tiller,TILLER,1300,4.411022186279297,82.35360121588197,1772.709093126934
34,18l_1024d,fineweb_edu,2027,rlb_fused_global_rational,GRAIN,tiller_v1,TILLER,tiller,TILLER,1350,4.389926910400391,80.63452521993031,1836.0066127963364
34,18l_1024d,fineweb_edu,2027,rlb_fused_global_rational,GRAIN,tiller_v1,TILLER,tiller,TILLER,1400,4.364796161651611,78.63336981182414,1899.1583825009875
34,18l_1024d,fineweb_edu,2027,rlb_fused_global_rational,GRAIN,tiller_v1,TILLER,tiller,TILLER,1450,4.345112323760986,77.10069723323286,1962.502775521949
34,18l_1024d,fineweb_edu,2027,rlb_fused_global_rational,GRAIN,tiller_v1,TILLER,tiller,TILLER,1500,4.3208699226379395,75.25406504021755,2025.6912130643614
34,18l_1024d,fineweb_edu,2027,rlb_fused_global_rational,GRAIN,tiller_v1,TILLER,tiller,TILLER,1550,4.304990768432617,74.06853168105128,2089.0349935409613
34,18l_1024d,fineweb_edu,2027,rlb_fused_global_rational,GRAIN,tiller_v1,TILLER,tiller,TILLER,1600,4.290472507476807,73.00095384820597,2152.5610158699565
34,18l_1024d,fineweb_edu,2027,rlb_fused_global_rational,GRAIN,tiller_v1,TILLER,tiller,TILLER,1650,4.270261764526367,71.54035989686102,2216.7122614472173
34,18l_1024d,fineweb_edu,2027,rlb_fused_global_rational,GRAIN,tiller_v1,TILLER,tiller,TILLER,1700,4.257874488830566,70.6596358828616,2279.8762046871707
34,18l_1024d,fineweb_edu,2027,rlb_fused_global_rational,GRAIN,tiller_v1,TILLER,tiller,TILLER,1750,4.23878288269043,69.32342572952383,2344.8111159070395
34,18l_1024d,fineweb_edu,2027,rlb_fused_global_rational,GRAIN,tiller_v1,TILLER,tiller,TILLER,1800,4.2296295166015625,68.6917782955503,2408.7900336063467
34,18l_1024d,fineweb_edu,2027,rlb_fused_global_rational,GRAIN,tiller_v1,TILLER,tiller,TILLER,1850,4.214040756225586,67.62926179814669,2472.171175603289
34,18l_1024d,fineweb_edu,2027,rlb_fused_global_rational,GRAIN,tiller_v1,TILLER,tiller,TILLER,1900,4.201460361480713,66.78378833418569,2535.4517034050077
34,18l_1024d,fineweb_edu,2027,rlb_fused_global_rational,GRAIN,tiller_v1,TILLER,tiller,TILLER,1950,4.188352584838867,65.91411355658181,2598.800416494254
34,18l_1024d,fineweb_edu,2027,rlb_fused_global_rational,GRAIN,tiller_v1,TILLER,tiller,TILLER,2000,4.179897308349609,65.35914103131263,2662.0002203942277
34,18l_1024d,fineweb_edu,2027,rlb_fused_global_rational,GRAIN,tiller_v1,TILLER,tiller,TILLER,2050,4.166662216186523,64.49980600911111,2725.346767662093
34,18l_1024d,fineweb_edu,2027,rlb_fused_global_rational,GRAIN,tiller_v1,TILLER,tiller,TILLER,2100,4.154122829437256,63.69606772030434,2788.573443925008
34,18l_1024d,fineweb_edu,2027,rlb_fused_global_rational,GRAIN,tiller_v1,TILLER,tiller,TILLER,2150,4.144898414611816,63.111210399285916,2851.954409337137
34,18l_1024d,fineweb_edu,2027,rlb_fused_global_rational,GRAIN,tiller_v1,TILLER,tiller,TILLER,2200,4.133580684661865,62.400961546884915,2915.1698381202295
34,18l_1024d,fineweb_edu,2027,rlb_fused_global_rational,GRAIN,tiller_v1,TILLER,tiller,TILLER,2250,4.124087810516357,61.81139981735096,2978.5363023723476
34,18l_1024d,fineweb_edu,2027,rlb_fused_global_rational,GRAIN,tiller_v1,TILLER,tiller,TILLER,2300,4.112617015838623,61.10642498207801,3041.698422767222
34,18l_1024d,fineweb_edu,2027,rlb_fused_global_rational,GRAIN,tiller_v1,TILLER,tiller,TILLER,2350,4.106374740600586,60.72616992165209,3104.9991611321457
34,18l_1024d,fineweb_edu,2027,rlb_fused_global_rational,GRAIN,tiller_v1,TILLER,tiller,TILLER,2400,4.099725723266602,60.32373992981128,3168.1967093362473
34,18l_1024d,fineweb_edu,2027,rlb_fused_global_rational,GRAIN,tiller_v1,TILLER,tiller,TILLER,2450,4.088315010070801,59.63931534712291,3231.526934938971
34,18l_1024d,fineweb_edu,2027,rlb_fused_global_rational,GRAIN,tiller_v1,TILLER,tiller,TILLER,2500,4.081404209136963,59.22858079797524,3294.7377364360727
34,18l_1024d,fineweb_edu,2027,rlb_fused_global_rational,GRAIN,tiller_v1,TILLER,tiller,TILLER,2550,4.07145881652832,58.642448795952774,3358.0451982961968
34,18l_1024d,fineweb_edu,2027,rlb_fused_global_rational,GRAIN,tiller_v1,TILLER,tiller,TILLER,2600,4.062352180480957,58.11083762646894,3421.205968366936
34,18l_1024d,fineweb_edu,2027,rlb_fused_global_rational,GRAIN,tiller_v1,TILLER,tiller,TILLER,2650,4.055438041687012,57.71043703741516,3484.5612243800424
34,18l_1024d,fineweb_edu,2027,rlb_fused_global_rational,GRAIN,tiller_v1,TILLER,tiller,TILLER,2700,4.049348831176758,57.3600937771028,3547.757050975226
34,18l_1024d,fineweb_edu,2027,rlb_fused_global_rational,GRAIN,tiller_v1,TILLER,tiller,TILLER,2750,4.03946590423584,56.79600020013369,3611.083527585026
34,18l_1024d,fineweb_edu,2027,rlb_fused_global_rational,GRAIN,tiller_v1,TILLER,tiller,TILLER,2800,4.029505729675293,56.23311001948431,3674.252151242923
34,18l_1024d,fineweb_edu,2027,rlb_fused_global_rational,GRAIN,tiller_v1,TILLER,tiller,TILLER,2850,4.028106212615967,56.15446586746561,3737.583871134091
34,18l_1024d,fineweb_edu,2027,rlb_fused_global_rational,GRAIN,tiller_v1,TILLER,tiller,TILLER,2900,4.016023635864258,55.48005772239997,3800.7559302942827
34,18l_1024d,fineweb_edu,2027,rlb_fused_global_rational,GRAIN,tiller_v1,TILLER,tiller,TILLER,2950,4.0127644538879395,55.29953246036511,3864.2473962130025
34,18l_1024d,fineweb_edu,2027,rlb_fused_global_rational,GRAIN,tiller_v1,TILLER,tiller,TILLER,3000,4.003729343414307,54.80214543242244,3927.451347674243
34,18l_1024d,fineweb_edu,2027,rlb_fused_global_rational,GRAIN,tiller_v1,TILLER,tiller,TILLER,3050,3.9979560375213623,54.486667435009764,3990.907901944127
34,18l_1024d,fineweb_edu,2027,rlb_fused_global_rational,GRAIN,tiller_v1,TILLER,tiller,TILLER,3100,3.990407943725586,54.07694521474682,4054.1803919821978
34,18l_1024d,fineweb_edu,2027,rlb_fused_global_rational,GRAIN,tiller_v1,TILLER,tiller,TILLER,3150,3.9890787601470947,54.005114775687844,4117.967139383312
34,18l_1024d,fineweb_edu,2027,rlb_fused_global_rational,GRAIN,tiller_v1,TILLER,tiller,TILLER,3200,3.979970932006836,53.515478617315416,4181.15303449193
34,18l_1024d,fineweb_edu,2027,rlb_fused_global_rational,GRAIN,tiller_v1,TILLER,tiller,TILLER,3250,3.971315860748291,53.05429699528095,4244.4950583400205
34,18l_1024d,fineweb_edu,2027,rlb_fused_global_rational,GRAIN,tiller_v1,TILLER,tiller,TILLER,3300,3.9663617610931396,52.79211070557459,4307.738987760153
34,18l_1024d,fineweb_edu,2027,rlb_fused_global_rational,GRAIN,tiller_v1,TILLER,tiller,TILLER,3350,3.9646425247192383,52.70142656466815,4371.232514151372
34,18l_1024d,fineweb_edu,2027,rlb_fused_global_rational,GRAIN,tiller_v1,TILLER,tiller,TILLER,3400,3.9590771198272705,52.408936455352865,4434.422264245339
34,18l_1024d,fineweb_edu,2027,rlb_fused_global_rational,GRAIN,tiller_v1,TILLER,tiller,TILLER,3450,3.950481414794922,51.96037530804692,4497.865543550346
34,18l_1024d,fineweb_edu,2027,rlb_fused_global_rational,GRAIN,tiller_v1,TILLER,tiller,TILLER,3500,3.9453158378601074,51.692662033875116,4561.0447969189845
34,18l_1024d,fineweb_edu,2027,rlb_fused_global_rational,GRAIN,tiller_v1,TILLER,tiller,TILLER,3550,3.9409494400024414,51.4674433601048,4624.368565393146
34,18l_1024d,fineweb_edu,2027,rlb_fused_global_rational,GRAIN,tiller_v1,TILLER,tiller,TILLER,3600,3.9347124099731445,51.14743834813469,4687.70784137398
34,18l_1024d,fineweb_edu,2027,rlb_fused_global_rational,GRAIN,tiller_v1,TILLER,tiller,TILLER,3650,3.929865837097168,50.900148299437205,4751.078540160321
34,18l_1024d,fineweb_edu,2027,rlb_fused_global_rational,GRAIN,tiller_v1,TILLER,tiller,TILLER,3700,3.9293265342712402,50.87270510638011,4814.3804915803485
34,18l_1024d,fineweb_edu,2027,rlb_fused_global_rational,GRAIN,tiller_v1,TILLER,tiller,TILLER,3750,3.921494483947754,50.47582374604499,4877.679516040254
34,18l_1024d,fineweb_edu,2027,rlb_fused_global_rational,GRAIN,tiller_v1,TILLER,tiller,TILLER,3800,3.913346529006958,50.06621999113388,4940.982846701052
34,18l_1024d,fineweb_edu,2027,rlb_fused_global_rational,GRAIN,tiller_v1,TILLER,tiller,TILLER,3850,3.9089694023132324,49.84755271945745,5004.336972989142
34,18l_1024d,fineweb_edu,2027,rlb_fused_global_rational,GRAIN,tiller_v1,TILLER,tiller,TILLER,3900,3.907299757003784,49.764394428615525,5067.542257266119
34,18l_1024d,fineweb_edu,2027,rlb_fused_global_rational,GRAIN,tiller_v1,TILLER,tiller,TILLER,3950,3.903286933898926,49.56509885323171,5130.878140226938
34,18l_1024d,fineweb_edu,2027,rlb_fused_global_rational,GRAIN,tiller_v1,TILLER,tiller,TILLER,4000,3.9010837078094482,49.45601594559065,5194.105348289944
34,18l_1024d,fineweb_edu,2027,rlb_fused_global_rational,GRAIN,tiller_v1,TILLER,tiller,TILLER,4050,3.8948516845703125,49.14876330213526,5257.557534112129
34,18l_1024d,fineweb_edu,2027,rlb_fused_global_rational,GRAIN,tiller_v1,TILLER,tiller,TILLER,4100,3.8919577598571777,49.00673608854765,5320.728057929315
34,18l_1024d,fineweb_edu,2027,rlb_fused_global_rational,GRAIN,tiller_v1,TILLER,tiller,TILLER,4150,3.884518623352051,48.64352096759524,5384.032426343299
34,18l_1024d,fineweb_edu,2027,rlb_fused_global_rational,GRAIN,tiller_v1,TILLER,tiller,TILLER,4200,3.8824217319488525,48.541627653599086,5447.537339197937
34,18l_1024d,fineweb_edu,2027,rlb_fused_global_rational,GRAIN,tiller_v1,TILLER,tiller,TILLER,4250,3.877114772796631,48.28470156957689,5510.877162116114
34,18l_1024d,fineweb_edu,2027,rlb_fused_global_rational,GRAIN,tiller_v1,TILLER,tiller,TILLER,4300,3.872570037841797,48.06575829499543,5574.202034843154
34,18l_1024d,fineweb_edu,2027,rlb_fused_global_rational,GRAIN,tiller_v1,TILLER,tiller,TILLER,4350,3.8695757389068604,47.922050305836976,5637.493503564037
34,18l_1024d,fineweb_edu,2027,rlb_fused_global_rational,GRAIN,tiller_v1,TILLER,tiller,TILLER,4400,3.8627939224243164,47.59815130839917,5700.672298378311
34,18l_1024d,fineweb_edu,2027,rlb_fused_global_rational,GRAIN,tiller_v1,TILLER,tiller,TILLER,4450,3.858832597732544,47.40997254101384,5764.140684042126
34,18l_1024d,fineweb_edu,2027,rlb_fused_global_rational,GRAIN,tiller_v1,TILLER,tiller,TILLER,4500,3.852874279022217,47.12832870965414,5827.467421479989
34,18l_1024d,fineweb_edu,2027,rlb_fused_global_rational,GRAIN,tiller_v1,TILLER,tiller,TILLER,4550,3.8458521366119385,46.79854611919767,5890.832688027993
34,18l_1024d,fineweb_edu,2027,rlb_fused_global_rational,GRAIN,tiller_v1,TILLER,tiller,TILLER,4600,3.845482587814331,46.78125496790841,5954.128924195189
34,18l_1024d,fineweb_edu,2027,rlb_fused_global_rational,GRAIN,tiller_v1,TILLER,tiller,TILLER,4650,3.842782497406006,46.65511172579634,6017.699810271151
34,18l_1024d,fineweb_edu,2027,rlb_fused_global_rational,GRAIN,tiller_v1,TILLER,tiller,TILLER,4700,3.8373396396636963,46.40186440947712,6080.980375625193
34,18l_1024d,fineweb_edu,2027,rlb_fused_global_rational,GRAIN,tiller_v1,TILLER,tiller,TILLER,4750,3.8343992233276367,46.265624009254836,6144.389935444109
34,18l_1024d,fineweb_edu,2027,rlb_fused_global_rational,GRAIN,tiller_v1,TILLER,tiller,TILLER,4800,3.833376407623291,46.2183269946348,6207.686963280197
34,18l_1024d,fineweb_edu,2027,rlb_fused_global_rational,GRAIN,tiller_v1,TILLER,tiller,TILLER,4850,3.828507900238037,45.993859582321825,6272.503303000238
34,18l_1024d,fineweb_edu,2027,rlb_fused_global_rational,GRAIN,tiller_v1,TILLER,tiller,TILLER,4900,3.8248817920684814,45.827382886007335,6336.429127302021
34,18l_1024d,fineweb_edu,2027,rlb_fused_global_rational,GRAIN,tiller_v1,TILLER,tiller,TILLER,4950,3.8220138549804688,45.696141121499934,6399.744636103045
34,18l_1024d,fineweb_edu,2027,rlb_fused_global_rational,GRAIN,tiller_v1,TILLER,tiller,TILLER,5000,3.815345525741577,45.3924379293798,6463.119768498931
34,18l_1024d,fineweb_edu,2027,rlb_fused_global_rational,GRAIN,tiller_v1,TILLER,tiller,TILLER,5050,3.811152935028076,45.20252440867423,6527.262126434129
34,18l_1024d,fineweb_edu,2027,rlb_fused_global_rational,GRAIN,tiller_v1,TILLER,tiller,TILLER,5100,3.807196617126465,45.02404215124028,6590.487692824099
34,18l_1024d,fineweb_edu,2027,rlb_fused_global_rational,GRAIN,tiller_v1,TILLER,tiller,TILLER,5150,3.805966377258301,44.96868583731387,6653.845547880046
34,18l_1024d,fineweb_edu,2027,rlb_fused_global_rational,GRAIN,tiller_v1,TILLER,tiller,TILLER,5200,3.8028619289398193,44.82929934720523,6717.035242383368
34,18l_1024d,fineweb_edu,2027,rlb_fused_global_rational,GRAIN,tiller_v1,TILLER,tiller,TILLER,5250,3.798097848892212,44.61623690288702,6780.504376530182
34,18l_1024d,fineweb_edu,2027,rlb_fused_global_rational,GRAIN,tiller_v1,TILLER,tiller,TILLER,5300,3.795090436935425,44.48225906281801,6843.905476631131
34,18l_1024d,fineweb_edu,2027,rlb_fused_global_rational,GRAIN,tiller_v1,TILLER,tiller,TILLER,5350,3.7929868698120117,44.388785992984786,6907.299580278341
34,18l_1024d,fineweb_edu,2027,rlb_fused_global_rational,GRAIN,tiller_v1,TILLER,tiller,TILLER,5400,3.790886402130127,44.29564663491815,6970.566951270215
34,18l_1024d,fineweb_edu,2027,rlb_fused_global_rational,GRAIN,tiller_v1,TILLER,tiller,TILLER,5450,3.7877867221832275,44.158556884247844,7034.011465481948
34,18l_1024d,fineweb_edu,2027,rlb_fused_global_rational,GRAIN,tiller_v1,TILLER,tiller,TILLER,5500,3.782177209854126,43.91154237815483,7097.148571549915
34,18l_1024d,fineweb_edu,2027,rlb_fused_global_rational,GRAIN,tiller_v1,TILLER,tiller,TILLER,5550,3.7789807319641113,43.77140419744617,7160.401081137359
34,18l_1024d,fineweb_edu,2027,rlb_fused_global_rational,GRAIN,tiller_v1,TILLER,tiller,TILLER,5600,3.7765049934387207,43.6631716787545,7223.535694835242
34,18l_1024d,fineweb_edu,2027,rlb_fused_global_rational,GRAIN,tiller_v1,TILLER,tiller,TILLER,5650,3.772916555404663,43.50676987972765,7286.824409730267
34,18l_1024d,fineweb_edu,2027,rlb_fused_global_rational,GRAIN,tiller_v1,TILLER,tiller,TILLER,5700,3.77103328704834,43.4249120610409,7349.97064125305
34,18l_1024d,fineweb_edu,2027,rlb_fused_global_rational,GRAIN,tiller_v1,TILLER,tiller,TILLER,5750,3.77101993560791,43.42433227978482,7413.209759721998
34,18l_1024d,fineweb_edu,2027,rlb_fused_global_rational,GRAIN,tiller_v1,TILLER,tiller,TILLER,5800,3.76663875579834,43.23449862329853,7476.431430821307
34,18l_1024d,fineweb_edu,2027,rlb_fused_global_rational,GRAIN,tiller_v1,TILLER,tiller,TILLER,5850,3.7647268772125244,43.151918477972366,7539.7191896731965
34,18l_1024d,fineweb_edu,2027,rlb_fused_global_rational,GRAIN,tiller_v1,TILLER,tiller,TILLER,5900,3.7573559284210205,42.83501726272322,7602.827757698018
34,18l_1024d,fineweb_edu,2027,rlb_fused_global_rational,GRAIN,tiller_v1,TILLER,tiller,TILLER,5950,3.7546639442443848,42.719861142814935,7666.10481480835
34,18l_1024d,fineweb_edu,2027,rlb_fused_global_rational,GRAIN,tiller_v1,TILLER,tiller,TILLER,6000,3.7519829273223877,42.60548186708433,7729.230254749302
34,18l_1024d,fineweb_edu,2027,rlb_fused_global_rational,GRAIN,tiller_v1,TILLER,tiller,TILLER,6050,3.7499592304229736,42.51934846887284,7792.5255401623435
34,18l_1024d,fineweb_edu,2027,rlb_fused_global_rational,GRAIN,tiller_v1,TILLER,tiller,TILLER,6100,3.745603322982788,42.334540917030836,7855.644167505205
34,18l_1024d,fineweb_edu,2027,rlb_fused_global_rational,GRAIN,tiller_v1,TILLER,tiller,TILLER,6150,3.7442612648010254,42.27776360777008,7919.1191185959615
34,18l_1024d,fineweb_edu,2027,rlb_fused_global_rational,GRAIN,tiller_v1,TILLER,tiller,TILLER,6200,3.74025821685791,42.1088619793241,7982.631762509234
34,18l_1024d,fineweb_edu,2027,rlb_fused_global_rational,GRAIN,tiller_v1,TILLER,tiller,TILLER,6250,3.740453004837036,42.11706507835895,8045.93950879015
34,18l_1024d,fineweb_edu,2027,rlb_fused_global_rational,GRAIN,tiller_v1,TILLER,tiller,TILLER,6300,3.738255739212036,42.02462429470634,8109.061230387073
34,18l_1024d,fineweb_edu,2027,rlb_fused_global_rational,GRAIN,tiller_v1,TILLER,tiller,TILLER,6350,3.73447322845459,41.86596595384,8172.310802754015
34,18l_1024d,fineweb_edu,2027,rlb_fused_global_rational,GRAIN,tiller_v1,TILLER,tiller,TILLER,6400,3.7312068939208984,41.72944079326354,8235.453058637213
34,18l_1024d,fineweb_edu,2027,rlb_fused_global_rational,GRAIN,tiller_v1,TILLER,tiller,TILLER,6450,3.729092597961426,41.64130560996642,8298.74817711534
34,18l_1024d,fineweb_edu,2027,rlb_fused_global_rational,GRAIN,tiller_v1,TILLER,tiller,TILLER,6500,3.727116584777832,41.55910308448364,8361.894163894933
34,18l_1024d,fineweb_edu,2027,rlb_fused_global_rational,GRAIN,tiller_v1,TILLER,tiller,TILLER,6550,3.7240426540374756,41.431549425964974,8425.30327347992
34,18l_1024d,fineweb_edu,2027,rlb_fused_global_rational,GRAIN,tiller_v1,TILLER,tiller,TILLER,6600,3.722651243209839,41.373941207131885,8488.45342905121
34,18l_1024d,fineweb_edu,2027,rlb_fused_global_rational,GRAIN,tiller_v1,TILLER,tiller,TILLER,6650,3.718670129776001,41.20955429257588,8551.84743967792
34,18l_1024d,fineweb_edu,2027,rlb_fused_global_rational,GRAIN,tiller_v1,TILLER,tiller,TILLER,6700,3.716294765472412,41.11178275582345,8614.98476669006
34,18l_1024d,fineweb_edu,2027,rlb_fused_global_rational,GRAIN,tiller_v1,TILLER,tiller,TILLER,6750,3.7147376537323,41.047816930130764,8678.363426100928
34,18l_1024d,fineweb_edu,2027,rlb_fused_global_rational,GRAIN,tiller_v1,TILLER,tiller,TILLER,6800,3.7120718955993652,40.938539097159165,8741.482200825121
34,18l_1024d,fineweb_edu,2027,rlb_fused_global_rational,GRAIN,tiller_v1,TILLER,tiller,TILLER,6850,3.711007833480835,40.895001116183956,8804.91745125316
34,18l_1024d,fineweb_edu,2027,rlb_fused_global_rational,GRAIN,tiller_v1,TILLER,tiller,TILLER,6900,3.707343101501465,40.74540617789912,8868.036327247042
34,18l_1024d,fineweb_edu,2027,rlb_fused_global_rational,GRAIN,tiller_v1,TILLER,tiller,TILLER,6950,3.705860137939453,40.685027006338984,8931.486363134347
34,18l_1024d,fineweb_edu,2027,rlb_fused_global_rational,GRAIN,tiller_v1,TILLER,tiller,TILLER,7000,3.7040762901306152,40.61251580376437,8994.618713617325
34,18l_1024d,fineweb_edu,2027,rlb_fused_global_rational,GRAIN,tiller_v1,TILLER,tiller,TILLER,7050,3.702331066131592,40.541699679497064,9058.053879530169
34,18l_1024d,fineweb_edu,2027,rlb_fused_global_rational,GRAIN,tiller_v1,TILLER,tiller,TILLER,7100,3.7003250122070312,40.46045236424111,9121.254160719924
34,18l_1024d,fineweb_edu,2027,rlb_fused_global_rational,GRAIN,tiller_v1,TILLER,tiller,TILLER,7150,3.6967368125915527,40.315532341100514,9184.58707877202
34,18l_1024d,fineweb_edu,2027,rlb_fused_global_rational,GRAIN,tiller_v1,TILLER,tiller,TILLER,7200,3.6964049339294434,40.30215469616516,9247.798209597357
34,18l_1024d,fineweb_edu,2027,rlb_fused_global_rational,GRAIN,tiller_v1,TILLER,tiller,TILLER,7250,3.694648265838623,40.231419334485565,9311.204089932144
34,18l_1024d,fineweb_edu,2027,rlb_fused_global_rational,GRAIN,tiller_v1,TILLER,tiller,TILLER,7300,3.691729784011841,40.114175838017886,9374.562741898
34,18l_1024d,fineweb_edu,2027,rlb_fused_global_rational,GRAIN,tiller_v1,TILLER,tiller,TILLER,7350,3.690990924835205,40.08454805781328,9438.010966873262
34,18l_1024d,fineweb_edu,2027,rlb_fused_global_rational,GRAIN,tiller_v1,TILLER,tiller,TILLER,7400,3.688819408416748,39.99759824422074,9501.429528021254
34,18l_1024d,fineweb_edu,2027,rlb_fused_global_rational,GRAIN,tiller_v1,TILLER,tiller,TILLER,7450,3.685123920440674,39.85006038094307,9564.83060077019
34,18l_1024d,fineweb_edu,2027,rlb_fused_global_rational,GRAIN,tiller_v1,TILLER,tiller,TILLER,7500,3.684413433074951,39.821757472139275,9628.13680534903
34,18l_1024d,fineweb_edu,2027,rlb_fused_global_rational,GRAIN,tiller_v1,TILLER,tiller,TILLER,7550,3.6832971572875977,39.777330209615286,9691.45116496412
34,18l_1024d,fineweb_edu,2027,rlb_fused_global_rational,GRAIN,tiller_v1,TILLER,tiller,TILLER,7600,3.681798219680786,39.71775113727684,9754.85626829695
34,18l_1024d,fineweb_edu,2027,rlb_fused_global_rational,GRAIN,tiller_v1,TILLER,tiller,TILLER,7650,3.680842876434326,39.67982517100566,9818.247830389999
34,18l_1024d,fineweb_edu,2027,rlb_fused_global_rational,GRAIN,tiller_v1,TILLER,tiller,TILLER,7700,3.679644823074341,39.63231508862555,9881.512201032136
34,18l_1024d,fineweb_edu,2027,rlb_fused_global_rational,GRAIN,tiller_v1,TILLER,tiller,TILLER,7750,3.6780638694763184,39.56970774018476,9944.828280945309
34,18l_1024d,fineweb_edu,2027,rlb_fused_global_rational,GRAIN,tiller_v1,TILLER,tiller,TILLER,7800,3.6752772331237793,39.459594847686525,10008.151604213286
34,18l_1024d,fineweb_edu,2027,rlb_fused_global_rational,GRAIN,tiller_v1,TILLER,tiller,TILLER,7850,3.6749966144561768,39.44852330227004,10071.602959864307
34,18l_1024d,fineweb_edu,2027,rlb_fused_global_rational,GRAIN,tiller_v1,TILLER,tiller,TILLER,7900,3.67331600189209,39.382281297537766,10135.562490638345
34,18l_1024d,fineweb_edu,2027,rlb_fused_global_rational,GRAIN,tiller_v1,TILLER,tiller,TILLER,7950,3.671799898147583,39.32261891200659,10198.918093513232
34,18l_1024d,fineweb_edu,2027,rlb_fused_global_rational,GRAIN,tiller_v1,TILLER,tiller,TILLER,8000,3.669649124145508,39.23813573023967,10262.224529443309
34,18l_1024d,fineweb_edu,2027,rlb_fused_global_rational,GRAIN,tiller_v1,TILLER,tiller,TILLER,8050,3.6689252853393555,39.20974392170309,10325.760028301273
34,18l_1024d,fineweb_edu,2027,rlb_fused_global_rational,GRAIN,tiller_v1,TILLER,tiller,TILLER,8100,3.666290760040283,39.10658081195138,10389.658209397923
34,18l_1024d,fineweb_edu,2027,rlb_fused_global_rational,GRAIN,tiller_v1,TILLER,tiller,TILLER,8150,3.665982484817505,39.094527080068374,10453.813535253052
34,18l_1024d,fineweb_edu,2027,rlb_fused_global_rational,GRAIN,tiller_v1,TILLER,tiller,TILLER,8200,3.663865804672241,39.011863987336284,10516.906697395258
34,18l_1024d,fineweb_edu,2027,rlb_fused_global_rational,GRAIN,tiller_v1,TILLER,tiller,TILLER,8250,3.664168119430542,39.02365963247744,10580.387325034011
34,18l_1024d,fineweb_edu,2027,rlb_fused_global_rational,GRAIN,tiller_v1,TILLER,tiller,TILLER,8300,3.6624131202697754,38.95523320429733,10644.273672594223
34,18l_1024d,fineweb_edu,2027,rlb_fused_global_rational,GRAIN,tiller_v1,TILLER,tiller,TILLER,8350,3.6607680320739746,38.891201093663874,10707.800777160097
34,18l_1024d,fineweb_edu,2027,rlb_fused_global_rational,GRAIN,tiller_v1,TILLER,tiller,TILLER,8400,3.6604013442993164,38.87694278001547,10770.897032807115
34,18l_1024d,fineweb_edu,2027,rlb_fused_global_rational,GRAIN,tiller_v1,TILLER,tiller,TILLER,8450,3.659389019012451,38.83760658163671,10834.41148335021
34,18l_1024d,fineweb_edu,2027,rlb_fused_global_rational,GRAIN,tiller_v1,TILLER,tiller,TILLER,8500,3.6590256690979004,38.82349750402522,10897.497518481221
34,18l_1024d,fineweb_edu,2027,rlb_fused_global_rational,GRAIN,tiller_v1,TILLER,tiller,TILLER,8550,3.6573805809020996,38.75968193207579,10960.77521443693
34,18l_1024d,fineweb_edu,2027,rlb_fused_global_rational,GRAIN,tiller_v1,TILLER,tiller,TILLER,8600,3.6567459106445312,38.73509011943221,11024.115597965196
34,18l_1024d,fineweb_edu,2027,rlb_fused_global_rational,GRAIN,tiller_v1,TILLER,tiller,TILLER,8650,3.6559970378875732,38.706093324513475,11087.492759543937
34,18l_1024d,fineweb_edu,2027,rlb_fused_global_rational,GRAIN,tiller_v1,TILLER,tiller,TILLER,8700,3.654695987701416,38.65576749989894,11150.581058287062
34,18l_1024d,fineweb_edu,2027,rlb_fused_global_rational,GRAIN,tiller_v1,TILLER,tiller,TILLER,8750,3.6544461250305176,38.646110073151256,11213.912029718049
34,18l_1024d,fineweb_edu,2027,rlb_fused_global_rational,GRAIN,tiller_v1,TILLER,tiller,TILLER,8800,3.65321946144104,38.598733360634355,11277.05726300599
34,18l_1024d,fineweb_edu,2027,rlb_fused_global_rational,GRAIN,tiller_v1,TILLER,tiller,TILLER,8850,3.6523919105529785,38.56680415790595,11340.448616275098
34,18l_1024d,fineweb_edu,2027,rlb_fused_global_rational,GRAIN,tiller_v1,TILLER,tiller,TILLER,8900,3.651723861694336,38.54104825246627,11403.684632190038
34,18l_1024d,fineweb_edu,2027,rlb_fused_global_rational,GRAIN,tiller_v1,TILLER,tiller,TILLER,8950,3.651627540588379,38.537336114855314,11466.916504830122
34,18l_1024d,fineweb_edu,2027,rlb_fused_global_rational,GRAIN,tiller_v1,TILLER,tiller,TILLER,9000,3.6518187522888184,38.54470560896854,11530.007061338983
34,18l_1024d,fineweb_edu,2027,rlb_fused_global_rational,GRAIN,tiller_v1,TILLER,tiller,TILLER,9050,3.6517210006713867,38.54093798580047,11593.368570738938
34,18l_1024d,fineweb_edu,2027,rlb_fused_global_rational,GRAIN,tiller_v1,TILLER,tiller,TILLER,9100,3.649714231491089,38.46367277192545,11656.58363453811
34,18l_1024d,fineweb_edu,2027,rlb_fused_global_rational,GRAIN,tiller_v1,TILLER,tiller,TILLER,9150,3.6491849422454834,38.443319750373654,11719.850103728008
35,18l_1024d,fineweb_edu,3407,rlb_fused_global_rational,GRAIN,tiller_v1,TILLER,tiller,TILLER,1,11.101163864135742,66248.2192429651,10.566054814029485
35,18l_1024d,fineweb_edu,3407,rlb_fused_global_rational,GRAIN,tiller_v1,TILLER,tiller,TILLER,50,8.471402168273926,4776.207823571807,62.7349237309536
35,18l_1024d,fineweb_edu,3407,rlb_fused_global_rational,GRAIN,tiller_v1,TILLER,tiller,TILLER,100,7.231828689575195,1382.7488118039996,116.19746890605893
35,18l_1024d,fineweb_edu,3407,rlb_fused_global_rational,GRAIN,tiller_v1,TILLER,tiller,TILLER,150,6.6544952392578125,776.2659955801607,169.8732441170141
35,18l_1024d,fineweb_edu,3407,rlb_fused_global_rational,GRAIN,tiller_v1,TILLER,tiller,TILLER,200,6.271533012390137,529.2881615578075,223.4836209639907
35,18l_1024d,fineweb_edu,3407,rlb_fused_global_rational,GRAIN,tiller_v1,TILLER,tiller,TILLER,250,5.987723350524902,398.50631718948193,277.09519950998947
35,18l_1024d,fineweb_edu,3407,rlb_fused_global_rational,GRAIN,tiller_v1,TILLER,tiller,TILLER,300,5.764172554016113,318.6752483585429,330.66256175597664
35,18l_1024d,fineweb_edu,3407,rlb_fused_global_rational,GRAIN,tiller_v1,TILLER,tiller,TILLER,350,5.592718124389648,268.46434837047025,384.2545690559782
35,18l_1024d,fineweb_edu,3407,rlb_fused_global_rational,GRAIN,tiller_v1,TILLER,tiller,TILLER,400,5.454782485961914,233.87399465952237,437.8481853089761
35,18l_1024d,fineweb_edu,3407,rlb_fused_global_rational,GRAIN,tiller_v1,TILLER,tiller,TILLER,450,5.341316223144531,208.78734024180932,491.49299407796934
35,18l_1024d,fineweb_edu,3407,rlb_fused_global_rational,GRAIN,tiller_v1,TILLER,tiller,TILLER,500,5.23153018951416,187.07885070682354,545.0101581630297
35,18l_1024d,fineweb_edu,3407,rlb_fused_global_rational,GRAIN,tiller_v1,TILLER,tiller,TILLER,550,5.137125492095947,170.22574911538777,598.7436221570242
35,18l_1024d,fineweb_edu,3407,rlb_fused_global_rational,GRAIN,tiller_v1,TILLER,tiller,TILLER,600,5.056467056274414,157.0347402384119,652.018018717994
35,18l_1024d,fineweb_edu,3407,rlb_fused_global_rational,GRAIN,tiller_v1,TILLER,tiller,TILLER,650,4.985647201538086,146.298228831528,705.7721359949792
35,18l_1024d,fineweb_edu,3407,rlb_fused_global_rational,GRAIN,tiller_v1,TILLER,tiller,TILLER,700,4.914488792419434,136.24964014734113,759.1881262389943
35,18l_1024d,fineweb_edu,3407,rlb_fused_global_rational,GRAIN,tiller_v1,TILLER,tiller,TILLER,750,4.850889205932617,127.85402787483179,812.903631389956
35,18l_1024d,fineweb_edu,3407,rlb_fused_global_rational,GRAIN,tiller_v1,TILLER,tiller,TILLER,800,4.797928810119629,121.25900682113246,866.3373721849639
35,18l_1024d,fineweb_edu,3407,rlb_fused_global_rational,GRAIN,tiller_v1,TILLER,tiller,TILLER,850,4.74179744720459,114.64007608483621,920.0546315070242
35,18l_1024d,fineweb_edu,3407,rlb_fused_global_rational,GRAIN,tiller_v1,TILLER,tiller,TILLER,900,4.686468601226807,108.46945376540296,973.9767773740459
35,18l_1024d,fineweb_edu,3407,rlb_fused_global_rational,GRAIN,tiller_v1,TILLER,tiller,TILLER,950,4.637714385986328,103.3079554249331,1027.8465025989572
35,18l_1024d,fineweb_edu,3407,rlb_fused_global_rational,GRAIN,tiller_v1,TILLER,tiller,TILLER,1000,4.591304302215576,98.62298048143754,1081.431273721042
35,18l_1024d,fineweb_edu,3407,rlb_fused_global_rational,GRAIN,tiller_v1,TILLER,tiller,TILLER,1050,4.552221775054932,94.84289397841982,1135.104258005973
35,18l_1024d,fineweb_edu,3407,rlb_fused_global_rational,GRAIN,tiller_v1,TILLER,tiller,TILLER,1100,4.517054557800293,91.5654995074263,1188.6956858780468
35,18l_1024d,fineweb_edu,3407,rlb_fused_global_rational,GRAIN,tiller_v1,TILLER,tiller,TILLER,1150,4.481854438781738,88.39845028539558,1242.232249603956
35,18l_1024d,fineweb_edu,3407,rlb_fused_global_rational,GRAIN,tiller_v1,TILLER,tiller,TILLER,1200,4.452295303344727,85.82370954508498,1296.1882236870006
35,18l_1024d,fineweb_edu,3407,rlb_fused_global_rational,GRAIN,tiller_v1,TILLER,tiller,TILLER,1250,4.421354293823242,83.20889838268852,1349.9363833479583
35,18l_1024d,fineweb_edu,3407,rlb_fused_global_rational,GRAIN,tiller_v1,TILLER,tiller,TILLER,1300,4.396099090576172,81.13375512154772,1403.500274172984
35,18l_1024d,fineweb_edu,3407,rlb_fused_global_rational,GRAIN,tiller_v1,TILLER,tiller,TILLER,1350,4.369866847991943,79.03310758194881,1457.1324205179699
35,18l_1024d,fineweb_edu,3407,rlb_fused_global_rational,GRAIN,tiller_v1,TILLER,tiller,TILLER,1400,4.351492881774902,77.59421549145956,1510.6935760820052
35,18l_1024d,fineweb_edu,3407,rlb_fused_global_rational,GRAIN,tiller_v1,TILLER,tiller,TILLER,1450,4.32711124420166,75.72521864022663,1564.6158460440347
35,18l_1024d,fineweb_edu,3407,rlb_fused_global_rational,GRAIN,tiller_v1,TILLER,tiller,TILLER,1500,4.306118965148926,74.15214271125197,1618.152466309024
35,18l_1024d,fineweb_edu,3407,rlb_fused_global_rational,GRAIN,tiller_v1,TILLER,tiller,TILLER,1550,4.286964416503906,72.74530853668195,1671.8538164249621
35,18l_1024d,fineweb_edu,3407,rlb_fused_global_rational,GRAIN,tiller_v1,TILLER,tiller,TILLER,1600,4.277318000793457,72.04695078949233,1725.096372465021
35,18l_1024d,fineweb_edu,3407,rlb_fused_global_rational,GRAIN,tiller_v1,TILLER,tiller,TILLER,1650,4.261876583099365,70.94298903147003,1778.7598319030367
35,18l_1024d,fineweb_edu,3407,rlb_fused_global_rational,GRAIN,tiller_v1,TILLER,tiller,TILLER,1700,4.242995262145996,69.61605821067297,1832.266551912995
35,18l_1024d,fineweb_edu,3407,rlb_fused_global_rational,GRAIN,tiller_v1,TILLER,tiller,TILLER,1750,4.2274346351623535,68.54117332683005,1886.1078902600566
35,18l_1024d,fineweb_edu,3407,rlb_fused_global_rational,GRAIN,tiller_v1,TILLER,tiller,TILLER,1800,4.214662075042725,67.67129418749612,1939.5536787139717
35,18l_1024d,fineweb_edu,3407,rlb_fused_global_rational,GRAIN,tiller_v1,TILLER,tiller,TILLER,1850,4.20481014251709,67.00787451215987,1993.1408092039637
35,18l_1024d,fineweb_edu,3407,rlb_fused_global_rational,GRAIN,tiller_v1,TILLER,tiller,TILLER,1900,4.186553001403809,65.79560227713972,2046.6094920339528
35,18l_1024d,fineweb_edu,3407,rlb_fused_global_rational,GRAIN,tiller_v1,TILLER,tiller,TILLER,1950,4.178794860839844,65.28712571289037,2101.7000161979813
35,18l_1024d,fineweb_edu,3407,rlb_fused_global_rational,GRAIN,tiller_v1,TILLER,tiller,TILLER,2000,4.1639838218688965,64.32728124302295,2155.277173431008
35,18l_1024d,fineweb_edu,3407,rlb_fused_global_rational,GRAIN,tiller_v1,TILLER,tiller,TILLER,2050,4.15277099609375,63.61001942669016,2208.9960151510313
35,18l_1024d,fineweb_edu,3407,rlb_fused_global_rational,GRAIN,tiller_v1,TILLER,tiller,TILLER,2100,4.141595840454102,62.9031247450437,2262.570311104995
35,18l_1024d,fineweb_edu,3407,rlb_fused_global_rational,GRAIN,tiller_v1,TILLER,tiller,TILLER,2150,4.133604526519775,62.40244931947913,2316.184191802051
35,18l_1024d,fineweb_edu,3407,rlb_fused_global_rational,GRAIN,tiller_v1,TILLER,tiller,TILLER,2200,4.120832443237305,61.61050817436471,2369.7599137109937
35,18l_1024d,fineweb_edu,3407,rlb_fused_global_rational,GRAIN,tiller_v1,TILLER,tiller,TILLER,2250,4.112006187438965,61.0691108397265,2423.3742130430182
35,18l_1024d,fineweb_edu,3407,rlb_fused_global_rational,GRAIN,tiller_v1,TILLER,tiller,TILLER,2300,4.105504989624023,60.673376238066815,2476.9382330339868
35,18l_1024d,fineweb_edu,3407,rlb_fused_global_rational,GRAIN,tiller_v1,TILLER,tiller,TILLER,2350,4.095778465270996,60.08609589476507,2531.313135521952
35,18l_1024d,fineweb_edu,3407,rlb_fused_global_rational,GRAIN,tiller_v1,TILLER,tiller,TILLER,2400,4.087102890014648,59.567069131244644,2584.8595050149597
35,18l_1024d,fineweb_edu,3407,rlb_fused_global_rational,GRAIN,tiller_v1,TILLER,tiller,TILLER,2450,4.08027982711792,59.162022672104634,2638.6748661349993
35,18l_1024d,fineweb_edu,3407,rlb_fused_global_rational,GRAIN,tiller_v1,TILLER,tiller,TILLER,2500,4.067462921142578,58.408587259692915,2692.173370703007
35,18l_1024d,fineweb_edu,3407,rlb_fused_global_rational,GRAIN,tiller_v1,TILLER,tiller,TILLER,2550,4.062233924865723,58.103966099919944,2745.9500641890336
35,18l_1024d,fineweb_edu,3407,rlb_fused_global_rational,GRAIN,tiller_v1,TILLER,tiller,TILLER,2600,4.052704811096191,57.55291647357053,2799.376675319043
35,18l_1024d,fineweb_edu,3407,rlb_fused_global_rational,GRAIN,tiller_v1,TILLER,tiller,TILLER,2650,4.039870738983154,56.81899784933284,2853.4564114769455
35,18l_1024d,fineweb_edu,3407,rlb_fused_global_rational,GRAIN,tiller_v1,TILLER,tiller,TILLER,2700,4.034359931945801,56.50674050136941,2906.972732151975
35,18l_1024d,fineweb_edu,3407,rlb_fused_global_rational,GRAIN,tiller_v1,TILLER,tiller,TILLER,2750,4.03151798248291,56.34637917787263,2960.7757783790585
35,18l_1024d,fineweb_edu,3407,rlb_fused_global_rational,GRAIN,tiller_v1,TILLER,tiller,TILLER,2800,4.027917385101318,56.14386336029349,3014.2175996929873
35,18l_1024d,fineweb_edu,3407,rlb_fused_global_rational,GRAIN,tiller_v1,TILLER,tiller,TILLER,2850,4.019986152648926,55.700334519368305,3067.9900457359618
35,18l_1024d,fineweb_edu,3407,rlb_fused_global_rational,GRAIN,tiller_v1,TILLER,tiller,TILLER,2900,4.011660099029541,55.23849586226052,3122.0069595719688
35,18l_1024d,fineweb_edu,3407,rlb_fused_global_rational,GRAIN,tiller_v1,TILLER,tiller,TILLER,2950,4.0072855949401855,54.99738259620631,3175.5643959329464
35,18l_1024d,fineweb_edu,3407,rlb_fused_global_rational,GRAIN,tiller_v1,TILLER,tiller,TILLER,3000,3.9985597133636475,54.51956965000389,3229.4229713979876
35,18l_1024d,fineweb_edu,3407,rlb_fused_global_rational,GRAIN,tiller_v1,TILLER,tiller,TILLER,3050,3.990388870239258,54.07591378870808,3283.0898459129967
35,18l_1024d,fineweb_edu,3407,rlb_fused_global_rational,GRAIN,tiller_v1,TILLER,tiller,TILLER,3100,3.985868453979492,53.83201981521161,3336.6174127119593
35,18l_1024d,fineweb_edu,3407,rlb_fused_global_rational,GRAIN,tiller_v1,TILLER,tiller,TILLER,3150,3.981067419052124,53.57418982850064,3390.149810692994
35,18l_1024d,fineweb_edu,3407,rlb_fused_global_rational,GRAIN,tiller_v1,TILLER,tiller,TILLER,3200,3.972938299179077,53.14044419100781,3443.867948923027
35,18l_1024d,fineweb_edu,3407,rlb_fused_global_rational,GRAIN,tiller_v1,TILLER,tiller,TILLER,3250,3.9657421112060547,52.75940821323113,3497.645046708989
35,18l_1024d,fineweb_edu,3407,rlb_fused_global_rational,GRAIN,tiller_v1,TILLER,tiller,TILLER,3300,3.9602365493774414,52.46973616465106,3552.160393766011
35,18l_1024d,fineweb_edu,3407,rlb_fused_global_rational,GRAIN,tiller_v1,TILLER,tiller,TILLER,3350,3.9538369178771973,52.13502135635851,3606.0767139720265
35,18l_1024d,fineweb_edu,3407,rlb_fused_global_rational,GRAIN,tiller_v1,TILLER,tiller,TILLER,3400,3.9467129707336426,51.76493402635532,3659.538990327972
35,18l_1024d,fineweb_edu,3407,rlb_fused_global_rational,GRAIN,tiller_v1,TILLER,tiller,TILLER,3450,3.9388198852539062,51.357957241420955,3713.225410411018
35,18l_1024d,fineweb_edu,3407,rlb_fused_global_rational,GRAIN,tiller_v1,TILLER,tiller,TILLER,3500,3.9359018802642822,51.20831290357788,3766.5772155149607
35,18l_1024d,fineweb_edu,3407,rlb_fused_global_rational,GRAIN,tiller_v1,TILLER,tiller,TILLER,3550,3.92752742767334,50.781261969610675,3820.484399414039
35,18l_1024d,fineweb_edu,3407,rlb_fused_global_rational,GRAIN,tiller_v1,TILLER,tiller,TILLER,3600,3.9243855476379395,50.62196371549956,3874.6456399470335
35,18l_1024d,fineweb_edu,3407,rlb_fused_global_rational,GRAIN,tiller_v1,TILLER,tiller,TILLER,3650,3.9178662300109863,50.29301647596846,3929.268293422996
35,18l_1024d,fineweb_edu,3407,rlb_fused_global_rational,GRAIN,tiller_v1,TILLER,tiller,TILLER,3700,3.9134387969970703,50.070839713747965,3982.601338951965
35,18l_1024d,fineweb_edu,3407,rlb_fused_global_rational,GRAIN,tiller_v1,TILLER,tiller,TILLER,3750,3.9102230072021484,49.91008103996246,4036.55195194704
35,18l_1024d,fineweb_edu,3407,rlb_fused_global_rational,GRAIN,tiller_v1,TILLER,tiller,TILLER,3800,3.9053356647491455,49.66674849116661,4090.0503321429715
35,18l_1024d,fineweb_edu,3407,rlb_fused_global_rational,GRAIN,tiller_v1,TILLER,tiller,TILLER,3850,3.900850296020508,49.444473675538276,4143.698212638963
35,18l_1024d,fineweb_edu,3407,rlb_fused_global_rational,GRAIN,tiller_v1,TILLER,tiller,TILLER,3900,3.899735689163208,49.38939322834844,4197.229674068978
35,18l_1024d,fineweb_edu,3407,rlb_fused_global_rational,GRAIN,tiller_v1,TILLER,tiller,TILLER,3950,3.8938567638397217,49.09988849595363,4250.701371983043
35,18l_1024d,fineweb_edu,3407,rlb_fused_global_rational,GRAIN,tiller_v1,TILLER,tiller,TILLER,4000,3.890996217727661,48.95963669482294,4304.349696594058
35,18l_1024d,fineweb_edu,3407,rlb_fused_global_rational,GRAIN,tiller_v1,TILLER,tiller,TILLER,4050,3.883068084716797,48.573012810842485,4357.903196032043
35,18l_1024d,fineweb_edu,3407,rlb_fused_global_rational,GRAIN,tiller_v1,TILLER,tiller,TILLER,4100,3.8810548782348633,48.475323673801114,4411.422313907999
35,18l_1024d,fineweb_edu,3407,rlb_fused_global_rational,GRAIN,tiller_v1,TILLER,tiller,TILLER,4150,3.8750948905944824,48.18727059291421,4465.023818054004
35,18l_1024d,fineweb_edu,3407,rlb_fused_global_rational,GRAIN,tiller_v1,TILLER,tiller,TILLER,4200,3.8713865280151367,48.00890564719721,4518.912224194966
35,18l_1024d,fineweb_edu,3407,rlb_fused_global_rational,GRAIN,tiller_v1,TILLER,tiller,TILLER,4250,3.8673205375671387,47.81409820639777,4572.4975694670575
35,18l_1024d,fineweb_edu,3407,rlb_fused_global_rational,GRAIN,tiller_v1,TILLER,tiller,TILLER,4300,3.863616466522217,47.637318993194505,4625.966316126054
35,18l_1024d,fineweb_edu,3407,rlb_fused_global_rational,GRAIN,tiller_v1,TILLER,tiller,TILLER,4350,3.859520435333252,47.44259412066446,4679.613487537019
35,18l_1024d,fineweb_edu,3407,rlb_fused_global_rational,GRAIN,tiller_v1,TILLER,tiller,TILLER,4400,3.8521547317504883,47.094429846689756,4733.637180280988
35,18l_1024d,fineweb_edu,3407,rlb_fused_global_rational,GRAIN,tiller_v1,TILLER,tiller,TILLER,4450,3.8501744270324707,47.00126080706407,4787.304710719036
35,18l_1024d,fineweb_edu,3407,rlb_fused_global_rational,GRAIN,tiller_v1,TILLER,tiller,TILLER,4500,3.8472752571105957,46.865193501867225,4840.614067613031
35,18l_1024d,fineweb_edu,3407,rlb_fused_global_rational,GRAIN,tiller_v1,TILLER,tiller,TILLER,4550,3.8415207862854004,46.596283572370616,4894.245839008014
35,18l_1024d,fineweb_edu,3407,rlb_fused_global_rational,GRAIN,tiller_v1,TILLER,tiller,TILLER,4600,3.8386261463165283,46.46159913306447,4948.184691948001
35,18l_1024d,fineweb_edu,3407,rlb_fused_global_rational,GRAIN,tiller_v1,TILLER,tiller,TILLER,4650,3.8364882469177246,46.36237501159817,5001.924354213988
35,18l_1024d,fineweb_edu,3407,rlb_fused_global_rational,GRAIN,tiller_v1,TILLER,tiller,TILLER,4700,3.830444574356079,46.08302101021043,5055.158720416948
35,18l_1024d,fineweb_edu,3407,rlb_fused_global_rational,GRAIN,tiller_v1,TILLER,tiller,TILLER,4750,3.825704574584961,45.865104371583335,5108.886312713963
35,18l_1024d,fineweb_edu,3407,rlb_fused_global_rational,GRAIN,tiller_v1,TILLER,tiller,TILLER,4800,3.8198890686035156,45.59914966292132,5162.3862296700245
35,18l_1024d,fineweb_edu,3407,rlb_fused_global_rational,GRAIN,tiller_v1,TILLER,tiller,TILLER,4850,3.814950466156006,45.374508753442946,5215.847785974038
35,18l_1024d,fineweb_edu,3407,rlb_fused_global_rational,GRAIN,tiller_v1,TILLER,tiller,TILLER,4900,3.811978340148926,45.2398502061295,5271.279002954019
35,18l_1024d,fineweb_edu,3407,rlb_fused_global_rational,GRAIN,tiller_v1,TILLER,tiller,TILLER,4950,3.8096652030944824,45.135325169254195,5324.758918585023
35,18l_1024d,fineweb_edu,3407,rlb_fused_global_rational,GRAIN,tiller_v1,TILLER,tiller,TILLER,5000,3.806049346923828,44.97241702892271,5378.853162626969
35,18l_1024d,fineweb_edu,3407,rlb_fused_global_rational,GRAIN,tiller_v1,TILLER,tiller,TILLER,5050,3.802654266357422,44.81999094567252,5432.457148003974
35,18l_1024d,fineweb_edu,3407,rlb_fused_global_rational,GRAIN,tiller_v1,TILLER,tiller,TILLER,5100,3.7975683212280273,44.59261762525749,5485.946960977977
35,18l_1024d,fineweb_edu,3407,rlb_fused_global_rational,GRAIN,tiller_v1,TILLER,tiller,TILLER,5150,3.792379856109619,44.36184956787114,5539.680543288006
35,18l_1024d,fineweb_edu,3407,rlb_fused_global_rational,GRAIN,tiller_v1,TILLER,tiller,TILLER,5200,3.790407657623291,44.274445412804184,5593.672741050017
35,18l_1024d,fineweb_edu,3407,rlb_fused_global_rational,GRAIN,tiller_v1,TILLER,tiller,TILLER,5250,3.788477659225464,44.18907820987387,5647.455414774013
35,18l_1024d,fineweb_edu,3407,rlb_fused_global_rational,GRAIN,tiller_v1,TILLER,tiller,TILLER,5300,3.7828688621520996,43.94192440303572,5701.000163255958
35,18l_1024d,fineweb_edu,3407,rlb_fused_global_rational,GRAIN,tiller_v1,TILLER,tiller,TILLER,5350,3.784022331237793,43.99263929780917,5754.629884251044
35,18l_1024d,fineweb_edu,3407,rlb_fused_global_rational,GRAIN,tiller_v1,TILLER,tiller,TILLER,5400,3.7795820236206055,43.79773149198117,5807.982124775997
35,18l_1024d,fineweb_edu,3407,rlb_fused_global_rational,GRAIN,tiller_v1,TILLER,tiller,TILLER,5450,3.779902935028076,43.81178893911522,5861.672745776945
35,18l_1024d,fineweb_edu,3407,rlb_fused_global_rational,GRAIN,tiller_v1,TILLER,tiller,TILLER,5500,3.774405002593994,43.57157562707362,5915.454459842993
35,18l_1024d,fineweb_edu,3407,rlb_fused_global_rational,GRAIN,tiller_v1,TILLER,tiller,TILLER,5550,3.7718749046325684,43.46147461431076,5969.030928435968
35,18l_1024d,fineweb_edu,3407,rlb_fused_global_rational,GRAIN,tiller_v1,TILLER,tiller,TILLER,5600,3.7663137912750244,43.22045122763886,6022.905182642047
35,18l_1024d,fineweb_edu,3407,rlb_fused_global_rational,GRAIN,tiller_v1,TILLER,tiller,TILLER,5650,3.7647714614868164,43.15384241783043,6076.624115898972
35,18l_1024d,fineweb_edu,3407,rlb_fused_global_rational,GRAIN,tiller_v1,TILLER,tiller,TILLER,5700,3.761286735534668,43.00372481448663,6130.215743954992
35,18l_1024d,fineweb_edu,3407,rlb_fused_global_rational,GRAIN,tiller_v1,TILLER,tiller,TILLER,5750,3.758523941040039,42.885078333711945,6183.7881605869625
35,18l_1024d,fineweb_edu,3407,rlb_fused_global_rational,GRAIN,tiller_v1,TILLER,tiller,TILLER,5800,3.7528269290924072,42.641456148235676,6237.918915609014
35,18l_1024d,fineweb_edu,3407,rlb_fused_global_rational,GRAIN,tiller_v1,TILLER,tiller,TILLER,5850,3.7529056072235107,42.644811230297016,6291.394480635994
35,18l_1024d,fineweb_edu,3407,rlb_fused_global_rational,GRAIN,tiller_v1,TILLER,tiller,TILLER,5900,3.750514507293701,42.54296503589592,6344.801918313955
35,18l_1024d,fineweb_edu,3407,rlb_fused_global_rational,GRAIN,tiller_v1,TILLER,tiller,TILLER,5950,3.7453854084014893,42.32531660836461,6399.472963646986
35,18l_1024d,fineweb_edu,3407,rlb_fused_global_rational,GRAIN,tiller_v1,TILLER,tiller,TILLER,6000,3.7452659606933594,42.32026124823147,6452.929295734037
35,18l_1024d,fineweb_edu,3407,rlb_fused_global_rational,GRAIN,tiller_v1,TILLER,tiller,TILLER,6050,3.742295026779175,42.19471713280944,6507.016236535972
35,18l_1024d,fineweb_edu,3407,rlb_fused_global_rational,GRAIN,tiller_v1,TILLER,tiller,TILLER,6100,3.738556385040283,42.03726072213361,6560.806543273036
35,18l_1024d,fineweb_edu,3407,rlb_fused_global_rational,GRAIN,tiller_v1,TILLER,tiller,TILLER,6150,3.7383317947387695,42.02782062119046,6614.914734615013
35,18l_1024d,fineweb_edu,3407,rlb_fused_global_rational,GRAIN,tiller_v1,TILLER,tiller,TILLER,6200,3.735966682434082,41.928537559575844,6668.374429814052
