row_index,row_id,phase,dataset,dataset_name,dataset_config,text_column,train_split,val_split,val_skip_tokens,model,layers,d_model,heads,ffn_dim,seq_len,batch_size,grad_accum,global_tokens_per_step,train_tokens,val_tokens,steps,eval_interval,eval_batches,seed,method,activation,optimizer,lr,min_lr,weight_decay,extra_args,arm_id,arm_label,block_index,block_position,exact_train_tokens,design_version,run_kind,source_row_index,randomization_seed,correction_campaign,correction_source_manifest,correction_source_row_index
0,E9_100m_dclm_m0_99942400_seed2479_a0_silu_adamw,E9_100m,dclm,mlfoundations/dclm-baseline-1.0,none,text,train,train,210000000,M0,12,768,12,2048,256,16,2,32768,100000000,4000000,3050,50,10,2479,silu_adamw,silu,adamw,0.0003,0.00003,0.10,,A0,SiLU + AdamW,0,0,99942400,E9-live-stat-syncfix-2026-07-12,scientific,0,20260710,matrixpolicy_live_stats_20260712,abalation/manifests/e9_100m_manifest.csv,0
1,E9_100m_dclm_m0_99942400_seed2479_a5_rlb_matrixpolicy_no_role_depth,E9_100m,dclm,mlfoundations/dclm-baseline-1.0,none,text,train,train,210000000,M0,12,768,12,2048,256,16,2,32768,100000000,4000000,3050,50,10,2479,rlb_matrixpolicy_no_role_depth,rlb_fused_global_rational,rational_matrix_policy_onpolicy,0.0003,0.00003,0.10,--rational-matrix-policy-backbone-optimizer adamw --rational-matrix-policy-adam-lr-scale 3.0 --rational-matrix-policy-group-gain-strength 0.20 --rational-matrix-policy-group-pressure-strength 0.10 --rational-matrix-policy-group-activity-damping 0.20 --rational-matrix-policy-group-start 0.02 --rational-matrix-policy-group-end 0.30 --rational-matrix-policy-group-min-scale 0.75 --rational-matrix-policy-group-max-scale 1.35 --rational-matrix-policy-adam-role-strength 0.0 --rational-matrix-policy-adam-role-strength-final 0.0 --rational-matrix-policy-input-depth-gain 0.0 --rational-matrix-policy-output-depth-gain 0.0,A5,MatrixPolicy without role/depth factors,0,1,99942400,E9-live-stat-syncfix-2026-07-12,scientific,0,20260710,matrixpolicy_live_stats_20260712,abalation/manifests/e9_100m_manifest.csv,1
2,E9_100m_dclm_m0_99942400_seed2479_a1_rlb_adamw,E9_100m,dclm,mlfoundations/dclm-baseline-1.0,none,text,train,train,210000000,M0,12,768,12,2048,256,16,2,32768,100000000,4000000,3050,50,10,2479,rlb_adamw,rlb_fused_global_rational,adamw,0.0003,0.00003,0.10,,A1,RLB + AdamW,0,2,99942400,E9-live-stat-syncfix-2026-07-12,scientific,0,20260710,matrixpolicy_live_stats_20260712,abalation/manifests/e9_100m_manifest.csv,2
3,E9_100m_dclm_m0_99942400_seed2479_a3_rlb_matrixpolicy_full,E9_100m,dclm,mlfoundations/dclm-baseline-1.0,none,text,train,train,210000000,M0,12,768,12,2048,256,16,2,32768,100000000,4000000,3050,50,10,2479,rlb_matrixpolicy_full,rlb_fused_global_rational,rational_matrix_policy_onpolicy,0.0003,0.00003,0.10,--rational-matrix-policy-backbone-optimizer adamw --rational-matrix-policy-adam-lr-scale 3.0 --rational-matrix-policy-group-gain-strength 0.20 --rational-matrix-policy-group-pressure-strength 0.10 --rational-matrix-policy-group-activity-damping 0.20 --rational-matrix-policy-group-start 0.02 --rational-matrix-policy-group-end 0.30 --rational-matrix-policy-group-min-scale 0.75 --rational-matrix-policy-group-max-scale 1.35,A3,RLB + MatrixPolicy,0,3,99942400,E9-live-stat-syncfix-2026-07-12,scientific,0,20260710,matrixpolicy_live_stats_20260712,abalation/manifests/e9_100m_manifest.csv,3
4,E9_100m_dclm_m0_99942400_seed2479_a4_rlb_matrixpolicy_no_group_gate,E9_100m,dclm,mlfoundations/dclm-baseline-1.0,none,text,train,train,210000000,M0,12,768,12,2048,256,16,2,32768,100000000,4000000,3050,50,10,2479,rlb_matrixpolicy_no_group_gate,rlb_fused_global_rational,rational_matrix_policy_onpolicy,0.0003,0.00003,0.10,--rational-matrix-policy-backbone-optimizer adamw --rational-matrix-policy-adam-lr-scale 3.0 --rational-matrix-policy-group-gain-strength 0.20 --rational-matrix-policy-group-pressure-strength 0.10 --rational-matrix-policy-group-activity-damping 0.20 --rational-matrix-policy-group-start 0.02 --rational-matrix-policy-group-end 0.30 --rational-matrix-policy-group-min-scale 0.75 --rational-matrix-policy-group-max-scale 1.35 --rational-matrix-policy-group-gain-strength 0.0 --rational-matrix-policy-group-pressure-strength 0.0 --rational-matrix-policy-group-activity-damping 0.0,A4,MatrixPolicy without group-stat gradient gating,0,4,99942400,E9-live-stat-syncfix-2026-07-12,scientific,0,20260710,matrixpolicy_live_stats_20260712,abalation/manifests/e9_100m_manifest.csv,4
5,E9_100m_dclm_m0_99942400_seed2479_a8_rlb_matrixpolicy_no_pair_rescale,E9_100m,dclm,mlfoundations/dclm-baseline-1.0,none,text,train,train,210000000,M0,12,768,12,2048,256,16,2,32768,100000000,4000000,3050,50,10,2479,rlb_matrixpolicy_no_pair_rescale,rlb_fused_global_rational,rational_matrix_policy_onpolicy,0.0003,0.00003,0.10,--rational-matrix-policy-backbone-optimizer adamw --rational-matrix-policy-adam-lr-scale 3.0 --rational-matrix-policy-group-gain-strength 0.20 --rational-matrix-policy-group-pressure-strength 0.10 --rational-matrix-policy-group-activity-damping 0.20 --rational-matrix-policy-group-start 0.02 --rational-matrix-policy-group-end 0.30 --rational-matrix-policy-group-min-scale 0.75 --rational-matrix-policy-group-max-scale 1.35 --rlb-gauge-strength 0.0,A8,MatrixPolicy without reciprocal pair rescaling,0,5,99942400,E9-live-stat-syncfix-2026-07-12,scientific,0,20260710,matrixpolicy_live_stats_20260712,abalation/manifests/e9_100m_manifest.csv,5
6,E9_100m_dclm_m0_99942400_seed2479_a2_rlb_matrixpolicy_static_shell,E9_100m,dclm,mlfoundations/dclm-baseline-1.0,none,text,train,train,210000000,M0,12,768,12,2048,256,16,2,32768,100000000,4000000,3050,50,10,2479,rlb_matrixpolicy_static_shell,rlb_fused_global_rational,rational_matrix_policy_onpolicy,0.0003,0.00003,0.10,--rational-matrix-policy-backbone-optimizer adamw --rational-matrix-policy-adam-lr-scale 3.0 --rational-matrix-policy-group-gain-strength 0.20 --rational-matrix-policy-group-pressure-strength 0.10 --rational-matrix-policy-group-activity-damping 0.20 --rational-matrix-policy-group-start 0.02 --rational-matrix-policy-group-end 0.30 --rational-matrix-policy-group-min-scale 0.75 --rational-matrix-policy-group-max-scale 1.35 --rational-matrix-policy-group-gain-strength 0.0 --rational-matrix-policy-group-pressure-strength 0.0 --rational-matrix-policy-group-activity-damping 0.0 --rational-matrix-policy-adam-role-strength 0.0 --rational-matrix-policy-adam-role-strength-final 0.0 --rational-matrix-policy-input-depth-gain 0.0 --rational-matrix-policy-output-depth-gain 0.0 --rational-matrix-policy-muon-strength 0.0 --rational-matrix-policy-muon-lr-scale 0.0 --rational-matrix-policy-final-muon 0.0 --rational-matrix-policy-min-muon 0.0 --rational-matrix-policy-max-muon 0.0 --rlb-gauge-strength 0.0,A2,RLB + static MatrixPolicy optimizer-recipe shell,0,6,99942400,E9-live-stat-syncfix-2026-07-12,scientific,0,20260710,matrixpolicy_live_stats_20260712,abalation/manifests/e9_100m_manifest.csv,6
7,E9_100m_dclm_m0_99942400_seed2479_a6_rlb_matrixpolicy_muon_branch_suppressed,E9_100m,dclm,mlfoundations/dclm-baseline-1.0,none,text,train,train,210000000,M0,12,768,12,2048,256,16,2,32768,100000000,4000000,3050,50,10,2479,rlb_matrixpolicy_muon_branch_suppressed,rlb_fused_global_rational,rational_matrix_policy_onpolicy,0.0003,0.00003,0.10,--rational-matrix-policy-backbone-optimizer adamw --rational-matrix-policy-adam-lr-scale 3.0 --rational-matrix-policy-group-gain-strength 0.20 --rational-matrix-policy-group-pressure-strength 0.10 --rational-matrix-policy-group-activity-damping 0.20 --rational-matrix-policy-group-start 0.02 --rational-matrix-policy-group-end 0.30 --rational-matrix-policy-group-min-scale 0.75 --rational-matrix-policy-group-max-scale 1.35 --no-rational-matrix-policy-apply-muon-update,A6,MatrixPolicy with transient Muon branch suppressed at fixed schedule,0,7,99942400,E9-live-stat-syncfix-2026-07-12,scientific,0,20260710,matrixpolicy_live_stats_20260712,abalation/manifests/e9_100m_manifest.csv,7
8,E9_100m_dclm_m0_99942400_seed2479_a7_rlb_matrixpolicy_no_role_depth_muon_branch_suppressed,E9_100m,dclm,mlfoundations/dclm-baseline-1.0,none,text,train,train,210000000,M0,12,768,12,2048,256,16,2,32768,100000000,4000000,3050,50,10,2479,rlb_matrixpolicy_no_role_depth_muon_branch_suppressed,rlb_fused_global_rational,rational_matrix_policy_onpolicy,0.0003,0.00003,0.10,--rational-matrix-policy-backbone-optimizer adamw --rational-matrix-policy-adam-lr-scale 3.0 --rational-matrix-policy-group-gain-strength 0.20 --rational-matrix-policy-group-pressure-strength 0.10 --rational-matrix-policy-group-activity-damping 0.20 --rational-matrix-policy-group-start 0.02 --rational-matrix-policy-group-end 0.30 --rational-matrix-policy-group-min-scale 0.75 --rational-matrix-policy-group-max-scale 1.35 --rational-matrix-policy-adam-role-strength 0.0 --rational-matrix-policy-adam-role-strength-final 0.0 --rational-matrix-policy-input-depth-gain 0.0 --rational-matrix-policy-output-depth-gain 0.0 --no-rational-matrix-policy-apply-muon-update,A7,MatrixPolicy without role/depth factors and with Muon branch suppressed,0,8,99942400,E9-live-stat-syncfix-2026-07-12,scientific,0,20260710,matrixpolicy_live_stats_20260712,abalation/manifests/e9_100m_manifest.csv,8
9,E9_100m_dclm_m0_99942400_seed2479_a9_rlb_matrixpolicy_no_role_depth_muon_block,E9_100m,dclm,mlfoundations/dclm-baseline-1.0,none,text,train,train,210000000,M0,12,768,12,2048,256,16,2,32768,100000000,4000000,3050,50,10,2479,rlb_matrixpolicy_no_role_depth_muon_block,rlb_fused_global_rational,rational_matrix_policy_onpolicy,0.0003,0.00003,0.10,--rational-matrix-policy-backbone-optimizer adamw --rational-matrix-policy-adam-lr-scale 3.0 --rational-matrix-policy-group-gain-strength 0.20 --rational-matrix-policy-group-pressure-strength 0.10 --rational-matrix-policy-group-activity-damping 0.20 --rational-matrix-policy-group-start 0.02 --rational-matrix-policy-group-end 0.30 --rational-matrix-policy-group-min-scale 0.75 --rational-matrix-policy-group-max-scale 1.35 --rational-matrix-policy-adam-role-strength 0.0 --rational-matrix-policy-adam-role-strength-final 0.0 --rational-matrix-policy-input-depth-gain 0.0 --rational-matrix-policy-output-depth-gain 0.0 --rational-matrix-policy-muon-strength 0.0 --rational-matrix-policy-muon-lr-scale 0.0 --rational-matrix-policy-final-muon 0.0 --rational-matrix-policy-min-muon 0.0 --rational-matrix-policy-max-muon 0.0,A9,MatrixPolicy without role/depth-Muon action block,0,9,99942400,E9-live-stat-syncfix-2026-07-12,scientific,0,20260710,matrixpolicy_live_stats_20260712,abalation/manifests/e9_100m_manifest.csv,9
10,E9_100m_dclm_m0_99942400_seed5052_a2_rlb_matrixpolicy_static_shell,E9_100m,dclm,mlfoundations/dclm-baseline-1.0,none,text,train,train,210000000,M0,12,768,12,2048,256,16,2,32768,100000000,4000000,3050,50,10,5052,rlb_matrixpolicy_static_shell,rlb_fused_global_rational,rational_matrix_policy_onpolicy,0.0003,0.00003,0.10,--rational-matrix-policy-backbone-optimizer adamw --rational-matrix-policy-adam-lr-scale 3.0 --rational-matrix-policy-group-gain-strength 0.20 --rational-matrix-policy-group-pressure-strength 0.10 --rational-matrix-policy-group-activity-damping 0.20 --rational-matrix-policy-group-start 0.02 --rational-matrix-policy-group-end 0.30 --rational-matrix-policy-group-min-scale 0.75 --rational-matrix-policy-group-max-scale 1.35 --rational-matrix-policy-group-gain-strength 0.0 --rational-matrix-policy-group-pressure-strength 0.0 --rational-matrix-policy-group-activity-damping 0.0 --rational-matrix-policy-adam-role-strength 0.0 --rational-matrix-policy-adam-role-strength-final 0.0 --rational-matrix-policy-input-depth-gain 0.0 --rational-matrix-policy-output-depth-gain 0.0 --rational-matrix-policy-muon-strength 0.0 --rational-matrix-policy-muon-lr-scale 0.0 --rational-matrix-policy-final-muon 0.0 --rational-matrix-policy-min-muon 0.0 --rational-matrix-policy-max-muon 0.0 --rlb-gauge-strength 0.0,A2,RLB + static MatrixPolicy optimizer-recipe shell,1,0,99942400,E9-live-stat-syncfix-2026-07-12,scientific,0,20260710,matrixpolicy_live_stats_20260712,abalation/manifests/e9_100m_manifest.csv,10
11,E9_100m_dclm_m0_99942400_seed5052_a6_rlb_matrixpolicy_muon_branch_suppressed,E9_100m,dclm,mlfoundations/dclm-baseline-1.0,none,text,train,train,210000000,M0,12,768,12,2048,256,16,2,32768,100000000,4000000,3050,50,10,5052,rlb_matrixpolicy_muon_branch_suppressed,rlb_fused_global_rational,rational_matrix_policy_onpolicy,0.0003,0.00003,0.10,--rational-matrix-policy-backbone-optimizer adamw --rational-matrix-policy-adam-lr-scale 3.0 --rational-matrix-policy-group-gain-strength 0.20 --rational-matrix-policy-group-pressure-strength 0.10 --rational-matrix-policy-group-activity-damping 0.20 --rational-matrix-policy-group-start 0.02 --rational-matrix-policy-group-end 0.30 --rational-matrix-policy-group-min-scale 0.75 --rational-matrix-policy-group-max-scale 1.35 --no-rational-matrix-policy-apply-muon-update,A6,MatrixPolicy with transient Muon branch suppressed at fixed schedule,1,1,99942400,E9-live-stat-syncfix-2026-07-12,scientific,0,20260710,matrixpolicy_live_stats_20260712,abalation/manifests/e9_100m_manifest.csv,11
12,E9_100m_dclm_m0_99942400_seed5052_a7_rlb_matrixpolicy_no_role_depth_muon_branch_suppressed,E9_100m,dclm,mlfoundations/dclm-baseline-1.0,none,text,train,train,210000000,M0,12,768,12,2048,256,16,2,32768,100000000,4000000,3050,50,10,5052,rlb_matrixpolicy_no_role_depth_muon_branch_suppressed,rlb_fused_global_rational,rational_matrix_policy_onpolicy,0.0003,0.00003,0.10,--rational-matrix-policy-backbone-optimizer adamw --rational-matrix-policy-adam-lr-scale 3.0 --rational-matrix-policy-group-gain-strength 0.20 --rational-matrix-policy-group-pressure-strength 0.10 --rational-matrix-policy-group-activity-damping 0.20 --rational-matrix-policy-group-start 0.02 --rational-matrix-policy-group-end 0.30 --rational-matrix-policy-group-min-scale 0.75 --rational-matrix-policy-group-max-scale 1.35 --rational-matrix-policy-adam-role-strength 0.0 --rational-matrix-policy-adam-role-strength-final 0.0 --rational-matrix-policy-input-depth-gain 0.0 --rational-matrix-policy-output-depth-gain 0.0 --no-rational-matrix-policy-apply-muon-update,A7,MatrixPolicy without role/depth factors and with Muon branch suppressed,1,2,99942400,E9-live-stat-syncfix-2026-07-12,scientific,0,20260710,matrixpolicy_live_stats_20260712,abalation/manifests/e9_100m_manifest.csv,12
13,E9_100m_dclm_m0_99942400_seed5052_a9_rlb_matrixpolicy_no_role_depth_muon_block,E9_100m,dclm,mlfoundations/dclm-baseline-1.0,none,text,train,train,210000000,M0,12,768,12,2048,256,16,2,32768,100000000,4000000,3050,50,10,5052,rlb_matrixpolicy_no_role_depth_muon_block,rlb_fused_global_rational,rational_matrix_policy_onpolicy,0.0003,0.00003,0.10,--rational-matrix-policy-backbone-optimizer adamw --rational-matrix-policy-adam-lr-scale 3.0 --rational-matrix-policy-group-gain-strength 0.20 --rational-matrix-policy-group-pressure-strength 0.10 --rational-matrix-policy-group-activity-damping 0.20 --rational-matrix-policy-group-start 0.02 --rational-matrix-policy-group-end 0.30 --rational-matrix-policy-group-min-scale 0.75 --rational-matrix-policy-group-max-scale 1.35 --rational-matrix-policy-adam-role-strength 0.0 --rational-matrix-policy-adam-role-strength-final 0.0 --rational-matrix-policy-input-depth-gain 0.0 --rational-matrix-policy-output-depth-gain 0.0 --rational-matrix-policy-muon-strength 0.0 --rational-matrix-policy-muon-lr-scale 0.0 --rational-matrix-policy-final-muon 0.0 --rational-matrix-policy-min-muon 0.0 --rational-matrix-policy-max-muon 0.0,A9,MatrixPolicy without role/depth-Muon action block,1,3,99942400,E9-live-stat-syncfix-2026-07-12,scientific,0,20260710,matrixpolicy_live_stats_20260712,abalation/manifests/e9_100m_manifest.csv,13
14,E9_100m_dclm_m0_99942400_seed5052_a0_silu_adamw,E9_100m,dclm,mlfoundations/dclm-baseline-1.0,none,text,train,train,210000000,M0,12,768,12,2048,256,16,2,32768,100000000,4000000,3050,50,10,5052,silu_adamw,silu,adamw,0.0003,0.00003,0.10,,A0,SiLU + AdamW,1,4,99942400,E9-live-stat-syncfix-2026-07-12,scientific,0,20260710,matrixpolicy_live_stats_20260712,abalation/manifests/e9_100m_manifest.csv,14
15,E9_100m_dclm_m0_99942400_seed5052_a5_rlb_matrixpolicy_no_role_depth,E9_100m,dclm,mlfoundations/dclm-baseline-1.0,none,text,train,train,210000000,M0,12,768,12,2048,256,16,2,32768,100000000,4000000,3050,50,10,5052,rlb_matrixpolicy_no_role_depth,rlb_fused_global_rational,rational_matrix_policy_onpolicy,0.0003,0.00003,0.10,--rational-matrix-policy-backbone-optimizer adamw --rational-matrix-policy-adam-lr-scale 3.0 --rational-matrix-policy-group-gain-strength 0.20 --rational-matrix-policy-group-pressure-strength 0.10 --rational-matrix-policy-group-activity-damping 0.20 --rational-matrix-policy-group-start 0.02 --rational-matrix-policy-group-end 0.30 --rational-matrix-policy-group-min-scale 0.75 --rational-matrix-policy-group-max-scale 1.35 --rational-matrix-policy-adam-role-strength 0.0 --rational-matrix-policy-adam-role-strength-final 0.0 --rational-matrix-policy-input-depth-gain 0.0 --rational-matrix-policy-output-depth-gain 0.0,A5,MatrixPolicy without role/depth factors,1,5,99942400,E9-live-stat-syncfix-2026-07-12,scientific,0,20260710,matrixpolicy_live_stats_20260712,abalation/manifests/e9_100m_manifest.csv,15
16,E9_100m_dclm_m0_99942400_seed5052_a1_rlb_adamw,E9_100m,dclm,mlfoundations/dclm-baseline-1.0,none,text,train,train,210000000,M0,12,768,12,2048,256,16,2,32768,100000000,4000000,3050,50,10,5052,rlb_adamw,rlb_fused_global_rational,adamw,0.0003,0.00003,0.10,,A1,RLB + AdamW,1,6,99942400,E9-live-stat-syncfix-2026-07-12,scientific,0,20260710,matrixpolicy_live_stats_20260712,abalation/manifests/e9_100m_manifest.csv,16
17,E9_100m_dclm_m0_99942400_seed5052_a3_rlb_matrixpolicy_full,E9_100m,dclm,mlfoundations/dclm-baseline-1.0,none,text,train,train,210000000,M0,12,768,12,2048,256,16,2,32768,100000000,4000000,3050,50,10,5052,rlb_matrixpolicy_full,rlb_fused_global_rational,rational_matrix_policy_onpolicy,0.0003,0.00003,0.10,--rational-matrix-policy-backbone-optimizer adamw --rational-matrix-policy-adam-lr-scale 3.0 --rational-matrix-policy-group-gain-strength 0.20 --rational-matrix-policy-group-pressure-strength 0.10 --rational-matrix-policy-group-activity-damping 0.20 --rational-matrix-policy-group-start 0.02 --rational-matrix-policy-group-end 0.30 --rational-matrix-policy-group-min-scale 0.75 --rational-matrix-policy-group-max-scale 1.35,A3,RLB + MatrixPolicy,1,7,99942400,E9-live-stat-syncfix-2026-07-12,scientific,0,20260710,matrixpolicy_live_stats_20260712,abalation/manifests/e9_100m_manifest.csv,17
18,E9_100m_dclm_m0_99942400_seed5052_a4_rlb_matrixpolicy_no_group_gate,E9_100m,dclm,mlfoundations/dclm-baseline-1.0,none,text,train,train,210000000,M0,12,768,12,2048,256,16,2,32768,100000000,4000000,3050,50,10,5052,rlb_matrixpolicy_no_group_gate,rlb_fused_global_rational,rational_matrix_policy_onpolicy,0.0003,0.00003,0.10,--rational-matrix-policy-backbone-optimizer adamw --rational-matrix-policy-adam-lr-scale 3.0 --rational-matrix-policy-group-gain-strength 0.20 --rational-matrix-policy-group-pressure-strength 0.10 --rational-matrix-policy-group-activity-damping 0.20 --rational-matrix-policy-group-start 0.02 --rational-matrix-policy-group-end 0.30 --rational-matrix-policy-group-min-scale 0.75 --rational-matrix-policy-group-max-scale 1.35 --rational-matrix-policy-group-gain-strength 0.0 --rational-matrix-policy-group-pressure-strength 0.0 --rational-matrix-policy-group-activity-damping 0.0,A4,MatrixPolicy without group-stat gradient gating,1,8,99942400,E9-live-stat-syncfix-2026-07-12,scientific,0,20260710,matrixpolicy_live_stats_20260712,abalation/manifests/e9_100m_manifest.csv,18
19,E9_100m_dclm_m0_99942400_seed5052_a8_rlb_matrixpolicy_no_pair_rescale,E9_100m,dclm,mlfoundations/dclm-baseline-1.0,none,text,train,train,210000000,M0,12,768,12,2048,256,16,2,32768,100000000,4000000,3050,50,10,5052,rlb_matrixpolicy_no_pair_rescale,rlb_fused_global_rational,rational_matrix_policy_onpolicy,0.0003,0.00003,0.10,--rational-matrix-policy-backbone-optimizer adamw --rational-matrix-policy-adam-lr-scale 3.0 --rational-matrix-policy-group-gain-strength 0.20 --rational-matrix-policy-group-pressure-strength 0.10 --rational-matrix-policy-group-activity-damping 0.20 --rational-matrix-policy-group-start 0.02 --rational-matrix-policy-group-end 0.30 --rational-matrix-policy-group-min-scale 0.75 --rational-matrix-policy-group-max-scale 1.35 --rlb-gauge-strength 0.0,A8,MatrixPolicy without reciprocal pair rescaling,1,9,99942400,E9-live-stat-syncfix-2026-07-12,scientific,0,20260710,matrixpolicy_live_stats_20260712,abalation/manifests/e9_100m_manifest.csv,19
20,E9_100m_dclm_m0_99942400_seed8913_a4_rlb_matrixpolicy_no_group_gate,E9_100m,dclm,mlfoundations/dclm-baseline-1.0,none,text,train,train,210000000,M0,12,768,12,2048,256,16,2,32768,100000000,4000000,3050,50,10,8913,rlb_matrixpolicy_no_group_gate,rlb_fused_global_rational,rational_matrix_policy_onpolicy,0.0003,0.00003,0.10,--rational-matrix-policy-backbone-optimizer adamw --rational-matrix-policy-adam-lr-scale 3.0 --rational-matrix-policy-group-gain-strength 0.20 --rational-matrix-policy-group-pressure-strength 0.10 --rational-matrix-policy-group-activity-damping 0.20 --rational-matrix-policy-group-start 0.02 --rational-matrix-policy-group-end 0.30 --rational-matrix-policy-group-min-scale 0.75 --rational-matrix-policy-group-max-scale 1.35 --rational-matrix-policy-group-gain-strength 0.0 --rational-matrix-policy-group-pressure-strength 0.0 --rational-matrix-policy-group-activity-damping 0.0,A4,MatrixPolicy without group-stat gradient gating,2,0,99942400,E9-live-stat-syncfix-2026-07-12,scientific,0,20260710,matrixpolicy_live_stats_20260712,abalation/manifests/e9_100m_manifest.csv,20
21,E9_100m_dclm_m0_99942400_seed8913_a8_rlb_matrixpolicy_no_pair_rescale,E9_100m,dclm,mlfoundations/dclm-baseline-1.0,none,text,train,train,210000000,M0,12,768,12,2048,256,16,2,32768,100000000,4000000,3050,50,10,8913,rlb_matrixpolicy_no_pair_rescale,rlb_fused_global_rational,rational_matrix_policy_onpolicy,0.0003,0.00003,0.10,--rational-matrix-policy-backbone-optimizer adamw --rational-matrix-policy-adam-lr-scale 3.0 --rational-matrix-policy-group-gain-strength 0.20 --rational-matrix-policy-group-pressure-strength 0.10 --rational-matrix-policy-group-activity-damping 0.20 --rational-matrix-policy-group-start 0.02 --rational-matrix-policy-group-end 0.30 --rational-matrix-policy-group-min-scale 0.75 --rational-matrix-policy-group-max-scale 1.35 --rlb-gauge-strength 0.0,A8,MatrixPolicy without reciprocal pair rescaling,2,1,99942400,E9-live-stat-syncfix-2026-07-12,scientific,0,20260710,matrixpolicy_live_stats_20260712,abalation/manifests/e9_100m_manifest.csv,21
22,E9_100m_dclm_m0_99942400_seed8913_a2_rlb_matrixpolicy_static_shell,E9_100m,dclm,mlfoundations/dclm-baseline-1.0,none,text,train,train,210000000,M0,12,768,12,2048,256,16,2,32768,100000000,4000000,3050,50,10,8913,rlb_matrixpolicy_static_shell,rlb_fused_global_rational,rational_matrix_policy_onpolicy,0.0003,0.00003,0.10,--rational-matrix-policy-backbone-optimizer adamw --rational-matrix-policy-adam-lr-scale 3.0 --rational-matrix-policy-group-gain-strength 0.20 --rational-matrix-policy-group-pressure-strength 0.10 --rational-matrix-policy-group-activity-damping 0.20 --rational-matrix-policy-group-start 0.02 --rational-matrix-policy-group-end 0.30 --rational-matrix-policy-group-min-scale 0.75 --rational-matrix-policy-group-max-scale 1.35 --rational-matrix-policy-group-gain-strength 0.0 --rational-matrix-policy-group-pressure-strength 0.0 --rational-matrix-policy-group-activity-damping 0.0 --rational-matrix-policy-adam-role-strength 0.0 --rational-matrix-policy-adam-role-strength-final 0.0 --rational-matrix-policy-input-depth-gain 0.0 --rational-matrix-policy-output-depth-gain 0.0 --rational-matrix-policy-muon-strength 0.0 --rational-matrix-policy-muon-lr-scale 0.0 --rational-matrix-policy-final-muon 0.0 --rational-matrix-policy-min-muon 0.0 --rational-matrix-policy-max-muon 0.0 --rlb-gauge-strength 0.0,A2,RLB + static MatrixPolicy optimizer-recipe shell,2,2,99942400,E9-live-stat-syncfix-2026-07-12,scientific,0,20260710,matrixpolicy_live_stats_20260712,abalation/manifests/e9_100m_manifest.csv,22
23,E9_100m_dclm_m0_99942400_seed8913_a6_rlb_matrixpolicy_muon_branch_suppressed,E9_100m,dclm,mlfoundations/dclm-baseline-1.0,none,text,train,train,210000000,M0,12,768,12,2048,256,16,2,32768,100000000,4000000,3050,50,10,8913,rlb_matrixpolicy_muon_branch_suppressed,rlb_fused_global_rational,rational_matrix_policy_onpolicy,0.0003,0.00003,0.10,--rational-matrix-policy-backbone-optimizer adamw --rational-matrix-policy-adam-lr-scale 3.0 --rational-matrix-policy-group-gain-strength 0.20 --rational-matrix-policy-group-pressure-strength 0.10 --rational-matrix-policy-group-activity-damping 0.20 --rational-matrix-policy-group-start 0.02 --rational-matrix-policy-group-end 0.30 --rational-matrix-policy-group-min-scale 0.75 --rational-matrix-policy-group-max-scale 1.35 --no-rational-matrix-policy-apply-muon-update,A6,MatrixPolicy with transient Muon branch suppressed at fixed schedule,2,3,99942400,E9-live-stat-syncfix-2026-07-12,scientific,0,20260710,matrixpolicy_live_stats_20260712,abalation/manifests/e9_100m_manifest.csv,23
24,E9_100m_dclm_m0_99942400_seed8913_a7_rlb_matrixpolicy_no_role_depth_muon_branch_suppressed,E9_100m,dclm,mlfoundations/dclm-baseline-1.0,none,text,train,train,210000000,M0,12,768,12,2048,256,16,2,32768,100000000,4000000,3050,50,10,8913,rlb_matrixpolicy_no_role_depth_muon_branch_suppressed,rlb_fused_global_rational,rational_matrix_policy_onpolicy,0.0003,0.00003,0.10,--rational-matrix-policy-backbone-optimizer adamw --rational-matrix-policy-adam-lr-scale 3.0 --rational-matrix-policy-group-gain-strength 0.20 --rational-matrix-policy-group-pressure-strength 0.10 --rational-matrix-policy-group-activity-damping 0.20 --rational-matrix-policy-group-start 0.02 --rational-matrix-policy-group-end 0.30 --rational-matrix-policy-group-min-scale 0.75 --rational-matrix-policy-group-max-scale 1.35 --rational-matrix-policy-adam-role-strength 0.0 --rational-matrix-policy-adam-role-strength-final 0.0 --rational-matrix-policy-input-depth-gain 0.0 --rational-matrix-policy-output-depth-gain 0.0 --no-rational-matrix-policy-apply-muon-update,A7,MatrixPolicy without role/depth factors and with Muon branch suppressed,2,4,99942400,E9-live-stat-syncfix-2026-07-12,scientific,0,20260710,matrixpolicy_live_stats_20260712,abalation/manifests/e9_100m_manifest.csv,24
25,E9_100m_dclm_m0_99942400_seed8913_a9_rlb_matrixpolicy_no_role_depth_muon_block,E9_100m,dclm,mlfoundations/dclm-baseline-1.0,none,text,train,train,210000000,M0,12,768,12,2048,256,16,2,32768,100000000,4000000,3050,50,10,8913,rlb_matrixpolicy_no_role_depth_muon_block,rlb_fused_global_rational,rational_matrix_policy_onpolicy,0.0003,0.00003,0.10,--rational-matrix-policy-backbone-optimizer adamw --rational-matrix-policy-adam-lr-scale 3.0 --rational-matrix-policy-group-gain-strength 0.20 --rational-matrix-policy-group-pressure-strength 0.10 --rational-matrix-policy-group-activity-damping 0.20 --rational-matrix-policy-group-start 0.02 --rational-matrix-policy-group-end 0.30 --rational-matrix-policy-group-min-scale 0.75 --rational-matrix-policy-group-max-scale 1.35 --rational-matrix-policy-adam-role-strength 0.0 --rational-matrix-policy-adam-role-strength-final 0.0 --rational-matrix-policy-input-depth-gain 0.0 --rational-matrix-policy-output-depth-gain 0.0 --rational-matrix-policy-muon-strength 0.0 --rational-matrix-policy-muon-lr-scale 0.0 --rational-matrix-policy-final-muon 0.0 --rational-matrix-policy-min-muon 0.0 --rational-matrix-policy-max-muon 0.0,A9,MatrixPolicy without role/depth-Muon action block,2,5,99942400,E9-live-stat-syncfix-2026-07-12,scientific,0,20260710,matrixpolicy_live_stats_20260712,abalation/manifests/e9_100m_manifest.csv,25
26,E9_100m_dclm_m0_99942400_seed8913_a0_silu_adamw,E9_100m,dclm,mlfoundations/dclm-baseline-1.0,none,text,train,train,210000000,M0,12,768,12,2048,256,16,2,32768,100000000,4000000,3050,50,10,8913,silu_adamw,silu,adamw,0.0003,0.00003,0.10,,A0,SiLU + AdamW,2,6,99942400,E9-live-stat-syncfix-2026-07-12,scientific,0,20260710,matrixpolicy_live_stats_20260712,abalation/manifests/e9_100m_manifest.csv,26
27,E9_100m_dclm_m0_99942400_seed8913_a5_rlb_matrixpolicy_no_role_depth,E9_100m,dclm,mlfoundations/dclm-baseline-1.0,none,text,train,train,210000000,M0,12,768,12,2048,256,16,2,32768,100000000,4000000,3050,50,10,8913,rlb_matrixpolicy_no_role_depth,rlb_fused_global_rational,rational_matrix_policy_onpolicy,0.0003,0.00003,0.10,--rational-matrix-policy-backbone-optimizer adamw --rational-matrix-policy-adam-lr-scale 3.0 --rational-matrix-policy-group-gain-strength 0.20 --rational-matrix-policy-group-pressure-strength 0.10 --rational-matrix-policy-group-activity-damping 0.20 --rational-matrix-policy-group-start 0.02 --rational-matrix-policy-group-end 0.30 --rational-matrix-policy-group-min-scale 0.75 --rational-matrix-policy-group-max-scale 1.35 --rational-matrix-policy-adam-role-strength 0.0 --rational-matrix-policy-adam-role-strength-final 0.0 --rational-matrix-policy-input-depth-gain 0.0 --rational-matrix-policy-output-depth-gain 0.0,A5,MatrixPolicy without role/depth factors,2,7,99942400,E9-live-stat-syncfix-2026-07-12,scientific,0,20260710,matrixpolicy_live_stats_20260712,abalation/manifests/e9_100m_manifest.csv,27
28,E9_100m_dclm_m0_99942400_seed8913_a1_rlb_adamw,E9_100m,dclm,mlfoundations/dclm-baseline-1.0,none,text,train,train,210000000,M0,12,768,12,2048,256,16,2,32768,100000000,4000000,3050,50,10,8913,rlb_adamw,rlb_fused_global_rational,adamw,0.0003,0.00003,0.10,,A1,RLB + AdamW,2,8,99942400,E9-live-stat-syncfix-2026-07-12,scientific,0,20260710,matrixpolicy_live_stats_20260712,abalation/manifests/e9_100m_manifest.csv,28
29,E9_100m_dclm_m0_99942400_seed8913_a3_rlb_matrixpolicy_full,E9_100m,dclm,mlfoundations/dclm-baseline-1.0,none,text,train,train,210000000,M0,12,768,12,2048,256,16,2,32768,100000000,4000000,3050,50,10,8913,rlb_matrixpolicy_full,rlb_fused_global_rational,rational_matrix_policy_onpolicy,0.0003,0.00003,0.10,--rational-matrix-policy-backbone-optimizer adamw --rational-matrix-policy-adam-lr-scale 3.0 --rational-matrix-policy-group-gain-strength 0.20 --rational-matrix-policy-group-pressure-strength 0.10 --rational-matrix-policy-group-activity-damping 0.20 --rational-matrix-policy-group-start 0.02 --rational-matrix-policy-group-end 0.30 --rational-matrix-policy-group-min-scale 0.75 --rational-matrix-policy-group-max-scale 1.35,A3,RLB + MatrixPolicy,2,9,99942400,E9-live-stat-syncfix-2026-07-12,scientific,0,20260710,matrixpolicy_live_stats_20260712,abalation/manifests/e9_100m_manifest.csv,29
30,E9_100m_fineweb_edu_m0_99942400_seed2479_a6_rlb_matrixpolicy_muon_branch_suppressed,E9_100m,fineweb_edu,HuggingFaceFW/fineweb-edu,sample-10BT,text,train,train,210000000,M0,12,768,12,2048,256,16,2,32768,100000000,4000000,3050,50,10,2479,rlb_matrixpolicy_muon_branch_suppressed,rlb_fused_global_rational,rational_matrix_policy_onpolicy,0.0003,0.00003,0.10,--rational-matrix-policy-backbone-optimizer adamw --rational-matrix-policy-adam-lr-scale 3.0 --rational-matrix-policy-group-gain-strength 0.20 --rational-matrix-policy-group-pressure-strength 0.10 --rational-matrix-policy-group-activity-damping 0.20 --rational-matrix-policy-group-start 0.02 --rational-matrix-policy-group-end 0.30 --rational-matrix-policy-group-min-scale 0.75 --rational-matrix-policy-group-max-scale 1.35 --no-rational-matrix-policy-apply-muon-update,A6,MatrixPolicy with transient Muon branch suppressed at fixed schedule,3,0,99942400,E9-live-stat-syncfix-2026-07-12,scientific,3,20260710,matrixpolicy_live_stats_20260712,abalation/manifests/e9_100m_manifest.csv,30
31,E9_100m_fineweb_edu_m0_99942400_seed2479_a7_rlb_matrixpolicy_no_role_depth_muon_branch_suppressed,E9_100m,fineweb_edu,HuggingFaceFW/fineweb-edu,sample-10BT,text,train,train,210000000,M0,12,768,12,2048,256,16,2,32768,100000000,4000000,3050,50,10,2479,rlb_matrixpolicy_no_role_depth_muon_branch_suppressed,rlb_fused_global_rational,rational_matrix_policy_onpolicy,0.0003,0.00003,0.10,--rational-matrix-policy-backbone-optimizer adamw --rational-matrix-policy-adam-lr-scale 3.0 --rational-matrix-policy-group-gain-strength 0.20 --rational-matrix-policy-group-pressure-strength 0.10 --rational-matrix-policy-group-activity-damping 0.20 --rational-matrix-policy-group-start 0.02 --rational-matrix-policy-group-end 0.30 --rational-matrix-policy-group-min-scale 0.75 --rational-matrix-policy-group-max-scale 1.35 --rational-matrix-policy-adam-role-strength 0.0 --rational-matrix-policy-adam-role-strength-final 0.0 --rational-matrix-policy-input-depth-gain 0.0 --rational-matrix-policy-output-depth-gain 0.0 --no-rational-matrix-policy-apply-muon-update,A7,MatrixPolicy without role/depth factors and with Muon branch suppressed,3,1,99942400,E9-live-stat-syncfix-2026-07-12,scientific,3,20260710,matrixpolicy_live_stats_20260712,abalation/manifests/e9_100m_manifest.csv,31
32,E9_100m_fineweb_edu_m0_99942400_seed2479_a9_rlb_matrixpolicy_no_role_depth_muon_block,E9_100m,fineweb_edu,HuggingFaceFW/fineweb-edu,sample-10BT,text,train,train,210000000,M0,12,768,12,2048,256,16,2,32768,100000000,4000000,3050,50,10,2479,rlb_matrixpolicy_no_role_depth_muon_block,rlb_fused_global_rational,rational_matrix_policy_onpolicy,0.0003,0.00003,0.10,--rational-matrix-policy-backbone-optimizer adamw --rational-matrix-policy-adam-lr-scale 3.0 --rational-matrix-policy-group-gain-strength 0.20 --rational-matrix-policy-group-pressure-strength 0.10 --rational-matrix-policy-group-activity-damping 0.20 --rational-matrix-policy-group-start 0.02 --rational-matrix-policy-group-end 0.30 --rational-matrix-policy-group-min-scale 0.75 --rational-matrix-policy-group-max-scale 1.35 --rational-matrix-policy-adam-role-strength 0.0 --rational-matrix-policy-adam-role-strength-final 0.0 --rational-matrix-policy-input-depth-gain 0.0 --rational-matrix-policy-output-depth-gain 0.0 --rational-matrix-policy-muon-strength 0.0 --rational-matrix-policy-muon-lr-scale 0.0 --rational-matrix-policy-final-muon 0.0 --rational-matrix-policy-min-muon 0.0 --rational-matrix-policy-max-muon 0.0,A9,MatrixPolicy without role/depth-Muon action block,3,2,99942400,E9-live-stat-syncfix-2026-07-12,scientific,3,20260710,matrixpolicy_live_stats_20260712,abalation/manifests/e9_100m_manifest.csv,32
33,E9_100m_fineweb_edu_m0_99942400_seed2479_a0_silu_adamw,E9_100m,fineweb_edu,HuggingFaceFW/fineweb-edu,sample-10BT,text,train,train,210000000,M0,12,768,12,2048,256,16,2,32768,100000000,4000000,3050,50,10,2479,silu_adamw,silu,adamw,0.0003,0.00003,0.10,,A0,SiLU + AdamW,3,3,99942400,E9-live-stat-syncfix-2026-07-12,scientific,3,20260710,matrixpolicy_live_stats_20260712,abalation/manifests/e9_100m_manifest.csv,33
34,E9_100m_fineweb_edu_m0_99942400_seed2479_a5_rlb_matrixpolicy_no_role_depth,E9_100m,fineweb_edu,HuggingFaceFW/fineweb-edu,sample-10BT,text,train,train,210000000,M0,12,768,12,2048,256,16,2,32768,100000000,4000000,3050,50,10,2479,rlb_matrixpolicy_no_role_depth,rlb_fused_global_rational,rational_matrix_policy_onpolicy,0.0003,0.00003,0.10,--rational-matrix-policy-backbone-optimizer adamw --rational-matrix-policy-adam-lr-scale 3.0 --rational-matrix-policy-group-gain-strength 0.20 --rational-matrix-policy-group-pressure-strength 0.10 --rational-matrix-policy-group-activity-damping 0.20 --rational-matrix-policy-group-start 0.02 --rational-matrix-policy-group-end 0.30 --rational-matrix-policy-group-min-scale 0.75 --rational-matrix-policy-group-max-scale 1.35 --rational-matrix-policy-adam-role-strength 0.0 --rational-matrix-policy-adam-role-strength-final 0.0 --rational-matrix-policy-input-depth-gain 0.0 --rational-matrix-policy-output-depth-gain 0.0,A5,MatrixPolicy without role/depth factors,3,4,99942400,E9-live-stat-syncfix-2026-07-12,scientific,3,20260710,matrixpolicy_live_stats_20260712,abalation/manifests/e9_100m_manifest.csv,34
35,E9_100m_fineweb_edu_m0_99942400_seed2479_a1_rlb_adamw,E9_100m,fineweb_edu,HuggingFaceFW/fineweb-edu,sample-10BT,text,train,train,210000000,M0,12,768,12,2048,256,16,2,32768,100000000,4000000,3050,50,10,2479,rlb_adamw,rlb_fused_global_rational,adamw,0.0003,0.00003,0.10,,A1,RLB + AdamW,3,5,99942400,E9-live-stat-syncfix-2026-07-12,scientific,3,20260710,matrixpolicy_live_stats_20260712,abalation/manifests/e9_100m_manifest.csv,35
36,E9_100m_fineweb_edu_m0_99942400_seed2479_a3_rlb_matrixpolicy_full,E9_100m,fineweb_edu,HuggingFaceFW/fineweb-edu,sample-10BT,text,train,train,210000000,M0,12,768,12,2048,256,16,2,32768,100000000,4000000,3050,50,10,2479,rlb_matrixpolicy_full,rlb_fused_global_rational,rational_matrix_policy_onpolicy,0.0003,0.00003,0.10,--rational-matrix-policy-backbone-optimizer adamw --rational-matrix-policy-adam-lr-scale 3.0 --rational-matrix-policy-group-gain-strength 0.20 --rational-matrix-policy-group-pressure-strength 0.10 --rational-matrix-policy-group-activity-damping 0.20 --rational-matrix-policy-group-start 0.02 --rational-matrix-policy-group-end 0.30 --rational-matrix-policy-group-min-scale 0.75 --rational-matrix-policy-group-max-scale 1.35,A3,RLB + MatrixPolicy,3,6,99942400,E9-live-stat-syncfix-2026-07-12,scientific,3,20260710,matrixpolicy_live_stats_20260712,abalation/manifests/e9_100m_manifest.csv,36
37,E9_100m_fineweb_edu_m0_99942400_seed2479_a4_rlb_matrixpolicy_no_group_gate,E9_100m,fineweb_edu,HuggingFaceFW/fineweb-edu,sample-10BT,text,train,train,210000000,M0,12,768,12,2048,256,16,2,32768,100000000,4000000,3050,50,10,2479,rlb_matrixpolicy_no_group_gate,rlb_fused_global_rational,rational_matrix_policy_onpolicy,0.0003,0.00003,0.10,--rational-matrix-policy-backbone-optimizer adamw --rational-matrix-policy-adam-lr-scale 3.0 --rational-matrix-policy-group-gain-strength 0.20 --rational-matrix-policy-group-pressure-strength 0.10 --rational-matrix-policy-group-activity-damping 0.20 --rational-matrix-policy-group-start 0.02 --rational-matrix-policy-group-end 0.30 --rational-matrix-policy-group-min-scale 0.75 --rational-matrix-policy-group-max-scale 1.35 --rational-matrix-policy-group-gain-strength 0.0 --rational-matrix-policy-group-pressure-strength 0.0 --rational-matrix-policy-group-activity-damping 0.0,A4,MatrixPolicy without group-stat gradient gating,3,7,99942400,E9-live-stat-syncfix-2026-07-12,scientific,3,20260710,matrixpolicy_live_stats_20260712,abalation/manifests/e9_100m_manifest.csv,37
38,E9_100m_fineweb_edu_m0_99942400_seed2479_a8_rlb_matrixpolicy_no_pair_rescale,E9_100m,fineweb_edu,HuggingFaceFW/fineweb-edu,sample-10BT,text,train,train,210000000,M0,12,768,12,2048,256,16,2,32768,100000000,4000000,3050,50,10,2479,rlb_matrixpolicy_no_pair_rescale,rlb_fused_global_rational,rational_matrix_policy_onpolicy,0.0003,0.00003,0.10,--rational-matrix-policy-backbone-optimizer adamw --rational-matrix-policy-adam-lr-scale 3.0 --rational-matrix-policy-group-gain-strength 0.20 --rational-matrix-policy-group-pressure-strength 0.10 --rational-matrix-policy-group-activity-damping 0.20 --rational-matrix-policy-group-start 0.02 --rational-matrix-policy-group-end 0.30 --rational-matrix-policy-group-min-scale 0.75 --rational-matrix-policy-group-max-scale 1.35 --rlb-gauge-strength 0.0,A8,MatrixPolicy without reciprocal pair rescaling,3,8,99942400,E9-live-stat-syncfix-2026-07-12,scientific,3,20260710,matrixpolicy_live_stats_20260712,abalation/manifests/e9_100m_manifest.csv,38
39,E9_100m_fineweb_edu_m0_99942400_seed2479_a2_rlb_matrixpolicy_static_shell,E9_100m,fineweb_edu,HuggingFaceFW/fineweb-edu,sample-10BT,text,train,train,210000000,M0,12,768,12,2048,256,16,2,32768,100000000,4000000,3050,50,10,2479,rlb_matrixpolicy_static_shell,rlb_fused_global_rational,rational_matrix_policy_onpolicy,0.0003,0.00003,0.10,--rational-matrix-policy-backbone-optimizer adamw --rational-matrix-policy-adam-lr-scale 3.0 --rational-matrix-policy-group-gain-strength 0.20 --rational-matrix-policy-group-pressure-strength 0.10 --rational-matrix-policy-group-activity-damping 0.20 --rational-matrix-policy-group-start 0.02 --rational-matrix-policy-group-end 0.30 --rational-matrix-policy-group-min-scale 0.75 --rational-matrix-policy-group-max-scale 1.35 --rational-matrix-policy-group-gain-strength 0.0 --rational-matrix-policy-group-pressure-strength 0.0 --rational-matrix-policy-group-activity-damping 0.0 --rational-matrix-policy-adam-role-strength 0.0 --rational-matrix-policy-adam-role-strength-final 0.0 --rational-matrix-policy-input-depth-gain 0.0 --rational-matrix-policy-output-depth-gain 0.0 --rational-matrix-policy-muon-strength 0.0 --rational-matrix-policy-muon-lr-scale 0.0 --rational-matrix-policy-final-muon 0.0 --rational-matrix-policy-min-muon 0.0 --rational-matrix-policy-max-muon 0.0 --rlb-gauge-strength 0.0,A2,RLB + static MatrixPolicy optimizer-recipe shell,3,9,99942400,E9-live-stat-syncfix-2026-07-12,scientific,3,20260710,matrixpolicy_live_stats_20260712,abalation/manifests/e9_100m_manifest.csv,39
40,E9_100m_fineweb_edu_m0_99942400_seed5052_a5_rlb_matrixpolicy_no_role_depth,E9_100m,fineweb_edu,HuggingFaceFW/fineweb-edu,sample-10BT,text,train,train,210000000,M0,12,768,12,2048,256,16,2,32768,100000000,4000000,3050,50,10,5052,rlb_matrixpolicy_no_role_depth,rlb_fused_global_rational,rational_matrix_policy_onpolicy,0.0003,0.00003,0.10,--rational-matrix-policy-backbone-optimizer adamw --rational-matrix-policy-adam-lr-scale 3.0 --rational-matrix-policy-group-gain-strength 0.20 --rational-matrix-policy-group-pressure-strength 0.10 --rational-matrix-policy-group-activity-damping 0.20 --rational-matrix-policy-group-start 0.02 --rational-matrix-policy-group-end 0.30 --rational-matrix-policy-group-min-scale 0.75 --rational-matrix-policy-group-max-scale 1.35 --rational-matrix-policy-adam-role-strength 0.0 --rational-matrix-policy-adam-role-strength-final 0.0 --rational-matrix-policy-input-depth-gain 0.0 --rational-matrix-policy-output-depth-gain 0.0,A5,MatrixPolicy without role/depth factors,4,0,99942400,E9-live-stat-syncfix-2026-07-12,scientific,3,20260710,matrixpolicy_live_stats_20260712,abalation/manifests/e9_100m_manifest.csv,40
41,E9_100m_fineweb_edu_m0_99942400_seed5052_a1_rlb_adamw,E9_100m,fineweb_edu,HuggingFaceFW/fineweb-edu,sample-10BT,text,train,train,210000000,M0,12,768,12,2048,256,16,2,32768,100000000,4000000,3050,50,10,5052,rlb_adamw,rlb_fused_global_rational,adamw,0.0003,0.00003,0.10,,A1,RLB + AdamW,4,1,99942400,E9-live-stat-syncfix-2026-07-12,scientific,3,20260710,matrixpolicy_live_stats_20260712,abalation/manifests/e9_100m_manifest.csv,41
42,E9_100m_fineweb_edu_m0_99942400_seed5052_a3_rlb_matrixpolicy_full,E9_100m,fineweb_edu,HuggingFaceFW/fineweb-edu,sample-10BT,text,train,train,210000000,M0,12,768,12,2048,256,16,2,32768,100000000,4000000,3050,50,10,5052,rlb_matrixpolicy_full,rlb_fused_global_rational,rational_matrix_policy_onpolicy,0.0003,0.00003,0.10,--rational-matrix-policy-backbone-optimizer adamw --rational-matrix-policy-adam-lr-scale 3.0 --rational-matrix-policy-group-gain-strength 0.20 --rational-matrix-policy-group-pressure-strength 0.10 --rational-matrix-policy-group-activity-damping 0.20 --rational-matrix-policy-group-start 0.02 --rational-matrix-policy-group-end 0.30 --rational-matrix-policy-group-min-scale 0.75 --rational-matrix-policy-group-max-scale 1.35,A3,RLB + MatrixPolicy,4,2,99942400,E9-live-stat-syncfix-2026-07-12,scientific,3,20260710,matrixpolicy_live_stats_20260712,abalation/manifests/e9_100m_manifest.csv,42
43,E9_100m_fineweb_edu_m0_99942400_seed5052_a4_rlb_matrixpolicy_no_group_gate,E9_100m,fineweb_edu,HuggingFaceFW/fineweb-edu,sample-10BT,text,train,train,210000000,M0,12,768,12,2048,256,16,2,32768,100000000,4000000,3050,50,10,5052,rlb_matrixpolicy_no_group_gate,rlb_fused_global_rational,rational_matrix_policy_onpolicy,0.0003,0.00003,0.10,--rational-matrix-policy-backbone-optimizer adamw --rational-matrix-policy-adam-lr-scale 3.0 --rational-matrix-policy-group-gain-strength 0.20 --rational-matrix-policy-group-pressure-strength 0.10 --rational-matrix-policy-group-activity-damping 0.20 --rational-matrix-policy-group-start 0.02 --rational-matrix-policy-group-end 0.30 --rational-matrix-policy-group-min-scale 0.75 --rational-matrix-policy-group-max-scale 1.35 --rational-matrix-policy-group-gain-strength 0.0 --rational-matrix-policy-group-pressure-strength 0.0 --rational-matrix-policy-group-activity-damping 0.0,A4,MatrixPolicy without group-stat gradient gating,4,3,99942400,E9-live-stat-syncfix-2026-07-12,scientific,3,20260710,matrixpolicy_live_stats_20260712,abalation/manifests/e9_100m_manifest.csv,43
44,E9_100m_fineweb_edu_m0_99942400_seed5052_a8_rlb_matrixpolicy_no_pair_rescale,E9_100m,fineweb_edu,HuggingFaceFW/fineweb-edu,sample-10BT,text,train,train,210000000,M0,12,768,12,2048,256,16,2,32768,100000000,4000000,3050,50,10,5052,rlb_matrixpolicy_no_pair_rescale,rlb_fused_global_rational,rational_matrix_policy_onpolicy,0.0003,0.00003,0.10,--rational-matrix-policy-backbone-optimizer adamw --rational-matrix-policy-adam-lr-scale 3.0 --rational-matrix-policy-group-gain-strength 0.20 --rational-matrix-policy-group-pressure-strength 0.10 --rational-matrix-policy-group-activity-damping 0.20 --rational-matrix-policy-group-start 0.02 --rational-matrix-policy-group-end 0.30 --rational-matrix-policy-group-min-scale 0.75 --rational-matrix-policy-group-max-scale 1.35 --rlb-gauge-strength 0.0,A8,MatrixPolicy without reciprocal pair rescaling,4,4,99942400,E9-live-stat-syncfix-2026-07-12,scientific,3,20260710,matrixpolicy_live_stats_20260712,abalation/manifests/e9_100m_manifest.csv,44
45,E9_100m_fineweb_edu_m0_99942400_seed5052_a2_rlb_matrixpolicy_static_shell,E9_100m,fineweb_edu,HuggingFaceFW/fineweb-edu,sample-10BT,text,train,train,210000000,M0,12,768,12,2048,256,16,2,32768,100000000,4000000,3050,50,10,5052,rlb_matrixpolicy_static_shell,rlb_fused_global_rational,rational_matrix_policy_onpolicy,0.0003,0.00003,0.10,--rational-matrix-policy-backbone-optimizer adamw --rational-matrix-policy-adam-lr-scale 3.0 --rational-matrix-policy-group-gain-strength 0.20 --rational-matrix-policy-group-pressure-strength 0.10 --rational-matrix-policy-group-activity-damping 0.20 --rational-matrix-policy-group-start 0.02 --rational-matrix-policy-group-end 0.30 --rational-matrix-policy-group-min-scale 0.75 --rational-matrix-policy-group-max-scale 1.35 --rational-matrix-policy-group-gain-strength 0.0 --rational-matrix-policy-group-pressure-strength 0.0 --rational-matrix-policy-group-activity-damping 0.0 --rational-matrix-policy-adam-role-strength 0.0 --rational-matrix-policy-adam-role-strength-final 0.0 --rational-matrix-policy-input-depth-gain 0.0 --rational-matrix-policy-output-depth-gain 0.0 --rational-matrix-policy-muon-strength 0.0 --rational-matrix-policy-muon-lr-scale 0.0 --rational-matrix-policy-final-muon 0.0 --rational-matrix-policy-min-muon 0.0 --rational-matrix-policy-max-muon 0.0 --rlb-gauge-strength 0.0,A2,RLB + static MatrixPolicy optimizer-recipe shell,4,5,99942400,E9-live-stat-syncfix-2026-07-12,scientific,3,20260710,matrixpolicy_live_stats_20260712,abalation/manifests/e9_100m_manifest.csv,45
46,E9_100m_fineweb_edu_m0_99942400_seed5052_a6_rlb_matrixpolicy_muon_branch_suppressed,E9_100m,fineweb_edu,HuggingFaceFW/fineweb-edu,sample-10BT,text,train,train,210000000,M0,12,768,12,2048,256,16,2,32768,100000000,4000000,3050,50,10,5052,rlb_matrixpolicy_muon_branch_suppressed,rlb_fused_global_rational,rational_matrix_policy_onpolicy,0.0003,0.00003,0.10,--rational-matrix-policy-backbone-optimizer adamw --rational-matrix-policy-adam-lr-scale 3.0 --rational-matrix-policy-group-gain-strength 0.20 --rational-matrix-policy-group-pressure-strength 0.10 --rational-matrix-policy-group-activity-damping 0.20 --rational-matrix-policy-group-start 0.02 --rational-matrix-policy-group-end 0.30 --rational-matrix-policy-group-min-scale 0.75 --rational-matrix-policy-group-max-scale 1.35 --no-rational-matrix-policy-apply-muon-update,A6,MatrixPolicy with transient Muon branch suppressed at fixed schedule,4,6,99942400,E9-live-stat-syncfix-2026-07-12,scientific,3,20260710,matrixpolicy_live_stats_20260712,abalation/manifests/e9_100m_manifest.csv,46
47,E9_100m_fineweb_edu_m0_99942400_seed5052_a7_rlb_matrixpolicy_no_role_depth_muon_branch_suppressed,E9_100m,fineweb_edu,HuggingFaceFW/fineweb-edu,sample-10BT,text,train,train,210000000,M0,12,768,12,2048,256,16,2,32768,100000000,4000000,3050,50,10,5052,rlb_matrixpolicy_no_role_depth_muon_branch_suppressed,rlb_fused_global_rational,rational_matrix_policy_onpolicy,0.0003,0.00003,0.10,--rational-matrix-policy-backbone-optimizer adamw --rational-matrix-policy-adam-lr-scale 3.0 --rational-matrix-policy-group-gain-strength 0.20 --rational-matrix-policy-group-pressure-strength 0.10 --rational-matrix-policy-group-activity-damping 0.20 --rational-matrix-policy-group-start 0.02 --rational-matrix-policy-group-end 0.30 --rational-matrix-policy-group-min-scale 0.75 --rational-matrix-policy-group-max-scale 1.35 --rational-matrix-policy-adam-role-strength 0.0 --rational-matrix-policy-adam-role-strength-final 0.0 --rational-matrix-policy-input-depth-gain 0.0 --rational-matrix-policy-output-depth-gain 0.0 --no-rational-matrix-policy-apply-muon-update,A7,MatrixPolicy without role/depth factors and with Muon branch suppressed,4,7,99942400,E9-live-stat-syncfix-2026-07-12,scientific,3,20260710,matrixpolicy_live_stats_20260712,abalation/manifests/e9_100m_manifest.csv,47
48,E9_100m_fineweb_edu_m0_99942400_seed5052_a9_rlb_matrixpolicy_no_role_depth_muon_block,E9_100m,fineweb_edu,HuggingFaceFW/fineweb-edu,sample-10BT,text,train,train,210000000,M0,12,768,12,2048,256,16,2,32768,100000000,4000000,3050,50,10,5052,rlb_matrixpolicy_no_role_depth_muon_block,rlb_fused_global_rational,rational_matrix_policy_onpolicy,0.0003,0.00003,0.10,--rational-matrix-policy-backbone-optimizer adamw --rational-matrix-policy-adam-lr-scale 3.0 --rational-matrix-policy-group-gain-strength 0.20 --rational-matrix-policy-group-pressure-strength 0.10 --rational-matrix-policy-group-activity-damping 0.20 --rational-matrix-policy-group-start 0.02 --rational-matrix-policy-group-end 0.30 --rational-matrix-policy-group-min-scale 0.75 --rational-matrix-policy-group-max-scale 1.35 --rational-matrix-policy-adam-role-strength 0.0 --rational-matrix-policy-adam-role-strength-final 0.0 --rational-matrix-policy-input-depth-gain 0.0 --rational-matrix-policy-output-depth-gain 0.0 --rational-matrix-policy-muon-strength 0.0 --rational-matrix-policy-muon-lr-scale 0.0 --rational-matrix-policy-final-muon 0.0 --rational-matrix-policy-min-muon 0.0 --rational-matrix-policy-max-muon 0.0,A9,MatrixPolicy without role/depth-Muon action block,4,8,99942400,E9-live-stat-syncfix-2026-07-12,scientific,3,20260710,matrixpolicy_live_stats_20260712,abalation/manifests/e9_100m_manifest.csv,48
49,E9_100m_fineweb_edu_m0_99942400_seed5052_a0_silu_adamw,E9_100m,fineweb_edu,HuggingFaceFW/fineweb-edu,sample-10BT,text,train,train,210000000,M0,12,768,12,2048,256,16,2,32768,100000000,4000000,3050,50,10,5052,silu_adamw,silu,adamw,0.0003,0.00003,0.10,,A0,SiLU + AdamW,4,9,99942400,E9-live-stat-syncfix-2026-07-12,scientific,3,20260710,matrixpolicy_live_stats_20260712,abalation/manifests/e9_100m_manifest.csv,49
50,E9_100m_fineweb_edu_m0_99942400_seed8913_a1_rlb_adamw,E9_100m,fineweb_edu,HuggingFaceFW/fineweb-edu,sample-10BT,text,train,train,210000000,M0,12,768,12,2048,256,16,2,32768,100000000,4000000,3050,50,10,8913,rlb_adamw,rlb_fused_global_rational,adamw,0.0003,0.00003,0.10,,A1,RLB + AdamW,5,0,99942400,E9-live-stat-syncfix-2026-07-12,scientific,3,20260710,matrixpolicy_live_stats_20260712,abalation/manifests/e9_100m_manifest.csv,50
51,E9_100m_fineweb_edu_m0_99942400_seed8913_a3_rlb_matrixpolicy_full,E9_100m,fineweb_edu,HuggingFaceFW/fineweb-edu,sample-10BT,text,train,train,210000000,M0,12,768,12,2048,256,16,2,32768,100000000,4000000,3050,50,10,8913,rlb_matrixpolicy_full,rlb_fused_global_rational,rational_matrix_policy_onpolicy,0.0003,0.00003,0.10,--rational-matrix-policy-backbone-optimizer adamw --rational-matrix-policy-adam-lr-scale 3.0 --rational-matrix-policy-group-gain-strength 0.20 --rational-matrix-policy-group-pressure-strength 0.10 --rational-matrix-policy-group-activity-damping 0.20 --rational-matrix-policy-group-start 0.02 --rational-matrix-policy-group-end 0.30 --rational-matrix-policy-group-min-scale 0.75 --rational-matrix-policy-group-max-scale 1.35,A3,RLB + MatrixPolicy,5,1,99942400,E9-live-stat-syncfix-2026-07-12,scientific,3,20260710,matrixpolicy_live_stats_20260712,abalation/manifests/e9_100m_manifest.csv,51
52,E9_100m_fineweb_edu_m0_99942400_seed8913_a4_rlb_matrixpolicy_no_group_gate,E9_100m,fineweb_edu,HuggingFaceFW/fineweb-edu,sample-10BT,text,train,train,210000000,M0,12,768,12,2048,256,16,2,32768,100000000,4000000,3050,50,10,8913,rlb_matrixpolicy_no_group_gate,rlb_fused_global_rational,rational_matrix_policy_onpolicy,0.0003,0.00003,0.10,--rational-matrix-policy-backbone-optimizer adamw --rational-matrix-policy-adam-lr-scale 3.0 --rational-matrix-policy-group-gain-strength 0.20 --rational-matrix-policy-group-pressure-strength 0.10 --rational-matrix-policy-group-activity-damping 0.20 --rational-matrix-policy-group-start 0.02 --rational-matrix-policy-group-end 0.30 --rational-matrix-policy-group-min-scale 0.75 --rational-matrix-policy-group-max-scale 1.35 --rational-matrix-policy-group-gain-strength 0.0 --rational-matrix-policy-group-pressure-strength 0.0 --rational-matrix-policy-group-activity-damping 0.0,A4,MatrixPolicy without group-stat gradient gating,5,2,99942400,E9-live-stat-syncfix-2026-07-12,scientific,3,20260710,matrixpolicy_live_stats_20260712,abalation/manifests/e9_100m_manifest.csv,52
53,E9_100m_fineweb_edu_m0_99942400_seed8913_a8_rlb_matrixpolicy_no_pair_rescale,E9_100m,fineweb_edu,HuggingFaceFW/fineweb-edu,sample-10BT,text,train,train,210000000,M0,12,768,12,2048,256,16,2,32768,100000000,4000000,3050,50,10,8913,rlb_matrixpolicy_no_pair_rescale,rlb_fused_global_rational,rational_matrix_policy_onpolicy,0.0003,0.00003,0.10,--rational-matrix-policy-backbone-optimizer adamw --rational-matrix-policy-adam-lr-scale 3.0 --rational-matrix-policy-group-gain-strength 0.20 --rational-matrix-policy-group-pressure-strength 0.10 --rational-matrix-policy-group-activity-damping 0.20 --rational-matrix-policy-group-start 0.02 --rational-matrix-policy-group-end 0.30 --rational-matrix-policy-group-min-scale 0.75 --rational-matrix-policy-group-max-scale 1.35 --rlb-gauge-strength 0.0,A8,MatrixPolicy without reciprocal pair rescaling,5,3,99942400,E9-live-stat-syncfix-2026-07-12,scientific,3,20260710,matrixpolicy_live_stats_20260712,abalation/manifests/e9_100m_manifest.csv,53
54,E9_100m_fineweb_edu_m0_99942400_seed8913_a2_rlb_matrixpolicy_static_shell,E9_100m,fineweb_edu,HuggingFaceFW/fineweb-edu,sample-10BT,text,train,train,210000000,M0,12,768,12,2048,256,16,2,32768,100000000,4000000,3050,50,10,8913,rlb_matrixpolicy_static_shell,rlb_fused_global_rational,rational_matrix_policy_onpolicy,0.0003,0.00003,0.10,--rational-matrix-policy-backbone-optimizer adamw --rational-matrix-policy-adam-lr-scale 3.0 --rational-matrix-policy-group-gain-strength 0.20 --rational-matrix-policy-group-pressure-strength 0.10 --rational-matrix-policy-group-activity-damping 0.20 --rational-matrix-policy-group-start 0.02 --rational-matrix-policy-group-end 0.30 --rational-matrix-policy-group-min-scale 0.75 --rational-matrix-policy-group-max-scale 1.35 --rational-matrix-policy-group-gain-strength 0.0 --rational-matrix-policy-group-pressure-strength 0.0 --rational-matrix-policy-group-activity-damping 0.0 --rational-matrix-policy-adam-role-strength 0.0 --rational-matrix-policy-adam-role-strength-final 0.0 --rational-matrix-policy-input-depth-gain 0.0 --rational-matrix-policy-output-depth-gain 0.0 --rational-matrix-policy-muon-strength 0.0 --rational-matrix-policy-muon-lr-scale 0.0 --rational-matrix-policy-final-muon 0.0 --rational-matrix-policy-min-muon 0.0 --rational-matrix-policy-max-muon 0.0 --rlb-gauge-strength 0.0,A2,RLB + static MatrixPolicy optimizer-recipe shell,5,4,99942400,E9-live-stat-syncfix-2026-07-12,scientific,3,20260710,matrixpolicy_live_stats_20260712,abalation/manifests/e9_100m_manifest.csv,54
55,E9_100m_fineweb_edu_m0_99942400_seed8913_a6_rlb_matrixpolicy_muon_branch_suppressed,E9_100m,fineweb_edu,HuggingFaceFW/fineweb-edu,sample-10BT,text,train,train,210000000,M0,12,768,12,2048,256,16,2,32768,100000000,4000000,3050,50,10,8913,rlb_matrixpolicy_muon_branch_suppressed,rlb_fused_global_rational,rational_matrix_policy_onpolicy,0.0003,0.00003,0.10,--rational-matrix-policy-backbone-optimizer adamw --rational-matrix-policy-adam-lr-scale 3.0 --rational-matrix-policy-group-gain-strength 0.20 --rational-matrix-policy-group-pressure-strength 0.10 --rational-matrix-policy-group-activity-damping 0.20 --rational-matrix-policy-group-start 0.02 --rational-matrix-policy-group-end 0.30 --rational-matrix-policy-group-min-scale 0.75 --rational-matrix-policy-group-max-scale 1.35 --no-rational-matrix-policy-apply-muon-update,A6,MatrixPolicy with transient Muon branch suppressed at fixed schedule,5,5,99942400,E9-live-stat-syncfix-2026-07-12,scientific,3,20260710,matrixpolicy_live_stats_20260712,abalation/manifests/e9_100m_manifest.csv,55
56,E9_100m_fineweb_edu_m0_99942400_seed8913_a7_rlb_matrixpolicy_no_role_depth_muon_branch_suppressed,E9_100m,fineweb_edu,HuggingFaceFW/fineweb-edu,sample-10BT,text,train,train,210000000,M0,12,768,12,2048,256,16,2,32768,100000000,4000000,3050,50,10,8913,rlb_matrixpolicy_no_role_depth_muon_branch_suppressed,rlb_fused_global_rational,rational_matrix_policy_onpolicy,0.0003,0.00003,0.10,--rational-matrix-policy-backbone-optimizer adamw --rational-matrix-policy-adam-lr-scale 3.0 --rational-matrix-policy-group-gain-strength 0.20 --rational-matrix-policy-group-pressure-strength 0.10 --rational-matrix-policy-group-activity-damping 0.20 --rational-matrix-policy-group-start 0.02 --rational-matrix-policy-group-end 0.30 --rational-matrix-policy-group-min-scale 0.75 --rational-matrix-policy-group-max-scale 1.35 --rational-matrix-policy-adam-role-strength 0.0 --rational-matrix-policy-adam-role-strength-final 0.0 --rational-matrix-policy-input-depth-gain 0.0 --rational-matrix-policy-output-depth-gain 0.0 --no-rational-matrix-policy-apply-muon-update,A7,MatrixPolicy without role/depth factors and with Muon branch suppressed,5,6,99942400,E9-live-stat-syncfix-2026-07-12,scientific,3,20260710,matrixpolicy_live_stats_20260712,abalation/manifests/e9_100m_manifest.csv,56
57,E9_100m_fineweb_edu_m0_99942400_seed8913_a9_rlb_matrixpolicy_no_role_depth_muon_block,E9_100m,fineweb_edu,HuggingFaceFW/fineweb-edu,sample-10BT,text,train,train,210000000,M0,12,768,12,2048,256,16,2,32768,100000000,4000000,3050,50,10,8913,rlb_matrixpolicy_no_role_depth_muon_block,rlb_fused_global_rational,rational_matrix_policy_onpolicy,0.0003,0.00003,0.10,--rational-matrix-policy-backbone-optimizer adamw --rational-matrix-policy-adam-lr-scale 3.0 --rational-matrix-policy-group-gain-strength 0.20 --rational-matrix-policy-group-pressure-strength 0.10 --rational-matrix-policy-group-activity-damping 0.20 --rational-matrix-policy-group-start 0.02 --rational-matrix-policy-group-end 0.30 --rational-matrix-policy-group-min-scale 0.75 --rational-matrix-policy-group-max-scale 1.35 --rational-matrix-policy-adam-role-strength 0.0 --rational-matrix-policy-adam-role-strength-final 0.0 --rational-matrix-policy-input-depth-gain 0.0 --rational-matrix-policy-output-depth-gain 0.0 --rational-matrix-policy-muon-strength 0.0 --rational-matrix-policy-muon-lr-scale 0.0 --rational-matrix-policy-final-muon 0.0 --rational-matrix-policy-min-muon 0.0 --rational-matrix-policy-max-muon 0.0,A9,MatrixPolicy without role/depth-Muon action block,5,7,99942400,E9-live-stat-syncfix-2026-07-12,scientific,3,20260710,matrixpolicy_live_stats_20260712,abalation/manifests/e9_100m_manifest.csv,57
58,E9_100m_fineweb_edu_m0_99942400_seed8913_a0_silu_adamw,E9_100m,fineweb_edu,HuggingFaceFW/fineweb-edu,sample-10BT,text,train,train,210000000,M0,12,768,12,2048,256,16,2,32768,100000000,4000000,3050,50,10,8913,silu_adamw,silu,adamw,0.0003,0.00003,0.10,,A0,SiLU + AdamW,5,8,99942400,E9-live-stat-syncfix-2026-07-12,scientific,3,20260710,matrixpolicy_live_stats_20260712,abalation/manifests/e9_100m_manifest.csv,58
59,E9_100m_fineweb_edu_m0_99942400_seed8913_a5_rlb_matrixpolicy_no_role_depth,E9_100m,fineweb_edu,HuggingFaceFW/fineweb-edu,sample-10BT,text,train,train,210000000,M0,12,768,12,2048,256,16,2,32768,100000000,4000000,3050,50,10,8913,rlb_matrixpolicy_no_role_depth,rlb_fused_global_rational,rational_matrix_policy_onpolicy,0.0003,0.00003,0.10,--rational-matrix-policy-backbone-optimizer adamw --rational-matrix-policy-adam-lr-scale 3.0 --rational-matrix-policy-group-gain-strength 0.20 --rational-matrix-policy-group-pressure-strength 0.10 --rational-matrix-policy-group-activity-damping 0.20 --rational-matrix-policy-group-start 0.02 --rational-matrix-policy-group-end 0.30 --rational-matrix-policy-group-min-scale 0.75 --rational-matrix-policy-group-max-scale 1.35 --rational-matrix-policy-adam-role-strength 0.0 --rational-matrix-policy-adam-role-strength-final 0.0 --rational-matrix-policy-input-depth-gain 0.0 --rational-matrix-policy-output-depth-gain 0.0,A5,MatrixPolicy without role/depth factors,5,9,99942400,E9-live-stat-syncfix-2026-07-12,scientific,3,20260710,matrixpolicy_live_stats_20260712,abalation/manifests/e9_100m_manifest.csv,59
60,E9_100m_fineweb_m0_99942400_seed2479_a9_rlb_matrixpolicy_no_role_depth_muon_block,E9_100m,fineweb,HuggingFaceFW/fineweb,sample-10BT,text,train,train,210000000,M0,12,768,12,2048,256,16,2,32768,100000000,4000000,3050,50,10,2479,rlb_matrixpolicy_no_role_depth_muon_block,rlb_fused_global_rational,rational_matrix_policy_onpolicy,0.0003,0.00003,0.10,--rational-matrix-policy-backbone-optimizer adamw --rational-matrix-policy-adam-lr-scale 3.0 --rational-matrix-policy-group-gain-strength 0.20 --rational-matrix-policy-group-pressure-strength 0.10 --rational-matrix-policy-group-activity-damping 0.20 --rational-matrix-policy-group-start 0.02 --rational-matrix-policy-group-end 0.30 --rational-matrix-policy-group-min-scale 0.75 --rational-matrix-policy-group-max-scale 1.35 --rational-matrix-policy-adam-role-strength 0.0 --rational-matrix-policy-adam-role-strength-final 0.0 --rational-matrix-policy-input-depth-gain 0.0 --rational-matrix-policy-output-depth-gain 0.0 --rational-matrix-policy-muon-strength 0.0 --rational-matrix-policy-muon-lr-scale 0.0 --rational-matrix-policy-final-muon 0.0 --rational-matrix-policy-min-muon 0.0 --rational-matrix-policy-max-muon 0.0,A9,MatrixPolicy without role/depth-Muon action block,6,0,99942400,E9-live-stat-syncfix-2026-07-12,scientific,6,20260710,matrixpolicy_live_stats_20260712,abalation/manifests/e9_100m_manifest.csv,60
61,E9_100m_fineweb_m0_99942400_seed2479_a0_silu_adamw,E9_100m,fineweb,HuggingFaceFW/fineweb,sample-10BT,text,train,train,210000000,M0,12,768,12,2048,256,16,2,32768,100000000,4000000,3050,50,10,2479,silu_adamw,silu,adamw,0.0003,0.00003,0.10,,A0,SiLU + AdamW,6,1,99942400,E9-live-stat-syncfix-2026-07-12,scientific,6,20260710,matrixpolicy_live_stats_20260712,abalation/manifests/e9_100m_manifest.csv,61
62,E9_100m_fineweb_m0_99942400_seed2479_a5_rlb_matrixpolicy_no_role_depth,E9_100m,fineweb,HuggingFaceFW/fineweb,sample-10BT,text,train,train,210000000,M0,12,768,12,2048,256,16,2,32768,100000000,4000000,3050,50,10,2479,rlb_matrixpolicy_no_role_depth,rlb_fused_global_rational,rational_matrix_policy_onpolicy,0.0003,0.00003,0.10,--rational-matrix-policy-backbone-optimizer adamw --rational-matrix-policy-adam-lr-scale 3.0 --rational-matrix-policy-group-gain-strength 0.20 --rational-matrix-policy-group-pressure-strength 0.10 --rational-matrix-policy-group-activity-damping 0.20 --rational-matrix-policy-group-start 0.02 --rational-matrix-policy-group-end 0.30 --rational-matrix-policy-group-min-scale 0.75 --rational-matrix-policy-group-max-scale 1.35 --rational-matrix-policy-adam-role-strength 0.0 --rational-matrix-policy-adam-role-strength-final 0.0 --rational-matrix-policy-input-depth-gain 0.0 --rational-matrix-policy-output-depth-gain 0.0,A5,MatrixPolicy without role/depth factors,6,2,99942400,E9-live-stat-syncfix-2026-07-12,scientific,6,20260710,matrixpolicy_live_stats_20260712,abalation/manifests/e9_100m_manifest.csv,62
63,E9_100m_fineweb_m0_99942400_seed2479_a1_rlb_adamw,E9_100m,fineweb,HuggingFaceFW/fineweb,sample-10BT,text,train,train,210000000,M0,12,768,12,2048,256,16,2,32768,100000000,4000000,3050,50,10,2479,rlb_adamw,rlb_fused_global_rational,adamw,0.0003,0.00003,0.10,,A1,RLB + AdamW,6,3,99942400,E9-live-stat-syncfix-2026-07-12,scientific,6,20260710,matrixpolicy_live_stats_20260712,abalation/manifests/e9_100m_manifest.csv,63
64,E9_100m_fineweb_m0_99942400_seed2479_a3_rlb_matrixpolicy_full,E9_100m,fineweb,HuggingFaceFW/fineweb,sample-10BT,text,train,train,210000000,M0,12,768,12,2048,256,16,2,32768,100000000,4000000,3050,50,10,2479,rlb_matrixpolicy_full,rlb_fused_global_rational,rational_matrix_policy_onpolicy,0.0003,0.00003,0.10,--rational-matrix-policy-backbone-optimizer adamw --rational-matrix-policy-adam-lr-scale 3.0 --rational-matrix-policy-group-gain-strength 0.20 --rational-matrix-policy-group-pressure-strength 0.10 --rational-matrix-policy-group-activity-damping 0.20 --rational-matrix-policy-group-start 0.02 --rational-matrix-policy-group-end 0.30 --rational-matrix-policy-group-min-scale 0.75 --rational-matrix-policy-group-max-scale 1.35,A3,RLB + MatrixPolicy,6,4,99942400,E9-live-stat-syncfix-2026-07-12,scientific,6,20260710,matrixpolicy_live_stats_20260712,abalation/manifests/e9_100m_manifest.csv,64
65,E9_100m_fineweb_m0_99942400_seed2479_a4_rlb_matrixpolicy_no_group_gate,E9_100m,fineweb,HuggingFaceFW/fineweb,sample-10BT,text,train,train,210000000,M0,12,768,12,2048,256,16,2,32768,100000000,4000000,3050,50,10,2479,rlb_matrixpolicy_no_group_gate,rlb_fused_global_rational,rational_matrix_policy_onpolicy,0.0003,0.00003,0.10,--rational-matrix-policy-backbone-optimizer adamw --rational-matrix-policy-adam-lr-scale 3.0 --rational-matrix-policy-group-gain-strength 0.20 --rational-matrix-policy-group-pressure-strength 0.10 --rational-matrix-policy-group-activity-damping 0.20 --rational-matrix-policy-group-start 0.02 --rational-matrix-policy-group-end 0.30 --rational-matrix-policy-group-min-scale 0.75 --rational-matrix-policy-group-max-scale 1.35 --rational-matrix-policy-group-gain-strength 0.0 --rational-matrix-policy-group-pressure-strength 0.0 --rational-matrix-policy-group-activity-damping 0.0,A4,MatrixPolicy without group-stat gradient gating,6,5,99942400,E9-live-stat-syncfix-2026-07-12,scientific,6,20260710,matrixpolicy_live_stats_20260712,abalation/manifests/e9_100m_manifest.csv,65
66,E9_100m_fineweb_m0_99942400_seed2479_a8_rlb_matrixpolicy_no_pair_rescale,E9_100m,fineweb,HuggingFaceFW/fineweb,sample-10BT,text,train,train,210000000,M0,12,768,12,2048,256,16,2,32768,100000000,4000000,3050,50,10,2479,rlb_matrixpolicy_no_pair_rescale,rlb_fused_global_rational,rational_matrix_policy_onpolicy,0.0003,0.00003,0.10,--rational-matrix-policy-backbone-optimizer adamw --rational-matrix-policy-adam-lr-scale 3.0 --rational-matrix-policy-group-gain-strength 0.20 --rational-matrix-policy-group-pressure-strength 0.10 --rational-matrix-policy-group-activity-damping 0.20 --rational-matrix-policy-group-start 0.02 --rational-matrix-policy-group-end 0.30 --rational-matrix-policy-group-min-scale 0.75 --rational-matrix-policy-group-max-scale 1.35 --rlb-gauge-strength 0.0,A8,MatrixPolicy without reciprocal pair rescaling,6,6,99942400,E9-live-stat-syncfix-2026-07-12,scientific,6,20260710,matrixpolicy_live_stats_20260712,abalation/manifests/e9_100m_manifest.csv,66
67,E9_100m_fineweb_m0_99942400_seed2479_a2_rlb_matrixpolicy_static_shell,E9_100m,fineweb,HuggingFaceFW/fineweb,sample-10BT,text,train,train,210000000,M0,12,768,12,2048,256,16,2,32768,100000000,4000000,3050,50,10,2479,rlb_matrixpolicy_static_shell,rlb_fused_global_rational,rational_matrix_policy_onpolicy,0.0003,0.00003,0.10,--rational-matrix-policy-backbone-optimizer adamw --rational-matrix-policy-adam-lr-scale 3.0 --rational-matrix-policy-group-gain-strength 0.20 --rational-matrix-policy-group-pressure-strength 0.10 --rational-matrix-policy-group-activity-damping 0.20 --rational-matrix-policy-group-start 0.02 --rational-matrix-policy-group-end 0.30 --rational-matrix-policy-group-min-scale 0.75 --rational-matrix-policy-group-max-scale 1.35 --rational-matrix-policy-group-gain-strength 0.0 --rational-matrix-policy-group-pressure-strength 0.0 --rational-matrix-policy-group-activity-damping 0.0 --rational-matrix-policy-adam-role-strength 0.0 --rational-matrix-policy-adam-role-strength-final 0.0 --rational-matrix-policy-input-depth-gain 0.0 --rational-matrix-policy-output-depth-gain 0.0 --rational-matrix-policy-muon-strength 0.0 --rational-matrix-policy-muon-lr-scale 0.0 --rational-matrix-policy-final-muon 0.0 --rational-matrix-policy-min-muon 0.0 --rational-matrix-policy-max-muon 0.0 --rlb-gauge-strength 0.0,A2,RLB + static MatrixPolicy optimizer-recipe shell,6,7,99942400,E9-live-stat-syncfix-2026-07-12,scientific,6,20260710,matrixpolicy_live_stats_20260712,abalation/manifests/e9_100m_manifest.csv,67
68,E9_100m_fineweb_m0_99942400_seed2479_a6_rlb_matrixpolicy_muon_branch_suppressed,E9_100m,fineweb,HuggingFaceFW/fineweb,sample-10BT,text,train,train,210000000,M0,12,768,12,2048,256,16,2,32768,100000000,4000000,3050,50,10,2479,rlb_matrixpolicy_muon_branch_suppressed,rlb_fused_global_rational,rational_matrix_policy_onpolicy,0.0003,0.00003,0.10,--rational-matrix-policy-backbone-optimizer adamw --rational-matrix-policy-adam-lr-scale 3.0 --rational-matrix-policy-group-gain-strength 0.20 --rational-matrix-policy-group-pressure-strength 0.10 --rational-matrix-policy-group-activity-damping 0.20 --rational-matrix-policy-group-start 0.02 --rational-matrix-policy-group-end 0.30 --rational-matrix-policy-group-min-scale 0.75 --rational-matrix-policy-group-max-scale 1.35 --no-rational-matrix-policy-apply-muon-update,A6,MatrixPolicy with transient Muon branch suppressed at fixed schedule,6,8,99942400,E9-live-stat-syncfix-2026-07-12,scientific,6,20260710,matrixpolicy_live_stats_20260712,abalation/manifests/e9_100m_manifest.csv,68
69,E9_100m_fineweb_m0_99942400_seed2479_a7_rlb_matrixpolicy_no_role_depth_muon_branch_suppressed,E9_100m,fineweb,HuggingFaceFW/fineweb,sample-10BT,text,train,train,210000000,M0,12,768,12,2048,256,16,2,32768,100000000,4000000,3050,50,10,2479,rlb_matrixpolicy_no_role_depth_muon_branch_suppressed,rlb_fused_global_rational,rational_matrix_policy_onpolicy,0.0003,0.00003,0.10,--rational-matrix-policy-backbone-optimizer adamw --rational-matrix-policy-adam-lr-scale 3.0 --rational-matrix-policy-group-gain-strength 0.20 --rational-matrix-policy-group-pressure-strength 0.10 --rational-matrix-policy-group-activity-damping 0.20 --rational-matrix-policy-group-start 0.02 --rational-matrix-policy-group-end 0.30 --rational-matrix-policy-group-min-scale 0.75 --rational-matrix-policy-group-max-scale 1.35 --rational-matrix-policy-adam-role-strength 0.0 --rational-matrix-policy-adam-role-strength-final 0.0 --rational-matrix-policy-input-depth-gain 0.0 --rational-matrix-policy-output-depth-gain 0.0 --no-rational-matrix-policy-apply-muon-update,A7,MatrixPolicy without role/depth factors and with Muon branch suppressed,6,9,99942400,E9-live-stat-syncfix-2026-07-12,scientific,6,20260710,matrixpolicy_live_stats_20260712,abalation/manifests/e9_100m_manifest.csv,69
70,E9_100m_fineweb_m0_99942400_seed5052_a7_rlb_matrixpolicy_no_role_depth_muon_branch_suppressed,E9_100m,fineweb,HuggingFaceFW/fineweb,sample-10BT,text,train,train,210000000,M0,12,768,12,2048,256,16,2,32768,100000000,4000000,3050,50,10,5052,rlb_matrixpolicy_no_role_depth_muon_branch_suppressed,rlb_fused_global_rational,rational_matrix_policy_onpolicy,0.0003,0.00003,0.10,--rational-matrix-policy-backbone-optimizer adamw --rational-matrix-policy-adam-lr-scale 3.0 --rational-matrix-policy-group-gain-strength 0.20 --rational-matrix-policy-group-pressure-strength 0.10 --rational-matrix-policy-group-activity-damping 0.20 --rational-matrix-policy-group-start 0.02 --rational-matrix-policy-group-end 0.30 --rational-matrix-policy-group-min-scale 0.75 --rational-matrix-policy-group-max-scale 1.35 --rational-matrix-policy-adam-role-strength 0.0 --rational-matrix-policy-adam-role-strength-final 0.0 --rational-matrix-policy-input-depth-gain 0.0 --rational-matrix-policy-output-depth-gain 0.0 --no-rational-matrix-policy-apply-muon-update,A7,MatrixPolicy without role/depth factors and with Muon branch suppressed,7,0,99942400,E9-live-stat-syncfix-2026-07-12,scientific,6,20260710,matrixpolicy_live_stats_20260712,abalation/manifests/e9_100m_manifest.csv,70
71,E9_100m_fineweb_m0_99942400_seed5052_a9_rlb_matrixpolicy_no_role_depth_muon_block,E9_100m,fineweb,HuggingFaceFW/fineweb,sample-10BT,text,train,train,210000000,M0,12,768,12,2048,256,16,2,32768,100000000,4000000,3050,50,10,5052,rlb_matrixpolicy_no_role_depth_muon_block,rlb_fused_global_rational,rational_matrix_policy_onpolicy,0.0003,0.00003,0.10,--rational-matrix-policy-backbone-optimizer adamw --rational-matrix-policy-adam-lr-scale 3.0 --rational-matrix-policy-group-gain-strength 0.20 --rational-matrix-policy-group-pressure-strength 0.10 --rational-matrix-policy-group-activity-damping 0.20 --rational-matrix-policy-group-start 0.02 --rational-matrix-policy-group-end 0.30 --rational-matrix-policy-group-min-scale 0.75 --rational-matrix-policy-group-max-scale 1.35 --rational-matrix-policy-adam-role-strength 0.0 --rational-matrix-policy-adam-role-strength-final 0.0 --rational-matrix-policy-input-depth-gain 0.0 --rational-matrix-policy-output-depth-gain 0.0 --rational-matrix-policy-muon-strength 0.0 --rational-matrix-policy-muon-lr-scale 0.0 --rational-matrix-policy-final-muon 0.0 --rational-matrix-policy-min-muon 0.0 --rational-matrix-policy-max-muon 0.0,A9,MatrixPolicy without role/depth-Muon action block,7,1,99942400,E9-live-stat-syncfix-2026-07-12,scientific,6,20260710,matrixpolicy_live_stats_20260712,abalation/manifests/e9_100m_manifest.csv,71
72,E9_100m_fineweb_m0_99942400_seed5052_a0_silu_adamw,E9_100m,fineweb,HuggingFaceFW/fineweb,sample-10BT,text,train,train,210000000,M0,12,768,12,2048,256,16,2,32768,100000000,4000000,3050,50,10,5052,silu_adamw,silu,adamw,0.0003,0.00003,0.10,,A0,SiLU + AdamW,7,2,99942400,E9-live-stat-syncfix-2026-07-12,scientific,6,20260710,matrixpolicy_live_stats_20260712,abalation/manifests/e9_100m_manifest.csv,72
73,E9_100m_fineweb_m0_99942400_seed5052_a5_rlb_matrixpolicy_no_role_depth,E9_100m,fineweb,HuggingFaceFW/fineweb,sample-10BT,text,train,train,210000000,M0,12,768,12,2048,256,16,2,32768,100000000,4000000,3050,50,10,5052,rlb_matrixpolicy_no_role_depth,rlb_fused_global_rational,rational_matrix_policy_onpolicy,0.0003,0.00003,0.10,--rational-matrix-policy-backbone-optimizer adamw --rational-matrix-policy-adam-lr-scale 3.0 --rational-matrix-policy-group-gain-strength 0.20 --rational-matrix-policy-group-pressure-strength 0.10 --rational-matrix-policy-group-activity-damping 0.20 --rational-matrix-policy-group-start 0.02 --rational-matrix-policy-group-end 0.30 --rational-matrix-policy-group-min-scale 0.75 --rational-matrix-policy-group-max-scale 1.35 --rational-matrix-policy-adam-role-strength 0.0 --rational-matrix-policy-adam-role-strength-final 0.0 --rational-matrix-policy-input-depth-gain 0.0 --rational-matrix-policy-output-depth-gain 0.0,A5,MatrixPolicy without role/depth factors,7,3,99942400,E9-live-stat-syncfix-2026-07-12,scientific,6,20260710,matrixpolicy_live_stats_20260712,abalation/manifests/e9_100m_manifest.csv,73
74,E9_100m_fineweb_m0_99942400_seed5052_a1_rlb_adamw,E9_100m,fineweb,HuggingFaceFW/fineweb,sample-10BT,text,train,train,210000000,M0,12,768,12,2048,256,16,2,32768,100000000,4000000,3050,50,10,5052,rlb_adamw,rlb_fused_global_rational,adamw,0.0003,0.00003,0.10,,A1,RLB + AdamW,7,4,99942400,E9-live-stat-syncfix-2026-07-12,scientific,6,20260710,matrixpolicy_live_stats_20260712,abalation/manifests/e9_100m_manifest.csv,74
75,E9_100m_fineweb_m0_99942400_seed5052_a3_rlb_matrixpolicy_full,E9_100m,fineweb,HuggingFaceFW/fineweb,sample-10BT,text,train,train,210000000,M0,12,768,12,2048,256,16,2,32768,100000000,4000000,3050,50,10,5052,rlb_matrixpolicy_full,rlb_fused_global_rational,rational_matrix_policy_onpolicy,0.0003,0.00003,0.10,--rational-matrix-policy-backbone-optimizer adamw --rational-matrix-policy-adam-lr-scale 3.0 --rational-matrix-policy-group-gain-strength 0.20 --rational-matrix-policy-group-pressure-strength 0.10 --rational-matrix-policy-group-activity-damping 0.20 --rational-matrix-policy-group-start 0.02 --rational-matrix-policy-group-end 0.30 --rational-matrix-policy-group-min-scale 0.75 --rational-matrix-policy-group-max-scale 1.35,A3,RLB + MatrixPolicy,7,5,99942400,E9-live-stat-syncfix-2026-07-12,scientific,6,20260710,matrixpolicy_live_stats_20260712,abalation/manifests/e9_100m_manifest.csv,75
76,E9_100m_fineweb_m0_99942400_seed5052_a4_rlb_matrixpolicy_no_group_gate,E9_100m,fineweb,HuggingFaceFW/fineweb,sample-10BT,text,train,train,210000000,M0,12,768,12,2048,256,16,2,32768,100000000,4000000,3050,50,10,5052,rlb_matrixpolicy_no_group_gate,rlb_fused_global_rational,rational_matrix_policy_onpolicy,0.0003,0.00003,0.10,--rational-matrix-policy-backbone-optimizer adamw --rational-matrix-policy-adam-lr-scale 3.0 --rational-matrix-policy-group-gain-strength 0.20 --rational-matrix-policy-group-pressure-strength 0.10 --rational-matrix-policy-group-activity-damping 0.20 --rational-matrix-policy-group-start 0.02 --rational-matrix-policy-group-end 0.30 --rational-matrix-policy-group-min-scale 0.75 --rational-matrix-policy-group-max-scale 1.35 --rational-matrix-policy-group-gain-strength 0.0 --rational-matrix-policy-group-pressure-strength 0.0 --rational-matrix-policy-group-activity-damping 0.0,A4,MatrixPolicy without group-stat gradient gating,7,6,99942400,E9-live-stat-syncfix-2026-07-12,scientific,6,20260710,matrixpolicy_live_stats_20260712,abalation/manifests/e9_100m_manifest.csv,76
77,E9_100m_fineweb_m0_99942400_seed5052_a8_rlb_matrixpolicy_no_pair_rescale,E9_100m,fineweb,HuggingFaceFW/fineweb,sample-10BT,text,train,train,210000000,M0,12,768,12,2048,256,16,2,32768,100000000,4000000,3050,50,10,5052,rlb_matrixpolicy_no_pair_rescale,rlb_fused_global_rational,rational_matrix_policy_onpolicy,0.0003,0.00003,0.10,--rational-matrix-policy-backbone-optimizer adamw --rational-matrix-policy-adam-lr-scale 3.0 --rational-matrix-policy-group-gain-strength 0.20 --rational-matrix-policy-group-pressure-strength 0.10 --rational-matrix-policy-group-activity-damping 0.20 --rational-matrix-policy-group-start 0.02 --rational-matrix-policy-group-end 0.30 --rational-matrix-policy-group-min-scale 0.75 --rational-matrix-policy-group-max-scale 1.35 --rlb-gauge-strength 0.0,A8,MatrixPolicy without reciprocal pair rescaling,7,7,99942400,E9-live-stat-syncfix-2026-07-12,scientific,6,20260710,matrixpolicy_live_stats_20260712,abalation/manifests/e9_100m_manifest.csv,77
78,E9_100m_fineweb_m0_99942400_seed5052_a2_rlb_matrixpolicy_static_shell,E9_100m,fineweb,HuggingFaceFW/fineweb,sample-10BT,text,train,train,210000000,M0,12,768,12,2048,256,16,2,32768,100000000,4000000,3050,50,10,5052,rlb_matrixpolicy_static_shell,rlb_fused_global_rational,rational_matrix_policy_onpolicy,0.0003,0.00003,0.10,--rational-matrix-policy-backbone-optimizer adamw --rational-matrix-policy-adam-lr-scale 3.0 --rational-matrix-policy-group-gain-strength 0.20 --rational-matrix-policy-group-pressure-strength 0.10 --rational-matrix-policy-group-activity-damping 0.20 --rational-matrix-policy-group-start 0.02 --rational-matrix-policy-group-end 0.30 --rational-matrix-policy-group-min-scale 0.75 --rational-matrix-policy-group-max-scale 1.35 --rational-matrix-policy-group-gain-strength 0.0 --rational-matrix-policy-group-pressure-strength 0.0 --rational-matrix-policy-group-activity-damping 0.0 --rational-matrix-policy-adam-role-strength 0.0 --rational-matrix-policy-adam-role-strength-final 0.0 --rational-matrix-policy-input-depth-gain 0.0 --rational-matrix-policy-output-depth-gain 0.0 --rational-matrix-policy-muon-strength 0.0 --rational-matrix-policy-muon-lr-scale 0.0 --rational-matrix-policy-final-muon 0.0 --rational-matrix-policy-min-muon 0.0 --rational-matrix-policy-max-muon 0.0 --rlb-gauge-strength 0.0,A2,RLB + static MatrixPolicy optimizer-recipe shell,7,8,99942400,E9-live-stat-syncfix-2026-07-12,scientific,6,20260710,matrixpolicy_live_stats_20260712,abalation/manifests/e9_100m_manifest.csv,78
79,E9_100m_fineweb_m0_99942400_seed5052_a6_rlb_matrixpolicy_muon_branch_suppressed,E9_100m,fineweb,HuggingFaceFW/fineweb,sample-10BT,text,train,train,210000000,M0,12,768,12,2048,256,16,2,32768,100000000,4000000,3050,50,10,5052,rlb_matrixpolicy_muon_branch_suppressed,rlb_fused_global_rational,rational_matrix_policy_onpolicy,0.0003,0.00003,0.10,--rational-matrix-policy-backbone-optimizer adamw --rational-matrix-policy-adam-lr-scale 3.0 --rational-matrix-policy-group-gain-strength 0.20 --rational-matrix-policy-group-pressure-strength 0.10 --rational-matrix-policy-group-activity-damping 0.20 --rational-matrix-policy-group-start 0.02 --rational-matrix-policy-group-end 0.30 --rational-matrix-policy-group-min-scale 0.75 --rational-matrix-policy-group-max-scale 1.35 --no-rational-matrix-policy-apply-muon-update,A6,MatrixPolicy with transient Muon branch suppressed at fixed schedule,7,9,99942400,E9-live-stat-syncfix-2026-07-12,scientific,6,20260710,matrixpolicy_live_stats_20260712,abalation/manifests/e9_100m_manifest.csv,79
80,E9_100m_fineweb_m0_99942400_seed8913_a8_rlb_matrixpolicy_no_pair_rescale,E9_100m,fineweb,HuggingFaceFW/fineweb,sample-10BT,text,train,train,210000000,M0,12,768,12,2048,256,16,2,32768,100000000,4000000,3050,50,10,8913,rlb_matrixpolicy_no_pair_rescale,rlb_fused_global_rational,rational_matrix_policy_onpolicy,0.0003,0.00003,0.10,--rational-matrix-policy-backbone-optimizer adamw --rational-matrix-policy-adam-lr-scale 3.0 --rational-matrix-policy-group-gain-strength 0.20 --rational-matrix-policy-group-pressure-strength 0.10 --rational-matrix-policy-group-activity-damping 0.20 --rational-matrix-policy-group-start 0.02 --rational-matrix-policy-group-end 0.30 --rational-matrix-policy-group-min-scale 0.75 --rational-matrix-policy-group-max-scale 1.35 --rlb-gauge-strength 0.0,A8,MatrixPolicy without reciprocal pair rescaling,8,0,99942400,E9-live-stat-syncfix-2026-07-12,scientific,6,20260710,matrixpolicy_live_stats_20260712,abalation/manifests/e9_100m_manifest.csv,80
81,E9_100m_fineweb_m0_99942400_seed8913_a2_rlb_matrixpolicy_static_shell,E9_100m,fineweb,HuggingFaceFW/fineweb,sample-10BT,text,train,train,210000000,M0,12,768,12,2048,256,16,2,32768,100000000,4000000,3050,50,10,8913,rlb_matrixpolicy_static_shell,rlb_fused_global_rational,rational_matrix_policy_onpolicy,0.0003,0.00003,0.10,--rational-matrix-policy-backbone-optimizer adamw --rational-matrix-policy-adam-lr-scale 3.0 --rational-matrix-policy-group-gain-strength 0.20 --rational-matrix-policy-group-pressure-strength 0.10 --rational-matrix-policy-group-activity-damping 0.20 --rational-matrix-policy-group-start 0.02 --rational-matrix-policy-group-end 0.30 --rational-matrix-policy-group-min-scale 0.75 --rational-matrix-policy-group-max-scale 1.35 --rational-matrix-policy-group-gain-strength 0.0 --rational-matrix-policy-group-pressure-strength 0.0 --rational-matrix-policy-group-activity-damping 0.0 --rational-matrix-policy-adam-role-strength 0.0 --rational-matrix-policy-adam-role-strength-final 0.0 --rational-matrix-policy-input-depth-gain 0.0 --rational-matrix-policy-output-depth-gain 0.0 --rational-matrix-policy-muon-strength 0.0 --rational-matrix-policy-muon-lr-scale 0.0 --rational-matrix-policy-final-muon 0.0 --rational-matrix-policy-min-muon 0.0 --rational-matrix-policy-max-muon 0.0 --rlb-gauge-strength 0.0,A2,RLB + static MatrixPolicy optimizer-recipe shell,8,1,99942400,E9-live-stat-syncfix-2026-07-12,scientific,6,20260710,matrixpolicy_live_stats_20260712,abalation/manifests/e9_100m_manifest.csv,81
82,E9_100m_fineweb_m0_99942400_seed8913_a6_rlb_matrixpolicy_muon_branch_suppressed,E9_100m,fineweb,HuggingFaceFW/fineweb,sample-10BT,text,train,train,210000000,M0,12,768,12,2048,256,16,2,32768,100000000,4000000,3050,50,10,8913,rlb_matrixpolicy_muon_branch_suppressed,rlb_fused_global_rational,rational_matrix_policy_onpolicy,0.0003,0.00003,0.10,--rational-matrix-policy-backbone-optimizer adamw --rational-matrix-policy-adam-lr-scale 3.0 --rational-matrix-policy-group-gain-strength 0.20 --rational-matrix-policy-group-pressure-strength 0.10 --rational-matrix-policy-group-activity-damping 0.20 --rational-matrix-policy-group-start 0.02 --rational-matrix-policy-group-end 0.30 --rational-matrix-policy-group-min-scale 0.75 --rational-matrix-policy-group-max-scale 1.35 --no-rational-matrix-policy-apply-muon-update,A6,MatrixPolicy with transient Muon branch suppressed at fixed schedule,8,2,99942400,E9-live-stat-syncfix-2026-07-12,scientific,6,20260710,matrixpolicy_live_stats_20260712,abalation/manifests/e9_100m_manifest.csv,82
83,E9_100m_fineweb_m0_99942400_seed8913_a7_rlb_matrixpolicy_no_role_depth_muon_branch_suppressed,E9_100m,fineweb,HuggingFaceFW/fineweb,sample-10BT,text,train,train,210000000,M0,12,768,12,2048,256,16,2,32768,100000000,4000000,3050,50,10,8913,rlb_matrixpolicy_no_role_depth_muon_branch_suppressed,rlb_fused_global_rational,rational_matrix_policy_onpolicy,0.0003,0.00003,0.10,--rational-matrix-policy-backbone-optimizer adamw --rational-matrix-policy-adam-lr-scale 3.0 --rational-matrix-policy-group-gain-strength 0.20 --rational-matrix-policy-group-pressure-strength 0.10 --rational-matrix-policy-group-activity-damping 0.20 --rational-matrix-policy-group-start 0.02 --rational-matrix-policy-group-end 0.30 --rational-matrix-policy-group-min-scale 0.75 --rational-matrix-policy-group-max-scale 1.35 --rational-matrix-policy-adam-role-strength 0.0 --rational-matrix-policy-adam-role-strength-final 0.0 --rational-matrix-policy-input-depth-gain 0.0 --rational-matrix-policy-output-depth-gain 0.0 --no-rational-matrix-policy-apply-muon-update,A7,MatrixPolicy without role/depth factors and with Muon branch suppressed,8,3,99942400,E9-live-stat-syncfix-2026-07-12,scientific,6,20260710,matrixpolicy_live_stats_20260712,abalation/manifests/e9_100m_manifest.csv,83
84,E9_100m_fineweb_m0_99942400_seed8913_a9_rlb_matrixpolicy_no_role_depth_muon_block,E9_100m,fineweb,HuggingFaceFW/fineweb,sample-10BT,text,train,train,210000000,M0,12,768,12,2048,256,16,2,32768,100000000,4000000,3050,50,10,8913,rlb_matrixpolicy_no_role_depth_muon_block,rlb_fused_global_rational,rational_matrix_policy_onpolicy,0.0003,0.00003,0.10,--rational-matrix-policy-backbone-optimizer adamw --rational-matrix-policy-adam-lr-scale 3.0 --rational-matrix-policy-group-gain-strength 0.20 --rational-matrix-policy-group-pressure-strength 0.10 --rational-matrix-policy-group-activity-damping 0.20 --rational-matrix-policy-group-start 0.02 --rational-matrix-policy-group-end 0.30 --rational-matrix-policy-group-min-scale 0.75 --rational-matrix-policy-group-max-scale 1.35 --rational-matrix-policy-adam-role-strength 0.0 --rational-matrix-policy-adam-role-strength-final 0.0 --rational-matrix-policy-input-depth-gain 0.0 --rational-matrix-policy-output-depth-gain 0.0 --rational-matrix-policy-muon-strength 0.0 --rational-matrix-policy-muon-lr-scale 0.0 --rational-matrix-policy-final-muon 0.0 --rational-matrix-policy-min-muon 0.0 --rational-matrix-policy-max-muon 0.0,A9,MatrixPolicy without role/depth-Muon action block,8,4,99942400,E9-live-stat-syncfix-2026-07-12,scientific,6,20260710,matrixpolicy_live_stats_20260712,abalation/manifests/e9_100m_manifest.csv,84
85,E9_100m_fineweb_m0_99942400_seed8913_a0_silu_adamw,E9_100m,fineweb,HuggingFaceFW/fineweb,sample-10BT,text,train,train,210000000,M0,12,768,12,2048,256,16,2,32768,100000000,4000000,3050,50,10,8913,silu_adamw,silu,adamw,0.0003,0.00003,0.10,,A0,SiLU + AdamW,8,5,99942400,E9-live-stat-syncfix-2026-07-12,scientific,6,20260710,matrixpolicy_live_stats_20260712,abalation/manifests/e9_100m_manifest.csv,85
86,E9_100m_fineweb_m0_99942400_seed8913_a5_rlb_matrixpolicy_no_role_depth,E9_100m,fineweb,HuggingFaceFW/fineweb,sample-10BT,text,train,train,210000000,M0,12,768,12,2048,256,16,2,32768,100000000,4000000,3050,50,10,8913,rlb_matrixpolicy_no_role_depth,rlb_fused_global_rational,rational_matrix_policy_onpolicy,0.0003,0.00003,0.10,--rational-matrix-policy-backbone-optimizer adamw --rational-matrix-policy-adam-lr-scale 3.0 --rational-matrix-policy-group-gain-strength 0.20 --rational-matrix-policy-group-pressure-strength 0.10 --rational-matrix-policy-group-activity-damping 0.20 --rational-matrix-policy-group-start 0.02 --rational-matrix-policy-group-end 0.30 --rational-matrix-policy-group-min-scale 0.75 --rational-matrix-policy-group-max-scale 1.35 --rational-matrix-policy-adam-role-strength 0.0 --rational-matrix-policy-adam-role-strength-final 0.0 --rational-matrix-policy-input-depth-gain 0.0 --rational-matrix-policy-output-depth-gain 0.0,A5,MatrixPolicy without role/depth factors,8,6,99942400,E9-live-stat-syncfix-2026-07-12,scientific,6,20260710,matrixpolicy_live_stats_20260712,abalation/manifests/e9_100m_manifest.csv,86
87,E9_100m_fineweb_m0_99942400_seed8913_a1_rlb_adamw,E9_100m,fineweb,HuggingFaceFW/fineweb,sample-10BT,text,train,train,210000000,M0,12,768,12,2048,256,16,2,32768,100000000,4000000,3050,50,10,8913,rlb_adamw,rlb_fused_global_rational,adamw,0.0003,0.00003,0.10,,A1,RLB + AdamW,8,7,99942400,E9-live-stat-syncfix-2026-07-12,scientific,6,20260710,matrixpolicy_live_stats_20260712,abalation/manifests/e9_100m_manifest.csv,87
88,E9_100m_fineweb_m0_99942400_seed8913_a3_rlb_matrixpolicy_full,E9_100m,fineweb,HuggingFaceFW/fineweb,sample-10BT,text,train,train,210000000,M0,12,768,12,2048,256,16,2,32768,100000000,4000000,3050,50,10,8913,rlb_matrixpolicy_full,rlb_fused_global_rational,rational_matrix_policy_onpolicy,0.0003,0.00003,0.10,--rational-matrix-policy-backbone-optimizer adamw --rational-matrix-policy-adam-lr-scale 3.0 --rational-matrix-policy-group-gain-strength 0.20 --rational-matrix-policy-group-pressure-strength 0.10 --rational-matrix-policy-group-activity-damping 0.20 --rational-matrix-policy-group-start 0.02 --rational-matrix-policy-group-end 0.30 --rational-matrix-policy-group-min-scale 0.75 --rational-matrix-policy-group-max-scale 1.35,A3,RLB + MatrixPolicy,8,8,99942400,E9-live-stat-syncfix-2026-07-12,scientific,6,20260710,matrixpolicy_live_stats_20260712,abalation/manifests/e9_100m_manifest.csv,88
89,E9_100m_fineweb_m0_99942400_seed8913_a4_rlb_matrixpolicy_no_group_gate,E9_100m,fineweb,HuggingFaceFW/fineweb,sample-10BT,text,train,train,210000000,M0,12,768,12,2048,256,16,2,32768,100000000,4000000,3050,50,10,8913,rlb_matrixpolicy_no_group_gate,rlb_fused_global_rational,rational_matrix_policy_onpolicy,0.0003,0.00003,0.10,--rational-matrix-policy-backbone-optimizer adamw --rational-matrix-policy-adam-lr-scale 3.0 --rational-matrix-policy-group-gain-strength 0.20 --rational-matrix-policy-group-pressure-strength 0.10 --rational-matrix-policy-group-activity-damping 0.20 --rational-matrix-policy-group-start 0.02 --rational-matrix-policy-group-end 0.30 --rational-matrix-policy-group-min-scale 0.75 --rational-matrix-policy-group-max-scale 1.35 --rational-matrix-policy-group-gain-strength 0.0 --rational-matrix-policy-group-pressure-strength 0.0 --rational-matrix-policy-group-activity-damping 0.0,A4,MatrixPolicy without group-stat gradient gating,8,9,99942400,E9-live-stat-syncfix-2026-07-12,scientific,6,20260710,matrixpolicy_live_stats_20260712,abalation/manifests/e9_100m_manifest.csv,89
90,E9_100m_dolma_sample_m0_99942400_seed2479_a3_rlb_matrixpolicy_full,E9_100m,dolma_sample,allenai/dolma,v1_6-sample,text,train,train,210000000,M0,12,768,12,2048,256,16,2,32768,100000000,4000000,3050,50,10,2479,rlb_matrixpolicy_full,rlb_fused_global_rational,rational_matrix_policy_onpolicy,0.0003,0.00003,0.10,--rational-matrix-policy-backbone-optimizer adamw --rational-matrix-policy-adam-lr-scale 3.0 --rational-matrix-policy-group-gain-strength 0.20 --rational-matrix-policy-group-pressure-strength 0.10 --rational-matrix-policy-group-activity-damping 0.20 --rational-matrix-policy-group-start 0.02 --rational-matrix-policy-group-end 0.30 --rational-matrix-policy-group-min-scale 0.75 --rational-matrix-policy-group-max-scale 1.35,A3,RLB + MatrixPolicy,9,0,99942400,E9-live-stat-syncfix-2026-07-12,scientific,9,20260710,matrixpolicy_live_stats_20260712,abalation/manifests/e9_100m_manifest.csv,90
91,E9_100m_dolma_sample_m0_99942400_seed2479_a4_rlb_matrixpolicy_no_group_gate,E9_100m,dolma_sample,allenai/dolma,v1_6-sample,text,train,train,210000000,M0,12,768,12,2048,256,16,2,32768,100000000,4000000,3050,50,10,2479,rlb_matrixpolicy_no_group_gate,rlb_fused_global_rational,rational_matrix_policy_onpolicy,0.0003,0.00003,0.10,--rational-matrix-policy-backbone-optimizer adamw --rational-matrix-policy-adam-lr-scale 3.0 --rational-matrix-policy-group-gain-strength 0.20 --rational-matrix-policy-group-pressure-strength 0.10 --rational-matrix-policy-group-activity-damping 0.20 --rational-matrix-policy-group-start 0.02 --rational-matrix-policy-group-end 0.30 --rational-matrix-policy-group-min-scale 0.75 --rational-matrix-policy-group-max-scale 1.35 --rational-matrix-policy-group-gain-strength 0.0 --rational-matrix-policy-group-pressure-strength 0.0 --rational-matrix-policy-group-activity-damping 0.0,A4,MatrixPolicy without group-stat gradient gating,9,1,99942400,E9-live-stat-syncfix-2026-07-12,scientific,9,20260710,matrixpolicy_live_stats_20260712,abalation/manifests/e9_100m_manifest.csv,91
92,E9_100m_dolma_sample_m0_99942400_seed2479_a8_rlb_matrixpolicy_no_pair_rescale,E9_100m,dolma_sample,allenai/dolma,v1_6-sample,text,train,train,210000000,M0,12,768,12,2048,256,16,2,32768,100000000,4000000,3050,50,10,2479,rlb_matrixpolicy_no_pair_rescale,rlb_fused_global_rational,rational_matrix_policy_onpolicy,0.0003,0.00003,0.10,--rational-matrix-policy-backbone-optimizer adamw --rational-matrix-policy-adam-lr-scale 3.0 --rational-matrix-policy-group-gain-strength 0.20 --rational-matrix-policy-group-pressure-strength 0.10 --rational-matrix-policy-group-activity-damping 0.20 --rational-matrix-policy-group-start 0.02 --rational-matrix-policy-group-end 0.30 --rational-matrix-policy-group-min-scale 0.75 --rational-matrix-policy-group-max-scale 1.35 --rlb-gauge-strength 0.0,A8,MatrixPolicy without reciprocal pair rescaling,9,2,99942400,E9-live-stat-syncfix-2026-07-12,scientific,9,20260710,matrixpolicy_live_stats_20260712,abalation/manifests/e9_100m_manifest.csv,92
93,E9_100m_dolma_sample_m0_99942400_seed2479_a2_rlb_matrixpolicy_static_shell,E9_100m,dolma_sample,allenai/dolma,v1_6-sample,text,train,train,210000000,M0,12,768,12,2048,256,16,2,32768,100000000,4000000,3050,50,10,2479,rlb_matrixpolicy_static_shell,rlb_fused_global_rational,rational_matrix_policy_onpolicy,0.0003,0.00003,0.10,--rational-matrix-policy-backbone-optimizer adamw --rational-matrix-policy-adam-lr-scale 3.0 --rational-matrix-policy-group-gain-strength 0.20 --rational-matrix-policy-group-pressure-strength 0.10 --rational-matrix-policy-group-activity-damping 0.20 --rational-matrix-policy-group-start 0.02 --rational-matrix-policy-group-end 0.30 --rational-matrix-policy-group-min-scale 0.75 --rational-matrix-policy-group-max-scale 1.35 --rational-matrix-policy-group-gain-strength 0.0 --rational-matrix-policy-group-pressure-strength 0.0 --rational-matrix-policy-group-activity-damping 0.0 --rational-matrix-policy-adam-role-strength 0.0 --rational-matrix-policy-adam-role-strength-final 0.0 --rational-matrix-policy-input-depth-gain 0.0 --rational-matrix-policy-output-depth-gain 0.0 --rational-matrix-policy-muon-strength 0.0 --rational-matrix-policy-muon-lr-scale 0.0 --rational-matrix-policy-final-muon 0.0 --rational-matrix-policy-min-muon 0.0 --rational-matrix-policy-max-muon 0.0 --rlb-gauge-strength 0.0,A2,RLB + static MatrixPolicy optimizer-recipe shell,9,3,99942400,E9-live-stat-syncfix-2026-07-12,scientific,9,20260710,matrixpolicy_live_stats_20260712,abalation/manifests/e9_100m_manifest.csv,93
94,E9_100m_dolma_sample_m0_99942400_seed2479_a6_rlb_matrixpolicy_muon_branch_suppressed,E9_100m,dolma_sample,allenai/dolma,v1_6-sample,text,train,train,210000000,M0,12,768,12,2048,256,16,2,32768,100000000,4000000,3050,50,10,2479,rlb_matrixpolicy_muon_branch_suppressed,rlb_fused_global_rational,rational_matrix_policy_onpolicy,0.0003,0.00003,0.10,--rational-matrix-policy-backbone-optimizer adamw --rational-matrix-policy-adam-lr-scale 3.0 --rational-matrix-policy-group-gain-strength 0.20 --rational-matrix-policy-group-pressure-strength 0.10 --rational-matrix-policy-group-activity-damping 0.20 --rational-matrix-policy-group-start 0.02 --rational-matrix-policy-group-end 0.30 --rational-matrix-policy-group-min-scale 0.75 --rational-matrix-policy-group-max-scale 1.35 --no-rational-matrix-policy-apply-muon-update,A6,MatrixPolicy with transient Muon branch suppressed at fixed schedule,9,4,99942400,E9-live-stat-syncfix-2026-07-12,scientific,9,20260710,matrixpolicy_live_stats_20260712,abalation/manifests/e9_100m_manifest.csv,94
95,E9_100m_dolma_sample_m0_99942400_seed2479_a7_rlb_matrixpolicy_no_role_depth_muon_branch_suppressed,E9_100m,dolma_sample,allenai/dolma,v1_6-sample,text,train,train,210000000,M0,12,768,12,2048,256,16,2,32768,100000000,4000000,3050,50,10,2479,rlb_matrixpolicy_no_role_depth_muon_branch_suppressed,rlb_fused_global_rational,rational_matrix_policy_onpolicy,0.0003,0.00003,0.10,--rational-matrix-policy-backbone-optimizer adamw --rational-matrix-policy-adam-lr-scale 3.0 --rational-matrix-policy-group-gain-strength 0.20 --rational-matrix-policy-group-pressure-strength 0.10 --rational-matrix-policy-group-activity-damping 0.20 --rational-matrix-policy-group-start 0.02 --rational-matrix-policy-group-end 0.30 --rational-matrix-policy-group-min-scale 0.75 --rational-matrix-policy-group-max-scale 1.35 --rational-matrix-policy-adam-role-strength 0.0 --rational-matrix-policy-adam-role-strength-final 0.0 --rational-matrix-policy-input-depth-gain 0.0 --rational-matrix-policy-output-depth-gain 0.0 --no-rational-matrix-policy-apply-muon-update,A7,MatrixPolicy without role/depth factors and with Muon branch suppressed,9,5,99942400,E9-live-stat-syncfix-2026-07-12,scientific,9,20260710,matrixpolicy_live_stats_20260712,abalation/manifests/e9_100m_manifest.csv,95
96,E9_100m_dolma_sample_m0_99942400_seed2479_a9_rlb_matrixpolicy_no_role_depth_muon_block,E9_100m,dolma_sample,allenai/dolma,v1_6-sample,text,train,train,210000000,M0,12,768,12,2048,256,16,2,32768,100000000,4000000,3050,50,10,2479,rlb_matrixpolicy_no_role_depth_muon_block,rlb_fused_global_rational,rational_matrix_policy_onpolicy,0.0003,0.00003,0.10,--rational-matrix-policy-backbone-optimizer adamw --rational-matrix-policy-adam-lr-scale 3.0 --rational-matrix-policy-group-gain-strength 0.20 --rational-matrix-policy-group-pressure-strength 0.10 --rational-matrix-policy-group-activity-damping 0.20 --rational-matrix-policy-group-start 0.02 --rational-matrix-policy-group-end 0.30 --rational-matrix-policy-group-min-scale 0.75 --rational-matrix-policy-group-max-scale 1.35 --rational-matrix-policy-adam-role-strength 0.0 --rational-matrix-policy-adam-role-strength-final 0.0 --rational-matrix-policy-input-depth-gain 0.0 --rational-matrix-policy-output-depth-gain 0.0 --rational-matrix-policy-muon-strength 0.0 --rational-matrix-policy-muon-lr-scale 0.0 --rational-matrix-policy-final-muon 0.0 --rational-matrix-policy-min-muon 0.0 --rational-matrix-policy-max-muon 0.0,A9,MatrixPolicy without role/depth-Muon action block,9,6,99942400,E9-live-stat-syncfix-2026-07-12,scientific,9,20260710,matrixpolicy_live_stats_20260712,abalation/manifests/e9_100m_manifest.csv,96
97,E9_100m_dolma_sample_m0_99942400_seed2479_a0_silu_adamw,E9_100m,dolma_sample,allenai/dolma,v1_6-sample,text,train,train,210000000,M0,12,768,12,2048,256,16,2,32768,100000000,4000000,3050,50,10,2479,silu_adamw,silu,adamw,0.0003,0.00003,0.10,,A0,SiLU + AdamW,9,7,99942400,E9-live-stat-syncfix-2026-07-12,scientific,9,20260710,matrixpolicy_live_stats_20260712,abalation/manifests/e9_100m_manifest.csv,97
98,E9_100m_dolma_sample_m0_99942400_seed2479_a5_rlb_matrixpolicy_no_role_depth,E9_100m,dolma_sample,allenai/dolma,v1_6-sample,text,train,train,210000000,M0,12,768,12,2048,256,16,2,32768,100000000,4000000,3050,50,10,2479,rlb_matrixpolicy_no_role_depth,rlb_fused_global_rational,rational_matrix_policy_onpolicy,0.0003,0.00003,0.10,--rational-matrix-policy-backbone-optimizer adamw --rational-matrix-policy-adam-lr-scale 3.0 --rational-matrix-policy-group-gain-strength 0.20 --rational-matrix-policy-group-pressure-strength 0.10 --rational-matrix-policy-group-activity-damping 0.20 --rational-matrix-policy-group-start 0.02 --rational-matrix-policy-group-end 0.30 --rational-matrix-policy-group-min-scale 0.75 --rational-matrix-policy-group-max-scale 1.35 --rational-matrix-policy-adam-role-strength 0.0 --rational-matrix-policy-adam-role-strength-final 0.0 --rational-matrix-policy-input-depth-gain 0.0 --rational-matrix-policy-output-depth-gain 0.0,A5,MatrixPolicy without role/depth factors,9,8,99942400,E9-live-stat-syncfix-2026-07-12,scientific,9,20260710,matrixpolicy_live_stats_20260712,abalation/manifests/e9_100m_manifest.csv,98
99,E9_100m_dolma_sample_m0_99942400_seed2479_a1_rlb_adamw,E9_100m,dolma_sample,allenai/dolma,v1_6-sample,text,train,train,210000000,M0,12,768,12,2048,256,16,2,32768,100000000,4000000,3050,50,10,2479,rlb_adamw,rlb_fused_global_rational,adamw,0.0003,0.00003,0.10,,A1,RLB + AdamW,9,9,99942400,E9-live-stat-syncfix-2026-07-12,scientific,9,20260710,matrixpolicy_live_stats_20260712,abalation/manifests/e9_100m_manifest.csv,99
100,E9_100m_dolma_sample_m0_99942400_seed5052_a1_rlb_adamw,E9_100m,dolma_sample,allenai/dolma,v1_6-sample,text,train,train,210000000,M0,12,768,12,2048,256,16,2,32768,100000000,4000000,3050,50,10,5052,rlb_adamw,rlb_fused_global_rational,adamw,0.0003,0.00003,0.10,,A1,RLB + AdamW,10,0,99942400,E9-live-stat-syncfix-2026-07-12,scientific,9,20260710,matrixpolicy_live_stats_20260712,abalation/manifests/e9_100m_manifest.csv,100
101,E9_100m_dolma_sample_m0_99942400_seed5052_a3_rlb_matrixpolicy_full,E9_100m,dolma_sample,allenai/dolma,v1_6-sample,text,train,train,210000000,M0,12,768,12,2048,256,16,2,32768,100000000,4000000,3050,50,10,5052,rlb_matrixpolicy_full,rlb_fused_global_rational,rational_matrix_policy_onpolicy,0.0003,0.00003,0.10,--rational-matrix-policy-backbone-optimizer adamw --rational-matrix-policy-adam-lr-scale 3.0 --rational-matrix-policy-group-gain-strength 0.20 --rational-matrix-policy-group-pressure-strength 0.10 --rational-matrix-policy-group-activity-damping 0.20 --rational-matrix-policy-group-start 0.02 --rational-matrix-policy-group-end 0.30 --rational-matrix-policy-group-min-scale 0.75 --rational-matrix-policy-group-max-scale 1.35,A3,RLB + MatrixPolicy,10,1,99942400,E9-live-stat-syncfix-2026-07-12,scientific,9,20260710,matrixpolicy_live_stats_20260712,abalation/manifests/e9_100m_manifest.csv,101
102,E9_100m_dolma_sample_m0_99942400_seed5052_a4_rlb_matrixpolicy_no_group_gate,E9_100m,dolma_sample,allenai/dolma,v1_6-sample,text,train,train,210000000,M0,12,768,12,2048,256,16,2,32768,100000000,4000000,3050,50,10,5052,rlb_matrixpolicy_no_group_gate,rlb_fused_global_rational,rational_matrix_policy_onpolicy,0.0003,0.00003,0.10,--rational-matrix-policy-backbone-optimizer adamw --rational-matrix-policy-adam-lr-scale 3.0 --rational-matrix-policy-group-gain-strength 0.20 --rational-matrix-policy-group-pressure-strength 0.10 --rational-matrix-policy-group-activity-damping 0.20 --rational-matrix-policy-group-start 0.02 --rational-matrix-policy-group-end 0.30 --rational-matrix-policy-group-min-scale 0.75 --rational-matrix-policy-group-max-scale 1.35 --rational-matrix-policy-group-gain-strength 0.0 --rational-matrix-policy-group-pressure-strength 0.0 --rational-matrix-policy-group-activity-damping 0.0,A4,MatrixPolicy without group-stat gradient gating,10,2,99942400,E9-live-stat-syncfix-2026-07-12,scientific,9,20260710,matrixpolicy_live_stats_20260712,abalation/manifests/e9_100m_manifest.csv,102
103,E9_100m_dolma_sample_m0_99942400_seed5052_a8_rlb_matrixpolicy_no_pair_rescale,E9_100m,dolma_sample,allenai/dolma,v1_6-sample,text,train,train,210000000,M0,12,768,12,2048,256,16,2,32768,100000000,4000000,3050,50,10,5052,rlb_matrixpolicy_no_pair_rescale,rlb_fused_global_rational,rational_matrix_policy_onpolicy,0.0003,0.00003,0.10,--rational-matrix-policy-backbone-optimizer adamw --rational-matrix-policy-adam-lr-scale 3.0 --rational-matrix-policy-group-gain-strength 0.20 --rational-matrix-policy-group-pressure-strength 0.10 --rational-matrix-policy-group-activity-damping 0.20 --rational-matrix-policy-group-start 0.02 --rational-matrix-policy-group-end 0.30 --rational-matrix-policy-group-min-scale 0.75 --rational-matrix-policy-group-max-scale 1.35 --rlb-gauge-strength 0.0,A8,MatrixPolicy without reciprocal pair rescaling,10,3,99942400,E9-live-stat-syncfix-2026-07-12,scientific,9,20260710,matrixpolicy_live_stats_20260712,abalation/manifests/e9_100m_manifest.csv,103
104,E9_100m_dolma_sample_m0_99942400_seed5052_a2_rlb_matrixpolicy_static_shell,E9_100m,dolma_sample,allenai/dolma,v1_6-sample,text,train,train,210000000,M0,12,768,12,2048,256,16,2,32768,100000000,4000000,3050,50,10,5052,rlb_matrixpolicy_static_shell,rlb_fused_global_rational,rational_matrix_policy_onpolicy,0.0003,0.00003,0.10,--rational-matrix-policy-backbone-optimizer adamw --rational-matrix-policy-adam-lr-scale 3.0 --rational-matrix-policy-group-gain-strength 0.20 --rational-matrix-policy-group-pressure-strength 0.10 --rational-matrix-policy-group-activity-damping 0.20 --rational-matrix-policy-group-start 0.02 --rational-matrix-policy-group-end 0.30 --rational-matrix-policy-group-min-scale 0.75 --rational-matrix-policy-group-max-scale 1.35 --rational-matrix-policy-group-gain-strength 0.0 --rational-matrix-policy-group-pressure-strength 0.0 --rational-matrix-policy-group-activity-damping 0.0 --rational-matrix-policy-adam-role-strength 0.0 --rational-matrix-policy-adam-role-strength-final 0.0 --rational-matrix-policy-input-depth-gain 0.0 --rational-matrix-policy-output-depth-gain 0.0 --rational-matrix-policy-muon-strength 0.0 --rational-matrix-policy-muon-lr-scale 0.0 --rational-matrix-policy-final-muon 0.0 --rational-matrix-policy-min-muon 0.0 --rational-matrix-policy-max-muon 0.0 --rlb-gauge-strength 0.0,A2,RLB + static MatrixPolicy optimizer-recipe shell,10,4,99942400,E9-live-stat-syncfix-2026-07-12,scientific,9,20260710,matrixpolicy_live_stats_20260712,abalation/manifests/e9_100m_manifest.csv,104
105,E9_100m_dolma_sample_m0_99942400_seed5052_a6_rlb_matrixpolicy_muon_branch_suppressed,E9_100m,dolma_sample,allenai/dolma,v1_6-sample,text,train,train,210000000,M0,12,768,12,2048,256,16,2,32768,100000000,4000000,3050,50,10,5052,rlb_matrixpolicy_muon_branch_suppressed,rlb_fused_global_rational,rational_matrix_policy_onpolicy,0.0003,0.00003,0.10,--rational-matrix-policy-backbone-optimizer adamw --rational-matrix-policy-adam-lr-scale 3.0 --rational-matrix-policy-group-gain-strength 0.20 --rational-matrix-policy-group-pressure-strength 0.10 --rational-matrix-policy-group-activity-damping 0.20 --rational-matrix-policy-group-start 0.02 --rational-matrix-policy-group-end 0.30 --rational-matrix-policy-group-min-scale 0.75 --rational-matrix-policy-group-max-scale 1.35 --no-rational-matrix-policy-apply-muon-update,A6,MatrixPolicy with transient Muon branch suppressed at fixed schedule,10,5,99942400,E9-live-stat-syncfix-2026-07-12,scientific,9,20260710,matrixpolicy_live_stats_20260712,abalation/manifests/e9_100m_manifest.csv,105
106,E9_100m_dolma_sample_m0_99942400_seed5052_a7_rlb_matrixpolicy_no_role_depth_muon_branch_suppressed,E9_100m,dolma_sample,allenai/dolma,v1_6-sample,text,train,train,210000000,M0,12,768,12,2048,256,16,2,32768,100000000,4000000,3050,50,10,5052,rlb_matrixpolicy_no_role_depth_muon_branch_suppressed,rlb_fused_global_rational,rational_matrix_policy_onpolicy,0.0003,0.00003,0.10,--rational-matrix-policy-backbone-optimizer adamw --rational-matrix-policy-adam-lr-scale 3.0 --rational-matrix-policy-group-gain-strength 0.20 --rational-matrix-policy-group-pressure-strength 0.10 --rational-matrix-policy-group-activity-damping 0.20 --rational-matrix-policy-group-start 0.02 --rational-matrix-policy-group-end 0.30 --rational-matrix-policy-group-min-scale 0.75 --rational-matrix-policy-group-max-scale 1.35 --rational-matrix-policy-adam-role-strength 0.0 --rational-matrix-policy-adam-role-strength-final 0.0 --rational-matrix-policy-input-depth-gain 0.0 --rational-matrix-policy-output-depth-gain 0.0 --no-rational-matrix-policy-apply-muon-update,A7,MatrixPolicy without role/depth factors and with Muon branch suppressed,10,6,99942400,E9-live-stat-syncfix-2026-07-12,scientific,9,20260710,matrixpolicy_live_stats_20260712,abalation/manifests/e9_100m_manifest.csv,106
107,E9_100m_dolma_sample_m0_99942400_seed5052_a9_rlb_matrixpolicy_no_role_depth_muon_block,E9_100m,dolma_sample,allenai/dolma,v1_6-sample,text,train,train,210000000,M0,12,768,12,2048,256,16,2,32768,100000000,4000000,3050,50,10,5052,rlb_matrixpolicy_no_role_depth_muon_block,rlb_fused_global_rational,rational_matrix_policy_onpolicy,0.0003,0.00003,0.10,--rational-matrix-policy-backbone-optimizer adamw --rational-matrix-policy-adam-lr-scale 3.0 --rational-matrix-policy-group-gain-strength 0.20 --rational-matrix-policy-group-pressure-strength 0.10 --rational-matrix-policy-group-activity-damping 0.20 --rational-matrix-policy-group-start 0.02 --rational-matrix-policy-group-end 0.30 --rational-matrix-policy-group-min-scale 0.75 --rational-matrix-policy-group-max-scale 1.35 --rational-matrix-policy-adam-role-strength 0.0 --rational-matrix-policy-adam-role-strength-final 0.0 --rational-matrix-policy-input-depth-gain 0.0 --rational-matrix-policy-output-depth-gain 0.0 --rational-matrix-policy-muon-strength 0.0 --rational-matrix-policy-muon-lr-scale 0.0 --rational-matrix-policy-final-muon 0.0 --rational-matrix-policy-min-muon 0.0 --rational-matrix-policy-max-muon 0.0,A9,MatrixPolicy without role/depth-Muon action block,10,7,99942400,E9-live-stat-syncfix-2026-07-12,scientific,9,20260710,matrixpolicy_live_stats_20260712,abalation/manifests/e9_100m_manifest.csv,107
108,E9_100m_dolma_sample_m0_99942400_seed5052_a0_silu_adamw,E9_100m,dolma_sample,allenai/dolma,v1_6-sample,text,train,train,210000000,M0,12,768,12,2048,256,16,2,32768,100000000,4000000,3050,50,10,5052,silu_adamw,silu,adamw,0.0003,0.00003,0.10,,A0,SiLU + AdamW,10,8,99942400,E9-live-stat-syncfix-2026-07-12,scientific,9,20260710,matrixpolicy_live_stats_20260712,abalation/manifests/e9_100m_manifest.csv,108
109,E9_100m_dolma_sample_m0_99942400_seed5052_a5_rlb_matrixpolicy_no_role_depth,E9_100m,dolma_sample,allenai/dolma,v1_6-sample,text,train,train,210000000,M0,12,768,12,2048,256,16,2,32768,100000000,4000000,3050,50,10,5052,rlb_matrixpolicy_no_role_depth,rlb_fused_global_rational,rational_matrix_policy_onpolicy,0.0003,0.00003,0.10,--rational-matrix-policy-backbone-optimizer adamw --rational-matrix-policy-adam-lr-scale 3.0 --rational-matrix-policy-group-gain-strength 0.20 --rational-matrix-policy-group-pressure-strength 0.10 --rational-matrix-policy-group-activity-damping 0.20 --rational-matrix-policy-group-start 0.02 --rational-matrix-policy-group-end 0.30 --rational-matrix-policy-group-min-scale 0.75 --rational-matrix-policy-group-max-scale 1.35 --rational-matrix-policy-adam-role-strength 0.0 --rational-matrix-policy-adam-role-strength-final 0.0 --rational-matrix-policy-input-depth-gain 0.0 --rational-matrix-policy-output-depth-gain 0.0,A5,MatrixPolicy without role/depth factors,10,9,99942400,E9-live-stat-syncfix-2026-07-12,scientific,9,20260710,matrixpolicy_live_stats_20260712,abalation/manifests/e9_100m_manifest.csv,109
110,E9_100m_dolma_sample_m0_99942400_seed8913_a8_rlb_matrixpolicy_no_pair_rescale,E9_100m,dolma_sample,allenai/dolma,v1_6-sample,text,train,train,210000000,M0,12,768,12,2048,256,16,2,32768,100000000,4000000,3050,50,10,8913,rlb_matrixpolicy_no_pair_rescale,rlb_fused_global_rational,rational_matrix_policy_onpolicy,0.0003,0.00003,0.10,--rational-matrix-policy-backbone-optimizer adamw --rational-matrix-policy-adam-lr-scale 3.0 --rational-matrix-policy-group-gain-strength 0.20 --rational-matrix-policy-group-pressure-strength 0.10 --rational-matrix-policy-group-activity-damping 0.20 --rational-matrix-policy-group-start 0.02 --rational-matrix-policy-group-end 0.30 --rational-matrix-policy-group-min-scale 0.75 --rational-matrix-policy-group-max-scale 1.35 --rlb-gauge-strength 0.0,A8,MatrixPolicy without reciprocal pair rescaling,11,0,99942400,E9-live-stat-syncfix-2026-07-12,scientific,9,20260710,matrixpolicy_live_stats_20260712,abalation/manifests/e9_100m_manifest.csv,110
111,E9_100m_dolma_sample_m0_99942400_seed8913_a2_rlb_matrixpolicy_static_shell,E9_100m,dolma_sample,allenai/dolma,v1_6-sample,text,train,train,210000000,M0,12,768,12,2048,256,16,2,32768,100000000,4000000,3050,50,10,8913,rlb_matrixpolicy_static_shell,rlb_fused_global_rational,rational_matrix_policy_onpolicy,0.0003,0.00003,0.10,--rational-matrix-policy-backbone-optimizer adamw --rational-matrix-policy-adam-lr-scale 3.0 --rational-matrix-policy-group-gain-strength 0.20 --rational-matrix-policy-group-pressure-strength 0.10 --rational-matrix-policy-group-activity-damping 0.20 --rational-matrix-policy-group-start 0.02 --rational-matrix-policy-group-end 0.30 --rational-matrix-policy-group-min-scale 0.75 --rational-matrix-policy-group-max-scale 1.35 --rational-matrix-policy-group-gain-strength 0.0 --rational-matrix-policy-group-pressure-strength 0.0 --rational-matrix-policy-group-activity-damping 0.0 --rational-matrix-policy-adam-role-strength 0.0 --rational-matrix-policy-adam-role-strength-final 0.0 --rational-matrix-policy-input-depth-gain 0.0 --rational-matrix-policy-output-depth-gain 0.0 --rational-matrix-policy-muon-strength 0.0 --rational-matrix-policy-muon-lr-scale 0.0 --rational-matrix-policy-final-muon 0.0 --rational-matrix-policy-min-muon 0.0 --rational-matrix-policy-max-muon 0.0 --rlb-gauge-strength 0.0,A2,RLB + static MatrixPolicy optimizer-recipe shell,11,1,99942400,E9-live-stat-syncfix-2026-07-12,scientific,9,20260710,matrixpolicy_live_stats_20260712,abalation/manifests/e9_100m_manifest.csv,111
112,E9_100m_dolma_sample_m0_99942400_seed8913_a6_rlb_matrixpolicy_muon_branch_suppressed,E9_100m,dolma_sample,allenai/dolma,v1_6-sample,text,train,train,210000000,M0,12,768,12,2048,256,16,2,32768,100000000,4000000,3050,50,10,8913,rlb_matrixpolicy_muon_branch_suppressed,rlb_fused_global_rational,rational_matrix_policy_onpolicy,0.0003,0.00003,0.10,--rational-matrix-policy-backbone-optimizer adamw --rational-matrix-policy-adam-lr-scale 3.0 --rational-matrix-policy-group-gain-strength 0.20 --rational-matrix-policy-group-pressure-strength 0.10 --rational-matrix-policy-group-activity-damping 0.20 --rational-matrix-policy-group-start 0.02 --rational-matrix-policy-group-end 0.30 --rational-matrix-policy-group-min-scale 0.75 --rational-matrix-policy-group-max-scale 1.35 --no-rational-matrix-policy-apply-muon-update,A6,MatrixPolicy with transient Muon branch suppressed at fixed schedule,11,2,99942400,E9-live-stat-syncfix-2026-07-12,scientific,9,20260710,matrixpolicy_live_stats_20260712,abalation/manifests/e9_100m_manifest.csv,112
113,E9_100m_dolma_sample_m0_99942400_seed8913_a7_rlb_matrixpolicy_no_role_depth_muon_branch_suppressed,E9_100m,dolma_sample,allenai/dolma,v1_6-sample,text,train,train,210000000,M0,12,768,12,2048,256,16,2,32768,100000000,4000000,3050,50,10,8913,rlb_matrixpolicy_no_role_depth_muon_branch_suppressed,rlb_fused_global_rational,rational_matrix_policy_onpolicy,0.0003,0.00003,0.10,--rational-matrix-policy-backbone-optimizer adamw --rational-matrix-policy-adam-lr-scale 3.0 --rational-matrix-policy-group-gain-strength 0.20 --rational-matrix-policy-group-pressure-strength 0.10 --rational-matrix-policy-group-activity-damping 0.20 --rational-matrix-policy-group-start 0.02 --rational-matrix-policy-group-end 0.30 --rational-matrix-policy-group-min-scale 0.75 --rational-matrix-policy-group-max-scale 1.35 --rational-matrix-policy-adam-role-strength 0.0 --rational-matrix-policy-adam-role-strength-final 0.0 --rational-matrix-policy-input-depth-gain 0.0 --rational-matrix-policy-output-depth-gain 0.0 --no-rational-matrix-policy-apply-muon-update,A7,MatrixPolicy without role/depth factors and with Muon branch suppressed,11,3,99942400,E9-live-stat-syncfix-2026-07-12,scientific,9,20260710,matrixpolicy_live_stats_20260712,abalation/manifests/e9_100m_manifest.csv,113
114,E9_100m_dolma_sample_m0_99942400_seed8913_a9_rlb_matrixpolicy_no_role_depth_muon_block,E9_100m,dolma_sample,allenai/dolma,v1_6-sample,text,train,train,210000000,M0,12,768,12,2048,256,16,2,32768,100000000,4000000,3050,50,10,8913,rlb_matrixpolicy_no_role_depth_muon_block,rlb_fused_global_rational,rational_matrix_policy_onpolicy,0.0003,0.00003,0.10,--rational-matrix-policy-backbone-optimizer adamw --rational-matrix-policy-adam-lr-scale 3.0 --rational-matrix-policy-group-gain-strength 0.20 --rational-matrix-policy-group-pressure-strength 0.10 --rational-matrix-policy-group-activity-damping 0.20 --rational-matrix-policy-group-start 0.02 --rational-matrix-policy-group-end 0.30 --rational-matrix-policy-group-min-scale 0.75 --rational-matrix-policy-group-max-scale 1.35 --rational-matrix-policy-adam-role-strength 0.0 --rational-matrix-policy-adam-role-strength-final 0.0 --rational-matrix-policy-input-depth-gain 0.0 --rational-matrix-policy-output-depth-gain 0.0 --rational-matrix-policy-muon-strength 0.0 --rational-matrix-policy-muon-lr-scale 0.0 --rational-matrix-policy-final-muon 0.0 --rational-matrix-policy-min-muon 0.0 --rational-matrix-policy-max-muon 0.0,A9,MatrixPolicy without role/depth-Muon action block,11,4,99942400,E9-live-stat-syncfix-2026-07-12,scientific,9,20260710,matrixpolicy_live_stats_20260712,abalation/manifests/e9_100m_manifest.csv,114
115,E9_100m_dolma_sample_m0_99942400_seed8913_a0_silu_adamw,E9_100m,dolma_sample,allenai/dolma,v1_6-sample,text,train,train,210000000,M0,12,768,12,2048,256,16,2,32768,100000000,4000000,3050,50,10,8913,silu_adamw,silu,adamw,0.0003,0.00003,0.10,,A0,SiLU + AdamW,11,5,99942400,E9-live-stat-syncfix-2026-07-12,scientific,9,20260710,matrixpolicy_live_stats_20260712,abalation/manifests/e9_100m_manifest.csv,115
116,E9_100m_dolma_sample_m0_99942400_seed8913_a5_rlb_matrixpolicy_no_role_depth,E9_100m,dolma_sample,allenai/dolma,v1_6-sample,text,train,train,210000000,M0,12,768,12,2048,256,16,2,32768,100000000,4000000,3050,50,10,8913,rlb_matrixpolicy_no_role_depth,rlb_fused_global_rational,rational_matrix_policy_onpolicy,0.0003,0.00003,0.10,--rational-matrix-policy-backbone-optimizer adamw --rational-matrix-policy-adam-lr-scale 3.0 --rational-matrix-policy-group-gain-strength 0.20 --rational-matrix-policy-group-pressure-strength 0.10 --rational-matrix-policy-group-activity-damping 0.20 --rational-matrix-policy-group-start 0.02 --rational-matrix-policy-group-end 0.30 --rational-matrix-policy-group-min-scale 0.75 --rational-matrix-policy-group-max-scale 1.35 --rational-matrix-policy-adam-role-strength 0.0 --rational-matrix-policy-adam-role-strength-final 0.0 --rational-matrix-policy-input-depth-gain 0.0 --rational-matrix-policy-output-depth-gain 0.0,A5,MatrixPolicy without role/depth factors,11,6,99942400,E9-live-stat-syncfix-2026-07-12,scientific,9,20260710,matrixpolicy_live_stats_20260712,abalation/manifests/e9_100m_manifest.csv,116
117,E9_100m_dolma_sample_m0_99942400_seed8913_a1_rlb_adamw,E9_100m,dolma_sample,allenai/dolma,v1_6-sample,text,train,train,210000000,M0,12,768,12,2048,256,16,2,32768,100000000,4000000,3050,50,10,8913,rlb_adamw,rlb_fused_global_rational,adamw,0.0003,0.00003,0.10,,A1,RLB + AdamW,11,7,99942400,E9-live-stat-syncfix-2026-07-12,scientific,9,20260710,matrixpolicy_live_stats_20260712,abalation/manifests/e9_100m_manifest.csv,117
118,E9_100m_dolma_sample_m0_99942400_seed8913_a3_rlb_matrixpolicy_full,E9_100m,dolma_sample,allenai/dolma,v1_6-sample,text,train,train,210000000,M0,12,768,12,2048,256,16,2,32768,100000000,4000000,3050,50,10,8913,rlb_matrixpolicy_full,rlb_fused_global_rational,rational_matrix_policy_onpolicy,0.0003,0.00003,0.10,--rational-matrix-policy-backbone-optimizer adamw --rational-matrix-policy-adam-lr-scale 3.0 --rational-matrix-policy-group-gain-strength 0.20 --rational-matrix-policy-group-pressure-strength 0.10 --rational-matrix-policy-group-activity-damping 0.20 --rational-matrix-policy-group-start 0.02 --rational-matrix-policy-group-end 0.30 --rational-matrix-policy-group-min-scale 0.75 --rational-matrix-policy-group-max-scale 1.35,A3,RLB + MatrixPolicy,11,8,99942400,E9-live-stat-syncfix-2026-07-12,scientific,9,20260710,matrixpolicy_live_stats_20260712,abalation/manifests/e9_100m_manifest.csv,118
119,E9_100m_dolma_sample_m0_99942400_seed8913_a4_rlb_matrixpolicy_no_group_gate,E9_100m,dolma_sample,allenai/dolma,v1_6-sample,text,train,train,210000000,M0,12,768,12,2048,256,16,2,32768,100000000,4000000,3050,50,10,8913,rlb_matrixpolicy_no_group_gate,rlb_fused_global_rational,rational_matrix_policy_onpolicy,0.0003,0.00003,0.10,--rational-matrix-policy-backbone-optimizer adamw --rational-matrix-policy-adam-lr-scale 3.0 --rational-matrix-policy-group-gain-strength 0.20 --rational-matrix-policy-group-pressure-strength 0.10 --rational-matrix-policy-group-activity-damping 0.20 --rational-matrix-policy-group-start 0.02 --rational-matrix-policy-group-end 0.30 --rational-matrix-policy-group-min-scale 0.75 --rational-matrix-policy-group-max-scale 1.35 --rational-matrix-policy-group-gain-strength 0.0 --rational-matrix-policy-group-pressure-strength 0.0 --rational-matrix-policy-group-activity-damping 0.0,A4,MatrixPolicy without group-stat gradient gating,11,9,99942400,E9-live-stat-syncfix-2026-07-12,scientific,9,20260710,matrixpolicy_live_stats_20260712,abalation/manifests/e9_100m_manifest.csv,119
120,E9_100m_c4_en_m0_99942400_seed2479_a0_silu_adamw,E9_100m,c4_en,allenai/c4,en,text,train,validation,0,M0,12,768,12,2048,256,16,2,32768,100000000,4000000,3050,50,10,2479,silu_adamw,silu,adamw,0.0003,0.00003,0.10,,A0,SiLU + AdamW,12,0,99942400,E9-live-stat-syncfix-2026-07-12,scientific,12,20260710,matrixpolicy_live_stats_20260712,abalation/manifests/e9_100m_manifest.csv,120
121,E9_100m_c4_en_m0_99942400_seed2479_a5_rlb_matrixpolicy_no_role_depth,E9_100m,c4_en,allenai/c4,en,text,train,validation,0,M0,12,768,12,2048,256,16,2,32768,100000000,4000000,3050,50,10,2479,rlb_matrixpolicy_no_role_depth,rlb_fused_global_rational,rational_matrix_policy_onpolicy,0.0003,0.00003,0.10,--rational-matrix-policy-backbone-optimizer adamw --rational-matrix-policy-adam-lr-scale 3.0 --rational-matrix-policy-group-gain-strength 0.20 --rational-matrix-policy-group-pressure-strength 0.10 --rational-matrix-policy-group-activity-damping 0.20 --rational-matrix-policy-group-start 0.02 --rational-matrix-policy-group-end 0.30 --rational-matrix-policy-group-min-scale 0.75 --rational-matrix-policy-group-max-scale 1.35 --rational-matrix-policy-adam-role-strength 0.0 --rational-matrix-policy-adam-role-strength-final 0.0 --rational-matrix-policy-input-depth-gain 0.0 --rational-matrix-policy-output-depth-gain 0.0,A5,MatrixPolicy without role/depth factors,12,1,99942400,E9-live-stat-syncfix-2026-07-12,scientific,12,20260710,matrixpolicy_live_stats_20260712,abalation/manifests/e9_100m_manifest.csv,121
122,E9_100m_c4_en_m0_99942400_seed2479_a1_rlb_adamw,E9_100m,c4_en,allenai/c4,en,text,train,validation,0,M0,12,768,12,2048,256,16,2,32768,100000000,4000000,3050,50,10,2479,rlb_adamw,rlb_fused_global_rational,adamw,0.0003,0.00003,0.10,,A1,RLB + AdamW,12,2,99942400,E9-live-stat-syncfix-2026-07-12,scientific,12,20260710,matrixpolicy_live_stats_20260712,abalation/manifests/e9_100m_manifest.csv,122
123,E9_100m_c4_en_m0_99942400_seed2479_a3_rlb_matrixpolicy_full,E9_100m,c4_en,allenai/c4,en,text,train,validation,0,M0,12,768,12,2048,256,16,2,32768,100000000,4000000,3050,50,10,2479,rlb_matrixpolicy_full,rlb_fused_global_rational,rational_matrix_policy_onpolicy,0.0003,0.00003,0.10,--rational-matrix-policy-backbone-optimizer adamw --rational-matrix-policy-adam-lr-scale 3.0 --rational-matrix-policy-group-gain-strength 0.20 --rational-matrix-policy-group-pressure-strength 0.10 --rational-matrix-policy-group-activity-damping 0.20 --rational-matrix-policy-group-start 0.02 --rational-matrix-policy-group-end 0.30 --rational-matrix-policy-group-min-scale 0.75 --rational-matrix-policy-group-max-scale 1.35,A3,RLB + MatrixPolicy,12,3,99942400,E9-live-stat-syncfix-2026-07-12,scientific,12,20260710,matrixpolicy_live_stats_20260712,abalation/manifests/e9_100m_manifest.csv,123
124,E9_100m_c4_en_m0_99942400_seed2479_a4_rlb_matrixpolicy_no_group_gate,E9_100m,c4_en,allenai/c4,en,text,train,validation,0,M0,12,768,12,2048,256,16,2,32768,100000000,4000000,3050,50,10,2479,rlb_matrixpolicy_no_group_gate,rlb_fused_global_rational,rational_matrix_policy_onpolicy,0.0003,0.00003,0.10,--rational-matrix-policy-backbone-optimizer adamw --rational-matrix-policy-adam-lr-scale 3.0 --rational-matrix-policy-group-gain-strength 0.20 --rational-matrix-policy-group-pressure-strength 0.10 --rational-matrix-policy-group-activity-damping 0.20 --rational-matrix-policy-group-start 0.02 --rational-matrix-policy-group-end 0.30 --rational-matrix-policy-group-min-scale 0.75 --rational-matrix-policy-group-max-scale 1.35 --rational-matrix-policy-group-gain-strength 0.0 --rational-matrix-policy-group-pressure-strength 0.0 --rational-matrix-policy-group-activity-damping 0.0,A4,MatrixPolicy without group-stat gradient gating,12,4,99942400,E9-live-stat-syncfix-2026-07-12,scientific,12,20260710,matrixpolicy_live_stats_20260712,abalation/manifests/e9_100m_manifest.csv,124
125,E9_100m_c4_en_m0_99942400_seed2479_a8_rlb_matrixpolicy_no_pair_rescale,E9_100m,c4_en,allenai/c4,en,text,train,validation,0,M0,12,768,12,2048,256,16,2,32768,100000000,4000000,3050,50,10,2479,rlb_matrixpolicy_no_pair_rescale,rlb_fused_global_rational,rational_matrix_policy_onpolicy,0.0003,0.00003,0.10,--rational-matrix-policy-backbone-optimizer adamw --rational-matrix-policy-adam-lr-scale 3.0 --rational-matrix-policy-group-gain-strength 0.20 --rational-matrix-policy-group-pressure-strength 0.10 --rational-matrix-policy-group-activity-damping 0.20 --rational-matrix-policy-group-start 0.02 --rational-matrix-policy-group-end 0.30 --rational-matrix-policy-group-min-scale 0.75 --rational-matrix-policy-group-max-scale 1.35 --rlb-gauge-strength 0.0,A8,MatrixPolicy without reciprocal pair rescaling,12,5,99942400,E9-live-stat-syncfix-2026-07-12,scientific,12,20260710,matrixpolicy_live_stats_20260712,abalation/manifests/e9_100m_manifest.csv,125
126,E9_100m_c4_en_m0_99942400_seed2479_a2_rlb_matrixpolicy_static_shell,E9_100m,c4_en,allenai/c4,en,text,train,validation,0,M0,12,768,12,2048,256,16,2,32768,100000000,4000000,3050,50,10,2479,rlb_matrixpolicy_static_shell,rlb_fused_global_rational,rational_matrix_policy_onpolicy,0.0003,0.00003,0.10,--rational-matrix-policy-backbone-optimizer adamw --rational-matrix-policy-adam-lr-scale 3.0 --rational-matrix-policy-group-gain-strength 0.20 --rational-matrix-policy-group-pressure-strength 0.10 --rational-matrix-policy-group-activity-damping 0.20 --rational-matrix-policy-group-start 0.02 --rational-matrix-policy-group-end 0.30 --rational-matrix-policy-group-min-scale 0.75 --rational-matrix-policy-group-max-scale 1.35 --rational-matrix-policy-group-gain-strength 0.0 --rational-matrix-policy-group-pressure-strength 0.0 --rational-matrix-policy-group-activity-damping 0.0 --rational-matrix-policy-adam-role-strength 0.0 --rational-matrix-policy-adam-role-strength-final 0.0 --rational-matrix-policy-input-depth-gain 0.0 --rational-matrix-policy-output-depth-gain 0.0 --rational-matrix-policy-muon-strength 0.0 --rational-matrix-policy-muon-lr-scale 0.0 --rational-matrix-policy-final-muon 0.0 --rational-matrix-policy-min-muon 0.0 --rational-matrix-policy-max-muon 0.0 --rlb-gauge-strength 0.0,A2,RLB + static MatrixPolicy optimizer-recipe shell,12,6,99942400,E9-live-stat-syncfix-2026-07-12,scientific,12,20260710,matrixpolicy_live_stats_20260712,abalation/manifests/e9_100m_manifest.csv,126
127,E9_100m_c4_en_m0_99942400_seed2479_a6_rlb_matrixpolicy_muon_branch_suppressed,E9_100m,c4_en,allenai/c4,en,text,train,validation,0,M0,12,768,12,2048,256,16,2,32768,100000000,4000000,3050,50,10,2479,rlb_matrixpolicy_muon_branch_suppressed,rlb_fused_global_rational,rational_matrix_policy_onpolicy,0.0003,0.00003,0.10,--rational-matrix-policy-backbone-optimizer adamw --rational-matrix-policy-adam-lr-scale 3.0 --rational-matrix-policy-group-gain-strength 0.20 --rational-matrix-policy-group-pressure-strength 0.10 --rational-matrix-policy-group-activity-damping 0.20 --rational-matrix-policy-group-start 0.02 --rational-matrix-policy-group-end 0.30 --rational-matrix-policy-group-min-scale 0.75 --rational-matrix-policy-group-max-scale 1.35 --no-rational-matrix-policy-apply-muon-update,A6,MatrixPolicy with transient Muon branch suppressed at fixed schedule,12,7,99942400,E9-live-stat-syncfix-2026-07-12,scientific,12,20260710,matrixpolicy_live_stats_20260712,abalation/manifests/e9_100m_manifest.csv,127
128,E9_100m_c4_en_m0_99942400_seed2479_a7_rlb_matrixpolicy_no_role_depth_muon_branch_suppressed,E9_100m,c4_en,allenai/c4,en,text,train,validation,0,M0,12,768,12,2048,256,16,2,32768,100000000,4000000,3050,50,10,2479,rlb_matrixpolicy_no_role_depth_muon_branch_suppressed,rlb_fused_global_rational,rational_matrix_policy_onpolicy,0.0003,0.00003,0.10,--rational-matrix-policy-backbone-optimizer adamw --rational-matrix-policy-adam-lr-scale 3.0 --rational-matrix-policy-group-gain-strength 0.20 --rational-matrix-policy-group-pressure-strength 0.10 --rational-matrix-policy-group-activity-damping 0.20 --rational-matrix-policy-group-start 0.02 --rational-matrix-policy-group-end 0.30 --rational-matrix-policy-group-min-scale 0.75 --rational-matrix-policy-group-max-scale 1.35 --rational-matrix-policy-adam-role-strength 0.0 --rational-matrix-policy-adam-role-strength-final 0.0 --rational-matrix-policy-input-depth-gain 0.0 --rational-matrix-policy-output-depth-gain 0.0 --no-rational-matrix-policy-apply-muon-update,A7,MatrixPolicy without role/depth factors and with Muon branch suppressed,12,8,99942400,E9-live-stat-syncfix-2026-07-12,scientific,12,20260710,matrixpolicy_live_stats_20260712,abalation/manifests/e9_100m_manifest.csv,128
129,E9_100m_c4_en_m0_99942400_seed2479_a9_rlb_matrixpolicy_no_role_depth_muon_block,E9_100m,c4_en,allenai/c4,en,text,train,validation,0,M0,12,768,12,2048,256,16,2,32768,100000000,4000000,3050,50,10,2479,rlb_matrixpolicy_no_role_depth_muon_block,rlb_fused_global_rational,rational_matrix_policy_onpolicy,0.0003,0.00003,0.10,--rational-matrix-policy-backbone-optimizer adamw --rational-matrix-policy-adam-lr-scale 3.0 --rational-matrix-policy-group-gain-strength 0.20 --rational-matrix-policy-group-pressure-strength 0.10 --rational-matrix-policy-group-activity-damping 0.20 --rational-matrix-policy-group-start 0.02 --rational-matrix-policy-group-end 0.30 --rational-matrix-policy-group-min-scale 0.75 --rational-matrix-policy-group-max-scale 1.35 --rational-matrix-policy-adam-role-strength 0.0 --rational-matrix-policy-adam-role-strength-final 0.0 --rational-matrix-policy-input-depth-gain 0.0 --rational-matrix-policy-output-depth-gain 0.0 --rational-matrix-policy-muon-strength 0.0 --rational-matrix-policy-muon-lr-scale 0.0 --rational-matrix-policy-final-muon 0.0 --rational-matrix-policy-min-muon 0.0 --rational-matrix-policy-max-muon 0.0,A9,MatrixPolicy without role/depth-Muon action block,12,9,99942400,E9-live-stat-syncfix-2026-07-12,scientific,12,20260710,matrixpolicy_live_stats_20260712,abalation/manifests/e9_100m_manifest.csv,129
130,E9_100m_c4_en_m0_99942400_seed5052_a4_rlb_matrixpolicy_no_group_gate,E9_100m,c4_en,allenai/c4,en,text,train,validation,0,M0,12,768,12,2048,256,16,2,32768,100000000,4000000,3050,50,10,5052,rlb_matrixpolicy_no_group_gate,rlb_fused_global_rational,rational_matrix_policy_onpolicy,0.0003,0.00003,0.10,--rational-matrix-policy-backbone-optimizer adamw --rational-matrix-policy-adam-lr-scale 3.0 --rational-matrix-policy-group-gain-strength 0.20 --rational-matrix-policy-group-pressure-strength 0.10 --rational-matrix-policy-group-activity-damping 0.20 --rational-matrix-policy-group-start 0.02 --rational-matrix-policy-group-end 0.30 --rational-matrix-policy-group-min-scale 0.75 --rational-matrix-policy-group-max-scale 1.35 --rational-matrix-policy-group-gain-strength 0.0 --rational-matrix-policy-group-pressure-strength 0.0 --rational-matrix-policy-group-activity-damping 0.0,A4,MatrixPolicy without group-stat gradient gating,13,0,99942400,E9-live-stat-syncfix-2026-07-12,scientific,12,20260710,matrixpolicy_live_stats_20260712,abalation/manifests/e9_100m_manifest.csv,130
131,E9_100m_c4_en_m0_99942400_seed5052_a8_rlb_matrixpolicy_no_pair_rescale,E9_100m,c4_en,allenai/c4,en,text,train,validation,0,M0,12,768,12,2048,256,16,2,32768,100000000,4000000,3050,50,10,5052,rlb_matrixpolicy_no_pair_rescale,rlb_fused_global_rational,rational_matrix_policy_onpolicy,0.0003,0.00003,0.10,--rational-matrix-policy-backbone-optimizer adamw --rational-matrix-policy-adam-lr-scale 3.0 --rational-matrix-policy-group-gain-strength 0.20 --rational-matrix-policy-group-pressure-strength 0.10 --rational-matrix-policy-group-activity-damping 0.20 --rational-matrix-policy-group-start 0.02 --rational-matrix-policy-group-end 0.30 --rational-matrix-policy-group-min-scale 0.75 --rational-matrix-policy-group-max-scale 1.35 --rlb-gauge-strength 0.0,A8,MatrixPolicy without reciprocal pair rescaling,13,1,99942400,E9-live-stat-syncfix-2026-07-12,scientific,12,20260710,matrixpolicy_live_stats_20260712,abalation/manifests/e9_100m_manifest.csv,131
132,E9_100m_c4_en_m0_99942400_seed5052_a2_rlb_matrixpolicy_static_shell,E9_100m,c4_en,allenai/c4,en,text,train,validation,0,M0,12,768,12,2048,256,16,2,32768,100000000,4000000,3050,50,10,5052,rlb_matrixpolicy_static_shell,rlb_fused_global_rational,rational_matrix_policy_onpolicy,0.0003,0.00003,0.10,--rational-matrix-policy-backbone-optimizer adamw --rational-matrix-policy-adam-lr-scale 3.0 --rational-matrix-policy-group-gain-strength 0.20 --rational-matrix-policy-group-pressure-strength 0.10 --rational-matrix-policy-group-activity-damping 0.20 --rational-matrix-policy-group-start 0.02 --rational-matrix-policy-group-end 0.30 --rational-matrix-policy-group-min-scale 0.75 --rational-matrix-policy-group-max-scale 1.35 --rational-matrix-policy-group-gain-strength 0.0 --rational-matrix-policy-group-pressure-strength 0.0 --rational-matrix-policy-group-activity-damping 0.0 --rational-matrix-policy-adam-role-strength 0.0 --rational-matrix-policy-adam-role-strength-final 0.0 --rational-matrix-policy-input-depth-gain 0.0 --rational-matrix-policy-output-depth-gain 0.0 --rational-matrix-policy-muon-strength 0.0 --rational-matrix-policy-muon-lr-scale 0.0 --rational-matrix-policy-final-muon 0.0 --rational-matrix-policy-min-muon 0.0 --rational-matrix-policy-max-muon 0.0 --rlb-gauge-strength 0.0,A2,RLB + static MatrixPolicy optimizer-recipe shell,13,2,99942400,E9-live-stat-syncfix-2026-07-12,scientific,12,20260710,matrixpolicy_live_stats_20260712,abalation/manifests/e9_100m_manifest.csv,132
133,E9_100m_c4_en_m0_99942400_seed5052_a6_rlb_matrixpolicy_muon_branch_suppressed,E9_100m,c4_en,allenai/c4,en,text,train,validation,0,M0,12,768,12,2048,256,16,2,32768,100000000,4000000,3050,50,10,5052,rlb_matrixpolicy_muon_branch_suppressed,rlb_fused_global_rational,rational_matrix_policy_onpolicy,0.0003,0.00003,0.10,--rational-matrix-policy-backbone-optimizer adamw --rational-matrix-policy-adam-lr-scale 3.0 --rational-matrix-policy-group-gain-strength 0.20 --rational-matrix-policy-group-pressure-strength 0.10 --rational-matrix-policy-group-activity-damping 0.20 --rational-matrix-policy-group-start 0.02 --rational-matrix-policy-group-end 0.30 --rational-matrix-policy-group-min-scale 0.75 --rational-matrix-policy-group-max-scale 1.35 --no-rational-matrix-policy-apply-muon-update,A6,MatrixPolicy with transient Muon branch suppressed at fixed schedule,13,3,99942400,E9-live-stat-syncfix-2026-07-12,scientific,12,20260710,matrixpolicy_live_stats_20260712,abalation/manifests/e9_100m_manifest.csv,133
134,E9_100m_c4_en_m0_99942400_seed5052_a7_rlb_matrixpolicy_no_role_depth_muon_branch_suppressed,E9_100m,c4_en,allenai/c4,en,text,train,validation,0,M0,12,768,12,2048,256,16,2,32768,100000000,4000000,3050,50,10,5052,rlb_matrixpolicy_no_role_depth_muon_branch_suppressed,rlb_fused_global_rational,rational_matrix_policy_onpolicy,0.0003,0.00003,0.10,--rational-matrix-policy-backbone-optimizer adamw --rational-matrix-policy-adam-lr-scale 3.0 --rational-matrix-policy-group-gain-strength 0.20 --rational-matrix-policy-group-pressure-strength 0.10 --rational-matrix-policy-group-activity-damping 0.20 --rational-matrix-policy-group-start 0.02 --rational-matrix-policy-group-end 0.30 --rational-matrix-policy-group-min-scale 0.75 --rational-matrix-policy-group-max-scale 1.35 --rational-matrix-policy-adam-role-strength 0.0 --rational-matrix-policy-adam-role-strength-final 0.0 --rational-matrix-policy-input-depth-gain 0.0 --rational-matrix-policy-output-depth-gain 0.0 --no-rational-matrix-policy-apply-muon-update,A7,MatrixPolicy without role/depth factors and with Muon branch suppressed,13,4,99942400,E9-live-stat-syncfix-2026-07-12,scientific,12,20260710,matrixpolicy_live_stats_20260712,abalation/manifests/e9_100m_manifest.csv,134
135,E9_100m_c4_en_m0_99942400_seed5052_a9_rlb_matrixpolicy_no_role_depth_muon_block,E9_100m,c4_en,allenai/c4,en,text,train,validation,0,M0,12,768,12,2048,256,16,2,32768,100000000,4000000,3050,50,10,5052,rlb_matrixpolicy_no_role_depth_muon_block,rlb_fused_global_rational,rational_matrix_policy_onpolicy,0.0003,0.00003,0.10,--rational-matrix-policy-backbone-optimizer adamw --rational-matrix-policy-adam-lr-scale 3.0 --rational-matrix-policy-group-gain-strength 0.20 --rational-matrix-policy-group-pressure-strength 0.10 --rational-matrix-policy-group-activity-damping 0.20 --rational-matrix-policy-group-start 0.02 --rational-matrix-policy-group-end 0.30 --rational-matrix-policy-group-min-scale 0.75 --rational-matrix-policy-group-max-scale 1.35 --rational-matrix-policy-adam-role-strength 0.0 --rational-matrix-policy-adam-role-strength-final 0.0 --rational-matrix-policy-input-depth-gain 0.0 --rational-matrix-policy-output-depth-gain 0.0 --rational-matrix-policy-muon-strength 0.0 --rational-matrix-policy-muon-lr-scale 0.0 --rational-matrix-policy-final-muon 0.0 --rational-matrix-policy-min-muon 0.0 --rational-matrix-policy-max-muon 0.0,A9,MatrixPolicy without role/depth-Muon action block,13,5,99942400,E9-live-stat-syncfix-2026-07-12,scientific,12,20260710,matrixpolicy_live_stats_20260712,abalation/manifests/e9_100m_manifest.csv,135
136,E9_100m_c4_en_m0_99942400_seed5052_a0_silu_adamw,E9_100m,c4_en,allenai/c4,en,text,train,validation,0,M0,12,768,12,2048,256,16,2,32768,100000000,4000000,3050,50,10,5052,silu_adamw,silu,adamw,0.0003,0.00003,0.10,,A0,SiLU + AdamW,13,6,99942400,E9-live-stat-syncfix-2026-07-12,scientific,12,20260710,matrixpolicy_live_stats_20260712,abalation/manifests/e9_100m_manifest.csv,136
137,E9_100m_c4_en_m0_99942400_seed5052_a5_rlb_matrixpolicy_no_role_depth,E9_100m,c4_en,allenai/c4,en,text,train,validation,0,M0,12,768,12,2048,256,16,2,32768,100000000,4000000,3050,50,10,5052,rlb_matrixpolicy_no_role_depth,rlb_fused_global_rational,rational_matrix_policy_onpolicy,0.0003,0.00003,0.10,--rational-matrix-policy-backbone-optimizer adamw --rational-matrix-policy-adam-lr-scale 3.0 --rational-matrix-policy-group-gain-strength 0.20 --rational-matrix-policy-group-pressure-strength 0.10 --rational-matrix-policy-group-activity-damping 0.20 --rational-matrix-policy-group-start 0.02 --rational-matrix-policy-group-end 0.30 --rational-matrix-policy-group-min-scale 0.75 --rational-matrix-policy-group-max-scale 1.35 --rational-matrix-policy-adam-role-strength 0.0 --rational-matrix-policy-adam-role-strength-final 0.0 --rational-matrix-policy-input-depth-gain 0.0 --rational-matrix-policy-output-depth-gain 0.0,A5,MatrixPolicy without role/depth factors,13,7,99942400,E9-live-stat-syncfix-2026-07-12,scientific,12,20260710,matrixpolicy_live_stats_20260712,abalation/manifests/e9_100m_manifest.csv,137
138,E9_100m_c4_en_m0_99942400_seed5052_a1_rlb_adamw,E9_100m,c4_en,allenai/c4,en,text,train,validation,0,M0,12,768,12,2048,256,16,2,32768,100000000,4000000,3050,50,10,5052,rlb_adamw,rlb_fused_global_rational,adamw,0.0003,0.00003,0.10,,A1,RLB + AdamW,13,8,99942400,E9-live-stat-syncfix-2026-07-12,scientific,12,20260710,matrixpolicy_live_stats_20260712,abalation/manifests/e9_100m_manifest.csv,138
139,E9_100m_c4_en_m0_99942400_seed5052_a3_rlb_matrixpolicy_full,E9_100m,c4_en,allenai/c4,en,text,train,validation,0,M0,12,768,12,2048,256,16,2,32768,100000000,4000000,3050,50,10,5052,rlb_matrixpolicy_full,rlb_fused_global_rational,rational_matrix_policy_onpolicy,0.0003,0.00003,0.10,--rational-matrix-policy-backbone-optimizer adamw --rational-matrix-policy-adam-lr-scale 3.0 --rational-matrix-policy-group-gain-strength 0.20 --rational-matrix-policy-group-pressure-strength 0.10 --rational-matrix-policy-group-activity-damping 0.20 --rational-matrix-policy-group-start 0.02 --rational-matrix-policy-group-end 0.30 --rational-matrix-policy-group-min-scale 0.75 --rational-matrix-policy-group-max-scale 1.35,A3,RLB + MatrixPolicy,13,9,99942400,E9-live-stat-syncfix-2026-07-12,scientific,12,20260710,matrixpolicy_live_stats_20260712,abalation/manifests/e9_100m_manifest.csv,139
140,E9_100m_c4_en_m0_99942400_seed8913_a2_rlb_matrixpolicy_static_shell,E9_100m,c4_en,allenai/c4,en,text,train,validation,0,M0,12,768,12,2048,256,16,2,32768,100000000,4000000,3050,50,10,8913,rlb_matrixpolicy_static_shell,rlb_fused_global_rational,rational_matrix_policy_onpolicy,0.0003,0.00003,0.10,--rational-matrix-policy-backbone-optimizer adamw --rational-matrix-policy-adam-lr-scale 3.0 --rational-matrix-policy-group-gain-strength 0.20 --rational-matrix-policy-group-pressure-strength 0.10 --rational-matrix-policy-group-activity-damping 0.20 --rational-matrix-policy-group-start 0.02 --rational-matrix-policy-group-end 0.30 --rational-matrix-policy-group-min-scale 0.75 --rational-matrix-policy-group-max-scale 1.35 --rational-matrix-policy-group-gain-strength 0.0 --rational-matrix-policy-group-pressure-strength 0.0 --rational-matrix-policy-group-activity-damping 0.0 --rational-matrix-policy-adam-role-strength 0.0 --rational-matrix-policy-adam-role-strength-final 0.0 --rational-matrix-policy-input-depth-gain 0.0 --rational-matrix-policy-output-depth-gain 0.0 --rational-matrix-policy-muon-strength 0.0 --rational-matrix-policy-muon-lr-scale 0.0 --rational-matrix-policy-final-muon 0.0 --rational-matrix-policy-min-muon 0.0 --rational-matrix-policy-max-muon 0.0 --rlb-gauge-strength 0.0,A2,RLB + static MatrixPolicy optimizer-recipe shell,14,0,99942400,E9-live-stat-syncfix-2026-07-12,scientific,12,20260710,matrixpolicy_live_stats_20260712,abalation/manifests/e9_100m_manifest.csv,140
141,E9_100m_c4_en_m0_99942400_seed8913_a6_rlb_matrixpolicy_muon_branch_suppressed,E9_100m,c4_en,allenai/c4,en,text,train,validation,0,M0,12,768,12,2048,256,16,2,32768,100000000,4000000,3050,50,10,8913,rlb_matrixpolicy_muon_branch_suppressed,rlb_fused_global_rational,rational_matrix_policy_onpolicy,0.0003,0.00003,0.10,--rational-matrix-policy-backbone-optimizer adamw --rational-matrix-policy-adam-lr-scale 3.0 --rational-matrix-policy-group-gain-strength 0.20 --rational-matrix-policy-group-pressure-strength 0.10 --rational-matrix-policy-group-activity-damping 0.20 --rational-matrix-policy-group-start 0.02 --rational-matrix-policy-group-end 0.30 --rational-matrix-policy-group-min-scale 0.75 --rational-matrix-policy-group-max-scale 1.35 --no-rational-matrix-policy-apply-muon-update,A6,MatrixPolicy with transient Muon branch suppressed at fixed schedule,14,1,99942400,E9-live-stat-syncfix-2026-07-12,scientific,12,20260710,matrixpolicy_live_stats_20260712,abalation/manifests/e9_100m_manifest.csv,141
142,E9_100m_c4_en_m0_99942400_seed8913_a7_rlb_matrixpolicy_no_role_depth_muon_branch_suppressed,E9_100m,c4_en,allenai/c4,en,text,train,validation,0,M0,12,768,12,2048,256,16,2,32768,100000000,4000000,3050,50,10,8913,rlb_matrixpolicy_no_role_depth_muon_branch_suppressed,rlb_fused_global_rational,rational_matrix_policy_onpolicy,0.0003,0.00003,0.10,--rational-matrix-policy-backbone-optimizer adamw --rational-matrix-policy-adam-lr-scale 3.0 --rational-matrix-policy-group-gain-strength 0.20 --rational-matrix-policy-group-pressure-strength 0.10 --rational-matrix-policy-group-activity-damping 0.20 --rational-matrix-policy-group-start 0.02 --rational-matrix-policy-group-end 0.30 --rational-matrix-policy-group-min-scale 0.75 --rational-matrix-policy-group-max-scale 1.35 --rational-matrix-policy-adam-role-strength 0.0 --rational-matrix-policy-adam-role-strength-final 0.0 --rational-matrix-policy-input-depth-gain 0.0 --rational-matrix-policy-output-depth-gain 0.0 --no-rational-matrix-policy-apply-muon-update,A7,MatrixPolicy without role/depth factors and with Muon branch suppressed,14,2,99942400,E9-live-stat-syncfix-2026-07-12,scientific,12,20260710,matrixpolicy_live_stats_20260712,abalation/manifests/e9_100m_manifest.csv,142
143,E9_100m_c4_en_m0_99942400_seed8913_a9_rlb_matrixpolicy_no_role_depth_muon_block,E9_100m,c4_en,allenai/c4,en,text,train,validation,0,M0,12,768,12,2048,256,16,2,32768,100000000,4000000,3050,50,10,8913,rlb_matrixpolicy_no_role_depth_muon_block,rlb_fused_global_rational,rational_matrix_policy_onpolicy,0.0003,0.00003,0.10,--rational-matrix-policy-backbone-optimizer adamw --rational-matrix-policy-adam-lr-scale 3.0 --rational-matrix-policy-group-gain-strength 0.20 --rational-matrix-policy-group-pressure-strength 0.10 --rational-matrix-policy-group-activity-damping 0.20 --rational-matrix-policy-group-start 0.02 --rational-matrix-policy-group-end 0.30 --rational-matrix-policy-group-min-scale 0.75 --rational-matrix-policy-group-max-scale 1.35 --rational-matrix-policy-adam-role-strength 0.0 --rational-matrix-policy-adam-role-strength-final 0.0 --rational-matrix-policy-input-depth-gain 0.0 --rational-matrix-policy-output-depth-gain 0.0 --rational-matrix-policy-muon-strength 0.0 --rational-matrix-policy-muon-lr-scale 0.0 --rational-matrix-policy-final-muon 0.0 --rational-matrix-policy-min-muon 0.0 --rational-matrix-policy-max-muon 0.0,A9,MatrixPolicy without role/depth-Muon action block,14,3,99942400,E9-live-stat-syncfix-2026-07-12,scientific,12,20260710,matrixpolicy_live_stats_20260712,abalation/manifests/e9_100m_manifest.csv,143
144,E9_100m_c4_en_m0_99942400_seed8913_a0_silu_adamw,E9_100m,c4_en,allenai/c4,en,text,train,validation,0,M0,12,768,12,2048,256,16,2,32768,100000000,4000000,3050,50,10,8913,silu_adamw,silu,adamw,0.0003,0.00003,0.10,,A0,SiLU + AdamW,14,4,99942400,E9-live-stat-syncfix-2026-07-12,scientific,12,20260710,matrixpolicy_live_stats_20260712,abalation/manifests/e9_100m_manifest.csv,144
145,E9_100m_c4_en_m0_99942400_seed8913_a5_rlb_matrixpolicy_no_role_depth,E9_100m,c4_en,allenai/c4,en,text,train,validation,0,M0,12,768,12,2048,256,16,2,32768,100000000,4000000,3050,50,10,8913,rlb_matrixpolicy_no_role_depth,rlb_fused_global_rational,rational_matrix_policy_onpolicy,0.0003,0.00003,0.10,--rational-matrix-policy-backbone-optimizer adamw --rational-matrix-policy-adam-lr-scale 3.0 --rational-matrix-policy-group-gain-strength 0.20 --rational-matrix-policy-group-pressure-strength 0.10 --rational-matrix-policy-group-activity-damping 0.20 --rational-matrix-policy-group-start 0.02 --rational-matrix-policy-group-end 0.30 --rational-matrix-policy-group-min-scale 0.75 --rational-matrix-policy-group-max-scale 1.35 --rational-matrix-policy-adam-role-strength 0.0 --rational-matrix-policy-adam-role-strength-final 0.0 --rational-matrix-policy-input-depth-gain 0.0 --rational-matrix-policy-output-depth-gain 0.0,A5,MatrixPolicy without role/depth factors,14,5,99942400,E9-live-stat-syncfix-2026-07-12,scientific,12,20260710,matrixpolicy_live_stats_20260712,abalation/manifests/e9_100m_manifest.csv,145
146,E9_100m_c4_en_m0_99942400_seed8913_a1_rlb_adamw,E9_100m,c4_en,allenai/c4,en,text,train,validation,0,M0,12,768,12,2048,256,16,2,32768,100000000,4000000,3050,50,10,8913,rlb_adamw,rlb_fused_global_rational,adamw,0.0003,0.00003,0.10,,A1,RLB + AdamW,14,6,99942400,E9-live-stat-syncfix-2026-07-12,scientific,12,20260710,matrixpolicy_live_stats_20260712,abalation/manifests/e9_100m_manifest.csv,146
147,E9_100m_c4_en_m0_99942400_seed8913_a3_rlb_matrixpolicy_full,E9_100m,c4_en,allenai/c4,en,text,train,validation,0,M0,12,768,12,2048,256,16,2,32768,100000000,4000000,3050,50,10,8913,rlb_matrixpolicy_full,rlb_fused_global_rational,rational_matrix_policy_onpolicy,0.0003,0.00003,0.10,--rational-matrix-policy-backbone-optimizer adamw --rational-matrix-policy-adam-lr-scale 3.0 --rational-matrix-policy-group-gain-strength 0.20 --rational-matrix-policy-group-pressure-strength 0.10 --rational-matrix-policy-group-activity-damping 0.20 --rational-matrix-policy-group-start 0.02 --rational-matrix-policy-group-end 0.30 --rational-matrix-policy-group-min-scale 0.75 --rational-matrix-policy-group-max-scale 1.35,A3,RLB + MatrixPolicy,14,7,99942400,E9-live-stat-syncfix-2026-07-12,scientific,12,20260710,matrixpolicy_live_stats_20260712,abalation/manifests/e9_100m_manifest.csv,147
148,E9_100m_c4_en_m0_99942400_seed8913_a4_rlb_matrixpolicy_no_group_gate,E9_100m,c4_en,allenai/c4,en,text,train,validation,0,M0,12,768,12,2048,256,16,2,32768,100000000,4000000,3050,50,10,8913,rlb_matrixpolicy_no_group_gate,rlb_fused_global_rational,rational_matrix_policy_onpolicy,0.0003,0.00003,0.10,--rational-matrix-policy-backbone-optimizer adamw --rational-matrix-policy-adam-lr-scale 3.0 --rational-matrix-policy-group-gain-strength 0.20 --rational-matrix-policy-group-pressure-strength 0.10 --rational-matrix-policy-group-activity-damping 0.20 --rational-matrix-policy-group-start 0.02 --rational-matrix-policy-group-end 0.30 --rational-matrix-policy-group-min-scale 0.75 --rational-matrix-policy-group-max-scale 1.35 --rational-matrix-policy-group-gain-strength 0.0 --rational-matrix-policy-group-pressure-strength 0.0 --rational-matrix-policy-group-activity-damping 0.0,A4,MatrixPolicy without group-stat gradient gating,14,8,99942400,E9-live-stat-syncfix-2026-07-12,scientific,12,20260710,matrixpolicy_live_stats_20260712,abalation/manifests/e9_100m_manifest.csv,148
149,E9_100m_c4_en_m0_99942400_seed8913_a8_rlb_matrixpolicy_no_pair_rescale,E9_100m,c4_en,allenai/c4,en,text,train,validation,0,M0,12,768,12,2048,256,16,2,32768,100000000,4000000,3050,50,10,8913,rlb_matrixpolicy_no_pair_rescale,rlb_fused_global_rational,rational_matrix_policy_onpolicy,0.0003,0.00003,0.10,--rational-matrix-policy-backbone-optimizer adamw --rational-matrix-policy-adam-lr-scale 3.0 --rational-matrix-policy-group-gain-strength 0.20 --rational-matrix-policy-group-pressure-strength 0.10 --rational-matrix-policy-group-activity-damping 0.20 --rational-matrix-policy-group-start 0.02 --rational-matrix-policy-group-end 0.30 --rational-matrix-policy-group-min-scale 0.75 --rational-matrix-policy-group-max-scale 1.35 --rlb-gauge-strength 0.0,A8,MatrixPolicy without reciprocal pair rescaling,14,9,99942400,E9-live-stat-syncfix-2026-07-12,scientific,12,20260710,matrixpolicy_live_stats_20260712,abalation/manifests/e9_100m_manifest.csv,149
