row_index,row_id,phase,dataset,dataset_name,dataset_config,dataset_revision,dataset_streaming,text_column,train_split,val_split,train_skip_documents,validation_skip_documents,train_skip_tokens,val_skip_tokens,cache_dir,model,layers,d_model,heads,ffn_dim,seq_len,batch_size,grad_accum,global_tokens_per_step,train_tokens,val_tokens,steps,eval_interval,eval_batches,log_interval,seed,method,activation,optimizer,lr,min_lr,weight_decay,warmup_steps,beta1,beta2,eps,grad_clip,muon_momentum,muon_ns_steps,muon_adjust_lr_fn,init_std,rational_init,post_rational_init,rational_group_size,rational_max_groups,probe_batch_size,matrix_spectrum_interval,telemetry_rlb_stat_every,sam_rho,sam_adaptive,tokenizer,tokenizer_revision,extra_args
0,12l_768d_preflight_2621440_tokens_80_steps_dclm_seed1337_silu_adamw,12l_768d_preflight_2621440_tokens_80_steps,dclm,mlfoundations/dclm-baseline-1.0,none,a3b142c183aebe5af344955ae20836eb34dcf69b,true,text,train,train,0,0,0,210000000,experiments/cache/tokens_iclr26_main/dclm,12l_768d,12,768,12,2048,256,16,2,32768,2621440,200000,80,40,2,10,1337,silu_adamw,silu,adamw,0.0003,0.00003,0.10,200,0.90,0.95,0.00000001,1.0,0.95,5,match_rms_adamw,0.02,silu,identity,256,32,1,250,4,0.0,false,gpt2,607a30d783dfa663caf39e06633721c8d4cfcd7e,
1,12l_768d_preflight_2621440_tokens_80_steps_dclm_seed1337_rlb_adamw,12l_768d_preflight_2621440_tokens_80_steps,dclm,mlfoundations/dclm-baseline-1.0,none,a3b142c183aebe5af344955ae20836eb34dcf69b,true,text,train,train,0,0,0,210000000,experiments/cache/tokens_iclr26_main/dclm,12l_768d,12,768,12,2048,256,16,2,32768,2621440,200000,80,40,2,10,1337,rlb_adamw,rlb_fused_global_rational,adamw,0.0003,0.00003,0.10,200,0.90,0.95,0.00000001,1.0,0.95,5,match_rms_adamw,0.02,silu,identity,256,32,1,250,4,0.0,false,gpt2,607a30d783dfa663caf39e06633721c8d4cfcd7e,
2,12l_768d_preflight_2621440_tokens_80_steps_fineweb_edu_seed1337_silu_adamw,12l_768d_preflight_2621440_tokens_80_steps,fineweb_edu,HuggingFaceFW/fineweb-edu,sample-10BT,87f09149ef4734204d70ed1d046ddc9ca3f2b8f9,true,text,train,train,0,0,0,210000000,experiments/cache/tokens_iclr26_main/fineweb_edu,12l_768d,12,768,12,2048,256,16,2,32768,2621440,200000,80,40,2,10,1337,silu_adamw,silu,adamw,0.0003,0.00003,0.10,200,0.90,0.95,0.00000001,1.0,0.95,5,match_rms_adamw,0.02,silu,identity,256,32,1,250,4,0.0,false,gpt2,607a30d783dfa663caf39e06633721c8d4cfcd7e,
3,12l_768d_preflight_2621440_tokens_80_steps_fineweb_edu_seed1337_rlb_adamw,12l_768d_preflight_2621440_tokens_80_steps,fineweb_edu,HuggingFaceFW/fineweb-edu,sample-10BT,87f09149ef4734204d70ed1d046ddc9ca3f2b8f9,true,text,train,train,0,0,0,210000000,experiments/cache/tokens_iclr26_main/fineweb_edu,12l_768d,12,768,12,2048,256,16,2,32768,2621440,200000,80,40,2,10,1337,rlb_adamw,rlb_fused_global_rational,adamw,0.0003,0.00003,0.10,200,0.90,0.95,0.00000001,1.0,0.95,5,match_rms_adamw,0.02,silu,identity,256,32,1,250,4,0.0,false,gpt2,607a30d783dfa663caf39e06633721c8d4cfcd7e,
4,12l_768d_preflight_2621440_tokens_80_steps_fineweb_seed1337_silu_adamw,12l_768d_preflight_2621440_tokens_80_steps,fineweb,HuggingFaceFW/fineweb,sample-10BT,9bb295ddab0e05d785b879661af7260fed5140fc,true,text,train,train,0,0,0,210000000,experiments/cache/tokens_iclr26_main/fineweb,12l_768d,12,768,12,2048,256,16,2,32768,2621440,200000,80,40,2,10,1337,silu_adamw,silu,adamw,0.0003,0.00003,0.10,200,0.90,0.95,0.00000001,1.0,0.95,5,match_rms_adamw,0.02,silu,identity,256,32,1,250,4,0.0,false,gpt2,607a30d783dfa663caf39e06633721c8d4cfcd7e,
5,12l_768d_preflight_2621440_tokens_80_steps_fineweb_seed1337_rlb_adamw,12l_768d_preflight_2621440_tokens_80_steps,fineweb,HuggingFaceFW/fineweb,sample-10BT,9bb295ddab0e05d785b879661af7260fed5140fc,true,text,train,train,0,0,0,210000000,experiments/cache/tokens_iclr26_main/fineweb,12l_768d,12,768,12,2048,256,16,2,32768,2621440,200000,80,40,2,10,1337,rlb_adamw,rlb_fused_global_rational,adamw,0.0003,0.00003,0.10,200,0.90,0.95,0.00000001,1.0,0.95,5,match_rms_adamw,0.02,silu,identity,256,32,1,250,4,0.0,false,gpt2,607a30d783dfa663caf39e06633721c8d4cfcd7e,
6,12l_768d_preflight_2621440_tokens_80_steps_dolma_sample_seed1337_silu_adamw,12l_768d_preflight_2621440_tokens_80_steps,dolma_sample,allenai/dolma,v1_6-sample,7f48140530a023e9ea4c5cfb141160922727d4d3,true,text,train,train,0,0,0,210000000,experiments/cache/tokens_iclr26_main/dolma_sample,12l_768d,12,768,12,2048,256,16,2,32768,2621440,200000,80,40,2,10,1337,silu_adamw,silu,adamw,0.0003,0.00003,0.10,200,0.90,0.95,0.00000001,1.0,0.95,5,match_rms_adamw,0.02,silu,identity,256,32,1,250,4,0.0,false,gpt2,607a30d783dfa663caf39e06633721c8d4cfcd7e,
7,12l_768d_preflight_2621440_tokens_80_steps_dolma_sample_seed1337_rlb_adamw,12l_768d_preflight_2621440_tokens_80_steps,dolma_sample,allenai/dolma,v1_6-sample,7f48140530a023e9ea4c5cfb141160922727d4d3,true,text,train,train,0,0,0,210000000,experiments/cache/tokens_iclr26_main/dolma_sample,12l_768d,12,768,12,2048,256,16,2,32768,2621440,200000,80,40,2,10,1337,rlb_adamw,rlb_fused_global_rational,adamw,0.0003,0.00003,0.10,200,0.90,0.95,0.00000001,1.0,0.95,5,match_rms_adamw,0.02,silu,identity,256,32,1,250,4,0.0,false,gpt2,607a30d783dfa663caf39e06633721c8d4cfcd7e,
8,12l_768d_preflight_2621440_tokens_80_steps_c4_en_seed1337_silu_adamw,12l_768d_preflight_2621440_tokens_80_steps,c4_en,allenai/c4,en,1588ec454efa1a09f29cd18ddd04fe05fc8653a2,true,text,train,validation,0,0,0,0,experiments/cache/tokens_iclr26_main/c4_en,12l_768d,12,768,12,2048,256,16,2,32768,2621440,200000,80,40,2,10,1337,silu_adamw,silu,adamw,0.0003,0.00003,0.10,200,0.90,0.95,0.00000001,1.0,0.95,5,match_rms_adamw,0.02,silu,identity,256,32,1,250,4,0.0,false,gpt2,607a30d783dfa663caf39e06633721c8d4cfcd7e,
9,12l_768d_preflight_2621440_tokens_80_steps_c4_en_seed1337_rlb_adamw,12l_768d_preflight_2621440_tokens_80_steps,c4_en,allenai/c4,en,1588ec454efa1a09f29cd18ddd04fe05fc8653a2,true,text,train,validation,0,0,0,0,experiments/cache/tokens_iclr26_main/c4_en,12l_768d,12,768,12,2048,256,16,2,32768,2621440,200000,80,40,2,10,1337,rlb_adamw,rlb_fused_global_rational,adamw,0.0003,0.00003,0.10,200,0.90,0.95,0.00000001,1.0,0.95,5,match_rms_adamw,0.02,silu,identity,256,32,1,250,4,0.0,false,gpt2,607a30d783dfa663caf39e06633721c8d4cfcd7e,
10,12l_768d_100m_tokens_3050_steps_dclm_seed1337_silu_adamw,12l_768d_100m_tokens_3050_steps,dclm,mlfoundations/dclm-baseline-1.0,none,a3b142c183aebe5af344955ae20836eb34dcf69b,true,text,train,train,0,0,0,210000000,experiments/cache/tokens_iclr26_main/dclm,12l_768d,12,768,12,2048,256,16,2,32768,100000000,4000000,3050,50,10,10,1337,silu_adamw,silu,adamw,0.0003,0.00003,0.10,200,0.90,0.95,0.00000001,1.0,0.95,5,match_rms_adamw,0.02,silu,identity,256,32,1,250,4,0.0,false,gpt2,607a30d783dfa663caf39e06633721c8d4cfcd7e,
11,12l_768d_100m_tokens_3050_steps_dclm_seed1337_rlb_adamw,12l_768d_100m_tokens_3050_steps,dclm,mlfoundations/dclm-baseline-1.0,none,a3b142c183aebe5af344955ae20836eb34dcf69b,true,text,train,train,0,0,0,210000000,experiments/cache/tokens_iclr26_main/dclm,12l_768d,12,768,12,2048,256,16,2,32768,100000000,4000000,3050,50,10,10,1337,rlb_adamw,rlb_fused_global_rational,adamw,0.0003,0.00003,0.10,200,0.90,0.95,0.00000001,1.0,0.95,5,match_rms_adamw,0.02,silu,identity,256,32,1,250,4,0.0,false,gpt2,607a30d783dfa663caf39e06633721c8d4cfcd7e,
12,12l_768d_100m_tokens_3050_steps_dclm_seed1337_silu_muon,12l_768d_100m_tokens_3050_steps,dclm,mlfoundations/dclm-baseline-1.0,none,a3b142c183aebe5af344955ae20836eb34dcf69b,true,text,train,train,0,0,0,210000000,experiments/cache/tokens_iclr26_main/dclm,12l_768d,12,768,12,2048,256,16,2,32768,100000000,4000000,3050,50,10,10,1337,silu_muon,silu,muon,0.0003,0.00003,0.10,200,0.90,0.95,0.00000001,1.0,0.95,5,match_rms_adamw,0.02,silu,identity,256,32,1,250,4,0.0,false,gpt2,607a30d783dfa663caf39e06633721c8d4cfcd7e,--muon-momentum 0.95 --muon-ns-steps 5 --muon-adjust-lr-fn match_rms_adamw
13,12l_768d_100m_tokens_3050_steps_dclm_seed1337_rlb_muon,12l_768d_100m_tokens_3050_steps,dclm,mlfoundations/dclm-baseline-1.0,none,a3b142c183aebe5af344955ae20836eb34dcf69b,true,text,train,train,0,0,0,210000000,experiments/cache/tokens_iclr26_main/dclm,12l_768d,12,768,12,2048,256,16,2,32768,100000000,4000000,3050,50,10,10,1337,rlb_muon,rlb_fused_global_rational,muon,0.0003,0.00003,0.10,200,0.90,0.95,0.00000001,1.0,0.95,5,match_rms_adamw,0.02,silu,identity,256,32,1,250,4,0.0,false,gpt2,607a30d783dfa663caf39e06633721c8d4cfcd7e,--muon-momentum 0.95 --muon-ns-steps 5 --muon-adjust-lr-fn match_rms_adamw
14,12l_768d_100m_tokens_3050_steps_dclm_seed1337_silu_lion,12l_768d_100m_tokens_3050_steps,dclm,mlfoundations/dclm-baseline-1.0,none,a3b142c183aebe5af344955ae20836eb34dcf69b,true,text,train,train,0,0,0,210000000,experiments/cache/tokens_iclr26_main/dclm,12l_768d,12,768,12,2048,256,16,2,32768,100000000,4000000,3050,50,10,10,1337,silu_lion,silu,lion,0.0001,0.00001,0.10,200,0.90,0.95,0.00000001,1.0,0.95,5,match_rms_adamw,0.02,silu,identity,256,32,1,250,4,0.0,false,gpt2,607a30d783dfa663caf39e06633721c8d4cfcd7e,
15,12l_768d_100m_tokens_3050_steps_dclm_seed1337_rlb_lion,12l_768d_100m_tokens_3050_steps,dclm,mlfoundations/dclm-baseline-1.0,none,a3b142c183aebe5af344955ae20836eb34dcf69b,true,text,train,train,0,0,0,210000000,experiments/cache/tokens_iclr26_main/dclm,12l_768d,12,768,12,2048,256,16,2,32768,100000000,4000000,3050,50,10,10,1337,rlb_lion,rlb_fused_global_rational,lion,0.0001,0.00001,0.10,200,0.90,0.95,0.00000001,1.0,0.95,5,match_rms_adamw,0.02,silu,identity,256,32,1,250,4,0.0,false,gpt2,607a30d783dfa663caf39e06633721c8d4cfcd7e,
16,12l_768d_100m_tokens_3050_steps_dclm_seed1337_silu_soap,12l_768d_100m_tokens_3050_steps,dclm,mlfoundations/dclm-baseline-1.0,none,a3b142c183aebe5af344955ae20836eb34dcf69b,true,text,train,train,0,0,0,210000000,experiments/cache/tokens_iclr26_main/dclm,12l_768d,12,768,12,2048,256,16,2,32768,100000000,4000000,3050,50,10,10,1337,silu_soap,silu,soap_adamw,0.0003,0.00003,0.10,200,0.90,0.95,0.00000001,1.0,0.95,5,match_rms_adamw,0.02,silu,identity,256,32,1,250,4,0.0,false,gpt2,607a30d783dfa663caf39e06633721c8d4cfcd7e,--soap-precondition-frequency 50 --no-soap-one-sided
17,12l_768d_100m_tokens_3050_steps_dclm_seed1337_rlb_soap,12l_768d_100m_tokens_3050_steps,dclm,mlfoundations/dclm-baseline-1.0,none,a3b142c183aebe5af344955ae20836eb34dcf69b,true,text,train,train,0,0,0,210000000,experiments/cache/tokens_iclr26_main/dclm,12l_768d,12,768,12,2048,256,16,2,32768,100000000,4000000,3050,50,10,10,1337,rlb_soap,rlb_fused_global_rational,soap_adamw,0.0003,0.00003,0.10,200,0.90,0.95,0.00000001,1.0,0.95,5,match_rms_adamw,0.02,silu,identity,256,32,1,250,4,0.0,false,gpt2,607a30d783dfa663caf39e06633721c8d4cfcd7e,--soap-precondition-frequency 50 --no-soap-one-sided
18,12l_768d_100m_tokens_3050_steps_dclm_seed1337_silu_ademamix,12l_768d_100m_tokens_3050_steps,dclm,mlfoundations/dclm-baseline-1.0,none,a3b142c183aebe5af344955ae20836eb34dcf69b,true,text,train,train,0,0,0,210000000,experiments/cache/tokens_iclr26_main/dclm,12l_768d,12,768,12,2048,256,16,2,32768,100000000,4000000,3050,50,10,10,1337,silu_ademamix,silu,ademamix,0.0003,0.00003,0.10,200,0.90,0.95,0.00000001,1.0,0.95,5,match_rms_adamw,0.02,silu,identity,256,32,1,250,4,0.0,false,gpt2,607a30d783dfa663caf39e06633721c8d4cfcd7e,--ademamix-alpha 5.0 --ademamix-beta3 0.9999
19,12l_768d_100m_tokens_3050_steps_dclm_seed1337_rlb_ademamix,12l_768d_100m_tokens_3050_steps,dclm,mlfoundations/dclm-baseline-1.0,none,a3b142c183aebe5af344955ae20836eb34dcf69b,true,text,train,train,0,0,0,210000000,experiments/cache/tokens_iclr26_main/dclm,12l_768d,12,768,12,2048,256,16,2,32768,100000000,4000000,3050,50,10,10,1337,rlb_ademamix,rlb_fused_global_rational,ademamix,0.0003,0.00003,0.10,200,0.90,0.95,0.00000001,1.0,0.95,5,match_rms_adamw,0.02,silu,identity,256,32,1,250,4,0.0,false,gpt2,607a30d783dfa663caf39e06633721c8d4cfcd7e,--ademamix-alpha 5.0 --ademamix-beta3 0.9999
20,12l_768d_100m_tokens_3050_steps_dclm_seed1337_silu_came,12l_768d_100m_tokens_3050_steps,dclm,mlfoundations/dclm-baseline-1.0,none,a3b142c183aebe5af344955ae20836eb34dcf69b,true,text,train,train,0,0,0,210000000,experiments/cache/tokens_iclr26_main/dclm,12l_768d,12,768,12,2048,256,16,2,32768,100000000,4000000,3050,50,10,10,1337,silu_came,silu,adafactor_came,0.0003,0.00003,0.10,200,0.90,0.95,0.00000001,1.0,0.95,5,match_rms_adamw,0.02,silu,identity,256,32,1,250,4,0.0,false,gpt2,607a30d783dfa663caf39e06633721c8d4cfcd7e,--came-confidence-scale 1.0
21,12l_768d_100m_tokens_3050_steps_dclm_seed1337_rlb_came,12l_768d_100m_tokens_3050_steps,dclm,mlfoundations/dclm-baseline-1.0,none,a3b142c183aebe5af344955ae20836eb34dcf69b,true,text,train,train,0,0,0,210000000,experiments/cache/tokens_iclr26_main/dclm,12l_768d,12,768,12,2048,256,16,2,32768,100000000,4000000,3050,50,10,10,1337,rlb_came,rlb_fused_global_rational,adafactor_came,0.0003,0.00003,0.10,200,0.90,0.95,0.00000001,1.0,0.95,5,match_rms_adamw,0.02,silu,identity,256,32,1,250,4,0.0,false,gpt2,607a30d783dfa663caf39e06633721c8d4cfcd7e,--came-confidence-scale 1.0
22,12l_768d_100m_tokens_3050_steps_dclm_seed1337_silu_schedulefree,12l_768d_100m_tokens_3050_steps,dclm,mlfoundations/dclm-baseline-1.0,none,a3b142c183aebe5af344955ae20836eb34dcf69b,true,text,train,train,0,0,0,210000000,experiments/cache/tokens_iclr26_main/dclm,12l_768d,12,768,12,2048,256,16,2,32768,100000000,4000000,3050,50,10,10,1337,silu_schedulefree,silu,schedule_free_adamw,0.0003,0.00003,0.10,200,0.90,0.95,0.00000001,1.0,0.95,5,match_rms_adamw,0.02,silu,identity,256,32,1,250,4,0.0,false,gpt2,607a30d783dfa663caf39e06633721c8d4cfcd7e,--schedule-free-beta1 0.90 --schedule-free-warmup-steps 0
23,12l_768d_100m_tokens_3050_steps_dclm_seed1337_rlb_schedulefree,12l_768d_100m_tokens_3050_steps,dclm,mlfoundations/dclm-baseline-1.0,none,a3b142c183aebe5af344955ae20836eb34dcf69b,true,text,train,train,0,0,0,210000000,experiments/cache/tokens_iclr26_main/dclm,12l_768d,12,768,12,2048,256,16,2,32768,100000000,4000000,3050,50,10,10,1337,rlb_schedulefree,rlb_fused_global_rational,schedule_free_adamw,0.0003,0.00003,0.10,200,0.90,0.95,0.00000001,1.0,0.95,5,match_rms_adamw,0.02,silu,identity,256,32,1,250,4,0.0,false,gpt2,607a30d783dfa663caf39e06633721c8d4cfcd7e,--schedule-free-beta1 0.90 --schedule-free-warmup-steps 0
24,12l_768d_100m_tokens_3050_steps_dclm_seed2027_silu_adamw,12l_768d_100m_tokens_3050_steps,dclm,mlfoundations/dclm-baseline-1.0,none,a3b142c183aebe5af344955ae20836eb34dcf69b,true,text,train,train,0,0,0,210000000,experiments/cache/tokens_iclr26_main/dclm,12l_768d,12,768,12,2048,256,16,2,32768,100000000,4000000,3050,50,10,10,2027,silu_adamw,silu,adamw,0.0003,0.00003,0.10,200,0.90,0.95,0.00000001,1.0,0.95,5,match_rms_adamw,0.02,silu,identity,256,32,1,250,4,0.0,false,gpt2,607a30d783dfa663caf39e06633721c8d4cfcd7e,
25,12l_768d_100m_tokens_3050_steps_dclm_seed2027_rlb_adamw,12l_768d_100m_tokens_3050_steps,dclm,mlfoundations/dclm-baseline-1.0,none,a3b142c183aebe5af344955ae20836eb34dcf69b,true,text,train,train,0,0,0,210000000,experiments/cache/tokens_iclr26_main/dclm,12l_768d,12,768,12,2048,256,16,2,32768,100000000,4000000,3050,50,10,10,2027,rlb_adamw,rlb_fused_global_rational,adamw,0.0003,0.00003,0.10,200,0.90,0.95,0.00000001,1.0,0.95,5,match_rms_adamw,0.02,silu,identity,256,32,1,250,4,0.0,false,gpt2,607a30d783dfa663caf39e06633721c8d4cfcd7e,
26,12l_768d_100m_tokens_3050_steps_dclm_seed2027_silu_muon,12l_768d_100m_tokens_3050_steps,dclm,mlfoundations/dclm-baseline-1.0,none,a3b142c183aebe5af344955ae20836eb34dcf69b,true,text,train,train,0,0,0,210000000,experiments/cache/tokens_iclr26_main/dclm,12l_768d,12,768,12,2048,256,16,2,32768,100000000,4000000,3050,50,10,10,2027,silu_muon,silu,muon,0.0003,0.00003,0.10,200,0.90,0.95,0.00000001,1.0,0.95,5,match_rms_adamw,0.02,silu,identity,256,32,1,250,4,0.0,false,gpt2,607a30d783dfa663caf39e06633721c8d4cfcd7e,--muon-momentum 0.95 --muon-ns-steps 5 --muon-adjust-lr-fn match_rms_adamw
27,12l_768d_100m_tokens_3050_steps_dclm_seed2027_rlb_muon,12l_768d_100m_tokens_3050_steps,dclm,mlfoundations/dclm-baseline-1.0,none,a3b142c183aebe5af344955ae20836eb34dcf69b,true,text,train,train,0,0,0,210000000,experiments/cache/tokens_iclr26_main/dclm,12l_768d,12,768,12,2048,256,16,2,32768,100000000,4000000,3050,50,10,10,2027,rlb_muon,rlb_fused_global_rational,muon,0.0003,0.00003,0.10,200,0.90,0.95,0.00000001,1.0,0.95,5,match_rms_adamw,0.02,silu,identity,256,32,1,250,4,0.0,false,gpt2,607a30d783dfa663caf39e06633721c8d4cfcd7e,--muon-momentum 0.95 --muon-ns-steps 5 --muon-adjust-lr-fn match_rms_adamw
28,12l_768d_100m_tokens_3050_steps_dclm_seed2027_silu_lion,12l_768d_100m_tokens_3050_steps,dclm,mlfoundations/dclm-baseline-1.0,none,a3b142c183aebe5af344955ae20836eb34dcf69b,true,text,train,train,0,0,0,210000000,experiments/cache/tokens_iclr26_main/dclm,12l_768d,12,768,12,2048,256,16,2,32768,100000000,4000000,3050,50,10,10,2027,silu_lion,silu,lion,0.0001,0.00001,0.10,200,0.90,0.95,0.00000001,1.0,0.95,5,match_rms_adamw,0.02,silu,identity,256,32,1,250,4,0.0,false,gpt2,607a30d783dfa663caf39e06633721c8d4cfcd7e,
29,12l_768d_100m_tokens_3050_steps_dclm_seed2027_rlb_lion,12l_768d_100m_tokens_3050_steps,dclm,mlfoundations/dclm-baseline-1.0,none,a3b142c183aebe5af344955ae20836eb34dcf69b,true,text,train,train,0,0,0,210000000,experiments/cache/tokens_iclr26_main/dclm,12l_768d,12,768,12,2048,256,16,2,32768,100000000,4000000,3050,50,10,10,2027,rlb_lion,rlb_fused_global_rational,lion,0.0001,0.00001,0.10,200,0.90,0.95,0.00000001,1.0,0.95,5,match_rms_adamw,0.02,silu,identity,256,32,1,250,4,0.0,false,gpt2,607a30d783dfa663caf39e06633721c8d4cfcd7e,
30,12l_768d_100m_tokens_3050_steps_dclm_seed2027_silu_soap,12l_768d_100m_tokens_3050_steps,dclm,mlfoundations/dclm-baseline-1.0,none,a3b142c183aebe5af344955ae20836eb34dcf69b,true,text,train,train,0,0,0,210000000,experiments/cache/tokens_iclr26_main/dclm,12l_768d,12,768,12,2048,256,16,2,32768,100000000,4000000,3050,50,10,10,2027,silu_soap,silu,soap_adamw,0.0003,0.00003,0.10,200,0.90,0.95,0.00000001,1.0,0.95,5,match_rms_adamw,0.02,silu,identity,256,32,1,250,4,0.0,false,gpt2,607a30d783dfa663caf39e06633721c8d4cfcd7e,--soap-precondition-frequency 50 --no-soap-one-sided
31,12l_768d_100m_tokens_3050_steps_dclm_seed2027_rlb_soap,12l_768d_100m_tokens_3050_steps,dclm,mlfoundations/dclm-baseline-1.0,none,a3b142c183aebe5af344955ae20836eb34dcf69b,true,text,train,train,0,0,0,210000000,experiments/cache/tokens_iclr26_main/dclm,12l_768d,12,768,12,2048,256,16,2,32768,100000000,4000000,3050,50,10,10,2027,rlb_soap,rlb_fused_global_rational,soap_adamw,0.0003,0.00003,0.10,200,0.90,0.95,0.00000001,1.0,0.95,5,match_rms_adamw,0.02,silu,identity,256,32,1,250,4,0.0,false,gpt2,607a30d783dfa663caf39e06633721c8d4cfcd7e,--soap-precondition-frequency 50 --no-soap-one-sided
32,12l_768d_100m_tokens_3050_steps_dclm_seed2027_silu_ademamix,12l_768d_100m_tokens_3050_steps,dclm,mlfoundations/dclm-baseline-1.0,none,a3b142c183aebe5af344955ae20836eb34dcf69b,true,text,train,train,0,0,0,210000000,experiments/cache/tokens_iclr26_main/dclm,12l_768d,12,768,12,2048,256,16,2,32768,100000000,4000000,3050,50,10,10,2027,silu_ademamix,silu,ademamix,0.0003,0.00003,0.10,200,0.90,0.95,0.00000001,1.0,0.95,5,match_rms_adamw,0.02,silu,identity,256,32,1,250,4,0.0,false,gpt2,607a30d783dfa663caf39e06633721c8d4cfcd7e,--ademamix-alpha 5.0 --ademamix-beta3 0.9999
33,12l_768d_100m_tokens_3050_steps_dclm_seed2027_rlb_ademamix,12l_768d_100m_tokens_3050_steps,dclm,mlfoundations/dclm-baseline-1.0,none,a3b142c183aebe5af344955ae20836eb34dcf69b,true,text,train,train,0,0,0,210000000,experiments/cache/tokens_iclr26_main/dclm,12l_768d,12,768,12,2048,256,16,2,32768,100000000,4000000,3050,50,10,10,2027,rlb_ademamix,rlb_fused_global_rational,ademamix,0.0003,0.00003,0.10,200,0.90,0.95,0.00000001,1.0,0.95,5,match_rms_adamw,0.02,silu,identity,256,32,1,250,4,0.0,false,gpt2,607a30d783dfa663caf39e06633721c8d4cfcd7e,--ademamix-alpha 5.0 --ademamix-beta3 0.9999
34,12l_768d_100m_tokens_3050_steps_dclm_seed2027_silu_came,12l_768d_100m_tokens_3050_steps,dclm,mlfoundations/dclm-baseline-1.0,none,a3b142c183aebe5af344955ae20836eb34dcf69b,true,text,train,train,0,0,0,210000000,experiments/cache/tokens_iclr26_main/dclm,12l_768d,12,768,12,2048,256,16,2,32768,100000000,4000000,3050,50,10,10,2027,silu_came,silu,adafactor_came,0.0003,0.00003,0.10,200,0.90,0.95,0.00000001,1.0,0.95,5,match_rms_adamw,0.02,silu,identity,256,32,1,250,4,0.0,false,gpt2,607a30d783dfa663caf39e06633721c8d4cfcd7e,--came-confidence-scale 1.0
35,12l_768d_100m_tokens_3050_steps_dclm_seed2027_rlb_came,12l_768d_100m_tokens_3050_steps,dclm,mlfoundations/dclm-baseline-1.0,none,a3b142c183aebe5af344955ae20836eb34dcf69b,true,text,train,train,0,0,0,210000000,experiments/cache/tokens_iclr26_main/dclm,12l_768d,12,768,12,2048,256,16,2,32768,100000000,4000000,3050,50,10,10,2027,rlb_came,rlb_fused_global_rational,adafactor_came,0.0003,0.00003,0.10,200,0.90,0.95,0.00000001,1.0,0.95,5,match_rms_adamw,0.02,silu,identity,256,32,1,250,4,0.0,false,gpt2,607a30d783dfa663caf39e06633721c8d4cfcd7e,--came-confidence-scale 1.0
36,12l_768d_100m_tokens_3050_steps_dclm_seed2027_silu_schedulefree,12l_768d_100m_tokens_3050_steps,dclm,mlfoundations/dclm-baseline-1.0,none,a3b142c183aebe5af344955ae20836eb34dcf69b,true,text,train,train,0,0,0,210000000,experiments/cache/tokens_iclr26_main/dclm,12l_768d,12,768,12,2048,256,16,2,32768,100000000,4000000,3050,50,10,10,2027,silu_schedulefree,silu,schedule_free_adamw,0.0003,0.00003,0.10,200,0.90,0.95,0.00000001,1.0,0.95,5,match_rms_adamw,0.02,silu,identity,256,32,1,250,4,0.0,false,gpt2,607a30d783dfa663caf39e06633721c8d4cfcd7e,--schedule-free-beta1 0.90 --schedule-free-warmup-steps 0
37,12l_768d_100m_tokens_3050_steps_dclm_seed2027_rlb_schedulefree,12l_768d_100m_tokens_3050_steps,dclm,mlfoundations/dclm-baseline-1.0,none,a3b142c183aebe5af344955ae20836eb34dcf69b,true,text,train,train,0,0,0,210000000,experiments/cache/tokens_iclr26_main/dclm,12l_768d,12,768,12,2048,256,16,2,32768,100000000,4000000,3050,50,10,10,2027,rlb_schedulefree,rlb_fused_global_rational,schedule_free_adamw,0.0003,0.00003,0.10,200,0.90,0.95,0.00000001,1.0,0.95,5,match_rms_adamw,0.02,silu,identity,256,32,1,250,4,0.0,false,gpt2,607a30d783dfa663caf39e06633721c8d4cfcd7e,--schedule-free-beta1 0.90 --schedule-free-warmup-steps 0
38,12l_768d_100m_tokens_3050_steps_dclm_seed3407_silu_adamw,12l_768d_100m_tokens_3050_steps,dclm,mlfoundations/dclm-baseline-1.0,none,a3b142c183aebe5af344955ae20836eb34dcf69b,true,text,train,train,0,0,0,210000000,experiments/cache/tokens_iclr26_main/dclm,12l_768d,12,768,12,2048,256,16,2,32768,100000000,4000000,3050,50,10,10,3407,silu_adamw,silu,adamw,0.0003,0.00003,0.10,200,0.90,0.95,0.00000001,1.0,0.95,5,match_rms_adamw,0.02,silu,identity,256,32,1,250,4,0.0,false,gpt2,607a30d783dfa663caf39e06633721c8d4cfcd7e,
39,12l_768d_100m_tokens_3050_steps_dclm_seed3407_rlb_adamw,12l_768d_100m_tokens_3050_steps,dclm,mlfoundations/dclm-baseline-1.0,none,a3b142c183aebe5af344955ae20836eb34dcf69b,true,text,train,train,0,0,0,210000000,experiments/cache/tokens_iclr26_main/dclm,12l_768d,12,768,12,2048,256,16,2,32768,100000000,4000000,3050,50,10,10,3407,rlb_adamw,rlb_fused_global_rational,adamw,0.0003,0.00003,0.10,200,0.90,0.95,0.00000001,1.0,0.95,5,match_rms_adamw,0.02,silu,identity,256,32,1,250,4,0.0,false,gpt2,607a30d783dfa663caf39e06633721c8d4cfcd7e,
40,12l_768d_100m_tokens_3050_steps_dclm_seed3407_silu_muon,12l_768d_100m_tokens_3050_steps,dclm,mlfoundations/dclm-baseline-1.0,none,a3b142c183aebe5af344955ae20836eb34dcf69b,true,text,train,train,0,0,0,210000000,experiments/cache/tokens_iclr26_main/dclm,12l_768d,12,768,12,2048,256,16,2,32768,100000000,4000000,3050,50,10,10,3407,silu_muon,silu,muon,0.0003,0.00003,0.10,200,0.90,0.95,0.00000001,1.0,0.95,5,match_rms_adamw,0.02,silu,identity,256,32,1,250,4,0.0,false,gpt2,607a30d783dfa663caf39e06633721c8d4cfcd7e,--muon-momentum 0.95 --muon-ns-steps 5 --muon-adjust-lr-fn match_rms_adamw
41,12l_768d_100m_tokens_3050_steps_dclm_seed3407_rlb_muon,12l_768d_100m_tokens_3050_steps,dclm,mlfoundations/dclm-baseline-1.0,none,a3b142c183aebe5af344955ae20836eb34dcf69b,true,text,train,train,0,0,0,210000000,experiments/cache/tokens_iclr26_main/dclm,12l_768d,12,768,12,2048,256,16,2,32768,100000000,4000000,3050,50,10,10,3407,rlb_muon,rlb_fused_global_rational,muon,0.0003,0.00003,0.10,200,0.90,0.95,0.00000001,1.0,0.95,5,match_rms_adamw,0.02,silu,identity,256,32,1,250,4,0.0,false,gpt2,607a30d783dfa663caf39e06633721c8d4cfcd7e,--muon-momentum 0.95 --muon-ns-steps 5 --muon-adjust-lr-fn match_rms_adamw
42,12l_768d_100m_tokens_3050_steps_dclm_seed3407_silu_lion,12l_768d_100m_tokens_3050_steps,dclm,mlfoundations/dclm-baseline-1.0,none,a3b142c183aebe5af344955ae20836eb34dcf69b,true,text,train,train,0,0,0,210000000,experiments/cache/tokens_iclr26_main/dclm,12l_768d,12,768,12,2048,256,16,2,32768,100000000,4000000,3050,50,10,10,3407,silu_lion,silu,lion,0.0001,0.00001,0.10,200,0.90,0.95,0.00000001,1.0,0.95,5,match_rms_adamw,0.02,silu,identity,256,32,1,250,4,0.0,false,gpt2,607a30d783dfa663caf39e06633721c8d4cfcd7e,
43,12l_768d_100m_tokens_3050_steps_dclm_seed3407_rlb_lion,12l_768d_100m_tokens_3050_steps,dclm,mlfoundations/dclm-baseline-1.0,none,a3b142c183aebe5af344955ae20836eb34dcf69b,true,text,train,train,0,0,0,210000000,experiments/cache/tokens_iclr26_main/dclm,12l_768d,12,768,12,2048,256,16,2,32768,100000000,4000000,3050,50,10,10,3407,rlb_lion,rlb_fused_global_rational,lion,0.0001,0.00001,0.10,200,0.90,0.95,0.00000001,1.0,0.95,5,match_rms_adamw,0.02,silu,identity,256,32,1,250,4,0.0,false,gpt2,607a30d783dfa663caf39e06633721c8d4cfcd7e,
44,12l_768d_100m_tokens_3050_steps_dclm_seed3407_silu_soap,12l_768d_100m_tokens_3050_steps,dclm,mlfoundations/dclm-baseline-1.0,none,a3b142c183aebe5af344955ae20836eb34dcf69b,true,text,train,train,0,0,0,210000000,experiments/cache/tokens_iclr26_main/dclm,12l_768d,12,768,12,2048,256,16,2,32768,100000000,4000000,3050,50,10,10,3407,silu_soap,silu,soap_adamw,0.0003,0.00003,0.10,200,0.90,0.95,0.00000001,1.0,0.95,5,match_rms_adamw,0.02,silu,identity,256,32,1,250,4,0.0,false,gpt2,607a30d783dfa663caf39e06633721c8d4cfcd7e,--soap-precondition-frequency 50 --no-soap-one-sided
45,12l_768d_100m_tokens_3050_steps_dclm_seed3407_rlb_soap,12l_768d_100m_tokens_3050_steps,dclm,mlfoundations/dclm-baseline-1.0,none,a3b142c183aebe5af344955ae20836eb34dcf69b,true,text,train,train,0,0,0,210000000,experiments/cache/tokens_iclr26_main/dclm,12l_768d,12,768,12,2048,256,16,2,32768,100000000,4000000,3050,50,10,10,3407,rlb_soap,rlb_fused_global_rational,soap_adamw,0.0003,0.00003,0.10,200,0.90,0.95,0.00000001,1.0,0.95,5,match_rms_adamw,0.02,silu,identity,256,32,1,250,4,0.0,false,gpt2,607a30d783dfa663caf39e06633721c8d4cfcd7e,--soap-precondition-frequency 50 --no-soap-one-sided
46,12l_768d_100m_tokens_3050_steps_dclm_seed3407_silu_ademamix,12l_768d_100m_tokens_3050_steps,dclm,mlfoundations/dclm-baseline-1.0,none,a3b142c183aebe5af344955ae20836eb34dcf69b,true,text,train,train,0,0,0,210000000,experiments/cache/tokens_iclr26_main/dclm,12l_768d,12,768,12,2048,256,16,2,32768,100000000,4000000,3050,50,10,10,3407,silu_ademamix,silu,ademamix,0.0003,0.00003,0.10,200,0.90,0.95,0.00000001,1.0,0.95,5,match_rms_adamw,0.02,silu,identity,256,32,1,250,4,0.0,false,gpt2,607a30d783dfa663caf39e06633721c8d4cfcd7e,--ademamix-alpha 5.0 --ademamix-beta3 0.9999
47,12l_768d_100m_tokens_3050_steps_dclm_seed3407_rlb_ademamix,12l_768d_100m_tokens_3050_steps,dclm,mlfoundations/dclm-baseline-1.0,none,a3b142c183aebe5af344955ae20836eb34dcf69b,true,text,train,train,0,0,0,210000000,experiments/cache/tokens_iclr26_main/dclm,12l_768d,12,768,12,2048,256,16,2,32768,100000000,4000000,3050,50,10,10,3407,rlb_ademamix,rlb_fused_global_rational,ademamix,0.0003,0.00003,0.10,200,0.90,0.95,0.00000001,1.0,0.95,5,match_rms_adamw,0.02,silu,identity,256,32,1,250,4,0.0,false,gpt2,607a30d783dfa663caf39e06633721c8d4cfcd7e,--ademamix-alpha 5.0 --ademamix-beta3 0.9999
48,12l_768d_100m_tokens_3050_steps_dclm_seed3407_silu_came,12l_768d_100m_tokens_3050_steps,dclm,mlfoundations/dclm-baseline-1.0,none,a3b142c183aebe5af344955ae20836eb34dcf69b,true,text,train,train,0,0,0,210000000,experiments/cache/tokens_iclr26_main/dclm,12l_768d,12,768,12,2048,256,16,2,32768,100000000,4000000,3050,50,10,10,3407,silu_came,silu,adafactor_came,0.0003,0.00003,0.10,200,0.90,0.95,0.00000001,1.0,0.95,5,match_rms_adamw,0.02,silu,identity,256,32,1,250,4,0.0,false,gpt2,607a30d783dfa663caf39e06633721c8d4cfcd7e,--came-confidence-scale 1.0
49,12l_768d_100m_tokens_3050_steps_dclm_seed3407_rlb_came,12l_768d_100m_tokens_3050_steps,dclm,mlfoundations/dclm-baseline-1.0,none,a3b142c183aebe5af344955ae20836eb34dcf69b,true,text,train,train,0,0,0,210000000,experiments/cache/tokens_iclr26_main/dclm,12l_768d,12,768,12,2048,256,16,2,32768,100000000,4000000,3050,50,10,10,3407,rlb_came,rlb_fused_global_rational,adafactor_came,0.0003,0.00003,0.10,200,0.90,0.95,0.00000001,1.0,0.95,5,match_rms_adamw,0.02,silu,identity,256,32,1,250,4,0.0,false,gpt2,607a30d783dfa663caf39e06633721c8d4cfcd7e,--came-confidence-scale 1.0
50,12l_768d_100m_tokens_3050_steps_dclm_seed3407_silu_schedulefree,12l_768d_100m_tokens_3050_steps,dclm,mlfoundations/dclm-baseline-1.0,none,a3b142c183aebe5af344955ae20836eb34dcf69b,true,text,train,train,0,0,0,210000000,experiments/cache/tokens_iclr26_main/dclm,12l_768d,12,768,12,2048,256,16,2,32768,100000000,4000000,3050,50,10,10,3407,silu_schedulefree,silu,schedule_free_adamw,0.0003,0.00003,0.10,200,0.90,0.95,0.00000001,1.0,0.95,5,match_rms_adamw,0.02,silu,identity,256,32,1,250,4,0.0,false,gpt2,607a30d783dfa663caf39e06633721c8d4cfcd7e,--schedule-free-beta1 0.90 --schedule-free-warmup-steps 0
51,12l_768d_100m_tokens_3050_steps_dclm_seed3407_rlb_schedulefree,12l_768d_100m_tokens_3050_steps,dclm,mlfoundations/dclm-baseline-1.0,none,a3b142c183aebe5af344955ae20836eb34dcf69b,true,text,train,train,0,0,0,210000000,experiments/cache/tokens_iclr26_main/dclm,12l_768d,12,768,12,2048,256,16,2,32768,100000000,4000000,3050,50,10,10,3407,rlb_schedulefree,rlb_fused_global_rational,schedule_free_adamw,0.0003,0.00003,0.10,200,0.90,0.95,0.00000001,1.0,0.95,5,match_rms_adamw,0.02,silu,identity,256,32,1,250,4,0.0,false,gpt2,607a30d783dfa663caf39e06633721c8d4cfcd7e,--schedule-free-beta1 0.90 --schedule-free-warmup-steps 0
52,12l_768d_100m_tokens_3050_steps_fineweb_edu_seed1337_silu_adamw,12l_768d_100m_tokens_3050_steps,fineweb_edu,HuggingFaceFW/fineweb-edu,sample-10BT,87f09149ef4734204d70ed1d046ddc9ca3f2b8f9,true,text,train,train,0,0,0,210000000,experiments/cache/tokens_iclr26_main/fineweb_edu,12l_768d,12,768,12,2048,256,16,2,32768,100000000,4000000,3050,50,10,10,1337,silu_adamw,silu,adamw,0.0003,0.00003,0.10,200,0.90,0.95,0.00000001,1.0,0.95,5,match_rms_adamw,0.02,silu,identity,256,32,1,250,4,0.0,false,gpt2,607a30d783dfa663caf39e06633721c8d4cfcd7e,
53,12l_768d_100m_tokens_3050_steps_fineweb_edu_seed1337_rlb_adamw,12l_768d_100m_tokens_3050_steps,fineweb_edu,HuggingFaceFW/fineweb-edu,sample-10BT,87f09149ef4734204d70ed1d046ddc9ca3f2b8f9,true,text,train,train,0,0,0,210000000,experiments/cache/tokens_iclr26_main/fineweb_edu,12l_768d,12,768,12,2048,256,16,2,32768,100000000,4000000,3050,50,10,10,1337,rlb_adamw,rlb_fused_global_rational,adamw,0.0003,0.00003,0.10,200,0.90,0.95,0.00000001,1.0,0.95,5,match_rms_adamw,0.02,silu,identity,256,32,1,250,4,0.0,false,gpt2,607a30d783dfa663caf39e06633721c8d4cfcd7e,
54,12l_768d_100m_tokens_3050_steps_fineweb_edu_seed1337_silu_muon,12l_768d_100m_tokens_3050_steps,fineweb_edu,HuggingFaceFW/fineweb-edu,sample-10BT,87f09149ef4734204d70ed1d046ddc9ca3f2b8f9,true,text,train,train,0,0,0,210000000,experiments/cache/tokens_iclr26_main/fineweb_edu,12l_768d,12,768,12,2048,256,16,2,32768,100000000,4000000,3050,50,10,10,1337,silu_muon,silu,muon,0.0003,0.00003,0.10,200,0.90,0.95,0.00000001,1.0,0.95,5,match_rms_adamw,0.02,silu,identity,256,32,1,250,4,0.0,false,gpt2,607a30d783dfa663caf39e06633721c8d4cfcd7e,--muon-momentum 0.95 --muon-ns-steps 5 --muon-adjust-lr-fn match_rms_adamw
55,12l_768d_100m_tokens_3050_steps_fineweb_edu_seed1337_rlb_muon,12l_768d_100m_tokens_3050_steps,fineweb_edu,HuggingFaceFW/fineweb-edu,sample-10BT,87f09149ef4734204d70ed1d046ddc9ca3f2b8f9,true,text,train,train,0,0,0,210000000,experiments/cache/tokens_iclr26_main/fineweb_edu,12l_768d,12,768,12,2048,256,16,2,32768,100000000,4000000,3050,50,10,10,1337,rlb_muon,rlb_fused_global_rational,muon,0.0003,0.00003,0.10,200,0.90,0.95,0.00000001,1.0,0.95,5,match_rms_adamw,0.02,silu,identity,256,32,1,250,4,0.0,false,gpt2,607a30d783dfa663caf39e06633721c8d4cfcd7e,--muon-momentum 0.95 --muon-ns-steps 5 --muon-adjust-lr-fn match_rms_adamw
56,12l_768d_100m_tokens_3050_steps_fineweb_edu_seed1337_silu_lion,12l_768d_100m_tokens_3050_steps,fineweb_edu,HuggingFaceFW/fineweb-edu,sample-10BT,87f09149ef4734204d70ed1d046ddc9ca3f2b8f9,true,text,train,train,0,0,0,210000000,experiments/cache/tokens_iclr26_main/fineweb_edu,12l_768d,12,768,12,2048,256,16,2,32768,100000000,4000000,3050,50,10,10,1337,silu_lion,silu,lion,0.0001,0.00001,0.10,200,0.90,0.95,0.00000001,1.0,0.95,5,match_rms_adamw,0.02,silu,identity,256,32,1,250,4,0.0,false,gpt2,607a30d783dfa663caf39e06633721c8d4cfcd7e,
57,12l_768d_100m_tokens_3050_steps_fineweb_edu_seed1337_rlb_lion,12l_768d_100m_tokens_3050_steps,fineweb_edu,HuggingFaceFW/fineweb-edu,sample-10BT,87f09149ef4734204d70ed1d046ddc9ca3f2b8f9,true,text,train,train,0,0,0,210000000,experiments/cache/tokens_iclr26_main/fineweb_edu,12l_768d,12,768,12,2048,256,16,2,32768,100000000,4000000,3050,50,10,10,1337,rlb_lion,rlb_fused_global_rational,lion,0.0001,0.00001,0.10,200,0.90,0.95,0.00000001,1.0,0.95,5,match_rms_adamw,0.02,silu,identity,256,32,1,250,4,0.0,false,gpt2,607a30d783dfa663caf39e06633721c8d4cfcd7e,
58,12l_768d_100m_tokens_3050_steps_fineweb_edu_seed1337_silu_soap,12l_768d_100m_tokens_3050_steps,fineweb_edu,HuggingFaceFW/fineweb-edu,sample-10BT,87f09149ef4734204d70ed1d046ddc9ca3f2b8f9,true,text,train,train,0,0,0,210000000,experiments/cache/tokens_iclr26_main/fineweb_edu,12l_768d,12,768,12,2048,256,16,2,32768,100000000,4000000,3050,50,10,10,1337,silu_soap,silu,soap_adamw,0.0003,0.00003,0.10,200,0.90,0.95,0.00000001,1.0,0.95,5,match_rms_adamw,0.02,silu,identity,256,32,1,250,4,0.0,false,gpt2,607a30d783dfa663caf39e06633721c8d4cfcd7e,--soap-precondition-frequency 50 --no-soap-one-sided
59,12l_768d_100m_tokens_3050_steps_fineweb_edu_seed1337_rlb_soap,12l_768d_100m_tokens_3050_steps,fineweb_edu,HuggingFaceFW/fineweb-edu,sample-10BT,87f09149ef4734204d70ed1d046ddc9ca3f2b8f9,true,text,train,train,0,0,0,210000000,experiments/cache/tokens_iclr26_main/fineweb_edu,12l_768d,12,768,12,2048,256,16,2,32768,100000000,4000000,3050,50,10,10,1337,rlb_soap,rlb_fused_global_rational,soap_adamw,0.0003,0.00003,0.10,200,0.90,0.95,0.00000001,1.0,0.95,5,match_rms_adamw,0.02,silu,identity,256,32,1,250,4,0.0,false,gpt2,607a30d783dfa663caf39e06633721c8d4cfcd7e,--soap-precondition-frequency 50 --no-soap-one-sided
60,12l_768d_100m_tokens_3050_steps_fineweb_edu_seed1337_silu_ademamix,12l_768d_100m_tokens_3050_steps,fineweb_edu,HuggingFaceFW/fineweb-edu,sample-10BT,87f09149ef4734204d70ed1d046ddc9ca3f2b8f9,true,text,train,train,0,0,0,210000000,experiments/cache/tokens_iclr26_main/fineweb_edu,12l_768d,12,768,12,2048,256,16,2,32768,100000000,4000000,3050,50,10,10,1337,silu_ademamix,silu,ademamix,0.0003,0.00003,0.10,200,0.90,0.95,0.00000001,1.0,0.95,5,match_rms_adamw,0.02,silu,identity,256,32,1,250,4,0.0,false,gpt2,607a30d783dfa663caf39e06633721c8d4cfcd7e,--ademamix-alpha 5.0 --ademamix-beta3 0.9999
61,12l_768d_100m_tokens_3050_steps_fineweb_edu_seed1337_rlb_ademamix,12l_768d_100m_tokens_3050_steps,fineweb_edu,HuggingFaceFW/fineweb-edu,sample-10BT,87f09149ef4734204d70ed1d046ddc9ca3f2b8f9,true,text,train,train,0,0,0,210000000,experiments/cache/tokens_iclr26_main/fineweb_edu,12l_768d,12,768,12,2048,256,16,2,32768,100000000,4000000,3050,50,10,10,1337,rlb_ademamix,rlb_fused_global_rational,ademamix,0.0003,0.00003,0.10,200,0.90,0.95,0.00000001,1.0,0.95,5,match_rms_adamw,0.02,silu,identity,256,32,1,250,4,0.0,false,gpt2,607a30d783dfa663caf39e06633721c8d4cfcd7e,--ademamix-alpha 5.0 --ademamix-beta3 0.9999
62,12l_768d_100m_tokens_3050_steps_fineweb_edu_seed1337_silu_came,12l_768d_100m_tokens_3050_steps,fineweb_edu,HuggingFaceFW/fineweb-edu,sample-10BT,87f09149ef4734204d70ed1d046ddc9ca3f2b8f9,true,text,train,train,0,0,0,210000000,experiments/cache/tokens_iclr26_main/fineweb_edu,12l_768d,12,768,12,2048,256,16,2,32768,100000000,4000000,3050,50,10,10,1337,silu_came,silu,adafactor_came,0.0003,0.00003,0.10,200,0.90,0.95,0.00000001,1.0,0.95,5,match_rms_adamw,0.02,silu,identity,256,32,1,250,4,0.0,false,gpt2,607a30d783dfa663caf39e06633721c8d4cfcd7e,--came-confidence-scale 1.0
63,12l_768d_100m_tokens_3050_steps_fineweb_edu_seed1337_rlb_came,12l_768d_100m_tokens_3050_steps,fineweb_edu,HuggingFaceFW/fineweb-edu,sample-10BT,87f09149ef4734204d70ed1d046ddc9ca3f2b8f9,true,text,train,train,0,0,0,210000000,experiments/cache/tokens_iclr26_main/fineweb_edu,12l_768d,12,768,12,2048,256,16,2,32768,100000000,4000000,3050,50,10,10,1337,rlb_came,rlb_fused_global_rational,adafactor_came,0.0003,0.00003,0.10,200,0.90,0.95,0.00000001,1.0,0.95,5,match_rms_adamw,0.02,silu,identity,256,32,1,250,4,0.0,false,gpt2,607a30d783dfa663caf39e06633721c8d4cfcd7e,--came-confidence-scale 1.0
64,12l_768d_100m_tokens_3050_steps_fineweb_edu_seed1337_silu_schedulefree,12l_768d_100m_tokens_3050_steps,fineweb_edu,HuggingFaceFW/fineweb-edu,sample-10BT,87f09149ef4734204d70ed1d046ddc9ca3f2b8f9,true,text,train,train,0,0,0,210000000,experiments/cache/tokens_iclr26_main/fineweb_edu,12l_768d,12,768,12,2048,256,16,2,32768,100000000,4000000,3050,50,10,10,1337,silu_schedulefree,silu,schedule_free_adamw,0.0003,0.00003,0.10,200,0.90,0.95,0.00000001,1.0,0.95,5,match_rms_adamw,0.02,silu,identity,256,32,1,250,4,0.0,false,gpt2,607a30d783dfa663caf39e06633721c8d4cfcd7e,--schedule-free-beta1 0.90 --schedule-free-warmup-steps 0
65,12l_768d_100m_tokens_3050_steps_fineweb_edu_seed1337_rlb_schedulefree,12l_768d_100m_tokens_3050_steps,fineweb_edu,HuggingFaceFW/fineweb-edu,sample-10BT,87f09149ef4734204d70ed1d046ddc9ca3f2b8f9,true,text,train,train,0,0,0,210000000,experiments/cache/tokens_iclr26_main/fineweb_edu,12l_768d,12,768,12,2048,256,16,2,32768,100000000,4000000,3050,50,10,10,1337,rlb_schedulefree,rlb_fused_global_rational,schedule_free_adamw,0.0003,0.00003,0.10,200,0.90,0.95,0.00000001,1.0,0.95,5,match_rms_adamw,0.02,silu,identity,256,32,1,250,4,0.0,false,gpt2,607a30d783dfa663caf39e06633721c8d4cfcd7e,--schedule-free-beta1 0.90 --schedule-free-warmup-steps 0
66,12l_768d_100m_tokens_3050_steps_fineweb_edu_seed2027_silu_adamw,12l_768d_100m_tokens_3050_steps,fineweb_edu,HuggingFaceFW/fineweb-edu,sample-10BT,87f09149ef4734204d70ed1d046ddc9ca3f2b8f9,true,text,train,train,0,0,0,210000000,experiments/cache/tokens_iclr26_main/fineweb_edu,12l_768d,12,768,12,2048,256,16,2,32768,100000000,4000000,3050,50,10,10,2027,silu_adamw,silu,adamw,0.0003,0.00003,0.10,200,0.90,0.95,0.00000001,1.0,0.95,5,match_rms_adamw,0.02,silu,identity,256,32,1,250,4,0.0,false,gpt2,607a30d783dfa663caf39e06633721c8d4cfcd7e,
67,12l_768d_100m_tokens_3050_steps_fineweb_edu_seed2027_rlb_adamw,12l_768d_100m_tokens_3050_steps,fineweb_edu,HuggingFaceFW/fineweb-edu,sample-10BT,87f09149ef4734204d70ed1d046ddc9ca3f2b8f9,true,text,train,train,0,0,0,210000000,experiments/cache/tokens_iclr26_main/fineweb_edu,12l_768d,12,768,12,2048,256,16,2,32768,100000000,4000000,3050,50,10,10,2027,rlb_adamw,rlb_fused_global_rational,adamw,0.0003,0.00003,0.10,200,0.90,0.95,0.00000001,1.0,0.95,5,match_rms_adamw,0.02,silu,identity,256,32,1,250,4,0.0,false,gpt2,607a30d783dfa663caf39e06633721c8d4cfcd7e,
68,12l_768d_100m_tokens_3050_steps_fineweb_edu_seed2027_silu_muon,12l_768d_100m_tokens_3050_steps,fineweb_edu,HuggingFaceFW/fineweb-edu,sample-10BT,87f09149ef4734204d70ed1d046ddc9ca3f2b8f9,true,text,train,train,0,0,0,210000000,experiments/cache/tokens_iclr26_main/fineweb_edu,12l_768d,12,768,12,2048,256,16,2,32768,100000000,4000000,3050,50,10,10,2027,silu_muon,silu,muon,0.0003,0.00003,0.10,200,0.90,0.95,0.00000001,1.0,0.95,5,match_rms_adamw,0.02,silu,identity,256,32,1,250,4,0.0,false,gpt2,607a30d783dfa663caf39e06633721c8d4cfcd7e,--muon-momentum 0.95 --muon-ns-steps 5 --muon-adjust-lr-fn match_rms_adamw
69,12l_768d_100m_tokens_3050_steps_fineweb_edu_seed2027_rlb_muon,12l_768d_100m_tokens_3050_steps,fineweb_edu,HuggingFaceFW/fineweb-edu,sample-10BT,87f09149ef4734204d70ed1d046ddc9ca3f2b8f9,true,text,train,train,0,0,0,210000000,experiments/cache/tokens_iclr26_main/fineweb_edu,12l_768d,12,768,12,2048,256,16,2,32768,100000000,4000000,3050,50,10,10,2027,rlb_muon,rlb_fused_global_rational,muon,0.0003,0.00003,0.10,200,0.90,0.95,0.00000001,1.0,0.95,5,match_rms_adamw,0.02,silu,identity,256,32,1,250,4,0.0,false,gpt2,607a30d783dfa663caf39e06633721c8d4cfcd7e,--muon-momentum 0.95 --muon-ns-steps 5 --muon-adjust-lr-fn match_rms_adamw
70,12l_768d_100m_tokens_3050_steps_fineweb_edu_seed2027_silu_lion,12l_768d_100m_tokens_3050_steps,fineweb_edu,HuggingFaceFW/fineweb-edu,sample-10BT,87f09149ef4734204d70ed1d046ddc9ca3f2b8f9,true,text,train,train,0,0,0,210000000,experiments/cache/tokens_iclr26_main/fineweb_edu,12l_768d,12,768,12,2048,256,16,2,32768,100000000,4000000,3050,50,10,10,2027,silu_lion,silu,lion,0.0001,0.00001,0.10,200,0.90,0.95,0.00000001,1.0,0.95,5,match_rms_adamw,0.02,silu,identity,256,32,1,250,4,0.0,false,gpt2,607a30d783dfa663caf39e06633721c8d4cfcd7e,
71,12l_768d_100m_tokens_3050_steps_fineweb_edu_seed2027_rlb_lion,12l_768d_100m_tokens_3050_steps,fineweb_edu,HuggingFaceFW/fineweb-edu,sample-10BT,87f09149ef4734204d70ed1d046ddc9ca3f2b8f9,true,text,train,train,0,0,0,210000000,experiments/cache/tokens_iclr26_main/fineweb_edu,12l_768d,12,768,12,2048,256,16,2,32768,100000000,4000000,3050,50,10,10,2027,rlb_lion,rlb_fused_global_rational,lion,0.0001,0.00001,0.10,200,0.90,0.95,0.00000001,1.0,0.95,5,match_rms_adamw,0.02,silu,identity,256,32,1,250,4,0.0,false,gpt2,607a30d783dfa663caf39e06633721c8d4cfcd7e,
72,12l_768d_100m_tokens_3050_steps_fineweb_edu_seed2027_silu_soap,12l_768d_100m_tokens_3050_steps,fineweb_edu,HuggingFaceFW/fineweb-edu,sample-10BT,87f09149ef4734204d70ed1d046ddc9ca3f2b8f9,true,text,train,train,0,0,0,210000000,experiments/cache/tokens_iclr26_main/fineweb_edu,12l_768d,12,768,12,2048,256,16,2,32768,100000000,4000000,3050,50,10,10,2027,silu_soap,silu,soap_adamw,0.0003,0.00003,0.10,200,0.90,0.95,0.00000001,1.0,0.95,5,match_rms_adamw,0.02,silu,identity,256,32,1,250,4,0.0,false,gpt2,607a30d783dfa663caf39e06633721c8d4cfcd7e,--soap-precondition-frequency 50 --no-soap-one-sided
73,12l_768d_100m_tokens_3050_steps_fineweb_edu_seed2027_rlb_soap,12l_768d_100m_tokens_3050_steps,fineweb_edu,HuggingFaceFW/fineweb-edu,sample-10BT,87f09149ef4734204d70ed1d046ddc9ca3f2b8f9,true,text,train,train,0,0,0,210000000,experiments/cache/tokens_iclr26_main/fineweb_edu,12l_768d,12,768,12,2048,256,16,2,32768,100000000,4000000,3050,50,10,10,2027,rlb_soap,rlb_fused_global_rational,soap_adamw,0.0003,0.00003,0.10,200,0.90,0.95,0.00000001,1.0,0.95,5,match_rms_adamw,0.02,silu,identity,256,32,1,250,4,0.0,false,gpt2,607a30d783dfa663caf39e06633721c8d4cfcd7e,--soap-precondition-frequency 50 --no-soap-one-sided
74,12l_768d_100m_tokens_3050_steps_fineweb_edu_seed2027_silu_ademamix,12l_768d_100m_tokens_3050_steps,fineweb_edu,HuggingFaceFW/fineweb-edu,sample-10BT,87f09149ef4734204d70ed1d046ddc9ca3f2b8f9,true,text,train,train,0,0,0,210000000,experiments/cache/tokens_iclr26_main/fineweb_edu,12l_768d,12,768,12,2048,256,16,2,32768,100000000,4000000,3050,50,10,10,2027,silu_ademamix,silu,ademamix,0.0003,0.00003,0.10,200,0.90,0.95,0.00000001,1.0,0.95,5,match_rms_adamw,0.02,silu,identity,256,32,1,250,4,0.0,false,gpt2,607a30d783dfa663caf39e06633721c8d4cfcd7e,--ademamix-alpha 5.0 --ademamix-beta3 0.9999
75,12l_768d_100m_tokens_3050_steps_fineweb_edu_seed2027_rlb_ademamix,12l_768d_100m_tokens_3050_steps,fineweb_edu,HuggingFaceFW/fineweb-edu,sample-10BT,87f09149ef4734204d70ed1d046ddc9ca3f2b8f9,true,text,train,train,0,0,0,210000000,experiments/cache/tokens_iclr26_main/fineweb_edu,12l_768d,12,768,12,2048,256,16,2,32768,100000000,4000000,3050,50,10,10,2027,rlb_ademamix,rlb_fused_global_rational,ademamix,0.0003,0.00003,0.10,200,0.90,0.95,0.00000001,1.0,0.95,5,match_rms_adamw,0.02,silu,identity,256,32,1,250,4,0.0,false,gpt2,607a30d783dfa663caf39e06633721c8d4cfcd7e,--ademamix-alpha 5.0 --ademamix-beta3 0.9999
76,12l_768d_100m_tokens_3050_steps_fineweb_edu_seed2027_silu_came,12l_768d_100m_tokens_3050_steps,fineweb_edu,HuggingFaceFW/fineweb-edu,sample-10BT,87f09149ef4734204d70ed1d046ddc9ca3f2b8f9,true,text,train,train,0,0,0,210000000,experiments/cache/tokens_iclr26_main/fineweb_edu,12l_768d,12,768,12,2048,256,16,2,32768,100000000,4000000,3050,50,10,10,2027,silu_came,silu,adafactor_came,0.0003,0.00003,0.10,200,0.90,0.95,0.00000001,1.0,0.95,5,match_rms_adamw,0.02,silu,identity,256,32,1,250,4,0.0,false,gpt2,607a30d783dfa663caf39e06633721c8d4cfcd7e,--came-confidence-scale 1.0
77,12l_768d_100m_tokens_3050_steps_fineweb_edu_seed2027_rlb_came,12l_768d_100m_tokens_3050_steps,fineweb_edu,HuggingFaceFW/fineweb-edu,sample-10BT,87f09149ef4734204d70ed1d046ddc9ca3f2b8f9,true,text,train,train,0,0,0,210000000,experiments/cache/tokens_iclr26_main/fineweb_edu,12l_768d,12,768,12,2048,256,16,2,32768,100000000,4000000,3050,50,10,10,2027,rlb_came,rlb_fused_global_rational,adafactor_came,0.0003,0.00003,0.10,200,0.90,0.95,0.00000001,1.0,0.95,5,match_rms_adamw,0.02,silu,identity,256,32,1,250,4,0.0,false,gpt2,607a30d783dfa663caf39e06633721c8d4cfcd7e,--came-confidence-scale 1.0
78,12l_768d_100m_tokens_3050_steps_fineweb_edu_seed2027_silu_schedulefree,12l_768d_100m_tokens_3050_steps,fineweb_edu,HuggingFaceFW/fineweb-edu,sample-10BT,87f09149ef4734204d70ed1d046ddc9ca3f2b8f9,true,text,train,train,0,0,0,210000000,experiments/cache/tokens_iclr26_main/fineweb_edu,12l_768d,12,768,12,2048,256,16,2,32768,100000000,4000000,3050,50,10,10,2027,silu_schedulefree,silu,schedule_free_adamw,0.0003,0.00003,0.10,200,0.90,0.95,0.00000001,1.0,0.95,5,match_rms_adamw,0.02,silu,identity,256,32,1,250,4,0.0,false,gpt2,607a30d783dfa663caf39e06633721c8d4cfcd7e,--schedule-free-beta1 0.90 --schedule-free-warmup-steps 0
79,12l_768d_100m_tokens_3050_steps_fineweb_edu_seed2027_rlb_schedulefree,12l_768d_100m_tokens_3050_steps,fineweb_edu,HuggingFaceFW/fineweb-edu,sample-10BT,87f09149ef4734204d70ed1d046ddc9ca3f2b8f9,true,text,train,train,0,0,0,210000000,experiments/cache/tokens_iclr26_main/fineweb_edu,12l_768d,12,768,12,2048,256,16,2,32768,100000000,4000000,3050,50,10,10,2027,rlb_schedulefree,rlb_fused_global_rational,schedule_free_adamw,0.0003,0.00003,0.10,200,0.90,0.95,0.00000001,1.0,0.95,5,match_rms_adamw,0.02,silu,identity,256,32,1,250,4,0.0,false,gpt2,607a30d783dfa663caf39e06633721c8d4cfcd7e,--schedule-free-beta1 0.90 --schedule-free-warmup-steps 0
80,12l_768d_100m_tokens_3050_steps_fineweb_edu_seed3407_silu_adamw,12l_768d_100m_tokens_3050_steps,fineweb_edu,HuggingFaceFW/fineweb-edu,sample-10BT,87f09149ef4734204d70ed1d046ddc9ca3f2b8f9,true,text,train,train,0,0,0,210000000,experiments/cache/tokens_iclr26_main/fineweb_edu,12l_768d,12,768,12,2048,256,16,2,32768,100000000,4000000,3050,50,10,10,3407,silu_adamw,silu,adamw,0.0003,0.00003,0.10,200,0.90,0.95,0.00000001,1.0,0.95,5,match_rms_adamw,0.02,silu,identity,256,32,1,250,4,0.0,false,gpt2,607a30d783dfa663caf39e06633721c8d4cfcd7e,
81,12l_768d_100m_tokens_3050_steps_fineweb_edu_seed3407_rlb_adamw,12l_768d_100m_tokens_3050_steps,fineweb_edu,HuggingFaceFW/fineweb-edu,sample-10BT,87f09149ef4734204d70ed1d046ddc9ca3f2b8f9,true,text,train,train,0,0,0,210000000,experiments/cache/tokens_iclr26_main/fineweb_edu,12l_768d,12,768,12,2048,256,16,2,32768,100000000,4000000,3050,50,10,10,3407,rlb_adamw,rlb_fused_global_rational,adamw,0.0003,0.00003,0.10,200,0.90,0.95,0.00000001,1.0,0.95,5,match_rms_adamw,0.02,silu,identity,256,32,1,250,4,0.0,false,gpt2,607a30d783dfa663caf39e06633721c8d4cfcd7e,
82,12l_768d_100m_tokens_3050_steps_fineweb_edu_seed3407_silu_muon,12l_768d_100m_tokens_3050_steps,fineweb_edu,HuggingFaceFW/fineweb-edu,sample-10BT,87f09149ef4734204d70ed1d046ddc9ca3f2b8f9,true,text,train,train,0,0,0,210000000,experiments/cache/tokens_iclr26_main/fineweb_edu,12l_768d,12,768,12,2048,256,16,2,32768,100000000,4000000,3050,50,10,10,3407,silu_muon,silu,muon,0.0003,0.00003,0.10,200,0.90,0.95,0.00000001,1.0,0.95,5,match_rms_adamw,0.02,silu,identity,256,32,1,250,4,0.0,false,gpt2,607a30d783dfa663caf39e06633721c8d4cfcd7e,--muon-momentum 0.95 --muon-ns-steps 5 --muon-adjust-lr-fn match_rms_adamw
83,12l_768d_100m_tokens_3050_steps_fineweb_edu_seed3407_rlb_muon,12l_768d_100m_tokens_3050_steps,fineweb_edu,HuggingFaceFW/fineweb-edu,sample-10BT,87f09149ef4734204d70ed1d046ddc9ca3f2b8f9,true,text,train,train,0,0,0,210000000,experiments/cache/tokens_iclr26_main/fineweb_edu,12l_768d,12,768,12,2048,256,16,2,32768,100000000,4000000,3050,50,10,10,3407,rlb_muon,rlb_fused_global_rational,muon,0.0003,0.00003,0.10,200,0.90,0.95,0.00000001,1.0,0.95,5,match_rms_adamw,0.02,silu,identity,256,32,1,250,4,0.0,false,gpt2,607a30d783dfa663caf39e06633721c8d4cfcd7e,--muon-momentum 0.95 --muon-ns-steps 5 --muon-adjust-lr-fn match_rms_adamw
84,12l_768d_100m_tokens_3050_steps_fineweb_edu_seed3407_silu_lion,12l_768d_100m_tokens_3050_steps,fineweb_edu,HuggingFaceFW/fineweb-edu,sample-10BT,87f09149ef4734204d70ed1d046ddc9ca3f2b8f9,true,text,train,train,0,0,0,210000000,experiments/cache/tokens_iclr26_main/fineweb_edu,12l_768d,12,768,12,2048,256,16,2,32768,100000000,4000000,3050,50,10,10,3407,silu_lion,silu,lion,0.0001,0.00001,0.10,200,0.90,0.95,0.00000001,1.0,0.95,5,match_rms_adamw,0.02,silu,identity,256,32,1,250,4,0.0,false,gpt2,607a30d783dfa663caf39e06633721c8d4cfcd7e,
85,12l_768d_100m_tokens_3050_steps_fineweb_edu_seed3407_rlb_lion,12l_768d_100m_tokens_3050_steps,fineweb_edu,HuggingFaceFW/fineweb-edu,sample-10BT,87f09149ef4734204d70ed1d046ddc9ca3f2b8f9,true,text,train,train,0,0,0,210000000,experiments/cache/tokens_iclr26_main/fineweb_edu,12l_768d,12,768,12,2048,256,16,2,32768,100000000,4000000,3050,50,10,10,3407,rlb_lion,rlb_fused_global_rational,lion,0.0001,0.00001,0.10,200,0.90,0.95,0.00000001,1.0,0.95,5,match_rms_adamw,0.02,silu,identity,256,32,1,250,4,0.0,false,gpt2,607a30d783dfa663caf39e06633721c8d4cfcd7e,
86,12l_768d_100m_tokens_3050_steps_fineweb_edu_seed3407_silu_soap,12l_768d_100m_tokens_3050_steps,fineweb_edu,HuggingFaceFW/fineweb-edu,sample-10BT,87f09149ef4734204d70ed1d046ddc9ca3f2b8f9,true,text,train,train,0,0,0,210000000,experiments/cache/tokens_iclr26_main/fineweb_edu,12l_768d,12,768,12,2048,256,16,2,32768,100000000,4000000,3050,50,10,10,3407,silu_soap,silu,soap_adamw,0.0003,0.00003,0.10,200,0.90,0.95,0.00000001,1.0,0.95,5,match_rms_adamw,0.02,silu,identity,256,32,1,250,4,0.0,false,gpt2,607a30d783dfa663caf39e06633721c8d4cfcd7e,--soap-precondition-frequency 50 --no-soap-one-sided
87,12l_768d_100m_tokens_3050_steps_fineweb_edu_seed3407_rlb_soap,12l_768d_100m_tokens_3050_steps,fineweb_edu,HuggingFaceFW/fineweb-edu,sample-10BT,87f09149ef4734204d70ed1d046ddc9ca3f2b8f9,true,text,train,train,0,0,0,210000000,experiments/cache/tokens_iclr26_main/fineweb_edu,12l_768d,12,768,12,2048,256,16,2,32768,100000000,4000000,3050,50,10,10,3407,rlb_soap,rlb_fused_global_rational,soap_adamw,0.0003,0.00003,0.10,200,0.90,0.95,0.00000001,1.0,0.95,5,match_rms_adamw,0.02,silu,identity,256,32,1,250,4,0.0,false,gpt2,607a30d783dfa663caf39e06633721c8d4cfcd7e,--soap-precondition-frequency 50 --no-soap-one-sided
88,12l_768d_100m_tokens_3050_steps_fineweb_edu_seed3407_silu_ademamix,12l_768d_100m_tokens_3050_steps,fineweb_edu,HuggingFaceFW/fineweb-edu,sample-10BT,87f09149ef4734204d70ed1d046ddc9ca3f2b8f9,true,text,train,train,0,0,0,210000000,experiments/cache/tokens_iclr26_main/fineweb_edu,12l_768d,12,768,12,2048,256,16,2,32768,100000000,4000000,3050,50,10,10,3407,silu_ademamix,silu,ademamix,0.0003,0.00003,0.10,200,0.90,0.95,0.00000001,1.0,0.95,5,match_rms_adamw,0.02,silu,identity,256,32,1,250,4,0.0,false,gpt2,607a30d783dfa663caf39e06633721c8d4cfcd7e,--ademamix-alpha 5.0 --ademamix-beta3 0.9999
89,12l_768d_100m_tokens_3050_steps_fineweb_edu_seed3407_rlb_ademamix,12l_768d_100m_tokens_3050_steps,fineweb_edu,HuggingFaceFW/fineweb-edu,sample-10BT,87f09149ef4734204d70ed1d046ddc9ca3f2b8f9,true,text,train,train,0,0,0,210000000,experiments/cache/tokens_iclr26_main/fineweb_edu,12l_768d,12,768,12,2048,256,16,2,32768,100000000,4000000,3050,50,10,10,3407,rlb_ademamix,rlb_fused_global_rational,ademamix,0.0003,0.00003,0.10,200,0.90,0.95,0.00000001,1.0,0.95,5,match_rms_adamw,0.02,silu,identity,256,32,1,250,4,0.0,false,gpt2,607a30d783dfa663caf39e06633721c8d4cfcd7e,--ademamix-alpha 5.0 --ademamix-beta3 0.9999
90,12l_768d_100m_tokens_3050_steps_fineweb_edu_seed3407_silu_came,12l_768d_100m_tokens_3050_steps,fineweb_edu,HuggingFaceFW/fineweb-edu,sample-10BT,87f09149ef4734204d70ed1d046ddc9ca3f2b8f9,true,text,train,train,0,0,0,210000000,experiments/cache/tokens_iclr26_main/fineweb_edu,12l_768d,12,768,12,2048,256,16,2,32768,100000000,4000000,3050,50,10,10,3407,silu_came,silu,adafactor_came,0.0003,0.00003,0.10,200,0.90,0.95,0.00000001,1.0,0.95,5,match_rms_adamw,0.02,silu,identity,256,32,1,250,4,0.0,false,gpt2,607a30d783dfa663caf39e06633721c8d4cfcd7e,--came-confidence-scale 1.0
91,12l_768d_100m_tokens_3050_steps_fineweb_edu_seed3407_rlb_came,12l_768d_100m_tokens_3050_steps,fineweb_edu,HuggingFaceFW/fineweb-edu,sample-10BT,87f09149ef4734204d70ed1d046ddc9ca3f2b8f9,true,text,train,train,0,0,0,210000000,experiments/cache/tokens_iclr26_main/fineweb_edu,12l_768d,12,768,12,2048,256,16,2,32768,100000000,4000000,3050,50,10,10,3407,rlb_came,rlb_fused_global_rational,adafactor_came,0.0003,0.00003,0.10,200,0.90,0.95,0.00000001,1.0,0.95,5,match_rms_adamw,0.02,silu,identity,256,32,1,250,4,0.0,false,gpt2,607a30d783dfa663caf39e06633721c8d4cfcd7e,--came-confidence-scale 1.0
92,12l_768d_100m_tokens_3050_steps_fineweb_edu_seed3407_silu_schedulefree,12l_768d_100m_tokens_3050_steps,fineweb_edu,HuggingFaceFW/fineweb-edu,sample-10BT,87f09149ef4734204d70ed1d046ddc9ca3f2b8f9,true,text,train,train,0,0,0,210000000,experiments/cache/tokens_iclr26_main/fineweb_edu,12l_768d,12,768,12,2048,256,16,2,32768,100000000,4000000,3050,50,10,10,3407,silu_schedulefree,silu,schedule_free_adamw,0.0003,0.00003,0.10,200,0.90,0.95,0.00000001,1.0,0.95,5,match_rms_adamw,0.02,silu,identity,256,32,1,250,4,0.0,false,gpt2,607a30d783dfa663caf39e06633721c8d4cfcd7e,--schedule-free-beta1 0.90 --schedule-free-warmup-steps 0
93,12l_768d_100m_tokens_3050_steps_fineweb_edu_seed3407_rlb_schedulefree,12l_768d_100m_tokens_3050_steps,fineweb_edu,HuggingFaceFW/fineweb-edu,sample-10BT,87f09149ef4734204d70ed1d046ddc9ca3f2b8f9,true,text,train,train,0,0,0,210000000,experiments/cache/tokens_iclr26_main/fineweb_edu,12l_768d,12,768,12,2048,256,16,2,32768,100000000,4000000,3050,50,10,10,3407,rlb_schedulefree,rlb_fused_global_rational,schedule_free_adamw,0.0003,0.00003,0.10,200,0.90,0.95,0.00000001,1.0,0.95,5,match_rms_adamw,0.02,silu,identity,256,32,1,250,4,0.0,false,gpt2,607a30d783dfa663caf39e06633721c8d4cfcd7e,--schedule-free-beta1 0.90 --schedule-free-warmup-steps 0
94,12l_768d_100m_tokens_3050_steps_fineweb_seed1337_silu_adamw,12l_768d_100m_tokens_3050_steps,fineweb,HuggingFaceFW/fineweb,sample-10BT,9bb295ddab0e05d785b879661af7260fed5140fc,true,text,train,train,0,0,0,210000000,experiments/cache/tokens_iclr26_main/fineweb,12l_768d,12,768,12,2048,256,16,2,32768,100000000,4000000,3050,50,10,10,1337,silu_adamw,silu,adamw,0.0003,0.00003,0.10,200,0.90,0.95,0.00000001,1.0,0.95,5,match_rms_adamw,0.02,silu,identity,256,32,1,250,4,0.0,false,gpt2,607a30d783dfa663caf39e06633721c8d4cfcd7e,
95,12l_768d_100m_tokens_3050_steps_fineweb_seed1337_rlb_adamw,12l_768d_100m_tokens_3050_steps,fineweb,HuggingFaceFW/fineweb,sample-10BT,9bb295ddab0e05d785b879661af7260fed5140fc,true,text,train,train,0,0,0,210000000,experiments/cache/tokens_iclr26_main/fineweb,12l_768d,12,768,12,2048,256,16,2,32768,100000000,4000000,3050,50,10,10,1337,rlb_adamw,rlb_fused_global_rational,adamw,0.0003,0.00003,0.10,200,0.90,0.95,0.00000001,1.0,0.95,5,match_rms_adamw,0.02,silu,identity,256,32,1,250,4,0.0,false,gpt2,607a30d783dfa663caf39e06633721c8d4cfcd7e,
96,12l_768d_100m_tokens_3050_steps_fineweb_seed1337_silu_muon,12l_768d_100m_tokens_3050_steps,fineweb,HuggingFaceFW/fineweb,sample-10BT,9bb295ddab0e05d785b879661af7260fed5140fc,true,text,train,train,0,0,0,210000000,experiments/cache/tokens_iclr26_main/fineweb,12l_768d,12,768,12,2048,256,16,2,32768,100000000,4000000,3050,50,10,10,1337,silu_muon,silu,muon,0.0003,0.00003,0.10,200,0.90,0.95,0.00000001,1.0,0.95,5,match_rms_adamw,0.02,silu,identity,256,32,1,250,4,0.0,false,gpt2,607a30d783dfa663caf39e06633721c8d4cfcd7e,--muon-momentum 0.95 --muon-ns-steps 5 --muon-adjust-lr-fn match_rms_adamw
97,12l_768d_100m_tokens_3050_steps_fineweb_seed1337_rlb_muon,12l_768d_100m_tokens_3050_steps,fineweb,HuggingFaceFW/fineweb,sample-10BT,9bb295ddab0e05d785b879661af7260fed5140fc,true,text,train,train,0,0,0,210000000,experiments/cache/tokens_iclr26_main/fineweb,12l_768d,12,768,12,2048,256,16,2,32768,100000000,4000000,3050,50,10,10,1337,rlb_muon,rlb_fused_global_rational,muon,0.0003,0.00003,0.10,200,0.90,0.95,0.00000001,1.0,0.95,5,match_rms_adamw,0.02,silu,identity,256,32,1,250,4,0.0,false,gpt2,607a30d783dfa663caf39e06633721c8d4cfcd7e,--muon-momentum 0.95 --muon-ns-steps 5 --muon-adjust-lr-fn match_rms_adamw
98,12l_768d_100m_tokens_3050_steps_fineweb_seed1337_silu_lion,12l_768d_100m_tokens_3050_steps,fineweb,HuggingFaceFW/fineweb,sample-10BT,9bb295ddab0e05d785b879661af7260fed5140fc,true,text,train,train,0,0,0,210000000,experiments/cache/tokens_iclr26_main/fineweb,12l_768d,12,768,12,2048,256,16,2,32768,100000000,4000000,3050,50,10,10,1337,silu_lion,silu,lion,0.0001,0.00001,0.10,200,0.90,0.95,0.00000001,1.0,0.95,5,match_rms_adamw,0.02,silu,identity,256,32,1,250,4,0.0,false,gpt2,607a30d783dfa663caf39e06633721c8d4cfcd7e,
99,12l_768d_100m_tokens_3050_steps_fineweb_seed1337_rlb_lion,12l_768d_100m_tokens_3050_steps,fineweb,HuggingFaceFW/fineweb,sample-10BT,9bb295ddab0e05d785b879661af7260fed5140fc,true,text,train,train,0,0,0,210000000,experiments/cache/tokens_iclr26_main/fineweb,12l_768d,12,768,12,2048,256,16,2,32768,100000000,4000000,3050,50,10,10,1337,rlb_lion,rlb_fused_global_rational,lion,0.0001,0.00001,0.10,200,0.90,0.95,0.00000001,1.0,0.95,5,match_rms_adamw,0.02,silu,identity,256,32,1,250,4,0.0,false,gpt2,607a30d783dfa663caf39e06633721c8d4cfcd7e,
100,12l_768d_100m_tokens_3050_steps_fineweb_seed1337_silu_soap,12l_768d_100m_tokens_3050_steps,fineweb,HuggingFaceFW/fineweb,sample-10BT,9bb295ddab0e05d785b879661af7260fed5140fc,true,text,train,train,0,0,0,210000000,experiments/cache/tokens_iclr26_main/fineweb,12l_768d,12,768,12,2048,256,16,2,32768,100000000,4000000,3050,50,10,10,1337,silu_soap,silu,soap_adamw,0.0003,0.00003,0.10,200,0.90,0.95,0.00000001,1.0,0.95,5,match_rms_adamw,0.02,silu,identity,256,32,1,250,4,0.0,false,gpt2,607a30d783dfa663caf39e06633721c8d4cfcd7e,--soap-precondition-frequency 50 --no-soap-one-sided
101,12l_768d_100m_tokens_3050_steps_fineweb_seed1337_rlb_soap,12l_768d_100m_tokens_3050_steps,fineweb,HuggingFaceFW/fineweb,sample-10BT,9bb295ddab0e05d785b879661af7260fed5140fc,true,text,train,train,0,0,0,210000000,experiments/cache/tokens_iclr26_main/fineweb,12l_768d,12,768,12,2048,256,16,2,32768,100000000,4000000,3050,50,10,10,1337,rlb_soap,rlb_fused_global_rational,soap_adamw,0.0003,0.00003,0.10,200,0.90,0.95,0.00000001,1.0,0.95,5,match_rms_adamw,0.02,silu,identity,256,32,1,250,4,0.0,false,gpt2,607a30d783dfa663caf39e06633721c8d4cfcd7e,--soap-precondition-frequency 50 --no-soap-one-sided
102,12l_768d_100m_tokens_3050_steps_fineweb_seed1337_silu_ademamix,12l_768d_100m_tokens_3050_steps,fineweb,HuggingFaceFW/fineweb,sample-10BT,9bb295ddab0e05d785b879661af7260fed5140fc,true,text,train,train,0,0,0,210000000,experiments/cache/tokens_iclr26_main/fineweb,12l_768d,12,768,12,2048,256,16,2,32768,100000000,4000000,3050,50,10,10,1337,silu_ademamix,silu,ademamix,0.0003,0.00003,0.10,200,0.90,0.95,0.00000001,1.0,0.95,5,match_rms_adamw,0.02,silu,identity,256,32,1,250,4,0.0,false,gpt2,607a30d783dfa663caf39e06633721c8d4cfcd7e,--ademamix-alpha 5.0 --ademamix-beta3 0.9999
103,12l_768d_100m_tokens_3050_steps_fineweb_seed1337_rlb_ademamix,12l_768d_100m_tokens_3050_steps,fineweb,HuggingFaceFW/fineweb,sample-10BT,9bb295ddab0e05d785b879661af7260fed5140fc,true,text,train,train,0,0,0,210000000,experiments/cache/tokens_iclr26_main/fineweb,12l_768d,12,768,12,2048,256,16,2,32768,100000000,4000000,3050,50,10,10,1337,rlb_ademamix,rlb_fused_global_rational,ademamix,0.0003,0.00003,0.10,200,0.90,0.95,0.00000001,1.0,0.95,5,match_rms_adamw,0.02,silu,identity,256,32,1,250,4,0.0,false,gpt2,607a30d783dfa663caf39e06633721c8d4cfcd7e,--ademamix-alpha 5.0 --ademamix-beta3 0.9999
104,12l_768d_100m_tokens_3050_steps_fineweb_seed1337_silu_came,12l_768d_100m_tokens_3050_steps,fineweb,HuggingFaceFW/fineweb,sample-10BT,9bb295ddab0e05d785b879661af7260fed5140fc,true,text,train,train,0,0,0,210000000,experiments/cache/tokens_iclr26_main/fineweb,12l_768d,12,768,12,2048,256,16,2,32768,100000000,4000000,3050,50,10,10,1337,silu_came,silu,adafactor_came,0.0003,0.00003,0.10,200,0.90,0.95,0.00000001,1.0,0.95,5,match_rms_adamw,0.02,silu,identity,256,32,1,250,4,0.0,false,gpt2,607a30d783dfa663caf39e06633721c8d4cfcd7e,--came-confidence-scale 1.0
105,12l_768d_100m_tokens_3050_steps_fineweb_seed1337_rlb_came,12l_768d_100m_tokens_3050_steps,fineweb,HuggingFaceFW/fineweb,sample-10BT,9bb295ddab0e05d785b879661af7260fed5140fc,true,text,train,train,0,0,0,210000000,experiments/cache/tokens_iclr26_main/fineweb,12l_768d,12,768,12,2048,256,16,2,32768,100000000,4000000,3050,50,10,10,1337,rlb_came,rlb_fused_global_rational,adafactor_came,0.0003,0.00003,0.10,200,0.90,0.95,0.00000001,1.0,0.95,5,match_rms_adamw,0.02,silu,identity,256,32,1,250,4,0.0,false,gpt2,607a30d783dfa663caf39e06633721c8d4cfcd7e,--came-confidence-scale 1.0
106,12l_768d_100m_tokens_3050_steps_fineweb_seed1337_silu_schedulefree,12l_768d_100m_tokens_3050_steps,fineweb,HuggingFaceFW/fineweb,sample-10BT,9bb295ddab0e05d785b879661af7260fed5140fc,true,text,train,train,0,0,0,210000000,experiments/cache/tokens_iclr26_main/fineweb,12l_768d,12,768,12,2048,256,16,2,32768,100000000,4000000,3050,50,10,10,1337,silu_schedulefree,silu,schedule_free_adamw,0.0003,0.00003,0.10,200,0.90,0.95,0.00000001,1.0,0.95,5,match_rms_adamw,0.02,silu,identity,256,32,1,250,4,0.0,false,gpt2,607a30d783dfa663caf39e06633721c8d4cfcd7e,--schedule-free-beta1 0.90 --schedule-free-warmup-steps 0
107,12l_768d_100m_tokens_3050_steps_fineweb_seed1337_rlb_schedulefree,12l_768d_100m_tokens_3050_steps,fineweb,HuggingFaceFW/fineweb,sample-10BT,9bb295ddab0e05d785b879661af7260fed5140fc,true,text,train,train,0,0,0,210000000,experiments/cache/tokens_iclr26_main/fineweb,12l_768d,12,768,12,2048,256,16,2,32768,100000000,4000000,3050,50,10,10,1337,rlb_schedulefree,rlb_fused_global_rational,schedule_free_adamw,0.0003,0.00003,0.10,200,0.90,0.95,0.00000001,1.0,0.95,5,match_rms_adamw,0.02,silu,identity,256,32,1,250,4,0.0,false,gpt2,607a30d783dfa663caf39e06633721c8d4cfcd7e,--schedule-free-beta1 0.90 --schedule-free-warmup-steps 0
108,12l_768d_100m_tokens_3050_steps_fineweb_seed2027_silu_adamw,12l_768d_100m_tokens_3050_steps,fineweb,HuggingFaceFW/fineweb,sample-10BT,9bb295ddab0e05d785b879661af7260fed5140fc,true,text,train,train,0,0,0,210000000,experiments/cache/tokens_iclr26_main/fineweb,12l_768d,12,768,12,2048,256,16,2,32768,100000000,4000000,3050,50,10,10,2027,silu_adamw,silu,adamw,0.0003,0.00003,0.10,200,0.90,0.95,0.00000001,1.0,0.95,5,match_rms_adamw,0.02,silu,identity,256,32,1,250,4,0.0,false,gpt2,607a30d783dfa663caf39e06633721c8d4cfcd7e,
109,12l_768d_100m_tokens_3050_steps_fineweb_seed2027_rlb_adamw,12l_768d_100m_tokens_3050_steps,fineweb,HuggingFaceFW/fineweb,sample-10BT,9bb295ddab0e05d785b879661af7260fed5140fc,true,text,train,train,0,0,0,210000000,experiments/cache/tokens_iclr26_main/fineweb,12l_768d,12,768,12,2048,256,16,2,32768,100000000,4000000,3050,50,10,10,2027,rlb_adamw,rlb_fused_global_rational,adamw,0.0003,0.00003,0.10,200,0.90,0.95,0.00000001,1.0,0.95,5,match_rms_adamw,0.02,silu,identity,256,32,1,250,4,0.0,false,gpt2,607a30d783dfa663caf39e06633721c8d4cfcd7e,
110,12l_768d_100m_tokens_3050_steps_fineweb_seed2027_silu_muon,12l_768d_100m_tokens_3050_steps,fineweb,HuggingFaceFW/fineweb,sample-10BT,9bb295ddab0e05d785b879661af7260fed5140fc,true,text,train,train,0,0,0,210000000,experiments/cache/tokens_iclr26_main/fineweb,12l_768d,12,768,12,2048,256,16,2,32768,100000000,4000000,3050,50,10,10,2027,silu_muon,silu,muon,0.0003,0.00003,0.10,200,0.90,0.95,0.00000001,1.0,0.95,5,match_rms_adamw,0.02,silu,identity,256,32,1,250,4,0.0,false,gpt2,607a30d783dfa663caf39e06633721c8d4cfcd7e,--muon-momentum 0.95 --muon-ns-steps 5 --muon-adjust-lr-fn match_rms_adamw
111,12l_768d_100m_tokens_3050_steps_fineweb_seed2027_rlb_muon,12l_768d_100m_tokens_3050_steps,fineweb,HuggingFaceFW/fineweb,sample-10BT,9bb295ddab0e05d785b879661af7260fed5140fc,true,text,train,train,0,0,0,210000000,experiments/cache/tokens_iclr26_main/fineweb,12l_768d,12,768,12,2048,256,16,2,32768,100000000,4000000,3050,50,10,10,2027,rlb_muon,rlb_fused_global_rational,muon,0.0003,0.00003,0.10,200,0.90,0.95,0.00000001,1.0,0.95,5,match_rms_adamw,0.02,silu,identity,256,32,1,250,4,0.0,false,gpt2,607a30d783dfa663caf39e06633721c8d4cfcd7e,--muon-momentum 0.95 --muon-ns-steps 5 --muon-adjust-lr-fn match_rms_adamw
112,12l_768d_100m_tokens_3050_steps_fineweb_seed2027_silu_lion,12l_768d_100m_tokens_3050_steps,fineweb,HuggingFaceFW/fineweb,sample-10BT,9bb295ddab0e05d785b879661af7260fed5140fc,true,text,train,train,0,0,0,210000000,experiments/cache/tokens_iclr26_main/fineweb,12l_768d,12,768,12,2048,256,16,2,32768,100000000,4000000,3050,50,10,10,2027,silu_lion,silu,lion,0.0001,0.00001,0.10,200,0.90,0.95,0.00000001,1.0,0.95,5,match_rms_adamw,0.02,silu,identity,256,32,1,250,4,0.0,false,gpt2,607a30d783dfa663caf39e06633721c8d4cfcd7e,
113,12l_768d_100m_tokens_3050_steps_fineweb_seed2027_rlb_lion,12l_768d_100m_tokens_3050_steps,fineweb,HuggingFaceFW/fineweb,sample-10BT,9bb295ddab0e05d785b879661af7260fed5140fc,true,text,train,train,0,0,0,210000000,experiments/cache/tokens_iclr26_main/fineweb,12l_768d,12,768,12,2048,256,16,2,32768,100000000,4000000,3050,50,10,10,2027,rlb_lion,rlb_fused_global_rational,lion,0.0001,0.00001,0.10,200,0.90,0.95,0.00000001,1.0,0.95,5,match_rms_adamw,0.02,silu,identity,256,32,1,250,4,0.0,false,gpt2,607a30d783dfa663caf39e06633721c8d4cfcd7e,
114,12l_768d_100m_tokens_3050_steps_fineweb_seed2027_silu_soap,12l_768d_100m_tokens_3050_steps,fineweb,HuggingFaceFW/fineweb,sample-10BT,9bb295ddab0e05d785b879661af7260fed5140fc,true,text,train,train,0,0,0,210000000,experiments/cache/tokens_iclr26_main/fineweb,12l_768d,12,768,12,2048,256,16,2,32768,100000000,4000000,3050,50,10,10,2027,silu_soap,silu,soap_adamw,0.0003,0.00003,0.10,200,0.90,0.95,0.00000001,1.0,0.95,5,match_rms_adamw,0.02,silu,identity,256,32,1,250,4,0.0,false,gpt2,607a30d783dfa663caf39e06633721c8d4cfcd7e,--soap-precondition-frequency 50 --no-soap-one-sided
115,12l_768d_100m_tokens_3050_steps_fineweb_seed2027_rlb_soap,12l_768d_100m_tokens_3050_steps,fineweb,HuggingFaceFW/fineweb,sample-10BT,9bb295ddab0e05d785b879661af7260fed5140fc,true,text,train,train,0,0,0,210000000,experiments/cache/tokens_iclr26_main/fineweb,12l_768d,12,768,12,2048,256,16,2,32768,100000000,4000000,3050,50,10,10,2027,rlb_soap,rlb_fused_global_rational,soap_adamw,0.0003,0.00003,0.10,200,0.90,0.95,0.00000001,1.0,0.95,5,match_rms_adamw,0.02,silu,identity,256,32,1,250,4,0.0,false,gpt2,607a30d783dfa663caf39e06633721c8d4cfcd7e,--soap-precondition-frequency 50 --no-soap-one-sided
116,12l_768d_100m_tokens_3050_steps_fineweb_seed2027_silu_ademamix,12l_768d_100m_tokens_3050_steps,fineweb,HuggingFaceFW/fineweb,sample-10BT,9bb295ddab0e05d785b879661af7260fed5140fc,true,text,train,train,0,0,0,210000000,experiments/cache/tokens_iclr26_main/fineweb,12l_768d,12,768,12,2048,256,16,2,32768,100000000,4000000,3050,50,10,10,2027,silu_ademamix,silu,ademamix,0.0003,0.00003,0.10,200,0.90,0.95,0.00000001,1.0,0.95,5,match_rms_adamw,0.02,silu,identity,256,32,1,250,4,0.0,false,gpt2,607a30d783dfa663caf39e06633721c8d4cfcd7e,--ademamix-alpha 5.0 --ademamix-beta3 0.9999
117,12l_768d_100m_tokens_3050_steps_fineweb_seed2027_rlb_ademamix,12l_768d_100m_tokens_3050_steps,fineweb,HuggingFaceFW/fineweb,sample-10BT,9bb295ddab0e05d785b879661af7260fed5140fc,true,text,train,train,0,0,0,210000000,experiments/cache/tokens_iclr26_main/fineweb,12l_768d,12,768,12,2048,256,16,2,32768,100000000,4000000,3050,50,10,10,2027,rlb_ademamix,rlb_fused_global_rational,ademamix,0.0003,0.00003,0.10,200,0.90,0.95,0.00000001,1.0,0.95,5,match_rms_adamw,0.02,silu,identity,256,32,1,250,4,0.0,false,gpt2,607a30d783dfa663caf39e06633721c8d4cfcd7e,--ademamix-alpha 5.0 --ademamix-beta3 0.9999
118,12l_768d_100m_tokens_3050_steps_fineweb_seed2027_silu_came,12l_768d_100m_tokens_3050_steps,fineweb,HuggingFaceFW/fineweb,sample-10BT,9bb295ddab0e05d785b879661af7260fed5140fc,true,text,train,train,0,0,0,210000000,experiments/cache/tokens_iclr26_main/fineweb,12l_768d,12,768,12,2048,256,16,2,32768,100000000,4000000,3050,50,10,10,2027,silu_came,silu,adafactor_came,0.0003,0.00003,0.10,200,0.90,0.95,0.00000001,1.0,0.95,5,match_rms_adamw,0.02,silu,identity,256,32,1,250,4,0.0,false,gpt2,607a30d783dfa663caf39e06633721c8d4cfcd7e,--came-confidence-scale 1.0
119,12l_768d_100m_tokens_3050_steps_fineweb_seed2027_rlb_came,12l_768d_100m_tokens_3050_steps,fineweb,HuggingFaceFW/fineweb,sample-10BT,9bb295ddab0e05d785b879661af7260fed5140fc,true,text,train,train,0,0,0,210000000,experiments/cache/tokens_iclr26_main/fineweb,12l_768d,12,768,12,2048,256,16,2,32768,100000000,4000000,3050,50,10,10,2027,rlb_came,rlb_fused_global_rational,adafactor_came,0.0003,0.00003,0.10,200,0.90,0.95,0.00000001,1.0,0.95,5,match_rms_adamw,0.02,silu,identity,256,32,1,250,4,0.0,false,gpt2,607a30d783dfa663caf39e06633721c8d4cfcd7e,--came-confidence-scale 1.0
120,12l_768d_100m_tokens_3050_steps_fineweb_seed2027_silu_schedulefree,12l_768d_100m_tokens_3050_steps,fineweb,HuggingFaceFW/fineweb,sample-10BT,9bb295ddab0e05d785b879661af7260fed5140fc,true,text,train,train,0,0,0,210000000,experiments/cache/tokens_iclr26_main/fineweb,12l_768d,12,768,12,2048,256,16,2,32768,100000000,4000000,3050,50,10,10,2027,silu_schedulefree,silu,schedule_free_adamw,0.0003,0.00003,0.10,200,0.90,0.95,0.00000001,1.0,0.95,5,match_rms_adamw,0.02,silu,identity,256,32,1,250,4,0.0,false,gpt2,607a30d783dfa663caf39e06633721c8d4cfcd7e,--schedule-free-beta1 0.90 --schedule-free-warmup-steps 0
121,12l_768d_100m_tokens_3050_steps_fineweb_seed2027_rlb_schedulefree,12l_768d_100m_tokens_3050_steps,fineweb,HuggingFaceFW/fineweb,sample-10BT,9bb295ddab0e05d785b879661af7260fed5140fc,true,text,train,train,0,0,0,210000000,experiments/cache/tokens_iclr26_main/fineweb,12l_768d,12,768,12,2048,256,16,2,32768,100000000,4000000,3050,50,10,10,2027,rlb_schedulefree,rlb_fused_global_rational,schedule_free_adamw,0.0003,0.00003,0.10,200,0.90,0.95,0.00000001,1.0,0.95,5,match_rms_adamw,0.02,silu,identity,256,32,1,250,4,0.0,false,gpt2,607a30d783dfa663caf39e06633721c8d4cfcd7e,--schedule-free-beta1 0.90 --schedule-free-warmup-steps 0
122,12l_768d_100m_tokens_3050_steps_fineweb_seed3407_silu_adamw,12l_768d_100m_tokens_3050_steps,fineweb,HuggingFaceFW/fineweb,sample-10BT,9bb295ddab0e05d785b879661af7260fed5140fc,true,text,train,train,0,0,0,210000000,experiments/cache/tokens_iclr26_main/fineweb,12l_768d,12,768,12,2048,256,16,2,32768,100000000,4000000,3050,50,10,10,3407,silu_adamw,silu,adamw,0.0003,0.00003,0.10,200,0.90,0.95,0.00000001,1.0,0.95,5,match_rms_adamw,0.02,silu,identity,256,32,1,250,4,0.0,false,gpt2,607a30d783dfa663caf39e06633721c8d4cfcd7e,
123,12l_768d_100m_tokens_3050_steps_fineweb_seed3407_rlb_adamw,12l_768d_100m_tokens_3050_steps,fineweb,HuggingFaceFW/fineweb,sample-10BT,9bb295ddab0e05d785b879661af7260fed5140fc,true,text,train,train,0,0,0,210000000,experiments/cache/tokens_iclr26_main/fineweb,12l_768d,12,768,12,2048,256,16,2,32768,100000000,4000000,3050,50,10,10,3407,rlb_adamw,rlb_fused_global_rational,adamw,0.0003,0.00003,0.10,200,0.90,0.95,0.00000001,1.0,0.95,5,match_rms_adamw,0.02,silu,identity,256,32,1,250,4,0.0,false,gpt2,607a30d783dfa663caf39e06633721c8d4cfcd7e,
124,12l_768d_100m_tokens_3050_steps_fineweb_seed3407_silu_muon,12l_768d_100m_tokens_3050_steps,fineweb,HuggingFaceFW/fineweb,sample-10BT,9bb295ddab0e05d785b879661af7260fed5140fc,true,text,train,train,0,0,0,210000000,experiments/cache/tokens_iclr26_main/fineweb,12l_768d,12,768,12,2048,256,16,2,32768,100000000,4000000,3050,50,10,10,3407,silu_muon,silu,muon,0.0003,0.00003,0.10,200,0.90,0.95,0.00000001,1.0,0.95,5,match_rms_adamw,0.02,silu,identity,256,32,1,250,4,0.0,false,gpt2,607a30d783dfa663caf39e06633721c8d4cfcd7e,--muon-momentum 0.95 --muon-ns-steps 5 --muon-adjust-lr-fn match_rms_adamw
125,12l_768d_100m_tokens_3050_steps_fineweb_seed3407_rlb_muon,12l_768d_100m_tokens_3050_steps,fineweb,HuggingFaceFW/fineweb,sample-10BT,9bb295ddab0e05d785b879661af7260fed5140fc,true,text,train,train,0,0,0,210000000,experiments/cache/tokens_iclr26_main/fineweb,12l_768d,12,768,12,2048,256,16,2,32768,100000000,4000000,3050,50,10,10,3407,rlb_muon,rlb_fused_global_rational,muon,0.0003,0.00003,0.10,200,0.90,0.95,0.00000001,1.0,0.95,5,match_rms_adamw,0.02,silu,identity,256,32,1,250,4,0.0,false,gpt2,607a30d783dfa663caf39e06633721c8d4cfcd7e,--muon-momentum 0.95 --muon-ns-steps 5 --muon-adjust-lr-fn match_rms_adamw
126,12l_768d_100m_tokens_3050_steps_fineweb_seed3407_silu_lion,12l_768d_100m_tokens_3050_steps,fineweb,HuggingFaceFW/fineweb,sample-10BT,9bb295ddab0e05d785b879661af7260fed5140fc,true,text,train,train,0,0,0,210000000,experiments/cache/tokens_iclr26_main/fineweb,12l_768d,12,768,12,2048,256,16,2,32768,100000000,4000000,3050,50,10,10,3407,silu_lion,silu,lion,0.0001,0.00001,0.10,200,0.90,0.95,0.00000001,1.0,0.95,5,match_rms_adamw,0.02,silu,identity,256,32,1,250,4,0.0,false,gpt2,607a30d783dfa663caf39e06633721c8d4cfcd7e,
127,12l_768d_100m_tokens_3050_steps_fineweb_seed3407_rlb_lion,12l_768d_100m_tokens_3050_steps,fineweb,HuggingFaceFW/fineweb,sample-10BT,9bb295ddab0e05d785b879661af7260fed5140fc,true,text,train,train,0,0,0,210000000,experiments/cache/tokens_iclr26_main/fineweb,12l_768d,12,768,12,2048,256,16,2,32768,100000000,4000000,3050,50,10,10,3407,rlb_lion,rlb_fused_global_rational,lion,0.0001,0.00001,0.10,200,0.90,0.95,0.00000001,1.0,0.95,5,match_rms_adamw,0.02,silu,identity,256,32,1,250,4,0.0,false,gpt2,607a30d783dfa663caf39e06633721c8d4cfcd7e,
128,12l_768d_100m_tokens_3050_steps_fineweb_seed3407_silu_soap,12l_768d_100m_tokens_3050_steps,fineweb,HuggingFaceFW/fineweb,sample-10BT,9bb295ddab0e05d785b879661af7260fed5140fc,true,text,train,train,0,0,0,210000000,experiments/cache/tokens_iclr26_main/fineweb,12l_768d,12,768,12,2048,256,16,2,32768,100000000,4000000,3050,50,10,10,3407,silu_soap,silu,soap_adamw,0.0003,0.00003,0.10,200,0.90,0.95,0.00000001,1.0,0.95,5,match_rms_adamw,0.02,silu,identity,256,32,1,250,4,0.0,false,gpt2,607a30d783dfa663caf39e06633721c8d4cfcd7e,--soap-precondition-frequency 50 --no-soap-one-sided
129,12l_768d_100m_tokens_3050_steps_fineweb_seed3407_rlb_soap,12l_768d_100m_tokens_3050_steps,fineweb,HuggingFaceFW/fineweb,sample-10BT,9bb295ddab0e05d785b879661af7260fed5140fc,true,text,train,train,0,0,0,210000000,experiments/cache/tokens_iclr26_main/fineweb,12l_768d,12,768,12,2048,256,16,2,32768,100000000,4000000,3050,50,10,10,3407,rlb_soap,rlb_fused_global_rational,soap_adamw,0.0003,0.00003,0.10,200,0.90,0.95,0.00000001,1.0,0.95,5,match_rms_adamw,0.02,silu,identity,256,32,1,250,4,0.0,false,gpt2,607a30d783dfa663caf39e06633721c8d4cfcd7e,--soap-precondition-frequency 50 --no-soap-one-sided
130,12l_768d_100m_tokens_3050_steps_fineweb_seed3407_silu_ademamix,12l_768d_100m_tokens_3050_steps,fineweb,HuggingFaceFW/fineweb,sample-10BT,9bb295ddab0e05d785b879661af7260fed5140fc,true,text,train,train,0,0,0,210000000,experiments/cache/tokens_iclr26_main/fineweb,12l_768d,12,768,12,2048,256,16,2,32768,100000000,4000000,3050,50,10,10,3407,silu_ademamix,silu,ademamix,0.0003,0.00003,0.10,200,0.90,0.95,0.00000001,1.0,0.95,5,match_rms_adamw,0.02,silu,identity,256,32,1,250,4,0.0,false,gpt2,607a30d783dfa663caf39e06633721c8d4cfcd7e,--ademamix-alpha 5.0 --ademamix-beta3 0.9999
131,12l_768d_100m_tokens_3050_steps_fineweb_seed3407_rlb_ademamix,12l_768d_100m_tokens_3050_steps,fineweb,HuggingFaceFW/fineweb,sample-10BT,9bb295ddab0e05d785b879661af7260fed5140fc,true,text,train,train,0,0,0,210000000,experiments/cache/tokens_iclr26_main/fineweb,12l_768d,12,768,12,2048,256,16,2,32768,100000000,4000000,3050,50,10,10,3407,rlb_ademamix,rlb_fused_global_rational,ademamix,0.0003,0.00003,0.10,200,0.90,0.95,0.00000001,1.0,0.95,5,match_rms_adamw,0.02,silu,identity,256,32,1,250,4,0.0,false,gpt2,607a30d783dfa663caf39e06633721c8d4cfcd7e,--ademamix-alpha 5.0 --ademamix-beta3 0.9999
132,12l_768d_100m_tokens_3050_steps_fineweb_seed3407_silu_came,12l_768d_100m_tokens_3050_steps,fineweb,HuggingFaceFW/fineweb,sample-10BT,9bb295ddab0e05d785b879661af7260fed5140fc,true,text,train,train,0,0,0,210000000,experiments/cache/tokens_iclr26_main/fineweb,12l_768d,12,768,12,2048,256,16,2,32768,100000000,4000000,3050,50,10,10,3407,silu_came,silu,adafactor_came,0.0003,0.00003,0.10,200,0.90,0.95,0.00000001,1.0,0.95,5,match_rms_adamw,0.02,silu,identity,256,32,1,250,4,0.0,false,gpt2,607a30d783dfa663caf39e06633721c8d4cfcd7e,--came-confidence-scale 1.0
133,12l_768d_100m_tokens_3050_steps_fineweb_seed3407_rlb_came,12l_768d_100m_tokens_3050_steps,fineweb,HuggingFaceFW/fineweb,sample-10BT,9bb295ddab0e05d785b879661af7260fed5140fc,true,text,train,train,0,0,0,210000000,experiments/cache/tokens_iclr26_main/fineweb,12l_768d,12,768,12,2048,256,16,2,32768,100000000,4000000,3050,50,10,10,3407,rlb_came,rlb_fused_global_rational,adafactor_came,0.0003,0.00003,0.10,200,0.90,0.95,0.00000001,1.0,0.95,5,match_rms_adamw,0.02,silu,identity,256,32,1,250,4,0.0,false,gpt2,607a30d783dfa663caf39e06633721c8d4cfcd7e,--came-confidence-scale 1.0
134,12l_768d_100m_tokens_3050_steps_fineweb_seed3407_silu_schedulefree,12l_768d_100m_tokens_3050_steps,fineweb,HuggingFaceFW/fineweb,sample-10BT,9bb295ddab0e05d785b879661af7260fed5140fc,true,text,train,train,0,0,0,210000000,experiments/cache/tokens_iclr26_main/fineweb,12l_768d,12,768,12,2048,256,16,2,32768,100000000,4000000,3050,50,10,10,3407,silu_schedulefree,silu,schedule_free_adamw,0.0003,0.00003,0.10,200,0.90,0.95,0.00000001,1.0,0.95,5,match_rms_adamw,0.02,silu,identity,256,32,1,250,4,0.0,false,gpt2,607a30d783dfa663caf39e06633721c8d4cfcd7e,--schedule-free-beta1 0.90 --schedule-free-warmup-steps 0
135,12l_768d_100m_tokens_3050_steps_fineweb_seed3407_rlb_schedulefree,12l_768d_100m_tokens_3050_steps,fineweb,HuggingFaceFW/fineweb,sample-10BT,9bb295ddab0e05d785b879661af7260fed5140fc,true,text,train,train,0,0,0,210000000,experiments/cache/tokens_iclr26_main/fineweb,12l_768d,12,768,12,2048,256,16,2,32768,100000000,4000000,3050,50,10,10,3407,rlb_schedulefree,rlb_fused_global_rational,schedule_free_adamw,0.0003,0.00003,0.10,200,0.90,0.95,0.00000001,1.0,0.95,5,match_rms_adamw,0.02,silu,identity,256,32,1,250,4,0.0,false,gpt2,607a30d783dfa663caf39e06633721c8d4cfcd7e,--schedule-free-beta1 0.90 --schedule-free-warmup-steps 0
136,12l_768d_100m_tokens_3050_steps_dolma_sample_seed1337_silu_adamw,12l_768d_100m_tokens_3050_steps,dolma_sample,allenai/dolma,v1_6-sample,7f48140530a023e9ea4c5cfb141160922727d4d3,true,text,train,train,0,0,0,210000000,experiments/cache/tokens_iclr26_main/dolma_sample,12l_768d,12,768,12,2048,256,16,2,32768,100000000,4000000,3050,50,10,10,1337,silu_adamw,silu,adamw,0.0003,0.00003,0.10,200,0.90,0.95,0.00000001,1.0,0.95,5,match_rms_adamw,0.02,silu,identity,256,32,1,250,4,0.0,false,gpt2,607a30d783dfa663caf39e06633721c8d4cfcd7e,
137,12l_768d_100m_tokens_3050_steps_dolma_sample_seed1337_rlb_adamw,12l_768d_100m_tokens_3050_steps,dolma_sample,allenai/dolma,v1_6-sample,7f48140530a023e9ea4c5cfb141160922727d4d3,true,text,train,train,0,0,0,210000000,experiments/cache/tokens_iclr26_main/dolma_sample,12l_768d,12,768,12,2048,256,16,2,32768,100000000,4000000,3050,50,10,10,1337,rlb_adamw,rlb_fused_global_rational,adamw,0.0003,0.00003,0.10,200,0.90,0.95,0.00000001,1.0,0.95,5,match_rms_adamw,0.02,silu,identity,256,32,1,250,4,0.0,false,gpt2,607a30d783dfa663caf39e06633721c8d4cfcd7e,
138,12l_768d_100m_tokens_3050_steps_dolma_sample_seed1337_silu_muon,12l_768d_100m_tokens_3050_steps,dolma_sample,allenai/dolma,v1_6-sample,7f48140530a023e9ea4c5cfb141160922727d4d3,true,text,train,train,0,0,0,210000000,experiments/cache/tokens_iclr26_main/dolma_sample,12l_768d,12,768,12,2048,256,16,2,32768,100000000,4000000,3050,50,10,10,1337,silu_muon,silu,muon,0.0003,0.00003,0.10,200,0.90,0.95,0.00000001,1.0,0.95,5,match_rms_adamw,0.02,silu,identity,256,32,1,250,4,0.0,false,gpt2,607a30d783dfa663caf39e06633721c8d4cfcd7e,--muon-momentum 0.95 --muon-ns-steps 5 --muon-adjust-lr-fn match_rms_adamw
139,12l_768d_100m_tokens_3050_steps_dolma_sample_seed1337_rlb_muon,12l_768d_100m_tokens_3050_steps,dolma_sample,allenai/dolma,v1_6-sample,7f48140530a023e9ea4c5cfb141160922727d4d3,true,text,train,train,0,0,0,210000000,experiments/cache/tokens_iclr26_main/dolma_sample,12l_768d,12,768,12,2048,256,16,2,32768,100000000,4000000,3050,50,10,10,1337,rlb_muon,rlb_fused_global_rational,muon,0.0003,0.00003,0.10,200,0.90,0.95,0.00000001,1.0,0.95,5,match_rms_adamw,0.02,silu,identity,256,32,1,250,4,0.0,false,gpt2,607a30d783dfa663caf39e06633721c8d4cfcd7e,--muon-momentum 0.95 --muon-ns-steps 5 --muon-adjust-lr-fn match_rms_adamw
140,12l_768d_100m_tokens_3050_steps_dolma_sample_seed1337_silu_lion,12l_768d_100m_tokens_3050_steps,dolma_sample,allenai/dolma,v1_6-sample,7f48140530a023e9ea4c5cfb141160922727d4d3,true,text,train,train,0,0,0,210000000,experiments/cache/tokens_iclr26_main/dolma_sample,12l_768d,12,768,12,2048,256,16,2,32768,100000000,4000000,3050,50,10,10,1337,silu_lion,silu,lion,0.0001,0.00001,0.10,200,0.90,0.95,0.00000001,1.0,0.95,5,match_rms_adamw,0.02,silu,identity,256,32,1,250,4,0.0,false,gpt2,607a30d783dfa663caf39e06633721c8d4cfcd7e,
141,12l_768d_100m_tokens_3050_steps_dolma_sample_seed1337_rlb_lion,12l_768d_100m_tokens_3050_steps,dolma_sample,allenai/dolma,v1_6-sample,7f48140530a023e9ea4c5cfb141160922727d4d3,true,text,train,train,0,0,0,210000000,experiments/cache/tokens_iclr26_main/dolma_sample,12l_768d,12,768,12,2048,256,16,2,32768,100000000,4000000,3050,50,10,10,1337,rlb_lion,rlb_fused_global_rational,lion,0.0001,0.00001,0.10,200,0.90,0.95,0.00000001,1.0,0.95,5,match_rms_adamw,0.02,silu,identity,256,32,1,250,4,0.0,false,gpt2,607a30d783dfa663caf39e06633721c8d4cfcd7e,
142,12l_768d_100m_tokens_3050_steps_dolma_sample_seed1337_silu_soap,12l_768d_100m_tokens_3050_steps,dolma_sample,allenai/dolma,v1_6-sample,7f48140530a023e9ea4c5cfb141160922727d4d3,true,text,train,train,0,0,0,210000000,experiments/cache/tokens_iclr26_main/dolma_sample,12l_768d,12,768,12,2048,256,16,2,32768,100000000,4000000,3050,50,10,10,1337,silu_soap,silu,soap_adamw,0.0003,0.00003,0.10,200,0.90,0.95,0.00000001,1.0,0.95,5,match_rms_adamw,0.02,silu,identity,256,32,1,250,4,0.0,false,gpt2,607a30d783dfa663caf39e06633721c8d4cfcd7e,--soap-precondition-frequency 50 --no-soap-one-sided
143,12l_768d_100m_tokens_3050_steps_dolma_sample_seed1337_rlb_soap,12l_768d_100m_tokens_3050_steps,dolma_sample,allenai/dolma,v1_6-sample,7f48140530a023e9ea4c5cfb141160922727d4d3,true,text,train,train,0,0,0,210000000,experiments/cache/tokens_iclr26_main/dolma_sample,12l_768d,12,768,12,2048,256,16,2,32768,100000000,4000000,3050,50,10,10,1337,rlb_soap,rlb_fused_global_rational,soap_adamw,0.0003,0.00003,0.10,200,0.90,0.95,0.00000001,1.0,0.95,5,match_rms_adamw,0.02,silu,identity,256,32,1,250,4,0.0,false,gpt2,607a30d783dfa663caf39e06633721c8d4cfcd7e,--soap-precondition-frequency 50 --no-soap-one-sided
144,12l_768d_100m_tokens_3050_steps_dolma_sample_seed1337_silu_ademamix,12l_768d_100m_tokens_3050_steps,dolma_sample,allenai/dolma,v1_6-sample,7f48140530a023e9ea4c5cfb141160922727d4d3,true,text,train,train,0,0,0,210000000,experiments/cache/tokens_iclr26_main/dolma_sample,12l_768d,12,768,12,2048,256,16,2,32768,100000000,4000000,3050,50,10,10,1337,silu_ademamix,silu,ademamix,0.0003,0.00003,0.10,200,0.90,0.95,0.00000001,1.0,0.95,5,match_rms_adamw,0.02,silu,identity,256,32,1,250,4,0.0,false,gpt2,607a30d783dfa663caf39e06633721c8d4cfcd7e,--ademamix-alpha 5.0 --ademamix-beta3 0.9999
145,12l_768d_100m_tokens_3050_steps_dolma_sample_seed1337_rlb_ademamix,12l_768d_100m_tokens_3050_steps,dolma_sample,allenai/dolma,v1_6-sample,7f48140530a023e9ea4c5cfb141160922727d4d3,true,text,train,train,0,0,0,210000000,experiments/cache/tokens_iclr26_main/dolma_sample,12l_768d,12,768,12,2048,256,16,2,32768,100000000,4000000,3050,50,10,10,1337,rlb_ademamix,rlb_fused_global_rational,ademamix,0.0003,0.00003,0.10,200,0.90,0.95,0.00000001,1.0,0.95,5,match_rms_adamw,0.02,silu,identity,256,32,1,250,4,0.0,false,gpt2,607a30d783dfa663caf39e06633721c8d4cfcd7e,--ademamix-alpha 5.0 --ademamix-beta3 0.9999
146,12l_768d_100m_tokens_3050_steps_dolma_sample_seed1337_silu_came,12l_768d_100m_tokens_3050_steps,dolma_sample,allenai/dolma,v1_6-sample,7f48140530a023e9ea4c5cfb141160922727d4d3,true,text,train,train,0,0,0,210000000,experiments/cache/tokens_iclr26_main/dolma_sample,12l_768d,12,768,12,2048,256,16,2,32768,100000000,4000000,3050,50,10,10,1337,silu_came,silu,adafactor_came,0.0003,0.00003,0.10,200,0.90,0.95,0.00000001,1.0,0.95,5,match_rms_adamw,0.02,silu,identity,256,32,1,250,4,0.0,false,gpt2,607a30d783dfa663caf39e06633721c8d4cfcd7e,--came-confidence-scale 1.0
147,12l_768d_100m_tokens_3050_steps_dolma_sample_seed1337_rlb_came,12l_768d_100m_tokens_3050_steps,dolma_sample,allenai/dolma,v1_6-sample,7f48140530a023e9ea4c5cfb141160922727d4d3,true,text,train,train,0,0,0,210000000,experiments/cache/tokens_iclr26_main/dolma_sample,12l_768d,12,768,12,2048,256,16,2,32768,100000000,4000000,3050,50,10,10,1337,rlb_came,rlb_fused_global_rational,adafactor_came,0.0003,0.00003,0.10,200,0.90,0.95,0.00000001,1.0,0.95,5,match_rms_adamw,0.02,silu,identity,256,32,1,250,4,0.0,false,gpt2,607a30d783dfa663caf39e06633721c8d4cfcd7e,--came-confidence-scale 1.0
148,12l_768d_100m_tokens_3050_steps_dolma_sample_seed1337_silu_schedulefree,12l_768d_100m_tokens_3050_steps,dolma_sample,allenai/dolma,v1_6-sample,7f48140530a023e9ea4c5cfb141160922727d4d3,true,text,train,train,0,0,0,210000000,experiments/cache/tokens_iclr26_main/dolma_sample,12l_768d,12,768,12,2048,256,16,2,32768,100000000,4000000,3050,50,10,10,1337,silu_schedulefree,silu,schedule_free_adamw,0.0003,0.00003,0.10,200,0.90,0.95,0.00000001,1.0,0.95,5,match_rms_adamw,0.02,silu,identity,256,32,1,250,4,0.0,false,gpt2,607a30d783dfa663caf39e06633721c8d4cfcd7e,--schedule-free-beta1 0.90 --schedule-free-warmup-steps 0
149,12l_768d_100m_tokens_3050_steps_dolma_sample_seed1337_rlb_schedulefree,12l_768d_100m_tokens_3050_steps,dolma_sample,allenai/dolma,v1_6-sample,7f48140530a023e9ea4c5cfb141160922727d4d3,true,text,train,train,0,0,0,210000000,experiments/cache/tokens_iclr26_main/dolma_sample,12l_768d,12,768,12,2048,256,16,2,32768,100000000,4000000,3050,50,10,10,1337,rlb_schedulefree,rlb_fused_global_rational,schedule_free_adamw,0.0003,0.00003,0.10,200,0.90,0.95,0.00000001,1.0,0.95,5,match_rms_adamw,0.02,silu,identity,256,32,1,250,4,0.0,false,gpt2,607a30d783dfa663caf39e06633721c8d4cfcd7e,--schedule-free-beta1 0.90 --schedule-free-warmup-steps 0
150,12l_768d_100m_tokens_3050_steps_dolma_sample_seed2027_silu_adamw,12l_768d_100m_tokens_3050_steps,dolma_sample,allenai/dolma,v1_6-sample,7f48140530a023e9ea4c5cfb141160922727d4d3,true,text,train,train,0,0,0,210000000,experiments/cache/tokens_iclr26_main/dolma_sample,12l_768d,12,768,12,2048,256,16,2,32768,100000000,4000000,3050,50,10,10,2027,silu_adamw,silu,adamw,0.0003,0.00003,0.10,200,0.90,0.95,0.00000001,1.0,0.95,5,match_rms_adamw,0.02,silu,identity,256,32,1,250,4,0.0,false,gpt2,607a30d783dfa663caf39e06633721c8d4cfcd7e,
151,12l_768d_100m_tokens_3050_steps_dolma_sample_seed2027_rlb_adamw,12l_768d_100m_tokens_3050_steps,dolma_sample,allenai/dolma,v1_6-sample,7f48140530a023e9ea4c5cfb141160922727d4d3,true,text,train,train,0,0,0,210000000,experiments/cache/tokens_iclr26_main/dolma_sample,12l_768d,12,768,12,2048,256,16,2,32768,100000000,4000000,3050,50,10,10,2027,rlb_adamw,rlb_fused_global_rational,adamw,0.0003,0.00003,0.10,200,0.90,0.95,0.00000001,1.0,0.95,5,match_rms_adamw,0.02,silu,identity,256,32,1,250,4,0.0,false,gpt2,607a30d783dfa663caf39e06633721c8d4cfcd7e,
152,12l_768d_100m_tokens_3050_steps_dolma_sample_seed2027_silu_muon,12l_768d_100m_tokens_3050_steps,dolma_sample,allenai/dolma,v1_6-sample,7f48140530a023e9ea4c5cfb141160922727d4d3,true,text,train,train,0,0,0,210000000,experiments/cache/tokens_iclr26_main/dolma_sample,12l_768d,12,768,12,2048,256,16,2,32768,100000000,4000000,3050,50,10,10,2027,silu_muon,silu,muon,0.0003,0.00003,0.10,200,0.90,0.95,0.00000001,1.0,0.95,5,match_rms_adamw,0.02,silu,identity,256,32,1,250,4,0.0,false,gpt2,607a30d783dfa663caf39e06633721c8d4cfcd7e,--muon-momentum 0.95 --muon-ns-steps 5 --muon-adjust-lr-fn match_rms_adamw
153,12l_768d_100m_tokens_3050_steps_dolma_sample_seed2027_rlb_muon,12l_768d_100m_tokens_3050_steps,dolma_sample,allenai/dolma,v1_6-sample,7f48140530a023e9ea4c5cfb141160922727d4d3,true,text,train,train,0,0,0,210000000,experiments/cache/tokens_iclr26_main/dolma_sample,12l_768d,12,768,12,2048,256,16,2,32768,100000000,4000000,3050,50,10,10,2027,rlb_muon,rlb_fused_global_rational,muon,0.0003,0.00003,0.10,200,0.90,0.95,0.00000001,1.0,0.95,5,match_rms_adamw,0.02,silu,identity,256,32,1,250,4,0.0,false,gpt2,607a30d783dfa663caf39e06633721c8d4cfcd7e,--muon-momentum 0.95 --muon-ns-steps 5 --muon-adjust-lr-fn match_rms_adamw
154,12l_768d_100m_tokens_3050_steps_dolma_sample_seed2027_silu_lion,12l_768d_100m_tokens_3050_steps,dolma_sample,allenai/dolma,v1_6-sample,7f48140530a023e9ea4c5cfb141160922727d4d3,true,text,train,train,0,0,0,210000000,experiments/cache/tokens_iclr26_main/dolma_sample,12l_768d,12,768,12,2048,256,16,2,32768,100000000,4000000,3050,50,10,10,2027,silu_lion,silu,lion,0.0001,0.00001,0.10,200,0.90,0.95,0.00000001,1.0,0.95,5,match_rms_adamw,0.02,silu,identity,256,32,1,250,4,0.0,false,gpt2,607a30d783dfa663caf39e06633721c8d4cfcd7e,
155,12l_768d_100m_tokens_3050_steps_dolma_sample_seed2027_rlb_lion,12l_768d_100m_tokens_3050_steps,dolma_sample,allenai/dolma,v1_6-sample,7f48140530a023e9ea4c5cfb141160922727d4d3,true,text,train,train,0,0,0,210000000,experiments/cache/tokens_iclr26_main/dolma_sample,12l_768d,12,768,12,2048,256,16,2,32768,100000000,4000000,3050,50,10,10,2027,rlb_lion,rlb_fused_global_rational,lion,0.0001,0.00001,0.10,200,0.90,0.95,0.00000001,1.0,0.95,5,match_rms_adamw,0.02,silu,identity,256,32,1,250,4,0.0,false,gpt2,607a30d783dfa663caf39e06633721c8d4cfcd7e,
156,12l_768d_100m_tokens_3050_steps_dolma_sample_seed2027_silu_soap,12l_768d_100m_tokens_3050_steps,dolma_sample,allenai/dolma,v1_6-sample,7f48140530a023e9ea4c5cfb141160922727d4d3,true,text,train,train,0,0,0,210000000,experiments/cache/tokens_iclr26_main/dolma_sample,12l_768d,12,768,12,2048,256,16,2,32768,100000000,4000000,3050,50,10,10,2027,silu_soap,silu,soap_adamw,0.0003,0.00003,0.10,200,0.90,0.95,0.00000001,1.0,0.95,5,match_rms_adamw,0.02,silu,identity,256,32,1,250,4,0.0,false,gpt2,607a30d783dfa663caf39e06633721c8d4cfcd7e,--soap-precondition-frequency 50 --no-soap-one-sided
157,12l_768d_100m_tokens_3050_steps_dolma_sample_seed2027_rlb_soap,12l_768d_100m_tokens_3050_steps,dolma_sample,allenai/dolma,v1_6-sample,7f48140530a023e9ea4c5cfb141160922727d4d3,true,text,train,train,0,0,0,210000000,experiments/cache/tokens_iclr26_main/dolma_sample,12l_768d,12,768,12,2048,256,16,2,32768,100000000,4000000,3050,50,10,10,2027,rlb_soap,rlb_fused_global_rational,soap_adamw,0.0003,0.00003,0.10,200,0.90,0.95,0.00000001,1.0,0.95,5,match_rms_adamw,0.02,silu,identity,256,32,1,250,4,0.0,false,gpt2,607a30d783dfa663caf39e06633721c8d4cfcd7e,--soap-precondition-frequency 50 --no-soap-one-sided
158,12l_768d_100m_tokens_3050_steps_dolma_sample_seed2027_silu_ademamix,12l_768d_100m_tokens_3050_steps,dolma_sample,allenai/dolma,v1_6-sample,7f48140530a023e9ea4c5cfb141160922727d4d3,true,text,train,train,0,0,0,210000000,experiments/cache/tokens_iclr26_main/dolma_sample,12l_768d,12,768,12,2048,256,16,2,32768,100000000,4000000,3050,50,10,10,2027,silu_ademamix,silu,ademamix,0.0003,0.00003,0.10,200,0.90,0.95,0.00000001,1.0,0.95,5,match_rms_adamw,0.02,silu,identity,256,32,1,250,4,0.0,false,gpt2,607a30d783dfa663caf39e06633721c8d4cfcd7e,--ademamix-alpha 5.0 --ademamix-beta3 0.9999
159,12l_768d_100m_tokens_3050_steps_dolma_sample_seed2027_rlb_ademamix,12l_768d_100m_tokens_3050_steps,dolma_sample,allenai/dolma,v1_6-sample,7f48140530a023e9ea4c5cfb141160922727d4d3,true,text,train,train,0,0,0,210000000,experiments/cache/tokens_iclr26_main/dolma_sample,12l_768d,12,768,12,2048,256,16,2,32768,100000000,4000000,3050,50,10,10,2027,rlb_ademamix,rlb_fused_global_rational,ademamix,0.0003,0.00003,0.10,200,0.90,0.95,0.00000001,1.0,0.95,5,match_rms_adamw,0.02,silu,identity,256,32,1,250,4,0.0,false,gpt2,607a30d783dfa663caf39e06633721c8d4cfcd7e,--ademamix-alpha 5.0 --ademamix-beta3 0.9999
160,12l_768d_100m_tokens_3050_steps_dolma_sample_seed2027_silu_came,12l_768d_100m_tokens_3050_steps,dolma_sample,allenai/dolma,v1_6-sample,7f48140530a023e9ea4c5cfb141160922727d4d3,true,text,train,train,0,0,0,210000000,experiments/cache/tokens_iclr26_main/dolma_sample,12l_768d,12,768,12,2048,256,16,2,32768,100000000,4000000,3050,50,10,10,2027,silu_came,silu,adafactor_came,0.0003,0.00003,0.10,200,0.90,0.95,0.00000001,1.0,0.95,5,match_rms_adamw,0.02,silu,identity,256,32,1,250,4,0.0,false,gpt2,607a30d783dfa663caf39e06633721c8d4cfcd7e,--came-confidence-scale 1.0
161,12l_768d_100m_tokens_3050_steps_dolma_sample_seed2027_rlb_came,12l_768d_100m_tokens_3050_steps,dolma_sample,allenai/dolma,v1_6-sample,7f48140530a023e9ea4c5cfb141160922727d4d3,true,text,train,train,0,0,0,210000000,experiments/cache/tokens_iclr26_main/dolma_sample,12l_768d,12,768,12,2048,256,16,2,32768,100000000,4000000,3050,50,10,10,2027,rlb_came,rlb_fused_global_rational,adafactor_came,0.0003,0.00003,0.10,200,0.90,0.95,0.00000001,1.0,0.95,5,match_rms_adamw,0.02,silu,identity,256,32,1,250,4,0.0,false,gpt2,607a30d783dfa663caf39e06633721c8d4cfcd7e,--came-confidence-scale 1.0
162,12l_768d_100m_tokens_3050_steps_dolma_sample_seed2027_silu_schedulefree,12l_768d_100m_tokens_3050_steps,dolma_sample,allenai/dolma,v1_6-sample,7f48140530a023e9ea4c5cfb141160922727d4d3,true,text,train,train,0,0,0,210000000,experiments/cache/tokens_iclr26_main/dolma_sample,12l_768d,12,768,12,2048,256,16,2,32768,100000000,4000000,3050,50,10,10,2027,silu_schedulefree,silu,schedule_free_adamw,0.0003,0.00003,0.10,200,0.90,0.95,0.00000001,1.0,0.95,5,match_rms_adamw,0.02,silu,identity,256,32,1,250,4,0.0,false,gpt2,607a30d783dfa663caf39e06633721c8d4cfcd7e,--schedule-free-beta1 0.90 --schedule-free-warmup-steps 0
163,12l_768d_100m_tokens_3050_steps_dolma_sample_seed2027_rlb_schedulefree,12l_768d_100m_tokens_3050_steps,dolma_sample,allenai/dolma,v1_6-sample,7f48140530a023e9ea4c5cfb141160922727d4d3,true,text,train,train,0,0,0,210000000,experiments/cache/tokens_iclr26_main/dolma_sample,12l_768d,12,768,12,2048,256,16,2,32768,100000000,4000000,3050,50,10,10,2027,rlb_schedulefree,rlb_fused_global_rational,schedule_free_adamw,0.0003,0.00003,0.10,200,0.90,0.95,0.00000001,1.0,0.95,5,match_rms_adamw,0.02,silu,identity,256,32,1,250,4,0.0,false,gpt2,607a30d783dfa663caf39e06633721c8d4cfcd7e,--schedule-free-beta1 0.90 --schedule-free-warmup-steps 0
164,12l_768d_100m_tokens_3050_steps_dolma_sample_seed3407_silu_adamw,12l_768d_100m_tokens_3050_steps,dolma_sample,allenai/dolma,v1_6-sample,7f48140530a023e9ea4c5cfb141160922727d4d3,true,text,train,train,0,0,0,210000000,experiments/cache/tokens_iclr26_main/dolma_sample,12l_768d,12,768,12,2048,256,16,2,32768,100000000,4000000,3050,50,10,10,3407,silu_adamw,silu,adamw,0.0003,0.00003,0.10,200,0.90,0.95,0.00000001,1.0,0.95,5,match_rms_adamw,0.02,silu,identity,256,32,1,250,4,0.0,false,gpt2,607a30d783dfa663caf39e06633721c8d4cfcd7e,
165,12l_768d_100m_tokens_3050_steps_dolma_sample_seed3407_rlb_adamw,12l_768d_100m_tokens_3050_steps,dolma_sample,allenai/dolma,v1_6-sample,7f48140530a023e9ea4c5cfb141160922727d4d3,true,text,train,train,0,0,0,210000000,experiments/cache/tokens_iclr26_main/dolma_sample,12l_768d,12,768,12,2048,256,16,2,32768,100000000,4000000,3050,50,10,10,3407,rlb_adamw,rlb_fused_global_rational,adamw,0.0003,0.00003,0.10,200,0.90,0.95,0.00000001,1.0,0.95,5,match_rms_adamw,0.02,silu,identity,256,32,1,250,4,0.0,false,gpt2,607a30d783dfa663caf39e06633721c8d4cfcd7e,
166,12l_768d_100m_tokens_3050_steps_dolma_sample_seed3407_silu_muon,12l_768d_100m_tokens_3050_steps,dolma_sample,allenai/dolma,v1_6-sample,7f48140530a023e9ea4c5cfb141160922727d4d3,true,text,train,train,0,0,0,210000000,experiments/cache/tokens_iclr26_main/dolma_sample,12l_768d,12,768,12,2048,256,16,2,32768,100000000,4000000,3050,50,10,10,3407,silu_muon,silu,muon,0.0003,0.00003,0.10,200,0.90,0.95,0.00000001,1.0,0.95,5,match_rms_adamw,0.02,silu,identity,256,32,1,250,4,0.0,false,gpt2,607a30d783dfa663caf39e06633721c8d4cfcd7e,--muon-momentum 0.95 --muon-ns-steps 5 --muon-adjust-lr-fn match_rms_adamw
167,12l_768d_100m_tokens_3050_steps_dolma_sample_seed3407_rlb_muon,12l_768d_100m_tokens_3050_steps,dolma_sample,allenai/dolma,v1_6-sample,7f48140530a023e9ea4c5cfb141160922727d4d3,true,text,train,train,0,0,0,210000000,experiments/cache/tokens_iclr26_main/dolma_sample,12l_768d,12,768,12,2048,256,16,2,32768,100000000,4000000,3050,50,10,10,3407,rlb_muon,rlb_fused_global_rational,muon,0.0003,0.00003,0.10,200,0.90,0.95,0.00000001,1.0,0.95,5,match_rms_adamw,0.02,silu,identity,256,32,1,250,4,0.0,false,gpt2,607a30d783dfa663caf39e06633721c8d4cfcd7e,--muon-momentum 0.95 --muon-ns-steps 5 --muon-adjust-lr-fn match_rms_adamw
168,12l_768d_100m_tokens_3050_steps_dolma_sample_seed3407_silu_lion,12l_768d_100m_tokens_3050_steps,dolma_sample,allenai/dolma,v1_6-sample,7f48140530a023e9ea4c5cfb141160922727d4d3,true,text,train,train,0,0,0,210000000,experiments/cache/tokens_iclr26_main/dolma_sample,12l_768d,12,768,12,2048,256,16,2,32768,100000000,4000000,3050,50,10,10,3407,silu_lion,silu,lion,0.0001,0.00001,0.10,200,0.90,0.95,0.00000001,1.0,0.95,5,match_rms_adamw,0.02,silu,identity,256,32,1,250,4,0.0,false,gpt2,607a30d783dfa663caf39e06633721c8d4cfcd7e,
169,12l_768d_100m_tokens_3050_steps_dolma_sample_seed3407_rlb_lion,12l_768d_100m_tokens_3050_steps,dolma_sample,allenai/dolma,v1_6-sample,7f48140530a023e9ea4c5cfb141160922727d4d3,true,text,train,train,0,0,0,210000000,experiments/cache/tokens_iclr26_main/dolma_sample,12l_768d,12,768,12,2048,256,16,2,32768,100000000,4000000,3050,50,10,10,3407,rlb_lion,rlb_fused_global_rational,lion,0.0001,0.00001,0.10,200,0.90,0.95,0.00000001,1.0,0.95,5,match_rms_adamw,0.02,silu,identity,256,32,1,250,4,0.0,false,gpt2,607a30d783dfa663caf39e06633721c8d4cfcd7e,
170,12l_768d_100m_tokens_3050_steps_dolma_sample_seed3407_silu_soap,12l_768d_100m_tokens_3050_steps,dolma_sample,allenai/dolma,v1_6-sample,7f48140530a023e9ea4c5cfb141160922727d4d3,true,text,train,train,0,0,0,210000000,experiments/cache/tokens_iclr26_main/dolma_sample,12l_768d,12,768,12,2048,256,16,2,32768,100000000,4000000,3050,50,10,10,3407,silu_soap,silu,soap_adamw,0.0003,0.00003,0.10,200,0.90,0.95,0.00000001,1.0,0.95,5,match_rms_adamw,0.02,silu,identity,256,32,1,250,4,0.0,false,gpt2,607a30d783dfa663caf39e06633721c8d4cfcd7e,--soap-precondition-frequency 50 --no-soap-one-sided
171,12l_768d_100m_tokens_3050_steps_dolma_sample_seed3407_rlb_soap,12l_768d_100m_tokens_3050_steps,dolma_sample,allenai/dolma,v1_6-sample,7f48140530a023e9ea4c5cfb141160922727d4d3,true,text,train,train,0,0,0,210000000,experiments/cache/tokens_iclr26_main/dolma_sample,12l_768d,12,768,12,2048,256,16,2,32768,100000000,4000000,3050,50,10,10,3407,rlb_soap,rlb_fused_global_rational,soap_adamw,0.0003,0.00003,0.10,200,0.90,0.95,0.00000001,1.0,0.95,5,match_rms_adamw,0.02,silu,identity,256,32,1,250,4,0.0,false,gpt2,607a30d783dfa663caf39e06633721c8d4cfcd7e,--soap-precondition-frequency 50 --no-soap-one-sided
172,12l_768d_100m_tokens_3050_steps_dolma_sample_seed3407_silu_ademamix,12l_768d_100m_tokens_3050_steps,dolma_sample,allenai/dolma,v1_6-sample,7f48140530a023e9ea4c5cfb141160922727d4d3,true,text,train,train,0,0,0,210000000,experiments/cache/tokens_iclr26_main/dolma_sample,12l_768d,12,768,12,2048,256,16,2,32768,100000000,4000000,3050,50,10,10,3407,silu_ademamix,silu,ademamix,0.0003,0.00003,0.10,200,0.90,0.95,0.00000001,1.0,0.95,5,match_rms_adamw,0.02,silu,identity,256,32,1,250,4,0.0,false,gpt2,607a30d783dfa663caf39e06633721c8d4cfcd7e,--ademamix-alpha 5.0 --ademamix-beta3 0.9999
173,12l_768d_100m_tokens_3050_steps_dolma_sample_seed3407_rlb_ademamix,12l_768d_100m_tokens_3050_steps,dolma_sample,allenai/dolma,v1_6-sample,7f48140530a023e9ea4c5cfb141160922727d4d3,true,text,train,train,0,0,0,210000000,experiments/cache/tokens_iclr26_main/dolma_sample,12l_768d,12,768,12,2048,256,16,2,32768,100000000,4000000,3050,50,10,10,3407,rlb_ademamix,rlb_fused_global_rational,ademamix,0.0003,0.00003,0.10,200,0.90,0.95,0.00000001,1.0,0.95,5,match_rms_adamw,0.02,silu,identity,256,32,1,250,4,0.0,false,gpt2,607a30d783dfa663caf39e06633721c8d4cfcd7e,--ademamix-alpha 5.0 --ademamix-beta3 0.9999
174,12l_768d_100m_tokens_3050_steps_dolma_sample_seed3407_silu_came,12l_768d_100m_tokens_3050_steps,dolma_sample,allenai/dolma,v1_6-sample,7f48140530a023e9ea4c5cfb141160922727d4d3,true,text,train,train,0,0,0,210000000,experiments/cache/tokens_iclr26_main/dolma_sample,12l_768d,12,768,12,2048,256,16,2,32768,100000000,4000000,3050,50,10,10,3407,silu_came,silu,adafactor_came,0.0003,0.00003,0.10,200,0.90,0.95,0.00000001,1.0,0.95,5,match_rms_adamw,0.02,silu,identity,256,32,1,250,4,0.0,false,gpt2,607a30d783dfa663caf39e06633721c8d4cfcd7e,--came-confidence-scale 1.0
175,12l_768d_100m_tokens_3050_steps_dolma_sample_seed3407_rlb_came,12l_768d_100m_tokens_3050_steps,dolma_sample,allenai/dolma,v1_6-sample,7f48140530a023e9ea4c5cfb141160922727d4d3,true,text,train,train,0,0,0,210000000,experiments/cache/tokens_iclr26_main/dolma_sample,12l_768d,12,768,12,2048,256,16,2,32768,100000000,4000000,3050,50,10,10,3407,rlb_came,rlb_fused_global_rational,adafactor_came,0.0003,0.00003,0.10,200,0.90,0.95,0.00000001,1.0,0.95,5,match_rms_adamw,0.02,silu,identity,256,32,1,250,4,0.0,false,gpt2,607a30d783dfa663caf39e06633721c8d4cfcd7e,--came-confidence-scale 1.0
176,12l_768d_100m_tokens_3050_steps_dolma_sample_seed3407_silu_schedulefree,12l_768d_100m_tokens_3050_steps,dolma_sample,allenai/dolma,v1_6-sample,7f48140530a023e9ea4c5cfb141160922727d4d3,true,text,train,train,0,0,0,210000000,experiments/cache/tokens_iclr26_main/dolma_sample,12l_768d,12,768,12,2048,256,16,2,32768,100000000,4000000,3050,50,10,10,3407,silu_schedulefree,silu,schedule_free_adamw,0.0003,0.00003,0.10,200,0.90,0.95,0.00000001,1.0,0.95,5,match_rms_adamw,0.02,silu,identity,256,32,1,250,4,0.0,false,gpt2,607a30d783dfa663caf39e06633721c8d4cfcd7e,--schedule-free-beta1 0.90 --schedule-free-warmup-steps 0
177,12l_768d_100m_tokens_3050_steps_dolma_sample_seed3407_rlb_schedulefree,12l_768d_100m_tokens_3050_steps,dolma_sample,allenai/dolma,v1_6-sample,7f48140530a023e9ea4c5cfb141160922727d4d3,true,text,train,train,0,0,0,210000000,experiments/cache/tokens_iclr26_main/dolma_sample,12l_768d,12,768,12,2048,256,16,2,32768,100000000,4000000,3050,50,10,10,3407,rlb_schedulefree,rlb_fused_global_rational,schedule_free_adamw,0.0003,0.00003,0.10,200,0.90,0.95,0.00000001,1.0,0.95,5,match_rms_adamw,0.02,silu,identity,256,32,1,250,4,0.0,false,gpt2,607a30d783dfa663caf39e06633721c8d4cfcd7e,--schedule-free-beta1 0.90 --schedule-free-warmup-steps 0
178,12l_768d_100m_tokens_3050_steps_c4_en_seed1337_silu_adamw,12l_768d_100m_tokens_3050_steps,c4_en,allenai/c4,en,1588ec454efa1a09f29cd18ddd04fe05fc8653a2,true,text,train,validation,0,0,0,0,experiments/cache/tokens_iclr26_main/c4_en,12l_768d,12,768,12,2048,256,16,2,32768,100000000,4000000,3050,50,10,10,1337,silu_adamw,silu,adamw,0.0003,0.00003,0.10,200,0.90,0.95,0.00000001,1.0,0.95,5,match_rms_adamw,0.02,silu,identity,256,32,1,250,4,0.0,false,gpt2,607a30d783dfa663caf39e06633721c8d4cfcd7e,
179,12l_768d_100m_tokens_3050_steps_c4_en_seed1337_rlb_adamw,12l_768d_100m_tokens_3050_steps,c4_en,allenai/c4,en,1588ec454efa1a09f29cd18ddd04fe05fc8653a2,true,text,train,validation,0,0,0,0,experiments/cache/tokens_iclr26_main/c4_en,12l_768d,12,768,12,2048,256,16,2,32768,100000000,4000000,3050,50,10,10,1337,rlb_adamw,rlb_fused_global_rational,adamw,0.0003,0.00003,0.10,200,0.90,0.95,0.00000001,1.0,0.95,5,match_rms_adamw,0.02,silu,identity,256,32,1,250,4,0.0,false,gpt2,607a30d783dfa663caf39e06633721c8d4cfcd7e,
180,12l_768d_100m_tokens_3050_steps_c4_en_seed1337_silu_muon,12l_768d_100m_tokens_3050_steps,c4_en,allenai/c4,en,1588ec454efa1a09f29cd18ddd04fe05fc8653a2,true,text,train,validation,0,0,0,0,experiments/cache/tokens_iclr26_main/c4_en,12l_768d,12,768,12,2048,256,16,2,32768,100000000,4000000,3050,50,10,10,1337,silu_muon,silu,muon,0.0003,0.00003,0.10,200,0.90,0.95,0.00000001,1.0,0.95,5,match_rms_adamw,0.02,silu,identity,256,32,1,250,4,0.0,false,gpt2,607a30d783dfa663caf39e06633721c8d4cfcd7e,--muon-momentum 0.95 --muon-ns-steps 5 --muon-adjust-lr-fn match_rms_adamw
181,12l_768d_100m_tokens_3050_steps_c4_en_seed1337_rlb_muon,12l_768d_100m_tokens_3050_steps,c4_en,allenai/c4,en,1588ec454efa1a09f29cd18ddd04fe05fc8653a2,true,text,train,validation,0,0,0,0,experiments/cache/tokens_iclr26_main/c4_en,12l_768d,12,768,12,2048,256,16,2,32768,100000000,4000000,3050,50,10,10,1337,rlb_muon,rlb_fused_global_rational,muon,0.0003,0.00003,0.10,200,0.90,0.95,0.00000001,1.0,0.95,5,match_rms_adamw,0.02,silu,identity,256,32,1,250,4,0.0,false,gpt2,607a30d783dfa663caf39e06633721c8d4cfcd7e,--muon-momentum 0.95 --muon-ns-steps 5 --muon-adjust-lr-fn match_rms_adamw
182,12l_768d_100m_tokens_3050_steps_c4_en_seed1337_silu_lion,12l_768d_100m_tokens_3050_steps,c4_en,allenai/c4,en,1588ec454efa1a09f29cd18ddd04fe05fc8653a2,true,text,train,validation,0,0,0,0,experiments/cache/tokens_iclr26_main/c4_en,12l_768d,12,768,12,2048,256,16,2,32768,100000000,4000000,3050,50,10,10,1337,silu_lion,silu,lion,0.0001,0.00001,0.10,200,0.90,0.95,0.00000001,1.0,0.95,5,match_rms_adamw,0.02,silu,identity,256,32,1,250,4,0.0,false,gpt2,607a30d783dfa663caf39e06633721c8d4cfcd7e,
183,12l_768d_100m_tokens_3050_steps_c4_en_seed1337_rlb_lion,12l_768d_100m_tokens_3050_steps,c4_en,allenai/c4,en,1588ec454efa1a09f29cd18ddd04fe05fc8653a2,true,text,train,validation,0,0,0,0,experiments/cache/tokens_iclr26_main/c4_en,12l_768d,12,768,12,2048,256,16,2,32768,100000000,4000000,3050,50,10,10,1337,rlb_lion,rlb_fused_global_rational,lion,0.0001,0.00001,0.10,200,0.90,0.95,0.00000001,1.0,0.95,5,match_rms_adamw,0.02,silu,identity,256,32,1,250,4,0.0,false,gpt2,607a30d783dfa663caf39e06633721c8d4cfcd7e,
184,12l_768d_100m_tokens_3050_steps_c4_en_seed1337_silu_soap,12l_768d_100m_tokens_3050_steps,c4_en,allenai/c4,en,1588ec454efa1a09f29cd18ddd04fe05fc8653a2,true,text,train,validation,0,0,0,0,experiments/cache/tokens_iclr26_main/c4_en,12l_768d,12,768,12,2048,256,16,2,32768,100000000,4000000,3050,50,10,10,1337,silu_soap,silu,soap_adamw,0.0003,0.00003,0.10,200,0.90,0.95,0.00000001,1.0,0.95,5,match_rms_adamw,0.02,silu,identity,256,32,1,250,4,0.0,false,gpt2,607a30d783dfa663caf39e06633721c8d4cfcd7e,--soap-precondition-frequency 50 --no-soap-one-sided
185,12l_768d_100m_tokens_3050_steps_c4_en_seed1337_rlb_soap,12l_768d_100m_tokens_3050_steps,c4_en,allenai/c4,en,1588ec454efa1a09f29cd18ddd04fe05fc8653a2,true,text,train,validation,0,0,0,0,experiments/cache/tokens_iclr26_main/c4_en,12l_768d,12,768,12,2048,256,16,2,32768,100000000,4000000,3050,50,10,10,1337,rlb_soap,rlb_fused_global_rational,soap_adamw,0.0003,0.00003,0.10,200,0.90,0.95,0.00000001,1.0,0.95,5,match_rms_adamw,0.02,silu,identity,256,32,1,250,4,0.0,false,gpt2,607a30d783dfa663caf39e06633721c8d4cfcd7e,--soap-precondition-frequency 50 --no-soap-one-sided
186,12l_768d_100m_tokens_3050_steps_c4_en_seed1337_silu_ademamix,12l_768d_100m_tokens_3050_steps,c4_en,allenai/c4,en,1588ec454efa1a09f29cd18ddd04fe05fc8653a2,true,text,train,validation,0,0,0,0,experiments/cache/tokens_iclr26_main/c4_en,12l_768d,12,768,12,2048,256,16,2,32768,100000000,4000000,3050,50,10,10,1337,silu_ademamix,silu,ademamix,0.0003,0.00003,0.10,200,0.90,0.95,0.00000001,1.0,0.95,5,match_rms_adamw,0.02,silu,identity,256,32,1,250,4,0.0,false,gpt2,607a30d783dfa663caf39e06633721c8d4cfcd7e,--ademamix-alpha 5.0 --ademamix-beta3 0.9999
187,12l_768d_100m_tokens_3050_steps_c4_en_seed1337_rlb_ademamix,12l_768d_100m_tokens_3050_steps,c4_en,allenai/c4,en,1588ec454efa1a09f29cd18ddd04fe05fc8653a2,true,text,train,validation,0,0,0,0,experiments/cache/tokens_iclr26_main/c4_en,12l_768d,12,768,12,2048,256,16,2,32768,100000000,4000000,3050,50,10,10,1337,rlb_ademamix,rlb_fused_global_rational,ademamix,0.0003,0.00003,0.10,200,0.90,0.95,0.00000001,1.0,0.95,5,match_rms_adamw,0.02,silu,identity,256,32,1,250,4,0.0,false,gpt2,607a30d783dfa663caf39e06633721c8d4cfcd7e,--ademamix-alpha 5.0 --ademamix-beta3 0.9999
188,12l_768d_100m_tokens_3050_steps_c4_en_seed1337_silu_came,12l_768d_100m_tokens_3050_steps,c4_en,allenai/c4,en,1588ec454efa1a09f29cd18ddd04fe05fc8653a2,true,text,train,validation,0,0,0,0,experiments/cache/tokens_iclr26_main/c4_en,12l_768d,12,768,12,2048,256,16,2,32768,100000000,4000000,3050,50,10,10,1337,silu_came,silu,adafactor_came,0.0003,0.00003,0.10,200,0.90,0.95,0.00000001,1.0,0.95,5,match_rms_adamw,0.02,silu,identity,256,32,1,250,4,0.0,false,gpt2,607a30d783dfa663caf39e06633721c8d4cfcd7e,--came-confidence-scale 1.0
189,12l_768d_100m_tokens_3050_steps_c4_en_seed1337_rlb_came,12l_768d_100m_tokens_3050_steps,c4_en,allenai/c4,en,1588ec454efa1a09f29cd18ddd04fe05fc8653a2,true,text,train,validation,0,0,0,0,experiments/cache/tokens_iclr26_main/c4_en,12l_768d,12,768,12,2048,256,16,2,32768,100000000,4000000,3050,50,10,10,1337,rlb_came,rlb_fused_global_rational,adafactor_came,0.0003,0.00003,0.10,200,0.90,0.95,0.00000001,1.0,0.95,5,match_rms_adamw,0.02,silu,identity,256,32,1,250,4,0.0,false,gpt2,607a30d783dfa663caf39e06633721c8d4cfcd7e,--came-confidence-scale 1.0
190,12l_768d_100m_tokens_3050_steps_c4_en_seed1337_silu_schedulefree,12l_768d_100m_tokens_3050_steps,c4_en,allenai/c4,en,1588ec454efa1a09f29cd18ddd04fe05fc8653a2,true,text,train,validation,0,0,0,0,experiments/cache/tokens_iclr26_main/c4_en,12l_768d,12,768,12,2048,256,16,2,32768,100000000,4000000,3050,50,10,10,1337,silu_schedulefree,silu,schedule_free_adamw,0.0003,0.00003,0.10,200,0.90,0.95,0.00000001,1.0,0.95,5,match_rms_adamw,0.02,silu,identity,256,32,1,250,4,0.0,false,gpt2,607a30d783dfa663caf39e06633721c8d4cfcd7e,--schedule-free-beta1 0.90 --schedule-free-warmup-steps 0
191,12l_768d_100m_tokens_3050_steps_c4_en_seed1337_rlb_schedulefree,12l_768d_100m_tokens_3050_steps,c4_en,allenai/c4,en,1588ec454efa1a09f29cd18ddd04fe05fc8653a2,true,text,train,validation,0,0,0,0,experiments/cache/tokens_iclr26_main/c4_en,12l_768d,12,768,12,2048,256,16,2,32768,100000000,4000000,3050,50,10,10,1337,rlb_schedulefree,rlb_fused_global_rational,schedule_free_adamw,0.0003,0.00003,0.10,200,0.90,0.95,0.00000001,1.0,0.95,5,match_rms_adamw,0.02,silu,identity,256,32,1,250,4,0.0,false,gpt2,607a30d783dfa663caf39e06633721c8d4cfcd7e,--schedule-free-beta1 0.90 --schedule-free-warmup-steps 0
192,12l_768d_100m_tokens_3050_steps_c4_en_seed2027_silu_adamw,12l_768d_100m_tokens_3050_steps,c4_en,allenai/c4,en,1588ec454efa1a09f29cd18ddd04fe05fc8653a2,true,text,train,validation,0,0,0,0,experiments/cache/tokens_iclr26_main/c4_en,12l_768d,12,768,12,2048,256,16,2,32768,100000000,4000000,3050,50,10,10,2027,silu_adamw,silu,adamw,0.0003,0.00003,0.10,200,0.90,0.95,0.00000001,1.0,0.95,5,match_rms_adamw,0.02,silu,identity,256,32,1,250,4,0.0,false,gpt2,607a30d783dfa663caf39e06633721c8d4cfcd7e,
193,12l_768d_100m_tokens_3050_steps_c4_en_seed2027_rlb_adamw,12l_768d_100m_tokens_3050_steps,c4_en,allenai/c4,en,1588ec454efa1a09f29cd18ddd04fe05fc8653a2,true,text,train,validation,0,0,0,0,experiments/cache/tokens_iclr26_main/c4_en,12l_768d,12,768,12,2048,256,16,2,32768,100000000,4000000,3050,50,10,10,2027,rlb_adamw,rlb_fused_global_rational,adamw,0.0003,0.00003,0.10,200,0.90,0.95,0.00000001,1.0,0.95,5,match_rms_adamw,0.02,silu,identity,256,32,1,250,4,0.0,false,gpt2,607a30d783dfa663caf39e06633721c8d4cfcd7e,
194,12l_768d_100m_tokens_3050_steps_c4_en_seed2027_silu_muon,12l_768d_100m_tokens_3050_steps,c4_en,allenai/c4,en,1588ec454efa1a09f29cd18ddd04fe05fc8653a2,true,text,train,validation,0,0,0,0,experiments/cache/tokens_iclr26_main/c4_en,12l_768d,12,768,12,2048,256,16,2,32768,100000000,4000000,3050,50,10,10,2027,silu_muon,silu,muon,0.0003,0.00003,0.10,200,0.90,0.95,0.00000001,1.0,0.95,5,match_rms_adamw,0.02,silu,identity,256,32,1,250,4,0.0,false,gpt2,607a30d783dfa663caf39e06633721c8d4cfcd7e,--muon-momentum 0.95 --muon-ns-steps 5 --muon-adjust-lr-fn match_rms_adamw
195,12l_768d_100m_tokens_3050_steps_c4_en_seed2027_rlb_muon,12l_768d_100m_tokens_3050_steps,c4_en,allenai/c4,en,1588ec454efa1a09f29cd18ddd04fe05fc8653a2,true,text,train,validation,0,0,0,0,experiments/cache/tokens_iclr26_main/c4_en,12l_768d,12,768,12,2048,256,16,2,32768,100000000,4000000,3050,50,10,10,2027,rlb_muon,rlb_fused_global_rational,muon,0.0003,0.00003,0.10,200,0.90,0.95,0.00000001,1.0,0.95,5,match_rms_adamw,0.02,silu,identity,256,32,1,250,4,0.0,false,gpt2,607a30d783dfa663caf39e06633721c8d4cfcd7e,--muon-momentum 0.95 --muon-ns-steps 5 --muon-adjust-lr-fn match_rms_adamw
196,12l_768d_100m_tokens_3050_steps_c4_en_seed2027_silu_lion,12l_768d_100m_tokens_3050_steps,c4_en,allenai/c4,en,1588ec454efa1a09f29cd18ddd04fe05fc8653a2,true,text,train,validation,0,0,0,0,experiments/cache/tokens_iclr26_main/c4_en,12l_768d,12,768,12,2048,256,16,2,32768,100000000,4000000,3050,50,10,10,2027,silu_lion,silu,lion,0.0001,0.00001,0.10,200,0.90,0.95,0.00000001,1.0,0.95,5,match_rms_adamw,0.02,silu,identity,256,32,1,250,4,0.0,false,gpt2,607a30d783dfa663caf39e06633721c8d4cfcd7e,
197,12l_768d_100m_tokens_3050_steps_c4_en_seed2027_rlb_lion,12l_768d_100m_tokens_3050_steps,c4_en,allenai/c4,en,1588ec454efa1a09f29cd18ddd04fe05fc8653a2,true,text,train,validation,0,0,0,0,experiments/cache/tokens_iclr26_main/c4_en,12l_768d,12,768,12,2048,256,16,2,32768,100000000,4000000,3050,50,10,10,2027,rlb_lion,rlb_fused_global_rational,lion,0.0001,0.00001,0.10,200,0.90,0.95,0.00000001,1.0,0.95,5,match_rms_adamw,0.02,silu,identity,256,32,1,250,4,0.0,false,gpt2,607a30d783dfa663caf39e06633721c8d4cfcd7e,
198,12l_768d_100m_tokens_3050_steps_c4_en_seed2027_silu_soap,12l_768d_100m_tokens_3050_steps,c4_en,allenai/c4,en,1588ec454efa1a09f29cd18ddd04fe05fc8653a2,true,text,train,validation,0,0,0,0,experiments/cache/tokens_iclr26_main/c4_en,12l_768d,12,768,12,2048,256,16,2,32768,100000000,4000000,3050,50,10,10,2027,silu_soap,silu,soap_adamw,0.0003,0.00003,0.10,200,0.90,0.95,0.00000001,1.0,0.95,5,match_rms_adamw,0.02,silu,identity,256,32,1,250,4,0.0,false,gpt2,607a30d783dfa663caf39e06633721c8d4cfcd7e,--soap-precondition-frequency 50 --no-soap-one-sided
199,12l_768d_100m_tokens_3050_steps_c4_en_seed2027_rlb_soap,12l_768d_100m_tokens_3050_steps,c4_en,allenai/c4,en,1588ec454efa1a09f29cd18ddd04fe05fc8653a2,true,text,train,validation,0,0,0,0,experiments/cache/tokens_iclr26_main/c4_en,12l_768d,12,768,12,2048,256,16,2,32768,100000000,4000000,3050,50,10,10,2027,rlb_soap,rlb_fused_global_rational,soap_adamw,0.0003,0.00003,0.10,200,0.90,0.95,0.00000001,1.0,0.95,5,match_rms_adamw,0.02,silu,identity,256,32,1,250,4,0.0,false,gpt2,607a30d783dfa663caf39e06633721c8d4cfcd7e,--soap-precondition-frequency 50 --no-soap-one-sided
200,12l_768d_100m_tokens_3050_steps_c4_en_seed2027_silu_ademamix,12l_768d_100m_tokens_3050_steps,c4_en,allenai/c4,en,1588ec454efa1a09f29cd18ddd04fe05fc8653a2,true,text,train,validation,0,0,0,0,experiments/cache/tokens_iclr26_main/c4_en,12l_768d,12,768,12,2048,256,16,2,32768,100000000,4000000,3050,50,10,10,2027,silu_ademamix,silu,ademamix,0.0003,0.00003,0.10,200,0.90,0.95,0.00000001,1.0,0.95,5,match_rms_adamw,0.02,silu,identity,256,32,1,250,4,0.0,false,gpt2,607a30d783dfa663caf39e06633721c8d4cfcd7e,--ademamix-alpha 5.0 --ademamix-beta3 0.9999
201,12l_768d_100m_tokens_3050_steps_c4_en_seed2027_rlb_ademamix,12l_768d_100m_tokens_3050_steps,c4_en,allenai/c4,en,1588ec454efa1a09f29cd18ddd04fe05fc8653a2,true,text,train,validation,0,0,0,0,experiments/cache/tokens_iclr26_main/c4_en,12l_768d,12,768,12,2048,256,16,2,32768,100000000,4000000,3050,50,10,10,2027,rlb_ademamix,rlb_fused_global_rational,ademamix,0.0003,0.00003,0.10,200,0.90,0.95,0.00000001,1.0,0.95,5,match_rms_adamw,0.02,silu,identity,256,32,1,250,4,0.0,false,gpt2,607a30d783dfa663caf39e06633721c8d4cfcd7e,--ademamix-alpha 5.0 --ademamix-beta3 0.9999
202,12l_768d_100m_tokens_3050_steps_c4_en_seed2027_silu_came,12l_768d_100m_tokens_3050_steps,c4_en,allenai/c4,en,1588ec454efa1a09f29cd18ddd04fe05fc8653a2,true,text,train,validation,0,0,0,0,experiments/cache/tokens_iclr26_main/c4_en,12l_768d,12,768,12,2048,256,16,2,32768,100000000,4000000,3050,50,10,10,2027,silu_came,silu,adafactor_came,0.0003,0.00003,0.10,200,0.90,0.95,0.00000001,1.0,0.95,5,match_rms_adamw,0.02,silu,identity,256,32,1,250,4,0.0,false,gpt2,607a30d783dfa663caf39e06633721c8d4cfcd7e,--came-confidence-scale 1.0
203,12l_768d_100m_tokens_3050_steps_c4_en_seed2027_rlb_came,12l_768d_100m_tokens_3050_steps,c4_en,allenai/c4,en,1588ec454efa1a09f29cd18ddd04fe05fc8653a2,true,text,train,validation,0,0,0,0,experiments/cache/tokens_iclr26_main/c4_en,12l_768d,12,768,12,2048,256,16,2,32768,100000000,4000000,3050,50,10,10,2027,rlb_came,rlb_fused_global_rational,adafactor_came,0.0003,0.00003,0.10,200,0.90,0.95,0.00000001,1.0,0.95,5,match_rms_adamw,0.02,silu,identity,256,32,1,250,4,0.0,false,gpt2,607a30d783dfa663caf39e06633721c8d4cfcd7e,--came-confidence-scale 1.0
204,12l_768d_100m_tokens_3050_steps_c4_en_seed2027_silu_schedulefree,12l_768d_100m_tokens_3050_steps,c4_en,allenai/c4,en,1588ec454efa1a09f29cd18ddd04fe05fc8653a2,true,text,train,validation,0,0,0,0,experiments/cache/tokens_iclr26_main/c4_en,12l_768d,12,768,12,2048,256,16,2,32768,100000000,4000000,3050,50,10,10,2027,silu_schedulefree,silu,schedule_free_adamw,0.0003,0.00003,0.10,200,0.90,0.95,0.00000001,1.0,0.95,5,match_rms_adamw,0.02,silu,identity,256,32,1,250,4,0.0,false,gpt2,607a30d783dfa663caf39e06633721c8d4cfcd7e,--schedule-free-beta1 0.90 --schedule-free-warmup-steps 0
205,12l_768d_100m_tokens_3050_steps_c4_en_seed2027_rlb_schedulefree,12l_768d_100m_tokens_3050_steps,c4_en,allenai/c4,en,1588ec454efa1a09f29cd18ddd04fe05fc8653a2,true,text,train,validation,0,0,0,0,experiments/cache/tokens_iclr26_main/c4_en,12l_768d,12,768,12,2048,256,16,2,32768,100000000,4000000,3050,50,10,10,2027,rlb_schedulefree,rlb_fused_global_rational,schedule_free_adamw,0.0003,0.00003,0.10,200,0.90,0.95,0.00000001,1.0,0.95,5,match_rms_adamw,0.02,silu,identity,256,32,1,250,4,0.0,false,gpt2,607a30d783dfa663caf39e06633721c8d4cfcd7e,--schedule-free-beta1 0.90 --schedule-free-warmup-steps 0
206,12l_768d_100m_tokens_3050_steps_c4_en_seed3407_silu_adamw,12l_768d_100m_tokens_3050_steps,c4_en,allenai/c4,en,1588ec454efa1a09f29cd18ddd04fe05fc8653a2,true,text,train,validation,0,0,0,0,experiments/cache/tokens_iclr26_main/c4_en,12l_768d,12,768,12,2048,256,16,2,32768,100000000,4000000,3050,50,10,10,3407,silu_adamw,silu,adamw,0.0003,0.00003,0.10,200,0.90,0.95,0.00000001,1.0,0.95,5,match_rms_adamw,0.02,silu,identity,256,32,1,250,4,0.0,false,gpt2,607a30d783dfa663caf39e06633721c8d4cfcd7e,
207,12l_768d_100m_tokens_3050_steps_c4_en_seed3407_rlb_adamw,12l_768d_100m_tokens_3050_steps,c4_en,allenai/c4,en,1588ec454efa1a09f29cd18ddd04fe05fc8653a2,true,text,train,validation,0,0,0,0,experiments/cache/tokens_iclr26_main/c4_en,12l_768d,12,768,12,2048,256,16,2,32768,100000000,4000000,3050,50,10,10,3407,rlb_adamw,rlb_fused_global_rational,adamw,0.0003,0.00003,0.10,200,0.90,0.95,0.00000001,1.0,0.95,5,match_rms_adamw,0.02,silu,identity,256,32,1,250,4,0.0,false,gpt2,607a30d783dfa663caf39e06633721c8d4cfcd7e,
208,12l_768d_100m_tokens_3050_steps_c4_en_seed3407_silu_muon,12l_768d_100m_tokens_3050_steps,c4_en,allenai/c4,en,1588ec454efa1a09f29cd18ddd04fe05fc8653a2,true,text,train,validation,0,0,0,0,experiments/cache/tokens_iclr26_main/c4_en,12l_768d,12,768,12,2048,256,16,2,32768,100000000,4000000,3050,50,10,10,3407,silu_muon,silu,muon,0.0003,0.00003,0.10,200,0.90,0.95,0.00000001,1.0,0.95,5,match_rms_adamw,0.02,silu,identity,256,32,1,250,4,0.0,false,gpt2,607a30d783dfa663caf39e06633721c8d4cfcd7e,--muon-momentum 0.95 --muon-ns-steps 5 --muon-adjust-lr-fn match_rms_adamw
209,12l_768d_100m_tokens_3050_steps_c4_en_seed3407_rlb_muon,12l_768d_100m_tokens_3050_steps,c4_en,allenai/c4,en,1588ec454efa1a09f29cd18ddd04fe05fc8653a2,true,text,train,validation,0,0,0,0,experiments/cache/tokens_iclr26_main/c4_en,12l_768d,12,768,12,2048,256,16,2,32768,100000000,4000000,3050,50,10,10,3407,rlb_muon,rlb_fused_global_rational,muon,0.0003,0.00003,0.10,200,0.90,0.95,0.00000001,1.0,0.95,5,match_rms_adamw,0.02,silu,identity,256,32,1,250,4,0.0,false,gpt2,607a30d783dfa663caf39e06633721c8d4cfcd7e,--muon-momentum 0.95 --muon-ns-steps 5 --muon-adjust-lr-fn match_rms_adamw
210,12l_768d_100m_tokens_3050_steps_c4_en_seed3407_silu_lion,12l_768d_100m_tokens_3050_steps,c4_en,allenai/c4,en,1588ec454efa1a09f29cd18ddd04fe05fc8653a2,true,text,train,validation,0,0,0,0,experiments/cache/tokens_iclr26_main/c4_en,12l_768d,12,768,12,2048,256,16,2,32768,100000000,4000000,3050,50,10,10,3407,silu_lion,silu,lion,0.0001,0.00001,0.10,200,0.90,0.95,0.00000001,1.0,0.95,5,match_rms_adamw,0.02,silu,identity,256,32,1,250,4,0.0,false,gpt2,607a30d783dfa663caf39e06633721c8d4cfcd7e,
211,12l_768d_100m_tokens_3050_steps_c4_en_seed3407_rlb_lion,12l_768d_100m_tokens_3050_steps,c4_en,allenai/c4,en,1588ec454efa1a09f29cd18ddd04fe05fc8653a2,true,text,train,validation,0,0,0,0,experiments/cache/tokens_iclr26_main/c4_en,12l_768d,12,768,12,2048,256,16,2,32768,100000000,4000000,3050,50,10,10,3407,rlb_lion,rlb_fused_global_rational,lion,0.0001,0.00001,0.10,200,0.90,0.95,0.00000001,1.0,0.95,5,match_rms_adamw,0.02,silu,identity,256,32,1,250,4,0.0,false,gpt2,607a30d783dfa663caf39e06633721c8d4cfcd7e,
212,12l_768d_100m_tokens_3050_steps_c4_en_seed3407_silu_soap,12l_768d_100m_tokens_3050_steps,c4_en,allenai/c4,en,1588ec454efa1a09f29cd18ddd04fe05fc8653a2,true,text,train,validation,0,0,0,0,experiments/cache/tokens_iclr26_main/c4_en,12l_768d,12,768,12,2048,256,16,2,32768,100000000,4000000,3050,50,10,10,3407,silu_soap,silu,soap_adamw,0.0003,0.00003,0.10,200,0.90,0.95,0.00000001,1.0,0.95,5,match_rms_adamw,0.02,silu,identity,256,32,1,250,4,0.0,false,gpt2,607a30d783dfa663caf39e06633721c8d4cfcd7e,--soap-precondition-frequency 50 --no-soap-one-sided
213,12l_768d_100m_tokens_3050_steps_c4_en_seed3407_rlb_soap,12l_768d_100m_tokens_3050_steps,c4_en,allenai/c4,en,1588ec454efa1a09f29cd18ddd04fe05fc8653a2,true,text,train,validation,0,0,0,0,experiments/cache/tokens_iclr26_main/c4_en,12l_768d,12,768,12,2048,256,16,2,32768,100000000,4000000,3050,50,10,10,3407,rlb_soap,rlb_fused_global_rational,soap_adamw,0.0003,0.00003,0.10,200,0.90,0.95,0.00000001,1.0,0.95,5,match_rms_adamw,0.02,silu,identity,256,32,1,250,4,0.0,false,gpt2,607a30d783dfa663caf39e06633721c8d4cfcd7e,--soap-precondition-frequency 50 --no-soap-one-sided
214,12l_768d_100m_tokens_3050_steps_c4_en_seed3407_silu_ademamix,12l_768d_100m_tokens_3050_steps,c4_en,allenai/c4,en,1588ec454efa1a09f29cd18ddd04fe05fc8653a2,true,text,train,validation,0,0,0,0,experiments/cache/tokens_iclr26_main/c4_en,12l_768d,12,768,12,2048,256,16,2,32768,100000000,4000000,3050,50,10,10,3407,silu_ademamix,silu,ademamix,0.0003,0.00003,0.10,200,0.90,0.95,0.00000001,1.0,0.95,5,match_rms_adamw,0.02,silu,identity,256,32,1,250,4,0.0,false,gpt2,607a30d783dfa663caf39e06633721c8d4cfcd7e,--ademamix-alpha 5.0 --ademamix-beta3 0.9999
215,12l_768d_100m_tokens_3050_steps_c4_en_seed3407_rlb_ademamix,12l_768d_100m_tokens_3050_steps,c4_en,allenai/c4,en,1588ec454efa1a09f29cd18ddd04fe05fc8653a2,true,text,train,validation,0,0,0,0,experiments/cache/tokens_iclr26_main/c4_en,12l_768d,12,768,12,2048,256,16,2,32768,100000000,4000000,3050,50,10,10,3407,rlb_ademamix,rlb_fused_global_rational,ademamix,0.0003,0.00003,0.10,200,0.90,0.95,0.00000001,1.0,0.95,5,match_rms_adamw,0.02,silu,identity,256,32,1,250,4,0.0,false,gpt2,607a30d783dfa663caf39e06633721c8d4cfcd7e,--ademamix-alpha 5.0 --ademamix-beta3 0.9999
216,12l_768d_100m_tokens_3050_steps_c4_en_seed3407_silu_came,12l_768d_100m_tokens_3050_steps,c4_en,allenai/c4,en,1588ec454efa1a09f29cd18ddd04fe05fc8653a2,true,text,train,validation,0,0,0,0,experiments/cache/tokens_iclr26_main/c4_en,12l_768d,12,768,12,2048,256,16,2,32768,100000000,4000000,3050,50,10,10,3407,silu_came,silu,adafactor_came,0.0003,0.00003,0.10,200,0.90,0.95,0.00000001,1.0,0.95,5,match_rms_adamw,0.02,silu,identity,256,32,1,250,4,0.0,false,gpt2,607a30d783dfa663caf39e06633721c8d4cfcd7e,--came-confidence-scale 1.0
217,12l_768d_100m_tokens_3050_steps_c4_en_seed3407_rlb_came,12l_768d_100m_tokens_3050_steps,c4_en,allenai/c4,en,1588ec454efa1a09f29cd18ddd04fe05fc8653a2,true,text,train,validation,0,0,0,0,experiments/cache/tokens_iclr26_main/c4_en,12l_768d,12,768,12,2048,256,16,2,32768,100000000,4000000,3050,50,10,10,3407,rlb_came,rlb_fused_global_rational,adafactor_came,0.0003,0.00003,0.10,200,0.90,0.95,0.00000001,1.0,0.95,5,match_rms_adamw,0.02,silu,identity,256,32,1,250,4,0.0,false,gpt2,607a30d783dfa663caf39e06633721c8d4cfcd7e,--came-confidence-scale 1.0
218,12l_768d_100m_tokens_3050_steps_c4_en_seed3407_silu_schedulefree,12l_768d_100m_tokens_3050_steps,c4_en,allenai/c4,en,1588ec454efa1a09f29cd18ddd04fe05fc8653a2,true,text,train,validation,0,0,0,0,experiments/cache/tokens_iclr26_main/c4_en,12l_768d,12,768,12,2048,256,16,2,32768,100000000,4000000,3050,50,10,10,3407,silu_schedulefree,silu,schedule_free_adamw,0.0003,0.00003,0.10,200,0.90,0.95,0.00000001,1.0,0.95,5,match_rms_adamw,0.02,silu,identity,256,32,1,250,4,0.0,false,gpt2,607a30d783dfa663caf39e06633721c8d4cfcd7e,--schedule-free-beta1 0.90 --schedule-free-warmup-steps 0
219,12l_768d_100m_tokens_3050_steps_c4_en_seed3407_rlb_schedulefree,12l_768d_100m_tokens_3050_steps,c4_en,allenai/c4,en,1588ec454efa1a09f29cd18ddd04fe05fc8653a2,true,text,train,validation,0,0,0,0,experiments/cache/tokens_iclr26_main/c4_en,12l_768d,12,768,12,2048,256,16,2,32768,100000000,4000000,3050,50,10,10,3407,rlb_schedulefree,rlb_fused_global_rational,schedule_free_adamw,0.0003,0.00003,0.10,200,0.90,0.95,0.00000001,1.0,0.95,5,match_rms_adamw,0.02,silu,identity,256,32,1,250,4,0.0,false,gpt2,607a30d783dfa663caf39e06633721c8d4cfcd7e,--schedule-free-beta1 0.90 --schedule-free-warmup-steps 0
220,12l_768d_300m_tokens_9150_steps_dclm_seed1337_silu_adamw,12l_768d_300m_tokens_9150_steps,dclm,mlfoundations/dclm-baseline-1.0,none,a3b142c183aebe5af344955ae20836eb34dcf69b,true,text,train,train,0,0,0,610000000,experiments/cache/tokens_iclr26_main/dclm,12l_768d,12,768,12,2048,256,16,2,32768,300000000,8000000,9150,50,10,10,1337,silu_adamw,silu,adamw,0.0003,0.00003,0.10,200,0.90,0.95,0.00000001,1.0,0.95,5,match_rms_adamw,0.02,silu,identity,256,32,1,250,4,0.0,false,gpt2,607a30d783dfa663caf39e06633721c8d4cfcd7e,
221,12l_768d_300m_tokens_9150_steps_dclm_seed1337_rlb_adamw,12l_768d_300m_tokens_9150_steps,dclm,mlfoundations/dclm-baseline-1.0,none,a3b142c183aebe5af344955ae20836eb34dcf69b,true,text,train,train,0,0,0,610000000,experiments/cache/tokens_iclr26_main/dclm,12l_768d,12,768,12,2048,256,16,2,32768,300000000,8000000,9150,50,10,10,1337,rlb_adamw,rlb_fused_global_rational,adamw,0.0003,0.00003,0.10,200,0.90,0.95,0.00000001,1.0,0.95,5,match_rms_adamw,0.02,silu,identity,256,32,1,250,4,0.0,false,gpt2,607a30d783dfa663caf39e06633721c8d4cfcd7e,
222,12l_768d_300m_tokens_9150_steps_dclm_seed1337_silu_muon,12l_768d_300m_tokens_9150_steps,dclm,mlfoundations/dclm-baseline-1.0,none,a3b142c183aebe5af344955ae20836eb34dcf69b,true,text,train,train,0,0,0,610000000,experiments/cache/tokens_iclr26_main/dclm,12l_768d,12,768,12,2048,256,16,2,32768,300000000,8000000,9150,50,10,10,1337,silu_muon,silu,muon,0.0003,0.00003,0.10,200,0.90,0.95,0.00000001,1.0,0.95,5,match_rms_adamw,0.02,silu,identity,256,32,1,250,4,0.0,false,gpt2,607a30d783dfa663caf39e06633721c8d4cfcd7e,--muon-momentum 0.95 --muon-ns-steps 5 --muon-adjust-lr-fn match_rms_adamw
223,12l_768d_300m_tokens_9150_steps_dclm_seed1337_rlb_muon,12l_768d_300m_tokens_9150_steps,dclm,mlfoundations/dclm-baseline-1.0,none,a3b142c183aebe5af344955ae20836eb34dcf69b,true,text,train,train,0,0,0,610000000,experiments/cache/tokens_iclr26_main/dclm,12l_768d,12,768,12,2048,256,16,2,32768,300000000,8000000,9150,50,10,10,1337,rlb_muon,rlb_fused_global_rational,muon,0.0003,0.00003,0.10,200,0.90,0.95,0.00000001,1.0,0.95,5,match_rms_adamw,0.02,silu,identity,256,32,1,250,4,0.0,false,gpt2,607a30d783dfa663caf39e06633721c8d4cfcd7e,--muon-momentum 0.95 --muon-ns-steps 5 --muon-adjust-lr-fn match_rms_adamw
224,12l_768d_300m_tokens_9150_steps_dclm_seed1337_silu_lion,12l_768d_300m_tokens_9150_steps,dclm,mlfoundations/dclm-baseline-1.0,none,a3b142c183aebe5af344955ae20836eb34dcf69b,true,text,train,train,0,0,0,610000000,experiments/cache/tokens_iclr26_main/dclm,12l_768d,12,768,12,2048,256,16,2,32768,300000000,8000000,9150,50,10,10,1337,silu_lion,silu,lion,0.0001,0.00001,0.10,200,0.90,0.95,0.00000001,1.0,0.95,5,match_rms_adamw,0.02,silu,identity,256,32,1,250,4,0.0,false,gpt2,607a30d783dfa663caf39e06633721c8d4cfcd7e,
225,12l_768d_300m_tokens_9150_steps_dclm_seed1337_rlb_lion,12l_768d_300m_tokens_9150_steps,dclm,mlfoundations/dclm-baseline-1.0,none,a3b142c183aebe5af344955ae20836eb34dcf69b,true,text,train,train,0,0,0,610000000,experiments/cache/tokens_iclr26_main/dclm,12l_768d,12,768,12,2048,256,16,2,32768,300000000,8000000,9150,50,10,10,1337,rlb_lion,rlb_fused_global_rational,lion,0.0001,0.00001,0.10,200,0.90,0.95,0.00000001,1.0,0.95,5,match_rms_adamw,0.02,silu,identity,256,32,1,250,4,0.0,false,gpt2,607a30d783dfa663caf39e06633721c8d4cfcd7e,
226,12l_768d_300m_tokens_9150_steps_dclm_seed1337_silu_soap,12l_768d_300m_tokens_9150_steps,dclm,mlfoundations/dclm-baseline-1.0,none,a3b142c183aebe5af344955ae20836eb34dcf69b,true,text,train,train,0,0,0,610000000,experiments/cache/tokens_iclr26_main/dclm,12l_768d,12,768,12,2048,256,16,2,32768,300000000,8000000,9150,50,10,10,1337,silu_soap,silu,soap_adamw,0.0003,0.00003,0.10,200,0.90,0.95,0.00000001,1.0,0.95,5,match_rms_adamw,0.02,silu,identity,256,32,1,250,4,0.0,false,gpt2,607a30d783dfa663caf39e06633721c8d4cfcd7e,--soap-precondition-frequency 50 --no-soap-one-sided
227,12l_768d_300m_tokens_9150_steps_dclm_seed1337_rlb_soap,12l_768d_300m_tokens_9150_steps,dclm,mlfoundations/dclm-baseline-1.0,none,a3b142c183aebe5af344955ae20836eb34dcf69b,true,text,train,train,0,0,0,610000000,experiments/cache/tokens_iclr26_main/dclm,12l_768d,12,768,12,2048,256,16,2,32768,300000000,8000000,9150,50,10,10,1337,rlb_soap,rlb_fused_global_rational,soap_adamw,0.0003,0.00003,0.10,200,0.90,0.95,0.00000001,1.0,0.95,5,match_rms_adamw,0.02,silu,identity,256,32,1,250,4,0.0,false,gpt2,607a30d783dfa663caf39e06633721c8d4cfcd7e,--soap-precondition-frequency 50 --no-soap-one-sided
228,12l_768d_300m_tokens_9150_steps_dclm_seed1337_silu_ademamix,12l_768d_300m_tokens_9150_steps,dclm,mlfoundations/dclm-baseline-1.0,none,a3b142c183aebe5af344955ae20836eb34dcf69b,true,text,train,train,0,0,0,610000000,experiments/cache/tokens_iclr26_main/dclm,12l_768d,12,768,12,2048,256,16,2,32768,300000000,8000000,9150,50,10,10,1337,silu_ademamix,silu,ademamix,0.0003,0.00003,0.10,200,0.90,0.95,0.00000001,1.0,0.95,5,match_rms_adamw,0.02,silu,identity,256,32,1,250,4,0.0,false,gpt2,607a30d783dfa663caf39e06633721c8d4cfcd7e,--ademamix-alpha 5.0 --ademamix-beta3 0.9999
229,12l_768d_300m_tokens_9150_steps_dclm_seed1337_rlb_ademamix,12l_768d_300m_tokens_9150_steps,dclm,mlfoundations/dclm-baseline-1.0,none,a3b142c183aebe5af344955ae20836eb34dcf69b,true,text,train,train,0,0,0,610000000,experiments/cache/tokens_iclr26_main/dclm,12l_768d,12,768,12,2048,256,16,2,32768,300000000,8000000,9150,50,10,10,1337,rlb_ademamix,rlb_fused_global_rational,ademamix,0.0003,0.00003,0.10,200,0.90,0.95,0.00000001,1.0,0.95,5,match_rms_adamw,0.02,silu,identity,256,32,1,250,4,0.0,false,gpt2,607a30d783dfa663caf39e06633721c8d4cfcd7e,--ademamix-alpha 5.0 --ademamix-beta3 0.9999
230,12l_768d_300m_tokens_9150_steps_dclm_seed1337_silu_came,12l_768d_300m_tokens_9150_steps,dclm,mlfoundations/dclm-baseline-1.0,none,a3b142c183aebe5af344955ae20836eb34dcf69b,true,text,train,train,0,0,0,610000000,experiments/cache/tokens_iclr26_main/dclm,12l_768d,12,768,12,2048,256,16,2,32768,300000000,8000000,9150,50,10,10,1337,silu_came,silu,adafactor_came,0.0003,0.00003,0.10,200,0.90,0.95,0.00000001,1.0,0.95,5,match_rms_adamw,0.02,silu,identity,256,32,1,250,4,0.0,false,gpt2,607a30d783dfa663caf39e06633721c8d4cfcd7e,--came-confidence-scale 1.0
231,12l_768d_300m_tokens_9150_steps_dclm_seed1337_rlb_came,12l_768d_300m_tokens_9150_steps,dclm,mlfoundations/dclm-baseline-1.0,none,a3b142c183aebe5af344955ae20836eb34dcf69b,true,text,train,train,0,0,0,610000000,experiments/cache/tokens_iclr26_main/dclm,12l_768d,12,768,12,2048,256,16,2,32768,300000000,8000000,9150,50,10,10,1337,rlb_came,rlb_fused_global_rational,adafactor_came,0.0003,0.00003,0.10,200,0.90,0.95,0.00000001,1.0,0.95,5,match_rms_adamw,0.02,silu,identity,256,32,1,250,4,0.0,false,gpt2,607a30d783dfa663caf39e06633721c8d4cfcd7e,--came-confidence-scale 1.0
232,12l_768d_300m_tokens_9150_steps_dclm_seed1337_silu_schedulefree,12l_768d_300m_tokens_9150_steps,dclm,mlfoundations/dclm-baseline-1.0,none,a3b142c183aebe5af344955ae20836eb34dcf69b,true,text,train,train,0,0,0,610000000,experiments/cache/tokens_iclr26_main/dclm,12l_768d,12,768,12,2048,256,16,2,32768,300000000,8000000,9150,50,10,10,1337,silu_schedulefree,silu,schedule_free_adamw,0.0003,0.00003,0.10,200,0.90,0.95,0.00000001,1.0,0.95,5,match_rms_adamw,0.02,silu,identity,256,32,1,250,4,0.0,false,gpt2,607a30d783dfa663caf39e06633721c8d4cfcd7e,--schedule-free-beta1 0.90 --schedule-free-warmup-steps 0
233,12l_768d_300m_tokens_9150_steps_dclm_seed1337_rlb_schedulefree,12l_768d_300m_tokens_9150_steps,dclm,mlfoundations/dclm-baseline-1.0,none,a3b142c183aebe5af344955ae20836eb34dcf69b,true,text,train,train,0,0,0,610000000,experiments/cache/tokens_iclr26_main/dclm,12l_768d,12,768,12,2048,256,16,2,32768,300000000,8000000,9150,50,10,10,1337,rlb_schedulefree,rlb_fused_global_rational,schedule_free_adamw,0.0003,0.00003,0.10,200,0.90,0.95,0.00000001,1.0,0.95,5,match_rms_adamw,0.02,silu,identity,256,32,1,250,4,0.0,false,gpt2,607a30d783dfa663caf39e06633721c8d4cfcd7e,--schedule-free-beta1 0.90 --schedule-free-warmup-steps 0
234,12l_768d_300m_tokens_9150_steps_dclm_seed2027_silu_adamw,12l_768d_300m_tokens_9150_steps,dclm,mlfoundations/dclm-baseline-1.0,none,a3b142c183aebe5af344955ae20836eb34dcf69b,true,text,train,train,0,0,0,610000000,experiments/cache/tokens_iclr26_main/dclm,12l_768d,12,768,12,2048,256,16,2,32768,300000000,8000000,9150,50,10,10,2027,silu_adamw,silu,adamw,0.0003,0.00003,0.10,200,0.90,0.95,0.00000001,1.0,0.95,5,match_rms_adamw,0.02,silu,identity,256,32,1,250,4,0.0,false,gpt2,607a30d783dfa663caf39e06633721c8d4cfcd7e,
235,12l_768d_300m_tokens_9150_steps_dclm_seed2027_rlb_adamw,12l_768d_300m_tokens_9150_steps,dclm,mlfoundations/dclm-baseline-1.0,none,a3b142c183aebe5af344955ae20836eb34dcf69b,true,text,train,train,0,0,0,610000000,experiments/cache/tokens_iclr26_main/dclm,12l_768d,12,768,12,2048,256,16,2,32768,300000000,8000000,9150,50,10,10,2027,rlb_adamw,rlb_fused_global_rational,adamw,0.0003,0.00003,0.10,200,0.90,0.95,0.00000001,1.0,0.95,5,match_rms_adamw,0.02,silu,identity,256,32,1,250,4,0.0,false,gpt2,607a30d783dfa663caf39e06633721c8d4cfcd7e,
236,12l_768d_300m_tokens_9150_steps_dclm_seed2027_silu_muon,12l_768d_300m_tokens_9150_steps,dclm,mlfoundations/dclm-baseline-1.0,none,a3b142c183aebe5af344955ae20836eb34dcf69b,true,text,train,train,0,0,0,610000000,experiments/cache/tokens_iclr26_main/dclm,12l_768d,12,768,12,2048,256,16,2,32768,300000000,8000000,9150,50,10,10,2027,silu_muon,silu,muon,0.0003,0.00003,0.10,200,0.90,0.95,0.00000001,1.0,0.95,5,match_rms_adamw,0.02,silu,identity,256,32,1,250,4,0.0,false,gpt2,607a30d783dfa663caf39e06633721c8d4cfcd7e,--muon-momentum 0.95 --muon-ns-steps 5 --muon-adjust-lr-fn match_rms_adamw
237,12l_768d_300m_tokens_9150_steps_dclm_seed2027_rlb_muon,12l_768d_300m_tokens_9150_steps,dclm,mlfoundations/dclm-baseline-1.0,none,a3b142c183aebe5af344955ae20836eb34dcf69b,true,text,train,train,0,0,0,610000000,experiments/cache/tokens_iclr26_main/dclm,12l_768d,12,768,12,2048,256,16,2,32768,300000000,8000000,9150,50,10,10,2027,rlb_muon,rlb_fused_global_rational,muon,0.0003,0.00003,0.10,200,0.90,0.95,0.00000001,1.0,0.95,5,match_rms_adamw,0.02,silu,identity,256,32,1,250,4,0.0,false,gpt2,607a30d783dfa663caf39e06633721c8d4cfcd7e,--muon-momentum 0.95 --muon-ns-steps 5 --muon-adjust-lr-fn match_rms_adamw
238,12l_768d_300m_tokens_9150_steps_dclm_seed2027_silu_lion,12l_768d_300m_tokens_9150_steps,dclm,mlfoundations/dclm-baseline-1.0,none,a3b142c183aebe5af344955ae20836eb34dcf69b,true,text,train,train,0,0,0,610000000,experiments/cache/tokens_iclr26_main/dclm,12l_768d,12,768,12,2048,256,16,2,32768,300000000,8000000,9150,50,10,10,2027,silu_lion,silu,lion,0.0001,0.00001,0.10,200,0.90,0.95,0.00000001,1.0,0.95,5,match_rms_adamw,0.02,silu,identity,256,32,1,250,4,0.0,false,gpt2,607a30d783dfa663caf39e06633721c8d4cfcd7e,
239,12l_768d_300m_tokens_9150_steps_dclm_seed2027_rlb_lion,12l_768d_300m_tokens_9150_steps,dclm,mlfoundations/dclm-baseline-1.0,none,a3b142c183aebe5af344955ae20836eb34dcf69b,true,text,train,train,0,0,0,610000000,experiments/cache/tokens_iclr26_main/dclm,12l_768d,12,768,12,2048,256,16,2,32768,300000000,8000000,9150,50,10,10,2027,rlb_lion,rlb_fused_global_rational,lion,0.0001,0.00001,0.10,200,0.90,0.95,0.00000001,1.0,0.95,5,match_rms_adamw,0.02,silu,identity,256,32,1,250,4,0.0,false,gpt2,607a30d783dfa663caf39e06633721c8d4cfcd7e,
240,12l_768d_300m_tokens_9150_steps_dclm_seed2027_silu_soap,12l_768d_300m_tokens_9150_steps,dclm,mlfoundations/dclm-baseline-1.0,none,a3b142c183aebe5af344955ae20836eb34dcf69b,true,text,train,train,0,0,0,610000000,experiments/cache/tokens_iclr26_main/dclm,12l_768d,12,768,12,2048,256,16,2,32768,300000000,8000000,9150,50,10,10,2027,silu_soap,silu,soap_adamw,0.0003,0.00003,0.10,200,0.90,0.95,0.00000001,1.0,0.95,5,match_rms_adamw,0.02,silu,identity,256,32,1,250,4,0.0,false,gpt2,607a30d783dfa663caf39e06633721c8d4cfcd7e,--soap-precondition-frequency 50 --no-soap-one-sided
241,12l_768d_300m_tokens_9150_steps_dclm_seed2027_rlb_soap,12l_768d_300m_tokens_9150_steps,dclm,mlfoundations/dclm-baseline-1.0,none,a3b142c183aebe5af344955ae20836eb34dcf69b,true,text,train,train,0,0,0,610000000,experiments/cache/tokens_iclr26_main/dclm,12l_768d,12,768,12,2048,256,16,2,32768,300000000,8000000,9150,50,10,10,2027,rlb_soap,rlb_fused_global_rational,soap_adamw,0.0003,0.00003,0.10,200,0.90,0.95,0.00000001,1.0,0.95,5,match_rms_adamw,0.02,silu,identity,256,32,1,250,4,0.0,false,gpt2,607a30d783dfa663caf39e06633721c8d4cfcd7e,--soap-precondition-frequency 50 --no-soap-one-sided
242,12l_768d_300m_tokens_9150_steps_dclm_seed2027_silu_ademamix,12l_768d_300m_tokens_9150_steps,dclm,mlfoundations/dclm-baseline-1.0,none,a3b142c183aebe5af344955ae20836eb34dcf69b,true,text,train,train,0,0,0,610000000,experiments/cache/tokens_iclr26_main/dclm,12l_768d,12,768,12,2048,256,16,2,32768,300000000,8000000,9150,50,10,10,2027,silu_ademamix,silu,ademamix,0.0003,0.00003,0.10,200,0.90,0.95,0.00000001,1.0,0.95,5,match_rms_adamw,0.02,silu,identity,256,32,1,250,4,0.0,false,gpt2,607a30d783dfa663caf39e06633721c8d4cfcd7e,--ademamix-alpha 5.0 --ademamix-beta3 0.9999
243,12l_768d_300m_tokens_9150_steps_dclm_seed2027_rlb_ademamix,12l_768d_300m_tokens_9150_steps,dclm,mlfoundations/dclm-baseline-1.0,none,a3b142c183aebe5af344955ae20836eb34dcf69b,true,text,train,train,0,0,0,610000000,experiments/cache/tokens_iclr26_main/dclm,12l_768d,12,768,12,2048,256,16,2,32768,300000000,8000000,9150,50,10,10,2027,rlb_ademamix,rlb_fused_global_rational,ademamix,0.0003,0.00003,0.10,200,0.90,0.95,0.00000001,1.0,0.95,5,match_rms_adamw,0.02,silu,identity,256,32,1,250,4,0.0,false,gpt2,607a30d783dfa663caf39e06633721c8d4cfcd7e,--ademamix-alpha 5.0 --ademamix-beta3 0.9999
244,12l_768d_300m_tokens_9150_steps_dclm_seed2027_silu_came,12l_768d_300m_tokens_9150_steps,dclm,mlfoundations/dclm-baseline-1.0,none,a3b142c183aebe5af344955ae20836eb34dcf69b,true,text,train,train,0,0,0,610000000,experiments/cache/tokens_iclr26_main/dclm,12l_768d,12,768,12,2048,256,16,2,32768,300000000,8000000,9150,50,10,10,2027,silu_came,silu,adafactor_came,0.0003,0.00003,0.10,200,0.90,0.95,0.00000001,1.0,0.95,5,match_rms_adamw,0.02,silu,identity,256,32,1,250,4,0.0,false,gpt2,607a30d783dfa663caf39e06633721c8d4cfcd7e,--came-confidence-scale 1.0
245,12l_768d_300m_tokens_9150_steps_dclm_seed2027_rlb_came,12l_768d_300m_tokens_9150_steps,dclm,mlfoundations/dclm-baseline-1.0,none,a3b142c183aebe5af344955ae20836eb34dcf69b,true,text,train,train,0,0,0,610000000,experiments/cache/tokens_iclr26_main/dclm,12l_768d,12,768,12,2048,256,16,2,32768,300000000,8000000,9150,50,10,10,2027,rlb_came,rlb_fused_global_rational,adafactor_came,0.0003,0.00003,0.10,200,0.90,0.95,0.00000001,1.0,0.95,5,match_rms_adamw,0.02,silu,identity,256,32,1,250,4,0.0,false,gpt2,607a30d783dfa663caf39e06633721c8d4cfcd7e,--came-confidence-scale 1.0
246,12l_768d_300m_tokens_9150_steps_dclm_seed2027_silu_schedulefree,12l_768d_300m_tokens_9150_steps,dclm,mlfoundations/dclm-baseline-1.0,none,a3b142c183aebe5af344955ae20836eb34dcf69b,true,text,train,train,0,0,0,610000000,experiments/cache/tokens_iclr26_main/dclm,12l_768d,12,768,12,2048,256,16,2,32768,300000000,8000000,9150,50,10,10,2027,silu_schedulefree,silu,schedule_free_adamw,0.0003,0.00003,0.10,200,0.90,0.95,0.00000001,1.0,0.95,5,match_rms_adamw,0.02,silu,identity,256,32,1,250,4,0.0,false,gpt2,607a30d783dfa663caf39e06633721c8d4cfcd7e,--schedule-free-beta1 0.90 --schedule-free-warmup-steps 0
247,12l_768d_300m_tokens_9150_steps_dclm_seed2027_rlb_schedulefree,12l_768d_300m_tokens_9150_steps,dclm,mlfoundations/dclm-baseline-1.0,none,a3b142c183aebe5af344955ae20836eb34dcf69b,true,text,train,train,0,0,0,610000000,experiments/cache/tokens_iclr26_main/dclm,12l_768d,12,768,12,2048,256,16,2,32768,300000000,8000000,9150,50,10,10,2027,rlb_schedulefree,rlb_fused_global_rational,schedule_free_adamw,0.0003,0.00003,0.10,200,0.90,0.95,0.00000001,1.0,0.95,5,match_rms_adamw,0.02,silu,identity,256,32,1,250,4,0.0,false,gpt2,607a30d783dfa663caf39e06633721c8d4cfcd7e,--schedule-free-beta1 0.90 --schedule-free-warmup-steps 0
248,12l_768d_300m_tokens_9150_steps_dclm_seed3407_silu_adamw,12l_768d_300m_tokens_9150_steps,dclm,mlfoundations/dclm-baseline-1.0,none,a3b142c183aebe5af344955ae20836eb34dcf69b,true,text,train,train,0,0,0,610000000,experiments/cache/tokens_iclr26_main/dclm,12l_768d,12,768,12,2048,256,16,2,32768,300000000,8000000,9150,50,10,10,3407,silu_adamw,silu,adamw,0.0003,0.00003,0.10,200,0.90,0.95,0.00000001,1.0,0.95,5,match_rms_adamw,0.02,silu,identity,256,32,1,250,4,0.0,false,gpt2,607a30d783dfa663caf39e06633721c8d4cfcd7e,
249,12l_768d_300m_tokens_9150_steps_dclm_seed3407_rlb_adamw,12l_768d_300m_tokens_9150_steps,dclm,mlfoundations/dclm-baseline-1.0,none,a3b142c183aebe5af344955ae20836eb34dcf69b,true,text,train,train,0,0,0,610000000,experiments/cache/tokens_iclr26_main/dclm,12l_768d,12,768,12,2048,256,16,2,32768,300000000,8000000,9150,50,10,10,3407,rlb_adamw,rlb_fused_global_rational,adamw,0.0003,0.00003,0.10,200,0.90,0.95,0.00000001,1.0,0.95,5,match_rms_adamw,0.02,silu,identity,256,32,1,250,4,0.0,false,gpt2,607a30d783dfa663caf39e06633721c8d4cfcd7e,
250,12l_768d_300m_tokens_9150_steps_dclm_seed3407_silu_muon,12l_768d_300m_tokens_9150_steps,dclm,mlfoundations/dclm-baseline-1.0,none,a3b142c183aebe5af344955ae20836eb34dcf69b,true,text,train,train,0,0,0,610000000,experiments/cache/tokens_iclr26_main/dclm,12l_768d,12,768,12,2048,256,16,2,32768,300000000,8000000,9150,50,10,10,3407,silu_muon,silu,muon,0.0003,0.00003,0.10,200,0.90,0.95,0.00000001,1.0,0.95,5,match_rms_adamw,0.02,silu,identity,256,32,1,250,4,0.0,false,gpt2,607a30d783dfa663caf39e06633721c8d4cfcd7e,--muon-momentum 0.95 --muon-ns-steps 5 --muon-adjust-lr-fn match_rms_adamw
251,12l_768d_300m_tokens_9150_steps_dclm_seed3407_rlb_muon,12l_768d_300m_tokens_9150_steps,dclm,mlfoundations/dclm-baseline-1.0,none,a3b142c183aebe5af344955ae20836eb34dcf69b,true,text,train,train,0,0,0,610000000,experiments/cache/tokens_iclr26_main/dclm,12l_768d,12,768,12,2048,256,16,2,32768,300000000,8000000,9150,50,10,10,3407,rlb_muon,rlb_fused_global_rational,muon,0.0003,0.00003,0.10,200,0.90,0.95,0.00000001,1.0,0.95,5,match_rms_adamw,0.02,silu,identity,256,32,1,250,4,0.0,false,gpt2,607a30d783dfa663caf39e06633721c8d4cfcd7e,--muon-momentum 0.95 --muon-ns-steps 5 --muon-adjust-lr-fn match_rms_adamw
252,12l_768d_300m_tokens_9150_steps_dclm_seed3407_silu_lion,12l_768d_300m_tokens_9150_steps,dclm,mlfoundations/dclm-baseline-1.0,none,a3b142c183aebe5af344955ae20836eb34dcf69b,true,text,train,train,0,0,0,610000000,experiments/cache/tokens_iclr26_main/dclm,12l_768d,12,768,12,2048,256,16,2,32768,300000000,8000000,9150,50,10,10,3407,silu_lion,silu,lion,0.0001,0.00001,0.10,200,0.90,0.95,0.00000001,1.0,0.95,5,match_rms_adamw,0.02,silu,identity,256,32,1,250,4,0.0,false,gpt2,607a30d783dfa663caf39e06633721c8d4cfcd7e,
253,12l_768d_300m_tokens_9150_steps_dclm_seed3407_rlb_lion,12l_768d_300m_tokens_9150_steps,dclm,mlfoundations/dclm-baseline-1.0,none,a3b142c183aebe5af344955ae20836eb34dcf69b,true,text,train,train,0,0,0,610000000,experiments/cache/tokens_iclr26_main/dclm,12l_768d,12,768,12,2048,256,16,2,32768,300000000,8000000,9150,50,10,10,3407,rlb_lion,rlb_fused_global_rational,lion,0.0001,0.00001,0.10,200,0.90,0.95,0.00000001,1.0,0.95,5,match_rms_adamw,0.02,silu,identity,256,32,1,250,4,0.0,false,gpt2,607a30d783dfa663caf39e06633721c8d4cfcd7e,
254,12l_768d_300m_tokens_9150_steps_dclm_seed3407_silu_soap,12l_768d_300m_tokens_9150_steps,dclm,mlfoundations/dclm-baseline-1.0,none,a3b142c183aebe5af344955ae20836eb34dcf69b,true,text,train,train,0,0,0,610000000,experiments/cache/tokens_iclr26_main/dclm,12l_768d,12,768,12,2048,256,16,2,32768,300000000,8000000,9150,50,10,10,3407,silu_soap,silu,soap_adamw,0.0003,0.00003,0.10,200,0.90,0.95,0.00000001,1.0,0.95,5,match_rms_adamw,0.02,silu,identity,256,32,1,250,4,0.0,false,gpt2,607a30d783dfa663caf39e06633721c8d4cfcd7e,--soap-precondition-frequency 50 --no-soap-one-sided
255,12l_768d_300m_tokens_9150_steps_dclm_seed3407_rlb_soap,12l_768d_300m_tokens_9150_steps,dclm,mlfoundations/dclm-baseline-1.0,none,a3b142c183aebe5af344955ae20836eb34dcf69b,true,text,train,train,0,0,0,610000000,experiments/cache/tokens_iclr26_main/dclm,12l_768d,12,768,12,2048,256,16,2,32768,300000000,8000000,9150,50,10,10,3407,rlb_soap,rlb_fused_global_rational,soap_adamw,0.0003,0.00003,0.10,200,0.90,0.95,0.00000001,1.0,0.95,5,match_rms_adamw,0.02,silu,identity,256,32,1,250,4,0.0,false,gpt2,607a30d783dfa663caf39e06633721c8d4cfcd7e,--soap-precondition-frequency 50 --no-soap-one-sided
256,12l_768d_300m_tokens_9150_steps_dclm_seed3407_silu_ademamix,12l_768d_300m_tokens_9150_steps,dclm,mlfoundations/dclm-baseline-1.0,none,a3b142c183aebe5af344955ae20836eb34dcf69b,true,text,train,train,0,0,0,610000000,experiments/cache/tokens_iclr26_main/dclm,12l_768d,12,768,12,2048,256,16,2,32768,300000000,8000000,9150,50,10,10,3407,silu_ademamix,silu,ademamix,0.0003,0.00003,0.10,200,0.90,0.95,0.00000001,1.0,0.95,5,match_rms_adamw,0.02,silu,identity,256,32,1,250,4,0.0,false,gpt2,607a30d783dfa663caf39e06633721c8d4cfcd7e,--ademamix-alpha 5.0 --ademamix-beta3 0.9999
257,12l_768d_300m_tokens_9150_steps_dclm_seed3407_rlb_ademamix,12l_768d_300m_tokens_9150_steps,dclm,mlfoundations/dclm-baseline-1.0,none,a3b142c183aebe5af344955ae20836eb34dcf69b,true,text,train,train,0,0,0,610000000,experiments/cache/tokens_iclr26_main/dclm,12l_768d,12,768,12,2048,256,16,2,32768,300000000,8000000,9150,50,10,10,3407,rlb_ademamix,rlb_fused_global_rational,ademamix,0.0003,0.00003,0.10,200,0.90,0.95,0.00000001,1.0,0.95,5,match_rms_adamw,0.02,silu,identity,256,32,1,250,4,0.0,false,gpt2,607a30d783dfa663caf39e06633721c8d4cfcd7e,--ademamix-alpha 5.0 --ademamix-beta3 0.9999
258,12l_768d_300m_tokens_9150_steps_dclm_seed3407_silu_came,12l_768d_300m_tokens_9150_steps,dclm,mlfoundations/dclm-baseline-1.0,none,a3b142c183aebe5af344955ae20836eb34dcf69b,true,text,train,train,0,0,0,610000000,experiments/cache/tokens_iclr26_main/dclm,12l_768d,12,768,12,2048,256,16,2,32768,300000000,8000000,9150,50,10,10,3407,silu_came,silu,adafactor_came,0.0003,0.00003,0.10,200,0.90,0.95,0.00000001,1.0,0.95,5,match_rms_adamw,0.02,silu,identity,256,32,1,250,4,0.0,false,gpt2,607a30d783dfa663caf39e06633721c8d4cfcd7e,--came-confidence-scale 1.0
259,12l_768d_300m_tokens_9150_steps_dclm_seed3407_rlb_came,12l_768d_300m_tokens_9150_steps,dclm,mlfoundations/dclm-baseline-1.0,none,a3b142c183aebe5af344955ae20836eb34dcf69b,true,text,train,train,0,0,0,610000000,experiments/cache/tokens_iclr26_main/dclm,12l_768d,12,768,12,2048,256,16,2,32768,300000000,8000000,9150,50,10,10,3407,rlb_came,rlb_fused_global_rational,adafactor_came,0.0003,0.00003,0.10,200,0.90,0.95,0.00000001,1.0,0.95,5,match_rms_adamw,0.02,silu,identity,256,32,1,250,4,0.0,false,gpt2,607a30d783dfa663caf39e06633721c8d4cfcd7e,--came-confidence-scale 1.0
260,12l_768d_300m_tokens_9150_steps_dclm_seed3407_silu_schedulefree,12l_768d_300m_tokens_9150_steps,dclm,mlfoundations/dclm-baseline-1.0,none,a3b142c183aebe5af344955ae20836eb34dcf69b,true,text,train,train,0,0,0,610000000,experiments/cache/tokens_iclr26_main/dclm,12l_768d,12,768,12,2048,256,16,2,32768,300000000,8000000,9150,50,10,10,3407,silu_schedulefree,silu,schedule_free_adamw,0.0003,0.00003,0.10,200,0.90,0.95,0.00000001,1.0,0.95,5,match_rms_adamw,0.02,silu,identity,256,32,1,250,4,0.0,false,gpt2,607a30d783dfa663caf39e06633721c8d4cfcd7e,--schedule-free-beta1 0.90 --schedule-free-warmup-steps 0
261,12l_768d_300m_tokens_9150_steps_dclm_seed3407_rlb_schedulefree,12l_768d_300m_tokens_9150_steps,dclm,mlfoundations/dclm-baseline-1.0,none,a3b142c183aebe5af344955ae20836eb34dcf69b,true,text,train,train,0,0,0,610000000,experiments/cache/tokens_iclr26_main/dclm,12l_768d,12,768,12,2048,256,16,2,32768,300000000,8000000,9150,50,10,10,3407,rlb_schedulefree,rlb_fused_global_rational,schedule_free_adamw,0.0003,0.00003,0.10,200,0.90,0.95,0.00000001,1.0,0.95,5,match_rms_adamw,0.02,silu,identity,256,32,1,250,4,0.0,false,gpt2,607a30d783dfa663caf39e06633721c8d4cfcd7e,--schedule-free-beta1 0.90 --schedule-free-warmup-steps 0
262,12l_768d_300m_tokens_9150_steps_fineweb_edu_seed1337_silu_adamw,12l_768d_300m_tokens_9150_steps,fineweb_edu,HuggingFaceFW/fineweb-edu,sample-10BT,87f09149ef4734204d70ed1d046ddc9ca3f2b8f9,true,text,train,train,0,0,0,610000000,experiments/cache/tokens_iclr26_main/fineweb_edu,12l_768d,12,768,12,2048,256,16,2,32768,300000000,8000000,9150,50,10,10,1337,silu_adamw,silu,adamw,0.0003,0.00003,0.10,200,0.90,0.95,0.00000001,1.0,0.95,5,match_rms_adamw,0.02,silu,identity,256,32,1,250,4,0.0,false,gpt2,607a30d783dfa663caf39e06633721c8d4cfcd7e,
263,12l_768d_300m_tokens_9150_steps_fineweb_edu_seed1337_rlb_adamw,12l_768d_300m_tokens_9150_steps,fineweb_edu,HuggingFaceFW/fineweb-edu,sample-10BT,87f09149ef4734204d70ed1d046ddc9ca3f2b8f9,true,text,train,train,0,0,0,610000000,experiments/cache/tokens_iclr26_main/fineweb_edu,12l_768d,12,768,12,2048,256,16,2,32768,300000000,8000000,9150,50,10,10,1337,rlb_adamw,rlb_fused_global_rational,adamw,0.0003,0.00003,0.10,200,0.90,0.95,0.00000001,1.0,0.95,5,match_rms_adamw,0.02,silu,identity,256,32,1,250,4,0.0,false,gpt2,607a30d783dfa663caf39e06633721c8d4cfcd7e,
264,12l_768d_300m_tokens_9150_steps_fineweb_edu_seed1337_silu_muon,12l_768d_300m_tokens_9150_steps,fineweb_edu,HuggingFaceFW/fineweb-edu,sample-10BT,87f09149ef4734204d70ed1d046ddc9ca3f2b8f9,true,text,train,train,0,0,0,610000000,experiments/cache/tokens_iclr26_main/fineweb_edu,12l_768d,12,768,12,2048,256,16,2,32768,300000000,8000000,9150,50,10,10,1337,silu_muon,silu,muon,0.0003,0.00003,0.10,200,0.90,0.95,0.00000001,1.0,0.95,5,match_rms_adamw,0.02,silu,identity,256,32,1,250,4,0.0,false,gpt2,607a30d783dfa663caf39e06633721c8d4cfcd7e,--muon-momentum 0.95 --muon-ns-steps 5 --muon-adjust-lr-fn match_rms_adamw
265,12l_768d_300m_tokens_9150_steps_fineweb_edu_seed1337_rlb_muon,12l_768d_300m_tokens_9150_steps,fineweb_edu,HuggingFaceFW/fineweb-edu,sample-10BT,87f09149ef4734204d70ed1d046ddc9ca3f2b8f9,true,text,train,train,0,0,0,610000000,experiments/cache/tokens_iclr26_main/fineweb_edu,12l_768d,12,768,12,2048,256,16,2,32768,300000000,8000000,9150,50,10,10,1337,rlb_muon,rlb_fused_global_rational,muon,0.0003,0.00003,0.10,200,0.90,0.95,0.00000001,1.0,0.95,5,match_rms_adamw,0.02,silu,identity,256,32,1,250,4,0.0,false,gpt2,607a30d783dfa663caf39e06633721c8d4cfcd7e,--muon-momentum 0.95 --muon-ns-steps 5 --muon-adjust-lr-fn match_rms_adamw
266,12l_768d_300m_tokens_9150_steps_fineweb_edu_seed1337_silu_lion,12l_768d_300m_tokens_9150_steps,fineweb_edu,HuggingFaceFW/fineweb-edu,sample-10BT,87f09149ef4734204d70ed1d046ddc9ca3f2b8f9,true,text,train,train,0,0,0,610000000,experiments/cache/tokens_iclr26_main/fineweb_edu,12l_768d,12,768,12,2048,256,16,2,32768,300000000,8000000,9150,50,10,10,1337,silu_lion,silu,lion,0.0001,0.00001,0.10,200,0.90,0.95,0.00000001,1.0,0.95,5,match_rms_adamw,0.02,silu,identity,256,32,1,250,4,0.0,false,gpt2,607a30d783dfa663caf39e06633721c8d4cfcd7e,
267,12l_768d_300m_tokens_9150_steps_fineweb_edu_seed1337_rlb_lion,12l_768d_300m_tokens_9150_steps,fineweb_edu,HuggingFaceFW/fineweb-edu,sample-10BT,87f09149ef4734204d70ed1d046ddc9ca3f2b8f9,true,text,train,train,0,0,0,610000000,experiments/cache/tokens_iclr26_main/fineweb_edu,12l_768d,12,768,12,2048,256,16,2,32768,300000000,8000000,9150,50,10,10,1337,rlb_lion,rlb_fused_global_rational,lion,0.0001,0.00001,0.10,200,0.90,0.95,0.00000001,1.0,0.95,5,match_rms_adamw,0.02,silu,identity,256,32,1,250,4,0.0,false,gpt2,607a30d783dfa663caf39e06633721c8d4cfcd7e,
268,12l_768d_300m_tokens_9150_steps_fineweb_edu_seed1337_silu_soap,12l_768d_300m_tokens_9150_steps,fineweb_edu,HuggingFaceFW/fineweb-edu,sample-10BT,87f09149ef4734204d70ed1d046ddc9ca3f2b8f9,true,text,train,train,0,0,0,610000000,experiments/cache/tokens_iclr26_main/fineweb_edu,12l_768d,12,768,12,2048,256,16,2,32768,300000000,8000000,9150,50,10,10,1337,silu_soap,silu,soap_adamw,0.0003,0.00003,0.10,200,0.90,0.95,0.00000001,1.0,0.95,5,match_rms_adamw,0.02,silu,identity,256,32,1,250,4,0.0,false,gpt2,607a30d783dfa663caf39e06633721c8d4cfcd7e,--soap-precondition-frequency 50 --no-soap-one-sided
269,12l_768d_300m_tokens_9150_steps_fineweb_edu_seed1337_rlb_soap,12l_768d_300m_tokens_9150_steps,fineweb_edu,HuggingFaceFW/fineweb-edu,sample-10BT,87f09149ef4734204d70ed1d046ddc9ca3f2b8f9,true,text,train,train,0,0,0,610000000,experiments/cache/tokens_iclr26_main/fineweb_edu,12l_768d,12,768,12,2048,256,16,2,32768,300000000,8000000,9150,50,10,10,1337,rlb_soap,rlb_fused_global_rational,soap_adamw,0.0003,0.00003,0.10,200,0.90,0.95,0.00000001,1.0,0.95,5,match_rms_adamw,0.02,silu,identity,256,32,1,250,4,0.0,false,gpt2,607a30d783dfa663caf39e06633721c8d4cfcd7e,--soap-precondition-frequency 50 --no-soap-one-sided
270,12l_768d_300m_tokens_9150_steps_fineweb_edu_seed1337_silu_ademamix,12l_768d_300m_tokens_9150_steps,fineweb_edu,HuggingFaceFW/fineweb-edu,sample-10BT,87f09149ef4734204d70ed1d046ddc9ca3f2b8f9,true,text,train,train,0,0,0,610000000,experiments/cache/tokens_iclr26_main/fineweb_edu,12l_768d,12,768,12,2048,256,16,2,32768,300000000,8000000,9150,50,10,10,1337,silu_ademamix,silu,ademamix,0.0003,0.00003,0.10,200,0.90,0.95,0.00000001,1.0,0.95,5,match_rms_adamw,0.02,silu,identity,256,32,1,250,4,0.0,false,gpt2,607a30d783dfa663caf39e06633721c8d4cfcd7e,--ademamix-alpha 5.0 --ademamix-beta3 0.9999
271,12l_768d_300m_tokens_9150_steps_fineweb_edu_seed1337_rlb_ademamix,12l_768d_300m_tokens_9150_steps,fineweb_edu,HuggingFaceFW/fineweb-edu,sample-10BT,87f09149ef4734204d70ed1d046ddc9ca3f2b8f9,true,text,train,train,0,0,0,610000000,experiments/cache/tokens_iclr26_main/fineweb_edu,12l_768d,12,768,12,2048,256,16,2,32768,300000000,8000000,9150,50,10,10,1337,rlb_ademamix,rlb_fused_global_rational,ademamix,0.0003,0.00003,0.10,200,0.90,0.95,0.00000001,1.0,0.95,5,match_rms_adamw,0.02,silu,identity,256,32,1,250,4,0.0,false,gpt2,607a30d783dfa663caf39e06633721c8d4cfcd7e,--ademamix-alpha 5.0 --ademamix-beta3 0.9999
272,12l_768d_300m_tokens_9150_steps_fineweb_edu_seed1337_silu_came,12l_768d_300m_tokens_9150_steps,fineweb_edu,HuggingFaceFW/fineweb-edu,sample-10BT,87f09149ef4734204d70ed1d046ddc9ca3f2b8f9,true,text,train,train,0,0,0,610000000,experiments/cache/tokens_iclr26_main/fineweb_edu,12l_768d,12,768,12,2048,256,16,2,32768,300000000,8000000,9150,50,10,10,1337,silu_came,silu,adafactor_came,0.0003,0.00003,0.10,200,0.90,0.95,0.00000001,1.0,0.95,5,match_rms_adamw,0.02,silu,identity,256,32,1,250,4,0.0,false,gpt2,607a30d783dfa663caf39e06633721c8d4cfcd7e,--came-confidence-scale 1.0
273,12l_768d_300m_tokens_9150_steps_fineweb_edu_seed1337_rlb_came,12l_768d_300m_tokens_9150_steps,fineweb_edu,HuggingFaceFW/fineweb-edu,sample-10BT,87f09149ef4734204d70ed1d046ddc9ca3f2b8f9,true,text,train,train,0,0,0,610000000,experiments/cache/tokens_iclr26_main/fineweb_edu,12l_768d,12,768,12,2048,256,16,2,32768,300000000,8000000,9150,50,10,10,1337,rlb_came,rlb_fused_global_rational,adafactor_came,0.0003,0.00003,0.10,200,0.90,0.95,0.00000001,1.0,0.95,5,match_rms_adamw,0.02,silu,identity,256,32,1,250,4,0.0,false,gpt2,607a30d783dfa663caf39e06633721c8d4cfcd7e,--came-confidence-scale 1.0
274,12l_768d_300m_tokens_9150_steps_fineweb_edu_seed1337_silu_schedulefree,12l_768d_300m_tokens_9150_steps,fineweb_edu,HuggingFaceFW/fineweb-edu,sample-10BT,87f09149ef4734204d70ed1d046ddc9ca3f2b8f9,true,text,train,train,0,0,0,610000000,experiments/cache/tokens_iclr26_main/fineweb_edu,12l_768d,12,768,12,2048,256,16,2,32768,300000000,8000000,9150,50,10,10,1337,silu_schedulefree,silu,schedule_free_adamw,0.0003,0.00003,0.10,200,0.90,0.95,0.00000001,1.0,0.95,5,match_rms_adamw,0.02,silu,identity,256,32,1,250,4,0.0,false,gpt2,607a30d783dfa663caf39e06633721c8d4cfcd7e,--schedule-free-beta1 0.90 --schedule-free-warmup-steps 0
275,12l_768d_300m_tokens_9150_steps_fineweb_edu_seed1337_rlb_schedulefree,12l_768d_300m_tokens_9150_steps,fineweb_edu,HuggingFaceFW/fineweb-edu,sample-10BT,87f09149ef4734204d70ed1d046ddc9ca3f2b8f9,true,text,train,train,0,0,0,610000000,experiments/cache/tokens_iclr26_main/fineweb_edu,12l_768d,12,768,12,2048,256,16,2,32768,300000000,8000000,9150,50,10,10,1337,rlb_schedulefree,rlb_fused_global_rational,schedule_free_adamw,0.0003,0.00003,0.10,200,0.90,0.95,0.00000001,1.0,0.95,5,match_rms_adamw,0.02,silu,identity,256,32,1,250,4,0.0,false,gpt2,607a30d783dfa663caf39e06633721c8d4cfcd7e,--schedule-free-beta1 0.90 --schedule-free-warmup-steps 0
276,12l_768d_300m_tokens_9150_steps_fineweb_edu_seed2027_silu_adamw,12l_768d_300m_tokens_9150_steps,fineweb_edu,HuggingFaceFW/fineweb-edu,sample-10BT,87f09149ef4734204d70ed1d046ddc9ca3f2b8f9,true,text,train,train,0,0,0,610000000,experiments/cache/tokens_iclr26_main/fineweb_edu,12l_768d,12,768,12,2048,256,16,2,32768,300000000,8000000,9150,50,10,10,2027,silu_adamw,silu,adamw,0.0003,0.00003,0.10,200,0.90,0.95,0.00000001,1.0,0.95,5,match_rms_adamw,0.02,silu,identity,256,32,1,250,4,0.0,false,gpt2,607a30d783dfa663caf39e06633721c8d4cfcd7e,
277,12l_768d_300m_tokens_9150_steps_fineweb_edu_seed2027_rlb_adamw,12l_768d_300m_tokens_9150_steps,fineweb_edu,HuggingFaceFW/fineweb-edu,sample-10BT,87f09149ef4734204d70ed1d046ddc9ca3f2b8f9,true,text,train,train,0,0,0,610000000,experiments/cache/tokens_iclr26_main/fineweb_edu,12l_768d,12,768,12,2048,256,16,2,32768,300000000,8000000,9150,50,10,10,2027,rlb_adamw,rlb_fused_global_rational,adamw,0.0003,0.00003,0.10,200,0.90,0.95,0.00000001,1.0,0.95,5,match_rms_adamw,0.02,silu,identity,256,32,1,250,4,0.0,false,gpt2,607a30d783dfa663caf39e06633721c8d4cfcd7e,
278,12l_768d_300m_tokens_9150_steps_fineweb_edu_seed2027_silu_muon,12l_768d_300m_tokens_9150_steps,fineweb_edu,HuggingFaceFW/fineweb-edu,sample-10BT,87f09149ef4734204d70ed1d046ddc9ca3f2b8f9,true,text,train,train,0,0,0,610000000,experiments/cache/tokens_iclr26_main/fineweb_edu,12l_768d,12,768,12,2048,256,16,2,32768,300000000,8000000,9150,50,10,10,2027,silu_muon,silu,muon,0.0003,0.00003,0.10,200,0.90,0.95,0.00000001,1.0,0.95,5,match_rms_adamw,0.02,silu,identity,256,32,1,250,4,0.0,false,gpt2,607a30d783dfa663caf39e06633721c8d4cfcd7e,--muon-momentum 0.95 --muon-ns-steps 5 --muon-adjust-lr-fn match_rms_adamw
279,12l_768d_300m_tokens_9150_steps_fineweb_edu_seed2027_rlb_muon,12l_768d_300m_tokens_9150_steps,fineweb_edu,HuggingFaceFW/fineweb-edu,sample-10BT,87f09149ef4734204d70ed1d046ddc9ca3f2b8f9,true,text,train,train,0,0,0,610000000,experiments/cache/tokens_iclr26_main/fineweb_edu,12l_768d,12,768,12,2048,256,16,2,32768,300000000,8000000,9150,50,10,10,2027,rlb_muon,rlb_fused_global_rational,muon,0.0003,0.00003,0.10,200,0.90,0.95,0.00000001,1.0,0.95,5,match_rms_adamw,0.02,silu,identity,256,32,1,250,4,0.0,false,gpt2,607a30d783dfa663caf39e06633721c8d4cfcd7e,--muon-momentum 0.95 --muon-ns-steps 5 --muon-adjust-lr-fn match_rms_adamw
280,12l_768d_300m_tokens_9150_steps_fineweb_edu_seed2027_silu_lion,12l_768d_300m_tokens_9150_steps,fineweb_edu,HuggingFaceFW/fineweb-edu,sample-10BT,87f09149ef4734204d70ed1d046ddc9ca3f2b8f9,true,text,train,train,0,0,0,610000000,experiments/cache/tokens_iclr26_main/fineweb_edu,12l_768d,12,768,12,2048,256,16,2,32768,300000000,8000000,9150,50,10,10,2027,silu_lion,silu,lion,0.0001,0.00001,0.10,200,0.90,0.95,0.00000001,1.0,0.95,5,match_rms_adamw,0.02,silu,identity,256,32,1,250,4,0.0,false,gpt2,607a30d783dfa663caf39e06633721c8d4cfcd7e,
281,12l_768d_300m_tokens_9150_steps_fineweb_edu_seed2027_rlb_lion,12l_768d_300m_tokens_9150_steps,fineweb_edu,HuggingFaceFW/fineweb-edu,sample-10BT,87f09149ef4734204d70ed1d046ddc9ca3f2b8f9,true,text,train,train,0,0,0,610000000,experiments/cache/tokens_iclr26_main/fineweb_edu,12l_768d,12,768,12,2048,256,16,2,32768,300000000,8000000,9150,50,10,10,2027,rlb_lion,rlb_fused_global_rational,lion,0.0001,0.00001,0.10,200,0.90,0.95,0.00000001,1.0,0.95,5,match_rms_adamw,0.02,silu,identity,256,32,1,250,4,0.0,false,gpt2,607a30d783dfa663caf39e06633721c8d4cfcd7e,
282,12l_768d_300m_tokens_9150_steps_fineweb_edu_seed2027_silu_soap,12l_768d_300m_tokens_9150_steps,fineweb_edu,HuggingFaceFW/fineweb-edu,sample-10BT,87f09149ef4734204d70ed1d046ddc9ca3f2b8f9,true,text,train,train,0,0,0,610000000,experiments/cache/tokens_iclr26_main/fineweb_edu,12l_768d,12,768,12,2048,256,16,2,32768,300000000,8000000,9150,50,10,10,2027,silu_soap,silu,soap_adamw,0.0003,0.00003,0.10,200,0.90,0.95,0.00000001,1.0,0.95,5,match_rms_adamw,0.02,silu,identity,256,32,1,250,4,0.0,false,gpt2,607a30d783dfa663caf39e06633721c8d4cfcd7e,--soap-precondition-frequency 50 --no-soap-one-sided
283,12l_768d_300m_tokens_9150_steps_fineweb_edu_seed2027_rlb_soap,12l_768d_300m_tokens_9150_steps,fineweb_edu,HuggingFaceFW/fineweb-edu,sample-10BT,87f09149ef4734204d70ed1d046ddc9ca3f2b8f9,true,text,train,train,0,0,0,610000000,experiments/cache/tokens_iclr26_main/fineweb_edu,12l_768d,12,768,12,2048,256,16,2,32768,300000000,8000000,9150,50,10,10,2027,rlb_soap,rlb_fused_global_rational,soap_adamw,0.0003,0.00003,0.10,200,0.90,0.95,0.00000001,1.0,0.95,5,match_rms_adamw,0.02,silu,identity,256,32,1,250,4,0.0,false,gpt2,607a30d783dfa663caf39e06633721c8d4cfcd7e,--soap-precondition-frequency 50 --no-soap-one-sided
284,12l_768d_300m_tokens_9150_steps_fineweb_edu_seed2027_silu_ademamix,12l_768d_300m_tokens_9150_steps,fineweb_edu,HuggingFaceFW/fineweb-edu,sample-10BT,87f09149ef4734204d70ed1d046ddc9ca3f2b8f9,true,text,train,train,0,0,0,610000000,experiments/cache/tokens_iclr26_main/fineweb_edu,12l_768d,12,768,12,2048,256,16,2,32768,300000000,8000000,9150,50,10,10,2027,silu_ademamix,silu,ademamix,0.0003,0.00003,0.10,200,0.90,0.95,0.00000001,1.0,0.95,5,match_rms_adamw,0.02,silu,identity,256,32,1,250,4,0.0,false,gpt2,607a30d783dfa663caf39e06633721c8d4cfcd7e,--ademamix-alpha 5.0 --ademamix-beta3 0.9999
285,12l_768d_300m_tokens_9150_steps_fineweb_edu_seed2027_rlb_ademamix,12l_768d_300m_tokens_9150_steps,fineweb_edu,HuggingFaceFW/fineweb-edu,sample-10BT,87f09149ef4734204d70ed1d046ddc9ca3f2b8f9,true,text,train,train,0,0,0,610000000,experiments/cache/tokens_iclr26_main/fineweb_edu,12l_768d,12,768,12,2048,256,16,2,32768,300000000,8000000,9150,50,10,10,2027,rlb_ademamix,rlb_fused_global_rational,ademamix,0.0003,0.00003,0.10,200,0.90,0.95,0.00000001,1.0,0.95,5,match_rms_adamw,0.02,silu,identity,256,32,1,250,4,0.0,false,gpt2,607a30d783dfa663caf39e06633721c8d4cfcd7e,--ademamix-alpha 5.0 --ademamix-beta3 0.9999
286,12l_768d_300m_tokens_9150_steps_fineweb_edu_seed2027_silu_came,12l_768d_300m_tokens_9150_steps,fineweb_edu,HuggingFaceFW/fineweb-edu,sample-10BT,87f09149ef4734204d70ed1d046ddc9ca3f2b8f9,true,text,train,train,0,0,0,610000000,experiments/cache/tokens_iclr26_main/fineweb_edu,12l_768d,12,768,12,2048,256,16,2,32768,300000000,8000000,9150,50,10,10,2027,silu_came,silu,adafactor_came,0.0003,0.00003,0.10,200,0.90,0.95,0.00000001,1.0,0.95,5,match_rms_adamw,0.02,silu,identity,256,32,1,250,4,0.0,false,gpt2,607a30d783dfa663caf39e06633721c8d4cfcd7e,--came-confidence-scale 1.0
287,12l_768d_300m_tokens_9150_steps_fineweb_edu_seed2027_rlb_came,12l_768d_300m_tokens_9150_steps,fineweb_edu,HuggingFaceFW/fineweb-edu,sample-10BT,87f09149ef4734204d70ed1d046ddc9ca3f2b8f9,true,text,train,train,0,0,0,610000000,experiments/cache/tokens_iclr26_main/fineweb_edu,12l_768d,12,768,12,2048,256,16,2,32768,300000000,8000000,9150,50,10,10,2027,rlb_came,rlb_fused_global_rational,adafactor_came,0.0003,0.00003,0.10,200,0.90,0.95,0.00000001,1.0,0.95,5,match_rms_adamw,0.02,silu,identity,256,32,1,250,4,0.0,false,gpt2,607a30d783dfa663caf39e06633721c8d4cfcd7e,--came-confidence-scale 1.0
288,12l_768d_300m_tokens_9150_steps_fineweb_edu_seed2027_silu_schedulefree,12l_768d_300m_tokens_9150_steps,fineweb_edu,HuggingFaceFW/fineweb-edu,sample-10BT,87f09149ef4734204d70ed1d046ddc9ca3f2b8f9,true,text,train,train,0,0,0,610000000,experiments/cache/tokens_iclr26_main/fineweb_edu,12l_768d,12,768,12,2048,256,16,2,32768,300000000,8000000,9150,50,10,10,2027,silu_schedulefree,silu,schedule_free_adamw,0.0003,0.00003,0.10,200,0.90,0.95,0.00000001,1.0,0.95,5,match_rms_adamw,0.02,silu,identity,256,32,1,250,4,0.0,false,gpt2,607a30d783dfa663caf39e06633721c8d4cfcd7e,--schedule-free-beta1 0.90 --schedule-free-warmup-steps 0
289,12l_768d_300m_tokens_9150_steps_fineweb_edu_seed2027_rlb_schedulefree,12l_768d_300m_tokens_9150_steps,fineweb_edu,HuggingFaceFW/fineweb-edu,sample-10BT,87f09149ef4734204d70ed1d046ddc9ca3f2b8f9,true,text,train,train,0,0,0,610000000,experiments/cache/tokens_iclr26_main/fineweb_edu,12l_768d,12,768,12,2048,256,16,2,32768,300000000,8000000,9150,50,10,10,2027,rlb_schedulefree,rlb_fused_global_rational,schedule_free_adamw,0.0003,0.00003,0.10,200,0.90,0.95,0.00000001,1.0,0.95,5,match_rms_adamw,0.02,silu,identity,256,32,1,250,4,0.0,false,gpt2,607a30d783dfa663caf39e06633721c8d4cfcd7e,--schedule-free-beta1 0.90 --schedule-free-warmup-steps 0
290,12l_768d_300m_tokens_9150_steps_fineweb_edu_seed3407_silu_adamw,12l_768d_300m_tokens_9150_steps,fineweb_edu,HuggingFaceFW/fineweb-edu,sample-10BT,87f09149ef4734204d70ed1d046ddc9ca3f2b8f9,true,text,train,train,0,0,0,610000000,experiments/cache/tokens_iclr26_main/fineweb_edu,12l_768d,12,768,12,2048,256,16,2,32768,300000000,8000000,9150,50,10,10,3407,silu_adamw,silu,adamw,0.0003,0.00003,0.10,200,0.90,0.95,0.00000001,1.0,0.95,5,match_rms_adamw,0.02,silu,identity,256,32,1,250,4,0.0,false,gpt2,607a30d783dfa663caf39e06633721c8d4cfcd7e,
291,12l_768d_300m_tokens_9150_steps_fineweb_edu_seed3407_rlb_adamw,12l_768d_300m_tokens_9150_steps,fineweb_edu,HuggingFaceFW/fineweb-edu,sample-10BT,87f09149ef4734204d70ed1d046ddc9ca3f2b8f9,true,text,train,train,0,0,0,610000000,experiments/cache/tokens_iclr26_main/fineweb_edu,12l_768d,12,768,12,2048,256,16,2,32768,300000000,8000000,9150,50,10,10,3407,rlb_adamw,rlb_fused_global_rational,adamw,0.0003,0.00003,0.10,200,0.90,0.95,0.00000001,1.0,0.95,5,match_rms_adamw,0.02,silu,identity,256,32,1,250,4,0.0,false,gpt2,607a30d783dfa663caf39e06633721c8d4cfcd7e,
292,12l_768d_300m_tokens_9150_steps_fineweb_edu_seed3407_silu_muon,12l_768d_300m_tokens_9150_steps,fineweb_edu,HuggingFaceFW/fineweb-edu,sample-10BT,87f09149ef4734204d70ed1d046ddc9ca3f2b8f9,true,text,train,train,0,0,0,610000000,experiments/cache/tokens_iclr26_main/fineweb_edu,12l_768d,12,768,12,2048,256,16,2,32768,300000000,8000000,9150,50,10,10,3407,silu_muon,silu,muon,0.0003,0.00003,0.10,200,0.90,0.95,0.00000001,1.0,0.95,5,match_rms_adamw,0.02,silu,identity,256,32,1,250,4,0.0,false,gpt2,607a30d783dfa663caf39e06633721c8d4cfcd7e,--muon-momentum 0.95 --muon-ns-steps 5 --muon-adjust-lr-fn match_rms_adamw
293,12l_768d_300m_tokens_9150_steps_fineweb_edu_seed3407_rlb_muon,12l_768d_300m_tokens_9150_steps,fineweb_edu,HuggingFaceFW/fineweb-edu,sample-10BT,87f09149ef4734204d70ed1d046ddc9ca3f2b8f9,true,text,train,train,0,0,0,610000000,experiments/cache/tokens_iclr26_main/fineweb_edu,12l_768d,12,768,12,2048,256,16,2,32768,300000000,8000000,9150,50,10,10,3407,rlb_muon,rlb_fused_global_rational,muon,0.0003,0.00003,0.10,200,0.90,0.95,0.00000001,1.0,0.95,5,match_rms_adamw,0.02,silu,identity,256,32,1,250,4,0.0,false,gpt2,607a30d783dfa663caf39e06633721c8d4cfcd7e,--muon-momentum 0.95 --muon-ns-steps 5 --muon-adjust-lr-fn match_rms_adamw
294,12l_768d_300m_tokens_9150_steps_fineweb_edu_seed3407_silu_lion,12l_768d_300m_tokens_9150_steps,fineweb_edu,HuggingFaceFW/fineweb-edu,sample-10BT,87f09149ef4734204d70ed1d046ddc9ca3f2b8f9,true,text,train,train,0,0,0,610000000,experiments/cache/tokens_iclr26_main/fineweb_edu,12l_768d,12,768,12,2048,256,16,2,32768,300000000,8000000,9150,50,10,10,3407,silu_lion,silu,lion,0.0001,0.00001,0.10,200,0.90,0.95,0.00000001,1.0,0.95,5,match_rms_adamw,0.02,silu,identity,256,32,1,250,4,0.0,false,gpt2,607a30d783dfa663caf39e06633721c8d4cfcd7e,
295,12l_768d_300m_tokens_9150_steps_fineweb_edu_seed3407_rlb_lion,12l_768d_300m_tokens_9150_steps,fineweb_edu,HuggingFaceFW/fineweb-edu,sample-10BT,87f09149ef4734204d70ed1d046ddc9ca3f2b8f9,true,text,train,train,0,0,0,610000000,experiments/cache/tokens_iclr26_main/fineweb_edu,12l_768d,12,768,12,2048,256,16,2,32768,300000000,8000000,9150,50,10,10,3407,rlb_lion,rlb_fused_global_rational,lion,0.0001,0.00001,0.10,200,0.90,0.95,0.00000001,1.0,0.95,5,match_rms_adamw,0.02,silu,identity,256,32,1,250,4,0.0,false,gpt2,607a30d783dfa663caf39e06633721c8d4cfcd7e,
296,12l_768d_300m_tokens_9150_steps_fineweb_edu_seed3407_silu_soap,12l_768d_300m_tokens_9150_steps,fineweb_edu,HuggingFaceFW/fineweb-edu,sample-10BT,87f09149ef4734204d70ed1d046ddc9ca3f2b8f9,true,text,train,train,0,0,0,610000000,experiments/cache/tokens_iclr26_main/fineweb_edu,12l_768d,12,768,12,2048,256,16,2,32768,300000000,8000000,9150,50,10,10,3407,silu_soap,silu,soap_adamw,0.0003,0.00003,0.10,200,0.90,0.95,0.00000001,1.0,0.95,5,match_rms_adamw,0.02,silu,identity,256,32,1,250,4,0.0,false,gpt2,607a30d783dfa663caf39e06633721c8d4cfcd7e,--soap-precondition-frequency 50 --no-soap-one-sided
297,12l_768d_300m_tokens_9150_steps_fineweb_edu_seed3407_rlb_soap,12l_768d_300m_tokens_9150_steps,fineweb_edu,HuggingFaceFW/fineweb-edu,sample-10BT,87f09149ef4734204d70ed1d046ddc9ca3f2b8f9,true,text,train,train,0,0,0,610000000,experiments/cache/tokens_iclr26_main/fineweb_edu,12l_768d,12,768,12,2048,256,16,2,32768,300000000,8000000,9150,50,10,10,3407,rlb_soap,rlb_fused_global_rational,soap_adamw,0.0003,0.00003,0.10,200,0.90,0.95,0.00000001,1.0,0.95,5,match_rms_adamw,0.02,silu,identity,256,32,1,250,4,0.0,false,gpt2,607a30d783dfa663caf39e06633721c8d4cfcd7e,--soap-precondition-frequency 50 --no-soap-one-sided
298,12l_768d_300m_tokens_9150_steps_fineweb_edu_seed3407_silu_ademamix,12l_768d_300m_tokens_9150_steps,fineweb_edu,HuggingFaceFW/fineweb-edu,sample-10BT,87f09149ef4734204d70ed1d046ddc9ca3f2b8f9,true,text,train,train,0,0,0,610000000,experiments/cache/tokens_iclr26_main/fineweb_edu,12l_768d,12,768,12,2048,256,16,2,32768,300000000,8000000,9150,50,10,10,3407,silu_ademamix,silu,ademamix,0.0003,0.00003,0.10,200,0.90,0.95,0.00000001,1.0,0.95,5,match_rms_adamw,0.02,silu,identity,256,32,1,250,4,0.0,false,gpt2,607a30d783dfa663caf39e06633721c8d4cfcd7e,--ademamix-alpha 5.0 --ademamix-beta3 0.9999
299,12l_768d_300m_tokens_9150_steps_fineweb_edu_seed3407_rlb_ademamix,12l_768d_300m_tokens_9150_steps,fineweb_edu,HuggingFaceFW/fineweb-edu,sample-10BT,87f09149ef4734204d70ed1d046ddc9ca3f2b8f9,true,text,train,train,0,0,0,610000000,experiments/cache/tokens_iclr26_main/fineweb_edu,12l_768d,12,768,12,2048,256,16,2,32768,300000000,8000000,9150,50,10,10,3407,rlb_ademamix,rlb_fused_global_rational,ademamix,0.0003,0.00003,0.10,200,0.90,0.95,0.00000001,1.0,0.95,5,match_rms_adamw,0.02,silu,identity,256,32,1,250,4,0.0,false,gpt2,607a30d783dfa663caf39e06633721c8d4cfcd7e,--ademamix-alpha 5.0 --ademamix-beta3 0.9999
300,12l_768d_300m_tokens_9150_steps_fineweb_edu_seed3407_silu_came,12l_768d_300m_tokens_9150_steps,fineweb_edu,HuggingFaceFW/fineweb-edu,sample-10BT,87f09149ef4734204d70ed1d046ddc9ca3f2b8f9,true,text,train,train,0,0,0,610000000,experiments/cache/tokens_iclr26_main/fineweb_edu,12l_768d,12,768,12,2048,256,16,2,32768,300000000,8000000,9150,50,10,10,3407,silu_came,silu,adafactor_came,0.0003,0.00003,0.10,200,0.90,0.95,0.00000001,1.0,0.95,5,match_rms_adamw,0.02,silu,identity,256,32,1,250,4,0.0,false,gpt2,607a30d783dfa663caf39e06633721c8d4cfcd7e,--came-confidence-scale 1.0
301,12l_768d_300m_tokens_9150_steps_fineweb_edu_seed3407_rlb_came,12l_768d_300m_tokens_9150_steps,fineweb_edu,HuggingFaceFW/fineweb-edu,sample-10BT,87f09149ef4734204d70ed1d046ddc9ca3f2b8f9,true,text,train,train,0,0,0,610000000,experiments/cache/tokens_iclr26_main/fineweb_edu,12l_768d,12,768,12,2048,256,16,2,32768,300000000,8000000,9150,50,10,10,3407,rlb_came,rlb_fused_global_rational,adafactor_came,0.0003,0.00003,0.10,200,0.90,0.95,0.00000001,1.0,0.95,5,match_rms_adamw,0.02,silu,identity,256,32,1,250,4,0.0,false,gpt2,607a30d783dfa663caf39e06633721c8d4cfcd7e,--came-confidence-scale 1.0
302,12l_768d_300m_tokens_9150_steps_fineweb_edu_seed3407_silu_schedulefree,12l_768d_300m_tokens_9150_steps,fineweb_edu,HuggingFaceFW/fineweb-edu,sample-10BT,87f09149ef4734204d70ed1d046ddc9ca3f2b8f9,true,text,train,train,0,0,0,610000000,experiments/cache/tokens_iclr26_main/fineweb_edu,12l_768d,12,768,12,2048,256,16,2,32768,300000000,8000000,9150,50,10,10,3407,silu_schedulefree,silu,schedule_free_adamw,0.0003,0.00003,0.10,200,0.90,0.95,0.00000001,1.0,0.95,5,match_rms_adamw,0.02,silu,identity,256,32,1,250,4,0.0,false,gpt2,607a30d783dfa663caf39e06633721c8d4cfcd7e,--schedule-free-beta1 0.90 --schedule-free-warmup-steps 0
303,12l_768d_300m_tokens_9150_steps_fineweb_edu_seed3407_rlb_schedulefree,12l_768d_300m_tokens_9150_steps,fineweb_edu,HuggingFaceFW/fineweb-edu,sample-10BT,87f09149ef4734204d70ed1d046ddc9ca3f2b8f9,true,text,train,train,0,0,0,610000000,experiments/cache/tokens_iclr26_main/fineweb_edu,12l_768d,12,768,12,2048,256,16,2,32768,300000000,8000000,9150,50,10,10,3407,rlb_schedulefree,rlb_fused_global_rational,schedule_free_adamw,0.0003,0.00003,0.10,200,0.90,0.95,0.00000001,1.0,0.95,5,match_rms_adamw,0.02,silu,identity,256,32,1,250,4,0.0,false,gpt2,607a30d783dfa663caf39e06633721c8d4cfcd7e,--schedule-free-beta1 0.90 --schedule-free-warmup-steps 0
304,12l_768d_300m_tokens_9150_steps_fineweb_seed1337_silu_adamw,12l_768d_300m_tokens_9150_steps,fineweb,HuggingFaceFW/fineweb,sample-10BT,9bb295ddab0e05d785b879661af7260fed5140fc,true,text,train,train,0,0,0,610000000,experiments/cache/tokens_iclr26_main/fineweb,12l_768d,12,768,12,2048,256,16,2,32768,300000000,8000000,9150,50,10,10,1337,silu_adamw,silu,adamw,0.0003,0.00003,0.10,200,0.90,0.95,0.00000001,1.0,0.95,5,match_rms_adamw,0.02,silu,identity,256,32,1,250,4,0.0,false,gpt2,607a30d783dfa663caf39e06633721c8d4cfcd7e,
305,12l_768d_300m_tokens_9150_steps_fineweb_seed1337_rlb_adamw,12l_768d_300m_tokens_9150_steps,fineweb,HuggingFaceFW/fineweb,sample-10BT,9bb295ddab0e05d785b879661af7260fed5140fc,true,text,train,train,0,0,0,610000000,experiments/cache/tokens_iclr26_main/fineweb,12l_768d,12,768,12,2048,256,16,2,32768,300000000,8000000,9150,50,10,10,1337,rlb_adamw,rlb_fused_global_rational,adamw,0.0003,0.00003,0.10,200,0.90,0.95,0.00000001,1.0,0.95,5,match_rms_adamw,0.02,silu,identity,256,32,1,250,4,0.0,false,gpt2,607a30d783dfa663caf39e06633721c8d4cfcd7e,
306,12l_768d_300m_tokens_9150_steps_fineweb_seed1337_silu_muon,12l_768d_300m_tokens_9150_steps,fineweb,HuggingFaceFW/fineweb,sample-10BT,9bb295ddab0e05d785b879661af7260fed5140fc,true,text,train,train,0,0,0,610000000,experiments/cache/tokens_iclr26_main/fineweb,12l_768d,12,768,12,2048,256,16,2,32768,300000000,8000000,9150,50,10,10,1337,silu_muon,silu,muon,0.0003,0.00003,0.10,200,0.90,0.95,0.00000001,1.0,0.95,5,match_rms_adamw,0.02,silu,identity,256,32,1,250,4,0.0,false,gpt2,607a30d783dfa663caf39e06633721c8d4cfcd7e,--muon-momentum 0.95 --muon-ns-steps 5 --muon-adjust-lr-fn match_rms_adamw
307,12l_768d_300m_tokens_9150_steps_fineweb_seed1337_rlb_muon,12l_768d_300m_tokens_9150_steps,fineweb,HuggingFaceFW/fineweb,sample-10BT,9bb295ddab0e05d785b879661af7260fed5140fc,true,text,train,train,0,0,0,610000000,experiments/cache/tokens_iclr26_main/fineweb,12l_768d,12,768,12,2048,256,16,2,32768,300000000,8000000,9150,50,10,10,1337,rlb_muon,rlb_fused_global_rational,muon,0.0003,0.00003,0.10,200,0.90,0.95,0.00000001,1.0,0.95,5,match_rms_adamw,0.02,silu,identity,256,32,1,250,4,0.0,false,gpt2,607a30d783dfa663caf39e06633721c8d4cfcd7e,--muon-momentum 0.95 --muon-ns-steps 5 --muon-adjust-lr-fn match_rms_adamw
308,12l_768d_300m_tokens_9150_steps_fineweb_seed1337_silu_lion,12l_768d_300m_tokens_9150_steps,fineweb,HuggingFaceFW/fineweb,sample-10BT,9bb295ddab0e05d785b879661af7260fed5140fc,true,text,train,train,0,0,0,610000000,experiments/cache/tokens_iclr26_main/fineweb,12l_768d,12,768,12,2048,256,16,2,32768,300000000,8000000,9150,50,10,10,1337,silu_lion,silu,lion,0.0001,0.00001,0.10,200,0.90,0.95,0.00000001,1.0,0.95,5,match_rms_adamw,0.02,silu,identity,256,32,1,250,4,0.0,false,gpt2,607a30d783dfa663caf39e06633721c8d4cfcd7e,
309,12l_768d_300m_tokens_9150_steps_fineweb_seed1337_rlb_lion,12l_768d_300m_tokens_9150_steps,fineweb,HuggingFaceFW/fineweb,sample-10BT,9bb295ddab0e05d785b879661af7260fed5140fc,true,text,train,train,0,0,0,610000000,experiments/cache/tokens_iclr26_main/fineweb,12l_768d,12,768,12,2048,256,16,2,32768,300000000,8000000,9150,50,10,10,1337,rlb_lion,rlb_fused_global_rational,lion,0.0001,0.00001,0.10,200,0.90,0.95,0.00000001,1.0,0.95,5,match_rms_adamw,0.02,silu,identity,256,32,1,250,4,0.0,false,gpt2,607a30d783dfa663caf39e06633721c8d4cfcd7e,
310,12l_768d_300m_tokens_9150_steps_fineweb_seed1337_silu_soap,12l_768d_300m_tokens_9150_steps,fineweb,HuggingFaceFW/fineweb,sample-10BT,9bb295ddab0e05d785b879661af7260fed5140fc,true,text,train,train,0,0,0,610000000,experiments/cache/tokens_iclr26_main/fineweb,12l_768d,12,768,12,2048,256,16,2,32768,300000000,8000000,9150,50,10,10,1337,silu_soap,silu,soap_adamw,0.0003,0.00003,0.10,200,0.90,0.95,0.00000001,1.0,0.95,5,match_rms_adamw,0.02,silu,identity,256,32,1,250,4,0.0,false,gpt2,607a30d783dfa663caf39e06633721c8d4cfcd7e,--soap-precondition-frequency 50 --no-soap-one-sided
311,12l_768d_300m_tokens_9150_steps_fineweb_seed1337_rlb_soap,12l_768d_300m_tokens_9150_steps,fineweb,HuggingFaceFW/fineweb,sample-10BT,9bb295ddab0e05d785b879661af7260fed5140fc,true,text,train,train,0,0,0,610000000,experiments/cache/tokens_iclr26_main/fineweb,12l_768d,12,768,12,2048,256,16,2,32768,300000000,8000000,9150,50,10,10,1337,rlb_soap,rlb_fused_global_rational,soap_adamw,0.0003,0.00003,0.10,200,0.90,0.95,0.00000001,1.0,0.95,5,match_rms_adamw,0.02,silu,identity,256,32,1,250,4,0.0,false,gpt2,607a30d783dfa663caf39e06633721c8d4cfcd7e,--soap-precondition-frequency 50 --no-soap-one-sided
312,12l_768d_300m_tokens_9150_steps_fineweb_seed1337_silu_ademamix,12l_768d_300m_tokens_9150_steps,fineweb,HuggingFaceFW/fineweb,sample-10BT,9bb295ddab0e05d785b879661af7260fed5140fc,true,text,train,train,0,0,0,610000000,experiments/cache/tokens_iclr26_main/fineweb,12l_768d,12,768,12,2048,256,16,2,32768,300000000,8000000,9150,50,10,10,1337,silu_ademamix,silu,ademamix,0.0003,0.00003,0.10,200,0.90,0.95,0.00000001,1.0,0.95,5,match_rms_adamw,0.02,silu,identity,256,32,1,250,4,0.0,false,gpt2,607a30d783dfa663caf39e06633721c8d4cfcd7e,--ademamix-alpha 5.0 --ademamix-beta3 0.9999
313,12l_768d_300m_tokens_9150_steps_fineweb_seed1337_rlb_ademamix,12l_768d_300m_tokens_9150_steps,fineweb,HuggingFaceFW/fineweb,sample-10BT,9bb295ddab0e05d785b879661af7260fed5140fc,true,text,train,train,0,0,0,610000000,experiments/cache/tokens_iclr26_main/fineweb,12l_768d,12,768,12,2048,256,16,2,32768,300000000,8000000,9150,50,10,10,1337,rlb_ademamix,rlb_fused_global_rational,ademamix,0.0003,0.00003,0.10,200,0.90,0.95,0.00000001,1.0,0.95,5,match_rms_adamw,0.02,silu,identity,256,32,1,250,4,0.0,false,gpt2,607a30d783dfa663caf39e06633721c8d4cfcd7e,--ademamix-alpha 5.0 --ademamix-beta3 0.9999
314,12l_768d_300m_tokens_9150_steps_fineweb_seed1337_silu_came,12l_768d_300m_tokens_9150_steps,fineweb,HuggingFaceFW/fineweb,sample-10BT,9bb295ddab0e05d785b879661af7260fed5140fc,true,text,train,train,0,0,0,610000000,experiments/cache/tokens_iclr26_main/fineweb,12l_768d,12,768,12,2048,256,16,2,32768,300000000,8000000,9150,50,10,10,1337,silu_came,silu,adafactor_came,0.0003,0.00003,0.10,200,0.90,0.95,0.00000001,1.0,0.95,5,match_rms_adamw,0.02,silu,identity,256,32,1,250,4,0.0,false,gpt2,607a30d783dfa663caf39e06633721c8d4cfcd7e,--came-confidence-scale 1.0
315,12l_768d_300m_tokens_9150_steps_fineweb_seed1337_rlb_came,12l_768d_300m_tokens_9150_steps,fineweb,HuggingFaceFW/fineweb,sample-10BT,9bb295ddab0e05d785b879661af7260fed5140fc,true,text,train,train,0,0,0,610000000,experiments/cache/tokens_iclr26_main/fineweb,12l_768d,12,768,12,2048,256,16,2,32768,300000000,8000000,9150,50,10,10,1337,rlb_came,rlb_fused_global_rational,adafactor_came,0.0003,0.00003,0.10,200,0.90,0.95,0.00000001,1.0,0.95,5,match_rms_adamw,0.02,silu,identity,256,32,1,250,4,0.0,false,gpt2,607a30d783dfa663caf39e06633721c8d4cfcd7e,--came-confidence-scale 1.0
316,12l_768d_300m_tokens_9150_steps_fineweb_seed1337_silu_schedulefree,12l_768d_300m_tokens_9150_steps,fineweb,HuggingFaceFW/fineweb,sample-10BT,9bb295ddab0e05d785b879661af7260fed5140fc,true,text,train,train,0,0,0,610000000,experiments/cache/tokens_iclr26_main/fineweb,12l_768d,12,768,12,2048,256,16,2,32768,300000000,8000000,9150,50,10,10,1337,silu_schedulefree,silu,schedule_free_adamw,0.0003,0.00003,0.10,200,0.90,0.95,0.00000001,1.0,0.95,5,match_rms_adamw,0.02,silu,identity,256,32,1,250,4,0.0,false,gpt2,607a30d783dfa663caf39e06633721c8d4cfcd7e,--schedule-free-beta1 0.90 --schedule-free-warmup-steps 0
317,12l_768d_300m_tokens_9150_steps_fineweb_seed1337_rlb_schedulefree,12l_768d_300m_tokens_9150_steps,fineweb,HuggingFaceFW/fineweb,sample-10BT,9bb295ddab0e05d785b879661af7260fed5140fc,true,text,train,train,0,0,0,610000000,experiments/cache/tokens_iclr26_main/fineweb,12l_768d,12,768,12,2048,256,16,2,32768,300000000,8000000,9150,50,10,10,1337,rlb_schedulefree,rlb_fused_global_rational,schedule_free_adamw,0.0003,0.00003,0.10,200,0.90,0.95,0.00000001,1.0,0.95,5,match_rms_adamw,0.02,silu,identity,256,32,1,250,4,0.0,false,gpt2,607a30d783dfa663caf39e06633721c8d4cfcd7e,--schedule-free-beta1 0.90 --schedule-free-warmup-steps 0
318,12l_768d_300m_tokens_9150_steps_fineweb_seed2027_silu_adamw,12l_768d_300m_tokens_9150_steps,fineweb,HuggingFaceFW/fineweb,sample-10BT,9bb295ddab0e05d785b879661af7260fed5140fc,true,text,train,train,0,0,0,610000000,experiments/cache/tokens_iclr26_main/fineweb,12l_768d,12,768,12,2048,256,16,2,32768,300000000,8000000,9150,50,10,10,2027,silu_adamw,silu,adamw,0.0003,0.00003,0.10,200,0.90,0.95,0.00000001,1.0,0.95,5,match_rms_adamw,0.02,silu,identity,256,32,1,250,4,0.0,false,gpt2,607a30d783dfa663caf39e06633721c8d4cfcd7e,
319,12l_768d_300m_tokens_9150_steps_fineweb_seed2027_rlb_adamw,12l_768d_300m_tokens_9150_steps,fineweb,HuggingFaceFW/fineweb,sample-10BT,9bb295ddab0e05d785b879661af7260fed5140fc,true,text,train,train,0,0,0,610000000,experiments/cache/tokens_iclr26_main/fineweb,12l_768d,12,768,12,2048,256,16,2,32768,300000000,8000000,9150,50,10,10,2027,rlb_adamw,rlb_fused_global_rational,adamw,0.0003,0.00003,0.10,200,0.90,0.95,0.00000001,1.0,0.95,5,match_rms_adamw,0.02,silu,identity,256,32,1,250,4,0.0,false,gpt2,607a30d783dfa663caf39e06633721c8d4cfcd7e,
320,12l_768d_300m_tokens_9150_steps_fineweb_seed2027_silu_muon,12l_768d_300m_tokens_9150_steps,fineweb,HuggingFaceFW/fineweb,sample-10BT,9bb295ddab0e05d785b879661af7260fed5140fc,true,text,train,train,0,0,0,610000000,experiments/cache/tokens_iclr26_main/fineweb,12l_768d,12,768,12,2048,256,16,2,32768,300000000,8000000,9150,50,10,10,2027,silu_muon,silu,muon,0.0003,0.00003,0.10,200,0.90,0.95,0.00000001,1.0,0.95,5,match_rms_adamw,0.02,silu,identity,256,32,1,250,4,0.0,false,gpt2,607a30d783dfa663caf39e06633721c8d4cfcd7e,--muon-momentum 0.95 --muon-ns-steps 5 --muon-adjust-lr-fn match_rms_adamw
321,12l_768d_300m_tokens_9150_steps_fineweb_seed2027_rlb_muon,12l_768d_300m_tokens_9150_steps,fineweb,HuggingFaceFW/fineweb,sample-10BT,9bb295ddab0e05d785b879661af7260fed5140fc,true,text,train,train,0,0,0,610000000,experiments/cache/tokens_iclr26_main/fineweb,12l_768d,12,768,12,2048,256,16,2,32768,300000000,8000000,9150,50,10,10,2027,rlb_muon,rlb_fused_global_rational,muon,0.0003,0.00003,0.10,200,0.90,0.95,0.00000001,1.0,0.95,5,match_rms_adamw,0.02,silu,identity,256,32,1,250,4,0.0,false,gpt2,607a30d783dfa663caf39e06633721c8d4cfcd7e,--muon-momentum 0.95 --muon-ns-steps 5 --muon-adjust-lr-fn match_rms_adamw
322,12l_768d_300m_tokens_9150_steps_fineweb_seed2027_silu_lion,12l_768d_300m_tokens_9150_steps,fineweb,HuggingFaceFW/fineweb,sample-10BT,9bb295ddab0e05d785b879661af7260fed5140fc,true,text,train,train,0,0,0,610000000,experiments/cache/tokens_iclr26_main/fineweb,12l_768d,12,768,12,2048,256,16,2,32768,300000000,8000000,9150,50,10,10,2027,silu_lion,silu,lion,0.0001,0.00001,0.10,200,0.90,0.95,0.00000001,1.0,0.95,5,match_rms_adamw,0.02,silu,identity,256,32,1,250,4,0.0,false,gpt2,607a30d783dfa663caf39e06633721c8d4cfcd7e,
323,12l_768d_300m_tokens_9150_steps_fineweb_seed2027_rlb_lion,12l_768d_300m_tokens_9150_steps,fineweb,HuggingFaceFW/fineweb,sample-10BT,9bb295ddab0e05d785b879661af7260fed5140fc,true,text,train,train,0,0,0,610000000,experiments/cache/tokens_iclr26_main/fineweb,12l_768d,12,768,12,2048,256,16,2,32768,300000000,8000000,9150,50,10,10,2027,rlb_lion,rlb_fused_global_rational,lion,0.0001,0.00001,0.10,200,0.90,0.95,0.00000001,1.0,0.95,5,match_rms_adamw,0.02,silu,identity,256,32,1,250,4,0.0,false,gpt2,607a30d783dfa663caf39e06633721c8d4cfcd7e,
324,12l_768d_300m_tokens_9150_steps_fineweb_seed2027_silu_soap,12l_768d_300m_tokens_9150_steps,fineweb,HuggingFaceFW/fineweb,sample-10BT,9bb295ddab0e05d785b879661af7260fed5140fc,true,text,train,train,0,0,0,610000000,experiments/cache/tokens_iclr26_main/fineweb,12l_768d,12,768,12,2048,256,16,2,32768,300000000,8000000,9150,50,10,10,2027,silu_soap,silu,soap_adamw,0.0003,0.00003,0.10,200,0.90,0.95,0.00000001,1.0,0.95,5,match_rms_adamw,0.02,silu,identity,256,32,1,250,4,0.0,false,gpt2,607a30d783dfa663caf39e06633721c8d4cfcd7e,--soap-precondition-frequency 50 --no-soap-one-sided
325,12l_768d_300m_tokens_9150_steps_fineweb_seed2027_rlb_soap,12l_768d_300m_tokens_9150_steps,fineweb,HuggingFaceFW/fineweb,sample-10BT,9bb295ddab0e05d785b879661af7260fed5140fc,true,text,train,train,0,0,0,610000000,experiments/cache/tokens_iclr26_main/fineweb,12l_768d,12,768,12,2048,256,16,2,32768,300000000,8000000,9150,50,10,10,2027,rlb_soap,rlb_fused_global_rational,soap_adamw,0.0003,0.00003,0.10,200,0.90,0.95,0.00000001,1.0,0.95,5,match_rms_adamw,0.02,silu,identity,256,32,1,250,4,0.0,false,gpt2,607a30d783dfa663caf39e06633721c8d4cfcd7e,--soap-precondition-frequency 50 --no-soap-one-sided
326,12l_768d_300m_tokens_9150_steps_fineweb_seed2027_silu_ademamix,12l_768d_300m_tokens_9150_steps,fineweb,HuggingFaceFW/fineweb,sample-10BT,9bb295ddab0e05d785b879661af7260fed5140fc,true,text,train,train,0,0,0,610000000,experiments/cache/tokens_iclr26_main/fineweb,12l_768d,12,768,12,2048,256,16,2,32768,300000000,8000000,9150,50,10,10,2027,silu_ademamix,silu,ademamix,0.0003,0.00003,0.10,200,0.90,0.95,0.00000001,1.0,0.95,5,match_rms_adamw,0.02,silu,identity,256,32,1,250,4,0.0,false,gpt2,607a30d783dfa663caf39e06633721c8d4cfcd7e,--ademamix-alpha 5.0 --ademamix-beta3 0.9999
327,12l_768d_300m_tokens_9150_steps_fineweb_seed2027_rlb_ademamix,12l_768d_300m_tokens_9150_steps,fineweb,HuggingFaceFW/fineweb,sample-10BT,9bb295ddab0e05d785b879661af7260fed5140fc,true,text,train,train,0,0,0,610000000,experiments/cache/tokens_iclr26_main/fineweb,12l_768d,12,768,12,2048,256,16,2,32768,300000000,8000000,9150,50,10,10,2027,rlb_ademamix,rlb_fused_global_rational,ademamix,0.0003,0.00003,0.10,200,0.90,0.95,0.00000001,1.0,0.95,5,match_rms_adamw,0.02,silu,identity,256,32,1,250,4,0.0,false,gpt2,607a30d783dfa663caf39e06633721c8d4cfcd7e,--ademamix-alpha 5.0 --ademamix-beta3 0.9999
328,12l_768d_300m_tokens_9150_steps_fineweb_seed2027_silu_came,12l_768d_300m_tokens_9150_steps,fineweb,HuggingFaceFW/fineweb,sample-10BT,9bb295ddab0e05d785b879661af7260fed5140fc,true,text,train,train,0,0,0,610000000,experiments/cache/tokens_iclr26_main/fineweb,12l_768d,12,768,12,2048,256,16,2,32768,300000000,8000000,9150,50,10,10,2027,silu_came,silu,adafactor_came,0.0003,0.00003,0.10,200,0.90,0.95,0.00000001,1.0,0.95,5,match_rms_adamw,0.02,silu,identity,256,32,1,250,4,0.0,false,gpt2,607a30d783dfa663caf39e06633721c8d4cfcd7e,--came-confidence-scale 1.0
329,12l_768d_300m_tokens_9150_steps_fineweb_seed2027_rlb_came,12l_768d_300m_tokens_9150_steps,fineweb,HuggingFaceFW/fineweb,sample-10BT,9bb295ddab0e05d785b879661af7260fed5140fc,true,text,train,train,0,0,0,610000000,experiments/cache/tokens_iclr26_main/fineweb,12l_768d,12,768,12,2048,256,16,2,32768,300000000,8000000,9150,50,10,10,2027,rlb_came,rlb_fused_global_rational,adafactor_came,0.0003,0.00003,0.10,200,0.90,0.95,0.00000001,1.0,0.95,5,match_rms_adamw,0.02,silu,identity,256,32,1,250,4,0.0,false,gpt2,607a30d783dfa663caf39e06633721c8d4cfcd7e,--came-confidence-scale 1.0
330,12l_768d_300m_tokens_9150_steps_fineweb_seed2027_silu_schedulefree,12l_768d_300m_tokens_9150_steps,fineweb,HuggingFaceFW/fineweb,sample-10BT,9bb295ddab0e05d785b879661af7260fed5140fc,true,text,train,train,0,0,0,610000000,experiments/cache/tokens_iclr26_main/fineweb,12l_768d,12,768,12,2048,256,16,2,32768,300000000,8000000,9150,50,10,10,2027,silu_schedulefree,silu,schedule_free_adamw,0.0003,0.00003,0.10,200,0.90,0.95,0.00000001,1.0,0.95,5,match_rms_adamw,0.02,silu,identity,256,32,1,250,4,0.0,false,gpt2,607a30d783dfa663caf39e06633721c8d4cfcd7e,--schedule-free-beta1 0.90 --schedule-free-warmup-steps 0
331,12l_768d_300m_tokens_9150_steps_fineweb_seed2027_rlb_schedulefree,12l_768d_300m_tokens_9150_steps,fineweb,HuggingFaceFW/fineweb,sample-10BT,9bb295ddab0e05d785b879661af7260fed5140fc,true,text,train,train,0,0,0,610000000,experiments/cache/tokens_iclr26_main/fineweb,12l_768d,12,768,12,2048,256,16,2,32768,300000000,8000000,9150,50,10,10,2027,rlb_schedulefree,rlb_fused_global_rational,schedule_free_adamw,0.0003,0.00003,0.10,200,0.90,0.95,0.00000001,1.0,0.95,5,match_rms_adamw,0.02,silu,identity,256,32,1,250,4,0.0,false,gpt2,607a30d783dfa663caf39e06633721c8d4cfcd7e,--schedule-free-beta1 0.90 --schedule-free-warmup-steps 0
332,12l_768d_300m_tokens_9150_steps_fineweb_seed3407_silu_adamw,12l_768d_300m_tokens_9150_steps,fineweb,HuggingFaceFW/fineweb,sample-10BT,9bb295ddab0e05d785b879661af7260fed5140fc,true,text,train,train,0,0,0,610000000,experiments/cache/tokens_iclr26_main/fineweb,12l_768d,12,768,12,2048,256,16,2,32768,300000000,8000000,9150,50,10,10,3407,silu_adamw,silu,adamw,0.0003,0.00003,0.10,200,0.90,0.95,0.00000001,1.0,0.95,5,match_rms_adamw,0.02,silu,identity,256,32,1,250,4,0.0,false,gpt2,607a30d783dfa663caf39e06633721c8d4cfcd7e,
333,12l_768d_300m_tokens_9150_steps_fineweb_seed3407_rlb_adamw,12l_768d_300m_tokens_9150_steps,fineweb,HuggingFaceFW/fineweb,sample-10BT,9bb295ddab0e05d785b879661af7260fed5140fc,true,text,train,train,0,0,0,610000000,experiments/cache/tokens_iclr26_main/fineweb,12l_768d,12,768,12,2048,256,16,2,32768,300000000,8000000,9150,50,10,10,3407,rlb_adamw,rlb_fused_global_rational,adamw,0.0003,0.00003,0.10,200,0.90,0.95,0.00000001,1.0,0.95,5,match_rms_adamw,0.02,silu,identity,256,32,1,250,4,0.0,false,gpt2,607a30d783dfa663caf39e06633721c8d4cfcd7e,
334,12l_768d_300m_tokens_9150_steps_fineweb_seed3407_silu_muon,12l_768d_300m_tokens_9150_steps,fineweb,HuggingFaceFW/fineweb,sample-10BT,9bb295ddab0e05d785b879661af7260fed5140fc,true,text,train,train,0,0,0,610000000,experiments/cache/tokens_iclr26_main/fineweb,12l_768d,12,768,12,2048,256,16,2,32768,300000000,8000000,9150,50,10,10,3407,silu_muon,silu,muon,0.0003,0.00003,0.10,200,0.90,0.95,0.00000001,1.0,0.95,5,match_rms_adamw,0.02,silu,identity,256,32,1,250,4,0.0,false,gpt2,607a30d783dfa663caf39e06633721c8d4cfcd7e,--muon-momentum 0.95 --muon-ns-steps 5 --muon-adjust-lr-fn match_rms_adamw
335,12l_768d_300m_tokens_9150_steps_fineweb_seed3407_rlb_muon,12l_768d_300m_tokens_9150_steps,fineweb,HuggingFaceFW/fineweb,sample-10BT,9bb295ddab0e05d785b879661af7260fed5140fc,true,text,train,train,0,0,0,610000000,experiments/cache/tokens_iclr26_main/fineweb,12l_768d,12,768,12,2048,256,16,2,32768,300000000,8000000,9150,50,10,10,3407,rlb_muon,rlb_fused_global_rational,muon,0.0003,0.00003,0.10,200,0.90,0.95,0.00000001,1.0,0.95,5,match_rms_adamw,0.02,silu,identity,256,32,1,250,4,0.0,false,gpt2,607a30d783dfa663caf39e06633721c8d4cfcd7e,--muon-momentum 0.95 --muon-ns-steps 5 --muon-adjust-lr-fn match_rms_adamw
336,12l_768d_300m_tokens_9150_steps_fineweb_seed3407_silu_lion,12l_768d_300m_tokens_9150_steps,fineweb,HuggingFaceFW/fineweb,sample-10BT,9bb295ddab0e05d785b879661af7260fed5140fc,true,text,train,train,0,0,0,610000000,experiments/cache/tokens_iclr26_main/fineweb,12l_768d,12,768,12,2048,256,16,2,32768,300000000,8000000,9150,50,10,10,3407,silu_lion,silu,lion,0.0001,0.00001,0.10,200,0.90,0.95,0.00000001,1.0,0.95,5,match_rms_adamw,0.02,silu,identity,256,32,1,250,4,0.0,false,gpt2,607a30d783dfa663caf39e06633721c8d4cfcd7e,
337,12l_768d_300m_tokens_9150_steps_fineweb_seed3407_rlb_lion,12l_768d_300m_tokens_9150_steps,fineweb,HuggingFaceFW/fineweb,sample-10BT,9bb295ddab0e05d785b879661af7260fed5140fc,true,text,train,train,0,0,0,610000000,experiments/cache/tokens_iclr26_main/fineweb,12l_768d,12,768,12,2048,256,16,2,32768,300000000,8000000,9150,50,10,10,3407,rlb_lion,rlb_fused_global_rational,lion,0.0001,0.00001,0.10,200,0.90,0.95,0.00000001,1.0,0.95,5,match_rms_adamw,0.02,silu,identity,256,32,1,250,4,0.0,false,gpt2,607a30d783dfa663caf39e06633721c8d4cfcd7e,
338,12l_768d_300m_tokens_9150_steps_fineweb_seed3407_silu_soap,12l_768d_300m_tokens_9150_steps,fineweb,HuggingFaceFW/fineweb,sample-10BT,9bb295ddab0e05d785b879661af7260fed5140fc,true,text,train,train,0,0,0,610000000,experiments/cache/tokens_iclr26_main/fineweb,12l_768d,12,768,12,2048,256,16,2,32768,300000000,8000000,9150,50,10,10,3407,silu_soap,silu,soap_adamw,0.0003,0.00003,0.10,200,0.90,0.95,0.00000001,1.0,0.95,5,match_rms_adamw,0.02,silu,identity,256,32,1,250,4,0.0,false,gpt2,607a30d783dfa663caf39e06633721c8d4cfcd7e,--soap-precondition-frequency 50 --no-soap-one-sided
339,12l_768d_300m_tokens_9150_steps_fineweb_seed3407_rlb_soap,12l_768d_300m_tokens_9150_steps,fineweb,HuggingFaceFW/fineweb,sample-10BT,9bb295ddab0e05d785b879661af7260fed5140fc,true,text,train,train,0,0,0,610000000,experiments/cache/tokens_iclr26_main/fineweb,12l_768d,12,768,12,2048,256,16,2,32768,300000000,8000000,9150,50,10,10,3407,rlb_soap,rlb_fused_global_rational,soap_adamw,0.0003,0.00003,0.10,200,0.90,0.95,0.00000001,1.0,0.95,5,match_rms_adamw,0.02,silu,identity,256,32,1,250,4,0.0,false,gpt2,607a30d783dfa663caf39e06633721c8d4cfcd7e,--soap-precondition-frequency 50 --no-soap-one-sided
340,12l_768d_300m_tokens_9150_steps_fineweb_seed3407_silu_ademamix,12l_768d_300m_tokens_9150_steps,fineweb,HuggingFaceFW/fineweb,sample-10BT,9bb295ddab0e05d785b879661af7260fed5140fc,true,text,train,train,0,0,0,610000000,experiments/cache/tokens_iclr26_main/fineweb,12l_768d,12,768,12,2048,256,16,2,32768,300000000,8000000,9150,50,10,10,3407,silu_ademamix,silu,ademamix,0.0003,0.00003,0.10,200,0.90,0.95,0.00000001,1.0,0.95,5,match_rms_adamw,0.02,silu,identity,256,32,1,250,4,0.0,false,gpt2,607a30d783dfa663caf39e06633721c8d4cfcd7e,--ademamix-alpha 5.0 --ademamix-beta3 0.9999
341,12l_768d_300m_tokens_9150_steps_fineweb_seed3407_rlb_ademamix,12l_768d_300m_tokens_9150_steps,fineweb,HuggingFaceFW/fineweb,sample-10BT,9bb295ddab0e05d785b879661af7260fed5140fc,true,text,train,train,0,0,0,610000000,experiments/cache/tokens_iclr26_main/fineweb,12l_768d,12,768,12,2048,256,16,2,32768,300000000,8000000,9150,50,10,10,3407,rlb_ademamix,rlb_fused_global_rational,ademamix,0.0003,0.00003,0.10,200,0.90,0.95,0.00000001,1.0,0.95,5,match_rms_adamw,0.02,silu,identity,256,32,1,250,4,0.0,false,gpt2,607a30d783dfa663caf39e06633721c8d4cfcd7e,--ademamix-alpha 5.0 --ademamix-beta3 0.9999
342,12l_768d_300m_tokens_9150_steps_fineweb_seed3407_silu_came,12l_768d_300m_tokens_9150_steps,fineweb,HuggingFaceFW/fineweb,sample-10BT,9bb295ddab0e05d785b879661af7260fed5140fc,true,text,train,train,0,0,0,610000000,experiments/cache/tokens_iclr26_main/fineweb,12l_768d,12,768,12,2048,256,16,2,32768,300000000,8000000,9150,50,10,10,3407,silu_came,silu,adafactor_came,0.0003,0.00003,0.10,200,0.90,0.95,0.00000001,1.0,0.95,5,match_rms_adamw,0.02,silu,identity,256,32,1,250,4,0.0,false,gpt2,607a30d783dfa663caf39e06633721c8d4cfcd7e,--came-confidence-scale 1.0
343,12l_768d_300m_tokens_9150_steps_fineweb_seed3407_rlb_came,12l_768d_300m_tokens_9150_steps,fineweb,HuggingFaceFW/fineweb,sample-10BT,9bb295ddab0e05d785b879661af7260fed5140fc,true,text,train,train,0,0,0,610000000,experiments/cache/tokens_iclr26_main/fineweb,12l_768d,12,768,12,2048,256,16,2,32768,300000000,8000000,9150,50,10,10,3407,rlb_came,rlb_fused_global_rational,adafactor_came,0.0003,0.00003,0.10,200,0.90,0.95,0.00000001,1.0,0.95,5,match_rms_adamw,0.02,silu,identity,256,32,1,250,4,0.0,false,gpt2,607a30d783dfa663caf39e06633721c8d4cfcd7e,--came-confidence-scale 1.0
344,12l_768d_300m_tokens_9150_steps_fineweb_seed3407_silu_schedulefree,12l_768d_300m_tokens_9150_steps,fineweb,HuggingFaceFW/fineweb,sample-10BT,9bb295ddab0e05d785b879661af7260fed5140fc,true,text,train,train,0,0,0,610000000,experiments/cache/tokens_iclr26_main/fineweb,12l_768d,12,768,12,2048,256,16,2,32768,300000000,8000000,9150,50,10,10,3407,silu_schedulefree,silu,schedule_free_adamw,0.0003,0.00003,0.10,200,0.90,0.95,0.00000001,1.0,0.95,5,match_rms_adamw,0.02,silu,identity,256,32,1,250,4,0.0,false,gpt2,607a30d783dfa663caf39e06633721c8d4cfcd7e,--schedule-free-beta1 0.90 --schedule-free-warmup-steps 0
345,12l_768d_300m_tokens_9150_steps_fineweb_seed3407_rlb_schedulefree,12l_768d_300m_tokens_9150_steps,fineweb,HuggingFaceFW/fineweb,sample-10BT,9bb295ddab0e05d785b879661af7260fed5140fc,true,text,train,train,0,0,0,610000000,experiments/cache/tokens_iclr26_main/fineweb,12l_768d,12,768,12,2048,256,16,2,32768,300000000,8000000,9150,50,10,10,3407,rlb_schedulefree,rlb_fused_global_rational,schedule_free_adamw,0.0003,0.00003,0.10,200,0.90,0.95,0.00000001,1.0,0.95,5,match_rms_adamw,0.02,silu,identity,256,32,1,250,4,0.0,false,gpt2,607a30d783dfa663caf39e06633721c8d4cfcd7e,--schedule-free-beta1 0.90 --schedule-free-warmup-steps 0
346,12l_768d_300m_tokens_9150_steps_dolma_sample_seed1337_silu_adamw,12l_768d_300m_tokens_9150_steps,dolma_sample,allenai/dolma,v1_6-sample,7f48140530a023e9ea4c5cfb141160922727d4d3,true,text,train,train,0,0,0,610000000,experiments/cache/tokens_iclr26_main/dolma_sample,12l_768d,12,768,12,2048,256,16,2,32768,300000000,8000000,9150,50,10,10,1337,silu_adamw,silu,adamw,0.0003,0.00003,0.10,200,0.90,0.95,0.00000001,1.0,0.95,5,match_rms_adamw,0.02,silu,identity,256,32,1,250,4,0.0,false,gpt2,607a30d783dfa663caf39e06633721c8d4cfcd7e,
347,12l_768d_300m_tokens_9150_steps_dolma_sample_seed1337_rlb_adamw,12l_768d_300m_tokens_9150_steps,dolma_sample,allenai/dolma,v1_6-sample,7f48140530a023e9ea4c5cfb141160922727d4d3,true,text,train,train,0,0,0,610000000,experiments/cache/tokens_iclr26_main/dolma_sample,12l_768d,12,768,12,2048,256,16,2,32768,300000000,8000000,9150,50,10,10,1337,rlb_adamw,rlb_fused_global_rational,adamw,0.0003,0.00003,0.10,200,0.90,0.95,0.00000001,1.0,0.95,5,match_rms_adamw,0.02,silu,identity,256,32,1,250,4,0.0,false,gpt2,607a30d783dfa663caf39e06633721c8d4cfcd7e,
348,12l_768d_300m_tokens_9150_steps_dolma_sample_seed1337_silu_muon,12l_768d_300m_tokens_9150_steps,dolma_sample,allenai/dolma,v1_6-sample,7f48140530a023e9ea4c5cfb141160922727d4d3,true,text,train,train,0,0,0,610000000,experiments/cache/tokens_iclr26_main/dolma_sample,12l_768d,12,768,12,2048,256,16,2,32768,300000000,8000000,9150,50,10,10,1337,silu_muon,silu,muon,0.0003,0.00003,0.10,200,0.90,0.95,0.00000001,1.0,0.95,5,match_rms_adamw,0.02,silu,identity,256,32,1,250,4,0.0,false,gpt2,607a30d783dfa663caf39e06633721c8d4cfcd7e,--muon-momentum 0.95 --muon-ns-steps 5 --muon-adjust-lr-fn match_rms_adamw
349,12l_768d_300m_tokens_9150_steps_dolma_sample_seed1337_rlb_muon,12l_768d_300m_tokens_9150_steps,dolma_sample,allenai/dolma,v1_6-sample,7f48140530a023e9ea4c5cfb141160922727d4d3,true,text,train,train,0,0,0,610000000,experiments/cache/tokens_iclr26_main/dolma_sample,12l_768d,12,768,12,2048,256,16,2,32768,300000000,8000000,9150,50,10,10,1337,rlb_muon,rlb_fused_global_rational,muon,0.0003,0.00003,0.10,200,0.90,0.95,0.00000001,1.0,0.95,5,match_rms_adamw,0.02,silu,identity,256,32,1,250,4,0.0,false,gpt2,607a30d783dfa663caf39e06633721c8d4cfcd7e,--muon-momentum 0.95 --muon-ns-steps 5 --muon-adjust-lr-fn match_rms_adamw
350,12l_768d_300m_tokens_9150_steps_dolma_sample_seed1337_silu_lion,12l_768d_300m_tokens_9150_steps,dolma_sample,allenai/dolma,v1_6-sample,7f48140530a023e9ea4c5cfb141160922727d4d3,true,text,train,train,0,0,0,610000000,experiments/cache/tokens_iclr26_main/dolma_sample,12l_768d,12,768,12,2048,256,16,2,32768,300000000,8000000,9150,50,10,10,1337,silu_lion,silu,lion,0.0001,0.00001,0.10,200,0.90,0.95,0.00000001,1.0,0.95,5,match_rms_adamw,0.02,silu,identity,256,32,1,250,4,0.0,false,gpt2,607a30d783dfa663caf39e06633721c8d4cfcd7e,
351,12l_768d_300m_tokens_9150_steps_dolma_sample_seed1337_rlb_lion,12l_768d_300m_tokens_9150_steps,dolma_sample,allenai/dolma,v1_6-sample,7f48140530a023e9ea4c5cfb141160922727d4d3,true,text,train,train,0,0,0,610000000,experiments/cache/tokens_iclr26_main/dolma_sample,12l_768d,12,768,12,2048,256,16,2,32768,300000000,8000000,9150,50,10,10,1337,rlb_lion,rlb_fused_global_rational,lion,0.0001,0.00001,0.10,200,0.90,0.95,0.00000001,1.0,0.95,5,match_rms_adamw,0.02,silu,identity,256,32,1,250,4,0.0,false,gpt2,607a30d783dfa663caf39e06633721c8d4cfcd7e,
352,12l_768d_300m_tokens_9150_steps_dolma_sample_seed1337_silu_soap,12l_768d_300m_tokens_9150_steps,dolma_sample,allenai/dolma,v1_6-sample,7f48140530a023e9ea4c5cfb141160922727d4d3,true,text,train,train,0,0,0,610000000,experiments/cache/tokens_iclr26_main/dolma_sample,12l_768d,12,768,12,2048,256,16,2,32768,300000000,8000000,9150,50,10,10,1337,silu_soap,silu,soap_adamw,0.0003,0.00003,0.10,200,0.90,0.95,0.00000001,1.0,0.95,5,match_rms_adamw,0.02,silu,identity,256,32,1,250,4,0.0,false,gpt2,607a30d783dfa663caf39e06633721c8d4cfcd7e,--soap-precondition-frequency 50 --no-soap-one-sided
353,12l_768d_300m_tokens_9150_steps_dolma_sample_seed1337_rlb_soap,12l_768d_300m_tokens_9150_steps,dolma_sample,allenai/dolma,v1_6-sample,7f48140530a023e9ea4c5cfb141160922727d4d3,true,text,train,train,0,0,0,610000000,experiments/cache/tokens_iclr26_main/dolma_sample,12l_768d,12,768,12,2048,256,16,2,32768,300000000,8000000,9150,50,10,10,1337,rlb_soap,rlb_fused_global_rational,soap_adamw,0.0003,0.00003,0.10,200,0.90,0.95,0.00000001,1.0,0.95,5,match_rms_adamw,0.02,silu,identity,256,32,1,250,4,0.0,false,gpt2,607a30d783dfa663caf39e06633721c8d4cfcd7e,--soap-precondition-frequency 50 --no-soap-one-sided
354,12l_768d_300m_tokens_9150_steps_dolma_sample_seed1337_silu_ademamix,12l_768d_300m_tokens_9150_steps,dolma_sample,allenai/dolma,v1_6-sample,7f48140530a023e9ea4c5cfb141160922727d4d3,true,text,train,train,0,0,0,610000000,experiments/cache/tokens_iclr26_main/dolma_sample,12l_768d,12,768,12,2048,256,16,2,32768,300000000,8000000,9150,50,10,10,1337,silu_ademamix,silu,ademamix,0.0003,0.00003,0.10,200,0.90,0.95,0.00000001,1.0,0.95,5,match_rms_adamw,0.02,silu,identity,256,32,1,250,4,0.0,false,gpt2,607a30d783dfa663caf39e06633721c8d4cfcd7e,--ademamix-alpha 5.0 --ademamix-beta3 0.9999
355,12l_768d_300m_tokens_9150_steps_dolma_sample_seed1337_rlb_ademamix,12l_768d_300m_tokens_9150_steps,dolma_sample,allenai/dolma,v1_6-sample,7f48140530a023e9ea4c5cfb141160922727d4d3,true,text,train,train,0,0,0,610000000,experiments/cache/tokens_iclr26_main/dolma_sample,12l_768d,12,768,12,2048,256,16,2,32768,300000000,8000000,9150,50,10,10,1337,rlb_ademamix,rlb_fused_global_rational,ademamix,0.0003,0.00003,0.10,200,0.90,0.95,0.00000001,1.0,0.95,5,match_rms_adamw,0.02,silu,identity,256,32,1,250,4,0.0,false,gpt2,607a30d783dfa663caf39e06633721c8d4cfcd7e,--ademamix-alpha 5.0 --ademamix-beta3 0.9999
356,12l_768d_300m_tokens_9150_steps_dolma_sample_seed1337_silu_came,12l_768d_300m_tokens_9150_steps,dolma_sample,allenai/dolma,v1_6-sample,7f48140530a023e9ea4c5cfb141160922727d4d3,true,text,train,train,0,0,0,610000000,experiments/cache/tokens_iclr26_main/dolma_sample,12l_768d,12,768,12,2048,256,16,2,32768,300000000,8000000,9150,50,10,10,1337,silu_came,silu,adafactor_came,0.0003,0.00003,0.10,200,0.90,0.95,0.00000001,1.0,0.95,5,match_rms_adamw,0.02,silu,identity,256,32,1,250,4,0.0,false,gpt2,607a30d783dfa663caf39e06633721c8d4cfcd7e,--came-confidence-scale 1.0
357,12l_768d_300m_tokens_9150_steps_dolma_sample_seed1337_rlb_came,12l_768d_300m_tokens_9150_steps,dolma_sample,allenai/dolma,v1_6-sample,7f48140530a023e9ea4c5cfb141160922727d4d3,true,text,train,train,0,0,0,610000000,experiments/cache/tokens_iclr26_main/dolma_sample,12l_768d,12,768,12,2048,256,16,2,32768,300000000,8000000,9150,50,10,10,1337,rlb_came,rlb_fused_global_rational,adafactor_came,0.0003,0.00003,0.10,200,0.90,0.95,0.00000001,1.0,0.95,5,match_rms_adamw,0.02,silu,identity,256,32,1,250,4,0.0,false,gpt2,607a30d783dfa663caf39e06633721c8d4cfcd7e,--came-confidence-scale 1.0
358,12l_768d_300m_tokens_9150_steps_dolma_sample_seed1337_silu_schedulefree,12l_768d_300m_tokens_9150_steps,dolma_sample,allenai/dolma,v1_6-sample,7f48140530a023e9ea4c5cfb141160922727d4d3,true,text,train,train,0,0,0,610000000,experiments/cache/tokens_iclr26_main/dolma_sample,12l_768d,12,768,12,2048,256,16,2,32768,300000000,8000000,9150,50,10,10,1337,silu_schedulefree,silu,schedule_free_adamw,0.0003,0.00003,0.10,200,0.90,0.95,0.00000001,1.0,0.95,5,match_rms_adamw,0.02,silu,identity,256,32,1,250,4,0.0,false,gpt2,607a30d783dfa663caf39e06633721c8d4cfcd7e,--schedule-free-beta1 0.90 --schedule-free-warmup-steps 0
359,12l_768d_300m_tokens_9150_steps_dolma_sample_seed1337_rlb_schedulefree,12l_768d_300m_tokens_9150_steps,dolma_sample,allenai/dolma,v1_6-sample,7f48140530a023e9ea4c5cfb141160922727d4d3,true,text,train,train,0,0,0,610000000,experiments/cache/tokens_iclr26_main/dolma_sample,12l_768d,12,768,12,2048,256,16,2,32768,300000000,8000000,9150,50,10,10,1337,rlb_schedulefree,rlb_fused_global_rational,schedule_free_adamw,0.0003,0.00003,0.10,200,0.90,0.95,0.00000001,1.0,0.95,5,match_rms_adamw,0.02,silu,identity,256,32,1,250,4,0.0,false,gpt2,607a30d783dfa663caf39e06633721c8d4cfcd7e,--schedule-free-beta1 0.90 --schedule-free-warmup-steps 0
360,12l_768d_300m_tokens_9150_steps_dolma_sample_seed2027_silu_adamw,12l_768d_300m_tokens_9150_steps,dolma_sample,allenai/dolma,v1_6-sample,7f48140530a023e9ea4c5cfb141160922727d4d3,true,text,train,train,0,0,0,610000000,experiments/cache/tokens_iclr26_main/dolma_sample,12l_768d,12,768,12,2048,256,16,2,32768,300000000,8000000,9150,50,10,10,2027,silu_adamw,silu,adamw,0.0003,0.00003,0.10,200,0.90,0.95,0.00000001,1.0,0.95,5,match_rms_adamw,0.02,silu,identity,256,32,1,250,4,0.0,false,gpt2,607a30d783dfa663caf39e06633721c8d4cfcd7e,
361,12l_768d_300m_tokens_9150_steps_dolma_sample_seed2027_rlb_adamw,12l_768d_300m_tokens_9150_steps,dolma_sample,allenai/dolma,v1_6-sample,7f48140530a023e9ea4c5cfb141160922727d4d3,true,text,train,train,0,0,0,610000000,experiments/cache/tokens_iclr26_main/dolma_sample,12l_768d,12,768,12,2048,256,16,2,32768,300000000,8000000,9150,50,10,10,2027,rlb_adamw,rlb_fused_global_rational,adamw,0.0003,0.00003,0.10,200,0.90,0.95,0.00000001,1.0,0.95,5,match_rms_adamw,0.02,silu,identity,256,32,1,250,4,0.0,false,gpt2,607a30d783dfa663caf39e06633721c8d4cfcd7e,
362,12l_768d_300m_tokens_9150_steps_dolma_sample_seed2027_silu_muon,12l_768d_300m_tokens_9150_steps,dolma_sample,allenai/dolma,v1_6-sample,7f48140530a023e9ea4c5cfb141160922727d4d3,true,text,train,train,0,0,0,610000000,experiments/cache/tokens_iclr26_main/dolma_sample,12l_768d,12,768,12,2048,256,16,2,32768,300000000,8000000,9150,50,10,10,2027,silu_muon,silu,muon,0.0003,0.00003,0.10,200,0.90,0.95,0.00000001,1.0,0.95,5,match_rms_adamw,0.02,silu,identity,256,32,1,250,4,0.0,false,gpt2,607a30d783dfa663caf39e06633721c8d4cfcd7e,--muon-momentum 0.95 --muon-ns-steps 5 --muon-adjust-lr-fn match_rms_adamw
363,12l_768d_300m_tokens_9150_steps_dolma_sample_seed2027_rlb_muon,12l_768d_300m_tokens_9150_steps,dolma_sample,allenai/dolma,v1_6-sample,7f48140530a023e9ea4c5cfb141160922727d4d3,true,text,train,train,0,0,0,610000000,experiments/cache/tokens_iclr26_main/dolma_sample,12l_768d,12,768,12,2048,256,16,2,32768,300000000,8000000,9150,50,10,10,2027,rlb_muon,rlb_fused_global_rational,muon,0.0003,0.00003,0.10,200,0.90,0.95,0.00000001,1.0,0.95,5,match_rms_adamw,0.02,silu,identity,256,32,1,250,4,0.0,false,gpt2,607a30d783dfa663caf39e06633721c8d4cfcd7e,--muon-momentum 0.95 --muon-ns-steps 5 --muon-adjust-lr-fn match_rms_adamw
364,12l_768d_300m_tokens_9150_steps_dolma_sample_seed2027_silu_lion,12l_768d_300m_tokens_9150_steps,dolma_sample,allenai/dolma,v1_6-sample,7f48140530a023e9ea4c5cfb141160922727d4d3,true,text,train,train,0,0,0,610000000,experiments/cache/tokens_iclr26_main/dolma_sample,12l_768d,12,768,12,2048,256,16,2,32768,300000000,8000000,9150,50,10,10,2027,silu_lion,silu,lion,0.0001,0.00001,0.10,200,0.90,0.95,0.00000001,1.0,0.95,5,match_rms_adamw,0.02,silu,identity,256,32,1,250,4,0.0,false,gpt2,607a30d783dfa663caf39e06633721c8d4cfcd7e,
365,12l_768d_300m_tokens_9150_steps_dolma_sample_seed2027_rlb_lion,12l_768d_300m_tokens_9150_steps,dolma_sample,allenai/dolma,v1_6-sample,7f48140530a023e9ea4c5cfb141160922727d4d3,true,text,train,train,0,0,0,610000000,experiments/cache/tokens_iclr26_main/dolma_sample,12l_768d,12,768,12,2048,256,16,2,32768,300000000,8000000,9150,50,10,10,2027,rlb_lion,rlb_fused_global_rational,lion,0.0001,0.00001,0.10,200,0.90,0.95,0.00000001,1.0,0.95,5,match_rms_adamw,0.02,silu,identity,256,32,1,250,4,0.0,false,gpt2,607a30d783dfa663caf39e06633721c8d4cfcd7e,
366,12l_768d_300m_tokens_9150_steps_dolma_sample_seed2027_silu_soap,12l_768d_300m_tokens_9150_steps,dolma_sample,allenai/dolma,v1_6-sample,7f48140530a023e9ea4c5cfb141160922727d4d3,true,text,train,train,0,0,0,610000000,experiments/cache/tokens_iclr26_main/dolma_sample,12l_768d,12,768,12,2048,256,16,2,32768,300000000,8000000,9150,50,10,10,2027,silu_soap,silu,soap_adamw,0.0003,0.00003,0.10,200,0.90,0.95,0.00000001,1.0,0.95,5,match_rms_adamw,0.02,silu,identity,256,32,1,250,4,0.0,false,gpt2,607a30d783dfa663caf39e06633721c8d4cfcd7e,--soap-precondition-frequency 50 --no-soap-one-sided
367,12l_768d_300m_tokens_9150_steps_dolma_sample_seed2027_rlb_soap,12l_768d_300m_tokens_9150_steps,dolma_sample,allenai/dolma,v1_6-sample,7f48140530a023e9ea4c5cfb141160922727d4d3,true,text,train,train,0,0,0,610000000,experiments/cache/tokens_iclr26_main/dolma_sample,12l_768d,12,768,12,2048,256,16,2,32768,300000000,8000000,9150,50,10,10,2027,rlb_soap,rlb_fused_global_rational,soap_adamw,0.0003,0.00003,0.10,200,0.90,0.95,0.00000001,1.0,0.95,5,match_rms_adamw,0.02,silu,identity,256,32,1,250,4,0.0,false,gpt2,607a30d783dfa663caf39e06633721c8d4cfcd7e,--soap-precondition-frequency 50 --no-soap-one-sided
368,12l_768d_300m_tokens_9150_steps_dolma_sample_seed2027_silu_ademamix,12l_768d_300m_tokens_9150_steps,dolma_sample,allenai/dolma,v1_6-sample,7f48140530a023e9ea4c5cfb141160922727d4d3,true,text,train,train,0,0,0,610000000,experiments/cache/tokens_iclr26_main/dolma_sample,12l_768d,12,768,12,2048,256,16,2,32768,300000000,8000000,9150,50,10,10,2027,silu_ademamix,silu,ademamix,0.0003,0.00003,0.10,200,0.90,0.95,0.00000001,1.0,0.95,5,match_rms_adamw,0.02,silu,identity,256,32,1,250,4,0.0,false,gpt2,607a30d783dfa663caf39e06633721c8d4cfcd7e,--ademamix-alpha 5.0 --ademamix-beta3 0.9999
369,12l_768d_300m_tokens_9150_steps_dolma_sample_seed2027_rlb_ademamix,12l_768d_300m_tokens_9150_steps,dolma_sample,allenai/dolma,v1_6-sample,7f48140530a023e9ea4c5cfb141160922727d4d3,true,text,train,train,0,0,0,610000000,experiments/cache/tokens_iclr26_main/dolma_sample,12l_768d,12,768,12,2048,256,16,2,32768,300000000,8000000,9150,50,10,10,2027,rlb_ademamix,rlb_fused_global_rational,ademamix,0.0003,0.00003,0.10,200,0.90,0.95,0.00000001,1.0,0.95,5,match_rms_adamw,0.02,silu,identity,256,32,1,250,4,0.0,false,gpt2,607a30d783dfa663caf39e06633721c8d4cfcd7e,--ademamix-alpha 5.0 --ademamix-beta3 0.9999
370,12l_768d_300m_tokens_9150_steps_dolma_sample_seed2027_silu_came,12l_768d_300m_tokens_9150_steps,dolma_sample,allenai/dolma,v1_6-sample,7f48140530a023e9ea4c5cfb141160922727d4d3,true,text,train,train,0,0,0,610000000,experiments/cache/tokens_iclr26_main/dolma_sample,12l_768d,12,768,12,2048,256,16,2,32768,300000000,8000000,9150,50,10,10,2027,silu_came,silu,adafactor_came,0.0003,0.00003,0.10,200,0.90,0.95,0.00000001,1.0,0.95,5,match_rms_adamw,0.02,silu,identity,256,32,1,250,4,0.0,false,gpt2,607a30d783dfa663caf39e06633721c8d4cfcd7e,--came-confidence-scale 1.0
371,12l_768d_300m_tokens_9150_steps_dolma_sample_seed2027_rlb_came,12l_768d_300m_tokens_9150_steps,dolma_sample,allenai/dolma,v1_6-sample,7f48140530a023e9ea4c5cfb141160922727d4d3,true,text,train,train,0,0,0,610000000,experiments/cache/tokens_iclr26_main/dolma_sample,12l_768d,12,768,12,2048,256,16,2,32768,300000000,8000000,9150,50,10,10,2027,rlb_came,rlb_fused_global_rational,adafactor_came,0.0003,0.00003,0.10,200,0.90,0.95,0.00000001,1.0,0.95,5,match_rms_adamw,0.02,silu,identity,256,32,1,250,4,0.0,false,gpt2,607a30d783dfa663caf39e06633721c8d4cfcd7e,--came-confidence-scale 1.0
372,12l_768d_300m_tokens_9150_steps_dolma_sample_seed2027_silu_schedulefree,12l_768d_300m_tokens_9150_steps,dolma_sample,allenai/dolma,v1_6-sample,7f48140530a023e9ea4c5cfb141160922727d4d3,true,text,train,train,0,0,0,610000000,experiments/cache/tokens_iclr26_main/dolma_sample,12l_768d,12,768,12,2048,256,16,2,32768,300000000,8000000,9150,50,10,10,2027,silu_schedulefree,silu,schedule_free_adamw,0.0003,0.00003,0.10,200,0.90,0.95,0.00000001,1.0,0.95,5,match_rms_adamw,0.02,silu,identity,256,32,1,250,4,0.0,false,gpt2,607a30d783dfa663caf39e06633721c8d4cfcd7e,--schedule-free-beta1 0.90 --schedule-free-warmup-steps 0
373,12l_768d_300m_tokens_9150_steps_dolma_sample_seed2027_rlb_schedulefree,12l_768d_300m_tokens_9150_steps,dolma_sample,allenai/dolma,v1_6-sample,7f48140530a023e9ea4c5cfb141160922727d4d3,true,text,train,train,0,0,0,610000000,experiments/cache/tokens_iclr26_main/dolma_sample,12l_768d,12,768,12,2048,256,16,2,32768,300000000,8000000,9150,50,10,10,2027,rlb_schedulefree,rlb_fused_global_rational,schedule_free_adamw,0.0003,0.00003,0.10,200,0.90,0.95,0.00000001,1.0,0.95,5,match_rms_adamw,0.02,silu,identity,256,32,1,250,4,0.0,false,gpt2,607a30d783dfa663caf39e06633721c8d4cfcd7e,--schedule-free-beta1 0.90 --schedule-free-warmup-steps 0
374,12l_768d_300m_tokens_9150_steps_dolma_sample_seed3407_silu_adamw,12l_768d_300m_tokens_9150_steps,dolma_sample,allenai/dolma,v1_6-sample,7f48140530a023e9ea4c5cfb141160922727d4d3,true,text,train,train,0,0,0,610000000,experiments/cache/tokens_iclr26_main/dolma_sample,12l_768d,12,768,12,2048,256,16,2,32768,300000000,8000000,9150,50,10,10,3407,silu_adamw,silu,adamw,0.0003,0.00003,0.10,200,0.90,0.95,0.00000001,1.0,0.95,5,match_rms_adamw,0.02,silu,identity,256,32,1,250,4,0.0,false,gpt2,607a30d783dfa663caf39e06633721c8d4cfcd7e,
375,12l_768d_300m_tokens_9150_steps_dolma_sample_seed3407_rlb_adamw,12l_768d_300m_tokens_9150_steps,dolma_sample,allenai/dolma,v1_6-sample,7f48140530a023e9ea4c5cfb141160922727d4d3,true,text,train,train,0,0,0,610000000,experiments/cache/tokens_iclr26_main/dolma_sample,12l_768d,12,768,12,2048,256,16,2,32768,300000000,8000000,9150,50,10,10,3407,rlb_adamw,rlb_fused_global_rational,adamw,0.0003,0.00003,0.10,200,0.90,0.95,0.00000001,1.0,0.95,5,match_rms_adamw,0.02,silu,identity,256,32,1,250,4,0.0,false,gpt2,607a30d783dfa663caf39e06633721c8d4cfcd7e,
376,12l_768d_300m_tokens_9150_steps_dolma_sample_seed3407_silu_muon,12l_768d_300m_tokens_9150_steps,dolma_sample,allenai/dolma,v1_6-sample,7f48140530a023e9ea4c5cfb141160922727d4d3,true,text,train,train,0,0,0,610000000,experiments/cache/tokens_iclr26_main/dolma_sample,12l_768d,12,768,12,2048,256,16,2,32768,300000000,8000000,9150,50,10,10,3407,silu_muon,silu,muon,0.0003,0.00003,0.10,200,0.90,0.95,0.00000001,1.0,0.95,5,match_rms_adamw,0.02,silu,identity,256,32,1,250,4,0.0,false,gpt2,607a30d783dfa663caf39e06633721c8d4cfcd7e,--muon-momentum 0.95 --muon-ns-steps 5 --muon-adjust-lr-fn match_rms_adamw
377,12l_768d_300m_tokens_9150_steps_dolma_sample_seed3407_rlb_muon,12l_768d_300m_tokens_9150_steps,dolma_sample,allenai/dolma,v1_6-sample,7f48140530a023e9ea4c5cfb141160922727d4d3,true,text,train,train,0,0,0,610000000,experiments/cache/tokens_iclr26_main/dolma_sample,12l_768d,12,768,12,2048,256,16,2,32768,300000000,8000000,9150,50,10,10,3407,rlb_muon,rlb_fused_global_rational,muon,0.0003,0.00003,0.10,200,0.90,0.95,0.00000001,1.0,0.95,5,match_rms_adamw,0.02,silu,identity,256,32,1,250,4,0.0,false,gpt2,607a30d783dfa663caf39e06633721c8d4cfcd7e,--muon-momentum 0.95 --muon-ns-steps 5 --muon-adjust-lr-fn match_rms_adamw
378,12l_768d_300m_tokens_9150_steps_dolma_sample_seed3407_silu_lion,12l_768d_300m_tokens_9150_steps,dolma_sample,allenai/dolma,v1_6-sample,7f48140530a023e9ea4c5cfb141160922727d4d3,true,text,train,train,0,0,0,610000000,experiments/cache/tokens_iclr26_main/dolma_sample,12l_768d,12,768,12,2048,256,16,2,32768,300000000,8000000,9150,50,10,10,3407,silu_lion,silu,lion,0.0001,0.00001,0.10,200,0.90,0.95,0.00000001,1.0,0.95,5,match_rms_adamw,0.02,silu,identity,256,32,1,250,4,0.0,false,gpt2,607a30d783dfa663caf39e06633721c8d4cfcd7e,
379,12l_768d_300m_tokens_9150_steps_dolma_sample_seed3407_rlb_lion,12l_768d_300m_tokens_9150_steps,dolma_sample,allenai/dolma,v1_6-sample,7f48140530a023e9ea4c5cfb141160922727d4d3,true,text,train,train,0,0,0,610000000,experiments/cache/tokens_iclr26_main/dolma_sample,12l_768d,12,768,12,2048,256,16,2,32768,300000000,8000000,9150,50,10,10,3407,rlb_lion,rlb_fused_global_rational,lion,0.0001,0.00001,0.10,200,0.90,0.95,0.00000001,1.0,0.95,5,match_rms_adamw,0.02,silu,identity,256,32,1,250,4,0.0,false,gpt2,607a30d783dfa663caf39e06633721c8d4cfcd7e,
380,12l_768d_300m_tokens_9150_steps_dolma_sample_seed3407_silu_soap,12l_768d_300m_tokens_9150_steps,dolma_sample,allenai/dolma,v1_6-sample,7f48140530a023e9ea4c5cfb141160922727d4d3,true,text,train,train,0,0,0,610000000,experiments/cache/tokens_iclr26_main/dolma_sample,12l_768d,12,768,12,2048,256,16,2,32768,300000000,8000000,9150,50,10,10,3407,silu_soap,silu,soap_adamw,0.0003,0.00003,0.10,200,0.90,0.95,0.00000001,1.0,0.95,5,match_rms_adamw,0.02,silu,identity,256,32,1,250,4,0.0,false,gpt2,607a30d783dfa663caf39e06633721c8d4cfcd7e,--soap-precondition-frequency 50 --no-soap-one-sided
381,12l_768d_300m_tokens_9150_steps_dolma_sample_seed3407_rlb_soap,12l_768d_300m_tokens_9150_steps,dolma_sample,allenai/dolma,v1_6-sample,7f48140530a023e9ea4c5cfb141160922727d4d3,true,text,train,train,0,0,0,610000000,experiments/cache/tokens_iclr26_main/dolma_sample,12l_768d,12,768,12,2048,256,16,2,32768,300000000,8000000,9150,50,10,10,3407,rlb_soap,rlb_fused_global_rational,soap_adamw,0.0003,0.00003,0.10,200,0.90,0.95,0.00000001,1.0,0.95,5,match_rms_adamw,0.02,silu,identity,256,32,1,250,4,0.0,false,gpt2,607a30d783dfa663caf39e06633721c8d4cfcd7e,--soap-precondition-frequency 50 --no-soap-one-sided
382,12l_768d_300m_tokens_9150_steps_dolma_sample_seed3407_silu_ademamix,12l_768d_300m_tokens_9150_steps,dolma_sample,allenai/dolma,v1_6-sample,7f48140530a023e9ea4c5cfb141160922727d4d3,true,text,train,train,0,0,0,610000000,experiments/cache/tokens_iclr26_main/dolma_sample,12l_768d,12,768,12,2048,256,16,2,32768,300000000,8000000,9150,50,10,10,3407,silu_ademamix,silu,ademamix,0.0003,0.00003,0.10,200,0.90,0.95,0.00000001,1.0,0.95,5,match_rms_adamw,0.02,silu,identity,256,32,1,250,4,0.0,false,gpt2,607a30d783dfa663caf39e06633721c8d4cfcd7e,--ademamix-alpha 5.0 --ademamix-beta3 0.9999
383,12l_768d_300m_tokens_9150_steps_dolma_sample_seed3407_rlb_ademamix,12l_768d_300m_tokens_9150_steps,dolma_sample,allenai/dolma,v1_6-sample,7f48140530a023e9ea4c5cfb141160922727d4d3,true,text,train,train,0,0,0,610000000,experiments/cache/tokens_iclr26_main/dolma_sample,12l_768d,12,768,12,2048,256,16,2,32768,300000000,8000000,9150,50,10,10,3407,rlb_ademamix,rlb_fused_global_rational,ademamix,0.0003,0.00003,0.10,200,0.90,0.95,0.00000001,1.0,0.95,5,match_rms_adamw,0.02,silu,identity,256,32,1,250,4,0.0,false,gpt2,607a30d783dfa663caf39e06633721c8d4cfcd7e,--ademamix-alpha 5.0 --ademamix-beta3 0.9999
384,12l_768d_300m_tokens_9150_steps_dolma_sample_seed3407_silu_came,12l_768d_300m_tokens_9150_steps,dolma_sample,allenai/dolma,v1_6-sample,7f48140530a023e9ea4c5cfb141160922727d4d3,true,text,train,train,0,0,0,610000000,experiments/cache/tokens_iclr26_main/dolma_sample,12l_768d,12,768,12,2048,256,16,2,32768,300000000,8000000,9150,50,10,10,3407,silu_came,silu,adafactor_came,0.0003,0.00003,0.10,200,0.90,0.95,0.00000001,1.0,0.95,5,match_rms_adamw,0.02,silu,identity,256,32,1,250,4,0.0,false,gpt2,607a30d783dfa663caf39e06633721c8d4cfcd7e,--came-confidence-scale 1.0
385,12l_768d_300m_tokens_9150_steps_dolma_sample_seed3407_rlb_came,12l_768d_300m_tokens_9150_steps,dolma_sample,allenai/dolma,v1_6-sample,7f48140530a023e9ea4c5cfb141160922727d4d3,true,text,train,train,0,0,0,610000000,experiments/cache/tokens_iclr26_main/dolma_sample,12l_768d,12,768,12,2048,256,16,2,32768,300000000,8000000,9150,50,10,10,3407,rlb_came,rlb_fused_global_rational,adafactor_came,0.0003,0.00003,0.10,200,0.90,0.95,0.00000001,1.0,0.95,5,match_rms_adamw,0.02,silu,identity,256,32,1,250,4,0.0,false,gpt2,607a30d783dfa663caf39e06633721c8d4cfcd7e,--came-confidence-scale 1.0
386,12l_768d_300m_tokens_9150_steps_dolma_sample_seed3407_silu_schedulefree,12l_768d_300m_tokens_9150_steps,dolma_sample,allenai/dolma,v1_6-sample,7f48140530a023e9ea4c5cfb141160922727d4d3,true,text,train,train,0,0,0,610000000,experiments/cache/tokens_iclr26_main/dolma_sample,12l_768d,12,768,12,2048,256,16,2,32768,300000000,8000000,9150,50,10,10,3407,silu_schedulefree,silu,schedule_free_adamw,0.0003,0.00003,0.10,200,0.90,0.95,0.00000001,1.0,0.95,5,match_rms_adamw,0.02,silu,identity,256,32,1,250,4,0.0,false,gpt2,607a30d783dfa663caf39e06633721c8d4cfcd7e,--schedule-free-beta1 0.90 --schedule-free-warmup-steps 0
387,12l_768d_300m_tokens_9150_steps_dolma_sample_seed3407_rlb_schedulefree,12l_768d_300m_tokens_9150_steps,dolma_sample,allenai/dolma,v1_6-sample,7f48140530a023e9ea4c5cfb141160922727d4d3,true,text,train,train,0,0,0,610000000,experiments/cache/tokens_iclr26_main/dolma_sample,12l_768d,12,768,12,2048,256,16,2,32768,300000000,8000000,9150,50,10,10,3407,rlb_schedulefree,rlb_fused_global_rational,schedule_free_adamw,0.0003,0.00003,0.10,200,0.90,0.95,0.00000001,1.0,0.95,5,match_rms_adamw,0.02,silu,identity,256,32,1,250,4,0.0,false,gpt2,607a30d783dfa663caf39e06633721c8d4cfcd7e,--schedule-free-beta1 0.90 --schedule-free-warmup-steps 0
388,12l_768d_300m_tokens_9150_steps_c4_en_seed1337_silu_adamw,12l_768d_300m_tokens_9150_steps,c4_en,allenai/c4,en,1588ec454efa1a09f29cd18ddd04fe05fc8653a2,true,text,train,validation,0,0,0,0,experiments/cache/tokens_iclr26_main/c4_en,12l_768d,12,768,12,2048,256,16,2,32768,300000000,8000000,9150,50,10,10,1337,silu_adamw,silu,adamw,0.0003,0.00003,0.10,200,0.90,0.95,0.00000001,1.0,0.95,5,match_rms_adamw,0.02,silu,identity,256,32,1,250,4,0.0,false,gpt2,607a30d783dfa663caf39e06633721c8d4cfcd7e,
389,12l_768d_300m_tokens_9150_steps_c4_en_seed1337_rlb_adamw,12l_768d_300m_tokens_9150_steps,c4_en,allenai/c4,en,1588ec454efa1a09f29cd18ddd04fe05fc8653a2,true,text,train,validation,0,0,0,0,experiments/cache/tokens_iclr26_main/c4_en,12l_768d,12,768,12,2048,256,16,2,32768,300000000,8000000,9150,50,10,10,1337,rlb_adamw,rlb_fused_global_rational,adamw,0.0003,0.00003,0.10,200,0.90,0.95,0.00000001,1.0,0.95,5,match_rms_adamw,0.02,silu,identity,256,32,1,250,4,0.0,false,gpt2,607a30d783dfa663caf39e06633721c8d4cfcd7e,
390,12l_768d_300m_tokens_9150_steps_c4_en_seed1337_silu_muon,12l_768d_300m_tokens_9150_steps,c4_en,allenai/c4,en,1588ec454efa1a09f29cd18ddd04fe05fc8653a2,true,text,train,validation,0,0,0,0,experiments/cache/tokens_iclr26_main/c4_en,12l_768d,12,768,12,2048,256,16,2,32768,300000000,8000000,9150,50,10,10,1337,silu_muon,silu,muon,0.0003,0.00003,0.10,200,0.90,0.95,0.00000001,1.0,0.95,5,match_rms_adamw,0.02,silu,identity,256,32,1,250,4,0.0,false,gpt2,607a30d783dfa663caf39e06633721c8d4cfcd7e,--muon-momentum 0.95 --muon-ns-steps 5 --muon-adjust-lr-fn match_rms_adamw
391,12l_768d_300m_tokens_9150_steps_c4_en_seed1337_rlb_muon,12l_768d_300m_tokens_9150_steps,c4_en,allenai/c4,en,1588ec454efa1a09f29cd18ddd04fe05fc8653a2,true,text,train,validation,0,0,0,0,experiments/cache/tokens_iclr26_main/c4_en,12l_768d,12,768,12,2048,256,16,2,32768,300000000,8000000,9150,50,10,10,1337,rlb_muon,rlb_fused_global_rational,muon,0.0003,0.00003,0.10,200,0.90,0.95,0.00000001,1.0,0.95,5,match_rms_adamw,0.02,silu,identity,256,32,1,250,4,0.0,false,gpt2,607a30d783dfa663caf39e06633721c8d4cfcd7e,--muon-momentum 0.95 --muon-ns-steps 5 --muon-adjust-lr-fn match_rms_adamw
392,12l_768d_300m_tokens_9150_steps_c4_en_seed1337_silu_lion,12l_768d_300m_tokens_9150_steps,c4_en,allenai/c4,en,1588ec454efa1a09f29cd18ddd04fe05fc8653a2,true,text,train,validation,0,0,0,0,experiments/cache/tokens_iclr26_main/c4_en,12l_768d,12,768,12,2048,256,16,2,32768,300000000,8000000,9150,50,10,10,1337,silu_lion,silu,lion,0.0001,0.00001,0.10,200,0.90,0.95,0.00000001,1.0,0.95,5,match_rms_adamw,0.02,silu,identity,256,32,1,250,4,0.0,false,gpt2,607a30d783dfa663caf39e06633721c8d4cfcd7e,
393,12l_768d_300m_tokens_9150_steps_c4_en_seed1337_rlb_lion,12l_768d_300m_tokens_9150_steps,c4_en,allenai/c4,en,1588ec454efa1a09f29cd18ddd04fe05fc8653a2,true,text,train,validation,0,0,0,0,experiments/cache/tokens_iclr26_main/c4_en,12l_768d,12,768,12,2048,256,16,2,32768,300000000,8000000,9150,50,10,10,1337,rlb_lion,rlb_fused_global_rational,lion,0.0001,0.00001,0.10,200,0.90,0.95,0.00000001,1.0,0.95,5,match_rms_adamw,0.02,silu,identity,256,32,1,250,4,0.0,false,gpt2,607a30d783dfa663caf39e06633721c8d4cfcd7e,
394,12l_768d_300m_tokens_9150_steps_c4_en_seed1337_silu_soap,12l_768d_300m_tokens_9150_steps,c4_en,allenai/c4,en,1588ec454efa1a09f29cd18ddd04fe05fc8653a2,true,text,train,validation,0,0,0,0,experiments/cache/tokens_iclr26_main/c4_en,12l_768d,12,768,12,2048,256,16,2,32768,300000000,8000000,9150,50,10,10,1337,silu_soap,silu,soap_adamw,0.0003,0.00003,0.10,200,0.90,0.95,0.00000001,1.0,0.95,5,match_rms_adamw,0.02,silu,identity,256,32,1,250,4,0.0,false,gpt2,607a30d783dfa663caf39e06633721c8d4cfcd7e,--soap-precondition-frequency 50 --no-soap-one-sided
395,12l_768d_300m_tokens_9150_steps_c4_en_seed1337_rlb_soap,12l_768d_300m_tokens_9150_steps,c4_en,allenai/c4,en,1588ec454efa1a09f29cd18ddd04fe05fc8653a2,true,text,train,validation,0,0,0,0,experiments/cache/tokens_iclr26_main/c4_en,12l_768d,12,768,12,2048,256,16,2,32768,300000000,8000000,9150,50,10,10,1337,rlb_soap,rlb_fused_global_rational,soap_adamw,0.0003,0.00003,0.10,200,0.90,0.95,0.00000001,1.0,0.95,5,match_rms_adamw,0.02,silu,identity,256,32,1,250,4,0.0,false,gpt2,607a30d783dfa663caf39e06633721c8d4cfcd7e,--soap-precondition-frequency 50 --no-soap-one-sided
396,12l_768d_300m_tokens_9150_steps_c4_en_seed1337_silu_ademamix,12l_768d_300m_tokens_9150_steps,c4_en,allenai/c4,en,1588ec454efa1a09f29cd18ddd04fe05fc8653a2,true,text,train,validation,0,0,0,0,experiments/cache/tokens_iclr26_main/c4_en,12l_768d,12,768,12,2048,256,16,2,32768,300000000,8000000,9150,50,10,10,1337,silu_ademamix,silu,ademamix,0.0003,0.00003,0.10,200,0.90,0.95,0.00000001,1.0,0.95,5,match_rms_adamw,0.02,silu,identity,256,32,1,250,4,0.0,false,gpt2,607a30d783dfa663caf39e06633721c8d4cfcd7e,--ademamix-alpha 5.0 --ademamix-beta3 0.9999
397,12l_768d_300m_tokens_9150_steps_c4_en_seed1337_rlb_ademamix,12l_768d_300m_tokens_9150_steps,c4_en,allenai/c4,en,1588ec454efa1a09f29cd18ddd04fe05fc8653a2,true,text,train,validation,0,0,0,0,experiments/cache/tokens_iclr26_main/c4_en,12l_768d,12,768,12,2048,256,16,2,32768,300000000,8000000,9150,50,10,10,1337,rlb_ademamix,rlb_fused_global_rational,ademamix,0.0003,0.00003,0.10,200,0.90,0.95,0.00000001,1.0,0.95,5,match_rms_adamw,0.02,silu,identity,256,32,1,250,4,0.0,false,gpt2,607a30d783dfa663caf39e06633721c8d4cfcd7e,--ademamix-alpha 5.0 --ademamix-beta3 0.9999
398,12l_768d_300m_tokens_9150_steps_c4_en_seed1337_silu_came,12l_768d_300m_tokens_9150_steps,c4_en,allenai/c4,en,1588ec454efa1a09f29cd18ddd04fe05fc8653a2,true,text,train,validation,0,0,0,0,experiments/cache/tokens_iclr26_main/c4_en,12l_768d,12,768,12,2048,256,16,2,32768,300000000,8000000,9150,50,10,10,1337,silu_came,silu,adafactor_came,0.0003,0.00003,0.10,200,0.90,0.95,0.00000001,1.0,0.95,5,match_rms_adamw,0.02,silu,identity,256,32,1,250,4,0.0,false,gpt2,607a30d783dfa663caf39e06633721c8d4cfcd7e,--came-confidence-scale 1.0
399,12l_768d_300m_tokens_9150_steps_c4_en_seed1337_rlb_came,12l_768d_300m_tokens_9150_steps,c4_en,allenai/c4,en,1588ec454efa1a09f29cd18ddd04fe05fc8653a2,true,text,train,validation,0,0,0,0,experiments/cache/tokens_iclr26_main/c4_en,12l_768d,12,768,12,2048,256,16,2,32768,300000000,8000000,9150,50,10,10,1337,rlb_came,rlb_fused_global_rational,adafactor_came,0.0003,0.00003,0.10,200,0.90,0.95,0.00000001,1.0,0.95,5,match_rms_adamw,0.02,silu,identity,256,32,1,250,4,0.0,false,gpt2,607a30d783dfa663caf39e06633721c8d4cfcd7e,--came-confidence-scale 1.0
400,12l_768d_300m_tokens_9150_steps_c4_en_seed1337_silu_schedulefree,12l_768d_300m_tokens_9150_steps,c4_en,allenai/c4,en,1588ec454efa1a09f29cd18ddd04fe05fc8653a2,true,text,train,validation,0,0,0,0,experiments/cache/tokens_iclr26_main/c4_en,12l_768d,12,768,12,2048,256,16,2,32768,300000000,8000000,9150,50,10,10,1337,silu_schedulefree,silu,schedule_free_adamw,0.0003,0.00003,0.10,200,0.90,0.95,0.00000001,1.0,0.95,5,match_rms_adamw,0.02,silu,identity,256,32,1,250,4,0.0,false,gpt2,607a30d783dfa663caf39e06633721c8d4cfcd7e,--schedule-free-beta1 0.90 --schedule-free-warmup-steps 0
401,12l_768d_300m_tokens_9150_steps_c4_en_seed1337_rlb_schedulefree,12l_768d_300m_tokens_9150_steps,c4_en,allenai/c4,en,1588ec454efa1a09f29cd18ddd04fe05fc8653a2,true,text,train,validation,0,0,0,0,experiments/cache/tokens_iclr26_main/c4_en,12l_768d,12,768,12,2048,256,16,2,32768,300000000,8000000,9150,50,10,10,1337,rlb_schedulefree,rlb_fused_global_rational,schedule_free_adamw,0.0003,0.00003,0.10,200,0.90,0.95,0.00000001,1.0,0.95,5,match_rms_adamw,0.02,silu,identity,256,32,1,250,4,0.0,false,gpt2,607a30d783dfa663caf39e06633721c8d4cfcd7e,--schedule-free-beta1 0.90 --schedule-free-warmup-steps 0
402,12l_768d_300m_tokens_9150_steps_c4_en_seed2027_silu_adamw,12l_768d_300m_tokens_9150_steps,c4_en,allenai/c4,en,1588ec454efa1a09f29cd18ddd04fe05fc8653a2,true,text,train,validation,0,0,0,0,experiments/cache/tokens_iclr26_main/c4_en,12l_768d,12,768,12,2048,256,16,2,32768,300000000,8000000,9150,50,10,10,2027,silu_adamw,silu,adamw,0.0003,0.00003,0.10,200,0.90,0.95,0.00000001,1.0,0.95,5,match_rms_adamw,0.02,silu,identity,256,32,1,250,4,0.0,false,gpt2,607a30d783dfa663caf39e06633721c8d4cfcd7e,
403,12l_768d_300m_tokens_9150_steps_c4_en_seed2027_rlb_adamw,12l_768d_300m_tokens_9150_steps,c4_en,allenai/c4,en,1588ec454efa1a09f29cd18ddd04fe05fc8653a2,true,text,train,validation,0,0,0,0,experiments/cache/tokens_iclr26_main/c4_en,12l_768d,12,768,12,2048,256,16,2,32768,300000000,8000000,9150,50,10,10,2027,rlb_adamw,rlb_fused_global_rational,adamw,0.0003,0.00003,0.10,200,0.90,0.95,0.00000001,1.0,0.95,5,match_rms_adamw,0.02,silu,identity,256,32,1,250,4,0.0,false,gpt2,607a30d783dfa663caf39e06633721c8d4cfcd7e,
404,12l_768d_300m_tokens_9150_steps_c4_en_seed2027_silu_muon,12l_768d_300m_tokens_9150_steps,c4_en,allenai/c4,en,1588ec454efa1a09f29cd18ddd04fe05fc8653a2,true,text,train,validation,0,0,0,0,experiments/cache/tokens_iclr26_main/c4_en,12l_768d,12,768,12,2048,256,16,2,32768,300000000,8000000,9150,50,10,10,2027,silu_muon,silu,muon,0.0003,0.00003,0.10,200,0.90,0.95,0.00000001,1.0,0.95,5,match_rms_adamw,0.02,silu,identity,256,32,1,250,4,0.0,false,gpt2,607a30d783dfa663caf39e06633721c8d4cfcd7e,--muon-momentum 0.95 --muon-ns-steps 5 --muon-adjust-lr-fn match_rms_adamw
405,12l_768d_300m_tokens_9150_steps_c4_en_seed2027_rlb_muon,12l_768d_300m_tokens_9150_steps,c4_en,allenai/c4,en,1588ec454efa1a09f29cd18ddd04fe05fc8653a2,true,text,train,validation,0,0,0,0,experiments/cache/tokens_iclr26_main/c4_en,12l_768d,12,768,12,2048,256,16,2,32768,300000000,8000000,9150,50,10,10,2027,rlb_muon,rlb_fused_global_rational,muon,0.0003,0.00003,0.10,200,0.90,0.95,0.00000001,1.0,0.95,5,match_rms_adamw,0.02,silu,identity,256,32,1,250,4,0.0,false,gpt2,607a30d783dfa663caf39e06633721c8d4cfcd7e,--muon-momentum 0.95 --muon-ns-steps 5 --muon-adjust-lr-fn match_rms_adamw
406,12l_768d_300m_tokens_9150_steps_c4_en_seed2027_silu_lion,12l_768d_300m_tokens_9150_steps,c4_en,allenai/c4,en,1588ec454efa1a09f29cd18ddd04fe05fc8653a2,true,text,train,validation,0,0,0,0,experiments/cache/tokens_iclr26_main/c4_en,12l_768d,12,768,12,2048,256,16,2,32768,300000000,8000000,9150,50,10,10,2027,silu_lion,silu,lion,0.0001,0.00001,0.10,200,0.90,0.95,0.00000001,1.0,0.95,5,match_rms_adamw,0.02,silu,identity,256,32,1,250,4,0.0,false,gpt2,607a30d783dfa663caf39e06633721c8d4cfcd7e,
407,12l_768d_300m_tokens_9150_steps_c4_en_seed2027_rlb_lion,12l_768d_300m_tokens_9150_steps,c4_en,allenai/c4,en,1588ec454efa1a09f29cd18ddd04fe05fc8653a2,true,text,train,validation,0,0,0,0,experiments/cache/tokens_iclr26_main/c4_en,12l_768d,12,768,12,2048,256,16,2,32768,300000000,8000000,9150,50,10,10,2027,rlb_lion,rlb_fused_global_rational,lion,0.0001,0.00001,0.10,200,0.90,0.95,0.00000001,1.0,0.95,5,match_rms_adamw,0.02,silu,identity,256,32,1,250,4,0.0,false,gpt2,607a30d783dfa663caf39e06633721c8d4cfcd7e,
408,12l_768d_300m_tokens_9150_steps_c4_en_seed2027_silu_soap,12l_768d_300m_tokens_9150_steps,c4_en,allenai/c4,en,1588ec454efa1a09f29cd18ddd04fe05fc8653a2,true,text,train,validation,0,0,0,0,experiments/cache/tokens_iclr26_main/c4_en,12l_768d,12,768,12,2048,256,16,2,32768,300000000,8000000,9150,50,10,10,2027,silu_soap,silu,soap_adamw,0.0003,0.00003,0.10,200,0.90,0.95,0.00000001,1.0,0.95,5,match_rms_adamw,0.02,silu,identity,256,32,1,250,4,0.0,false,gpt2,607a30d783dfa663caf39e06633721c8d4cfcd7e,--soap-precondition-frequency 50 --no-soap-one-sided
409,12l_768d_300m_tokens_9150_steps_c4_en_seed2027_rlb_soap,12l_768d_300m_tokens_9150_steps,c4_en,allenai/c4,en,1588ec454efa1a09f29cd18ddd04fe05fc8653a2,true,text,train,validation,0,0,0,0,experiments/cache/tokens_iclr26_main/c4_en,12l_768d,12,768,12,2048,256,16,2,32768,300000000,8000000,9150,50,10,10,2027,rlb_soap,rlb_fused_global_rational,soap_adamw,0.0003,0.00003,0.10,200,0.90,0.95,0.00000001,1.0,0.95,5,match_rms_adamw,0.02,silu,identity,256,32,1,250,4,0.0,false,gpt2,607a30d783dfa663caf39e06633721c8d4cfcd7e,--soap-precondition-frequency 50 --no-soap-one-sided
410,12l_768d_300m_tokens_9150_steps_c4_en_seed2027_silu_ademamix,12l_768d_300m_tokens_9150_steps,c4_en,allenai/c4,en,1588ec454efa1a09f29cd18ddd04fe05fc8653a2,true,text,train,validation,0,0,0,0,experiments/cache/tokens_iclr26_main/c4_en,12l_768d,12,768,12,2048,256,16,2,32768,300000000,8000000,9150,50,10,10,2027,silu_ademamix,silu,ademamix,0.0003,0.00003,0.10,200,0.90,0.95,0.00000001,1.0,0.95,5,match_rms_adamw,0.02,silu,identity,256,32,1,250,4,0.0,false,gpt2,607a30d783dfa663caf39e06633721c8d4cfcd7e,--ademamix-alpha 5.0 --ademamix-beta3 0.9999
411,12l_768d_300m_tokens_9150_steps_c4_en_seed2027_rlb_ademamix,12l_768d_300m_tokens_9150_steps,c4_en,allenai/c4,en,1588ec454efa1a09f29cd18ddd04fe05fc8653a2,true,text,train,validation,0,0,0,0,experiments/cache/tokens_iclr26_main/c4_en,12l_768d,12,768,12,2048,256,16,2,32768,300000000,8000000,9150,50,10,10,2027,rlb_ademamix,rlb_fused_global_rational,ademamix,0.0003,0.00003,0.10,200,0.90,0.95,0.00000001,1.0,0.95,5,match_rms_adamw,0.02,silu,identity,256,32,1,250,4,0.0,false,gpt2,607a30d783dfa663caf39e06633721c8d4cfcd7e,--ademamix-alpha 5.0 --ademamix-beta3 0.9999
412,12l_768d_300m_tokens_9150_steps_c4_en_seed2027_silu_came,12l_768d_300m_tokens_9150_steps,c4_en,allenai/c4,en,1588ec454efa1a09f29cd18ddd04fe05fc8653a2,true,text,train,validation,0,0,0,0,experiments/cache/tokens_iclr26_main/c4_en,12l_768d,12,768,12,2048,256,16,2,32768,300000000,8000000,9150,50,10,10,2027,silu_came,silu,adafactor_came,0.0003,0.00003,0.10,200,0.90,0.95,0.00000001,1.0,0.95,5,match_rms_adamw,0.02,silu,identity,256,32,1,250,4,0.0,false,gpt2,607a30d783dfa663caf39e06633721c8d4cfcd7e,--came-confidence-scale 1.0
413,12l_768d_300m_tokens_9150_steps_c4_en_seed2027_rlb_came,12l_768d_300m_tokens_9150_steps,c4_en,allenai/c4,en,1588ec454efa1a09f29cd18ddd04fe05fc8653a2,true,text,train,validation,0,0,0,0,experiments/cache/tokens_iclr26_main/c4_en,12l_768d,12,768,12,2048,256,16,2,32768,300000000,8000000,9150,50,10,10,2027,rlb_came,rlb_fused_global_rational,adafactor_came,0.0003,0.00003,0.10,200,0.90,0.95,0.00000001,1.0,0.95,5,match_rms_adamw,0.02,silu,identity,256,32,1,250,4,0.0,false,gpt2,607a30d783dfa663caf39e06633721c8d4cfcd7e,--came-confidence-scale 1.0
414,12l_768d_300m_tokens_9150_steps_c4_en_seed2027_silu_schedulefree,12l_768d_300m_tokens_9150_steps,c4_en,allenai/c4,en,1588ec454efa1a09f29cd18ddd04fe05fc8653a2,true,text,train,validation,0,0,0,0,experiments/cache/tokens_iclr26_main/c4_en,12l_768d,12,768,12,2048,256,16,2,32768,300000000,8000000,9150,50,10,10,2027,silu_schedulefree,silu,schedule_free_adamw,0.0003,0.00003,0.10,200,0.90,0.95,0.00000001,1.0,0.95,5,match_rms_adamw,0.02,silu,identity,256,32,1,250,4,0.0,false,gpt2,607a30d783dfa663caf39e06633721c8d4cfcd7e,--schedule-free-beta1 0.90 --schedule-free-warmup-steps 0
415,12l_768d_300m_tokens_9150_steps_c4_en_seed2027_rlb_schedulefree,12l_768d_300m_tokens_9150_steps,c4_en,allenai/c4,en,1588ec454efa1a09f29cd18ddd04fe05fc8653a2,true,text,train,validation,0,0,0,0,experiments/cache/tokens_iclr26_main/c4_en,12l_768d,12,768,12,2048,256,16,2,32768,300000000,8000000,9150,50,10,10,2027,rlb_schedulefree,rlb_fused_global_rational,schedule_free_adamw,0.0003,0.00003,0.10,200,0.90,0.95,0.00000001,1.0,0.95,5,match_rms_adamw,0.02,silu,identity,256,32,1,250,4,0.0,false,gpt2,607a30d783dfa663caf39e06633721c8d4cfcd7e,--schedule-free-beta1 0.90 --schedule-free-warmup-steps 0
416,12l_768d_300m_tokens_9150_steps_c4_en_seed3407_silu_adamw,12l_768d_300m_tokens_9150_steps,c4_en,allenai/c4,en,1588ec454efa1a09f29cd18ddd04fe05fc8653a2,true,text,train,validation,0,0,0,0,experiments/cache/tokens_iclr26_main/c4_en,12l_768d,12,768,12,2048,256,16,2,32768,300000000,8000000,9150,50,10,10,3407,silu_adamw,silu,adamw,0.0003,0.00003,0.10,200,0.90,0.95,0.00000001,1.0,0.95,5,match_rms_adamw,0.02,silu,identity,256,32,1,250,4,0.0,false,gpt2,607a30d783dfa663caf39e06633721c8d4cfcd7e,
417,12l_768d_300m_tokens_9150_steps_c4_en_seed3407_rlb_adamw,12l_768d_300m_tokens_9150_steps,c4_en,allenai/c4,en,1588ec454efa1a09f29cd18ddd04fe05fc8653a2,true,text,train,validation,0,0,0,0,experiments/cache/tokens_iclr26_main/c4_en,12l_768d,12,768,12,2048,256,16,2,32768,300000000,8000000,9150,50,10,10,3407,rlb_adamw,rlb_fused_global_rational,adamw,0.0003,0.00003,0.10,200,0.90,0.95,0.00000001,1.0,0.95,5,match_rms_adamw,0.02,silu,identity,256,32,1,250,4,0.0,false,gpt2,607a30d783dfa663caf39e06633721c8d4cfcd7e,
418,12l_768d_300m_tokens_9150_steps_c4_en_seed3407_silu_muon,12l_768d_300m_tokens_9150_steps,c4_en,allenai/c4,en,1588ec454efa1a09f29cd18ddd04fe05fc8653a2,true,text,train,validation,0,0,0,0,experiments/cache/tokens_iclr26_main/c4_en,12l_768d,12,768,12,2048,256,16,2,32768,300000000,8000000,9150,50,10,10,3407,silu_muon,silu,muon,0.0003,0.00003,0.10,200,0.90,0.95,0.00000001,1.0,0.95,5,match_rms_adamw,0.02,silu,identity,256,32,1,250,4,0.0,false,gpt2,607a30d783dfa663caf39e06633721c8d4cfcd7e,--muon-momentum 0.95 --muon-ns-steps 5 --muon-adjust-lr-fn match_rms_adamw
419,12l_768d_300m_tokens_9150_steps_c4_en_seed3407_rlb_muon,12l_768d_300m_tokens_9150_steps,c4_en,allenai/c4,en,1588ec454efa1a09f29cd18ddd04fe05fc8653a2,true,text,train,validation,0,0,0,0,experiments/cache/tokens_iclr26_main/c4_en,12l_768d,12,768,12,2048,256,16,2,32768,300000000,8000000,9150,50,10,10,3407,rlb_muon,rlb_fused_global_rational,muon,0.0003,0.00003,0.10,200,0.90,0.95,0.00000001,1.0,0.95,5,match_rms_adamw,0.02,silu,identity,256,32,1,250,4,0.0,false,gpt2,607a30d783dfa663caf39e06633721c8d4cfcd7e,--muon-momentum 0.95 --muon-ns-steps 5 --muon-adjust-lr-fn match_rms_adamw
420,12l_768d_300m_tokens_9150_steps_c4_en_seed3407_silu_lion,12l_768d_300m_tokens_9150_steps,c4_en,allenai/c4,en,1588ec454efa1a09f29cd18ddd04fe05fc8653a2,true,text,train,validation,0,0,0,0,experiments/cache/tokens_iclr26_main/c4_en,12l_768d,12,768,12,2048,256,16,2,32768,300000000,8000000,9150,50,10,10,3407,silu_lion,silu,lion,0.0001,0.00001,0.10,200,0.90,0.95,0.00000001,1.0,0.95,5,match_rms_adamw,0.02,silu,identity,256,32,1,250,4,0.0,false,gpt2,607a30d783dfa663caf39e06633721c8d4cfcd7e,
421,12l_768d_300m_tokens_9150_steps_c4_en_seed3407_rlb_lion,12l_768d_300m_tokens_9150_steps,c4_en,allenai/c4,en,1588ec454efa1a09f29cd18ddd04fe05fc8653a2,true,text,train,validation,0,0,0,0,experiments/cache/tokens_iclr26_main/c4_en,12l_768d,12,768,12,2048,256,16,2,32768,300000000,8000000,9150,50,10,10,3407,rlb_lion,rlb_fused_global_rational,lion,0.0001,0.00001,0.10,200,0.90,0.95,0.00000001,1.0,0.95,5,match_rms_adamw,0.02,silu,identity,256,32,1,250,4,0.0,false,gpt2,607a30d783dfa663caf39e06633721c8d4cfcd7e,
422,12l_768d_300m_tokens_9150_steps_c4_en_seed3407_silu_soap,12l_768d_300m_tokens_9150_steps,c4_en,allenai/c4,en,1588ec454efa1a09f29cd18ddd04fe05fc8653a2,true,text,train,validation,0,0,0,0,experiments/cache/tokens_iclr26_main/c4_en,12l_768d,12,768,12,2048,256,16,2,32768,300000000,8000000,9150,50,10,10,3407,silu_soap,silu,soap_adamw,0.0003,0.00003,0.10,200,0.90,0.95,0.00000001,1.0,0.95,5,match_rms_adamw,0.02,silu,identity,256,32,1,250,4,0.0,false,gpt2,607a30d783dfa663caf39e06633721c8d4cfcd7e,--soap-precondition-frequency 50 --no-soap-one-sided
423,12l_768d_300m_tokens_9150_steps_c4_en_seed3407_rlb_soap,12l_768d_300m_tokens_9150_steps,c4_en,allenai/c4,en,1588ec454efa1a09f29cd18ddd04fe05fc8653a2,true,text,train,validation,0,0,0,0,experiments/cache/tokens_iclr26_main/c4_en,12l_768d,12,768,12,2048,256,16,2,32768,300000000,8000000,9150,50,10,10,3407,rlb_soap,rlb_fused_global_rational,soap_adamw,0.0003,0.00003,0.10,200,0.90,0.95,0.00000001,1.0,0.95,5,match_rms_adamw,0.02,silu,identity,256,32,1,250,4,0.0,false,gpt2,607a30d783dfa663caf39e06633721c8d4cfcd7e,--soap-precondition-frequency 50 --no-soap-one-sided
424,12l_768d_300m_tokens_9150_steps_c4_en_seed3407_silu_ademamix,12l_768d_300m_tokens_9150_steps,c4_en,allenai/c4,en,1588ec454efa1a09f29cd18ddd04fe05fc8653a2,true,text,train,validation,0,0,0,0,experiments/cache/tokens_iclr26_main/c4_en,12l_768d,12,768,12,2048,256,16,2,32768,300000000,8000000,9150,50,10,10,3407,silu_ademamix,silu,ademamix,0.0003,0.00003,0.10,200,0.90,0.95,0.00000001,1.0,0.95,5,match_rms_adamw,0.02,silu,identity,256,32,1,250,4,0.0,false,gpt2,607a30d783dfa663caf39e06633721c8d4cfcd7e,--ademamix-alpha 5.0 --ademamix-beta3 0.9999
425,12l_768d_300m_tokens_9150_steps_c4_en_seed3407_rlb_ademamix,12l_768d_300m_tokens_9150_steps,c4_en,allenai/c4,en,1588ec454efa1a09f29cd18ddd04fe05fc8653a2,true,text,train,validation,0,0,0,0,experiments/cache/tokens_iclr26_main/c4_en,12l_768d,12,768,12,2048,256,16,2,32768,300000000,8000000,9150,50,10,10,3407,rlb_ademamix,rlb_fused_global_rational,ademamix,0.0003,0.00003,0.10,200,0.90,0.95,0.00000001,1.0,0.95,5,match_rms_adamw,0.02,silu,identity,256,32,1,250,4,0.0,false,gpt2,607a30d783dfa663caf39e06633721c8d4cfcd7e,--ademamix-alpha 5.0 --ademamix-beta3 0.9999
426,12l_768d_300m_tokens_9150_steps_c4_en_seed3407_silu_came,12l_768d_300m_tokens_9150_steps,c4_en,allenai/c4,en,1588ec454efa1a09f29cd18ddd04fe05fc8653a2,true,text,train,validation,0,0,0,0,experiments/cache/tokens_iclr26_main/c4_en,12l_768d,12,768,12,2048,256,16,2,32768,300000000,8000000,9150,50,10,10,3407,silu_came,silu,adafactor_came,0.0003,0.00003,0.10,200,0.90,0.95,0.00000001,1.0,0.95,5,match_rms_adamw,0.02,silu,identity,256,32,1,250,4,0.0,false,gpt2,607a30d783dfa663caf39e06633721c8d4cfcd7e,--came-confidence-scale 1.0
427,12l_768d_300m_tokens_9150_steps_c4_en_seed3407_rlb_came,12l_768d_300m_tokens_9150_steps,c4_en,allenai/c4,en,1588ec454efa1a09f29cd18ddd04fe05fc8653a2,true,text,train,validation,0,0,0,0,experiments/cache/tokens_iclr26_main/c4_en,12l_768d,12,768,12,2048,256,16,2,32768,300000000,8000000,9150,50,10,10,3407,rlb_came,rlb_fused_global_rational,adafactor_came,0.0003,0.00003,0.10,200,0.90,0.95,0.00000001,1.0,0.95,5,match_rms_adamw,0.02,silu,identity,256,32,1,250,4,0.0,false,gpt2,607a30d783dfa663caf39e06633721c8d4cfcd7e,--came-confidence-scale 1.0
428,12l_768d_300m_tokens_9150_steps_c4_en_seed3407_silu_schedulefree,12l_768d_300m_tokens_9150_steps,c4_en,allenai/c4,en,1588ec454efa1a09f29cd18ddd04fe05fc8653a2,true,text,train,validation,0,0,0,0,experiments/cache/tokens_iclr26_main/c4_en,12l_768d,12,768,12,2048,256,16,2,32768,300000000,8000000,9150,50,10,10,3407,silu_schedulefree,silu,schedule_free_adamw,0.0003,0.00003,0.10,200,0.90,0.95,0.00000001,1.0,0.95,5,match_rms_adamw,0.02,silu,identity,256,32,1,250,4,0.0,false,gpt2,607a30d783dfa663caf39e06633721c8d4cfcd7e,--schedule-free-beta1 0.90 --schedule-free-warmup-steps 0
429,12l_768d_300m_tokens_9150_steps_c4_en_seed3407_rlb_schedulefree,12l_768d_300m_tokens_9150_steps,c4_en,allenai/c4,en,1588ec454efa1a09f29cd18ddd04fe05fc8653a2,true,text,train,validation,0,0,0,0,experiments/cache/tokens_iclr26_main/c4_en,12l_768d,12,768,12,2048,256,16,2,32768,300000000,8000000,9150,50,10,10,3407,rlb_schedulefree,rlb_fused_global_rational,schedule_free_adamw,0.0003,0.00003,0.10,200,0.90,0.95,0.00000001,1.0,0.95,5,match_rms_adamw,0.02,silu,identity,256,32,1,250,4,0.0,false,gpt2,607a30d783dfa663caf39e06633721c8d4cfcd7e,--schedule-free-beta1 0.90 --schedule-free-warmup-steps 0
430,18l_1024d_300m_tokens_9150_steps_dclm_seed1337_silu_adamw,18l_1024d_300m_tokens_9150_steps,dclm,mlfoundations/dclm-baseline-1.0,none,a3b142c183aebe5af344955ae20836eb34dcf69b,true,text,train,train,0,0,0,610000000,experiments/cache/tokens_iclr26_main/dclm,18l_1024d,18,1024,16,3072,256,8,4,32768,300000000,8000000,9150,50,10,10,1337,silu_adamw,silu,adamw,0.0003,0.00003,0.10,200,0.90,0.95,0.00000001,1.0,0.95,5,match_rms_adamw,0.02,silu,identity,256,32,0,0,4,0.0,false,gpt2,607a30d783dfa663caf39e06633721c8d4cfcd7e,
431,18l_1024d_300m_tokens_9150_steps_dclm_seed1337_rlb_adamw,18l_1024d_300m_tokens_9150_steps,dclm,mlfoundations/dclm-baseline-1.0,none,a3b142c183aebe5af344955ae20836eb34dcf69b,true,text,train,train,0,0,0,610000000,experiments/cache/tokens_iclr26_main/dclm,18l_1024d,18,1024,16,3072,256,8,4,32768,300000000,8000000,9150,50,10,10,1337,rlb_adamw,rlb_fused_global_rational,adamw,0.0003,0.00003,0.10,200,0.90,0.95,0.00000001,1.0,0.95,5,match_rms_adamw,0.02,silu,identity,256,32,0,0,4,0.0,false,gpt2,607a30d783dfa663caf39e06633721c8d4cfcd7e,
432,18l_1024d_300m_tokens_9150_steps_dclm_seed1337_silu_muon,18l_1024d_300m_tokens_9150_steps,dclm,mlfoundations/dclm-baseline-1.0,none,a3b142c183aebe5af344955ae20836eb34dcf69b,true,text,train,train,0,0,0,610000000,experiments/cache/tokens_iclr26_main/dclm,18l_1024d,18,1024,16,3072,256,8,4,32768,300000000,8000000,9150,50,10,10,1337,silu_muon,silu,muon,0.0003,0.00003,0.10,200,0.90,0.95,0.00000001,1.0,0.95,5,match_rms_adamw,0.02,silu,identity,256,32,0,0,4,0.0,false,gpt2,607a30d783dfa663caf39e06633721c8d4cfcd7e,--muon-momentum 0.95 --muon-ns-steps 5 --muon-adjust-lr-fn match_rms_adamw
433,18l_1024d_300m_tokens_9150_steps_dclm_seed1337_rlb_muon,18l_1024d_300m_tokens_9150_steps,dclm,mlfoundations/dclm-baseline-1.0,none,a3b142c183aebe5af344955ae20836eb34dcf69b,true,text,train,train,0,0,0,610000000,experiments/cache/tokens_iclr26_main/dclm,18l_1024d,18,1024,16,3072,256,8,4,32768,300000000,8000000,9150,50,10,10,1337,rlb_muon,rlb_fused_global_rational,muon,0.0003,0.00003,0.10,200,0.90,0.95,0.00000001,1.0,0.95,5,match_rms_adamw,0.02,silu,identity,256,32,0,0,4,0.0,false,gpt2,607a30d783dfa663caf39e06633721c8d4cfcd7e,--muon-momentum 0.95 --muon-ns-steps 5 --muon-adjust-lr-fn match_rms_adamw
434,18l_1024d_300m_tokens_9150_steps_dclm_seed1337_silu_lion,18l_1024d_300m_tokens_9150_steps,dclm,mlfoundations/dclm-baseline-1.0,none,a3b142c183aebe5af344955ae20836eb34dcf69b,true,text,train,train,0,0,0,610000000,experiments/cache/tokens_iclr26_main/dclm,18l_1024d,18,1024,16,3072,256,8,4,32768,300000000,8000000,9150,50,10,10,1337,silu_lion,silu,lion,0.0001,0.00001,0.10,200,0.90,0.95,0.00000001,1.0,0.95,5,match_rms_adamw,0.02,silu,identity,256,32,0,0,4,0.0,false,gpt2,607a30d783dfa663caf39e06633721c8d4cfcd7e,
435,18l_1024d_300m_tokens_9150_steps_dclm_seed1337_rlb_lion,18l_1024d_300m_tokens_9150_steps,dclm,mlfoundations/dclm-baseline-1.0,none,a3b142c183aebe5af344955ae20836eb34dcf69b,true,text,train,train,0,0,0,610000000,experiments/cache/tokens_iclr26_main/dclm,18l_1024d,18,1024,16,3072,256,8,4,32768,300000000,8000000,9150,50,10,10,1337,rlb_lion,rlb_fused_global_rational,lion,0.0001,0.00001,0.10,200,0.90,0.95,0.00000001,1.0,0.95,5,match_rms_adamw,0.02,silu,identity,256,32,0,0,4,0.0,false,gpt2,607a30d783dfa663caf39e06633721c8d4cfcd7e,
436,18l_1024d_300m_tokens_9150_steps_dclm_seed1337_silu_soap,18l_1024d_300m_tokens_9150_steps,dclm,mlfoundations/dclm-baseline-1.0,none,a3b142c183aebe5af344955ae20836eb34dcf69b,true,text,train,train,0,0,0,610000000,experiments/cache/tokens_iclr26_main/dclm,18l_1024d,18,1024,16,3072,256,8,4,32768,300000000,8000000,9150,50,10,10,1337,silu_soap,silu,soap_adamw,0.0003,0.00003,0.10,200,0.90,0.95,0.00000001,1.0,0.95,5,match_rms_adamw,0.02,silu,identity,256,32,0,0,4,0.0,false,gpt2,607a30d783dfa663caf39e06633721c8d4cfcd7e,--soap-precondition-frequency 50 --no-soap-one-sided
437,18l_1024d_300m_tokens_9150_steps_dclm_seed1337_rlb_soap,18l_1024d_300m_tokens_9150_steps,dclm,mlfoundations/dclm-baseline-1.0,none,a3b142c183aebe5af344955ae20836eb34dcf69b,true,text,train,train,0,0,0,610000000,experiments/cache/tokens_iclr26_main/dclm,18l_1024d,18,1024,16,3072,256,8,4,32768,300000000,8000000,9150,50,10,10,1337,rlb_soap,rlb_fused_global_rational,soap_adamw,0.0003,0.00003,0.10,200,0.90,0.95,0.00000001,1.0,0.95,5,match_rms_adamw,0.02,silu,identity,256,32,0,0,4,0.0,false,gpt2,607a30d783dfa663caf39e06633721c8d4cfcd7e,--soap-precondition-frequency 50 --no-soap-one-sided
438,18l_1024d_300m_tokens_9150_steps_dclm_seed1337_silu_ademamix,18l_1024d_300m_tokens_9150_steps,dclm,mlfoundations/dclm-baseline-1.0,none,a3b142c183aebe5af344955ae20836eb34dcf69b,true,text,train,train,0,0,0,610000000,experiments/cache/tokens_iclr26_main/dclm,18l_1024d,18,1024,16,3072,256,8,4,32768,300000000,8000000,9150,50,10,10,1337,silu_ademamix,silu,ademamix,0.0003,0.00003,0.10,200,0.90,0.95,0.00000001,1.0,0.95,5,match_rms_adamw,0.02,silu,identity,256,32,0,0,4,0.0,false,gpt2,607a30d783dfa663caf39e06633721c8d4cfcd7e,--ademamix-alpha 5.0 --ademamix-beta3 0.9999
439,18l_1024d_300m_tokens_9150_steps_dclm_seed1337_rlb_ademamix,18l_1024d_300m_tokens_9150_steps,dclm,mlfoundations/dclm-baseline-1.0,none,a3b142c183aebe5af344955ae20836eb34dcf69b,true,text,train,train,0,0,0,610000000,experiments/cache/tokens_iclr26_main/dclm,18l_1024d,18,1024,16,3072,256,8,4,32768,300000000,8000000,9150,50,10,10,1337,rlb_ademamix,rlb_fused_global_rational,ademamix,0.0003,0.00003,0.10,200,0.90,0.95,0.00000001,1.0,0.95,5,match_rms_adamw,0.02,silu,identity,256,32,0,0,4,0.0,false,gpt2,607a30d783dfa663caf39e06633721c8d4cfcd7e,--ademamix-alpha 5.0 --ademamix-beta3 0.9999
440,18l_1024d_300m_tokens_9150_steps_dclm_seed1337_silu_came,18l_1024d_300m_tokens_9150_steps,dclm,mlfoundations/dclm-baseline-1.0,none,a3b142c183aebe5af344955ae20836eb34dcf69b,true,text,train,train,0,0,0,610000000,experiments/cache/tokens_iclr26_main/dclm,18l_1024d,18,1024,16,3072,256,8,4,32768,300000000,8000000,9150,50,10,10,1337,silu_came,silu,adafactor_came,0.0003,0.00003,0.10,200,0.90,0.95,0.00000001,1.0,0.95,5,match_rms_adamw,0.02,silu,identity,256,32,0,0,4,0.0,false,gpt2,607a30d783dfa663caf39e06633721c8d4cfcd7e,--came-confidence-scale 1.0
441,18l_1024d_300m_tokens_9150_steps_dclm_seed1337_rlb_came,18l_1024d_300m_tokens_9150_steps,dclm,mlfoundations/dclm-baseline-1.0,none,a3b142c183aebe5af344955ae20836eb34dcf69b,true,text,train,train,0,0,0,610000000,experiments/cache/tokens_iclr26_main/dclm,18l_1024d,18,1024,16,3072,256,8,4,32768,300000000,8000000,9150,50,10,10,1337,rlb_came,rlb_fused_global_rational,adafactor_came,0.0003,0.00003,0.10,200,0.90,0.95,0.00000001,1.0,0.95,5,match_rms_adamw,0.02,silu,identity,256,32,0,0,4,0.0,false,gpt2,607a30d783dfa663caf39e06633721c8d4cfcd7e,--came-confidence-scale 1.0
442,18l_1024d_300m_tokens_9150_steps_dclm_seed1337_silu_schedulefree,18l_1024d_300m_tokens_9150_steps,dclm,mlfoundations/dclm-baseline-1.0,none,a3b142c183aebe5af344955ae20836eb34dcf69b,true,text,train,train,0,0,0,610000000,experiments/cache/tokens_iclr26_main/dclm,18l_1024d,18,1024,16,3072,256,8,4,32768,300000000,8000000,9150,50,10,10,1337,silu_schedulefree,silu,schedule_free_adamw,0.0003,0.00003,0.10,200,0.90,0.95,0.00000001,1.0,0.95,5,match_rms_adamw,0.02,silu,identity,256,32,0,0,4,0.0,false,gpt2,607a30d783dfa663caf39e06633721c8d4cfcd7e,--schedule-free-beta1 0.90 --schedule-free-warmup-steps 0
443,18l_1024d_300m_tokens_9150_steps_dclm_seed1337_rlb_schedulefree,18l_1024d_300m_tokens_9150_steps,dclm,mlfoundations/dclm-baseline-1.0,none,a3b142c183aebe5af344955ae20836eb34dcf69b,true,text,train,train,0,0,0,610000000,experiments/cache/tokens_iclr26_main/dclm,18l_1024d,18,1024,16,3072,256,8,4,32768,300000000,8000000,9150,50,10,10,1337,rlb_schedulefree,rlb_fused_global_rational,schedule_free_adamw,0.0003,0.00003,0.10,200,0.90,0.95,0.00000001,1.0,0.95,5,match_rms_adamw,0.02,silu,identity,256,32,0,0,4,0.0,false,gpt2,607a30d783dfa663caf39e06633721c8d4cfcd7e,--schedule-free-beta1 0.90 --schedule-free-warmup-steps 0
444,18l_1024d_300m_tokens_9150_steps_dclm_seed2027_silu_adamw,18l_1024d_300m_tokens_9150_steps,dclm,mlfoundations/dclm-baseline-1.0,none,a3b142c183aebe5af344955ae20836eb34dcf69b,true,text,train,train,0,0,0,610000000,experiments/cache/tokens_iclr26_main/dclm,18l_1024d,18,1024,16,3072,256,8,4,32768,300000000,8000000,9150,50,10,10,2027,silu_adamw,silu,adamw,0.0003,0.00003,0.10,200,0.90,0.95,0.00000001,1.0,0.95,5,match_rms_adamw,0.02,silu,identity,256,32,0,0,4,0.0,false,gpt2,607a30d783dfa663caf39e06633721c8d4cfcd7e,
445,18l_1024d_300m_tokens_9150_steps_dclm_seed2027_rlb_adamw,18l_1024d_300m_tokens_9150_steps,dclm,mlfoundations/dclm-baseline-1.0,none,a3b142c183aebe5af344955ae20836eb34dcf69b,true,text,train,train,0,0,0,610000000,experiments/cache/tokens_iclr26_main/dclm,18l_1024d,18,1024,16,3072,256,8,4,32768,300000000,8000000,9150,50,10,10,2027,rlb_adamw,rlb_fused_global_rational,adamw,0.0003,0.00003,0.10,200,0.90,0.95,0.00000001,1.0,0.95,5,match_rms_adamw,0.02,silu,identity,256,32,0,0,4,0.0,false,gpt2,607a30d783dfa663caf39e06633721c8d4cfcd7e,
446,18l_1024d_300m_tokens_9150_steps_dclm_seed2027_silu_muon,18l_1024d_300m_tokens_9150_steps,dclm,mlfoundations/dclm-baseline-1.0,none,a3b142c183aebe5af344955ae20836eb34dcf69b,true,text,train,train,0,0,0,610000000,experiments/cache/tokens_iclr26_main/dclm,18l_1024d,18,1024,16,3072,256,8,4,32768,300000000,8000000,9150,50,10,10,2027,silu_muon,silu,muon,0.0003,0.00003,0.10,200,0.90,0.95,0.00000001,1.0,0.95,5,match_rms_adamw,0.02,silu,identity,256,32,0,0,4,0.0,false,gpt2,607a30d783dfa663caf39e06633721c8d4cfcd7e,--muon-momentum 0.95 --muon-ns-steps 5 --muon-adjust-lr-fn match_rms_adamw
447,18l_1024d_300m_tokens_9150_steps_dclm_seed2027_rlb_muon,18l_1024d_300m_tokens_9150_steps,dclm,mlfoundations/dclm-baseline-1.0,none,a3b142c183aebe5af344955ae20836eb34dcf69b,true,text,train,train,0,0,0,610000000,experiments/cache/tokens_iclr26_main/dclm,18l_1024d,18,1024,16,3072,256,8,4,32768,300000000,8000000,9150,50,10,10,2027,rlb_muon,rlb_fused_global_rational,muon,0.0003,0.00003,0.10,200,0.90,0.95,0.00000001,1.0,0.95,5,match_rms_adamw,0.02,silu,identity,256,32,0,0,4,0.0,false,gpt2,607a30d783dfa663caf39e06633721c8d4cfcd7e,--muon-momentum 0.95 --muon-ns-steps 5 --muon-adjust-lr-fn match_rms_adamw
448,18l_1024d_300m_tokens_9150_steps_dclm_seed2027_silu_lion,18l_1024d_300m_tokens_9150_steps,dclm,mlfoundations/dclm-baseline-1.0,none,a3b142c183aebe5af344955ae20836eb34dcf69b,true,text,train,train,0,0,0,610000000,experiments/cache/tokens_iclr26_main/dclm,18l_1024d,18,1024,16,3072,256,8,4,32768,300000000,8000000,9150,50,10,10,2027,silu_lion,silu,lion,0.0001,0.00001,0.10,200,0.90,0.95,0.00000001,1.0,0.95,5,match_rms_adamw,0.02,silu,identity,256,32,0,0,4,0.0,false,gpt2,607a30d783dfa663caf39e06633721c8d4cfcd7e,
449,18l_1024d_300m_tokens_9150_steps_dclm_seed2027_rlb_lion,18l_1024d_300m_tokens_9150_steps,dclm,mlfoundations/dclm-baseline-1.0,none,a3b142c183aebe5af344955ae20836eb34dcf69b,true,text,train,train,0,0,0,610000000,experiments/cache/tokens_iclr26_main/dclm,18l_1024d,18,1024,16,3072,256,8,4,32768,300000000,8000000,9150,50,10,10,2027,rlb_lion,rlb_fused_global_rational,lion,0.0001,0.00001,0.10,200,0.90,0.95,0.00000001,1.0,0.95,5,match_rms_adamw,0.02,silu,identity,256,32,0,0,4,0.0,false,gpt2,607a30d783dfa663caf39e06633721c8d4cfcd7e,
450,18l_1024d_300m_tokens_9150_steps_dclm_seed2027_silu_soap,18l_1024d_300m_tokens_9150_steps,dclm,mlfoundations/dclm-baseline-1.0,none,a3b142c183aebe5af344955ae20836eb34dcf69b,true,text,train,train,0,0,0,610000000,experiments/cache/tokens_iclr26_main/dclm,18l_1024d,18,1024,16,3072,256,8,4,32768,300000000,8000000,9150,50,10,10,2027,silu_soap,silu,soap_adamw,0.0003,0.00003,0.10,200,0.90,0.95,0.00000001,1.0,0.95,5,match_rms_adamw,0.02,silu,identity,256,32,0,0,4,0.0,false,gpt2,607a30d783dfa663caf39e06633721c8d4cfcd7e,--soap-precondition-frequency 50 --no-soap-one-sided
451,18l_1024d_300m_tokens_9150_steps_dclm_seed2027_rlb_soap,18l_1024d_300m_tokens_9150_steps,dclm,mlfoundations/dclm-baseline-1.0,none,a3b142c183aebe5af344955ae20836eb34dcf69b,true,text,train,train,0,0,0,610000000,experiments/cache/tokens_iclr26_main/dclm,18l_1024d,18,1024,16,3072,256,8,4,32768,300000000,8000000,9150,50,10,10,2027,rlb_soap,rlb_fused_global_rational,soap_adamw,0.0003,0.00003,0.10,200,0.90,0.95,0.00000001,1.0,0.95,5,match_rms_adamw,0.02,silu,identity,256,32,0,0,4,0.0,false,gpt2,607a30d783dfa663caf39e06633721c8d4cfcd7e,--soap-precondition-frequency 50 --no-soap-one-sided
452,18l_1024d_300m_tokens_9150_steps_dclm_seed2027_silu_ademamix,18l_1024d_300m_tokens_9150_steps,dclm,mlfoundations/dclm-baseline-1.0,none,a3b142c183aebe5af344955ae20836eb34dcf69b,true,text,train,train,0,0,0,610000000,experiments/cache/tokens_iclr26_main/dclm,18l_1024d,18,1024,16,3072,256,8,4,32768,300000000,8000000,9150,50,10,10,2027,silu_ademamix,silu,ademamix,0.0003,0.00003,0.10,200,0.90,0.95,0.00000001,1.0,0.95,5,match_rms_adamw,0.02,silu,identity,256,32,0,0,4,0.0,false,gpt2,607a30d783dfa663caf39e06633721c8d4cfcd7e,--ademamix-alpha 5.0 --ademamix-beta3 0.9999
453,18l_1024d_300m_tokens_9150_steps_dclm_seed2027_rlb_ademamix,18l_1024d_300m_tokens_9150_steps,dclm,mlfoundations/dclm-baseline-1.0,none,a3b142c183aebe5af344955ae20836eb34dcf69b,true,text,train,train,0,0,0,610000000,experiments/cache/tokens_iclr26_main/dclm,18l_1024d,18,1024,16,3072,256,8,4,32768,300000000,8000000,9150,50,10,10,2027,rlb_ademamix,rlb_fused_global_rational,ademamix,0.0003,0.00003,0.10,200,0.90,0.95,0.00000001,1.0,0.95,5,match_rms_adamw,0.02,silu,identity,256,32,0,0,4,0.0,false,gpt2,607a30d783dfa663caf39e06633721c8d4cfcd7e,--ademamix-alpha 5.0 --ademamix-beta3 0.9999
454,18l_1024d_300m_tokens_9150_steps_dclm_seed2027_silu_came,18l_1024d_300m_tokens_9150_steps,dclm,mlfoundations/dclm-baseline-1.0,none,a3b142c183aebe5af344955ae20836eb34dcf69b,true,text,train,train,0,0,0,610000000,experiments/cache/tokens_iclr26_main/dclm,18l_1024d,18,1024,16,3072,256,8,4,32768,300000000,8000000,9150,50,10,10,2027,silu_came,silu,adafactor_came,0.0003,0.00003,0.10,200,0.90,0.95,0.00000001,1.0,0.95,5,match_rms_adamw,0.02,silu,identity,256,32,0,0,4,0.0,false,gpt2,607a30d783dfa663caf39e06633721c8d4cfcd7e,--came-confidence-scale 1.0
455,18l_1024d_300m_tokens_9150_steps_dclm_seed2027_rlb_came,18l_1024d_300m_tokens_9150_steps,dclm,mlfoundations/dclm-baseline-1.0,none,a3b142c183aebe5af344955ae20836eb34dcf69b,true,text,train,train,0,0,0,610000000,experiments/cache/tokens_iclr26_main/dclm,18l_1024d,18,1024,16,3072,256,8,4,32768,300000000,8000000,9150,50,10,10,2027,rlb_came,rlb_fused_global_rational,adafactor_came,0.0003,0.00003,0.10,200,0.90,0.95,0.00000001,1.0,0.95,5,match_rms_adamw,0.02,silu,identity,256,32,0,0,4,0.0,false,gpt2,607a30d783dfa663caf39e06633721c8d4cfcd7e,--came-confidence-scale 1.0
456,18l_1024d_300m_tokens_9150_steps_dclm_seed2027_silu_schedulefree,18l_1024d_300m_tokens_9150_steps,dclm,mlfoundations/dclm-baseline-1.0,none,a3b142c183aebe5af344955ae20836eb34dcf69b,true,text,train,train,0,0,0,610000000,experiments/cache/tokens_iclr26_main/dclm,18l_1024d,18,1024,16,3072,256,8,4,32768,300000000,8000000,9150,50,10,10,2027,silu_schedulefree,silu,schedule_free_adamw,0.0003,0.00003,0.10,200,0.90,0.95,0.00000001,1.0,0.95,5,match_rms_adamw,0.02,silu,identity,256,32,0,0,4,0.0,false,gpt2,607a30d783dfa663caf39e06633721c8d4cfcd7e,--schedule-free-beta1 0.90 --schedule-free-warmup-steps 0
457,18l_1024d_300m_tokens_9150_steps_dclm_seed2027_rlb_schedulefree,18l_1024d_300m_tokens_9150_steps,dclm,mlfoundations/dclm-baseline-1.0,none,a3b142c183aebe5af344955ae20836eb34dcf69b,true,text,train,train,0,0,0,610000000,experiments/cache/tokens_iclr26_main/dclm,18l_1024d,18,1024,16,3072,256,8,4,32768,300000000,8000000,9150,50,10,10,2027,rlb_schedulefree,rlb_fused_global_rational,schedule_free_adamw,0.0003,0.00003,0.10,200,0.90,0.95,0.00000001,1.0,0.95,5,match_rms_adamw,0.02,silu,identity,256,32,0,0,4,0.0,false,gpt2,607a30d783dfa663caf39e06633721c8d4cfcd7e,--schedule-free-beta1 0.90 --schedule-free-warmup-steps 0
458,18l_1024d_300m_tokens_9150_steps_dclm_seed3407_silu_adamw,18l_1024d_300m_tokens_9150_steps,dclm,mlfoundations/dclm-baseline-1.0,none,a3b142c183aebe5af344955ae20836eb34dcf69b,true,text,train,train,0,0,0,610000000,experiments/cache/tokens_iclr26_main/dclm,18l_1024d,18,1024,16,3072,256,8,4,32768,300000000,8000000,9150,50,10,10,3407,silu_adamw,silu,adamw,0.0003,0.00003,0.10,200,0.90,0.95,0.00000001,1.0,0.95,5,match_rms_adamw,0.02,silu,identity,256,32,0,0,4,0.0,false,gpt2,607a30d783dfa663caf39e06633721c8d4cfcd7e,
459,18l_1024d_300m_tokens_9150_steps_dclm_seed3407_rlb_adamw,18l_1024d_300m_tokens_9150_steps,dclm,mlfoundations/dclm-baseline-1.0,none,a3b142c183aebe5af344955ae20836eb34dcf69b,true,text,train,train,0,0,0,610000000,experiments/cache/tokens_iclr26_main/dclm,18l_1024d,18,1024,16,3072,256,8,4,32768,300000000,8000000,9150,50,10,10,3407,rlb_adamw,rlb_fused_global_rational,adamw,0.0003,0.00003,0.10,200,0.90,0.95,0.00000001,1.0,0.95,5,match_rms_adamw,0.02,silu,identity,256,32,0,0,4,0.0,false,gpt2,607a30d783dfa663caf39e06633721c8d4cfcd7e,
460,18l_1024d_300m_tokens_9150_steps_dclm_seed3407_silu_muon,18l_1024d_300m_tokens_9150_steps,dclm,mlfoundations/dclm-baseline-1.0,none,a3b142c183aebe5af344955ae20836eb34dcf69b,true,text,train,train,0,0,0,610000000,experiments/cache/tokens_iclr26_main/dclm,18l_1024d,18,1024,16,3072,256,8,4,32768,300000000,8000000,9150,50,10,10,3407,silu_muon,silu,muon,0.0003,0.00003,0.10,200,0.90,0.95,0.00000001,1.0,0.95,5,match_rms_adamw,0.02,silu,identity,256,32,0,0,4,0.0,false,gpt2,607a30d783dfa663caf39e06633721c8d4cfcd7e,--muon-momentum 0.95 --muon-ns-steps 5 --muon-adjust-lr-fn match_rms_adamw
461,18l_1024d_300m_tokens_9150_steps_dclm_seed3407_rlb_muon,18l_1024d_300m_tokens_9150_steps,dclm,mlfoundations/dclm-baseline-1.0,none,a3b142c183aebe5af344955ae20836eb34dcf69b,true,text,train,train,0,0,0,610000000,experiments/cache/tokens_iclr26_main/dclm,18l_1024d,18,1024,16,3072,256,8,4,32768,300000000,8000000,9150,50,10,10,3407,rlb_muon,rlb_fused_global_rational,muon,0.0003,0.00003,0.10,200,0.90,0.95,0.00000001,1.0,0.95,5,match_rms_adamw,0.02,silu,identity,256,32,0,0,4,0.0,false,gpt2,607a30d783dfa663caf39e06633721c8d4cfcd7e,--muon-momentum 0.95 --muon-ns-steps 5 --muon-adjust-lr-fn match_rms_adamw
462,18l_1024d_300m_tokens_9150_steps_dclm_seed3407_silu_lion,18l_1024d_300m_tokens_9150_steps,dclm,mlfoundations/dclm-baseline-1.0,none,a3b142c183aebe5af344955ae20836eb34dcf69b,true,text,train,train,0,0,0,610000000,experiments/cache/tokens_iclr26_main/dclm,18l_1024d,18,1024,16,3072,256,8,4,32768,300000000,8000000,9150,50,10,10,3407,silu_lion,silu,lion,0.0001,0.00001,0.10,200,0.90,0.95,0.00000001,1.0,0.95,5,match_rms_adamw,0.02,silu,identity,256,32,0,0,4,0.0,false,gpt2,607a30d783dfa663caf39e06633721c8d4cfcd7e,
463,18l_1024d_300m_tokens_9150_steps_dclm_seed3407_rlb_lion,18l_1024d_300m_tokens_9150_steps,dclm,mlfoundations/dclm-baseline-1.0,none,a3b142c183aebe5af344955ae20836eb34dcf69b,true,text,train,train,0,0,0,610000000,experiments/cache/tokens_iclr26_main/dclm,18l_1024d,18,1024,16,3072,256,8,4,32768,300000000,8000000,9150,50,10,10,3407,rlb_lion,rlb_fused_global_rational,lion,0.0001,0.00001,0.10,200,0.90,0.95,0.00000001,1.0,0.95,5,match_rms_adamw,0.02,silu,identity,256,32,0,0,4,0.0,false,gpt2,607a30d783dfa663caf39e06633721c8d4cfcd7e,
464,18l_1024d_300m_tokens_9150_steps_dclm_seed3407_silu_soap,18l_1024d_300m_tokens_9150_steps,dclm,mlfoundations/dclm-baseline-1.0,none,a3b142c183aebe5af344955ae20836eb34dcf69b,true,text,train,train,0,0,0,610000000,experiments/cache/tokens_iclr26_main/dclm,18l_1024d,18,1024,16,3072,256,8,4,32768,300000000,8000000,9150,50,10,10,3407,silu_soap,silu,soap_adamw,0.0003,0.00003,0.10,200,0.90,0.95,0.00000001,1.0,0.95,5,match_rms_adamw,0.02,silu,identity,256,32,0,0,4,0.0,false,gpt2,607a30d783dfa663caf39e06633721c8d4cfcd7e,--soap-precondition-frequency 50 --no-soap-one-sided
465,18l_1024d_300m_tokens_9150_steps_dclm_seed3407_rlb_soap,18l_1024d_300m_tokens_9150_steps,dclm,mlfoundations/dclm-baseline-1.0,none,a3b142c183aebe5af344955ae20836eb34dcf69b,true,text,train,train,0,0,0,610000000,experiments/cache/tokens_iclr26_main/dclm,18l_1024d,18,1024,16,3072,256,8,4,32768,300000000,8000000,9150,50,10,10,3407,rlb_soap,rlb_fused_global_rational,soap_adamw,0.0003,0.00003,0.10,200,0.90,0.95,0.00000001,1.0,0.95,5,match_rms_adamw,0.02,silu,identity,256,32,0,0,4,0.0,false,gpt2,607a30d783dfa663caf39e06633721c8d4cfcd7e,--soap-precondition-frequency 50 --no-soap-one-sided
466,18l_1024d_300m_tokens_9150_steps_dclm_seed3407_silu_ademamix,18l_1024d_300m_tokens_9150_steps,dclm,mlfoundations/dclm-baseline-1.0,none,a3b142c183aebe5af344955ae20836eb34dcf69b,true,text,train,train,0,0,0,610000000,experiments/cache/tokens_iclr26_main/dclm,18l_1024d,18,1024,16,3072,256,8,4,32768,300000000,8000000,9150,50,10,10,3407,silu_ademamix,silu,ademamix,0.0003,0.00003,0.10,200,0.90,0.95,0.00000001,1.0,0.95,5,match_rms_adamw,0.02,silu,identity,256,32,0,0,4,0.0,false,gpt2,607a30d783dfa663caf39e06633721c8d4cfcd7e,--ademamix-alpha 5.0 --ademamix-beta3 0.9999
467,18l_1024d_300m_tokens_9150_steps_dclm_seed3407_rlb_ademamix,18l_1024d_300m_tokens_9150_steps,dclm,mlfoundations/dclm-baseline-1.0,none,a3b142c183aebe5af344955ae20836eb34dcf69b,true,text,train,train,0,0,0,610000000,experiments/cache/tokens_iclr26_main/dclm,18l_1024d,18,1024,16,3072,256,8,4,32768,300000000,8000000,9150,50,10,10,3407,rlb_ademamix,rlb_fused_global_rational,ademamix,0.0003,0.00003,0.10,200,0.90,0.95,0.00000001,1.0,0.95,5,match_rms_adamw,0.02,silu,identity,256,32,0,0,4,0.0,false,gpt2,607a30d783dfa663caf39e06633721c8d4cfcd7e,--ademamix-alpha 5.0 --ademamix-beta3 0.9999
468,18l_1024d_300m_tokens_9150_steps_dclm_seed3407_silu_came,18l_1024d_300m_tokens_9150_steps,dclm,mlfoundations/dclm-baseline-1.0,none,a3b142c183aebe5af344955ae20836eb34dcf69b,true,text,train,train,0,0,0,610000000,experiments/cache/tokens_iclr26_main/dclm,18l_1024d,18,1024,16,3072,256,8,4,32768,300000000,8000000,9150,50,10,10,3407,silu_came,silu,adafactor_came,0.0003,0.00003,0.10,200,0.90,0.95,0.00000001,1.0,0.95,5,match_rms_adamw,0.02,silu,identity,256,32,0,0,4,0.0,false,gpt2,607a30d783dfa663caf39e06633721c8d4cfcd7e,--came-confidence-scale 1.0
469,18l_1024d_300m_tokens_9150_steps_dclm_seed3407_rlb_came,18l_1024d_300m_tokens_9150_steps,dclm,mlfoundations/dclm-baseline-1.0,none,a3b142c183aebe5af344955ae20836eb34dcf69b,true,text,train,train,0,0,0,610000000,experiments/cache/tokens_iclr26_main/dclm,18l_1024d,18,1024,16,3072,256,8,4,32768,300000000,8000000,9150,50,10,10,3407,rlb_came,rlb_fused_global_rational,adafactor_came,0.0003,0.00003,0.10,200,0.90,0.95,0.00000001,1.0,0.95,5,match_rms_adamw,0.02,silu,identity,256,32,0,0,4,0.0,false,gpt2,607a30d783dfa663caf39e06633721c8d4cfcd7e,--came-confidence-scale 1.0
470,18l_1024d_300m_tokens_9150_steps_dclm_seed3407_silu_schedulefree,18l_1024d_300m_tokens_9150_steps,dclm,mlfoundations/dclm-baseline-1.0,none,a3b142c183aebe5af344955ae20836eb34dcf69b,true,text,train,train,0,0,0,610000000,experiments/cache/tokens_iclr26_main/dclm,18l_1024d,18,1024,16,3072,256,8,4,32768,300000000,8000000,9150,50,10,10,3407,silu_schedulefree,silu,schedule_free_adamw,0.0003,0.00003,0.10,200,0.90,0.95,0.00000001,1.0,0.95,5,match_rms_adamw,0.02,silu,identity,256,32,0,0,4,0.0,false,gpt2,607a30d783dfa663caf39e06633721c8d4cfcd7e,--schedule-free-beta1 0.90 --schedule-free-warmup-steps 0
471,18l_1024d_300m_tokens_9150_steps_dclm_seed3407_rlb_schedulefree,18l_1024d_300m_tokens_9150_steps,dclm,mlfoundations/dclm-baseline-1.0,none,a3b142c183aebe5af344955ae20836eb34dcf69b,true,text,train,train,0,0,0,610000000,experiments/cache/tokens_iclr26_main/dclm,18l_1024d,18,1024,16,3072,256,8,4,32768,300000000,8000000,9150,50,10,10,3407,rlb_schedulefree,rlb_fused_global_rational,schedule_free_adamw,0.0003,0.00003,0.10,200,0.90,0.95,0.00000001,1.0,0.95,5,match_rms_adamw,0.02,silu,identity,256,32,0,0,4,0.0,false,gpt2,607a30d783dfa663caf39e06633721c8d4cfcd7e,--schedule-free-beta1 0.90 --schedule-free-warmup-steps 0
472,18l_1024d_300m_tokens_9150_steps_fineweb_edu_seed1337_silu_adamw,18l_1024d_300m_tokens_9150_steps,fineweb_edu,HuggingFaceFW/fineweb-edu,sample-10BT,87f09149ef4734204d70ed1d046ddc9ca3f2b8f9,true,text,train,train,0,0,0,610000000,experiments/cache/tokens_iclr26_main/fineweb_edu,18l_1024d,18,1024,16,3072,256,8,4,32768,300000000,8000000,9150,50,10,10,1337,silu_adamw,silu,adamw,0.0003,0.00003,0.10,200,0.90,0.95,0.00000001,1.0,0.95,5,match_rms_adamw,0.02,silu,identity,256,32,0,0,4,0.0,false,gpt2,607a30d783dfa663caf39e06633721c8d4cfcd7e,
473,18l_1024d_300m_tokens_9150_steps_fineweb_edu_seed1337_rlb_adamw,18l_1024d_300m_tokens_9150_steps,fineweb_edu,HuggingFaceFW/fineweb-edu,sample-10BT,87f09149ef4734204d70ed1d046ddc9ca3f2b8f9,true,text,train,train,0,0,0,610000000,experiments/cache/tokens_iclr26_main/fineweb_edu,18l_1024d,18,1024,16,3072,256,8,4,32768,300000000,8000000,9150,50,10,10,1337,rlb_adamw,rlb_fused_global_rational,adamw,0.0003,0.00003,0.10,200,0.90,0.95,0.00000001,1.0,0.95,5,match_rms_adamw,0.02,silu,identity,256,32,0,0,4,0.0,false,gpt2,607a30d783dfa663caf39e06633721c8d4cfcd7e,
474,18l_1024d_300m_tokens_9150_steps_fineweb_edu_seed1337_silu_muon,18l_1024d_300m_tokens_9150_steps,fineweb_edu,HuggingFaceFW/fineweb-edu,sample-10BT,87f09149ef4734204d70ed1d046ddc9ca3f2b8f9,true,text,train,train,0,0,0,610000000,experiments/cache/tokens_iclr26_main/fineweb_edu,18l_1024d,18,1024,16,3072,256,8,4,32768,300000000,8000000,9150,50,10,10,1337,silu_muon,silu,muon,0.0003,0.00003,0.10,200,0.90,0.95,0.00000001,1.0,0.95,5,match_rms_adamw,0.02,silu,identity,256,32,0,0,4,0.0,false,gpt2,607a30d783dfa663caf39e06633721c8d4cfcd7e,--muon-momentum 0.95 --muon-ns-steps 5 --muon-adjust-lr-fn match_rms_adamw
475,18l_1024d_300m_tokens_9150_steps_fineweb_edu_seed1337_rlb_muon,18l_1024d_300m_tokens_9150_steps,fineweb_edu,HuggingFaceFW/fineweb-edu,sample-10BT,87f09149ef4734204d70ed1d046ddc9ca3f2b8f9,true,text,train,train,0,0,0,610000000,experiments/cache/tokens_iclr26_main/fineweb_edu,18l_1024d,18,1024,16,3072,256,8,4,32768,300000000,8000000,9150,50,10,10,1337,rlb_muon,rlb_fused_global_rational,muon,0.0003,0.00003,0.10,200,0.90,0.95,0.00000001,1.0,0.95,5,match_rms_adamw,0.02,silu,identity,256,32,0,0,4,0.0,false,gpt2,607a30d783dfa663caf39e06633721c8d4cfcd7e,--muon-momentum 0.95 --muon-ns-steps 5 --muon-adjust-lr-fn match_rms_adamw
476,18l_1024d_300m_tokens_9150_steps_fineweb_edu_seed1337_silu_lion,18l_1024d_300m_tokens_9150_steps,fineweb_edu,HuggingFaceFW/fineweb-edu,sample-10BT,87f09149ef4734204d70ed1d046ddc9ca3f2b8f9,true,text,train,train,0,0,0,610000000,experiments/cache/tokens_iclr26_main/fineweb_edu,18l_1024d,18,1024,16,3072,256,8,4,32768,300000000,8000000,9150,50,10,10,1337,silu_lion,silu,lion,0.0001,0.00001,0.10,200,0.90,0.95,0.00000001,1.0,0.95,5,match_rms_adamw,0.02,silu,identity,256,32,0,0,4,0.0,false,gpt2,607a30d783dfa663caf39e06633721c8d4cfcd7e,
477,18l_1024d_300m_tokens_9150_steps_fineweb_edu_seed1337_rlb_lion,18l_1024d_300m_tokens_9150_steps,fineweb_edu,HuggingFaceFW/fineweb-edu,sample-10BT,87f09149ef4734204d70ed1d046ddc9ca3f2b8f9,true,text,train,train,0,0,0,610000000,experiments/cache/tokens_iclr26_main/fineweb_edu,18l_1024d,18,1024,16,3072,256,8,4,32768,300000000,8000000,9150,50,10,10,1337,rlb_lion,rlb_fused_global_rational,lion,0.0001,0.00001,0.10,200,0.90,0.95,0.00000001,1.0,0.95,5,match_rms_adamw,0.02,silu,identity,256,32,0,0,4,0.0,false,gpt2,607a30d783dfa663caf39e06633721c8d4cfcd7e,
478,18l_1024d_300m_tokens_9150_steps_fineweb_edu_seed1337_silu_soap,18l_1024d_300m_tokens_9150_steps,fineweb_edu,HuggingFaceFW/fineweb-edu,sample-10BT,87f09149ef4734204d70ed1d046ddc9ca3f2b8f9,true,text,train,train,0,0,0,610000000,experiments/cache/tokens_iclr26_main/fineweb_edu,18l_1024d,18,1024,16,3072,256,8,4,32768,300000000,8000000,9150,50,10,10,1337,silu_soap,silu,soap_adamw,0.0003,0.00003,0.10,200,0.90,0.95,0.00000001,1.0,0.95,5,match_rms_adamw,0.02,silu,identity,256,32,0,0,4,0.0,false,gpt2,607a30d783dfa663caf39e06633721c8d4cfcd7e,--soap-precondition-frequency 50 --no-soap-one-sided
479,18l_1024d_300m_tokens_9150_steps_fineweb_edu_seed1337_rlb_soap,18l_1024d_300m_tokens_9150_steps,fineweb_edu,HuggingFaceFW/fineweb-edu,sample-10BT,87f09149ef4734204d70ed1d046ddc9ca3f2b8f9,true,text,train,train,0,0,0,610000000,experiments/cache/tokens_iclr26_main/fineweb_edu,18l_1024d,18,1024,16,3072,256,8,4,32768,300000000,8000000,9150,50,10,10,1337,rlb_soap,rlb_fused_global_rational,soap_adamw,0.0003,0.00003,0.10,200,0.90,0.95,0.00000001,1.0,0.95,5,match_rms_adamw,0.02,silu,identity,256,32,0,0,4,0.0,false,gpt2,607a30d783dfa663caf39e06633721c8d4cfcd7e,--soap-precondition-frequency 50 --no-soap-one-sided
480,18l_1024d_300m_tokens_9150_steps_fineweb_edu_seed1337_silu_ademamix,18l_1024d_300m_tokens_9150_steps,fineweb_edu,HuggingFaceFW/fineweb-edu,sample-10BT,87f09149ef4734204d70ed1d046ddc9ca3f2b8f9,true,text,train,train,0,0,0,610000000,experiments/cache/tokens_iclr26_main/fineweb_edu,18l_1024d,18,1024,16,3072,256,8,4,32768,300000000,8000000,9150,50,10,10,1337,silu_ademamix,silu,ademamix,0.0003,0.00003,0.10,200,0.90,0.95,0.00000001,1.0,0.95,5,match_rms_adamw,0.02,silu,identity,256,32,0,0,4,0.0,false,gpt2,607a30d783dfa663caf39e06633721c8d4cfcd7e,--ademamix-alpha 5.0 --ademamix-beta3 0.9999
481,18l_1024d_300m_tokens_9150_steps_fineweb_edu_seed1337_rlb_ademamix,18l_1024d_300m_tokens_9150_steps,fineweb_edu,HuggingFaceFW/fineweb-edu,sample-10BT,87f09149ef4734204d70ed1d046ddc9ca3f2b8f9,true,text,train,train,0,0,0,610000000,experiments/cache/tokens_iclr26_main/fineweb_edu,18l_1024d,18,1024,16,3072,256,8,4,32768,300000000,8000000,9150,50,10,10,1337,rlb_ademamix,rlb_fused_global_rational,ademamix,0.0003,0.00003,0.10,200,0.90,0.95,0.00000001,1.0,0.95,5,match_rms_adamw,0.02,silu,identity,256,32,0,0,4,0.0,false,gpt2,607a30d783dfa663caf39e06633721c8d4cfcd7e,--ademamix-alpha 5.0 --ademamix-beta3 0.9999
482,18l_1024d_300m_tokens_9150_steps_fineweb_edu_seed1337_silu_came,18l_1024d_300m_tokens_9150_steps,fineweb_edu,HuggingFaceFW/fineweb-edu,sample-10BT,87f09149ef4734204d70ed1d046ddc9ca3f2b8f9,true,text,train,train,0,0,0,610000000,experiments/cache/tokens_iclr26_main/fineweb_edu,18l_1024d,18,1024,16,3072,256,8,4,32768,300000000,8000000,9150,50,10,10,1337,silu_came,silu,adafactor_came,0.0003,0.00003,0.10,200,0.90,0.95,0.00000001,1.0,0.95,5,match_rms_adamw,0.02,silu,identity,256,32,0,0,4,0.0,false,gpt2,607a30d783dfa663caf39e06633721c8d4cfcd7e,--came-confidence-scale 1.0
483,18l_1024d_300m_tokens_9150_steps_fineweb_edu_seed1337_rlb_came,18l_1024d_300m_tokens_9150_steps,fineweb_edu,HuggingFaceFW/fineweb-edu,sample-10BT,87f09149ef4734204d70ed1d046ddc9ca3f2b8f9,true,text,train,train,0,0,0,610000000,experiments/cache/tokens_iclr26_main/fineweb_edu,18l_1024d,18,1024,16,3072,256,8,4,32768,300000000,8000000,9150,50,10,10,1337,rlb_came,rlb_fused_global_rational,adafactor_came,0.0003,0.00003,0.10,200,0.90,0.95,0.00000001,1.0,0.95,5,match_rms_adamw,0.02,silu,identity,256,32,0,0,4,0.0,false,gpt2,607a30d783dfa663caf39e06633721c8d4cfcd7e,--came-confidence-scale 1.0
484,18l_1024d_300m_tokens_9150_steps_fineweb_edu_seed1337_silu_schedulefree,18l_1024d_300m_tokens_9150_steps,fineweb_edu,HuggingFaceFW/fineweb-edu,sample-10BT,87f09149ef4734204d70ed1d046ddc9ca3f2b8f9,true,text,train,train,0,0,0,610000000,experiments/cache/tokens_iclr26_main/fineweb_edu,18l_1024d,18,1024,16,3072,256,8,4,32768,300000000,8000000,9150,50,10,10,1337,silu_schedulefree,silu,schedule_free_adamw,0.0003,0.00003,0.10,200,0.90,0.95,0.00000001,1.0,0.95,5,match_rms_adamw,0.02,silu,identity,256,32,0,0,4,0.0,false,gpt2,607a30d783dfa663caf39e06633721c8d4cfcd7e,--schedule-free-beta1 0.90 --schedule-free-warmup-steps 0
485,18l_1024d_300m_tokens_9150_steps_fineweb_edu_seed1337_rlb_schedulefree,18l_1024d_300m_tokens_9150_steps,fineweb_edu,HuggingFaceFW/fineweb-edu,sample-10BT,87f09149ef4734204d70ed1d046ddc9ca3f2b8f9,true,text,train,train,0,0,0,610000000,experiments/cache/tokens_iclr26_main/fineweb_edu,18l_1024d,18,1024,16,3072,256,8,4,32768,300000000,8000000,9150,50,10,10,1337,rlb_schedulefree,rlb_fused_global_rational,schedule_free_adamw,0.0003,0.00003,0.10,200,0.90,0.95,0.00000001,1.0,0.95,5,match_rms_adamw,0.02,silu,identity,256,32,0,0,4,0.0,false,gpt2,607a30d783dfa663caf39e06633721c8d4cfcd7e,--schedule-free-beta1 0.90 --schedule-free-warmup-steps 0
486,18l_1024d_300m_tokens_9150_steps_fineweb_edu_seed2027_silu_adamw,18l_1024d_300m_tokens_9150_steps,fineweb_edu,HuggingFaceFW/fineweb-edu,sample-10BT,87f09149ef4734204d70ed1d046ddc9ca3f2b8f9,true,text,train,train,0,0,0,610000000,experiments/cache/tokens_iclr26_main/fineweb_edu,18l_1024d,18,1024,16,3072,256,8,4,32768,300000000,8000000,9150,50,10,10,2027,silu_adamw,silu,adamw,0.0003,0.00003,0.10,200,0.90,0.95,0.00000001,1.0,0.95,5,match_rms_adamw,0.02,silu,identity,256,32,0,0,4,0.0,false,gpt2,607a30d783dfa663caf39e06633721c8d4cfcd7e,
487,18l_1024d_300m_tokens_9150_steps_fineweb_edu_seed2027_rlb_adamw,18l_1024d_300m_tokens_9150_steps,fineweb_edu,HuggingFaceFW/fineweb-edu,sample-10BT,87f09149ef4734204d70ed1d046ddc9ca3f2b8f9,true,text,train,train,0,0,0,610000000,experiments/cache/tokens_iclr26_main/fineweb_edu,18l_1024d,18,1024,16,3072,256,8,4,32768,300000000,8000000,9150,50,10,10,2027,rlb_adamw,rlb_fused_global_rational,adamw,0.0003,0.00003,0.10,200,0.90,0.95,0.00000001,1.0,0.95,5,match_rms_adamw,0.02,silu,identity,256,32,0,0,4,0.0,false,gpt2,607a30d783dfa663caf39e06633721c8d4cfcd7e,
488,18l_1024d_300m_tokens_9150_steps_fineweb_edu_seed2027_silu_muon,18l_1024d_300m_tokens_9150_steps,fineweb_edu,HuggingFaceFW/fineweb-edu,sample-10BT,87f09149ef4734204d70ed1d046ddc9ca3f2b8f9,true,text,train,train,0,0,0,610000000,experiments/cache/tokens_iclr26_main/fineweb_edu,18l_1024d,18,1024,16,3072,256,8,4,32768,300000000,8000000,9150,50,10,10,2027,silu_muon,silu,muon,0.0003,0.00003,0.10,200,0.90,0.95,0.00000001,1.0,0.95,5,match_rms_adamw,0.02,silu,identity,256,32,0,0,4,0.0,false,gpt2,607a30d783dfa663caf39e06633721c8d4cfcd7e,--muon-momentum 0.95 --muon-ns-steps 5 --muon-adjust-lr-fn match_rms_adamw
489,18l_1024d_300m_tokens_9150_steps_fineweb_edu_seed2027_rlb_muon,18l_1024d_300m_tokens_9150_steps,fineweb_edu,HuggingFaceFW/fineweb-edu,sample-10BT,87f09149ef4734204d70ed1d046ddc9ca3f2b8f9,true,text,train,train,0,0,0,610000000,experiments/cache/tokens_iclr26_main/fineweb_edu,18l_1024d,18,1024,16,3072,256,8,4,32768,300000000,8000000,9150,50,10,10,2027,rlb_muon,rlb_fused_global_rational,muon,0.0003,0.00003,0.10,200,0.90,0.95,0.00000001,1.0,0.95,5,match_rms_adamw,0.02,silu,identity,256,32,0,0,4,0.0,false,gpt2,607a30d783dfa663caf39e06633721c8d4cfcd7e,--muon-momentum 0.95 --muon-ns-steps 5 --muon-adjust-lr-fn match_rms_adamw
490,18l_1024d_300m_tokens_9150_steps_fineweb_edu_seed2027_silu_lion,18l_1024d_300m_tokens_9150_steps,fineweb_edu,HuggingFaceFW/fineweb-edu,sample-10BT,87f09149ef4734204d70ed1d046ddc9ca3f2b8f9,true,text,train,train,0,0,0,610000000,experiments/cache/tokens_iclr26_main/fineweb_edu,18l_1024d,18,1024,16,3072,256,8,4,32768,300000000,8000000,9150,50,10,10,2027,silu_lion,silu,lion,0.0001,0.00001,0.10,200,0.90,0.95,0.00000001,1.0,0.95,5,match_rms_adamw,0.02,silu,identity,256,32,0,0,4,0.0,false,gpt2,607a30d783dfa663caf39e06633721c8d4cfcd7e,
491,18l_1024d_300m_tokens_9150_steps_fineweb_edu_seed2027_rlb_lion,18l_1024d_300m_tokens_9150_steps,fineweb_edu,HuggingFaceFW/fineweb-edu,sample-10BT,87f09149ef4734204d70ed1d046ddc9ca3f2b8f9,true,text,train,train,0,0,0,610000000,experiments/cache/tokens_iclr26_main/fineweb_edu,18l_1024d,18,1024,16,3072,256,8,4,32768,300000000,8000000,9150,50,10,10,2027,rlb_lion,rlb_fused_global_rational,lion,0.0001,0.00001,0.10,200,0.90,0.95,0.00000001,1.0,0.95,5,match_rms_adamw,0.02,silu,identity,256,32,0,0,4,0.0,false,gpt2,607a30d783dfa663caf39e06633721c8d4cfcd7e,
492,18l_1024d_300m_tokens_9150_steps_fineweb_edu_seed2027_silu_soap,18l_1024d_300m_tokens_9150_steps,fineweb_edu,HuggingFaceFW/fineweb-edu,sample-10BT,87f09149ef4734204d70ed1d046ddc9ca3f2b8f9,true,text,train,train,0,0,0,610000000,experiments/cache/tokens_iclr26_main/fineweb_edu,18l_1024d,18,1024,16,3072,256,8,4,32768,300000000,8000000,9150,50,10,10,2027,silu_soap,silu,soap_adamw,0.0003,0.00003,0.10,200,0.90,0.95,0.00000001,1.0,0.95,5,match_rms_adamw,0.02,silu,identity,256,32,0,0,4,0.0,false,gpt2,607a30d783dfa663caf39e06633721c8d4cfcd7e,--soap-precondition-frequency 50 --no-soap-one-sided
493,18l_1024d_300m_tokens_9150_steps_fineweb_edu_seed2027_rlb_soap,18l_1024d_300m_tokens_9150_steps,fineweb_edu,HuggingFaceFW/fineweb-edu,sample-10BT,87f09149ef4734204d70ed1d046ddc9ca3f2b8f9,true,text,train,train,0,0,0,610000000,experiments/cache/tokens_iclr26_main/fineweb_edu,18l_1024d,18,1024,16,3072,256,8,4,32768,300000000,8000000,9150,50,10,10,2027,rlb_soap,rlb_fused_global_rational,soap_adamw,0.0003,0.00003,0.10,200,0.90,0.95,0.00000001,1.0,0.95,5,match_rms_adamw,0.02,silu,identity,256,32,0,0,4,0.0,false,gpt2,607a30d783dfa663caf39e06633721c8d4cfcd7e,--soap-precondition-frequency 50 --no-soap-one-sided
494,18l_1024d_300m_tokens_9150_steps_fineweb_edu_seed2027_silu_ademamix,18l_1024d_300m_tokens_9150_steps,fineweb_edu,HuggingFaceFW/fineweb-edu,sample-10BT,87f09149ef4734204d70ed1d046ddc9ca3f2b8f9,true,text,train,train,0,0,0,610000000,experiments/cache/tokens_iclr26_main/fineweb_edu,18l_1024d,18,1024,16,3072,256,8,4,32768,300000000,8000000,9150,50,10,10,2027,silu_ademamix,silu,ademamix,0.0003,0.00003,0.10,200,0.90,0.95,0.00000001,1.0,0.95,5,match_rms_adamw,0.02,silu,identity,256,32,0,0,4,0.0,false,gpt2,607a30d783dfa663caf39e06633721c8d4cfcd7e,--ademamix-alpha 5.0 --ademamix-beta3 0.9999
495,18l_1024d_300m_tokens_9150_steps_fineweb_edu_seed2027_rlb_ademamix,18l_1024d_300m_tokens_9150_steps,fineweb_edu,HuggingFaceFW/fineweb-edu,sample-10BT,87f09149ef4734204d70ed1d046ddc9ca3f2b8f9,true,text,train,train,0,0,0,610000000,experiments/cache/tokens_iclr26_main/fineweb_edu,18l_1024d,18,1024,16,3072,256,8,4,32768,300000000,8000000,9150,50,10,10,2027,rlb_ademamix,rlb_fused_global_rational,ademamix,0.0003,0.00003,0.10,200,0.90,0.95,0.00000001,1.0,0.95,5,match_rms_adamw,0.02,silu,identity,256,32,0,0,4,0.0,false,gpt2,607a30d783dfa663caf39e06633721c8d4cfcd7e,--ademamix-alpha 5.0 --ademamix-beta3 0.9999
496,18l_1024d_300m_tokens_9150_steps_fineweb_edu_seed2027_silu_came,18l_1024d_300m_tokens_9150_steps,fineweb_edu,HuggingFaceFW/fineweb-edu,sample-10BT,87f09149ef4734204d70ed1d046ddc9ca3f2b8f9,true,text,train,train,0,0,0,610000000,experiments/cache/tokens_iclr26_main/fineweb_edu,18l_1024d,18,1024,16,3072,256,8,4,32768,300000000,8000000,9150,50,10,10,2027,silu_came,silu,adafactor_came,0.0003,0.00003,0.10,200,0.90,0.95,0.00000001,1.0,0.95,5,match_rms_adamw,0.02,silu,identity,256,32,0,0,4,0.0,false,gpt2,607a30d783dfa663caf39e06633721c8d4cfcd7e,--came-confidence-scale 1.0
497,18l_1024d_300m_tokens_9150_steps_fineweb_edu_seed2027_rlb_came,18l_1024d_300m_tokens_9150_steps,fineweb_edu,HuggingFaceFW/fineweb-edu,sample-10BT,87f09149ef4734204d70ed1d046ddc9ca3f2b8f9,true,text,train,train,0,0,0,610000000,experiments/cache/tokens_iclr26_main/fineweb_edu,18l_1024d,18,1024,16,3072,256,8,4,32768,300000000,8000000,9150,50,10,10,2027,rlb_came,rlb_fused_global_rational,adafactor_came,0.0003,0.00003,0.10,200,0.90,0.95,0.00000001,1.0,0.95,5,match_rms_adamw,0.02,silu,identity,256,32,0,0,4,0.0,false,gpt2,607a30d783dfa663caf39e06633721c8d4cfcd7e,--came-confidence-scale 1.0
498,18l_1024d_300m_tokens_9150_steps_fineweb_edu_seed2027_silu_schedulefree,18l_1024d_300m_tokens_9150_steps,fineweb_edu,HuggingFaceFW/fineweb-edu,sample-10BT,87f09149ef4734204d70ed1d046ddc9ca3f2b8f9,true,text,train,train,0,0,0,610000000,experiments/cache/tokens_iclr26_main/fineweb_edu,18l_1024d,18,1024,16,3072,256,8,4,32768,300000000,8000000,9150,50,10,10,2027,silu_schedulefree,silu,schedule_free_adamw,0.0003,0.00003,0.10,200,0.90,0.95,0.00000001,1.0,0.95,5,match_rms_adamw,0.02,silu,identity,256,32,0,0,4,0.0,false,gpt2,607a30d783dfa663caf39e06633721c8d4cfcd7e,--schedule-free-beta1 0.90 --schedule-free-warmup-steps 0
499,18l_1024d_300m_tokens_9150_steps_fineweb_edu_seed2027_rlb_schedulefree,18l_1024d_300m_tokens_9150_steps,fineweb_edu,HuggingFaceFW/fineweb-edu,sample-10BT,87f09149ef4734204d70ed1d046ddc9ca3f2b8f9,true,text,train,train,0,0,0,610000000,experiments/cache/tokens_iclr26_main/fineweb_edu,18l_1024d,18,1024,16,3072,256,8,4,32768,300000000,8000000,9150,50,10,10,2027,rlb_schedulefree,rlb_fused_global_rational,schedule_free_adamw,0.0003,0.00003,0.10,200,0.90,0.95,0.00000001,1.0,0.95,5,match_rms_adamw,0.02,silu,identity,256,32,0,0,4,0.0,false,gpt2,607a30d783dfa663caf39e06633721c8d4cfcd7e,--schedule-free-beta1 0.90 --schedule-free-warmup-steps 0
500,18l_1024d_300m_tokens_9150_steps_fineweb_edu_seed3407_silu_adamw,18l_1024d_300m_tokens_9150_steps,fineweb_edu,HuggingFaceFW/fineweb-edu,sample-10BT,87f09149ef4734204d70ed1d046ddc9ca3f2b8f9,true,text,train,train,0,0,0,610000000,experiments/cache/tokens_iclr26_main/fineweb_edu,18l_1024d,18,1024,16,3072,256,8,4,32768,300000000,8000000,9150,50,10,10,3407,silu_adamw,silu,adamw,0.0003,0.00003,0.10,200,0.90,0.95,0.00000001,1.0,0.95,5,match_rms_adamw,0.02,silu,identity,256,32,0,0,4,0.0,false,gpt2,607a30d783dfa663caf39e06633721c8d4cfcd7e,
501,18l_1024d_300m_tokens_9150_steps_fineweb_edu_seed3407_rlb_adamw,18l_1024d_300m_tokens_9150_steps,fineweb_edu,HuggingFaceFW/fineweb-edu,sample-10BT,87f09149ef4734204d70ed1d046ddc9ca3f2b8f9,true,text,train,train,0,0,0,610000000,experiments/cache/tokens_iclr26_main/fineweb_edu,18l_1024d,18,1024,16,3072,256,8,4,32768,300000000,8000000,9150,50,10,10,3407,rlb_adamw,rlb_fused_global_rational,adamw,0.0003,0.00003,0.10,200,0.90,0.95,0.00000001,1.0,0.95,5,match_rms_adamw,0.02,silu,identity,256,32,0,0,4,0.0,false,gpt2,607a30d783dfa663caf39e06633721c8d4cfcd7e,
502,18l_1024d_300m_tokens_9150_steps_fineweb_edu_seed3407_silu_muon,18l_1024d_300m_tokens_9150_steps,fineweb_edu,HuggingFaceFW/fineweb-edu,sample-10BT,87f09149ef4734204d70ed1d046ddc9ca3f2b8f9,true,text,train,train,0,0,0,610000000,experiments/cache/tokens_iclr26_main/fineweb_edu,18l_1024d,18,1024,16,3072,256,8,4,32768,300000000,8000000,9150,50,10,10,3407,silu_muon,silu,muon,0.0003,0.00003,0.10,200,0.90,0.95,0.00000001,1.0,0.95,5,match_rms_adamw,0.02,silu,identity,256,32,0,0,4,0.0,false,gpt2,607a30d783dfa663caf39e06633721c8d4cfcd7e,--muon-momentum 0.95 --muon-ns-steps 5 --muon-adjust-lr-fn match_rms_adamw
503,18l_1024d_300m_tokens_9150_steps_fineweb_edu_seed3407_rlb_muon,18l_1024d_300m_tokens_9150_steps,fineweb_edu,HuggingFaceFW/fineweb-edu,sample-10BT,87f09149ef4734204d70ed1d046ddc9ca3f2b8f9,true,text,train,train,0,0,0,610000000,experiments/cache/tokens_iclr26_main/fineweb_edu,18l_1024d,18,1024,16,3072,256,8,4,32768,300000000,8000000,9150,50,10,10,3407,rlb_muon,rlb_fused_global_rational,muon,0.0003,0.00003,0.10,200,0.90,0.95,0.00000001,1.0,0.95,5,match_rms_adamw,0.02,silu,identity,256,32,0,0,4,0.0,false,gpt2,607a30d783dfa663caf39e06633721c8d4cfcd7e,--muon-momentum 0.95 --muon-ns-steps 5 --muon-adjust-lr-fn match_rms_adamw
504,18l_1024d_300m_tokens_9150_steps_fineweb_edu_seed3407_silu_lion,18l_1024d_300m_tokens_9150_steps,fineweb_edu,HuggingFaceFW/fineweb-edu,sample-10BT,87f09149ef4734204d70ed1d046ddc9ca3f2b8f9,true,text,train,train,0,0,0,610000000,experiments/cache/tokens_iclr26_main/fineweb_edu,18l_1024d,18,1024,16,3072,256,8,4,32768,300000000,8000000,9150,50,10,10,3407,silu_lion,silu,lion,0.0001,0.00001,0.10,200,0.90,0.95,0.00000001,1.0,0.95,5,match_rms_adamw,0.02,silu,identity,256,32,0,0,4,0.0,false,gpt2,607a30d783dfa663caf39e06633721c8d4cfcd7e,
505,18l_1024d_300m_tokens_9150_steps_fineweb_edu_seed3407_rlb_lion,18l_1024d_300m_tokens_9150_steps,fineweb_edu,HuggingFaceFW/fineweb-edu,sample-10BT,87f09149ef4734204d70ed1d046ddc9ca3f2b8f9,true,text,train,train,0,0,0,610000000,experiments/cache/tokens_iclr26_main/fineweb_edu,18l_1024d,18,1024,16,3072,256,8,4,32768,300000000,8000000,9150,50,10,10,3407,rlb_lion,rlb_fused_global_rational,lion,0.0001,0.00001,0.10,200,0.90,0.95,0.00000001,1.0,0.95,5,match_rms_adamw,0.02,silu,identity,256,32,0,0,4,0.0,false,gpt2,607a30d783dfa663caf39e06633721c8d4cfcd7e,
506,18l_1024d_300m_tokens_9150_steps_fineweb_edu_seed3407_silu_soap,18l_1024d_300m_tokens_9150_steps,fineweb_edu,HuggingFaceFW/fineweb-edu,sample-10BT,87f09149ef4734204d70ed1d046ddc9ca3f2b8f9,true,text,train,train,0,0,0,610000000,experiments/cache/tokens_iclr26_main/fineweb_edu,18l_1024d,18,1024,16,3072,256,8,4,32768,300000000,8000000,9150,50,10,10,3407,silu_soap,silu,soap_adamw,0.0003,0.00003,0.10,200,0.90,0.95,0.00000001,1.0,0.95,5,match_rms_adamw,0.02,silu,identity,256,32,0,0,4,0.0,false,gpt2,607a30d783dfa663caf39e06633721c8d4cfcd7e,--soap-precondition-frequency 50 --no-soap-one-sided
507,18l_1024d_300m_tokens_9150_steps_fineweb_edu_seed3407_rlb_soap,18l_1024d_300m_tokens_9150_steps,fineweb_edu,HuggingFaceFW/fineweb-edu,sample-10BT,87f09149ef4734204d70ed1d046ddc9ca3f2b8f9,true,text,train,train,0,0,0,610000000,experiments/cache/tokens_iclr26_main/fineweb_edu,18l_1024d,18,1024,16,3072,256,8,4,32768,300000000,8000000,9150,50,10,10,3407,rlb_soap,rlb_fused_global_rational,soap_adamw,0.0003,0.00003,0.10,200,0.90,0.95,0.00000001,1.0,0.95,5,match_rms_adamw,0.02,silu,identity,256,32,0,0,4,0.0,false,gpt2,607a30d783dfa663caf39e06633721c8d4cfcd7e,--soap-precondition-frequency 50 --no-soap-one-sided
508,18l_1024d_300m_tokens_9150_steps_fineweb_edu_seed3407_silu_ademamix,18l_1024d_300m_tokens_9150_steps,fineweb_edu,HuggingFaceFW/fineweb-edu,sample-10BT,87f09149ef4734204d70ed1d046ddc9ca3f2b8f9,true,text,train,train,0,0,0,610000000,experiments/cache/tokens_iclr26_main/fineweb_edu,18l_1024d,18,1024,16,3072,256,8,4,32768,300000000,8000000,9150,50,10,10,3407,silu_ademamix,silu,ademamix,0.0003,0.00003,0.10,200,0.90,0.95,0.00000001,1.0,0.95,5,match_rms_adamw,0.02,silu,identity,256,32,0,0,4,0.0,false,gpt2,607a30d783dfa663caf39e06633721c8d4cfcd7e,--ademamix-alpha 5.0 --ademamix-beta3 0.9999
509,18l_1024d_300m_tokens_9150_steps_fineweb_edu_seed3407_rlb_ademamix,18l_1024d_300m_tokens_9150_steps,fineweb_edu,HuggingFaceFW/fineweb-edu,sample-10BT,87f09149ef4734204d70ed1d046ddc9ca3f2b8f9,true,text,train,train,0,0,0,610000000,experiments/cache/tokens_iclr26_main/fineweb_edu,18l_1024d,18,1024,16,3072,256,8,4,32768,300000000,8000000,9150,50,10,10,3407,rlb_ademamix,rlb_fused_global_rational,ademamix,0.0003,0.00003,0.10,200,0.90,0.95,0.00000001,1.0,0.95,5,match_rms_adamw,0.02,silu,identity,256,32,0,0,4,0.0,false,gpt2,607a30d783dfa663caf39e06633721c8d4cfcd7e,--ademamix-alpha 5.0 --ademamix-beta3 0.9999
510,18l_1024d_300m_tokens_9150_steps_fineweb_edu_seed3407_silu_came,18l_1024d_300m_tokens_9150_steps,fineweb_edu,HuggingFaceFW/fineweb-edu,sample-10BT,87f09149ef4734204d70ed1d046ddc9ca3f2b8f9,true,text,train,train,0,0,0,610000000,experiments/cache/tokens_iclr26_main/fineweb_edu,18l_1024d,18,1024,16,3072,256,8,4,32768,300000000,8000000,9150,50,10,10,3407,silu_came,silu,adafactor_came,0.0003,0.00003,0.10,200,0.90,0.95,0.00000001,1.0,0.95,5,match_rms_adamw,0.02,silu,identity,256,32,0,0,4,0.0,false,gpt2,607a30d783dfa663caf39e06633721c8d4cfcd7e,--came-confidence-scale 1.0
511,18l_1024d_300m_tokens_9150_steps_fineweb_edu_seed3407_rlb_came,18l_1024d_300m_tokens_9150_steps,fineweb_edu,HuggingFaceFW/fineweb-edu,sample-10BT,87f09149ef4734204d70ed1d046ddc9ca3f2b8f9,true,text,train,train,0,0,0,610000000,experiments/cache/tokens_iclr26_main/fineweb_edu,18l_1024d,18,1024,16,3072,256,8,4,32768,300000000,8000000,9150,50,10,10,3407,rlb_came,rlb_fused_global_rational,adafactor_came,0.0003,0.00003,0.10,200,0.90,0.95,0.00000001,1.0,0.95,5,match_rms_adamw,0.02,silu,identity,256,32,0,0,4,0.0,false,gpt2,607a30d783dfa663caf39e06633721c8d4cfcd7e,--came-confidence-scale 1.0
512,18l_1024d_300m_tokens_9150_steps_fineweb_edu_seed3407_silu_schedulefree,18l_1024d_300m_tokens_9150_steps,fineweb_edu,HuggingFaceFW/fineweb-edu,sample-10BT,87f09149ef4734204d70ed1d046ddc9ca3f2b8f9,true,text,train,train,0,0,0,610000000,experiments/cache/tokens_iclr26_main/fineweb_edu,18l_1024d,18,1024,16,3072,256,8,4,32768,300000000,8000000,9150,50,10,10,3407,silu_schedulefree,silu,schedule_free_adamw,0.0003,0.00003,0.10,200,0.90,0.95,0.00000001,1.0,0.95,5,match_rms_adamw,0.02,silu,identity,256,32,0,0,4,0.0,false,gpt2,607a30d783dfa663caf39e06633721c8d4cfcd7e,--schedule-free-beta1 0.90 --schedule-free-warmup-steps 0
513,18l_1024d_300m_tokens_9150_steps_fineweb_edu_seed3407_rlb_schedulefree,18l_1024d_300m_tokens_9150_steps,fineweb_edu,HuggingFaceFW/fineweb-edu,sample-10BT,87f09149ef4734204d70ed1d046ddc9ca3f2b8f9,true,text,train,train,0,0,0,610000000,experiments/cache/tokens_iclr26_main/fineweb_edu,18l_1024d,18,1024,16,3072,256,8,4,32768,300000000,8000000,9150,50,10,10,3407,rlb_schedulefree,rlb_fused_global_rational,schedule_free_adamw,0.0003,0.00003,0.10,200,0.90,0.95,0.00000001,1.0,0.95,5,match_rms_adamw,0.02,silu,identity,256,32,0,0,4,0.0,false,gpt2,607a30d783dfa663caf39e06633721c8d4cfcd7e,--schedule-free-beta1 0.90 --schedule-free-warmup-steps 0
514,18l_1024d_300m_tokens_9150_steps_fineweb_seed1337_silu_adamw,18l_1024d_300m_tokens_9150_steps,fineweb,HuggingFaceFW/fineweb,sample-10BT,9bb295ddab0e05d785b879661af7260fed5140fc,true,text,train,train,0,0,0,610000000,experiments/cache/tokens_iclr26_main/fineweb,18l_1024d,18,1024,16,3072,256,8,4,32768,300000000,8000000,9150,50,10,10,1337,silu_adamw,silu,adamw,0.0003,0.00003,0.10,200,0.90,0.95,0.00000001,1.0,0.95,5,match_rms_adamw,0.02,silu,identity,256,32,0,0,4,0.0,false,gpt2,607a30d783dfa663caf39e06633721c8d4cfcd7e,
515,18l_1024d_300m_tokens_9150_steps_fineweb_seed1337_rlb_adamw,18l_1024d_300m_tokens_9150_steps,fineweb,HuggingFaceFW/fineweb,sample-10BT,9bb295ddab0e05d785b879661af7260fed5140fc,true,text,train,train,0,0,0,610000000,experiments/cache/tokens_iclr26_main/fineweb,18l_1024d,18,1024,16,3072,256,8,4,32768,300000000,8000000,9150,50,10,10,1337,rlb_adamw,rlb_fused_global_rational,adamw,0.0003,0.00003,0.10,200,0.90,0.95,0.00000001,1.0,0.95,5,match_rms_adamw,0.02,silu,identity,256,32,0,0,4,0.0,false,gpt2,607a30d783dfa663caf39e06633721c8d4cfcd7e,
516,18l_1024d_300m_tokens_9150_steps_fineweb_seed1337_silu_muon,18l_1024d_300m_tokens_9150_steps,fineweb,HuggingFaceFW/fineweb,sample-10BT,9bb295ddab0e05d785b879661af7260fed5140fc,true,text,train,train,0,0,0,610000000,experiments/cache/tokens_iclr26_main/fineweb,18l_1024d,18,1024,16,3072,256,8,4,32768,300000000,8000000,9150,50,10,10,1337,silu_muon,silu,muon,0.0003,0.00003,0.10,200,0.90,0.95,0.00000001,1.0,0.95,5,match_rms_adamw,0.02,silu,identity,256,32,0,0,4,0.0,false,gpt2,607a30d783dfa663caf39e06633721c8d4cfcd7e,--muon-momentum 0.95 --muon-ns-steps 5 --muon-adjust-lr-fn match_rms_adamw
517,18l_1024d_300m_tokens_9150_steps_fineweb_seed1337_rlb_muon,18l_1024d_300m_tokens_9150_steps,fineweb,HuggingFaceFW/fineweb,sample-10BT,9bb295ddab0e05d785b879661af7260fed5140fc,true,text,train,train,0,0,0,610000000,experiments/cache/tokens_iclr26_main/fineweb,18l_1024d,18,1024,16,3072,256,8,4,32768,300000000,8000000,9150,50,10,10,1337,rlb_muon,rlb_fused_global_rational,muon,0.0003,0.00003,0.10,200,0.90,0.95,0.00000001,1.0,0.95,5,match_rms_adamw,0.02,silu,identity,256,32,0,0,4,0.0,false,gpt2,607a30d783dfa663caf39e06633721c8d4cfcd7e,--muon-momentum 0.95 --muon-ns-steps 5 --muon-adjust-lr-fn match_rms_adamw
518,18l_1024d_300m_tokens_9150_steps_fineweb_seed1337_silu_lion,18l_1024d_300m_tokens_9150_steps,fineweb,HuggingFaceFW/fineweb,sample-10BT,9bb295ddab0e05d785b879661af7260fed5140fc,true,text,train,train,0,0,0,610000000,experiments/cache/tokens_iclr26_main/fineweb,18l_1024d,18,1024,16,3072,256,8,4,32768,300000000,8000000,9150,50,10,10,1337,silu_lion,silu,lion,0.0001,0.00001,0.10,200,0.90,0.95,0.00000001,1.0,0.95,5,match_rms_adamw,0.02,silu,identity,256,32,0,0,4,0.0,false,gpt2,607a30d783dfa663caf39e06633721c8d4cfcd7e,
519,18l_1024d_300m_tokens_9150_steps_fineweb_seed1337_rlb_lion,18l_1024d_300m_tokens_9150_steps,fineweb,HuggingFaceFW/fineweb,sample-10BT,9bb295ddab0e05d785b879661af7260fed5140fc,true,text,train,train,0,0,0,610000000,experiments/cache/tokens_iclr26_main/fineweb,18l_1024d,18,1024,16,3072,256,8,4,32768,300000000,8000000,9150,50,10,10,1337,rlb_lion,rlb_fused_global_rational,lion,0.0001,0.00001,0.10,200,0.90,0.95,0.00000001,1.0,0.95,5,match_rms_adamw,0.02,silu,identity,256,32,0,0,4,0.0,false,gpt2,607a30d783dfa663caf39e06633721c8d4cfcd7e,
520,18l_1024d_300m_tokens_9150_steps_fineweb_seed1337_silu_soap,18l_1024d_300m_tokens_9150_steps,fineweb,HuggingFaceFW/fineweb,sample-10BT,9bb295ddab0e05d785b879661af7260fed5140fc,true,text,train,train,0,0,0,610000000,experiments/cache/tokens_iclr26_main/fineweb,18l_1024d,18,1024,16,3072,256,8,4,32768,300000000,8000000,9150,50,10,10,1337,silu_soap,silu,soap_adamw,0.0003,0.00003,0.10,200,0.90,0.95,0.00000001,1.0,0.95,5,match_rms_adamw,0.02,silu,identity,256,32,0,0,4,0.0,false,gpt2,607a30d783dfa663caf39e06633721c8d4cfcd7e,--soap-precondition-frequency 50 --no-soap-one-sided
521,18l_1024d_300m_tokens_9150_steps_fineweb_seed1337_rlb_soap,18l_1024d_300m_tokens_9150_steps,fineweb,HuggingFaceFW/fineweb,sample-10BT,9bb295ddab0e05d785b879661af7260fed5140fc,true,text,train,train,0,0,0,610000000,experiments/cache/tokens_iclr26_main/fineweb,18l_1024d,18,1024,16,3072,256,8,4,32768,300000000,8000000,9150,50,10,10,1337,rlb_soap,rlb_fused_global_rational,soap_adamw,0.0003,0.00003,0.10,200,0.90,0.95,0.00000001,1.0,0.95,5,match_rms_adamw,0.02,silu,identity,256,32,0,0,4,0.0,false,gpt2,607a30d783dfa663caf39e06633721c8d4cfcd7e,--soap-precondition-frequency 50 --no-soap-one-sided
522,18l_1024d_300m_tokens_9150_steps_fineweb_seed1337_silu_ademamix,18l_1024d_300m_tokens_9150_steps,fineweb,HuggingFaceFW/fineweb,sample-10BT,9bb295ddab0e05d785b879661af7260fed5140fc,true,text,train,train,0,0,0,610000000,experiments/cache/tokens_iclr26_main/fineweb,18l_1024d,18,1024,16,3072,256,8,4,32768,300000000,8000000,9150,50,10,10,1337,silu_ademamix,silu,ademamix,0.0003,0.00003,0.10,200,0.90,0.95,0.00000001,1.0,0.95,5,match_rms_adamw,0.02,silu,identity,256,32,0,0,4,0.0,false,gpt2,607a30d783dfa663caf39e06633721c8d4cfcd7e,--ademamix-alpha 5.0 --ademamix-beta3 0.9999
523,18l_1024d_300m_tokens_9150_steps_fineweb_seed1337_rlb_ademamix,18l_1024d_300m_tokens_9150_steps,fineweb,HuggingFaceFW/fineweb,sample-10BT,9bb295ddab0e05d785b879661af7260fed5140fc,true,text,train,train,0,0,0,610000000,experiments/cache/tokens_iclr26_main/fineweb,18l_1024d,18,1024,16,3072,256,8,4,32768,300000000,8000000,9150,50,10,10,1337,rlb_ademamix,rlb_fused_global_rational,ademamix,0.0003,0.00003,0.10,200,0.90,0.95,0.00000001,1.0,0.95,5,match_rms_adamw,0.02,silu,identity,256,32,0,0,4,0.0,false,gpt2,607a30d783dfa663caf39e06633721c8d4cfcd7e,--ademamix-alpha 5.0 --ademamix-beta3 0.9999
524,18l_1024d_300m_tokens_9150_steps_fineweb_seed1337_silu_came,18l_1024d_300m_tokens_9150_steps,fineweb,HuggingFaceFW/fineweb,sample-10BT,9bb295ddab0e05d785b879661af7260fed5140fc,true,text,train,train,0,0,0,610000000,experiments/cache/tokens_iclr26_main/fineweb,18l_1024d,18,1024,16,3072,256,8,4,32768,300000000,8000000,9150,50,10,10,1337,silu_came,silu,adafactor_came,0.0003,0.00003,0.10,200,0.90,0.95,0.00000001,1.0,0.95,5,match_rms_adamw,0.02,silu,identity,256,32,0,0,4,0.0,false,gpt2,607a30d783dfa663caf39e06633721c8d4cfcd7e,--came-confidence-scale 1.0
525,18l_1024d_300m_tokens_9150_steps_fineweb_seed1337_rlb_came,18l_1024d_300m_tokens_9150_steps,fineweb,HuggingFaceFW/fineweb,sample-10BT,9bb295ddab0e05d785b879661af7260fed5140fc,true,text,train,train,0,0,0,610000000,experiments/cache/tokens_iclr26_main/fineweb,18l_1024d,18,1024,16,3072,256,8,4,32768,300000000,8000000,9150,50,10,10,1337,rlb_came,rlb_fused_global_rational,adafactor_came,0.0003,0.00003,0.10,200,0.90,0.95,0.00000001,1.0,0.95,5,match_rms_adamw,0.02,silu,identity,256,32,0,0,4,0.0,false,gpt2,607a30d783dfa663caf39e06633721c8d4cfcd7e,--came-confidence-scale 1.0
526,18l_1024d_300m_tokens_9150_steps_fineweb_seed1337_silu_schedulefree,18l_1024d_300m_tokens_9150_steps,fineweb,HuggingFaceFW/fineweb,sample-10BT,9bb295ddab0e05d785b879661af7260fed5140fc,true,text,train,train,0,0,0,610000000,experiments/cache/tokens_iclr26_main/fineweb,18l_1024d,18,1024,16,3072,256,8,4,32768,300000000,8000000,9150,50,10,10,1337,silu_schedulefree,silu,schedule_free_adamw,0.0003,0.00003,0.10,200,0.90,0.95,0.00000001,1.0,0.95,5,match_rms_adamw,0.02,silu,identity,256,32,0,0,4,0.0,false,gpt2,607a30d783dfa663caf39e06633721c8d4cfcd7e,--schedule-free-beta1 0.90 --schedule-free-warmup-steps 0
527,18l_1024d_300m_tokens_9150_steps_fineweb_seed1337_rlb_schedulefree,18l_1024d_300m_tokens_9150_steps,fineweb,HuggingFaceFW/fineweb,sample-10BT,9bb295ddab0e05d785b879661af7260fed5140fc,true,text,train,train,0,0,0,610000000,experiments/cache/tokens_iclr26_main/fineweb,18l_1024d,18,1024,16,3072,256,8,4,32768,300000000,8000000,9150,50,10,10,1337,rlb_schedulefree,rlb_fused_global_rational,schedule_free_adamw,0.0003,0.00003,0.10,200,0.90,0.95,0.00000001,1.0,0.95,5,match_rms_adamw,0.02,silu,identity,256,32,0,0,4,0.0,false,gpt2,607a30d783dfa663caf39e06633721c8d4cfcd7e,--schedule-free-beta1 0.90 --schedule-free-warmup-steps 0
528,18l_1024d_300m_tokens_9150_steps_fineweb_seed2027_silu_adamw,18l_1024d_300m_tokens_9150_steps,fineweb,HuggingFaceFW/fineweb,sample-10BT,9bb295ddab0e05d785b879661af7260fed5140fc,true,text,train,train,0,0,0,610000000,experiments/cache/tokens_iclr26_main/fineweb,18l_1024d,18,1024,16,3072,256,8,4,32768,300000000,8000000,9150,50,10,10,2027,silu_adamw,silu,adamw,0.0003,0.00003,0.10,200,0.90,0.95,0.00000001,1.0,0.95,5,match_rms_adamw,0.02,silu,identity,256,32,0,0,4,0.0,false,gpt2,607a30d783dfa663caf39e06633721c8d4cfcd7e,
529,18l_1024d_300m_tokens_9150_steps_fineweb_seed2027_rlb_adamw,18l_1024d_300m_tokens_9150_steps,fineweb,HuggingFaceFW/fineweb,sample-10BT,9bb295ddab0e05d785b879661af7260fed5140fc,true,text,train,train,0,0,0,610000000,experiments/cache/tokens_iclr26_main/fineweb,18l_1024d,18,1024,16,3072,256,8,4,32768,300000000,8000000,9150,50,10,10,2027,rlb_adamw,rlb_fused_global_rational,adamw,0.0003,0.00003,0.10,200,0.90,0.95,0.00000001,1.0,0.95,5,match_rms_adamw,0.02,silu,identity,256,32,0,0,4,0.0,false,gpt2,607a30d783dfa663caf39e06633721c8d4cfcd7e,
530,18l_1024d_300m_tokens_9150_steps_fineweb_seed2027_silu_muon,18l_1024d_300m_tokens_9150_steps,fineweb,HuggingFaceFW/fineweb,sample-10BT,9bb295ddab0e05d785b879661af7260fed5140fc,true,text,train,train,0,0,0,610000000,experiments/cache/tokens_iclr26_main/fineweb,18l_1024d,18,1024,16,3072,256,8,4,32768,300000000,8000000,9150,50,10,10,2027,silu_muon,silu,muon,0.0003,0.00003,0.10,200,0.90,0.95,0.00000001,1.0,0.95,5,match_rms_adamw,0.02,silu,identity,256,32,0,0,4,0.0,false,gpt2,607a30d783dfa663caf39e06633721c8d4cfcd7e,--muon-momentum 0.95 --muon-ns-steps 5 --muon-adjust-lr-fn match_rms_adamw
531,18l_1024d_300m_tokens_9150_steps_fineweb_seed2027_rlb_muon,18l_1024d_300m_tokens_9150_steps,fineweb,HuggingFaceFW/fineweb,sample-10BT,9bb295ddab0e05d785b879661af7260fed5140fc,true,text,train,train,0,0,0,610000000,experiments/cache/tokens_iclr26_main/fineweb,18l_1024d,18,1024,16,3072,256,8,4,32768,300000000,8000000,9150,50,10,10,2027,rlb_muon,rlb_fused_global_rational,muon,0.0003,0.00003,0.10,200,0.90,0.95,0.00000001,1.0,0.95,5,match_rms_adamw,0.02,silu,identity,256,32,0,0,4,0.0,false,gpt2,607a30d783dfa663caf39e06633721c8d4cfcd7e,--muon-momentum 0.95 --muon-ns-steps 5 --muon-adjust-lr-fn match_rms_adamw
532,18l_1024d_300m_tokens_9150_steps_fineweb_seed2027_silu_lion,18l_1024d_300m_tokens_9150_steps,fineweb,HuggingFaceFW/fineweb,sample-10BT,9bb295ddab0e05d785b879661af7260fed5140fc,true,text,train,train,0,0,0,610000000,experiments/cache/tokens_iclr26_main/fineweb,18l_1024d,18,1024,16,3072,256,8,4,32768,300000000,8000000,9150,50,10,10,2027,silu_lion,silu,lion,0.0001,0.00001,0.10,200,0.90,0.95,0.00000001,1.0,0.95,5,match_rms_adamw,0.02,silu,identity,256,32,0,0,4,0.0,false,gpt2,607a30d783dfa663caf39e06633721c8d4cfcd7e,
533,18l_1024d_300m_tokens_9150_steps_fineweb_seed2027_rlb_lion,18l_1024d_300m_tokens_9150_steps,fineweb,HuggingFaceFW/fineweb,sample-10BT,9bb295ddab0e05d785b879661af7260fed5140fc,true,text,train,train,0,0,0,610000000,experiments/cache/tokens_iclr26_main/fineweb,18l_1024d,18,1024,16,3072,256,8,4,32768,300000000,8000000,9150,50,10,10,2027,rlb_lion,rlb_fused_global_rational,lion,0.0001,0.00001,0.10,200,0.90,0.95,0.00000001,1.0,0.95,5,match_rms_adamw,0.02,silu,identity,256,32,0,0,4,0.0,false,gpt2,607a30d783dfa663caf39e06633721c8d4cfcd7e,
534,18l_1024d_300m_tokens_9150_steps_fineweb_seed2027_silu_soap,18l_1024d_300m_tokens_9150_steps,fineweb,HuggingFaceFW/fineweb,sample-10BT,9bb295ddab0e05d785b879661af7260fed5140fc,true,text,train,train,0,0,0,610000000,experiments/cache/tokens_iclr26_main/fineweb,18l_1024d,18,1024,16,3072,256,8,4,32768,300000000,8000000,9150,50,10,10,2027,silu_soap,silu,soap_adamw,0.0003,0.00003,0.10,200,0.90,0.95,0.00000001,1.0,0.95,5,match_rms_adamw,0.02,silu,identity,256,32,0,0,4,0.0,false,gpt2,607a30d783dfa663caf39e06633721c8d4cfcd7e,--soap-precondition-frequency 50 --no-soap-one-sided
535,18l_1024d_300m_tokens_9150_steps_fineweb_seed2027_rlb_soap,18l_1024d_300m_tokens_9150_steps,fineweb,HuggingFaceFW/fineweb,sample-10BT,9bb295ddab0e05d785b879661af7260fed5140fc,true,text,train,train,0,0,0,610000000,experiments/cache/tokens_iclr26_main/fineweb,18l_1024d,18,1024,16,3072,256,8,4,32768,300000000,8000000,9150,50,10,10,2027,rlb_soap,rlb_fused_global_rational,soap_adamw,0.0003,0.00003,0.10,200,0.90,0.95,0.00000001,1.0,0.95,5,match_rms_adamw,0.02,silu,identity,256,32,0,0,4,0.0,false,gpt2,607a30d783dfa663caf39e06633721c8d4cfcd7e,--soap-precondition-frequency 50 --no-soap-one-sided
536,18l_1024d_300m_tokens_9150_steps_fineweb_seed2027_silu_ademamix,18l_1024d_300m_tokens_9150_steps,fineweb,HuggingFaceFW/fineweb,sample-10BT,9bb295ddab0e05d785b879661af7260fed5140fc,true,text,train,train,0,0,0,610000000,experiments/cache/tokens_iclr26_main/fineweb,18l_1024d,18,1024,16,3072,256,8,4,32768,300000000,8000000,9150,50,10,10,2027,silu_ademamix,silu,ademamix,0.0003,0.00003,0.10,200,0.90,0.95,0.00000001,1.0,0.95,5,match_rms_adamw,0.02,silu,identity,256,32,0,0,4,0.0,false,gpt2,607a30d783dfa663caf39e06633721c8d4cfcd7e,--ademamix-alpha 5.0 --ademamix-beta3 0.9999
537,18l_1024d_300m_tokens_9150_steps_fineweb_seed2027_rlb_ademamix,18l_1024d_300m_tokens_9150_steps,fineweb,HuggingFaceFW/fineweb,sample-10BT,9bb295ddab0e05d785b879661af7260fed5140fc,true,text,train,train,0,0,0,610000000,experiments/cache/tokens_iclr26_main/fineweb,18l_1024d,18,1024,16,3072,256,8,4,32768,300000000,8000000,9150,50,10,10,2027,rlb_ademamix,rlb_fused_global_rational,ademamix,0.0003,0.00003,0.10,200,0.90,0.95,0.00000001,1.0,0.95,5,match_rms_adamw,0.02,silu,identity,256,32,0,0,4,0.0,false,gpt2,607a30d783dfa663caf39e06633721c8d4cfcd7e,--ademamix-alpha 5.0 --ademamix-beta3 0.9999
538,18l_1024d_300m_tokens_9150_steps_fineweb_seed2027_silu_came,18l_1024d_300m_tokens_9150_steps,fineweb,HuggingFaceFW/fineweb,sample-10BT,9bb295ddab0e05d785b879661af7260fed5140fc,true,text,train,train,0,0,0,610000000,experiments/cache/tokens_iclr26_main/fineweb,18l_1024d,18,1024,16,3072,256,8,4,32768,300000000,8000000,9150,50,10,10,2027,silu_came,silu,adafactor_came,0.0003,0.00003,0.10,200,0.90,0.95,0.00000001,1.0,0.95,5,match_rms_adamw,0.02,silu,identity,256,32,0,0,4,0.0,false,gpt2,607a30d783dfa663caf39e06633721c8d4cfcd7e,--came-confidence-scale 1.0
539,18l_1024d_300m_tokens_9150_steps_fineweb_seed2027_rlb_came,18l_1024d_300m_tokens_9150_steps,fineweb,HuggingFaceFW/fineweb,sample-10BT,9bb295ddab0e05d785b879661af7260fed5140fc,true,text,train,train,0,0,0,610000000,experiments/cache/tokens_iclr26_main/fineweb,18l_1024d,18,1024,16,3072,256,8,4,32768,300000000,8000000,9150,50,10,10,2027,rlb_came,rlb_fused_global_rational,adafactor_came,0.0003,0.00003,0.10,200,0.90,0.95,0.00000001,1.0,0.95,5,match_rms_adamw,0.02,silu,identity,256,32,0,0,4,0.0,false,gpt2,607a30d783dfa663caf39e06633721c8d4cfcd7e,--came-confidence-scale 1.0
540,18l_1024d_300m_tokens_9150_steps_fineweb_seed2027_silu_schedulefree,18l_1024d_300m_tokens_9150_steps,fineweb,HuggingFaceFW/fineweb,sample-10BT,9bb295ddab0e05d785b879661af7260fed5140fc,true,text,train,train,0,0,0,610000000,experiments/cache/tokens_iclr26_main/fineweb,18l_1024d,18,1024,16,3072,256,8,4,32768,300000000,8000000,9150,50,10,10,2027,silu_schedulefree,silu,schedule_free_adamw,0.0003,0.00003,0.10,200,0.90,0.95,0.00000001,1.0,0.95,5,match_rms_adamw,0.02,silu,identity,256,32,0,0,4,0.0,false,gpt2,607a30d783dfa663caf39e06633721c8d4cfcd7e,--schedule-free-beta1 0.90 --schedule-free-warmup-steps 0
541,18l_1024d_300m_tokens_9150_steps_fineweb_seed2027_rlb_schedulefree,18l_1024d_300m_tokens_9150_steps,fineweb,HuggingFaceFW/fineweb,sample-10BT,9bb295ddab0e05d785b879661af7260fed5140fc,true,text,train,train,0,0,0,610000000,experiments/cache/tokens_iclr26_main/fineweb,18l_1024d,18,1024,16,3072,256,8,4,32768,300000000,8000000,9150,50,10,10,2027,rlb_schedulefree,rlb_fused_global_rational,schedule_free_adamw,0.0003,0.00003,0.10,200,0.90,0.95,0.00000001,1.0,0.95,5,match_rms_adamw,0.02,silu,identity,256,32,0,0,4,0.0,false,gpt2,607a30d783dfa663caf39e06633721c8d4cfcd7e,--schedule-free-beta1 0.90 --schedule-free-warmup-steps 0
542,18l_1024d_300m_tokens_9150_steps_fineweb_seed3407_silu_adamw,18l_1024d_300m_tokens_9150_steps,fineweb,HuggingFaceFW/fineweb,sample-10BT,9bb295ddab0e05d785b879661af7260fed5140fc,true,text,train,train,0,0,0,610000000,experiments/cache/tokens_iclr26_main/fineweb,18l_1024d,18,1024,16,3072,256,8,4,32768,300000000,8000000,9150,50,10,10,3407,silu_adamw,silu,adamw,0.0003,0.00003,0.10,200,0.90,0.95,0.00000001,1.0,0.95,5,match_rms_adamw,0.02,silu,identity,256,32,0,0,4,0.0,false,gpt2,607a30d783dfa663caf39e06633721c8d4cfcd7e,
543,18l_1024d_300m_tokens_9150_steps_fineweb_seed3407_rlb_adamw,18l_1024d_300m_tokens_9150_steps,fineweb,HuggingFaceFW/fineweb,sample-10BT,9bb295ddab0e05d785b879661af7260fed5140fc,true,text,train,train,0,0,0,610000000,experiments/cache/tokens_iclr26_main/fineweb,18l_1024d,18,1024,16,3072,256,8,4,32768,300000000,8000000,9150,50,10,10,3407,rlb_adamw,rlb_fused_global_rational,adamw,0.0003,0.00003,0.10,200,0.90,0.95,0.00000001,1.0,0.95,5,match_rms_adamw,0.02,silu,identity,256,32,0,0,4,0.0,false,gpt2,607a30d783dfa663caf39e06633721c8d4cfcd7e,
544,18l_1024d_300m_tokens_9150_steps_fineweb_seed3407_silu_muon,18l_1024d_300m_tokens_9150_steps,fineweb,HuggingFaceFW/fineweb,sample-10BT,9bb295ddab0e05d785b879661af7260fed5140fc,true,text,train,train,0,0,0,610000000,experiments/cache/tokens_iclr26_main/fineweb,18l_1024d,18,1024,16,3072,256,8,4,32768,300000000,8000000,9150,50,10,10,3407,silu_muon,silu,muon,0.0003,0.00003,0.10,200,0.90,0.95,0.00000001,1.0,0.95,5,match_rms_adamw,0.02,silu,identity,256,32,0,0,4,0.0,false,gpt2,607a30d783dfa663caf39e06633721c8d4cfcd7e,--muon-momentum 0.95 --muon-ns-steps 5 --muon-adjust-lr-fn match_rms_adamw
545,18l_1024d_300m_tokens_9150_steps_fineweb_seed3407_rlb_muon,18l_1024d_300m_tokens_9150_steps,fineweb,HuggingFaceFW/fineweb,sample-10BT,9bb295ddab0e05d785b879661af7260fed5140fc,true,text,train,train,0,0,0,610000000,experiments/cache/tokens_iclr26_main/fineweb,18l_1024d,18,1024,16,3072,256,8,4,32768,300000000,8000000,9150,50,10,10,3407,rlb_muon,rlb_fused_global_rational,muon,0.0003,0.00003,0.10,200,0.90,0.95,0.00000001,1.0,0.95,5,match_rms_adamw,0.02,silu,identity,256,32,0,0,4,0.0,false,gpt2,607a30d783dfa663caf39e06633721c8d4cfcd7e,--muon-momentum 0.95 --muon-ns-steps 5 --muon-adjust-lr-fn match_rms_adamw
546,18l_1024d_300m_tokens_9150_steps_fineweb_seed3407_silu_lion,18l_1024d_300m_tokens_9150_steps,fineweb,HuggingFaceFW/fineweb,sample-10BT,9bb295ddab0e05d785b879661af7260fed5140fc,true,text,train,train,0,0,0,610000000,experiments/cache/tokens_iclr26_main/fineweb,18l_1024d,18,1024,16,3072,256,8,4,32768,300000000,8000000,9150,50,10,10,3407,silu_lion,silu,lion,0.0001,0.00001,0.10,200,0.90,0.95,0.00000001,1.0,0.95,5,match_rms_adamw,0.02,silu,identity,256,32,0,0,4,0.0,false,gpt2,607a30d783dfa663caf39e06633721c8d4cfcd7e,
547,18l_1024d_300m_tokens_9150_steps_fineweb_seed3407_rlb_lion,18l_1024d_300m_tokens_9150_steps,fineweb,HuggingFaceFW/fineweb,sample-10BT,9bb295ddab0e05d785b879661af7260fed5140fc,true,text,train,train,0,0,0,610000000,experiments/cache/tokens_iclr26_main/fineweb,18l_1024d,18,1024,16,3072,256,8,4,32768,300000000,8000000,9150,50,10,10,3407,rlb_lion,rlb_fused_global_rational,lion,0.0001,0.00001,0.10,200,0.90,0.95,0.00000001,1.0,0.95,5,match_rms_adamw,0.02,silu,identity,256,32,0,0,4,0.0,false,gpt2,607a30d783dfa663caf39e06633721c8d4cfcd7e,
548,18l_1024d_300m_tokens_9150_steps_fineweb_seed3407_silu_soap,18l_1024d_300m_tokens_9150_steps,fineweb,HuggingFaceFW/fineweb,sample-10BT,9bb295ddab0e05d785b879661af7260fed5140fc,true,text,train,train,0,0,0,610000000,experiments/cache/tokens_iclr26_main/fineweb,18l_1024d,18,1024,16,3072,256,8,4,32768,300000000,8000000,9150,50,10,10,3407,silu_soap,silu,soap_adamw,0.0003,0.00003,0.10,200,0.90,0.95,0.00000001,1.0,0.95,5,match_rms_adamw,0.02,silu,identity,256,32,0,0,4,0.0,false,gpt2,607a30d783dfa663caf39e06633721c8d4cfcd7e,--soap-precondition-frequency 50 --no-soap-one-sided
549,18l_1024d_300m_tokens_9150_steps_fineweb_seed3407_rlb_soap,18l_1024d_300m_tokens_9150_steps,fineweb,HuggingFaceFW/fineweb,sample-10BT,9bb295ddab0e05d785b879661af7260fed5140fc,true,text,train,train,0,0,0,610000000,experiments/cache/tokens_iclr26_main/fineweb,18l_1024d,18,1024,16,3072,256,8,4,32768,300000000,8000000,9150,50,10,10,3407,rlb_soap,rlb_fused_global_rational,soap_adamw,0.0003,0.00003,0.10,200,0.90,0.95,0.00000001,1.0,0.95,5,match_rms_adamw,0.02,silu,identity,256,32,0,0,4,0.0,false,gpt2,607a30d783dfa663caf39e06633721c8d4cfcd7e,--soap-precondition-frequency 50 --no-soap-one-sided
550,18l_1024d_300m_tokens_9150_steps_fineweb_seed3407_silu_ademamix,18l_1024d_300m_tokens_9150_steps,fineweb,HuggingFaceFW/fineweb,sample-10BT,9bb295ddab0e05d785b879661af7260fed5140fc,true,text,train,train,0,0,0,610000000,experiments/cache/tokens_iclr26_main/fineweb,18l_1024d,18,1024,16,3072,256,8,4,32768,300000000,8000000,9150,50,10,10,3407,silu_ademamix,silu,ademamix,0.0003,0.00003,0.10,200,0.90,0.95,0.00000001,1.0,0.95,5,match_rms_adamw,0.02,silu,identity,256,32,0,0,4,0.0,false,gpt2,607a30d783dfa663caf39e06633721c8d4cfcd7e,--ademamix-alpha 5.0 --ademamix-beta3 0.9999
551,18l_1024d_300m_tokens_9150_steps_fineweb_seed3407_rlb_ademamix,18l_1024d_300m_tokens_9150_steps,fineweb,HuggingFaceFW/fineweb,sample-10BT,9bb295ddab0e05d785b879661af7260fed5140fc,true,text,train,train,0,0,0,610000000,experiments/cache/tokens_iclr26_main/fineweb,18l_1024d,18,1024,16,3072,256,8,4,32768,300000000,8000000,9150,50,10,10,3407,rlb_ademamix,rlb_fused_global_rational,ademamix,0.0003,0.00003,0.10,200,0.90,0.95,0.00000001,1.0,0.95,5,match_rms_adamw,0.02,silu,identity,256,32,0,0,4,0.0,false,gpt2,607a30d783dfa663caf39e06633721c8d4cfcd7e,--ademamix-alpha 5.0 --ademamix-beta3 0.9999
552,18l_1024d_300m_tokens_9150_steps_fineweb_seed3407_silu_came,18l_1024d_300m_tokens_9150_steps,fineweb,HuggingFaceFW/fineweb,sample-10BT,9bb295ddab0e05d785b879661af7260fed5140fc,true,text,train,train,0,0,0,610000000,experiments/cache/tokens_iclr26_main/fineweb,18l_1024d,18,1024,16,3072,256,8,4,32768,300000000,8000000,9150,50,10,10,3407,silu_came,silu,adafactor_came,0.0003,0.00003,0.10,200,0.90,0.95,0.00000001,1.0,0.95,5,match_rms_adamw,0.02,silu,identity,256,32,0,0,4,0.0,false,gpt2,607a30d783dfa663caf39e06633721c8d4cfcd7e,--came-confidence-scale 1.0
553,18l_1024d_300m_tokens_9150_steps_fineweb_seed3407_rlb_came,18l_1024d_300m_tokens_9150_steps,fineweb,HuggingFaceFW/fineweb,sample-10BT,9bb295ddab0e05d785b879661af7260fed5140fc,true,text,train,train,0,0,0,610000000,experiments/cache/tokens_iclr26_main/fineweb,18l_1024d,18,1024,16,3072,256,8,4,32768,300000000,8000000,9150,50,10,10,3407,rlb_came,rlb_fused_global_rational,adafactor_came,0.0003,0.00003,0.10,200,0.90,0.95,0.00000001,1.0,0.95,5,match_rms_adamw,0.02,silu,identity,256,32,0,0,4,0.0,false,gpt2,607a30d783dfa663caf39e06633721c8d4cfcd7e,--came-confidence-scale 1.0
554,18l_1024d_300m_tokens_9150_steps_fineweb_seed3407_silu_schedulefree,18l_1024d_300m_tokens_9150_steps,fineweb,HuggingFaceFW/fineweb,sample-10BT,9bb295ddab0e05d785b879661af7260fed5140fc,true,text,train,train,0,0,0,610000000,experiments/cache/tokens_iclr26_main/fineweb,18l_1024d,18,1024,16,3072,256,8,4,32768,300000000,8000000,9150,50,10,10,3407,silu_schedulefree,silu,schedule_free_adamw,0.0003,0.00003,0.10,200,0.90,0.95,0.00000001,1.0,0.95,5,match_rms_adamw,0.02,silu,identity,256,32,0,0,4,0.0,false,gpt2,607a30d783dfa663caf39e06633721c8d4cfcd7e,--schedule-free-beta1 0.90 --schedule-free-warmup-steps 0
555,18l_1024d_300m_tokens_9150_steps_fineweb_seed3407_rlb_schedulefree,18l_1024d_300m_tokens_9150_steps,fineweb,HuggingFaceFW/fineweb,sample-10BT,9bb295ddab0e05d785b879661af7260fed5140fc,true,text,train,train,0,0,0,610000000,experiments/cache/tokens_iclr26_main/fineweb,18l_1024d,18,1024,16,3072,256,8,4,32768,300000000,8000000,9150,50,10,10,3407,rlb_schedulefree,rlb_fused_global_rational,schedule_free_adamw,0.0003,0.00003,0.10,200,0.90,0.95,0.00000001,1.0,0.95,5,match_rms_adamw,0.02,silu,identity,256,32,0,0,4,0.0,false,gpt2,607a30d783dfa663caf39e06633721c8d4cfcd7e,--schedule-free-beta1 0.90 --schedule-free-warmup-steps 0
556,18l_1024d_300m_tokens_9150_steps_dolma_sample_seed1337_silu_adamw,18l_1024d_300m_tokens_9150_steps,dolma_sample,allenai/dolma,v1_6-sample,7f48140530a023e9ea4c5cfb141160922727d4d3,true,text,train,train,0,0,0,610000000,experiments/cache/tokens_iclr26_main/dolma_sample,18l_1024d,18,1024,16,3072,256,8,4,32768,300000000,8000000,9150,50,10,10,1337,silu_adamw,silu,adamw,0.0003,0.00003,0.10,200,0.90,0.95,0.00000001,1.0,0.95,5,match_rms_adamw,0.02,silu,identity,256,32,0,0,4,0.0,false,gpt2,607a30d783dfa663caf39e06633721c8d4cfcd7e,
557,18l_1024d_300m_tokens_9150_steps_dolma_sample_seed1337_rlb_adamw,18l_1024d_300m_tokens_9150_steps,dolma_sample,allenai/dolma,v1_6-sample,7f48140530a023e9ea4c5cfb141160922727d4d3,true,text,train,train,0,0,0,610000000,experiments/cache/tokens_iclr26_main/dolma_sample,18l_1024d,18,1024,16,3072,256,8,4,32768,300000000,8000000,9150,50,10,10,1337,rlb_adamw,rlb_fused_global_rational,adamw,0.0003,0.00003,0.10,200,0.90,0.95,0.00000001,1.0,0.95,5,match_rms_adamw,0.02,silu,identity,256,32,0,0,4,0.0,false,gpt2,607a30d783dfa663caf39e06633721c8d4cfcd7e,
558,18l_1024d_300m_tokens_9150_steps_dolma_sample_seed1337_silu_muon,18l_1024d_300m_tokens_9150_steps,dolma_sample,allenai/dolma,v1_6-sample,7f48140530a023e9ea4c5cfb141160922727d4d3,true,text,train,train,0,0,0,610000000,experiments/cache/tokens_iclr26_main/dolma_sample,18l_1024d,18,1024,16,3072,256,8,4,32768,300000000,8000000,9150,50,10,10,1337,silu_muon,silu,muon,0.0003,0.00003,0.10,200,0.90,0.95,0.00000001,1.0,0.95,5,match_rms_adamw,0.02,silu,identity,256,32,0,0,4,0.0,false,gpt2,607a30d783dfa663caf39e06633721c8d4cfcd7e,--muon-momentum 0.95 --muon-ns-steps 5 --muon-adjust-lr-fn match_rms_adamw
559,18l_1024d_300m_tokens_9150_steps_dolma_sample_seed1337_rlb_muon,18l_1024d_300m_tokens_9150_steps,dolma_sample,allenai/dolma,v1_6-sample,7f48140530a023e9ea4c5cfb141160922727d4d3,true,text,train,train,0,0,0,610000000,experiments/cache/tokens_iclr26_main/dolma_sample,18l_1024d,18,1024,16,3072,256,8,4,32768,300000000,8000000,9150,50,10,10,1337,rlb_muon,rlb_fused_global_rational,muon,0.0003,0.00003,0.10,200,0.90,0.95,0.00000001,1.0,0.95,5,match_rms_adamw,0.02,silu,identity,256,32,0,0,4,0.0,false,gpt2,607a30d783dfa663caf39e06633721c8d4cfcd7e,--muon-momentum 0.95 --muon-ns-steps 5 --muon-adjust-lr-fn match_rms_adamw
560,18l_1024d_300m_tokens_9150_steps_dolma_sample_seed1337_silu_lion,18l_1024d_300m_tokens_9150_steps,dolma_sample,allenai/dolma,v1_6-sample,7f48140530a023e9ea4c5cfb141160922727d4d3,true,text,train,train,0,0,0,610000000,experiments/cache/tokens_iclr26_main/dolma_sample,18l_1024d,18,1024,16,3072,256,8,4,32768,300000000,8000000,9150,50,10,10,1337,silu_lion,silu,lion,0.0001,0.00001,0.10,200,0.90,0.95,0.00000001,1.0,0.95,5,match_rms_adamw,0.02,silu,identity,256,32,0,0,4,0.0,false,gpt2,607a30d783dfa663caf39e06633721c8d4cfcd7e,
561,18l_1024d_300m_tokens_9150_steps_dolma_sample_seed1337_rlb_lion,18l_1024d_300m_tokens_9150_steps,dolma_sample,allenai/dolma,v1_6-sample,7f48140530a023e9ea4c5cfb141160922727d4d3,true,text,train,train,0,0,0,610000000,experiments/cache/tokens_iclr26_main/dolma_sample,18l_1024d,18,1024,16,3072,256,8,4,32768,300000000,8000000,9150,50,10,10,1337,rlb_lion,rlb_fused_global_rational,lion,0.0001,0.00001,0.10,200,0.90,0.95,0.00000001,1.0,0.95,5,match_rms_adamw,0.02,silu,identity,256,32,0,0,4,0.0,false,gpt2,607a30d783dfa663caf39e06633721c8d4cfcd7e,
562,18l_1024d_300m_tokens_9150_steps_dolma_sample_seed1337_silu_soap,18l_1024d_300m_tokens_9150_steps,dolma_sample,allenai/dolma,v1_6-sample,7f48140530a023e9ea4c5cfb141160922727d4d3,true,text,train,train,0,0,0,610000000,experiments/cache/tokens_iclr26_main/dolma_sample,18l_1024d,18,1024,16,3072,256,8,4,32768,300000000,8000000,9150,50,10,10,1337,silu_soap,silu,soap_adamw,0.0003,0.00003,0.10,200,0.90,0.95,0.00000001,1.0,0.95,5,match_rms_adamw,0.02,silu,identity,256,32,0,0,4,0.0,false,gpt2,607a30d783dfa663caf39e06633721c8d4cfcd7e,--soap-precondition-frequency 50 --no-soap-one-sided
563,18l_1024d_300m_tokens_9150_steps_dolma_sample_seed1337_rlb_soap,18l_1024d_300m_tokens_9150_steps,dolma_sample,allenai/dolma,v1_6-sample,7f48140530a023e9ea4c5cfb141160922727d4d3,true,text,train,train,0,0,0,610000000,experiments/cache/tokens_iclr26_main/dolma_sample,18l_1024d,18,1024,16,3072,256,8,4,32768,300000000,8000000,9150,50,10,10,1337,rlb_soap,rlb_fused_global_rational,soap_adamw,0.0003,0.00003,0.10,200,0.90,0.95,0.00000001,1.0,0.95,5,match_rms_adamw,0.02,silu,identity,256,32,0,0,4,0.0,false,gpt2,607a30d783dfa663caf39e06633721c8d4cfcd7e,--soap-precondition-frequency 50 --no-soap-one-sided
564,18l_1024d_300m_tokens_9150_steps_dolma_sample_seed1337_silu_ademamix,18l_1024d_300m_tokens_9150_steps,dolma_sample,allenai/dolma,v1_6-sample,7f48140530a023e9ea4c5cfb141160922727d4d3,true,text,train,train,0,0,0,610000000,experiments/cache/tokens_iclr26_main/dolma_sample,18l_1024d,18,1024,16,3072,256,8,4,32768,300000000,8000000,9150,50,10,10,1337,silu_ademamix,silu,ademamix,0.0003,0.00003,0.10,200,0.90,0.95,0.00000001,1.0,0.95,5,match_rms_adamw,0.02,silu,identity,256,32,0,0,4,0.0,false,gpt2,607a30d783dfa663caf39e06633721c8d4cfcd7e,--ademamix-alpha 5.0 --ademamix-beta3 0.9999
565,18l_1024d_300m_tokens_9150_steps_dolma_sample_seed1337_rlb_ademamix,18l_1024d_300m_tokens_9150_steps,dolma_sample,allenai/dolma,v1_6-sample,7f48140530a023e9ea4c5cfb141160922727d4d3,true,text,train,train,0,0,0,610000000,experiments/cache/tokens_iclr26_main/dolma_sample,18l_1024d,18,1024,16,3072,256,8,4,32768,300000000,8000000,9150,50,10,10,1337,rlb_ademamix,rlb_fused_global_rational,ademamix,0.0003,0.00003,0.10,200,0.90,0.95,0.00000001,1.0,0.95,5,match_rms_adamw,0.02,silu,identity,256,32,0,0,4,0.0,false,gpt2,607a30d783dfa663caf39e06633721c8d4cfcd7e,--ademamix-alpha 5.0 --ademamix-beta3 0.9999
566,18l_1024d_300m_tokens_9150_steps_dolma_sample_seed1337_silu_came,18l_1024d_300m_tokens_9150_steps,dolma_sample,allenai/dolma,v1_6-sample,7f48140530a023e9ea4c5cfb141160922727d4d3,true,text,train,train,0,0,0,610000000,experiments/cache/tokens_iclr26_main/dolma_sample,18l_1024d,18,1024,16,3072,256,8,4,32768,300000000,8000000,9150,50,10,10,1337,silu_came,silu,adafactor_came,0.0003,0.00003,0.10,200,0.90,0.95,0.00000001,1.0,0.95,5,match_rms_adamw,0.02,silu,identity,256,32,0,0,4,0.0,false,gpt2,607a30d783dfa663caf39e06633721c8d4cfcd7e,--came-confidence-scale 1.0
567,18l_1024d_300m_tokens_9150_steps_dolma_sample_seed1337_rlb_came,18l_1024d_300m_tokens_9150_steps,dolma_sample,allenai/dolma,v1_6-sample,7f48140530a023e9ea4c5cfb141160922727d4d3,true,text,train,train,0,0,0,610000000,experiments/cache/tokens_iclr26_main/dolma_sample,18l_1024d,18,1024,16,3072,256,8,4,32768,300000000,8000000,9150,50,10,10,1337,rlb_came,rlb_fused_global_rational,adafactor_came,0.0003,0.00003,0.10,200,0.90,0.95,0.00000001,1.0,0.95,5,match_rms_adamw,0.02,silu,identity,256,32,0,0,4,0.0,false,gpt2,607a30d783dfa663caf39e06633721c8d4cfcd7e,--came-confidence-scale 1.0
568,18l_1024d_300m_tokens_9150_steps_dolma_sample_seed1337_silu_schedulefree,18l_1024d_300m_tokens_9150_steps,dolma_sample,allenai/dolma,v1_6-sample,7f48140530a023e9ea4c5cfb141160922727d4d3,true,text,train,train,0,0,0,610000000,experiments/cache/tokens_iclr26_main/dolma_sample,18l_1024d,18,1024,16,3072,256,8,4,32768,300000000,8000000,9150,50,10,10,1337,silu_schedulefree,silu,schedule_free_adamw,0.0003,0.00003,0.10,200,0.90,0.95,0.00000001,1.0,0.95,5,match_rms_adamw,0.02,silu,identity,256,32,0,0,4,0.0,false,gpt2,607a30d783dfa663caf39e06633721c8d4cfcd7e,--schedule-free-beta1 0.90 --schedule-free-warmup-steps 0
569,18l_1024d_300m_tokens_9150_steps_dolma_sample_seed1337_rlb_schedulefree,18l_1024d_300m_tokens_9150_steps,dolma_sample,allenai/dolma,v1_6-sample,7f48140530a023e9ea4c5cfb141160922727d4d3,true,text,train,train,0,0,0,610000000,experiments/cache/tokens_iclr26_main/dolma_sample,18l_1024d,18,1024,16,3072,256,8,4,32768,300000000,8000000,9150,50,10,10,1337,rlb_schedulefree,rlb_fused_global_rational,schedule_free_adamw,0.0003,0.00003,0.10,200,0.90,0.95,0.00000001,1.0,0.95,5,match_rms_adamw,0.02,silu,identity,256,32,0,0,4,0.0,false,gpt2,607a30d783dfa663caf39e06633721c8d4cfcd7e,--schedule-free-beta1 0.90 --schedule-free-warmup-steps 0
570,18l_1024d_300m_tokens_9150_steps_dolma_sample_seed2027_silu_adamw,18l_1024d_300m_tokens_9150_steps,dolma_sample,allenai/dolma,v1_6-sample,7f48140530a023e9ea4c5cfb141160922727d4d3,true,text,train,train,0,0,0,610000000,experiments/cache/tokens_iclr26_main/dolma_sample,18l_1024d,18,1024,16,3072,256,8,4,32768,300000000,8000000,9150,50,10,10,2027,silu_adamw,silu,adamw,0.0003,0.00003,0.10,200,0.90,0.95,0.00000001,1.0,0.95,5,match_rms_adamw,0.02,silu,identity,256,32,0,0,4,0.0,false,gpt2,607a30d783dfa663caf39e06633721c8d4cfcd7e,
571,18l_1024d_300m_tokens_9150_steps_dolma_sample_seed2027_rlb_adamw,18l_1024d_300m_tokens_9150_steps,dolma_sample,allenai/dolma,v1_6-sample,7f48140530a023e9ea4c5cfb141160922727d4d3,true,text,train,train,0,0,0,610000000,experiments/cache/tokens_iclr26_main/dolma_sample,18l_1024d,18,1024,16,3072,256,8,4,32768,300000000,8000000,9150,50,10,10,2027,rlb_adamw,rlb_fused_global_rational,adamw,0.0003,0.00003,0.10,200,0.90,0.95,0.00000001,1.0,0.95,5,match_rms_adamw,0.02,silu,identity,256,32,0,0,4,0.0,false,gpt2,607a30d783dfa663caf39e06633721c8d4cfcd7e,
572,18l_1024d_300m_tokens_9150_steps_dolma_sample_seed2027_silu_muon,18l_1024d_300m_tokens_9150_steps,dolma_sample,allenai/dolma,v1_6-sample,7f48140530a023e9ea4c5cfb141160922727d4d3,true,text,train,train,0,0,0,610000000,experiments/cache/tokens_iclr26_main/dolma_sample,18l_1024d,18,1024,16,3072,256,8,4,32768,300000000,8000000,9150,50,10,10,2027,silu_muon,silu,muon,0.0003,0.00003,0.10,200,0.90,0.95,0.00000001,1.0,0.95,5,match_rms_adamw,0.02,silu,identity,256,32,0,0,4,0.0,false,gpt2,607a30d783dfa663caf39e06633721c8d4cfcd7e,--muon-momentum 0.95 --muon-ns-steps 5 --muon-adjust-lr-fn match_rms_adamw
573,18l_1024d_300m_tokens_9150_steps_dolma_sample_seed2027_rlb_muon,18l_1024d_300m_tokens_9150_steps,dolma_sample,allenai/dolma,v1_6-sample,7f48140530a023e9ea4c5cfb141160922727d4d3,true,text,train,train,0,0,0,610000000,experiments/cache/tokens_iclr26_main/dolma_sample,18l_1024d,18,1024,16,3072,256,8,4,32768,300000000,8000000,9150,50,10,10,2027,rlb_muon,rlb_fused_global_rational,muon,0.0003,0.00003,0.10,200,0.90,0.95,0.00000001,1.0,0.95,5,match_rms_adamw,0.02,silu,identity,256,32,0,0,4,0.0,false,gpt2,607a30d783dfa663caf39e06633721c8d4cfcd7e,--muon-momentum 0.95 --muon-ns-steps 5 --muon-adjust-lr-fn match_rms_adamw
574,18l_1024d_300m_tokens_9150_steps_dolma_sample_seed2027_silu_lion,18l_1024d_300m_tokens_9150_steps,dolma_sample,allenai/dolma,v1_6-sample,7f48140530a023e9ea4c5cfb141160922727d4d3,true,text,train,train,0,0,0,610000000,experiments/cache/tokens_iclr26_main/dolma_sample,18l_1024d,18,1024,16,3072,256,8,4,32768,300000000,8000000,9150,50,10,10,2027,silu_lion,silu,lion,0.0001,0.00001,0.10,200,0.90,0.95,0.00000001,1.0,0.95,5,match_rms_adamw,0.02,silu,identity,256,32,0,0,4,0.0,false,gpt2,607a30d783dfa663caf39e06633721c8d4cfcd7e,
575,18l_1024d_300m_tokens_9150_steps_dolma_sample_seed2027_rlb_lion,18l_1024d_300m_tokens_9150_steps,dolma_sample,allenai/dolma,v1_6-sample,7f48140530a023e9ea4c5cfb141160922727d4d3,true,text,train,train,0,0,0,610000000,experiments/cache/tokens_iclr26_main/dolma_sample,18l_1024d,18,1024,16,3072,256,8,4,32768,300000000,8000000,9150,50,10,10,2027,rlb_lion,rlb_fused_global_rational,lion,0.0001,0.00001,0.10,200,0.90,0.95,0.00000001,1.0,0.95,5,match_rms_adamw,0.02,silu,identity,256,32,0,0,4,0.0,false,gpt2,607a30d783dfa663caf39e06633721c8d4cfcd7e,
576,18l_1024d_300m_tokens_9150_steps_dolma_sample_seed2027_silu_soap,18l_1024d_300m_tokens_9150_steps,dolma_sample,allenai/dolma,v1_6-sample,7f48140530a023e9ea4c5cfb141160922727d4d3,true,text,train,train,0,0,0,610000000,experiments/cache/tokens_iclr26_main/dolma_sample,18l_1024d,18,1024,16,3072,256,8,4,32768,300000000,8000000,9150,50,10,10,2027,silu_soap,silu,soap_adamw,0.0003,0.00003,0.10,200,0.90,0.95,0.00000001,1.0,0.95,5,match_rms_adamw,0.02,silu,identity,256,32,0,0,4,0.0,false,gpt2,607a30d783dfa663caf39e06633721c8d4cfcd7e,--soap-precondition-frequency 50 --no-soap-one-sided
577,18l_1024d_300m_tokens_9150_steps_dolma_sample_seed2027_rlb_soap,18l_1024d_300m_tokens_9150_steps,dolma_sample,allenai/dolma,v1_6-sample,7f48140530a023e9ea4c5cfb141160922727d4d3,true,text,train,train,0,0,0,610000000,experiments/cache/tokens_iclr26_main/dolma_sample,18l_1024d,18,1024,16,3072,256,8,4,32768,300000000,8000000,9150,50,10,10,2027,rlb_soap,rlb_fused_global_rational,soap_adamw,0.0003,0.00003,0.10,200,0.90,0.95,0.00000001,1.0,0.95,5,match_rms_adamw,0.02,silu,identity,256,32,0,0,4,0.0,false,gpt2,607a30d783dfa663caf39e06633721c8d4cfcd7e,--soap-precondition-frequency 50 --no-soap-one-sided
578,18l_1024d_300m_tokens_9150_steps_dolma_sample_seed2027_silu_ademamix,18l_1024d_300m_tokens_9150_steps,dolma_sample,allenai/dolma,v1_6-sample,7f48140530a023e9ea4c5cfb141160922727d4d3,true,text,train,train,0,0,0,610000000,experiments/cache/tokens_iclr26_main/dolma_sample,18l_1024d,18,1024,16,3072,256,8,4,32768,300000000,8000000,9150,50,10,10,2027,silu_ademamix,silu,ademamix,0.0003,0.00003,0.10,200,0.90,0.95,0.00000001,1.0,0.95,5,match_rms_adamw,0.02,silu,identity,256,32,0,0,4,0.0,false,gpt2,607a30d783dfa663caf39e06633721c8d4cfcd7e,--ademamix-alpha 5.0 --ademamix-beta3 0.9999
579,18l_1024d_300m_tokens_9150_steps_dolma_sample_seed2027_rlb_ademamix,18l_1024d_300m_tokens_9150_steps,dolma_sample,allenai/dolma,v1_6-sample,7f48140530a023e9ea4c5cfb141160922727d4d3,true,text,train,train,0,0,0,610000000,experiments/cache/tokens_iclr26_main/dolma_sample,18l_1024d,18,1024,16,3072,256,8,4,32768,300000000,8000000,9150,50,10,10,2027,rlb_ademamix,rlb_fused_global_rational,ademamix,0.0003,0.00003,0.10,200,0.90,0.95,0.00000001,1.0,0.95,5,match_rms_adamw,0.02,silu,identity,256,32,0,0,4,0.0,false,gpt2,607a30d783dfa663caf39e06633721c8d4cfcd7e,--ademamix-alpha 5.0 --ademamix-beta3 0.9999
580,18l_1024d_300m_tokens_9150_steps_dolma_sample_seed2027_silu_came,18l_1024d_300m_tokens_9150_steps,dolma_sample,allenai/dolma,v1_6-sample,7f48140530a023e9ea4c5cfb141160922727d4d3,true,text,train,train,0,0,0,610000000,experiments/cache/tokens_iclr26_main/dolma_sample,18l_1024d,18,1024,16,3072,256,8,4,32768,300000000,8000000,9150,50,10,10,2027,silu_came,silu,adafactor_came,0.0003,0.00003,0.10,200,0.90,0.95,0.00000001,1.0,0.95,5,match_rms_adamw,0.02,silu,identity,256,32,0,0,4,0.0,false,gpt2,607a30d783dfa663caf39e06633721c8d4cfcd7e,--came-confidence-scale 1.0
581,18l_1024d_300m_tokens_9150_steps_dolma_sample_seed2027_rlb_came,18l_1024d_300m_tokens_9150_steps,dolma_sample,allenai/dolma,v1_6-sample,7f48140530a023e9ea4c5cfb141160922727d4d3,true,text,train,train,0,0,0,610000000,experiments/cache/tokens_iclr26_main/dolma_sample,18l_1024d,18,1024,16,3072,256,8,4,32768,300000000,8000000,9150,50,10,10,2027,rlb_came,rlb_fused_global_rational,adafactor_came,0.0003,0.00003,0.10,200,0.90,0.95,0.00000001,1.0,0.95,5,match_rms_adamw,0.02,silu,identity,256,32,0,0,4,0.0,false,gpt2,607a30d783dfa663caf39e06633721c8d4cfcd7e,--came-confidence-scale 1.0
582,18l_1024d_300m_tokens_9150_steps_dolma_sample_seed2027_silu_schedulefree,18l_1024d_300m_tokens_9150_steps,dolma_sample,allenai/dolma,v1_6-sample,7f48140530a023e9ea4c5cfb141160922727d4d3,true,text,train,train,0,0,0,610000000,experiments/cache/tokens_iclr26_main/dolma_sample,18l_1024d,18,1024,16,3072,256,8,4,32768,300000000,8000000,9150,50,10,10,2027,silu_schedulefree,silu,schedule_free_adamw,0.0003,0.00003,0.10,200,0.90,0.95,0.00000001,1.0,0.95,5,match_rms_adamw,0.02,silu,identity,256,32,0,0,4,0.0,false,gpt2,607a30d783dfa663caf39e06633721c8d4cfcd7e,--schedule-free-beta1 0.90 --schedule-free-warmup-steps 0
583,18l_1024d_300m_tokens_9150_steps_dolma_sample_seed2027_rlb_schedulefree,18l_1024d_300m_tokens_9150_steps,dolma_sample,allenai/dolma,v1_6-sample,7f48140530a023e9ea4c5cfb141160922727d4d3,true,text,train,train,0,0,0,610000000,experiments/cache/tokens_iclr26_main/dolma_sample,18l_1024d,18,1024,16,3072,256,8,4,32768,300000000,8000000,9150,50,10,10,2027,rlb_schedulefree,rlb_fused_global_rational,schedule_free_adamw,0.0003,0.00003,0.10,200,0.90,0.95,0.00000001,1.0,0.95,5,match_rms_adamw,0.02,silu,identity,256,32,0,0,4,0.0,false,gpt2,607a30d783dfa663caf39e06633721c8d4cfcd7e,--schedule-free-beta1 0.90 --schedule-free-warmup-steps 0
584,18l_1024d_300m_tokens_9150_steps_dolma_sample_seed3407_silu_adamw,18l_1024d_300m_tokens_9150_steps,dolma_sample,allenai/dolma,v1_6-sample,7f48140530a023e9ea4c5cfb141160922727d4d3,true,text,train,train,0,0,0,610000000,experiments/cache/tokens_iclr26_main/dolma_sample,18l_1024d,18,1024,16,3072,256,8,4,32768,300000000,8000000,9150,50,10,10,3407,silu_adamw,silu,adamw,0.0003,0.00003,0.10,200,0.90,0.95,0.00000001,1.0,0.95,5,match_rms_adamw,0.02,silu,identity,256,32,0,0,4,0.0,false,gpt2,607a30d783dfa663caf39e06633721c8d4cfcd7e,
585,18l_1024d_300m_tokens_9150_steps_dolma_sample_seed3407_rlb_adamw,18l_1024d_300m_tokens_9150_steps,dolma_sample,allenai/dolma,v1_6-sample,7f48140530a023e9ea4c5cfb141160922727d4d3,true,text,train,train,0,0,0,610000000,experiments/cache/tokens_iclr26_main/dolma_sample,18l_1024d,18,1024,16,3072,256,8,4,32768,300000000,8000000,9150,50,10,10,3407,rlb_adamw,rlb_fused_global_rational,adamw,0.0003,0.00003,0.10,200,0.90,0.95,0.00000001,1.0,0.95,5,match_rms_adamw,0.02,silu,identity,256,32,0,0,4,0.0,false,gpt2,607a30d783dfa663caf39e06633721c8d4cfcd7e,
586,18l_1024d_300m_tokens_9150_steps_dolma_sample_seed3407_silu_muon,18l_1024d_300m_tokens_9150_steps,dolma_sample,allenai/dolma,v1_6-sample,7f48140530a023e9ea4c5cfb141160922727d4d3,true,text,train,train,0,0,0,610000000,experiments/cache/tokens_iclr26_main/dolma_sample,18l_1024d,18,1024,16,3072,256,8,4,32768,300000000,8000000,9150,50,10,10,3407,silu_muon,silu,muon,0.0003,0.00003,0.10,200,0.90,0.95,0.00000001,1.0,0.95,5,match_rms_adamw,0.02,silu,identity,256,32,0,0,4,0.0,false,gpt2,607a30d783dfa663caf39e06633721c8d4cfcd7e,--muon-momentum 0.95 --muon-ns-steps 5 --muon-adjust-lr-fn match_rms_adamw
587,18l_1024d_300m_tokens_9150_steps_dolma_sample_seed3407_rlb_muon,18l_1024d_300m_tokens_9150_steps,dolma_sample,allenai/dolma,v1_6-sample,7f48140530a023e9ea4c5cfb141160922727d4d3,true,text,train,train,0,0,0,610000000,experiments/cache/tokens_iclr26_main/dolma_sample,18l_1024d,18,1024,16,3072,256,8,4,32768,300000000,8000000,9150,50,10,10,3407,rlb_muon,rlb_fused_global_rational,muon,0.0003,0.00003,0.10,200,0.90,0.95,0.00000001,1.0,0.95,5,match_rms_adamw,0.02,silu,identity,256,32,0,0,4,0.0,false,gpt2,607a30d783dfa663caf39e06633721c8d4cfcd7e,--muon-momentum 0.95 --muon-ns-steps 5 --muon-adjust-lr-fn match_rms_adamw
588,18l_1024d_300m_tokens_9150_steps_dolma_sample_seed3407_silu_lion,18l_1024d_300m_tokens_9150_steps,dolma_sample,allenai/dolma,v1_6-sample,7f48140530a023e9ea4c5cfb141160922727d4d3,true,text,train,train,0,0,0,610000000,experiments/cache/tokens_iclr26_main/dolma_sample,18l_1024d,18,1024,16,3072,256,8,4,32768,300000000,8000000,9150,50,10,10,3407,silu_lion,silu,lion,0.0001,0.00001,0.10,200,0.90,0.95,0.00000001,1.0,0.95,5,match_rms_adamw,0.02,silu,identity,256,32,0,0,4,0.0,false,gpt2,607a30d783dfa663caf39e06633721c8d4cfcd7e,
589,18l_1024d_300m_tokens_9150_steps_dolma_sample_seed3407_rlb_lion,18l_1024d_300m_tokens_9150_steps,dolma_sample,allenai/dolma,v1_6-sample,7f48140530a023e9ea4c5cfb141160922727d4d3,true,text,train,train,0,0,0,610000000,experiments/cache/tokens_iclr26_main/dolma_sample,18l_1024d,18,1024,16,3072,256,8,4,32768,300000000,8000000,9150,50,10,10,3407,rlb_lion,rlb_fused_global_rational,lion,0.0001,0.00001,0.10,200,0.90,0.95,0.00000001,1.0,0.95,5,match_rms_adamw,0.02,silu,identity,256,32,0,0,4,0.0,false,gpt2,607a30d783dfa663caf39e06633721c8d4cfcd7e,
590,18l_1024d_300m_tokens_9150_steps_dolma_sample_seed3407_silu_soap,18l_1024d_300m_tokens_9150_steps,dolma_sample,allenai/dolma,v1_6-sample,7f48140530a023e9ea4c5cfb141160922727d4d3,true,text,train,train,0,0,0,610000000,experiments/cache/tokens_iclr26_main/dolma_sample,18l_1024d,18,1024,16,3072,256,8,4,32768,300000000,8000000,9150,50,10,10,3407,silu_soap,silu,soap_adamw,0.0003,0.00003,0.10,200,0.90,0.95,0.00000001,1.0,0.95,5,match_rms_adamw,0.02,silu,identity,256,32,0,0,4,0.0,false,gpt2,607a30d783dfa663caf39e06633721c8d4cfcd7e,--soap-precondition-frequency 50 --no-soap-one-sided
591,18l_1024d_300m_tokens_9150_steps_dolma_sample_seed3407_rlb_soap,18l_1024d_300m_tokens_9150_steps,dolma_sample,allenai/dolma,v1_6-sample,7f48140530a023e9ea4c5cfb141160922727d4d3,true,text,train,train,0,0,0,610000000,experiments/cache/tokens_iclr26_main/dolma_sample,18l_1024d,18,1024,16,3072,256,8,4,32768,300000000,8000000,9150,50,10,10,3407,rlb_soap,rlb_fused_global_rational,soap_adamw,0.0003,0.00003,0.10,200,0.90,0.95,0.00000001,1.0,0.95,5,match_rms_adamw,0.02,silu,identity,256,32,0,0,4,0.0,false,gpt2,607a30d783dfa663caf39e06633721c8d4cfcd7e,--soap-precondition-frequency 50 --no-soap-one-sided
592,18l_1024d_300m_tokens_9150_steps_dolma_sample_seed3407_silu_ademamix,18l_1024d_300m_tokens_9150_steps,dolma_sample,allenai/dolma,v1_6-sample,7f48140530a023e9ea4c5cfb141160922727d4d3,true,text,train,train,0,0,0,610000000,experiments/cache/tokens_iclr26_main/dolma_sample,18l_1024d,18,1024,16,3072,256,8,4,32768,300000000,8000000,9150,50,10,10,3407,silu_ademamix,silu,ademamix,0.0003,0.00003,0.10,200,0.90,0.95,0.00000001,1.0,0.95,5,match_rms_adamw,0.02,silu,identity,256,32,0,0,4,0.0,false,gpt2,607a30d783dfa663caf39e06633721c8d4cfcd7e,--ademamix-alpha 5.0 --ademamix-beta3 0.9999
593,18l_1024d_300m_tokens_9150_steps_dolma_sample_seed3407_rlb_ademamix,18l_1024d_300m_tokens_9150_steps,dolma_sample,allenai/dolma,v1_6-sample,7f48140530a023e9ea4c5cfb141160922727d4d3,true,text,train,train,0,0,0,610000000,experiments/cache/tokens_iclr26_main/dolma_sample,18l_1024d,18,1024,16,3072,256,8,4,32768,300000000,8000000,9150,50,10,10,3407,rlb_ademamix,rlb_fused_global_rational,ademamix,0.0003,0.00003,0.10,200,0.90,0.95,0.00000001,1.0,0.95,5,match_rms_adamw,0.02,silu,identity,256,32,0,0,4,0.0,false,gpt2,607a30d783dfa663caf39e06633721c8d4cfcd7e,--ademamix-alpha 5.0 --ademamix-beta3 0.9999
594,18l_1024d_300m_tokens_9150_steps_dolma_sample_seed3407_silu_came,18l_1024d_300m_tokens_9150_steps,dolma_sample,allenai/dolma,v1_6-sample,7f48140530a023e9ea4c5cfb141160922727d4d3,true,text,train,train,0,0,0,610000000,experiments/cache/tokens_iclr26_main/dolma_sample,18l_1024d,18,1024,16,3072,256,8,4,32768,300000000,8000000,9150,50,10,10,3407,silu_came,silu,adafactor_came,0.0003,0.00003,0.10,200,0.90,0.95,0.00000001,1.0,0.95,5,match_rms_adamw,0.02,silu,identity,256,32,0,0,4,0.0,false,gpt2,607a30d783dfa663caf39e06633721c8d4cfcd7e,--came-confidence-scale 1.0
595,18l_1024d_300m_tokens_9150_steps_dolma_sample_seed3407_rlb_came,18l_1024d_300m_tokens_9150_steps,dolma_sample,allenai/dolma,v1_6-sample,7f48140530a023e9ea4c5cfb141160922727d4d3,true,text,train,train,0,0,0,610000000,experiments/cache/tokens_iclr26_main/dolma_sample,18l_1024d,18,1024,16,3072,256,8,4,32768,300000000,8000000,9150,50,10,10,3407,rlb_came,rlb_fused_global_rational,adafactor_came,0.0003,0.00003,0.10,200,0.90,0.95,0.00000001,1.0,0.95,5,match_rms_adamw,0.02,silu,identity,256,32,0,0,4,0.0,false,gpt2,607a30d783dfa663caf39e06633721c8d4cfcd7e,--came-confidence-scale 1.0
596,18l_1024d_300m_tokens_9150_steps_dolma_sample_seed3407_silu_schedulefree,18l_1024d_300m_tokens_9150_steps,dolma_sample,allenai/dolma,v1_6-sample,7f48140530a023e9ea4c5cfb141160922727d4d3,true,text,train,train,0,0,0,610000000,experiments/cache/tokens_iclr26_main/dolma_sample,18l_1024d,18,1024,16,3072,256,8,4,32768,300000000,8000000,9150,50,10,10,3407,silu_schedulefree,silu,schedule_free_adamw,0.0003,0.00003,0.10,200,0.90,0.95,0.00000001,1.0,0.95,5,match_rms_adamw,0.02,silu,identity,256,32,0,0,4,0.0,false,gpt2,607a30d783dfa663caf39e06633721c8d4cfcd7e,--schedule-free-beta1 0.90 --schedule-free-warmup-steps 0
597,18l_1024d_300m_tokens_9150_steps_dolma_sample_seed3407_rlb_schedulefree,18l_1024d_300m_tokens_9150_steps,dolma_sample,allenai/dolma,v1_6-sample,7f48140530a023e9ea4c5cfb141160922727d4d3,true,text,train,train,0,0,0,610000000,experiments/cache/tokens_iclr26_main/dolma_sample,18l_1024d,18,1024,16,3072,256,8,4,32768,300000000,8000000,9150,50,10,10,3407,rlb_schedulefree,rlb_fused_global_rational,schedule_free_adamw,0.0003,0.00003,0.10,200,0.90,0.95,0.00000001,1.0,0.95,5,match_rms_adamw,0.02,silu,identity,256,32,0,0,4,0.0,false,gpt2,607a30d783dfa663caf39e06633721c8d4cfcd7e,--schedule-free-beta1 0.90 --schedule-free-warmup-steps 0
598,18l_1024d_300m_tokens_9150_steps_c4_en_seed1337_silu_adamw,18l_1024d_300m_tokens_9150_steps,c4_en,allenai/c4,en,1588ec454efa1a09f29cd18ddd04fe05fc8653a2,true,text,train,validation,0,0,0,0,experiments/cache/tokens_iclr26_main/c4_en,18l_1024d,18,1024,16,3072,256,8,4,32768,300000000,8000000,9150,50,10,10,1337,silu_adamw,silu,adamw,0.0003,0.00003,0.10,200,0.90,0.95,0.00000001,1.0,0.95,5,match_rms_adamw,0.02,silu,identity,256,32,0,0,4,0.0,false,gpt2,607a30d783dfa663caf39e06633721c8d4cfcd7e,
599,18l_1024d_300m_tokens_9150_steps_c4_en_seed1337_rlb_adamw,18l_1024d_300m_tokens_9150_steps,c4_en,allenai/c4,en,1588ec454efa1a09f29cd18ddd04fe05fc8653a2,true,text,train,validation,0,0,0,0,experiments/cache/tokens_iclr26_main/c4_en,18l_1024d,18,1024,16,3072,256,8,4,32768,300000000,8000000,9150,50,10,10,1337,rlb_adamw,rlb_fused_global_rational,adamw,0.0003,0.00003,0.10,200,0.90,0.95,0.00000001,1.0,0.95,5,match_rms_adamw,0.02,silu,identity,256,32,0,0,4,0.0,false,gpt2,607a30d783dfa663caf39e06633721c8d4cfcd7e,
600,18l_1024d_300m_tokens_9150_steps_c4_en_seed1337_silu_muon,18l_1024d_300m_tokens_9150_steps,c4_en,allenai/c4,en,1588ec454efa1a09f29cd18ddd04fe05fc8653a2,true,text,train,validation,0,0,0,0,experiments/cache/tokens_iclr26_main/c4_en,18l_1024d,18,1024,16,3072,256,8,4,32768,300000000,8000000,9150,50,10,10,1337,silu_muon,silu,muon,0.0003,0.00003,0.10,200,0.90,0.95,0.00000001,1.0,0.95,5,match_rms_adamw,0.02,silu,identity,256,32,0,0,4,0.0,false,gpt2,607a30d783dfa663caf39e06633721c8d4cfcd7e,--muon-momentum 0.95 --muon-ns-steps 5 --muon-adjust-lr-fn match_rms_adamw
601,18l_1024d_300m_tokens_9150_steps_c4_en_seed1337_rlb_muon,18l_1024d_300m_tokens_9150_steps,c4_en,allenai/c4,en,1588ec454efa1a09f29cd18ddd04fe05fc8653a2,true,text,train,validation,0,0,0,0,experiments/cache/tokens_iclr26_main/c4_en,18l_1024d,18,1024,16,3072,256,8,4,32768,300000000,8000000,9150,50,10,10,1337,rlb_muon,rlb_fused_global_rational,muon,0.0003,0.00003,0.10,200,0.90,0.95,0.00000001,1.0,0.95,5,match_rms_adamw,0.02,silu,identity,256,32,0,0,4,0.0,false,gpt2,607a30d783dfa663caf39e06633721c8d4cfcd7e,--muon-momentum 0.95 --muon-ns-steps 5 --muon-adjust-lr-fn match_rms_adamw
602,18l_1024d_300m_tokens_9150_steps_c4_en_seed1337_silu_lion,18l_1024d_300m_tokens_9150_steps,c4_en,allenai/c4,en,1588ec454efa1a09f29cd18ddd04fe05fc8653a2,true,text,train,validation,0,0,0,0,experiments/cache/tokens_iclr26_main/c4_en,18l_1024d,18,1024,16,3072,256,8,4,32768,300000000,8000000,9150,50,10,10,1337,silu_lion,silu,lion,0.0001,0.00001,0.10,200,0.90,0.95,0.00000001,1.0,0.95,5,match_rms_adamw,0.02,silu,identity,256,32,0,0,4,0.0,false,gpt2,607a30d783dfa663caf39e06633721c8d4cfcd7e,
603,18l_1024d_300m_tokens_9150_steps_c4_en_seed1337_rlb_lion,18l_1024d_300m_tokens_9150_steps,c4_en,allenai/c4,en,1588ec454efa1a09f29cd18ddd04fe05fc8653a2,true,text,train,validation,0,0,0,0,experiments/cache/tokens_iclr26_main/c4_en,18l_1024d,18,1024,16,3072,256,8,4,32768,300000000,8000000,9150,50,10,10,1337,rlb_lion,rlb_fused_global_rational,lion,0.0001,0.00001,0.10,200,0.90,0.95,0.00000001,1.0,0.95,5,match_rms_adamw,0.02,silu,identity,256,32,0,0,4,0.0,false,gpt2,607a30d783dfa663caf39e06633721c8d4cfcd7e,
604,18l_1024d_300m_tokens_9150_steps_c4_en_seed1337_silu_soap,18l_1024d_300m_tokens_9150_steps,c4_en,allenai/c4,en,1588ec454efa1a09f29cd18ddd04fe05fc8653a2,true,text,train,validation,0,0,0,0,experiments/cache/tokens_iclr26_main/c4_en,18l_1024d,18,1024,16,3072,256,8,4,32768,300000000,8000000,9150,50,10,10,1337,silu_soap,silu,soap_adamw,0.0003,0.00003,0.10,200,0.90,0.95,0.00000001,1.0,0.95,5,match_rms_adamw,0.02,silu,identity,256,32,0,0,4,0.0,false,gpt2,607a30d783dfa663caf39e06633721c8d4cfcd7e,--soap-precondition-frequency 50 --no-soap-one-sided
605,18l_1024d_300m_tokens_9150_steps_c4_en_seed1337_rlb_soap,18l_1024d_300m_tokens_9150_steps,c4_en,allenai/c4,en,1588ec454efa1a09f29cd18ddd04fe05fc8653a2,true,text,train,validation,0,0,0,0,experiments/cache/tokens_iclr26_main/c4_en,18l_1024d,18,1024,16,3072,256,8,4,32768,300000000,8000000,9150,50,10,10,1337,rlb_soap,rlb_fused_global_rational,soap_adamw,0.0003,0.00003,0.10,200,0.90,0.95,0.00000001,1.0,0.95,5,match_rms_adamw,0.02,silu,identity,256,32,0,0,4,0.0,false,gpt2,607a30d783dfa663caf39e06633721c8d4cfcd7e,--soap-precondition-frequency 50 --no-soap-one-sided
606,18l_1024d_300m_tokens_9150_steps_c4_en_seed1337_silu_ademamix,18l_1024d_300m_tokens_9150_steps,c4_en,allenai/c4,en,1588ec454efa1a09f29cd18ddd04fe05fc8653a2,true,text,train,validation,0,0,0,0,experiments/cache/tokens_iclr26_main/c4_en,18l_1024d,18,1024,16,3072,256,8,4,32768,300000000,8000000,9150,50,10,10,1337,silu_ademamix,silu,ademamix,0.0003,0.00003,0.10,200,0.90,0.95,0.00000001,1.0,0.95,5,match_rms_adamw,0.02,silu,identity,256,32,0,0,4,0.0,false,gpt2,607a30d783dfa663caf39e06633721c8d4cfcd7e,--ademamix-alpha 5.0 --ademamix-beta3 0.9999
607,18l_1024d_300m_tokens_9150_steps_c4_en_seed1337_rlb_ademamix,18l_1024d_300m_tokens_9150_steps,c4_en,allenai/c4,en,1588ec454efa1a09f29cd18ddd04fe05fc8653a2,true,text,train,validation,0,0,0,0,experiments/cache/tokens_iclr26_main/c4_en,18l_1024d,18,1024,16,3072,256,8,4,32768,300000000,8000000,9150,50,10,10,1337,rlb_ademamix,rlb_fused_global_rational,ademamix,0.0003,0.00003,0.10,200,0.90,0.95,0.00000001,1.0,0.95,5,match_rms_adamw,0.02,silu,identity,256,32,0,0,4,0.0,false,gpt2,607a30d783dfa663caf39e06633721c8d4cfcd7e,--ademamix-alpha 5.0 --ademamix-beta3 0.9999
608,18l_1024d_300m_tokens_9150_steps_c4_en_seed1337_silu_came,18l_1024d_300m_tokens_9150_steps,c4_en,allenai/c4,en,1588ec454efa1a09f29cd18ddd04fe05fc8653a2,true,text,train,validation,0,0,0,0,experiments/cache/tokens_iclr26_main/c4_en,18l_1024d,18,1024,16,3072,256,8,4,32768,300000000,8000000,9150,50,10,10,1337,silu_came,silu,adafactor_came,0.0003,0.00003,0.10,200,0.90,0.95,0.00000001,1.0,0.95,5,match_rms_adamw,0.02,silu,identity,256,32,0,0,4,0.0,false,gpt2,607a30d783dfa663caf39e06633721c8d4cfcd7e,--came-confidence-scale 1.0
609,18l_1024d_300m_tokens_9150_steps_c4_en_seed1337_rlb_came,18l_1024d_300m_tokens_9150_steps,c4_en,allenai/c4,en,1588ec454efa1a09f29cd18ddd04fe05fc8653a2,true,text,train,validation,0,0,0,0,experiments/cache/tokens_iclr26_main/c4_en,18l_1024d,18,1024,16,3072,256,8,4,32768,300000000,8000000,9150,50,10,10,1337,rlb_came,rlb_fused_global_rational,adafactor_came,0.0003,0.00003,0.10,200,0.90,0.95,0.00000001,1.0,0.95,5,match_rms_adamw,0.02,silu,identity,256,32,0,0,4,0.0,false,gpt2,607a30d783dfa663caf39e06633721c8d4cfcd7e,--came-confidence-scale 1.0
610,18l_1024d_300m_tokens_9150_steps_c4_en_seed1337_silu_schedulefree,18l_1024d_300m_tokens_9150_steps,c4_en,allenai/c4,en,1588ec454efa1a09f29cd18ddd04fe05fc8653a2,true,text,train,validation,0,0,0,0,experiments/cache/tokens_iclr26_main/c4_en,18l_1024d,18,1024,16,3072,256,8,4,32768,300000000,8000000,9150,50,10,10,1337,silu_schedulefree,silu,schedule_free_adamw,0.0003,0.00003,0.10,200,0.90,0.95,0.00000001,1.0,0.95,5,match_rms_adamw,0.02,silu,identity,256,32,0,0,4,0.0,false,gpt2,607a30d783dfa663caf39e06633721c8d4cfcd7e,--schedule-free-beta1 0.90 --schedule-free-warmup-steps 0
611,18l_1024d_300m_tokens_9150_steps_c4_en_seed1337_rlb_schedulefree,18l_1024d_300m_tokens_9150_steps,c4_en,allenai/c4,en,1588ec454efa1a09f29cd18ddd04fe05fc8653a2,true,text,train,validation,0,0,0,0,experiments/cache/tokens_iclr26_main/c4_en,18l_1024d,18,1024,16,3072,256,8,4,32768,300000000,8000000,9150,50,10,10,1337,rlb_schedulefree,rlb_fused_global_rational,schedule_free_adamw,0.0003,0.00003,0.10,200,0.90,0.95,0.00000001,1.0,0.95,5,match_rms_adamw,0.02,silu,identity,256,32,0,0,4,0.0,false,gpt2,607a30d783dfa663caf39e06633721c8d4cfcd7e,--schedule-free-beta1 0.90 --schedule-free-warmup-steps 0
612,18l_1024d_300m_tokens_9150_steps_c4_en_seed2027_silu_adamw,18l_1024d_300m_tokens_9150_steps,c4_en,allenai/c4,en,1588ec454efa1a09f29cd18ddd04fe05fc8653a2,true,text,train,validation,0,0,0,0,experiments/cache/tokens_iclr26_main/c4_en,18l_1024d,18,1024,16,3072,256,8,4,32768,300000000,8000000,9150,50,10,10,2027,silu_adamw,silu,adamw,0.0003,0.00003,0.10,200,0.90,0.95,0.00000001,1.0,0.95,5,match_rms_adamw,0.02,silu,identity,256,32,0,0,4,0.0,false,gpt2,607a30d783dfa663caf39e06633721c8d4cfcd7e,
613,18l_1024d_300m_tokens_9150_steps_c4_en_seed2027_rlb_adamw,18l_1024d_300m_tokens_9150_steps,c4_en,allenai/c4,en,1588ec454efa1a09f29cd18ddd04fe05fc8653a2,true,text,train,validation,0,0,0,0,experiments/cache/tokens_iclr26_main/c4_en,18l_1024d,18,1024,16,3072,256,8,4,32768,300000000,8000000,9150,50,10,10,2027,rlb_adamw,rlb_fused_global_rational,adamw,0.0003,0.00003,0.10,200,0.90,0.95,0.00000001,1.0,0.95,5,match_rms_adamw,0.02,silu,identity,256,32,0,0,4,0.0,false,gpt2,607a30d783dfa663caf39e06633721c8d4cfcd7e,
614,18l_1024d_300m_tokens_9150_steps_c4_en_seed2027_silu_muon,18l_1024d_300m_tokens_9150_steps,c4_en,allenai/c4,en,1588ec454efa1a09f29cd18ddd04fe05fc8653a2,true,text,train,validation,0,0,0,0,experiments/cache/tokens_iclr26_main/c4_en,18l_1024d,18,1024,16,3072,256,8,4,32768,300000000,8000000,9150,50,10,10,2027,silu_muon,silu,muon,0.0003,0.00003,0.10,200,0.90,0.95,0.00000001,1.0,0.95,5,match_rms_adamw,0.02,silu,identity,256,32,0,0,4,0.0,false,gpt2,607a30d783dfa663caf39e06633721c8d4cfcd7e,--muon-momentum 0.95 --muon-ns-steps 5 --muon-adjust-lr-fn match_rms_adamw
615,18l_1024d_300m_tokens_9150_steps_c4_en_seed2027_rlb_muon,18l_1024d_300m_tokens_9150_steps,c4_en,allenai/c4,en,1588ec454efa1a09f29cd18ddd04fe05fc8653a2,true,text,train,validation,0,0,0,0,experiments/cache/tokens_iclr26_main/c4_en,18l_1024d,18,1024,16,3072,256,8,4,32768,300000000,8000000,9150,50,10,10,2027,rlb_muon,rlb_fused_global_rational,muon,0.0003,0.00003,0.10,200,0.90,0.95,0.00000001,1.0,0.95,5,match_rms_adamw,0.02,silu,identity,256,32,0,0,4,0.0,false,gpt2,607a30d783dfa663caf39e06633721c8d4cfcd7e,--muon-momentum 0.95 --muon-ns-steps 5 --muon-adjust-lr-fn match_rms_adamw
616,18l_1024d_300m_tokens_9150_steps_c4_en_seed2027_silu_lion,18l_1024d_300m_tokens_9150_steps,c4_en,allenai/c4,en,1588ec454efa1a09f29cd18ddd04fe05fc8653a2,true,text,train,validation,0,0,0,0,experiments/cache/tokens_iclr26_main/c4_en,18l_1024d,18,1024,16,3072,256,8,4,32768,300000000,8000000,9150,50,10,10,2027,silu_lion,silu,lion,0.0001,0.00001,0.10,200,0.90,0.95,0.00000001,1.0,0.95,5,match_rms_adamw,0.02,silu,identity,256,32,0,0,4,0.0,false,gpt2,607a30d783dfa663caf39e06633721c8d4cfcd7e,
617,18l_1024d_300m_tokens_9150_steps_c4_en_seed2027_rlb_lion,18l_1024d_300m_tokens_9150_steps,c4_en,allenai/c4,en,1588ec454efa1a09f29cd18ddd04fe05fc8653a2,true,text,train,validation,0,0,0,0,experiments/cache/tokens_iclr26_main/c4_en,18l_1024d,18,1024,16,3072,256,8,4,32768,300000000,8000000,9150,50,10,10,2027,rlb_lion,rlb_fused_global_rational,lion,0.0001,0.00001,0.10,200,0.90,0.95,0.00000001,1.0,0.95,5,match_rms_adamw,0.02,silu,identity,256,32,0,0,4,0.0,false,gpt2,607a30d783dfa663caf39e06633721c8d4cfcd7e,
618,18l_1024d_300m_tokens_9150_steps_c4_en_seed2027_silu_soap,18l_1024d_300m_tokens_9150_steps,c4_en,allenai/c4,en,1588ec454efa1a09f29cd18ddd04fe05fc8653a2,true,text,train,validation,0,0,0,0,experiments/cache/tokens_iclr26_main/c4_en,18l_1024d,18,1024,16,3072,256,8,4,32768,300000000,8000000,9150,50,10,10,2027,silu_soap,silu,soap_adamw,0.0003,0.00003,0.10,200,0.90,0.95,0.00000001,1.0,0.95,5,match_rms_adamw,0.02,silu,identity,256,32,0,0,4,0.0,false,gpt2,607a30d783dfa663caf39e06633721c8d4cfcd7e,--soap-precondition-frequency 50 --no-soap-one-sided
619,18l_1024d_300m_tokens_9150_steps_c4_en_seed2027_rlb_soap,18l_1024d_300m_tokens_9150_steps,c4_en,allenai/c4,en,1588ec454efa1a09f29cd18ddd04fe05fc8653a2,true,text,train,validation,0,0,0,0,experiments/cache/tokens_iclr26_main/c4_en,18l_1024d,18,1024,16,3072,256,8,4,32768,300000000,8000000,9150,50,10,10,2027,rlb_soap,rlb_fused_global_rational,soap_adamw,0.0003,0.00003,0.10,200,0.90,0.95,0.00000001,1.0,0.95,5,match_rms_adamw,0.02,silu,identity,256,32,0,0,4,0.0,false,gpt2,607a30d783dfa663caf39e06633721c8d4cfcd7e,--soap-precondition-frequency 50 --no-soap-one-sided
620,18l_1024d_300m_tokens_9150_steps_c4_en_seed2027_silu_ademamix,18l_1024d_300m_tokens_9150_steps,c4_en,allenai/c4,en,1588ec454efa1a09f29cd18ddd04fe05fc8653a2,true,text,train,validation,0,0,0,0,experiments/cache/tokens_iclr26_main/c4_en,18l_1024d,18,1024,16,3072,256,8,4,32768,300000000,8000000,9150,50,10,10,2027,silu_ademamix,silu,ademamix,0.0003,0.00003,0.10,200,0.90,0.95,0.00000001,1.0,0.95,5,match_rms_adamw,0.02,silu,identity,256,32,0,0,4,0.0,false,gpt2,607a30d783dfa663caf39e06633721c8d4cfcd7e,--ademamix-alpha 5.0 --ademamix-beta3 0.9999
621,18l_1024d_300m_tokens_9150_steps_c4_en_seed2027_rlb_ademamix,18l_1024d_300m_tokens_9150_steps,c4_en,allenai/c4,en,1588ec454efa1a09f29cd18ddd04fe05fc8653a2,true,text,train,validation,0,0,0,0,experiments/cache/tokens_iclr26_main/c4_en,18l_1024d,18,1024,16,3072,256,8,4,32768,300000000,8000000,9150,50,10,10,2027,rlb_ademamix,rlb_fused_global_rational,ademamix,0.0003,0.00003,0.10,200,0.90,0.95,0.00000001,1.0,0.95,5,match_rms_adamw,0.02,silu,identity,256,32,0,0,4,0.0,false,gpt2,607a30d783dfa663caf39e06633721c8d4cfcd7e,--ademamix-alpha 5.0 --ademamix-beta3 0.9999
622,18l_1024d_300m_tokens_9150_steps_c4_en_seed2027_silu_came,18l_1024d_300m_tokens_9150_steps,c4_en,allenai/c4,en,1588ec454efa1a09f29cd18ddd04fe05fc8653a2,true,text,train,validation,0,0,0,0,experiments/cache/tokens_iclr26_main/c4_en,18l_1024d,18,1024,16,3072,256,8,4,32768,300000000,8000000,9150,50,10,10,2027,silu_came,silu,adafactor_came,0.0003,0.00003,0.10,200,0.90,0.95,0.00000001,1.0,0.95,5,match_rms_adamw,0.02,silu,identity,256,32,0,0,4,0.0,false,gpt2,607a30d783dfa663caf39e06633721c8d4cfcd7e,--came-confidence-scale 1.0
623,18l_1024d_300m_tokens_9150_steps_c4_en_seed2027_rlb_came,18l_1024d_300m_tokens_9150_steps,c4_en,allenai/c4,en,1588ec454efa1a09f29cd18ddd04fe05fc8653a2,true,text,train,validation,0,0,0,0,experiments/cache/tokens_iclr26_main/c4_en,18l_1024d,18,1024,16,3072,256,8,4,32768,300000000,8000000,9150,50,10,10,2027,rlb_came,rlb_fused_global_rational,adafactor_came,0.0003,0.00003,0.10,200,0.90,0.95,0.00000001,1.0,0.95,5,match_rms_adamw,0.02,silu,identity,256,32,0,0,4,0.0,false,gpt2,607a30d783dfa663caf39e06633721c8d4cfcd7e,--came-confidence-scale 1.0
624,18l_1024d_300m_tokens_9150_steps_c4_en_seed2027_silu_schedulefree,18l_1024d_300m_tokens_9150_steps,c4_en,allenai/c4,en,1588ec454efa1a09f29cd18ddd04fe05fc8653a2,true,text,train,validation,0,0,0,0,experiments/cache/tokens_iclr26_main/c4_en,18l_1024d,18,1024,16,3072,256,8,4,32768,300000000,8000000,9150,50,10,10,2027,silu_schedulefree,silu,schedule_free_adamw,0.0003,0.00003,0.10,200,0.90,0.95,0.00000001,1.0,0.95,5,match_rms_adamw,0.02,silu,identity,256,32,0,0,4,0.0,false,gpt2,607a30d783dfa663caf39e06633721c8d4cfcd7e,--schedule-free-beta1 0.90 --schedule-free-warmup-steps 0
625,18l_1024d_300m_tokens_9150_steps_c4_en_seed2027_rlb_schedulefree,18l_1024d_300m_tokens_9150_steps,c4_en,allenai/c4,en,1588ec454efa1a09f29cd18ddd04fe05fc8653a2,true,text,train,validation,0,0,0,0,experiments/cache/tokens_iclr26_main/c4_en,18l_1024d,18,1024,16,3072,256,8,4,32768,300000000,8000000,9150,50,10,10,2027,rlb_schedulefree,rlb_fused_global_rational,schedule_free_adamw,0.0003,0.00003,0.10,200,0.90,0.95,0.00000001,1.0,0.95,5,match_rms_adamw,0.02,silu,identity,256,32,0,0,4,0.0,false,gpt2,607a30d783dfa663caf39e06633721c8d4cfcd7e,--schedule-free-beta1 0.90 --schedule-free-warmup-steps 0
626,18l_1024d_300m_tokens_9150_steps_c4_en_seed3407_silu_adamw,18l_1024d_300m_tokens_9150_steps,c4_en,allenai/c4,en,1588ec454efa1a09f29cd18ddd04fe05fc8653a2,true,text,train,validation,0,0,0,0,experiments/cache/tokens_iclr26_main/c4_en,18l_1024d,18,1024,16,3072,256,8,4,32768,300000000,8000000,9150,50,10,10,3407,silu_adamw,silu,adamw,0.0003,0.00003,0.10,200,0.90,0.95,0.00000001,1.0,0.95,5,match_rms_adamw,0.02,silu,identity,256,32,0,0,4,0.0,false,gpt2,607a30d783dfa663caf39e06633721c8d4cfcd7e,
627,18l_1024d_300m_tokens_9150_steps_c4_en_seed3407_rlb_adamw,18l_1024d_300m_tokens_9150_steps,c4_en,allenai/c4,en,1588ec454efa1a09f29cd18ddd04fe05fc8653a2,true,text,train,validation,0,0,0,0,experiments/cache/tokens_iclr26_main/c4_en,18l_1024d,18,1024,16,3072,256,8,4,32768,300000000,8000000,9150,50,10,10,3407,rlb_adamw,rlb_fused_global_rational,adamw,0.0003,0.00003,0.10,200,0.90,0.95,0.00000001,1.0,0.95,5,match_rms_adamw,0.02,silu,identity,256,32,0,0,4,0.0,false,gpt2,607a30d783dfa663caf39e06633721c8d4cfcd7e,
628,18l_1024d_300m_tokens_9150_steps_c4_en_seed3407_silu_muon,18l_1024d_300m_tokens_9150_steps,c4_en,allenai/c4,en,1588ec454efa1a09f29cd18ddd04fe05fc8653a2,true,text,train,validation,0,0,0,0,experiments/cache/tokens_iclr26_main/c4_en,18l_1024d,18,1024,16,3072,256,8,4,32768,300000000,8000000,9150,50,10,10,3407,silu_muon,silu,muon,0.0003,0.00003,0.10,200,0.90,0.95,0.00000001,1.0,0.95,5,match_rms_adamw,0.02,silu,identity,256,32,0,0,4,0.0,false,gpt2,607a30d783dfa663caf39e06633721c8d4cfcd7e,--muon-momentum 0.95 --muon-ns-steps 5 --muon-adjust-lr-fn match_rms_adamw
629,18l_1024d_300m_tokens_9150_steps_c4_en_seed3407_rlb_muon,18l_1024d_300m_tokens_9150_steps,c4_en,allenai/c4,en,1588ec454efa1a09f29cd18ddd04fe05fc8653a2,true,text,train,validation,0,0,0,0,experiments/cache/tokens_iclr26_main/c4_en,18l_1024d,18,1024,16,3072,256,8,4,32768,300000000,8000000,9150,50,10,10,3407,rlb_muon,rlb_fused_global_rational,muon,0.0003,0.00003,0.10,200,0.90,0.95,0.00000001,1.0,0.95,5,match_rms_adamw,0.02,silu,identity,256,32,0,0,4,0.0,false,gpt2,607a30d783dfa663caf39e06633721c8d4cfcd7e,--muon-momentum 0.95 --muon-ns-steps 5 --muon-adjust-lr-fn match_rms_adamw
630,18l_1024d_300m_tokens_9150_steps_c4_en_seed3407_silu_lion,18l_1024d_300m_tokens_9150_steps,c4_en,allenai/c4,en,1588ec454efa1a09f29cd18ddd04fe05fc8653a2,true,text,train,validation,0,0,0,0,experiments/cache/tokens_iclr26_main/c4_en,18l_1024d,18,1024,16,3072,256,8,4,32768,300000000,8000000,9150,50,10,10,3407,silu_lion,silu,lion,0.0001,0.00001,0.10,200,0.90,0.95,0.00000001,1.0,0.95,5,match_rms_adamw,0.02,silu,identity,256,32,0,0,4,0.0,false,gpt2,607a30d783dfa663caf39e06633721c8d4cfcd7e,
631,18l_1024d_300m_tokens_9150_steps_c4_en_seed3407_rlb_lion,18l_1024d_300m_tokens_9150_steps,c4_en,allenai/c4,en,1588ec454efa1a09f29cd18ddd04fe05fc8653a2,true,text,train,validation,0,0,0,0,experiments/cache/tokens_iclr26_main/c4_en,18l_1024d,18,1024,16,3072,256,8,4,32768,300000000,8000000,9150,50,10,10,3407,rlb_lion,rlb_fused_global_rational,lion,0.0001,0.00001,0.10,200,0.90,0.95,0.00000001,1.0,0.95,5,match_rms_adamw,0.02,silu,identity,256,32,0,0,4,0.0,false,gpt2,607a30d783dfa663caf39e06633721c8d4cfcd7e,
632,18l_1024d_300m_tokens_9150_steps_c4_en_seed3407_silu_soap,18l_1024d_300m_tokens_9150_steps,c4_en,allenai/c4,en,1588ec454efa1a09f29cd18ddd04fe05fc8653a2,true,text,train,validation,0,0,0,0,experiments/cache/tokens_iclr26_main/c4_en,18l_1024d,18,1024,16,3072,256,8,4,32768,300000000,8000000,9150,50,10,10,3407,silu_soap,silu,soap_adamw,0.0003,0.00003,0.10,200,0.90,0.95,0.00000001,1.0,0.95,5,match_rms_adamw,0.02,silu,identity,256,32,0,0,4,0.0,false,gpt2,607a30d783dfa663caf39e06633721c8d4cfcd7e,--soap-precondition-frequency 50 --no-soap-one-sided
633,18l_1024d_300m_tokens_9150_steps_c4_en_seed3407_rlb_soap,18l_1024d_300m_tokens_9150_steps,c4_en,allenai/c4,en,1588ec454efa1a09f29cd18ddd04fe05fc8653a2,true,text,train,validation,0,0,0,0,experiments/cache/tokens_iclr26_main/c4_en,18l_1024d,18,1024,16,3072,256,8,4,32768,300000000,8000000,9150,50,10,10,3407,rlb_soap,rlb_fused_global_rational,soap_adamw,0.0003,0.00003,0.10,200,0.90,0.95,0.00000001,1.0,0.95,5,match_rms_adamw,0.02,silu,identity,256,32,0,0,4,0.0,false,gpt2,607a30d783dfa663caf39e06633721c8d4cfcd7e,--soap-precondition-frequency 50 --no-soap-one-sided
634,18l_1024d_300m_tokens_9150_steps_c4_en_seed3407_silu_ademamix,18l_1024d_300m_tokens_9150_steps,c4_en,allenai/c4,en,1588ec454efa1a09f29cd18ddd04fe05fc8653a2,true,text,train,validation,0,0,0,0,experiments/cache/tokens_iclr26_main/c4_en,18l_1024d,18,1024,16,3072,256,8,4,32768,300000000,8000000,9150,50,10,10,3407,silu_ademamix,silu,ademamix,0.0003,0.00003,0.10,200,0.90,0.95,0.00000001,1.0,0.95,5,match_rms_adamw,0.02,silu,identity,256,32,0,0,4,0.0,false,gpt2,607a30d783dfa663caf39e06633721c8d4cfcd7e,--ademamix-alpha 5.0 --ademamix-beta3 0.9999
635,18l_1024d_300m_tokens_9150_steps_c4_en_seed3407_rlb_ademamix,18l_1024d_300m_tokens_9150_steps,c4_en,allenai/c4,en,1588ec454efa1a09f29cd18ddd04fe05fc8653a2,true,text,train,validation,0,0,0,0,experiments/cache/tokens_iclr26_main/c4_en,18l_1024d,18,1024,16,3072,256,8,4,32768,300000000,8000000,9150,50,10,10,3407,rlb_ademamix,rlb_fused_global_rational,ademamix,0.0003,0.00003,0.10,200,0.90,0.95,0.00000001,1.0,0.95,5,match_rms_adamw,0.02,silu,identity,256,32,0,0,4,0.0,false,gpt2,607a30d783dfa663caf39e06633721c8d4cfcd7e,--ademamix-alpha 5.0 --ademamix-beta3 0.9999
636,18l_1024d_300m_tokens_9150_steps_c4_en_seed3407_silu_came,18l_1024d_300m_tokens_9150_steps,c4_en,allenai/c4,en,1588ec454efa1a09f29cd18ddd04fe05fc8653a2,true,text,train,validation,0,0,0,0,experiments/cache/tokens_iclr26_main/c4_en,18l_1024d,18,1024,16,3072,256,8,4,32768,300000000,8000000,9150,50,10,10,3407,silu_came,silu,adafactor_came,0.0003,0.00003,0.10,200,0.90,0.95,0.00000001,1.0,0.95,5,match_rms_adamw,0.02,silu,identity,256,32,0,0,4,0.0,false,gpt2,607a30d783dfa663caf39e06633721c8d4cfcd7e,--came-confidence-scale 1.0
637,18l_1024d_300m_tokens_9150_steps_c4_en_seed3407_rlb_came,18l_1024d_300m_tokens_9150_steps,c4_en,allenai/c4,en,1588ec454efa1a09f29cd18ddd04fe05fc8653a2,true,text,train,validation,0,0,0,0,experiments/cache/tokens_iclr26_main/c4_en,18l_1024d,18,1024,16,3072,256,8,4,32768,300000000,8000000,9150,50,10,10,3407,rlb_came,rlb_fused_global_rational,adafactor_came,0.0003,0.00003,0.10,200,0.90,0.95,0.00000001,1.0,0.95,5,match_rms_adamw,0.02,silu,identity,256,32,0,0,4,0.0,false,gpt2,607a30d783dfa663caf39e06633721c8d4cfcd7e,--came-confidence-scale 1.0
638,18l_1024d_300m_tokens_9150_steps_c4_en_seed3407_silu_schedulefree,18l_1024d_300m_tokens_9150_steps,c4_en,allenai/c4,en,1588ec454efa1a09f29cd18ddd04fe05fc8653a2,true,text,train,validation,0,0,0,0,experiments/cache/tokens_iclr26_main/c4_en,18l_1024d,18,1024,16,3072,256,8,4,32768,300000000,8000000,9150,50,10,10,3407,silu_schedulefree,silu,schedule_free_adamw,0.0003,0.00003,0.10,200,0.90,0.95,0.00000001,1.0,0.95,5,match_rms_adamw,0.02,silu,identity,256,32,0,0,4,0.0,false,gpt2,607a30d783dfa663caf39e06633721c8d4cfcd7e,--schedule-free-beta1 0.90 --schedule-free-warmup-steps 0
639,18l_1024d_300m_tokens_9150_steps_c4_en_seed3407_rlb_schedulefree,18l_1024d_300m_tokens_9150_steps,c4_en,allenai/c4,en,1588ec454efa1a09f29cd18ddd04fe05fc8653a2,true,text,train,validation,0,0,0,0,experiments/cache/tokens_iclr26_main/c4_en,18l_1024d,18,1024,16,3072,256,8,4,32768,300000000,8000000,9150,50,10,10,3407,rlb_schedulefree,rlb_fused_global_rational,schedule_free_adamw,0.0003,0.00003,0.10,200,0.90,0.95,0.00000001,1.0,0.95,5,match_rms_adamw,0.02,silu,identity,256,32,0,0,4,0.0,false,gpt2,607a30d783dfa663caf39e06633721c8d4cfcd7e,--schedule-free-beta1 0.90 --schedule-free-warmup-steps 0
