budget_tokens,dataset,seed,target_loss,comparator,full_tokens,comparator_tokens,full_saves_tokens,full_saves_percent_vs_comparator,full_total_minutes,comparator_total_minutes
100000000,dclm,1337,4.90,no_role_depth,31129600,31129600,0,0.0,24.436,20.318
100000000,dclm,1337,4.90,role_depth_v2,31129600,31129600,0,0.0,24.436,27.461
100000000,dclm,1337,4.90,role_depth_v3,31129600,31129600,0,0.0,24.436,23.694
100000000,dclm,1337,4.90,role_depth_v4,31129600,31129600,0,0.0,24.436,25.968
100000000,dclm,1337,4.90,role_depth_v5,31129600,31129600,0,0.0,24.436,24.571
100000000,dclm,1337,4.90,role_depth_v6,31129600,31129600,0,0.0,24.436,22.861
100000000,dclm,1337,4.70,no_role_depth,40960000,40960000,0,0.0,24.436,20.318
100000000,dclm,1337,4.70,role_depth_v2,40960000,40960000,0,0.0,24.436,27.461
100000000,dclm,1337,4.70,role_depth_v3,40960000,40960000,0,0.0,24.436,23.694
100000000,dclm,1337,4.70,role_depth_v4,40960000,40960000,0,0.0,24.436,25.968
100000000,dclm,1337,4.70,role_depth_v5,40960000,40960000,0,0.0,24.436,24.571
100000000,dclm,1337,4.70,role_depth_v6,40960000,40960000,0,0.0,24.436,22.861
100000000,dclm,1337,4.55,no_role_depth,50790400,50790400,0,0.0,24.436,20.318
100000000,dclm,1337,4.55,role_depth_v2,50790400,50790400,0,0.0,24.436,27.461
100000000,dclm,1337,4.55,role_depth_v3,50790400,50790400,0,0.0,24.436,23.694
100000000,dclm,1337,4.55,role_depth_v4,50790400,50790400,0,0.0,24.436,25.968
100000000,dclm,1337,4.55,role_depth_v5,50790400,50790400,0,0.0,24.436,24.571
100000000,dclm,1337,4.55,role_depth_v6,50790400,50790400,0,0.0,24.436,22.861
100000000,dclm,1337,4.45,no_role_depth,60620800,60620800,0,0.0,24.436,20.318
100000000,dclm,1337,4.45,role_depth_v2,60620800,60620800,0,0.0,24.436,27.461
100000000,dclm,1337,4.45,role_depth_v3,60620800,60620800,0,0.0,24.436,23.694
100000000,dclm,1337,4.45,role_depth_v4,60620800,60620800,0,0.0,24.436,25.968
100000000,dclm,1337,4.45,role_depth_v5,60620800,58982400,-1638400,-0.027777777777777776,24.436,24.571
100000000,dclm,1337,4.45,role_depth_v6,60620800,58982400,-1638400,-0.027777777777777776,24.436,22.861
100000000,dclm,1337,4.35,no_role_depth,72089600,75366400,3276800,0.043478260869565216,24.436,20.318
100000000,dclm,1337,4.35,role_depth_v2,72089600,72089600,0,0.0,24.436,27.461
100000000,dclm,1337,4.35,role_depth_v3,72089600,75366400,3276800,0.043478260869565216,24.436,23.694
100000000,dclm,1337,4.35,role_depth_v4,72089600,73728000,1638400,0.022222222222222223,24.436,25.968
100000000,dclm,1337,4.35,role_depth_v5,72089600,73728000,1638400,0.022222222222222223,24.436,24.571
100000000,dclm,1337,4.35,role_depth_v6,72089600,73728000,1638400,0.022222222222222223,24.436,22.861
100000000,dclm,1337,4.30,no_role_depth,81920000,85196800,3276800,0.038461538461538464,24.436,20.318
100000000,dclm,1337,4.30,role_depth_v2,81920000,81920000,0,0.0,24.436,27.461
100000000,dclm,1337,4.30,role_depth_v3,81920000,85196800,3276800,0.038461538461538464,24.436,23.694
100000000,dclm,1337,4.30,role_depth_v4,81920000,83558400,1638400,0.0196078431372549,24.436,25.968
100000000,dclm,1337,4.30,role_depth_v5,81920000,83558400,1638400,0.0196078431372549,24.436,24.571
100000000,dclm,1337,4.30,role_depth_v6,81920000,83558400,1638400,0.0196078431372549,24.436,22.861
100000000,dclm,2027,4.90,no_role_depth,29491200,29491200,0,0.0,27.383,20.335
100000000,dclm,2027,4.90,role_depth_v2,29491200,29491200,0,0.0,27.383,23.944
100000000,dclm,2027,4.90,role_depth_v3,29491200,29491200,0,0.0,27.383,20.293
100000000,dclm,2027,4.90,role_depth_v4,29491200,29491200,0,0.0,27.383,20.822
100000000,dclm,2027,4.90,role_depth_v5,29491200,29491200,0,0.0,27.383,24.006
100000000,dclm,2027,4.90,role_depth_v6,29491200,29491200,0,0.0,27.383,25.104
100000000,dclm,2027,4.70,no_role_depth,39321600,39321600,0,0.0,27.383,20.335
100000000,dclm,2027,4.70,role_depth_v2,39321600,39321600,0,0.0,27.383,23.944
100000000,dclm,2027,4.70,role_depth_v3,39321600,39321600,0,0.0,27.383,20.293
100000000,dclm,2027,4.70,role_depth_v4,39321600,39321600,0,0.0,27.383,20.822
100000000,dclm,2027,4.70,role_depth_v5,39321600,39321600,0,0.0,27.383,24.006
100000000,dclm,2027,4.70,role_depth_v6,39321600,39321600,0,0.0,27.383,25.104
100000000,dclm,2027,4.55,no_role_depth,50790400,52428800,1638400,0.03125,27.383,20.335
100000000,dclm,2027,4.55,role_depth_v2,50790400,50790400,0,0.0,27.383,23.944
100000000,dclm,2027,4.55,role_depth_v3,50790400,50790400,0,0.0,27.383,20.293
100000000,dclm,2027,4.55,role_depth_v4,50790400,49152000,-1638400,-0.03333333333333333,27.383,20.822
100000000,dclm,2027,4.55,role_depth_v5,50790400,49152000,-1638400,-0.03333333333333333,27.383,24.006
100000000,dclm,2027,4.55,role_depth_v6,50790400,49152000,-1638400,-0.03333333333333333,27.383,25.104
100000000,dclm,2027,4.45,no_role_depth,60620800,60620800,0,0.0,27.383,20.335
100000000,dclm,2027,4.45,role_depth_v2,60620800,60620800,0,0.0,27.383,23.944
100000000,dclm,2027,4.45,role_depth_v3,60620800,60620800,0,0.0,27.383,20.293
100000000,dclm,2027,4.45,role_depth_v4,60620800,60620800,0,0.0,27.383,20.822
100000000,dclm,2027,4.45,role_depth_v5,60620800,58982400,-1638400,-0.027777777777777776,27.383,24.006
100000000,dclm,2027,4.45,role_depth_v6,60620800,60620800,0,0.0,27.383,25.104
100000000,dclm,2027,4.35,no_role_depth,73728000,75366400,1638400,0.021739130434782608,27.383,20.335
100000000,dclm,2027,4.35,role_depth_v2,73728000,73728000,0,0.0,27.383,23.944
100000000,dclm,2027,4.35,role_depth_v3,73728000,75366400,1638400,0.021739130434782608,27.383,20.293
100000000,dclm,2027,4.35,role_depth_v4,73728000,73728000,0,0.0,27.383,20.822
100000000,dclm,2027,4.35,role_depth_v5,73728000,73728000,0,0.0,27.383,24.006
100000000,dclm,2027,4.35,role_depth_v6,73728000,75366400,1638400,0.021739130434782608,27.383,25.104
100000000,dclm,2027,4.30,no_role_depth,85196800,88473600,3276800,0.037037037037037035,27.383,20.335
100000000,dclm,2027,4.30,role_depth_v2,85196800,85196800,0,0.0,27.383,23.944
100000000,dclm,2027,4.30,role_depth_v3,85196800,88473600,3276800,0.037037037037037035,27.383,20.293
100000000,dclm,2027,4.30,role_depth_v4,85196800,85196800,0,0.0,27.383,20.822
100000000,dclm,2027,4.30,role_depth_v5,85196800,85196800,0,0.0,27.383,24.006
100000000,dclm,2027,4.30,role_depth_v6,85196800,86835200,1638400,0.018867924528301886,27.383,25.104
100000000,dclm,3407,4.90,no_role_depth,29491200,31129600,1638400,0.05263157894736842,24.557,21.456
100000000,dclm,3407,4.90,role_depth_v2,29491200,29491200,0,0.0,24.557,20.815
100000000,dclm,3407,4.90,role_depth_v3,29491200,31129600,1638400,0.05263157894736842,24.557,24.324
100000000,dclm,3407,4.90,role_depth_v4,29491200,31129600,1638400,0.05263157894736842,24.557,21.515
100000000,dclm,3407,4.90,role_depth_v5,29491200,31129600,1638400,0.05263157894736842,24.557,21.172
100000000,dclm,3407,4.90,role_depth_v6,29491200,29491200,0,0.0,24.557,22.838
100000000,dclm,3407,4.70,no_role_depth,39321600,40960000,1638400,0.04,24.557,21.456
100000000,dclm,3407,4.70,role_depth_v2,39321600,39321600,0,0.0,24.557,20.815
100000000,dclm,3407,4.70,role_depth_v3,39321600,40960000,1638400,0.04,24.557,24.324
100000000,dclm,3407,4.70,role_depth_v4,39321600,39321600,0,0.0,24.557,21.515
100000000,dclm,3407,4.70,role_depth_v5,39321600,39321600,0,0.0,24.557,21.172
100000000,dclm,3407,4.70,role_depth_v6,39321600,39321600,0,0.0,24.557,22.838
100000000,dclm,3407,4.55,no_role_depth,49152000,50790400,1638400,0.03225806451612903,24.557,21.456
100000000,dclm,3407,4.55,role_depth_v2,49152000,49152000,0,0.0,24.557,20.815
100000000,dclm,3407,4.55,role_depth_v3,49152000,50790400,1638400,0.03225806451612903,24.557,24.324
100000000,dclm,3407,4.55,role_depth_v4,49152000,50790400,1638400,0.03225806451612903,24.557,21.515
100000000,dclm,3407,4.55,role_depth_v5,49152000,49152000,0,0.0,24.557,21.172
100000000,dclm,3407,4.55,role_depth_v6,49152000,49152000,0,0.0,24.557,22.838
100000000,dclm,3407,4.45,no_role_depth,58982400,60620800,1638400,0.02702702702702703,24.557,21.456
100000000,dclm,3407,4.45,role_depth_v2,58982400,60620800,1638400,0.02702702702702703,24.557,20.815
100000000,dclm,3407,4.45,role_depth_v3,58982400,60620800,1638400,0.02702702702702703,24.557,24.324
100000000,dclm,3407,4.45,role_depth_v4,58982400,60620800,1638400,0.02702702702702703,24.557,21.515
100000000,dclm,3407,4.45,role_depth_v5,58982400,60620800,1638400,0.02702702702702703,24.557,21.172
100000000,dclm,3407,4.45,role_depth_v6,58982400,60620800,1638400,0.02702702702702703,24.557,22.838
100000000,dclm,3407,4.35,no_role_depth,73728000,75366400,1638400,0.021739130434782608,24.557,21.456
100000000,dclm,3407,4.35,role_depth_v2,73728000,73728000,0,0.0,24.557,20.815
100000000,dclm,3407,4.35,role_depth_v3,73728000,75366400,1638400,0.021739130434782608,24.557,24.324
100000000,dclm,3407,4.35,role_depth_v4,73728000,73728000,0,0.0,24.557,21.515
100000000,dclm,3407,4.35,role_depth_v5,73728000,73728000,0,0.0,24.557,21.172
100000000,dclm,3407,4.35,role_depth_v6,73728000,73728000,0,0.0,24.557,22.838
100000000,dclm,3407,4.30,no_role_depth,83558400,85196800,1638400,0.019230769230769232,24.557,21.456
100000000,dclm,3407,4.30,role_depth_v2,83558400,83558400,0,0.0,24.557,20.815
100000000,dclm,3407,4.30,role_depth_v3,83558400,86835200,3276800,0.03773584905660377,24.557,24.324
100000000,dclm,3407,4.30,role_depth_v4,83558400,83558400,0,0.0,24.557,21.515
100000000,dclm,3407,4.30,role_depth_v5,83558400,83558400,0,0.0,24.557,21.172
100000000,dclm,3407,4.30,role_depth_v6,83558400,85196800,1638400,0.019230769230769232,24.557,22.838
100000000,fineweb_edu,1337,4.80,no_role_depth,31129600,31129600,0,0.0,27.678,20.280
100000000,fineweb_edu,1337,4.80,role_depth_v2,31129600,31129600,0,0.0,27.678,20.881
100000000,fineweb_edu,1337,4.80,role_depth_v3,31129600,31129600,0,0.0,27.678,21.158
100000000,fineweb_edu,1337,4.80,role_depth_v4,31129600,31129600,0,0.0,27.678,25.070
100000000,fineweb_edu,1337,4.80,role_depth_v5,31129600,31129600,0,0.0,27.678,24.928
100000000,fineweb_edu,1337,4.80,role_depth_v6,31129600,31129600,0,0.0,27.678,25.132
100000000,fineweb_edu,1337,4.60,no_role_depth,39321600,40960000,1638400,0.04,27.678,20.280
100000000,fineweb_edu,1337,4.60,role_depth_v2,39321600,39321600,0,0.0,27.678,20.881
100000000,fineweb_edu,1337,4.60,role_depth_v3,39321600,39321600,0,0.0,27.678,21.158
100000000,fineweb_edu,1337,4.60,role_depth_v4,39321600,39321600,0,0.0,27.678,25.070
100000000,fineweb_edu,1337,4.60,role_depth_v5,39321600,39321600,0,0.0,27.678,24.928
100000000,fineweb_edu,1337,4.60,role_depth_v6,39321600,39321600,0,0.0,27.678,25.132
100000000,fineweb_edu,1337,4.40,no_role_depth,50790400,52428800,1638400,0.03125,27.678,20.280
100000000,fineweb_edu,1337,4.40,role_depth_v2,50790400,50790400,0,0.0,27.678,20.881
100000000,fineweb_edu,1337,4.40,role_depth_v3,50790400,50790400,0,0.0,27.678,21.158
100000000,fineweb_edu,1337,4.40,role_depth_v4,50790400,50790400,0,0.0,27.678,25.070
100000000,fineweb_edu,1337,4.40,role_depth_v5,50790400,50790400,0,0.0,27.678,24.928
100000000,fineweb_edu,1337,4.40,role_depth_v6,50790400,50790400,0,0.0,27.678,25.132
100000000,fineweb_edu,1337,4.30,no_role_depth,60620800,62259200,1638400,0.02631578947368421,27.678,20.280
100000000,fineweb_edu,1337,4.30,role_depth_v2,60620800,58982400,-1638400,-0.027777777777777776,27.678,20.881
100000000,fineweb_edu,1337,4.30,role_depth_v3,60620800,60620800,0,0.0,27.678,21.158
100000000,fineweb_edu,1337,4.30,role_depth_v4,60620800,60620800,0,0.0,27.678,25.070
100000000,fineweb_edu,1337,4.30,role_depth_v5,60620800,58982400,-1638400,-0.027777777777777776,27.678,24.928
100000000,fineweb_edu,1337,4.30,role_depth_v6,60620800,58982400,-1638400,-0.027777777777777776,27.678,25.132
100000000,fineweb_edu,1337,4.20,no_role_depth,72089600,73728000,1638400,0.022222222222222223,27.678,20.280
100000000,fineweb_edu,1337,4.20,role_depth_v2,72089600,72089600,0,0.0,27.678,20.881
100000000,fineweb_edu,1337,4.20,role_depth_v3,72089600,73728000,1638400,0.022222222222222223,27.678,21.158
100000000,fineweb_edu,1337,4.20,role_depth_v4,72089600,72089600,0,0.0,27.678,25.070
100000000,fineweb_edu,1337,4.20,role_depth_v5,72089600,72089600,0,0.0,27.678,24.928
100000000,fineweb_edu,1337,4.20,role_depth_v6,72089600,72089600,0,0.0,27.678,25.132
100000000,fineweb_edu,1337,4.10,role_depth_v2,96665600,95027200,-1638400,-0.017241379310344827,27.678,20.881
100000000,fineweb_edu,1337,4.10,role_depth_v4,96665600,96665600,0,0.0,27.678,25.070
100000000,fineweb_edu,1337,4.10,role_depth_v5,96665600,95027200,-1638400,-0.017241379310344827,27.678,24.928
100000000,fineweb_edu,1337,4.10,role_depth_v6,96665600,96665600,0,0.0,27.678,25.132
100000000,fineweb_edu,2027,4.80,no_role_depth,29491200,31129600,1638400,0.05263157894736842,22.464,22.669
100000000,fineweb_edu,2027,4.80,role_depth_v2,29491200,29491200,0,0.0,22.464,20.727
100000000,fineweb_edu,2027,4.80,role_depth_v3,29491200,31129600,1638400,0.05263157894736842,22.464,24.433
100000000,fineweb_edu,2027,4.80,role_depth_v4,29491200,29491200,0,0.0,22.464,20.723
100000000,fineweb_edu,2027,4.80,role_depth_v5,29491200,29491200,0,0.0,22.464,24.717
100000000,fineweb_edu,2027,4.80,role_depth_v6,29491200,29491200,0,0.0,22.464,26.592
100000000,fineweb_edu,2027,4.60,no_role_depth,37683200,37683200,0,0.0,22.464,22.669
100000000,fineweb_edu,2027,4.60,role_depth_v2,37683200,37683200,0,0.0,22.464,20.727
100000000,fineweb_edu,2027,4.60,role_depth_v3,37683200,39321600,1638400,0.041666666666666664,22.464,24.433
100000000,fineweb_edu,2027,4.60,role_depth_v4,37683200,37683200,0,0.0,22.464,20.723
100000000,fineweb_edu,2027,4.60,role_depth_v5,37683200,37683200,0,0.0,22.464,24.717
100000000,fineweb_edu,2027,4.60,role_depth_v6,37683200,37683200,0,0.0,22.464,26.592
100000000,fineweb_edu,2027,4.40,no_role_depth,49152000,49152000,0,0.0,22.464,22.669
100000000,fineweb_edu,2027,4.40,role_depth_v2,49152000,49152000,0,0.0,22.464,20.727
100000000,fineweb_edu,2027,4.40,role_depth_v3,49152000,50790400,1638400,0.03225806451612903,22.464,24.433
100000000,fineweb_edu,2027,4.40,role_depth_v4,49152000,49152000,0,0.0,22.464,20.723
100000000,fineweb_edu,2027,4.40,role_depth_v5,49152000,49152000,0,0.0,22.464,24.717
100000000,fineweb_edu,2027,4.40,role_depth_v6,49152000,49152000,0,0.0,22.464,26.592
100000000,fineweb_edu,2027,4.30,no_role_depth,57344000,58982400,1638400,0.027777777777777776,22.464,22.669
100000000,fineweb_edu,2027,4.30,role_depth_v2,57344000,57344000,0,0.0,22.464,20.727
100000000,fineweb_edu,2027,4.30,role_depth_v3,57344000,58982400,1638400,0.027777777777777776,22.464,24.433
100000000,fineweb_edu,2027,4.30,role_depth_v4,57344000,57344000,0,0.0,22.464,20.723
100000000,fineweb_edu,2027,4.30,role_depth_v5,57344000,57344000,0,0.0,22.464,24.717
100000000,fineweb_edu,2027,4.30,role_depth_v6,57344000,57344000,0,0.0,22.464,26.592
100000000,fineweb_edu,2027,4.20,no_role_depth,70451200,72089600,1638400,0.022727272727272728,22.464,22.669
100000000,fineweb_edu,2027,4.20,role_depth_v2,70451200,70451200,0,0.0,22.464,20.727
100000000,fineweb_edu,2027,4.20,role_depth_v3,70451200,72089600,1638400,0.022727272727272728,22.464,24.433
100000000,fineweb_edu,2027,4.20,role_depth_v4,70451200,70451200,0,0.0,22.464,20.723
100000000,fineweb_edu,2027,4.20,role_depth_v5,70451200,70451200,0,0.0,22.464,24.717
100000000,fineweb_edu,2027,4.20,role_depth_v6,70451200,70451200,0,0.0,22.464,26.592
100000000,fineweb_edu,2027,4.10,no_role_depth,90112000,93388800,3276800,0.03508771929824561,22.464,22.669
100000000,fineweb_edu,2027,4.10,role_depth_v2,90112000,90112000,0,0.0,22.464,20.727
100000000,fineweb_edu,2027,4.10,role_depth_v3,90112000,95027200,4915200,0.05172413793103448,22.464,24.433
100000000,fineweb_edu,2027,4.10,role_depth_v4,90112000,90112000,0,0.0,22.464,20.723
100000000,fineweb_edu,2027,4.10,role_depth_v5,90112000,90112000,0,0.0,22.464,24.717
100000000,fineweb_edu,2027,4.10,role_depth_v6,90112000,90112000,0,0.0,22.464,26.592
100000000,fineweb_edu,3407,4.80,no_role_depth,29491200,31129600,1638400,0.05263157894736842,27.774,23.456
100000000,fineweb_edu,3407,4.80,role_depth_v2,29491200,29491200,0,0.0,27.774,22.090
100000000,fineweb_edu,3407,4.80,role_depth_v3,29491200,31129600,1638400,0.05263157894736842,27.774,25.216
100000000,fineweb_edu,3407,4.80,role_depth_v4,29491200,29491200,0,0.0,27.774,21.469
100000000,fineweb_edu,3407,4.80,role_depth_v5,29491200,29491200,0,0.0,27.774,26.409
100000000,fineweb_edu,3407,4.80,role_depth_v6,29491200,29491200,0,0.0,27.774,23.912
100000000,fineweb_edu,3407,4.60,no_role_depth,37683200,39321600,1638400,0.041666666666666664,27.774,23.456
100000000,fineweb_edu,3407,4.60,role_depth_v2,37683200,37683200,0,0.0,27.774,22.090
100000000,fineweb_edu,3407,4.60,role_depth_v3,37683200,39321600,1638400,0.041666666666666664,27.774,25.216
100000000,fineweb_edu,3407,4.60,role_depth_v4,37683200,37683200,0,0.0,27.774,21.469
100000000,fineweb_edu,3407,4.60,role_depth_v5,37683200,37683200,0,0.0,27.774,26.409
100000000,fineweb_edu,3407,4.60,role_depth_v6,37683200,37683200,0,0.0,27.774,23.912
100000000,fineweb_edu,3407,4.40,no_role_depth,49152000,50790400,1638400,0.03225806451612903,27.774,23.456
100000000,fineweb_edu,3407,4.40,role_depth_v2,49152000,49152000,0,0.0,27.774,22.090
100000000,fineweb_edu,3407,4.40,role_depth_v3,49152000,50790400,1638400,0.03225806451612903,27.774,25.216
100000000,fineweb_edu,3407,4.40,role_depth_v4,49152000,49152000,0,0.0,27.774,21.469
100000000,fineweb_edu,3407,4.40,role_depth_v5,49152000,49152000,0,0.0,27.774,26.409
100000000,fineweb_edu,3407,4.40,role_depth_v6,49152000,49152000,0,0.0,27.774,23.912
100000000,fineweb_edu,3407,4.30,no_role_depth,60620800,60620800,0,0.0,27.774,23.456
100000000,fineweb_edu,3407,4.30,role_depth_v2,60620800,60620800,0,0.0,27.774,22.090
100000000,fineweb_edu,3407,4.30,role_depth_v3,60620800,60620800,0,0.0,27.774,25.216
100000000,fineweb_edu,3407,4.30,role_depth_v4,60620800,60620800,0,0.0,27.774,21.469
100000000,fineweb_edu,3407,4.30,role_depth_v5,60620800,58982400,-1638400,-0.027777777777777776,27.774,26.409
100000000,fineweb_edu,3407,4.30,role_depth_v6,60620800,58982400,-1638400,-0.027777777777777776,27.774,23.912
100000000,fineweb_edu,3407,4.20,no_role_depth,72089600,73728000,1638400,0.022222222222222223,27.774,23.456
100000000,fineweb_edu,3407,4.20,role_depth_v2,72089600,72089600,0,0.0,27.774,22.090
100000000,fineweb_edu,3407,4.20,role_depth_v3,72089600,73728000,1638400,0.022222222222222223,27.774,25.216
100000000,fineweb_edu,3407,4.20,role_depth_v4,72089600,72089600,0,0.0,27.774,21.469
100000000,fineweb_edu,3407,4.20,role_depth_v5,72089600,72089600,0,0.0,27.774,26.409
100000000,fineweb_edu,3407,4.20,role_depth_v6,72089600,73728000,1638400,0.022222222222222223,27.774,23.912
100000000,fineweb_edu,3407,4.10,role_depth_v2,98304000,98304000,0,0.0,27.774,22.090
100000000,fineweb_edu,3407,4.10,role_depth_v4,98304000,98304000,0,0.0,27.774,21.469
100000000,fineweb_edu,3407,4.10,role_depth_v5,98304000,96665600,-1638400,-0.01694915254237288,27.774,26.409
100000000,fineweb_edu,3407,4.10,role_depth_v6,98304000,99942400,1638400,0.01639344262295082,27.774,23.912
100000000,fineweb,1337,5.00,no_role_depth,29491200,31129600,1638400,0.05263157894736842,22.435,21.440
100000000,fineweb,1337,5.00,role_depth_v2,29491200,29491200,0,0.0,22.435,24.864
100000000,fineweb,1337,5.00,role_depth_v3,29491200,31129600,1638400,0.05263157894736842,22.435,25.182
100000000,fineweb,1337,5.00,role_depth_v4,29491200,29491200,0,0.0,22.435,26.301
100000000,fineweb,1337,5.00,role_depth_v5,29491200,29491200,0,0.0,22.435,23.515
100000000,fineweb,1337,5.00,role_depth_v6,29491200,29491200,0,0.0,22.435,22.823
100000000,fineweb,1337,4.80,no_role_depth,37683200,39321600,1638400,0.041666666666666664,22.435,21.440
100000000,fineweb,1337,4.80,role_depth_v2,37683200,39321600,1638400,0.041666666666666664,22.435,24.864
100000000,fineweb,1337,4.80,role_depth_v3,37683200,39321600,1638400,0.041666666666666664,22.435,25.182
100000000,fineweb,1337,4.80,role_depth_v4,37683200,37683200,0,0.0,22.435,26.301
100000000,fineweb,1337,4.80,role_depth_v5,37683200,37683200,0,0.0,22.435,23.515
100000000,fineweb,1337,4.80,role_depth_v6,37683200,37683200,0,0.0,22.435,22.823
100000000,fineweb,1337,4.60,no_role_depth,50790400,52428800,1638400,0.03125,22.435,21.440
100000000,fineweb,1337,4.60,role_depth_v2,50790400,50790400,0,0.0,22.435,24.864
100000000,fineweb,1337,4.60,role_depth_v3,50790400,52428800,1638400,0.03125,22.435,25.182
100000000,fineweb,1337,4.60,role_depth_v4,50790400,50790400,0,0.0,22.435,26.301
100000000,fineweb,1337,4.60,role_depth_v5,50790400,50790400,0,0.0,22.435,23.515
100000000,fineweb,1337,4.60,role_depth_v6,50790400,50790400,0,0.0,22.435,22.823
100000000,fineweb,1337,4.50,no_role_depth,60620800,62259200,1638400,0.02631578947368421,22.435,21.440
100000000,fineweb,1337,4.50,role_depth_v2,60620800,60620800,0,0.0,22.435,24.864
100000000,fineweb,1337,4.50,role_depth_v3,60620800,62259200,1638400,0.02631578947368421,22.435,25.182
100000000,fineweb,1337,4.50,role_depth_v4,60620800,60620800,0,0.0,22.435,26.301
100000000,fineweb,1337,4.50,role_depth_v5,60620800,60620800,0,0.0,22.435,23.515
100000000,fineweb,1337,4.50,role_depth_v6,60620800,60620800,0,0.0,22.435,22.823
100000000,fineweb,1337,4.40,no_role_depth,73728000,75366400,1638400,0.021739130434782608,22.435,21.440
100000000,fineweb,1337,4.40,role_depth_v2,73728000,73728000,0,0.0,22.435,24.864
100000000,fineweb,1337,4.40,role_depth_v3,73728000,75366400,1638400,0.021739130434782608,22.435,25.182
100000000,fineweb,1337,4.40,role_depth_v4,73728000,73728000,0,0.0,22.435,26.301
100000000,fineweb,1337,4.40,role_depth_v5,73728000,73728000,0,0.0,22.435,23.515
100000000,fineweb,1337,4.40,role_depth_v6,73728000,73728000,0,0.0,22.435,22.823
100000000,fineweb,1337,4.35,no_role_depth,83558400,86835200,3276800,0.03773584905660377,22.435,21.440
100000000,fineweb,1337,4.35,role_depth_v2,83558400,83558400,0,0.0,22.435,24.864
100000000,fineweb,1337,4.35,role_depth_v3,83558400,86835200,3276800,0.03773584905660377,22.435,25.182
100000000,fineweb,1337,4.35,role_depth_v4,83558400,83558400,0,0.0,22.435,26.301
100000000,fineweb,1337,4.35,role_depth_v5,83558400,83558400,0,0.0,22.435,23.515
100000000,fineweb,1337,4.35,role_depth_v6,83558400,83558400,0,0.0,22.435,22.823
100000000,fineweb,2027,5.00,no_role_depth,31129600,32768000,1638400,0.05,27.847,23.559
100000000,fineweb,2027,5.00,role_depth_v2,31129600,31129600,0,0.0,27.847,21.601
100000000,fineweb,2027,5.00,role_depth_v3,31129600,31129600,0,0.0,27.847,25.692
100000000,fineweb,2027,5.00,role_depth_v4,31129600,31129600,0,0.0,27.847,24.979
100000000,fineweb,2027,5.00,role_depth_v5,31129600,31129600,0,0.0,27.847,25.837
100000000,fineweb,2027,5.00,role_depth_v6,31129600,31129600,0,0.0,27.847,24.840
100000000,fineweb,2027,4.80,no_role_depth,39321600,40960000,1638400,0.04,27.847,23.559
100000000,fineweb,2027,4.80,role_depth_v2,39321600,40960000,1638400,0.04,27.847,21.601
100000000,fineweb,2027,4.80,role_depth_v3,39321600,40960000,1638400,0.04,27.847,25.692
100000000,fineweb,2027,4.80,role_depth_v4,39321600,39321600,0,0.0,27.847,24.979
100000000,fineweb,2027,4.80,role_depth_v5,39321600,39321600,0,0.0,27.847,25.837
100000000,fineweb,2027,4.80,role_depth_v6,39321600,39321600,0,0.0,27.847,24.840
100000000,fineweb,2027,4.60,no_role_depth,52428800,55705600,3276800,0.058823529411764705,27.847,23.559
100000000,fineweb,2027,4.60,role_depth_v2,52428800,54067200,1638400,0.030303030303030304,27.847,21.601
100000000,fineweb,2027,4.60,role_depth_v3,52428800,54067200,1638400,0.030303030303030304,27.847,25.692
100000000,fineweb,2027,4.60,role_depth_v4,52428800,54067200,1638400,0.030303030303030304,27.847,24.979
100000000,fineweb,2027,4.60,role_depth_v5,52428800,54067200,1638400,0.030303030303030304,27.847,25.837
100000000,fineweb,2027,4.60,role_depth_v6,52428800,52428800,0,0.0,27.847,24.840
100000000,fineweb,2027,4.50,no_role_depth,63897600,65536000,1638400,0.025,27.847,23.559
100000000,fineweb,2027,4.50,role_depth_v2,63897600,63897600,0,0.0,27.847,21.601
100000000,fineweb,2027,4.50,role_depth_v3,63897600,65536000,1638400,0.025,27.847,25.692
100000000,fineweb,2027,4.50,role_depth_v4,63897600,63897600,0,0.0,27.847,24.979
100000000,fineweb,2027,4.50,role_depth_v5,63897600,63897600,0,0.0,27.847,25.837
100000000,fineweb,2027,4.50,role_depth_v6,63897600,63897600,0,0.0,27.847,24.840
100000000,fineweb,2027,4.40,no_role_depth,78643200,81920000,3276800,0.04,27.847,23.559
100000000,fineweb,2027,4.40,role_depth_v2,78643200,78643200,0,0.0,27.847,21.601
100000000,fineweb,2027,4.40,role_depth_v3,78643200,80281600,1638400,0.02040816326530612,27.847,25.692
100000000,fineweb,2027,4.40,role_depth_v4,78643200,78643200,0,0.0,27.847,24.979
100000000,fineweb,2027,4.40,role_depth_v5,78643200,78643200,0,0.0,27.847,25.837
100000000,fineweb,2027,4.40,role_depth_v6,78643200,78643200,0,0.0,27.847,24.840
100000000,fineweb,2027,4.35,no_role_depth,90112000,98304000,8192000,0.08333333333333333,27.847,23.559
100000000,fineweb,2027,4.35,role_depth_v2,90112000,90112000,0,0.0,27.847,21.601
100000000,fineweb,2027,4.35,role_depth_v3,90112000,95027200,4915200,0.05172413793103448,27.847,25.692
100000000,fineweb,2027,4.35,role_depth_v4,90112000,90112000,0,0.0,27.847,24.979
100000000,fineweb,2027,4.35,role_depth_v5,90112000,90112000,0,0.0,27.847,25.837
100000000,fineweb,2027,4.35,role_depth_v6,90112000,90112000,0,0.0,27.847,24.840
100000000,fineweb,3407,5.00,no_role_depth,31129600,31129600,0,0.0,22.461,23.666
100000000,fineweb,3407,5.00,role_depth_v2,31129600,31129600,0,0.0,22.461,20.703
100000000,fineweb,3407,5.00,role_depth_v3,31129600,31129600,0,0.0,22.461,20.272
100000000,fineweb,3407,5.00,role_depth_v4,31129600,31129600,0,0.0,22.461,20.764
100000000,fineweb,3407,5.00,role_depth_v5,31129600,31129600,0,0.0,22.461,24.817
100000000,fineweb,3407,5.00,role_depth_v6,31129600,31129600,0,0.0,22.461,26.306
100000000,fineweb,3407,4.80,no_role_depth,39321600,40960000,1638400,0.04,22.461,23.666
100000000,fineweb,3407,4.80,role_depth_v2,39321600,39321600,0,0.0,22.461,20.703
100000000,fineweb,3407,4.80,role_depth_v3,39321600,40960000,1638400,0.04,22.461,20.272
100000000,fineweb,3407,4.80,role_depth_v4,39321600,39321600,0,0.0,22.461,20.764
100000000,fineweb,3407,4.80,role_depth_v5,39321600,39321600,0,0.0,22.461,24.817
100000000,fineweb,3407,4.80,role_depth_v6,39321600,39321600,0,0.0,22.461,26.306
100000000,fineweb,3407,4.60,no_role_depth,52428800,54067200,1638400,0.030303030303030304,22.461,23.666
100000000,fineweb,3407,4.60,role_depth_v2,52428800,52428800,0,0.0,22.461,20.703
100000000,fineweb,3407,4.60,role_depth_v3,52428800,54067200,1638400,0.030303030303030304,22.461,20.272
100000000,fineweb,3407,4.60,role_depth_v4,52428800,52428800,0,0.0,22.461,20.764
100000000,fineweb,3407,4.60,role_depth_v5,52428800,52428800,0,0.0,22.461,24.817
100000000,fineweb,3407,4.60,role_depth_v6,52428800,52428800,0,0.0,22.461,26.306
100000000,fineweb,3407,4.50,no_role_depth,62259200,65536000,3276800,0.05,22.461,23.666
100000000,fineweb,3407,4.50,role_depth_v2,62259200,62259200,0,0.0,22.461,20.703
100000000,fineweb,3407,4.50,role_depth_v3,62259200,63897600,1638400,0.02564102564102564,22.461,20.272
100000000,fineweb,3407,4.50,role_depth_v4,62259200,62259200,0,0.0,22.461,20.764
100000000,fineweb,3407,4.50,role_depth_v5,62259200,62259200,0,0.0,22.461,24.817
100000000,fineweb,3407,4.50,role_depth_v6,62259200,62259200,0,0.0,22.461,26.306
100000000,fineweb,3407,4.40,no_role_depth,77004800,80281600,3276800,0.04081632653061224,22.461,23.666
100000000,fineweb,3407,4.40,role_depth_v2,77004800,77004800,0,0.0,22.461,20.703
100000000,fineweb,3407,4.40,role_depth_v3,77004800,80281600,3276800,0.04081632653061224,22.461,20.272
100000000,fineweb,3407,4.40,role_depth_v4,77004800,77004800,0,0.0,22.461,20.764
100000000,fineweb,3407,4.40,role_depth_v5,77004800,77004800,0,0.0,22.461,24.817
100000000,fineweb,3407,4.40,role_depth_v6,77004800,77004800,0,0.0,22.461,26.306
100000000,fineweb,3407,4.35,no_role_depth,88473600,95027200,6553600,0.06896551724137931,22.461,23.666
100000000,fineweb,3407,4.35,role_depth_v2,88473600,88473600,0,0.0,22.461,20.703
100000000,fineweb,3407,4.35,role_depth_v3,88473600,95027200,6553600,0.06896551724137931,22.461,20.272
100000000,fineweb,3407,4.35,role_depth_v4,88473600,90112000,1638400,0.01818181818181818,22.461,20.764
100000000,fineweb,3407,4.35,role_depth_v5,88473600,88473600,0,0.0,22.461,24.817
100000000,fineweb,3407,4.35,role_depth_v6,88473600,90112000,1638400,0.01818181818181818,22.461,26.306
100000000,dolma_sample,1337,5.00,no_role_depth,32768000,32768000,0,0.0,24.401,20.303
100000000,dolma_sample,1337,5.00,role_depth_v2,32768000,32768000,0,0.0,24.401,20.886
100000000,dolma_sample,1337,5.00,role_depth_v3,32768000,32768000,0,0.0,24.401,21.076
100000000,dolma_sample,1337,5.00,role_depth_v4,32768000,32768000,0,0.0,24.401,24.710
100000000,dolma_sample,1337,5.00,role_depth_v5,32768000,32768000,0,0.0,24.401,21.740
100000000,dolma_sample,1337,5.00,role_depth_v6,32768000,32768000,0,0.0,24.401,24.219
100000000,dolma_sample,1337,4.80,no_role_depth,40960000,40960000,0,0.0,24.401,20.303
100000000,dolma_sample,1337,4.80,role_depth_v2,40960000,40960000,0,0.0,24.401,20.886
100000000,dolma_sample,1337,4.80,role_depth_v3,40960000,40960000,0,0.0,24.401,21.076
100000000,dolma_sample,1337,4.80,role_depth_v4,40960000,40960000,0,0.0,24.401,24.710
100000000,dolma_sample,1337,4.80,role_depth_v5,40960000,40960000,0,0.0,24.401,21.740
100000000,dolma_sample,1337,4.80,role_depth_v6,40960000,40960000,0,0.0,24.401,24.219
100000000,dolma_sample,1337,4.60,no_role_depth,54067200,54067200,0,0.0,24.401,20.303
100000000,dolma_sample,1337,4.60,role_depth_v2,54067200,54067200,0,0.0,24.401,20.886
100000000,dolma_sample,1337,4.60,role_depth_v3,54067200,54067200,0,0.0,24.401,21.076
100000000,dolma_sample,1337,4.60,role_depth_v4,54067200,54067200,0,0.0,24.401,24.710
100000000,dolma_sample,1337,4.60,role_depth_v5,54067200,54067200,0,0.0,24.401,21.740
100000000,dolma_sample,1337,4.60,role_depth_v6,54067200,54067200,0,0.0,24.401,24.219
100000000,dolma_sample,1337,4.50,no_role_depth,63897600,63897600,0,0.0,24.401,20.303
100000000,dolma_sample,1337,4.50,role_depth_v2,63897600,62259200,-1638400,-0.02631578947368421,24.401,20.886
100000000,dolma_sample,1337,4.50,role_depth_v3,63897600,63897600,0,0.0,24.401,21.076
100000000,dolma_sample,1337,4.50,role_depth_v4,63897600,63897600,0,0.0,24.401,24.710
100000000,dolma_sample,1337,4.50,role_depth_v5,63897600,63897600,0,0.0,24.401,21.740
100000000,dolma_sample,1337,4.50,role_depth_v6,63897600,63897600,0,0.0,24.401,24.219
100000000,dolma_sample,1337,4.40,no_role_depth,77004800,80281600,3276800,0.04081632653061224,24.401,20.303
100000000,dolma_sample,1337,4.40,role_depth_v2,77004800,77004800,0,0.0,24.401,20.886
100000000,dolma_sample,1337,4.40,role_depth_v3,77004800,80281600,3276800,0.04081632653061224,24.401,21.076
100000000,dolma_sample,1337,4.40,role_depth_v4,77004800,77004800,0,0.0,24.401,24.710
100000000,dolma_sample,1337,4.40,role_depth_v5,77004800,77004800,0,0.0,24.401,21.740
100000000,dolma_sample,1337,4.40,role_depth_v6,77004800,77004800,0,0.0,24.401,24.219
100000000,dolma_sample,1337,4.35,no_role_depth,90112000,93388800,3276800,0.03508771929824561,24.401,20.303
100000000,dolma_sample,1337,4.35,role_depth_v2,90112000,88473600,-1638400,-0.018518518518518517,24.401,20.886
100000000,dolma_sample,1337,4.35,role_depth_v3,90112000,93388800,3276800,0.03508771929824561,24.401,21.076
100000000,dolma_sample,1337,4.35,role_depth_v4,90112000,90112000,0,0.0,24.401,24.710
100000000,dolma_sample,1337,4.35,role_depth_v5,90112000,88473600,-1638400,-0.018518518518518517,24.401,21.740
100000000,dolma_sample,1337,4.35,role_depth_v6,90112000,90112000,0,0.0,24.401,24.219
100000000,dolma_sample,2027,5.00,no_role_depth,31129600,32768000,1638400,0.05,22.439,26.119
100000000,dolma_sample,2027,5.00,role_depth_v2,31129600,31129600,0,0.0,22.439,20.741
100000000,dolma_sample,2027,5.00,role_depth_v3,31129600,32768000,1638400,0.05,22.439,24.197
100000000,dolma_sample,2027,5.00,role_depth_v4,31129600,31129600,0,0.0,22.439,21.620
100000000,dolma_sample,2027,5.00,role_depth_v5,31129600,31129600,0,0.0,22.439,23.584
100000000,dolma_sample,2027,5.00,role_depth_v6,31129600,31129600,0,0.0,22.439,22.824
100000000,dolma_sample,2027,4.80,no_role_depth,39321600,40960000,1638400,0.04,22.439,26.119
100000000,dolma_sample,2027,4.80,role_depth_v2,39321600,39321600,0,0.0,22.439,20.741
100000000,dolma_sample,2027,4.80,role_depth_v3,39321600,40960000,1638400,0.04,22.439,24.197
100000000,dolma_sample,2027,4.80,role_depth_v4,39321600,39321600,0,0.0,22.439,21.620
100000000,dolma_sample,2027,4.80,role_depth_v5,39321600,39321600,0,0.0,22.439,23.584
100000000,dolma_sample,2027,4.80,role_depth_v6,39321600,39321600,0,0.0,22.439,22.824
100000000,dolma_sample,2027,4.60,no_role_depth,54067200,55705600,1638400,0.029411764705882353,22.439,26.119
100000000,dolma_sample,2027,4.60,role_depth_v2,54067200,54067200,0,0.0,22.439,20.741
100000000,dolma_sample,2027,4.60,role_depth_v3,54067200,55705600,1638400,0.029411764705882353,22.439,24.197
100000000,dolma_sample,2027,4.60,role_depth_v4,54067200,54067200,0,0.0,22.439,21.620
100000000,dolma_sample,2027,4.60,role_depth_v5,54067200,54067200,0,0.0,22.439,23.584
100000000,dolma_sample,2027,4.60,role_depth_v6,54067200,54067200,0,0.0,22.439,22.824
100000000,dolma_sample,2027,4.50,no_role_depth,63897600,65536000,1638400,0.025,22.439,26.119
100000000,dolma_sample,2027,4.50,role_depth_v2,63897600,63897600,0,0.0,22.439,20.741
100000000,dolma_sample,2027,4.50,role_depth_v3,63897600,65536000,1638400,0.025,22.439,24.197
100000000,dolma_sample,2027,4.50,role_depth_v4,63897600,63897600,0,0.0,22.439,21.620
100000000,dolma_sample,2027,4.50,role_depth_v5,63897600,63897600,0,0.0,22.439,23.584
100000000,dolma_sample,2027,4.50,role_depth_v6,63897600,63897600,0,0.0,22.439,22.824
100000000,dolma_sample,2027,4.40,no_role_depth,78643200,81920000,3276800,0.04,22.439,26.119
100000000,dolma_sample,2027,4.40,role_depth_v2,78643200,78643200,0,0.0,22.439,20.741
100000000,dolma_sample,2027,4.40,role_depth_v3,78643200,81920000,3276800,0.04,22.439,24.197
100000000,dolma_sample,2027,4.40,role_depth_v4,78643200,78643200,0,0.0,22.439,21.620
100000000,dolma_sample,2027,4.40,role_depth_v5,78643200,78643200,0,0.0,22.439,23.584
100000000,dolma_sample,2027,4.40,role_depth_v6,78643200,78643200,0,0.0,22.439,22.824
100000000,dolma_sample,2027,4.35,no_role_depth,91750400,96665600,4915200,0.05084745762711865,22.439,26.119
100000000,dolma_sample,2027,4.35,role_depth_v2,91750400,90112000,-1638400,-0.01818181818181818,22.439,20.741
100000000,dolma_sample,2027,4.35,role_depth_v3,91750400,96665600,4915200,0.05084745762711865,22.439,24.197
100000000,dolma_sample,2027,4.35,role_depth_v4,91750400,91750400,0,0.0,22.439,21.620
100000000,dolma_sample,2027,4.35,role_depth_v5,91750400,91750400,0,0.0,22.439,23.584
100000000,dolma_sample,2027,4.35,role_depth_v6,91750400,93388800,1638400,0.017543859649122806,22.439,22.824
100000000,dolma_sample,3407,5.00,no_role_depth,32768000,32768000,0,0.0,24.314,21.083
100000000,dolma_sample,3407,5.00,role_depth_v2,32768000,32768000,0,0.0,24.314,21.572
100000000,dolma_sample,3407,5.00,role_depth_v3,32768000,32768000,0,0.0,24.314,25.261
100000000,dolma_sample,3407,5.00,role_depth_v4,32768000,32768000,0,0.0,24.314,26.235
100000000,dolma_sample,3407,5.00,role_depth_v5,32768000,32768000,0,0.0,24.314,23.620
100000000,dolma_sample,3407,5.00,role_depth_v6,32768000,32768000,0,0.0,24.314,24.891
100000000,dolma_sample,3407,4.80,no_role_depth,40960000,42598400,1638400,0.038461538461538464,24.314,21.083
100000000,dolma_sample,3407,4.80,role_depth_v2,40960000,40960000,0,0.0,24.314,21.572
100000000,dolma_sample,3407,4.80,role_depth_v3,40960000,42598400,1638400,0.038461538461538464,24.314,25.261
100000000,dolma_sample,3407,4.80,role_depth_v4,40960000,40960000,0,0.0,24.314,26.235
100000000,dolma_sample,3407,4.80,role_depth_v5,40960000,40960000,0,0.0,24.314,23.620
100000000,dolma_sample,3407,4.80,role_depth_v6,40960000,40960000,0,0.0,24.314,24.891
100000000,dolma_sample,3407,4.60,no_role_depth,54067200,55705600,1638400,0.029411764705882353,24.314,21.083
100000000,dolma_sample,3407,4.60,role_depth_v2,54067200,54067200,0,0.0,24.314,21.572
100000000,dolma_sample,3407,4.60,role_depth_v3,54067200,55705600,1638400,0.029411764705882353,24.314,25.261
100000000,dolma_sample,3407,4.60,role_depth_v4,54067200,54067200,0,0.0,24.314,26.235
100000000,dolma_sample,3407,4.60,role_depth_v5,54067200,54067200,0,0.0,24.314,23.620
100000000,dolma_sample,3407,4.60,role_depth_v6,54067200,54067200,0,0.0,24.314,24.891
100000000,dolma_sample,3407,4.50,no_role_depth,63897600,65536000,1638400,0.025,24.314,21.083
100000000,dolma_sample,3407,4.50,role_depth_v2,63897600,63897600,0,0.0,24.314,21.572
100000000,dolma_sample,3407,4.50,role_depth_v3,63897600,65536000,1638400,0.025,24.314,25.261
100000000,dolma_sample,3407,4.50,role_depth_v4,63897600,63897600,0,0.0,24.314,26.235
100000000,dolma_sample,3407,4.50,role_depth_v5,63897600,63897600,0,0.0,24.314,23.620
100000000,dolma_sample,3407,4.50,role_depth_v6,63897600,63897600,0,0.0,24.314,24.891
100000000,dolma_sample,3407,4.40,no_role_depth,78643200,80281600,1638400,0.02040816326530612,24.314,21.083
100000000,dolma_sample,3407,4.40,role_depth_v2,78643200,77004800,-1638400,-0.02127659574468085,24.314,21.572
100000000,dolma_sample,3407,4.40,role_depth_v3,78643200,80281600,1638400,0.02040816326530612,24.314,25.261
100000000,dolma_sample,3407,4.40,role_depth_v4,78643200,78643200,0,0.0,24.314,26.235
100000000,dolma_sample,3407,4.40,role_depth_v5,78643200,77004800,-1638400,-0.02127659574468085,24.314,23.620
100000000,dolma_sample,3407,4.40,role_depth_v6,78643200,78643200,0,0.0,24.314,24.891
100000000,dolma_sample,3407,4.35,no_role_depth,90112000,95027200,4915200,0.05172413793103448,24.314,21.083
100000000,dolma_sample,3407,4.35,role_depth_v2,90112000,88473600,-1638400,-0.018518518518518517,24.314,21.572
100000000,dolma_sample,3407,4.35,role_depth_v3,90112000,95027200,4915200,0.05172413793103448,24.314,25.261
100000000,dolma_sample,3407,4.35,role_depth_v4,90112000,90112000,0,0.0,24.314,26.235
100000000,dolma_sample,3407,4.35,role_depth_v5,90112000,90112000,0,0.0,24.314,23.620
100000000,dolma_sample,3407,4.35,role_depth_v6,90112000,91750400,1638400,0.017857142857142856,24.314,24.891
100000000,c4_en,1337,5.00,no_role_depth,29491200,29491200,0,0.0,22.481,24.962
100000000,c4_en,1337,5.00,role_depth_v2,29491200,29491200,0,0.0,22.481,22.122
100000000,c4_en,1337,5.00,role_depth_v3,29491200,29491200,0,0.0,22.481,20.194
100000000,c4_en,1337,5.00,role_depth_v4,29491200,29491200,0,0.0,22.481,25.020
100000000,c4_en,1337,5.00,role_depth_v5,29491200,29491200,0,0.0,22.481,24.744
100000000,c4_en,1337,5.00,role_depth_v6,29491200,29491200,0,0.0,22.481,26.648
100000000,c4_en,1337,4.80,no_role_depth,37683200,37683200,0,0.0,22.481,24.962
100000000,c4_en,1337,4.80,role_depth_v2,37683200,37683200,0,0.0,22.481,22.122
100000000,c4_en,1337,4.80,role_depth_v3,37683200,37683200,0,0.0,22.481,20.194
100000000,c4_en,1337,4.80,role_depth_v4,37683200,37683200,0,0.0,22.481,25.020
100000000,c4_en,1337,4.80,role_depth_v5,37683200,37683200,0,0.0,22.481,24.744
100000000,c4_en,1337,4.80,role_depth_v6,37683200,37683200,0,0.0,22.481,26.648
100000000,c4_en,1337,4.60,no_role_depth,49152000,49152000,0,0.0,22.481,24.962
100000000,c4_en,1337,4.60,role_depth_v2,49152000,49152000,0,0.0,22.481,22.122
100000000,c4_en,1337,4.60,role_depth_v3,49152000,49152000,0,0.0,22.481,20.194
100000000,c4_en,1337,4.60,role_depth_v4,49152000,49152000,0,0.0,22.481,25.020
100000000,c4_en,1337,4.60,role_depth_v5,49152000,49152000,0,0.0,22.481,24.744
100000000,c4_en,1337,4.60,role_depth_v6,49152000,49152000,0,0.0,22.481,26.648
100000000,c4_en,1337,4.50,no_role_depth,57344000,58982400,1638400,0.027777777777777776,22.481,24.962
100000000,c4_en,1337,4.50,role_depth_v2,57344000,57344000,0,0.0,22.481,22.122
100000000,c4_en,1337,4.50,role_depth_v3,57344000,57344000,0,0.0,22.481,20.194
100000000,c4_en,1337,4.50,role_depth_v4,57344000,57344000,0,0.0,22.481,25.020
100000000,c4_en,1337,4.50,role_depth_v5,57344000,57344000,0,0.0,22.481,24.744
100000000,c4_en,1337,4.50,role_depth_v6,57344000,57344000,0,0.0,22.481,26.648
100000000,c4_en,1337,4.40,no_role_depth,68812800,70451200,1638400,0.023255813953488372,22.481,24.962
100000000,c4_en,1337,4.40,role_depth_v2,68812800,68812800,0,0.0,22.481,22.122
100000000,c4_en,1337,4.40,role_depth_v3,68812800,70451200,1638400,0.023255813953488372,22.481,20.194
100000000,c4_en,1337,4.40,role_depth_v4,68812800,68812800,0,0.0,22.481,25.020
100000000,c4_en,1337,4.40,role_depth_v5,68812800,68812800,0,0.0,22.481,24.744
100000000,c4_en,1337,4.40,role_depth_v6,68812800,68812800,0,0.0,22.481,26.648
100000000,c4_en,1337,4.30,no_role_depth,86835200,91750400,4915200,0.05357142857142857,22.481,24.962
100000000,c4_en,1337,4.30,role_depth_v2,86835200,86835200,0,0.0,22.481,22.122
100000000,c4_en,1337,4.30,role_depth_v3,86835200,91750400,4915200,0.05357142857142857,22.481,20.194
100000000,c4_en,1337,4.30,role_depth_v4,86835200,86835200,0,0.0,22.481,25.020
100000000,c4_en,1337,4.30,role_depth_v5,86835200,86835200,0,0.0,22.481,24.744
100000000,c4_en,1337,4.30,role_depth_v6,86835200,88473600,1638400,0.018518518518518517,22.481,26.648
100000000,c4_en,2027,5.00,no_role_depth,29491200,31129600,1638400,0.05263157894736842,24.509,20.341
100000000,c4_en,2027,5.00,role_depth_v2,29491200,29491200,0,0.0,24.509,29.627
100000000,c4_en,2027,5.00,role_depth_v3,29491200,31129600,1638400,0.05263157894736842,24.509,21.047
100000000,c4_en,2027,5.00,role_depth_v4,29491200,29491200,0,0.0,24.509,20.803
100000000,c4_en,2027,5.00,role_depth_v5,29491200,29491200,0,0.0,24.509,25.016
100000000,c4_en,2027,5.00,role_depth_v6,29491200,29491200,0,0.0,24.509,23.813
100000000,c4_en,2027,4.80,no_role_depth,37683200,39321600,1638400,0.041666666666666664,24.509,20.341
100000000,c4_en,2027,4.80,role_depth_v2,37683200,37683200,0,0.0,24.509,29.627
100000000,c4_en,2027,4.80,role_depth_v3,37683200,39321600,1638400,0.041666666666666664,24.509,21.047
100000000,c4_en,2027,4.80,role_depth_v4,37683200,37683200,0,0.0,24.509,20.803
100000000,c4_en,2027,4.80,role_depth_v5,37683200,37683200,0,0.0,24.509,25.016
100000000,c4_en,2027,4.80,role_depth_v6,37683200,37683200,0,0.0,24.509,23.813
100000000,c4_en,2027,4.60,no_role_depth,50790400,52428800,1638400,0.03125,24.509,20.341
100000000,c4_en,2027,4.60,role_depth_v2,50790400,50790400,0,0.0,24.509,29.627
100000000,c4_en,2027,4.60,role_depth_v3,50790400,52428800,1638400,0.03125,24.509,21.047
100000000,c4_en,2027,4.60,role_depth_v4,50790400,50790400,0,0.0,24.509,20.803
100000000,c4_en,2027,4.60,role_depth_v5,50790400,50790400,0,0.0,24.509,25.016
100000000,c4_en,2027,4.60,role_depth_v6,50790400,50790400,0,0.0,24.509,23.813
100000000,c4_en,2027,4.50,no_role_depth,60620800,60620800,0,0.0,24.509,20.341
100000000,c4_en,2027,4.50,role_depth_v2,60620800,60620800,0,0.0,24.509,29.627
100000000,c4_en,2027,4.50,role_depth_v3,60620800,60620800,0,0.0,24.509,21.047
100000000,c4_en,2027,4.50,role_depth_v4,60620800,58982400,-1638400,-0.027777777777777776,24.509,20.803
100000000,c4_en,2027,4.50,role_depth_v5,60620800,58982400,-1638400,-0.027777777777777776,24.509,25.016
100000000,c4_en,2027,4.50,role_depth_v6,60620800,58982400,-1638400,-0.027777777777777776,24.509,23.813
100000000,c4_en,2027,4.40,no_role_depth,72089600,75366400,3276800,0.043478260869565216,24.509,20.341
100000000,c4_en,2027,4.40,role_depth_v2,72089600,73728000,1638400,0.022222222222222223,24.509,29.627
100000000,c4_en,2027,4.40,role_depth_v3,72089600,75366400,3276800,0.043478260869565216,24.509,21.047
100000000,c4_en,2027,4.40,role_depth_v4,72089600,73728000,1638400,0.022222222222222223,24.509,20.803
100000000,c4_en,2027,4.40,role_depth_v5,72089600,72089600,0,0.0,24.509,25.016
100000000,c4_en,2027,4.40,role_depth_v6,72089600,73728000,1638400,0.022222222222222223,24.509,23.813
100000000,c4_en,2027,4.30,role_depth_v2,99942400,99942400,0,0.0,24.509,29.627
100000000,c4_en,2027,4.30,role_depth_v5,99942400,99942400,0,0.0,24.509,25.016
100000000,c4_en,3407,5.00,no_role_depth,29491200,31129600,1638400,0.05263157894736842,22.414,20.363
100000000,c4_en,3407,5.00,role_depth_v2,29491200,29491200,0,0.0,22.414,24.950
100000000,c4_en,3407,5.00,role_depth_v3,29491200,31129600,1638400,0.05263157894736842,22.414,24.294
100000000,c4_en,3407,5.00,role_depth_v4,29491200,29491200,0,0.0,22.414,25.064
100000000,c4_en,3407,5.00,role_depth_v5,29491200,29491200,0,0.0,22.414,21.754
100000000,c4_en,3407,5.00,role_depth_v6,29491200,29491200,0,0.0,22.414,22.858
100000000,c4_en,3407,4.80,no_role_depth,37683200,37683200,0,0.0,22.414,20.363
100000000,c4_en,3407,4.80,role_depth_v2,37683200,37683200,0,0.0,22.414,24.950
100000000,c4_en,3407,4.80,role_depth_v3,37683200,39321600,1638400,0.041666666666666664,22.414,24.294
100000000,c4_en,3407,4.80,role_depth_v4,37683200,37683200,0,0.0,22.414,25.064
100000000,c4_en,3407,4.80,role_depth_v5,37683200,37683200,0,0.0,22.414,21.754
100000000,c4_en,3407,4.80,role_depth_v6,37683200,37683200,0,0.0,22.414,22.858
100000000,c4_en,3407,4.60,no_role_depth,50790400,50790400,0,0.0,22.414,20.363
100000000,c4_en,3407,4.60,role_depth_v2,50790400,50790400,0,0.0,22.414,24.950
100000000,c4_en,3407,4.60,role_depth_v3,50790400,50790400,0,0.0,22.414,24.294
100000000,c4_en,3407,4.60,role_depth_v4,50790400,50790400,0,0.0,22.414,25.064
100000000,c4_en,3407,4.60,role_depth_v5,50790400,50790400,0,0.0,22.414,21.754
100000000,c4_en,3407,4.60,role_depth_v6,50790400,49152000,-1638400,-0.03333333333333333,22.414,22.858
100000000,c4_en,3407,4.50,no_role_depth,58982400,60620800,1638400,0.02702702702702703,22.414,20.363
100000000,c4_en,3407,4.50,role_depth_v2,58982400,58982400,0,0.0,22.414,24.950
100000000,c4_en,3407,4.50,role_depth_v3,58982400,60620800,1638400,0.02702702702702703,22.414,24.294
100000000,c4_en,3407,4.50,role_depth_v4,58982400,58982400,0,0.0,22.414,25.064
100000000,c4_en,3407,4.50,role_depth_v5,58982400,58982400,0,0.0,22.414,21.754
100000000,c4_en,3407,4.50,role_depth_v6,58982400,58982400,0,0.0,22.414,22.858
100000000,c4_en,3407,4.40,no_role_depth,72089600,73728000,1638400,0.022222222222222223,22.414,20.363
100000000,c4_en,3407,4.40,role_depth_v2,72089600,72089600,0,0.0,22.414,24.950
100000000,c4_en,3407,4.40,role_depth_v3,72089600,73728000,1638400,0.022222222222222223,22.414,24.294
100000000,c4_en,3407,4.40,role_depth_v4,72089600,72089600,0,0.0,22.414,25.064
100000000,c4_en,3407,4.40,role_depth_v5,72089600,72089600,0,0.0,22.414,21.754
100000000,c4_en,3407,4.40,role_depth_v6,72089600,72089600,0,0.0,22.414,22.858
100000000,c4_en,3407,4.30,role_depth_v2,96665600,96665600,0,0.0,22.414,24.950
100000000,c4_en,3407,4.30,role_depth_v4,96665600,98304000,1638400,0.016666666666666666,22.414,25.064
100000000,c4_en,3407,4.30,role_depth_v5,96665600,96665600,0,0.0,22.414,21.754
100000000,c4_en,3407,4.30,role_depth_v6,96665600,98304000,1638400,0.016666666666666666,22.414,22.858
300000000,dclm,1337,4.40,no_role_depth,77004800,78643200,1638400,0.020833333333333332,73.189,64.231
300000000,dclm,1337,4.40,role_depth_v2,77004800,77004800,0,0.0,73.189,89.778
300000000,dclm,1337,4.40,role_depth_v3,77004800,80281600,3276800,0.04081632653061224,73.189,62.903
300000000,dclm,1337,4.40,role_depth_v4,77004800,80281600,3276800,0.04081632653061224,73.189,64.029
300000000,dclm,1337,4.40,role_depth_v5,77004800,78643200,1638400,0.020833333333333332,73.189,70.654
300000000,dclm,1337,4.40,role_depth_v6,77004800,78643200,1638400,0.020833333333333332,73.189,73.883
300000000,dclm,1337,4.30,no_role_depth,103219200,103219200,0,0.0,73.189,64.231
300000000,dclm,1337,4.30,role_depth_v2,103219200,103219200,0,0.0,73.189,89.778
300000000,dclm,1337,4.30,role_depth_v3,103219200,101580800,-1638400,-0.016129032258064516,73.189,62.903
300000000,dclm,1337,4.30,role_depth_v4,103219200,101580800,-1638400,-0.016129032258064516,73.189,64.029
300000000,dclm,1337,4.30,role_depth_v5,103219200,103219200,0,0.0,73.189,70.654
300000000,dclm,1337,4.30,role_depth_v6,103219200,101580800,-1638400,-0.016129032258064516,73.189,73.883
300000000,dclm,1337,4.20,no_role_depth,134348800,132710400,-1638400,-0.012345679012345678,73.189,64.231
300000000,dclm,1337,4.20,role_depth_v2,134348800,134348800,0,0.0,73.189,89.778
300000000,dclm,1337,4.20,role_depth_v3,134348800,134348800,0,0.0,73.189,62.903
300000000,dclm,1337,4.20,role_depth_v4,134348800,131072000,-3276800,-0.025,73.189,64.029
300000000,dclm,1337,4.20,role_depth_v5,134348800,134348800,0,0.0,73.189,70.654
300000000,dclm,1337,4.20,role_depth_v6,134348800,131072000,-3276800,-0.025,73.189,73.883
300000000,dclm,1337,4.10,no_role_depth,180224000,178585600,-1638400,-0.009174311926605505,73.189,64.231
300000000,dclm,1337,4.10,role_depth_v2,180224000,178585600,-1638400,-0.009174311926605505,73.189,89.778
300000000,dclm,1337,4.10,role_depth_v3,180224000,180224000,0,0.0,73.189,62.903
300000000,dclm,1337,4.10,role_depth_v4,180224000,178585600,-1638400,-0.009174311926605505,73.189,64.029
300000000,dclm,1337,4.10,role_depth_v5,180224000,176947200,-3276800,-0.018518518518518517,73.189,70.654
300000000,dclm,1337,4.10,role_depth_v6,180224000,175308800,-4915200,-0.028037383177570093,73.189,73.883
300000000,dclm,1337,4.05,no_role_depth,206438400,208076800,1638400,0.007874015748031496,73.189,64.231
300000000,dclm,1337,4.05,role_depth_v2,206438400,206438400,0,0.0,73.189,89.778
300000000,dclm,1337,4.05,role_depth_v3,206438400,208076800,1638400,0.007874015748031496,73.189,62.903
300000000,dclm,1337,4.05,role_depth_v4,206438400,206438400,0,0.0,73.189,64.029
300000000,dclm,1337,4.05,role_depth_v5,206438400,206438400,0,0.0,73.189,70.654
300000000,dclm,1337,4.05,role_depth_v6,206438400,206438400,0,0.0,73.189,73.883
300000000,dclm,1337,4.00,no_role_depth,242483200,245760000,3276800,0.013333333333333334,73.189,64.231
300000000,dclm,1337,4.00,role_depth_v2,242483200,242483200,0,0.0,73.189,89.778
300000000,dclm,1337,4.00,role_depth_v3,242483200,247398400,4915200,0.019867549668874173,73.189,62.903
300000000,dclm,1337,4.00,role_depth_v4,242483200,242483200,0,0.0,73.189,64.029
300000000,dclm,1337,4.00,role_depth_v5,242483200,242483200,0,0.0,73.189,70.654
300000000,dclm,1337,4.00,role_depth_v6,242483200,244121600,1638400,0.006711409395973154,73.189,73.883
300000000,dclm,2027,4.40,no_role_depth,78643200,80281600,1638400,0.02040816326530612,67.238,59.986
300000000,dclm,2027,4.40,role_depth_v2,78643200,78643200,0,0.0,67.238,61.834
300000000,dclm,2027,4.40,role_depth_v3,78643200,80281600,1638400,0.02040816326530612,67.238,75.951
300000000,dclm,2027,4.40,role_depth_v4,78643200,81920000,3276800,0.04,67.238,61.955
300000000,dclm,2027,4.40,role_depth_v5,78643200,81920000,3276800,0.04,67.238,64.939
300000000,dclm,2027,4.40,role_depth_v6,78643200,80281600,1638400,0.02040816326530612,67.238,75.389
300000000,dclm,2027,4.30,no_role_depth,108134400,104857600,-3276800,-0.03125,67.238,59.986
300000000,dclm,2027,4.30,role_depth_v2,108134400,108134400,0,0.0,67.238,61.834
300000000,dclm,2027,4.30,role_depth_v3,108134400,104857600,-3276800,-0.03125,67.238,75.951
300000000,dclm,2027,4.30,role_depth_v4,108134400,104857600,-3276800,-0.03125,67.238,61.955
300000000,dclm,2027,4.30,role_depth_v5,108134400,106496000,-1638400,-0.015384615384615385,67.238,64.939
300000000,dclm,2027,4.30,role_depth_v6,108134400,103219200,-4915200,-0.047619047619047616,67.238,75.389
300000000,dclm,2027,4.20,no_role_depth,139264000,137625600,-1638400,-0.011904761904761904,67.238,59.986
300000000,dclm,2027,4.20,role_depth_v2,139264000,139264000,0,0.0,67.238,61.834
300000000,dclm,2027,4.20,role_depth_v3,139264000,137625600,-1638400,-0.011904761904761904,67.238,75.951
300000000,dclm,2027,4.20,role_depth_v4,139264000,135987200,-3276800,-0.024096385542168676,67.238,61.955
300000000,dclm,2027,4.20,role_depth_v5,139264000,139264000,0,0.0,67.238,64.939
300000000,dclm,2027,4.20,role_depth_v6,139264000,135987200,-3276800,-0.024096385542168676,67.238,75.389
300000000,dclm,2027,4.10,no_role_depth,185139200,185139200,0,0.0,67.238,59.986
300000000,dclm,2027,4.10,role_depth_v2,185139200,185139200,0,0.0,67.238,61.834
300000000,dclm,2027,4.10,role_depth_v3,185139200,186777600,1638400,0.008771929824561403,67.238,75.951
300000000,dclm,2027,4.10,role_depth_v4,185139200,185139200,0,0.0,67.238,61.955
300000000,dclm,2027,4.10,role_depth_v5,185139200,185139200,0,0.0,67.238,64.939
300000000,dclm,2027,4.10,role_depth_v6,185139200,183500800,-1638400,-0.008928571428571428,67.238,75.389
300000000,dclm,2027,4.05,no_role_depth,214630400,214630400,0,0.0,67.238,59.986
300000000,dclm,2027,4.05,role_depth_v2,214630400,214630400,0,0.0,67.238,61.834
300000000,dclm,2027,4.05,role_depth_v3,214630400,217907200,3276800,0.015037593984962405,67.238,75.951
300000000,dclm,2027,4.05,role_depth_v4,214630400,214630400,0,0.0,67.238,61.955
300000000,dclm,2027,4.05,role_depth_v5,214630400,216268800,1638400,0.007575757575757576,67.238,64.939
300000000,dclm,2027,4.05,role_depth_v6,214630400,212992000,-1638400,-0.007692307692307693,67.238,75.389
300000000,dclm,2027,4.00,no_role_depth,258867200,262144000,3276800,0.0125,67.238,59.986
300000000,dclm,2027,4.00,role_depth_v2,258867200,258867200,0,0.0,67.238,61.834
300000000,dclm,2027,4.00,role_depth_v3,258867200,263782400,4915200,0.018633540372670808,67.238,75.951
300000000,dclm,2027,4.00,role_depth_v4,258867200,258867200,0,0.0,67.238,61.955
300000000,dclm,2027,4.00,role_depth_v5,258867200,260505600,1638400,0.006289308176100629,67.238,64.939
300000000,dclm,2027,4.00,role_depth_v6,258867200,262144000,3276800,0.0125,67.238,75.389
300000000,dclm,3407,4.40,no_role_depth,67174400,70451200,3276800,0.046511627906976744,62.710,71.185
300000000,dclm,3407,4.40,role_depth_v2,67174400,67174400,0,0.0,62.710,62.414
300000000,dclm,3407,4.40,role_depth_v3,67174400,70451200,3276800,0.046511627906976744,62.710,60.237
300000000,dclm,3407,4.40,role_depth_v4,67174400,70451200,3276800,0.046511627906976744,62.710,73.089
300000000,dclm,3407,4.40,role_depth_v5,67174400,68812800,1638400,0.023809523809523808,62.710,74.419
300000000,dclm,3407,4.40,role_depth_v6,67174400,70451200,3276800,0.046511627906976744,62.710,79.246
300000000,dclm,3407,4.30,no_role_depth,90112000,88473600,-1638400,-0.018518518518518517,62.710,71.185
300000000,dclm,3407,4.30,role_depth_v2,90112000,90112000,0,0.0,62.710,62.414
300000000,dclm,3407,4.30,role_depth_v3,90112000,88473600,-1638400,-0.018518518518518517,62.710,60.237
300000000,dclm,3407,4.30,role_depth_v4,90112000,90112000,0,0.0,62.710,73.089
300000000,dclm,3407,4.30,role_depth_v5,90112000,90112000,0,0.0,62.710,74.419
300000000,dclm,3407,4.30,role_depth_v6,90112000,90112000,0,0.0,62.710,79.246
300000000,dclm,3407,4.20,no_role_depth,119603200,116326400,-3276800,-0.028169014084507043,62.710,71.185
300000000,dclm,3407,4.20,role_depth_v2,119603200,121241600,1638400,0.013513513513513514,62.710,62.414
300000000,dclm,3407,4.20,role_depth_v3,119603200,117964800,-1638400,-0.013888888888888888,62.710,60.237
300000000,dclm,3407,4.20,role_depth_v4,119603200,117964800,-1638400,-0.013888888888888888,62.710,73.089
300000000,dclm,3407,4.20,role_depth_v5,119603200,119603200,0,0.0,62.710,74.419
300000000,dclm,3407,4.20,role_depth_v6,119603200,116326400,-3276800,-0.028169014084507043,62.710,79.246
300000000,dclm,3407,4.10,no_role_depth,158924800,155648000,-3276800,-0.021052631578947368,62.710,71.185
300000000,dclm,3407,4.10,role_depth_v2,158924800,158924800,0,0.0,62.710,62.414
300000000,dclm,3407,4.10,role_depth_v3,158924800,155648000,-3276800,-0.021052631578947368,62.710,60.237
300000000,dclm,3407,4.10,role_depth_v4,158924800,155648000,-3276800,-0.021052631578947368,62.710,73.089
300000000,dclm,3407,4.10,role_depth_v5,158924800,157286400,-1638400,-0.010416666666666666,62.710,74.419
300000000,dclm,3407,4.10,role_depth_v6,158924800,155648000,-3276800,-0.021052631578947368,62.710,79.246
300000000,dclm,3407,4.05,no_role_depth,181862400,180224000,-1638400,-0.00909090909090909,62.710,71.185
300000000,dclm,3407,4.05,role_depth_v2,181862400,181862400,0,0.0,62.710,62.414
300000000,dclm,3407,4.05,role_depth_v3,181862400,181862400,0,0.0,62.710,60.237
300000000,dclm,3407,4.05,role_depth_v4,181862400,180224000,-1638400,-0.00909090909090909,62.710,73.089
300000000,dclm,3407,4.05,role_depth_v5,181862400,181862400,0,0.0,62.710,74.419
300000000,dclm,3407,4.05,role_depth_v6,181862400,180224000,-1638400,-0.00909090909090909,62.710,79.246
300000000,dclm,3407,4.00,no_role_depth,212992000,211353600,-1638400,-0.007751937984496124,62.710,71.185
300000000,dclm,3407,4.00,role_depth_v2,212992000,212992000,0,0.0,62.710,62.414
300000000,dclm,3407,4.00,role_depth_v3,212992000,212992000,0,0.0,62.710,60.237
300000000,dclm,3407,4.00,role_depth_v4,212992000,211353600,-1638400,-0.007751937984496124,62.710,73.089
300000000,dclm,3407,4.00,role_depth_v5,212992000,211353600,-1638400,-0.007751937984496124,62.710,74.419
300000000,dclm,3407,4.00,role_depth_v6,212992000,211353600,-1638400,-0.007751937984496124,62.710,79.246
300000000,fineweb_edu,1337,4.20,no_role_depth,70451200,73728000,3276800,0.044444444444444446,67.146,72.770
300000000,fineweb_edu,1337,4.20,role_depth_v2,70451200,72089600,1638400,0.022727272727272728,67.146,62.302
300000000,fineweb_edu,1337,4.20,role_depth_v3,70451200,73728000,3276800,0.044444444444444446,67.146,71.693
300000000,fineweb_edu,1337,4.20,role_depth_v4,70451200,73728000,3276800,0.044444444444444446,67.146,77.458
300000000,fineweb_edu,1337,4.20,role_depth_v5,70451200,72089600,1638400,0.022727272727272728,67.146,65.220
300000000,fineweb_edu,1337,4.20,role_depth_v6,70451200,73728000,3276800,0.044444444444444446,67.146,68.162
300000000,fineweb_edu,1337,4.10,no_role_depth,93388800,91750400,-1638400,-0.017857142857142856,67.146,72.770
300000000,fineweb_edu,1337,4.10,role_depth_v2,93388800,95027200,1638400,0.017241379310344827,67.146,62.302
300000000,fineweb_edu,1337,4.10,role_depth_v3,93388800,91750400,-1638400,-0.017857142857142856,67.146,71.693
300000000,fineweb_edu,1337,4.10,role_depth_v4,93388800,93388800,0,0.0,67.146,77.458
300000000,fineweb_edu,1337,4.10,role_depth_v5,93388800,95027200,1638400,0.017241379310344827,67.146,65.220
300000000,fineweb_edu,1337,4.10,role_depth_v6,93388800,91750400,-1638400,-0.017857142857142856,67.146,68.162
300000000,fineweb_edu,1337,4.00,no_role_depth,119603200,116326400,-3276800,-0.028169014084507043,67.146,72.770
300000000,fineweb_edu,1337,4.00,role_depth_v2,119603200,121241600,1638400,0.013513513513513514,67.146,62.302
300000000,fineweb_edu,1337,4.00,role_depth_v3,119603200,117964800,-1638400,-0.013888888888888888,67.146,71.693
300000000,fineweb_edu,1337,4.00,role_depth_v4,119603200,117964800,-1638400,-0.013888888888888888,67.146,77.458
300000000,fineweb_edu,1337,4.00,role_depth_v5,119603200,119603200,0,0.0,67.146,65.220
300000000,fineweb_edu,1337,4.00,role_depth_v6,119603200,116326400,-3276800,-0.028169014084507043,67.146,68.162
300000000,fineweb_edu,1337,3.90,no_role_depth,154009600,152371200,-1638400,-0.010752688172043012,67.146,72.770
300000000,fineweb_edu,1337,3.90,role_depth_v2,154009600,155648000,1638400,0.010526315789473684,67.146,62.302
300000000,fineweb_edu,1337,3.90,role_depth_v3,154009600,152371200,-1638400,-0.010752688172043012,67.146,71.693
300000000,fineweb_edu,1337,3.90,role_depth_v4,154009600,152371200,-1638400,-0.010752688172043012,67.146,77.458
300000000,fineweb_edu,1337,3.90,role_depth_v5,154009600,154009600,0,0.0,67.146,65.220
300000000,fineweb_edu,1337,3.90,role_depth_v6,154009600,149094400,-4915200,-0.03296703296703297,67.146,68.162
300000000,fineweb_edu,1337,3.85,no_role_depth,173670400,173670400,0,0.0,67.146,72.770
300000000,fineweb_edu,1337,3.85,role_depth_v2,173670400,175308800,1638400,0.009345794392523364,67.146,62.302
300000000,fineweb_edu,1337,3.85,role_depth_v3,173670400,173670400,0,0.0,67.146,71.693
300000000,fineweb_edu,1337,3.85,role_depth_v4,173670400,173670400,0,0.0,67.146,77.458
300000000,fineweb_edu,1337,3.85,role_depth_v5,173670400,173670400,0,0.0,67.146,65.220
300000000,fineweb_edu,1337,3.85,role_depth_v6,173670400,172032000,-1638400,-0.009523809523809525,67.146,68.162
300000000,fineweb_edu,1337,3.80,no_role_depth,198246400,198246400,0,0.0,67.146,72.770
300000000,fineweb_edu,1337,3.80,role_depth_v2,198246400,199884800,1638400,0.00819672131147541,67.146,62.302
300000000,fineweb_edu,1337,3.80,role_depth_v3,198246400,199884800,1638400,0.00819672131147541,67.146,71.693
300000000,fineweb_edu,1337,3.80,role_depth_v4,198246400,196608000,-1638400,-0.008333333333333333,67.146,77.458
300000000,fineweb_edu,1337,3.80,role_depth_v5,198246400,198246400,0,0.0,67.146,65.220
300000000,fineweb_edu,1337,3.80,role_depth_v6,198246400,196608000,-1638400,-0.008333333333333333,67.146,68.162
300000000,fineweb_edu,1337,3.75,no_role_depth,227737600,227737600,0,0.0,67.146,72.770
300000000,fineweb_edu,1337,3.75,role_depth_v2,227737600,227737600,0,0.0,67.146,62.302
300000000,fineweb_edu,1337,3.75,role_depth_v3,227737600,229376000,1638400,0.007142857142857143,67.146,71.693
300000000,fineweb_edu,1337,3.75,role_depth_v4,227737600,226099200,-1638400,-0.007246376811594203,67.146,77.458
300000000,fineweb_edu,1337,3.75,role_depth_v5,227737600,227737600,0,0.0,67.146,65.220
300000000,fineweb_edu,1337,3.75,role_depth_v6,227737600,224460800,-3276800,-0.014598540145985401,67.146,68.162
300000000,fineweb_edu,2027,4.20,no_role_depth,80281600,80281600,0,0.0,62.605,60.605
300000000,fineweb_edu,2027,4.20,role_depth_v2,80281600,80281600,0,0.0,62.605,64.732
300000000,fineweb_edu,2027,4.20,role_depth_v3,80281600,80281600,0,0.0,62.605,71.995
300000000,fineweb_edu,2027,4.20,role_depth_v4,80281600,81920000,1638400,0.02,62.605,74.333
300000000,fineweb_edu,2027,4.20,role_depth_v5,80281600,81920000,1638400,0.02,62.605,65.344
300000000,fineweb_edu,2027,4.20,role_depth_v6,80281600,81920000,1638400,0.02,62.605,73.901
300000000,fineweb_edu,2027,4.10,no_role_depth,104857600,101580800,-3276800,-0.03225806451612903,62.605,60.605
300000000,fineweb_edu,2027,4.10,role_depth_v2,104857600,104857600,0,0.0,62.605,64.732
300000000,fineweb_edu,2027,4.10,role_depth_v3,104857600,101580800,-3276800,-0.03225806451612903,62.605,71.995
300000000,fineweb_edu,2027,4.10,role_depth_v4,104857600,103219200,-1638400,-0.015873015873015872,62.605,74.333
300000000,fineweb_edu,2027,4.10,role_depth_v5,104857600,103219200,-1638400,-0.015873015873015872,62.605,65.344
300000000,fineweb_edu,2027,4.10,role_depth_v6,104857600,101580800,-3276800,-0.03225806451612903,62.605,73.901
300000000,fineweb_edu,2027,4.00,no_role_depth,132710400,131072000,-1638400,-0.0125,62.605,60.605
300000000,fineweb_edu,2027,4.00,role_depth_v2,132710400,132710400,0,0.0,62.605,64.732
300000000,fineweb_edu,2027,4.00,role_depth_v3,132710400,131072000,-1638400,-0.0125,62.605,71.995
300000000,fineweb_edu,2027,4.00,role_depth_v4,132710400,131072000,-1638400,-0.0125,62.605,74.333
300000000,fineweb_edu,2027,4.00,role_depth_v5,132710400,132710400,0,0.0,62.605,65.344
300000000,fineweb_edu,2027,4.00,role_depth_v6,132710400,129433600,-3276800,-0.02531645569620253,62.605,73.901
300000000,fineweb_edu,2027,3.90,no_role_depth,170393600,168755200,-1638400,-0.009708737864077669,62.605,60.605
300000000,fineweb_edu,2027,3.90,role_depth_v2,170393600,170393600,0,0.0,62.605,64.732
300000000,fineweb_edu,2027,3.90,role_depth_v3,170393600,170393600,0,0.0,62.605,71.995
300000000,fineweb_edu,2027,3.90,role_depth_v4,170393600,168755200,-1638400,-0.009708737864077669,62.605,74.333
300000000,fineweb_edu,2027,3.90,role_depth_v5,170393600,168755200,-1638400,-0.009708737864077669,62.605,65.344
300000000,fineweb_edu,2027,3.90,role_depth_v6,170393600,167116800,-3276800,-0.0196078431372549,62.605,73.901
300000000,fineweb_edu,2027,3.85,no_role_depth,193331200,193331200,0,0.0,62.605,60.605
300000000,fineweb_edu,2027,3.85,role_depth_v2,193331200,193331200,0,0.0,62.605,64.732
300000000,fineweb_edu,2027,3.85,role_depth_v3,193331200,193331200,0,0.0,62.605,71.995
300000000,fineweb_edu,2027,3.85,role_depth_v4,193331200,193331200,0,0.0,62.605,74.333
300000000,fineweb_edu,2027,3.85,role_depth_v5,193331200,193331200,0,0.0,62.605,65.344
300000000,fineweb_edu,2027,3.85,role_depth_v6,193331200,193331200,0,0.0,62.605,73.901
300000000,fineweb_edu,2027,3.80,no_role_depth,222822400,221184000,-1638400,-0.007407407407407408,62.605,60.605
300000000,fineweb_edu,2027,3.80,role_depth_v2,222822400,222822400,0,0.0,62.605,64.732
300000000,fineweb_edu,2027,3.80,role_depth_v3,222822400,224460800,1638400,0.0072992700729927005,62.605,71.995
300000000,fineweb_edu,2027,3.80,role_depth_v4,222822400,221184000,-1638400,-0.007407407407407408,62.605,74.333
300000000,fineweb_edu,2027,3.80,role_depth_v5,222822400,221184000,-1638400,-0.007407407407407408,62.605,65.344
300000000,fineweb_edu,2027,3.80,role_depth_v6,222822400,221184000,-1638400,-0.007407407407407408,62.605,73.901
300000000,fineweb_edu,2027,3.75,no_role_depth,263782400,265420800,1638400,0.006172839506172839,62.605,60.605
300000000,fineweb_edu,2027,3.75,role_depth_v2,263782400,263782400,0,0.0,62.605,64.732
300000000,fineweb_edu,2027,3.75,role_depth_v3,263782400,270336000,6553600,0.024242424242424242,62.605,71.995
300000000,fineweb_edu,2027,3.75,role_depth_v4,263782400,265420800,1638400,0.006172839506172839,62.605,74.333
300000000,fineweb_edu,2027,3.75,role_depth_v5,263782400,262144000,-1638400,-0.00625,62.605,65.344
300000000,fineweb_edu,2027,3.75,role_depth_v6,263782400,265420800,1638400,0.006172839506172839,62.605,73.901
300000000,fineweb_edu,3407,4.20,no_role_depth,73728000,77004800,3276800,0.0425531914893617,67.079,82.964
300000000,fineweb_edu,3407,4.20,role_depth_v2,73728000,73728000,0,0.0,67.079,66.222
300000000,fineweb_edu,3407,4.20,role_depth_v3,73728000,77004800,3276800,0.0425531914893617,67.079,62.892
300000000,fineweb_edu,3407,4.20,role_depth_v4,73728000,77004800,3276800,0.0425531914893617,67.079,64.522
300000000,fineweb_edu,3407,4.20,role_depth_v5,73728000,77004800,3276800,0.0425531914893617,67.079,71.419
300000000,fineweb_edu,3407,4.20,role_depth_v6,73728000,77004800,3276800,0.0425531914893617,67.079,65.533
300000000,fineweb_edu,3407,4.10,no_role_depth,98304000,96665600,-1638400,-0.01694915254237288,67.079,82.964
300000000,fineweb_edu,3407,4.10,role_depth_v2,98304000,98304000,0,0.0,67.079,66.222
300000000,fineweb_edu,3407,4.10,role_depth_v3,98304000,96665600,-1638400,-0.01694915254237288,67.079,62.892
300000000,fineweb_edu,3407,4.10,role_depth_v4,98304000,96665600,-1638400,-0.01694915254237288,67.079,64.522
300000000,fineweb_edu,3407,4.10,role_depth_v5,98304000,98304000,0,0.0,67.079,71.419
300000000,fineweb_edu,3407,4.10,role_depth_v6,98304000,96665600,-1638400,-0.01694915254237288,67.079,65.533
300000000,fineweb_edu,3407,4.00,no_role_depth,124518400,121241600,-3276800,-0.02702702702702703,67.079,82.964
300000000,fineweb_edu,3407,4.00,role_depth_v2,124518400,124518400,0,0.0,67.079,66.222
300000000,fineweb_edu,3407,4.00,role_depth_v3,124518400,122880000,-1638400,-0.013333333333333334,67.079,62.892
300000000,fineweb_edu,3407,4.00,role_depth_v4,124518400,122880000,-1638400,-0.013333333333333334,67.079,64.522
300000000,fineweb_edu,3407,4.00,role_depth_v5,124518400,124518400,0,0.0,67.079,71.419
300000000,fineweb_edu,3407,4.00,role_depth_v6,124518400,122880000,-1638400,-0.013333333333333334,67.079,65.533
300000000,fineweb_edu,3407,3.90,no_role_depth,160563200,157286400,-3276800,-0.020833333333333332,67.079,82.964
300000000,fineweb_edu,3407,3.90,role_depth_v2,160563200,160563200,0,0.0,67.079,66.222
300000000,fineweb_edu,3407,3.90,role_depth_v3,160563200,158924800,-1638400,-0.010309278350515464,67.079,62.892
300000000,fineweb_edu,3407,3.90,role_depth_v4,160563200,158924800,-1638400,-0.010309278350515464,67.079,64.522
300000000,fineweb_edu,3407,3.90,role_depth_v5,160563200,158924800,-1638400,-0.010309278350515464,67.079,71.419
300000000,fineweb_edu,3407,3.90,role_depth_v6,160563200,157286400,-3276800,-0.020833333333333332,67.079,65.533
300000000,fineweb_edu,3407,3.85,no_role_depth,181862400,180224000,-1638400,-0.00909090909090909,67.079,82.964
300000000,fineweb_edu,3407,3.85,role_depth_v2,181862400,181862400,0,0.0,67.079,66.222
300000000,fineweb_edu,3407,3.85,role_depth_v3,181862400,181862400,0,0.0,67.079,62.892
300000000,fineweb_edu,3407,3.85,role_depth_v4,181862400,181862400,0,0.0,67.079,64.522
300000000,fineweb_edu,3407,3.85,role_depth_v5,181862400,180224000,-1638400,-0.00909090909090909,67.079,71.419
300000000,fineweb_edu,3407,3.85,role_depth_v6,181862400,178585600,-3276800,-0.01834862385321101,67.079,65.533
300000000,fineweb_edu,3407,3.80,no_role_depth,208076800,206438400,-1638400,-0.007936507936507936,67.079,82.964
300000000,fineweb_edu,3407,3.80,role_depth_v2,208076800,208076800,0,0.0,67.079,66.222
300000000,fineweb_edu,3407,3.80,role_depth_v3,208076800,208076800,0,0.0,67.079,62.892
300000000,fineweb_edu,3407,3.80,role_depth_v4,208076800,208076800,0,0.0,67.079,64.522
300000000,fineweb_edu,3407,3.80,role_depth_v5,208076800,206438400,-1638400,-0.007936507936507936,67.079,71.419
300000000,fineweb_edu,3407,3.80,role_depth_v6,208076800,206438400,-1638400,-0.007936507936507936,67.079,65.533
300000000,fineweb_edu,3407,3.75,no_role_depth,239206400,237568000,-1638400,-0.006896551724137931,67.079,82.964
300000000,fineweb_edu,3407,3.75,role_depth_v2,239206400,237568000,-1638400,-0.006896551724137931,67.079,66.222
300000000,fineweb_edu,3407,3.75,role_depth_v3,239206400,240844800,1638400,0.006802721088435374,67.079,62.892
300000000,fineweb_edu,3407,3.75,role_depth_v4,239206400,239206400,0,0.0,67.079,64.522
300000000,fineweb_edu,3407,3.75,role_depth_v5,239206400,237568000,-1638400,-0.006896551724137931,67.079,71.419
300000000,fineweb_edu,3407,3.75,role_depth_v6,239206400,239206400,0,0.0,67.079,65.533
300000000,fineweb,1337,4.40,no_role_depth,86835200,86835200,0,0.0,67.680,60.794
300000000,fineweb,1337,4.40,role_depth_v2,86835200,86835200,0,0.0,67.680,75.040
300000000,fineweb,1337,4.40,role_depth_v3,86835200,86835200,0,0.0,67.680,60.551
300000000,fineweb,1337,4.40,role_depth_v4,86835200,88473600,1638400,0.018518518518518517,67.680,61.886
300000000,fineweb,1337,4.40,role_depth_v5,86835200,86835200,0,0.0,67.680,74.556
300000000,fineweb,1337,4.40,role_depth_v6,86835200,86835200,0,0.0,67.680,75.213
300000000,fineweb,1337,4.30,no_role_depth,113049600,109772800,-3276800,-0.029850746268656716,67.680,60.794
300000000,fineweb,1337,4.30,role_depth_v2,113049600,113049600,0,0.0,67.680,75.040
300000000,fineweb,1337,4.30,role_depth_v3,113049600,109772800,-3276800,-0.029850746268656716,67.680,60.551
300000000,fineweb,1337,4.30,role_depth_v4,113049600,111411200,-1638400,-0.014705882352941176,67.680,61.886
300000000,fineweb,1337,4.30,role_depth_v5,113049600,111411200,-1638400,-0.014705882352941176,67.680,74.556
300000000,fineweb,1337,4.30,role_depth_v6,113049600,109772800,-3276800,-0.029850746268656716,67.680,75.213
300000000,fineweb,1337,4.20,no_role_depth,145817600,144179200,-1638400,-0.011363636363636364,67.680,60.794
300000000,fineweb,1337,4.20,role_depth_v2,145817600,145817600,0,0.0,67.680,75.040
300000000,fineweb,1337,4.20,role_depth_v3,145817600,142540800,-3276800,-0.022988505747126436,67.680,60.551
300000000,fineweb,1337,4.20,role_depth_v4,145817600,144179200,-1638400,-0.011363636363636364,67.680,61.886
300000000,fineweb,1337,4.20,role_depth_v5,145817600,144179200,-1638400,-0.011363636363636364,67.680,74.556
300000000,fineweb,1337,4.20,role_depth_v6,145817600,140902400,-4915200,-0.03488372093023256,67.680,75.213
300000000,fineweb,1337,4.10,no_role_depth,190054400,188416000,-1638400,-0.008695652173913044,67.680,60.794
300000000,fineweb,1337,4.10,role_depth_v2,190054400,188416000,-1638400,-0.008695652173913044,67.680,75.040
300000000,fineweb,1337,4.10,role_depth_v3,190054400,190054400,0,0.0,67.680,60.551
300000000,fineweb,1337,4.10,role_depth_v4,190054400,188416000,-1638400,-0.008695652173913044,67.680,61.886
300000000,fineweb,1337,4.10,role_depth_v5,190054400,188416000,-1638400,-0.008695652173913044,67.680,74.556
300000000,fineweb,1337,4.10,role_depth_v6,190054400,186777600,-3276800,-0.017543859649122806,67.680,75.213
300000000,fineweb,1337,4.05,no_role_depth,219545600,219545600,0,0.0,67.680,60.794
300000000,fineweb,1337,4.05,role_depth_v2,219545600,216268800,-3276800,-0.015151515151515152,67.680,75.040
300000000,fineweb,1337,4.05,role_depth_v3,219545600,217907200,-1638400,-0.007518796992481203,67.680,60.551
300000000,fineweb,1337,4.05,role_depth_v4,219545600,214630400,-4915200,-0.022900763358778626,67.680,61.886
300000000,fineweb,1337,4.05,role_depth_v5,219545600,216268800,-3276800,-0.015151515151515152,67.680,74.556
300000000,fineweb,1337,4.05,role_depth_v6,219545600,214630400,-4915200,-0.022900763358778626,67.680,75.213
300000000,fineweb,1337,4.00,no_role_depth,258867200,262144000,3276800,0.0125,67.680,60.794
300000000,fineweb,1337,4.00,role_depth_v2,258867200,255590400,-3276800,-0.01282051282051282,67.680,75.040
300000000,fineweb,1337,4.00,role_depth_v3,258867200,262144000,3276800,0.0125,67.680,60.551
300000000,fineweb,1337,4.00,role_depth_v4,258867200,255590400,-3276800,-0.01282051282051282,67.680,61.886
300000000,fineweb,1337,4.00,role_depth_v5,258867200,253952000,-4915200,-0.01935483870967742,67.680,74.556
300000000,fineweb,1337,4.00,role_depth_v6,258867200,253952000,-4915200,-0.01935483870967742,67.680,75.213
300000000,fineweb,2027,4.40,no_role_depth,81920000,83558400,1638400,0.0196078431372549,67.238,60.675
300000000,fineweb,2027,4.40,role_depth_v2,81920000,81920000,0,0.0,67.238,75.354
300000000,fineweb,2027,4.40,role_depth_v3,81920000,83558400,1638400,0.0196078431372549,67.238,75.692
300000000,fineweb,2027,4.40,role_depth_v4,81920000,85196800,3276800,0.038461538461538464,67.238,73.556
300000000,fineweb,2027,4.40,role_depth_v5,81920000,85196800,3276800,0.038461538461538464,67.238,77.904
300000000,fineweb,2027,4.40,role_depth_v6,81920000,83558400,1638400,0.0196078431372549,67.238,82.926
300000000,fineweb,2027,4.30,no_role_depth,109772800,106496000,-3276800,-0.03076923076923077,67.238,60.675
300000000,fineweb,2027,4.30,role_depth_v2,109772800,109772800,0,0.0,67.238,75.354
300000000,fineweb,2027,4.30,role_depth_v3,109772800,106496000,-3276800,-0.03076923076923077,67.238,75.692
300000000,fineweb,2027,4.30,role_depth_v4,109772800,106496000,-3276800,-0.03076923076923077,67.238,73.556
300000000,fineweb,2027,4.30,role_depth_v5,109772800,108134400,-1638400,-0.015151515151515152,67.238,77.904
300000000,fineweb,2027,4.30,role_depth_v6,109772800,106496000,-3276800,-0.03076923076923077,67.238,82.926
300000000,fineweb,2027,4.20,no_role_depth,139264000,139264000,0,0.0,67.238,60.675
300000000,fineweb,2027,4.20,role_depth_v2,139264000,140902400,1638400,0.011627906976744186,67.238,75.354
300000000,fineweb,2027,4.20,role_depth_v3,139264000,139264000,0,0.0,67.238,75.692
300000000,fineweb,2027,4.20,role_depth_v4,139264000,139264000,0,0.0,67.238,73.556
300000000,fineweb,2027,4.20,role_depth_v5,139264000,139264000,0,0.0,67.238,77.904
300000000,fineweb,2027,4.20,role_depth_v6,139264000,137625600,-1638400,-0.011904761904761904,67.238,82.926
300000000,fineweb,2027,4.10,no_role_depth,181862400,180224000,-1638400,-0.00909090909090909,67.238,60.675
300000000,fineweb,2027,4.10,role_depth_v2,181862400,183500800,1638400,0.008928571428571428,67.238,75.354
300000000,fineweb,2027,4.10,role_depth_v3,181862400,181862400,0,0.0,67.238,75.692
300000000,fineweb,2027,4.10,role_depth_v4,181862400,180224000,-1638400,-0.00909090909090909,67.238,73.556
300000000,fineweb,2027,4.10,role_depth_v5,181862400,180224000,-1638400,-0.00909090909090909,67.238,77.904
300000000,fineweb,2027,4.10,role_depth_v6,181862400,180224000,-1638400,-0.00909090909090909,67.238,82.926
300000000,fineweb,2027,4.05,no_role_depth,208076800,208076800,0,0.0,67.238,60.675
300000000,fineweb,2027,4.05,role_depth_v2,208076800,209715200,1638400,0.0078125,67.238,75.354
300000000,fineweb,2027,4.05,role_depth_v3,208076800,211353600,3276800,0.015503875968992248,67.238,75.692
300000000,fineweb,2027,4.05,role_depth_v4,208076800,208076800,0,0.0,67.238,73.556
300000000,fineweb,2027,4.05,role_depth_v5,208076800,208076800,0,0.0,67.238,77.904
300000000,fineweb,2027,4.05,role_depth_v6,208076800,208076800,0,0.0,67.238,82.926
300000000,fineweb,2027,4.00,no_role_depth,244121600,244121600,0,0.0,67.238,60.675
300000000,fineweb,2027,4.00,role_depth_v2,244121600,245760000,1638400,0.006666666666666667,67.238,75.354
300000000,fineweb,2027,4.00,role_depth_v3,244121600,249036800,4915200,0.019736842105263157,67.238,75.692
300000000,fineweb,2027,4.00,role_depth_v4,244121600,244121600,0,0.0,67.238,73.556
300000000,fineweb,2027,4.00,role_depth_v5,244121600,242483200,-1638400,-0.006756756756756757,67.238,77.904
300000000,fineweb,2027,4.00,role_depth_v6,244121600,244121600,0,0.0,67.238,82.926
300000000,fineweb,3407,4.40,no_role_depth,83558400,83558400,0,0.0,62.507,62.757
300000000,fineweb,3407,4.40,role_depth_v2,83558400,83558400,0,0.0,62.507,74.916
300000000,fineweb,3407,4.40,role_depth_v3,83558400,85196800,1638400,0.019230769230769232,62.507,71.518
300000000,fineweb,3407,4.40,role_depth_v4,83558400,85196800,1638400,0.019230769230769232,62.507,77.549
300000000,fineweb,3407,4.40,role_depth_v5,83558400,85196800,1638400,0.019230769230769232,62.507,71.376
300000000,fineweb,3407,4.40,role_depth_v6,83558400,85196800,1638400,0.019230769230769232,62.507,72.270
300000000,fineweb,3407,4.30,no_role_depth,109772800,106496000,-3276800,-0.03076923076923077,62.507,62.757
300000000,fineweb,3407,4.30,role_depth_v2,109772800,109772800,0,0.0,62.507,74.916
300000000,fineweb,3407,4.30,role_depth_v3,109772800,108134400,-1638400,-0.015151515151515152,62.507,71.518
300000000,fineweb,3407,4.30,role_depth_v4,109772800,108134400,-1638400,-0.015151515151515152,62.507,77.549
300000000,fineweb,3407,4.30,role_depth_v5,109772800,108134400,-1638400,-0.015151515151515152,62.507,71.376
300000000,fineweb,3407,4.30,role_depth_v6,109772800,106496000,-3276800,-0.03076923076923077,62.507,72.270
300000000,fineweb,3407,4.20,no_role_depth,142540800,139264000,-3276800,-0.023529411764705882,62.507,62.757
300000000,fineweb,3407,4.20,role_depth_v2,142540800,140902400,-1638400,-0.011627906976744186,62.507,74.916
300000000,fineweb,3407,4.20,role_depth_v3,142540800,140902400,-1638400,-0.011627906976744186,62.507,71.518
300000000,fineweb,3407,4.20,role_depth_v4,142540800,139264000,-3276800,-0.023529411764705882,62.507,77.549
300000000,fineweb,3407,4.20,role_depth_v5,142540800,139264000,-3276800,-0.023529411764705882,62.507,71.376
300000000,fineweb,3407,4.20,role_depth_v6,142540800,137625600,-4915200,-0.03571428571428571,62.507,72.270
300000000,fineweb,3407,4.10,no_role_depth,185139200,180224000,-4915200,-0.02727272727272727,62.507,62.757
300000000,fineweb,3407,4.10,role_depth_v2,185139200,183500800,-1638400,-0.008928571428571428,62.507,74.916
300000000,fineweb,3407,4.10,role_depth_v3,185139200,183500800,-1638400,-0.008928571428571428,62.507,71.518
300000000,fineweb,3407,4.10,role_depth_v4,185139200,181862400,-3276800,-0.018018018018018018,62.507,77.549
300000000,fineweb,3407,4.10,role_depth_v5,185139200,181862400,-3276800,-0.018018018018018018,62.507,71.376
300000000,fineweb,3407,4.10,role_depth_v6,185139200,180224000,-4915200,-0.02727272727272727,62.507,72.270
300000000,fineweb,3407,4.05,no_role_depth,211353600,209715200,-1638400,-0.0078125,62.507,62.757
300000000,fineweb,3407,4.05,role_depth_v2,211353600,209715200,-1638400,-0.0078125,62.507,74.916
300000000,fineweb,3407,4.05,role_depth_v3,211353600,211353600,0,0.0,62.507,71.518
300000000,fineweb,3407,4.05,role_depth_v4,211353600,208076800,-3276800,-0.015748031496062992,62.507,77.549
300000000,fineweb,3407,4.05,role_depth_v5,211353600,208076800,-3276800,-0.015748031496062992,62.507,71.376
300000000,fineweb,3407,4.05,role_depth_v6,211353600,208076800,-3276800,-0.015748031496062992,62.507,72.270
300000000,fineweb,3407,4.00,no_role_depth,245760000,245760000,0,0.0,62.507,62.757
300000000,fineweb,3407,4.00,role_depth_v2,245760000,244121600,-1638400,-0.006711409395973154,62.507,74.916
300000000,fineweb,3407,4.00,role_depth_v3,245760000,250675200,4915200,0.0196078431372549,62.507,71.518
300000000,fineweb,3407,4.00,role_depth_v4,245760000,244121600,-1638400,-0.006711409395973154,62.507,77.549
300000000,fineweb,3407,4.00,role_depth_v5,245760000,242483200,-3276800,-0.013513513513513514,62.507,71.376
300000000,fineweb,3407,4.00,role_depth_v6,245760000,244121600,-1638400,-0.006711409395973154,62.507,72.270
300000000,dolma_sample,1337,4.20,no_role_depth,95027200,91750400,-3276800,-0.03571428571428571,68.176,64.234
300000000,dolma_sample,1337,4.20,role_depth_v2,95027200,95027200,0,0.0,68.176,62.220
300000000,dolma_sample,1337,4.20,role_depth_v3,95027200,91750400,-3276800,-0.03571428571428571,68.176,72.379
300000000,dolma_sample,1337,4.20,role_depth_v4,95027200,93388800,-1638400,-0.017543859649122806,68.176,75.421
300000000,dolma_sample,1337,4.20,role_depth_v5,95027200,95027200,0,0.0,68.176,73.708
300000000,dolma_sample,1337,4.20,role_depth_v6,95027200,91750400,-3276800,-0.03571428571428571,68.176,65.601
300000000,dolma_sample,1337,4.10,no_role_depth,124518400,121241600,-3276800,-0.02702702702702703,68.176,64.234
300000000,dolma_sample,1337,4.10,role_depth_v2,124518400,124518400,0,0.0,68.176,62.220
300000000,dolma_sample,1337,4.10,role_depth_v3,124518400,121241600,-3276800,-0.02702702702702703,68.176,72.379
300000000,dolma_sample,1337,4.10,role_depth_v4,124518400,121241600,-3276800,-0.02702702702702703,68.176,75.421
300000000,dolma_sample,1337,4.10,role_depth_v5,124518400,121241600,-3276800,-0.02702702702702703,68.176,73.708
300000000,dolma_sample,1337,4.10,role_depth_v6,124518400,121241600,-3276800,-0.02702702702702703,68.176,65.601
300000000,dolma_sample,1337,4.00,no_role_depth,160563200,155648000,-4915200,-0.031578947368421054,68.176,64.234
300000000,dolma_sample,1337,4.00,role_depth_v2,160563200,160563200,0,0.0,68.176,62.220
300000000,dolma_sample,1337,4.00,role_depth_v3,160563200,158924800,-1638400,-0.010309278350515464,68.176,72.379
300000000,dolma_sample,1337,4.00,role_depth_v4,160563200,158924800,-1638400,-0.010309278350515464,68.176,75.421
300000000,dolma_sample,1337,4.00,role_depth_v5,160563200,158924800,-1638400,-0.010309278350515464,68.176,73.708
300000000,dolma_sample,1337,4.00,role_depth_v6,160563200,155648000,-4915200,-0.031578947368421054,68.176,65.601
300000000,dolma_sample,1337,3.95,no_role_depth,183500800,181862400,-1638400,-0.009009009009009009,68.176,64.234
300000000,dolma_sample,1337,3.95,role_depth_v2,183500800,183500800,0,0.0,68.176,62.220
300000000,dolma_sample,1337,3.95,role_depth_v3,183500800,181862400,-1638400,-0.009009009009009009,68.176,72.379
300000000,dolma_sample,1337,3.95,role_depth_v4,183500800,180224000,-3276800,-0.01818181818181818,68.176,75.421
300000000,dolma_sample,1337,3.95,role_depth_v5,183500800,180224000,-3276800,-0.01818181818181818,68.176,73.708
300000000,dolma_sample,1337,3.95,role_depth_v6,183500800,180224000,-3276800,-0.01818181818181818,68.176,65.601
300000000,dolma_sample,1337,3.90,no_role_depth,209715200,209715200,0,0.0,68.176,64.234
300000000,dolma_sample,1337,3.90,role_depth_v2,209715200,209715200,0,0.0,68.176,62.220
300000000,dolma_sample,1337,3.90,role_depth_v3,209715200,209715200,0,0.0,68.176,72.379
300000000,dolma_sample,1337,3.90,role_depth_v4,209715200,208076800,-1638400,-0.007874015748031496,68.176,75.421
300000000,dolma_sample,1337,3.90,role_depth_v5,209715200,208076800,-1638400,-0.007874015748031496,68.176,73.708
300000000,dolma_sample,1337,3.90,role_depth_v6,209715200,208076800,-1638400,-0.007874015748031496,68.176,65.601
300000000,dolma_sample,1337,3.85,no_role_depth,247398400,247398400,0,0.0,68.176,64.234
300000000,dolma_sample,1337,3.85,role_depth_v2,247398400,244121600,-3276800,-0.013422818791946308,68.176,62.220
300000000,dolma_sample,1337,3.85,role_depth_v3,247398400,249036800,1638400,0.006578947368421052,68.176,72.379
300000000,dolma_sample,1337,3.85,role_depth_v4,247398400,244121600,-3276800,-0.013422818791946308,68.176,75.421
300000000,dolma_sample,1337,3.85,role_depth_v5,247398400,242483200,-4915200,-0.02027027027027027,68.176,73.708
300000000,dolma_sample,1337,3.85,role_depth_v6,247398400,244121600,-3276800,-0.013422818791946308,68.176,65.601
300000000,dolma_sample,1337,3.82,no_role_depth,281804800,285081600,3276800,0.011494252873563218,68.176,64.234
300000000,dolma_sample,1337,3.82,role_depth_v2,281804800,280166400,-1638400,-0.005847953216374269,68.176,62.220
300000000,dolma_sample,1337,3.82,role_depth_v3,281804800,288358400,6553600,0.022727272727272728,68.176,72.379
300000000,dolma_sample,1337,3.82,role_depth_v4,281804800,280166400,-1638400,-0.005847953216374269,68.176,75.421
300000000,dolma_sample,1337,3.82,role_depth_v5,281804800,280166400,-1638400,-0.005847953216374269,68.176,73.708
300000000,dolma_sample,1337,3.82,role_depth_v6,281804800,281804800,0,0.0,68.176,65.601
300000000,dolma_sample,2027,4.20,no_role_depth,95027200,93388800,-1638400,-0.017543859649122806,62.471,64.146
300000000,dolma_sample,2027,4.20,role_depth_v2,95027200,95027200,0,0.0,62.471,62.542
300000000,dolma_sample,2027,4.20,role_depth_v3,95027200,93388800,-1638400,-0.017543859649122806,62.471,63.090
300000000,dolma_sample,2027,4.20,role_depth_v4,95027200,93388800,-1638400,-0.017543859649122806,62.471,64.461
300000000,dolma_sample,2027,4.20,role_depth_v5,95027200,95027200,0,0.0,62.471,65.159
300000000,dolma_sample,2027,4.20,role_depth_v6,95027200,93388800,-1638400,-0.017543859649122806,62.471,75.559
300000000,dolma_sample,2027,4.10,no_role_depth,122880000,119603200,-3276800,-0.0273972602739726,62.471,64.146
300000000,dolma_sample,2027,4.10,role_depth_v2,122880000,124518400,1638400,0.013157894736842105,62.471,62.542
300000000,dolma_sample,2027,4.10,role_depth_v3,122880000,119603200,-3276800,-0.0273972602739726,62.471,63.090
300000000,dolma_sample,2027,4.10,role_depth_v4,122880000,119603200,-3276800,-0.0273972602739726,62.471,64.461
300000000,dolma_sample,2027,4.10,role_depth_v5,122880000,121241600,-1638400,-0.013513513513513514,62.471,65.159
300000000,dolma_sample,2027,4.10,role_depth_v6,122880000,119603200,-3276800,-0.0273972602739726,62.471,75.559
300000000,dolma_sample,2027,4.00,no_role_depth,158924800,155648000,-3276800,-0.021052631578947368,62.471,64.146
300000000,dolma_sample,2027,4.00,role_depth_v2,158924800,158924800,0,0.0,62.471,62.542
300000000,dolma_sample,2027,4.00,role_depth_v3,158924800,157286400,-1638400,-0.010416666666666666,62.471,63.090
300000000,dolma_sample,2027,4.00,role_depth_v4,158924800,155648000,-3276800,-0.021052631578947368,62.471,64.461
300000000,dolma_sample,2027,4.00,role_depth_v5,158924800,155648000,-3276800,-0.021052631578947368,62.471,65.159
300000000,dolma_sample,2027,4.00,role_depth_v6,158924800,155648000,-3276800,-0.021052631578947368,62.471,75.559
300000000,dolma_sample,2027,3.95,no_role_depth,181862400,180224000,-1638400,-0.00909090909090909,62.471,64.146
300000000,dolma_sample,2027,3.95,role_depth_v2,181862400,181862400,0,0.0,62.471,62.542
300000000,dolma_sample,2027,3.95,role_depth_v3,181862400,181862400,0,0.0,62.471,63.090
300000000,dolma_sample,2027,3.95,role_depth_v4,181862400,180224000,-1638400,-0.00909090909090909,62.471,64.461
300000000,dolma_sample,2027,3.95,role_depth_v5,181862400,181862400,0,0.0,62.471,65.159
300000000,dolma_sample,2027,3.95,role_depth_v6,181862400,180224000,-1638400,-0.00909090909090909,62.471,75.559
300000000,dolma_sample,2027,3.90,no_role_depth,209715200,209715200,0,0.0,62.471,64.146
300000000,dolma_sample,2027,3.90,role_depth_v2,209715200,211353600,1638400,0.007751937984496124,62.471,62.542
300000000,dolma_sample,2027,3.90,role_depth_v3,209715200,211353600,1638400,0.007751937984496124,62.471,63.090
300000000,dolma_sample,2027,3.90,role_depth_v4,209715200,209715200,0,0.0,62.471,64.461
300000000,dolma_sample,2027,3.90,role_depth_v5,209715200,209715200,0,0.0,62.471,65.159
300000000,dolma_sample,2027,3.90,role_depth_v6,209715200,206438400,-3276800,-0.015873015873015872,62.471,75.559
300000000,dolma_sample,2027,3.85,no_role_depth,244121600,247398400,3276800,0.013245033112582781,62.471,64.146
300000000,dolma_sample,2027,3.85,role_depth_v2,244121600,244121600,0,0.0,62.471,62.542
300000000,dolma_sample,2027,3.85,role_depth_v3,244121600,250675200,6553600,0.026143790849673203,62.471,63.090
300000000,dolma_sample,2027,3.85,role_depth_v4,244121600,244121600,0,0.0,62.471,64.461
300000000,dolma_sample,2027,3.85,role_depth_v5,244121600,244121600,0,0.0,62.471,65.159
300000000,dolma_sample,2027,3.85,role_depth_v6,244121600,245760000,1638400,0.006666666666666667,62.471,75.559
300000000,dolma_sample,2027,3.82,no_role_depth,278528000,286720000,8192000,0.02857142857142857,62.471,64.146
300000000,dolma_sample,2027,3.82,role_depth_v2,278528000,275251200,-3276800,-0.011904761904761904,62.471,62.542
300000000,dolma_sample,2027,3.82,role_depth_v3,278528000,291635200,13107200,0.0449438202247191,62.471,63.090
300000000,dolma_sample,2027,3.82,role_depth_v4,278528000,278528000,0,0.0,62.471,64.461
300000000,dolma_sample,2027,3.82,role_depth_v5,278528000,278528000,0,0.0,62.471,65.159
300000000,dolma_sample,2027,3.82,role_depth_v6,278528000,283443200,4915200,0.017341040462427744,62.471,75.559
300000000,dolma_sample,3407,4.20,no_role_depth,90112000,90112000,0,0.0,90.652,59.929
300000000,dolma_sample,3407,4.20,role_depth_v2,90112000,90112000,0,0.0,90.652,62.321
300000000,dolma_sample,3407,4.20,role_depth_v3,90112000,88473600,-1638400,-0.018518518518518517,90.652,60.434
300000000,dolma_sample,3407,4.20,role_depth_v4,90112000,90112000,0,0.0,90.652,62.590
300000000,dolma_sample,3407,4.20,role_depth_v5,90112000,90112000,0,0.0,90.652,73.454
300000000,dolma_sample,3407,4.20,role_depth_v6,90112000,90112000,0,0.0,90.652,78.664
300000000,dolma_sample,3407,4.10,no_role_depth,119603200,114688000,-4915200,-0.04285714285714286,90.652,59.929
300000000,dolma_sample,3407,4.10,role_depth_v2,119603200,121241600,1638400,0.013513513513513514,90.652,62.321
300000000,dolma_sample,3407,4.10,role_depth_v3,119603200,116326400,-3276800,-0.028169014084507043,90.652,60.434
300000000,dolma_sample,3407,4.10,role_depth_v4,119603200,116326400,-3276800,-0.028169014084507043,90.652,62.590
300000000,dolma_sample,3407,4.10,role_depth_v5,119603200,117964800,-1638400,-0.013888888888888888,90.652,73.454
300000000,dolma_sample,3407,4.10,role_depth_v6,119603200,114688000,-4915200,-0.04285714285714286,90.652,78.664
300000000,dolma_sample,3407,4.00,no_role_depth,154009600,154009600,0,0.0,90.652,59.929
300000000,dolma_sample,3407,4.00,role_depth_v2,154009600,154009600,0,0.0,90.652,62.321
300000000,dolma_sample,3407,4.00,role_depth_v3,154009600,154009600,0,0.0,90.652,60.434
300000000,dolma_sample,3407,4.00,role_depth_v4,154009600,152371200,-1638400,-0.010752688172043012,90.652,62.590
300000000,dolma_sample,3407,4.00,role_depth_v5,154009600,152371200,-1638400,-0.010752688172043012,90.652,73.454
300000000,dolma_sample,3407,4.00,role_depth_v6,154009600,152371200,-1638400,-0.010752688172043012,90.652,78.664
300000000,dolma_sample,3407,3.95,no_role_depth,176947200,173670400,-3276800,-0.018867924528301886,90.652,59.929
300000000,dolma_sample,3407,3.95,role_depth_v2,176947200,176947200,0,0.0,90.652,62.321
300000000,dolma_sample,3407,3.95,role_depth_v3,176947200,173670400,-3276800,-0.018867924528301886,90.652,60.434
300000000,dolma_sample,3407,3.95,role_depth_v4,176947200,173670400,-3276800,-0.018867924528301886,90.652,62.590
300000000,dolma_sample,3407,3.95,role_depth_v5,176947200,173670400,-3276800,-0.018867924528301886,90.652,73.454
300000000,dolma_sample,3407,3.95,role_depth_v6,176947200,172032000,-4915200,-0.02857142857142857,90.652,78.664
300000000,dolma_sample,3407,3.90,no_role_depth,201523200,201523200,0,0.0,90.652,59.929
300000000,dolma_sample,3407,3.90,role_depth_v2,201523200,201523200,0,0.0,90.652,62.321
300000000,dolma_sample,3407,3.90,role_depth_v3,201523200,201523200,0,0.0,90.652,60.434
300000000,dolma_sample,3407,3.90,role_depth_v4,201523200,198246400,-3276800,-0.01652892561983471,90.652,62.590
300000000,dolma_sample,3407,3.90,role_depth_v5,201523200,199884800,-1638400,-0.00819672131147541,90.652,73.454
300000000,dolma_sample,3407,3.90,role_depth_v6,201523200,198246400,-3276800,-0.01652892561983471,90.652,78.664
300000000,dolma_sample,3407,3.85,no_role_depth,235929600,235929600,0,0.0,90.652,59.929
300000000,dolma_sample,3407,3.85,role_depth_v2,235929600,235929600,0,0.0,90.652,62.321
300000000,dolma_sample,3407,3.85,role_depth_v3,235929600,237568000,1638400,0.006896551724137931,90.652,60.434
300000000,dolma_sample,3407,3.85,role_depth_v4,235929600,234291200,-1638400,-0.006993006993006993,90.652,62.590
300000000,dolma_sample,3407,3.85,role_depth_v5,235929600,234291200,-1638400,-0.006993006993006993,90.652,73.454
300000000,dolma_sample,3407,3.85,role_depth_v6,235929600,234291200,-1638400,-0.006993006993006993,90.652,78.664
300000000,dolma_sample,3407,3.82,no_role_depth,263782400,267059200,3276800,0.012269938650306749,90.652,59.929
300000000,dolma_sample,3407,3.82,role_depth_v2,263782400,265420800,1638400,0.006172839506172839,90.652,62.321
300000000,dolma_sample,3407,3.82,role_depth_v3,263782400,270336000,6553600,0.024242424242424242,90.652,60.434
300000000,dolma_sample,3407,3.82,role_depth_v4,263782400,262144000,-1638400,-0.00625,90.652,62.590
300000000,dolma_sample,3407,3.82,role_depth_v5,263782400,262144000,-1638400,-0.00625,90.652,73.454
300000000,dolma_sample,3407,3.82,role_depth_v6,263782400,265420800,1638400,0.006172839506172839,90.652,78.664
300000000,c4_en,1337,4.40,no_role_depth,67174400,70451200,3276800,0.046511627906976744,62.611,70.961
300000000,c4_en,1337,4.40,role_depth_v2,67174400,67174400,0,0.0,62.611,64.404
300000000,c4_en,1337,4.40,role_depth_v3,67174400,70451200,3276800,0.046511627906976744,62.611,75.934
300000000,c4_en,1337,4.40,role_depth_v4,67174400,70451200,3276800,0.046511627906976744,62.611,73.255
300000000,c4_en,1337,4.40,role_depth_v5,67174400,68812800,1638400,0.023809523809523808,62.611,71.771
300000000,c4_en,1337,4.40,role_depth_v6,67174400,70451200,3276800,0.046511627906976744,62.611,72.117
300000000,c4_en,1337,4.30,no_role_depth,90112000,90112000,0,0.0,62.611,70.961
300000000,c4_en,1337,4.30,role_depth_v2,90112000,90112000,0,0.0,62.611,64.404
300000000,c4_en,1337,4.30,role_depth_v3,90112000,90112000,0,0.0,62.611,75.934
300000000,c4_en,1337,4.30,role_depth_v4,90112000,90112000,0,0.0,62.611,73.255
300000000,c4_en,1337,4.30,role_depth_v5,90112000,91750400,1638400,0.017857142857142856,62.611,71.771
300000000,c4_en,1337,4.30,role_depth_v6,90112000,88473600,-1638400,-0.018518518518518517,62.611,72.117
300000000,c4_en,1337,4.20,no_role_depth,116326400,113049600,-3276800,-0.028985507246376812,62.611,70.961
300000000,c4_en,1337,4.20,role_depth_v2,116326400,117964800,1638400,0.013888888888888888,62.611,64.404
300000000,c4_en,1337,4.20,role_depth_v3,116326400,113049600,-3276800,-0.028985507246376812,62.611,75.934
300000000,c4_en,1337,4.20,role_depth_v4,116326400,113049600,-3276800,-0.028985507246376812,62.611,73.255
300000000,c4_en,1337,4.20,role_depth_v5,116326400,114688000,-1638400,-0.014285714285714285,62.611,71.771
300000000,c4_en,1337,4.20,role_depth_v6,116326400,113049600,-3276800,-0.028985507246376812,62.611,72.117
300000000,c4_en,1337,4.10,no_role_depth,147456000,144179200,-3276800,-0.022727272727272728,62.611,70.961
300000000,c4_en,1337,4.10,role_depth_v2,147456000,147456000,0,0.0,62.611,64.404
300000000,c4_en,1337,4.10,role_depth_v3,147456000,145817600,-1638400,-0.011235955056179775,62.611,75.934
300000000,c4_en,1337,4.10,role_depth_v4,147456000,145817600,-1638400,-0.011235955056179775,62.611,73.255
300000000,c4_en,1337,4.10,role_depth_v5,147456000,145817600,-1638400,-0.011235955056179775,62.611,71.771
300000000,c4_en,1337,4.10,role_depth_v6,147456000,142540800,-4915200,-0.034482758620689655,62.611,72.117
300000000,c4_en,1337,4.05,no_role_depth,167116800,167116800,0,0.0,62.611,70.961
300000000,c4_en,1337,4.05,role_depth_v2,167116800,167116800,0,0.0,62.611,64.404
300000000,c4_en,1337,4.05,role_depth_v3,167116800,167116800,0,0.0,62.611,75.934
300000000,c4_en,1337,4.05,role_depth_v4,167116800,167116800,0,0.0,62.611,73.255
300000000,c4_en,1337,4.05,role_depth_v5,167116800,167116800,0,0.0,62.611,71.771
300000000,c4_en,1337,4.05,role_depth_v6,167116800,163840000,-3276800,-0.02,62.611,72.117
300000000,c4_en,1337,4.00,no_role_depth,191692800,190054400,-1638400,-0.008620689655172414,62.611,70.961
300000000,c4_en,1337,4.00,role_depth_v2,191692800,191692800,0,0.0,62.611,64.404
300000000,c4_en,1337,4.00,role_depth_v3,191692800,190054400,-1638400,-0.008620689655172414,62.611,75.934
300000000,c4_en,1337,4.00,role_depth_v4,191692800,190054400,-1638400,-0.008620689655172414,62.611,73.255
300000000,c4_en,1337,4.00,role_depth_v5,191692800,190054400,-1638400,-0.008620689655172414,62.611,71.771
300000000,c4_en,1337,4.00,role_depth_v6,191692800,188416000,-3276800,-0.017391304347826087,62.611,72.117
300000000,c4_en,2027,4.40,no_role_depth,70451200,73728000,3276800,0.044444444444444446,67.572,68.324
300000000,c4_en,2027,4.40,role_depth_v2,70451200,70451200,0,0.0,67.572,66.143
300000000,c4_en,2027,4.40,role_depth_v3,70451200,73728000,3276800,0.044444444444444446,67.572,71.778
300000000,c4_en,2027,4.40,role_depth_v4,70451200,73728000,3276800,0.044444444444444446,67.572,64.467
300000000,c4_en,2027,4.40,role_depth_v5,70451200,72089600,1638400,0.022727272727272728,67.572,74.593
300000000,c4_en,2027,4.40,role_depth_v6,70451200,73728000,3276800,0.044444444444444446,67.572,65.634
300000000,c4_en,2027,4.30,no_role_depth,96665600,91750400,-4915200,-0.05357142857142857,67.572,68.324
300000000,c4_en,2027,4.30,role_depth_v2,96665600,95027200,-1638400,-0.017241379310344827,67.572,66.143
300000000,c4_en,2027,4.30,role_depth_v3,96665600,93388800,-3276800,-0.03508771929824561,67.572,71.778
300000000,c4_en,2027,4.30,role_depth_v4,96665600,93388800,-3276800,-0.03508771929824561,67.572,64.467
300000000,c4_en,2027,4.30,role_depth_v5,96665600,96665600,0,0.0,67.572,74.593
300000000,c4_en,2027,4.30,role_depth_v6,96665600,93388800,-3276800,-0.03508771929824561,67.572,65.634
300000000,c4_en,2027,4.20,no_role_depth,121241600,117964800,-3276800,-0.027777777777777776,67.572,68.324
300000000,c4_en,2027,4.20,role_depth_v2,121241600,121241600,0,0.0,67.572,66.143
300000000,c4_en,2027,4.20,role_depth_v3,121241600,117964800,-3276800,-0.027777777777777776,67.572,71.778
300000000,c4_en,2027,4.20,role_depth_v4,121241600,119603200,-1638400,-0.0136986301369863,67.572,64.467
300000000,c4_en,2027,4.20,role_depth_v5,121241600,119603200,-1638400,-0.0136986301369863,67.572,74.593
300000000,c4_en,2027,4.20,role_depth_v6,121241600,117964800,-3276800,-0.027777777777777776,67.572,65.634
300000000,c4_en,2027,4.10,no_role_depth,155648000,152371200,-3276800,-0.021505376344086023,67.572,68.324
300000000,c4_en,2027,4.10,role_depth_v2,155648000,155648000,0,0.0,67.572,66.143
300000000,c4_en,2027,4.10,role_depth_v3,155648000,154009600,-1638400,-0.010638297872340425,67.572,71.778
300000000,c4_en,2027,4.10,role_depth_v4,155648000,154009600,-1638400,-0.010638297872340425,67.572,64.467
300000000,c4_en,2027,4.10,role_depth_v5,155648000,154009600,-1638400,-0.010638297872340425,67.572,74.593
300000000,c4_en,2027,4.10,role_depth_v6,155648000,152371200,-3276800,-0.021505376344086023,67.572,65.634
300000000,c4_en,2027,4.05,no_role_depth,176947200,173670400,-3276800,-0.018867924528301886,67.572,68.324
300000000,c4_en,2027,4.05,role_depth_v2,176947200,176947200,0,0.0,67.572,66.143
300000000,c4_en,2027,4.05,role_depth_v3,176947200,175308800,-1638400,-0.009345794392523364,67.572,71.778
300000000,c4_en,2027,4.05,role_depth_v4,176947200,175308800,-1638400,-0.009345794392523364,67.572,64.467
300000000,c4_en,2027,4.05,role_depth_v5,176947200,175308800,-1638400,-0.009345794392523364,67.572,74.593
300000000,c4_en,2027,4.05,role_depth_v6,176947200,173670400,-3276800,-0.018867924528301886,67.572,65.634
300000000,c4_en,2027,4.00,no_role_depth,203161600,201523200,-1638400,-0.008130081300813009,67.572,68.324
300000000,c4_en,2027,4.00,role_depth_v2,203161600,201523200,-1638400,-0.008130081300813009,67.572,66.143
300000000,c4_en,2027,4.00,role_depth_v3,203161600,201523200,-1638400,-0.008130081300813009,67.572,71.778
300000000,c4_en,2027,4.00,role_depth_v4,203161600,201523200,-1638400,-0.008130081300813009,67.572,64.467
300000000,c4_en,2027,4.00,role_depth_v5,203161600,201523200,-1638400,-0.008130081300813009,67.572,74.593
300000000,c4_en,2027,4.00,role_depth_v6,203161600,201523200,-1638400,-0.008130081300813009,67.572,65.634
300000000,c4_en,3407,4.40,no_role_depth,67174400,70451200,3276800,0.046511627906976744,62.489,71.045
300000000,c4_en,3407,4.40,role_depth_v2,67174400,67174400,0,0.0,62.489,93.120
300000000,c4_en,3407,4.40,role_depth_v3,67174400,70451200,3276800,0.046511627906976744,62.489,72.559
300000000,c4_en,3407,4.40,role_depth_v4,67174400,70451200,3276800,0.046511627906976744,62.489,61.781
300000000,c4_en,3407,4.40,role_depth_v5,67174400,68812800,1638400,0.023809523809523808,62.489,71.417
300000000,c4_en,3407,4.40,role_depth_v6,67174400,68812800,1638400,0.023809523809523808,62.489,75.419
300000000,c4_en,3407,4.30,no_role_depth,88473600,86835200,-1638400,-0.018867924528301886,62.489,71.045
300000000,c4_en,3407,4.30,role_depth_v2,88473600,88473600,0,0.0,62.489,93.120
300000000,c4_en,3407,4.30,role_depth_v3,88473600,88473600,0,0.0,62.489,72.559
300000000,c4_en,3407,4.30,role_depth_v4,88473600,88473600,0,0.0,62.489,61.781
300000000,c4_en,3407,4.30,role_depth_v5,88473600,90112000,1638400,0.01818181818181818,62.489,71.417
300000000,c4_en,3407,4.30,role_depth_v6,88473600,88473600,0,0.0,62.489,75.419
300000000,c4_en,3407,4.20,no_role_depth,114688000,113049600,-1638400,-0.014492753623188406,62.489,71.045
300000000,c4_en,3407,4.20,role_depth_v2,114688000,114688000,0,0.0,62.489,93.120
300000000,c4_en,3407,4.20,role_depth_v3,114688000,113049600,-1638400,-0.014492753623188406,62.489,72.559
300000000,c4_en,3407,4.20,role_depth_v4,114688000,113049600,-1638400,-0.014492753623188406,62.489,61.781
300000000,c4_en,3407,4.20,role_depth_v5,114688000,114688000,0,0.0,62.489,71.417
300000000,c4_en,3407,4.20,role_depth_v6,114688000,111411200,-3276800,-0.029411764705882353,62.489,75.419
300000000,c4_en,3407,4.10,no_role_depth,147456000,144179200,-3276800,-0.022727272727272728,62.489,71.045
300000000,c4_en,3407,4.10,role_depth_v2,147456000,147456000,0,0.0,62.489,93.120
300000000,c4_en,3407,4.10,role_depth_v3,147456000,145817600,-1638400,-0.011235955056179775,62.489,72.559
300000000,c4_en,3407,4.10,role_depth_v4,147456000,145817600,-1638400,-0.011235955056179775,62.489,61.781
300000000,c4_en,3407,4.10,role_depth_v5,147456000,147456000,0,0.0,62.489,71.417
300000000,c4_en,3407,4.10,role_depth_v6,147456000,144179200,-3276800,-0.022727272727272728,62.489,75.419
300000000,c4_en,3407,4.05,no_role_depth,167116800,163840000,-3276800,-0.02,62.489,71.045
300000000,c4_en,3407,4.05,role_depth_v2,167116800,167116800,0,0.0,62.489,93.120
300000000,c4_en,3407,4.05,role_depth_v3,167116800,167116800,0,0.0,62.489,72.559
300000000,c4_en,3407,4.05,role_depth_v4,167116800,165478400,-1638400,-0.009900990099009901,62.489,61.781
300000000,c4_en,3407,4.05,role_depth_v5,167116800,167116800,0,0.0,62.489,71.417
300000000,c4_en,3407,4.05,role_depth_v6,167116800,163840000,-3276800,-0.02,62.489,75.419
300000000,c4_en,3407,4.00,no_role_depth,190054400,188416000,-1638400,-0.008695652173913044,62.489,71.045
300000000,c4_en,3407,4.00,role_depth_v2,190054400,190054400,0,0.0,62.489,93.120
300000000,c4_en,3407,4.00,role_depth_v3,190054400,190054400,0,0.0,62.489,72.559
300000000,c4_en,3407,4.00,role_depth_v4,190054400,190054400,0,0.0,62.489,61.781
300000000,c4_en,3407,4.00,role_depth_v5,190054400,190054400,0,0.0,62.489,71.417
300000000,c4_en,3407,4.00,role_depth_v6,190054400,186777600,-3276800,-0.017543859649122806,62.489,75.419
