budget_tokens,dataset,seed,target_loss,baseline,method,baseline_hit,method_hit,baseline_first_hit_step,method_first_hit_step,baseline_first_hit_tokens,method_first_hit_tokens,baseline_first_hit_ppl,method_first_hit_ppl,baseline_target_hit_minutes,method_target_hit_minutes,delta_method_minus_baseline_tokens,delta_method_minus_baseline_steps,delta_method_minus_baseline_tokens_percent,delta_method_minus_baseline_hit_minutes,baseline_total_minutes,method_total_minutes,delta_method_minus_baseline_total_minutes,baseline_final_val_loss,method_final_val_loss,delta_method_minus_baseline_final_loss,baseline_slurm_node,method_slurm_node,baseline_restart_count,method_restart_count
100000000,dclm,1337,4.90,full,no_role_depth,1,1,950,950,31129600,31129600,130.757,131.363,7.223,5.955,0,0,0.000000,-1.268,24.436,20.318,-4.119,4.246725,4.261313,0.014588,,abdelfattah-compute-03,,0
100000000,dclm,1337,4.90,full,role_depth_v2,1,1,950,950,31129600,31129600,130.757,130.980,7.223,8.089,0,0,0.000000,0.865,24.436,27.461,3.025,4.246725,4.245911,-0.000814,,ellis-compute-02,,0
100000000,dclm,1337,4.90,full,role_depth_v3,1,1,950,950,31129600,31129600,130.757,131.173,7.223,6.992,0,0,0.000000,-0.231,24.436,23.694,-0.742,4.246725,4.258096,0.011371,,badfellow,,1
100000000,dclm,1337,4.90,full,role_depth_v4,1,1,950,950,31129600,31129600,130.757,130.427,7.223,7.707,0,0,0.000000,0.484,24.436,25.968,1.531,4.246725,4.250974,0.004249,,nikola-compute-18,,0
100000000,dclm,1337,4.90,full,role_depth_v5,1,1,950,950,31129600,31129600,130.757,131.004,7.223,7.244,0,0,0.000000,0.021,24.436,24.571,0.135,4.246725,4.247953,0.001228,,badfellow,,0
100000000,dclm,1337,4.90,full,role_depth_v6,1,1,950,950,31129600,31129600,130.757,130.195,7.223,6.730,0,0,0.000000,-0.493,24.436,22.861,-1.575,4.246725,4.251457,0.004732,,elor-compute-01,,0
100000000,dclm,1337,4.90,no_role_depth,full,1,1,950,950,31129600,31129600,131.363,130.757,5.955,7.223,0,0,0.000000,1.268,20.318,24.436,4.119,4.261313,4.246725,-0.014588,abdelfattah-compute-03,,0,
100000000,dclm,1337,4.90,no_role_depth,role_depth_v2,1,1,950,950,31129600,31129600,131.363,130.980,5.955,8.089,0,0,0.000000,2.133,20.318,27.461,7.144,4.261313,4.245911,-0.015403,abdelfattah-compute-03,ellis-compute-02,0,0
100000000,dclm,1337,4.90,no_role_depth,role_depth_v3,1,1,950,950,31129600,31129600,131.363,131.173,5.955,6.992,0,0,0.000000,1.037,20.318,23.694,3.377,4.261313,4.258096,-0.003217,abdelfattah-compute-03,badfellow,0,1
100000000,dclm,1337,4.90,no_role_depth,role_depth_v4,1,1,950,950,31129600,31129600,131.363,130.427,5.955,7.707,0,0,0.000000,1.752,20.318,25.968,5.650,4.261313,4.250974,-0.010340,abdelfattah-compute-03,nikola-compute-18,0,0
100000000,dclm,1337,4.90,no_role_depth,role_depth_v5,1,1,950,950,31129600,31129600,131.363,131.004,5.955,7.244,0,0,0.000000,1.289,20.318,24.571,4.254,4.261313,4.247953,-0.013360,abdelfattah-compute-03,badfellow,0,0
100000000,dclm,1337,4.90,no_role_depth,role_depth_v6,1,1,950,950,31129600,31129600,131.363,130.195,5.955,6.730,0,0,0.000000,0.775,20.318,22.861,2.544,4.261313,4.251457,-0.009856,abdelfattah-compute-03,elor-compute-01,0,0
100000000,dclm,1337,4.70,full,no_role_depth,1,1,1250,1250,40960000,40960000,107.660,108.490,9.504,7.836,0,0,0.000000,-1.668,24.436,20.318,-4.119,4.246725,4.261313,0.014588,,abdelfattah-compute-03,,0
100000000,dclm,1337,4.70,full,role_depth_v2,1,1,1250,1250,40960000,40960000,107.660,108.111,9.504,10.643,0,0,0.000000,1.139,24.436,27.461,3.025,4.246725,4.245911,-0.000814,,ellis-compute-02,,0
100000000,dclm,1337,4.70,full,role_depth_v3,1,1,1250,1250,40960000,40960000,107.660,108.455,9.504,9.201,0,0,0.000000,-0.304,24.436,23.694,-0.742,4.246725,4.258096,0.011371,,badfellow,,1
100000000,dclm,1337,4.70,full,role_depth_v4,1,1,1250,1250,40960000,40960000,107.660,108.423,9.504,10.141,0,0,0.000000,0.637,24.436,25.968,1.531,4.246725,4.250974,0.004249,,nikola-compute-18,,0
100000000,dclm,1337,4.70,full,role_depth_v5,1,1,1250,1250,40960000,40960000,107.660,107.487,9.504,9.532,0,0,0.000000,0.027,24.436,24.571,0.135,4.246725,4.247953,0.001228,,badfellow,,0
100000000,dclm,1337,4.70,full,role_depth_v6,1,1,1250,1250,40960000,40960000,107.660,107.610,9.504,8.856,0,0,0.000000,-0.649,24.436,22.861,-1.575,4.246725,4.251457,0.004732,,elor-compute-01,,0
100000000,dclm,1337,4.70,no_role_depth,full,1,1,1250,1250,40960000,40960000,108.490,107.660,7.836,9.504,0,0,0.000000,1.668,20.318,24.436,4.119,4.261313,4.246725,-0.014588,abdelfattah-compute-03,,0,
100000000,dclm,1337,4.70,no_role_depth,role_depth_v2,1,1,1250,1250,40960000,40960000,108.490,108.111,7.836,10.643,0,0,0.000000,2.807,20.318,27.461,7.144,4.261313,4.245911,-0.015403,abdelfattah-compute-03,ellis-compute-02,0,0
100000000,dclm,1337,4.70,no_role_depth,role_depth_v3,1,1,1250,1250,40960000,40960000,108.490,108.455,7.836,9.201,0,0,0.000000,1.365,20.318,23.694,3.377,4.261313,4.258096,-0.003217,abdelfattah-compute-03,badfellow,0,1
100000000,dclm,1337,4.70,no_role_depth,role_depth_v4,1,1,1250,1250,40960000,40960000,108.490,108.423,7.836,10.141,0,0,0.000000,2.305,20.318,25.968,5.650,4.261313,4.250974,-0.010340,abdelfattah-compute-03,nikola-compute-18,0,0
100000000,dclm,1337,4.70,no_role_depth,role_depth_v5,1,1,1250,1250,40960000,40960000,108.490,107.487,7.836,9.532,0,0,0.000000,1.696,20.318,24.571,4.254,4.261313,4.247953,-0.013360,abdelfattah-compute-03,badfellow,0,0
100000000,dclm,1337,4.70,no_role_depth,role_depth_v6,1,1,1250,1250,40960000,40960000,108.490,107.610,7.836,8.856,0,0,0.000000,1.020,20.318,22.861,2.544,4.261313,4.251457,-0.009856,abdelfattah-compute-03,elor-compute-01,0,0
100000000,dclm,1337,4.55,full,no_role_depth,1,1,1550,1550,50790400,50790400,93.380,94.159,11.785,9.717,0,0,0.000000,-2.069,24.436,20.318,-4.119,4.246725,4.261313,0.014588,,abdelfattah-compute-03,,0
100000000,dclm,1337,4.55,full,role_depth_v2,1,1,1550,1550,50790400,50790400,93.380,93.463,11.785,13.197,0,0,0.000000,1.412,24.436,27.461,3.025,4.246725,4.245911,-0.000814,,ellis-compute-02,,0
100000000,dclm,1337,4.55,full,role_depth_v3,1,1,1550,1550,50790400,50790400,93.380,93.795,11.785,11.409,0,0,0.000000,-0.377,24.436,23.694,-0.742,4.246725,4.258096,0.011371,,badfellow,,1
100000000,dclm,1337,4.55,full,role_depth_v4,1,1,1550,1550,50790400,50790400,93.380,93.512,11.785,12.575,0,0,0.000000,0.790,24.436,25.968,1.531,4.246725,4.250974,0.004249,,nikola-compute-18,,0
100000000,dclm,1337,4.55,full,role_depth_v5,1,1,1550,1550,50790400,50790400,93.380,93.158,11.785,11.819,0,0,0.000000,0.034,24.436,24.571,0.135,4.246725,4.247953,0.001228,,badfellow,,0
100000000,dclm,1337,4.55,full,role_depth_v6,1,1,1550,1550,50790400,50790400,93.380,93.471,11.785,10.981,0,0,0.000000,-0.804,24.436,22.861,-1.575,4.246725,4.251457,0.004732,,elor-compute-01,,0
100000000,dclm,1337,4.55,no_role_depth,full,1,1,1550,1550,50790400,50790400,94.159,93.380,9.717,11.785,0,0,0.000000,2.069,20.318,24.436,4.119,4.261313,4.246725,-0.014588,abdelfattah-compute-03,,0,
100000000,dclm,1337,4.55,no_role_depth,role_depth_v2,1,1,1550,1550,50790400,50790400,94.159,93.463,9.717,13.197,0,0,0.000000,3.481,20.318,27.461,7.144,4.261313,4.245911,-0.015403,abdelfattah-compute-03,ellis-compute-02,0,0
100000000,dclm,1337,4.55,no_role_depth,role_depth_v3,1,1,1550,1550,50790400,50790400,94.159,93.795,9.717,11.409,0,0,0.000000,1.692,20.318,23.694,3.377,4.261313,4.258096,-0.003217,abdelfattah-compute-03,badfellow,0,1
100000000,dclm,1337,4.55,no_role_depth,role_depth_v4,1,1,1550,1550,50790400,50790400,94.159,93.512,9.717,12.575,0,0,0.000000,2.859,20.318,25.968,5.650,4.261313,4.250974,-0.010340,abdelfattah-compute-03,nikola-compute-18,0,0
100000000,dclm,1337,4.55,no_role_depth,role_depth_v5,1,1,1550,1550,50790400,50790400,94.159,93.158,9.717,11.819,0,0,0.000000,2.103,20.318,24.571,4.254,4.261313,4.247953,-0.013360,abdelfattah-compute-03,badfellow,0,0
100000000,dclm,1337,4.55,no_role_depth,role_depth_v6,1,1,1550,1550,50790400,50790400,94.159,93.471,9.717,10.981,0,0,0.000000,1.264,20.318,22.861,2.544,4.261313,4.251457,-0.009856,abdelfattah-compute-03,elor-compute-01,0,0
100000000,dclm,1337,4.45,full,no_role_depth,1,1,1850,1850,60620800,60620800,84.305,85.039,14.066,11.597,0,0,0.000000,-2.469,24.436,20.318,-4.119,4.246725,4.261313,0.014588,,abdelfattah-compute-03,,0
100000000,dclm,1337,4.45,full,role_depth_v2,1,1,1850,1850,60620800,60620800,84.305,84.241,14.066,15.752,0,0,0.000000,1.685,24.436,27.461,3.025,4.246725,4.245911,-0.000814,,ellis-compute-02,,0
100000000,dclm,1337,4.45,full,role_depth_v3,1,1,1850,1850,60620800,60620800,84.305,84.949,14.066,13.617,0,0,0.000000,-0.450,24.436,23.694,-0.742,4.246725,4.258096,0.011371,,badfellow,,1
100000000,dclm,1337,4.45,full,role_depth_v4,1,1,1850,1850,60620800,60620800,84.305,84.505,14.066,15.009,0,0,0.000000,0.943,24.436,25.968,1.531,4.246725,4.250974,0.004249,,nikola-compute-18,,0
100000000,dclm,1337,4.45,full,role_depth_v5,1,1,1850,1800,60620800,58982400,84.305,85.540,14.066,13.726,-1638400,-50,-0.027027,-0.341,24.436,24.571,0.135,4.246725,4.247953,0.001228,,badfellow,,0
100000000,dclm,1337,4.45,full,role_depth_v6,1,1,1850,1800,60620800,58982400,84.305,85.544,14.066,12.752,-1638400,-50,-0.027027,-1.314,24.436,22.861,-1.575,4.246725,4.251457,0.004732,,elor-compute-01,,0
100000000,dclm,1337,4.45,no_role_depth,full,1,1,1850,1850,60620800,60620800,85.039,84.305,11.597,14.066,0,0,0.000000,2.469,20.318,24.436,4.119,4.261313,4.246725,-0.014588,abdelfattah-compute-03,,0,
100000000,dclm,1337,4.45,no_role_depth,role_depth_v2,1,1,1850,1850,60620800,60620800,85.039,84.241,11.597,15.752,0,0,0.000000,4.154,20.318,27.461,7.144,4.261313,4.245911,-0.015403,abdelfattah-compute-03,ellis-compute-02,0,0
100000000,dclm,1337,4.45,no_role_depth,role_depth_v3,1,1,1850,1850,60620800,60620800,85.039,84.949,11.597,13.617,0,0,0.000000,2.020,20.318,23.694,3.377,4.261313,4.258096,-0.003217,abdelfattah-compute-03,badfellow,0,1
100000000,dclm,1337,4.45,no_role_depth,role_depth_v4,1,1,1850,1850,60620800,60620800,85.039,84.505,11.597,15.009,0,0,0.000000,3.412,20.318,25.968,5.650,4.261313,4.250974,-0.010340,abdelfattah-compute-03,nikola-compute-18,0,0
100000000,dclm,1337,4.45,no_role_depth,role_depth_v5,1,1,1850,1800,60620800,58982400,85.039,85.540,11.597,13.726,-1638400,-50,-0.027027,2.128,20.318,24.571,4.254,4.261313,4.247953,-0.013360,abdelfattah-compute-03,badfellow,0,0
100000000,dclm,1337,4.45,no_role_depth,role_depth_v6,1,1,1850,1800,60620800,58982400,85.039,85.544,11.597,12.752,-1638400,-50,-0.027027,1.155,20.318,22.861,2.544,4.261313,4.251457,-0.009856,abdelfattah-compute-03,elor-compute-01,0,0
100000000,dclm,1337,4.35,full,no_role_depth,1,1,2200,2300,72089600,75366400,77.426,76.981,16.728,14.418,3276800,100,0.045455,-2.309,24.436,20.318,-4.119,4.246725,4.261313,0.014588,,abdelfattah-compute-03,,0
100000000,dclm,1337,4.35,full,role_depth_v2,1,1,2200,2200,72089600,72089600,77.426,77.472,16.728,18.732,0,0,0.000000,2.004,24.436,27.461,3.025,4.246725,4.245911,-0.000814,,ellis-compute-02,,0
100000000,dclm,1337,4.35,full,role_depth_v3,1,1,2200,2300,72089600,75366400,77.426,76.760,16.728,16.929,3276800,100,0.045455,0.201,24.436,23.694,-0.742,4.246725,4.258096,0.011371,,badfellow,,1
100000000,dclm,1337,4.35,full,role_depth_v4,1,1,2200,2250,72089600,73728000,77.426,76.906,16.728,18.254,1638400,50,0.022727,1.527,24.436,25.968,1.531,4.246725,4.250974,0.004249,,nikola-compute-18,,0
100000000,dclm,1337,4.35,full,role_depth_v5,1,1,2200,2250,72089600,73728000,77.426,76.801,16.728,17.157,1638400,50,0.022727,0.430,24.436,24.571,0.135,4.246725,4.247953,0.001228,,badfellow,,0
100000000,dclm,1337,4.35,full,role_depth_v6,1,1,2200,2250,72089600,73728000,77.426,76.832,16.728,15.940,1638400,50,0.022727,-0.787,24.436,22.861,-1.575,4.246725,4.251457,0.004732,,elor-compute-01,,0
100000000,dclm,1337,4.35,no_role_depth,full,1,1,2300,2200,75366400,72089600,76.981,77.426,14.418,16.728,-3276800,-100,-0.043478,2.309,20.318,24.436,4.119,4.261313,4.246725,-0.014588,abdelfattah-compute-03,,0,
100000000,dclm,1337,4.35,no_role_depth,role_depth_v2,1,1,2300,2200,75366400,72089600,76.981,77.472,14.418,18.732,-3276800,-100,-0.043478,4.313,20.318,27.461,7.144,4.261313,4.245911,-0.015403,abdelfattah-compute-03,ellis-compute-02,0,0
100000000,dclm,1337,4.35,no_role_depth,role_depth_v3,1,1,2300,2300,75366400,75366400,76.981,76.760,14.418,16.929,0,0,0.000000,2.511,20.318,23.694,3.377,4.261313,4.258096,-0.003217,abdelfattah-compute-03,badfellow,0,1
100000000,dclm,1337,4.35,no_role_depth,role_depth_v4,1,1,2300,2250,75366400,73728000,76.981,76.906,14.418,18.254,-1638400,-50,-0.021739,3.836,20.318,25.968,5.650,4.261313,4.250974,-0.010340,abdelfattah-compute-03,nikola-compute-18,0,0
100000000,dclm,1337,4.35,no_role_depth,role_depth_v5,1,1,2300,2250,75366400,73728000,76.981,76.801,14.418,17.157,-1638400,-50,-0.021739,2.739,20.318,24.571,4.254,4.261313,4.247953,-0.013360,abdelfattah-compute-03,badfellow,0,0
100000000,dclm,1337,4.35,no_role_depth,role_depth_v6,1,1,2300,2250,75366400,73728000,76.981,76.832,14.418,15.940,-1638400,-50,-0.021739,1.522,20.318,22.861,2.544,4.261313,4.251457,-0.009856,abdelfattah-compute-03,elor-compute-01,0,0
100000000,dclm,1337,4.30,full,no_role_depth,1,1,2500,2600,81920000,85196800,73.697,73.620,19.009,16.299,3276800,100,0.040000,-2.710,24.436,20.318,-4.119,4.246725,4.261313,0.014588,,abdelfattah-compute-03,,0
100000000,dclm,1337,4.30,full,role_depth_v2,1,1,2500,2500,81920000,81920000,73.697,73.648,19.009,21.286,0,0,0.000000,2.277,24.436,27.461,3.025,4.246725,4.245911,-0.000814,,ellis-compute-02,,0
100000000,dclm,1337,4.30,full,role_depth_v3,1,1,2500,2600,81920000,85196800,73.697,73.422,19.009,19.137,3276800,100,0.040000,0.129,24.436,23.694,-0.742,4.246725,4.258096,0.011371,,badfellow,,1
100000000,dclm,1337,4.30,full,role_depth_v4,1,1,2500,2550,81920000,83558400,73.697,73.474,19.009,20.688,1638400,50,0.020000,1.680,24.436,25.968,1.531,4.246725,4.250974,0.004249,,nikola-compute-18,,0
100000000,dclm,1337,4.30,full,role_depth_v5,1,1,2500,2550,81920000,83558400,73.697,73.275,19.009,19.445,1638400,50,0.020000,0.436,24.436,24.571,0.135,4.246725,4.247953,0.001228,,badfellow,,0
100000000,dclm,1337,4.30,full,role_depth_v6,1,1,2500,2550,81920000,83558400,73.697,73.352,19.009,18.066,1638400,50,0.020000,-0.943,24.436,22.861,-1.575,4.246725,4.251457,0.004732,,elor-compute-01,,0
100000000,dclm,1337,4.30,no_role_depth,full,1,1,2600,2500,85196800,81920000,73.620,73.697,16.299,19.009,-3276800,-100,-0.038462,2.710,20.318,24.436,4.119,4.261313,4.246725,-0.014588,abdelfattah-compute-03,,0,
100000000,dclm,1337,4.30,no_role_depth,role_depth_v2,1,1,2600,2500,85196800,81920000,73.620,73.648,16.299,21.286,-3276800,-100,-0.038462,4.987,20.318,27.461,7.144,4.261313,4.245911,-0.015403,abdelfattah-compute-03,ellis-compute-02,0,0
100000000,dclm,1337,4.30,no_role_depth,role_depth_v3,1,1,2600,2600,85196800,85196800,73.620,73.422,16.299,19.137,0,0,0.000000,2.838,20.318,23.694,3.377,4.261313,4.258096,-0.003217,abdelfattah-compute-03,badfellow,0,1
100000000,dclm,1337,4.30,no_role_depth,role_depth_v4,1,1,2600,2550,85196800,83558400,73.620,73.474,16.299,20.688,-1638400,-50,-0.019231,4.389,20.318,25.968,5.650,4.261313,4.250974,-0.010340,abdelfattah-compute-03,nikola-compute-18,0,0
100000000,dclm,1337,4.30,no_role_depth,role_depth_v5,1,1,2600,2550,85196800,83558400,73.620,73.275,16.299,19.445,-1638400,-50,-0.019231,3.146,20.318,24.571,4.254,4.261313,4.247953,-0.013360,abdelfattah-compute-03,badfellow,0,0
100000000,dclm,1337,4.30,no_role_depth,role_depth_v6,1,1,2600,2550,85196800,83558400,73.620,73.352,16.299,18.066,-1638400,-50,-0.019231,1.767,20.318,22.861,2.544,4.261313,4.251457,-0.009856,abdelfattah-compute-03,elor-compute-01,0,0
100000000,dclm,2027,4.90,full,no_role_depth,1,1,900,900,29491200,29491200,131.886,133.950,7.677,5.641,0,0,0.000000,-2.036,27.383,20.335,-7.048,4.258865,4.273677,0.014812,,abdelfattah-compute-03,,0
100000000,dclm,2027,4.90,full,role_depth_v2,1,1,900,900,29491200,29491200,131.886,132.049,7.677,6.658,0,0,0.000000,-1.019,27.383,23.944,-3.439,4.258865,4.258640,-0.000226,,rush-compute-02,,0
100000000,dclm,2027,4.90,full,role_depth_v3,1,1,900,900,29491200,29491200,131.886,133.934,7.677,5.616,0,0,0.000000,-2.061,27.383,20.293,-7.090,4.258865,4.270991,0.012126,,elor-compute-01,,0
100000000,dclm,2027,4.90,full,role_depth_v4,1,1,900,900,29491200,29491200,131.886,132.955,7.677,5.785,0,0,0.000000,-1.891,27.383,20.822,-6.561,4.258865,4.262203,0.003337,,elor-compute-01,,0
100000000,dclm,2027,4.90,full,role_depth_v5,1,1,900,900,29491200,29491200,131.886,132.643,7.677,6.659,0,0,0.000000,-1.018,27.383,24.006,-3.377,4.258865,4.258960,0.000094,,rush-compute-02,,0
100000000,dclm,2027,4.90,full,role_depth_v6,1,1,900,900,29491200,29491200,131.886,132.728,7.677,7.009,0,0,0.000000,-0.668,27.383,25.104,-2.279,4.258865,4.263743,0.004878,,damle-compute-01,,1
100000000,dclm,2027,4.90,no_role_depth,full,1,1,900,900,29491200,29491200,133.950,131.886,5.641,7.677,0,0,0.000000,2.036,20.335,27.383,7.048,4.273677,4.258865,-0.014812,abdelfattah-compute-03,,0,
100000000,dclm,2027,4.90,no_role_depth,role_depth_v2,1,1,900,900,29491200,29491200,133.950,132.049,5.641,6.658,0,0,0.000000,1.018,20.335,23.944,3.609,4.273677,4.258640,-0.015037,abdelfattah-compute-03,rush-compute-02,0,0
100000000,dclm,2027,4.90,no_role_depth,role_depth_v3,1,1,900,900,29491200,29491200,133.950,133.934,5.641,5.616,0,0,0.000000,-0.025,20.335,20.293,-0.042,4.273677,4.270991,-0.002686,abdelfattah-compute-03,elor-compute-01,0,0
100000000,dclm,2027,4.90,no_role_depth,role_depth_v4,1,1,900,900,29491200,29491200,133.950,132.955,5.641,5.785,0,0,0.000000,0.145,20.335,20.822,0.487,4.273677,4.262203,-0.011474,abdelfattah-compute-03,elor-compute-01,0,0
100000000,dclm,2027,4.90,no_role_depth,role_depth_v5,1,1,900,900,29491200,29491200,133.950,132.643,5.641,6.659,0,0,0.000000,1.019,20.335,24.006,3.671,4.273677,4.258960,-0.014717,abdelfattah-compute-03,rush-compute-02,0,0
100000000,dclm,2027,4.90,no_role_depth,role_depth_v6,1,1,900,900,29491200,29491200,133.950,132.728,5.641,7.009,0,0,0.000000,1.369,20.335,25.104,4.769,4.273677,4.263743,-0.009934,abdelfattah-compute-03,damle-compute-01,0,1
100000000,dclm,2027,4.70,full,no_role_depth,1,1,1200,1200,39321600,39321600,108.857,109.888,10.236,7.521,0,0,0.000000,-2.715,27.383,20.335,-7.048,4.258865,4.273677,0.014812,,abdelfattah-compute-03,,0
100000000,dclm,2027,4.70,full,role_depth_v2,1,1,1200,1200,39321600,39321600,108.857,108.998,10.236,8.878,0,0,0.000000,-1.358,27.383,23.944,-3.439,4.258865,4.258640,-0.000226,,rush-compute-02,,0
100000000,dclm,2027,4.70,full,role_depth_v3,1,1,1200,1200,39321600,39321600,108.857,109.754,10.236,7.488,0,0,0.000000,-2.748,27.383,20.293,-7.090,4.258865,4.270991,0.012126,,elor-compute-01,,0
100000000,dclm,2027,4.70,full,role_depth_v4,1,1,1200,1200,39321600,39321600,108.857,108.421,10.236,7.714,0,0,0.000000,-2.522,27.383,20.822,-6.561,4.258865,4.262203,0.003337,,elor-compute-01,,0
100000000,dclm,2027,4.70,full,role_depth_v5,1,1,1200,1200,39321600,39321600,108.857,108.497,10.236,8.879,0,0,0.000000,-1.357,27.383,24.006,-3.377,4.258865,4.258960,0.000094,,rush-compute-02,,0
100000000,dclm,2027,4.70,full,role_depth_v6,1,1,1200,1200,39321600,39321600,108.857,108.587,10.236,9.346,0,0,0.000000,-0.890,27.383,25.104,-2.279,4.258865,4.263743,0.004878,,damle-compute-01,,1
100000000,dclm,2027,4.70,no_role_depth,full,1,1,1200,1200,39321600,39321600,109.888,108.857,7.521,10.236,0,0,0.000000,2.715,20.335,27.383,7.048,4.273677,4.258865,-0.014812,abdelfattah-compute-03,,0,
100000000,dclm,2027,4.70,no_role_depth,role_depth_v2,1,1,1200,1200,39321600,39321600,109.888,108.998,7.521,8.878,0,0,0.000000,1.357,20.335,23.944,3.609,4.273677,4.258640,-0.015037,abdelfattah-compute-03,rush-compute-02,0,0
100000000,dclm,2027,4.70,no_role_depth,role_depth_v3,1,1,1200,1200,39321600,39321600,109.888,109.754,7.521,7.488,0,0,0.000000,-0.033,20.335,20.293,-0.042,4.273677,4.270991,-0.002686,abdelfattah-compute-03,elor-compute-01,0,0
100000000,dclm,2027,4.70,no_role_depth,role_depth_v4,1,1,1200,1200,39321600,39321600,109.888,108.421,7.521,7.714,0,0,0.000000,0.193,20.335,20.822,0.487,4.273677,4.262203,-0.011474,abdelfattah-compute-03,elor-compute-01,0,0
100000000,dclm,2027,4.70,no_role_depth,role_depth_v5,1,1,1200,1200,39321600,39321600,109.888,108.497,7.521,8.879,0,0,0.000000,1.358,20.335,24.006,3.671,4.273677,4.258960,-0.014717,abdelfattah-compute-03,rush-compute-02,0,0
100000000,dclm,2027,4.70,no_role_depth,role_depth_v6,1,1,1200,1200,39321600,39321600,109.888,108.587,7.521,9.346,0,0,0.000000,1.825,20.335,25.104,4.769,4.273677,4.263743,-0.009934,abdelfattah-compute-03,damle-compute-01,0,1
100000000,dclm,2027,4.55,full,no_role_depth,1,1,1550,1600,50790400,52428800,93.300,92.439,13.221,10.028,1638400,50,0.032258,-3.194,27.383,20.335,-7.048,4.258865,4.273677,0.014812,,abdelfattah-compute-03,,0
100000000,dclm,2027,4.55,full,role_depth_v2,1,1,1550,1550,50790400,50790400,93.300,93.152,13.221,11.467,0,0,0.000000,-1.754,27.383,23.944,-3.439,4.258865,4.258640,-0.000226,,rush-compute-02,,0
100000000,dclm,2027,4.55,full,role_depth_v3,1,1,1550,1550,50790400,50790400,93.300,94.170,13.221,9.672,0,0,0.000000,-3.550,27.383,20.293,-7.090,4.258865,4.270991,0.012126,,elor-compute-01,,0
100000000,dclm,2027,4.55,full,role_depth_v4,1,1,1550,1500,50790400,49152000,93.300,94.627,13.221,9.642,-1638400,-50,-0.032258,-3.579,27.383,20.822,-6.561,4.258865,4.262203,0.003337,,elor-compute-01,,0
100000000,dclm,2027,4.55,full,role_depth_v5,1,1,1550,1500,50790400,49152000,93.300,94.379,13.221,11.099,-1638400,-50,-0.032258,-2.122,27.383,24.006,-3.377,4.258865,4.258960,0.000094,,rush-compute-02,,0
100000000,dclm,2027,4.55,full,role_depth_v6,1,1,1550,1500,50790400,49152000,93.300,94.475,13.221,11.682,-1638400,-50,-0.032258,-1.539,27.383,25.104,-2.279,4.258865,4.263743,0.004878,,damle-compute-01,,1
100000000,dclm,2027,4.55,no_role_depth,full,1,1,1600,1550,52428800,50790400,92.439,93.300,10.028,13.221,-1638400,-50,-0.031250,3.194,20.335,27.383,7.048,4.273677,4.258865,-0.014812,abdelfattah-compute-03,,0,
100000000,dclm,2027,4.55,no_role_depth,role_depth_v2,1,1,1600,1550,52428800,50790400,92.439,93.152,10.028,11.467,-1638400,-50,-0.031250,1.439,20.335,23.944,3.609,4.273677,4.258640,-0.015037,abdelfattah-compute-03,rush-compute-02,0,0
100000000,dclm,2027,4.55,no_role_depth,role_depth_v3,1,1,1600,1550,52428800,50790400,92.439,94.170,10.028,9.672,-1638400,-50,-0.031250,-0.356,20.335,20.293,-0.042,4.273677,4.270991,-0.002686,abdelfattah-compute-03,elor-compute-01,0,0
100000000,dclm,2027,4.55,no_role_depth,role_depth_v4,1,1,1600,1500,52428800,49152000,92.439,94.627,10.028,9.642,-3276800,-100,-0.062500,-0.385,20.335,20.822,0.487,4.273677,4.262203,-0.011474,abdelfattah-compute-03,elor-compute-01,0,0
100000000,dclm,2027,4.55,no_role_depth,role_depth_v5,1,1,1600,1500,52428800,49152000,92.439,94.379,10.028,11.099,-3276800,-100,-0.062500,1.071,20.335,24.006,3.671,4.273677,4.258960,-0.014717,abdelfattah-compute-03,rush-compute-02,0,0
100000000,dclm,2027,4.55,no_role_depth,role_depth_v6,1,1,1600,1500,52428800,49152000,92.439,94.475,10.028,11.682,-3276800,-100,-0.062500,1.654,20.335,25.104,4.769,4.273677,4.263743,-0.009934,abdelfattah-compute-03,damle-compute-01,0,1
100000000,dclm,2027,4.45,full,no_role_depth,1,1,1850,1850,60620800,60620800,84.482,85.364,15.780,11.595,0,0,0.000000,-4.186,27.383,20.335,-7.048,4.258865,4.273677,0.014812,,abdelfattah-compute-03,,0
100000000,dclm,2027,4.45,full,role_depth_v2,1,1,1850,1850,60620800,60620800,84.482,84.436,15.780,13.686,0,0,0.000000,-2.094,27.383,23.944,-3.439,4.258865,4.258640,-0.000226,,rush-compute-02,,0
100000000,dclm,2027,4.45,full,role_depth_v3,1,1,1850,1850,60620800,60620800,84.482,85.121,15.780,11.544,0,0,0.000000,-4.237,27.383,20.293,-7.090,4.258865,4.270991,0.012126,,elor-compute-01,,0
100000000,dclm,2027,4.45,full,role_depth_v4,1,1,1850,1850,60620800,60620800,84.482,84.524,15.780,11.892,0,0,0.000000,-3.888,27.383,20.822,-6.561,4.258865,4.262203,0.003337,,elor-compute-01,,0
100000000,dclm,2027,4.45,full,role_depth_v5,1,1,1850,1800,60620800,58982400,84.482,85.615,15.780,13.319,-1638400,-50,-0.027027,-2.462,27.383,24.006,-3.377,4.258865,4.258960,0.000094,,rush-compute-02,,0
100000000,dclm,2027,4.45,full,role_depth_v6,1,1,1850,1850,60620800,60620800,84.482,84.422,15.780,14.408,0,0,0.000000,-1.372,27.383,25.104,-2.279,4.258865,4.263743,0.004878,,damle-compute-01,,1
100000000,dclm,2027,4.45,no_role_depth,full,1,1,1850,1850,60620800,60620800,85.364,84.482,11.595,15.780,0,0,0.000000,4.186,20.335,27.383,7.048,4.273677,4.258865,-0.014812,abdelfattah-compute-03,,0,
100000000,dclm,2027,4.45,no_role_depth,role_depth_v2,1,1,1850,1850,60620800,60620800,85.364,84.436,11.595,13.686,0,0,0.000000,2.092,20.335,23.944,3.609,4.273677,4.258640,-0.015037,abdelfattah-compute-03,rush-compute-02,0,0
100000000,dclm,2027,4.45,no_role_depth,role_depth_v3,1,1,1850,1850,60620800,60620800,85.364,85.121,11.595,11.544,0,0,0.000000,-0.051,20.335,20.293,-0.042,4.273677,4.270991,-0.002686,abdelfattah-compute-03,elor-compute-01,0,0
100000000,dclm,2027,4.45,no_role_depth,role_depth_v4,1,1,1850,1850,60620800,60620800,85.364,84.524,11.595,11.892,0,0,0.000000,0.298,20.335,20.822,0.487,4.273677,4.262203,-0.011474,abdelfattah-compute-03,elor-compute-01,0,0
100000000,dclm,2027,4.45,no_role_depth,role_depth_v5,1,1,1850,1800,60620800,58982400,85.364,85.615,11.595,13.319,-1638400,-50,-0.027027,1.724,20.335,24.006,3.671,4.273677,4.258960,-0.014717,abdelfattah-compute-03,rush-compute-02,0,0
100000000,dclm,2027,4.45,no_role_depth,role_depth_v6,1,1,1850,1850,60620800,60620800,85.364,84.422,11.595,14.408,0,0,0.000000,2.813,20.335,25.104,4.769,4.273677,4.263743,-0.009934,abdelfattah-compute-03,damle-compute-01,0,1
100000000,dclm,2027,4.35,full,no_role_depth,1,1,2250,2300,73728000,75366400,77.228,77.449,19.192,14.415,1638400,50,0.022222,-4.777,27.383,20.335,-7.048,4.258865,4.273677,0.014812,,abdelfattah-compute-03,,0
100000000,dclm,2027,4.35,full,role_depth_v2,1,1,2250,2250,73728000,73728000,77.228,77.225,19.192,16.645,0,0,0.000000,-2.547,27.383,23.944,-3.439,4.258865,4.258640,-0.000226,,rush-compute-02,,0
100000000,dclm,2027,4.35,full,role_depth_v3,1,1,2250,2300,73728000,75366400,77.228,77.205,19.192,14.351,1638400,50,0.022222,-4.841,27.383,20.293,-7.090,4.258865,4.270991,0.012126,,elor-compute-01,,0
100000000,dclm,2027,4.35,full,role_depth_v4,1,1,2250,2250,73728000,73728000,77.228,77.434,19.192,14.463,0,0,0.000000,-4.729,27.383,20.822,-6.561,4.258865,4.262203,0.003337,,elor-compute-01,,0
100000000,dclm,2027,4.35,full,role_depth_v5,1,1,2250,2250,73728000,73728000,77.228,77.230,19.192,16.648,0,0,0.000000,-2.544,27.383,24.006,-3.377,4.258865,4.258960,0.000094,,rush-compute-02,,0
100000000,dclm,2027,4.35,full,role_depth_v6,1,1,2250,2300,73728000,75366400,77.228,76.736,19.192,17.912,1638400,50,0.022222,-1.280,27.383,25.104,-2.279,4.258865,4.263743,0.004878,,damle-compute-01,,1
100000000,dclm,2027,4.35,no_role_depth,full,1,1,2300,2250,75366400,73728000,77.449,77.228,14.415,19.192,-1638400,-50,-0.021739,4.777,20.335,27.383,7.048,4.273677,4.258865,-0.014812,abdelfattah-compute-03,,0,
100000000,dclm,2027,4.35,no_role_depth,role_depth_v2,1,1,2300,2250,75366400,73728000,77.449,77.225,14.415,16.645,-1638400,-50,-0.021739,2.231,20.335,23.944,3.609,4.273677,4.258640,-0.015037,abdelfattah-compute-03,rush-compute-02,0,0
100000000,dclm,2027,4.35,no_role_depth,role_depth_v3,1,1,2300,2300,75366400,75366400,77.449,77.205,14.415,14.351,0,0,0.000000,-0.063,20.335,20.293,-0.042,4.273677,4.270991,-0.002686,abdelfattah-compute-03,elor-compute-01,0,0
100000000,dclm,2027,4.35,no_role_depth,role_depth_v4,1,1,2300,2250,75366400,73728000,77.449,77.434,14.415,14.463,-1638400,-50,-0.021739,0.049,20.335,20.822,0.487,4.273677,4.262203,-0.011474,abdelfattah-compute-03,elor-compute-01,0,0
100000000,dclm,2027,4.35,no_role_depth,role_depth_v5,1,1,2300,2250,75366400,73728000,77.449,77.230,14.415,16.648,-1638400,-50,-0.021739,2.234,20.335,24.006,3.671,4.273677,4.258960,-0.014717,abdelfattah-compute-03,rush-compute-02,0,0
100000000,dclm,2027,4.35,no_role_depth,role_depth_v6,1,1,2300,2300,75366400,75366400,77.449,76.736,14.415,17.912,0,0,0.000000,3.498,20.335,25.104,4.769,4.273677,4.263743,-0.009934,abdelfattah-compute-03,damle-compute-01,0,1
100000000,dclm,2027,4.30,full,no_role_depth,1,1,2600,2700,85196800,88473600,73.432,73.626,22.178,16.922,3276800,100,0.038462,-5.256,27.383,20.335,-7.048,4.258865,4.273677,0.014812,,abdelfattah-compute-03,,0
100000000,dclm,2027,4.30,full,role_depth_v2,1,1,2600,2600,85196800,85196800,73.432,73.417,22.178,19.235,0,0,0.000000,-2.943,27.383,23.944,-3.439,4.258865,4.258640,-0.000226,,rush-compute-02,,0
100000000,dclm,2027,4.30,full,role_depth_v3,1,1,2600,2700,85196800,88473600,73.432,73.475,22.178,16.847,3276800,100,0.038462,-5.330,27.383,20.293,-7.090,4.258865,4.270991,0.012126,,elor-compute-01,,0
100000000,dclm,2027,4.30,full,role_depth_v4,1,1,2600,2600,85196800,85196800,73.432,73.653,22.178,16.713,0,0,0.000000,-5.464,27.383,20.822,-6.561,4.258865,4.262203,0.003337,,elor-compute-01,,0
100000000,dclm,2027,4.30,full,role_depth_v5,1,1,2600,2600,85196800,85196800,73.432,73.520,22.178,19.238,0,0,0.000000,-2.940,27.383,24.006,-3.377,4.258865,4.258960,0.000094,,rush-compute-02,,0
100000000,dclm,2027,4.30,full,role_depth_v6,1,1,2600,2650,85196800,86835200,73.432,73.331,22.178,20.638,1638400,50,0.019231,-1.539,27.383,25.104,-2.279,4.258865,4.263743,0.004878,,damle-compute-01,,1
100000000,dclm,2027,4.30,no_role_depth,full,1,1,2700,2600,88473600,85196800,73.626,73.432,16.922,22.178,-3276800,-100,-0.037037,5.256,20.335,27.383,7.048,4.273677,4.258865,-0.014812,abdelfattah-compute-03,,0,
100000000,dclm,2027,4.30,no_role_depth,role_depth_v2,1,1,2700,2600,88473600,85196800,73.626,73.417,16.922,19.235,-3276800,-100,-0.037037,2.313,20.335,23.944,3.609,4.273677,4.258640,-0.015037,abdelfattah-compute-03,rush-compute-02,0,0
100000000,dclm,2027,4.30,no_role_depth,role_depth_v3,1,1,2700,2700,88473600,88473600,73.626,73.475,16.922,16.847,0,0,0.000000,-0.074,20.335,20.293,-0.042,4.273677,4.270991,-0.002686,abdelfattah-compute-03,elor-compute-01,0,0
100000000,dclm,2027,4.30,no_role_depth,role_depth_v4,1,1,2700,2600,88473600,85196800,73.626,73.653,16.922,16.713,-3276800,-100,-0.037037,-0.208,20.335,20.822,0.487,4.273677,4.262203,-0.011474,abdelfattah-compute-03,elor-compute-01,0,0
100000000,dclm,2027,4.30,no_role_depth,role_depth_v5,1,1,2700,2600,88473600,85196800,73.626,73.520,16.922,19.238,-3276800,-100,-0.037037,2.316,20.335,24.006,3.671,4.273677,4.258960,-0.014717,abdelfattah-compute-03,rush-compute-02,0,0
100000000,dclm,2027,4.30,no_role_depth,role_depth_v6,1,1,2700,2650,88473600,86835200,73.626,73.331,16.922,20.638,-1638400,-50,-0.018519,3.716,20.335,25.104,4.769,4.273677,4.263743,-0.009934,abdelfattah-compute-03,damle-compute-01,0,1
100000000,dclm,3407,4.90,full,no_role_depth,1,1,900,950,29491200,31129600,133.155,130.508,6.881,6.289,1638400,50,0.055556,-0.592,24.557,21.456,-3.101,4.255752,4.265036,0.009284,,seo-compute-01,,0
100000000,dclm,3407,4.90,full,role_depth_v2,1,1,900,900,29491200,29491200,133.155,133.694,6.881,5.786,0,0,0.000000,-1.095,24.557,20.815,-3.742,4.255752,4.251755,-0.003997,,elor-compute-01,,0
100000000,dclm,3407,4.90,full,role_depth_v3,1,1,900,950,29491200,31129600,133.155,130.772,6.881,7.177,1638400,50,0.055556,0.296,24.557,24.324,-0.234,4.255752,4.267403,0.011651,,badfellow,,1
100000000,dclm,3407,4.90,full,role_depth_v4,1,1,900,950,29491200,31129600,133.155,129.524,6.881,6.327,1638400,50,0.055556,-0.554,24.557,21.515,-3.042,4.255752,4.255749,-0.000003,,zabih-compute-01,,0
100000000,dclm,3407,4.90,full,role_depth_v5,1,1,900,950,29491200,31129600,133.155,129.964,6.881,6.196,1638400,50,0.055556,-0.685,24.557,21.172,-3.385,4.255752,4.254425,-0.001328,,elor-compute-01,,0
100000000,dclm,3407,4.90,full,role_depth_v6,1,1,900,900,29491200,29491200,133.155,134.277,6.881,6.388,0,0,0.000000,-0.492,24.557,22.838,-1.719,4.255752,4.258430,0.002678,,elor-compute-01,,0
100000000,dclm,3407,4.90,no_role_depth,full,1,1,950,900,31129600,29491200,130.508,133.155,6.289,6.881,-1638400,-50,-0.052632,0.592,21.456,24.557,3.101,4.265036,4.255752,-0.009284,seo-compute-01,,0,
100000000,dclm,3407,4.90,no_role_depth,role_depth_v2,1,1,950,900,31129600,29491200,130.508,133.694,6.289,5.786,-1638400,-50,-0.052632,-0.503,21.456,20.815,-0.641,4.265036,4.251755,-0.013280,seo-compute-01,elor-compute-01,0,0
100000000,dclm,3407,4.90,no_role_depth,role_depth_v3,1,1,950,950,31129600,31129600,130.508,130.772,6.289,7.177,0,0,0.000000,0.889,21.456,24.324,2.867,4.265036,4.267403,0.002367,seo-compute-01,badfellow,0,1
100000000,dclm,3407,4.90,no_role_depth,role_depth_v4,1,1,950,950,31129600,31129600,130.508,129.524,6.289,6.327,0,0,0.000000,0.038,21.456,21.515,0.059,4.265036,4.255749,-0.009287,seo-compute-01,zabih-compute-01,0,0
100000000,dclm,3407,4.90,no_role_depth,role_depth_v5,1,1,950,950,31129600,31129600,130.508,129.964,6.289,6.196,0,0,0.000000,-0.093,21.456,21.172,-0.284,4.265036,4.254425,-0.010611,seo-compute-01,elor-compute-01,0,0
100000000,dclm,3407,4.90,no_role_depth,role_depth_v6,1,1,950,900,31129600,29491200,130.508,134.277,6.289,6.388,-1638400,-50,-0.052632,0.100,21.456,22.838,1.382,4.265036,4.258430,-0.006605,seo-compute-01,elor-compute-01,0,0
100000000,dclm,3407,4.70,full,no_role_depth,1,1,1200,1250,39321600,40960000,109.136,107.048,9.174,8.274,1638400,50,0.041667,-0.900,24.557,21.456,-3.101,4.255752,4.265036,0.009284,,seo-compute-01,,0
100000000,dclm,3407,4.70,full,role_depth_v2,1,1,1200,1200,39321600,39321600,109.136,109.538,9.174,7.714,0,0,0.000000,-1.460,24.557,20.815,-3.742,4.255752,4.251755,-0.003997,,elor-compute-01,,0
100000000,dclm,3407,4.70,full,role_depth_v3,1,1,1200,1250,39321600,40960000,109.136,107.411,9.174,9.444,1638400,50,0.041667,0.269,24.557,24.324,-0.234,4.255752,4.267403,0.011651,,badfellow,,1
100000000,dclm,3407,4.70,full,role_depth_v4,1,1,1200,1200,39321600,39321600,109.136,109.287,9.174,7.991,0,0,0.000000,-1.183,24.557,21.515,-3.042,4.255752,4.255749,-0.000003,,zabih-compute-01,,0
100000000,dclm,3407,4.70,full,role_depth_v5,1,1,1200,1200,39321600,39321600,109.136,109.015,9.174,7.826,0,0,0.000000,-1.348,24.557,21.172,-3.385,4.255752,4.254425,-0.001328,,elor-compute-01,,0
100000000,dclm,3407,4.70,full,role_depth_v6,1,1,1200,1200,39321600,39321600,109.136,109.234,9.174,8.518,0,0,0.000000,-0.657,24.557,22.838,-1.719,4.255752,4.258430,0.002678,,elor-compute-01,,0
100000000,dclm,3407,4.70,no_role_depth,full,1,1,1250,1200,40960000,39321600,107.048,109.136,8.274,9.174,-1638400,-50,-0.040000,0.900,21.456,24.557,3.101,4.265036,4.255752,-0.009284,seo-compute-01,,0,
100000000,dclm,3407,4.70,no_role_depth,role_depth_v2,1,1,1250,1200,40960000,39321600,107.048,109.538,8.274,7.714,-1638400,-50,-0.040000,-0.560,21.456,20.815,-0.641,4.265036,4.251755,-0.013280,seo-compute-01,elor-compute-01,0,0
100000000,dclm,3407,4.70,no_role_depth,role_depth_v3,1,1,1250,1250,40960000,40960000,107.048,107.411,8.274,9.444,0,0,0.000000,1.169,21.456,24.324,2.867,4.265036,4.267403,0.002367,seo-compute-01,badfellow,0,1
100000000,dclm,3407,4.70,no_role_depth,role_depth_v4,1,1,1250,1200,40960000,39321600,107.048,109.287,8.274,7.991,-1638400,-50,-0.040000,-0.283,21.456,21.515,0.059,4.265036,4.255749,-0.009287,seo-compute-01,zabih-compute-01,0,0
100000000,dclm,3407,4.70,no_role_depth,role_depth_v5,1,1,1250,1200,40960000,39321600,107.048,109.015,8.274,7.826,-1638400,-50,-0.040000,-0.448,21.456,21.172,-0.284,4.265036,4.254425,-0.010611,seo-compute-01,elor-compute-01,0,0
100000000,dclm,3407,4.70,no_role_depth,role_depth_v6,1,1,1250,1200,40960000,39321600,107.048,109.234,8.274,8.518,-1638400,-50,-0.040000,0.243,21.456,22.838,1.382,4.265036,4.258430,-0.006605,seo-compute-01,elor-compute-01,0,0
100000000,dclm,3407,4.55,full,no_role_depth,1,1,1500,1550,49152000,50790400,94.565,93.731,11.468,10.260,1638400,50,0.033333,-1.208,24.557,21.456,-3.101,4.255752,4.265036,0.009284,,seo-compute-01,,0
100000000,dclm,3407,4.55,full,role_depth_v2,1,1,1500,1500,49152000,49152000,94.565,94.630,11.468,9.643,0,0,0.000000,-1.825,24.557,20.815,-3.742,4.255752,4.251755,-0.003997,,elor-compute-01,,0
100000000,dclm,3407,4.55,full,role_depth_v3,1,1,1500,1550,49152000,50790400,94.565,93.832,11.468,11.710,1638400,50,0.033333,0.242,24.557,24.324,-0.234,4.255752,4.267403,0.011651,,badfellow,,1
100000000,dclm,3407,4.55,full,role_depth_v4,1,1,1500,1550,49152000,50790400,94.565,92.999,11.468,10.322,1638400,50,0.033333,-1.146,24.557,21.515,-3.042,4.255752,4.255749,-0.000003,,zabih-compute-01,,0
100000000,dclm,3407,4.55,full,role_depth_v5,1,1,1500,1500,49152000,49152000,94.565,94.623,11.468,9.782,0,0,0.000000,-1.685,24.557,21.172,-3.385,4.255752,4.254425,-0.001328,,elor-compute-01,,0
100000000,dclm,3407,4.55,full,role_depth_v6,1,1,1500,1500,49152000,49152000,94.565,94.609,11.468,10.647,0,0,0.000000,-0.821,24.557,22.838,-1.719,4.255752,4.258430,0.002678,,elor-compute-01,,0
100000000,dclm,3407,4.55,no_role_depth,full,1,1,1550,1500,50790400,49152000,93.731,94.565,10.260,11.468,-1638400,-50,-0.032258,1.208,21.456,24.557,3.101,4.265036,4.255752,-0.009284,seo-compute-01,,0,
100000000,dclm,3407,4.55,no_role_depth,role_depth_v2,1,1,1550,1500,50790400,49152000,93.731,94.630,10.260,9.643,-1638400,-50,-0.032258,-0.618,21.456,20.815,-0.641,4.265036,4.251755,-0.013280,seo-compute-01,elor-compute-01,0,0
100000000,dclm,3407,4.55,no_role_depth,role_depth_v3,1,1,1550,1550,50790400,50790400,93.731,93.832,10.260,11.710,0,0,0.000000,1.450,21.456,24.324,2.867,4.265036,4.267403,0.002367,seo-compute-01,badfellow,0,1
100000000,dclm,3407,4.55,no_role_depth,role_depth_v4,1,1,1550,1550,50790400,50790400,93.731,92.999,10.260,10.322,0,0,0.000000,0.062,21.456,21.515,0.059,4.265036,4.255749,-0.009287,seo-compute-01,zabih-compute-01,0,0
100000000,dclm,3407,4.55,no_role_depth,role_depth_v5,1,1,1550,1500,50790400,49152000,93.731,94.623,10.260,9.782,-1638400,-50,-0.032258,-0.478,21.456,21.172,-0.284,4.265036,4.254425,-0.010611,seo-compute-01,elor-compute-01,0,0
100000000,dclm,3407,4.55,no_role_depth,role_depth_v6,1,1,1550,1500,50790400,49152000,93.731,94.609,10.260,10.647,-1638400,-50,-0.032258,0.387,21.456,22.838,1.382,4.265036,4.258430,-0.006605,seo-compute-01,elor-compute-01,0,0
100000000,dclm,3407,4.45,full,no_role_depth,1,1,1800,1850,58982400,60620800,85.591,85.057,13.761,12.246,1638400,50,0.027778,-1.515,24.557,21.456,-3.101,4.255752,4.265036,0.009284,,seo-compute-01,,0
100000000,dclm,3407,4.45,full,role_depth_v2,1,1,1800,1850,58982400,60620800,85.591,84.206,13.761,11.892,1638400,50,0.027778,-1.869,24.557,20.815,-3.742,4.255752,4.251755,-0.003997,,elor-compute-01,,0
100000000,dclm,3407,4.45,full,role_depth_v3,1,1,1800,1850,58982400,60620800,85.591,85.208,13.761,13.976,1638400,50,0.027778,0.215,24.557,24.324,-0.234,4.255752,4.267403,0.011651,,badfellow,,1
100000000,dclm,3407,4.45,full,role_depth_v4,1,1,1800,1850,58982400,60620800,85.591,84.266,13.761,12.320,1638400,50,0.027778,-1.441,24.557,21.515,-3.042,4.255752,4.255749,-0.000003,,zabih-compute-01,,0
100000000,dclm,3407,4.45,full,role_depth_v5,1,1,1800,1850,58982400,60620800,85.591,84.263,13.761,12.065,1638400,50,0.027778,-1.696,24.557,21.172,-3.385,4.255752,4.254425,-0.001328,,elor-compute-01,,0
100000000,dclm,3407,4.45,full,role_depth_v6,1,1,1800,1850,58982400,60620800,85.591,84.392,13.761,13.132,1638400,50,0.027778,-0.630,24.557,22.838,-1.719,4.255752,4.258430,0.002678,,elor-compute-01,,0
100000000,dclm,3407,4.45,no_role_depth,full,1,1,1850,1800,60620800,58982400,85.057,85.591,12.246,13.761,-1638400,-50,-0.027027,1.515,21.456,24.557,3.101,4.265036,4.255752,-0.009284,seo-compute-01,,0,
100000000,dclm,3407,4.45,no_role_depth,role_depth_v2,1,1,1850,1850,60620800,60620800,85.057,84.206,12.246,11.892,0,0,0.000000,-0.354,21.456,20.815,-0.641,4.265036,4.251755,-0.013280,seo-compute-01,elor-compute-01,0,0
100000000,dclm,3407,4.45,no_role_depth,role_depth_v3,1,1,1850,1850,60620800,60620800,85.057,85.208,12.246,13.976,0,0,0.000000,1.730,21.456,24.324,2.867,4.265036,4.267403,0.002367,seo-compute-01,badfellow,0,1
100000000,dclm,3407,4.45,no_role_depth,role_depth_v4,1,1,1850,1850,60620800,60620800,85.057,84.266,12.246,12.320,0,0,0.000000,0.074,21.456,21.515,0.059,4.265036,4.255749,-0.009287,seo-compute-01,zabih-compute-01,0,0
100000000,dclm,3407,4.45,no_role_depth,role_depth_v5,1,1,1850,1850,60620800,60620800,85.057,84.263,12.246,12.065,0,0,0.000000,-0.181,21.456,21.172,-0.284,4.265036,4.254425,-0.010611,seo-compute-01,elor-compute-01,0,0
100000000,dclm,3407,4.45,no_role_depth,role_depth_v6,1,1,1850,1850,60620800,60620800,85.057,84.392,12.246,13.132,0,0,0.000000,0.885,21.456,22.838,1.382,4.265036,4.258430,-0.006605,seo-compute-01,elor-compute-01,0,0
100000000,dclm,3407,4.35,full,no_role_depth,1,1,2250,2300,73728000,75366400,76.926,77.082,17.202,15.225,1638400,50,0.022222,-1.977,24.557,21.456,-3.101,4.255752,4.265036,0.009284,,seo-compute-01,,0
100000000,dclm,3407,4.35,full,role_depth_v2,1,1,2250,2250,73728000,73728000,76.926,77.013,17.202,14.464,0,0,0.000000,-2.738,24.557,20.815,-3.742,4.255752,4.251755,-0.003997,,elor-compute-01,,0
100000000,dclm,3407,4.35,full,role_depth_v3,1,1,2250,2300,73728000,75366400,76.926,77.195,17.202,17.376,1638400,50,0.022222,0.174,24.557,24.324,-0.234,4.255752,4.267403,0.011651,,badfellow,,1
100000000,dclm,3407,4.35,full,role_depth_v4,1,1,2250,2250,73728000,73728000,76.926,77.162,17.202,14.984,0,0,0.000000,-2.218,24.557,21.515,-3.042,4.255752,4.255749,-0.000003,,zabih-compute-01,,0
100000000,dclm,3407,4.35,full,role_depth_v5,1,1,2250,2250,73728000,73728000,76.926,77.046,17.202,14.674,0,0,0.000000,-2.528,24.557,21.172,-3.385,4.255752,4.254425,-0.001328,,elor-compute-01,,0
100000000,dclm,3407,4.35,full,role_depth_v6,1,1,2250,2250,73728000,73728000,76.926,77.267,17.202,15.971,0,0,0.000000,-1.231,24.557,22.838,-1.719,4.255752,4.258430,0.002678,,elor-compute-01,,0
100000000,dclm,3407,4.35,no_role_depth,full,1,1,2300,2250,75366400,73728000,77.082,76.926,15.225,17.202,-1638400,-50,-0.021739,1.977,21.456,24.557,3.101,4.265036,4.255752,-0.009284,seo-compute-01,,0,
100000000,dclm,3407,4.35,no_role_depth,role_depth_v2,1,1,2300,2250,75366400,73728000,77.082,77.013,15.225,14.464,-1638400,-50,-0.021739,-0.761,21.456,20.815,-0.641,4.265036,4.251755,-0.013280,seo-compute-01,elor-compute-01,0,0
100000000,dclm,3407,4.35,no_role_depth,role_depth_v3,1,1,2300,2300,75366400,75366400,77.082,77.195,15.225,17.376,0,0,0.000000,2.151,21.456,24.324,2.867,4.265036,4.267403,0.002367,seo-compute-01,badfellow,0,1
100000000,dclm,3407,4.35,no_role_depth,role_depth_v4,1,1,2300,2250,75366400,73728000,77.082,77.162,15.225,14.984,-1638400,-50,-0.021739,-0.241,21.456,21.515,0.059,4.265036,4.255749,-0.009287,seo-compute-01,zabih-compute-01,0,0
100000000,dclm,3407,4.35,no_role_depth,role_depth_v5,1,1,2300,2250,75366400,73728000,77.082,77.046,15.225,14.674,-1638400,-50,-0.021739,-0.551,21.456,21.172,-0.284,4.265036,4.254425,-0.010611,seo-compute-01,elor-compute-01,0,0
100000000,dclm,3407,4.35,no_role_depth,role_depth_v6,1,1,2300,2250,75366400,73728000,77.082,77.267,15.225,15.971,-1638400,-50,-0.021739,0.746,21.456,22.838,1.382,4.265036,4.258430,-0.006605,seo-compute-01,elor-compute-01,0,0
100000000,dclm,3407,4.30,full,no_role_depth,1,1,2550,2600,83558400,85196800,73.480,73.685,19.495,17.211,1638400,50,0.019608,-2.285,24.557,21.456,-3.101,4.255752,4.265036,0.009284,,seo-compute-01,,0
100000000,dclm,3407,4.30,full,role_depth_v2,1,1,2550,2550,83558400,83558400,73.480,73.334,19.495,16.392,0,0,0.000000,-3.103,24.557,20.815,-3.742,4.255752,4.251755,-0.003997,,elor-compute-01,,0
100000000,dclm,3407,4.30,full,role_depth_v3,1,1,2550,2650,83558400,86835200,73.480,73.514,19.495,20.020,3276800,100,0.039216,0.525,24.557,24.324,-0.234,4.255752,4.267403,0.011651,,badfellow,,1
100000000,dclm,3407,4.30,full,role_depth_v4,1,1,2550,2550,83558400,83558400,73.480,73.554,19.495,16.982,0,0,0.000000,-2.513,24.557,21.515,-3.042,4.255752,4.255749,-0.000003,,zabih-compute-01,,0
100000000,dclm,3407,4.30,full,role_depth_v5,1,1,2550,2550,83558400,83558400,73.480,73.405,19.495,16.630,0,0,0.000000,-2.865,24.557,21.172,-3.385,4.255752,4.254425,-0.001328,,elor-compute-01,,0
100000000,dclm,3407,4.30,full,role_depth_v6,1,1,2550,2600,83558400,85196800,73.480,73.138,19.495,18.455,1638400,50,0.019608,-1.040,24.557,22.838,-1.719,4.255752,4.258430,0.002678,,elor-compute-01,,0
100000000,dclm,3407,4.30,no_role_depth,full,1,1,2600,2550,85196800,83558400,73.685,73.480,17.211,19.495,-1638400,-50,-0.019231,2.285,21.456,24.557,3.101,4.265036,4.255752,-0.009284,seo-compute-01,,0,
100000000,dclm,3407,4.30,no_role_depth,role_depth_v2,1,1,2600,2550,85196800,83558400,73.685,73.334,17.211,16.392,-1638400,-50,-0.019231,-0.818,21.456,20.815,-0.641,4.265036,4.251755,-0.013280,seo-compute-01,elor-compute-01,0,0
100000000,dclm,3407,4.30,no_role_depth,role_depth_v3,1,1,2600,2650,85196800,86835200,73.685,73.514,17.211,20.020,1638400,50,0.019231,2.810,21.456,24.324,2.867,4.265036,4.267403,0.002367,seo-compute-01,badfellow,0,1
100000000,dclm,3407,4.30,no_role_depth,role_depth_v4,1,1,2600,2550,85196800,83558400,73.685,73.554,17.211,16.982,-1638400,-50,-0.019231,-0.229,21.456,21.515,0.059,4.265036,4.255749,-0.009287,seo-compute-01,zabih-compute-01,0,0
100000000,dclm,3407,4.30,no_role_depth,role_depth_v5,1,1,2600,2550,85196800,83558400,73.685,73.405,17.211,16.630,-1638400,-50,-0.019231,-0.581,21.456,21.172,-0.284,4.265036,4.254425,-0.010611,seo-compute-01,elor-compute-01,0,0
100000000,dclm,3407,4.30,no_role_depth,role_depth_v6,1,1,2600,2600,85196800,85196800,73.685,73.138,17.211,18.455,0,0,0.000000,1.244,21.456,22.838,1.382,4.265036,4.258430,-0.006605,seo-compute-01,elor-compute-01,0,0
100000000,fineweb_edu,1337,4.80,full,no_role_depth,1,1,950,950,31129600,31129600,117.499,119.750,8.200,5.946,0,0,0.000000,-2.254,27.678,20.280,-7.397,4.089556,4.103217,0.013661,,seo-compute-01,,0
100000000,fineweb_edu,1337,4.80,full,role_depth_v2,1,1,950,950,31129600,31129600,117.499,117.782,8.200,6.119,0,0,0.000000,-2.082,27.678,20.881,-6.797,4.089556,4.087605,-0.001952,,seo-compute-01,,0
100000000,fineweb_edu,1337,4.80,full,role_depth_v3,1,1,950,950,31129600,31129600,117.499,118.896,8.200,6.195,0,0,0.000000,-2.005,27.678,21.158,-6.520,4.089556,4.101543,0.011987,,zabih-compute-01,,0
100000000,fineweb_edu,1337,4.80,full,role_depth_v4,1,1,950,950,31129600,31129600,117.499,117.704,8.200,7.350,0,0,0.000000,-0.851,27.678,25.070,-2.608,4.089556,4.092268,0.002711,,damle-compute-01,,0
100000000,fineweb_edu,1337,4.80,full,role_depth_v5,1,1,950,950,31129600,31129600,117.499,117.617,8.200,7.342,0,0,0.000000,-0.859,27.678,24.928,-2.750,4.089556,4.087169,-0.002388,,badfellow,,0
100000000,fineweb_edu,1337,4.80,full,role_depth_v6,1,1,950,950,31129600,31129600,117.499,117.204,8.200,7.434,0,0,0.000000,-0.766,27.678,25.132,-2.546,4.089556,4.090403,0.000846,,damle-compute-01,,1
100000000,fineweb_edu,1337,4.80,no_role_depth,full,1,1,950,950,31129600,31129600,119.750,117.499,5.946,8.200,0,0,0.000000,2.254,20.280,27.678,7.397,4.103217,4.089556,-0.013661,seo-compute-01,,0,
100000000,fineweb_edu,1337,4.80,no_role_depth,role_depth_v2,1,1,950,950,31129600,31129600,119.750,117.782,5.946,6.119,0,0,0.000000,0.173,20.280,20.881,0.600,4.103217,4.087605,-0.015613,seo-compute-01,seo-compute-01,0,0
100000000,fineweb_edu,1337,4.80,no_role_depth,role_depth_v3,1,1,950,950,31129600,31129600,119.750,118.896,5.946,6.195,0,0,0.000000,0.249,20.280,21.158,0.878,4.103217,4.101543,-0.001674,seo-compute-01,zabih-compute-01,0,0
100000000,fineweb_edu,1337,4.80,no_role_depth,role_depth_v4,1,1,950,950,31129600,31129600,119.750,117.704,5.946,7.350,0,0,0.000000,1.404,20.280,25.070,4.790,4.103217,4.092268,-0.010950,seo-compute-01,damle-compute-01,0,0
100000000,fineweb_edu,1337,4.80,no_role_depth,role_depth_v5,1,1,950,950,31129600,31129600,119.750,117.617,5.946,7.342,0,0,0.000000,1.396,20.280,24.928,4.647,4.103217,4.087169,-0.016048,seo-compute-01,badfellow,0,0
100000000,fineweb_edu,1337,4.80,no_role_depth,role_depth_v6,1,1,950,950,31129600,31129600,119.750,117.204,5.946,7.434,0,0,0.000000,1.488,20.280,25.132,4.851,4.103217,4.090403,-0.012815,seo-compute-01,damle-compute-01,0,1
100000000,fineweb_edu,1337,4.60,full,no_role_depth,1,1,1200,1250,39321600,40960000,97.541,97.116,10.358,7.824,1638400,50,0.041667,-2.535,27.678,20.280,-7.397,4.089556,4.103217,0.013661,,seo-compute-01,,0
100000000,fineweb_edu,1337,4.60,full,role_depth_v2,1,1,1200,1200,39321600,39321600,97.541,97.957,10.358,7.729,0,0,0.000000,-2.629,27.678,20.881,-6.797,4.089556,4.087605,-0.001952,,seo-compute-01,,0
100000000,fineweb_edu,1337,4.60,full,role_depth_v3,1,1,1200,1200,39321600,39321600,97.541,98.777,10.358,7.826,0,0,0.000000,-2.533,27.678,21.158,-6.520,4.089556,4.101543,0.011987,,zabih-compute-01,,0
100000000,fineweb_edu,1337,4.60,full,role_depth_v4,1,1,1200,1200,39321600,39321600,97.541,97.652,10.358,9.284,0,0,0.000000,-1.074,27.678,25.070,-2.608,4.089556,4.092268,0.002711,,damle-compute-01,,0
100000000,fineweb_edu,1337,4.60,full,role_depth_v5,1,1,1200,1200,39321600,39321600,97.541,96.513,10.358,9.274,0,0,0.000000,-1.085,27.678,24.928,-2.750,4.089556,4.087169,-0.002388,,badfellow,,0
100000000,fineweb_edu,1337,4.60,full,role_depth_v6,1,1,1200,1200,39321600,39321600,97.541,96.692,10.358,9.390,0,0,0.000000,-0.968,27.678,25.132,-2.546,4.089556,4.090403,0.000846,,damle-compute-01,,1
100000000,fineweb_edu,1337,4.60,no_role_depth,full,1,1,1250,1200,40960000,39321600,97.116,97.541,7.824,10.358,-1638400,-50,-0.040000,2.535,20.280,27.678,7.397,4.103217,4.089556,-0.013661,seo-compute-01,,0,
100000000,fineweb_edu,1337,4.60,no_role_depth,role_depth_v2,1,1,1250,1200,40960000,39321600,97.116,97.957,7.824,7.729,-1638400,-50,-0.040000,-0.095,20.280,20.881,0.600,4.103217,4.087605,-0.015613,seo-compute-01,seo-compute-01,0,0
100000000,fineweb_edu,1337,4.60,no_role_depth,role_depth_v3,1,1,1250,1200,40960000,39321600,97.116,98.777,7.824,7.826,-1638400,-50,-0.040000,0.002,20.280,21.158,0.878,4.103217,4.101543,-0.001674,seo-compute-01,zabih-compute-01,0,0
100000000,fineweb_edu,1337,4.60,no_role_depth,role_depth_v4,1,1,1250,1200,40960000,39321600,97.116,97.652,7.824,9.284,-1638400,-50,-0.040000,1.460,20.280,25.070,4.790,4.103217,4.092268,-0.010950,seo-compute-01,damle-compute-01,0,0
100000000,fineweb_edu,1337,4.60,no_role_depth,role_depth_v5,1,1,1250,1200,40960000,39321600,97.116,96.513,7.824,9.274,-1638400,-50,-0.040000,1.450,20.280,24.928,4.647,4.103217,4.087169,-0.016048,seo-compute-01,badfellow,0,0
100000000,fineweb_edu,1337,4.60,no_role_depth,role_depth_v6,1,1,1250,1200,40960000,39321600,97.116,96.692,7.824,9.390,-1638400,-50,-0.040000,1.567,20.280,25.132,4.851,4.103217,4.090403,-0.012815,seo-compute-01,damle-compute-01,0,1
100000000,fineweb_edu,1337,4.40,full,no_role_depth,1,1,1550,1600,50790400,52428800,80.615,80.401,13.379,10.014,1638400,50,0.032258,-3.365,27.678,20.280,-7.397,4.089556,4.103217,0.013661,,seo-compute-01,,0
100000000,fineweb_edu,1337,4.40,full,role_depth_v2,1,1,1550,1550,50790400,50790400,80.615,80.760,13.379,9.983,0,0,0.000000,-3.396,27.678,20.881,-6.797,4.089556,4.087605,-0.001952,,seo-compute-01,,0
100000000,fineweb_edu,1337,4.40,full,role_depth_v3,1,1,1550,1550,50790400,50790400,80.615,81.446,13.379,10.108,0,0,0.000000,-3.271,27.678,21.158,-6.520,4.089556,4.101543,0.011987,,zabih-compute-01,,0
100000000,fineweb_edu,1337,4.40,full,role_depth_v4,1,1,1550,1550,50790400,50790400,80.615,80.780,13.379,11.992,0,0,0.000000,-1.388,27.678,25.070,-2.608,4.089556,4.092268,0.002711,,damle-compute-01,,0
100000000,fineweb_edu,1337,4.40,full,role_depth_v5,1,1,1550,1550,50790400,50790400,80.615,80.302,13.379,11.978,0,0,0.000000,-1.401,27.678,24.928,-2.750,4.089556,4.087169,-0.002388,,badfellow,,0
100000000,fineweb_edu,1337,4.40,full,role_depth_v6,1,1,1550,1550,50790400,50790400,80.615,80.010,13.379,12.129,0,0,0.000000,-1.250,27.678,25.132,-2.546,4.089556,4.090403,0.000846,,damle-compute-01,,1
100000000,fineweb_edu,1337,4.40,no_role_depth,full,1,1,1600,1550,52428800,50790400,80.401,80.615,10.014,13.379,-1638400,-50,-0.031250,3.365,20.280,27.678,7.397,4.103217,4.089556,-0.013661,seo-compute-01,,0,
100000000,fineweb_edu,1337,4.40,no_role_depth,role_depth_v2,1,1,1600,1550,52428800,50790400,80.401,80.760,10.014,9.983,-1638400,-50,-0.031250,-0.031,20.280,20.881,0.600,4.103217,4.087605,-0.015613,seo-compute-01,seo-compute-01,0,0
100000000,fineweb_edu,1337,4.40,no_role_depth,role_depth_v3,1,1,1600,1550,52428800,50790400,80.401,81.446,10.014,10.108,-1638400,-50,-0.031250,0.094,20.280,21.158,0.878,4.103217,4.101543,-0.001674,seo-compute-01,zabih-compute-01,0,0
100000000,fineweb_edu,1337,4.40,no_role_depth,role_depth_v4,1,1,1600,1550,52428800,50790400,80.401,80.780,10.014,11.992,-1638400,-50,-0.031250,1.977,20.280,25.070,4.790,4.103217,4.092268,-0.010950,seo-compute-01,damle-compute-01,0,0
100000000,fineweb_edu,1337,4.40,no_role_depth,role_depth_v5,1,1,1600,1550,52428800,50790400,80.401,80.302,10.014,11.978,-1638400,-50,-0.031250,1.964,20.280,24.928,4.647,4.103217,4.087169,-0.016048,seo-compute-01,badfellow,0,0
100000000,fineweb_edu,1337,4.40,no_role_depth,role_depth_v6,1,1,1600,1550,52428800,50790400,80.401,80.010,10.014,12.129,-1638400,-50,-0.031250,2.115,20.280,25.132,4.851,4.103217,4.090403,-0.012815,seo-compute-01,damle-compute-01,0,1
100000000,fineweb_edu,1337,4.30,full,no_role_depth,1,1,1850,1900,60620800,62259200,72.533,72.532,15.969,11.892,1638400,50,0.027027,-4.077,27.678,20.280,-7.397,4.089556,4.103217,0.013661,,seo-compute-01,,0
100000000,fineweb_edu,1337,4.30,full,role_depth_v2,1,1,1850,1800,60620800,58982400,72.533,73.638,15.969,11.593,-1638400,-50,-0.027027,-4.376,27.678,20.881,-6.797,4.089556,4.087605,-0.001952,,seo-compute-01,,0
100000000,fineweb_edu,1337,4.30,full,role_depth_v3,1,1,1850,1850,60620800,60620800,72.533,73.251,15.969,12.065,0,0,0.000000,-3.904,27.678,21.158,-6.520,4.089556,4.101543,0.011987,,zabih-compute-01,,0
100000000,fineweb_edu,1337,4.30,full,role_depth_v4,1,1,1850,1850,60620800,60620800,72.533,72.621,15.969,14.313,0,0,0.000000,-1.656,27.678,25.070,-2.608,4.089556,4.092268,0.002711,,damle-compute-01,,0
100000000,fineweb_edu,1337,4.30,full,role_depth_v5,1,1,1850,1800,60620800,58982400,72.533,73.557,15.969,13.910,-1638400,-50,-0.027027,-2.058,27.678,24.928,-2.750,4.089556,4.087169,-0.002388,,badfellow,,0
100000000,fineweb_edu,1337,4.30,full,role_depth_v6,1,1,1850,1800,60620800,58982400,72.533,73.428,15.969,14.086,-1638400,-50,-0.027027,-1.883,27.678,25.132,-2.546,4.089556,4.090403,0.000846,,damle-compute-01,,1
100000000,fineweb_edu,1337,4.30,no_role_depth,full,1,1,1900,1850,62259200,60620800,72.532,72.533,11.892,15.969,-1638400,-50,-0.026316,4.077,20.280,27.678,7.397,4.103217,4.089556,-0.013661,seo-compute-01,,0,
100000000,fineweb_edu,1337,4.30,no_role_depth,role_depth_v2,1,1,1900,1800,62259200,58982400,72.532,73.638,11.892,11.593,-3276800,-100,-0.052632,-0.299,20.280,20.881,0.600,4.103217,4.087605,-0.015613,seo-compute-01,seo-compute-01,0,0
100000000,fineweb_edu,1337,4.30,no_role_depth,role_depth_v3,1,1,1900,1850,62259200,60620800,72.532,73.251,11.892,12.065,-1638400,-50,-0.026316,0.173,20.280,21.158,0.878,4.103217,4.101543,-0.001674,seo-compute-01,zabih-compute-01,0,0
100000000,fineweb_edu,1337,4.30,no_role_depth,role_depth_v4,1,1,1900,1850,62259200,60620800,72.532,72.621,11.892,14.313,-1638400,-50,-0.026316,2.421,20.280,25.070,4.790,4.103217,4.092268,-0.010950,seo-compute-01,damle-compute-01,0,0
100000000,fineweb_edu,1337,4.30,no_role_depth,role_depth_v5,1,1,1900,1800,62259200,58982400,72.532,73.557,11.892,13.910,-3276800,-100,-0.052632,2.019,20.280,24.928,4.647,4.103217,4.087169,-0.016048,seo-compute-01,badfellow,0,0
100000000,fineweb_edu,1337,4.30,no_role_depth,role_depth_v6,1,1,1900,1800,62259200,58982400,72.532,73.428,11.892,14.086,-3276800,-100,-0.052632,2.194,20.280,25.132,4.851,4.103217,4.090403,-0.012815,seo-compute-01,damle-compute-01,0,1
100000000,fineweb_edu,1337,4.20,full,no_role_depth,1,1,2200,2250,72089600,73728000,66.511,66.518,18.990,14.082,1638400,50,0.022727,-4.908,27.678,20.280,-7.397,4.089556,4.103217,0.013661,,seo-compute-01,,0
100000000,fineweb_edu,1337,4.20,full,role_depth_v2,1,1,2200,2200,72089600,72089600,66.511,66.433,18.990,14.170,0,0,0.000000,-4.820,27.678,20.881,-6.797,4.089556,4.087605,-0.001952,,seo-compute-01,,0
100000000,fineweb_edu,1337,4.20,full,role_depth_v3,1,1,2200,2250,72089600,73728000,66.511,66.333,18.990,14.673,1638400,50,0.022727,-4.317,27.678,21.158,-6.520,4.089556,4.101543,0.011987,,zabih-compute-01,,0
100000000,fineweb_edu,1337,4.20,full,role_depth_v4,1,1,2200,2200,72089600,72089600,66.511,66.556,18.990,17.020,0,0,0.000000,-1.970,27.678,25.070,-2.608,4.089556,4.092268,0.002711,,damle-compute-01,,0
100000000,fineweb_edu,1337,4.20,full,role_depth_v5,1,1,2200,2200,72089600,72089600,66.511,66.303,18.990,17.002,0,0,0.000000,-1.988,27.678,24.928,-2.750,4.089556,4.087169,-0.002388,,badfellow,,0
100000000,fineweb_edu,1337,4.20,full,role_depth_v6,1,1,2200,2200,72089600,72089600,66.511,66.316,18.990,17.216,0,0,0.000000,-1.774,27.678,25.132,-2.546,4.089556,4.090403,0.000846,,damle-compute-01,,1
100000000,fineweb_edu,1337,4.20,no_role_depth,full,1,1,2250,2200,73728000,72089600,66.518,66.511,14.082,18.990,-1638400,-50,-0.022222,4.908,20.280,27.678,7.397,4.103217,4.089556,-0.013661,seo-compute-01,,0,
100000000,fineweb_edu,1337,4.20,no_role_depth,role_depth_v2,1,1,2250,2200,73728000,72089600,66.518,66.433,14.082,14.170,-1638400,-50,-0.022222,0.087,20.280,20.881,0.600,4.103217,4.087605,-0.015613,seo-compute-01,seo-compute-01,0,0
100000000,fineweb_edu,1337,4.20,no_role_depth,role_depth_v3,1,1,2250,2250,73728000,73728000,66.518,66.333,14.082,14.673,0,0,0.000000,0.591,20.280,21.158,0.878,4.103217,4.101543,-0.001674,seo-compute-01,zabih-compute-01,0,0
100000000,fineweb_edu,1337,4.20,no_role_depth,role_depth_v4,1,1,2250,2200,73728000,72089600,66.518,66.556,14.082,17.020,-1638400,-50,-0.022222,2.938,20.280,25.070,4.790,4.103217,4.092268,-0.010950,seo-compute-01,damle-compute-01,0,0
100000000,fineweb_edu,1337,4.20,no_role_depth,role_depth_v5,1,1,2250,2200,73728000,72089600,66.518,66.303,14.082,17.002,-1638400,-50,-0.022222,2.919,20.280,24.928,4.647,4.103217,4.087169,-0.016048,seo-compute-01,badfellow,0,0
100000000,fineweb_edu,1337,4.20,no_role_depth,role_depth_v6,1,1,2250,2200,73728000,72089600,66.518,66.316,14.082,17.216,-1638400,-50,-0.022222,3.133,20.280,25.132,4.851,4.103217,4.090403,-0.012815,seo-compute-01,damle-compute-01,0,1
100000000,fineweb_edu,1337,4.10,full,no_role_depth,1,0,2950,,96665600,,60.089,,25.464,,,,,,27.678,20.280,-7.397,4.089556,4.103217,0.013661,,seo-compute-01,,0
100000000,fineweb_edu,1337,4.10,full,role_depth_v2,1,1,2950,2900,96665600,95027200,60.089,60.198,25.464,18.678,-1638400,-50,-0.016949,-6.786,27.678,20.881,-6.797,4.089556,4.087605,-0.001952,,seo-compute-01,,0
100000000,fineweb_edu,1337,4.10,full,role_depth_v3,1,0,2950,,96665600,,60.089,,25.464,,,,,,27.678,21.158,-6.520,4.089556,4.101543,0.011987,,zabih-compute-01,,0
100000000,fineweb_edu,1337,4.10,full,role_depth_v4,1,1,2950,2950,96665600,96665600,60.089,60.218,25.464,22.823,0,0,0.000000,-2.641,27.678,25.070,-2.608,4.089556,4.092268,0.002711,,damle-compute-01,,0
100000000,fineweb_edu,1337,4.10,full,role_depth_v5,1,1,2950,2900,96665600,95027200,60.089,60.162,25.464,22.411,-1638400,-50,-0.016949,-3.053,27.678,24.928,-2.750,4.089556,4.087169,-0.002388,,badfellow,,0
100000000,fineweb_edu,1337,4.10,full,role_depth_v6,1,1,2950,2950,96665600,96665600,60.089,60.145,25.464,23.085,0,0,0.000000,-2.379,27.678,25.132,-2.546,4.089556,4.090403,0.000846,,damle-compute-01,,1
100000000,fineweb_edu,1337,4.10,no_role_depth,full,0,1,,2950,,96665600,,60.089,,25.464,,,,,20.280,27.678,7.397,4.103217,4.089556,-0.013661,seo-compute-01,,0,
100000000,fineweb_edu,1337,4.10,no_role_depth,role_depth_v2,0,1,,2900,,95027200,,60.198,,18.678,,,,,20.280,20.881,0.600,4.103217,4.087605,-0.015613,seo-compute-01,seo-compute-01,0,0
100000000,fineweb_edu,1337,4.10,no_role_depth,role_depth_v3,0,0,,,,,,,,,,,,,20.280,21.158,0.878,4.103217,4.101543,-0.001674,seo-compute-01,zabih-compute-01,0,0
100000000,fineweb_edu,1337,4.10,no_role_depth,role_depth_v4,0,1,,2950,,96665600,,60.218,,22.823,,,,,20.280,25.070,4.790,4.103217,4.092268,-0.010950,seo-compute-01,damle-compute-01,0,0
100000000,fineweb_edu,1337,4.10,no_role_depth,role_depth_v5,0,1,,2900,,95027200,,60.162,,22.411,,,,,20.280,24.928,4.647,4.103217,4.087169,-0.016048,seo-compute-01,badfellow,0,0
100000000,fineweb_edu,1337,4.10,no_role_depth,role_depth_v6,0,1,,2950,,96665600,,60.145,,23.085,,,,,20.280,25.132,4.851,4.103217,4.090403,-0.012815,seo-compute-01,damle-compute-01,0,1
100000000,fineweb_edu,2027,4.80,full,no_role_depth,1,1,900,950,29491200,31129600,119.769,116.561,6.244,6.653,1638400,50,0.055556,0.409,22.464,22.669,0.205,4.076160,4.087354,0.011194,,seo-compute-02,,0
100000000,fineweb_edu,2027,4.80,full,role_depth_v2,1,1,900,900,29491200,29491200,119.769,119.783,6.244,5.757,0,0,0.000000,-0.487,22.464,20.727,-1.737,4.076160,4.073491,-0.002669,,abdelfattah-compute-03,,0
100000000,fineweb_edu,2027,4.80,full,role_depth_v3,1,1,900,950,29491200,31129600,119.769,116.632,6.244,7.156,1638400,50,0.055556,0.912,22.464,24.433,1.969,4.076160,4.088396,0.012235,,damle-compute-01,,0
100000000,fineweb_edu,2027,4.80,full,role_depth_v4,1,1,900,900,29491200,29491200,119.769,120.658,6.244,5.756,0,0,0.000000,-0.489,22.464,20.723,-1.741,4.076160,4.079555,0.003394,,elor-compute-01,,0
100000000,fineweb_edu,2027,4.80,full,role_depth_v5,1,1,900,900,29491200,29491200,119.769,120.467,6.244,6.878,0,0,0.000000,0.634,22.464,24.717,2.254,4.076160,4.074412,-0.001748,,damle-compute-01,,0
100000000,fineweb_edu,2027,4.80,full,role_depth_v6,1,1,900,900,29491200,29491200,119.769,120.166,6.244,7.470,0,0,0.000000,1.226,22.464,26.592,4.128,4.076160,4.077101,0.000940,,nikola-compute-18,,0
100000000,fineweb_edu,2027,4.80,no_role_depth,full,1,1,950,900,31129600,29491200,116.561,119.769,6.653,6.244,-1638400,-50,-0.052632,-0.409,22.669,22.464,-0.205,4.087354,4.076160,-0.011194,seo-compute-02,,0,
100000000,fineweb_edu,2027,4.80,no_role_depth,role_depth_v2,1,1,950,900,31129600,29491200,116.561,119.783,6.653,5.757,-1638400,-50,-0.052632,-0.896,22.669,20.727,-1.942,4.087354,4.073491,-0.013863,seo-compute-02,abdelfattah-compute-03,0,0
100000000,fineweb_edu,2027,4.80,no_role_depth,role_depth_v3,1,1,950,950,31129600,31129600,116.561,116.632,6.653,7.156,0,0,0.000000,0.503,22.669,24.433,1.764,4.087354,4.088396,0.001041,seo-compute-02,damle-compute-01,0,0
100000000,fineweb_edu,2027,4.80,no_role_depth,role_depth_v4,1,1,950,900,31129600,29491200,116.561,120.658,6.653,5.756,-1638400,-50,-0.052632,-0.897,22.669,20.723,-1.946,4.087354,4.079555,-0.007800,seo-compute-02,elor-compute-01,0,0
100000000,fineweb_edu,2027,4.80,no_role_depth,role_depth_v5,1,1,950,900,31129600,29491200,116.561,120.467,6.653,6.878,-1638400,-50,-0.052632,0.225,22.669,24.717,2.048,4.087354,4.074412,-0.012942,seo-compute-02,damle-compute-01,0,0
100000000,fineweb_edu,2027,4.80,no_role_depth,role_depth_v6,1,1,950,900,31129600,29491200,116.561,120.166,6.653,7.470,-1638400,-50,-0.052632,0.817,22.669,26.592,3.923,4.087354,4.077101,-0.010253,seo-compute-02,nikola-compute-18,0,0
100000000,fineweb_edu,2027,4.60,full,no_role_depth,1,1,1150,1150,37683200,37683200,98.235,99.198,7.979,8.054,0,0,0.000000,0.075,22.464,22.669,0.205,4.076160,4.087354,0.011194,,seo-compute-02,,0
100000000,fineweb_edu,2027,4.60,full,role_depth_v2,1,1,1150,1150,37683200,37683200,98.235,98.086,7.979,7.356,0,0,0.000000,-0.622,22.464,20.727,-1.737,4.076160,4.073491,-0.002669,,abdelfattah-compute-03,,0
100000000,fineweb_edu,2027,4.60,full,role_depth_v3,1,1,1150,1200,37683200,39321600,98.235,96.090,7.979,9.040,1638400,50,0.043478,1.061,22.464,24.433,1.969,4.076160,4.088396,0.012235,,damle-compute-01,,0
100000000,fineweb_edu,2027,4.60,full,role_depth_v4,1,1,1150,1150,37683200,37683200,98.235,97.651,7.979,7.355,0,0,0.000000,-0.624,22.464,20.723,-1.741,4.076160,4.079555,0.003394,,elor-compute-01,,0
100000000,fineweb_edu,2027,4.60,full,role_depth_v5,1,1,1150,1150,37683200,37683200,98.235,97.629,7.979,8.789,0,0,0.000000,0.810,22.464,24.717,2.254,4.076160,4.074412,-0.001748,,damle-compute-01,,0
100000000,fineweb_edu,2027,4.60,full,role_depth_v6,1,1,1150,1150,37683200,37683200,98.235,97.303,7.979,9.545,0,0,0.000000,1.566,22.464,26.592,4.128,4.076160,4.077101,0.000940,,nikola-compute-18,,0
100000000,fineweb_edu,2027,4.60,no_role_depth,full,1,1,1150,1150,37683200,37683200,99.198,98.235,8.054,7.979,0,0,0.000000,-0.075,22.669,22.464,-0.205,4.087354,4.076160,-0.011194,seo-compute-02,,0,
100000000,fineweb_edu,2027,4.60,no_role_depth,role_depth_v2,1,1,1150,1150,37683200,37683200,99.198,98.086,8.054,7.356,0,0,0.000000,-0.697,22.669,20.727,-1.942,4.087354,4.073491,-0.013863,seo-compute-02,abdelfattah-compute-03,0,0
100000000,fineweb_edu,2027,4.60,no_role_depth,role_depth_v3,1,1,1150,1200,37683200,39321600,99.198,96.090,8.054,9.040,1638400,50,0.043478,0.986,22.669,24.433,1.764,4.087354,4.088396,0.001041,seo-compute-02,damle-compute-01,0,0
100000000,fineweb_edu,2027,4.60,no_role_depth,role_depth_v4,1,1,1150,1150,37683200,37683200,99.198,97.651,8.054,7.355,0,0,0.000000,-0.699,22.669,20.723,-1.946,4.087354,4.079555,-0.007800,seo-compute-02,elor-compute-01,0,0
100000000,fineweb_edu,2027,4.60,no_role_depth,role_depth_v5,1,1,1150,1150,37683200,37683200,99.198,97.629,8.054,8.789,0,0,0.000000,0.735,22.669,24.717,2.048,4.087354,4.074412,-0.012942,seo-compute-02,damle-compute-01,0,0
100000000,fineweb_edu,2027,4.60,no_role_depth,role_depth_v6,1,1,1150,1150,37683200,37683200,99.198,97.303,8.054,9.545,0,0,0.000000,1.491,22.669,26.592,3.923,4.087354,4.077101,-0.010253,seo-compute-02,nikola-compute-18,0,0
100000000,fineweb_edu,2027,4.40,full,no_role_depth,1,1,1500,1500,49152000,49152000,80.631,81.393,10.407,10.505,0,0,0.000000,0.098,22.464,22.669,0.205,4.076160,4.087354,0.011194,,seo-compute-02,,0
100000000,fineweb_edu,2027,4.40,full,role_depth_v2,1,1,1500,1500,49152000,49152000,80.631,80.565,10.407,9.595,0,0,0.000000,-0.812,22.464,20.727,-1.737,4.076160,4.073491,-0.002669,,abdelfattah-compute-03,,0
100000000,fineweb_edu,2027,4.40,full,role_depth_v3,1,1,1500,1550,49152000,50790400,80.631,79.772,10.407,11.676,1638400,50,0.033333,1.269,22.464,24.433,1.969,4.076160,4.088396,0.012235,,damle-compute-01,,0
100000000,fineweb_edu,2027,4.40,full,role_depth_v4,1,1,1500,1500,49152000,49152000,80.631,80.389,10.407,9.593,0,0,0.000000,-0.814,22.464,20.723,-1.741,4.076160,4.079555,0.003394,,elor-compute-01,,0
100000000,fineweb_edu,2027,4.40,full,role_depth_v5,1,1,1500,1500,49152000,49152000,80.631,80.198,10.407,11.464,0,0,0.000000,1.056,22.464,24.717,2.254,4.076160,4.074412,-0.001748,,damle-compute-01,,0
100000000,fineweb_edu,2027,4.40,full,role_depth_v6,1,1,1500,1500,49152000,49152000,80.631,80.262,10.407,12.450,0,0,0.000000,2.043,22.464,26.592,4.128,4.076160,4.077101,0.000940,,nikola-compute-18,,0
100000000,fineweb_edu,2027,4.40,no_role_depth,full,1,1,1500,1500,49152000,49152000,81.393,80.631,10.505,10.407,0,0,0.000000,-0.098,22.669,22.464,-0.205,4.087354,4.076160,-0.011194,seo-compute-02,,0,
100000000,fineweb_edu,2027,4.40,no_role_depth,role_depth_v2,1,1,1500,1500,49152000,49152000,81.393,80.565,10.505,9.595,0,0,0.000000,-0.909,22.669,20.727,-1.942,4.087354,4.073491,-0.013863,seo-compute-02,abdelfattah-compute-03,0,0
100000000,fineweb_edu,2027,4.40,no_role_depth,role_depth_v3,1,1,1500,1550,49152000,50790400,81.393,79.772,10.505,11.676,1638400,50,0.033333,1.172,22.669,24.433,1.764,4.087354,4.088396,0.001041,seo-compute-02,damle-compute-01,0,0
100000000,fineweb_edu,2027,4.40,no_role_depth,role_depth_v4,1,1,1500,1500,49152000,49152000,81.393,80.389,10.505,9.593,0,0,0.000000,-0.912,22.669,20.723,-1.946,4.087354,4.079555,-0.007800,seo-compute-02,elor-compute-01,0,0
100000000,fineweb_edu,2027,4.40,no_role_depth,role_depth_v5,1,1,1500,1500,49152000,49152000,81.393,80.198,10.505,11.464,0,0,0.000000,0.959,22.669,24.717,2.048,4.087354,4.074412,-0.012942,seo-compute-02,damle-compute-01,0,0
100000000,fineweb_edu,2027,4.40,no_role_depth,role_depth_v6,1,1,1500,1500,49152000,49152000,81.393,80.262,10.505,12.450,0,0,0.000000,1.945,22.669,26.592,3.923,4.087354,4.077101,-0.010253,seo-compute-02,nikola-compute-18,0,0
100000000,fineweb_edu,2027,4.30,full,no_role_depth,1,1,1750,1800,57344000,58982400,73.419,72.870,12.142,12.606,1638400,50,0.028571,0.464,22.464,22.669,0.205,4.076160,4.087354,0.011194,,seo-compute-02,,0
100000000,fineweb_edu,2027,4.30,full,role_depth_v2,1,1,1750,1750,57344000,57344000,73.419,73.370,12.142,11.194,0,0,0.000000,-0.947,22.464,20.727,-1.737,4.076160,4.073491,-0.002669,,abdelfattah-compute-03,,0
100000000,fineweb_edu,2027,4.30,full,role_depth_v3,1,1,1750,1800,57344000,58982400,73.419,72.931,12.142,13.559,1638400,50,0.028571,1.418,22.464,24.433,1.969,4.076160,4.088396,0.012235,,damle-compute-01,,0
100000000,fineweb_edu,2027,4.30,full,role_depth_v4,1,1,1750,1750,57344000,57344000,73.419,73.438,12.142,11.192,0,0,0.000000,-0.950,22.464,20.723,-1.741,4.076160,4.079555,0.003394,,elor-compute-01,,0
100000000,fineweb_edu,2027,4.30,full,role_depth_v5,1,1,1750,1750,57344000,57344000,73.419,73.247,12.142,13.374,0,0,0.000000,1.232,22.464,24.717,2.254,4.076160,4.074412,-0.001748,,damle-compute-01,,0
100000000,fineweb_edu,2027,4.30,full,role_depth_v6,1,1,1750,1750,57344000,57344000,73.419,73.034,12.142,14.525,0,0,0.000000,2.383,22.464,26.592,4.128,4.076160,4.077101,0.000940,,nikola-compute-18,,0
100000000,fineweb_edu,2027,4.30,no_role_depth,full,1,1,1800,1750,58982400,57344000,72.870,73.419,12.606,12.142,-1638400,-50,-0.027778,-0.464,22.669,22.464,-0.205,4.087354,4.076160,-0.011194,seo-compute-02,,0,
100000000,fineweb_edu,2027,4.30,no_role_depth,role_depth_v2,1,1,1800,1750,58982400,57344000,72.870,73.370,12.606,11.194,-1638400,-50,-0.027778,-1.411,22.669,20.727,-1.942,4.087354,4.073491,-0.013863,seo-compute-02,abdelfattah-compute-03,0,0
100000000,fineweb_edu,2027,4.30,no_role_depth,role_depth_v3,1,1,1800,1800,58982400,58982400,72.870,72.931,12.606,13.559,0,0,0.000000,0.954,22.669,24.433,1.764,4.087354,4.088396,0.001041,seo-compute-02,damle-compute-01,0,0
100000000,fineweb_edu,2027,4.30,no_role_depth,role_depth_v4,1,1,1800,1750,58982400,57344000,72.870,73.438,12.606,11.192,-1638400,-50,-0.027778,-1.414,22.669,20.723,-1.946,4.087354,4.079555,-0.007800,seo-compute-02,elor-compute-01,0,0
100000000,fineweb_edu,2027,4.30,no_role_depth,role_depth_v5,1,1,1800,1750,58982400,57344000,72.870,73.247,12.606,13.374,-1638400,-50,-0.027778,0.769,22.669,24.717,2.048,4.087354,4.074412,-0.012942,seo-compute-02,damle-compute-01,0,0
100000000,fineweb_edu,2027,4.30,no_role_depth,role_depth_v6,1,1,1800,1750,58982400,57344000,72.870,73.034,12.606,14.525,-1638400,-50,-0.027778,1.919,22.669,26.592,3.923,4.087354,4.077101,-0.010253,seo-compute-02,nikola-compute-18,0,0
100000000,fineweb_edu,2027,4.20,full,no_role_depth,1,1,2150,2200,70451200,72089600,66.008,66.008,14.917,15.407,1638400,50,0.023256,0.490,22.464,22.669,0.205,4.076160,4.087354,0.011194,,seo-compute-02,,0
100000000,fineweb_edu,2027,4.20,full,role_depth_v2,1,1,2150,2150,70451200,70451200,66.008,65.980,14.917,13.753,0,0,0.000000,-1.164,22.464,20.727,-1.737,4.076160,4.073491,-0.002669,,abdelfattah-compute-03,,0
100000000,fineweb_edu,2027,4.20,full,role_depth_v3,1,1,2150,2200,70451200,72089600,66.008,66.014,14.917,16.573,1638400,50,0.023256,1.656,22.464,24.433,1.969,4.076160,4.088396,0.012235,,damle-compute-01,,0
100000000,fineweb_edu,2027,4.20,full,role_depth_v4,1,1,2150,2150,70451200,70451200,66.008,66.121,14.917,13.750,0,0,0.000000,-1.167,22.464,20.723,-1.741,4.076160,4.079555,0.003394,,elor-compute-01,,0
100000000,fineweb_edu,2027,4.20,full,role_depth_v5,1,1,2150,2150,70451200,70451200,66.008,65.914,14.917,16.431,0,0,0.000000,1.514,22.464,24.717,2.254,4.076160,4.074412,-0.001748,,damle-compute-01,,0
100000000,fineweb_edu,2027,4.20,full,role_depth_v6,1,1,2150,2150,70451200,70451200,66.008,65.895,14.917,17.845,0,0,0.000000,2.928,22.464,26.592,4.128,4.076160,4.077101,0.000940,,nikola-compute-18,,0
100000000,fineweb_edu,2027,4.20,no_role_depth,full,1,1,2200,2150,72089600,70451200,66.008,66.008,15.407,14.917,-1638400,-50,-0.022727,-0.490,22.669,22.464,-0.205,4.087354,4.076160,-0.011194,seo-compute-02,,0,
100000000,fineweb_edu,2027,4.20,no_role_depth,role_depth_v2,1,1,2200,2150,72089600,70451200,66.008,65.980,15.407,13.753,-1638400,-50,-0.022727,-1.654,22.669,20.727,-1.942,4.087354,4.073491,-0.013863,seo-compute-02,abdelfattah-compute-03,0,0
100000000,fineweb_edu,2027,4.20,no_role_depth,role_depth_v3,1,1,2200,2200,72089600,72089600,66.008,66.014,15.407,16.573,0,0,0.000000,1.166,22.669,24.433,1.764,4.087354,4.088396,0.001041,seo-compute-02,damle-compute-01,0,0
100000000,fineweb_edu,2027,4.20,no_role_depth,role_depth_v4,1,1,2200,2150,72089600,70451200,66.008,66.121,15.407,13.750,-1638400,-50,-0.022727,-1.657,22.669,20.723,-1.946,4.087354,4.079555,-0.007800,seo-compute-02,elor-compute-01,0,0
100000000,fineweb_edu,2027,4.20,no_role_depth,role_depth_v5,1,1,2200,2150,72089600,70451200,66.008,65.914,15.407,16.431,-1638400,-50,-0.022727,1.024,22.669,24.717,2.048,4.087354,4.074412,-0.012942,seo-compute-02,damle-compute-01,0,0
100000000,fineweb_edu,2027,4.20,no_role_depth,role_depth_v6,1,1,2200,2150,72089600,70451200,66.008,65.895,15.407,17.845,-1638400,-50,-0.022727,2.438,22.669,26.592,3.923,4.087354,4.077101,-0.010253,seo-compute-02,nikola-compute-18,0,0
100000000,fineweb_edu,2027,4.10,full,no_role_depth,1,1,2750,2850,90112000,93388800,60.153,60.324,19.080,19.959,3276800,100,0.036364,0.879,22.464,22.669,0.205,4.076160,4.087354,0.011194,,seo-compute-02,,0
100000000,fineweb_edu,2027,4.10,full,role_depth_v2,1,1,2750,2750,90112000,90112000,60.153,60.015,19.080,17.591,0,0,0.000000,-1.489,22.464,20.727,-1.737,4.076160,4.073491,-0.002669,,abdelfattah-compute-03,,0
100000000,fineweb_edu,2027,4.10,full,role_depth_v3,1,1,2750,2900,90112000,95027200,60.153,60.079,19.080,21.846,4915200,150,0.054545,2.766,22.464,24.433,1.969,4.076160,4.088396,0.012235,,damle-compute-01,,0
100000000,fineweb_edu,2027,4.10,full,role_depth_v4,1,1,2750,2750,90112000,90112000,60.153,60.319,19.080,17.587,0,0,0.000000,-1.493,22.464,20.723,-1.741,4.076160,4.079555,0.003394,,elor-compute-01,,0
100000000,fineweb_edu,2027,4.10,full,role_depth_v5,1,1,2750,2750,90112000,90112000,60.153,60.015,19.080,21.017,0,0,0.000000,1.937,22.464,24.717,2.254,4.076160,4.074412,-0.001748,,damle-compute-01,,0
100000000,fineweb_edu,2027,4.10,full,role_depth_v6,1,1,2750,2750,90112000,90112000,60.153,60.190,19.080,22.825,0,0,0.000000,3.745,22.464,26.592,4.128,4.076160,4.077101,0.000940,,nikola-compute-18,,0
100000000,fineweb_edu,2027,4.10,no_role_depth,full,1,1,2850,2750,93388800,90112000,60.324,60.153,19.959,19.080,-3276800,-100,-0.035088,-0.879,22.669,22.464,-0.205,4.087354,4.076160,-0.011194,seo-compute-02,,0,
100000000,fineweb_edu,2027,4.10,no_role_depth,role_depth_v2,1,1,2850,2750,93388800,90112000,60.324,60.015,19.959,17.591,-3276800,-100,-0.035088,-2.368,22.669,20.727,-1.942,4.087354,4.073491,-0.013863,seo-compute-02,abdelfattah-compute-03,0,0
100000000,fineweb_edu,2027,4.10,no_role_depth,role_depth_v3,1,1,2850,2900,93388800,95027200,60.324,60.079,19.959,21.846,1638400,50,0.017544,1.887,22.669,24.433,1.764,4.087354,4.088396,0.001041,seo-compute-02,damle-compute-01,0,0
100000000,fineweb_edu,2027,4.10,no_role_depth,role_depth_v4,1,1,2850,2750,93388800,90112000,60.324,60.319,19.959,17.587,-3276800,-100,-0.035088,-2.372,22.669,20.723,-1.946,4.087354,4.079555,-0.007800,seo-compute-02,elor-compute-01,0,0
100000000,fineweb_edu,2027,4.10,no_role_depth,role_depth_v5,1,1,2850,2750,93388800,90112000,60.324,60.015,19.959,21.017,-3276800,-100,-0.035088,1.058,22.669,24.717,2.048,4.087354,4.074412,-0.012942,seo-compute-02,damle-compute-01,0,0
100000000,fineweb_edu,2027,4.10,no_role_depth,role_depth_v6,1,1,2850,2750,93388800,90112000,60.324,60.190,19.959,22.825,-3276800,-100,-0.035088,2.866,22.669,26.592,3.923,4.087354,4.077101,-0.010253,seo-compute-02,nikola-compute-18,0,0
100000000,fineweb_edu,3407,4.80,full,no_role_depth,1,1,900,950,29491200,31129600,119.212,117.328,7.761,6.891,1638400,50,0.055556,-0.869,27.774,23.456,-4.319,4.096164,4.104192,0.008028,,ellis-compute-02,,0
100000000,fineweb_edu,3407,4.80,full,role_depth_v2,1,1,900,900,29491200,29491200,119.212,119.399,7.761,6.150,0,0,0.000000,-1.610,27.774,22.090,-5.685,4.096164,4.094703,-0.001462,,seo-compute-01,,0
100000000,fineweb_edu,3407,4.80,full,role_depth_v3,1,1,900,950,29491200,31129600,119.212,116.892,7.761,7.482,1638400,50,0.055556,-0.279,27.774,25.216,-2.559,4.096164,4.106342,0.010178,,nikola-compute-18,,1
100000000,fineweb_edu,3407,4.80,full,role_depth_v4,1,1,900,900,29491200,29491200,119.212,120.291,7.761,5.978,0,0,0.000000,-1.782,27.774,21.469,-6.306,4.096164,4.097275,0.001111,,zabih-compute-01,,0
100000000,fineweb_edu,3407,4.80,full,role_depth_v5,1,1,900,900,29491200,29491200,119.212,119.935,7.761,7.426,0,0,0.000000,-0.335,27.774,26.409,-1.366,4.096164,4.092680,-0.003484,,nikola-compute-18,,0
100000000,fineweb_edu,3407,4.80,full,role_depth_v6,1,1,900,900,29491200,29491200,119.212,120.409,7.761,6.693,0,0,0.000000,-1.068,27.774,23.912,-3.863,4.096164,4.097505,0.001340,,rush-compute-02,,0
100000000,fineweb_edu,3407,4.80,no_role_depth,full,1,1,950,900,31129600,29491200,117.328,119.212,6.891,7.761,-1638400,-50,-0.052632,0.869,23.456,27.774,4.319,4.104192,4.096164,-0.008028,ellis-compute-02,,0,
100000000,fineweb_edu,3407,4.80,no_role_depth,role_depth_v2,1,1,950,900,31129600,29491200,117.328,119.399,6.891,6.150,-1638400,-50,-0.052632,-0.741,23.456,22.090,-1.366,4.104192,4.094703,-0.009489,ellis-compute-02,seo-compute-01,0,0
100000000,fineweb_edu,3407,4.80,no_role_depth,role_depth_v3,1,1,950,950,31129600,31129600,117.328,116.892,6.891,7.482,0,0,0.000000,0.590,23.456,25.216,1.760,4.104192,4.106342,0.002151,ellis-compute-02,nikola-compute-18,0,1
100000000,fineweb_edu,3407,4.80,no_role_depth,role_depth_v4,1,1,950,900,31129600,29491200,117.328,120.291,6.891,5.978,-1638400,-50,-0.052632,-0.913,23.456,21.469,-1.987,4.104192,4.097275,-0.006917,ellis-compute-02,zabih-compute-01,0,0
100000000,fineweb_edu,3407,4.80,no_role_depth,role_depth_v5,1,1,950,900,31129600,29491200,117.328,119.935,6.891,7.426,-1638400,-50,-0.052632,0.534,23.456,26.409,2.953,4.104192,4.092680,-0.011511,ellis-compute-02,nikola-compute-18,0,0
100000000,fineweb_edu,3407,4.80,no_role_depth,role_depth_v6,1,1,950,900,31129600,29491200,117.328,120.409,6.891,6.693,-1638400,-50,-0.052632,-0.199,23.456,23.912,0.456,4.104192,4.097505,-0.006687,ellis-compute-02,rush-compute-02,0,0
100000000,fineweb_edu,3407,4.60,full,no_role_depth,1,1,1150,1200,37683200,39321600,98.272,96.361,9.917,8.705,1638400,50,0.043478,-1.212,27.774,23.456,-4.319,4.096164,4.104192,0.008028,,ellis-compute-02,,0
100000000,fineweb_edu,3407,4.60,full,role_depth_v2,1,1,1150,1150,37683200,37683200,98.272,98.399,9.917,7.859,0,0,0.000000,-2.058,27.774,22.090,-5.685,4.096164,4.094703,-0.001462,,seo-compute-01,,0
100000000,fineweb_edu,3407,4.60,full,role_depth_v3,1,1,1150,1200,37683200,39321600,98.272,96.079,9.917,9.450,1638400,50,0.043478,-0.466,27.774,25.216,-2.559,4.096164,4.106342,0.010178,,nikola-compute-18,,1
100000000,fineweb_edu,3407,4.60,full,role_depth_v4,1,1,1150,1150,37683200,37683200,98.272,98.162,9.917,7.639,0,0,0.000000,-2.277,27.774,21.469,-6.306,4.096164,4.097275,0.001111,,zabih-compute-01,,0
100000000,fineweb_edu,3407,4.60,full,role_depth_v5,1,1,1150,1150,37683200,37683200,98.272,97.751,9.917,9.488,0,0,0.000000,-0.428,27.774,26.409,-1.366,4.096164,4.092680,-0.003484,,nikola-compute-18,,0
100000000,fineweb_edu,3407,4.60,full,role_depth_v6,1,1,1150,1150,37683200,37683200,98.272,98.099,9.917,8.552,0,0,0.000000,-1.365,27.774,23.912,-3.863,4.096164,4.097505,0.001340,,rush-compute-02,,0
100000000,fineweb_edu,3407,4.60,no_role_depth,full,1,1,1200,1150,39321600,37683200,96.361,98.272,8.705,9.917,-1638400,-50,-0.041667,1.212,23.456,27.774,4.319,4.104192,4.096164,-0.008028,ellis-compute-02,,0,
100000000,fineweb_edu,3407,4.60,no_role_depth,role_depth_v2,1,1,1200,1150,39321600,37683200,96.361,98.399,8.705,7.859,-1638400,-50,-0.041667,-0.846,23.456,22.090,-1.366,4.104192,4.094703,-0.009489,ellis-compute-02,seo-compute-01,0,0
100000000,fineweb_edu,3407,4.60,no_role_depth,role_depth_v3,1,1,1200,1200,39321600,39321600,96.361,96.079,8.705,9.450,0,0,0.000000,0.745,23.456,25.216,1.760,4.104192,4.106342,0.002151,ellis-compute-02,nikola-compute-18,0,1
100000000,fineweb_edu,3407,4.60,no_role_depth,role_depth_v4,1,1,1200,1150,39321600,37683200,96.361,98.162,8.705,7.639,-1638400,-50,-0.041667,-1.066,23.456,21.469,-1.987,4.104192,4.097275,-0.006917,ellis-compute-02,zabih-compute-01,0,0
100000000,fineweb_edu,3407,4.60,no_role_depth,role_depth_v5,1,1,1200,1150,39321600,37683200,96.361,97.751,8.705,9.488,-1638400,-50,-0.041667,0.783,23.456,26.409,2.953,4.104192,4.092680,-0.011511,ellis-compute-02,nikola-compute-18,0,0
100000000,fineweb_edu,3407,4.60,no_role_depth,role_depth_v6,1,1,1200,1150,39321600,37683200,96.361,98.099,8.705,8.552,-1638400,-50,-0.041667,-0.153,23.456,23.912,0.456,4.104192,4.097505,-0.006687,ellis-compute-02,rush-compute-02,0,0
100000000,fineweb_edu,3407,4.40,full,no_role_depth,1,1,1500,1550,49152000,50790400,81.337,80.580,12.935,11.244,1638400,50,0.033333,-1.691,27.774,23.456,-4.319,4.096164,4.104192,0.008028,,ellis-compute-02,,0
100000000,fineweb_edu,3407,4.40,full,role_depth_v2,1,1,1500,1500,49152000,49152000,81.337,81.382,12.935,10.251,0,0,0.000000,-2.684,27.774,22.090,-5.685,4.096164,4.094703,-0.001462,,seo-compute-01,,0
100000000,fineweb_edu,3407,4.40,full,role_depth_v3,1,1,1500,1550,49152000,50790400,81.337,80.663,12.935,12.207,1638400,50,0.033333,-0.728,27.774,25.216,-2.559,4.096164,4.106342,0.010178,,nikola-compute-18,,1
100000000,fineweb_edu,3407,4.40,full,role_depth_v4,1,1,1500,1500,49152000,49152000,81.337,81.345,12.935,9.964,0,0,0.000000,-2.971,27.774,21.469,-6.306,4.096164,4.097275,0.001111,,zabih-compute-01,,0
100000000,fineweb_edu,3407,4.40,full,role_depth_v5,1,1,1500,1500,49152000,49152000,81.337,81.016,12.935,12.376,0,0,0.000000,-0.559,27.774,26.409,-1.366,4.096164,4.092680,-0.003484,,nikola-compute-18,,0
100000000,fineweb_edu,3407,4.40,full,role_depth_v6,1,1,1500,1500,49152000,49152000,81.337,81.293,12.935,11.155,0,0,0.000000,-1.780,27.774,23.912,-3.863,4.096164,4.097505,0.001340,,rush-compute-02,,0
100000000,fineweb_edu,3407,4.40,no_role_depth,full,1,1,1550,1500,50790400,49152000,80.580,81.337,11.244,12.935,-1638400,-50,-0.032258,1.691,23.456,27.774,4.319,4.104192,4.096164,-0.008028,ellis-compute-02,,0,
100000000,fineweb_edu,3407,4.40,no_role_depth,role_depth_v2,1,1,1550,1500,50790400,49152000,80.580,81.382,11.244,10.251,-1638400,-50,-0.032258,-0.993,23.456,22.090,-1.366,4.104192,4.094703,-0.009489,ellis-compute-02,seo-compute-01,0,0
100000000,fineweb_edu,3407,4.40,no_role_depth,role_depth_v3,1,1,1550,1550,50790400,50790400,80.580,80.663,11.244,12.207,0,0,0.000000,0.963,23.456,25.216,1.760,4.104192,4.106342,0.002151,ellis-compute-02,nikola-compute-18,0,1
100000000,fineweb_edu,3407,4.40,no_role_depth,role_depth_v4,1,1,1550,1500,50790400,49152000,80.580,81.345,11.244,9.964,-1638400,-50,-0.032258,-1.280,23.456,21.469,-1.987,4.104192,4.097275,-0.006917,ellis-compute-02,zabih-compute-01,0,0
100000000,fineweb_edu,3407,4.40,no_role_depth,role_depth_v5,1,1,1550,1500,50790400,49152000,80.580,81.016,11.244,12.376,-1638400,-50,-0.032258,1.132,23.456,26.409,2.953,4.104192,4.092680,-0.011511,ellis-compute-02,nikola-compute-18,0,0
100000000,fineweb_edu,3407,4.40,no_role_depth,role_depth_v6,1,1,1550,1500,50790400,49152000,80.580,81.293,11.244,11.155,-1638400,-50,-0.032258,-0.089,23.456,23.912,0.456,4.104192,4.097505,-0.006687,ellis-compute-02,rush-compute-02,0,0
100000000,fineweb_edu,3407,4.30,full,no_role_depth,1,1,1850,1850,60620800,60620800,72.514,73.123,15.953,13.420,0,0,0.000000,-2.533,27.774,23.456,-4.319,4.096164,4.104192,0.008028,,ellis-compute-02,,0
100000000,fineweb_edu,3407,4.30,full,role_depth_v2,1,1,1850,1850,60620800,60620800,72.514,72.655,15.953,12.643,0,0,0.000000,-3.310,27.774,22.090,-5.685,4.096164,4.094703,-0.001462,,seo-compute-01,,0
100000000,fineweb_edu,3407,4.30,full,role_depth_v3,1,1,1850,1850,60620800,60620800,72.514,73.092,15.953,14.569,0,0,0.000000,-1.383,27.774,25.216,-2.559,4.096164,4.106342,0.010178,,nikola-compute-18,,1
100000000,fineweb_edu,3407,4.30,full,role_depth_v4,1,1,1850,1850,60620800,60620800,72.514,72.491,15.953,12.289,0,0,0.000000,-3.664,27.774,21.469,-6.306,4.096164,4.097275,0.001111,,zabih-compute-01,,0
100000000,fineweb_edu,3407,4.30,full,role_depth_v5,1,1,1850,1800,60620800,58982400,72.514,73.482,15.953,14.851,-1638400,-50,-0.027027,-1.102,27.774,26.409,-1.366,4.096164,4.092680,-0.003484,,nikola-compute-18,,0
100000000,fineweb_edu,3407,4.30,full,role_depth_v6,1,1,1850,1800,60620800,58982400,72.514,73.620,15.953,13.386,-1638400,-50,-0.027027,-2.567,27.774,23.912,-3.863,4.096164,4.097505,0.001340,,rush-compute-02,,0
100000000,fineweb_edu,3407,4.30,no_role_depth,full,1,1,1850,1850,60620800,60620800,73.123,72.514,13.420,15.953,0,0,0.000000,2.533,23.456,27.774,4.319,4.104192,4.096164,-0.008028,ellis-compute-02,,0,
100000000,fineweb_edu,3407,4.30,no_role_depth,role_depth_v2,1,1,1850,1850,60620800,60620800,73.123,72.655,13.420,12.643,0,0,0.000000,-0.778,23.456,22.090,-1.366,4.104192,4.094703,-0.009489,ellis-compute-02,seo-compute-01,0,0
100000000,fineweb_edu,3407,4.30,no_role_depth,role_depth_v3,1,1,1850,1850,60620800,60620800,73.123,73.092,13.420,14.569,0,0,0.000000,1.149,23.456,25.216,1.760,4.104192,4.106342,0.002151,ellis-compute-02,nikola-compute-18,0,1
100000000,fineweb_edu,3407,4.30,no_role_depth,role_depth_v4,1,1,1850,1850,60620800,60620800,73.123,72.491,13.420,12.289,0,0,0.000000,-1.131,23.456,21.469,-1.987,4.104192,4.097275,-0.006917,ellis-compute-02,zabih-compute-01,0,0
100000000,fineweb_edu,3407,4.30,no_role_depth,role_depth_v5,1,1,1850,1800,60620800,58982400,73.123,73.482,13.420,14.851,-1638400,-50,-0.027027,1.431,23.456,26.409,2.953,4.104192,4.092680,-0.011511,ellis-compute-02,nikola-compute-18,0,0
100000000,fineweb_edu,3407,4.30,no_role_depth,role_depth_v6,1,1,1850,1800,60620800,58982400,73.123,73.620,13.420,13.386,-1638400,-50,-0.027027,-0.034,23.456,23.912,0.456,4.104192,4.097505,-0.006687,ellis-compute-02,rush-compute-02,0,0
100000000,fineweb_edu,3407,4.20,full,no_role_depth,1,1,2200,2250,72089600,73728000,66.587,66.332,18.971,16.322,1638400,50,0.022727,-2.649,27.774,23.456,-4.319,4.096164,4.104192,0.008028,,ellis-compute-02,,0
100000000,fineweb_edu,3407,4.20,full,role_depth_v2,1,1,2200,2200,72089600,72089600,66.587,66.525,18.971,15.034,0,0,0.000000,-3.937,27.774,22.090,-5.685,4.096164,4.094703,-0.001462,,seo-compute-01,,0
100000000,fineweb_edu,3407,4.20,full,role_depth_v3,1,1,2200,2250,72089600,73728000,66.587,66.391,18.971,17.720,1638400,50,0.022727,-1.251,27.774,25.216,-2.559,4.096164,4.106342,0.010178,,nikola-compute-18,,1
100000000,fineweb_edu,3407,4.20,full,role_depth_v4,1,1,2200,2200,72089600,72089600,66.587,66.625,18.971,14.614,0,0,0.000000,-4.357,27.774,21.469,-6.306,4.096164,4.097275,0.001111,,zabih-compute-01,,0
100000000,fineweb_edu,3407,4.20,full,role_depth_v5,1,1,2200,2200,72089600,72089600,66.587,66.286,18.971,18.151,0,0,0.000000,-0.820,27.774,26.409,-1.366,4.096164,4.092680,-0.003484,,nikola-compute-18,,0
100000000,fineweb_edu,3407,4.20,full,role_depth_v6,1,1,2200,2250,72089600,73728000,66.587,65.908,18.971,16.732,1638400,50,0.022727,-2.239,27.774,23.912,-3.863,4.096164,4.097505,0.001340,,rush-compute-02,,0
100000000,fineweb_edu,3407,4.20,no_role_depth,full,1,1,2250,2200,73728000,72089600,66.332,66.587,16.322,18.971,-1638400,-50,-0.022222,2.649,23.456,27.774,4.319,4.104192,4.096164,-0.008028,ellis-compute-02,,0,
100000000,fineweb_edu,3407,4.20,no_role_depth,role_depth_v2,1,1,2250,2200,73728000,72089600,66.332,66.525,16.322,15.034,-1638400,-50,-0.022222,-1.287,23.456,22.090,-1.366,4.104192,4.094703,-0.009489,ellis-compute-02,seo-compute-01,0,0
100000000,fineweb_edu,3407,4.20,no_role_depth,role_depth_v3,1,1,2250,2250,73728000,73728000,66.332,66.391,16.322,17.720,0,0,0.000000,1.398,23.456,25.216,1.760,4.104192,4.106342,0.002151,ellis-compute-02,nikola-compute-18,0,1
100000000,fineweb_edu,3407,4.20,no_role_depth,role_depth_v4,1,1,2250,2200,73728000,72089600,66.332,66.625,16.322,14.614,-1638400,-50,-0.022222,-1.708,23.456,21.469,-1.987,4.104192,4.097275,-0.006917,ellis-compute-02,zabih-compute-01,0,0
100000000,fineweb_edu,3407,4.20,no_role_depth,role_depth_v5,1,1,2250,2200,73728000,72089600,66.332,66.286,16.322,18.151,-1638400,-50,-0.022222,1.830,23.456,26.409,2.953,4.104192,4.092680,-0.011511,ellis-compute-02,nikola-compute-18,0,0
100000000,fineweb_edu,3407,4.20,no_role_depth,role_depth_v6,1,1,2250,2250,73728000,73728000,66.332,65.908,16.322,16.732,0,0,0.000000,0.410,23.456,23.912,0.456,4.104192,4.097505,-0.006687,ellis-compute-02,rush-compute-02,0,0
100000000,fineweb_edu,3407,4.10,full,no_role_depth,1,0,3000,,98304000,,60.270,,25.869,,,,,,27.774,23.456,-4.319,4.096164,4.104192,0.008028,,ellis-compute-02,,0
100000000,fineweb_edu,3407,4.10,full,role_depth_v2,1,1,3000,3000,98304000,98304000,60.270,60.238,25.869,20.501,0,0,0.000000,-5.368,27.774,22.090,-5.685,4.096164,4.094703,-0.001462,,seo-compute-01,,0
100000000,fineweb_edu,3407,4.10,full,role_depth_v3,1,0,3000,,98304000,,60.270,,25.869,,,,,,27.774,25.216,-2.559,4.096164,4.106342,0.010178,,nikola-compute-18,,1
100000000,fineweb_edu,3407,4.10,full,role_depth_v4,1,1,3000,3000,98304000,98304000,60.270,60.318,25.869,19.928,0,0,0.000000,-5.941,27.774,21.469,-6.306,4.096164,4.097275,0.001111,,zabih-compute-01,,0
100000000,fineweb_edu,3407,4.10,full,role_depth_v5,1,1,3000,2950,98304000,96665600,60.270,60.272,25.869,24.339,-1638400,-50,-0.016667,-1.530,27.774,26.409,-1.366,4.096164,4.092680,-0.003484,,nikola-compute-18,,0
100000000,fineweb_edu,3407,4.10,full,role_depth_v6,1,1,3000,3050,98304000,99942400,60.270,60.190,25.869,22.681,1638400,50,0.016667,-3.188,27.774,23.912,-3.863,4.096164,4.097505,0.001340,,rush-compute-02,,0
100000000,fineweb_edu,3407,4.10,no_role_depth,full,0,1,,3000,,98304000,,60.270,,25.869,,,,,23.456,27.774,4.319,4.104192,4.096164,-0.008028,ellis-compute-02,,0,
100000000,fineweb_edu,3407,4.10,no_role_depth,role_depth_v2,0,1,,3000,,98304000,,60.238,,20.501,,,,,23.456,22.090,-1.366,4.104192,4.094703,-0.009489,ellis-compute-02,seo-compute-01,0,0
100000000,fineweb_edu,3407,4.10,no_role_depth,role_depth_v3,0,0,,,,,,,,,,,,,23.456,25.216,1.760,4.104192,4.106342,0.002151,ellis-compute-02,nikola-compute-18,0,1
100000000,fineweb_edu,3407,4.10,no_role_depth,role_depth_v4,0,1,,3000,,98304000,,60.318,,19.928,,,,,23.456,21.469,-1.987,4.104192,4.097275,-0.006917,ellis-compute-02,zabih-compute-01,0,0
100000000,fineweb_edu,3407,4.10,no_role_depth,role_depth_v5,0,1,,2950,,96665600,,60.272,,24.339,,,,,23.456,26.409,2.953,4.104192,4.092680,-0.011511,ellis-compute-02,nikola-compute-18,0,0
100000000,fineweb_edu,3407,4.10,no_role_depth,role_depth_v6,0,1,,3050,,99942400,,60.190,,22.681,,,,,23.456,23.912,0.456,4.104192,4.097505,-0.006687,ellis-compute-02,rush-compute-02,0,0
100000000,fineweb,1337,5.00,full,no_role_depth,1,1,900,950,29491200,31129600,145.605,142.489,6.244,6.295,1638400,50,0.055556,0.051,22.435,21.440,-0.995,4.301804,4.315967,0.014163,,seo-compute-01,,0
100000000,fineweb,1337,5.00,full,role_depth_v2,1,1,900,900,29491200,29491200,145.605,145.777,6.244,6.906,0,0,0.000000,0.662,22.435,24.864,2.429,4.301804,4.302154,0.000350,,damle-compute-01,,0
100000000,fineweb,1337,5.00,full,role_depth_v3,1,1,900,950,29491200,31129600,145.605,141.968,6.244,7.445,1638400,50,0.055556,1.200,22.435,25.182,2.747,4.301804,4.314709,0.012906,,nikola-compute-18,,1
100000000,fineweb,1337,5.00,full,role_depth_v4,1,1,900,900,29491200,29491200,145.605,147.257,6.244,7.393,0,0,0.000000,1.149,22.435,26.301,3.866,4.301804,4.304448,0.002644,,nikola-compute-18,,0
100000000,fineweb,1337,5.00,full,role_depth_v5,1,1,900,900,29491200,29491200,145.605,147.687,6.244,6.578,0,0,0.000000,0.334,22.435,23.515,1.079,4.301804,4.300559,-0.001245,,rush-compute-02,,0
100000000,fineweb,1337,5.00,full,role_depth_v6,1,1,900,900,29491200,29491200,145.605,146.915,6.244,6.382,0,0,0.000000,0.138,22.435,22.823,0.388,4.301804,4.304709,0.002906,,elor-compute-01,,0
100000000,fineweb,1337,5.00,no_role_depth,full,1,1,950,900,31129600,29491200,142.489,145.605,6.295,6.244,-1638400,-50,-0.052632,-0.051,21.440,22.435,0.995,4.315967,4.301804,-0.014163,seo-compute-01,,0,
100000000,fineweb,1337,5.00,no_role_depth,role_depth_v2,1,1,950,900,31129600,29491200,142.489,145.777,6.295,6.906,-1638400,-50,-0.052632,0.611,21.440,24.864,3.424,4.315967,4.302154,-0.013813,seo-compute-01,damle-compute-01,0,0
100000000,fineweb,1337,5.00,no_role_depth,role_depth_v3,1,1,950,950,31129600,31129600,142.489,141.968,6.295,7.445,0,0,0.000000,1.150,21.440,25.182,3.741,4.315967,4.314709,-0.001257,seo-compute-01,nikola-compute-18,0,1
100000000,fineweb,1337,5.00,no_role_depth,role_depth_v4,1,1,950,900,31129600,29491200,142.489,147.257,6.295,7.393,-1638400,-50,-0.052632,1.098,21.440,26.301,4.861,4.315967,4.304448,-0.011519,seo-compute-01,nikola-compute-18,0,0
100000000,fineweb,1337,5.00,no_role_depth,role_depth_v5,1,1,950,900,31129600,29491200,142.489,147.687,6.295,6.578,-1638400,-50,-0.052632,0.283,21.440,23.515,2.074,4.315967,4.300559,-0.015408,seo-compute-01,rush-compute-02,0,0
100000000,fineweb,1337,5.00,no_role_depth,role_depth_v6,1,1,950,900,31129600,29491200,142.489,146.915,6.295,6.382,-1638400,-50,-0.052632,0.087,21.440,22.823,1.383,4.315967,4.304709,-0.011257,seo-compute-01,elor-compute-01,0,0
100000000,fineweb,1337,4.80,full,no_role_depth,1,1,1150,1200,37683200,39321600,121.160,118.617,7.979,7.952,1638400,50,0.043478,-0.027,22.435,21.440,-0.995,4.301804,4.315967,0.014163,,seo-compute-01,,0
100000000,fineweb,1337,4.80,full,role_depth_v2,1,1,1150,1200,37683200,39321600,121.160,117.848,7.979,9.208,1638400,50,0.043478,1.229,22.435,24.864,2.429,4.301804,4.302154,0.000350,,damle-compute-01,,0
100000000,fineweb,1337,4.80,full,role_depth_v3,1,1,1150,1200,37683200,39321600,121.160,118.844,7.979,9.404,1638400,50,0.043478,1.425,22.435,25.182,2.747,4.301804,4.314709,0.012906,,nikola-compute-18,,1
100000000,fineweb,1337,4.80,full,role_depth_v4,1,1,1150,1150,37683200,37683200,121.160,121.104,7.979,9.447,0,0,0.000000,1.468,22.435,26.301,3.866,4.301804,4.304448,0.002644,,nikola-compute-18,,0
100000000,fineweb,1337,4.80,full,role_depth_v5,1,1,1150,1150,37683200,37683200,121.160,121.260,7.979,8.406,0,0,0.000000,0.427,22.435,23.515,1.079,4.301804,4.300559,-0.001245,,rush-compute-02,,0
100000000,fineweb,1337,4.80,full,role_depth_v6,1,1,1150,1150,37683200,37683200,121.160,120.667,7.979,8.155,0,0,0.000000,0.176,22.435,22.823,0.388,4.301804,4.304709,0.002906,,elor-compute-01,,0
100000000,fineweb,1337,4.80,no_role_depth,full,1,1,1200,1150,39321600,37683200,118.617,121.160,7.952,7.979,-1638400,-50,-0.041667,0.027,21.440,22.435,0.995,4.315967,4.301804,-0.014163,seo-compute-01,,0,
100000000,fineweb,1337,4.80,no_role_depth,role_depth_v2,1,1,1200,1200,39321600,39321600,118.617,117.848,7.952,9.208,0,0,0.000000,1.256,21.440,24.864,3.424,4.315967,4.302154,-0.013813,seo-compute-01,damle-compute-01,0,0
100000000,fineweb,1337,4.80,no_role_depth,role_depth_v3,1,1,1200,1200,39321600,39321600,118.617,118.844,7.952,9.404,0,0,0.000000,1.452,21.440,25.182,3.741,4.315967,4.314709,-0.001257,seo-compute-01,nikola-compute-18,0,1
100000000,fineweb,1337,4.80,no_role_depth,role_depth_v4,1,1,1200,1150,39321600,37683200,118.617,121.104,7.952,9.447,-1638400,-50,-0.041667,1.495,21.440,26.301,4.861,4.315967,4.304448,-0.011519,seo-compute-01,nikola-compute-18,0,0
100000000,fineweb,1337,4.80,no_role_depth,role_depth_v5,1,1,1200,1150,39321600,37683200,118.617,121.260,7.952,8.406,-1638400,-50,-0.041667,0.454,21.440,23.515,2.074,4.315967,4.300559,-0.015408,seo-compute-01,rush-compute-02,0,0
100000000,fineweb,1337,4.80,no_role_depth,role_depth_v6,1,1,1200,1150,39321600,37683200,118.617,120.667,7.952,8.155,-1638400,-50,-0.041667,0.203,21.440,22.823,1.383,4.315967,4.304709,-0.011257,seo-compute-01,elor-compute-01,0,0
100000000,fineweb,1337,4.60,full,no_role_depth,1,1,1550,1600,50790400,52428800,98.652,98.010,10.754,10.602,1638400,50,0.032258,-0.152,22.435,21.440,-0.995,4.301804,4.315967,0.014163,,seo-compute-01,,0
100000000,fineweb,1337,4.60,full,role_depth_v2,1,1,1550,1550,50790400,50790400,98.652,98.880,10.754,11.894,0,0,0.000000,1.140,22.435,24.864,2.429,4.301804,4.302154,0.000350,,damle-compute-01,,0
100000000,fineweb,1337,4.60,full,role_depth_v3,1,1,1550,1600,50790400,52428800,98.652,97.861,10.754,12.539,1638400,50,0.032258,1.785,22.435,25.182,2.747,4.301804,4.314709,0.012906,,nikola-compute-18,,1
100000000,fineweb,1337,4.60,full,role_depth_v4,1,1,1550,1550,50790400,50790400,98.652,98.891,10.754,12.732,0,0,0.000000,1.978,22.435,26.301,3.866,4.301804,4.304448,0.002644,,nikola-compute-18,,0
100000000,fineweb,1337,4.60,full,role_depth_v5,1,1,1550,1550,50790400,50790400,98.652,98.771,10.754,11.330,0,0,0.000000,0.576,22.435,23.515,1.079,4.301804,4.300559,-0.001245,,rush-compute-02,,0
100000000,fineweb,1337,4.60,full,role_depth_v6,1,1,1550,1550,50790400,50790400,98.652,98.675,10.754,10.991,0,0,0.000000,0.237,22.435,22.823,0.388,4.301804,4.304709,0.002906,,elor-compute-01,,0
100000000,fineweb,1337,4.60,no_role_depth,full,1,1,1600,1550,52428800,50790400,98.010,98.652,10.602,10.754,-1638400,-50,-0.031250,0.152,21.440,22.435,0.995,4.315967,4.301804,-0.014163,seo-compute-01,,0,
100000000,fineweb,1337,4.60,no_role_depth,role_depth_v2,1,1,1600,1550,52428800,50790400,98.010,98.880,10.602,11.894,-1638400,-50,-0.031250,1.292,21.440,24.864,3.424,4.315967,4.302154,-0.013813,seo-compute-01,damle-compute-01,0,0
100000000,fineweb,1337,4.60,no_role_depth,role_depth_v3,1,1,1600,1600,52428800,52428800,98.010,97.861,10.602,12.539,0,0,0.000000,1.936,21.440,25.182,3.741,4.315967,4.314709,-0.001257,seo-compute-01,nikola-compute-18,0,1
100000000,fineweb,1337,4.60,no_role_depth,role_depth_v4,1,1,1600,1550,52428800,50790400,98.010,98.891,10.602,12.732,-1638400,-50,-0.031250,2.130,21.440,26.301,4.861,4.315967,4.304448,-0.011519,seo-compute-01,nikola-compute-18,0,0
100000000,fineweb,1337,4.60,no_role_depth,role_depth_v5,1,1,1600,1550,52428800,50790400,98.010,98.771,10.602,11.330,-1638400,-50,-0.031250,0.727,21.440,23.515,2.074,4.315967,4.300559,-0.015408,seo-compute-01,rush-compute-02,0,0
100000000,fineweb,1337,4.60,no_role_depth,role_depth_v6,1,1,1600,1550,52428800,50790400,98.010,98.675,10.602,10.991,-1638400,-50,-0.031250,0.389,21.440,22.823,1.383,4.315967,4.304709,-0.011257,seo-compute-01,elor-compute-01,0,0
100000000,fineweb,1337,4.50,full,no_role_depth,1,1,1850,1900,60620800,62259200,89.170,89.070,12.835,12.590,1638400,50,0.027027,-0.245,22.435,21.440,-0.995,4.301804,4.315967,0.014163,,seo-compute-01,,0
100000000,fineweb,1337,4.50,full,role_depth_v2,1,1,1850,1850,60620800,60620800,89.170,89.297,12.835,14.196,0,0,0.000000,1.360,22.435,24.864,2.429,4.301804,4.302154,0.000350,,damle-compute-01,,0
100000000,fineweb,1337,4.50,full,role_depth_v3,1,1,1850,1900,60620800,62259200,89.170,89.120,12.835,14.890,1638400,50,0.027027,2.054,22.435,25.182,2.747,4.301804,4.314709,0.012906,,nikola-compute-18,,1
100000000,fineweb,1337,4.50,full,role_depth_v4,1,1,1850,1850,60620800,60620800,89.170,89.215,12.835,15.197,0,0,0.000000,2.361,22.435,26.301,3.866,4.301804,4.304448,0.002644,,nikola-compute-18,,0
100000000,fineweb,1337,4.50,full,role_depth_v5,1,1,1850,1850,60620800,60620800,89.170,89.302,12.835,13.522,0,0,0.000000,0.687,22.435,23.515,1.079,4.301804,4.300559,-0.001245,,rush-compute-02,,0
100000000,fineweb,1337,4.50,full,role_depth_v6,1,1,1850,1850,60620800,60620800,89.170,89.052,12.835,13.118,0,0,0.000000,0.283,22.435,22.823,0.388,4.301804,4.304709,0.002906,,elor-compute-01,,0
100000000,fineweb,1337,4.50,no_role_depth,full,1,1,1900,1850,62259200,60620800,89.070,89.170,12.590,12.835,-1638400,-50,-0.026316,0.245,21.440,22.435,0.995,4.315967,4.301804,-0.014163,seo-compute-01,,0,
100000000,fineweb,1337,4.50,no_role_depth,role_depth_v2,1,1,1900,1850,62259200,60620800,89.070,89.297,12.590,14.196,-1638400,-50,-0.026316,1.606,21.440,24.864,3.424,4.315967,4.302154,-0.013813,seo-compute-01,damle-compute-01,0,0
100000000,fineweb,1337,4.50,no_role_depth,role_depth_v3,1,1,1900,1900,62259200,62259200,89.070,89.120,12.590,14.890,0,0,0.000000,2.299,21.440,25.182,3.741,4.315967,4.314709,-0.001257,seo-compute-01,nikola-compute-18,0,1
100000000,fineweb,1337,4.50,no_role_depth,role_depth_v4,1,1,1900,1850,62259200,60620800,89.070,89.215,12.590,15.197,-1638400,-50,-0.026316,2.606,21.440,26.301,4.861,4.315967,4.304448,-0.011519,seo-compute-01,nikola-compute-18,0,0
100000000,fineweb,1337,4.50,no_role_depth,role_depth_v5,1,1,1900,1850,62259200,60620800,89.070,89.302,12.590,13.522,-1638400,-50,-0.026316,0.932,21.440,23.515,2.074,4.315967,4.300559,-0.015408,seo-compute-01,rush-compute-02,0,0
100000000,fineweb,1337,4.50,no_role_depth,role_depth_v6,1,1,1900,1850,62259200,60620800,89.070,89.052,12.590,13.118,-1638400,-50,-0.026316,0.528,21.440,22.823,1.383,4.315967,4.304709,-0.011257,seo-compute-01,elor-compute-01,0,0
100000000,fineweb,1337,4.40,full,no_role_depth,1,1,2250,2300,73728000,75366400,81.072,81.356,15.611,15.241,1638400,50,0.022222,-0.370,22.435,21.440,-0.995,4.301804,4.315967,0.014163,,seo-compute-01,,0
100000000,fineweb,1337,4.40,full,role_depth_v2,1,1,2250,2250,73728000,73728000,81.072,81.097,15.611,17.265,0,0,0.000000,1.655,22.435,24.864,2.429,4.301804,4.302154,0.000350,,damle-compute-01,,0
100000000,fineweb,1337,4.40,full,role_depth_v3,1,1,2250,2300,73728000,75366400,81.072,81.354,15.611,18.024,1638400,50,0.022222,2.413,22.435,25.182,2.747,4.301804,4.314709,0.012906,,nikola-compute-18,,1
100000000,fineweb,1337,4.40,full,role_depth_v4,1,1,2250,2250,73728000,73728000,81.072,81.209,15.611,18.482,0,0,0.000000,2.872,22.435,26.301,3.866,4.301804,4.304448,0.002644,,nikola-compute-18,,0
100000000,fineweb,1337,4.40,full,role_depth_v5,1,1,2250,2250,73728000,73728000,81.072,81.101,15.611,16.446,0,0,0.000000,0.835,22.435,23.515,1.079,4.301804,4.300559,-0.001245,,rush-compute-02,,0
100000000,fineweb,1337,4.40,full,role_depth_v6,1,1,2250,2250,73728000,73728000,81.072,81.156,15.611,15.955,0,0,0.000000,0.344,22.435,22.823,0.388,4.301804,4.304709,0.002906,,elor-compute-01,,0
100000000,fineweb,1337,4.40,no_role_depth,full,1,1,2300,2250,75366400,73728000,81.356,81.072,15.241,15.611,-1638400,-50,-0.021739,0.370,21.440,22.435,0.995,4.315967,4.301804,-0.014163,seo-compute-01,,0,
100000000,fineweb,1337,4.40,no_role_depth,role_depth_v2,1,1,2300,2250,75366400,73728000,81.356,81.097,15.241,17.265,-1638400,-50,-0.021739,2.025,21.440,24.864,3.424,4.315967,4.302154,-0.013813,seo-compute-01,damle-compute-01,0,0
100000000,fineweb,1337,4.40,no_role_depth,role_depth_v3,1,1,2300,2300,75366400,75366400,81.356,81.354,15.241,18.024,0,0,0.000000,2.783,21.440,25.182,3.741,4.315967,4.314709,-0.001257,seo-compute-01,nikola-compute-18,0,1
100000000,fineweb,1337,4.40,no_role_depth,role_depth_v4,1,1,2300,2250,75366400,73728000,81.356,81.209,15.241,18.482,-1638400,-50,-0.021739,3.242,21.440,26.301,4.861,4.315967,4.304448,-0.011519,seo-compute-01,nikola-compute-18,0,0
100000000,fineweb,1337,4.40,no_role_depth,role_depth_v5,1,1,2300,2250,75366400,73728000,81.356,81.101,15.241,16.446,-1638400,-50,-0.021739,1.206,21.440,23.515,2.074,4.315967,4.300559,-0.015408,seo-compute-01,rush-compute-02,0,0
100000000,fineweb,1337,4.40,no_role_depth,role_depth_v6,1,1,2300,2250,75366400,73728000,81.356,81.156,15.241,15.955,-1638400,-50,-0.021739,0.714,21.440,22.823,1.383,4.315967,4.304709,-0.011257,seo-compute-01,elor-compute-01,0,0
100000000,fineweb,1337,4.35,full,no_role_depth,1,1,2550,2650,83558400,86835200,77.234,77.332,17.692,17.560,3276800,100,0.039216,-0.132,22.435,21.440,-0.995,4.301804,4.315967,0.014163,,seo-compute-01,,0
100000000,fineweb,1337,4.35,full,role_depth_v2,1,1,2550,2550,83558400,83558400,77.234,77.246,17.692,19.567,0,0,0.000000,1.875,22.435,24.864,2.429,4.301804,4.302154,0.000350,,damle-compute-01,,0
100000000,fineweb,1337,4.35,full,role_depth_v3,1,1,2550,2650,83558400,86835200,77.234,77.235,17.692,20.767,3276800,100,0.039216,3.075,22.435,25.182,2.747,4.301804,4.314709,0.012906,,nikola-compute-18,,1
100000000,fineweb,1337,4.35,full,role_depth_v4,1,1,2550,2550,83558400,83558400,77.234,77.371,17.692,20.947,0,0,0.000000,3.255,22.435,26.301,3.866,4.301804,4.304448,0.002644,,nikola-compute-18,,0
100000000,fineweb,1337,4.35,full,role_depth_v5,1,1,2550,2550,83558400,83558400,77.234,77.152,17.692,18.639,0,0,0.000000,0.947,22.435,23.515,1.079,4.301804,4.300559,-0.001245,,rush-compute-02,,0
100000000,fineweb,1337,4.35,full,role_depth_v6,1,1,2550,2550,83558400,83558400,77.234,77.388,17.692,18.082,0,0,0.000000,0.390,22.435,22.823,0.388,4.301804,4.304709,0.002906,,elor-compute-01,,0
100000000,fineweb,1337,4.35,no_role_depth,full,1,1,2650,2550,86835200,83558400,77.332,77.234,17.560,17.692,-3276800,-100,-0.037736,0.132,21.440,22.435,0.995,4.315967,4.301804,-0.014163,seo-compute-01,,0,
100000000,fineweb,1337,4.35,no_role_depth,role_depth_v2,1,1,2650,2550,86835200,83558400,77.332,77.246,17.560,19.567,-3276800,-100,-0.037736,2.007,21.440,24.864,3.424,4.315967,4.302154,-0.013813,seo-compute-01,damle-compute-01,0,0
100000000,fineweb,1337,4.35,no_role_depth,role_depth_v3,1,1,2650,2650,86835200,86835200,77.332,77.235,17.560,20.767,0,0,0.000000,3.207,21.440,25.182,3.741,4.315967,4.314709,-0.001257,seo-compute-01,nikola-compute-18,0,1
100000000,fineweb,1337,4.35,no_role_depth,role_depth_v4,1,1,2650,2550,86835200,83558400,77.332,77.371,17.560,20.947,-3276800,-100,-0.037736,3.387,21.440,26.301,4.861,4.315967,4.304448,-0.011519,seo-compute-01,nikola-compute-18,0,0
100000000,fineweb,1337,4.35,no_role_depth,role_depth_v5,1,1,2650,2550,86835200,83558400,77.332,77.152,17.560,18.639,-3276800,-100,-0.037736,1.079,21.440,23.515,2.074,4.315967,4.300559,-0.015408,seo-compute-01,rush-compute-02,0,0
100000000,fineweb,1337,4.35,no_role_depth,role_depth_v6,1,1,2650,2550,86835200,83558400,77.332,77.388,17.560,18.082,-3276800,-100,-0.037736,0.522,21.440,22.823,1.383,4.315967,4.304709,-0.011257,seo-compute-01,elor-compute-01,0,0
100000000,fineweb,2027,5.00,full,no_role_depth,1,1,950,1000,31129600,32768000,145.112,143.514,8.216,7.293,1638400,50,0.052632,-0.923,27.847,23.559,-4.287,4.324519,4.343298,0.018779,,damle-compute-01,,0
100000000,fineweb,2027,5.00,full,role_depth_v2,1,1,950,950,31129600,31129600,145.112,145.766,8.216,6.351,0,0,0.000000,-1.865,27.847,21.601,-6.246,4.324519,4.323945,-0.000574,,zabih-compute-01,,0
100000000,fineweb,2027,5.00,full,role_depth_v3,1,1,950,950,31129600,31129600,145.112,148.105,8.216,7.603,0,0,0.000000,-0.613,27.847,25.692,-2.155,4.324519,4.337168,0.012649,,nikola-compute-18,,0
100000000,fineweb,2027,5.00,full,role_depth_v4,1,1,950,950,31129600,31129600,145.112,146.167,8.216,7.338,0,0,0.000000,-0.878,27.847,24.979,-2.868,4.324519,4.326229,0.001710,,damle-compute-01,,0
100000000,fineweb,2027,5.00,full,role_depth_v5,1,1,950,950,31129600,31129600,145.112,146.377,8.216,7.655,0,0,0.000000,-0.561,27.847,25.837,-2.010,4.324519,4.324603,0.000084,,nikola-compute-18,,0
100000000,fineweb,2027,5.00,full,role_depth_v6,1,1,950,950,31129600,31129600,145.112,146.330,8.216,7.321,0,0,0.000000,-0.895,27.847,24.840,-3.006,4.324519,4.326975,0.002456,,damle-compute-01,,0
100000000,fineweb,2027,5.00,no_role_depth,full,1,1,1000,950,32768000,31129600,143.514,145.112,7.293,8.216,-1638400,-50,-0.050000,0.923,23.559,27.847,4.287,4.343298,4.324519,-0.018779,damle-compute-01,,0,
100000000,fineweb,2027,5.00,no_role_depth,role_depth_v2,1,1,1000,950,32768000,31129600,143.514,145.766,7.293,6.351,-1638400,-50,-0.050000,-0.941,23.559,21.601,-1.958,4.343298,4.323945,-0.019353,damle-compute-01,zabih-compute-01,0,0
100000000,fineweb,2027,5.00,no_role_depth,role_depth_v3,1,1,1000,950,32768000,31129600,143.514,148.105,7.293,7.603,-1638400,-50,-0.050000,0.310,23.559,25.692,2.132,4.343298,4.337168,-0.006130,damle-compute-01,nikola-compute-18,0,0
100000000,fineweb,2027,5.00,no_role_depth,role_depth_v4,1,1,1000,950,32768000,31129600,143.514,146.167,7.293,7.338,-1638400,-50,-0.050000,0.045,23.559,24.979,1.419,4.343298,4.326229,-0.017069,damle-compute-01,damle-compute-01,0,0
100000000,fineweb,2027,5.00,no_role_depth,role_depth_v5,1,1,1000,950,32768000,31129600,143.514,146.377,7.293,7.655,-1638400,-50,-0.050000,0.362,23.559,25.837,2.277,4.343298,4.324603,-0.018695,damle-compute-01,nikola-compute-18,0,0
100000000,fineweb,2027,5.00,no_role_depth,role_depth_v6,1,1,1000,950,32768000,31129600,143.514,146.330,7.293,7.321,-1638400,-50,-0.050000,0.028,23.559,24.840,1.281,4.343298,4.326975,-0.016323,damle-compute-01,damle-compute-01,0,0
100000000,fineweb,2027,4.80,full,no_role_depth,1,1,1200,1250,39321600,40960000,120.727,120.308,10.378,9.116,1638400,50,0.041667,-1.262,27.847,23.559,-4.287,4.324519,4.343298,0.018779,,damle-compute-01,,0
100000000,fineweb,2027,4.80,full,role_depth_v2,1,1,1200,1250,39321600,40960000,120.727,117.978,10.378,8.357,1638400,50,0.041667,-2.021,27.847,21.601,-6.246,4.324519,4.323945,-0.000574,,zabih-compute-01,,0
100000000,fineweb,2027,4.80,full,role_depth_v3,1,1,1200,1250,39321600,40960000,120.727,119.147,10.378,10.004,1638400,50,0.041667,-0.374,27.847,25.692,-2.155,4.324519,4.337168,0.012649,,nikola-compute-18,,0
100000000,fineweb,2027,4.80,full,role_depth_v4,1,1,1200,1200,39321600,39321600,120.727,120.879,10.378,9.269,0,0,0.000000,-1.109,27.847,24.979,-2.868,4.324519,4.326229,0.001710,,damle-compute-01,,0
100000000,fineweb,2027,4.80,full,role_depth_v5,1,1,1200,1200,39321600,39321600,120.727,120.826,10.378,9.669,0,0,0.000000,-0.709,27.847,25.837,-2.010,4.324519,4.324603,0.000084,,nikola-compute-18,,0
100000000,fineweb,2027,4.80,full,role_depth_v6,1,1,1200,1200,39321600,39321600,120.727,120.850,10.378,9.248,0,0,0.000000,-1.130,27.847,24.840,-3.006,4.324519,4.326975,0.002456,,damle-compute-01,,0
100000000,fineweb,2027,4.80,no_role_depth,full,1,1,1250,1200,40960000,39321600,120.308,120.727,9.116,10.378,-1638400,-50,-0.040000,1.262,23.559,27.847,4.287,4.343298,4.324519,-0.018779,damle-compute-01,,0,
100000000,fineweb,2027,4.80,no_role_depth,role_depth_v2,1,1,1250,1250,40960000,40960000,120.308,117.978,9.116,8.357,0,0,0.000000,-0.759,23.559,21.601,-1.958,4.343298,4.323945,-0.019353,damle-compute-01,zabih-compute-01,0,0
100000000,fineweb,2027,4.80,no_role_depth,role_depth_v3,1,1,1250,1250,40960000,40960000,120.308,119.147,9.116,10.004,0,0,0.000000,0.888,23.559,25.692,2.132,4.343298,4.337168,-0.006130,damle-compute-01,nikola-compute-18,0,0
100000000,fineweb,2027,4.80,no_role_depth,role_depth_v4,1,1,1250,1200,40960000,39321600,120.308,120.879,9.116,9.269,-1638400,-50,-0.040000,0.153,23.559,24.979,1.419,4.343298,4.326229,-0.017069,damle-compute-01,damle-compute-01,0,0
100000000,fineweb,2027,4.80,no_role_depth,role_depth_v5,1,1,1250,1200,40960000,39321600,120.308,120.826,9.116,9.669,-1638400,-50,-0.040000,0.554,23.559,25.837,2.277,4.343298,4.324603,-0.018695,damle-compute-01,nikola-compute-18,0,0
100000000,fineweb,2027,4.80,no_role_depth,role_depth_v6,1,1,1250,1200,40960000,39321600,120.308,120.850,9.116,9.248,-1638400,-50,-0.040000,0.132,23.559,24.840,1.281,4.343298,4.326975,-0.016323,damle-compute-01,damle-compute-01,0,0
100000000,fineweb,2027,4.60,full,no_role_depth,1,1,1600,1700,52428800,55705600,99.418,97.870,13.838,12.398,3276800,100,0.062500,-1.440,27.847,23.559,-4.287,4.324519,4.343298,0.018779,,damle-compute-01,,0
100000000,fineweb,2027,4.60,full,role_depth_v2,1,1,1600,1650,52428800,54067200,99.418,97.912,13.838,11.031,1638400,50,0.031250,-2.806,27.847,21.601,-6.246,4.324519,4.323945,-0.000574,,zabih-compute-01,,0
100000000,fineweb,2027,4.60,full,role_depth_v3,1,1,1600,1650,52428800,54067200,99.418,99.040,13.838,13.205,1638400,50,0.031250,-0.633,27.847,25.692,-2.155,4.324519,4.337168,0.012649,,nikola-compute-18,,0
100000000,fineweb,2027,4.60,full,role_depth_v4,1,1,1600,1650,52428800,54067200,99.418,97.761,13.838,12.745,1638400,50,0.031250,-1.093,27.847,24.979,-2.868,4.324519,4.326229,0.001710,,damle-compute-01,,0
100000000,fineweb,2027,4.60,full,role_depth_v5,1,1,1600,1650,52428800,54067200,99.418,97.730,13.838,13.296,1638400,50,0.031250,-0.542,27.847,25.837,-2.010,4.324519,4.324603,0.000084,,nikola-compute-18,,0
100000000,fineweb,2027,4.60,full,role_depth_v6,1,1,1600,1600,52428800,52428800,99.418,99.445,13.838,12.330,0,0,0.000000,-1.507,27.847,24.840,-3.006,4.324519,4.326975,0.002456,,damle-compute-01,,0
100000000,fineweb,2027,4.60,no_role_depth,full,1,1,1700,1600,55705600,52428800,97.870,99.418,12.398,13.838,-3276800,-100,-0.058824,1.440,23.559,27.847,4.287,4.343298,4.324519,-0.018779,damle-compute-01,,0,
100000000,fineweb,2027,4.60,no_role_depth,role_depth_v2,1,1,1700,1650,55705600,54067200,97.870,97.912,12.398,11.031,-1638400,-50,-0.029412,-1.366,23.559,21.601,-1.958,4.343298,4.323945,-0.019353,damle-compute-01,zabih-compute-01,0,0
100000000,fineweb,2027,4.60,no_role_depth,role_depth_v3,1,1,1700,1650,55705600,54067200,97.870,99.040,12.398,13.205,-1638400,-50,-0.029412,0.807,23.559,25.692,2.132,4.343298,4.337168,-0.006130,damle-compute-01,nikola-compute-18,0,0
100000000,fineweb,2027,4.60,no_role_depth,role_depth_v4,1,1,1700,1650,55705600,54067200,97.870,97.761,12.398,12.745,-1638400,-50,-0.029412,0.347,23.559,24.979,1.419,4.343298,4.326229,-0.017069,damle-compute-01,damle-compute-01,0,0
100000000,fineweb,2027,4.60,no_role_depth,role_depth_v5,1,1,1700,1650,55705600,54067200,97.870,97.730,12.398,13.296,-1638400,-50,-0.029412,0.898,23.559,25.837,2.277,4.343298,4.324603,-0.018695,damle-compute-01,nikola-compute-18,0,0
100000000,fineweb,2027,4.60,no_role_depth,role_depth_v6,1,1,1700,1600,55705600,52428800,97.870,99.445,12.398,12.330,-3276800,-100,-0.058824,-0.067,23.559,24.840,1.281,4.343298,4.326975,-0.016323,damle-compute-01,damle-compute-01,0,0
100000000,fineweb,2027,4.50,full,no_role_depth,1,1,1950,2000,63897600,65536000,89.205,89.584,16.865,14.586,1638400,50,0.025641,-2.279,27.847,23.559,-4.287,4.324519,4.343298,0.018779,,damle-compute-01,,0
100000000,fineweb,2027,4.50,full,role_depth_v2,1,1,1950,1950,63897600,63897600,89.205,89.410,16.865,13.037,0,0,0.000000,-3.827,27.847,21.601,-6.246,4.324519,4.323945,-0.000574,,zabih-compute-01,,0
100000000,fineweb,2027,4.50,full,role_depth_v3,1,1,1950,2000,63897600,65536000,89.205,89.150,16.865,16.006,1638400,50,0.025641,-0.858,27.847,25.692,-2.155,4.324519,4.337168,0.012649,,nikola-compute-18,,0
100000000,fineweb,2027,4.50,full,role_depth_v4,1,1,1950,1950,63897600,63897600,89.205,89.369,16.865,15.062,0,0,0.000000,-1.803,27.847,24.979,-2.868,4.324519,4.326229,0.001710,,damle-compute-01,,0
100000000,fineweb,2027,4.50,full,role_depth_v5,1,1,1950,1950,63897600,63897600,89.205,89.314,16.865,15.713,0,0,0.000000,-1.152,27.847,25.837,-2.010,4.324519,4.324603,0.000084,,nikola-compute-18,,0
100000000,fineweb,2027,4.50,full,role_depth_v6,1,1,1950,1950,63897600,63897600,89.205,89.256,16.865,15.028,0,0,0.000000,-1.837,27.847,24.840,-3.006,4.324519,4.326975,0.002456,,damle-compute-01,,0
100000000,fineweb,2027,4.50,no_role_depth,full,1,1,2000,1950,65536000,63897600,89.584,89.205,14.586,16.865,-1638400,-50,-0.025000,2.279,23.559,27.847,4.287,4.343298,4.324519,-0.018779,damle-compute-01,,0,
100000000,fineweb,2027,4.50,no_role_depth,role_depth_v2,1,1,2000,1950,65536000,63897600,89.584,89.410,14.586,13.037,-1638400,-50,-0.025000,-1.548,23.559,21.601,-1.958,4.343298,4.323945,-0.019353,damle-compute-01,zabih-compute-01,0,0
100000000,fineweb,2027,4.50,no_role_depth,role_depth_v3,1,1,2000,2000,65536000,65536000,89.584,89.150,14.586,16.006,0,0,0.000000,1.421,23.559,25.692,2.132,4.343298,4.337168,-0.006130,damle-compute-01,nikola-compute-18,0,0
100000000,fineweb,2027,4.50,no_role_depth,role_depth_v4,1,1,2000,1950,65536000,63897600,89.584,89.369,14.586,15.062,-1638400,-50,-0.025000,0.476,23.559,24.979,1.419,4.343298,4.326229,-0.017069,damle-compute-01,damle-compute-01,0,0
100000000,fineweb,2027,4.50,no_role_depth,role_depth_v5,1,1,2000,1950,65536000,63897600,89.584,89.314,14.586,15.713,-1638400,-50,-0.025000,1.127,23.559,25.837,2.277,4.343298,4.324603,-0.018695,damle-compute-01,nikola-compute-18,0,0
100000000,fineweb,2027,4.50,no_role_depth,role_depth_v6,1,1,2000,1950,65536000,63897600,89.584,89.256,14.586,15.028,-1638400,-50,-0.025000,0.442,23.559,24.840,1.281,4.343298,4.326975,-0.016323,damle-compute-01,damle-compute-01,0,0
100000000,fineweb,2027,4.40,full,no_role_depth,1,1,2400,2500,78643200,81920000,80.797,81.080,20.756,18.232,3276800,100,0.041667,-2.524,27.847,23.559,-4.287,4.324519,4.343298,0.018779,,damle-compute-01,,0
100000000,fineweb,2027,4.40,full,role_depth_v2,1,1,2400,2400,78643200,78643200,80.797,80.840,20.756,16.046,0,0,0.000000,-4.711,27.847,21.601,-6.246,4.324519,4.323945,-0.000574,,zabih-compute-01,,0
100000000,fineweb,2027,4.40,full,role_depth_v3,1,1,2400,2450,78643200,80281600,80.797,81.190,20.756,19.607,1638400,50,0.020833,-1.149,27.847,25.692,-2.155,4.324519,4.337168,0.012649,,nikola-compute-18,,0
100000000,fineweb,2027,4.40,full,role_depth_v4,1,1,2400,2400,78643200,78643200,80.797,80.933,20.756,18.538,0,0,0.000000,-2.219,27.847,24.979,-2.868,4.324519,4.326229,0.001710,,damle-compute-01,,0
100000000,fineweb,2027,4.40,full,role_depth_v5,1,1,2400,2400,78643200,78643200,80.797,80.855,20.756,19.339,0,0,0.000000,-1.417,27.847,25.837,-2.010,4.324519,4.324603,0.000084,,nikola-compute-18,,0
100000000,fineweb,2027,4.40,full,role_depth_v6,1,1,2400,2400,78643200,78643200,80.797,80.934,20.756,18.496,0,0,0.000000,-2.261,27.847,24.840,-3.006,4.324519,4.326975,0.002456,,damle-compute-01,,0
100000000,fineweb,2027,4.40,no_role_depth,full,1,1,2500,2400,81920000,78643200,81.080,80.797,18.232,20.756,-3276800,-100,-0.040000,2.524,23.559,27.847,4.287,4.343298,4.324519,-0.018779,damle-compute-01,,0,
100000000,fineweb,2027,4.40,no_role_depth,role_depth_v2,1,1,2500,2400,81920000,78643200,81.080,80.840,18.232,16.046,-3276800,-100,-0.040000,-2.186,23.559,21.601,-1.958,4.343298,4.323945,-0.019353,damle-compute-01,zabih-compute-01,0,0
100000000,fineweb,2027,4.40,no_role_depth,role_depth_v3,1,1,2500,2450,81920000,80281600,81.080,81.190,18.232,19.607,-1638400,-50,-0.020000,1.375,23.559,25.692,2.132,4.343298,4.337168,-0.006130,damle-compute-01,nikola-compute-18,0,0
100000000,fineweb,2027,4.40,no_role_depth,role_depth_v4,1,1,2500,2400,81920000,78643200,81.080,80.933,18.232,18.538,-3276800,-100,-0.040000,0.306,23.559,24.979,1.419,4.343298,4.326229,-0.017069,damle-compute-01,damle-compute-01,0,0
100000000,fineweb,2027,4.40,no_role_depth,role_depth_v5,1,1,2500,2400,81920000,78643200,81.080,80.855,18.232,19.339,-3276800,-100,-0.040000,1.107,23.559,25.837,2.277,4.343298,4.324603,-0.018695,damle-compute-01,nikola-compute-18,0,0
100000000,fineweb,2027,4.40,no_role_depth,role_depth_v6,1,1,2500,2400,81920000,78643200,81.080,80.934,18.232,18.496,-3276800,-100,-0.040000,0.264,23.559,24.840,1.281,4.343298,4.326975,-0.016323,damle-compute-01,damle-compute-01,0,0
100000000,fineweb,2027,4.35,full,no_role_depth,1,1,2750,3000,90112000,98304000,77.183,77.264,23.783,21.878,8192000,250,0.090909,-1.905,27.847,23.559,-4.287,4.324519,4.343298,0.018779,,damle-compute-01,,0
100000000,fineweb,2027,4.35,full,role_depth_v2,1,1,2750,2750,90112000,90112000,77.183,77.233,23.783,18.386,0,0,0.000000,-5.397,27.847,21.601,-6.246,4.324519,4.323945,-0.000574,,zabih-compute-01,,0
100000000,fineweb,2027,4.35,full,role_depth_v3,1,1,2750,2900,90112000,95027200,77.183,77.321,23.783,23.209,4915200,150,0.054545,-0.575,27.847,25.692,-2.155,4.324519,4.337168,0.012649,,nikola-compute-18,,0
100000000,fineweb,2027,4.35,full,role_depth_v4,1,1,2750,2750,90112000,90112000,77.183,77.347,23.783,21.241,0,0,0.000000,-2.542,27.847,24.979,-2.868,4.324519,4.326229,0.001710,,damle-compute-01,,0
100000000,fineweb,2027,4.35,full,role_depth_v5,1,1,2750,2750,90112000,90112000,77.183,77.267,23.783,22.159,0,0,0.000000,-1.624,27.847,25.837,-2.010,4.324519,4.324603,0.000084,,nikola-compute-18,,0
100000000,fineweb,2027,4.35,full,role_depth_v6,1,1,2750,2750,90112000,90112000,77.183,77.402,23.783,21.193,0,0,0.000000,-2.591,27.847,24.840,-3.006,4.324519,4.326975,0.002456,,damle-compute-01,,0
100000000,fineweb,2027,4.35,no_role_depth,full,1,1,3000,2750,98304000,90112000,77.264,77.183,21.878,23.783,-8192000,-250,-0.083333,1.905,23.559,27.847,4.287,4.343298,4.324519,-0.018779,damle-compute-01,,0,
100000000,fineweb,2027,4.35,no_role_depth,role_depth_v2,1,1,3000,2750,98304000,90112000,77.264,77.233,21.878,18.386,-8192000,-250,-0.083333,-3.492,23.559,21.601,-1.958,4.343298,4.323945,-0.019353,damle-compute-01,zabih-compute-01,0,0
100000000,fineweb,2027,4.35,no_role_depth,role_depth_v3,1,1,3000,2900,98304000,95027200,77.264,77.321,21.878,23.209,-3276800,-100,-0.033333,1.330,23.559,25.692,2.132,4.343298,4.337168,-0.006130,damle-compute-01,nikola-compute-18,0,0
100000000,fineweb,2027,4.35,no_role_depth,role_depth_v4,1,1,3000,2750,98304000,90112000,77.264,77.347,21.878,21.241,-8192000,-250,-0.083333,-0.637,23.559,24.979,1.419,4.343298,4.326229,-0.017069,damle-compute-01,damle-compute-01,0,0
100000000,fineweb,2027,4.35,no_role_depth,role_depth_v5,1,1,3000,2750,98304000,90112000,77.264,77.267,21.878,22.159,-8192000,-250,-0.083333,0.281,23.559,25.837,2.277,4.343298,4.324603,-0.018695,damle-compute-01,nikola-compute-18,0,0
100000000,fineweb,2027,4.35,no_role_depth,role_depth_v6,1,1,3000,2750,98304000,90112000,77.264,77.402,21.878,21.193,-8192000,-250,-0.083333,-0.686,23.559,24.840,1.281,4.343298,4.326975,-0.016323,damle-compute-01,damle-compute-01,0,0
100000000,fineweb,3407,5.00,full,no_role_depth,1,1,950,950,31129600,31129600,144.447,147.330,6.598,6.974,0,0,0.000000,0.377,22.461,23.666,1.204,4.322407,4.336577,0.014170,,damle-compute-01,,0
100000000,fineweb,3407,5.00,full,role_depth_v2,1,1,950,950,31129600,31129600,144.447,144.389,6.598,6.074,0,0,0.000000,-0.524,22.461,20.703,-1.759,4.322407,4.321065,-0.001342,,abdelfattah-compute-03,,0
100000000,fineweb,3407,5.00,full,role_depth_v3,1,1,950,950,31129600,31129600,144.447,146.716,6.598,5.928,0,0,0.000000,-0.670,22.461,20.272,-2.190,4.322407,4.337388,0.014981,,elor-compute-01,,0
100000000,fineweb,3407,5.00,full,role_depth_v4,1,1,950,950,31129600,31129600,144.447,144.105,6.598,6.092,0,0,0.000000,-0.505,22.461,20.764,-1.697,4.322407,4.326502,0.004096,,elor-compute-01,,0
100000000,fineweb,3407,5.00,full,role_depth_v5,1,1,950,950,31129600,31129600,144.447,144.463,6.598,7.287,0,0,0.000000,0.689,22.461,24.817,2.356,4.322407,4.323008,0.000601,,badfellow,,0
100000000,fineweb,3407,5.00,full,role_depth_v6,1,1,950,950,31129600,31129600,144.447,144.443,6.598,7.776,0,0,0.000000,1.178,22.461,26.306,3.844,4.322407,4.326974,0.004567,,nikola-compute-18,,0
100000000,fineweb,3407,5.00,no_role_depth,full,1,1,950,950,31129600,31129600,147.330,144.447,6.974,6.598,0,0,0.000000,-0.377,23.666,22.461,-1.204,4.336577,4.322407,-0.014170,damle-compute-01,,0,
100000000,fineweb,3407,5.00,no_role_depth,role_depth_v2,1,1,950,950,31129600,31129600,147.330,144.389,6.974,6.074,0,0,0.000000,-0.900,23.666,20.703,-2.963,4.336577,4.321065,-0.015512,damle-compute-01,abdelfattah-compute-03,0,0
100000000,fineweb,3407,5.00,no_role_depth,role_depth_v3,1,1,950,950,31129600,31129600,147.330,146.716,6.974,5.928,0,0,0.000000,-1.047,23.666,20.272,-3.394,4.336577,4.337388,0.000811,damle-compute-01,elor-compute-01,0,0
100000000,fineweb,3407,5.00,no_role_depth,role_depth_v4,1,1,950,950,31129600,31129600,147.330,144.105,6.974,6.092,0,0,0.000000,-0.882,23.666,20.764,-2.902,4.336577,4.326502,-0.010075,damle-compute-01,elor-compute-01,0,0
100000000,fineweb,3407,5.00,no_role_depth,role_depth_v5,1,1,950,950,31129600,31129600,147.330,144.463,6.974,7.287,0,0,0.000000,0.312,23.666,24.817,1.151,4.336577,4.323008,-0.013569,damle-compute-01,badfellow,0,0
100000000,fineweb,3407,5.00,no_role_depth,role_depth_v6,1,1,950,950,31129600,31129600,147.330,144.443,6.974,7.776,0,0,0.000000,0.802,23.666,26.306,2.640,4.336577,4.326974,-0.009603,damle-compute-01,nikola-compute-18,0,0
100000000,fineweb,3407,4.80,full,no_role_depth,1,1,1200,1250,39321600,40960000,120.821,118.876,8.334,9.177,1638400,50,0.041667,0.843,22.461,23.666,1.204,4.322407,4.336577,0.014170,,damle-compute-01,,0
100000000,fineweb,3407,4.80,full,role_depth_v2,1,1,1200,1200,39321600,39321600,120.821,120.716,8.334,7.672,0,0,0.000000,-0.661,22.461,20.703,-1.759,4.322407,4.321065,-0.001342,,abdelfattah-compute-03,,0
100000000,fineweb,3407,4.80,full,role_depth_v3,1,1,1200,1250,39321600,40960000,120.821,118.187,8.334,7.799,1638400,50,0.041667,-0.534,22.461,20.272,-2.190,4.322407,4.337388,0.014981,,elor-compute-01,,0
100000000,fineweb,3407,4.80,full,role_depth_v4,1,1,1200,1200,39321600,39321600,120.821,120.128,8.334,7.696,0,0,0.000000,-0.638,22.461,20.764,-1.697,4.322407,4.326502,0.004096,,elor-compute-01,,0
100000000,fineweb,3407,4.80,full,role_depth_v5,1,1,1200,1200,39321600,39321600,120.821,119.795,8.334,9.204,0,0,0.000000,0.870,22.461,24.817,2.356,4.322407,4.323008,0.000601,,badfellow,,0
100000000,fineweb,3407,4.80,full,role_depth_v6,1,1,1200,1200,39321600,39321600,120.821,120.013,8.334,9.822,0,0,0.000000,1.488,22.461,26.306,3.844,4.322407,4.326974,0.004567,,nikola-compute-18,,0
100000000,fineweb,3407,4.80,no_role_depth,full,1,1,1250,1200,40960000,39321600,118.876,120.821,9.177,8.334,-1638400,-50,-0.040000,-0.843,23.666,22.461,-1.204,4.336577,4.322407,-0.014170,damle-compute-01,,0,
100000000,fineweb,3407,4.80,no_role_depth,role_depth_v2,1,1,1250,1200,40960000,39321600,118.876,120.716,9.177,7.672,-1638400,-50,-0.040000,-1.504,23.666,20.703,-2.963,4.336577,4.321065,-0.015512,damle-compute-01,abdelfattah-compute-03,0,0
100000000,fineweb,3407,4.80,no_role_depth,role_depth_v3,1,1,1250,1250,40960000,40960000,118.876,118.187,9.177,7.799,0,0,0.000000,-1.377,23.666,20.272,-3.394,4.336577,4.337388,0.000811,damle-compute-01,elor-compute-01,0,0
100000000,fineweb,3407,4.80,no_role_depth,role_depth_v4,1,1,1250,1200,40960000,39321600,118.876,120.128,9.177,7.696,-1638400,-50,-0.040000,-1.481,23.666,20.764,-2.902,4.336577,4.326502,-0.010075,damle-compute-01,elor-compute-01,0,0
100000000,fineweb,3407,4.80,no_role_depth,role_depth_v5,1,1,1250,1200,40960000,39321600,118.876,119.795,9.177,9.204,-1638400,-50,-0.040000,0.027,23.666,24.817,1.151,4.336577,4.323008,-0.013569,damle-compute-01,badfellow,0,0
100000000,fineweb,3407,4.80,no_role_depth,role_depth_v6,1,1,1250,1200,40960000,39321600,118.876,120.013,9.177,9.822,-1638400,-50,-0.040000,0.646,23.666,26.306,2.640,4.336577,4.326974,-0.009603,damle-compute-01,nikola-compute-18,0,0
100000000,fineweb,3407,4.60,full,no_role_depth,1,1,1600,1650,52428800,54067200,99.107,98.573,11.112,12.113,1638400,50,0.031250,1.001,22.461,23.666,1.204,4.322407,4.336577,0.014170,,damle-compute-01,,0
100000000,fineweb,3407,4.60,full,role_depth_v2,1,1,1600,1600,52428800,52428800,99.107,99.016,11.112,10.230,0,0,0.000000,-0.882,22.461,20.703,-1.759,4.322407,4.321065,-0.001342,,abdelfattah-compute-03,,0
100000000,fineweb,3407,4.60,full,role_depth_v3,1,1,1600,1650,52428800,54067200,99.107,98.412,11.112,10.295,1638400,50,0.031250,-0.817,22.461,20.272,-2.190,4.322407,4.337388,0.014981,,elor-compute-01,,0
100000000,fineweb,3407,4.60,full,role_depth_v4,1,1,1600,1600,52428800,52428800,99.107,98.886,11.112,10.261,0,0,0.000000,-0.851,22.461,20.764,-1.697,4.322407,4.326502,0.004096,,elor-compute-01,,0
100000000,fineweb,3407,4.60,full,role_depth_v5,1,1,1600,1600,52428800,52428800,99.107,98.788,11.112,12.272,0,0,0.000000,1.160,22.461,24.817,2.356,4.322407,4.323008,0.000601,,badfellow,,0
100000000,fineweb,3407,4.60,full,role_depth_v6,1,1,1600,1600,52428800,52428800,99.107,98.790,11.112,13.096,0,0,0.000000,1.984,22.461,26.306,3.844,4.322407,4.326974,0.004567,,nikola-compute-18,,0
100000000,fineweb,3407,4.60,no_role_depth,full,1,1,1650,1600,54067200,52428800,98.573,99.107,12.113,11.112,-1638400,-50,-0.030303,-1.001,23.666,22.461,-1.204,4.336577,4.322407,-0.014170,damle-compute-01,,0,
100000000,fineweb,3407,4.60,no_role_depth,role_depth_v2,1,1,1650,1600,54067200,52428800,98.573,99.016,12.113,10.230,-1638400,-50,-0.030303,-1.883,23.666,20.703,-2.963,4.336577,4.321065,-0.015512,damle-compute-01,abdelfattah-compute-03,0,0
100000000,fineweb,3407,4.60,no_role_depth,role_depth_v3,1,1,1650,1650,54067200,54067200,98.573,98.412,12.113,10.295,0,0,0.000000,-1.818,23.666,20.272,-3.394,4.336577,4.337388,0.000811,damle-compute-01,elor-compute-01,0,0
100000000,fineweb,3407,4.60,no_role_depth,role_depth_v4,1,1,1650,1600,54067200,52428800,98.573,98.886,12.113,10.261,-1638400,-50,-0.030303,-1.852,23.666,20.764,-2.902,4.336577,4.326502,-0.010075,damle-compute-01,elor-compute-01,0,0
100000000,fineweb,3407,4.60,no_role_depth,role_depth_v5,1,1,1650,1600,54067200,52428800,98.573,98.788,12.113,12.272,-1638400,-50,-0.030303,0.159,23.666,24.817,1.151,4.336577,4.323008,-0.013569,damle-compute-01,badfellow,0,0
100000000,fineweb,3407,4.60,no_role_depth,role_depth_v6,1,1,1650,1600,54067200,52428800,98.573,98.790,12.113,13.096,-1638400,-50,-0.030303,0.983,23.666,26.306,2.640,4.336577,4.326974,-0.009603,damle-compute-01,nikola-compute-18,0,0
100000000,fineweb,3407,4.50,full,no_role_depth,1,1,1900,2000,62259200,65536000,89.980,88.655,13.195,14.683,3276800,100,0.052632,1.487,22.461,23.666,1.204,4.322407,4.336577,0.014170,,damle-compute-01,,0
100000000,fineweb,3407,4.50,full,role_depth_v2,1,1,1900,1900,62259200,62259200,89.980,89.849,13.195,12.148,0,0,0.000000,-1.047,22.461,20.703,-1.759,4.322407,4.321065,-0.001342,,abdelfattah-compute-03,,0
100000000,fineweb,3407,4.50,full,role_depth_v3,1,1,1900,1950,62259200,63897600,89.980,89.866,13.195,12.167,1638400,50,0.026316,-1.028,22.461,20.272,-2.190,4.322407,4.337388,0.014981,,elor-compute-01,,0
100000000,fineweb,3407,4.50,full,role_depth_v4,1,1,1900,1900,62259200,62259200,89.980,89.868,13.195,12.185,0,0,0.000000,-1.011,22.461,20.764,-1.697,4.322407,4.326502,0.004096,,elor-compute-01,,0
100000000,fineweb,3407,4.50,full,role_depth_v5,1,1,1900,1900,62259200,62259200,89.980,89.631,13.195,14.573,0,0,0.000000,1.378,22.461,24.817,2.356,4.322407,4.323008,0.000601,,badfellow,,0
100000000,fineweb,3407,4.50,full,role_depth_v6,1,1,1900,1900,62259200,62259200,89.980,89.737,13.195,15.552,0,0,0.000000,2.356,22.461,26.306,3.844,4.322407,4.326974,0.004567,,nikola-compute-18,,0
100000000,fineweb,3407,4.50,no_role_depth,full,1,1,2000,1900,65536000,62259200,88.655,89.980,14.683,13.195,-3276800,-100,-0.050000,-1.487,23.666,22.461,-1.204,4.336577,4.322407,-0.014170,damle-compute-01,,0,
100000000,fineweb,3407,4.50,no_role_depth,role_depth_v2,1,1,2000,1900,65536000,62259200,88.655,89.849,14.683,12.148,-3276800,-100,-0.050000,-2.535,23.666,20.703,-2.963,4.336577,4.321065,-0.015512,damle-compute-01,abdelfattah-compute-03,0,0
100000000,fineweb,3407,4.50,no_role_depth,role_depth_v3,1,1,2000,1950,65536000,63897600,88.655,89.866,14.683,12.167,-1638400,-50,-0.025000,-2.515,23.666,20.272,-3.394,4.336577,4.337388,0.000811,damle-compute-01,elor-compute-01,0,0
100000000,fineweb,3407,4.50,no_role_depth,role_depth_v4,1,1,2000,1900,65536000,62259200,88.655,89.868,14.683,12.185,-3276800,-100,-0.050000,-2.498,23.666,20.764,-2.902,4.336577,4.326502,-0.010075,damle-compute-01,elor-compute-01,0,0
100000000,fineweb,3407,4.50,no_role_depth,role_depth_v5,1,1,2000,1900,65536000,62259200,88.655,89.631,14.683,14.573,-3276800,-100,-0.050000,-0.110,23.666,24.817,1.151,4.336577,4.323008,-0.013569,damle-compute-01,badfellow,0,0
100000000,fineweb,3407,4.50,no_role_depth,role_depth_v6,1,1,2000,1900,65536000,62259200,88.655,89.737,14.683,15.552,-3276800,-100,-0.050000,0.869,23.666,26.306,2.640,4.336577,4.326974,-0.009603,damle-compute-01,nikola-compute-18,0,0
100000000,fineweb,3407,4.40,full,no_role_depth,1,1,2350,2450,77004800,80281600,81.314,81.296,16.321,17.986,3276800,100,0.042553,1.666,22.461,23.666,1.204,4.322407,4.336577,0.014170,,damle-compute-01,,0
100000000,fineweb,3407,4.40,full,role_depth_v2,1,1,2350,2350,77004800,77004800,81.314,81.268,16.321,15.025,0,0,0.000000,-1.295,22.461,20.703,-1.759,4.322407,4.321065,-0.001342,,abdelfattah-compute-03,,0
100000000,fineweb,3407,4.40,full,role_depth_v3,1,1,2350,2450,77004800,80281600,81.314,81.254,16.321,15.287,3276800,100,0.042553,-1.034,22.461,20.272,-2.190,4.322407,4.337388,0.014981,,elor-compute-01,,0
100000000,fineweb,3407,4.40,full,role_depth_v4,1,1,2350,2350,77004800,77004800,81.314,81.400,16.321,15.071,0,0,0.000000,-1.250,22.461,20.764,-1.697,4.322407,4.326502,0.004096,,elor-compute-01,,0
100000000,fineweb,3407,4.40,full,role_depth_v5,1,1,2350,2350,77004800,77004800,81.314,81.211,16.321,18.025,0,0,0.000000,1.704,22.461,24.817,2.356,4.322407,4.323008,0.000601,,badfellow,,0
100000000,fineweb,3407,4.40,full,role_depth_v6,1,1,2350,2350,77004800,77004800,81.314,81.396,16.321,19.235,0,0,0.000000,2.915,22.461,26.306,3.844,4.322407,4.326974,0.004567,,nikola-compute-18,,0
100000000,fineweb,3407,4.40,no_role_depth,full,1,1,2450,2350,80281600,77004800,81.296,81.314,17.986,16.321,-3276800,-100,-0.040816,-1.666,23.666,22.461,-1.204,4.336577,4.322407,-0.014170,damle-compute-01,,0,
100000000,fineweb,3407,4.40,no_role_depth,role_depth_v2,1,1,2450,2350,80281600,77004800,81.296,81.268,17.986,15.025,-3276800,-100,-0.040816,-2.961,23.666,20.703,-2.963,4.336577,4.321065,-0.015512,damle-compute-01,abdelfattah-compute-03,0,0
100000000,fineweb,3407,4.40,no_role_depth,role_depth_v3,1,1,2450,2450,80281600,80281600,81.296,81.254,17.986,15.287,0,0,0.000000,-2.699,23.666,20.272,-3.394,4.336577,4.337388,0.000811,damle-compute-01,elor-compute-01,0,0
100000000,fineweb,3407,4.40,no_role_depth,role_depth_v4,1,1,2450,2350,80281600,77004800,81.296,81.400,17.986,15.071,-3276800,-100,-0.040816,-2.915,23.666,20.764,-2.902,4.336577,4.326502,-0.010075,damle-compute-01,elor-compute-01,0,0
100000000,fineweb,3407,4.40,no_role_depth,role_depth_v5,1,1,2450,2350,80281600,77004800,81.296,81.211,17.986,18.025,-3276800,-100,-0.040816,0.038,23.666,24.817,1.151,4.336577,4.323008,-0.013569,damle-compute-01,badfellow,0,0
100000000,fineweb,3407,4.40,no_role_depth,role_depth_v6,1,1,2450,2350,80281600,77004800,81.296,81.396,17.986,19.235,-3276800,-100,-0.040816,1.249,23.666,26.306,2.640,4.336577,4.326974,-0.009603,damle-compute-01,nikola-compute-18,0,0
100000000,fineweb,3407,4.35,full,no_role_depth,1,1,2700,2900,88473600,95027200,77.461,77.153,18.751,21.290,6553600,200,0.074074,2.538,22.461,23.666,1.204,4.322407,4.336577,0.014170,,damle-compute-01,,0
100000000,fineweb,3407,4.35,full,role_depth_v2,1,1,2700,2700,88473600,88473600,77.461,77.353,18.751,17.263,0,0,0.000000,-1.488,22.461,20.703,-1.759,4.322407,4.321065,-0.001342,,abdelfattah-compute-03,,0
100000000,fineweb,3407,4.35,full,role_depth_v3,1,1,2700,2900,88473600,95027200,77.461,77.249,18.751,18.095,6553600,200,0.074074,-0.657,22.461,20.272,-2.190,4.322407,4.337388,0.014981,,elor-compute-01,,0
100000000,fineweb,3407,4.35,full,role_depth_v4,1,1,2700,2750,88473600,90112000,77.461,77.354,18.751,17.636,1638400,50,0.018519,-1.115,22.461,20.764,-1.697,4.322407,4.326502,0.004096,,elor-compute-01,,0
100000000,fineweb,3407,4.35,full,role_depth_v5,1,1,2700,2700,88473600,88473600,77.461,77.452,18.751,20.709,0,0,0.000000,1.958,22.461,24.817,2.356,4.322407,4.323008,0.000601,,badfellow,,0
100000000,fineweb,3407,4.35,full,role_depth_v6,1,1,2700,2750,88473600,90112000,77.461,77.333,18.751,22.509,1638400,50,0.018519,3.758,22.461,26.306,3.844,4.322407,4.326974,0.004567,,nikola-compute-18,,0
100000000,fineweb,3407,4.35,no_role_depth,full,1,1,2900,2700,95027200,88473600,77.153,77.461,21.290,18.751,-6553600,-200,-0.068966,-2.538,23.666,22.461,-1.204,4.336577,4.322407,-0.014170,damle-compute-01,,0,
100000000,fineweb,3407,4.35,no_role_depth,role_depth_v2,1,1,2900,2700,95027200,88473600,77.153,77.353,21.290,17.263,-6553600,-200,-0.068966,-4.027,23.666,20.703,-2.963,4.336577,4.321065,-0.015512,damle-compute-01,abdelfattah-compute-03,0,0
100000000,fineweb,3407,4.35,no_role_depth,role_depth_v3,1,1,2900,2900,95027200,95027200,77.153,77.249,21.290,18.095,0,0,0.000000,-3.195,23.666,20.272,-3.394,4.336577,4.337388,0.000811,damle-compute-01,elor-compute-01,0,0
100000000,fineweb,3407,4.35,no_role_depth,role_depth_v4,1,1,2900,2750,95027200,90112000,77.153,77.354,21.290,17.636,-4915200,-150,-0.051724,-3.654,23.666,20.764,-2.902,4.336577,4.326502,-0.010075,damle-compute-01,elor-compute-01,0,0
100000000,fineweb,3407,4.35,no_role_depth,role_depth_v5,1,1,2900,2700,95027200,88473600,77.153,77.452,21.290,20.709,-6553600,-200,-0.068966,-0.581,23.666,24.817,1.151,4.336577,4.323008,-0.013569,damle-compute-01,badfellow,0,0
100000000,fineweb,3407,4.35,no_role_depth,role_depth_v6,1,1,2900,2750,95027200,90112000,77.153,77.333,21.290,22.509,-4915200,-150,-0.051724,1.220,23.666,26.306,2.640,4.336577,4.326974,-0.009603,damle-compute-01,nikola-compute-18,0,0
100000000,dolma_sample,1337,5.00,full,no_role_depth,1,1,1000,1000,32768000,32768000,145.106,146.898,7.588,6.257,0,0,0.000000,-1.331,24.401,20.303,-4.097,4.320515,4.332900,0.012385,,seo-compute-01,,0
100000000,dolma_sample,1337,5.00,full,role_depth_v2,1,1,1000,1000,32768000,32768000,145.106,143.167,7.588,6.457,0,0,0.000000,-1.131,24.401,20.886,-3.515,4.320515,4.316649,-0.003865,,seo-compute-01,,0
100000000,dolma_sample,1337,5.00,full,role_depth_v3,1,1,1000,1000,32768000,32768000,145.106,145.032,7.588,6.504,0,0,0.000000,-1.084,24.401,21.076,-3.325,4.320515,4.331314,0.010799,,zabih-compute-01,,0
100000000,dolma_sample,1337,5.00,full,role_depth_v4,1,1,1000,1000,32768000,32768000,145.106,143.212,7.588,7.691,0,0,0.000000,0.103,24.401,24.710,0.309,4.320515,4.321208,0.000693,,badfellow,,0
100000000,dolma_sample,1337,5.00,full,role_depth_v5,1,1,1000,1000,32768000,32768000,145.106,143.794,7.588,6.735,0,0,0.000000,-0.853,24.401,21.740,-2.661,4.320515,4.318536,-0.001979,,elor-compute-01,,0
100000000,dolma_sample,1337,5.00,full,role_depth_v6,1,1,1000,1000,32768000,32768000,145.106,142.497,7.588,7.532,0,0,0.000000,-0.056,24.401,24.219,-0.182,4.320515,4.322700,0.002185,,rush-compute-02,,0
100000000,dolma_sample,1337,5.00,no_role_depth,full,1,1,1000,1000,32768000,32768000,146.898,145.106,6.257,7.588,0,0,0.000000,1.331,20.303,24.401,4.097,4.332900,4.320515,-0.012385,seo-compute-01,,0,
100000000,dolma_sample,1337,5.00,no_role_depth,role_depth_v2,1,1,1000,1000,32768000,32768000,146.898,143.167,6.257,6.457,0,0,0.000000,0.200,20.303,20.886,0.582,4.332900,4.316649,-0.016250,seo-compute-01,seo-compute-01,0,0
100000000,dolma_sample,1337,5.00,no_role_depth,role_depth_v3,1,1,1000,1000,32768000,32768000,146.898,145.032,6.257,6.504,0,0,0.000000,0.246,20.303,21.076,0.772,4.332900,4.331314,-0.001585,seo-compute-01,zabih-compute-01,0,0
100000000,dolma_sample,1337,5.00,no_role_depth,role_depth_v4,1,1,1000,1000,32768000,32768000,146.898,143.212,6.257,7.691,0,0,0.000000,1.433,20.303,24.710,4.407,4.332900,4.321208,-0.011692,seo-compute-01,badfellow,0,0
100000000,dolma_sample,1337,5.00,no_role_depth,role_depth_v5,1,1,1000,1000,32768000,32768000,146.898,143.794,6.257,6.735,0,0,0.000000,0.478,20.303,21.740,1.437,4.332900,4.318536,-0.014364,seo-compute-01,elor-compute-01,0,0
100000000,dolma_sample,1337,5.00,no_role_depth,role_depth_v6,1,1,1000,1000,32768000,32768000,146.898,142.497,6.257,7.532,0,0,0.000000,1.275,20.303,24.219,3.915,4.332900,4.322700,-0.010200,seo-compute-01,rush-compute-02,0,0
100000000,dolma_sample,1337,4.80,full,no_role_depth,1,1,1250,1250,40960000,40960000,119.592,121.035,9.485,7.822,0,0,0.000000,-1.663,24.401,20.303,-4.097,4.320515,4.332900,0.012385,,seo-compute-01,,0
100000000,dolma_sample,1337,4.80,full,role_depth_v2,1,1,1250,1250,40960000,40960000,119.592,118.969,9.485,8.072,0,0,0.000000,-1.413,24.401,20.886,-3.515,4.320515,4.316649,-0.003865,,seo-compute-01,,0
100000000,dolma_sample,1337,4.80,full,role_depth_v3,1,1,1250,1250,40960000,40960000,119.592,120.351,9.485,8.130,0,0,0.000000,-1.355,24.401,21.076,-3.325,4.320515,4.331314,0.010799,,zabih-compute-01,,0
100000000,dolma_sample,1337,4.80,full,role_depth_v4,1,1,1250,1250,40960000,40960000,119.592,118.777,9.485,9.614,0,0,0.000000,0.129,24.401,24.710,0.309,4.320515,4.321208,0.000693,,badfellow,,0
100000000,dolma_sample,1337,4.80,full,role_depth_v5,1,1,1250,1250,40960000,40960000,119.592,118.546,9.485,8.419,0,0,0.000000,-1.066,24.401,21.740,-2.661,4.320515,4.318536,-0.001979,,elor-compute-01,,0
100000000,dolma_sample,1337,4.80,full,role_depth_v6,1,1,1250,1250,40960000,40960000,119.592,118.417,9.485,9.415,0,0,0.000000,-0.070,24.401,24.219,-0.182,4.320515,4.322700,0.002185,,rush-compute-02,,0
100000000,dolma_sample,1337,4.80,no_role_depth,full,1,1,1250,1250,40960000,40960000,121.035,119.592,7.822,9.485,0,0,0.000000,1.663,20.303,24.401,4.097,4.332900,4.320515,-0.012385,seo-compute-01,,0,
100000000,dolma_sample,1337,4.80,no_role_depth,role_depth_v2,1,1,1250,1250,40960000,40960000,121.035,118.969,7.822,8.072,0,0,0.000000,0.250,20.303,20.886,0.582,4.332900,4.316649,-0.016250,seo-compute-01,seo-compute-01,0,0
100000000,dolma_sample,1337,4.80,no_role_depth,role_depth_v3,1,1,1250,1250,40960000,40960000,121.035,120.351,7.822,8.130,0,0,0.000000,0.308,20.303,21.076,0.772,4.332900,4.331314,-0.001585,seo-compute-01,zabih-compute-01,0,0
100000000,dolma_sample,1337,4.80,no_role_depth,role_depth_v4,1,1,1250,1250,40960000,40960000,121.035,118.777,7.822,9.614,0,0,0.000000,1.792,20.303,24.710,4.407,4.332900,4.321208,-0.011692,seo-compute-01,badfellow,0,0
100000000,dolma_sample,1337,4.80,no_role_depth,role_depth_v5,1,1,1250,1250,40960000,40960000,121.035,118.546,7.822,8.419,0,0,0.000000,0.597,20.303,21.740,1.437,4.332900,4.318536,-0.014364,seo-compute-01,elor-compute-01,0,0
100000000,dolma_sample,1337,4.80,no_role_depth,role_depth_v6,1,1,1250,1250,40960000,40960000,121.035,118.417,7.822,9.415,0,0,0.000000,1.593,20.303,24.219,3.915,4.332900,4.322700,-0.010200,seo-compute-01,rush-compute-02,0,0
100000000,dolma_sample,1337,4.60,full,no_role_depth,1,1,1650,1650,54067200,54067200,98.260,99.281,12.520,10.325,0,0,0.000000,-2.195,24.401,20.303,-4.097,4.320515,4.332900,0.012385,,seo-compute-01,,0
100000000,dolma_sample,1337,4.60,full,role_depth_v2,1,1,1650,1650,54067200,54067200,98.260,97.948,12.520,10.655,0,0,0.000000,-1.865,24.401,20.886,-3.515,4.320515,4.316649,-0.003865,,seo-compute-01,,0
100000000,dolma_sample,1337,4.60,full,role_depth_v3,1,1,1650,1650,54067200,54067200,98.260,99.176,12.520,10.731,0,0,0.000000,-1.789,24.401,21.076,-3.325,4.320515,4.331314,0.010799,,zabih-compute-01,,0
100000000,dolma_sample,1337,4.60,full,role_depth_v4,1,1,1650,1650,54067200,54067200,98.260,97.937,12.520,12.690,0,0,0.000000,0.170,24.401,24.710,0.309,4.320515,4.321208,0.000693,,badfellow,,0
100000000,dolma_sample,1337,4.60,full,role_depth_v5,1,1,1650,1650,54067200,54067200,98.260,97.869,12.520,11.113,0,0,0.000000,-1.407,24.401,21.740,-2.661,4.320515,4.318536,-0.001979,,elor-compute-01,,0
100000000,dolma_sample,1337,4.60,full,role_depth_v6,1,1,1650,1650,54067200,54067200,98.260,97.777,12.520,12.428,0,0,0.000000,-0.092,24.401,24.219,-0.182,4.320515,4.322700,0.002185,,rush-compute-02,,0
100000000,dolma_sample,1337,4.60,no_role_depth,full,1,1,1650,1650,54067200,54067200,99.281,98.260,10.325,12.520,0,0,0.000000,2.195,20.303,24.401,4.097,4.332900,4.320515,-0.012385,seo-compute-01,,0,
100000000,dolma_sample,1337,4.60,no_role_depth,role_depth_v2,1,1,1650,1650,54067200,54067200,99.281,97.948,10.325,10.655,0,0,0.000000,0.330,20.303,20.886,0.582,4.332900,4.316649,-0.016250,seo-compute-01,seo-compute-01,0,0
100000000,dolma_sample,1337,4.60,no_role_depth,role_depth_v3,1,1,1650,1650,54067200,54067200,99.281,99.176,10.325,10.731,0,0,0.000000,0.406,20.303,21.076,0.772,4.332900,4.331314,-0.001585,seo-compute-01,zabih-compute-01,0,0
100000000,dolma_sample,1337,4.60,no_role_depth,role_depth_v4,1,1,1650,1650,54067200,54067200,99.281,97.937,10.325,12.690,0,0,0.000000,2.365,20.303,24.710,4.407,4.332900,4.321208,-0.011692,seo-compute-01,badfellow,0,0
100000000,dolma_sample,1337,4.60,no_role_depth,role_depth_v5,1,1,1650,1650,54067200,54067200,99.281,97.869,10.325,11.113,0,0,0.000000,0.788,20.303,21.740,1.437,4.332900,4.318536,-0.014364,seo-compute-01,elor-compute-01,0,0
100000000,dolma_sample,1337,4.60,no_role_depth,role_depth_v6,1,1,1650,1650,54067200,54067200,99.281,97.777,10.325,12.428,0,0,0.000000,2.103,20.303,24.219,3.915,4.332900,4.322700,-0.010200,seo-compute-01,rush-compute-02,0,0
100000000,dolma_sample,1337,4.50,full,no_role_depth,1,1,1950,1950,63897600,63897600,88.771,89.926,14.797,12.202,0,0,0.000000,-2.595,24.401,20.303,-4.097,4.320515,4.332900,0.012385,,seo-compute-01,,0
100000000,dolma_sample,1337,4.50,full,role_depth_v2,1,1,1950,1900,63897600,62259200,88.771,89.949,14.797,12.269,-1638400,-50,-0.025641,-2.528,24.401,20.886,-3.515,4.320515,4.316649,-0.003865,,seo-compute-01,,0
100000000,dolma_sample,1337,4.50,full,role_depth_v3,1,1,1950,1950,63897600,63897600,88.771,89.790,14.797,12.682,0,0,0.000000,-2.114,24.401,21.076,-3.325,4.320515,4.331314,0.010799,,zabih-compute-01,,0
100000000,dolma_sample,1337,4.50,full,role_depth_v4,1,1,1950,1950,63897600,63897600,88.771,88.753,14.797,14.997,0,0,0.000000,0.201,24.401,24.710,0.309,4.320515,4.321208,0.000693,,badfellow,,0
100000000,dolma_sample,1337,4.50,full,role_depth_v5,1,1,1950,1950,63897600,63897600,88.771,88.680,14.797,13.134,0,0,0.000000,-1.663,24.401,21.740,-2.661,4.320515,4.318536,-0.001979,,elor-compute-01,,0
100000000,dolma_sample,1337,4.50,full,role_depth_v6,1,1,1950,1950,63897600,63897600,88.771,88.788,14.797,14.688,0,0,0.000000,-0.109,24.401,24.219,-0.182,4.320515,4.322700,0.002185,,rush-compute-02,,0
100000000,dolma_sample,1337,4.50,no_role_depth,full,1,1,1950,1950,63897600,63897600,89.926,88.771,12.202,14.797,0,0,0.000000,2.595,20.303,24.401,4.097,4.332900,4.320515,-0.012385,seo-compute-01,,0,
100000000,dolma_sample,1337,4.50,no_role_depth,role_depth_v2,1,1,1950,1900,63897600,62259200,89.926,89.949,12.202,12.269,-1638400,-50,-0.025641,0.067,20.303,20.886,0.582,4.332900,4.316649,-0.016250,seo-compute-01,seo-compute-01,0,0
100000000,dolma_sample,1337,4.50,no_role_depth,role_depth_v3,1,1,1950,1950,63897600,63897600,89.926,89.790,12.202,12.682,0,0,0.000000,0.480,20.303,21.076,0.772,4.332900,4.331314,-0.001585,seo-compute-01,zabih-compute-01,0,0
100000000,dolma_sample,1337,4.50,no_role_depth,role_depth_v4,1,1,1950,1950,63897600,63897600,89.926,88.753,12.202,14.997,0,0,0.000000,2.795,20.303,24.710,4.407,4.332900,4.321208,-0.011692,seo-compute-01,badfellow,0,0
100000000,dolma_sample,1337,4.50,no_role_depth,role_depth_v5,1,1,1950,1950,63897600,63897600,89.926,88.680,12.202,13.134,0,0,0.000000,0.932,20.303,21.740,1.437,4.332900,4.318536,-0.014364,seo-compute-01,elor-compute-01,0,0
100000000,dolma_sample,1337,4.50,no_role_depth,role_depth_v6,1,1,1950,1950,63897600,63897600,89.926,88.788,12.202,14.688,0,0,0.000000,2.486,20.303,24.219,3.915,4.332900,4.322700,-0.010200,seo-compute-01,rush-compute-02,0,0
100000000,dolma_sample,1337,4.40,full,no_role_depth,1,1,2350,2450,77004800,80281600,81.374,80.897,17.832,15.331,3276800,100,0.042553,-2.501,24.401,20.303,-4.097,4.320515,4.332900,0.012385,,seo-compute-01,,0
100000000,dolma_sample,1337,4.40,full,role_depth_v2,1,1,2350,2350,77004800,77004800,81.374,81.112,17.832,15.175,0,0,0.000000,-2.657,24.401,20.886,-3.515,4.320515,4.316649,-0.003865,,seo-compute-01,,0
100000000,dolma_sample,1337,4.40,full,role_depth_v3,1,1,2350,2450,77004800,80281600,81.374,80.785,17.832,15.934,3276800,100,0.042553,-1.897,24.401,21.076,-3.325,4.320515,4.331314,0.010799,,zabih-compute-01,,0
100000000,dolma_sample,1337,4.40,full,role_depth_v4,1,1,2350,2350,77004800,77004800,81.374,81.375,17.832,18.074,0,0,0.000000,0.242,24.401,24.710,0.309,4.320515,4.321208,0.000693,,badfellow,,0
100000000,dolma_sample,1337,4.40,full,role_depth_v5,1,1,2350,2350,77004800,77004800,81.374,81.225,17.832,15.828,0,0,0.000000,-2.004,24.401,21.740,-2.661,4.320515,4.318536,-0.001979,,elor-compute-01,,0
100000000,dolma_sample,1337,4.40,full,role_depth_v6,1,1,2350,2350,77004800,77004800,81.374,81.404,17.832,17.701,0,0,0.000000,-0.131,24.401,24.219,-0.182,4.320515,4.322700,0.002185,,rush-compute-02,,0
100000000,dolma_sample,1337,4.40,no_role_depth,full,1,1,2450,2350,80281600,77004800,80.897,81.374,15.331,17.832,-3276800,-100,-0.040816,2.501,20.303,24.401,4.097,4.332900,4.320515,-0.012385,seo-compute-01,,0,
100000000,dolma_sample,1337,4.40,no_role_depth,role_depth_v2,1,1,2450,2350,80281600,77004800,80.897,81.112,15.331,15.175,-3276800,-100,-0.040816,-0.156,20.303,20.886,0.582,4.332900,4.316649,-0.016250,seo-compute-01,seo-compute-01,0,0
100000000,dolma_sample,1337,4.40,no_role_depth,role_depth_v3,1,1,2450,2450,80281600,80281600,80.897,80.785,15.331,15.934,0,0,0.000000,0.604,20.303,21.076,0.772,4.332900,4.331314,-0.001585,seo-compute-01,zabih-compute-01,0,0
100000000,dolma_sample,1337,4.40,no_role_depth,role_depth_v4,1,1,2450,2350,80281600,77004800,80.897,81.375,15.331,18.074,-3276800,-100,-0.040816,2.743,20.303,24.710,4.407,4.332900,4.321208,-0.011692,seo-compute-01,badfellow,0,0
100000000,dolma_sample,1337,4.40,no_role_depth,role_depth_v5,1,1,2450,2350,80281600,77004800,80.897,81.225,15.331,15.828,-3276800,-100,-0.040816,0.497,20.303,21.740,1.437,4.332900,4.318536,-0.014364,seo-compute-01,elor-compute-01,0,0
100000000,dolma_sample,1337,4.40,no_role_depth,role_depth_v6,1,1,2450,2350,80281600,77004800,80.897,81.404,15.331,17.701,-3276800,-100,-0.040816,2.370,20.303,24.219,3.915,4.332900,4.322700,-0.010200,seo-compute-01,rush-compute-02,0,0
100000000,dolma_sample,1337,4.35,full,no_role_depth,1,1,2750,2850,90112000,93388800,77.049,77.237,20.867,17.834,3276800,100,0.036364,-3.033,24.401,20.303,-4.097,4.320515,4.332900,0.012385,,seo-compute-01,,0
100000000,dolma_sample,1337,4.35,full,role_depth_v2,1,1,2750,2700,90112000,88473600,77.049,77.206,20.867,17.435,-1638400,-50,-0.018182,-3.432,24.401,20.886,-3.515,4.320515,4.316649,-0.003865,,seo-compute-01,,0
100000000,dolma_sample,1337,4.35,full,role_depth_v3,1,1,2750,2850,90112000,93388800,77.049,77.152,20.867,18.536,3276800,100,0.036364,-2.331,24.401,21.076,-3.325,4.320515,4.331314,0.010799,,zabih-compute-01,,0
100000000,dolma_sample,1337,4.35,full,role_depth_v4,1,1,2750,2750,90112000,90112000,77.049,77.013,20.867,21.150,0,0,0.000000,0.283,24.401,24.710,0.309,4.320515,4.321208,0.000693,,badfellow,,0
100000000,dolma_sample,1337,4.35,full,role_depth_v5,1,1,2750,2700,90112000,88473600,77.049,77.267,20.867,18.185,-1638400,-50,-0.018182,-2.682,24.401,21.740,-2.661,4.320515,4.318536,-0.001979,,elor-compute-01,,0
100000000,dolma_sample,1337,4.35,full,role_depth_v6,1,1,2750,2750,90112000,90112000,77.049,77.137,20.867,20.714,0,0,0.000000,-0.153,24.401,24.219,-0.182,4.320515,4.322700,0.002185,,rush-compute-02,,0
100000000,dolma_sample,1337,4.35,no_role_depth,full,1,1,2850,2750,93388800,90112000,77.237,77.049,17.834,20.867,-3276800,-100,-0.035088,3.033,20.303,24.401,4.097,4.332900,4.320515,-0.012385,seo-compute-01,,0,
100000000,dolma_sample,1337,4.35,no_role_depth,role_depth_v2,1,1,2850,2700,93388800,88473600,77.237,77.206,17.834,17.435,-4915200,-150,-0.052632,-0.399,20.303,20.886,0.582,4.332900,4.316649,-0.016250,seo-compute-01,seo-compute-01,0,0
100000000,dolma_sample,1337,4.35,no_role_depth,role_depth_v3,1,1,2850,2850,93388800,93388800,77.237,77.152,17.834,18.536,0,0,0.000000,0.702,20.303,21.076,0.772,4.332900,4.331314,-0.001585,seo-compute-01,zabih-compute-01,0,0
100000000,dolma_sample,1337,4.35,no_role_depth,role_depth_v4,1,1,2850,2750,93388800,90112000,77.237,77.013,17.834,21.150,-3276800,-100,-0.035088,3.316,20.303,24.710,4.407,4.332900,4.321208,-0.011692,seo-compute-01,badfellow,0,0
100000000,dolma_sample,1337,4.35,no_role_depth,role_depth_v5,1,1,2850,2700,93388800,88473600,77.237,77.267,17.834,18.185,-4915200,-150,-0.052632,0.351,20.303,21.740,1.437,4.332900,4.318536,-0.014364,seo-compute-01,elor-compute-01,0,0
100000000,dolma_sample,1337,4.35,no_role_depth,role_depth_v6,1,1,2850,2750,93388800,90112000,77.237,77.137,17.834,20.714,-3276800,-100,-0.035088,2.880,20.303,24.219,3.915,4.332900,4.322700,-0.010200,seo-compute-01,rush-compute-02,0,0
100000000,dolma_sample,2027,5.00,full,no_role_depth,1,1,950,1000,31129600,32768000,146.585,143.337,6.587,8.129,1638400,50,0.052632,1.542,22.439,26.119,3.680,4.331018,4.342288,0.011270,,ellis-compute-02,,0
100000000,dolma_sample,2027,5.00,full,role_depth_v2,1,1,950,950,31129600,31129600,146.585,146.663,6.587,6.079,0,0,0.000000,-0.508,22.439,20.741,-1.698,4.331018,4.326041,-0.004977,,elor-compute-01,,0
100000000,dolma_sample,2027,5.00,full,role_depth_v3,1,1,950,1000,31129600,32768000,146.585,143.242,6.587,7.480,1638400,50,0.052632,0.893,22.439,24.197,1.758,4.331018,4.342515,0.011497,,damle-compute-01,,0
100000000,dolma_sample,2027,5.00,full,role_depth_v4,1,1,950,950,31129600,31129600,146.585,146.799,6.587,6.346,0,0,0.000000,-0.242,22.439,21.620,-0.819,4.331018,4.331238,0.000220,,zabih-compute-01,,0
100000000,dolma_sample,2027,5.00,full,role_depth_v5,1,1,950,950,31129600,31129600,146.585,147.417,6.587,6.952,0,0,0.000000,0.365,22.439,23.584,1.145,4.331018,4.328745,-0.002273,,rush-compute-02,,1
100000000,dolma_sample,2027,5.00,full,role_depth_v6,1,1,950,950,31129600,31129600,146.585,146.676,6.587,6.726,0,0,0.000000,0.139,22.439,22.824,0.385,4.331018,4.331207,0.000189,,elor-compute-01,,0
100000000,dolma_sample,2027,5.00,no_role_depth,full,1,1,1000,950,32768000,31129600,143.337,146.585,8.129,6.587,-1638400,-50,-0.050000,-1.542,26.119,22.439,-3.680,4.342288,4.331018,-0.011270,ellis-compute-02,,0,
100000000,dolma_sample,2027,5.00,no_role_depth,role_depth_v2,1,1,1000,950,32768000,31129600,143.337,146.663,8.129,6.079,-1638400,-50,-0.050000,-2.050,26.119,20.741,-5.378,4.342288,4.326041,-0.016247,ellis-compute-02,elor-compute-01,0,0
100000000,dolma_sample,2027,5.00,no_role_depth,role_depth_v3,1,1,1000,1000,32768000,32768000,143.337,143.242,8.129,7.480,0,0,0.000000,-0.649,26.119,24.197,-1.922,4.342288,4.342515,0.000227,ellis-compute-02,damle-compute-01,0,0
100000000,dolma_sample,2027,5.00,no_role_depth,role_depth_v4,1,1,1000,950,32768000,31129600,143.337,146.799,8.129,6.346,-1638400,-50,-0.050000,-1.783,26.119,21.620,-4.500,4.342288,4.331238,-0.011050,ellis-compute-02,zabih-compute-01,0,0
100000000,dolma_sample,2027,5.00,no_role_depth,role_depth_v5,1,1,1000,950,32768000,31129600,143.337,147.417,8.129,6.952,-1638400,-50,-0.050000,-1.176,26.119,23.584,-2.535,4.342288,4.328745,-0.013543,ellis-compute-02,rush-compute-02,0,1
100000000,dolma_sample,2027,5.00,no_role_depth,role_depth_v6,1,1,1000,950,32768000,31129600,143.337,146.676,8.129,6.726,-1638400,-50,-0.050000,-1.403,26.119,22.824,-3.295,4.342288,4.331207,-0.011081,ellis-compute-02,elor-compute-01,0,0
100000000,dolma_sample,2027,4.80,full,no_role_depth,1,1,1200,1250,39321600,40960000,121.005,118.902,8.321,10.161,1638400,50,0.041667,1.841,22.439,26.119,3.680,4.331018,4.342288,0.011270,,ellis-compute-02,,0
100000000,dolma_sample,2027,4.80,full,role_depth_v2,1,1,1200,1200,39321600,39321600,121.005,121.384,8.321,7.679,0,0,0.000000,-0.642,22.439,20.741,-1.698,4.331018,4.326041,-0.004977,,elor-compute-01,,0
100000000,dolma_sample,2027,4.80,full,role_depth_v3,1,1,1200,1250,39321600,40960000,121.005,119.072,8.321,9.350,1638400,50,0.041667,1.029,22.439,24.197,1.758,4.331018,4.342515,0.011497,,damle-compute-01,,0
100000000,dolma_sample,2027,4.80,full,role_depth_v4,1,1,1200,1200,39321600,39321600,121.005,120.935,8.321,8.015,0,0,0.000000,-0.305,22.439,21.620,-0.819,4.331018,4.331238,0.000220,,zabih-compute-01,,0
100000000,dolma_sample,2027,4.80,full,role_depth_v5,1,1,1200,1200,39321600,39321600,121.005,120.389,8.321,8.782,0,0,0.000000,0.461,22.439,23.584,1.145,4.331018,4.328745,-0.002273,,rush-compute-02,,1
100000000,dolma_sample,2027,4.80,full,role_depth_v6,1,1,1200,1200,39321600,39321600,121.005,120.643,8.321,8.496,0,0,0.000000,0.175,22.439,22.824,0.385,4.331018,4.331207,0.000189,,elor-compute-01,,0
100000000,dolma_sample,2027,4.80,no_role_depth,full,1,1,1250,1200,40960000,39321600,118.902,121.005,10.161,8.321,-1638400,-50,-0.040000,-1.841,26.119,22.439,-3.680,4.342288,4.331018,-0.011270,ellis-compute-02,,0,
100000000,dolma_sample,2027,4.80,no_role_depth,role_depth_v2,1,1,1250,1200,40960000,39321600,118.902,121.384,10.161,7.679,-1638400,-50,-0.040000,-2.482,26.119,20.741,-5.378,4.342288,4.326041,-0.016247,ellis-compute-02,elor-compute-01,0,0
100000000,dolma_sample,2027,4.80,no_role_depth,role_depth_v3,1,1,1250,1250,40960000,40960000,118.902,119.072,10.161,9.350,0,0,0.000000,-0.811,26.119,24.197,-1.922,4.342288,4.342515,0.000227,ellis-compute-02,damle-compute-01,0,0
100000000,dolma_sample,2027,4.80,no_role_depth,role_depth_v4,1,1,1250,1200,40960000,39321600,118.902,120.935,10.161,8.015,-1638400,-50,-0.040000,-2.146,26.119,21.620,-4.500,4.342288,4.331238,-0.011050,ellis-compute-02,zabih-compute-01,0,0
100000000,dolma_sample,2027,4.80,no_role_depth,role_depth_v5,1,1,1250,1200,40960000,39321600,118.902,120.389,10.161,8.782,-1638400,-50,-0.040000,-1.379,26.119,23.584,-2.535,4.342288,4.328745,-0.013543,ellis-compute-02,rush-compute-02,0,1
100000000,dolma_sample,2027,4.80,no_role_depth,role_depth_v6,1,1,1250,1200,40960000,39321600,118.902,120.643,10.161,8.496,-1638400,-50,-0.040000,-1.666,26.119,22.824,-3.295,4.342288,4.331207,-0.011081,ellis-compute-02,elor-compute-01,0,0
100000000,dolma_sample,2027,4.60,full,no_role_depth,1,1,1650,1700,54067200,55705600,98.103,97.828,11.441,13.819,1638400,50,0.030303,2.378,22.439,26.119,3.680,4.331018,4.342288,0.011270,,ellis-compute-02,,0
100000000,dolma_sample,2027,4.60,full,role_depth_v2,1,1,1650,1650,54067200,54067200,98.103,98.186,11.441,10.559,0,0,0.000000,-0.882,22.439,20.741,-1.698,4.331018,4.326041,-0.004977,,elor-compute-01,,0
100000000,dolma_sample,2027,4.60,full,role_depth_v3,1,1,1650,1700,54067200,55705600,98.103,97.823,11.441,12.716,1638400,50,0.030303,1.275,22.439,24.197,1.758,4.331018,4.342515,0.011497,,damle-compute-01,,0
100000000,dolma_sample,2027,4.60,full,role_depth_v4,1,1,1650,1650,54067200,54067200,98.103,98.212,11.441,11.021,0,0,0.000000,-0.420,22.439,21.620,-0.819,4.331018,4.331238,0.000220,,zabih-compute-01,,0
100000000,dolma_sample,2027,4.60,full,role_depth_v5,1,1,1650,1650,54067200,54067200,98.103,98.168,11.441,12.075,0,0,0.000000,0.634,22.439,23.584,1.145,4.331018,4.328745,-0.002273,,rush-compute-02,,1
100000000,dolma_sample,2027,4.60,full,role_depth_v6,1,1,1650,1650,54067200,54067200,98.103,98.085,11.441,11.681,0,0,0.000000,0.241,22.439,22.824,0.385,4.331018,4.331207,0.000189,,elor-compute-01,,0
100000000,dolma_sample,2027,4.60,no_role_depth,full,1,1,1700,1650,55705600,54067200,97.828,98.103,13.819,11.441,-1638400,-50,-0.029412,-2.378,26.119,22.439,-3.680,4.342288,4.331018,-0.011270,ellis-compute-02,,0,
100000000,dolma_sample,2027,4.60,no_role_depth,role_depth_v2,1,1,1700,1650,55705600,54067200,97.828,98.186,13.819,10.559,-1638400,-50,-0.029412,-3.260,26.119,20.741,-5.378,4.342288,4.326041,-0.016247,ellis-compute-02,elor-compute-01,0,0
100000000,dolma_sample,2027,4.60,no_role_depth,role_depth_v3,1,1,1700,1700,55705600,55705600,97.828,97.823,13.819,12.716,0,0,0.000000,-1.103,26.119,24.197,-1.922,4.342288,4.342515,0.000227,ellis-compute-02,damle-compute-01,0,0
100000000,dolma_sample,2027,4.60,no_role_depth,role_depth_v4,1,1,1700,1650,55705600,54067200,97.828,98.212,13.819,11.021,-1638400,-50,-0.029412,-2.798,26.119,21.620,-4.500,4.342288,4.331238,-0.011050,ellis-compute-02,zabih-compute-01,0,0
100000000,dolma_sample,2027,4.60,no_role_depth,role_depth_v5,1,1,1700,1650,55705600,54067200,97.828,98.168,13.819,12.075,-1638400,-50,-0.029412,-1.744,26.119,23.584,-2.535,4.342288,4.328745,-0.013543,ellis-compute-02,rush-compute-02,0,1
100000000,dolma_sample,2027,4.60,no_role_depth,role_depth_v6,1,1,1700,1650,55705600,54067200,97.828,98.085,13.819,11.681,-1638400,-50,-0.029412,-2.138,26.119,22.824,-3.295,4.342288,4.331207,-0.011081,ellis-compute-02,elor-compute-01,0,0
100000000,dolma_sample,2027,4.50,full,no_role_depth,1,1,1950,2000,63897600,65536000,89.441,89.406,13.521,16.258,1638400,50,0.025641,2.737,22.439,26.119,3.680,4.331018,4.342288,0.011270,,ellis-compute-02,,0
100000000,dolma_sample,2027,4.50,full,role_depth_v2,1,1,1950,1950,63897600,63897600,89.441,89.347,13.521,12.478,0,0,0.000000,-1.043,22.439,20.741,-1.698,4.331018,4.326041,-0.004977,,elor-compute-01,,0
100000000,dolma_sample,2027,4.50,full,role_depth_v3,1,1,1950,2000,63897600,65536000,89.441,89.322,13.521,14.960,1638400,50,0.025641,1.439,22.439,24.197,1.758,4.331018,4.342515,0.011497,,damle-compute-01,,0
100000000,dolma_sample,2027,4.50,full,role_depth_v4,1,1,1950,1950,63897600,63897600,89.441,89.503,13.521,13.025,0,0,0.000000,-0.496,22.439,21.620,-0.819,4.331018,4.331238,0.000220,,zabih-compute-01,,0
100000000,dolma_sample,2027,4.50,full,role_depth_v5,1,1,1950,1950,63897600,63897600,89.441,89.349,13.521,14.271,0,0,0.000000,0.750,22.439,23.584,1.145,4.331018,4.328745,-0.002273,,rush-compute-02,,1
100000000,dolma_sample,2027,4.50,full,role_depth_v6,1,1,1950,1950,63897600,63897600,89.441,89.466,13.521,13.805,0,0,0.000000,0.284,22.439,22.824,0.385,4.331018,4.331207,0.000189,,elor-compute-01,,0
100000000,dolma_sample,2027,4.50,no_role_depth,full,1,1,2000,1950,65536000,63897600,89.406,89.441,16.258,13.521,-1638400,-50,-0.025000,-2.737,26.119,22.439,-3.680,4.342288,4.331018,-0.011270,ellis-compute-02,,0,
100000000,dolma_sample,2027,4.50,no_role_depth,role_depth_v2,1,1,2000,1950,65536000,63897600,89.406,89.347,16.258,12.478,-1638400,-50,-0.025000,-3.779,26.119,20.741,-5.378,4.342288,4.326041,-0.016247,ellis-compute-02,elor-compute-01,0,0
100000000,dolma_sample,2027,4.50,no_role_depth,role_depth_v3,1,1,2000,2000,65536000,65536000,89.406,89.322,16.258,14.960,0,0,0.000000,-1.298,26.119,24.197,-1.922,4.342288,4.342515,0.000227,ellis-compute-02,damle-compute-01,0,0
100000000,dolma_sample,2027,4.50,no_role_depth,role_depth_v4,1,1,2000,1950,65536000,63897600,89.406,89.503,16.258,13.025,-1638400,-50,-0.025000,-3.233,26.119,21.620,-4.500,4.342288,4.331238,-0.011050,ellis-compute-02,zabih-compute-01,0,0
100000000,dolma_sample,2027,4.50,no_role_depth,role_depth_v5,1,1,2000,1950,65536000,63897600,89.406,89.349,16.258,14.271,-1638400,-50,-0.025000,-1.987,26.119,23.584,-2.535,4.342288,4.328745,-0.013543,ellis-compute-02,rush-compute-02,0,1
100000000,dolma_sample,2027,4.50,no_role_depth,role_depth_v6,1,1,2000,1950,65536000,63897600,89.406,89.466,16.258,13.805,-1638400,-50,-0.025000,-2.452,26.119,22.824,-3.295,4.342288,4.331207,-0.011081,ellis-compute-02,elor-compute-01,0,0
100000000,dolma_sample,2027,4.40,full,no_role_depth,1,1,2400,2500,78643200,81920000,81.355,81.025,16.641,20.322,3276800,100,0.041667,3.681,22.439,26.119,3.680,4.331018,4.342288,0.011270,,ellis-compute-02,,0
100000000,dolma_sample,2027,4.40,full,role_depth_v2,1,1,2400,2400,78643200,78643200,81.355,81.082,16.641,15.358,0,0,0.000000,-1.283,22.439,20.741,-1.698,4.331018,4.326041,-0.004977,,elor-compute-01,,0
100000000,dolma_sample,2027,4.40,full,role_depth_v3,1,1,2400,2500,78643200,81920000,81.355,81.007,16.641,18.700,3276800,100,0.041667,2.058,22.439,24.197,1.758,4.331018,4.342515,0.011497,,damle-compute-01,,0
100000000,dolma_sample,2027,4.40,full,role_depth_v4,1,1,2400,2400,78643200,78643200,81.355,81.345,16.641,16.031,0,0,0.000000,-0.610,22.439,21.620,-0.819,4.331018,4.331238,0.000220,,zabih-compute-01,,0
100000000,dolma_sample,2027,4.40,full,role_depth_v5,1,1,2400,2400,78643200,78643200,81.355,81.160,16.641,17.564,0,0,0.000000,0.923,22.439,23.584,1.145,4.331018,4.328745,-0.002273,,rush-compute-02,,1
100000000,dolma_sample,2027,4.40,full,role_depth_v6,1,1,2400,2400,78643200,78643200,81.355,81.352,16.641,16.991,0,0,0.000000,0.350,22.439,22.824,0.385,4.331018,4.331207,0.000189,,elor-compute-01,,0
100000000,dolma_sample,2027,4.40,no_role_depth,full,1,1,2500,2400,81920000,78643200,81.025,81.355,20.322,16.641,-3276800,-100,-0.040000,-3.681,26.119,22.439,-3.680,4.342288,4.331018,-0.011270,ellis-compute-02,,0,
100000000,dolma_sample,2027,4.40,no_role_depth,role_depth_v2,1,1,2500,2400,81920000,78643200,81.025,81.082,20.322,15.358,-3276800,-100,-0.040000,-4.964,26.119,20.741,-5.378,4.342288,4.326041,-0.016247,ellis-compute-02,elor-compute-01,0,0
100000000,dolma_sample,2027,4.40,no_role_depth,role_depth_v3,1,1,2500,2500,81920000,81920000,81.025,81.007,20.322,18.700,0,0,0.000000,-1.623,26.119,24.197,-1.922,4.342288,4.342515,0.000227,ellis-compute-02,damle-compute-01,0,0
100000000,dolma_sample,2027,4.40,no_role_depth,role_depth_v4,1,1,2500,2400,81920000,78643200,81.025,81.345,20.322,16.031,-3276800,-100,-0.040000,-4.291,26.119,21.620,-4.500,4.342288,4.331238,-0.011050,ellis-compute-02,zabih-compute-01,0,0
100000000,dolma_sample,2027,4.40,no_role_depth,role_depth_v5,1,1,2500,2400,81920000,78643200,81.025,81.160,20.322,17.564,-3276800,-100,-0.040000,-2.758,26.119,23.584,-2.535,4.342288,4.328745,-0.013543,ellis-compute-02,rush-compute-02,0,1
100000000,dolma_sample,2027,4.40,no_role_depth,role_depth_v6,1,1,2500,2400,81920000,78643200,81.025,81.352,20.322,16.991,-3276800,-100,-0.040000,-3.331,26.119,22.824,-3.295,4.342288,4.331207,-0.011081,ellis-compute-02,elor-compute-01,0,0
100000000,dolma_sample,2027,4.35,full,no_role_depth,1,1,2800,2950,91750400,96665600,77.405,77.354,19.415,23.980,4915200,150,0.053571,4.565,22.439,26.119,3.680,4.331018,4.342288,0.011270,,ellis-compute-02,,0
100000000,dolma_sample,2027,4.35,full,role_depth_v2,1,1,2800,2750,91750400,90112000,77.405,77.386,19.415,17.598,-1638400,-50,-0.017857,-1.817,22.439,20.741,-1.698,4.331018,4.326041,-0.004977,,elor-compute-01,,0
100000000,dolma_sample,2027,4.35,full,role_depth_v3,1,1,2800,2950,91750400,96665600,77.405,77.385,19.415,22.066,4915200,150,0.053571,2.651,22.439,24.197,1.758,4.331018,4.342515,0.011497,,damle-compute-01,,0
100000000,dolma_sample,2027,4.35,full,role_depth_v4,1,1,2800,2800,91750400,91750400,77.405,77.341,19.415,18.703,0,0,0.000000,-0.712,22.439,21.620,-0.819,4.331018,4.331238,0.000220,,zabih-compute-01,,0
100000000,dolma_sample,2027,4.35,full,role_depth_v5,1,1,2800,2800,91750400,91750400,77.405,77.255,19.415,20.491,0,0,0.000000,1.077,22.439,23.584,1.145,4.331018,4.328745,-0.002273,,rush-compute-02,,1
100000000,dolma_sample,2027,4.35,full,role_depth_v6,1,1,2800,2850,91750400,93388800,77.405,77.175,19.415,20.177,1638400,50,0.017857,0.762,22.439,22.824,0.385,4.331018,4.331207,0.000189,,elor-compute-01,,0
100000000,dolma_sample,2027,4.35,no_role_depth,full,1,1,2950,2800,96665600,91750400,77.354,77.405,23.980,19.415,-4915200,-150,-0.050847,-4.565,26.119,22.439,-3.680,4.342288,4.331018,-0.011270,ellis-compute-02,,0,
100000000,dolma_sample,2027,4.35,no_role_depth,role_depth_v2,1,1,2950,2750,96665600,90112000,77.354,77.386,23.980,17.598,-6553600,-200,-0.067797,-6.382,26.119,20.741,-5.378,4.342288,4.326041,-0.016247,ellis-compute-02,elor-compute-01,0,0
100000000,dolma_sample,2027,4.35,no_role_depth,role_depth_v3,1,1,2950,2950,96665600,96665600,77.354,77.385,23.980,22.066,0,0,0.000000,-1.915,26.119,24.197,-1.922,4.342288,4.342515,0.000227,ellis-compute-02,damle-compute-01,0,0
100000000,dolma_sample,2027,4.35,no_role_depth,role_depth_v4,1,1,2950,2800,96665600,91750400,77.354,77.341,23.980,18.703,-4915200,-150,-0.050847,-5.278,26.119,21.620,-4.500,4.342288,4.331238,-0.011050,ellis-compute-02,zabih-compute-01,0,0
100000000,dolma_sample,2027,4.35,no_role_depth,role_depth_v5,1,1,2950,2800,96665600,91750400,77.354,77.255,23.980,20.491,-4915200,-150,-0.050847,-3.489,26.119,23.584,-2.535,4.342288,4.328745,-0.013543,ellis-compute-02,rush-compute-02,0,1
100000000,dolma_sample,2027,4.35,no_role_depth,role_depth_v6,1,1,2950,2850,96665600,93388800,77.354,77.175,23.980,20.177,-3276800,-100,-0.033898,-3.803,26.119,22.824,-3.295,4.342288,4.331207,-0.011081,ellis-compute-02,elor-compute-01,0,0
100000000,dolma_sample,3407,5.00,full,no_role_depth,1,1,1000,1000,32768000,32768000,144.419,147.412,7.553,6.513,0,0,0.000000,-1.040,24.314,21.083,-3.231,4.324468,4.338317,0.013849,,zabih-compute-01,,0
100000000,dolma_sample,3407,5.00,full,role_depth_v2,1,1,1000,1000,32768000,32768000,144.419,144.571,7.553,6.669,0,0,0.000000,-0.884,24.314,21.572,-2.742,4.324468,4.321068,-0.003399,,zabih-compute-01,,0
100000000,dolma_sample,3407,5.00,full,role_depth_v3,1,1,1000,1000,32768000,32768000,144.419,146.425,7.553,7.870,0,0,0.000000,0.317,24.314,25.261,0.947,4.324468,4.337494,0.013027,,nikola-compute-18,,0
100000000,dolma_sample,3407,5.00,full,role_depth_v4,1,1,1000,1000,32768000,32768000,144.419,144.203,7.553,8.204,0,0,0.000000,0.652,24.314,26.235,1.920,4.324468,4.324802,0.000335,,nikola-compute-18,,0
100000000,dolma_sample,3407,5.00,full,role_depth_v5,1,1,1000,1000,32768000,32768000,144.419,144.985,7.553,7.339,0,0,0.000000,-0.214,24.314,23.620,-0.694,4.324468,4.322758,-0.001710,,rush-compute-02,,0
100000000,dolma_sample,3407,5.00,full,role_depth_v6,1,1,1000,1000,32768000,32768000,144.419,143.957,7.553,7.716,0,0,0.000000,0.164,24.314,24.891,0.577,4.324468,4.326100,0.001633,,damle-compute-01,,0
100000000,dolma_sample,3407,5.00,no_role_depth,full,1,1,1000,1000,32768000,32768000,147.412,144.419,6.513,7.553,0,0,0.000000,1.040,21.083,24.314,3.231,4.338317,4.324468,-0.013849,zabih-compute-01,,0,
100000000,dolma_sample,3407,5.00,no_role_depth,role_depth_v2,1,1,1000,1000,32768000,32768000,147.412,144.571,6.513,6.669,0,0,0.000000,0.156,21.083,21.572,0.490,4.338317,4.321068,-0.017249,zabih-compute-01,zabih-compute-01,0,0
100000000,dolma_sample,3407,5.00,no_role_depth,role_depth_v3,1,1,1000,1000,32768000,32768000,147.412,146.425,6.513,7.870,0,0,0.000000,1.357,21.083,25.261,4.178,4.338317,4.337494,-0.000823,zabih-compute-01,nikola-compute-18,0,0
100000000,dolma_sample,3407,5.00,no_role_depth,role_depth_v4,1,1,1000,1000,32768000,32768000,147.412,144.203,6.513,8.204,0,0,0.000000,1.692,21.083,26.235,5.152,4.338317,4.324802,-0.013515,zabih-compute-01,nikola-compute-18,0,0
100000000,dolma_sample,3407,5.00,no_role_depth,role_depth_v5,1,1,1000,1000,32768000,32768000,147.412,144.985,6.513,7.339,0,0,0.000000,0.826,21.083,23.620,2.537,4.338317,4.322758,-0.015559,zabih-compute-01,rush-compute-02,0,0
100000000,dolma_sample,3407,5.00,no_role_depth,role_depth_v6,1,1,1000,1000,32768000,32768000,147.412,143.957,6.513,7.716,0,0,0.000000,1.204,21.083,24.891,3.808,4.338317,4.326100,-0.012217,zabih-compute-01,damle-compute-01,0,0
100000000,dolma_sample,3407,4.80,full,no_role_depth,1,1,1250,1300,40960000,42598400,119.539,119.150,9.441,8.467,1638400,50,0.040000,-0.974,24.314,21.083,-3.231,4.324468,4.338317,0.013849,,zabih-compute-01,,0
100000000,dolma_sample,3407,4.80,full,role_depth_v2,1,1,1250,1250,40960000,40960000,119.539,119.562,9.441,8.336,0,0,0.000000,-1.104,24.314,21.572,-2.742,4.324468,4.321068,-0.003399,,zabih-compute-01,,0
100000000,dolma_sample,3407,4.80,full,role_depth_v3,1,1,1250,1300,40960000,42598400,119.539,118.190,9.441,10.231,1638400,50,0.040000,0.790,24.314,25.261,0.947,4.324468,4.337494,0.013027,,nikola-compute-18,,0
100000000,dolma_sample,3407,4.80,full,role_depth_v4,1,1,1250,1250,40960000,40960000,119.539,119.135,9.441,10.255,0,0,0.000000,0.815,24.314,26.235,1.920,4.324468,4.324802,0.000335,,nikola-compute-18,,0
100000000,dolma_sample,3407,4.80,full,role_depth_v5,1,1,1250,1250,40960000,40960000,119.539,119.413,9.441,9.173,0,0,0.000000,-0.268,24.314,23.620,-0.694,4.324468,4.322758,-0.001710,,rush-compute-02,,0
100000000,dolma_sample,3407,4.80,full,role_depth_v6,1,1,1250,1250,40960000,40960000,119.539,119.033,9.441,9.646,0,0,0.000000,0.205,24.314,24.891,0.577,4.324468,4.326100,0.001633,,damle-compute-01,,0
100000000,dolma_sample,3407,4.80,no_role_depth,full,1,1,1300,1250,42598400,40960000,119.150,119.539,8.467,9.441,-1638400,-50,-0.038462,0.974,21.083,24.314,3.231,4.338317,4.324468,-0.013849,zabih-compute-01,,0,
100000000,dolma_sample,3407,4.80,no_role_depth,role_depth_v2,1,1,1300,1250,42598400,40960000,119.150,119.562,8.467,8.336,-1638400,-50,-0.038462,-0.130,21.083,21.572,0.490,4.338317,4.321068,-0.017249,zabih-compute-01,zabih-compute-01,0,0
100000000,dolma_sample,3407,4.80,no_role_depth,role_depth_v3,1,1,1300,1300,42598400,42598400,119.150,118.190,8.467,10.231,0,0,0.000000,1.764,21.083,25.261,4.178,4.338317,4.337494,-0.000823,zabih-compute-01,nikola-compute-18,0,0
100000000,dolma_sample,3407,4.80,no_role_depth,role_depth_v4,1,1,1300,1250,42598400,40960000,119.150,119.135,8.467,10.255,-1638400,-50,-0.038462,1.789,21.083,26.235,5.152,4.338317,4.324802,-0.013515,zabih-compute-01,nikola-compute-18,0,0
100000000,dolma_sample,3407,4.80,no_role_depth,role_depth_v5,1,1,1300,1250,42598400,40960000,119.150,119.413,8.467,9.173,-1638400,-50,-0.038462,0.706,21.083,23.620,2.537,4.338317,4.322758,-0.015559,zabih-compute-01,rush-compute-02,0,0
100000000,dolma_sample,3407,4.80,no_role_depth,role_depth_v6,1,1,1300,1250,42598400,40960000,119.150,119.033,8.467,9.646,-1638400,-50,-0.038462,1.179,21.083,24.891,3.808,4.338317,4.326100,-0.012217,zabih-compute-01,damle-compute-01,0,0
100000000,dolma_sample,3407,4.60,full,no_role_depth,1,1,1650,1700,54067200,55705600,98.483,98.349,12.462,11.072,1638400,50,0.030303,-1.390,24.314,21.083,-3.231,4.324468,4.338317,0.013849,,zabih-compute-01,,0
100000000,dolma_sample,3407,4.60,full,role_depth_v2,1,1,1650,1650,54067200,54067200,98.483,98.223,12.462,11.004,0,0,0.000000,-1.458,24.314,21.572,-2.742,4.324468,4.321068,-0.003399,,zabih-compute-01,,0
100000000,dolma_sample,3407,4.60,full,role_depth_v3,1,1,1650,1700,54067200,55705600,98.483,97.863,12.462,13.378,1638400,50,0.030303,0.917,24.314,25.261,0.947,4.324468,4.337494,0.013027,,nikola-compute-18,,0
100000000,dolma_sample,3407,4.60,full,role_depth_v4,1,1,1650,1650,54067200,54067200,98.483,98.237,12.462,13.537,0,0,0.000000,1.075,24.314,26.235,1.920,4.324468,4.324802,0.000335,,nikola-compute-18,,0
100000000,dolma_sample,3407,4.60,full,role_depth_v5,1,1,1650,1650,54067200,54067200,98.483,98.227,12.462,12.109,0,0,0.000000,-0.353,24.314,23.620,-0.694,4.324468,4.322758,-0.001710,,rush-compute-02,,0
100000000,dolma_sample,3407,4.60,full,role_depth_v6,1,1,1650,1650,54067200,54067200,98.483,98.281,12.462,12.732,0,0,0.000000,0.270,24.314,24.891,0.577,4.324468,4.326100,0.001633,,damle-compute-01,,0
100000000,dolma_sample,3407,4.60,no_role_depth,full,1,1,1700,1650,55705600,54067200,98.349,98.483,11.072,12.462,-1638400,-50,-0.029412,1.390,21.083,24.314,3.231,4.338317,4.324468,-0.013849,zabih-compute-01,,0,
100000000,dolma_sample,3407,4.60,no_role_depth,role_depth_v2,1,1,1700,1650,55705600,54067200,98.349,98.223,11.072,11.004,-1638400,-50,-0.029412,-0.068,21.083,21.572,0.490,4.338317,4.321068,-0.017249,zabih-compute-01,zabih-compute-01,0,0
100000000,dolma_sample,3407,4.60,no_role_depth,role_depth_v3,1,1,1700,1700,55705600,55705600,98.349,97.863,11.072,13.378,0,0,0.000000,2.307,21.083,25.261,4.178,4.338317,4.337494,-0.000823,zabih-compute-01,nikola-compute-18,0,0
100000000,dolma_sample,3407,4.60,no_role_depth,role_depth_v4,1,1,1700,1650,55705600,54067200,98.349,98.237,11.072,13.537,-1638400,-50,-0.029412,2.465,21.083,26.235,5.152,4.338317,4.324802,-0.013515,zabih-compute-01,nikola-compute-18,0,0
100000000,dolma_sample,3407,4.60,no_role_depth,role_depth_v5,1,1,1700,1650,55705600,54067200,98.349,98.227,11.072,12.109,-1638400,-50,-0.029412,1.037,21.083,23.620,2.537,4.338317,4.322758,-0.015559,zabih-compute-01,rush-compute-02,0,0
100000000,dolma_sample,3407,4.60,no_role_depth,role_depth_v6,1,1,1700,1650,55705600,54067200,98.349,98.281,11.072,12.732,-1638400,-50,-0.029412,1.660,21.083,24.891,3.808,4.338317,4.326100,-0.012217,zabih-compute-01,damle-compute-01,0,0
100000000,dolma_sample,3407,4.50,full,no_role_depth,1,1,1950,2000,63897600,65536000,89.484,89.517,14.728,13.026,1638400,50,0.025641,-1.702,24.314,21.083,-3.231,4.324468,4.338317,0.013849,,zabih-compute-01,,0
100000000,dolma_sample,3407,4.50,full,role_depth_v2,1,1,1950,1950,63897600,63897600,89.484,89.451,14.728,13.005,0,0,0.000000,-1.723,24.314,21.572,-2.742,4.324468,4.321068,-0.003399,,zabih-compute-01,,0
100000000,dolma_sample,3407,4.50,full,role_depth_v3,1,1,1950,2000,63897600,65536000,89.484,89.160,14.728,15.739,1638400,50,0.025641,1.012,24.314,25.261,0.947,4.324468,4.337494,0.013027,,nikola-compute-18,,0
100000000,dolma_sample,3407,4.50,full,role_depth_v4,1,1,1950,1950,63897600,63897600,89.484,89.315,14.728,15.999,0,0,0.000000,1.271,24.314,26.235,1.920,4.324468,4.324802,0.000335,,nikola-compute-18,,0
100000000,dolma_sample,3407,4.50,full,role_depth_v5,1,1,1950,1950,63897600,63897600,89.484,89.453,14.728,14.310,0,0,0.000000,-0.417,24.314,23.620,-0.694,4.324468,4.322758,-0.001710,,rush-compute-02,,0
100000000,dolma_sample,3407,4.50,full,role_depth_v6,1,1,1950,1950,63897600,63897600,89.484,89.366,14.728,15.047,0,0,0.000000,0.319,24.314,24.891,0.577,4.324468,4.326100,0.001633,,damle-compute-01,,0
100000000,dolma_sample,3407,4.50,no_role_depth,full,1,1,2000,1950,65536000,63897600,89.517,89.484,13.026,14.728,-1638400,-50,-0.025000,1.702,21.083,24.314,3.231,4.338317,4.324468,-0.013849,zabih-compute-01,,0,
100000000,dolma_sample,3407,4.50,no_role_depth,role_depth_v2,1,1,2000,1950,65536000,63897600,89.517,89.451,13.026,13.005,-1638400,-50,-0.025000,-0.021,21.083,21.572,0.490,4.338317,4.321068,-0.017249,zabih-compute-01,zabih-compute-01,0,0
100000000,dolma_sample,3407,4.50,no_role_depth,role_depth_v3,1,1,2000,2000,65536000,65536000,89.517,89.160,13.026,15.739,0,0,0.000000,2.714,21.083,25.261,4.178,4.338317,4.337494,-0.000823,zabih-compute-01,nikola-compute-18,0,0
100000000,dolma_sample,3407,4.50,no_role_depth,role_depth_v4,1,1,2000,1950,65536000,63897600,89.517,89.315,13.026,15.999,-1638400,-50,-0.025000,2.973,21.083,26.235,5.152,4.338317,4.324802,-0.013515,zabih-compute-01,nikola-compute-18,0,0
100000000,dolma_sample,3407,4.50,no_role_depth,role_depth_v5,1,1,2000,1950,65536000,63897600,89.517,89.453,13.026,14.310,-1638400,-50,-0.025000,1.284,21.083,23.620,2.537,4.338317,4.322758,-0.015559,zabih-compute-01,rush-compute-02,0,0
100000000,dolma_sample,3407,4.50,no_role_depth,role_depth_v6,1,1,2000,1950,65536000,63897600,89.517,89.366,13.026,15.047,-1638400,-50,-0.025000,2.021,21.083,24.891,3.808,4.338317,4.326100,-0.012217,zabih-compute-01,damle-compute-01,0,0
100000000,dolma_sample,3407,4.40,full,no_role_depth,1,1,2400,2450,78643200,80281600,81.017,81.290,18.126,15.956,1638400,50,0.020833,-2.170,24.314,21.083,-3.231,4.324468,4.338317,0.013849,,zabih-compute-01,,0
100000000,dolma_sample,3407,4.40,full,role_depth_v2,1,1,2400,2350,78643200,77004800,81.017,81.405,18.126,15.672,-1638400,-50,-0.020833,-2.454,24.314,21.572,-2.742,4.324468,4.321068,-0.003399,,zabih-compute-01,,0
100000000,dolma_sample,3407,4.40,full,role_depth_v3,1,1,2400,2450,78643200,80281600,81.017,81.274,18.126,19.281,1638400,50,0.020833,1.154,24.314,25.261,0.947,4.324468,4.337494,0.013027,,nikola-compute-18,,0
100000000,dolma_sample,3407,4.40,full,role_depth_v4,1,1,2400,2400,78643200,78643200,81.017,80.995,18.126,19.691,0,0,0.000000,1.564,24.314,26.235,1.920,4.324468,4.324802,0.000335,,nikola-compute-18,,0
100000000,dolma_sample,3407,4.40,full,role_depth_v5,1,1,2400,2350,78643200,77004800,81.017,81.438,18.126,17.246,-1638400,-50,-0.020833,-0.881,24.314,23.620,-0.694,4.324468,4.322758,-0.001710,,rush-compute-02,,0
100000000,dolma_sample,3407,4.40,full,role_depth_v6,1,1,2400,2400,78643200,78643200,81.017,81.112,18.126,18.519,0,0,0.000000,0.393,24.314,24.891,0.577,4.324468,4.326100,0.001633,,damle-compute-01,,0
100000000,dolma_sample,3407,4.40,no_role_depth,full,1,1,2450,2400,80281600,78643200,81.290,81.017,15.956,18.126,-1638400,-50,-0.020408,2.170,21.083,24.314,3.231,4.338317,4.324468,-0.013849,zabih-compute-01,,0,
100000000,dolma_sample,3407,4.40,no_role_depth,role_depth_v2,1,1,2450,2350,80281600,77004800,81.290,81.405,15.956,15.672,-3276800,-100,-0.040816,-0.284,21.083,21.572,0.490,4.338317,4.321068,-0.017249,zabih-compute-01,zabih-compute-01,0,0
100000000,dolma_sample,3407,4.40,no_role_depth,role_depth_v3,1,1,2450,2450,80281600,80281600,81.290,81.274,15.956,19.281,0,0,0.000000,3.324,21.083,25.261,4.178,4.338317,4.337494,-0.000823,zabih-compute-01,nikola-compute-18,0,0
100000000,dolma_sample,3407,4.40,no_role_depth,role_depth_v4,1,1,2450,2400,80281600,78643200,81.290,80.995,15.956,19.691,-1638400,-50,-0.020408,3.734,21.083,26.235,5.152,4.338317,4.324802,-0.013515,zabih-compute-01,nikola-compute-18,0,0
100000000,dolma_sample,3407,4.40,no_role_depth,role_depth_v5,1,1,2450,2350,80281600,77004800,81.290,81.438,15.956,17.246,-3276800,-100,-0.040816,1.289,21.083,23.620,2.537,4.338317,4.322758,-0.015559,zabih-compute-01,rush-compute-02,0,0
100000000,dolma_sample,3407,4.40,no_role_depth,role_depth_v6,1,1,2450,2400,80281600,78643200,81.290,81.112,15.956,18.519,-1638400,-50,-0.020408,2.563,21.083,24.891,3.808,4.338317,4.326100,-0.012217,zabih-compute-01,damle-compute-01,0,0
100000000,dolma_sample,3407,4.35,full,no_role_depth,1,1,2750,2900,90112000,95027200,77.372,77.390,20.770,18.887,4915200,150,0.054545,-1.883,24.314,21.083,-3.231,4.324468,4.338317,0.013849,,zabih-compute-01,,0
100000000,dolma_sample,3407,4.35,full,role_depth_v2,1,1,2750,2700,90112000,88473600,77.372,77.446,20.770,18.006,-1638400,-50,-0.018182,-2.763,24.314,21.572,-2.742,4.324468,4.321068,-0.003399,,zabih-compute-01,,0
100000000,dolma_sample,3407,4.35,full,role_depth_v3,1,1,2750,2900,90112000,95027200,77.372,77.264,20.770,22.822,4915200,150,0.054545,2.052,24.314,25.261,0.947,4.324468,4.337494,0.013027,,nikola-compute-18,,0
100000000,dolma_sample,3407,4.35,full,role_depth_v4,1,1,2750,2750,90112000,90112000,77.372,77.432,20.770,22.562,0,0,0.000000,1.792,24.314,26.235,1.920,4.324468,4.324802,0.000335,,nikola-compute-18,,0
100000000,dolma_sample,3407,4.35,full,role_depth_v5,1,1,2750,2750,90112000,90112000,77.372,77.233,20.770,20.181,0,0,0.000000,-0.589,24.314,23.620,-0.694,4.324468,4.322758,-0.001710,,rush-compute-02,,0
100000000,dolma_sample,3407,4.35,full,role_depth_v6,1,1,2750,2800,90112000,91750400,77.372,77.150,20.770,21.606,1638400,50,0.018182,0.836,24.314,24.891,0.577,4.324468,4.326100,0.001633,,damle-compute-01,,0
100000000,dolma_sample,3407,4.35,no_role_depth,full,1,1,2900,2750,95027200,90112000,77.390,77.372,18.887,20.770,-4915200,-150,-0.051724,1.883,21.083,24.314,3.231,4.338317,4.324468,-0.013849,zabih-compute-01,,0,
100000000,dolma_sample,3407,4.35,no_role_depth,role_depth_v2,1,1,2900,2700,95027200,88473600,77.390,77.446,18.887,18.006,-6553600,-200,-0.068966,-0.881,21.083,21.572,0.490,4.338317,4.321068,-0.017249,zabih-compute-01,zabih-compute-01,0,0
100000000,dolma_sample,3407,4.35,no_role_depth,role_depth_v3,1,1,2900,2900,95027200,95027200,77.390,77.264,18.887,22.822,0,0,0.000000,3.935,21.083,25.261,4.178,4.338317,4.337494,-0.000823,zabih-compute-01,nikola-compute-18,0,0
100000000,dolma_sample,3407,4.35,no_role_depth,role_depth_v4,1,1,2900,2750,95027200,90112000,77.390,77.432,18.887,22.562,-4915200,-150,-0.051724,3.675,21.083,26.235,5.152,4.338317,4.324802,-0.013515,zabih-compute-01,nikola-compute-18,0,0
100000000,dolma_sample,3407,4.35,no_role_depth,role_depth_v5,1,1,2900,2750,95027200,90112000,77.390,77.233,18.887,20.181,-4915200,-150,-0.051724,1.294,21.083,23.620,2.537,4.338317,4.322758,-0.015559,zabih-compute-01,rush-compute-02,0,0
100000000,dolma_sample,3407,4.35,no_role_depth,role_depth_v6,1,1,2900,2800,95027200,91750400,77.390,77.150,18.887,21.606,-3276800,-100,-0.034483,2.719,21.083,24.891,3.808,4.338317,4.326100,-0.012217,zabih-compute-01,damle-compute-01,0,0
100000000,c4_en,1337,5.00,full,no_role_depth,1,1,900,900,29491200,29491200,145.192,147.921,6.252,6.979,0,0,0.000000,0.727,22.481,24.962,2.481,4.261364,4.277005,0.015641,,badfellow,,0
100000000,c4_en,1337,5.00,full,role_depth_v2,1,1,900,900,29491200,29491200,145.192,145.232,6.252,6.158,0,0,0.000000,-0.093,22.481,22.122,-0.359,4.261364,4.258841,-0.002523,,seo-compute-01,,0
100000000,c4_en,1337,5.00,full,role_depth_v3,1,1,900,900,29491200,29491200,145.192,147.576,6.252,5.604,0,0,0.000000,-0.647,22.481,20.194,-2.287,4.261364,4.277341,0.015977,,elor-compute-01,,0
100000000,c4_en,1337,5.00,full,role_depth_v4,1,1,900,900,29491200,29491200,145.192,146.501,6.252,6.973,0,0,0.000000,0.722,22.481,25.020,2.539,4.261364,4.264500,0.003136,,damle-compute-01,,0
100000000,c4_en,1337,5.00,full,role_depth_v5,1,1,900,900,29491200,29491200,145.192,145.468,6.252,6.936,0,0,0.000000,0.684,22.481,24.744,2.264,4.261364,4.260684,-0.000680,,badfellow,,0
100000000,c4_en,1337,5.00,full,role_depth_v6,1,1,900,900,29491200,29491200,145.192,146.267,6.252,7.481,0,0,0.000000,1.229,22.481,26.648,4.167,4.261364,4.265216,0.003852,,nikola-compute-18,,0
100000000,c4_en,1337,5.00,no_role_depth,full,1,1,900,900,29491200,29491200,147.921,145.192,6.979,6.252,0,0,0.000000,-0.727,24.962,22.481,-2.481,4.277005,4.261364,-0.015641,badfellow,,0,
100000000,c4_en,1337,5.00,no_role_depth,role_depth_v2,1,1,900,900,29491200,29491200,147.921,145.232,6.979,6.158,0,0,0.000000,-0.821,24.962,22.122,-2.840,4.277005,4.258841,-0.018164,badfellow,seo-compute-01,0,0
100000000,c4_en,1337,5.00,no_role_depth,role_depth_v3,1,1,900,900,29491200,29491200,147.921,147.576,6.979,5.604,0,0,0.000000,-1.375,24.962,20.194,-4.768,4.277005,4.277341,0.000336,badfellow,elor-compute-01,0,0
100000000,c4_en,1337,5.00,no_role_depth,role_depth_v4,1,1,900,900,29491200,29491200,147.921,146.501,6.979,6.973,0,0,0.000000,-0.006,24.962,25.020,0.058,4.277005,4.264500,-0.012505,badfellow,damle-compute-01,0,0
100000000,c4_en,1337,5.00,no_role_depth,role_depth_v5,1,1,900,900,29491200,29491200,147.921,145.468,6.979,6.936,0,0,0.000000,-0.043,24.962,24.744,-0.217,4.277005,4.260684,-0.016321,badfellow,badfellow,0,0
100000000,c4_en,1337,5.00,no_role_depth,role_depth_v6,1,1,900,900,29491200,29491200,147.921,146.267,6.979,7.481,0,0,0.000000,0.502,24.962,26.648,1.686,4.277005,4.265216,-0.011789,badfellow,nikola-compute-18,0,0
100000000,c4_en,1337,4.80,full,no_role_depth,1,1,1150,1150,37683200,37683200,118.863,119.844,7.988,8.918,0,0,0.000000,0.930,22.481,24.962,2.481,4.261364,4.277005,0.015641,,badfellow,,0
100000000,c4_en,1337,4.80,full,role_depth_v2,1,1,1150,1150,37683200,37683200,118.863,119.165,7.988,7.869,0,0,0.000000,-0.119,22.481,22.122,-0.359,4.261364,4.258841,-0.002523,,seo-compute-01,,0
100000000,c4_en,1337,4.80,full,role_depth_v3,1,1,1150,1150,37683200,37683200,118.863,119.773,7.988,7.161,0,0,0.000000,-0.827,22.481,20.194,-2.287,4.261364,4.277341,0.015977,,elor-compute-01,,0
100000000,c4_en,1337,4.80,full,role_depth_v4,1,1,1150,1150,37683200,37683200,118.863,118.618,7.988,8.910,0,0,0.000000,0.922,22.481,25.020,2.539,4.261364,4.264500,0.003136,,damle-compute-01,,0
100000000,c4_en,1337,4.80,full,role_depth_v5,1,1,1150,1150,37683200,37683200,118.863,117.756,7.988,8.863,0,0,0.000000,0.874,22.481,24.744,2.264,4.261364,4.260684,-0.000680,,badfellow,,0
100000000,c4_en,1337,4.80,full,role_depth_v6,1,1,1150,1150,37683200,37683200,118.863,118.126,7.988,9.559,0,0,0.000000,1.571,22.481,26.648,4.167,4.261364,4.265216,0.003852,,nikola-compute-18,,0
100000000,c4_en,1337,4.80,no_role_depth,full,1,1,1150,1150,37683200,37683200,119.844,118.863,8.918,7.988,0,0,0.000000,-0.930,24.962,22.481,-2.481,4.277005,4.261364,-0.015641,badfellow,,0,
100000000,c4_en,1337,4.80,no_role_depth,role_depth_v2,1,1,1150,1150,37683200,37683200,119.844,119.165,8.918,7.869,0,0,0.000000,-1.049,24.962,22.122,-2.840,4.277005,4.258841,-0.018164,badfellow,seo-compute-01,0,0
100000000,c4_en,1337,4.80,no_role_depth,role_depth_v3,1,1,1150,1150,37683200,37683200,119.844,119.773,8.918,7.161,0,0,0.000000,-1.757,24.962,20.194,-4.768,4.277005,4.277341,0.000336,badfellow,elor-compute-01,0,0
100000000,c4_en,1337,4.80,no_role_depth,role_depth_v4,1,1,1150,1150,37683200,37683200,119.844,118.618,8.918,8.910,0,0,0.000000,-0.007,24.962,25.020,0.058,4.277005,4.264500,-0.012505,badfellow,damle-compute-01,0,0
100000000,c4_en,1337,4.80,no_role_depth,role_depth_v5,1,1,1150,1150,37683200,37683200,119.844,117.756,8.918,8.863,0,0,0.000000,-0.055,24.962,24.744,-0.217,4.277005,4.260684,-0.016321,badfellow,badfellow,0,0
100000000,c4_en,1337,4.80,no_role_depth,role_depth_v6,1,1,1150,1150,37683200,37683200,119.844,118.126,8.918,9.559,0,0,0.000000,0.641,24.962,26.648,1.686,4.277005,4.265216,-0.011789,badfellow,nikola-compute-18,0,0
100000000,c4_en,1337,4.60,full,no_role_depth,1,1,1500,1500,49152000,49152000,97.966,99.070,10.419,11.632,0,0,0.000000,1.212,22.481,24.962,2.481,4.261364,4.277005,0.015641,,badfellow,,0
100000000,c4_en,1337,4.60,full,role_depth_v2,1,1,1500,1500,49152000,49152000,97.966,97.765,10.419,10.264,0,0,0.000000,-0.156,22.481,22.122,-0.359,4.261364,4.258841,-0.002523,,seo-compute-01,,0
100000000,c4_en,1337,4.60,full,role_depth_v3,1,1,1500,1500,49152000,49152000,97.966,98.853,10.419,9.340,0,0,0.000000,-1.079,22.481,20.194,-2.287,4.261364,4.277341,0.015977,,elor-compute-01,,0
100000000,c4_en,1337,4.60,full,role_depth_v4,1,1,1500,1500,49152000,49152000,97.966,97.833,10.419,11.622,0,0,0.000000,1.203,22.481,25.020,2.539,4.261364,4.264500,0.003136,,damle-compute-01,,0
100000000,c4_en,1337,4.60,full,role_depth_v5,1,1,1500,1500,49152000,49152000,97.966,97.413,10.419,11.560,0,0,0.000000,1.140,22.481,24.744,2.264,4.261364,4.260684,-0.000680,,badfellow,,0
100000000,c4_en,1337,4.60,full,role_depth_v6,1,1,1500,1500,49152000,49152000,97.966,97.723,10.419,12.468,0,0,0.000000,2.049,22.481,26.648,4.167,4.261364,4.265216,0.003852,,nikola-compute-18,,0
100000000,c4_en,1337,4.60,no_role_depth,full,1,1,1500,1500,49152000,49152000,99.070,97.966,11.632,10.419,0,0,0.000000,-1.212,24.962,22.481,-2.481,4.277005,4.261364,-0.015641,badfellow,,0,
100000000,c4_en,1337,4.60,no_role_depth,role_depth_v2,1,1,1500,1500,49152000,49152000,99.070,97.765,11.632,10.264,0,0,0.000000,-1.368,24.962,22.122,-2.840,4.277005,4.258841,-0.018164,badfellow,seo-compute-01,0,0
100000000,c4_en,1337,4.60,no_role_depth,role_depth_v3,1,1,1500,1500,49152000,49152000,99.070,98.853,11.632,9.340,0,0,0.000000,-2.291,24.962,20.194,-4.768,4.277005,4.277341,0.000336,badfellow,elor-compute-01,0,0
100000000,c4_en,1337,4.60,no_role_depth,role_depth_v4,1,1,1500,1500,49152000,49152000,99.070,97.833,11.632,11.622,0,0,0.000000,-0.009,24.962,25.020,0.058,4.277005,4.264500,-0.012505,badfellow,damle-compute-01,0,0
100000000,c4_en,1337,4.60,no_role_depth,role_depth_v5,1,1,1500,1500,49152000,49152000,99.070,97.413,11.632,11.560,0,0,0.000000,-0.072,24.962,24.744,-0.217,4.277005,4.260684,-0.016321,badfellow,badfellow,0,0
100000000,c4_en,1337,4.60,no_role_depth,role_depth_v6,1,1,1500,1500,49152000,49152000,99.070,97.723,11.632,12.468,0,0,0.000000,0.836,24.962,26.648,1.686,4.277005,4.265216,-0.011789,badfellow,nikola-compute-18,0,0
100000000,c4_en,1337,4.50,full,no_role_depth,1,1,1750,1800,57344000,58982400,88.901,88.631,12.156,13.958,1638400,50,0.028571,1.802,22.481,24.962,2.481,4.261364,4.277005,0.015641,,badfellow,,0
100000000,c4_en,1337,4.50,full,role_depth_v2,1,1,1750,1750,57344000,57344000,88.901,88.906,12.156,11.974,0,0,0.000000,-0.182,22.481,22.122,-0.359,4.261364,4.258841,-0.002523,,seo-compute-01,,0
100000000,c4_en,1337,4.50,full,role_depth_v3,1,1,1750,1750,57344000,57344000,88.901,89.972,12.156,10.897,0,0,0.000000,-1.259,22.481,20.194,-2.287,4.261364,4.277341,0.015977,,elor-compute-01,,0
100000000,c4_en,1337,4.50,full,role_depth_v4,1,1,1750,1750,57344000,57344000,88.901,88.925,12.156,13.559,0,0,0.000000,1.403,22.481,25.020,2.539,4.261364,4.264500,0.003136,,damle-compute-01,,0
100000000,c4_en,1337,4.50,full,role_depth_v5,1,1,1750,1750,57344000,57344000,88.901,88.763,12.156,13.486,0,0,0.000000,1.331,22.481,24.744,2.264,4.261364,4.260684,-0.000680,,badfellow,,0
100000000,c4_en,1337,4.50,full,role_depth_v6,1,1,1750,1750,57344000,57344000,88.901,88.899,12.156,14.546,0,0,0.000000,2.390,22.481,26.648,4.167,4.261364,4.265216,0.003852,,nikola-compute-18,,0
100000000,c4_en,1337,4.50,no_role_depth,full,1,1,1800,1750,58982400,57344000,88.631,88.901,13.958,12.156,-1638400,-50,-0.027778,-1.802,24.962,22.481,-2.481,4.277005,4.261364,-0.015641,badfellow,,0,
100000000,c4_en,1337,4.50,no_role_depth,role_depth_v2,1,1,1800,1750,58982400,57344000,88.631,88.906,13.958,11.974,-1638400,-50,-0.027778,-1.984,24.962,22.122,-2.840,4.277005,4.258841,-0.018164,badfellow,seo-compute-01,0,0
100000000,c4_en,1337,4.50,no_role_depth,role_depth_v3,1,1,1800,1750,58982400,57344000,88.631,89.972,13.958,10.897,-1638400,-50,-0.027778,-3.061,24.962,20.194,-4.768,4.277005,4.277341,0.000336,badfellow,elor-compute-01,0,0
100000000,c4_en,1337,4.50,no_role_depth,role_depth_v4,1,1,1800,1750,58982400,57344000,88.631,88.925,13.958,13.559,-1638400,-50,-0.027778,-0.399,24.962,25.020,0.058,4.277005,4.264500,-0.012505,badfellow,damle-compute-01,0,0
100000000,c4_en,1337,4.50,no_role_depth,role_depth_v5,1,1,1800,1750,58982400,57344000,88.631,88.763,13.958,13.486,-1638400,-50,-0.027778,-0.472,24.962,24.744,-0.217,4.277005,4.260684,-0.016321,badfellow,badfellow,0,0
100000000,c4_en,1337,4.50,no_role_depth,role_depth_v6,1,1,1800,1750,58982400,57344000,88.631,88.899,13.958,14.546,-1638400,-50,-0.027778,0.588,24.962,26.648,1.686,4.277005,4.265216,-0.011789,badfellow,nikola-compute-18,0,0
100000000,c4_en,1337,4.40,full,no_role_depth,1,1,2100,2150,68812800,70451200,80.802,81.097,14.587,16.672,1638400,50,0.023810,2.085,22.481,24.962,2.481,4.261364,4.277005,0.015641,,badfellow,,0
100000000,c4_en,1337,4.40,full,role_depth_v2,1,1,2100,2100,68812800,68812800,80.802,80.758,14.587,14.369,0,0,0.000000,-0.218,22.481,22.122,-0.359,4.261364,4.258841,-0.002523,,seo-compute-01,,0
100000000,c4_en,1337,4.40,full,role_depth_v3,1,1,2100,2150,68812800,70451200,80.802,80.882,14.587,13.388,1638400,50,0.023810,-1.199,22.481,20.194,-2.287,4.261364,4.277341,0.015977,,elor-compute-01,,0
100000000,c4_en,1337,4.40,full,role_depth_v4,1,1,2100,2100,68812800,68812800,80.802,80.830,14.587,16.271,0,0,0.000000,1.684,22.481,25.020,2.539,4.261364,4.264500,0.003136,,damle-compute-01,,0
100000000,c4_en,1337,4.40,full,role_depth_v5,1,1,2100,2100,68812800,68812800,80.802,80.646,14.587,16.184,0,0,0.000000,1.597,22.481,24.744,2.264,4.261364,4.260684,-0.000680,,badfellow,,0
100000000,c4_en,1337,4.40,full,role_depth_v6,1,1,2100,2100,68812800,68812800,80.802,80.820,14.587,17.455,0,0,0.000000,2.868,22.481,26.648,4.167,4.261364,4.265216,0.003852,,nikola-compute-18,,0
100000000,c4_en,1337,4.40,no_role_depth,full,1,1,2150,2100,70451200,68812800,81.097,80.802,16.672,14.587,-1638400,-50,-0.023256,-2.085,24.962,22.481,-2.481,4.277005,4.261364,-0.015641,badfellow,,0,
100000000,c4_en,1337,4.40,no_role_depth,role_depth_v2,1,1,2150,2100,70451200,68812800,81.097,80.758,16.672,14.369,-1638400,-50,-0.023256,-2.303,24.962,22.122,-2.840,4.277005,4.258841,-0.018164,badfellow,seo-compute-01,0,0
100000000,c4_en,1337,4.40,no_role_depth,role_depth_v3,1,1,2150,2150,70451200,70451200,81.097,80.882,16.672,13.388,0,0,0.000000,-3.284,24.962,20.194,-4.768,4.277005,4.277341,0.000336,badfellow,elor-compute-01,0,0
100000000,c4_en,1337,4.40,no_role_depth,role_depth_v4,1,1,2150,2100,70451200,68812800,81.097,80.830,16.672,16.271,-1638400,-50,-0.023256,-0.401,24.962,25.020,0.058,4.277005,4.264500,-0.012505,badfellow,damle-compute-01,0,0
100000000,c4_en,1337,4.40,no_role_depth,role_depth_v5,1,1,2150,2100,70451200,68812800,81.097,80.646,16.672,16.184,-1638400,-50,-0.023256,-0.488,24.962,24.744,-0.217,4.277005,4.260684,-0.016321,badfellow,badfellow,0,0
100000000,c4_en,1337,4.40,no_role_depth,role_depth_v6,1,1,2150,2100,70451200,68812800,81.097,80.820,16.672,17.455,-1638400,-50,-0.023256,0.783,24.962,26.648,1.686,4.277005,4.265216,-0.011789,badfellow,nikola-compute-18,0,0
100000000,c4_en,1337,4.30,full,no_role_depth,1,1,2650,2800,86835200,91750400,73.402,73.477,18.408,21.713,4915200,150,0.056604,3.305,22.481,24.962,2.481,4.261364,4.277005,0.015641,,badfellow,,0
100000000,c4_en,1337,4.30,full,role_depth_v2,1,1,2650,2650,86835200,86835200,73.402,73.304,18.408,18.133,0,0,0.000000,-0.275,22.481,22.122,-0.359,4.261364,4.258841,-0.002523,,seo-compute-01,,0
100000000,c4_en,1337,4.30,full,role_depth_v3,1,1,2650,2800,86835200,91750400,73.402,73.507,18.408,17.435,4915200,150,0.056604,-0.972,22.481,20.194,-2.287,4.261364,4.277341,0.015977,,elor-compute-01,,0
100000000,c4_en,1337,4.30,full,role_depth_v4,1,1,2650,2650,86835200,86835200,73.402,73.632,18.408,20.533,0,0,0.000000,2.125,22.481,25.020,2.539,4.261364,4.264500,0.003136,,damle-compute-01,,0
100000000,c4_en,1337,4.30,full,role_depth_v5,1,1,2650,2650,86835200,86835200,73.402,73.317,18.408,20.422,0,0,0.000000,2.015,22.481,24.744,2.264,4.261364,4.260684,-0.000680,,badfellow,,0
100000000,c4_en,1337,4.30,full,role_depth_v6,1,1,2650,2700,86835200,88473600,73.402,73.351,18.408,22.442,1638400,50,0.018868,4.035,22.481,26.648,4.167,4.261364,4.265216,0.003852,,nikola-compute-18,,0
100000000,c4_en,1337,4.30,no_role_depth,full,1,1,2800,2650,91750400,86835200,73.477,73.402,21.713,18.408,-4915200,-150,-0.053571,-3.305,24.962,22.481,-2.481,4.277005,4.261364,-0.015641,badfellow,,0,
100000000,c4_en,1337,4.30,no_role_depth,role_depth_v2,1,1,2800,2650,91750400,86835200,73.477,73.304,21.713,18.133,-4915200,-150,-0.053571,-3.580,24.962,22.122,-2.840,4.277005,4.258841,-0.018164,badfellow,seo-compute-01,0,0
100000000,c4_en,1337,4.30,no_role_depth,role_depth_v3,1,1,2800,2800,91750400,91750400,73.477,73.507,21.713,17.435,0,0,0.000000,-4.277,24.962,20.194,-4.768,4.277005,4.277341,0.000336,badfellow,elor-compute-01,0,0
100000000,c4_en,1337,4.30,no_role_depth,role_depth_v4,1,1,2800,2650,91750400,86835200,73.477,73.632,21.713,20.533,-4915200,-150,-0.053571,-1.180,24.962,25.020,0.058,4.277005,4.264500,-0.012505,badfellow,damle-compute-01,0,0
100000000,c4_en,1337,4.30,no_role_depth,role_depth_v5,1,1,2800,2650,91750400,86835200,73.477,73.317,21.713,20.422,-4915200,-150,-0.053571,-1.290,24.962,24.744,-0.217,4.277005,4.260684,-0.016321,badfellow,badfellow,0,0
100000000,c4_en,1337,4.30,no_role_depth,role_depth_v6,1,1,2800,2700,91750400,88473600,73.477,73.351,21.713,22.442,-3276800,-100,-0.035714,0.730,24.962,26.648,1.686,4.277005,4.265216,-0.011789,badfellow,nikola-compute-18,0,0
100000000,c4_en,2027,5.00,full,no_role_depth,1,1,900,950,29491200,31129600,145.811,144.091,6.865,5.958,1638400,50,0.055556,-0.907,24.509,20.341,-4.167,4.298457,4.313735,0.015278,,abdelfattah-compute-03,,0
100000000,c4_en,2027,5.00,full,role_depth_v2,1,1,900,900,29491200,29491200,145.811,146.130,6.865,8.343,0,0,0.000000,1.479,24.509,29.627,5.119,4.298457,4.299328,0.000871,,ellis-compute-02,,0
100000000,c4_en,2027,5.00,full,role_depth_v3,1,1,900,950,29491200,31129600,145.811,142.880,6.865,6.174,1638400,50,0.055556,-0.691,24.509,21.047,-3.462,4.298457,4.313629,0.015172,,zabih-compute-01,,0
100000000,c4_en,2027,5.00,full,role_depth_v4,1,1,900,900,29491200,29491200,145.811,146.925,6.865,5.782,0,0,0.000000,-1.083,24.509,20.803,-3.706,4.298457,4.302079,0.003622,,elor-compute-01,,0
100000000,c4_en,2027,5.00,full,role_depth_v5,1,1,900,900,29491200,29491200,145.811,147.379,6.865,6.976,0,0,0.000000,0.112,24.509,25.016,0.507,4.298457,4.298565,0.000108,,damle-compute-01,,0
100000000,c4_en,2027,5.00,full,role_depth_v6,1,1,900,900,29491200,29491200,145.811,147.225,6.865,6.663,0,0,0.000000,-0.202,24.509,23.813,-0.696,4.298457,4.302367,0.003910,,rush-compute-02,,0
100000000,c4_en,2027,5.00,no_role_depth,full,1,1,950,900,31129600,29491200,144.091,145.811,5.958,6.865,-1638400,-50,-0.052632,0.907,20.341,24.509,4.167,4.313735,4.298457,-0.015278,abdelfattah-compute-03,,0,
100000000,c4_en,2027,5.00,no_role_depth,role_depth_v2,1,1,950,900,31129600,29491200,144.091,146.130,5.958,8.343,-1638400,-50,-0.052632,2.385,20.341,29.627,9.286,4.313735,4.299328,-0.014407,abdelfattah-compute-03,ellis-compute-02,0,0
100000000,c4_en,2027,5.00,no_role_depth,role_depth_v3,1,1,950,950,31129600,31129600,144.091,142.880,5.958,6.174,0,0,0.000000,0.215,20.341,21.047,0.705,4.313735,4.313629,-0.000106,abdelfattah-compute-03,zabih-compute-01,0,0
100000000,c4_en,2027,5.00,no_role_depth,role_depth_v4,1,1,950,900,31129600,29491200,144.091,146.925,5.958,5.782,-1638400,-50,-0.052632,-0.176,20.341,20.803,0.461,4.313735,4.302079,-0.011656,abdelfattah-compute-03,elor-compute-01,0,0
100000000,c4_en,2027,5.00,no_role_depth,role_depth_v5,1,1,950,900,31129600,29491200,144.091,147.379,5.958,6.976,-1638400,-50,-0.052632,1.018,20.341,25.016,4.675,4.313735,4.298565,-0.015170,abdelfattah-compute-03,damle-compute-01,0,0
100000000,c4_en,2027,5.00,no_role_depth,role_depth_v6,1,1,950,900,31129600,29491200,144.091,147.225,5.958,6.663,-1638400,-50,-0.052632,0.705,20.341,23.813,3.472,4.313735,4.302367,-0.011368,abdelfattah-compute-03,rush-compute-02,0,0
100000000,c4_en,2027,4.80,full,no_role_depth,1,1,1150,1200,37683200,39321600,120.421,118.869,8.772,7.526,1638400,50,0.043478,-1.245,24.509,20.341,-4.167,4.298457,4.313735,0.015278,,abdelfattah-compute-03,,0
100000000,c4_en,2027,4.80,full,role_depth_v2,1,1,1150,1150,37683200,37683200,120.421,120.621,8.772,10.661,0,0,0.000000,1.889,24.509,29.627,5.119,4.298457,4.299328,0.000871,,ellis-compute-02,,0
100000000,c4_en,2027,4.80,full,role_depth_v3,1,1,1150,1200,37683200,39321600,120.421,118.006,8.772,7.798,1638400,50,0.043478,-0.973,24.509,21.047,-3.462,4.298457,4.313629,0.015172,,zabih-compute-01,,0
100000000,c4_en,2027,4.80,full,role_depth_v4,1,1,1150,1150,37683200,37683200,120.421,119.988,8.772,7.388,0,0,0.000000,-1.384,24.509,20.803,-3.706,4.298457,4.302079,0.003622,,elor-compute-01,,0
100000000,c4_en,2027,4.80,full,role_depth_v5,1,1,1150,1150,37683200,37683200,120.421,120.054,8.772,8.914,0,0,0.000000,0.143,24.509,25.016,0.507,4.298457,4.298565,0.000108,,damle-compute-01,,0
100000000,c4_en,2027,4.80,full,role_depth_v6,1,1,1150,1150,37683200,37683200,120.421,120.074,8.772,8.514,0,0,0.000000,-0.258,24.509,23.813,-0.696,4.298457,4.302367,0.003910,,rush-compute-02,,0
100000000,c4_en,2027,4.80,no_role_depth,full,1,1,1200,1150,39321600,37683200,118.869,120.421,7.526,8.772,-1638400,-50,-0.041667,1.245,20.341,24.509,4.167,4.313735,4.298457,-0.015278,abdelfattah-compute-03,,0,
100000000,c4_en,2027,4.80,no_role_depth,role_depth_v2,1,1,1200,1150,39321600,37683200,118.869,120.621,7.526,10.661,-1638400,-50,-0.041667,3.135,20.341,29.627,9.286,4.313735,4.299328,-0.014407,abdelfattah-compute-03,ellis-compute-02,0,0
100000000,c4_en,2027,4.80,no_role_depth,role_depth_v3,1,1,1200,1200,39321600,39321600,118.869,118.006,7.526,7.798,0,0,0.000000,0.272,20.341,21.047,0.705,4.313735,4.313629,-0.000106,abdelfattah-compute-03,zabih-compute-01,0,0
100000000,c4_en,2027,4.80,no_role_depth,role_depth_v4,1,1,1200,1150,39321600,37683200,118.869,119.988,7.526,7.388,-1638400,-50,-0.041667,-0.138,20.341,20.803,0.461,4.313735,4.302079,-0.011656,abdelfattah-compute-03,elor-compute-01,0,0
100000000,c4_en,2027,4.80,no_role_depth,role_depth_v5,1,1,1200,1150,39321600,37683200,118.869,120.054,7.526,8.914,-1638400,-50,-0.041667,1.388,20.341,25.016,4.675,4.313735,4.298565,-0.015170,abdelfattah-compute-03,damle-compute-01,0,0
100000000,c4_en,2027,4.80,no_role_depth,role_depth_v6,1,1,1200,1150,39321600,37683200,118.869,120.074,7.526,8.514,-1638400,-50,-0.041667,0.988,20.341,23.813,3.472,4.313735,4.302367,-0.011368,abdelfattah-compute-03,rush-compute-02,0,0
100000000,c4_en,2027,4.60,full,no_role_depth,1,1,1550,1600,50790400,52428800,98.276,97.548,11.823,10.035,1638400,50,0.032258,-1.788,24.509,20.341,-4.167,4.298457,4.313735,0.015278,,abdelfattah-compute-03,,0
100000000,c4_en,2027,4.60,full,role_depth_v2,1,1,1550,1550,50790400,50790400,98.276,98.328,11.823,14.369,0,0,0.000000,2.547,24.509,29.627,5.119,4.298457,4.299328,0.000871,,ellis-compute-02,,0
100000000,c4_en,2027,4.60,full,role_depth_v3,1,1,1550,1600,50790400,52428800,98.276,97.536,11.823,10.398,1638400,50,0.032258,-1.425,24.509,21.047,-3.462,4.298457,4.313629,0.015172,,zabih-compute-01,,0
100000000,c4_en,2027,4.60,full,role_depth_v4,1,1,1550,1550,50790400,50790400,98.276,98.066,11.823,9.957,0,0,0.000000,-1.865,24.509,20.803,-3.706,4.298457,4.302079,0.003622,,elor-compute-01,,0
100000000,c4_en,2027,4.60,full,role_depth_v5,1,1,1550,1550,50790400,50790400,98.276,98.098,11.823,12.015,0,0,0.000000,0.193,24.509,25.016,0.507,4.298457,4.298565,0.000108,,damle-compute-01,,0
100000000,c4_en,2027,4.60,full,role_depth_v6,1,1,1550,1550,50790400,50790400,98.276,98.217,11.823,11.475,0,0,0.000000,-0.347,24.509,23.813,-0.696,4.298457,4.302367,0.003910,,rush-compute-02,,0
100000000,c4_en,2027,4.60,no_role_depth,full,1,1,1600,1550,52428800,50790400,97.548,98.276,10.035,11.823,-1638400,-50,-0.031250,1.788,20.341,24.509,4.167,4.313735,4.298457,-0.015278,abdelfattah-compute-03,,0,
100000000,c4_en,2027,4.60,no_role_depth,role_depth_v2,1,1,1600,1550,52428800,50790400,97.548,98.328,10.035,14.369,-1638400,-50,-0.031250,4.334,20.341,29.627,9.286,4.313735,4.299328,-0.014407,abdelfattah-compute-03,ellis-compute-02,0,0
100000000,c4_en,2027,4.60,no_role_depth,role_depth_v3,1,1,1600,1600,52428800,52428800,97.548,97.536,10.035,10.398,0,0,0.000000,0.363,20.341,21.047,0.705,4.313735,4.313629,-0.000106,abdelfattah-compute-03,zabih-compute-01,0,0
100000000,c4_en,2027,4.60,no_role_depth,role_depth_v4,1,1,1600,1550,52428800,50790400,97.548,98.066,10.035,9.957,-1638400,-50,-0.031250,-0.077,20.341,20.803,0.461,4.313735,4.302079,-0.011656,abdelfattah-compute-03,elor-compute-01,0,0
100000000,c4_en,2027,4.60,no_role_depth,role_depth_v5,1,1,1600,1550,52428800,50790400,97.548,98.098,10.035,12.015,-1638400,-50,-0.031250,1.980,20.341,25.016,4.675,4.313735,4.298565,-0.015170,abdelfattah-compute-03,damle-compute-01,0,0
100000000,c4_en,2027,4.60,no_role_depth,role_depth_v6,1,1,1600,1550,52428800,50790400,97.548,98.217,10.035,11.475,-1638400,-50,-0.031250,1.440,20.341,23.813,3.472,4.313735,4.302367,-0.011368,abdelfattah-compute-03,rush-compute-02,0,0
100000000,c4_en,2027,4.50,full,no_role_depth,1,1,1850,1850,60620800,60620800,88.940,89.942,14.111,11.603,0,0,0.000000,-2.508,24.509,20.341,-4.167,4.298457,4.313735,0.015278,,abdelfattah-compute-03,,0
100000000,c4_en,2027,4.50,full,role_depth_v2,1,1,1850,1850,60620800,60620800,88.940,89.027,14.111,17.150,0,0,0.000000,3.040,24.509,29.627,5.119,4.298457,4.299328,0.000871,,ellis-compute-02,,0
100000000,c4_en,2027,4.50,full,role_depth_v3,1,1,1850,1850,60620800,60620800,88.940,89.951,14.111,12.022,0,0,0.000000,-2.088,24.509,21.047,-3.462,4.298457,4.313629,0.015172,,zabih-compute-01,,0
100000000,c4_en,2027,4.50,full,role_depth_v4,1,1,1850,1800,60620800,58982400,88.940,89.986,14.111,11.563,-1638400,-50,-0.027027,-2.547,24.509,20.803,-3.706,4.298457,4.302079,0.003622,,elor-compute-01,,0
100000000,c4_en,2027,4.50,full,role_depth_v5,1,1,1850,1800,60620800,58982400,88.940,89.911,14.111,13.953,-1638400,-50,-0.027027,-0.158,24.509,25.016,0.507,4.298457,4.298565,0.000108,,damle-compute-01,,0
100000000,c4_en,2027,4.50,full,role_depth_v6,1,1,1850,1800,60620800,58982400,88.940,89.879,14.111,13.326,-1638400,-50,-0.027027,-0.785,24.509,23.813,-0.696,4.298457,4.302367,0.003910,,rush-compute-02,,0
100000000,c4_en,2027,4.50,no_role_depth,full,1,1,1850,1850,60620800,60620800,89.942,88.940,11.603,14.111,0,0,0.000000,2.508,20.341,24.509,4.167,4.313735,4.298457,-0.015278,abdelfattah-compute-03,,0,
100000000,c4_en,2027,4.50,no_role_depth,role_depth_v2,1,1,1850,1850,60620800,60620800,89.942,89.027,11.603,17.150,0,0,0.000000,5.548,20.341,29.627,9.286,4.313735,4.299328,-0.014407,abdelfattah-compute-03,ellis-compute-02,0,0
100000000,c4_en,2027,4.50,no_role_depth,role_depth_v3,1,1,1850,1850,60620800,60620800,89.942,89.951,11.603,12.022,0,0,0.000000,0.420,20.341,21.047,0.705,4.313735,4.313629,-0.000106,abdelfattah-compute-03,zabih-compute-01,0,0
100000000,c4_en,2027,4.50,no_role_depth,role_depth_v4,1,1,1850,1800,60620800,58982400,89.942,89.986,11.603,11.563,-1638400,-50,-0.027027,-0.039,20.341,20.803,0.461,4.313735,4.302079,-0.011656,abdelfattah-compute-03,elor-compute-01,0,0
100000000,c4_en,2027,4.50,no_role_depth,role_depth_v5,1,1,1850,1800,60620800,58982400,89.942,89.911,11.603,13.953,-1638400,-50,-0.027027,2.350,20.341,25.016,4.675,4.313735,4.298565,-0.015170,abdelfattah-compute-03,damle-compute-01,0,0
100000000,c4_en,2027,4.50,no_role_depth,role_depth_v6,1,1,1850,1800,60620800,58982400,89.942,89.879,11.603,13.326,-1638400,-50,-0.027027,1.723,20.341,23.813,3.472,4.313735,4.302367,-0.011368,abdelfattah-compute-03,rush-compute-02,0,0
100000000,c4_en,2027,4.40,full,no_role_depth,1,1,2200,2300,72089600,75366400,81.410,81.042,16.780,14.425,3276800,100,0.045455,-2.355,24.509,20.341,-4.167,4.298457,4.313735,0.015278,,abdelfattah-compute-03,,0
100000000,c4_en,2027,4.40,full,role_depth_v2,1,1,2200,2250,72089600,73728000,81.410,80.601,16.780,20.859,1638400,50,0.022727,4.078,24.509,29.627,5.119,4.298457,4.299328,0.000871,,ellis-compute-02,,0
100000000,c4_en,2027,4.40,full,role_depth_v3,1,1,2200,2300,72089600,75366400,81.410,81.078,16.780,14.947,3276800,100,0.045455,-1.834,24.509,21.047,-3.462,4.298457,4.313629,0.015172,,zabih-compute-01,,0
100000000,c4_en,2027,4.40,full,role_depth_v4,1,1,2200,2250,72089600,73728000,81.410,80.813,16.780,14.454,1638400,50,0.022727,-2.326,24.509,20.803,-3.706,4.298457,4.302079,0.003622,,elor-compute-01,,0
100000000,c4_en,2027,4.40,full,role_depth_v5,1,1,2200,2200,72089600,72089600,81.410,81.402,16.780,17.054,0,0,0.000000,0.273,24.509,25.016,0.507,4.298457,4.298565,0.000108,,damle-compute-01,,0
100000000,c4_en,2027,4.40,full,role_depth_v6,1,1,2200,2250,72089600,73728000,81.410,80.666,16.780,16.658,1638400,50,0.022727,-0.123,24.509,23.813,-0.696,4.298457,4.302367,0.003910,,rush-compute-02,,0
100000000,c4_en,2027,4.40,no_role_depth,full,1,1,2300,2200,75366400,72089600,81.042,81.410,14.425,16.780,-3276800,-100,-0.043478,2.355,20.341,24.509,4.167,4.313735,4.298457,-0.015278,abdelfattah-compute-03,,0,
100000000,c4_en,2027,4.40,no_role_depth,role_depth_v2,1,1,2300,2250,75366400,73728000,81.042,80.601,14.425,20.859,-1638400,-50,-0.021739,6.433,20.341,29.627,9.286,4.313735,4.299328,-0.014407,abdelfattah-compute-03,ellis-compute-02,0,0
100000000,c4_en,2027,4.40,no_role_depth,role_depth_v3,1,1,2300,2300,75366400,75366400,81.042,81.078,14.425,14.947,0,0,0.000000,0.522,20.341,21.047,0.705,4.313735,4.313629,-0.000106,abdelfattah-compute-03,zabih-compute-01,0,0
100000000,c4_en,2027,4.40,no_role_depth,role_depth_v4,1,1,2300,2250,75366400,73728000,81.042,80.813,14.425,14.454,-1638400,-50,-0.021739,0.029,20.341,20.803,0.461,4.313735,4.302079,-0.011656,abdelfattah-compute-03,elor-compute-01,0,0
100000000,c4_en,2027,4.40,no_role_depth,role_depth_v5,1,1,2300,2200,75366400,72089600,81.042,81.402,14.425,17.054,-3276800,-100,-0.043478,2.629,20.341,25.016,4.675,4.313735,4.298565,-0.015170,abdelfattah-compute-03,damle-compute-01,0,0
100000000,c4_en,2027,4.40,no_role_depth,role_depth_v6,1,1,2300,2250,75366400,73728000,81.042,80.666,14.425,16.658,-1638400,-50,-0.021739,2.233,20.341,23.813,3.472,4.313735,4.302367,-0.011368,abdelfattah-compute-03,rush-compute-02,0,0
100000000,c4_en,2027,4.30,full,no_role_depth,1,0,3050,,99942400,,73.586,,23.264,,,,,,24.509,20.341,-4.167,4.298457,4.313735,0.015278,,abdelfattah-compute-03,,0
100000000,c4_en,2027,4.30,full,role_depth_v2,1,1,3050,3050,99942400,99942400,73.586,73.650,23.264,28.275,0,0,0.000000,5.011,24.509,29.627,5.119,4.298457,4.299328,0.000871,,ellis-compute-02,,0
100000000,c4_en,2027,4.30,full,role_depth_v3,1,0,3050,,99942400,,73.586,,23.264,,,,,,24.509,21.047,-3.462,4.298457,4.313629,0.015172,,zabih-compute-01,,0
100000000,c4_en,2027,4.30,full,role_depth_v4,1,0,3050,,99942400,,73.586,,23.264,,,,,,24.509,20.803,-3.706,4.298457,4.302079,0.003622,,elor-compute-01,,0
100000000,c4_en,2027,4.30,full,role_depth_v5,1,1,3050,3050,99942400,99942400,73.586,73.594,23.264,23.643,0,0,0.000000,0.379,24.509,25.016,0.507,4.298457,4.298565,0.000108,,damle-compute-01,,0
100000000,c4_en,2027,4.30,full,role_depth_v6,1,0,3050,,99942400,,73.586,,23.264,,,,,,24.509,23.813,-0.696,4.298457,4.302367,0.003910,,rush-compute-02,,0
100000000,c4_en,2027,4.30,no_role_depth,full,0,1,,3050,,99942400,,73.586,,23.264,,,,,20.341,24.509,4.167,4.313735,4.298457,-0.015278,abdelfattah-compute-03,,0,
100000000,c4_en,2027,4.30,no_role_depth,role_depth_v2,0,1,,3050,,99942400,,73.650,,28.275,,,,,20.341,29.627,9.286,4.313735,4.299328,-0.014407,abdelfattah-compute-03,ellis-compute-02,0,0
100000000,c4_en,2027,4.30,no_role_depth,role_depth_v3,0,0,,,,,,,,,,,,,20.341,21.047,0.705,4.313735,4.313629,-0.000106,abdelfattah-compute-03,zabih-compute-01,0,0
100000000,c4_en,2027,4.30,no_role_depth,role_depth_v4,0,0,,,,,,,,,,,,,20.341,20.803,0.461,4.313735,4.302079,-0.011656,abdelfattah-compute-03,elor-compute-01,0,0
100000000,c4_en,2027,4.30,no_role_depth,role_depth_v5,0,1,,3050,,99942400,,73.594,,23.643,,,,,20.341,25.016,4.675,4.313735,4.298565,-0.015170,abdelfattah-compute-03,damle-compute-01,0,0
100000000,c4_en,2027,4.30,no_role_depth,role_depth_v6,0,0,,,,,,,,,,,,,20.341,23.813,3.472,4.313735,4.302367,-0.011368,abdelfattah-compute-03,rush-compute-02,0,0
100000000,c4_en,3407,5.00,full,no_role_depth,1,1,900,950,29491200,31129600,146.505,141.771,6.239,5.947,1638400,50,0.055556,-0.292,22.414,20.363,-2.051,4.291322,4.305235,0.013913,,seo-compute-01,,0
100000000,c4_en,3407,5.00,full,role_depth_v2,1,1,900,900,29491200,29491200,146.505,146.910,6.239,6.954,0,0,0.000000,0.715,22.414,24.950,2.536,4.291322,4.293108,0.001786,,damle-compute-01,,0
100000000,c4_en,3407,5.00,full,role_depth_v3,1,1,900,950,29491200,31129600,146.505,142.817,6.239,7.098,1638400,50,0.055556,0.860,22.414,24.294,1.880,4.291322,4.307411,0.016089,,damle-compute-01,,0
100000000,c4_en,3407,5.00,full,role_depth_v4,1,1,900,900,29491200,29491200,146.505,148.150,6.239,7.023,0,0,0.000000,0.784,22.414,25.064,2.650,4.291322,4.296788,0.005466,,badfellow,,0
100000000,c4_en,3407,5.00,full,role_depth_v5,1,1,900,900,29491200,29491200,146.505,147.535,6.239,6.064,0,0,0.000000,-0.175,22.414,21.754,-0.660,4.291322,4.292103,0.000781,,elor-compute-01,,0
100000000,c4_en,3407,5.00,full,role_depth_v6,1,1,900,900,29491200,29491200,146.505,147.814,6.239,6.390,0,0,0.000000,0.151,22.414,22.858,0.444,4.291322,4.297265,0.005943,,elor-compute-01,,0
100000000,c4_en,3407,5.00,no_role_depth,full,1,1,950,900,31129600,29491200,141.771,146.505,5.947,6.239,-1638400,-50,-0.052632,0.292,20.363,22.414,2.051,4.305235,4.291322,-0.013913,seo-compute-01,,0,
100000000,c4_en,3407,5.00,no_role_depth,role_depth_v2,1,1,950,900,31129600,29491200,141.771,146.910,5.947,6.954,-1638400,-50,-0.052632,1.006,20.363,24.950,4.588,4.305235,4.293108,-0.012127,seo-compute-01,damle-compute-01,0,0
100000000,c4_en,3407,5.00,no_role_depth,role_depth_v3,1,1,950,950,31129600,31129600,141.771,142.817,5.947,7.098,0,0,0.000000,1.151,20.363,24.294,3.931,4.305235,4.307411,0.002176,seo-compute-01,damle-compute-01,0,0
100000000,c4_en,3407,5.00,no_role_depth,role_depth_v4,1,1,950,900,31129600,29491200,141.771,148.150,5.947,7.023,-1638400,-50,-0.052632,1.076,20.363,25.064,4.702,4.305235,4.296788,-0.008447,seo-compute-01,badfellow,0,0
100000000,c4_en,3407,5.00,no_role_depth,role_depth_v5,1,1,950,900,31129600,29491200,141.771,147.535,5.947,6.064,-1638400,-50,-0.052632,0.117,20.363,21.754,1.391,4.305235,4.292103,-0.013132,seo-compute-01,elor-compute-01,0,0
100000000,c4_en,3407,5.00,no_role_depth,role_depth_v6,1,1,950,900,31129600,29491200,141.771,147.814,5.947,6.390,-1638400,-50,-0.052632,0.443,20.363,22.858,2.495,4.305235,4.297265,-0.007970,seo-compute-01,elor-compute-01,0,0
100000000,c4_en,3407,4.80,full,no_role_depth,1,1,1150,1150,37683200,37683200,121.043,121.105,7.972,7.199,0,0,0.000000,-0.773,22.414,20.363,-2.051,4.291322,4.305235,0.013913,,seo-compute-01,,0
100000000,c4_en,3407,4.80,full,role_depth_v2,1,1,1150,1150,37683200,37683200,121.043,120.972,7.972,8.885,0,0,0.000000,0.913,22.414,24.950,2.536,4.291322,4.293108,0.001786,,damle-compute-01,,0
100000000,c4_en,3407,4.80,full,role_depth_v3,1,1,1150,1200,37683200,39321600,121.043,117.681,7.972,8.966,1638400,50,0.043478,0.995,22.414,24.294,1.880,4.291322,4.307411,0.016089,,damle-compute-01,,0
100000000,c4_en,3407,4.80,full,role_depth_v4,1,1,1150,1150,37683200,37683200,121.043,120.337,7.972,8.974,0,0,0.000000,1.002,22.414,25.064,2.650,4.291322,4.296788,0.005466,,badfellow,,0
100000000,c4_en,3407,4.80,full,role_depth_v5,1,1,1150,1150,37683200,37683200,121.043,120.265,7.972,7.749,0,0,0.000000,-0.223,22.414,21.754,-0.660,4.291322,4.292103,0.000781,,elor-compute-01,,0
100000000,c4_en,3407,4.80,full,role_depth_v6,1,1,1150,1150,37683200,37683200,121.043,119.858,7.972,8.165,0,0,0.000000,0.193,22.414,22.858,0.444,4.291322,4.297265,0.005943,,elor-compute-01,,0
100000000,c4_en,3407,4.80,no_role_depth,full,1,1,1150,1150,37683200,37683200,121.105,121.043,7.199,7.972,0,0,0.000000,0.773,20.363,22.414,2.051,4.305235,4.291322,-0.013913,seo-compute-01,,0,
100000000,c4_en,3407,4.80,no_role_depth,role_depth_v2,1,1,1150,1150,37683200,37683200,121.105,120.972,7.199,8.885,0,0,0.000000,1.686,20.363,24.950,4.588,4.305235,4.293108,-0.012127,seo-compute-01,damle-compute-01,0,0
100000000,c4_en,3407,4.80,no_role_depth,role_depth_v3,1,1,1150,1200,37683200,39321600,121.105,117.681,7.199,8.966,1638400,50,0.043478,1.767,20.363,24.294,3.931,4.305235,4.307411,0.002176,seo-compute-01,damle-compute-01,0,0
100000000,c4_en,3407,4.80,no_role_depth,role_depth_v4,1,1,1150,1150,37683200,37683200,121.105,120.337,7.199,8.974,0,0,0.000000,1.775,20.363,25.064,4.702,4.305235,4.296788,-0.008447,seo-compute-01,badfellow,0,0
100000000,c4_en,3407,4.80,no_role_depth,role_depth_v5,1,1,1150,1150,37683200,37683200,121.105,120.265,7.199,7.749,0,0,0.000000,0.549,20.363,21.754,1.391,4.305235,4.292103,-0.013132,seo-compute-01,elor-compute-01,0,0
100000000,c4_en,3407,4.80,no_role_depth,role_depth_v6,1,1,1150,1150,37683200,37683200,121.105,119.858,7.199,8.165,0,0,0.000000,0.966,20.363,22.858,2.495,4.305235,4.297265,-0.007970,seo-compute-01,elor-compute-01,0,0
100000000,c4_en,3407,4.60,full,no_role_depth,1,1,1550,1550,50790400,50790400,97.696,98.688,10.745,9.703,0,0,0.000000,-1.041,22.414,20.363,-2.051,4.291322,4.305235,0.013913,,seo-compute-01,,0
100000000,c4_en,3407,4.60,full,role_depth_v2,1,1,1550,1550,50790400,50790400,97.696,97.968,10.745,11.976,0,0,0.000000,1.231,22.414,24.950,2.536,4.291322,4.293108,0.001786,,damle-compute-01,,0
100000000,c4_en,3407,4.60,full,role_depth_v3,1,1,1550,1550,50790400,50790400,97.696,98.788,10.745,11.582,0,0,0.000000,0.837,22.414,24.294,1.880,4.291322,4.307411,0.016089,,damle-compute-01,,0
100000000,c4_en,3407,4.60,full,role_depth_v4,1,1,1550,1550,50790400,50790400,97.696,97.865,10.745,12.096,0,0,0.000000,1.351,22.414,25.064,2.650,4.291322,4.296788,0.005466,,badfellow,,0
100000000,c4_en,3407,4.60,full,role_depth_v5,1,1,1550,1550,50790400,50790400,97.696,97.727,10.745,10.444,0,0,0.000000,-0.301,22.414,21.754,-0.660,4.291322,4.292103,0.000781,,elor-compute-01,,0
100000000,c4_en,3407,4.60,full,role_depth_v6,1,1,1550,1500,50790400,49152000,97.696,99.441,10.745,10.650,-1638400,-50,-0.032258,-0.095,22.414,22.858,0.444,4.291322,4.297265,0.005943,,elor-compute-01,,0
100000000,c4_en,3407,4.60,no_role_depth,full,1,1,1550,1550,50790400,50790400,98.688,97.696,9.703,10.745,0,0,0.000000,1.041,20.363,22.414,2.051,4.305235,4.291322,-0.013913,seo-compute-01,,0,
100000000,c4_en,3407,4.60,no_role_depth,role_depth_v2,1,1,1550,1550,50790400,50790400,98.688,97.968,9.703,11.976,0,0,0.000000,2.272,20.363,24.950,4.588,4.305235,4.293108,-0.012127,seo-compute-01,damle-compute-01,0,0
100000000,c4_en,3407,4.60,no_role_depth,role_depth_v3,1,1,1550,1550,50790400,50790400,98.688,98.788,9.703,11.582,0,0,0.000000,1.878,20.363,24.294,3.931,4.305235,4.307411,0.002176,seo-compute-01,damle-compute-01,0,0
100000000,c4_en,3407,4.60,no_role_depth,role_depth_v4,1,1,1550,1550,50790400,50790400,98.688,97.865,9.703,12.096,0,0,0.000000,2.392,20.363,25.064,4.702,4.305235,4.296788,-0.008447,seo-compute-01,badfellow,0,0
100000000,c4_en,3407,4.60,no_role_depth,role_depth_v5,1,1,1550,1550,50790400,50790400,98.688,97.727,9.703,10.444,0,0,0.000000,0.740,20.363,21.754,1.391,4.305235,4.292103,-0.013132,seo-compute-01,elor-compute-01,0,0
100000000,c4_en,3407,4.60,no_role_depth,role_depth_v6,1,1,1550,1500,50790400,49152000,98.688,99.441,9.703,10.650,-1638400,-50,-0.032258,0.947,20.363,22.858,2.495,4.305235,4.297265,-0.007970,seo-compute-01,elor-compute-01,0,0
100000000,c4_en,3407,4.50,full,no_role_depth,1,1,1800,1850,58982400,60620800,89.657,89.435,12.478,11.582,1638400,50,0.027778,-0.896,22.414,20.363,-2.051,4.291322,4.305235,0.013913,,seo-compute-01,,0
100000000,c4_en,3407,4.50,full,role_depth_v2,1,1,1800,1800,58982400,58982400,89.657,89.816,12.478,13.908,0,0,0.000000,1.430,22.414,24.950,2.536,4.291322,4.293108,0.001786,,damle-compute-01,,0
100000000,c4_en,3407,4.50,full,role_depth_v3,1,1,1800,1850,58982400,60620800,89.657,89.481,12.478,13.823,1638400,50,0.027778,1.346,22.414,24.294,1.880,4.291322,4.307411,0.016089,,damle-compute-01,,0
100000000,c4_en,3407,4.50,full,role_depth_v4,1,1,1800,1800,58982400,58982400,89.657,90.012,12.478,14.047,0,0,0.000000,1.569,22.414,25.064,2.650,4.291322,4.296788,0.005466,,badfellow,,0
100000000,c4_en,3407,4.50,full,role_depth_v5,1,1,1800,1800,58982400,58982400,89.657,89.770,12.478,12.128,0,0,0.000000,-0.350,22.414,21.754,-0.660,4.291322,4.292103,0.000781,,elor-compute-01,,0
100000000,c4_en,3407,4.50,full,role_depth_v6,1,1,1800,1800,58982400,58982400,89.657,89.686,12.478,12.780,0,0,0.000000,0.302,22.414,22.858,0.444,4.291322,4.297265,0.005943,,elor-compute-01,,0
100000000,c4_en,3407,4.50,no_role_depth,full,1,1,1850,1800,60620800,58982400,89.435,89.657,11.582,12.478,-1638400,-50,-0.027027,0.896,20.363,22.414,2.051,4.305235,4.291322,-0.013913,seo-compute-01,,0,
100000000,c4_en,3407,4.50,no_role_depth,role_depth_v2,1,1,1850,1800,60620800,58982400,89.435,89.816,11.582,13.908,-1638400,-50,-0.027027,2.326,20.363,24.950,4.588,4.305235,4.293108,-0.012127,seo-compute-01,damle-compute-01,0,0
100000000,c4_en,3407,4.50,no_role_depth,role_depth_v3,1,1,1850,1850,60620800,60620800,89.435,89.481,11.582,13.823,0,0,0.000000,2.242,20.363,24.294,3.931,4.305235,4.307411,0.002176,seo-compute-01,damle-compute-01,0,0
100000000,c4_en,3407,4.50,no_role_depth,role_depth_v4,1,1,1850,1800,60620800,58982400,89.435,90.012,11.582,14.047,-1638400,-50,-0.027027,2.465,20.363,25.064,4.702,4.305235,4.296788,-0.008447,seo-compute-01,badfellow,0,0
100000000,c4_en,3407,4.50,no_role_depth,role_depth_v5,1,1,1850,1800,60620800,58982400,89.435,89.770,11.582,12.128,-1638400,-50,-0.027027,0.547,20.363,21.754,1.391,4.305235,4.292103,-0.013132,seo-compute-01,elor-compute-01,0,0
100000000,c4_en,3407,4.50,no_role_depth,role_depth_v6,1,1,1850,1800,60620800,58982400,89.435,89.686,11.582,12.780,-1638400,-50,-0.027027,1.198,20.363,22.858,2.495,4.305235,4.297265,-0.007970,seo-compute-01,elor-compute-01,0,0
100000000,c4_en,3407,4.40,full,no_role_depth,1,1,2200,2250,72089600,73728000,81.032,81.286,15.251,14.086,1638400,50,0.022727,-1.165,22.414,20.363,-2.051,4.291322,4.305235,0.013913,,seo-compute-01,,0
100000000,c4_en,3407,4.40,full,role_depth_v2,1,1,2200,2200,72089600,72089600,81.032,81.191,15.251,16.998,0,0,0.000000,1.748,22.414,24.950,2.536,4.291322,4.293108,0.001786,,damle-compute-01,,0
100000000,c4_en,3407,4.40,full,role_depth_v3,1,1,2200,2250,72089600,73728000,81.032,81.384,15.251,16.812,1638400,50,0.022727,1.562,22.414,24.294,1.880,4.291322,4.307411,0.016089,,damle-compute-01,,0
100000000,c4_en,3407,4.40,full,role_depth_v4,1,1,2200,2200,72089600,72089600,81.032,81.402,15.251,17.168,0,0,0.000000,1.917,22.414,25.064,2.650,4.291322,4.296788,0.005466,,badfellow,,0
100000000,c4_en,3407,4.40,full,role_depth_v5,1,1,2200,2200,72089600,72089600,81.032,81.196,15.251,14.823,0,0,0.000000,-0.427,22.414,21.754,-0.660,4.291322,4.292103,0.000781,,elor-compute-01,,0
100000000,c4_en,3407,4.40,full,role_depth_v6,1,1,2200,2200,72089600,72089600,81.032,81.264,15.251,15.620,0,0,0.000000,0.369,22.414,22.858,0.444,4.291322,4.297265,0.005943,,elor-compute-01,,0
100000000,c4_en,3407,4.40,no_role_depth,full,1,1,2250,2200,73728000,72089600,81.286,81.032,14.086,15.251,-1638400,-50,-0.022222,1.165,20.363,22.414,2.051,4.305235,4.291322,-0.013913,seo-compute-01,,0,
100000000,c4_en,3407,4.40,no_role_depth,role_depth_v2,1,1,2250,2200,73728000,72089600,81.286,81.191,14.086,16.998,-1638400,-50,-0.022222,2.912,20.363,24.950,4.588,4.305235,4.293108,-0.012127,seo-compute-01,damle-compute-01,0,0
100000000,c4_en,3407,4.40,no_role_depth,role_depth_v3,1,1,2250,2250,73728000,73728000,81.286,81.384,14.086,16.812,0,0,0.000000,2.726,20.363,24.294,3.931,4.305235,4.307411,0.002176,seo-compute-01,damle-compute-01,0,0
100000000,c4_en,3407,4.40,no_role_depth,role_depth_v4,1,1,2250,2200,73728000,72089600,81.286,81.402,14.086,17.168,-1638400,-50,-0.022222,3.082,20.363,25.064,4.702,4.305235,4.296788,-0.008447,seo-compute-01,badfellow,0,0
100000000,c4_en,3407,4.40,no_role_depth,role_depth_v5,1,1,2250,2200,73728000,72089600,81.286,81.196,14.086,14.823,-1638400,-50,-0.022222,0.738,20.363,21.754,1.391,4.305235,4.292103,-0.013132,seo-compute-01,elor-compute-01,0,0
100000000,c4_en,3407,4.40,no_role_depth,role_depth_v6,1,1,2250,2200,73728000,72089600,81.286,81.264,14.086,15.620,-1638400,-50,-0.022222,1.534,20.363,22.858,2.495,4.305235,4.297265,-0.007970,seo-compute-01,elor-compute-01,0,0
100000000,c4_en,3407,4.30,full,no_role_depth,1,0,2950,,96665600,,73.563,,20.450,,,,,,22.414,20.363,-2.051,4.291322,4.305235,0.013913,,seo-compute-01,,0
100000000,c4_en,3407,4.30,full,role_depth_v2,1,1,2950,2950,96665600,96665600,73.563,73.667,20.450,22.793,0,0,0.000000,2.343,22.414,24.950,2.536,4.291322,4.293108,0.001786,,damle-compute-01,,0
100000000,c4_en,3407,4.30,full,role_depth_v3,1,0,2950,,96665600,,73.563,,20.450,,,,,,22.414,24.294,1.880,4.291322,4.307411,0.016089,,damle-compute-01,,0
100000000,c4_en,3407,4.30,full,role_depth_v4,1,1,2950,3000,96665600,98304000,73.563,73.655,20.450,23.411,1638400,50,0.016949,2.961,22.414,25.064,2.650,4.291322,4.296788,0.005466,,badfellow,,0
100000000,c4_en,3407,4.30,full,role_depth_v5,1,1,2950,2950,96665600,96665600,73.563,73.634,20.450,19.877,0,0,0.000000,-0.573,22.414,21.754,-0.660,4.291322,4.292103,0.000781,,elor-compute-01,,0
100000000,c4_en,3407,4.30,full,role_depth_v6,1,1,2950,3000,96665600,98304000,73.563,73.658,20.450,21.300,1638400,50,0.016949,0.850,22.414,22.858,0.444,4.291322,4.297265,0.005943,,elor-compute-01,,0
100000000,c4_en,3407,4.30,no_role_depth,full,0,1,,2950,,96665600,,73.563,,20.450,,,,,20.363,22.414,2.051,4.305235,4.291322,-0.013913,seo-compute-01,,0,
100000000,c4_en,3407,4.30,no_role_depth,role_depth_v2,0,1,,2950,,96665600,,73.667,,22.793,,,,,20.363,24.950,4.588,4.305235,4.293108,-0.012127,seo-compute-01,damle-compute-01,0,0
100000000,c4_en,3407,4.30,no_role_depth,role_depth_v3,0,0,,,,,,,,,,,,,20.363,24.294,3.931,4.305235,4.307411,0.002176,seo-compute-01,damle-compute-01,0,0
100000000,c4_en,3407,4.30,no_role_depth,role_depth_v4,0,1,,3000,,98304000,,73.655,,23.411,,,,,20.363,25.064,4.702,4.305235,4.296788,-0.008447,seo-compute-01,badfellow,0,0
100000000,c4_en,3407,4.30,no_role_depth,role_depth_v5,0,1,,2950,,96665600,,73.634,,19.877,,,,,20.363,21.754,1.391,4.305235,4.292103,-0.013132,seo-compute-01,elor-compute-01,0,0
100000000,c4_en,3407,4.30,no_role_depth,role_depth_v6,0,1,,3000,,98304000,,73.658,,21.300,,,,,20.363,22.858,2.495,4.305235,4.297265,-0.007970,seo-compute-01,elor-compute-01,0,0
300000000,dclm,1337,4.40,full,no_role_depth,1,1,2350,2400,77004800,78643200,81.032,81.280,17.873,15.924,1638400,50,0.021277,-1.948,73.189,64.231,-8.958,3.958206,3.963464,0.005258,,seo-compute-01,,0
300000000,dclm,1337,4.40,full,role_depth_v2,1,1,2350,2350,77004800,77004800,81.032,81.019,17.873,21.743,0,0,0.000000,3.871,73.189,89.778,16.588,3.958206,3.957419,-0.000787,,ellis-compute-02,,0
300000000,dclm,1337,4.40,full,role_depth_v3,1,1,2350,2450,77004800,80281600,81.032,80.650,17.873,15.920,3276800,100,0.042553,-1.952,73.189,62.903,-10.286,3.958206,3.965834,0.007628,,zabih-compute-01,,0
300000000,dclm,1337,4.40,full,role_depth_v4,1,1,2350,2450,77004800,80281600,81.032,80.658,17.873,16.199,3276800,100,0.042553,-1.673,73.189,64.029,-9.160,3.958206,3.959833,0.001627,,zabih-compute-01,,0
300000000,dclm,1337,4.40,full,role_depth_v5,1,1,2350,2400,77004800,78643200,81.032,81.082,17.873,17.540,1638400,50,0.021277,-0.332,73.189,70.654,-2.536,3.958206,3.959412,0.001206,,rush-compute-02,,0
300000000,dclm,1337,4.40,full,role_depth_v6,1,1,2350,2400,77004800,78643200,81.032,81.174,17.873,18.357,1638400,50,0.021277,0.484,73.189,73.883,0.693,3.958206,3.963066,0.004860,,damle-compute-01,,0
300000000,dclm,1337,4.40,no_role_depth,full,1,1,2400,2350,78643200,77004800,81.280,81.032,15.924,17.873,-1638400,-50,-0.020833,1.948,64.231,73.189,8.958,3.963464,3.958206,-0.005258,seo-compute-01,,0,
300000000,dclm,1337,4.40,no_role_depth,role_depth_v2,1,1,2400,2350,78643200,77004800,81.280,81.019,15.924,21.743,-1638400,-50,-0.020833,5.819,64.231,89.778,25.547,3.963464,3.957419,-0.006045,seo-compute-01,ellis-compute-02,0,0
300000000,dclm,1337,4.40,no_role_depth,role_depth_v3,1,1,2400,2450,78643200,80281600,81.280,80.650,15.924,15.920,1638400,50,0.020833,-0.004,64.231,62.903,-1.328,3.963464,3.965834,0.002370,seo-compute-01,zabih-compute-01,0,0
300000000,dclm,1337,4.40,no_role_depth,role_depth_v4,1,1,2400,2450,78643200,80281600,81.280,80.658,15.924,16.199,1638400,50,0.020833,0.275,64.231,64.029,-0.202,3.963464,3.959833,-0.003631,seo-compute-01,zabih-compute-01,0,0
300000000,dclm,1337,4.40,no_role_depth,role_depth_v5,1,1,2400,2400,78643200,78643200,81.280,81.082,15.924,17.540,0,0,0.000000,1.616,64.231,70.654,6.423,3.963464,3.959412,-0.004052,seo-compute-01,rush-compute-02,0,0
300000000,dclm,1337,4.40,no_role_depth,role_depth_v6,1,1,2400,2400,78643200,78643200,81.280,81.174,15.924,18.357,0,0,0.000000,2.432,64.231,73.883,9.652,3.963464,3.963066,-0.000398,seo-compute-01,damle-compute-01,0,0
300000000,dclm,1337,4.30,full,no_role_depth,1,1,3150,3150,103219200,103219200,73.576,73.162,23.957,20.901,0,0,0.000000,-3.056,73.189,64.231,-8.958,3.958206,3.963464,0.005258,,seo-compute-01,,0
300000000,dclm,1337,4.30,full,role_depth_v2,1,1,3150,3150,103219200,103219200,73.576,73.580,23.957,29.145,0,0,0.000000,5.188,73.189,89.778,16.588,3.958206,3.957419,-0.000787,,ellis-compute-02,,0
300000000,dclm,1337,4.30,full,role_depth_v3,1,1,3150,3100,103219200,101580800,73.576,73.489,23.957,20.144,-1638400,-50,-0.015873,-3.813,73.189,62.903,-10.286,3.958206,3.965834,0.007628,,zabih-compute-01,,0
300000000,dclm,1337,4.30,full,role_depth_v4,1,1,3150,3100,103219200,101580800,73.576,73.419,23.957,20.497,-1638400,-50,-0.015873,-3.460,73.189,64.029,-9.160,3.958206,3.959833,0.001627,,zabih-compute-01,,0
300000000,dclm,1337,4.30,full,role_depth_v5,1,1,3150,3150,103219200,103219200,73.576,73.372,23.957,23.021,0,0,0.000000,-0.935,73.189,70.654,-2.536,3.958206,3.959412,0.001206,,rush-compute-02,,0
300000000,dclm,1337,4.30,full,role_depth_v6,1,1,3150,3100,103219200,101580800,73.576,73.263,23.957,23.711,-1638400,-50,-0.015873,-0.246,73.189,73.883,0.693,3.958206,3.963066,0.004860,,damle-compute-01,,0
300000000,dclm,1337,4.30,no_role_depth,full,1,1,3150,3150,103219200,103219200,73.162,73.576,20.901,23.957,0,0,0.000000,3.056,64.231,73.189,8.958,3.963464,3.958206,-0.005258,seo-compute-01,,0,
300000000,dclm,1337,4.30,no_role_depth,role_depth_v2,1,1,3150,3150,103219200,103219200,73.162,73.580,20.901,29.145,0,0,0.000000,8.245,64.231,89.778,25.547,3.963464,3.957419,-0.006045,seo-compute-01,ellis-compute-02,0,0
300000000,dclm,1337,4.30,no_role_depth,role_depth_v3,1,1,3150,3100,103219200,101580800,73.162,73.489,20.901,20.144,-1638400,-50,-0.015873,-0.757,64.231,62.903,-1.328,3.963464,3.965834,0.002370,seo-compute-01,zabih-compute-01,0,0
300000000,dclm,1337,4.30,no_role_depth,role_depth_v4,1,1,3150,3100,103219200,101580800,73.162,73.419,20.901,20.497,-1638400,-50,-0.015873,-0.403,64.231,64.029,-0.202,3.963464,3.959833,-0.003631,seo-compute-01,zabih-compute-01,0,0
300000000,dclm,1337,4.30,no_role_depth,role_depth_v5,1,1,3150,3150,103219200,103219200,73.162,73.372,20.901,23.021,0,0,0.000000,2.121,64.231,70.654,6.423,3.963464,3.959412,-0.004052,seo-compute-01,rush-compute-02,0,0
300000000,dclm,1337,4.30,no_role_depth,role_depth_v6,1,1,3150,3100,103219200,101580800,73.162,73.263,20.901,23.711,-1638400,-50,-0.015873,2.810,64.231,73.883,9.652,3.963464,3.963066,-0.000398,seo-compute-01,damle-compute-01,0,0
300000000,dclm,1337,4.20,full,no_role_depth,1,1,4100,4050,134348800,132710400,66.467,66.559,31.182,26.872,-1638400,-50,-0.012195,-4.310,73.189,64.231,-8.958,3.958206,3.963464,0.005258,,seo-compute-01,,0
300000000,dclm,1337,4.20,full,role_depth_v2,1,1,4100,4100,134348800,134348800,66.467,66.538,31.182,37.935,0,0,0.000000,6.753,73.189,89.778,16.588,3.958206,3.957419,-0.000787,,ellis-compute-02,,0
300000000,dclm,1337,4.20,full,role_depth_v3,1,1,4100,4100,134348800,134348800,66.467,66.418,31.182,26.642,0,0,0.000000,-4.540,73.189,62.903,-10.286,3.958206,3.965834,0.007628,,zabih-compute-01,,0
300000000,dclm,1337,4.20,full,role_depth_v4,1,1,4100,4000,134348800,131072000,66.467,66.679,31.182,26.448,-3276800,-100,-0.024390,-4.734,73.189,64.029,-9.160,3.958206,3.959833,0.001627,,zabih-compute-01,,0
300000000,dclm,1337,4.20,full,role_depth_v5,1,1,4100,4100,134348800,134348800,66.467,66.474,31.182,29.964,0,0,0.000000,-1.217,73.189,70.654,-2.536,3.958206,3.959412,0.001206,,rush-compute-02,,0
300000000,dclm,1337,4.20,full,role_depth_v6,1,1,4100,4000,134348800,131072000,66.467,66.684,31.182,30.594,-3276800,-100,-0.024390,-0.587,73.189,73.883,0.693,3.958206,3.963066,0.004860,,damle-compute-01,,0
300000000,dclm,1337,4.20,no_role_depth,full,1,1,4050,4100,132710400,134348800,66.559,66.467,26.872,31.182,1638400,50,0.012346,4.310,64.231,73.189,8.958,3.963464,3.958206,-0.005258,seo-compute-01,,0,
300000000,dclm,1337,4.20,no_role_depth,role_depth_v2,1,1,4050,4100,132710400,134348800,66.559,66.538,26.872,37.935,1638400,50,0.012346,11.063,64.231,89.778,25.547,3.963464,3.957419,-0.006045,seo-compute-01,ellis-compute-02,0,0
300000000,dclm,1337,4.20,no_role_depth,role_depth_v3,1,1,4050,4100,132710400,134348800,66.559,66.418,26.872,26.642,1638400,50,0.012346,-0.230,64.231,62.903,-1.328,3.963464,3.965834,0.002370,seo-compute-01,zabih-compute-01,0,0
300000000,dclm,1337,4.20,no_role_depth,role_depth_v4,1,1,4050,4000,132710400,131072000,66.559,66.679,26.872,26.448,-1638400,-50,-0.012346,-0.424,64.231,64.029,-0.202,3.963464,3.959833,-0.003631,seo-compute-01,zabih-compute-01,0,0
300000000,dclm,1337,4.20,no_role_depth,role_depth_v5,1,1,4050,4100,132710400,134348800,66.559,66.474,26.872,29.964,1638400,50,0.012346,3.092,64.231,70.654,6.423,3.963464,3.959412,-0.004052,seo-compute-01,rush-compute-02,0,0
300000000,dclm,1337,4.20,no_role_depth,role_depth_v6,1,1,4050,4000,132710400,131072000,66.559,66.684,26.872,30.594,-1638400,-50,-0.012346,3.722,64.231,73.883,9.652,3.963464,3.963066,-0.000398,seo-compute-01,damle-compute-01,0,0
300000000,dclm,1337,4.10,full,no_role_depth,1,1,5500,5450,180224000,178585600,59.912,60.274,41.829,36.161,-1638400,-50,-0.009091,-5.668,73.189,64.231,-8.958,3.958206,3.963464,0.005258,,seo-compute-01,,0
300000000,dclm,1337,4.10,full,role_depth_v2,1,1,5500,5450,180224000,178585600,59.912,60.245,41.829,50.426,-1638400,-50,-0.009091,8.597,73.189,89.778,16.588,3.958206,3.957419,-0.000787,,ellis-compute-02,,0
300000000,dclm,1337,4.10,full,role_depth_v3,1,1,5500,5500,180224000,180224000,59.912,59.949,41.829,35.739,0,0,0.000000,-6.090,73.189,62.903,-10.286,3.958206,3.965834,0.007628,,zabih-compute-01,,0
300000000,dclm,1337,4.10,full,role_depth_v4,1,1,5500,5450,180224000,178585600,59.912,60.264,41.829,36.035,-1638400,-50,-0.009091,-5.794,73.189,64.029,-9.160,3.958206,3.959833,0.001627,,zabih-compute-01,,0
300000000,dclm,1337,4.10,full,role_depth_v5,1,1,5500,5400,180224000,176947200,59.912,60.330,41.829,39.465,-3276800,-100,-0.018182,-2.364,73.189,70.654,-2.536,3.958206,3.959412,0.001206,,rush-compute-02,,0
300000000,dclm,1337,4.10,full,role_depth_v6,1,1,5500,5350,180224000,175308800,59.912,60.316,41.829,40.920,-4915200,-150,-0.027273,-0.909,73.189,73.883,0.693,3.958206,3.963066,0.004860,,damle-compute-01,,0
300000000,dclm,1337,4.10,no_role_depth,full,1,1,5450,5500,178585600,180224000,60.274,59.912,36.161,41.829,1638400,50,0.009174,5.668,64.231,73.189,8.958,3.963464,3.958206,-0.005258,seo-compute-01,,0,
300000000,dclm,1337,4.10,no_role_depth,role_depth_v2,1,1,5450,5450,178585600,178585600,60.274,60.245,36.161,50.426,0,0,0.000000,14.265,64.231,89.778,25.547,3.963464,3.957419,-0.006045,seo-compute-01,ellis-compute-02,0,0
300000000,dclm,1337,4.10,no_role_depth,role_depth_v3,1,1,5450,5500,178585600,180224000,60.274,59.949,36.161,35.739,1638400,50,0.009174,-0.422,64.231,62.903,-1.328,3.963464,3.965834,0.002370,seo-compute-01,zabih-compute-01,0,0
300000000,dclm,1337,4.10,no_role_depth,role_depth_v4,1,1,5450,5450,178585600,178585600,60.274,60.264,36.161,36.035,0,0,0.000000,-0.126,64.231,64.029,-0.202,3.963464,3.959833,-0.003631,seo-compute-01,zabih-compute-01,0,0
300000000,dclm,1337,4.10,no_role_depth,role_depth_v5,1,1,5450,5400,178585600,176947200,60.274,60.330,36.161,39.465,-1638400,-50,-0.009174,3.304,64.231,70.654,6.423,3.963464,3.959412,-0.004052,seo-compute-01,rush-compute-02,0,0
300000000,dclm,1337,4.10,no_role_depth,role_depth_v6,1,1,5450,5350,178585600,175308800,60.274,60.316,36.161,40.920,-3276800,-100,-0.018349,4.759,64.231,73.883,9.652,3.963464,3.963066,-0.000398,seo-compute-01,damle-compute-01,0,0
300000000,dclm,1337,4.05,full,no_role_depth,1,1,6300,6350,206438400,208076800,57.348,57.162,47.914,42.133,1638400,50,0.007937,-5.781,73.189,64.231,-8.958,3.958206,3.963464,0.005258,,seo-compute-01,,0
300000000,dclm,1337,4.05,full,role_depth_v2,1,1,6300,6300,206438400,206438400,57.348,57.250,47.914,58.291,0,0,0.000000,10.377,73.189,89.778,16.588,3.958206,3.957419,-0.000787,,ellis-compute-02,,0
300000000,dclm,1337,4.05,full,role_depth_v3,1,1,6300,6350,206438400,208076800,57.348,57.299,47.914,41.262,1638400,50,0.007937,-6.651,73.189,62.903,-10.286,3.958206,3.965834,0.007628,,zabih-compute-01,,0
300000000,dclm,1337,4.05,full,role_depth_v4,1,1,6300,6300,206438400,206438400,57.348,57.380,47.914,41.656,0,0,0.000000,-6.258,73.189,64.029,-9.160,3.958206,3.959833,0.001627,,zabih-compute-01,,0
300000000,dclm,1337,4.05,full,role_depth_v5,1,1,6300,6300,206438400,206438400,57.348,57.327,47.914,46.043,0,0,0.000000,-1.871,73.189,70.654,-2.536,3.958206,3.959412,0.001206,,rush-compute-02,,0
300000000,dclm,1337,4.05,full,role_depth_v6,1,1,6300,6300,206438400,206438400,57.348,57.335,47.914,48.186,0,0,0.000000,0.273,73.189,73.883,0.693,3.958206,3.963066,0.004860,,damle-compute-01,,0
300000000,dclm,1337,4.05,no_role_depth,full,1,1,6350,6300,208076800,206438400,57.162,57.348,42.133,47.914,-1638400,-50,-0.007874,5.781,64.231,73.189,8.958,3.963464,3.958206,-0.005258,seo-compute-01,,0,
300000000,dclm,1337,4.05,no_role_depth,role_depth_v2,1,1,6350,6300,208076800,206438400,57.162,57.250,42.133,58.291,-1638400,-50,-0.007874,16.158,64.231,89.778,25.547,3.963464,3.957419,-0.006045,seo-compute-01,ellis-compute-02,0,0
300000000,dclm,1337,4.05,no_role_depth,role_depth_v3,1,1,6350,6350,208076800,208076800,57.162,57.299,42.133,41.262,0,0,0.000000,-0.870,64.231,62.903,-1.328,3.963464,3.965834,0.002370,seo-compute-01,zabih-compute-01,0,0
300000000,dclm,1337,4.05,no_role_depth,role_depth_v4,1,1,6350,6300,208076800,206438400,57.162,57.380,42.133,41.656,-1638400,-50,-0.007874,-0.477,64.231,64.029,-0.202,3.963464,3.959833,-0.003631,seo-compute-01,zabih-compute-01,0,0
300000000,dclm,1337,4.05,no_role_depth,role_depth_v5,1,1,6350,6300,208076800,206438400,57.162,57.327,42.133,46.043,-1638400,-50,-0.007874,3.910,64.231,70.654,6.423,3.963464,3.959412,-0.004052,seo-compute-01,rush-compute-02,0,0
300000000,dclm,1337,4.05,no_role_depth,role_depth_v6,1,1,6350,6300,208076800,206438400,57.162,57.335,42.133,48.186,-1638400,-50,-0.007874,6.053,64.231,73.883,9.652,3.963464,3.963066,-0.000398,seo-compute-01,damle-compute-01,0,0
300000000,dclm,1337,4.00,full,no_role_depth,1,1,7400,7500,242483200,245760000,54.563,54.560,56.279,49.763,3276800,100,0.013514,-6.516,73.189,64.231,-8.958,3.958206,3.963464,0.005258,,seo-compute-01,,0
300000000,dclm,1337,4.00,full,role_depth_v2,1,1,7400,7400,242483200,242483200,54.563,54.461,56.279,68.468,0,0,0.000000,12.189,73.189,89.778,16.588,3.958206,3.957419,-0.000787,,ellis-compute-02,,0
300000000,dclm,1337,4.00,full,role_depth_v3,1,1,7400,7550,242483200,247398400,54.563,54.486,56.279,49.060,4915200,150,0.020270,-7.219,73.189,62.903,-10.286,3.958206,3.965834,0.007628,,zabih-compute-01,,0
300000000,dclm,1337,4.00,full,role_depth_v4,1,1,7400,7400,242483200,242483200,54.563,54.571,56.279,48.929,0,0,0.000000,-7.351,73.189,64.029,-9.160,3.958206,3.959833,0.001627,,zabih-compute-01,,0
300000000,dclm,1337,4.00,full,role_depth_v5,1,1,7400,7400,242483200,242483200,54.563,54.589,56.279,54.082,0,0,0.000000,-2.197,73.189,70.654,-2.536,3.958206,3.959412,0.001206,,rush-compute-02,,0
300000000,dclm,1337,4.00,full,role_depth_v6,1,1,7400,7450,242483200,244121600,54.563,54.540,56.279,56.982,1638400,50,0.006757,0.703,73.189,73.883,0.693,3.958206,3.963066,0.004860,,damle-compute-01,,0
300000000,dclm,1337,4.00,no_role_depth,full,1,1,7500,7400,245760000,242483200,54.560,54.563,49.763,56.279,-3276800,-100,-0.013333,6.516,64.231,73.189,8.958,3.963464,3.958206,-0.005258,seo-compute-01,,0,
300000000,dclm,1337,4.00,no_role_depth,role_depth_v2,1,1,7500,7400,245760000,242483200,54.560,54.461,49.763,68.468,-3276800,-100,-0.013333,18.705,64.231,89.778,25.547,3.963464,3.957419,-0.006045,seo-compute-01,ellis-compute-02,0,0
300000000,dclm,1337,4.00,no_role_depth,role_depth_v3,1,1,7500,7550,245760000,247398400,54.560,54.486,49.763,49.060,1638400,50,0.006667,-0.703,64.231,62.903,-1.328,3.963464,3.965834,0.002370,seo-compute-01,zabih-compute-01,0,0
300000000,dclm,1337,4.00,no_role_depth,role_depth_v4,1,1,7500,7400,245760000,242483200,54.560,54.571,49.763,48.929,-3276800,-100,-0.013333,-0.835,64.231,64.029,-0.202,3.963464,3.959833,-0.003631,seo-compute-01,zabih-compute-01,0,0
300000000,dclm,1337,4.00,no_role_depth,role_depth_v5,1,1,7500,7400,245760000,242483200,54.560,54.589,49.763,54.082,-3276800,-100,-0.013333,4.319,64.231,70.654,6.423,3.963464,3.959412,-0.004052,seo-compute-01,rush-compute-02,0,0
300000000,dclm,1337,4.00,no_role_depth,role_depth_v6,1,1,7500,7450,245760000,244121600,54.560,54.540,49.763,56.982,-1638400,-50,-0.006667,7.219,64.231,73.883,9.652,3.963464,3.963066,-0.000398,seo-compute-01,damle-compute-01,0,0
300000000,dclm,2027,4.40,full,no_role_depth,1,1,2400,2450,78643200,80281600,81.380,81.194,16.675,15.145,1638400,50,0.020833,-1.530,67.238,59.986,-7.252,3.976248,3.981735,0.005487,,abdelfattah-compute-03,,0
300000000,dclm,2027,4.40,full,role_depth_v2,1,1,2400,2400,78643200,78643200,81.380,81.344,16.675,15.310,0,0,0.000000,-1.365,67.238,61.834,-5.404,3.976248,3.976169,-0.000079,,abdelfattah-compute-03,,0
300000000,dclm,2027,4.40,full,role_depth_v3,1,1,2400,2450,78643200,80281600,81.380,81.144,16.675,19.343,1638400,50,0.020833,2.667,67.238,75.951,8.713,3.976248,3.983419,0.007171,,nikola-compute-18,,0
300000000,dclm,2027,4.40,full,role_depth_v4,1,1,2400,2500,78643200,81920000,81.380,81.236,16.675,15.980,3276800,100,0.041667,-0.696,67.238,61.955,-5.283,3.976248,3.977648,0.001400,,elor-compute-01,,0
300000000,dclm,2027,4.40,full,role_depth_v5,1,1,2400,2500,78643200,81920000,81.380,81.071,16.675,16.818,3276800,100,0.041667,0.142,67.238,64.939,-2.299,3.976248,3.978607,0.002359,,elor-compute-01,,1
300000000,dclm,2027,4.40,full,role_depth_v6,1,1,2400,2450,78643200,80281600,81.380,81.424,16.675,19.209,1638400,50,0.020833,2.534,67.238,75.389,8.151,3.976248,3.978982,0.002734,,damle-compute-01,,1
300000000,dclm,2027,4.40,no_role_depth,full,1,1,2450,2400,80281600,78643200,81.194,81.380,15.145,16.675,-1638400,-50,-0.020408,1.530,59.986,67.238,7.252,3.981735,3.976248,-0.005487,abdelfattah-compute-03,,0,
300000000,dclm,2027,4.40,no_role_depth,role_depth_v2,1,1,2450,2400,80281600,78643200,81.194,81.344,15.145,15.310,-1638400,-50,-0.020408,0.165,59.986,61.834,1.848,3.981735,3.976169,-0.005565,abdelfattah-compute-03,abdelfattah-compute-03,0,0
300000000,dclm,2027,4.40,no_role_depth,role_depth_v3,1,1,2450,2450,80281600,80281600,81.194,81.144,15.145,19.343,0,0,0.000000,4.197,59.986,75.951,15.965,3.981735,3.983419,0.001684,abdelfattah-compute-03,nikola-compute-18,0,0
300000000,dclm,2027,4.40,no_role_depth,role_depth_v4,1,1,2450,2500,80281600,81920000,81.194,81.236,15.145,15.980,1638400,50,0.020408,0.834,59.986,61.955,1.969,3.981735,3.977648,-0.004086,abdelfattah-compute-03,elor-compute-01,0,0
300000000,dclm,2027,4.40,no_role_depth,role_depth_v5,1,1,2450,2500,80281600,81920000,81.194,81.071,15.145,16.818,1638400,50,0.020408,1.672,59.986,64.939,4.953,3.981735,3.978607,-0.003128,abdelfattah-compute-03,elor-compute-01,0,1
300000000,dclm,2027,4.40,no_role_depth,role_depth_v6,1,1,2450,2450,80281600,80281600,81.194,81.424,15.145,19.209,0,0,0.000000,4.064,59.986,75.389,15.403,3.981735,3.978982,-0.002753,abdelfattah-compute-03,damle-compute-01,0,1
300000000,dclm,2027,4.30,full,no_role_depth,1,1,3300,3200,108134400,104857600,73.255,73.470,22.929,19.782,-3276800,-100,-0.030303,-3.147,67.238,59.986,-7.252,3.976248,3.981735,0.005487,,abdelfattah-compute-03,,0
300000000,dclm,2027,4.30,full,role_depth_v2,1,1,3300,3300,108134400,108134400,73.255,73.248,22.929,21.051,0,0,0.000000,-1.877,67.238,61.834,-5.404,3.976248,3.976169,-0.000079,,abdelfattah-compute-03,,0
300000000,dclm,2027,4.30,full,role_depth_v3,1,1,3300,3200,108134400,104857600,73.255,73.659,22.929,25.264,-3276800,-100,-0.030303,2.335,67.238,75.951,8.713,3.976248,3.983419,0.007171,,nikola-compute-18,,0
300000000,dclm,2027,4.30,full,role_depth_v4,1,1,3300,3200,108134400,104857600,73.255,73.593,22.929,20.454,-3276800,-100,-0.030303,-2.475,67.238,61.955,-5.283,3.976248,3.977648,0.001400,,elor-compute-01,,0
300000000,dclm,2027,4.30,full,role_depth_v5,1,1,3300,3250,108134400,106496000,73.255,73.564,22.929,21.863,-1638400,-50,-0.015152,-1.066,67.238,64.939,-2.299,3.976248,3.978607,0.002359,,elor-compute-01,,1
300000000,dclm,2027,4.30,full,role_depth_v6,1,1,3300,3150,108134400,103219200,73.255,73.673,22.929,24.698,-4915200,-150,-0.045455,1.769,67.238,75.389,8.151,3.976248,3.978982,0.002734,,damle-compute-01,,1
300000000,dclm,2027,4.30,no_role_depth,full,1,1,3200,3300,104857600,108134400,73.470,73.255,19.782,22.929,3276800,100,0.031250,3.147,59.986,67.238,7.252,3.981735,3.976248,-0.005487,abdelfattah-compute-03,,0,
300000000,dclm,2027,4.30,no_role_depth,role_depth_v2,1,1,3200,3300,104857600,108134400,73.470,73.248,19.782,21.051,3276800,100,0.031250,1.270,59.986,61.834,1.848,3.981735,3.976169,-0.005565,abdelfattah-compute-03,abdelfattah-compute-03,0,0
300000000,dclm,2027,4.30,no_role_depth,role_depth_v3,1,1,3200,3200,104857600,104857600,73.470,73.659,19.782,25.264,0,0,0.000000,5.482,59.986,75.951,15.965,3.981735,3.983419,0.001684,abdelfattah-compute-03,nikola-compute-18,0,0
300000000,dclm,2027,4.30,no_role_depth,role_depth_v4,1,1,3200,3200,104857600,104857600,73.470,73.593,19.782,20.454,0,0,0.000000,0.672,59.986,61.955,1.969,3.981735,3.977648,-0.004086,abdelfattah-compute-03,elor-compute-01,0,0
300000000,dclm,2027,4.30,no_role_depth,role_depth_v5,1,1,3200,3250,104857600,106496000,73.470,73.564,19.782,21.863,1638400,50,0.015625,2.081,59.986,64.939,4.953,3.981735,3.978607,-0.003128,abdelfattah-compute-03,elor-compute-01,0,1
300000000,dclm,2027,4.30,no_role_depth,role_depth_v6,1,1,3200,3150,104857600,103219200,73.470,73.673,19.782,24.698,-1638400,-50,-0.015625,4.916,59.986,75.389,15.403,3.981735,3.978982,-0.002753,abdelfattah-compute-03,damle-compute-01,0,1
300000000,dclm,2027,4.20,full,no_role_depth,1,1,4250,4200,139264000,137625600,66.468,66.577,29.529,25.963,-1638400,-50,-0.011765,-3.566,67.238,59.986,-7.252,3.976248,3.981735,0.005487,,abdelfattah-compute-03,,0
300000000,dclm,2027,4.20,full,role_depth_v2,1,1,4250,4250,139264000,139264000,66.468,66.506,29.529,27.111,0,0,0.000000,-2.418,67.238,61.834,-5.404,3.976248,3.976169,-0.000079,,abdelfattah-compute-03,,0
300000000,dclm,2027,4.20,full,role_depth_v3,1,1,4250,4200,139264000,137625600,66.468,66.538,29.529,33.159,-1638400,-50,-0.011765,3.629,67.238,75.951,8.713,3.976248,3.983419,0.007171,,nikola-compute-18,,0
300000000,dclm,2027,4.20,full,role_depth_v4,1,1,4250,4150,139264000,135987200,66.468,66.647,29.529,26.526,-3276800,-100,-0.023529,-3.003,67.238,61.955,-5.283,3.976248,3.977648,0.001400,,elor-compute-01,,0
300000000,dclm,2027,4.20,full,role_depth_v5,1,1,4250,4250,139264000,139264000,66.468,66.493,29.529,28.590,0,0,0.000000,-0.939,67.238,64.939,-2.299,3.976248,3.978607,0.002359,,elor-compute-01,,1
300000000,dclm,2027,4.20,full,role_depth_v6,1,1,4250,4150,139264000,135987200,66.468,66.431,29.529,32.538,-3276800,-100,-0.023529,3.009,67.238,75.389,8.151,3.976248,3.978982,0.002734,,damle-compute-01,,1
300000000,dclm,2027,4.20,no_role_depth,full,1,1,4200,4250,137625600,139264000,66.577,66.468,25.963,29.529,1638400,50,0.011905,3.566,59.986,67.238,7.252,3.981735,3.976248,-0.005487,abdelfattah-compute-03,,0,
300000000,dclm,2027,4.20,no_role_depth,role_depth_v2,1,1,4200,4250,137625600,139264000,66.577,66.506,25.963,27.111,1638400,50,0.011905,1.148,59.986,61.834,1.848,3.981735,3.976169,-0.005565,abdelfattah-compute-03,abdelfattah-compute-03,0,0
300000000,dclm,2027,4.20,no_role_depth,role_depth_v3,1,1,4200,4200,137625600,137625600,66.577,66.538,25.963,33.159,0,0,0.000000,7.195,59.986,75.951,15.965,3.981735,3.983419,0.001684,abdelfattah-compute-03,nikola-compute-18,0,0
300000000,dclm,2027,4.20,no_role_depth,role_depth_v4,1,1,4200,4150,137625600,135987200,66.577,66.647,25.963,26.526,-1638400,-50,-0.011905,0.562,59.986,61.955,1.969,3.981735,3.977648,-0.004086,abdelfattah-compute-03,elor-compute-01,0,0
300000000,dclm,2027,4.20,no_role_depth,role_depth_v5,1,1,4200,4250,137625600,139264000,66.577,66.493,25.963,28.590,1638400,50,0.011905,2.627,59.986,64.939,4.953,3.981735,3.978607,-0.003128,abdelfattah-compute-03,elor-compute-01,0,1
300000000,dclm,2027,4.20,no_role_depth,role_depth_v6,1,1,4200,4150,137625600,135987200,66.577,66.431,25.963,32.538,-1638400,-50,-0.011905,6.575,59.986,75.389,15.403,3.981735,3.978982,-0.002753,abdelfattah-compute-03,damle-compute-01,0,1
300000000,dclm,2027,4.10,full,no_role_depth,1,1,5650,5650,185139200,185139200,60.178,60.147,39.257,34.927,0,0,0.000000,-4.330,67.238,59.986,-7.252,3.976248,3.981735,0.005487,,abdelfattah-compute-03,,0
300000000,dclm,2027,4.10,full,role_depth_v2,1,1,5650,5650,185139200,185139200,60.178,60.224,39.257,36.042,0,0,0.000000,-3.214,67.238,61.834,-5.404,3.976248,3.976169,-0.000079,,abdelfattah-compute-03,,0
300000000,dclm,2027,4.10,full,role_depth_v3,1,1,5650,5700,185139200,186777600,60.178,60.228,39.257,45.001,1638400,50,0.008850,5.745,67.238,75.951,8.713,3.976248,3.983419,0.007171,,nikola-compute-18,,0
300000000,dclm,2027,4.10,full,role_depth_v4,1,1,5650,5650,185139200,185139200,60.178,60.118,39.257,36.114,0,0,0.000000,-3.143,67.238,61.955,-5.283,3.976248,3.977648,0.001400,,elor-compute-01,,0
300000000,dclm,2027,4.10,full,role_depth_v5,1,1,5650,5650,185139200,185139200,60.178,60.190,39.257,38.008,0,0,0.000000,-1.249,67.238,64.939,-2.299,3.976248,3.978607,0.002359,,elor-compute-01,,1
300000000,dclm,2027,4.10,full,role_depth_v6,1,1,5650,5600,185139200,183500800,60.178,60.272,39.257,43.907,-1638400,-50,-0.008850,4.650,67.238,75.389,8.151,3.976248,3.978982,0.002734,,damle-compute-01,,1
300000000,dclm,2027,4.10,no_role_depth,full,1,1,5650,5650,185139200,185139200,60.147,60.178,34.927,39.257,0,0,0.000000,4.330,59.986,67.238,7.252,3.981735,3.976248,-0.005487,abdelfattah-compute-03,,0,
300000000,dclm,2027,4.10,no_role_depth,role_depth_v2,1,1,5650,5650,185139200,185139200,60.147,60.224,34.927,36.042,0,0,0.000000,1.115,59.986,61.834,1.848,3.981735,3.976169,-0.005565,abdelfattah-compute-03,abdelfattah-compute-03,0,0
300000000,dclm,2027,4.10,no_role_depth,role_depth_v3,1,1,5650,5700,185139200,186777600,60.147,60.228,34.927,45.001,1638400,50,0.008850,10.074,59.986,75.951,15.965,3.981735,3.983419,0.001684,abdelfattah-compute-03,nikola-compute-18,0,0
300000000,dclm,2027,4.10,no_role_depth,role_depth_v4,1,1,5650,5650,185139200,185139200,60.147,60.118,34.927,36.114,0,0,0.000000,1.187,59.986,61.955,1.969,3.981735,3.977648,-0.004086,abdelfattah-compute-03,elor-compute-01,0,0
300000000,dclm,2027,4.10,no_role_depth,role_depth_v5,1,1,5650,5650,185139200,185139200,60.147,60.190,34.927,38.008,0,0,0.000000,3.081,59.986,64.939,4.953,3.981735,3.978607,-0.003128,abdelfattah-compute-03,elor-compute-01,0,1
300000000,dclm,2027,4.10,no_role_depth,role_depth_v6,1,1,5650,5600,185139200,183500800,60.147,60.272,34.927,43.907,-1638400,-50,-0.008850,8.980,59.986,75.389,15.403,3.981735,3.978982,-0.002753,abdelfattah-compute-03,damle-compute-01,0,1
300000000,dclm,2027,4.05,full,no_role_depth,1,1,6550,6550,214630400,214630400,57.319,57.396,45.510,40.491,0,0,0.000000,-5.019,67.238,59.986,-7.252,3.976248,3.981735,0.005487,,abdelfattah-compute-03,,0
300000000,dclm,2027,4.05,full,role_depth_v2,1,1,6550,6550,214630400,214630400,57.319,57.388,45.510,41.784,0,0,0.000000,-3.726,67.238,61.834,-5.404,3.976248,3.976169,-0.000079,,abdelfattah-compute-03,,0
300000000,dclm,2027,4.05,full,role_depth_v3,1,1,6550,6650,214630400,217907200,57.319,57.320,45.510,52.501,3276800,100,0.015267,6.991,67.238,75.951,8.713,3.976248,3.983419,0.007171,,nikola-compute-18,,0
300000000,dclm,2027,4.05,full,role_depth_v4,1,1,6550,6550,214630400,214630400,57.319,57.328,45.510,41.866,0,0,0.000000,-3.644,67.238,61.955,-5.283,3.976248,3.977648,0.001400,,elor-compute-01,,0
300000000,dclm,2027,4.05,full,role_depth_v5,1,1,6550,6600,214630400,216268800,57.319,57.302,45.510,44.399,1638400,50,0.007634,-1.111,67.238,64.939,-2.299,3.976248,3.978607,0.002359,,elor-compute-01,,1
300000000,dclm,2027,4.05,full,role_depth_v6,1,1,6550,6500,214630400,212992000,57.319,57.369,45.510,50.963,-1638400,-50,-0.007634,5.453,67.238,75.389,8.151,3.976248,3.978982,0.002734,,damle-compute-01,,1
300000000,dclm,2027,4.05,no_role_depth,full,1,1,6550,6550,214630400,214630400,57.396,57.319,40.491,45.510,0,0,0.000000,5.019,59.986,67.238,7.252,3.981735,3.976248,-0.005487,abdelfattah-compute-03,,0,
300000000,dclm,2027,4.05,no_role_depth,role_depth_v2,1,1,6550,6550,214630400,214630400,57.396,57.388,40.491,41.784,0,0,0.000000,1.293,59.986,61.834,1.848,3.981735,3.976169,-0.005565,abdelfattah-compute-03,abdelfattah-compute-03,0,0
300000000,dclm,2027,4.05,no_role_depth,role_depth_v3,1,1,6550,6650,214630400,217907200,57.396,57.320,40.491,52.501,3276800,100,0.015267,12.011,59.986,75.951,15.965,3.981735,3.983419,0.001684,abdelfattah-compute-03,nikola-compute-18,0,0
300000000,dclm,2027,4.05,no_role_depth,role_depth_v4,1,1,6550,6550,214630400,214630400,57.396,57.328,40.491,41.866,0,0,0.000000,1.376,59.986,61.955,1.969,3.981735,3.977648,-0.004086,abdelfattah-compute-03,elor-compute-01,0,0
300000000,dclm,2027,4.05,no_role_depth,role_depth_v5,1,1,6550,6600,214630400,216268800,57.396,57.302,40.491,44.399,1638400,50,0.007634,3.908,59.986,64.939,4.953,3.981735,3.978607,-0.003128,abdelfattah-compute-03,elor-compute-01,0,1
300000000,dclm,2027,4.05,no_role_depth,role_depth_v6,1,1,6550,6500,214630400,212992000,57.396,57.369,40.491,50.963,-1638400,-50,-0.007634,10.473,59.986,75.389,15.403,3.981735,3.978982,-0.002753,abdelfattah-compute-03,damle-compute-01,0,1
300000000,dclm,2027,4.00,full,no_role_depth,1,1,7900,8000,258867200,262144000,54.544,54.577,54.890,49.454,3276800,100,0.012658,-5.436,67.238,59.986,-7.252,3.976248,3.981735,0.005487,,abdelfattah-compute-03,,0
300000000,dclm,2027,4.00,full,role_depth_v2,1,1,7900,7900,258867200,258867200,54.544,54.556,54.890,50.395,0,0,0.000000,-4.494,67.238,61.834,-5.404,3.976248,3.976169,-0.000079,,abdelfattah-compute-03,,0
300000000,dclm,2027,4.00,full,role_depth_v3,1,1,7900,8050,258867200,263782400,54.544,54.584,54.890,63.554,4915200,150,0.018987,8.665,67.238,75.951,8.713,3.976248,3.983419,0.007171,,nikola-compute-18,,0
300000000,dclm,2027,4.00,full,role_depth_v4,1,1,7900,7900,258867200,258867200,54.544,54.538,54.890,50.495,0,0,0.000000,-4.395,67.238,61.955,-5.283,3.976248,3.977648,0.001400,,elor-compute-01,,0
300000000,dclm,2027,4.00,full,role_depth_v5,1,1,7900,7950,258867200,260505600,54.544,54.591,54.890,53.480,1638400,50,0.006329,-1.410,67.238,64.939,-2.299,3.976248,3.978607,0.002359,,elor-compute-01,,1
300000000,dclm,2027,4.00,full,role_depth_v6,1,1,7900,8000,258867200,262144000,54.544,54.474,54.890,62.724,3276800,100,0.012658,7.834,67.238,75.389,8.151,3.976248,3.978982,0.002734,,damle-compute-01,,1
300000000,dclm,2027,4.00,no_role_depth,full,1,1,8000,7900,262144000,258867200,54.577,54.544,49.454,54.890,-3276800,-100,-0.012500,5.436,59.986,67.238,7.252,3.981735,3.976248,-0.005487,abdelfattah-compute-03,,0,
300000000,dclm,2027,4.00,no_role_depth,role_depth_v2,1,1,8000,7900,262144000,258867200,54.577,54.556,49.454,50.395,-3276800,-100,-0.012500,0.941,59.986,61.834,1.848,3.981735,3.976169,-0.005565,abdelfattah-compute-03,abdelfattah-compute-03,0,0
300000000,dclm,2027,4.00,no_role_depth,role_depth_v3,1,1,8000,8050,262144000,263782400,54.577,54.584,49.454,63.554,1638400,50,0.006250,14.100,59.986,75.951,15.965,3.981735,3.983419,0.001684,abdelfattah-compute-03,nikola-compute-18,0,0
300000000,dclm,2027,4.00,no_role_depth,role_depth_v4,1,1,8000,7900,262144000,258867200,54.577,54.538,49.454,50.495,-3276800,-100,-0.012500,1.041,59.986,61.955,1.969,3.981735,3.977648,-0.004086,abdelfattah-compute-03,elor-compute-01,0,0
300000000,dclm,2027,4.00,no_role_depth,role_depth_v5,1,1,8000,7950,262144000,260505600,54.577,54.591,49.454,53.480,-1638400,-50,-0.006250,4.026,59.986,64.939,4.953,3.981735,3.978607,-0.003128,abdelfattah-compute-03,elor-compute-01,0,1
300000000,dclm,2027,4.00,no_role_depth,role_depth_v6,1,1,8000,8000,262144000,262144000,54.577,54.474,49.454,62.724,0,0,0.000000,13.270,59.986,75.389,15.403,3.981735,3.978982,-0.002753,abdelfattah-compute-03,damle-compute-01,0,1
300000000,dclm,3407,4.40,full,no_role_depth,1,1,2050,2150,67174400,70451200,81.360,81.210,13.287,15.854,3276800,100,0.048780,2.567,62.710,71.185,8.475,3.921018,3.919964,-0.001054,,damle-compute-01,,0
300000000,dclm,3407,4.40,full,role_depth_v2,1,1,2050,2050,67174400,67174400,81.360,81.229,13.287,13.216,0,0,0.000000,-0.071,62.710,62.414,-0.295,3.921018,3.918031,-0.002986,,seo-compute-01,,0
300000000,dclm,3407,4.40,full,role_depth_v3,1,1,2050,2150,67174400,70451200,81.360,81.299,13.287,13.344,3276800,100,0.048780,0.057,62.710,60.237,-2.473,3.921018,3.923639,0.002621,,elor-compute-01,,0
300000000,dclm,3407,4.40,full,role_depth_v4,1,1,2050,2150,67174400,70451200,81.360,81.107,13.287,16.255,3276800,100,0.048780,2.968,62.710,73.089,10.379,3.921018,3.917763,-0.003255,,damle-compute-01,,0
300000000,dclm,3407,4.40,full,role_depth_v5,1,1,2050,2100,67174400,68812800,81.360,81.280,13.287,16.151,1638400,50,0.024390,2.864,62.710,74.419,11.709,3.921018,3.916260,-0.004757,,damle-compute-01,,0
300000000,dclm,3407,4.40,full,role_depth_v6,1,1,2050,2150,67174400,70451200,81.360,80.968,13.287,17.739,3276800,100,0.048780,4.452,62.710,79.246,16.536,3.921018,3.921137,0.000119,,nikola-compute-18,,0
300000000,dclm,3407,4.40,no_role_depth,full,1,1,2150,2050,70451200,67174400,81.210,81.360,15.854,13.287,-3276800,-100,-0.046512,-2.567,71.185,62.710,-8.475,3.919964,3.921018,0.001054,damle-compute-01,,0,
300000000,dclm,3407,4.40,no_role_depth,role_depth_v2,1,1,2150,2050,70451200,67174400,81.210,81.229,15.854,13.216,-3276800,-100,-0.046512,-2.638,71.185,62.414,-8.771,3.919964,3.918031,-0.001932,damle-compute-01,seo-compute-01,0,0
300000000,dclm,3407,4.40,no_role_depth,role_depth_v3,1,1,2150,2150,70451200,70451200,81.210,81.299,15.854,13.344,0,0,0.000000,-2.510,71.185,60.237,-10.948,3.919964,3.923639,0.003675,damle-compute-01,elor-compute-01,0,0
300000000,dclm,3407,4.40,no_role_depth,role_depth_v4,1,1,2150,2150,70451200,70451200,81.210,81.107,15.854,16.255,0,0,0.000000,0.401,71.185,73.089,1.904,3.919964,3.917763,-0.002201,damle-compute-01,damle-compute-01,0,0
300000000,dclm,3407,4.40,no_role_depth,role_depth_v5,1,1,2150,2100,70451200,68812800,81.210,81.280,15.854,16.151,-1638400,-50,-0.023256,0.297,71.185,74.419,3.233,3.919964,3.916260,-0.003703,damle-compute-01,damle-compute-01,0,0
300000000,dclm,3407,4.40,no_role_depth,role_depth_v6,1,1,2150,2150,70451200,70451200,81.210,80.968,15.854,17.739,0,0,0.000000,1.884,71.185,79.246,8.061,3.919964,3.921137,0.001173,damle-compute-01,nikola-compute-18,0,0
300000000,dclm,3407,4.30,full,no_role_depth,1,1,2750,2700,90112000,88473600,73.578,73.597,17.824,19.910,-1638400,-50,-0.018182,2.086,62.710,71.185,8.475,3.921018,3.919964,-0.001054,,damle-compute-01,,0
300000000,dclm,3407,4.30,full,role_depth_v2,1,1,2750,2750,90112000,90112000,73.578,73.566,17.824,17.729,0,0,0.000000,-0.095,62.710,62.414,-0.295,3.921018,3.918031,-0.002986,,seo-compute-01,,0
300000000,dclm,3407,4.30,full,role_depth_v3,1,1,2750,2700,90112000,88473600,73.578,73.659,17.824,16.758,-1638400,-50,-0.018182,-1.066,62.710,60.237,-2.473,3.921018,3.923639,0.002621,,elor-compute-01,,0
300000000,dclm,3407,4.30,full,role_depth_v4,1,1,2750,2750,90112000,90112000,73.578,73.632,17.824,20.792,0,0,0.000000,2.967,62.710,73.089,10.379,3.921018,3.917763,-0.003255,,damle-compute-01,,0
300000000,dclm,3407,4.30,full,role_depth_v5,1,1,2750,2750,90112000,90112000,73.578,73.675,17.824,21.151,0,0,0.000000,3.327,62.710,74.419,11.709,3.921018,3.916260,-0.004757,,damle-compute-01,,0
300000000,dclm,3407,4.30,full,role_depth_v6,1,1,2750,2750,90112000,90112000,73.578,73.397,17.824,22.689,0,0,0.000000,4.865,62.710,79.246,16.536,3.921018,3.921137,0.000119,,nikola-compute-18,,0
300000000,dclm,3407,4.30,no_role_depth,full,1,1,2700,2750,88473600,90112000,73.597,73.578,19.910,17.824,1638400,50,0.018519,-2.086,71.185,62.710,-8.475,3.919964,3.921018,0.001054,damle-compute-01,,0,
300000000,dclm,3407,4.30,no_role_depth,role_depth_v2,1,1,2700,2750,88473600,90112000,73.597,73.566,19.910,17.729,1638400,50,0.018519,-2.182,71.185,62.414,-8.771,3.919964,3.918031,-0.001932,damle-compute-01,seo-compute-01,0,0
300000000,dclm,3407,4.30,no_role_depth,role_depth_v3,1,1,2700,2700,88473600,88473600,73.597,73.659,19.910,16.758,0,0,0.000000,-3.153,71.185,60.237,-10.948,3.919964,3.923639,0.003675,damle-compute-01,elor-compute-01,0,0
300000000,dclm,3407,4.30,no_role_depth,role_depth_v4,1,1,2700,2750,88473600,90112000,73.597,73.632,19.910,20.792,1638400,50,0.018519,0.881,71.185,73.089,1.904,3.919964,3.917763,-0.002201,damle-compute-01,damle-compute-01,0,0
300000000,dclm,3407,4.30,no_role_depth,role_depth_v5,1,1,2700,2750,88473600,90112000,73.597,73.675,19.910,21.151,1638400,50,0.018519,1.241,71.185,74.419,3.233,3.919964,3.916260,-0.003703,damle-compute-01,damle-compute-01,0,0
300000000,dclm,3407,4.30,no_role_depth,role_depth_v6,1,1,2700,2750,88473600,90112000,73.597,73.397,19.910,22.689,1638400,50,0.018519,2.779,71.185,79.246,8.061,3.919964,3.921137,0.001173,damle-compute-01,nikola-compute-18,0,0
300000000,dclm,3407,4.20,full,no_role_depth,1,1,3650,3550,119603200,116326400,66.629,66.660,23.657,26.178,-3276800,-100,-0.027397,2.521,62.710,71.185,8.475,3.921018,3.919964,-0.001054,,damle-compute-01,,0
300000000,dclm,3407,4.20,full,role_depth_v2,1,1,3650,3700,119603200,121241600,66.629,66.234,23.657,23.853,1638400,50,0.013699,0.196,62.710,62.414,-0.295,3.921018,3.918031,-0.002986,,seo-compute-01,,0
300000000,dclm,3407,4.20,full,role_depth_v3,1,1,3650,3600,119603200,117964800,66.629,66.571,23.657,22.344,-1638400,-50,-0.013699,-1.314,62.710,60.237,-2.473,3.921018,3.923639,0.002621,,elor-compute-01,,0
300000000,dclm,3407,4.20,full,role_depth_v4,1,1,3650,3600,119603200,117964800,66.629,66.669,23.657,27.218,-1638400,-50,-0.013699,3.561,62.710,73.089,10.379,3.921018,3.917763,-0.003255,,damle-compute-01,,0
300000000,dclm,3407,4.20,full,role_depth_v5,1,1,3650,3650,119603200,119603200,66.629,66.289,23.657,28.073,0,0,0.000000,4.415,62.710,74.419,11.709,3.921018,3.916260,-0.004757,,damle-compute-01,,0
300000000,dclm,3407,4.20,full,role_depth_v6,1,1,3650,3550,119603200,116326400,66.629,66.686,23.657,29.289,-3276800,-100,-0.027397,5.632,62.710,79.246,16.536,3.921018,3.921137,0.000119,,nikola-compute-18,,0
300000000,dclm,3407,4.20,no_role_depth,full,1,1,3550,3650,116326400,119603200,66.660,66.629,26.178,23.657,3276800,100,0.028169,-2.521,71.185,62.710,-8.475,3.919964,3.921018,0.001054,damle-compute-01,,0,
300000000,dclm,3407,4.20,no_role_depth,role_depth_v2,1,1,3550,3700,116326400,121241600,66.660,66.234,26.178,23.853,4915200,150,0.042254,-2.325,71.185,62.414,-8.771,3.919964,3.918031,-0.001932,damle-compute-01,seo-compute-01,0,0
300000000,dclm,3407,4.20,no_role_depth,role_depth_v3,1,1,3550,3600,116326400,117964800,66.660,66.571,26.178,22.344,1638400,50,0.014085,-3.835,71.185,60.237,-10.948,3.919964,3.923639,0.003675,damle-compute-01,elor-compute-01,0,0
300000000,dclm,3407,4.20,no_role_depth,role_depth_v4,1,1,3550,3600,116326400,117964800,66.660,66.669,26.178,27.218,1638400,50,0.014085,1.040,71.185,73.089,1.904,3.919964,3.917763,-0.002201,damle-compute-01,damle-compute-01,0,0
300000000,dclm,3407,4.20,no_role_depth,role_depth_v5,1,1,3550,3650,116326400,119603200,66.660,66.289,26.178,28.073,3276800,100,0.028169,1.895,71.185,74.419,3.233,3.919964,3.916260,-0.003703,damle-compute-01,damle-compute-01,0,0
300000000,dclm,3407,4.20,no_role_depth,role_depth_v6,1,1,3550,3550,116326400,116326400,66.660,66.686,26.178,29.289,0,0,0.000000,3.111,71.185,79.246,8.061,3.919964,3.921137,0.001173,damle-compute-01,nikola-compute-18,0,0
300000000,dclm,3407,4.10,full,no_role_depth,1,1,4850,4750,158924800,155648000,60.201,60.094,31.435,35.027,-3276800,-100,-0.020619,3.592,62.710,71.185,8.475,3.921018,3.919964,-0.001054,,damle-compute-01,,0
300000000,dclm,3407,4.10,full,role_depth_v2,1,1,4850,4850,158924800,158924800,60.201,60.109,31.435,31.267,0,0,0.000000,-0.168,62.710,62.414,-0.295,3.921018,3.918031,-0.002986,,seo-compute-01,,0
300000000,dclm,3407,4.10,full,role_depth_v3,1,1,4850,4750,158924800,155648000,60.201,60.252,31.435,29.481,-3276800,-100,-0.020619,-1.954,62.710,60.237,-2.473,3.921018,3.923639,0.002621,,elor-compute-01,,0
300000000,dclm,3407,4.10,full,role_depth_v4,1,1,4850,4750,158924800,155648000,60.201,60.298,31.435,35.913,-3276800,-100,-0.020619,4.477,62.710,73.089,10.379,3.921018,3.917763,-0.003255,,damle-compute-01,,0
300000000,dclm,3407,4.10,full,role_depth_v5,1,1,4850,4800,158924800,157286400,60.201,60.250,31.435,36.918,-1638400,-50,-0.010309,5.482,62.710,74.419,11.709,3.921018,3.916260,-0.004757,,damle-compute-01,,0
300000000,dclm,3407,4.10,full,role_depth_v6,1,1,4850,4750,158924800,155648000,60.201,60.223,31.435,39.190,-3276800,-100,-0.020619,7.755,62.710,79.246,16.536,3.921018,3.921137,0.000119,,nikola-compute-18,,0
300000000,dclm,3407,4.10,no_role_depth,full,1,1,4750,4850,155648000,158924800,60.094,60.201,35.027,31.435,3276800,100,0.021053,-3.592,71.185,62.710,-8.475,3.919964,3.921018,0.001054,damle-compute-01,,0,
300000000,dclm,3407,4.10,no_role_depth,role_depth_v2,1,1,4750,4850,155648000,158924800,60.094,60.109,35.027,31.267,3276800,100,0.021053,-3.760,71.185,62.414,-8.771,3.919964,3.918031,-0.001932,damle-compute-01,seo-compute-01,0,0
300000000,dclm,3407,4.10,no_role_depth,role_depth_v3,1,1,4750,4750,155648000,155648000,60.094,60.252,35.027,29.481,0,0,0.000000,-5.546,71.185,60.237,-10.948,3.919964,3.923639,0.003675,damle-compute-01,elor-compute-01,0,0
300000000,dclm,3407,4.10,no_role_depth,role_depth_v4,1,1,4750,4750,155648000,155648000,60.094,60.298,35.027,35.913,0,0,0.000000,0.885,71.185,73.089,1.904,3.919964,3.917763,-0.002201,damle-compute-01,damle-compute-01,0,0
300000000,dclm,3407,4.10,no_role_depth,role_depth_v5,1,1,4750,4800,155648000,157286400,60.094,60.250,35.027,36.918,1638400,50,0.010526,1.890,71.185,74.419,3.233,3.919964,3.916260,-0.003703,damle-compute-01,damle-compute-01,0,0
300000000,dclm,3407,4.10,no_role_depth,role_depth_v6,1,1,4750,4750,155648000,155648000,60.094,60.223,35.027,39.190,0,0,0.000000,4.163,71.185,79.246,8.061,3.919964,3.921137,0.001173,damle-compute-01,nikola-compute-18,0,0
300000000,dclm,3407,4.05,full,no_role_depth,1,1,5550,5500,181862400,180224000,57.235,57.249,35.972,40.558,-1638400,-50,-0.009009,4.586,62.710,71.185,8.475,3.921018,3.919964,-0.001054,,damle-compute-01,,0
300000000,dclm,3407,4.05,full,role_depth_v2,1,1,5550,5550,181862400,181862400,57.235,57.215,35.972,35.780,0,0,0.000000,-0.192,62.710,62.414,-0.295,3.921018,3.918031,-0.002986,,seo-compute-01,,0
300000000,dclm,3407,4.05,full,role_depth_v3,1,1,5550,5550,181862400,181862400,57.235,57.203,35.972,34.446,0,0,0.000000,-1.526,62.710,60.237,-2.473,3.921018,3.923639,0.002621,,elor-compute-01,,0
300000000,dclm,3407,4.05,full,role_depth_v4,1,1,5550,5500,181862400,180224000,57.235,57.334,35.972,41.583,-1638400,-50,-0.009009,5.611,62.710,73.089,10.379,3.921018,3.917763,-0.003255,,damle-compute-01,,0
300000000,dclm,3407,4.05,full,role_depth_v5,1,1,5550,5550,181862400,181862400,57.235,57.112,35.972,42.686,0,0,0.000000,6.714,62.710,74.419,11.709,3.921018,3.916260,-0.004757,,damle-compute-01,,0
300000000,dclm,3407,4.05,full,role_depth_v6,1,1,5550,5500,181862400,180224000,57.235,57.318,35.972,45.378,-1638400,-50,-0.009009,9.406,62.710,79.246,16.536,3.921018,3.921137,0.000119,,nikola-compute-18,,0
300000000,dclm,3407,4.05,no_role_depth,full,1,1,5500,5550,180224000,181862400,57.249,57.235,40.558,35.972,1638400,50,0.009091,-4.586,71.185,62.710,-8.475,3.919964,3.921018,0.001054,damle-compute-01,,0,
300000000,dclm,3407,4.05,no_role_depth,role_depth_v2,1,1,5500,5550,180224000,181862400,57.249,57.215,40.558,35.780,1638400,50,0.009091,-4.778,71.185,62.414,-8.771,3.919964,3.918031,-0.001932,damle-compute-01,seo-compute-01,0,0
300000000,dclm,3407,4.05,no_role_depth,role_depth_v3,1,1,5500,5550,180224000,181862400,57.249,57.203,40.558,34.446,1638400,50,0.009091,-6.112,71.185,60.237,-10.948,3.919964,3.923639,0.003675,damle-compute-01,elor-compute-01,0,0
300000000,dclm,3407,4.05,no_role_depth,role_depth_v4,1,1,5500,5500,180224000,180224000,57.249,57.334,40.558,41.583,0,0,0.000000,1.025,71.185,73.089,1.904,3.919964,3.917763,-0.002201,damle-compute-01,damle-compute-01,0,0
300000000,dclm,3407,4.05,no_role_depth,role_depth_v5,1,1,5500,5550,180224000,181862400,57.249,57.112,40.558,42.686,1638400,50,0.009091,2.128,71.185,74.419,3.233,3.919964,3.916260,-0.003703,damle-compute-01,damle-compute-01,0,0
300000000,dclm,3407,4.05,no_role_depth,role_depth_v6,1,1,5500,5500,180224000,180224000,57.249,57.318,40.558,45.378,0,0,0.000000,4.820,71.185,79.246,8.061,3.919964,3.921137,0.001173,damle-compute-01,nikola-compute-18,0,0
300000000,dclm,3407,4.00,full,no_role_depth,1,1,6500,6450,212992000,211353600,54.505,54.567,42.130,47.563,-1638400,-50,-0.007692,5.434,62.710,71.185,8.475,3.921018,3.919964,-0.001054,,damle-compute-01,,0
300000000,dclm,3407,4.00,full,role_depth_v2,1,1,6500,6500,212992000,212992000,54.505,54.423,42.130,41.904,0,0,0.000000,-0.225,62.710,62.414,-0.295,3.921018,3.918031,-0.002986,,seo-compute-01,,0
300000000,dclm,3407,4.00,full,role_depth_v3,1,1,6500,6500,212992000,212992000,54.505,54.472,42.130,40.342,0,0,0.000000,-1.787,62.710,60.237,-2.473,3.921018,3.923639,0.002621,,elor-compute-01,,0
300000000,dclm,3407,4.00,full,role_depth_v4,1,1,6500,6450,212992000,211353600,54.505,54.498,42.130,48.766,-1638400,-50,-0.007692,6.636,62.710,73.089,10.379,3.921018,3.917763,-0.003255,,damle-compute-01,,0
300000000,dclm,3407,4.00,full,role_depth_v5,1,1,6500,6450,212992000,211353600,54.505,54.558,42.130,49.608,-1638400,-50,-0.007692,7.478,62.710,74.419,11.709,3.921018,3.916260,-0.004757,,damle-compute-01,,0
300000000,dclm,3407,4.00,full,role_depth_v6,1,1,6500,6450,212992000,211353600,54.505,54.517,42.130,53.216,-1638400,-50,-0.007692,11.086,62.710,79.246,16.536,3.921018,3.921137,0.000119,,nikola-compute-18,,0
300000000,dclm,3407,4.00,no_role_depth,full,1,1,6450,6500,211353600,212992000,54.567,54.505,47.563,42.130,1638400,50,0.007752,-5.434,71.185,62.710,-8.475,3.919964,3.921018,0.001054,damle-compute-01,,0,
300000000,dclm,3407,4.00,no_role_depth,role_depth_v2,1,1,6450,6500,211353600,212992000,54.567,54.423,47.563,41.904,1638400,50,0.007752,-5.659,71.185,62.414,-8.771,3.919964,3.918031,-0.001932,damle-compute-01,seo-compute-01,0,0
300000000,dclm,3407,4.00,no_role_depth,role_depth_v3,1,1,6450,6500,211353600,212992000,54.567,54.472,47.563,40.342,1638400,50,0.007752,-7.221,71.185,60.237,-10.948,3.919964,3.923639,0.003675,damle-compute-01,elor-compute-01,0,0
300000000,dclm,3407,4.00,no_role_depth,role_depth_v4,1,1,6450,6450,211353600,211353600,54.567,54.498,47.563,48.766,0,0,0.000000,1.202,71.185,73.089,1.904,3.919964,3.917763,-0.002201,damle-compute-01,damle-compute-01,0,0
300000000,dclm,3407,4.00,no_role_depth,role_depth_v5,1,1,6450,6450,211353600,211353600,54.567,54.558,47.563,49.608,0,0,0.000000,2.045,71.185,74.419,3.233,3.919964,3.916260,-0.003703,damle-compute-01,damle-compute-01,0,0
300000000,dclm,3407,4.00,no_role_depth,role_depth_v6,1,1,6450,6450,211353600,211353600,54.567,54.517,47.563,53.216,0,0,0.000000,5.653,71.185,79.246,8.061,3.919964,3.921137,0.001173,damle-compute-01,nikola-compute-18,0,0
300000000,fineweb_edu,1337,4.20,full,no_role_depth,1,1,2150,2250,70451200,73728000,66.435,66.257,14.923,16.982,3276800,100,0.046512,2.059,67.146,72.770,5.623,3.682155,3.686514,0.004359,,badfellow,,0
300000000,fineweb_edu,1337,4.20,full,role_depth_v2,1,1,2150,2200,70451200,72089600,66.435,66.054,14.923,14.154,1638400,50,0.023256,-0.769,67.146,62.302,-4.844,3.682155,3.682478,0.000323,,elor-compute-01,,0
300000000,fineweb_edu,1337,4.20,full,role_depth_v3,1,1,2150,2250,70451200,73728000,66.435,66.295,14.923,16.685,3276800,100,0.046512,1.762,67.146,71.693,4.547,3.682155,3.689687,0.007533,,damle-compute-01,,0
300000000,fineweb_edu,1337,4.20,full,role_depth_v4,1,1,2150,2250,70451200,73728000,66.435,66.456,14.923,18.149,3276800,100,0.046512,3.226,67.146,77.458,10.311,3.682155,3.682187,0.000032,,nikola-compute-18,,0
300000000,fineweb_edu,1337,4.20,full,role_depth_v5,1,1,2150,2200,70451200,72089600,66.435,66.621,14.923,14.841,1638400,50,0.023256,-0.082,67.146,65.220,-1.927,3.682155,3.681327,-0.000828,,elor-compute-01,,0
300000000,fineweb_edu,1337,4.20,full,role_depth_v6,1,1,2150,2250,70451200,73728000,66.435,66.279,14.923,15.892,3276800,100,0.046512,0.969,67.146,68.162,1.016,3.682155,3.682893,0.000738,,elor-compute-01,,0
300000000,fineweb_edu,1337,4.20,no_role_depth,full,1,1,2250,2150,73728000,70451200,66.257,66.435,16.982,14.923,-3276800,-100,-0.044444,-2.059,72.770,67.146,-5.623,3.686514,3.682155,-0.004359,badfellow,,0,
300000000,fineweb_edu,1337,4.20,no_role_depth,role_depth_v2,1,1,2250,2200,73728000,72089600,66.257,66.054,16.982,14.154,-1638400,-50,-0.022222,-2.827,72.770,62.302,-10.467,3.686514,3.682478,-0.004036,badfellow,elor-compute-01,0,0
300000000,fineweb_edu,1337,4.20,no_role_depth,role_depth_v3,1,1,2250,2250,73728000,73728000,66.257,66.295,16.982,16.685,0,0,0.000000,-0.297,72.770,71.693,-1.076,3.686514,3.689687,0.003173,badfellow,damle-compute-01,0,0
300000000,fineweb_edu,1337,4.20,no_role_depth,role_depth_v4,1,1,2250,2250,73728000,73728000,66.257,66.456,16.982,18.149,0,0,0.000000,1.167,72.770,77.458,4.688,3.686514,3.682187,-0.004328,badfellow,nikola-compute-18,0,0
300000000,fineweb_edu,1337,4.20,no_role_depth,role_depth_v5,1,1,2250,2200,73728000,72089600,66.257,66.621,16.982,14.841,-1638400,-50,-0.022222,-2.141,72.770,65.220,-7.550,3.686514,3.681327,-0.005188,badfellow,elor-compute-01,0,0
300000000,fineweb_edu,1337,4.20,no_role_depth,role_depth_v6,1,1,2250,2250,73728000,73728000,66.257,66.279,16.982,15.892,0,0,0.000000,-1.089,72.770,68.162,-4.608,3.686514,3.682893,-0.003621,badfellow,elor-compute-01,0,0
300000000,fineweb_edu,1337,4.10,full,no_role_depth,1,1,2850,2800,93388800,91750400,60.280,60.267,19.782,21.133,-1638400,-50,-0.017544,1.351,67.146,72.770,5.623,3.682155,3.686514,0.004359,,badfellow,,0
300000000,fineweb_edu,1337,4.10,full,role_depth_v2,1,1,2850,2900,93388800,95027200,60.280,59.984,19.782,18.658,1638400,50,0.017544,-1.123,67.146,62.302,-4.844,3.682155,3.682478,0.000323,,elor-compute-01,,0
300000000,fineweb_edu,1337,4.10,full,role_depth_v3,1,1,2850,2800,93388800,91750400,60.280,60.275,19.782,20.763,-1638400,-50,-0.017544,0.982,67.146,71.693,4.547,3.682155,3.689687,0.007533,,damle-compute-01,,0
300000000,fineweb_edu,1337,4.10,full,role_depth_v4,1,1,2850,2850,93388800,93388800,60.280,60.065,19.782,22.989,0,0,0.000000,3.207,67.146,77.458,10.311,3.682155,3.682187,0.000032,,nikola-compute-18,,0
300000000,fineweb_edu,1337,4.10,full,role_depth_v5,1,1,2850,2900,93388800,95027200,60.280,59.976,19.782,19.563,1638400,50,0.017544,-0.219,67.146,65.220,-1.927,3.682155,3.681327,-0.000828,,elor-compute-01,,0
300000000,fineweb_edu,1337,4.10,full,role_depth_v6,1,1,2850,2800,93388800,91750400,60.280,60.272,19.782,19.777,-1638400,-50,-0.017544,-0.005,67.146,68.162,1.016,3.682155,3.682893,0.000738,,elor-compute-01,,0
300000000,fineweb_edu,1337,4.10,no_role_depth,full,1,1,2800,2850,91750400,93388800,60.267,60.280,21.133,19.782,1638400,50,0.017857,-1.351,72.770,67.146,-5.623,3.686514,3.682155,-0.004359,badfellow,,0,
300000000,fineweb_edu,1337,4.10,no_role_depth,role_depth_v2,1,1,2800,2900,91750400,95027200,60.267,59.984,21.133,18.658,3276800,100,0.035714,-2.474,72.770,62.302,-10.467,3.686514,3.682478,-0.004036,badfellow,elor-compute-01,0,0
300000000,fineweb_edu,1337,4.10,no_role_depth,role_depth_v3,1,1,2800,2800,91750400,91750400,60.267,60.275,21.133,20.763,0,0,0.000000,-0.369,72.770,71.693,-1.076,3.686514,3.689687,0.003173,badfellow,damle-compute-01,0,0
300000000,fineweb_edu,1337,4.10,no_role_depth,role_depth_v4,1,1,2800,2850,91750400,93388800,60.267,60.065,21.133,22.989,1638400,50,0.017857,1.856,72.770,77.458,4.688,3.686514,3.682187,-0.004328,badfellow,nikola-compute-18,0,0
300000000,fineweb_edu,1337,4.10,no_role_depth,role_depth_v5,1,1,2800,2900,91750400,95027200,60.267,59.976,21.133,19.563,3276800,100,0.035714,-1.570,72.770,65.220,-7.550,3.686514,3.681327,-0.005188,badfellow,elor-compute-01,0,0
300000000,fineweb_edu,1337,4.10,no_role_depth,role_depth_v6,1,1,2800,2800,91750400,91750400,60.267,60.272,21.133,19.777,0,0,0.000000,-1.356,72.770,68.162,-4.608,3.686514,3.682893,-0.003621,badfellow,elor-compute-01,0,0
300000000,fineweb_edu,1337,4.00,full,no_role_depth,1,1,3650,3550,119603200,116326400,54.577,54.512,25.334,26.793,-3276800,-100,-0.027397,1.459,67.146,72.770,5.623,3.682155,3.686514,0.004359,,badfellow,,0
300000000,fineweb_edu,1337,4.00,full,role_depth_v2,1,1,3650,3700,119603200,121241600,54.577,54.485,25.334,23.805,1638400,50,0.013699,-1.529,67.146,62.302,-4.844,3.682155,3.682478,0.000323,,elor-compute-01,,0
300000000,fineweb_edu,1337,4.00,full,role_depth_v3,1,1,3650,3600,119603200,117964800,54.577,54.484,25.334,26.696,-1638400,-50,-0.013699,1.362,67.146,71.693,4.547,3.682155,3.689687,0.007533,,damle-compute-01,,0
300000000,fineweb_edu,1337,4.00,full,role_depth_v4,1,1,3650,3600,119603200,117964800,54.577,54.580,25.334,29.038,-1638400,-50,-0.013699,3.704,67.146,77.458,10.311,3.682155,3.682187,0.000032,,nikola-compute-18,,0
300000000,fineweb_edu,1337,4.00,full,role_depth_v5,1,1,3650,3650,119603200,119603200,54.577,54.471,25.334,24.622,0,0,0.000000,-0.712,67.146,65.220,-1.927,3.682155,3.681327,-0.000828,,elor-compute-01,,0
300000000,fineweb_edu,1337,4.00,full,role_depth_v6,1,1,3650,3550,119603200,116326400,54.577,54.302,25.334,25.074,-3276800,-100,-0.027397,-0.260,67.146,68.162,1.016,3.682155,3.682893,0.000738,,elor-compute-01,,0
300000000,fineweb_edu,1337,4.00,no_role_depth,full,1,1,3550,3650,116326400,119603200,54.512,54.577,26.793,25.334,3276800,100,0.028169,-1.459,72.770,67.146,-5.623,3.686514,3.682155,-0.004359,badfellow,,0,
300000000,fineweb_edu,1337,4.00,no_role_depth,role_depth_v2,1,1,3550,3700,116326400,121241600,54.512,54.485,26.793,23.805,4915200,150,0.042254,-2.988,72.770,62.302,-10.467,3.686514,3.682478,-0.004036,badfellow,elor-compute-01,0,0
300000000,fineweb_edu,1337,4.00,no_role_depth,role_depth_v3,1,1,3550,3600,116326400,117964800,54.512,54.484,26.793,26.696,1638400,50,0.014085,-0.097,72.770,71.693,-1.076,3.686514,3.689687,0.003173,badfellow,damle-compute-01,0,0
300000000,fineweb_edu,1337,4.00,no_role_depth,role_depth_v4,1,1,3550,3600,116326400,117964800,54.512,54.580,26.793,29.038,1638400,50,0.014085,2.245,72.770,77.458,4.688,3.686514,3.682187,-0.004328,badfellow,nikola-compute-18,0,0
300000000,fineweb_edu,1337,4.00,no_role_depth,role_depth_v5,1,1,3550,3650,116326400,119603200,54.512,54.471,26.793,24.622,3276800,100,0.028169,-2.171,72.770,65.220,-7.550,3.686514,3.681327,-0.005188,badfellow,elor-compute-01,0,0
300000000,fineweb_edu,1337,4.00,no_role_depth,role_depth_v6,1,1,3550,3550,116326400,116326400,54.512,54.302,26.793,25.074,0,0,0.000000,-1.719,72.770,68.162,-4.608,3.686514,3.682893,-0.003621,badfellow,elor-compute-01,0,0
300000000,fineweb_edu,1337,3.90,full,no_role_depth,1,1,4700,4650,154009600,152371200,49.279,49.185,32.622,35.095,-1638400,-50,-0.010638,2.473,67.146,72.770,5.623,3.682155,3.686514,0.004359,,badfellow,,0
300000000,fineweb_edu,1337,3.90,full,role_depth_v2,1,1,4700,4750,154009600,155648000,49.279,49.099,32.622,30.561,1638400,50,0.010638,-2.062,67.146,62.302,-4.844,3.682155,3.682478,0.000323,,elor-compute-01,,0
300000000,fineweb_edu,1337,3.90,full,role_depth_v3,1,1,4700,4650,154009600,152371200,49.279,49.391,32.622,34.482,-1638400,-50,-0.010638,1.860,67.146,71.693,4.547,3.682155,3.689687,0.007533,,damle-compute-01,,0
300000000,fineweb_edu,1337,3.90,full,role_depth_v4,1,1,4700,4650,154009600,152371200,49.279,49.157,32.622,37.508,-1638400,-50,-0.010638,4.886,67.146,77.458,10.311,3.682155,3.682187,0.000032,,nikola-compute-18,,0
300000000,fineweb_edu,1337,3.90,full,role_depth_v5,1,1,4700,4700,154009600,154009600,49.279,49.314,32.622,31.705,0,0,0.000000,-0.917,67.146,65.220,-1.927,3.682155,3.681327,-0.000828,,elor-compute-01,,0
300000000,fineweb_edu,1337,3.90,full,role_depth_v6,1,1,4700,4550,154009600,149094400,49.279,49.322,32.622,32.137,-4915200,-150,-0.031915,-0.485,67.146,68.162,1.016,3.682155,3.682893,0.000738,,elor-compute-01,,0
300000000,fineweb_edu,1337,3.90,no_role_depth,full,1,1,4650,4700,152371200,154009600,49.185,49.279,35.095,32.622,1638400,50,0.010753,-2.473,72.770,67.146,-5.623,3.686514,3.682155,-0.004359,badfellow,,0,
300000000,fineweb_edu,1337,3.90,no_role_depth,role_depth_v2,1,1,4650,4750,152371200,155648000,49.185,49.099,35.095,30.561,3276800,100,0.021505,-4.534,72.770,62.302,-10.467,3.686514,3.682478,-0.004036,badfellow,elor-compute-01,0,0
300000000,fineweb_edu,1337,3.90,no_role_depth,role_depth_v3,1,1,4650,4650,152371200,152371200,49.185,49.391,35.095,34.482,0,0,0.000000,-0.613,72.770,71.693,-1.076,3.686514,3.689687,0.003173,badfellow,damle-compute-01,0,0
300000000,fineweb_edu,1337,3.90,no_role_depth,role_depth_v4,1,1,4650,4650,152371200,152371200,49.185,49.157,35.095,37.508,0,0,0.000000,2.413,72.770,77.458,4.688,3.686514,3.682187,-0.004328,badfellow,nikola-compute-18,0,0
300000000,fineweb_edu,1337,3.90,no_role_depth,role_depth_v5,1,1,4650,4700,152371200,154009600,49.185,49.314,35.095,31.705,1638400,50,0.010753,-3.390,72.770,65.220,-7.550,3.686514,3.681327,-0.005188,badfellow,elor-compute-01,0,0
300000000,fineweb_edu,1337,3.90,no_role_depth,role_depth_v6,1,1,4650,4550,152371200,149094400,49.185,49.322,35.095,32.137,-3276800,-100,-0.021505,-2.958,72.770,68.162,-4.608,3.686514,3.682893,-0.003621,badfellow,elor-compute-01,0,0
300000000,fineweb_edu,1337,3.85,full,no_role_depth,1,1,5300,5300,173670400,173670400,46.956,46.795,36.787,40.001,0,0,0.000000,3.214,67.146,72.770,5.623,3.682155,3.686514,0.004359,,badfellow,,0
300000000,fineweb_edu,1337,3.85,full,role_depth_v2,1,1,5300,5350,173670400,175308800,46.956,46.970,36.787,34.421,1638400,50,0.009434,-2.366,67.146,62.302,-4.844,3.682155,3.682478,0.000323,,elor-compute-01,,0
300000000,fineweb_edu,1337,3.85,full,role_depth_v3,1,1,5300,5300,173670400,173670400,46.956,46.918,36.787,39.302,0,0,0.000000,2.516,67.146,71.693,4.547,3.682155,3.689687,0.007533,,damle-compute-01,,0
300000000,fineweb_edu,1337,3.85,full,role_depth_v4,1,1,5300,5300,173670400,173670400,46.956,46.728,36.787,42.751,0,0,0.000000,5.964,67.146,77.458,10.311,3.682155,3.682187,0.000032,,nikola-compute-18,,0
300000000,fineweb_edu,1337,3.85,full,role_depth_v5,1,1,5300,5300,173670400,173670400,46.956,46.942,36.787,35.753,0,0,0.000000,-1.034,67.146,65.220,-1.927,3.682155,3.681327,-0.000828,,elor-compute-01,,0
300000000,fineweb_edu,1337,3.85,full,role_depth_v6,1,1,5300,5250,173670400,172032000,46.956,46.898,36.787,37.082,-1638400,-50,-0.009434,0.295,67.146,68.162,1.016,3.682155,3.682893,0.000738,,elor-compute-01,,0
300000000,fineweb_edu,1337,3.85,no_role_depth,full,1,1,5300,5300,173670400,173670400,46.795,46.956,40.001,36.787,0,0,0.000000,-3.214,72.770,67.146,-5.623,3.686514,3.682155,-0.004359,badfellow,,0,
300000000,fineweb_edu,1337,3.85,no_role_depth,role_depth_v2,1,1,5300,5350,173670400,175308800,46.795,46.970,40.001,34.421,1638400,50,0.009434,-5.580,72.770,62.302,-10.467,3.686514,3.682478,-0.004036,badfellow,elor-compute-01,0,0
300000000,fineweb_edu,1337,3.85,no_role_depth,role_depth_v3,1,1,5300,5300,173670400,173670400,46.795,46.918,40.001,39.302,0,0,0.000000,-0.699,72.770,71.693,-1.076,3.686514,3.689687,0.003173,badfellow,damle-compute-01,0,0
300000000,fineweb_edu,1337,3.85,no_role_depth,role_depth_v4,1,1,5300,5300,173670400,173670400,46.795,46.728,40.001,42.751,0,0,0.000000,2.750,72.770,77.458,4.688,3.686514,3.682187,-0.004328,badfellow,nikola-compute-18,0,0
300000000,fineweb_edu,1337,3.85,no_role_depth,role_depth_v5,1,1,5300,5300,173670400,173670400,46.795,46.942,40.001,35.753,0,0,0.000000,-4.248,72.770,65.220,-7.550,3.686514,3.681327,-0.005188,badfellow,elor-compute-01,0,0
300000000,fineweb_edu,1337,3.85,no_role_depth,role_depth_v6,1,1,5300,5250,173670400,172032000,46.795,46.898,40.001,37.082,-1638400,-50,-0.009434,-2.919,72.770,68.162,-4.608,3.686514,3.682893,-0.003621,badfellow,elor-compute-01,0,0
300000000,fineweb_edu,1337,3.80,full,no_role_depth,1,1,6050,6050,198246400,198246400,44.610,44.573,41.992,45.661,0,0,0.000000,3.669,67.146,72.770,5.623,3.682155,3.686514,0.004359,,badfellow,,0
300000000,fineweb_edu,1337,3.80,full,role_depth_v2,1,1,6050,6100,198246400,199884800,44.610,44.560,41.992,39.246,1638400,50,0.008264,-2.746,67.146,62.302,-4.844,3.682155,3.682478,0.000323,,elor-compute-01,,0
300000000,fineweb_edu,1337,3.80,full,role_depth_v3,1,1,6050,6100,198246400,199884800,44.610,44.510,41.992,45.235,1638400,50,0.008264,3.242,67.146,71.693,4.547,3.682155,3.689687,0.007533,,damle-compute-01,,0
300000000,fineweb_edu,1337,3.80,full,role_depth_v4,1,1,6050,6000,198246400,196608000,44.610,44.572,41.992,48.397,-1638400,-50,-0.008264,6.405,67.146,77.458,10.311,3.682155,3.682187,0.000032,,nikola-compute-18,,0
300000000,fineweb_edu,1337,3.80,full,role_depth_v5,1,1,6050,6050,198246400,198246400,44.610,44.642,41.992,40.812,0,0,0.000000,-1.180,67.146,65.220,-1.927,3.682155,3.681327,-0.000828,,elor-compute-01,,0
300000000,fineweb_edu,1337,3.80,full,role_depth_v6,1,1,6050,6000,198246400,196608000,44.610,44.575,41.992,42.379,-1638400,-50,-0.008264,0.387,67.146,68.162,1.016,3.682155,3.682893,0.000738,,elor-compute-01,,0
300000000,fineweb_edu,1337,3.80,no_role_depth,full,1,1,6050,6050,198246400,198246400,44.573,44.610,45.661,41.992,0,0,0.000000,-3.669,72.770,67.146,-5.623,3.686514,3.682155,-0.004359,badfellow,,0,
300000000,fineweb_edu,1337,3.80,no_role_depth,role_depth_v2,1,1,6050,6100,198246400,199884800,44.573,44.560,45.661,39.246,1638400,50,0.008264,-6.415,72.770,62.302,-10.467,3.686514,3.682478,-0.004036,badfellow,elor-compute-01,0,0
300000000,fineweb_edu,1337,3.80,no_role_depth,role_depth_v3,1,1,6050,6100,198246400,199884800,44.573,44.510,45.661,45.235,1638400,50,0.008264,-0.427,72.770,71.693,-1.076,3.686514,3.689687,0.003173,badfellow,damle-compute-01,0,0
300000000,fineweb_edu,1337,3.80,no_role_depth,role_depth_v4,1,1,6050,6000,198246400,196608000,44.573,44.572,45.661,48.397,-1638400,-50,-0.008264,2.736,72.770,77.458,4.688,3.686514,3.682187,-0.004328,badfellow,nikola-compute-18,0,0
300000000,fineweb_edu,1337,3.80,no_role_depth,role_depth_v5,1,1,6050,6050,198246400,198246400,44.573,44.642,45.661,40.812,0,0,0.000000,-4.849,72.770,65.220,-7.550,3.686514,3.681327,-0.005188,badfellow,elor-compute-01,0,0
300000000,fineweb_edu,1337,3.80,no_role_depth,role_depth_v6,1,1,6050,6000,198246400,196608000,44.573,44.575,45.661,42.379,-1638400,-50,-0.008264,-3.282,72.770,68.162,-4.608,3.686514,3.682893,-0.003621,badfellow,elor-compute-01,0,0
300000000,fineweb_edu,1337,3.75,full,no_role_depth,1,1,6950,6950,227737600,227737600,42.420,42.511,48.239,52.454,0,0,0.000000,4.215,67.146,72.770,5.623,3.682155,3.686514,0.004359,,badfellow,,0
300000000,fineweb_edu,1337,3.75,full,role_depth_v2,1,1,6950,6950,227737600,227737600,42.420,42.467,48.239,44.715,0,0,0.000000,-3.524,67.146,62.302,-4.844,3.682155,3.682478,0.000323,,elor-compute-01,,0
300000000,fineweb_edu,1337,3.75,full,role_depth_v3,1,1,6950,7000,227737600,229376000,42.420,42.462,48.239,51.909,1638400,50,0.007194,3.669,67.146,71.693,4.547,3.682155,3.689687,0.007533,,damle-compute-01,,0
300000000,fineweb_edu,1337,3.75,full,role_depth_v4,1,1,6950,6900,227737600,226099200,42.420,42.463,48.239,55.657,-1638400,-50,-0.007194,7.418,67.146,77.458,10.311,3.682155,3.682187,0.000032,,nikola-compute-18,,0
300000000,fineweb_edu,1337,3.75,full,role_depth_v5,1,1,6950,6950,227737600,227737600,42.420,42.416,48.239,46.884,0,0,0.000000,-1.356,67.146,65.220,-1.927,3.682155,3.681327,-0.000828,,elor-compute-01,,0
300000000,fineweb_edu,1337,3.75,full,role_depth_v6,1,1,6950,6850,227737600,224460800,42.420,42.478,48.239,48.383,-3276800,-100,-0.014388,0.143,67.146,68.162,1.016,3.682155,3.682893,0.000738,,elor-compute-01,,0
300000000,fineweb_edu,1337,3.75,no_role_depth,full,1,1,6950,6950,227737600,227737600,42.511,42.420,52.454,48.239,0,0,0.000000,-4.215,72.770,67.146,-5.623,3.686514,3.682155,-0.004359,badfellow,,0,
300000000,fineweb_edu,1337,3.75,no_role_depth,role_depth_v2,1,1,6950,6950,227737600,227737600,42.511,42.467,52.454,44.715,0,0,0.000000,-7.739,72.770,62.302,-10.467,3.686514,3.682478,-0.004036,badfellow,elor-compute-01,0,0
300000000,fineweb_edu,1337,3.75,no_role_depth,role_depth_v3,1,1,6950,7000,227737600,229376000,42.511,42.462,52.454,51.909,1638400,50,0.007194,-0.545,72.770,71.693,-1.076,3.686514,3.689687,0.003173,badfellow,damle-compute-01,0,0
300000000,fineweb_edu,1337,3.75,no_role_depth,role_depth_v4,1,1,6950,6900,227737600,226099200,42.511,42.463,52.454,55.657,-1638400,-50,-0.007194,3.203,72.770,77.458,4.688,3.686514,3.682187,-0.004328,badfellow,nikola-compute-18,0,0
300000000,fineweb_edu,1337,3.75,no_role_depth,role_depth_v5,1,1,6950,6950,227737600,227737600,42.511,42.416,52.454,46.884,0,0,0.000000,-5.570,72.770,65.220,-7.550,3.686514,3.681327,-0.005188,badfellow,elor-compute-01,0,0
300000000,fineweb_edu,1337,3.75,no_role_depth,role_depth_v6,1,1,6950,6850,227737600,224460800,42.511,42.478,52.454,48.383,-3276800,-100,-0.014388,-4.071,72.770,68.162,-4.608,3.686514,3.682893,-0.003621,badfellow,elor-compute-01,0,0
300000000,fineweb_edu,2027,4.20,full,no_role_depth,1,1,2450,2450,80281600,80281600,66.171,66.586,15.862,15.323,0,0,0.000000,-0.539,62.605,60.605,-2.000,3.724200,3.726672,0.002472,,seo-compute-01,,0
300000000,fineweb_edu,2027,4.20,full,role_depth_v2,1,1,2450,2450,80281600,80281600,66.171,66.144,15.862,16.380,0,0,0.000000,0.518,62.605,64.732,2.128,3.724200,3.723991,-0.000208,,zabih-compute-01,,0
300000000,fineweb_edu,2027,4.20,full,role_depth_v3,1,1,2450,2450,80281600,80281600,66.171,66.616,15.862,18.283,0,0,0.000000,2.420,62.605,71.995,9.391,3.724200,3.731758,0.007558,,badfellow,,0
300000000,fineweb_edu,2027,4.20,full,role_depth_v4,1,1,2450,2500,80281600,81920000,66.171,66.634,15.862,19.240,1638400,50,0.020408,3.378,62.605,74.333,11.728,3.724200,3.724031,-0.000169,,badfellow,,0
300000000,fineweb_edu,2027,4.20,full,role_depth_v5,1,1,2450,2500,80281600,81920000,66.171,66.552,15.862,16.863,1638400,50,0.020408,1.000,62.605,65.344,2.740,3.724200,3.722969,-0.001230,,elor-compute-01,,0
300000000,fineweb_edu,2027,4.20,full,role_depth_v6,1,1,2450,2500,80281600,81920000,66.171,66.453,15.862,19.164,1638400,50,0.020408,3.302,62.605,73.901,11.296,3.724200,3.726524,0.002324,,badfellow,,2
300000000,fineweb_edu,2027,4.20,no_role_depth,full,1,1,2450,2450,80281600,80281600,66.586,66.171,15.323,15.862,0,0,0.000000,0.539,60.605,62.605,2.000,3.726672,3.724200,-0.002472,seo-compute-01,,0,
300000000,fineweb_edu,2027,4.20,no_role_depth,role_depth_v2,1,1,2450,2450,80281600,80281600,66.586,66.144,15.323,16.380,0,0,0.000000,1.057,60.605,64.732,4.128,3.726672,3.723991,-0.002681,seo-compute-01,zabih-compute-01,0,0
300000000,fineweb_edu,2027,4.20,no_role_depth,role_depth_v3,1,1,2450,2450,80281600,80281600,66.586,66.616,15.323,18.283,0,0,0.000000,2.959,60.605,71.995,11.391,3.726672,3.731758,0.005086,seo-compute-01,badfellow,0,0
300000000,fineweb_edu,2027,4.20,no_role_depth,role_depth_v4,1,1,2450,2500,80281600,81920000,66.586,66.634,15.323,19.240,1638400,50,0.020408,3.917,60.605,74.333,13.728,3.726672,3.724031,-0.002641,seo-compute-01,badfellow,0,0
300000000,fineweb_edu,2027,4.20,no_role_depth,role_depth_v5,1,1,2450,2500,80281600,81920000,66.586,66.552,15.323,16.863,1638400,50,0.020408,1.539,60.605,65.344,4.740,3.726672,3.722969,-0.003703,seo-compute-01,elor-compute-01,0,0
300000000,fineweb_edu,2027,4.20,no_role_depth,role_depth_v6,1,1,2450,2500,80281600,81920000,66.586,66.453,15.323,19.164,1638400,50,0.020408,3.841,60.605,73.901,13.296,3.726672,3.726524,-0.000148,seo-compute-01,badfellow,0,2
300000000,fineweb_edu,2027,4.10,full,no_role_depth,1,1,3200,3100,104857600,101580800,59.986,60.160,20.718,19.389,-3276800,-100,-0.031250,-1.330,62.605,60.605,-2.000,3.724200,3.726672,0.002472,,seo-compute-01,,0
300000000,fineweb_edu,2027,4.10,full,role_depth_v2,1,1,3200,3200,104857600,104857600,59.986,60.025,20.718,21.395,0,0,0.000000,0.676,62.605,64.732,2.128,3.724200,3.723991,-0.000208,,zabih-compute-01,,0
300000000,fineweb_edu,2027,4.10,full,role_depth_v3,1,1,3200,3100,104857600,101580800,59.986,60.195,20.718,23.133,-3276800,-100,-0.031250,2.415,62.605,71.995,9.391,3.724200,3.731758,0.007558,,badfellow,,0
300000000,fineweb_edu,2027,4.10,full,role_depth_v4,1,1,3200,3150,104857600,103219200,59.986,59.862,20.718,24.243,-1638400,-50,-0.015625,3.524,62.605,74.333,11.728,3.724200,3.724031,-0.000169,,badfellow,,0
300000000,fineweb_edu,2027,4.10,full,role_depth_v5,1,1,3200,3150,104857600,103219200,59.986,60.262,20.718,21.247,-1638400,-50,-0.015625,0.529,62.605,65.344,2.740,3.724200,3.722969,-0.001230,,elor-compute-01,,0
300000000,fineweb_edu,2027,4.10,full,role_depth_v6,1,1,3200,3100,104857600,101580800,59.986,60.078,20.718,23.763,-3276800,-100,-0.031250,3.045,62.605,73.901,11.296,3.724200,3.726524,0.002324,,badfellow,,2
300000000,fineweb_edu,2027,4.10,no_role_depth,full,1,1,3100,3200,101580800,104857600,60.160,59.986,19.389,20.718,3276800,100,0.032258,1.330,60.605,62.605,2.000,3.726672,3.724200,-0.002472,seo-compute-01,,0,
300000000,fineweb_edu,2027,4.10,no_role_depth,role_depth_v2,1,1,3100,3200,101580800,104857600,60.160,60.025,19.389,21.395,3276800,100,0.032258,2.006,60.605,64.732,4.128,3.726672,3.723991,-0.002681,seo-compute-01,zabih-compute-01,0,0
300000000,fineweb_edu,2027,4.10,no_role_depth,role_depth_v3,1,1,3100,3100,101580800,101580800,60.160,60.195,19.389,23.133,0,0,0.000000,3.744,60.605,71.995,11.391,3.726672,3.731758,0.005086,seo-compute-01,badfellow,0,0
300000000,fineweb_edu,2027,4.10,no_role_depth,role_depth_v4,1,1,3100,3150,101580800,103219200,60.160,59.862,19.389,24.243,1638400,50,0.016129,4.854,60.605,74.333,13.728,3.726672,3.724031,-0.002641,seo-compute-01,badfellow,0,0
300000000,fineweb_edu,2027,4.10,no_role_depth,role_depth_v5,1,1,3100,3150,101580800,103219200,60.160,60.262,19.389,21.247,1638400,50,0.016129,1.858,60.605,65.344,4.740,3.726672,3.722969,-0.003703,seo-compute-01,elor-compute-01,0,0
300000000,fineweb_edu,2027,4.10,no_role_depth,role_depth_v6,1,1,3100,3100,101580800,101580800,60.160,60.078,19.389,23.763,0,0,0.000000,4.375,60.605,73.901,13.296,3.726672,3.726524,-0.000148,seo-compute-01,badfellow,0,2
300000000,fineweb_edu,2027,4.00,full,no_role_depth,1,1,4050,4000,132710400,131072000,54.481,54.506,26.222,25.018,-1638400,-50,-0.012346,-1.204,62.605,60.605,-2.000,3.724200,3.726672,0.002472,,seo-compute-01,,0
300000000,fineweb_edu,2027,4.00,full,role_depth_v2,1,1,4050,4050,132710400,132710400,54.481,54.446,26.222,27.078,0,0,0.000000,0.856,62.605,64.732,2.128,3.724200,3.723991,-0.000208,,zabih-compute-01,,0
300000000,fineweb_edu,2027,4.00,full,role_depth_v3,1,1,4050,4000,132710400,131072000,54.481,54.522,26.222,29.849,-1638400,-50,-0.012346,3.627,62.605,71.995,9.391,3.724200,3.731758,0.007558,,badfellow,,0
300000000,fineweb_edu,2027,4.00,full,role_depth_v4,1,1,4050,4000,132710400,131072000,54.481,54.583,26.222,30.784,-1638400,-50,-0.012346,4.563,62.605,74.333,11.728,3.724200,3.724031,-0.000169,,badfellow,,0
300000000,fineweb_edu,2027,4.00,full,role_depth_v5,1,1,4050,4050,132710400,132710400,54.481,54.301,26.222,27.318,0,0,0.000000,1.096,62.605,65.344,2.740,3.724200,3.722969,-0.001230,,elor-compute-01,,0
300000000,fineweb_edu,2027,4.00,full,role_depth_v6,1,1,4050,3950,132710400,129433600,54.481,54.543,26.222,30.279,-3276800,-100,-0.024691,4.057,62.605,73.901,11.296,3.724200,3.726524,0.002324,,badfellow,,2
300000000,fineweb_edu,2027,4.00,no_role_depth,full,1,1,4000,4050,131072000,132710400,54.506,54.481,25.018,26.222,1638400,50,0.012500,1.204,60.605,62.605,2.000,3.726672,3.724200,-0.002472,seo-compute-01,,0,
300000000,fineweb_edu,2027,4.00,no_role_depth,role_depth_v2,1,1,4000,4050,131072000,132710400,54.506,54.446,25.018,27.078,1638400,50,0.012500,2.060,60.605,64.732,4.128,3.726672,3.723991,-0.002681,seo-compute-01,zabih-compute-01,0,0
300000000,fineweb_edu,2027,4.00,no_role_depth,role_depth_v3,1,1,4000,4000,131072000,131072000,54.506,54.522,25.018,29.849,0,0,0.000000,4.831,60.605,71.995,11.391,3.726672,3.731758,0.005086,seo-compute-01,badfellow,0,0
300000000,fineweb_edu,2027,4.00,no_role_depth,role_depth_v4,1,1,4000,4000,131072000,131072000,54.506,54.583,25.018,30.784,0,0,0.000000,5.767,60.605,74.333,13.728,3.726672,3.724031,-0.002641,seo-compute-01,badfellow,0,0
300000000,fineweb_edu,2027,4.00,no_role_depth,role_depth_v5,1,1,4000,4050,131072000,132710400,54.506,54.301,25.018,27.318,1638400,50,0.012500,2.300,60.605,65.344,4.740,3.726672,3.722969,-0.003703,seo-compute-01,elor-compute-01,0,0
300000000,fineweb_edu,2027,4.00,no_role_depth,role_depth_v6,1,1,4000,3950,131072000,129433600,54.506,54.543,25.018,30.279,-1638400,-50,-0.012500,5.262,60.605,73.901,13.296,3.726672,3.726524,-0.000148,seo-compute-01,badfellow,0,2
300000000,fineweb_edu,2027,3.90,full,no_role_depth,1,1,5200,5150,170393600,168755200,49.309,49.232,33.667,32.210,-1638400,-50,-0.009615,-1.457,62.605,60.605,-2.000,3.724200,3.726672,0.002472,,seo-compute-01,,0
300000000,fineweb_edu,2027,3.90,full,role_depth_v2,1,1,5200,5200,170393600,170393600,49.309,49.384,33.667,34.766,0,0,0.000000,1.099,62.605,64.732,2.128,3.724200,3.723991,-0.000208,,zabih-compute-01,,0
300000000,fineweb_edu,2027,3.90,full,role_depth_v3,1,1,5200,5200,170393600,170393600,49.309,49.272,33.667,38.804,0,0,0.000000,5.136,62.605,71.995,9.391,3.724200,3.731758,0.007558,,badfellow,,0
300000000,fineweb_edu,2027,3.90,full,role_depth_v4,1,1,5200,5150,170393600,168755200,49.309,49.320,33.667,39.635,-1638400,-50,-0.009615,5.967,62.605,74.333,11.728,3.724200,3.724031,-0.000169,,badfellow,,0
300000000,fineweb_edu,2027,3.90,full,role_depth_v5,1,1,5200,5150,170393600,168755200,49.309,49.314,33.667,34.737,-1638400,-50,-0.009615,1.070,62.605,65.344,2.740,3.724200,3.722969,-0.001230,,elor-compute-01,,0
300000000,fineweb_edu,2027,3.90,full,role_depth_v6,1,1,5200,5100,170393600,167116800,49.309,49.282,33.667,39.095,-3276800,-100,-0.019231,5.427,62.605,73.901,11.296,3.724200,3.726524,0.002324,,badfellow,,2
300000000,fineweb_edu,2027,3.90,no_role_depth,full,1,1,5150,5200,168755200,170393600,49.232,49.309,32.210,33.667,1638400,50,0.009709,1.457,60.605,62.605,2.000,3.726672,3.724200,-0.002472,seo-compute-01,,0,
300000000,fineweb_edu,2027,3.90,no_role_depth,role_depth_v2,1,1,5150,5200,168755200,170393600,49.232,49.384,32.210,34.766,1638400,50,0.009709,2.556,60.605,64.732,4.128,3.726672,3.723991,-0.002681,seo-compute-01,zabih-compute-01,0,0
300000000,fineweb_edu,2027,3.90,no_role_depth,role_depth_v3,1,1,5150,5200,168755200,170393600,49.232,49.272,32.210,38.804,1638400,50,0.009709,6.594,60.605,71.995,11.391,3.726672,3.731758,0.005086,seo-compute-01,badfellow,0,0
300000000,fineweb_edu,2027,3.90,no_role_depth,role_depth_v4,1,1,5150,5150,168755200,168755200,49.232,49.320,32.210,39.635,0,0,0.000000,7.425,60.605,74.333,13.728,3.726672,3.724031,-0.002641,seo-compute-01,badfellow,0,0
300000000,fineweb_edu,2027,3.90,no_role_depth,role_depth_v5,1,1,5150,5150,168755200,168755200,49.232,49.314,32.210,34.737,0,0,0.000000,2.527,60.605,65.344,4.740,3.726672,3.722969,-0.003703,seo-compute-01,elor-compute-01,0,0
300000000,fineweb_edu,2027,3.90,no_role_depth,role_depth_v6,1,1,5150,5100,168755200,167116800,49.232,49.282,32.210,39.095,-1638400,-50,-0.009709,6.884,60.605,73.901,13.296,3.726672,3.726524,-0.000148,seo-compute-01,badfellow,0,2
300000000,fineweb_edu,2027,3.85,full,no_role_depth,1,1,5900,5900,193331200,193331200,46.895,46.763,38.199,36.901,0,0,0.000000,-1.299,62.605,60.605,-2.000,3.724200,3.726672,0.002472,,seo-compute-01,,0
300000000,fineweb_edu,2027,3.85,full,role_depth_v2,1,1,5900,5900,193331200,193331200,46.895,46.955,38.199,39.447,0,0,0.000000,1.247,62.605,64.732,2.128,3.724200,3.723991,-0.000208,,zabih-compute-01,,0
300000000,fineweb_edu,2027,3.85,full,role_depth_v3,1,1,5900,5900,193331200,193331200,46.895,46.970,38.199,44.027,0,0,0.000000,5.828,62.605,71.995,9.391,3.724200,3.731758,0.007558,,badfellow,,0
300000000,fineweb_edu,2027,3.85,full,role_depth_v4,1,1,5900,5900,193331200,193331200,46.895,46.829,38.199,45.407,0,0,0.000000,7.207,62.605,74.333,11.728,3.724200,3.724031,-0.000169,,badfellow,,0
300000000,fineweb_edu,2027,3.85,full,role_depth_v5,1,1,5900,5900,193331200,193331200,46.895,46.778,38.199,39.796,0,0,0.000000,1.596,62.605,65.344,2.740,3.724200,3.722969,-0.001230,,elor-compute-01,,0
300000000,fineweb_edu,2027,3.85,full,role_depth_v6,1,1,5900,5900,193331200,193331200,46.895,46.754,38.199,45.227,0,0,0.000000,7.028,62.605,73.901,11.296,3.724200,3.726524,0.002324,,badfellow,,2
300000000,fineweb_edu,2027,3.85,no_role_depth,full,1,1,5900,5900,193331200,193331200,46.763,46.895,36.901,38.199,0,0,0.000000,1.299,60.605,62.605,2.000,3.726672,3.724200,-0.002472,seo-compute-01,,0,
300000000,fineweb_edu,2027,3.85,no_role_depth,role_depth_v2,1,1,5900,5900,193331200,193331200,46.763,46.955,36.901,39.447,0,0,0.000000,2.546,60.605,64.732,4.128,3.726672,3.723991,-0.002681,seo-compute-01,zabih-compute-01,0,0
300000000,fineweb_edu,2027,3.85,no_role_depth,role_depth_v3,1,1,5900,5900,193331200,193331200,46.763,46.970,36.901,44.027,0,0,0.000000,7.126,60.605,71.995,11.391,3.726672,3.731758,0.005086,seo-compute-01,badfellow,0,0
300000000,fineweb_edu,2027,3.85,no_role_depth,role_depth_v4,1,1,5900,5900,193331200,193331200,46.763,46.829,36.901,45.407,0,0,0.000000,8.506,60.605,74.333,13.728,3.726672,3.724031,-0.002641,seo-compute-01,badfellow,0,0
300000000,fineweb_edu,2027,3.85,no_role_depth,role_depth_v5,1,1,5900,5900,193331200,193331200,46.763,46.778,36.901,39.796,0,0,0.000000,2.895,60.605,65.344,4.740,3.726672,3.722969,-0.003703,seo-compute-01,elor-compute-01,0,0
300000000,fineweb_edu,2027,3.85,no_role_depth,role_depth_v6,1,1,5900,5900,193331200,193331200,46.763,46.754,36.901,45.227,0,0,0.000000,8.326,60.605,73.901,13.296,3.726672,3.726524,-0.000148,seo-compute-01,badfellow,0,2
300000000,fineweb_edu,2027,3.80,full,no_role_depth,1,1,6800,6750,222822400,221184000,44.589,44.697,44.026,42.217,-1638400,-50,-0.007353,-1.809,62.605,60.605,-2.000,3.724200,3.726672,0.002472,,seo-compute-01,,0
300000000,fineweb_edu,2027,3.80,full,role_depth_v2,1,1,6800,6800,222822400,222822400,44.589,44.621,44.026,45.464,0,0,0.000000,1.437,62.605,64.732,2.128,3.724200,3.723991,-0.000208,,zabih-compute-01,,0
300000000,fineweb_edu,2027,3.80,full,role_depth_v3,1,1,6800,6850,222822400,224460800,44.589,44.642,44.026,51.117,1638400,50,0.007353,7.090,62.605,71.995,9.391,3.724200,3.731758,0.007558,,badfellow,,0
300000000,fineweb_edu,2027,3.80,full,role_depth_v4,1,1,6800,6750,222822400,221184000,44.589,44.648,44.026,51.948,-1638400,-50,-0.007353,7.922,62.605,74.333,11.728,3.724200,3.724031,-0.000169,,badfellow,,0
300000000,fineweb_edu,2027,3.80,full,role_depth_v5,1,1,6800,6750,222822400,221184000,44.589,44.648,44.026,45.529,-1638400,-50,-0.007353,1.503,62.605,65.344,2.740,3.724200,3.722969,-0.001230,,elor-compute-01,,0
300000000,fineweb_edu,2027,3.80,full,role_depth_v6,1,1,6800,6750,222822400,221184000,44.589,44.635,44.026,51.743,-1638400,-50,-0.007353,7.716,62.605,73.901,11.296,3.724200,3.726524,0.002324,,badfellow,,2
300000000,fineweb_edu,2027,3.80,no_role_depth,full,1,1,6750,6800,221184000,222822400,44.697,44.589,42.217,44.026,1638400,50,0.007407,1.809,60.605,62.605,2.000,3.726672,3.724200,-0.002472,seo-compute-01,,0,
300000000,fineweb_edu,2027,3.80,no_role_depth,role_depth_v2,1,1,6750,6800,221184000,222822400,44.697,44.621,42.217,45.464,1638400,50,0.007407,3.247,60.605,64.732,4.128,3.726672,3.723991,-0.002681,seo-compute-01,zabih-compute-01,0,0
300000000,fineweb_edu,2027,3.80,no_role_depth,role_depth_v3,1,1,6750,6850,221184000,224460800,44.697,44.642,42.217,51.117,3276800,100,0.014815,8.899,60.605,71.995,11.391,3.726672,3.731758,0.005086,seo-compute-01,badfellow,0,0
300000000,fineweb_edu,2027,3.80,no_role_depth,role_depth_v4,1,1,6750,6750,221184000,221184000,44.697,44.648,42.217,51.948,0,0,0.000000,9.731,60.605,74.333,13.728,3.726672,3.724031,-0.002641,seo-compute-01,badfellow,0,0
300000000,fineweb_edu,2027,3.80,no_role_depth,role_depth_v5,1,1,6750,6750,221184000,221184000,44.697,44.648,42.217,45.529,0,0,0.000000,3.312,60.605,65.344,4.740,3.726672,3.722969,-0.003703,seo-compute-01,elor-compute-01,0,0
300000000,fineweb_edu,2027,3.80,no_role_depth,role_depth_v6,1,1,6750,6750,221184000,221184000,44.697,44.635,42.217,51.743,0,0,0.000000,9.526,60.605,73.901,13.296,3.726672,3.726524,-0.000148,seo-compute-01,badfellow,0,2
300000000,fineweb_edu,2027,3.75,full,no_role_depth,1,1,8050,8100,263782400,265420800,42.521,42.472,52.120,50.661,1638400,50,0.006211,-1.459,62.605,60.605,-2.000,3.724200,3.726672,0.002472,,seo-compute-01,,0
300000000,fineweb_edu,2027,3.75,full,role_depth_v2,1,1,8050,8050,263782400,263782400,42.521,42.486,52.120,53.821,0,0,0.000000,1.702,62.605,64.732,2.128,3.724200,3.723991,-0.000208,,zabih-compute-01,,0
300000000,fineweb_edu,2027,3.75,full,role_depth_v3,1,1,8050,8250,263782400,270336000,42.521,42.434,52.120,61.564,6553600,200,0.024845,9.444,62.605,71.995,9.391,3.724200,3.731758,0.007558,,badfellow,,0
300000000,fineweb_edu,2027,3.75,full,role_depth_v4,1,1,8050,8100,263782400,265420800,42.521,42.440,52.120,62.338,1638400,50,0.006211,10.218,62.605,74.333,11.728,3.724200,3.724031,-0.000169,,badfellow,,0
300000000,fineweb_edu,2027,3.75,full,role_depth_v5,1,1,8050,8000,263782400,262144000,42.521,42.490,52.120,53.961,-1638400,-50,-0.006211,1.841,62.605,65.344,2.740,3.724200,3.722969,-0.001230,,elor-compute-01,,0
300000000,fineweb_edu,2027,3.75,full,role_depth_v6,1,1,8050,8100,263782400,265420800,42.521,42.495,52.120,62.091,1638400,50,0.006211,9.972,62.605,73.901,11.296,3.724200,3.726524,0.002324,,badfellow,,2
300000000,fineweb_edu,2027,3.75,no_role_depth,full,1,1,8100,8050,265420800,263782400,42.472,42.521,50.661,52.120,-1638400,-50,-0.006173,1.459,60.605,62.605,2.000,3.726672,3.724200,-0.002472,seo-compute-01,,0,
300000000,fineweb_edu,2027,3.75,no_role_depth,role_depth_v2,1,1,8100,8050,265420800,263782400,42.472,42.486,50.661,53.821,-1638400,-50,-0.006173,3.161,60.605,64.732,4.128,3.726672,3.723991,-0.002681,seo-compute-01,zabih-compute-01,0,0
300000000,fineweb_edu,2027,3.75,no_role_depth,role_depth_v3,1,1,8100,8250,265420800,270336000,42.472,42.434,50.661,61.564,4915200,150,0.018519,10.903,60.605,71.995,11.391,3.726672,3.731758,0.005086,seo-compute-01,badfellow,0,0
300000000,fineweb_edu,2027,3.75,no_role_depth,role_depth_v4,1,1,8100,8100,265420800,265420800,42.472,42.440,50.661,62.338,0,0,0.000000,11.677,60.605,74.333,13.728,3.726672,3.724031,-0.002641,seo-compute-01,badfellow,0,0
300000000,fineweb_edu,2027,3.75,no_role_depth,role_depth_v5,1,1,8100,8000,265420800,262144000,42.472,42.490,50.661,53.961,-3276800,-100,-0.012346,3.300,60.605,65.344,4.740,3.726672,3.722969,-0.003703,seo-compute-01,elor-compute-01,0,0
300000000,fineweb_edu,2027,3.75,no_role_depth,role_depth_v6,1,1,8100,8100,265420800,265420800,42.472,42.495,50.661,62.091,0,0,0.000000,11.431,60.605,73.901,13.296,3.726672,3.726524,-0.000148,seo-compute-01,badfellow,0,2
300000000,fineweb_edu,3407,4.20,full,no_role_depth,1,1,2250,2350,73728000,77004800,66.561,65.945,15.601,20.281,3276800,100,0.044444,4.679,67.079,82.964,15.885,3.698196,3.699058,0.000861,,ellis-compute-02,,0
300000000,fineweb_edu,3407,4.20,full,role_depth_v2,1,1,2250,2250,73728000,73728000,66.561,66.513,15.601,15.406,0,0,0.000000,-0.195,67.079,66.222,-0.857,3.698196,3.695073,-0.003124,,seo-compute-01,,0
300000000,fineweb_edu,3407,4.20,full,role_depth_v3,1,1,2250,2350,73728000,77004800,66.561,66.209,15.601,15.266,3276800,100,0.044444,-0.336,67.079,62.892,-4.187,3.698196,3.702060,0.003864,,zabih-compute-01,,0
300000000,fineweb_edu,3407,4.20,full,role_depth_v4,1,1,2250,2350,73728000,77004800,66.561,66.446,15.601,15.676,3276800,100,0.044444,0.074,67.079,64.522,-2.557,3.698196,3.697953,-0.000243,,zabih-compute-01,,0
300000000,fineweb_edu,3407,4.20,full,role_depth_v5,1,1,2250,2350,73728000,77004800,66.561,66.184,15.601,17.379,3276800,100,0.044444,1.778,67.079,71.419,4.340,3.698196,3.695632,-0.002565,,rush-compute-02,,0
300000000,fineweb_edu,3407,4.20,full,role_depth_v6,1,1,2250,2350,73728000,77004800,66.561,66.347,15.601,15.957,3276800,100,0.044444,0.356,67.079,65.533,-1.546,3.698196,3.699221,0.001025,,elor-compute-01,,0
300000000,fineweb_edu,3407,4.20,no_role_depth,full,1,1,2350,2250,77004800,73728000,65.945,66.561,20.281,15.601,-3276800,-100,-0.042553,-4.679,82.964,67.079,-15.885,3.699058,3.698196,-0.000861,ellis-compute-02,,0,
300000000,fineweb_edu,3407,4.20,no_role_depth,role_depth_v2,1,1,2350,2250,77004800,73728000,65.945,66.513,20.281,15.406,-3276800,-100,-0.042553,-4.875,82.964,66.222,-16.742,3.699058,3.695073,-0.003985,ellis-compute-02,seo-compute-01,0,0
300000000,fineweb_edu,3407,4.20,no_role_depth,role_depth_v3,1,1,2350,2350,77004800,77004800,65.945,66.209,20.281,15.266,0,0,0.000000,-5.015,82.964,62.892,-20.072,3.699058,3.702060,0.003003,ellis-compute-02,zabih-compute-01,0,0
300000000,fineweb_edu,3407,4.20,no_role_depth,role_depth_v4,1,1,2350,2350,77004800,77004800,65.945,66.446,20.281,15.676,0,0,0.000000,-4.605,82.964,64.522,-18.443,3.699058,3.697953,-0.001104,ellis-compute-02,zabih-compute-01,0,0
300000000,fineweb_edu,3407,4.20,no_role_depth,role_depth_v5,1,1,2350,2350,77004800,77004800,65.945,66.184,20.281,17.379,0,0,0.000000,-2.901,82.964,71.419,-11.546,3.699058,3.695632,-0.003426,ellis-compute-02,rush-compute-02,0,0
300000000,fineweb_edu,3407,4.20,no_role_depth,role_depth_v6,1,1,2350,2350,77004800,77004800,65.945,66.347,20.281,15.957,0,0,0.000000,-4.324,82.964,65.533,-17.432,3.699058,3.699221,0.000164,ellis-compute-02,elor-compute-01,0,0
300000000,fineweb_edu,3407,4.10,full,no_role_depth,1,1,3000,2950,98304000,96665600,60.120,60.048,20.802,25.459,-1638400,-50,-0.016667,4.657,67.079,82.964,15.885,3.698196,3.699058,0.000861,,ellis-compute-02,,0
300000000,fineweb_edu,3407,4.10,full,role_depth_v2,1,1,3000,3000,98304000,98304000,60.120,60.247,20.802,20.541,0,0,0.000000,-0.261,67.079,66.222,-0.857,3.698196,3.695073,-0.003124,,seo-compute-01,,0
300000000,fineweb_edu,3407,4.10,full,role_depth_v3,1,1,3000,2950,98304000,96665600,60.120,60.205,20.802,19.163,-1638400,-50,-0.016667,-1.639,67.079,62.892,-4.187,3.698196,3.702060,0.003864,,zabih-compute-01,,0
300000000,fineweb_edu,3407,4.10,full,role_depth_v4,1,1,3000,2950,98304000,96665600,60.120,60.224,20.802,19.678,-1638400,-50,-0.016667,-1.124,67.079,64.522,-2.557,3.698196,3.697953,-0.000243,,zabih-compute-01,,0
300000000,fineweb_edu,3407,4.10,full,role_depth_v5,1,1,3000,3000,98304000,98304000,60.120,60.025,20.802,22.186,0,0,0.000000,1.385,67.079,71.419,4.340,3.698196,3.695632,-0.002565,,rush-compute-02,,0
300000000,fineweb_edu,3407,4.10,full,role_depth_v6,1,1,3000,2950,98304000,96665600,60.120,60.102,20.802,20.031,-1638400,-50,-0.016667,-0.771,67.079,65.533,-1.546,3.698196,3.699221,0.001025,,elor-compute-01,,0
300000000,fineweb_edu,3407,4.10,no_role_depth,full,1,1,2950,3000,96665600,98304000,60.048,60.120,25.459,20.802,1638400,50,0.016949,-4.657,82.964,67.079,-15.885,3.699058,3.698196,-0.000861,ellis-compute-02,,0,
300000000,fineweb_edu,3407,4.10,no_role_depth,role_depth_v2,1,1,2950,3000,96665600,98304000,60.048,60.247,25.459,20.541,1638400,50,0.016949,-4.917,82.964,66.222,-16.742,3.699058,3.695073,-0.003985,ellis-compute-02,seo-compute-01,0,0
300000000,fineweb_edu,3407,4.10,no_role_depth,role_depth_v3,1,1,2950,2950,96665600,96665600,60.048,60.205,25.459,19.163,0,0,0.000000,-6.295,82.964,62.892,-20.072,3.699058,3.702060,0.003003,ellis-compute-02,zabih-compute-01,0,0
300000000,fineweb_edu,3407,4.10,no_role_depth,role_depth_v4,1,1,2950,2950,96665600,96665600,60.048,60.224,25.459,19.678,0,0,0.000000,-5.781,82.964,64.522,-18.443,3.699058,3.697953,-0.001104,ellis-compute-02,zabih-compute-01,0,0
300000000,fineweb_edu,3407,4.10,no_role_depth,role_depth_v5,1,1,2950,3000,96665600,98304000,60.048,60.025,25.459,22.186,1638400,50,0.016949,-3.272,82.964,71.419,-11.546,3.699058,3.695632,-0.003426,ellis-compute-02,rush-compute-02,0,0
300000000,fineweb_edu,3407,4.10,no_role_depth,role_depth_v6,1,1,2950,2950,96665600,96665600,60.048,60.102,25.459,20.031,0,0,0.000000,-5.428,82.964,65.533,-17.432,3.699058,3.699221,0.000164,ellis-compute-02,elor-compute-01,0,0
300000000,fineweb_edu,3407,4.00,full,no_role_depth,1,1,3800,3700,124518400,121241600,54.549,54.569,26.349,31.931,-3276800,-100,-0.026316,5.582,67.079,82.964,15.885,3.698196,3.699058,0.000861,,ellis-compute-02,,0
300000000,fineweb_edu,3407,4.00,full,role_depth_v2,1,1,3800,3800,124518400,124518400,54.549,54.569,26.349,26.019,0,0,0.000000,-0.330,67.079,66.222,-0.857,3.698196,3.695073,-0.003124,,seo-compute-01,,0
300000000,fineweb_edu,3407,4.00,full,role_depth_v3,1,1,3800,3750,124518400,122880000,54.549,54.457,26.349,24.360,-1638400,-50,-0.013158,-1.989,67.079,62.892,-4.187,3.698196,3.702060,0.003864,,zabih-compute-01,,0
300000000,fineweb_edu,3407,4.00,full,role_depth_v4,1,1,3800,3750,124518400,122880000,54.549,54.445,26.349,25.014,-1638400,-50,-0.013158,-1.335,67.079,64.522,-2.557,3.698196,3.697953,-0.000243,,zabih-compute-01,,0
300000000,fineweb_edu,3407,4.00,full,role_depth_v5,1,1,3800,3800,124518400,124518400,54.549,54.339,26.349,28.103,0,0,0.000000,1.754,67.079,71.419,4.340,3.698196,3.695632,-0.002565,,rush-compute-02,,0
300000000,fineweb_edu,3407,4.00,full,role_depth_v6,1,1,3800,3750,124518400,122880000,54.549,54.366,26.349,25.463,-1638400,-50,-0.013158,-0.886,67.079,65.533,-1.546,3.698196,3.699221,0.001025,,elor-compute-01,,0
300000000,fineweb_edu,3407,4.00,no_role_depth,full,1,1,3700,3800,121241600,124518400,54.569,54.549,31.931,26.349,3276800,100,0.027027,-5.582,82.964,67.079,-15.885,3.699058,3.698196,-0.000861,ellis-compute-02,,0,
300000000,fineweb_edu,3407,4.00,no_role_depth,role_depth_v2,1,1,3700,3800,121241600,124518400,54.569,54.569,31.931,26.019,3276800,100,0.027027,-5.912,82.964,66.222,-16.742,3.699058,3.695073,-0.003985,ellis-compute-02,seo-compute-01,0,0
300000000,fineweb_edu,3407,4.00,no_role_depth,role_depth_v3,1,1,3700,3750,121241600,122880000,54.569,54.457,31.931,24.360,1638400,50,0.013514,-7.571,82.964,62.892,-20.072,3.699058,3.702060,0.003003,ellis-compute-02,zabih-compute-01,0,0
300000000,fineweb_edu,3407,4.00,no_role_depth,role_depth_v4,1,1,3700,3750,121241600,122880000,54.569,54.445,31.931,25.014,1638400,50,0.013514,-6.917,82.964,64.522,-18.443,3.699058,3.697953,-0.001104,ellis-compute-02,zabih-compute-01,0,0
300000000,fineweb_edu,3407,4.00,no_role_depth,role_depth_v5,1,1,3700,3800,121241600,124518400,54.569,54.339,31.931,28.103,3276800,100,0.027027,-3.828,82.964,71.419,-11.546,3.699058,3.695632,-0.003426,ellis-compute-02,rush-compute-02,0,0
300000000,fineweb_edu,3407,4.00,no_role_depth,role_depth_v6,1,1,3700,3750,121241600,122880000,54.569,54.366,31.931,25.463,1638400,50,0.013514,-6.468,82.964,65.533,-17.432,3.699058,3.699221,0.000164,ellis-compute-02,elor-compute-01,0,0
300000000,fineweb_edu,3407,3.90,full,no_role_depth,1,1,4900,4800,160563200,157286400,49.207,49.332,33.976,41.424,-3276800,-100,-0.020408,7.448,67.079,82.964,15.885,3.698196,3.699058,0.000861,,ellis-compute-02,,0
300000000,fineweb_edu,3407,3.90,full,role_depth_v2,1,1,4900,4900,160563200,160563200,49.207,49.137,33.976,33.551,0,0,0.000000,-0.426,67.079,66.222,-0.857,3.698196,3.695073,-0.003124,,seo-compute-01,,0
300000000,fineweb_edu,3407,3.90,full,role_depth_v3,1,1,4900,4850,160563200,158924800,49.207,49.324,33.976,31.506,-1638400,-50,-0.010204,-2.471,67.079,62.892,-4.187,3.698196,3.702060,0.003864,,zabih-compute-01,,0
300000000,fineweb_edu,3407,3.90,full,role_depth_v4,1,1,4900,4850,160563200,158924800,49.207,49.263,33.976,32.352,-1638400,-50,-0.010204,-1.624,67.079,64.522,-2.557,3.698196,3.697953,-0.000243,,zabih-compute-01,,0
300000000,fineweb_edu,3407,3.90,full,role_depth_v5,1,1,4900,4850,160563200,158924800,49.207,49.335,33.976,35.868,-1638400,-50,-0.010204,1.892,67.079,71.419,4.340,3.698196,3.695632,-0.002565,,rush-compute-02,,0
300000000,fineweb_edu,3407,3.90,full,role_depth_v6,1,1,4900,4800,160563200,157286400,49.207,49.225,33.976,32.593,-3276800,-100,-0.020408,-1.383,67.079,65.533,-1.546,3.698196,3.699221,0.001025,,elor-compute-01,,0
300000000,fineweb_edu,3407,3.90,no_role_depth,full,1,1,4800,4900,157286400,160563200,49.332,49.207,41.424,33.976,3276800,100,0.020833,-7.448,82.964,67.079,-15.885,3.699058,3.698196,-0.000861,ellis-compute-02,,0,
300000000,fineweb_edu,3407,3.90,no_role_depth,role_depth_v2,1,1,4800,4900,157286400,160563200,49.332,49.137,41.424,33.551,3276800,100,0.020833,-7.874,82.964,66.222,-16.742,3.699058,3.695073,-0.003985,ellis-compute-02,seo-compute-01,0,0
300000000,fineweb_edu,3407,3.90,no_role_depth,role_depth_v3,1,1,4800,4850,157286400,158924800,49.332,49.324,41.424,31.506,1638400,50,0.010417,-9.919,82.964,62.892,-20.072,3.699058,3.702060,0.003003,ellis-compute-02,zabih-compute-01,0,0
300000000,fineweb_edu,3407,3.90,no_role_depth,role_depth_v4,1,1,4800,4850,157286400,158924800,49.332,49.263,41.424,32.352,1638400,50,0.010417,-9.072,82.964,64.522,-18.443,3.699058,3.697953,-0.001104,ellis-compute-02,zabih-compute-01,0,0
300000000,fineweb_edu,3407,3.90,no_role_depth,role_depth_v5,1,1,4800,4850,157286400,158924800,49.332,49.335,41.424,35.868,1638400,50,0.010417,-5.556,82.964,71.419,-11.546,3.699058,3.695632,-0.003426,ellis-compute-02,rush-compute-02,0,0
300000000,fineweb_edu,3407,3.90,no_role_depth,role_depth_v6,1,1,4800,4800,157286400,157286400,49.332,49.225,41.424,32.593,0,0,0.000000,-8.831,82.964,65.533,-17.432,3.699058,3.699221,0.000164,ellis-compute-02,elor-compute-01,0,0
300000000,fineweb_edu,3407,3.85,full,no_role_depth,1,1,5550,5500,181862400,180224000,46.911,46.773,38.483,47.465,-1638400,-50,-0.009009,8.982,67.079,82.964,15.885,3.698196,3.699058,0.000861,,ellis-compute-02,,0
300000000,fineweb_edu,3407,3.85,full,role_depth_v2,1,1,5550,5550,181862400,181862400,46.911,46.860,38.483,38.001,0,0,0.000000,-0.482,67.079,66.222,-0.857,3.698196,3.695073,-0.003124,,seo-compute-01,,0
300000000,fineweb_edu,3407,3.85,full,role_depth_v3,1,1,5550,5550,181862400,181862400,46.911,46.838,38.483,36.053,0,0,0.000000,-2.431,67.079,62.892,-4.187,3.698196,3.702060,0.003864,,zabih-compute-01,,0
300000000,fineweb_edu,3407,3.85,full,role_depth_v4,1,1,5550,5550,181862400,181862400,46.911,46.882,38.483,37.021,0,0,0.000000,-1.462,67.079,64.522,-2.557,3.698196,3.697953,-0.000243,,zabih-compute-01,,0
300000000,fineweb_edu,3407,3.85,full,role_depth_v5,1,1,5550,5500,181862400,180224000,46.911,46.985,38.483,40.675,-1638400,-50,-0.009009,2.192,67.079,71.419,4.340,3.698196,3.695632,-0.002565,,rush-compute-02,,0
300000000,fineweb_edu,3407,3.85,full,role_depth_v6,1,1,5550,5450,181862400,178585600,46.911,46.959,38.483,37.007,-3276800,-100,-0.018018,-1.477,67.079,65.533,-1.546,3.698196,3.699221,0.001025,,elor-compute-01,,0
300000000,fineweb_edu,3407,3.85,no_role_depth,full,1,1,5500,5550,180224000,181862400,46.773,46.911,47.465,38.483,1638400,50,0.009091,-8.982,82.964,67.079,-15.885,3.699058,3.698196,-0.000861,ellis-compute-02,,0,
300000000,fineweb_edu,3407,3.85,no_role_depth,role_depth_v2,1,1,5500,5550,180224000,181862400,46.773,46.860,47.465,38.001,1638400,50,0.009091,-9.464,82.964,66.222,-16.742,3.699058,3.695073,-0.003985,ellis-compute-02,seo-compute-01,0,0
300000000,fineweb_edu,3407,3.85,no_role_depth,role_depth_v3,1,1,5500,5550,180224000,181862400,46.773,46.838,47.465,36.053,1638400,50,0.009091,-11.412,82.964,62.892,-20.072,3.699058,3.702060,0.003003,ellis-compute-02,zabih-compute-01,0,0
300000000,fineweb_edu,3407,3.85,no_role_depth,role_depth_v4,1,1,5500,5550,180224000,181862400,46.773,46.882,47.465,37.021,1638400,50,0.009091,-10.444,82.964,64.522,-18.443,3.699058,3.697953,-0.001104,ellis-compute-02,zabih-compute-01,0,0
300000000,fineweb_edu,3407,3.85,no_role_depth,role_depth_v5,1,1,5500,5500,180224000,180224000,46.773,46.985,47.465,40.675,0,0,0.000000,-6.790,82.964,71.419,-11.546,3.699058,3.695632,-0.003426,ellis-compute-02,rush-compute-02,0,0
300000000,fineweb_edu,3407,3.85,no_role_depth,role_depth_v6,1,1,5500,5450,180224000,178585600,46.773,46.959,47.465,37.007,-1638400,-50,-0.009091,-10.459,82.964,65.533,-17.432,3.699058,3.699221,0.000164,ellis-compute-02,elor-compute-01,0,0
300000000,fineweb_edu,3407,3.80,full,no_role_depth,1,1,6350,6300,208076800,206438400,44.677,44.593,44.031,54.369,-1638400,-50,-0.007874,10.339,67.079,82.964,15.885,3.698196,3.699058,0.000861,,ellis-compute-02,,0
300000000,fineweb_edu,3407,3.80,full,role_depth_v2,1,1,6350,6350,208076800,208076800,44.677,44.677,44.031,43.479,0,0,0.000000,-0.552,67.079,66.222,-0.857,3.698196,3.695073,-0.003124,,seo-compute-01,,0
300000000,fineweb_edu,3407,3.80,full,role_depth_v3,1,1,6350,6350,208076800,208076800,44.677,44.648,44.031,41.250,0,0,0.000000,-2.781,67.079,62.892,-4.187,3.698196,3.702060,0.003864,,zabih-compute-01,,0
300000000,fineweb_edu,3407,3.80,full,role_depth_v4,1,1,6350,6350,208076800,208076800,44.677,44.593,44.031,42.358,0,0,0.000000,-1.673,67.079,64.522,-2.557,3.698196,3.697953,-0.000243,,zabih-compute-01,,0
300000000,fineweb_edu,3407,3.80,full,role_depth_v5,1,1,6350,6300,208076800,206438400,44.677,44.676,44.031,46.592,-1638400,-50,-0.007874,2.561,67.079,71.419,4.340,3.698196,3.695632,-0.002565,,rush-compute-02,,0
300000000,fineweb_edu,3407,3.80,full,role_depth_v6,1,1,6350,6300,208076800,206438400,44.677,44.633,44.031,42.778,-1638400,-50,-0.007874,-1.252,67.079,65.533,-1.546,3.698196,3.699221,0.001025,,elor-compute-01,,0
300000000,fineweb_edu,3407,3.80,no_role_depth,full,1,1,6300,6350,206438400,208076800,44.593,44.677,54.369,44.031,1638400,50,0.007937,-10.339,82.964,67.079,-15.885,3.699058,3.698196,-0.000861,ellis-compute-02,,0,
300000000,fineweb_edu,3407,3.80,no_role_depth,role_depth_v2,1,1,6300,6350,206438400,208076800,44.593,44.677,54.369,43.479,1638400,50,0.007937,-10.890,82.964,66.222,-16.742,3.699058,3.695073,-0.003985,ellis-compute-02,seo-compute-01,0,0
300000000,fineweb_edu,3407,3.80,no_role_depth,role_depth_v3,1,1,6300,6350,206438400,208076800,44.593,44.648,54.369,41.250,1638400,50,0.007937,-13.120,82.964,62.892,-20.072,3.699058,3.702060,0.003003,ellis-compute-02,zabih-compute-01,0,0
300000000,fineweb_edu,3407,3.80,no_role_depth,role_depth_v4,1,1,6300,6350,206438400,208076800,44.593,44.593,54.369,42.358,1638400,50,0.007937,-12.012,82.964,64.522,-18.443,3.699058,3.697953,-0.001104,ellis-compute-02,zabih-compute-01,0,0
300000000,fineweb_edu,3407,3.80,no_role_depth,role_depth_v5,1,1,6300,6300,206438400,206438400,44.593,44.676,54.369,46.592,0,0,0.000000,-7.778,82.964,71.419,-11.546,3.699058,3.695632,-0.003426,ellis-compute-02,rush-compute-02,0,0
300000000,fineweb_edu,3407,3.80,no_role_depth,role_depth_v6,1,1,6300,6300,206438400,206438400,44.593,44.633,54.369,42.778,0,0,0.000000,-11.591,82.964,65.533,-17.432,3.699058,3.699221,0.000164,ellis-compute-02,elor-compute-01,0,0
300000000,fineweb_edu,3407,3.75,full,no_role_depth,1,1,7300,7250,239206400,237568000,42.506,42.509,50.618,62.568,-1638400,-50,-0.006849,11.950,67.079,82.964,15.885,3.698196,3.699058,0.000861,,ellis-compute-02,,0
300000000,fineweb_edu,3407,3.75,full,role_depth_v2,1,1,7300,7250,239206400,237568000,42.506,42.492,50.618,49.641,-1638400,-50,-0.006849,-0.977,67.079,66.222,-0.857,3.698196,3.695073,-0.003124,,seo-compute-01,,0
300000000,fineweb_edu,3407,3.75,full,role_depth_v3,1,1,7300,7350,239206400,240844800,42.506,42.499,50.618,47.746,1638400,50,0.006849,-2.872,67.079,62.892,-4.187,3.698196,3.702060,0.003864,,zabih-compute-01,,0
300000000,fineweb_edu,3407,3.75,full,role_depth_v4,1,1,7300,7300,239206400,239206400,42.506,42.434,50.618,48.695,0,0,0.000000,-1.923,67.079,64.522,-2.557,3.698196,3.697953,-0.000243,,zabih-compute-01,,0
300000000,fineweb_edu,3407,3.75,full,role_depth_v5,1,1,7300,7250,239206400,237568000,42.506,42.489,50.618,53.617,-1638400,-50,-0.006849,2.999,67.079,71.419,4.340,3.698196,3.695632,-0.002565,,rush-compute-02,,0
300000000,fineweb_edu,3407,3.75,full,role_depth_v6,1,1,7300,7300,239206400,239206400,42.506,42.473,50.618,49.568,0,0,0.000000,-1.049,67.079,65.533,-1.546,3.698196,3.699221,0.001025,,elor-compute-01,,0
300000000,fineweb_edu,3407,3.75,no_role_depth,full,1,1,7250,7300,237568000,239206400,42.509,42.506,62.568,50.618,1638400,50,0.006897,-11.950,82.964,67.079,-15.885,3.699058,3.698196,-0.000861,ellis-compute-02,,0,
300000000,fineweb_edu,3407,3.75,no_role_depth,role_depth_v2,1,1,7250,7250,237568000,237568000,42.509,42.492,62.568,49.641,0,0,0.000000,-12.927,82.964,66.222,-16.742,3.699058,3.695073,-0.003985,ellis-compute-02,seo-compute-01,0,0
300000000,fineweb_edu,3407,3.75,no_role_depth,role_depth_v3,1,1,7250,7350,237568000,240844800,42.509,42.499,62.568,47.746,3276800,100,0.013793,-14.822,82.964,62.892,-20.072,3.699058,3.702060,0.003003,ellis-compute-02,zabih-compute-01,0,0
300000000,fineweb_edu,3407,3.75,no_role_depth,role_depth_v4,1,1,7250,7300,237568000,239206400,42.509,42.434,62.568,48.695,1638400,50,0.006897,-13.873,82.964,64.522,-18.443,3.699058,3.697953,-0.001104,ellis-compute-02,zabih-compute-01,0,0
300000000,fineweb_edu,3407,3.75,no_role_depth,role_depth_v5,1,1,7250,7250,237568000,237568000,42.509,42.489,62.568,53.617,0,0,0.000000,-8.951,82.964,71.419,-11.546,3.699058,3.695632,-0.003426,ellis-compute-02,rush-compute-02,0,0
300000000,fineweb_edu,3407,3.75,no_role_depth,role_depth_v6,1,1,7250,7300,237568000,239206400,42.509,42.473,62.568,49.568,1638400,50,0.006897,-13.000,82.964,65.533,-17.432,3.699058,3.699221,0.000164,ellis-compute-02,elor-compute-01,0,0
300000000,fineweb,1337,4.40,full,no_role_depth,1,1,2650,2650,86835200,86835200,81.196,80.976,18.525,16.608,0,0,0.000000,-1.918,67.680,60.794,-6.886,3.971449,3.975923,0.004473,lancer-compute-01,abdelfattah-compute-03,0,0
300000000,fineweb,1337,4.40,full,role_depth_v2,1,1,2650,2650,86835200,86835200,81.196,81.158,18.525,20.563,0,0,0.000000,2.038,67.680,75.040,7.360,3.971449,3.967865,-0.003584,lancer-compute-01,damle-compute-01,0,0
300000000,fineweb,1337,4.40,full,role_depth_v3,1,1,2650,2650,86835200,86835200,81.196,80.980,18.525,16.524,0,0,0.000000,-2.002,67.680,60.551,-7.129,3.971449,3.975541,0.004091,lancer-compute-01,elor-compute-01,0,0
300000000,fineweb,1337,4.40,full,role_depth_v4,1,1,2650,2700,86835200,88473600,81.196,80.878,18.525,17.262,1638400,50,0.018868,-1.264,67.680,61.886,-5.794,3.971449,3.968696,-0.002753,lancer-compute-01,elor-compute-01,0,0
300000000,fineweb,1337,4.40,full,role_depth_v5,1,1,2650,2650,86835200,86835200,81.196,81.437,18.525,20.417,0,0,0.000000,1.892,67.680,74.556,6.876,3.971449,3.967499,-0.003951,lancer-compute-01,damle-compute-01,0,0
300000000,fineweb,1337,4.40,full,role_depth_v6,1,1,2650,2650,86835200,86835200,81.196,81.190,18.525,20.671,0,0,0.000000,2.146,67.680,75.213,7.533,3.971449,3.969286,-0.002163,lancer-compute-01,damle-compute-01,0,0
300000000,fineweb,1337,4.40,no_role_depth,full,1,1,2650,2650,86835200,86835200,80.976,81.196,16.608,18.525,0,0,0.000000,1.918,60.794,67.680,6.886,3.975923,3.971449,-0.004473,abdelfattah-compute-03,lancer-compute-01,0,0
300000000,fineweb,1337,4.40,no_role_depth,role_depth_v2,1,1,2650,2650,86835200,86835200,80.976,81.158,16.608,20.563,0,0,0.000000,3.956,60.794,75.040,14.246,3.975923,3.967865,-0.008058,abdelfattah-compute-03,damle-compute-01,0,0
300000000,fineweb,1337,4.40,no_role_depth,role_depth_v3,1,1,2650,2650,86835200,86835200,80.976,80.980,16.608,16.524,0,0,0.000000,-0.084,60.794,60.551,-0.244,3.975923,3.975541,-0.000382,abdelfattah-compute-03,elor-compute-01,0,0
300000000,fineweb,1337,4.40,no_role_depth,role_depth_v4,1,1,2650,2700,86835200,88473600,80.976,80.878,16.608,17.262,1638400,50,0.018868,0.654,60.794,61.886,1.091,3.975923,3.968696,-0.007227,abdelfattah-compute-03,elor-compute-01,0,0
300000000,fineweb,1337,4.40,no_role_depth,role_depth_v5,1,1,2650,2650,86835200,86835200,80.976,81.437,16.608,20.417,0,0,0.000000,3.810,60.794,74.556,13.761,3.975923,3.967499,-0.008424,abdelfattah-compute-03,damle-compute-01,0,0
300000000,fineweb,1337,4.40,no_role_depth,role_depth_v6,1,1,2650,2650,86835200,86835200,80.976,81.190,16.608,20.671,0,0,0.000000,4.064,60.794,75.213,14.418,3.975923,3.969286,-0.006637,abdelfattah-compute-03,damle-compute-01,0,0
300000000,fineweb,1337,4.30,full,no_role_depth,1,1,3450,3350,113049600,109772800,73.622,73.636,24.118,20.994,-3276800,-100,-0.028986,-3.124,67.680,60.794,-6.886,3.971449,3.975923,0.004473,lancer-compute-01,abdelfattah-compute-03,0,0
300000000,fineweb,1337,4.30,full,role_depth_v2,1,1,3450,3450,113049600,113049600,73.622,73.575,24.118,26.771,0,0,0.000000,2.653,67.680,75.040,7.360,3.971449,3.967865,-0.003584,lancer-compute-01,damle-compute-01,0,0
300000000,fineweb,1337,4.30,full,role_depth_v3,1,1,3450,3350,113049600,109772800,73.622,73.630,24.118,20.888,-3276800,-100,-0.028986,-3.229,67.680,60.551,-7.129,3.971449,3.975541,0.004091,lancer-compute-01,elor-compute-01,0,0
300000000,fineweb,1337,4.30,full,role_depth_v4,1,1,3450,3400,113049600,111411200,73.622,73.442,24.118,21.737,-1638400,-50,-0.014493,-2.381,67.680,61.886,-5.794,3.971449,3.968696,-0.002753,lancer-compute-01,elor-compute-01,0,0
300000000,fineweb,1337,4.30,full,role_depth_v5,1,1,3450,3400,113049600,111411200,73.622,73.622,24.118,26.195,-1638400,-50,-0.014493,2.078,67.680,74.556,6.876,3.971449,3.967499,-0.003951,lancer-compute-01,damle-compute-01,0,0
300000000,fineweb,1337,4.30,full,role_depth_v6,1,1,3450,3350,113049600,109772800,73.622,73.512,24.118,26.132,-3276800,-100,-0.028986,2.014,67.680,75.213,7.533,3.971449,3.969286,-0.002163,lancer-compute-01,damle-compute-01,0,0
300000000,fineweb,1337,4.30,no_role_depth,full,1,1,3350,3450,109772800,113049600,73.636,73.622,20.994,24.118,3276800,100,0.029851,3.124,60.794,67.680,6.886,3.975923,3.971449,-0.004473,abdelfattah-compute-03,lancer-compute-01,0,0
300000000,fineweb,1337,4.30,no_role_depth,role_depth_v2,1,1,3350,3450,109772800,113049600,73.636,73.575,20.994,26.771,3276800,100,0.029851,5.776,60.794,75.040,14.246,3.975923,3.967865,-0.008058,abdelfattah-compute-03,damle-compute-01,0,0
300000000,fineweb,1337,4.30,no_role_depth,role_depth_v3,1,1,3350,3350,109772800,109772800,73.636,73.630,20.994,20.888,0,0,0.000000,-0.106,60.794,60.551,-0.244,3.975923,3.975541,-0.000382,abdelfattah-compute-03,elor-compute-01,0,0
300000000,fineweb,1337,4.30,no_role_depth,role_depth_v4,1,1,3350,3400,109772800,111411200,73.636,73.442,20.994,21.737,1638400,50,0.014925,0.743,60.794,61.886,1.091,3.975923,3.968696,-0.007227,abdelfattah-compute-03,elor-compute-01,0,0
300000000,fineweb,1337,4.30,no_role_depth,role_depth_v5,1,1,3350,3400,109772800,111411200,73.636,73.622,20.994,26.195,1638400,50,0.014925,5.201,60.794,74.556,13.761,3.975923,3.967499,-0.008424,abdelfattah-compute-03,damle-compute-01,0,0
300000000,fineweb,1337,4.30,no_role_depth,role_depth_v6,1,1,3350,3350,109772800,109772800,73.636,73.512,20.994,26.132,0,0,0.000000,5.137,60.794,75.213,14.418,3.975923,3.969286,-0.006637,abdelfattah-compute-03,damle-compute-01,0,0
300000000,fineweb,1337,4.20,full,no_role_depth,1,1,4450,4400,145817600,144179200,66.675,66.477,31.109,27.575,-1638400,-50,-0.011236,-3.534,67.680,60.794,-6.886,3.971449,3.975923,0.004473,lancer-compute-01,abdelfattah-compute-03,0,0
300000000,fineweb,1337,4.20,full,role_depth_v2,1,1,4450,4450,145817600,145817600,66.675,66.551,31.109,34.530,0,0,0.000000,3.422,67.680,75.040,7.360,3.971449,3.967865,-0.003584,lancer-compute-01,damle-compute-01,0,0
300000000,fineweb,1337,4.20,full,role_depth_v3,1,1,4450,4350,145817600,142540800,66.675,66.672,31.109,27.124,-3276800,-100,-0.022472,-3.985,67.680,60.551,-7.129,3.971449,3.975541,0.004091,lancer-compute-01,elor-compute-01,0,0
300000000,fineweb,1337,4.20,full,role_depth_v4,1,1,4450,4400,145817600,144179200,66.675,66.475,31.109,28.130,-1638400,-50,-0.011236,-2.978,67.680,61.886,-5.794,3.971449,3.968696,-0.002753,lancer-compute-01,elor-compute-01,0,0
300000000,fineweb,1337,4.20,full,role_depth_v5,1,1,4450,4400,145817600,144179200,66.675,66.538,31.109,33.900,-1638400,-50,-0.011236,2.791,67.680,74.556,6.876,3.971449,3.967499,-0.003951,lancer-compute-01,damle-compute-01,0,0
300000000,fineweb,1337,4.20,full,role_depth_v6,1,1,4450,4300,145817600,140902400,66.675,66.686,31.109,33.542,-4915200,-150,-0.033708,2.434,67.680,75.213,7.533,3.971449,3.969286,-0.002163,lancer-compute-01,damle-compute-01,0,0
300000000,fineweb,1337,4.20,no_role_depth,full,1,1,4400,4450,144179200,145817600,66.477,66.675,27.575,31.109,1638400,50,0.011364,3.534,60.794,67.680,6.886,3.975923,3.971449,-0.004473,abdelfattah-compute-03,lancer-compute-01,0,0
300000000,fineweb,1337,4.20,no_role_depth,role_depth_v2,1,1,4400,4450,144179200,145817600,66.477,66.551,27.575,34.530,1638400,50,0.011364,6.956,60.794,75.040,14.246,3.975923,3.967865,-0.008058,abdelfattah-compute-03,damle-compute-01,0,0
300000000,fineweb,1337,4.20,no_role_depth,role_depth_v3,1,1,4400,4350,144179200,142540800,66.477,66.672,27.575,27.124,-1638400,-50,-0.011364,-0.451,60.794,60.551,-0.244,3.975923,3.975541,-0.000382,abdelfattah-compute-03,elor-compute-01,0,0
300000000,fineweb,1337,4.20,no_role_depth,role_depth_v4,1,1,4400,4400,144179200,144179200,66.477,66.475,27.575,28.130,0,0,0.000000,0.555,60.794,61.886,1.091,3.975923,3.968696,-0.007227,abdelfattah-compute-03,elor-compute-01,0,0
300000000,fineweb,1337,4.20,no_role_depth,role_depth_v5,1,1,4400,4400,144179200,144179200,66.477,66.538,27.575,33.900,0,0,0.000000,6.325,60.794,74.556,13.761,3.975923,3.967499,-0.008424,abdelfattah-compute-03,damle-compute-01,0,0
300000000,fineweb,1337,4.20,no_role_depth,role_depth_v6,1,1,4400,4300,144179200,140902400,66.477,66.686,27.575,33.542,-3276800,-100,-0.022727,5.967,60.794,75.213,14.418,3.975923,3.969286,-0.006637,abdelfattah-compute-03,damle-compute-01,0,0
300000000,fineweb,1337,4.10,full,no_role_depth,1,1,5800,5750,190054400,188416000,60.146,60.252,40.546,36.035,-1638400,-50,-0.008621,-4.511,67.680,60.794,-6.886,3.971449,3.975923,0.004473,lancer-compute-01,abdelfattah-compute-03,0,0
300000000,fineweb,1337,4.10,full,role_depth_v2,1,1,5800,5750,190054400,188416000,60.146,60.321,40.546,44.618,-1638400,-50,-0.008621,4.072,67.680,75.040,7.360,3.971449,3.967865,-0.003584,lancer-compute-01,damle-compute-01,0,0
300000000,fineweb,1337,4.10,full,role_depth_v3,1,1,5800,5800,190054400,190054400,60.146,60.082,40.546,36.165,0,0,0.000000,-4.381,67.680,60.551,-7.129,3.971449,3.975541,0.004091,lancer-compute-01,elor-compute-01,0,0
300000000,fineweb,1337,4.10,full,role_depth_v4,1,1,5800,5750,190054400,188416000,60.146,60.165,40.546,36.761,-1638400,-50,-0.008621,-3.785,67.680,61.886,-5.794,3.971449,3.968696,-0.002753,lancer-compute-01,elor-compute-01,0,0
300000000,fineweb,1337,4.10,full,role_depth_v5,1,1,5800,5750,190054400,188416000,60.146,60.161,40.546,44.301,-1638400,-50,-0.008621,3.755,67.680,74.556,6.876,3.971449,3.967499,-0.003951,lancer-compute-01,damle-compute-01,0,0
300000000,fineweb,1337,4.10,full,role_depth_v6,1,1,5800,5700,190054400,186777600,60.146,60.118,40.546,44.463,-3276800,-100,-0.017241,3.917,67.680,75.213,7.533,3.971449,3.969286,-0.002163,lancer-compute-01,damle-compute-01,0,0
300000000,fineweb,1337,4.10,no_role_depth,full,1,1,5750,5800,188416000,190054400,60.252,60.146,36.035,40.546,1638400,50,0.008696,4.511,60.794,67.680,6.886,3.975923,3.971449,-0.004473,abdelfattah-compute-03,lancer-compute-01,0,0
300000000,fineweb,1337,4.10,no_role_depth,role_depth_v2,1,1,5750,5750,188416000,188416000,60.252,60.321,36.035,44.618,0,0,0.000000,8.583,60.794,75.040,14.246,3.975923,3.967865,-0.008058,abdelfattah-compute-03,damle-compute-01,0,0
300000000,fineweb,1337,4.10,no_role_depth,role_depth_v3,1,1,5750,5800,188416000,190054400,60.252,60.082,36.035,36.165,1638400,50,0.008696,0.130,60.794,60.551,-0.244,3.975923,3.975541,-0.000382,abdelfattah-compute-03,elor-compute-01,0,0
300000000,fineweb,1337,4.10,no_role_depth,role_depth_v4,1,1,5750,5750,188416000,188416000,60.252,60.165,36.035,36.761,0,0,0.000000,0.726,60.794,61.886,1.091,3.975923,3.968696,-0.007227,abdelfattah-compute-03,elor-compute-01,0,0
300000000,fineweb,1337,4.10,no_role_depth,role_depth_v5,1,1,5750,5750,188416000,188416000,60.252,60.161,36.035,44.301,0,0,0.000000,8.266,60.794,74.556,13.761,3.975923,3.967499,-0.008424,abdelfattah-compute-03,damle-compute-01,0,0
300000000,fineweb,1337,4.10,no_role_depth,role_depth_v6,1,1,5750,5700,188416000,186777600,60.252,60.118,36.035,44.463,-1638400,-50,-0.008696,8.428,60.794,75.213,14.418,3.975923,3.969286,-0.006637,abdelfattah-compute-03,damle-compute-01,0,0
300000000,fineweb,1337,4.05,full,no_role_depth,1,1,6700,6700,219545600,219545600,57.244,57.290,46.838,41.989,0,0,0.000000,-4.849,67.680,60.794,-6.886,3.971449,3.975923,0.004473,lancer-compute-01,abdelfattah-compute-03,0,0
300000000,fineweb,1337,4.05,full,role_depth_v2,1,1,6700,6600,219545600,216268800,57.244,57.276,46.838,51.214,-3276800,-100,-0.014925,4.376,67.680,75.040,7.360,3.971449,3.967865,-0.003584,lancer-compute-01,damle-compute-01,0,0
300000000,fineweb,1337,4.05,full,role_depth_v3,1,1,6700,6650,219545600,217907200,57.244,57.347,46.838,41.465,-1638400,-50,-0.007463,-5.373,67.680,60.551,-7.129,3.971449,3.975541,0.004091,lancer-compute-01,elor-compute-01,0,0
300000000,fineweb,1337,4.05,full,role_depth_v4,1,1,6700,6550,219545600,214630400,57.244,57.386,46.838,41.876,-4915200,-150,-0.022388,-4.962,67.680,61.886,-5.794,3.971449,3.968696,-0.002753,lancer-compute-01,elor-compute-01,0,0
300000000,fineweb,1337,4.05,full,role_depth_v5,1,1,6700,6600,219545600,216268800,57.244,57.332,46.838,50.850,-3276800,-100,-0.014925,4.012,67.680,74.556,6.876,3.971449,3.967499,-0.003951,lancer-compute-01,damle-compute-01,0,0
300000000,fineweb,1337,4.05,full,role_depth_v6,1,1,6700,6550,219545600,214630400,57.244,57.299,46.838,51.093,-4915200,-150,-0.022388,4.256,67.680,75.213,7.533,3.971449,3.969286,-0.002163,lancer-compute-01,damle-compute-01,0,0
300000000,fineweb,1337,4.05,no_role_depth,full,1,1,6700,6700,219545600,219545600,57.290,57.244,41.989,46.838,0,0,0.000000,4.849,60.794,67.680,6.886,3.975923,3.971449,-0.004473,abdelfattah-compute-03,lancer-compute-01,0,0
300000000,fineweb,1337,4.05,no_role_depth,role_depth_v2,1,1,6700,6600,219545600,216268800,57.290,57.276,41.989,51.214,-3276800,-100,-0.014925,9.225,60.794,75.040,14.246,3.975923,3.967865,-0.008058,abdelfattah-compute-03,damle-compute-01,0,0
300000000,fineweb,1337,4.05,no_role_depth,role_depth_v3,1,1,6700,6650,219545600,217907200,57.290,57.347,41.989,41.465,-1638400,-50,-0.007463,-0.524,60.794,60.551,-0.244,3.975923,3.975541,-0.000382,abdelfattah-compute-03,elor-compute-01,0,0
300000000,fineweb,1337,4.05,no_role_depth,role_depth_v4,1,1,6700,6550,219545600,214630400,57.290,57.386,41.989,41.876,-4915200,-150,-0.022388,-0.113,60.794,61.886,1.091,3.975923,3.968696,-0.007227,abdelfattah-compute-03,elor-compute-01,0,0
300000000,fineweb,1337,4.05,no_role_depth,role_depth_v5,1,1,6700,6600,219545600,216268800,57.290,57.332,41.989,50.850,-3276800,-100,-0.014925,8.861,60.794,74.556,13.761,3.975923,3.967499,-0.008424,abdelfattah-compute-03,damle-compute-01,0,0
300000000,fineweb,1337,4.05,no_role_depth,role_depth_v6,1,1,6700,6550,219545600,214630400,57.290,57.299,41.989,51.093,-4915200,-150,-0.022388,9.104,60.794,75.213,14.418,3.975923,3.969286,-0.006637,abdelfattah-compute-03,damle-compute-01,0,0
300000000,fineweb,1337,4.00,full,no_role_depth,1,1,7900,8000,258867200,262144000,54.541,54.505,55.227,50.136,3276800,100,0.012658,-5.091,67.680,60.794,-6.886,3.971449,3.975923,0.004473,lancer-compute-01,abdelfattah-compute-03,0,0
300000000,fineweb,1337,4.00,full,role_depth_v2,1,1,7900,7800,258867200,255590400,54.541,54.590,55.227,60.525,-3276800,-100,-0.012658,5.299,67.680,75.040,7.360,3.971449,3.967865,-0.003584,lancer-compute-01,damle-compute-01,0,0
300000000,fineweb,1337,4.00,full,role_depth_v3,1,1,7900,8000,258867200,262144000,54.541,54.522,55.227,49.883,3276800,100,0.012658,-5.344,67.680,60.551,-7.129,3.971449,3.975541,0.004091,lancer-compute-01,elor-compute-01,0,0
300000000,fineweb,1337,4.00,full,role_depth_v4,1,1,7900,7800,258867200,255590400,54.541,54.578,55.227,49.867,-3276800,-100,-0.012658,-5.359,67.680,61.886,-5.794,3.971449,3.968696,-0.002753,lancer-compute-01,elor-compute-01,0,0
300000000,fineweb,1337,4.00,full,role_depth_v5,1,1,7900,7750,258867200,253952000,54.541,54.546,55.227,59.710,-4915200,-150,-0.018987,4.484,67.680,74.556,6.876,3.971449,3.967499,-0.003951,lancer-compute-01,damle-compute-01,0,0
300000000,fineweb,1337,4.00,full,role_depth_v6,1,1,7900,7750,258867200,253952000,54.541,54.544,55.227,60.454,-4915200,-150,-0.018987,5.227,67.680,75.213,7.533,3.971449,3.969286,-0.002163,lancer-compute-01,damle-compute-01,0,0
300000000,fineweb,1337,4.00,no_role_depth,full,1,1,8000,7900,262144000,258867200,54.505,54.541,50.136,55.227,-3276800,-100,-0.012500,5.091,60.794,67.680,6.886,3.975923,3.971449,-0.004473,abdelfattah-compute-03,lancer-compute-01,0,0
300000000,fineweb,1337,4.00,no_role_depth,role_depth_v2,1,1,8000,7800,262144000,255590400,54.505,54.590,50.136,60.525,-6553600,-200,-0.025000,10.389,60.794,75.040,14.246,3.975923,3.967865,-0.008058,abdelfattah-compute-03,damle-compute-01,0,0
300000000,fineweb,1337,4.00,no_role_depth,role_depth_v3,1,1,8000,8000,262144000,262144000,54.505,54.522,50.136,49.883,0,0,0.000000,-0.253,60.794,60.551,-0.244,3.975923,3.975541,-0.000382,abdelfattah-compute-03,elor-compute-01,0,0
300000000,fineweb,1337,4.00,no_role_depth,role_depth_v4,1,1,8000,7800,262144000,255590400,54.505,54.578,50.136,49.867,-6553600,-200,-0.025000,-0.269,60.794,61.886,1.091,3.975923,3.968696,-0.007227,abdelfattah-compute-03,elor-compute-01,0,0
300000000,fineweb,1337,4.00,no_role_depth,role_depth_v5,1,1,8000,7750,262144000,253952000,54.505,54.546,50.136,59.710,-8192000,-250,-0.031250,9.574,60.794,74.556,13.761,3.975923,3.967499,-0.008424,abdelfattah-compute-03,damle-compute-01,0,0
300000000,fineweb,1337,4.00,no_role_depth,role_depth_v6,1,1,8000,7750,262144000,253952000,54.505,54.544,50.136,60.454,-8192000,-250,-0.031250,10.318,60.794,75.213,14.418,3.975923,3.969286,-0.006637,abdelfattah-compute-03,damle-compute-01,0,0
300000000,fineweb,2027,4.40,full,no_role_depth,1,1,2500,2550,81920000,83558400,81.405,81.444,17.366,15.963,1638400,50,0.020000,-1.403,67.238,60.675,-6.562,3.956068,3.957673,0.001605,,seo-compute-01,,0
300000000,fineweb,2027,4.40,full,role_depth_v2,1,1,2500,2500,81920000,81920000,81.405,81.278,17.366,19.496,0,0,0.000000,2.130,67.238,75.354,8.117,3.956068,3.955463,-0.000604,,damle-compute-01,,1
300000000,fineweb,2027,4.40,full,role_depth_v3,1,1,2500,2550,81920000,83558400,81.405,81.184,17.366,20.119,1638400,50,0.020000,2.752,67.238,75.692,8.454,3.956068,3.962711,0.006644,,nikola-compute-18,,0
300000000,fineweb,2027,4.40,full,role_depth_v4,1,1,2500,2600,81920000,85196800,81.405,81.227,17.366,19.757,3276800,100,0.040000,2.391,67.238,73.556,6.318,3.956068,3.956404,0.000337,,damle-compute-01,,0
300000000,fineweb,2027,4.40,full,role_depth_v5,1,1,2500,2600,81920000,85196800,81.405,81.320,17.366,21.151,3276800,100,0.040000,3.785,67.238,77.904,10.666,3.956068,3.953007,-0.003060,,nikola-compute-18,,1
300000000,fineweb,2027,4.40,full,role_depth_v6,1,1,2500,2550,81920000,83558400,81.405,81.125,17.366,22.116,1638400,50,0.020000,4.750,67.238,82.926,15.688,3.956068,3.958710,0.002642,,nikola-compute-18,,0
300000000,fineweb,2027,4.40,no_role_depth,full,1,1,2550,2500,83558400,81920000,81.444,81.405,15.963,17.366,-1638400,-50,-0.019608,1.403,60.675,67.238,6.562,3.957673,3.956068,-0.001605,seo-compute-01,,0,
300000000,fineweb,2027,4.40,no_role_depth,role_depth_v2,1,1,2550,2500,83558400,81920000,81.444,81.278,15.963,19.496,-1638400,-50,-0.019608,3.533,60.675,75.354,14.679,3.957673,3.955463,-0.002210,seo-compute-01,damle-compute-01,0,1
300000000,fineweb,2027,4.40,no_role_depth,role_depth_v3,1,1,2550,2550,83558400,83558400,81.444,81.184,15.963,20.119,0,0,0.000000,4.156,60.675,75.692,15.017,3.957673,3.962711,0.005038,seo-compute-01,nikola-compute-18,0,0
300000000,fineweb,2027,4.40,no_role_depth,role_depth_v4,1,1,2550,2600,83558400,85196800,81.444,81.227,15.963,19.757,1638400,50,0.019608,3.794,60.675,73.556,12.880,3.957673,3.956404,-0.001269,seo-compute-01,damle-compute-01,0,0
300000000,fineweb,2027,4.40,no_role_depth,role_depth_v5,1,1,2550,2600,83558400,85196800,81.444,81.320,15.963,21.151,1638400,50,0.019608,5.188,60.675,77.904,17.229,3.957673,3.953007,-0.004665,seo-compute-01,nikola-compute-18,0,1
300000000,fineweb,2027,4.40,no_role_depth,role_depth_v6,1,1,2550,2550,83558400,83558400,81.444,81.125,15.963,22.116,0,0,0.000000,6.153,60.675,82.926,22.250,3.957673,3.958710,0.001037,seo-compute-01,nikola-compute-18,0,0
300000000,fineweb,2027,4.30,full,no_role_depth,1,1,3350,3250,109772800,106496000,73.568,73.648,23.271,20.345,-3276800,-100,-0.029851,-2.926,67.238,60.675,-6.562,3.956068,3.957673,0.001605,,seo-compute-01,,0
300000000,fineweb,2027,4.30,full,role_depth_v2,1,1,3350,3350,109772800,109772800,73.568,73.627,23.271,26.125,0,0,0.000000,2.854,67.238,75.354,8.117,3.956068,3.955463,-0.000604,,damle-compute-01,,1
300000000,fineweb,2027,4.30,full,role_depth_v3,1,1,3350,3250,109772800,106496000,73.568,73.576,23.271,25.641,-3276800,-100,-0.029851,2.371,67.238,75.692,8.454,3.956068,3.962711,0.006644,,nikola-compute-18,,0
300000000,fineweb,2027,4.30,full,role_depth_v4,1,1,3350,3250,109772800,106496000,73.568,73.561,23.271,24.696,-3276800,-100,-0.029851,1.426,67.238,73.556,6.318,3.956068,3.956404,0.000337,,damle-compute-01,,0
300000000,fineweb,2027,4.30,full,role_depth_v5,1,1,3350,3300,109772800,108134400,73.568,73.637,23.271,26.845,-1638400,-50,-0.014925,3.575,67.238,77.904,10.666,3.956068,3.953007,-0.003060,,nikola-compute-18,,1
300000000,fineweb,2027,4.30,full,role_depth_v6,1,1,3350,3250,109772800,106496000,73.568,73.322,23.271,28.187,-3276800,-100,-0.029851,4.916,67.238,82.926,15.688,3.956068,3.958710,0.002642,,nikola-compute-18,,0
300000000,fineweb,2027,4.30,no_role_depth,full,1,1,3250,3350,106496000,109772800,73.648,73.568,20.345,23.271,3276800,100,0.030769,2.926,60.675,67.238,6.562,3.957673,3.956068,-0.001605,seo-compute-01,,0,
300000000,fineweb,2027,4.30,no_role_depth,role_depth_v2,1,1,3250,3350,106496000,109772800,73.648,73.627,20.345,26.125,3276800,100,0.030769,5.780,60.675,75.354,14.679,3.957673,3.955463,-0.002210,seo-compute-01,damle-compute-01,0,1
300000000,fineweb,2027,4.30,no_role_depth,role_depth_v3,1,1,3250,3250,106496000,106496000,73.648,73.576,20.345,25.641,0,0,0.000000,5.296,60.675,75.692,15.017,3.957673,3.962711,0.005038,seo-compute-01,nikola-compute-18,0,0
300000000,fineweb,2027,4.30,no_role_depth,role_depth_v4,1,1,3250,3250,106496000,106496000,73.648,73.561,20.345,24.696,0,0,0.000000,4.352,60.675,73.556,12.880,3.957673,3.956404,-0.001269,seo-compute-01,damle-compute-01,0,0
300000000,fineweb,2027,4.30,no_role_depth,role_depth_v5,1,1,3250,3300,106496000,108134400,73.648,73.637,20.345,26.845,1638400,50,0.015385,6.500,60.675,77.904,17.229,3.957673,3.953007,-0.004665,seo-compute-01,nikola-compute-18,0,1
300000000,fineweb,2027,4.30,no_role_depth,role_depth_v6,1,1,3250,3250,106496000,106496000,73.648,73.322,20.345,28.187,0,0,0.000000,7.842,60.675,82.926,22.250,3.957673,3.958710,0.001037,seo-compute-01,nikola-compute-18,0,0
300000000,fineweb,2027,4.20,full,no_role_depth,1,1,4250,4250,139264000,139264000,66.643,66.360,29.522,26.605,0,0,0.000000,-2.918,67.238,60.675,-6.562,3.956068,3.957673,0.001605,,seo-compute-01,,0
300000000,fineweb,2027,4.20,full,role_depth_v2,1,1,4250,4300,139264000,140902400,66.643,66.622,29.522,33.534,1638400,50,0.011765,4.011,67.238,75.354,8.117,3.956068,3.955463,-0.000604,,damle-compute-01,,1
300000000,fineweb,2027,4.20,full,role_depth_v3,1,1,4250,4250,139264000,139264000,66.643,66.505,29.522,33.531,0,0,0.000000,4.009,67.238,75.692,8.454,3.956068,3.962711,0.006644,,nikola-compute-18,,0
300000000,fineweb,2027,4.20,full,role_depth_v4,1,1,4250,4250,139264000,139264000,66.643,66.325,29.522,32.295,0,0,0.000000,2.773,67.238,73.556,6.318,3.956068,3.956404,0.000337,,damle-compute-01,,0
300000000,fineweb,2027,4.20,full,role_depth_v5,1,1,4250,4250,139264000,139264000,66.643,66.545,29.522,34.574,0,0,0.000000,5.051,67.238,77.904,10.666,3.956068,3.953007,-0.003060,,nikola-compute-18,,1
300000000,fineweb,2027,4.20,full,role_depth_v6,1,1,4250,4200,139264000,137625600,66.643,66.645,29.522,36.426,-1638400,-50,-0.011765,6.904,67.238,82.926,15.688,3.956068,3.958710,0.002642,,nikola-compute-18,,0
300000000,fineweb,2027,4.20,no_role_depth,full,1,1,4250,4250,139264000,139264000,66.360,66.643,26.605,29.522,0,0,0.000000,2.918,60.675,67.238,6.562,3.957673,3.956068,-0.001605,seo-compute-01,,0,
300000000,fineweb,2027,4.20,no_role_depth,role_depth_v2,1,1,4250,4300,139264000,140902400,66.360,66.622,26.605,33.534,1638400,50,0.011765,6.929,60.675,75.354,14.679,3.957673,3.955463,-0.002210,seo-compute-01,damle-compute-01,0,1
300000000,fineweb,2027,4.20,no_role_depth,role_depth_v3,1,1,4250,4250,139264000,139264000,66.360,66.505,26.605,33.531,0,0,0.000000,6.926,60.675,75.692,15.017,3.957673,3.962711,0.005038,seo-compute-01,nikola-compute-18,0,0
300000000,fineweb,2027,4.20,no_role_depth,role_depth_v4,1,1,4250,4250,139264000,139264000,66.360,66.325,26.605,32.295,0,0,0.000000,5.690,60.675,73.556,12.880,3.957673,3.956404,-0.001269,seo-compute-01,damle-compute-01,0,0
300000000,fineweb,2027,4.20,no_role_depth,role_depth_v5,1,1,4250,4250,139264000,139264000,66.360,66.545,26.605,34.574,0,0,0.000000,7.969,60.675,77.904,17.229,3.957673,3.953007,-0.004665,seo-compute-01,nikola-compute-18,0,1
300000000,fineweb,2027,4.20,no_role_depth,role_depth_v6,1,1,4250,4200,139264000,137625600,66.360,66.645,26.605,36.426,-1638400,-50,-0.011765,9.821,60.675,82.926,22.250,3.957673,3.958710,0.001037,seo-compute-01,nikola-compute-18,0,0
300000000,fineweb,2027,4.10,full,no_role_depth,1,1,5550,5500,181862400,180224000,60.236,60.159,38.553,34.430,-1638400,-50,-0.009009,-4.123,67.238,60.675,-6.562,3.956068,3.957673,0.001605,,seo-compute-01,,0
300000000,fineweb,2027,4.10,full,role_depth_v2,1,1,5550,5600,181862400,183500800,60.236,60.094,38.553,43.672,1638400,50,0.009009,5.119,67.238,75.354,8.117,3.956068,3.955463,-0.000604,,damle-compute-01,,1
300000000,fineweb,2027,4.10,full,role_depth_v3,1,1,5550,5550,181862400,181862400,60.236,60.255,38.553,43.787,0,0,0.000000,5.235,67.238,75.692,8.454,3.956068,3.962711,0.006644,,nikola-compute-18,,0
300000000,fineweb,2027,4.10,full,role_depth_v4,1,1,5550,5500,181862400,180224000,60.236,60.244,38.553,41.794,-1638400,-50,-0.009009,3.241,67.238,73.556,6.318,3.956068,3.956404,0.000337,,damle-compute-01,,0
300000000,fineweb,2027,4.10,full,role_depth_v5,1,1,5550,5500,181862400,180224000,60.236,60.244,38.553,44.742,-1638400,-50,-0.009009,6.189,67.238,77.904,10.666,3.956068,3.953007,-0.003060,,nikola-compute-18,,1
300000000,fineweb,2027,4.10,full,role_depth_v6,1,1,5550,5500,181862400,180224000,60.236,60.004,38.553,47.701,-1638400,-50,-0.009009,9.148,67.238,82.926,15.688,3.956068,3.958710,0.002642,,nikola-compute-18,,0
300000000,fineweb,2027,4.10,no_role_depth,full,1,1,5500,5550,180224000,181862400,60.159,60.236,34.430,38.553,1638400,50,0.009091,4.123,60.675,67.238,6.562,3.957673,3.956068,-0.001605,seo-compute-01,,0,
300000000,fineweb,2027,4.10,no_role_depth,role_depth_v2,1,1,5500,5600,180224000,183500800,60.159,60.094,34.430,43.672,3276800,100,0.018182,9.242,60.675,75.354,14.679,3.957673,3.955463,-0.002210,seo-compute-01,damle-compute-01,0,1
300000000,fineweb,2027,4.10,no_role_depth,role_depth_v3,1,1,5500,5550,180224000,181862400,60.159,60.255,34.430,43.787,1638400,50,0.009091,9.358,60.675,75.692,15.017,3.957673,3.962711,0.005038,seo-compute-01,nikola-compute-18,0,0
300000000,fineweb,2027,4.10,no_role_depth,role_depth_v4,1,1,5500,5500,180224000,180224000,60.159,60.244,34.430,41.794,0,0,0.000000,7.364,60.675,73.556,12.880,3.957673,3.956404,-0.001269,seo-compute-01,damle-compute-01,0,0
300000000,fineweb,2027,4.10,no_role_depth,role_depth_v5,1,1,5500,5500,180224000,180224000,60.159,60.244,34.430,44.742,0,0,0.000000,10.312,60.675,77.904,17.229,3.957673,3.953007,-0.004665,seo-compute-01,nikola-compute-18,0,1
300000000,fineweb,2027,4.10,no_role_depth,role_depth_v6,1,1,5500,5500,180224000,180224000,60.159,60.004,34.430,47.701,0,0,0.000000,13.271,60.675,82.926,22.250,3.957673,3.958710,0.001037,seo-compute-01,nikola-compute-18,0,0
300000000,fineweb,2027,4.05,full,no_role_depth,1,1,6350,6350,208076800,208076800,57.370,57.282,44.110,39.751,0,0,0.000000,-4.359,67.238,60.675,-6.562,3.956068,3.957673,0.001605,,seo-compute-01,,0
300000000,fineweb,2027,4.05,full,role_depth_v2,1,1,6350,6400,208076800,209715200,57.370,57.297,44.110,49.911,1638400,50,0.007874,5.801,67.238,75.354,8.117,3.956068,3.955463,-0.000604,,damle-compute-01,,1
300000000,fineweb,2027,4.05,full,role_depth_v3,1,1,6350,6450,208076800,211353600,57.370,57.264,44.110,50.888,3276800,100,0.015748,6.778,67.238,75.692,8.454,3.956068,3.962711,0.006644,,nikola-compute-18,,0
300000000,fineweb,2027,4.05,full,role_depth_v4,1,1,6350,6350,208076800,208076800,57.370,57.244,44.110,48.253,0,0,0.000000,4.143,67.238,73.556,6.318,3.956068,3.956404,0.000337,,damle-compute-01,,0
300000000,fineweb,2027,4.05,full,role_depth_v5,1,1,6350,6350,208076800,208076800,57.370,57.235,44.110,51.657,0,0,0.000000,7.547,67.238,77.904,10.666,3.956068,3.953007,-0.003060,,nikola-compute-18,,1
300000000,fineweb,2027,4.05,full,role_depth_v6,1,1,6350,6350,208076800,208076800,57.370,57.216,44.110,55.073,0,0,0.000000,10.963,67.238,82.926,15.688,3.956068,3.958710,0.002642,,nikola-compute-18,,0
300000000,fineweb,2027,4.05,no_role_depth,full,1,1,6350,6350,208076800,208076800,57.282,57.370,39.751,44.110,0,0,0.000000,4.359,60.675,67.238,6.562,3.957673,3.956068,-0.001605,seo-compute-01,,0,
300000000,fineweb,2027,4.05,no_role_depth,role_depth_v2,1,1,6350,6400,208076800,209715200,57.282,57.297,39.751,49.911,1638400,50,0.007874,10.160,60.675,75.354,14.679,3.957673,3.955463,-0.002210,seo-compute-01,damle-compute-01,0,1
300000000,fineweb,2027,4.05,no_role_depth,role_depth_v3,1,1,6350,6450,208076800,211353600,57.282,57.264,39.751,50.888,3276800,100,0.015748,11.137,60.675,75.692,15.017,3.957673,3.962711,0.005038,seo-compute-01,nikola-compute-18,0,0
300000000,fineweb,2027,4.05,no_role_depth,role_depth_v4,1,1,6350,6350,208076800,208076800,57.282,57.244,39.751,48.253,0,0,0.000000,8.502,60.675,73.556,12.880,3.957673,3.956404,-0.001269,seo-compute-01,damle-compute-01,0,0
300000000,fineweb,2027,4.05,no_role_depth,role_depth_v5,1,1,6350,6350,208076800,208076800,57.282,57.235,39.751,51.657,0,0,0.000000,11.906,60.675,77.904,17.229,3.957673,3.953007,-0.004665,seo-compute-01,nikola-compute-18,0,1
300000000,fineweb,2027,4.05,no_role_depth,role_depth_v6,1,1,6350,6350,208076800,208076800,57.282,57.216,39.751,55.073,0,0,0.000000,15.322,60.675,82.926,22.250,3.957673,3.958710,0.001037,seo-compute-01,nikola-compute-18,0,0
300000000,fineweb,2027,4.00,full,no_role_depth,1,1,7450,7450,244121600,244121600,54.485,54.514,51.751,46.637,0,0,0.000000,-5.114,67.238,60.675,-6.562,3.956068,3.957673,0.001605,,seo-compute-01,,0
300000000,fineweb,2027,4.00,full,role_depth_v2,1,1,7450,7500,244121600,245760000,54.485,54.494,51.751,58.489,1638400,50,0.006711,6.738,67.238,75.354,8.117,3.956068,3.955463,-0.000604,,damle-compute-01,,1
300000000,fineweb,2027,4.00,full,role_depth_v3,1,1,7450,7600,244121600,249036800,54.485,54.538,51.751,59.961,4915200,150,0.020134,8.210,67.238,75.692,8.454,3.956068,3.962711,0.006644,,nikola-compute-18,,0
300000000,fineweb,2027,4.00,full,role_depth_v4,1,1,7450,7450,244121600,244121600,54.485,54.539,51.751,56.612,0,0,0.000000,4.861,67.238,73.556,6.318,3.956068,3.956404,0.000337,,damle-compute-01,,0
300000000,fineweb,2027,4.00,full,role_depth_v5,1,1,7450,7400,244121600,242483200,54.485,54.515,51.751,60.199,-1638400,-50,-0.006711,8.448,67.238,77.904,10.666,3.956068,3.953007,-0.003060,,nikola-compute-18,,1
300000000,fineweb,2027,4.00,full,role_depth_v6,1,1,7450,7450,244121600,244121600,54.485,54.505,51.751,64.613,0,0,0.000000,12.862,67.238,82.926,15.688,3.956068,3.958710,0.002642,,nikola-compute-18,,0
300000000,fineweb,2027,4.00,no_role_depth,full,1,1,7450,7450,244121600,244121600,54.514,54.485,46.637,51.751,0,0,0.000000,5.114,60.675,67.238,6.562,3.957673,3.956068,-0.001605,seo-compute-01,,0,
300000000,fineweb,2027,4.00,no_role_depth,role_depth_v2,1,1,7450,7500,244121600,245760000,54.514,54.494,46.637,58.489,1638400,50,0.006711,11.852,60.675,75.354,14.679,3.957673,3.955463,-0.002210,seo-compute-01,damle-compute-01,0,1
300000000,fineweb,2027,4.00,no_role_depth,role_depth_v3,1,1,7450,7600,244121600,249036800,54.514,54.538,46.637,59.961,4915200,150,0.020134,13.324,60.675,75.692,15.017,3.957673,3.962711,0.005038,seo-compute-01,nikola-compute-18,0,0
300000000,fineweb,2027,4.00,no_role_depth,role_depth_v4,1,1,7450,7450,244121600,244121600,54.514,54.539,46.637,56.612,0,0,0.000000,9.975,60.675,73.556,12.880,3.957673,3.956404,-0.001269,seo-compute-01,damle-compute-01,0,0
300000000,fineweb,2027,4.00,no_role_depth,role_depth_v5,1,1,7450,7400,244121600,242483200,54.514,54.515,46.637,60.199,-1638400,-50,-0.006711,13.562,60.675,77.904,17.229,3.957673,3.953007,-0.004665,seo-compute-01,nikola-compute-18,0,1
300000000,fineweb,2027,4.00,no_role_depth,role_depth_v6,1,1,7450,7450,244121600,244121600,54.514,54.505,46.637,64.613,0,0,0.000000,17.976,60.675,82.926,22.250,3.957673,3.958710,0.001037,seo-compute-01,nikola-compute-18,0,0
300000000,fineweb,3407,4.40,full,no_role_depth,1,1,2550,2550,83558400,83558400,81.193,81.449,16.450,16.519,0,0,0.000000,0.069,62.507,62.757,0.249,3.959455,3.959790,0.000335,,zabih-compute-01,,0
300000000,fineweb,3407,4.40,full,role_depth_v2,1,1,2550,2550,83558400,83558400,81.193,81.222,16.450,19.837,0,0,0.000000,3.387,62.507,74.916,12.408,3.959455,3.955012,-0.004443,,badfellow,,0
300000000,fineweb,3407,4.40,full,role_depth_v3,1,1,2550,2600,83558400,85196800,81.193,80.711,16.450,19.270,1638400,50,0.019608,2.821,62.507,71.518,9.010,3.959455,3.966300,0.006845,,damle-compute-01,,0
300000000,fineweb,3407,4.40,full,role_depth_v4,1,1,2550,2600,83558400,85196800,81.193,81.025,16.450,21.057,1638400,50,0.019608,4.607,62.507,77.549,15.041,3.959455,3.959795,0.000340,,nikola-compute-18,,0
300000000,fineweb,3407,4.40,full,role_depth_v5,1,1,2550,2600,83558400,85196800,81.193,81.081,16.450,19.236,1638400,50,0.019608,2.787,62.507,71.376,8.869,3.959455,3.956025,-0.003430,,rush-compute-02,,0
300000000,fineweb,3407,4.40,full,role_depth_v6,1,1,2550,2600,83558400,85196800,81.193,80.657,16.450,19.529,1638400,50,0.019608,3.080,62.507,72.270,9.763,3.959455,3.959674,0.000219,,rush-compute-02,,0
300000000,fineweb,3407,4.40,no_role_depth,full,1,1,2550,2550,83558400,83558400,81.449,81.193,16.519,16.450,0,0,0.000000,-0.069,62.757,62.507,-0.249,3.959790,3.959455,-0.000335,zabih-compute-01,,0,
300000000,fineweb,3407,4.40,no_role_depth,role_depth_v2,1,1,2550,2550,83558400,83558400,81.449,81.222,16.519,19.837,0,0,0.000000,3.318,62.757,74.916,12.159,3.959790,3.955012,-0.004778,zabih-compute-01,badfellow,0,0
300000000,fineweb,3407,4.40,no_role_depth,role_depth_v3,1,1,2550,2600,83558400,85196800,81.449,80.711,16.519,19.270,1638400,50,0.019608,2.751,62.757,71.518,8.761,3.959790,3.966300,0.006510,zabih-compute-01,damle-compute-01,0,0
300000000,fineweb,3407,4.40,no_role_depth,role_depth_v4,1,1,2550,2600,83558400,85196800,81.449,81.025,16.519,21.057,1638400,50,0.019608,4.538,62.757,77.549,14.792,3.959790,3.959795,0.000005,zabih-compute-01,nikola-compute-18,0,0
300000000,fineweb,3407,4.40,no_role_depth,role_depth_v5,1,1,2550,2600,83558400,85196800,81.449,81.081,16.519,19.236,1638400,50,0.019608,2.718,62.757,71.376,8.620,3.959790,3.956025,-0.003765,zabih-compute-01,rush-compute-02,0,0
300000000,fineweb,3407,4.40,no_role_depth,role_depth_v6,1,1,2550,2600,83558400,85196800,81.449,80.657,16.519,19.529,1638400,50,0.019608,3.010,62.757,72.270,9.513,3.959790,3.959674,-0.000116,zabih-compute-01,rush-compute-02,0,0
300000000,fineweb,3407,4.30,full,no_role_depth,1,1,3350,3250,109772800,106496000,73.455,73.622,21.610,21.054,-3276800,-100,-0.029851,-0.557,62.507,62.757,0.249,3.959455,3.959790,0.000335,,zabih-compute-01,,0
300000000,fineweb,3407,4.30,full,role_depth_v2,1,1,3350,3350,109772800,109772800,73.455,73.610,21.610,26.060,0,0,0.000000,4.450,62.507,74.916,12.408,3.959455,3.955012,-0.004443,,badfellow,,0
300000000,fineweb,3407,4.30,full,role_depth_v3,1,1,3350,3300,109772800,108134400,73.455,73.346,21.610,24.458,-1638400,-50,-0.014925,2.848,62.507,71.518,9.010,3.959455,3.966300,0.006845,,damle-compute-01,,0
300000000,fineweb,3407,4.30,full,role_depth_v4,1,1,3350,3300,109772800,108134400,73.455,73.405,21.610,26.726,-1638400,-50,-0.014925,5.116,62.507,77.549,15.041,3.959455,3.959795,0.000340,,nikola-compute-18,,0
300000000,fineweb,3407,4.30,full,role_depth_v5,1,1,3350,3300,109772800,108134400,73.455,73.467,21.610,24.416,-1638400,-50,-0.014925,2.805,62.507,71.376,8.869,3.959455,3.956025,-0.003430,,rush-compute-02,,0
300000000,fineweb,3407,4.30,full,role_depth_v6,1,1,3350,3250,109772800,106496000,73.455,73.369,21.610,24.412,-3276800,-100,-0.029851,2.801,62.507,72.270,9.763,3.959455,3.959674,0.000219,,rush-compute-02,,0
300000000,fineweb,3407,4.30,no_role_depth,full,1,1,3250,3350,106496000,109772800,73.622,73.455,21.054,21.610,3276800,100,0.030769,0.557,62.757,62.507,-0.249,3.959790,3.959455,-0.000335,zabih-compute-01,,0,
300000000,fineweb,3407,4.30,no_role_depth,role_depth_v2,1,1,3250,3350,106496000,109772800,73.622,73.610,21.054,26.060,3276800,100,0.030769,5.007,62.757,74.916,12.159,3.959790,3.955012,-0.004778,zabih-compute-01,badfellow,0,0
300000000,fineweb,3407,4.30,no_role_depth,role_depth_v3,1,1,3250,3300,106496000,108134400,73.622,73.346,21.054,24.458,1638400,50,0.015385,3.405,62.757,71.518,8.761,3.959790,3.966300,0.006510,zabih-compute-01,damle-compute-01,0,0
300000000,fineweb,3407,4.30,no_role_depth,role_depth_v4,1,1,3250,3300,106496000,108134400,73.622,73.405,21.054,26.726,1638400,50,0.015385,5.672,62.757,77.549,14.792,3.959790,3.959795,0.000005,zabih-compute-01,nikola-compute-18,0,0
300000000,fineweb,3407,4.30,no_role_depth,role_depth_v5,1,1,3250,3300,106496000,108134400,73.622,73.467,21.054,24.416,1638400,50,0.015385,3.362,62.757,71.376,8.620,3.959790,3.956025,-0.003765,zabih-compute-01,rush-compute-02,0,0
300000000,fineweb,3407,4.30,no_role_depth,role_depth_v6,1,1,3250,3250,106496000,106496000,73.622,73.369,21.054,24.412,0,0,0.000000,3.358,62.757,72.270,9.513,3.959790,3.959674,-0.000116,zabih-compute-01,rush-compute-02,0,0
300000000,fineweb,3407,4.20,full,no_role_depth,1,1,4350,4250,142540800,139264000,66.567,66.521,28.061,27.532,-3276800,-100,-0.022989,-0.530,62.507,62.757,0.249,3.959455,3.959790,0.000335,,zabih-compute-01,,0
300000000,fineweb,3407,4.20,full,role_depth_v2,1,1,4350,4300,142540800,140902400,66.567,66.622,28.061,33.451,-1638400,-50,-0.011494,5.390,62.507,74.916,12.408,3.959455,3.955012,-0.004443,,badfellow,,0
300000000,fineweb,3407,4.20,full,role_depth_v3,1,1,4350,4300,142540800,140902400,66.567,66.592,28.061,31.870,-1638400,-50,-0.011494,3.809,62.507,71.518,9.010,3.959455,3.966300,0.006845,,damle-compute-01,,0
300000000,fineweb,3407,4.20,full,role_depth_v4,1,1,4350,4250,142540800,139264000,66.567,66.609,28.061,34.420,-3276800,-100,-0.022989,6.359,62.507,77.549,15.041,3.959455,3.959795,0.000340,,nikola-compute-18,,0
300000000,fineweb,3407,4.20,full,role_depth_v5,1,1,4350,4250,142540800,139264000,66.567,66.633,28.061,31.444,-3276800,-100,-0.022989,3.383,62.507,71.376,8.869,3.959455,3.956025,-0.003430,,rush-compute-02,,0
300000000,fineweb,3407,4.20,full,role_depth_v6,1,1,4350,4200,142540800,137625600,66.567,66.465,28.061,31.547,-4915200,-150,-0.034483,3.486,62.507,72.270,9.763,3.959455,3.959674,0.000219,,rush-compute-02,,0
300000000,fineweb,3407,4.20,no_role_depth,full,1,1,4250,4350,139264000,142540800,66.521,66.567,27.532,28.061,3276800,100,0.023529,0.530,62.757,62.507,-0.249,3.959790,3.959455,-0.000335,zabih-compute-01,,0,
300000000,fineweb,3407,4.20,no_role_depth,role_depth_v2,1,1,4250,4300,139264000,140902400,66.521,66.622,27.532,33.451,1638400,50,0.011765,5.919,62.757,74.916,12.159,3.959790,3.955012,-0.004778,zabih-compute-01,badfellow,0,0
300000000,fineweb,3407,4.20,no_role_depth,role_depth_v3,1,1,4250,4300,139264000,140902400,66.521,66.592,27.532,31.870,1638400,50,0.011765,4.338,62.757,71.518,8.761,3.959790,3.966300,0.006510,zabih-compute-01,damle-compute-01,0,0
300000000,fineweb,3407,4.20,no_role_depth,role_depth_v4,1,1,4250,4250,139264000,139264000,66.521,66.609,27.532,34.420,0,0,0.000000,6.888,62.757,77.549,14.792,3.959790,3.959795,0.000005,zabih-compute-01,nikola-compute-18,0,0
300000000,fineweb,3407,4.20,no_role_depth,role_depth_v5,1,1,4250,4250,139264000,139264000,66.521,66.633,27.532,31.444,0,0,0.000000,3.913,62.757,71.376,8.620,3.959790,3.956025,-0.003765,zabih-compute-01,rush-compute-02,0,0
300000000,fineweb,3407,4.20,no_role_depth,role_depth_v6,1,1,4250,4200,139264000,137625600,66.521,66.465,27.532,31.547,-1638400,-50,-0.011765,4.016,62.757,72.270,9.513,3.959790,3.959674,-0.000116,zabih-compute-01,rush-compute-02,0,0
300000000,fineweb,3407,4.10,full,no_role_depth,1,1,5650,5500,185139200,180224000,60.176,60.323,36.447,35.629,-4915200,-150,-0.026549,-0.818,62.507,62.757,0.249,3.959455,3.959790,0.000335,,zabih-compute-01,,0
300000000,fineweb,3407,4.10,full,role_depth_v2,1,1,5650,5600,185139200,183500800,60.176,60.270,36.447,43.564,-1638400,-50,-0.008850,7.116,62.507,74.916,12.408,3.959455,3.955012,-0.004443,,badfellow,,0
300000000,fineweb,3407,4.10,full,role_depth_v3,1,1,5650,5600,185139200,183500800,60.176,60.325,36.447,41.505,-1638400,-50,-0.008850,5.058,62.507,71.518,9.010,3.959455,3.966300,0.006845,,damle-compute-01,,0
300000000,fineweb,3407,4.10,full,role_depth_v4,1,1,5650,5550,185139200,181862400,60.176,60.218,36.447,44.948,-3276800,-100,-0.017699,8.501,62.507,77.549,15.041,3.959455,3.959795,0.000340,,nikola-compute-18,,0
300000000,fineweb,3407,4.10,full,role_depth_v5,1,1,5650,5550,185139200,181862400,60.176,60.193,36.447,41.062,-3276800,-100,-0.017699,4.615,62.507,71.376,8.869,3.959455,3.956025,-0.003430,,rush-compute-02,,0
300000000,fineweb,3407,4.10,full,role_depth_v6,1,1,5650,5500,185139200,180224000,60.176,60.213,36.447,41.312,-4915200,-150,-0.026549,4.865,62.507,72.270,9.763,3.959455,3.959674,0.000219,,rush-compute-02,,0
300000000,fineweb,3407,4.10,no_role_depth,full,1,1,5500,5650,180224000,185139200,60.323,60.176,35.629,36.447,4915200,150,0.027273,0.818,62.757,62.507,-0.249,3.959790,3.959455,-0.000335,zabih-compute-01,,0,
300000000,fineweb,3407,4.10,no_role_depth,role_depth_v2,1,1,5500,5600,180224000,183500800,60.323,60.270,35.629,43.564,3276800,100,0.018182,7.935,62.757,74.916,12.159,3.959790,3.955012,-0.004778,zabih-compute-01,badfellow,0,0
300000000,fineweb,3407,4.10,no_role_depth,role_depth_v3,1,1,5500,5600,180224000,183500800,60.323,60.325,35.629,41.505,3276800,100,0.018182,5.876,62.757,71.518,8.761,3.959790,3.966300,0.006510,zabih-compute-01,damle-compute-01,0,0
300000000,fineweb,3407,4.10,no_role_depth,role_depth_v4,1,1,5500,5550,180224000,181862400,60.323,60.218,35.629,44.948,1638400,50,0.009091,9.319,62.757,77.549,14.792,3.959790,3.959795,0.000005,zabih-compute-01,nikola-compute-18,0,0
300000000,fineweb,3407,4.10,no_role_depth,role_depth_v5,1,1,5500,5550,180224000,181862400,60.323,60.193,35.629,41.062,1638400,50,0.009091,5.433,62.757,71.376,8.620,3.959790,3.956025,-0.003765,zabih-compute-01,rush-compute-02,0,0
300000000,fineweb,3407,4.10,no_role_depth,role_depth_v6,1,1,5500,5500,180224000,180224000,60.323,60.213,35.629,41.312,0,0,0.000000,5.683,62.757,72.270,9.513,3.959790,3.959674,-0.000116,zabih-compute-01,rush-compute-02,0,0
300000000,fineweb,3407,4.05,full,no_role_depth,1,1,6450,6400,211353600,209715200,57.263,57.199,41.608,41.459,-1638400,-50,-0.007752,-0.149,62.507,62.757,0.249,3.959455,3.959790,0.000335,,zabih-compute-01,,0
300000000,fineweb,3407,4.05,full,role_depth_v2,1,1,6450,6400,211353600,209715200,57.263,57.233,41.608,49.787,-1638400,-50,-0.007752,8.179,62.507,74.916,12.408,3.959455,3.955012,-0.004443,,badfellow,,0
300000000,fineweb,3407,4.05,full,role_depth_v3,1,1,6450,6450,211353600,211353600,57.263,57.377,41.608,47.805,0,0,0.000000,6.197,62.507,71.518,9.010,3.959455,3.966300,0.006845,,damle-compute-01,,0
300000000,fineweb,3407,4.05,full,role_depth_v4,1,1,6450,6350,211353600,208076800,57.263,57.350,41.608,51.427,-3276800,-100,-0.015504,9.819,62.507,77.549,15.041,3.959455,3.959795,0.000340,,nikola-compute-18,,0
300000000,fineweb,3407,4.05,full,role_depth_v5,1,1,6450,6350,211353600,208076800,57.263,57.360,41.608,46.981,-3276800,-100,-0.015504,5.373,62.507,71.376,8.869,3.959455,3.956025,-0.003430,,rush-compute-02,,0
300000000,fineweb,3407,4.05,full,role_depth_v6,1,1,6450,6350,211353600,208076800,57.263,57.330,41.608,47.697,-3276800,-100,-0.015504,6.089,62.507,72.270,9.763,3.959455,3.959674,0.000219,,rush-compute-02,,0
300000000,fineweb,3407,4.05,no_role_depth,full,1,1,6400,6450,209715200,211353600,57.199,57.263,41.459,41.608,1638400,50,0.007812,0.149,62.757,62.507,-0.249,3.959790,3.959455,-0.000335,zabih-compute-01,,0,
300000000,fineweb,3407,4.05,no_role_depth,role_depth_v2,1,1,6400,6400,209715200,209715200,57.199,57.233,41.459,49.787,0,0,0.000000,8.328,62.757,74.916,12.159,3.959790,3.955012,-0.004778,zabih-compute-01,badfellow,0,0
300000000,fineweb,3407,4.05,no_role_depth,role_depth_v3,1,1,6400,6450,209715200,211353600,57.199,57.377,41.459,47.805,1638400,50,0.007812,6.346,62.757,71.518,8.761,3.959790,3.966300,0.006510,zabih-compute-01,damle-compute-01,0,0
300000000,fineweb,3407,4.05,no_role_depth,role_depth_v4,1,1,6400,6350,209715200,208076800,57.199,57.350,41.459,51.427,-1638400,-50,-0.007812,9.968,62.757,77.549,14.792,3.959790,3.959795,0.000005,zabih-compute-01,nikola-compute-18,0,0
300000000,fineweb,3407,4.05,no_role_depth,role_depth_v5,1,1,6400,6350,209715200,208076800,57.199,57.360,41.459,46.981,-1638400,-50,-0.007812,5.522,62.757,71.376,8.620,3.959790,3.956025,-0.003765,zabih-compute-01,rush-compute-02,0,0
300000000,fineweb,3407,4.05,no_role_depth,role_depth_v6,1,1,6400,6350,209715200,208076800,57.199,57.330,41.459,47.697,-1638400,-50,-0.007812,6.238,62.757,72.270,9.513,3.959790,3.959674,-0.000116,zabih-compute-01,rush-compute-02,0,0
300000000,fineweb,3407,4.00,full,no_role_depth,1,1,7500,7500,245760000,245760000,54.581,54.535,48.381,48.585,0,0,0.000000,0.204,62.507,62.757,0.249,3.959455,3.959790,0.000335,,zabih-compute-01,,0
300000000,fineweb,3407,4.00,full,role_depth_v2,1,1,7500,7450,245760000,244121600,54.581,54.477,48.381,57.955,-1638400,-50,-0.006667,9.574,62.507,74.916,12.408,3.959455,3.955012,-0.004443,,badfellow,,0
300000000,fineweb,3407,4.00,full,role_depth_v3,1,1,7500,7650,245760000,250675200,54.581,54.544,48.381,56.699,4915200,150,0.020000,8.317,62.507,71.518,9.010,3.959455,3.966300,0.006845,,damle-compute-01,,0
300000000,fineweb,3407,4.00,full,role_depth_v4,1,1,7500,7450,245760000,244121600,54.581,54.582,48.381,60.336,-1638400,-50,-0.006667,11.955,62.507,77.549,15.041,3.959455,3.959795,0.000340,,nikola-compute-18,,0
300000000,fineweb,3407,4.00,full,role_depth_v5,1,1,7500,7400,245760000,242483200,54.581,54.524,48.381,54.750,-3276800,-100,-0.013333,6.369,62.507,71.376,8.869,3.959455,3.956025,-0.003430,,rush-compute-02,,0
300000000,fineweb,3407,4.00,full,role_depth_v6,1,1,7500,7450,245760000,244121600,54.581,54.512,48.381,55.959,-1638400,-50,-0.006667,7.578,62.507,72.270,9.763,3.959455,3.959674,0.000219,,rush-compute-02,,0
300000000,fineweb,3407,4.00,no_role_depth,full,1,1,7500,7500,245760000,245760000,54.535,54.581,48.585,48.381,0,0,0.000000,-0.204,62.757,62.507,-0.249,3.959790,3.959455,-0.000335,zabih-compute-01,,0,
300000000,fineweb,3407,4.00,no_role_depth,role_depth_v2,1,1,7500,7450,245760000,244121600,54.535,54.477,48.585,57.955,-1638400,-50,-0.006667,9.370,62.757,74.916,12.159,3.959790,3.955012,-0.004778,zabih-compute-01,badfellow,0,0
300000000,fineweb,3407,4.00,no_role_depth,role_depth_v3,1,1,7500,7650,245760000,250675200,54.535,54.544,48.585,56.699,4915200,150,0.020000,8.114,62.757,71.518,8.761,3.959790,3.966300,0.006510,zabih-compute-01,damle-compute-01,0,0
300000000,fineweb,3407,4.00,no_role_depth,role_depth_v4,1,1,7500,7450,245760000,244121600,54.535,54.582,48.585,60.336,-1638400,-50,-0.006667,11.751,62.757,77.549,14.792,3.959790,3.959795,0.000005,zabih-compute-01,nikola-compute-18,0,0
300000000,fineweb,3407,4.00,no_role_depth,role_depth_v5,1,1,7500,7400,245760000,242483200,54.535,54.524,48.585,54.750,-3276800,-100,-0.013333,6.165,62.757,71.376,8.620,3.959790,3.956025,-0.003765,zabih-compute-01,rush-compute-02,0,0
300000000,fineweb,3407,4.00,no_role_depth,role_depth_v6,1,1,7500,7450,245760000,244121600,54.535,54.512,48.585,55.959,-1638400,-50,-0.006667,7.374,62.757,72.270,9.513,3.959790,3.959674,-0.000116,zabih-compute-01,rush-compute-02,0,0
300000000,dolma_sample,1337,4.20,full,no_role_depth,1,1,2900,2800,95027200,91750400,66.391,66.431,20.382,18.580,-3276800,-100,-0.034483,-1.802,68.176,64.234,-3.942,3.811364,3.813376,0.002012,,seo-compute-01,,0
300000000,dolma_sample,1337,4.20,full,role_depth_v2,1,1,2900,2900,95027200,95027200,66.391,66.371,20.382,18.628,0,0,0.000000,-1.753,68.176,62.220,-5.956,3.811364,3.807139,-0.004225,,elor-compute-01,,2
300000000,dolma_sample,1337,4.20,full,role_depth_v3,1,1,2900,2800,95027200,91750400,66.391,66.597,20.382,21.008,-3276800,-100,-0.034483,0.626,68.176,72.379,4.203,3.811364,3.815201,0.003837,,badfellow,,0
300000000,dolma_sample,1337,4.20,full,role_depth_v4,1,1,2900,2850,95027200,93388800,66.391,66.409,20.382,22.360,-1638400,-50,-0.017241,1.978,68.176,75.421,7.245,3.811364,3.809066,-0.002298,,badfellow,,0
300000000,dolma_sample,1337,4.20,full,role_depth_v5,1,1,2900,2900,95027200,95027200,66.391,66.408,20.382,22.174,0,0,0.000000,1.793,68.176,73.708,5.532,3.811364,3.808551,-0.002813,,damle-compute-01,,0
300000000,dolma_sample,1337,4.20,full,role_depth_v6,1,1,2900,2800,95027200,91750400,66.391,66.661,20.382,19.032,-3276800,-100,-0.034483,-1.349,68.176,65.601,-2.575,3.811364,3.811494,0.000130,,elor-compute-01,,0
300000000,dolma_sample,1337,4.20,no_role_depth,full,1,1,2800,2900,91750400,95027200,66.431,66.391,18.580,20.382,3276800,100,0.035714,1.802,64.234,68.176,3.942,3.813376,3.811364,-0.002012,seo-compute-01,,0,
300000000,dolma_sample,1337,4.20,no_role_depth,role_depth_v2,1,1,2800,2900,91750400,95027200,66.431,66.371,18.580,18.628,3276800,100,0.035714,0.049,64.234,62.220,-2.014,3.813376,3.807139,-0.006237,seo-compute-01,elor-compute-01,0,2
300000000,dolma_sample,1337,4.20,no_role_depth,role_depth_v3,1,1,2800,2800,91750400,91750400,66.431,66.597,18.580,21.008,0,0,0.000000,2.428,64.234,72.379,8.145,3.813376,3.815201,0.001825,seo-compute-01,badfellow,0,0
300000000,dolma_sample,1337,4.20,no_role_depth,role_depth_v4,1,1,2800,2850,91750400,93388800,66.431,66.409,18.580,22.360,1638400,50,0.017857,3.780,64.234,75.421,11.187,3.813376,3.809066,-0.004310,seo-compute-01,badfellow,0,0
300000000,dolma_sample,1337,4.20,no_role_depth,role_depth_v5,1,1,2800,2900,91750400,95027200,66.431,66.408,18.580,22.174,3276800,100,0.035714,3.595,64.234,73.708,9.474,3.813376,3.808551,-0.004825,seo-compute-01,damle-compute-01,0,0
300000000,dolma_sample,1337,4.20,no_role_depth,role_depth_v6,1,1,2800,2800,91750400,91750400,66.431,66.661,18.580,19.032,0,0,0.000000,0.453,64.234,65.601,1.367,3.813376,3.811494,-0.001882,seo-compute-01,elor-compute-01,0,0
300000000,dolma_sample,1337,4.10,full,no_role_depth,1,1,3800,3700,124518400,121241600,60.232,60.065,26.707,24.552,-3276800,-100,-0.026316,-2.155,68.176,64.234,-3.942,3.811364,3.813376,0.002012,,seo-compute-01,,0
300000000,dolma_sample,1337,4.10,full,role_depth_v2,1,1,3800,3800,124518400,124518400,60.232,60.160,26.707,24.410,0,0,0.000000,-2.297,68.176,62.220,-5.956,3.811364,3.807139,-0.004225,,elor-compute-01,,2
300000000,dolma_sample,1337,4.10,full,role_depth_v3,1,1,3800,3700,124518400,121241600,60.232,60.180,26.707,27.761,-3276800,-100,-0.026316,1.054,68.176,72.379,4.203,3.811364,3.815201,0.003837,,badfellow,,0
300000000,dolma_sample,1337,4.10,full,role_depth_v4,1,1,3800,3700,124518400,121241600,60.232,60.145,26.707,29.029,-3276800,-100,-0.026316,2.322,68.176,75.421,7.245,3.811364,3.809066,-0.002298,,badfellow,,0
300000000,dolma_sample,1337,4.10,full,role_depth_v5,1,1,3800,3700,124518400,121241600,60.232,60.266,26.707,28.291,-3276800,-100,-0.026316,1.584,68.176,73.708,5.532,3.811364,3.808551,-0.002813,,damle-compute-01,,0
300000000,dolma_sample,1337,4.10,full,role_depth_v6,1,1,3800,3700,124518400,121241600,60.232,59.893,26.707,25.150,-3276800,-100,-0.026316,-1.557,68.176,65.601,-2.575,3.811364,3.811494,0.000130,,elor-compute-01,,0
300000000,dolma_sample,1337,4.10,no_role_depth,full,1,1,3700,3800,121241600,124518400,60.065,60.232,24.552,26.707,3276800,100,0.027027,2.155,64.234,68.176,3.942,3.813376,3.811364,-0.002012,seo-compute-01,,0,
300000000,dolma_sample,1337,4.10,no_role_depth,role_depth_v2,1,1,3700,3800,121241600,124518400,60.065,60.160,24.552,24.410,3276800,100,0.027027,-0.142,64.234,62.220,-2.014,3.813376,3.807139,-0.006237,seo-compute-01,elor-compute-01,0,2
300000000,dolma_sample,1337,4.10,no_role_depth,role_depth_v3,1,1,3700,3700,121241600,121241600,60.065,60.180,24.552,27.761,0,0,0.000000,3.209,64.234,72.379,8.145,3.813376,3.815201,0.001825,seo-compute-01,badfellow,0,0
300000000,dolma_sample,1337,4.10,no_role_depth,role_depth_v4,1,1,3700,3700,121241600,121241600,60.065,60.145,24.552,29.029,0,0,0.000000,4.477,64.234,75.421,11.187,3.813376,3.809066,-0.004310,seo-compute-01,badfellow,0,0
300000000,dolma_sample,1337,4.10,no_role_depth,role_depth_v5,1,1,3700,3700,121241600,121241600,60.065,60.266,24.552,28.291,0,0,0.000000,3.739,64.234,73.708,9.474,3.813376,3.808551,-0.004825,seo-compute-01,damle-compute-01,0,0
300000000,dolma_sample,1337,4.10,no_role_depth,role_depth_v6,1,1,3700,3700,121241600,121241600,60.065,59.893,24.552,25.150,0,0,0.000000,0.598,64.234,65.601,1.367,3.813376,3.811494,-0.001882,seo-compute-01,elor-compute-01,0,0
300000000,dolma_sample,1337,4.00,full,no_role_depth,1,1,4900,4750,160563200,155648000,54.408,54.585,34.438,31.519,-4915200,-150,-0.030612,-2.919,68.176,64.234,-3.942,3.811364,3.813376,0.002012,,seo-compute-01,,0
300000000,dolma_sample,1337,4.00,full,role_depth_v2,1,1,4900,4900,160563200,160563200,54.408,54.387,34.438,31.476,0,0,0.000000,-2.962,68.176,62.220,-5.956,3.811364,3.807139,-0.004225,,elor-compute-01,,2
300000000,dolma_sample,1337,4.00,full,role_depth_v3,1,1,4900,4850,160563200,158924800,54.408,54.504,34.438,36.389,-1638400,-50,-0.010204,1.951,68.176,72.379,4.203,3.811364,3.815201,0.003837,,badfellow,,0
300000000,dolma_sample,1337,4.00,full,role_depth_v4,1,1,4900,4850,160563200,158924800,54.408,54.303,34.438,38.051,-1638400,-50,-0.010204,3.613,68.176,75.421,7.245,3.811364,3.809066,-0.002298,,badfellow,,0
300000000,dolma_sample,1337,4.00,full,role_depth_v5,1,1,4900,4850,160563200,158924800,54.408,54.457,34.438,37.084,-1638400,-50,-0.010204,2.646,68.176,73.708,5.532,3.811364,3.808551,-0.002813,,damle-compute-01,,0
300000000,dolma_sample,1337,4.00,full,role_depth_v6,1,1,4900,4750,160563200,155648000,54.408,54.563,34.438,32.287,-4915200,-150,-0.030612,-2.151,68.176,65.601,-2.575,3.811364,3.811494,0.000130,,elor-compute-01,,0
300000000,dolma_sample,1337,4.00,no_role_depth,full,1,1,4750,4900,155648000,160563200,54.585,54.408,31.519,34.438,4915200,150,0.031579,2.919,64.234,68.176,3.942,3.813376,3.811364,-0.002012,seo-compute-01,,0,
300000000,dolma_sample,1337,4.00,no_role_depth,role_depth_v2,1,1,4750,4900,155648000,160563200,54.585,54.387,31.519,31.476,4915200,150,0.031579,-0.043,64.234,62.220,-2.014,3.813376,3.807139,-0.006237,seo-compute-01,elor-compute-01,0,2
300000000,dolma_sample,1337,4.00,no_role_depth,role_depth_v3,1,1,4750,4850,155648000,158924800,54.585,54.504,31.519,36.389,3276800,100,0.021053,4.870,64.234,72.379,8.145,3.813376,3.815201,0.001825,seo-compute-01,badfellow,0,0
300000000,dolma_sample,1337,4.00,no_role_depth,role_depth_v4,1,1,4750,4850,155648000,158924800,54.585,54.303,31.519,38.051,3276800,100,0.021053,6.532,64.234,75.421,11.187,3.813376,3.809066,-0.004310,seo-compute-01,badfellow,0,0
300000000,dolma_sample,1337,4.00,no_role_depth,role_depth_v5,1,1,4750,4850,155648000,158924800,54.585,54.457,31.519,37.084,3276800,100,0.021053,5.565,64.234,73.708,9.474,3.813376,3.808551,-0.004825,seo-compute-01,damle-compute-01,0,0
300000000,dolma_sample,1337,4.00,no_role_depth,role_depth_v6,1,1,4750,4750,155648000,155648000,54.585,54.563,31.519,32.287,0,0,0.000000,0.768,64.234,65.601,1.367,3.813376,3.811494,-0.001882,seo-compute-01,elor-compute-01,0,0
300000000,dolma_sample,1337,3.95,full,no_role_depth,1,1,5600,5550,183500800,181862400,51.824,51.704,39.357,36.827,-1638400,-50,-0.008929,-2.530,68.176,64.234,-3.942,3.811364,3.813376,0.002012,,seo-compute-01,,0
300000000,dolma_sample,1337,3.95,full,role_depth_v2,1,1,5600,5600,183500800,183500800,51.824,51.771,39.357,35.972,0,0,0.000000,-3.385,68.176,62.220,-5.956,3.811364,3.807139,-0.004225,,elor-compute-01,,2
300000000,dolma_sample,1337,3.95,full,role_depth_v3,1,1,5600,5550,183500800,181862400,51.824,51.804,39.357,41.641,-1638400,-50,-0.008929,2.283,68.176,72.379,4.203,3.811364,3.815201,0.003837,,badfellow,,0
300000000,dolma_sample,1337,3.95,full,role_depth_v4,1,1,5600,5500,183500800,180224000,51.824,51.932,39.357,43.151,-3276800,-100,-0.017857,3.793,68.176,75.421,7.245,3.811364,3.809066,-0.002298,,badfellow,,0
300000000,dolma_sample,1337,3.95,full,role_depth_v5,1,1,5600,5500,183500800,180224000,51.824,51.867,39.357,42.054,-3276800,-100,-0.017857,2.697,68.176,73.708,5.532,3.811364,3.808551,-0.002813,,damle-compute-01,,0
300000000,dolma_sample,1337,3.95,full,role_depth_v6,1,1,5600,5500,183500800,180224000,51.824,51.774,39.357,37.385,-3276800,-100,-0.017857,-1.973,68.176,65.601,-2.575,3.811364,3.811494,0.000130,,elor-compute-01,,0
300000000,dolma_sample,1337,3.95,no_role_depth,full,1,1,5550,5600,181862400,183500800,51.704,51.824,36.827,39.357,1638400,50,0.009009,2.530,64.234,68.176,3.942,3.813376,3.811364,-0.002012,seo-compute-01,,0,
300000000,dolma_sample,1337,3.95,no_role_depth,role_depth_v2,1,1,5550,5600,181862400,183500800,51.704,51.771,36.827,35.972,1638400,50,0.009009,-0.855,64.234,62.220,-2.014,3.813376,3.807139,-0.006237,seo-compute-01,elor-compute-01,0,2
300000000,dolma_sample,1337,3.95,no_role_depth,role_depth_v3,1,1,5550,5550,181862400,181862400,51.704,51.804,36.827,41.641,0,0,0.000000,4.814,64.234,72.379,8.145,3.813376,3.815201,0.001825,seo-compute-01,badfellow,0,0
300000000,dolma_sample,1337,3.95,no_role_depth,role_depth_v4,1,1,5550,5500,181862400,180224000,51.704,51.932,36.827,43.151,-1638400,-50,-0.009009,6.323,64.234,75.421,11.187,3.813376,3.809066,-0.004310,seo-compute-01,badfellow,0,0
300000000,dolma_sample,1337,3.95,no_role_depth,role_depth_v5,1,1,5550,5500,181862400,180224000,51.704,51.867,36.827,42.054,-1638400,-50,-0.009009,5.227,64.234,73.708,9.474,3.813376,3.808551,-0.004825,seo-compute-01,damle-compute-01,0,0
300000000,dolma_sample,1337,3.95,no_role_depth,role_depth_v6,1,1,5550,5500,181862400,180224000,51.704,51.774,36.827,37.385,-1638400,-50,-0.009009,0.558,64.234,65.601,1.367,3.813376,3.811494,-0.001882,seo-compute-01,elor-compute-01,0,0
300000000,dolma_sample,1337,3.90,full,no_role_depth,1,1,6400,6400,209715200,209715200,49.263,49.223,44.980,42.468,0,0,0.000000,-2.512,68.176,64.234,-3.942,3.811364,3.813376,0.002012,,seo-compute-01,,0
300000000,dolma_sample,1337,3.90,full,role_depth_v2,1,1,6400,6400,209715200,209715200,49.263,49.236,44.980,41.111,0,0,0.000000,-3.869,68.176,62.220,-5.956,3.811364,3.807139,-0.004225,,elor-compute-01,,2
300000000,dolma_sample,1337,3.90,full,role_depth_v3,1,1,6400,6400,209715200,209715200,49.263,49.299,44.980,48.018,0,0,0.000000,3.038,68.176,72.379,4.203,3.811364,3.815201,0.003837,,badfellow,,0
300000000,dolma_sample,1337,3.90,full,role_depth_v4,1,1,6400,6350,209715200,208076800,49.263,49.352,44.980,49.819,-1638400,-50,-0.007812,4.839,68.176,75.421,7.245,3.811364,3.809066,-0.002298,,badfellow,,0
300000000,dolma_sample,1337,3.90,full,role_depth_v5,1,1,6400,6350,209715200,208076800,49.263,49.400,44.980,48.554,-1638400,-50,-0.007812,3.574,68.176,73.708,5.532,3.811364,3.808551,-0.002813,,damle-compute-01,,0
300000000,dolma_sample,1337,3.90,full,role_depth_v6,1,1,6400,6350,209715200,208076800,49.263,49.378,44.980,43.163,-1638400,-50,-0.007812,-1.817,68.176,65.601,-2.575,3.811364,3.811494,0.000130,,elor-compute-01,,0
300000000,dolma_sample,1337,3.90,no_role_depth,full,1,1,6400,6400,209715200,209715200,49.223,49.263,42.468,44.980,0,0,0.000000,2.512,64.234,68.176,3.942,3.813376,3.811364,-0.002012,seo-compute-01,,0,
300000000,dolma_sample,1337,3.90,no_role_depth,role_depth_v2,1,1,6400,6400,209715200,209715200,49.223,49.236,42.468,41.111,0,0,0.000000,-1.356,64.234,62.220,-2.014,3.813376,3.807139,-0.006237,seo-compute-01,elor-compute-01,0,2
300000000,dolma_sample,1337,3.90,no_role_depth,role_depth_v3,1,1,6400,6400,209715200,209715200,49.223,49.299,42.468,48.018,0,0,0.000000,5.551,64.234,72.379,8.145,3.813376,3.815201,0.001825,seo-compute-01,badfellow,0,0
300000000,dolma_sample,1337,3.90,no_role_depth,role_depth_v4,1,1,6400,6350,209715200,208076800,49.223,49.352,42.468,49.819,-1638400,-50,-0.007812,7.352,64.234,75.421,11.187,3.813376,3.809066,-0.004310,seo-compute-01,badfellow,0,0
300000000,dolma_sample,1337,3.90,no_role_depth,role_depth_v5,1,1,6400,6350,209715200,208076800,49.223,49.400,42.468,48.554,-1638400,-50,-0.007812,6.086,64.234,73.708,9.474,3.813376,3.808551,-0.004825,seo-compute-01,damle-compute-01,0,0
300000000,dolma_sample,1337,3.90,no_role_depth,role_depth_v6,1,1,6400,6350,209715200,208076800,49.223,49.378,42.468,43.163,-1638400,-50,-0.007812,0.695,64.234,65.601,1.367,3.813376,3.811494,-0.001882,seo-compute-01,elor-compute-01,0,0
300000000,dolma_sample,1337,3.85,full,no_role_depth,1,1,7550,7550,247398400,247398400,46.957,46.958,53.062,50.098,0,0,0.000000,-2.964,68.176,64.234,-3.942,3.811364,3.813376,0.002012,,seo-compute-01,,0
300000000,dolma_sample,1337,3.85,full,role_depth_v2,1,1,7550,7450,247398400,244121600,46.957,46.981,53.062,47.856,-3276800,-100,-0.013245,-5.206,68.176,62.220,-5.956,3.811364,3.807139,-0.004225,,elor-compute-01,,2
300000000,dolma_sample,1337,3.85,full,role_depth_v3,1,1,7550,7600,247398400,249036800,46.957,46.941,53.062,57.022,1638400,50,0.006623,3.959,68.176,72.379,4.203,3.811364,3.815201,0.003837,,badfellow,,0
300000000,dolma_sample,1337,3.85,full,role_depth_v4,1,1,7550,7450,247398400,244121600,46.957,46.950,53.062,58.449,-3276800,-100,-0.013245,5.387,68.176,75.421,7.245,3.811364,3.809066,-0.002298,,badfellow,,0
300000000,dolma_sample,1337,3.85,full,role_depth_v5,1,1,7550,7400,247398400,242483200,46.957,46.993,53.062,56.582,-4915200,-150,-0.019868,3.520,68.176,73.708,5.532,3.811364,3.808551,-0.002813,,damle-compute-01,,0
300000000,dolma_sample,1337,3.85,full,role_depth_v6,1,1,7550,7450,247398400,244121600,46.957,46.951,53.062,50.639,-3276800,-100,-0.013245,-2.423,68.176,65.601,-2.575,3.811364,3.811494,0.000130,,elor-compute-01,,0
300000000,dolma_sample,1337,3.85,no_role_depth,full,1,1,7550,7550,247398400,247398400,46.958,46.957,50.098,53.062,0,0,0.000000,2.964,64.234,68.176,3.942,3.813376,3.811364,-0.002012,seo-compute-01,,0,
300000000,dolma_sample,1337,3.85,no_role_depth,role_depth_v2,1,1,7550,7450,247398400,244121600,46.958,46.981,50.098,47.856,-3276800,-100,-0.013245,-2.243,64.234,62.220,-2.014,3.813376,3.807139,-0.006237,seo-compute-01,elor-compute-01,0,2
300000000,dolma_sample,1337,3.85,no_role_depth,role_depth_v3,1,1,7550,7600,247398400,249036800,46.958,46.941,50.098,57.022,1638400,50,0.006623,6.923,64.234,72.379,8.145,3.813376,3.815201,0.001825,seo-compute-01,badfellow,0,0
300000000,dolma_sample,1337,3.85,no_role_depth,role_depth_v4,1,1,7550,7450,247398400,244121600,46.958,46.950,50.098,58.449,-3276800,-100,-0.013245,8.351,64.234,75.421,11.187,3.813376,3.809066,-0.004310,seo-compute-01,badfellow,0,0
300000000,dolma_sample,1337,3.85,no_role_depth,role_depth_v5,1,1,7550,7400,247398400,242483200,46.958,46.993,50.098,56.582,-4915200,-150,-0.019868,6.484,64.234,73.708,9.474,3.813376,3.808551,-0.004825,seo-compute-01,damle-compute-01,0,0
300000000,dolma_sample,1337,3.85,no_role_depth,role_depth_v6,1,1,7550,7450,247398400,244121600,46.958,46.951,50.098,50.639,-3276800,-100,-0.013245,0.541,64.234,65.601,1.367,3.813376,3.811494,-0.001882,seo-compute-01,elor-compute-01,0,0
300000000,dolma_sample,1337,3.82,full,no_role_depth,1,1,8600,8700,281804800,285081600,45.592,45.589,60.442,57.729,3276800,100,0.011628,-2.712,68.176,64.234,-3.942,3.811364,3.813376,0.002012,,seo-compute-01,,0
300000000,dolma_sample,1337,3.82,full,role_depth_v2,1,1,8600,8550,281804800,280166400,45.592,45.588,60.442,54.922,-1638400,-50,-0.005814,-5.520,68.176,62.220,-5.956,3.811364,3.807139,-0.004225,,elor-compute-01,,2
300000000,dolma_sample,1337,3.82,full,role_depth_v3,1,1,8600,8800,281804800,288358400,45.592,45.558,60.442,66.025,6553600,200,0.023256,5.583,68.176,72.379,4.203,3.811364,3.815201,0.003837,,badfellow,,0
300000000,dolma_sample,1337,3.82,full,role_depth_v4,1,1,8600,8550,281804800,280166400,45.592,45.555,60.442,67.080,-1638400,-50,-0.005814,6.638,68.176,75.421,7.245,3.811364,3.809066,-0.002298,,badfellow,,0
300000000,dolma_sample,1337,3.82,full,role_depth_v5,1,1,8600,8550,281804800,280166400,45.592,45.567,60.442,65.375,-1638400,-50,-0.005814,4.933,68.176,73.708,5.532,3.811364,3.808551,-0.002813,,damle-compute-01,,0
300000000,dolma_sample,1337,3.82,full,role_depth_v6,1,1,8600,8600,281804800,281804800,45.592,45.528,60.442,58.456,0,0,0.000000,-1.985,68.176,65.601,-2.575,3.811364,3.811494,0.000130,,elor-compute-01,,0
300000000,dolma_sample,1337,3.82,no_role_depth,full,1,1,8700,8600,285081600,281804800,45.589,45.592,57.729,60.442,-3276800,-100,-0.011494,2.712,64.234,68.176,3.942,3.813376,3.811364,-0.002012,seo-compute-01,,0,
300000000,dolma_sample,1337,3.82,no_role_depth,role_depth_v2,1,1,8700,8550,285081600,280166400,45.589,45.588,57.729,54.922,-4915200,-150,-0.017241,-2.807,64.234,62.220,-2.014,3.813376,3.807139,-0.006237,seo-compute-01,elor-compute-01,0,2
300000000,dolma_sample,1337,3.82,no_role_depth,role_depth_v3,1,1,8700,8800,285081600,288358400,45.589,45.558,57.729,66.025,3276800,100,0.011494,8.296,64.234,72.379,8.145,3.813376,3.815201,0.001825,seo-compute-01,badfellow,0,0
300000000,dolma_sample,1337,3.82,no_role_depth,role_depth_v4,1,1,8700,8550,285081600,280166400,45.589,45.555,57.729,67.080,-4915200,-150,-0.017241,9.350,64.234,75.421,11.187,3.813376,3.809066,-0.004310,seo-compute-01,badfellow,0,0
300000000,dolma_sample,1337,3.82,no_role_depth,role_depth_v5,1,1,8700,8550,285081600,280166400,45.589,45.567,57.729,65.375,-4915200,-150,-0.017241,7.646,64.234,73.708,9.474,3.813376,3.808551,-0.004825,seo-compute-01,damle-compute-01,0,0
300000000,dolma_sample,1337,3.82,no_role_depth,role_depth_v6,1,1,8700,8600,285081600,281804800,45.589,45.528,57.729,58.456,-3276800,-100,-0.011494,0.727,64.234,65.601,1.367,3.813376,3.811494,-0.001882,seo-compute-01,elor-compute-01,0,0
300000000,dolma_sample,2027,4.20,full,no_role_depth,1,1,2900,2850,95027200,93388800,66.464,66.348,18.711,18.885,-1638400,-50,-0.017241,0.174,62.471,64.146,1.674,3.809262,3.813421,0.004159,,seo-compute-01,,0
300000000,dolma_sample,2027,4.20,full,role_depth_v2,1,1,2900,2900,95027200,95027200,66.464,66.300,18.711,18.747,0,0,0.000000,0.035,62.471,62.542,0.071,3.809262,3.806386,-0.002876,,seo-compute-01,,0
300000000,dolma_sample,2027,4.20,full,role_depth_v3,1,1,2900,2850,95027200,93388800,66.464,66.458,18.711,18.511,-1638400,-50,-0.017241,-0.200,62.471,63.090,0.618,3.809262,3.817363,0.008101,,zabih-compute-01,,0
300000000,dolma_sample,2027,4.20,full,role_depth_v4,1,1,2900,2850,95027200,93388800,66.464,66.543,18.711,18.972,-1638400,-50,-0.017241,0.261,62.471,64.461,1.990,3.809262,3.808569,-0.000693,,zabih-compute-01,,0
300000000,dolma_sample,2027,4.20,full,role_depth_v5,1,1,2900,2900,95027200,95027200,66.464,66.295,18.711,19.577,0,0,0.000000,0.865,62.471,65.159,2.687,3.809262,3.809182,-0.000080,,elor-compute-01,,0
300000000,dolma_sample,2027,4.20,full,role_depth_v6,1,1,2900,2850,95027200,93388800,66.464,66.369,18.711,22.371,-1638400,-50,-0.017241,3.660,62.471,75.559,13.088,3.809262,3.811792,0.002530,,damle-compute-01,,0
300000000,dolma_sample,2027,4.20,no_role_depth,full,1,1,2850,2900,93388800,95027200,66.348,66.464,18.885,18.711,1638400,50,0.017544,-0.174,64.146,62.471,-1.674,3.813421,3.809262,-0.004159,seo-compute-01,,0,
300000000,dolma_sample,2027,4.20,no_role_depth,role_depth_v2,1,1,2850,2900,93388800,95027200,66.348,66.300,18.885,18.747,1638400,50,0.017544,-0.139,64.146,62.542,-1.604,3.813421,3.806386,-0.007035,seo-compute-01,seo-compute-01,0,0
300000000,dolma_sample,2027,4.20,no_role_depth,role_depth_v3,1,1,2850,2850,93388800,93388800,66.348,66.458,18.885,18.511,0,0,0.000000,-0.374,64.146,63.090,-1.056,3.813421,3.817363,0.003942,seo-compute-01,zabih-compute-01,0,0
300000000,dolma_sample,2027,4.20,no_role_depth,role_depth_v4,1,1,2850,2850,93388800,93388800,66.348,66.543,18.885,18.972,0,0,0.000000,0.087,64.146,64.461,0.315,3.813421,3.808569,-0.004852,seo-compute-01,zabih-compute-01,0,0
300000000,dolma_sample,2027,4.20,no_role_depth,role_depth_v5,1,1,2850,2900,93388800,95027200,66.348,66.295,18.885,19.577,1638400,50,0.017544,0.691,64.146,65.159,1.013,3.813421,3.809182,-0.004239,seo-compute-01,elor-compute-01,0,0
300000000,dolma_sample,2027,4.20,no_role_depth,role_depth_v6,1,1,2850,2850,93388800,93388800,66.348,66.369,18.885,22.371,0,0,0.000000,3.486,64.146,75.559,11.413,3.813421,3.811792,-0.001629,seo-compute-01,damle-compute-01,0,0
300000000,dolma_sample,2027,4.10,full,no_role_depth,1,1,3750,3650,122880000,119603200,60.260,60.030,24.196,24.186,-3276800,-100,-0.026667,-0.010,62.471,64.146,1.674,3.809262,3.813421,0.004159,,seo-compute-01,,0
300000000,dolma_sample,2027,4.10,full,role_depth_v2,1,1,3750,3800,122880000,124518400,60.260,60.013,24.196,24.564,1638400,50,0.013333,0.369,62.471,62.542,0.071,3.809262,3.806386,-0.002876,,seo-compute-01,,0
300000000,dolma_sample,2027,4.10,full,role_depth_v3,1,1,3750,3650,122880000,119603200,60.260,60.308,24.196,23.708,-3276800,-100,-0.026667,-0.488,62.471,63.090,0.618,3.809262,3.817363,0.008101,,zabih-compute-01,,0
300000000,dolma_sample,2027,4.10,full,role_depth_v4,1,1,3750,3650,122880000,119603200,60.260,60.242,24.196,24.298,-3276800,-100,-0.026667,0.102,62.471,64.461,1.990,3.809262,3.808569,-0.000693,,zabih-compute-01,,0
300000000,dolma_sample,2027,4.10,full,role_depth_v5,1,1,3750,3700,122880000,121241600,60.260,60.236,24.196,24.977,-1638400,-50,-0.013333,0.781,62.471,65.159,2.687,3.809262,3.809182,-0.000080,,elor-compute-01,,0
300000000,dolma_sample,2027,4.10,full,role_depth_v6,1,1,3750,3650,122880000,119603200,60.260,59.945,24.196,28.651,-3276800,-100,-0.026667,4.455,62.471,75.559,13.088,3.809262,3.811792,0.002530,,damle-compute-01,,0
300000000,dolma_sample,2027,4.10,no_role_depth,full,1,1,3650,3750,119603200,122880000,60.030,60.260,24.186,24.196,3276800,100,0.027397,0.010,64.146,62.471,-1.674,3.813421,3.809262,-0.004159,seo-compute-01,,0,
300000000,dolma_sample,2027,4.10,no_role_depth,role_depth_v2,1,1,3650,3800,119603200,124518400,60.030,60.013,24.186,24.564,4915200,150,0.041096,0.378,64.146,62.542,-1.604,3.813421,3.806386,-0.007035,seo-compute-01,seo-compute-01,0,0
300000000,dolma_sample,2027,4.10,no_role_depth,role_depth_v3,1,1,3650,3650,119603200,119603200,60.030,60.308,24.186,23.708,0,0,0.000000,-0.479,64.146,63.090,-1.056,3.813421,3.817363,0.003942,seo-compute-01,zabih-compute-01,0,0
300000000,dolma_sample,2027,4.10,no_role_depth,role_depth_v4,1,1,3650,3650,119603200,119603200,60.030,60.242,24.186,24.298,0,0,0.000000,0.111,64.146,64.461,0.315,3.813421,3.808569,-0.004852,seo-compute-01,zabih-compute-01,0,0
300000000,dolma_sample,2027,4.10,no_role_depth,role_depth_v5,1,1,3650,3700,119603200,121241600,60.030,60.236,24.186,24.977,1638400,50,0.013699,0.791,64.146,65.159,1.013,3.813421,3.809182,-0.004239,seo-compute-01,elor-compute-01,0,0
300000000,dolma_sample,2027,4.10,no_role_depth,role_depth_v6,1,1,3650,3650,119603200,119603200,60.030,59.945,24.186,28.651,0,0,0.000000,4.464,64.146,75.559,11.413,3.813421,3.811792,-0.001629,seo-compute-01,damle-compute-01,0,0
300000000,dolma_sample,2027,4.00,full,no_role_depth,1,1,4850,4750,158924800,155648000,54.391,54.484,31.293,31.475,-3276800,-100,-0.020619,0.182,62.471,64.146,1.674,3.809262,3.813421,0.004159,,seo-compute-01,,0
300000000,dolma_sample,2027,4.00,full,role_depth_v2,1,1,4850,4850,158924800,158924800,54.391,54.402,31.293,31.352,0,0,0.000000,0.059,62.471,62.542,0.071,3.809262,3.806386,-0.002876,,seo-compute-01,,0
300000000,dolma_sample,2027,4.00,full,role_depth_v3,1,1,4850,4800,158924800,157286400,54.391,54.558,31.293,31.177,-1638400,-50,-0.010309,-0.116,62.471,63.090,0.618,3.809262,3.817363,0.008101,,zabih-compute-01,,0
300000000,dolma_sample,2027,4.00,full,role_depth_v4,1,1,4850,4750,158924800,155648000,54.391,54.589,31.293,31.620,-3276800,-100,-0.020619,0.327,62.471,64.461,1.990,3.809262,3.808569,-0.000693,,zabih-compute-01,,0
300000000,dolma_sample,2027,4.00,full,role_depth_v5,1,1,4850,4750,158924800,155648000,54.391,54.504,31.293,32.065,-3276800,-100,-0.020619,0.772,62.471,65.159,2.687,3.809262,3.809182,-0.000080,,elor-compute-01,,0
300000000,dolma_sample,2027,4.00,full,role_depth_v6,1,1,4850,4750,158924800,155648000,54.391,54.344,31.293,37.285,-3276800,-100,-0.020619,5.992,62.471,75.559,13.088,3.809262,3.811792,0.002530,,damle-compute-01,,0
300000000,dolma_sample,2027,4.00,no_role_depth,full,1,1,4750,4850,155648000,158924800,54.484,54.391,31.475,31.293,3276800,100,0.021053,-0.182,64.146,62.471,-1.674,3.813421,3.809262,-0.004159,seo-compute-01,,0,
300000000,dolma_sample,2027,4.00,no_role_depth,role_depth_v2,1,1,4750,4850,155648000,158924800,54.484,54.402,31.475,31.352,3276800,100,0.021053,-0.123,64.146,62.542,-1.604,3.813421,3.806386,-0.007035,seo-compute-01,seo-compute-01,0,0
300000000,dolma_sample,2027,4.00,no_role_depth,role_depth_v3,1,1,4750,4800,155648000,157286400,54.484,54.558,31.475,31.177,1638400,50,0.010526,-0.298,64.146,63.090,-1.056,3.813421,3.817363,0.003942,seo-compute-01,zabih-compute-01,0,0
300000000,dolma_sample,2027,4.00,no_role_depth,role_depth_v4,1,1,4750,4750,155648000,155648000,54.484,54.589,31.475,31.620,0,0,0.000000,0.145,64.146,64.461,0.315,3.813421,3.808569,-0.004852,seo-compute-01,zabih-compute-01,0,0
300000000,dolma_sample,2027,4.00,no_role_depth,role_depth_v5,1,1,4750,4750,155648000,155648000,54.484,54.504,31.475,32.065,0,0,0.000000,0.590,64.146,65.159,1.013,3.813421,3.809182,-0.004239,seo-compute-01,elor-compute-01,0,0
300000000,dolma_sample,2027,4.00,no_role_depth,role_depth_v6,1,1,4750,4750,155648000,155648000,54.484,54.344,31.475,37.285,0,0,0.000000,5.810,64.146,75.559,11.413,3.813421,3.811792,-0.001629,seo-compute-01,damle-compute-01,0,0
300000000,dolma_sample,2027,3.95,full,no_role_depth,1,1,5550,5500,181862400,180224000,51.812,51.898,35.810,36.445,-1638400,-50,-0.009009,0.635,62.471,64.146,1.674,3.809262,3.813421,0.004159,,seo-compute-01,,0
300000000,dolma_sample,2027,3.95,full,role_depth_v2,1,1,5550,5550,181862400,181862400,51.812,51.872,35.810,35.877,0,0,0.000000,0.067,62.471,62.542,0.071,3.809262,3.806386,-0.002876,,seo-compute-01,,0
300000000,dolma_sample,2027,3.95,full,role_depth_v3,1,1,5550,5550,181862400,181862400,51.812,51.861,35.810,36.049,0,0,0.000000,0.239,62.471,63.090,0.618,3.809262,3.817363,0.008101,,zabih-compute-01,,0
300000000,dolma_sample,2027,3.95,full,role_depth_v4,1,1,5550,5500,181862400,180224000,51.812,51.902,35.810,36.613,-1638400,-50,-0.009009,0.803,62.471,64.461,1.990,3.809262,3.808569,-0.000693,,zabih-compute-01,,0
300000000,dolma_sample,2027,3.95,full,role_depth_v5,1,1,5550,5550,181862400,181862400,51.812,51.782,35.810,37.466,0,0,0.000000,1.656,62.471,65.159,2.687,3.809262,3.809182,-0.000080,,elor-compute-01,,0
300000000,dolma_sample,2027,3.95,full,role_depth_v6,1,1,5550,5500,181862400,180224000,51.812,51.766,35.810,43.172,-1638400,-50,-0.009009,7.362,62.471,75.559,13.088,3.809262,3.811792,0.002530,,damle-compute-01,,0
300000000,dolma_sample,2027,3.95,no_role_depth,full,1,1,5500,5550,180224000,181862400,51.898,51.812,36.445,35.810,1638400,50,0.009091,-0.635,64.146,62.471,-1.674,3.813421,3.809262,-0.004159,seo-compute-01,,0,
300000000,dolma_sample,2027,3.95,no_role_depth,role_depth_v2,1,1,5500,5550,180224000,181862400,51.898,51.872,36.445,35.877,1638400,50,0.009091,-0.568,64.146,62.542,-1.604,3.813421,3.806386,-0.007035,seo-compute-01,seo-compute-01,0,0
300000000,dolma_sample,2027,3.95,no_role_depth,role_depth_v3,1,1,5500,5550,180224000,181862400,51.898,51.861,36.445,36.049,1638400,50,0.009091,-0.397,64.146,63.090,-1.056,3.813421,3.817363,0.003942,seo-compute-01,zabih-compute-01,0,0
300000000,dolma_sample,2027,3.95,no_role_depth,role_depth_v4,1,1,5500,5500,180224000,180224000,51.898,51.902,36.445,36.613,0,0,0.000000,0.168,64.146,64.461,0.315,3.813421,3.808569,-0.004852,seo-compute-01,zabih-compute-01,0,0
300000000,dolma_sample,2027,3.95,no_role_depth,role_depth_v5,1,1,5500,5550,180224000,181862400,51.898,51.782,36.445,37.466,1638400,50,0.009091,1.021,64.146,65.159,1.013,3.813421,3.809182,-0.004239,seo-compute-01,elor-compute-01,0,0
300000000,dolma_sample,2027,3.95,no_role_depth,role_depth_v6,1,1,5500,5500,180224000,180224000,51.898,51.766,36.445,43.172,0,0,0.000000,6.727,64.146,75.559,11.413,3.813421,3.811792,-0.001629,seo-compute-01,damle-compute-01,0,0
300000000,dolma_sample,2027,3.90,full,no_role_depth,1,1,6400,6400,209715200,209715200,49.362,49.312,41.294,42.409,0,0,0.000000,1.115,62.471,64.146,1.674,3.809262,3.813421,0.004159,,seo-compute-01,,0
300000000,dolma_sample,2027,3.90,full,role_depth_v2,1,1,6400,6450,209715200,211353600,49.362,49.180,41.294,41.695,1638400,50,0.007812,0.401,62.471,62.542,0.071,3.809262,3.806386,-0.002876,,seo-compute-01,,0
300000000,dolma_sample,2027,3.90,full,role_depth_v3,1,1,6400,6450,209715200,211353600,49.362,49.307,41.294,41.894,1638400,50,0.007812,0.600,62.471,63.090,0.618,3.809262,3.817363,0.008101,,zabih-compute-01,,0
300000000,dolma_sample,2027,3.90,full,role_depth_v4,1,1,6400,6400,209715200,209715200,49.362,49.295,41.294,42.604,0,0,0.000000,1.310,62.471,64.461,1.990,3.809262,3.808569,-0.000693,,zabih-compute-01,,0
300000000,dolma_sample,2027,3.90,full,role_depth_v5,1,1,6400,6400,209715200,209715200,49.362,49.227,41.294,43.204,0,0,0.000000,1.910,62.471,65.159,2.687,3.809262,3.809182,-0.000080,,elor-compute-01,,0
300000000,dolma_sample,2027,3.90,full,role_depth_v6,1,1,6400,6300,209715200,206438400,49.362,49.309,41.294,49.452,-3276800,-100,-0.015625,8.158,62.471,75.559,13.088,3.809262,3.811792,0.002530,,damle-compute-01,,0
300000000,dolma_sample,2027,3.90,no_role_depth,full,1,1,6400,6400,209715200,209715200,49.312,49.362,42.409,41.294,0,0,0.000000,-1.115,64.146,62.471,-1.674,3.813421,3.809262,-0.004159,seo-compute-01,,0,
300000000,dolma_sample,2027,3.90,no_role_depth,role_depth_v2,1,1,6400,6450,209715200,211353600,49.312,49.180,42.409,41.695,1638400,50,0.007812,-0.714,64.146,62.542,-1.604,3.813421,3.806386,-0.007035,seo-compute-01,seo-compute-01,0,0
300000000,dolma_sample,2027,3.90,no_role_depth,role_depth_v3,1,1,6400,6450,209715200,211353600,49.312,49.307,42.409,41.894,1638400,50,0.007812,-0.515,64.146,63.090,-1.056,3.813421,3.817363,0.003942,seo-compute-01,zabih-compute-01,0,0
300000000,dolma_sample,2027,3.90,no_role_depth,role_depth_v4,1,1,6400,6400,209715200,209715200,49.312,49.295,42.409,42.604,0,0,0.000000,0.195,64.146,64.461,0.315,3.813421,3.808569,-0.004852,seo-compute-01,zabih-compute-01,0,0
300000000,dolma_sample,2027,3.90,no_role_depth,role_depth_v5,1,1,6400,6400,209715200,209715200,49.312,49.227,42.409,43.204,0,0,0.000000,0.795,64.146,65.159,1.013,3.813421,3.809182,-0.004239,seo-compute-01,elor-compute-01,0,0
300000000,dolma_sample,2027,3.90,no_role_depth,role_depth_v6,1,1,6400,6300,209715200,206438400,49.312,49.309,42.409,49.452,-3276800,-100,-0.015625,7.043,64.146,75.559,11.413,3.813421,3.811792,-0.001629,seo-compute-01,damle-compute-01,0,0
300000000,dolma_sample,2027,3.85,full,no_role_depth,1,1,7450,7550,244121600,247398400,46.976,46.988,48.069,50.029,3276800,100,0.013423,1.960,62.471,64.146,1.674,3.809262,3.813421,0.004159,,seo-compute-01,,0
300000000,dolma_sample,2027,3.85,full,role_depth_v2,1,1,7450,7450,244121600,244121600,46.976,46.982,48.069,48.159,0,0,0.000000,0.090,62.471,62.542,0.071,3.809262,3.806386,-0.002876,,seo-compute-01,,0
300000000,dolma_sample,2027,3.85,full,role_depth_v3,1,1,7450,7650,244121600,250675200,46.976,46.986,48.069,49.689,6553600,200,0.026846,1.619,62.471,63.090,0.618,3.809262,3.817363,0.008101,,zabih-compute-01,,0
300000000,dolma_sample,2027,3.85,full,role_depth_v4,1,1,7450,7450,244121600,244121600,46.976,46.913,48.069,49.594,0,0,0.000000,1.525,62.471,64.461,1.990,3.809262,3.808569,-0.000693,,zabih-compute-01,,0
300000000,dolma_sample,2027,3.85,full,role_depth_v5,1,1,7450,7450,244121600,244121600,46.976,46.943,48.069,50.292,0,0,0.000000,2.223,62.471,65.159,2.687,3.809262,3.809182,-0.000080,,elor-compute-01,,0
300000000,dolma_sample,2027,3.85,full,role_depth_v6,1,1,7450,7500,244121600,245760000,46.976,46.947,48.069,58.871,1638400,50,0.006711,10.802,62.471,75.559,13.088,3.809262,3.811792,0.002530,,damle-compute-01,,0
300000000,dolma_sample,2027,3.85,no_role_depth,full,1,1,7550,7450,247398400,244121600,46.988,46.976,50.029,48.069,-3276800,-100,-0.013245,-1.960,64.146,62.471,-1.674,3.813421,3.809262,-0.004159,seo-compute-01,,0,
300000000,dolma_sample,2027,3.85,no_role_depth,role_depth_v2,1,1,7550,7450,247398400,244121600,46.988,46.982,50.029,48.159,-3276800,-100,-0.013245,-1.870,64.146,62.542,-1.604,3.813421,3.806386,-0.007035,seo-compute-01,seo-compute-01,0,0
300000000,dolma_sample,2027,3.85,no_role_depth,role_depth_v3,1,1,7550,7650,247398400,250675200,46.988,46.986,50.029,49.689,3276800,100,0.013245,-0.341,64.146,63.090,-1.056,3.813421,3.817363,0.003942,seo-compute-01,zabih-compute-01,0,0
300000000,dolma_sample,2027,3.85,no_role_depth,role_depth_v4,1,1,7550,7450,247398400,244121600,46.988,46.913,50.029,49.594,-3276800,-100,-0.013245,-0.435,64.146,64.461,0.315,3.813421,3.808569,-0.004852,seo-compute-01,zabih-compute-01,0,0
300000000,dolma_sample,2027,3.85,no_role_depth,role_depth_v5,1,1,7550,7450,247398400,244121600,46.988,46.943,50.029,50.292,-3276800,-100,-0.013245,0.263,64.146,65.159,1.013,3.813421,3.809182,-0.004239,seo-compute-01,elor-compute-01,0,0
300000000,dolma_sample,2027,3.85,no_role_depth,role_depth_v6,1,1,7550,7500,247398400,245760000,46.988,46.947,50.029,58.871,-1638400,-50,-0.006623,8.842,64.146,75.559,11.413,3.813421,3.811792,-0.001629,seo-compute-01,damle-compute-01,0,0
300000000,dolma_sample,2027,3.82,full,no_role_depth,1,1,8500,8750,278528000,286720000,45.591,45.600,54.844,57.981,8192000,250,0.029412,3.137,62.471,64.146,1.674,3.809262,3.813421,0.004159,,seo-compute-01,,0
300000000,dolma_sample,2027,3.82,full,role_depth_v2,1,1,8500,8400,278528000,275251200,45.591,45.579,54.844,54.300,-3276800,-100,-0.011765,-0.544,62.471,62.542,0.071,3.809262,3.806386,-0.002876,,seo-compute-01,,0
300000000,dolma_sample,2027,3.82,full,role_depth_v3,1,1,8500,8900,278528000,291635200,45.591,45.596,54.844,57.808,13107200,400,0.047059,2.964,62.471,63.090,0.618,3.809262,3.817363,0.008101,,zabih-compute-01,,0
300000000,dolma_sample,2027,3.82,full,role_depth_v4,1,1,8500,8500,278528000,278528000,45.591,45.544,54.844,56.584,0,0,0.000000,1.740,62.471,64.461,1.990,3.809262,3.808569,-0.000693,,zabih-compute-01,,0
300000000,dolma_sample,2027,3.82,full,role_depth_v5,1,1,8500,8500,278528000,278528000,45.591,45.582,54.844,57.380,0,0,0.000000,2.536,62.471,65.159,2.687,3.809262,3.809182,-0.000080,,elor-compute-01,,0
300000000,dolma_sample,2027,3.82,full,role_depth_v6,1,1,8500,8650,278528000,283443200,45.591,45.599,54.844,67.898,4915200,150,0.017647,13.054,62.471,75.559,13.088,3.809262,3.811792,0.002530,,damle-compute-01,,0
300000000,dolma_sample,2027,3.82,no_role_depth,full,1,1,8750,8500,286720000,278528000,45.600,45.591,57.981,54.844,-8192000,-250,-0.028571,-3.137,64.146,62.471,-1.674,3.813421,3.809262,-0.004159,seo-compute-01,,0,
300000000,dolma_sample,2027,3.82,no_role_depth,role_depth_v2,1,1,8750,8400,286720000,275251200,45.600,45.579,57.981,54.300,-11468800,-350,-0.040000,-3.681,64.146,62.542,-1.604,3.813421,3.806386,-0.007035,seo-compute-01,seo-compute-01,0,0
300000000,dolma_sample,2027,3.82,no_role_depth,role_depth_v3,1,1,8750,8900,286720000,291635200,45.600,45.596,57.981,57.808,4915200,150,0.017143,-0.173,64.146,63.090,-1.056,3.813421,3.817363,0.003942,seo-compute-01,zabih-compute-01,0,0
300000000,dolma_sample,2027,3.82,no_role_depth,role_depth_v4,1,1,8750,8500,286720000,278528000,45.600,45.544,57.981,56.584,-8192000,-250,-0.028571,-1.397,64.146,64.461,0.315,3.813421,3.808569,-0.004852,seo-compute-01,zabih-compute-01,0,0
300000000,dolma_sample,2027,3.82,no_role_depth,role_depth_v5,1,1,8750,8500,286720000,278528000,45.600,45.582,57.981,57.380,-8192000,-250,-0.028571,-0.601,64.146,65.159,1.013,3.813421,3.809182,-0.004239,seo-compute-01,elor-compute-01,0,0
300000000,dolma_sample,2027,3.82,no_role_depth,role_depth_v6,1,1,8750,8650,286720000,283443200,45.600,45.599,57.981,67.898,-3276800,-100,-0.011429,9.917,64.146,75.559,11.413,3.813421,3.811792,-0.001629,seo-compute-01,damle-compute-01,0,0
300000000,dolma_sample,3407,4.20,full,no_role_depth,1,1,2750,2750,90112000,90112000,66.522,66.332,26.181,16.993,0,0,0.000000,-9.188,90.652,59.929,-30.723,3.797840,3.801430,0.003590,lil-compute-04,abdelfattah-compute-03,0,0
300000000,dolma_sample,3407,4.20,full,role_depth_v2,1,1,2750,2750,90112000,90112000,66.522,66.651,26.181,17.699,0,0,0.000000,-8.482,90.652,62.321,-28.331,3.797840,3.798095,0.000255,lil-compute-04,elor-compute-01,0,0
300000000,dolma_sample,3407,4.20,full,role_depth_v3,1,1,2750,2700,90112000,88473600,66.522,66.666,26.181,16.776,-1638400,-50,-0.018182,-9.404,90.652,60.434,-30.217,3.797840,3.802134,0.004294,lil-compute-04,elor-compute-01,0,0
300000000,dolma_sample,3407,4.20,full,role_depth_v4,1,1,2750,2750,90112000,90112000,66.522,66.512,26.181,17.775,0,0,0.000000,-8.405,90.652,62.590,-28.061,3.797840,3.796174,-0.001666,lil-compute-04,elor-compute-01,0,0
300000000,dolma_sample,3407,4.20,full,role_depth_v5,1,1,2750,2750,90112000,90112000,66.522,66.661,26.181,20.973,0,0,0.000000,-5.208,90.652,73.454,-17.197,3.797840,3.796721,-0.001119,lil-compute-04,badfellow,0,1
300000000,dolma_sample,3407,4.20,full,role_depth_v6,1,1,2750,2750,90112000,90112000,66.522,66.168,26.181,22.572,0,0,0.000000,-3.609,90.652,78.664,-11.988,3.797840,3.799232,0.001392,lil-compute-04,nikola-compute-18,0,0
300000000,dolma_sample,3407,4.20,no_role_depth,full,1,1,2750,2750,90112000,90112000,66.332,66.522,16.993,26.181,0,0,0.000000,9.188,59.929,90.652,30.723,3.801430,3.797840,-0.003590,abdelfattah-compute-03,lil-compute-04,0,0
300000000,dolma_sample,3407,4.20,no_role_depth,role_depth_v2,1,1,2750,2750,90112000,90112000,66.332,66.651,16.993,17.699,0,0,0.000000,0.706,59.929,62.321,2.392,3.801430,3.798095,-0.003335,abdelfattah-compute-03,elor-compute-01,0,0
300000000,dolma_sample,3407,4.20,no_role_depth,role_depth_v3,1,1,2750,2700,90112000,88473600,66.332,66.666,16.993,16.776,-1638400,-50,-0.018182,-0.216,59.929,60.434,0.505,3.801430,3.802134,0.000704,abdelfattah-compute-03,elor-compute-01,0,0
300000000,dolma_sample,3407,4.20,no_role_depth,role_depth_v4,1,1,2750,2750,90112000,90112000,66.332,66.512,16.993,17.775,0,0,0.000000,0.783,59.929,62.590,2.661,3.801430,3.796174,-0.005256,abdelfattah-compute-03,elor-compute-01,0,0
300000000,dolma_sample,3407,4.20,no_role_depth,role_depth_v5,1,1,2750,2750,90112000,90112000,66.332,66.661,16.993,20.973,0,0,0.000000,3.980,59.929,73.454,13.525,3.801430,3.796721,-0.004709,abdelfattah-compute-03,badfellow,0,1
300000000,dolma_sample,3407,4.20,no_role_depth,role_depth_v6,1,1,2750,2750,90112000,90112000,66.332,66.168,16.993,22.572,0,0,0.000000,5.579,59.929,78.664,18.735,3.801430,3.799232,-0.002198,abdelfattah-compute-03,nikola-compute-18,0,0
300000000,dolma_sample,3407,4.10,full,no_role_depth,1,1,3650,3500,119603200,114688000,60.272,60.329,34.749,21.627,-4915200,-150,-0.041096,-13.122,90.652,59.929,-30.723,3.797840,3.801430,0.003590,lil-compute-04,abdelfattah-compute-03,0,0
300000000,dolma_sample,3407,4.10,full,role_depth_v2,1,1,3650,3700,119603200,121241600,60.272,59.969,34.749,23.813,1638400,50,0.013699,-10.936,90.652,62.321,-28.331,3.797840,3.798095,0.000255,lil-compute-04,elor-compute-01,0,0
300000000,dolma_sample,3407,4.10,full,role_depth_v3,1,1,3650,3550,119603200,116326400,60.272,60.198,34.749,22.058,-3276800,-100,-0.027397,-12.691,90.652,60.434,-30.217,3.797840,3.802134,0.004294,lil-compute-04,elor-compute-01,0,0
300000000,dolma_sample,3407,4.10,full,role_depth_v4,1,1,3650,3550,119603200,116326400,60.272,60.041,34.749,22.947,-3276800,-100,-0.027397,-11.802,90.652,62.590,-28.061,3.797840,3.796174,-0.001666,lil-compute-04,elor-compute-01,0,0
300000000,dolma_sample,3407,4.10,full,role_depth_v5,1,1,3650,3600,119603200,117964800,60.272,60.062,34.749,27.455,-1638400,-50,-0.013699,-7.294,90.652,73.454,-17.197,3.797840,3.796721,-0.001119,lil-compute-04,badfellow,0,1
300000000,dolma_sample,3407,4.10,full,role_depth_v6,1,1,3650,3500,119603200,114688000,60.272,60.235,34.749,28.728,-4915200,-150,-0.041096,-6.021,90.652,78.664,-11.988,3.797840,3.799232,0.001392,lil-compute-04,nikola-compute-18,0,0
300000000,dolma_sample,3407,4.10,no_role_depth,full,1,1,3500,3650,114688000,119603200,60.329,60.272,21.627,34.749,4915200,150,0.042857,13.122,59.929,90.652,30.723,3.801430,3.797840,-0.003590,abdelfattah-compute-03,lil-compute-04,0,0
300000000,dolma_sample,3407,4.10,no_role_depth,role_depth_v2,1,1,3500,3700,114688000,121241600,60.329,59.969,21.627,23.813,6553600,200,0.057143,2.185,59.929,62.321,2.392,3.801430,3.798095,-0.003335,abdelfattah-compute-03,elor-compute-01,0,0
300000000,dolma_sample,3407,4.10,no_role_depth,role_depth_v3,1,1,3500,3550,114688000,116326400,60.329,60.198,21.627,22.058,1638400,50,0.014286,0.431,59.929,60.434,0.505,3.801430,3.802134,0.000704,abdelfattah-compute-03,elor-compute-01,0,0
300000000,dolma_sample,3407,4.10,no_role_depth,role_depth_v4,1,1,3500,3550,114688000,116326400,60.329,60.041,21.627,22.947,1638400,50,0.014286,1.319,59.929,62.590,2.661,3.801430,3.796174,-0.005256,abdelfattah-compute-03,elor-compute-01,0,0
300000000,dolma_sample,3407,4.10,no_role_depth,role_depth_v5,1,1,3500,3600,114688000,117964800,60.329,60.062,21.627,27.455,3276800,100,0.028571,5.828,59.929,73.454,13.525,3.801430,3.796721,-0.004709,abdelfattah-compute-03,badfellow,0,1
300000000,dolma_sample,3407,4.10,no_role_depth,role_depth_v6,1,1,3500,3500,114688000,114688000,60.329,60.235,21.627,28.728,0,0,0.000000,7.101,59.929,78.664,18.735,3.801430,3.799232,-0.002198,abdelfattah-compute-03,nikola-compute-18,0,0
300000000,dolma_sample,3407,4.00,full,no_role_depth,1,1,4700,4700,154009600,154009600,54.562,54.285,44.745,29.042,0,0,0.000000,-15.703,90.652,59.929,-30.723,3.797840,3.801430,0.003590,lil-compute-04,abdelfattah-compute-03,0,0
300000000,dolma_sample,3407,4.00,full,role_depth_v2,1,1,4700,4700,154009600,154009600,54.562,54.434,44.745,30.248,0,0,0.000000,-14.497,90.652,62.321,-28.331,3.797840,3.798095,0.000255,lil-compute-04,elor-compute-01,0,0
300000000,dolma_sample,3407,4.00,full,role_depth_v3,1,1,4700,4700,154009600,154009600,54.562,54.302,44.745,29.204,0,0,0.000000,-15.541,90.652,60.434,-30.217,3.797840,3.802134,0.004294,lil-compute-04,elor-compute-01,0,0
300000000,dolma_sample,3407,4.00,full,role_depth_v4,1,1,4700,4650,154009600,152371200,54.562,54.429,44.745,30.057,-1638400,-50,-0.010638,-14.688,90.652,62.590,-28.061,3.797840,3.796174,-0.001666,lil-compute-04,elor-compute-01,0,0
300000000,dolma_sample,3407,4.00,full,role_depth_v5,1,1,4700,4650,154009600,152371200,54.562,54.549,44.745,35.463,-1638400,-50,-0.010638,-9.282,90.652,73.454,-17.197,3.797840,3.796721,-0.001119,lil-compute-04,badfellow,0,1
300000000,dolma_sample,3407,4.00,full,role_depth_v6,1,1,4700,4650,154009600,152371200,54.562,54.329,44.745,38.167,-1638400,-50,-0.010638,-6.578,90.652,78.664,-11.988,3.797840,3.799232,0.001392,lil-compute-04,nikola-compute-18,0,0
300000000,dolma_sample,3407,4.00,no_role_depth,full,1,1,4700,4700,154009600,154009600,54.285,54.562,29.042,44.745,0,0,0.000000,15.703,59.929,90.652,30.723,3.801430,3.797840,-0.003590,abdelfattah-compute-03,lil-compute-04,0,0
300000000,dolma_sample,3407,4.00,no_role_depth,role_depth_v2,1,1,4700,4700,154009600,154009600,54.285,54.434,29.042,30.248,0,0,0.000000,1.206,59.929,62.321,2.392,3.801430,3.798095,-0.003335,abdelfattah-compute-03,elor-compute-01,0,0
300000000,dolma_sample,3407,4.00,no_role_depth,role_depth_v3,1,1,4700,4700,154009600,154009600,54.285,54.302,29.042,29.204,0,0,0.000000,0.161,59.929,60.434,0.505,3.801430,3.802134,0.000704,abdelfattah-compute-03,elor-compute-01,0,0
300000000,dolma_sample,3407,4.00,no_role_depth,role_depth_v4,1,1,4700,4650,154009600,152371200,54.285,54.429,29.042,30.057,-1638400,-50,-0.010638,1.015,59.929,62.590,2.661,3.801430,3.796174,-0.005256,abdelfattah-compute-03,elor-compute-01,0,0
300000000,dolma_sample,3407,4.00,no_role_depth,role_depth_v5,1,1,4700,4650,154009600,152371200,54.285,54.549,29.042,35.463,-1638400,-50,-0.010638,6.420,59.929,73.454,13.525,3.801430,3.796721,-0.004709,abdelfattah-compute-03,badfellow,0,1
300000000,dolma_sample,3407,4.00,no_role_depth,role_depth_v6,1,1,4700,4650,154009600,152371200,54.285,54.329,29.042,38.167,-1638400,-50,-0.010638,9.125,59.929,78.664,18.735,3.801430,3.799232,-0.002198,abdelfattah-compute-03,nikola-compute-18,0,0
300000000,dolma_sample,3407,3.95,full,no_role_depth,1,1,5400,5300,176947200,173670400,51.685,51.915,51.409,32.750,-3276800,-100,-0.018519,-18.660,90.652,59.929,-30.723,3.797840,3.801430,0.003590,lil-compute-04,abdelfattah-compute-03,0,0
300000000,dolma_sample,3407,3.95,full,role_depth_v2,1,1,5400,5400,176947200,176947200,51.685,51.755,51.409,34.754,0,0,0.000000,-16.656,90.652,62.321,-28.331,3.797840,3.798095,0.000255,lil-compute-04,elor-compute-01,0,0
300000000,dolma_sample,3407,3.95,full,role_depth_v3,1,1,5400,5300,176947200,173670400,51.685,51.808,51.409,32.932,-3276800,-100,-0.018519,-18.478,90.652,60.434,-30.217,3.797840,3.802134,0.004294,lil-compute-04,elor-compute-01,0,0
300000000,dolma_sample,3407,3.95,full,role_depth_v4,1,1,5400,5300,176947200,173670400,51.685,51.796,51.409,34.258,-3276800,-100,-0.018519,-17.151,90.652,62.590,-28.061,3.797840,3.796174,-0.001666,lil-compute-04,elor-compute-01,0,0
300000000,dolma_sample,3407,3.95,full,role_depth_v5,1,1,5400,5300,176947200,173670400,51.685,51.846,51.409,40.420,-3276800,-100,-0.018519,-10.989,90.652,73.454,-17.197,3.797840,3.796721,-0.001119,lil-compute-04,badfellow,0,1
300000000,dolma_sample,3407,3.95,full,role_depth_v6,1,1,5400,5250,176947200,172032000,51.685,51.926,51.409,43.092,-4915200,-150,-0.027778,-8.317,90.652,78.664,-11.988,3.797840,3.799232,0.001392,lil-compute-04,nikola-compute-18,0,0
300000000,dolma_sample,3407,3.95,no_role_depth,full,1,1,5300,5400,173670400,176947200,51.915,51.685,32.750,51.409,3276800,100,0.018868,18.660,59.929,90.652,30.723,3.801430,3.797840,-0.003590,abdelfattah-compute-03,lil-compute-04,0,0
300000000,dolma_sample,3407,3.95,no_role_depth,role_depth_v2,1,1,5300,5400,173670400,176947200,51.915,51.755,32.750,34.754,3276800,100,0.018868,2.004,59.929,62.321,2.392,3.801430,3.798095,-0.003335,abdelfattah-compute-03,elor-compute-01,0,0
300000000,dolma_sample,3407,3.95,no_role_depth,role_depth_v3,1,1,5300,5300,173670400,173670400,51.915,51.808,32.750,32.932,0,0,0.000000,0.182,59.929,60.434,0.505,3.801430,3.802134,0.000704,abdelfattah-compute-03,elor-compute-01,0,0
300000000,dolma_sample,3407,3.95,no_role_depth,role_depth_v4,1,1,5300,5300,173670400,173670400,51.915,51.796,32.750,34.258,0,0,0.000000,1.509,59.929,62.590,2.661,3.801430,3.796174,-0.005256,abdelfattah-compute-03,elor-compute-01,0,0
300000000,dolma_sample,3407,3.95,no_role_depth,role_depth_v5,1,1,5300,5300,173670400,173670400,51.915,51.846,32.750,40.420,0,0,0.000000,7.670,59.929,73.454,13.525,3.801430,3.796721,-0.004709,abdelfattah-compute-03,badfellow,0,1
300000000,dolma_sample,3407,3.95,no_role_depth,role_depth_v6,1,1,5300,5250,173670400,172032000,51.915,51.926,32.750,43.092,-1638400,-50,-0.009434,10.342,59.929,78.664,18.735,3.801430,3.799232,-0.002198,abdelfattah-compute-03,nikola-compute-18,0,0
300000000,dolma_sample,3407,3.90,full,no_role_depth,1,1,6150,6150,201523200,201523200,49.363,49.304,58.549,38.002,0,0,0.000000,-20.547,90.652,59.929,-30.723,3.797840,3.801430,0.003590,lil-compute-04,abdelfattah-compute-03,0,0
300000000,dolma_sample,3407,3.90,full,role_depth_v2,1,1,6150,6150,201523200,201523200,49.363,49.328,58.549,39.580,0,0,0.000000,-18.969,90.652,62.321,-28.331,3.797840,3.798095,0.000255,lil-compute-04,elor-compute-01,0,0
300000000,dolma_sample,3407,3.90,full,role_depth_v3,1,1,6150,6150,201523200,201523200,49.363,49.357,58.549,38.213,0,0,0.000000,-20.336,90.652,60.434,-30.217,3.797840,3.802134,0.004294,lil-compute-04,elor-compute-01,0,0
300000000,dolma_sample,3407,3.90,full,role_depth_v4,1,1,6150,6050,201523200,198246400,49.363,49.399,58.549,39.106,-3276800,-100,-0.016260,-19.443,90.652,62.590,-28.061,3.797840,3.796174,-0.001666,lil-compute-04,elor-compute-01,0,0
300000000,dolma_sample,3407,3.90,full,role_depth_v5,1,1,6150,6100,201523200,199884800,49.363,49.328,58.549,46.521,-1638400,-50,-0.008130,-12.028,90.652,73.454,-17.197,3.797840,3.796721,-0.001119,lil-compute-04,badfellow,0,1
300000000,dolma_sample,3407,3.90,full,role_depth_v6,1,1,6150,6050,201523200,198246400,49.363,49.347,58.549,49.658,-3276800,-100,-0.016260,-8.891,90.652,78.664,-11.988,3.797840,3.799232,0.001392,lil-compute-04,nikola-compute-18,0,0
300000000,dolma_sample,3407,3.90,no_role_depth,full,1,1,6150,6150,201523200,201523200,49.304,49.363,38.002,58.549,0,0,0.000000,20.547,59.929,90.652,30.723,3.801430,3.797840,-0.003590,abdelfattah-compute-03,lil-compute-04,0,0
300000000,dolma_sample,3407,3.90,no_role_depth,role_depth_v2,1,1,6150,6150,201523200,201523200,49.304,49.328,38.002,39.580,0,0,0.000000,1.578,59.929,62.321,2.392,3.801430,3.798095,-0.003335,abdelfattah-compute-03,elor-compute-01,0,0
300000000,dolma_sample,3407,3.90,no_role_depth,role_depth_v3,1,1,6150,6150,201523200,201523200,49.304,49.357,38.002,38.213,0,0,0.000000,0.211,59.929,60.434,0.505,3.801430,3.802134,0.000704,abdelfattah-compute-03,elor-compute-01,0,0
300000000,dolma_sample,3407,3.90,no_role_depth,role_depth_v4,1,1,6150,6050,201523200,198246400,49.304,49.399,38.002,39.106,-3276800,-100,-0.016260,1.104,59.929,62.590,2.661,3.801430,3.796174,-0.005256,abdelfattah-compute-03,elor-compute-01,0,0
300000000,dolma_sample,3407,3.90,no_role_depth,role_depth_v5,1,1,6150,6100,201523200,199884800,49.304,49.328,38.002,46.521,-1638400,-50,-0.008130,8.519,59.929,73.454,13.525,3.801430,3.796721,-0.004709,abdelfattah-compute-03,badfellow,0,1
300000000,dolma_sample,3407,3.90,no_role_depth,role_depth_v6,1,1,6150,6050,201523200,198246400,49.304,49.347,38.002,49.658,-3276800,-100,-0.016260,11.656,59.929,78.664,18.735,3.801430,3.799232,-0.002198,abdelfattah-compute-03,nikola-compute-18,0,0
300000000,dolma_sample,3407,3.85,full,no_role_depth,1,1,7200,7200,235929600,235929600,46.861,46.920,68.546,44.490,0,0,0.000000,-24.055,90.652,59.929,-30.723,3.797840,3.801430,0.003590,lil-compute-04,abdelfattah-compute-03,0,0
300000000,dolma_sample,3407,3.85,full,role_depth_v2,1,1,7200,7200,235929600,235929600,46.861,46.923,68.546,46.338,0,0,0.000000,-22.208,90.652,62.321,-28.331,3.797840,3.798095,0.000255,lil-compute-04,elor-compute-01,0,0
300000000,dolma_sample,3407,3.85,full,role_depth_v3,1,1,7200,7250,235929600,237568000,46.861,46.970,68.546,45.048,1638400,50,0.006944,-23.498,90.652,60.434,-30.217,3.797840,3.802134,0.004294,lil-compute-04,elor-compute-01,0,0
300000000,dolma_sample,3407,3.85,full,role_depth_v4,1,1,7200,7150,235929600,234291200,46.861,46.914,68.546,46.216,-1638400,-50,-0.006944,-22.329,90.652,62.590,-28.061,3.797840,3.796174,-0.001666,lil-compute-04,elor-compute-01,0,0
300000000,dolma_sample,3407,3.85,full,role_depth_v5,1,1,7200,7150,235929600,234291200,46.861,46.902,68.546,54.529,-1638400,-50,-0.006944,-14.017,90.652,73.454,-17.197,3.797840,3.796721,-0.001119,lil-compute-04,badfellow,0,1
300000000,dolma_sample,3407,3.85,full,role_depth_v6,1,1,7200,7150,235929600,234291200,46.861,46.933,68.546,58.687,-1638400,-50,-0.006944,-9.858,90.652,78.664,-11.988,3.797840,3.799232,0.001392,lil-compute-04,nikola-compute-18,0,0
300000000,dolma_sample,3407,3.85,no_role_depth,full,1,1,7200,7200,235929600,235929600,46.920,46.861,44.490,68.546,0,0,0.000000,24.055,59.929,90.652,30.723,3.801430,3.797840,-0.003590,abdelfattah-compute-03,lil-compute-04,0,0
300000000,dolma_sample,3407,3.85,no_role_depth,role_depth_v2,1,1,7200,7200,235929600,235929600,46.920,46.923,44.490,46.338,0,0,0.000000,1.848,59.929,62.321,2.392,3.801430,3.798095,-0.003335,abdelfattah-compute-03,elor-compute-01,0,0
300000000,dolma_sample,3407,3.85,no_role_depth,role_depth_v3,1,1,7200,7250,235929600,237568000,46.920,46.970,44.490,45.048,1638400,50,0.006944,0.558,59.929,60.434,0.505,3.801430,3.802134,0.000704,abdelfattah-compute-03,elor-compute-01,0,0
300000000,dolma_sample,3407,3.85,no_role_depth,role_depth_v4,1,1,7200,7150,235929600,234291200,46.920,46.914,44.490,46.216,-1638400,-50,-0.006944,1.726,59.929,62.590,2.661,3.801430,3.796174,-0.005256,abdelfattah-compute-03,elor-compute-01,0,0
300000000,dolma_sample,3407,3.85,no_role_depth,role_depth_v5,1,1,7200,7150,235929600,234291200,46.920,46.902,44.490,54.529,-1638400,-50,-0.006944,10.038,59.929,73.454,13.525,3.801430,3.796721,-0.004709,abdelfattah-compute-03,badfellow,0,1
300000000,dolma_sample,3407,3.85,no_role_depth,role_depth_v6,1,1,7200,7150,235929600,234291200,46.920,46.933,44.490,58.687,-1638400,-50,-0.006944,14.197,59.929,78.664,18.735,3.801430,3.799232,-0.002198,abdelfattah-compute-03,nikola-compute-18,0,0
300000000,dolma_sample,3407,3.82,full,no_role_depth,1,1,8050,8150,263782400,267059200,45.578,45.581,76.638,50.360,3276800,100,0.012422,-26.277,90.652,59.929,-30.723,3.797840,3.801430,0.003590,lil-compute-04,abdelfattah-compute-03,0,0
300000000,dolma_sample,3407,3.82,full,role_depth_v2,1,1,8050,8100,263782400,265420800,45.578,45.584,76.638,52.130,1638400,50,0.006211,-24.507,90.652,62.321,-28.331,3.797840,3.798095,0.000255,lil-compute-04,elor-compute-01,0,0
300000000,dolma_sample,3407,3.82,full,role_depth_v3,1,1,8050,8250,263782400,270336000,45.578,45.557,76.638,51.261,6553600,200,0.024845,-25.376,90.652,60.434,-30.217,3.797840,3.802134,0.004294,lil-compute-04,elor-compute-01,0,0
300000000,dolma_sample,3407,3.82,full,role_depth_v4,1,1,8050,8000,263782400,262144000,45.578,45.535,76.638,51.710,-1638400,-50,-0.006211,-24.927,90.652,62.590,-28.061,3.797840,3.796174,-0.001666,lil-compute-04,elor-compute-01,0,0
300000000,dolma_sample,3407,3.82,full,role_depth_v5,1,1,8050,8000,263782400,262144000,45.578,45.595,76.638,61.011,-1638400,-50,-0.006211,-15.627,90.652,73.454,-17.197,3.797840,3.796721,-0.001119,lil-compute-04,badfellow,0,1
300000000,dolma_sample,3407,3.82,full,role_depth_v6,1,1,8050,8100,263782400,265420800,45.578,45.535,76.638,66.485,1638400,50,0.006211,-10.153,90.652,78.664,-11.988,3.797840,3.799232,0.001392,lil-compute-04,nikola-compute-18,0,0
300000000,dolma_sample,3407,3.82,no_role_depth,full,1,1,8150,8050,267059200,263782400,45.581,45.578,50.360,76.638,-3276800,-100,-0.012270,26.277,59.929,90.652,30.723,3.801430,3.797840,-0.003590,abdelfattah-compute-03,lil-compute-04,0,0
300000000,dolma_sample,3407,3.82,no_role_depth,role_depth_v2,1,1,8150,8100,267059200,265420800,45.581,45.584,50.360,52.130,-1638400,-50,-0.006135,1.770,59.929,62.321,2.392,3.801430,3.798095,-0.003335,abdelfattah-compute-03,elor-compute-01,0,0
300000000,dolma_sample,3407,3.82,no_role_depth,role_depth_v3,1,1,8150,8250,267059200,270336000,45.581,45.557,50.360,51.261,3276800,100,0.012270,0.901,59.929,60.434,0.505,3.801430,3.802134,0.000704,abdelfattah-compute-03,elor-compute-01,0,0
300000000,dolma_sample,3407,3.82,no_role_depth,role_depth_v4,1,1,8150,8000,267059200,262144000,45.581,45.535,50.360,51.710,-4915200,-150,-0.018405,1.350,59.929,62.590,2.661,3.801430,3.796174,-0.005256,abdelfattah-compute-03,elor-compute-01,0,0
300000000,dolma_sample,3407,3.82,no_role_depth,role_depth_v5,1,1,8150,8000,267059200,262144000,45.581,45.595,50.360,61.011,-4915200,-150,-0.018405,10.651,59.929,73.454,13.525,3.801430,3.796721,-0.004709,abdelfattah-compute-03,badfellow,0,1
300000000,dolma_sample,3407,3.82,no_role_depth,role_depth_v6,1,1,8150,8100,267059200,265420800,45.581,45.535,50.360,66.485,-1638400,-50,-0.006135,16.124,59.929,78.664,18.735,3.801430,3.799232,-0.002198,abdelfattah-compute-03,nikola-compute-18,0,0
300000000,c4_en,1337,4.40,full,no_role_depth,1,1,2050,2150,67174400,70451200,81.078,81.171,13.243,15.783,3276800,100,0.048780,2.539,62.611,70.961,8.350,3.872497,3.879306,0.006809,,damle-compute-01,,0
300000000,c4_en,1337,4.40,full,role_depth_v2,1,1,2050,2050,67174400,67174400,81.078,80.846,13.243,13.657,0,0,0.000000,0.413,62.611,64.404,1.792,3.872497,3.871967,-0.000530,,zabih-compute-01,,0
300000000,c4_en,1337,4.40,full,role_depth_v3,1,1,2050,2150,67174400,70451200,81.078,81.087,13.243,16.978,3276800,100,0.048780,3.735,62.611,75.934,13.323,3.872497,3.879733,0.007236,,nikola-compute-18,,0
300000000,c4_en,1337,4.40,full,role_depth_v4,1,1,2050,2150,67174400,70451200,81.078,81.131,13.243,16.311,3276800,100,0.048780,3.067,62.611,73.255,10.644,3.872497,3.873733,0.001237,,damle-compute-01,,0
300000000,c4_en,1337,4.40,full,role_depth_v5,1,1,2050,2100,67174400,68812800,81.078,81.043,13.243,15.675,1638400,50,0.024390,2.431,62.611,71.771,9.159,3.872497,3.869972,-0.002525,,rush-compute-02,,0
300000000,c4_en,1337,4.40,full,role_depth_v6,1,1,2050,2150,67174400,70451200,81.078,81.164,13.243,16.130,3276800,100,0.048780,2.887,62.611,72.117,9.506,3.872497,3.871364,-0.001133,,rush-compute-02,,0
300000000,c4_en,1337,4.40,no_role_depth,full,1,1,2150,2050,70451200,67174400,81.171,81.078,15.783,13.243,-3276800,-100,-0.046512,-2.539,70.961,62.611,-8.350,3.879306,3.872497,-0.006809,damle-compute-01,,0,
300000000,c4_en,1337,4.40,no_role_depth,role_depth_v2,1,1,2150,2050,70451200,67174400,81.171,80.846,15.783,13.657,-3276800,-100,-0.046512,-2.126,70.961,64.404,-6.557,3.879306,3.871967,-0.007339,damle-compute-01,zabih-compute-01,0,0
300000000,c4_en,1337,4.40,no_role_depth,role_depth_v3,1,1,2150,2150,70451200,70451200,81.171,81.087,15.783,16.978,0,0,0.000000,1.195,70.961,75.934,4.973,3.879306,3.879733,0.000427,damle-compute-01,nikola-compute-18,0,0
300000000,c4_en,1337,4.40,no_role_depth,role_depth_v4,1,1,2150,2150,70451200,70451200,81.171,81.131,15.783,16.311,0,0,0.000000,0.528,70.961,73.255,2.294,3.879306,3.873733,-0.005573,damle-compute-01,damle-compute-01,0,0
300000000,c4_en,1337,4.40,no_role_depth,role_depth_v5,1,1,2150,2100,70451200,68812800,81.171,81.043,15.783,15.675,-1638400,-50,-0.023256,-0.108,70.961,71.771,0.810,3.879306,3.869972,-0.009334,damle-compute-01,rush-compute-02,0,0
300000000,c4_en,1337,4.40,no_role_depth,role_depth_v6,1,1,2150,2150,70451200,70451200,81.171,81.164,15.783,16.130,0,0,0.000000,0.348,70.961,72.117,1.156,3.879306,3.871364,-0.007942,damle-compute-01,rush-compute-02,0,0
300000000,c4_en,1337,4.30,full,no_role_depth,1,1,2750,2750,90112000,90112000,73.263,73.109,17.765,20.187,0,0,0.000000,2.422,62.611,70.961,8.350,3.872497,3.879306,0.006809,,damle-compute-01,,0
300000000,c4_en,1337,4.30,full,role_depth_v2,1,1,2750,2750,90112000,90112000,73.263,73.438,17.765,18.320,0,0,0.000000,0.555,62.611,64.404,1.792,3.872497,3.871967,-0.000530,,zabih-compute-01,,0
300000000,c4_en,1337,4.30,full,role_depth_v3,1,1,2750,2750,90112000,90112000,73.263,72.971,17.765,21.716,0,0,0.000000,3.951,62.611,75.934,13.323,3.872497,3.879733,0.007236,,nikola-compute-18,,0
300000000,c4_en,1337,4.30,full,role_depth_v4,1,1,2750,2750,90112000,90112000,73.263,73.189,17.765,20.862,0,0,0.000000,3.097,62.611,73.255,10.644,3.872497,3.873733,0.001237,,damle-compute-01,,0
300000000,c4_en,1337,4.30,full,role_depth_v5,1,1,2750,2800,90112000,91750400,73.263,73.098,17.765,20.899,1638400,50,0.018182,3.134,62.611,71.771,9.159,3.872497,3.869972,-0.002525,,rush-compute-02,,0
300000000,c4_en,1337,4.30,full,role_depth_v6,1,1,2750,2700,90112000,88473600,73.263,73.484,17.765,20.257,-1638400,-50,-0.018182,2.491,62.611,72.117,9.506,3.872497,3.871364,-0.001133,,rush-compute-02,,0
300000000,c4_en,1337,4.30,no_role_depth,full,1,1,2750,2750,90112000,90112000,73.109,73.263,20.187,17.765,0,0,0.000000,-2.422,70.961,62.611,-8.350,3.879306,3.872497,-0.006809,damle-compute-01,,0,
300000000,c4_en,1337,4.30,no_role_depth,role_depth_v2,1,1,2750,2750,90112000,90112000,73.109,73.438,20.187,18.320,0,0,0.000000,-1.867,70.961,64.404,-6.557,3.879306,3.871967,-0.007339,damle-compute-01,zabih-compute-01,0,0
300000000,c4_en,1337,4.30,no_role_depth,role_depth_v3,1,1,2750,2750,90112000,90112000,73.109,72.971,20.187,21.716,0,0,0.000000,1.529,70.961,75.934,4.973,3.879306,3.879733,0.000427,damle-compute-01,nikola-compute-18,0,0
300000000,c4_en,1337,4.30,no_role_depth,role_depth_v4,1,1,2750,2750,90112000,90112000,73.109,73.189,20.187,20.862,0,0,0.000000,0.675,70.961,73.255,2.294,3.879306,3.873733,-0.005573,damle-compute-01,damle-compute-01,0,0
300000000,c4_en,1337,4.30,no_role_depth,role_depth_v5,1,1,2750,2800,90112000,91750400,73.109,73.098,20.187,20.899,1638400,50,0.018182,0.712,70.961,71.771,0.810,3.879306,3.869972,-0.009334,damle-compute-01,rush-compute-02,0,0
300000000,c4_en,1337,4.30,no_role_depth,role_depth_v6,1,1,2750,2700,90112000,88473600,73.109,73.484,20.187,20.257,-1638400,-50,-0.018182,0.069,70.961,72.117,1.156,3.879306,3.871364,-0.007942,damle-compute-01,rush-compute-02,0,0
300000000,c4_en,1337,4.20,full,no_role_depth,1,1,3550,3450,116326400,113049600,66.493,66.474,22.934,25.326,-3276800,-100,-0.028169,2.392,62.611,70.961,8.350,3.872497,3.879306,0.006809,,damle-compute-01,,0
300000000,c4_en,1337,4.20,full,role_depth_v2,1,1,3550,3600,116326400,117964800,66.493,66.210,22.934,23.983,1638400,50,0.014085,1.049,62.611,64.404,1.792,3.872497,3.871967,-0.000530,,zabih-compute-01,,0
300000000,c4_en,1337,4.20,full,role_depth_v3,1,1,3550,3450,116326400,113049600,66.493,66.405,22.934,27.244,-3276800,-100,-0.028169,4.310,62.611,75.934,13.323,3.872497,3.879733,0.007236,,nikola-compute-18,,0
300000000,c4_en,1337,4.20,full,role_depth_v4,1,1,3550,3450,116326400,113049600,66.493,66.553,22.934,26.173,-3276800,-100,-0.028169,3.239,62.611,73.255,10.644,3.872497,3.873733,0.001237,,damle-compute-01,,0
300000000,c4_en,1337,4.20,full,role_depth_v5,1,1,3550,3500,116326400,114688000,66.493,66.512,22.934,26.124,-1638400,-50,-0.014085,3.191,62.611,71.771,9.159,3.872497,3.869972,-0.002525,,rush-compute-02,,0
300000000,c4_en,1337,4.20,full,role_depth_v6,1,1,3550,3450,116326400,113049600,66.493,66.215,22.934,25.883,-3276800,-100,-0.028169,2.950,62.611,72.117,9.506,3.872497,3.871364,-0.001133,,rush-compute-02,,0
300000000,c4_en,1337,4.20,no_role_depth,full,1,1,3450,3550,113049600,116326400,66.474,66.493,25.326,22.934,3276800,100,0.028986,-2.392,70.961,62.611,-8.350,3.879306,3.872497,-0.006809,damle-compute-01,,0,
300000000,c4_en,1337,4.20,no_role_depth,role_depth_v2,1,1,3450,3600,113049600,117964800,66.474,66.210,25.326,23.983,4915200,150,0.043478,-1.343,70.961,64.404,-6.557,3.879306,3.871967,-0.007339,damle-compute-01,zabih-compute-01,0,0
300000000,c4_en,1337,4.20,no_role_depth,role_depth_v3,1,1,3450,3450,113049600,113049600,66.474,66.405,25.326,27.244,0,0,0.000000,1.918,70.961,75.934,4.973,3.879306,3.879733,0.000427,damle-compute-01,nikola-compute-18,0,0
300000000,c4_en,1337,4.20,no_role_depth,role_depth_v4,1,1,3450,3450,113049600,113049600,66.474,66.553,25.326,26.173,0,0,0.000000,0.847,70.961,73.255,2.294,3.879306,3.873733,-0.005573,damle-compute-01,damle-compute-01,0,0
300000000,c4_en,1337,4.20,no_role_depth,role_depth_v5,1,1,3450,3500,113049600,114688000,66.474,66.512,25.326,26.124,1638400,50,0.014493,0.799,70.961,71.771,0.810,3.879306,3.869972,-0.009334,damle-compute-01,rush-compute-02,0,0
300000000,c4_en,1337,4.20,no_role_depth,role_depth_v6,1,1,3450,3450,113049600,113049600,66.474,66.215,25.326,25.883,0,0,0.000000,0.558,70.961,72.117,1.156,3.879306,3.871364,-0.007942,damle-compute-01,rush-compute-02,0,0
300000000,c4_en,1337,4.10,full,no_role_depth,1,1,4500,4400,147456000,144179200,60.310,60.330,29.071,32.299,-3276800,-100,-0.022222,3.229,62.611,70.961,8.350,3.872497,3.879306,0.006809,,damle-compute-01,,0
300000000,c4_en,1337,4.10,full,role_depth_v2,1,1,4500,4500,147456000,147456000,60.310,60.337,29.071,29.978,0,0,0.000000,0.907,62.611,64.404,1.792,3.872497,3.871967,-0.000530,,zabih-compute-01,,0
300000000,c4_en,1337,4.10,full,role_depth_v3,1,1,4500,4450,147456000,145817600,60.310,60.158,29.071,35.141,-1638400,-50,-0.011111,6.070,62.611,75.934,13.323,3.872497,3.879733,0.007236,,nikola-compute-18,,0
300000000,c4_en,1337,4.10,full,role_depth_v4,1,1,4500,4450,147456000,145817600,60.310,60.135,29.071,33.759,-1638400,-50,-0.011111,4.688,62.611,73.255,10.644,3.872497,3.873733,0.001237,,damle-compute-01,,0
300000000,c4_en,1337,4.10,full,role_depth_v5,1,1,4500,4450,147456000,145817600,60.310,60.299,29.071,33.215,-1638400,-50,-0.011111,4.144,62.611,71.771,9.159,3.872497,3.869972,-0.002525,,rush-compute-02,,0
300000000,c4_en,1337,4.10,full,role_depth_v6,1,1,4500,4350,147456000,142540800,60.310,60.305,29.071,32.635,-4915200,-150,-0.033333,3.565,62.611,72.117,9.506,3.872497,3.871364,-0.001133,,rush-compute-02,,0
300000000,c4_en,1337,4.10,no_role_depth,full,1,1,4400,4500,144179200,147456000,60.330,60.310,32.299,29.071,3276800,100,0.022727,-3.229,70.961,62.611,-8.350,3.879306,3.872497,-0.006809,damle-compute-01,,0,
300000000,c4_en,1337,4.10,no_role_depth,role_depth_v2,1,1,4400,4500,144179200,147456000,60.330,60.337,32.299,29.978,3276800,100,0.022727,-2.321,70.961,64.404,-6.557,3.879306,3.871967,-0.007339,damle-compute-01,zabih-compute-01,0,0
300000000,c4_en,1337,4.10,no_role_depth,role_depth_v3,1,1,4400,4450,144179200,145817600,60.330,60.158,32.299,35.141,1638400,50,0.011364,2.841,70.961,75.934,4.973,3.879306,3.879733,0.000427,damle-compute-01,nikola-compute-18,0,0
300000000,c4_en,1337,4.10,no_role_depth,role_depth_v4,1,1,4400,4450,144179200,145817600,60.330,60.135,32.299,33.759,1638400,50,0.011364,1.460,70.961,73.255,2.294,3.879306,3.873733,-0.005573,damle-compute-01,damle-compute-01,0,0
300000000,c4_en,1337,4.10,no_role_depth,role_depth_v5,1,1,4400,4450,144179200,145817600,60.330,60.299,32.299,33.215,1638400,50,0.011364,0.916,70.961,71.771,0.810,3.879306,3.869972,-0.009334,damle-compute-01,rush-compute-02,0,0
300000000,c4_en,1337,4.10,no_role_depth,role_depth_v6,1,1,4400,4350,144179200,142540800,60.330,60.305,32.299,32.635,-1638400,-50,-0.011364,0.336,70.961,72.117,1.156,3.879306,3.871364,-0.007942,damle-compute-01,rush-compute-02,0,0
300000000,c4_en,1337,4.05,full,no_role_depth,1,1,5100,5100,167116800,167116800,57.293,57.174,32.947,37.438,0,0,0.000000,4.491,62.611,70.961,8.350,3.872497,3.879306,0.006809,,damle-compute-01,,0
300000000,c4_en,1337,4.05,full,role_depth_v2,1,1,5100,5100,167116800,167116800,57.293,57.336,32.947,33.975,0,0,0.000000,1.028,62.611,64.404,1.792,3.872497,3.871967,-0.000530,,zabih-compute-01,,0
300000000,c4_en,1337,4.05,full,role_depth_v3,1,1,5100,5100,167116800,167116800,57.293,57.186,32.947,40.274,0,0,0.000000,7.327,62.611,75.934,13.323,3.872497,3.879733,0.007236,,nikola-compute-18,,0
300000000,c4_en,1337,4.05,full,role_depth_v4,1,1,5100,5100,167116800,167116800,57.293,57.170,32.947,38.690,0,0,0.000000,5.743,62.611,73.255,10.644,3.872497,3.873733,0.001237,,damle-compute-01,,0
300000000,c4_en,1337,4.05,full,role_depth_v5,1,1,5100,5100,167116800,167116800,57.293,57.198,32.947,38.067,0,0,0.000000,5.120,62.611,71.771,9.159,3.872497,3.869972,-0.002525,,rush-compute-02,,0
300000000,c4_en,1337,4.05,full,role_depth_v6,1,1,5100,5000,167116800,163840000,57.293,57.367,32.947,37.512,-3276800,-100,-0.019608,4.565,62.611,72.117,9.506,3.872497,3.871364,-0.001133,,rush-compute-02,,0
300000000,c4_en,1337,4.05,no_role_depth,full,1,1,5100,5100,167116800,167116800,57.174,57.293,37.438,32.947,0,0,0.000000,-4.491,70.961,62.611,-8.350,3.879306,3.872497,-0.006809,damle-compute-01,,0,
300000000,c4_en,1337,4.05,no_role_depth,role_depth_v2,1,1,5100,5100,167116800,167116800,57.174,57.336,37.438,33.975,0,0,0.000000,-3.463,70.961,64.404,-6.557,3.879306,3.871967,-0.007339,damle-compute-01,zabih-compute-01,0,0
300000000,c4_en,1337,4.05,no_role_depth,role_depth_v3,1,1,5100,5100,167116800,167116800,57.174,57.186,37.438,40.274,0,0,0.000000,2.836,70.961,75.934,4.973,3.879306,3.879733,0.000427,damle-compute-01,nikola-compute-18,0,0
300000000,c4_en,1337,4.05,no_role_depth,role_depth_v4,1,1,5100,5100,167116800,167116800,57.174,57.170,37.438,38.690,0,0,0.000000,1.252,70.961,73.255,2.294,3.879306,3.873733,-0.005573,damle-compute-01,damle-compute-01,0,0
300000000,c4_en,1337,4.05,no_role_depth,role_depth_v5,1,1,5100,5100,167116800,167116800,57.174,57.198,37.438,38.067,0,0,0.000000,0.629,70.961,71.771,0.810,3.879306,3.869972,-0.009334,damle-compute-01,rush-compute-02,0,0
300000000,c4_en,1337,4.05,no_role_depth,role_depth_v6,1,1,5100,5000,167116800,163840000,57.174,57.367,37.438,37.512,-3276800,-100,-0.019608,0.074,70.961,72.117,1.156,3.879306,3.871364,-0.007942,damle-compute-01,rush-compute-02,0,0
300000000,c4_en,1337,4.00,full,no_role_depth,1,1,5850,5800,191692800,190054400,54.492,54.585,37.792,42.576,-1638400,-50,-0.008547,4.784,62.611,70.961,8.350,3.872497,3.879306,0.006809,,damle-compute-01,,0
300000000,c4_en,1337,4.00,full,role_depth_v2,1,1,5850,5850,191692800,191692800,54.492,54.538,37.792,38.972,0,0,0.000000,1.180,62.611,64.404,1.792,3.872497,3.871967,-0.000530,,zabih-compute-01,,0
300000000,c4_en,1337,4.00,full,role_depth_v3,1,1,5850,5800,191692800,190054400,54.492,54.583,37.792,45.801,-1638400,-50,-0.008547,8.009,62.611,75.934,13.323,3.872497,3.879733,0.007236,,nikola-compute-18,,0
300000000,c4_en,1337,4.00,full,role_depth_v4,1,1,5850,5800,191692800,190054400,54.492,54.465,37.792,44.000,-1638400,-50,-0.008547,6.208,62.611,73.255,10.644,3.872497,3.873733,0.001237,,damle-compute-01,,0
300000000,c4_en,1337,4.00,full,role_depth_v5,1,1,5850,5800,191692800,190054400,54.492,54.562,37.792,43.292,-1638400,-50,-0.008547,5.500,62.611,71.771,9.159,3.872497,3.869972,-0.002525,,rush-compute-02,,0
300000000,c4_en,1337,4.00,full,role_depth_v6,1,1,5850,5750,191692800,188416000,54.492,54.411,37.792,43.139,-3276800,-100,-0.017094,5.347,62.611,72.117,9.506,3.872497,3.871364,-0.001133,,rush-compute-02,,0
300000000,c4_en,1337,4.00,no_role_depth,full,1,1,5800,5850,190054400,191692800,54.585,54.492,42.576,37.792,1638400,50,0.008621,-4.784,70.961,62.611,-8.350,3.879306,3.872497,-0.006809,damle-compute-01,,0,
300000000,c4_en,1337,4.00,no_role_depth,role_depth_v2,1,1,5800,5850,190054400,191692800,54.585,54.538,42.576,38.972,1638400,50,0.008621,-3.605,70.961,64.404,-6.557,3.879306,3.871967,-0.007339,damle-compute-01,zabih-compute-01,0,0
300000000,c4_en,1337,4.00,no_role_depth,role_depth_v3,1,1,5800,5800,190054400,190054400,54.585,54.583,42.576,45.801,0,0,0.000000,3.225,70.961,75.934,4.973,3.879306,3.879733,0.000427,damle-compute-01,nikola-compute-18,0,0
300000000,c4_en,1337,4.00,no_role_depth,role_depth_v4,1,1,5800,5800,190054400,190054400,54.585,54.465,42.576,44.000,0,0,0.000000,1.424,70.961,73.255,2.294,3.879306,3.873733,-0.005573,damle-compute-01,damle-compute-01,0,0
300000000,c4_en,1337,4.00,no_role_depth,role_depth_v5,1,1,5800,5800,190054400,190054400,54.585,54.562,42.576,43.292,0,0,0.000000,0.715,70.961,71.771,0.810,3.879306,3.869972,-0.009334,damle-compute-01,rush-compute-02,0,0
300000000,c4_en,1337,4.00,no_role_depth,role_depth_v6,1,1,5800,5750,190054400,188416000,54.585,54.411,42.576,43.139,-1638400,-50,-0.008621,0.562,70.961,72.117,1.156,3.879306,3.871364,-0.007942,damle-compute-01,rush-compute-02,0,0
300000000,c4_en,2027,4.40,full,no_role_depth,1,1,2150,2250,70451200,73728000,81.439,80.747,14.996,15.871,3276800,100,0.046512,0.875,67.572,68.324,0.752,3.894042,3.895599,0.001557,lancer-compute-01,seo-compute-02,0,0
300000000,c4_en,2027,4.40,full,role_depth_v2,1,1,2150,2150,70451200,70451200,81.439,81.093,14.996,14.691,0,0,0.000000,-0.305,67.572,66.143,-1.428,3.894042,3.892136,-0.001906,lancer-compute-01,seo-compute-01,0,0
300000000,c4_en,2027,4.40,full,role_depth_v3,1,1,2150,2250,70451200,73728000,81.439,81.000,14.996,16.594,3276800,100,0.046512,1.598,67.572,71.778,4.206,3.894042,3.899324,0.005283,lancer-compute-01,damle-compute-01,0,0
300000000,c4_en,2027,4.40,full,role_depth_v4,1,1,2150,2250,70451200,73728000,81.439,81.361,14.996,15.010,3276800,100,0.046512,0.014,67.572,64.467,-3.105,3.894042,3.893160,-0.000882,lancer-compute-01,zabih-compute-01,0,0
300000000,c4_en,2027,4.40,full,role_depth_v5,1,1,2150,2200,70451200,72089600,81.439,81.366,14.996,16.995,1638400,50,0.023256,1.999,67.572,74.593,7.021,3.894042,3.891941,-0.002100,lancer-compute-01,damle-compute-01,0,0
300000000,c4_en,2027,4.40,full,role_depth_v6,1,1,2150,2250,70451200,73728000,81.439,81.228,14.996,15.298,3276800,100,0.046512,0.302,67.572,65.634,-1.938,3.894042,3.897170,0.003128,lancer-compute-01,elor-compute-01,0,0
300000000,c4_en,2027,4.40,no_role_depth,full,1,1,2250,2150,73728000,70451200,80.747,81.439,15.871,14.996,-3276800,-100,-0.044444,-0.875,68.324,67.572,-0.752,3.895599,3.894042,-0.001557,seo-compute-02,lancer-compute-01,0,0
300000000,c4_en,2027,4.40,no_role_depth,role_depth_v2,1,1,2250,2150,73728000,70451200,80.747,81.093,15.871,14.691,-3276800,-100,-0.044444,-1.180,68.324,66.143,-2.180,3.895599,3.892136,-0.003463,seo-compute-02,seo-compute-01,0,0
300000000,c4_en,2027,4.40,no_role_depth,role_depth_v3,1,1,2250,2250,73728000,73728000,80.747,81.000,15.871,16.594,0,0,0.000000,0.723,68.324,71.778,3.454,3.895599,3.899324,0.003726,seo-compute-02,damle-compute-01,0,0
300000000,c4_en,2027,4.40,no_role_depth,role_depth_v4,1,1,2250,2250,73728000,73728000,80.747,81.361,15.871,15.010,0,0,0.000000,-0.861,68.324,64.467,-3.857,3.895599,3.893160,-0.002439,seo-compute-02,zabih-compute-01,0,0
300000000,c4_en,2027,4.40,no_role_depth,role_depth_v5,1,1,2250,2200,73728000,72089600,80.747,81.366,15.871,16.995,-1638400,-50,-0.022222,1.124,68.324,74.593,6.269,3.895599,3.891941,-0.003657,seo-compute-02,damle-compute-01,0,0
300000000,c4_en,2027,4.40,no_role_depth,role_depth_v6,1,1,2250,2250,73728000,73728000,80.747,81.228,15.871,15.298,0,0,0.000000,-0.573,68.324,65.634,-2.690,3.895599,3.897170,0.001571,seo-compute-02,elor-compute-01,0,0
300000000,c4_en,2027,4.30,full,no_role_depth,1,1,2950,2800,96665600,91750400,73.274,73.657,20.575,19.750,-4915200,-150,-0.050847,-0.825,67.572,68.324,0.752,3.894042,3.895599,0.001557,lancer-compute-01,seo-compute-02,0,0
300000000,c4_en,2027,4.30,full,role_depth_v2,1,1,2950,2900,96665600,95027200,73.274,73.699,20.575,19.816,-1638400,-50,-0.016949,-0.760,67.572,66.143,-1.428,3.894042,3.892136,-0.001906,lancer-compute-01,seo-compute-01,0,0
300000000,c4_en,2027,4.30,full,role_depth_v3,1,1,2950,2850,96665600,93388800,73.274,73.252,20.575,21.019,-3276800,-100,-0.033898,0.443,67.572,71.778,4.206,3.894042,3.899324,0.005283,lancer-compute-01,damle-compute-01,0,0
300000000,c4_en,2027,4.30,full,role_depth_v4,1,1,2950,2850,96665600,93388800,73.274,73.657,20.575,19.012,-3276800,-100,-0.033898,-1.563,67.572,64.467,-3.105,3.894042,3.893160,-0.000882,lancer-compute-01,zabih-compute-01,0,0
300000000,c4_en,2027,4.30,full,role_depth_v5,1,1,2950,2950,96665600,96665600,73.274,73.166,20.575,22.789,0,0,0.000000,2.213,67.572,74.593,7.021,3.894042,3.891941,-0.002100,lancer-compute-01,damle-compute-01,0,0
300000000,c4_en,2027,4.30,full,role_depth_v6,1,1,2950,2850,96665600,93388800,73.274,73.441,20.575,19.377,-3276800,-100,-0.033898,-1.198,67.572,65.634,-1.938,3.894042,3.897170,0.003128,lancer-compute-01,elor-compute-01,0,0
300000000,c4_en,2027,4.30,no_role_depth,full,1,1,2800,2950,91750400,96665600,73.657,73.274,19.750,20.575,4915200,150,0.053571,0.825,68.324,67.572,-0.752,3.895599,3.894042,-0.001557,seo-compute-02,lancer-compute-01,0,0
300000000,c4_en,2027,4.30,no_role_depth,role_depth_v2,1,1,2800,2900,91750400,95027200,73.657,73.699,19.750,19.816,3276800,100,0.035714,0.065,68.324,66.143,-2.180,3.895599,3.892136,-0.003463,seo-compute-02,seo-compute-01,0,0
300000000,c4_en,2027,4.30,no_role_depth,role_depth_v3,1,1,2800,2850,91750400,93388800,73.657,73.252,19.750,21.019,1638400,50,0.017857,1.268,68.324,71.778,3.454,3.895599,3.899324,0.003726,seo-compute-02,damle-compute-01,0,0
300000000,c4_en,2027,4.30,no_role_depth,role_depth_v4,1,1,2800,2850,91750400,93388800,73.657,73.657,19.750,19.012,1638400,50,0.017857,-0.738,68.324,64.467,-3.857,3.895599,3.893160,-0.002439,seo-compute-02,zabih-compute-01,0,0
300000000,c4_en,2027,4.30,no_role_depth,role_depth_v5,1,1,2800,2950,91750400,96665600,73.657,73.166,19.750,22.789,4915200,150,0.053571,3.038,68.324,74.593,6.269,3.895599,3.891941,-0.003657,seo-compute-02,damle-compute-01,0,0
300000000,c4_en,2027,4.30,no_role_depth,role_depth_v6,1,1,2800,2850,91750400,93388800,73.657,73.441,19.750,19.377,1638400,50,0.017857,-0.373,68.324,65.634,-2.690,3.895599,3.897170,0.001571,seo-compute-02,elor-compute-01,0,0
300000000,c4_en,2027,4.20,full,no_role_depth,1,1,3700,3600,121241600,117964800,66.628,66.470,25.806,25.393,-3276800,-100,-0.027027,-0.413,67.572,68.324,0.752,3.894042,3.895599,0.001557,lancer-compute-01,seo-compute-02,0,0
300000000,c4_en,2027,4.20,full,role_depth_v2,1,1,3700,3700,121241600,121241600,66.628,66.659,25.806,25.282,0,0,0.000000,-0.524,67.572,66.143,-1.428,3.894042,3.892136,-0.001906,lancer-compute-01,seo-compute-01,0,0
300000000,c4_en,2027,4.20,full,role_depth_v3,1,1,3700,3600,121241600,117964800,66.628,66.678,25.806,26.550,-3276800,-100,-0.027027,0.744,67.572,71.778,4.206,3.894042,3.899324,0.005283,lancer-compute-01,damle-compute-01,0,0
300000000,c4_en,2027,4.20,full,role_depth_v4,1,1,3700,3650,121241600,119603200,66.628,66.358,25.806,24.349,-1638400,-50,-0.013514,-1.457,67.572,64.467,-3.105,3.894042,3.893160,-0.000882,lancer-compute-01,zabih-compute-01,0,0
300000000,c4_en,2027,4.20,full,role_depth_v5,1,1,3700,3650,121241600,119603200,66.628,66.622,25.806,28.196,-1638400,-50,-0.013514,2.390,67.572,74.593,7.021,3.894042,3.891941,-0.002100,lancer-compute-01,damle-compute-01,0,0
300000000,c4_en,2027,4.20,full,role_depth_v6,1,1,3700,3600,121241600,117964800,66.628,66.563,25.806,24.476,-3276800,-100,-0.027027,-1.330,67.572,65.634,-1.938,3.894042,3.897170,0.003128,lancer-compute-01,elor-compute-01,0,0
300000000,c4_en,2027,4.20,no_role_depth,full,1,1,3600,3700,117964800,121241600,66.470,66.628,25.393,25.806,3276800,100,0.027778,0.413,68.324,67.572,-0.752,3.895599,3.894042,-0.001557,seo-compute-02,lancer-compute-01,0,0
300000000,c4_en,2027,4.20,no_role_depth,role_depth_v2,1,1,3600,3700,117964800,121241600,66.470,66.659,25.393,25.282,3276800,100,0.027778,-0.111,68.324,66.143,-2.180,3.895599,3.892136,-0.003463,seo-compute-02,seo-compute-01,0,0
300000000,c4_en,2027,4.20,no_role_depth,role_depth_v3,1,1,3600,3600,117964800,117964800,66.470,66.678,25.393,26.550,0,0,0.000000,1.157,68.324,71.778,3.454,3.895599,3.899324,0.003726,seo-compute-02,damle-compute-01,0,0
300000000,c4_en,2027,4.20,no_role_depth,role_depth_v4,1,1,3600,3650,117964800,119603200,66.470,66.358,25.393,24.349,1638400,50,0.013889,-1.044,68.324,64.467,-3.857,3.895599,3.893160,-0.002439,seo-compute-02,zabih-compute-01,0,0
300000000,c4_en,2027,4.20,no_role_depth,role_depth_v5,1,1,3600,3650,117964800,119603200,66.470,66.622,25.393,28.196,1638400,50,0.013889,2.803,68.324,74.593,6.269,3.895599,3.891941,-0.003657,seo-compute-02,damle-compute-01,0,0
300000000,c4_en,2027,4.20,no_role_depth,role_depth_v6,1,1,3600,3600,117964800,117964800,66.470,66.563,25.393,24.476,0,0,0.000000,-0.917,68.324,65.634,-2.690,3.895599,3.897170,0.001571,seo-compute-02,elor-compute-01,0,0
300000000,c4_en,2027,4.10,full,no_role_depth,1,1,4750,4650,155648000,152371200,60.338,60.308,33.130,32.800,-3276800,-100,-0.021053,-0.330,67.572,68.324,0.752,3.894042,3.895599,0.001557,lancer-compute-01,seo-compute-02,0,0
300000000,c4_en,2027,4.10,full,role_depth_v2,1,1,4750,4750,155648000,155648000,60.338,60.163,33.130,32.457,0,0,0.000000,-0.673,67.572,66.143,-1.428,3.894042,3.892136,-0.001906,lancer-compute-01,seo-compute-01,0,0
300000000,c4_en,2027,4.10,full,role_depth_v3,1,1,4750,4700,155648000,154009600,60.338,60.146,33.130,34.663,-1638400,-50,-0.010526,1.533,67.572,71.778,4.206,3.894042,3.899324,0.005283,lancer-compute-01,damle-compute-01,0,0
300000000,c4_en,2027,4.10,full,role_depth_v4,1,1,4750,4700,155648000,154009600,60.338,60.055,33.130,31.354,-1638400,-50,-0.010526,-1.776,67.572,64.467,-3.105,3.894042,3.893160,-0.000882,lancer-compute-01,zabih-compute-01,0,0
300000000,c4_en,2027,4.10,full,role_depth_v5,1,1,4750,4700,155648000,154009600,60.338,60.264,33.130,36.307,-1638400,-50,-0.010526,3.177,67.572,74.593,7.021,3.894042,3.891941,-0.002100,lancer-compute-01,damle-compute-01,0,0
300000000,c4_en,2027,4.10,full,role_depth_v6,1,1,4750,4650,155648000,152371200,60.338,60.278,33.130,31.615,-3276800,-100,-0.021053,-1.515,67.572,65.634,-1.938,3.894042,3.897170,0.003128,lancer-compute-01,elor-compute-01,0,0
300000000,c4_en,2027,4.10,no_role_depth,full,1,1,4650,4750,152371200,155648000,60.308,60.338,32.800,33.130,3276800,100,0.021505,0.330,68.324,67.572,-0.752,3.895599,3.894042,-0.001557,seo-compute-02,lancer-compute-01,0,0
300000000,c4_en,2027,4.10,no_role_depth,role_depth_v2,1,1,4650,4750,152371200,155648000,60.308,60.163,32.800,32.457,3276800,100,0.021505,-0.343,68.324,66.143,-2.180,3.895599,3.892136,-0.003463,seo-compute-02,seo-compute-01,0,0
300000000,c4_en,2027,4.10,no_role_depth,role_depth_v3,1,1,4650,4700,152371200,154009600,60.308,60.146,32.800,34.663,1638400,50,0.010753,1.863,68.324,71.778,3.454,3.895599,3.899324,0.003726,seo-compute-02,damle-compute-01,0,0
300000000,c4_en,2027,4.10,no_role_depth,role_depth_v4,1,1,4650,4700,152371200,154009600,60.308,60.055,32.800,31.354,1638400,50,0.010753,-1.446,68.324,64.467,-3.857,3.895599,3.893160,-0.002439,seo-compute-02,zabih-compute-01,0,0
300000000,c4_en,2027,4.10,no_role_depth,role_depth_v5,1,1,4650,4700,152371200,154009600,60.308,60.264,32.800,36.307,1638400,50,0.010753,3.507,68.324,74.593,6.269,3.895599,3.891941,-0.003657,seo-compute-02,damle-compute-01,0,0
300000000,c4_en,2027,4.10,no_role_depth,role_depth_v6,1,1,4650,4650,152371200,152371200,60.308,60.278,32.800,31.615,0,0,0.000000,-1.184,68.324,65.634,-2.690,3.895599,3.897170,0.001571,seo-compute-02,elor-compute-01,0,0
300000000,c4_en,2027,4.05,full,no_role_depth,1,1,5400,5300,176947200,173670400,57.206,57.396,37.663,37.385,-3276800,-100,-0.018519,-0.279,67.572,68.324,0.752,3.894042,3.895599,0.001557,lancer-compute-01,seo-compute-02,0,0
300000000,c4_en,2027,4.05,full,role_depth_v2,1,1,5400,5400,176947200,176947200,57.206,57.181,37.663,36.898,0,0,0.000000,-0.765,67.572,66.143,-1.428,3.894042,3.892136,-0.001906,lancer-compute-01,seo-compute-01,0,0
300000000,c4_en,2027,4.05,full,role_depth_v3,1,1,5400,5350,176947200,175308800,57.206,57.278,37.663,39.456,-1638400,-50,-0.009259,1.793,67.572,71.778,4.206,3.894042,3.899324,0.005283,lancer-compute-01,damle-compute-01,0,0
300000000,c4_en,2027,4.05,full,role_depth_v4,1,1,5400,5350,176947200,175308800,57.206,57.296,37.663,35.690,-1638400,-50,-0.009259,-1.974,67.572,64.467,-3.105,3.894042,3.893160,-0.000882,lancer-compute-01,zabih-compute-01,0,0
300000000,c4_en,2027,4.05,full,role_depth_v5,1,1,5400,5350,176947200,175308800,57.206,57.280,37.663,41.328,-1638400,-50,-0.009259,3.665,67.572,74.593,7.021,3.894042,3.891941,-0.002100,lancer-compute-01,damle-compute-01,0,0
300000000,c4_en,2027,4.05,full,role_depth_v6,1,1,5400,5300,176947200,173670400,57.206,57.389,37.663,36.035,-3276800,-100,-0.018519,-1.629,67.572,65.634,-1.938,3.894042,3.897170,0.003128,lancer-compute-01,elor-compute-01,0,0
300000000,c4_en,2027,4.05,no_role_depth,full,1,1,5300,5400,173670400,176947200,57.396,57.206,37.385,37.663,3276800,100,0.018868,0.279,68.324,67.572,-0.752,3.895599,3.894042,-0.001557,seo-compute-02,lancer-compute-01,0,0
300000000,c4_en,2027,4.05,no_role_depth,role_depth_v2,1,1,5300,5400,173670400,176947200,57.396,57.181,37.385,36.898,3276800,100,0.018868,-0.487,68.324,66.143,-2.180,3.895599,3.892136,-0.003463,seo-compute-02,seo-compute-01,0,0
300000000,c4_en,2027,4.05,no_role_depth,role_depth_v3,1,1,5300,5350,173670400,175308800,57.396,57.278,37.385,39.456,1638400,50,0.009434,2.072,68.324,71.778,3.454,3.895599,3.899324,0.003726,seo-compute-02,damle-compute-01,0,0
300000000,c4_en,2027,4.05,no_role_depth,role_depth_v4,1,1,5300,5350,173670400,175308800,57.396,57.296,37.385,35.690,1638400,50,0.009434,-1.695,68.324,64.467,-3.857,3.895599,3.893160,-0.002439,seo-compute-02,zabih-compute-01,0,0
300000000,c4_en,2027,4.05,no_role_depth,role_depth_v5,1,1,5300,5350,173670400,175308800,57.396,57.280,37.385,41.328,1638400,50,0.009434,3.944,68.324,74.593,6.269,3.895599,3.891941,-0.003657,seo-compute-02,damle-compute-01,0,0
300000000,c4_en,2027,4.05,no_role_depth,role_depth_v6,1,1,5300,5300,173670400,173670400,57.396,57.389,37.385,36.035,0,0,0.000000,-1.350,68.324,65.634,-2.690,3.895599,3.897170,0.001571,seo-compute-02,elor-compute-01,0,0
300000000,c4_en,2027,4.00,full,no_role_depth,1,1,6200,6150,203161600,201523200,54.535,54.467,43.243,43.381,-1638400,-50,-0.008065,0.137,67.572,68.324,0.752,3.894042,3.895599,0.001557,lancer-compute-01,seo-compute-02,0,0
300000000,c4_en,2027,4.00,full,role_depth_v2,1,1,6200,6150,203161600,201523200,54.535,54.592,43.243,42.023,-1638400,-50,-0.008065,-1.220,67.572,66.143,-1.428,3.894042,3.892136,-0.001906,lancer-compute-01,seo-compute-01,0,0
300000000,c4_en,2027,4.00,full,role_depth_v3,1,1,6200,6150,203161600,201523200,54.535,54.574,43.243,45.356,-1638400,-50,-0.008065,2.113,67.572,71.778,4.206,3.894042,3.899324,0.005283,lancer-compute-01,damle-compute-01,0,0
300000000,c4_en,2027,4.00,full,role_depth_v4,1,1,6200,6150,203161600,201523200,54.535,54.487,43.243,41.027,-1638400,-50,-0.008065,-2.217,67.572,64.467,-3.105,3.894042,3.893160,-0.000882,lancer-compute-01,zabih-compute-01,0,0
300000000,c4_en,2027,4.00,full,role_depth_v5,1,1,6200,6150,203161600,201523200,54.535,54.472,43.243,47.508,-1638400,-50,-0.008065,4.265,67.572,74.593,7.021,3.894042,3.891941,-0.002100,lancer-compute-01,damle-compute-01,0,0
300000000,c4_en,2027,4.00,full,role_depth_v6,1,1,6200,6150,203161600,201523200,54.535,54.475,43.243,41.814,-1638400,-50,-0.008065,-1.429,67.572,65.634,-1.938,3.894042,3.897170,0.003128,lancer-compute-01,elor-compute-01,0,0
300000000,c4_en,2027,4.00,no_role_depth,full,1,1,6150,6200,201523200,203161600,54.467,54.535,43.381,43.243,1638400,50,0.008130,-0.137,68.324,67.572,-0.752,3.895599,3.894042,-0.001557,seo-compute-02,lancer-compute-01,0,0
300000000,c4_en,2027,4.00,no_role_depth,role_depth_v2,1,1,6150,6150,201523200,201523200,54.467,54.592,43.381,42.023,0,0,0.000000,-1.358,68.324,66.143,-2.180,3.895599,3.892136,-0.003463,seo-compute-02,seo-compute-01,0,0
300000000,c4_en,2027,4.00,no_role_depth,role_depth_v3,1,1,6150,6150,201523200,201523200,54.467,54.574,43.381,45.356,0,0,0.000000,1.976,68.324,71.778,3.454,3.895599,3.899324,0.003726,seo-compute-02,damle-compute-01,0,0
300000000,c4_en,2027,4.00,no_role_depth,role_depth_v4,1,1,6150,6150,201523200,201523200,54.467,54.487,43.381,41.027,0,0,0.000000,-2.354,68.324,64.467,-3.857,3.895599,3.893160,-0.002439,seo-compute-02,zabih-compute-01,0,0
300000000,c4_en,2027,4.00,no_role_depth,role_depth_v5,1,1,6150,6150,201523200,201523200,54.467,54.472,43.381,47.508,0,0,0.000000,4.128,68.324,74.593,6.269,3.895599,3.891941,-0.003657,seo-compute-02,damle-compute-01,0,0
300000000,c4_en,2027,4.00,no_role_depth,role_depth_v6,1,1,6150,6150,201523200,201523200,54.467,54.475,43.381,41.814,0,0,0.000000,-1.567,68.324,65.634,-2.690,3.895599,3.897170,0.001571,seo-compute-02,elor-compute-01,0,0
300000000,c4_en,3407,4.40,full,no_role_depth,1,1,2050,2150,67174400,70451200,80.988,81.175,13.216,15.804,3276800,100,0.048780,2.587,62.489,71.045,8.556,3.866602,3.870083,0.003481,,ellis-compute-02,,0
300000000,c4_en,3407,4.40,full,role_depth_v2,1,1,2050,2050,67174400,67174400,80.988,81.255,13.216,19.654,0,0,0.000000,6.438,62.489,93.120,30.632,3.866602,3.866915,0.000312,,ellis-compute-02,,0
300000000,c4_en,3407,4.40,full,role_depth_v3,1,1,2050,2150,67174400,70451200,80.988,81.005,13.216,16.162,3276800,100,0.048780,2.946,62.489,72.559,10.070,3.866602,3.872825,0.006222,,badfellow,,0
300000000,c4_en,3407,4.40,full,role_depth_v4,1,1,2050,2150,67174400,70451200,80.988,81.149,13.216,13.719,3276800,100,0.048780,0.503,62.489,61.781,-0.707,3.866602,3.867175,0.000573,,elor-compute-01,,0
300000000,c4_en,3407,4.40,full,role_depth_v5,1,1,2050,2100,67174400,68812800,80.988,80.684,13.216,15.593,1638400,50,0.024390,2.377,62.489,71.417,8.929,3.866602,3.865911,-0.000691,,rush-compute-02,,1
300000000,c4_en,3407,4.40,full,role_depth_v6,1,1,2050,2100,67174400,68812800,80.988,81.344,13.216,16.448,1638400,50,0.024390,3.231,62.489,75.419,12.930,3.866602,3.868367,0.001765,,damle-compute-01,,0
300000000,c4_en,3407,4.40,no_role_depth,full,1,1,2150,2050,70451200,67174400,81.175,80.988,15.804,13.216,-3276800,-100,-0.046512,-2.587,71.045,62.489,-8.556,3.870083,3.866602,-0.003481,ellis-compute-02,,0,
300000000,c4_en,3407,4.40,no_role_depth,role_depth_v2,1,1,2150,2050,70451200,67174400,81.175,81.255,15.804,19.654,-3276800,-100,-0.046512,3.850,71.045,93.120,22.075,3.870083,3.866915,-0.003169,ellis-compute-02,ellis-compute-02,0,0
300000000,c4_en,3407,4.40,no_role_depth,role_depth_v3,1,1,2150,2150,70451200,70451200,81.175,81.005,15.804,16.162,0,0,0.000000,0.358,71.045,72.559,1.514,3.870083,3.872825,0.002742,ellis-compute-02,badfellow,0,0
300000000,c4_en,3407,4.40,no_role_depth,role_depth_v4,1,1,2150,2150,70451200,70451200,81.175,81.149,15.804,13.719,0,0,0.000000,-2.085,71.045,61.781,-9.264,3.870083,3.867175,-0.002908,ellis-compute-02,elor-compute-01,0,0
300000000,c4_en,3407,4.40,no_role_depth,role_depth_v5,1,1,2150,2100,70451200,68812800,81.175,80.684,15.804,15.593,-1638400,-50,-0.023256,-0.210,71.045,71.417,0.372,3.870083,3.865911,-0.004172,ellis-compute-02,rush-compute-02,0,1
300000000,c4_en,3407,4.40,no_role_depth,role_depth_v6,1,1,2150,2100,70451200,68812800,81.175,81.344,15.804,16.448,-1638400,-50,-0.023256,0.644,71.045,75.419,4.374,3.870083,3.868367,-0.001716,ellis-compute-02,damle-compute-01,0,0
300000000,c4_en,3407,4.30,full,no_role_depth,1,1,2700,2650,88473600,86835200,73.497,73.645,17.407,19.479,-1638400,-50,-0.018519,2.072,62.489,71.045,8.556,3.866602,3.870083,0.003481,,ellis-compute-02,,0
300000000,c4_en,3407,4.30,full,role_depth_v2,1,1,2700,2700,88473600,88473600,73.497,73.632,17.407,25.886,0,0,0.000000,8.479,62.489,93.120,30.632,3.866602,3.866915,0.000312,,ellis-compute-02,,0
300000000,c4_en,3407,4.30,full,role_depth_v3,1,1,2700,2700,88473600,88473600,73.497,73.305,17.407,20.297,0,0,0.000000,2.890,62.489,72.559,10.070,3.866602,3.872825,0.006222,,badfellow,,0
300000000,c4_en,3407,4.30,full,role_depth_v4,1,1,2700,2700,88473600,88473600,73.497,73.378,17.407,17.229,0,0,0.000000,-0.178,62.489,61.781,-0.707,3.866602,3.867175,0.000573,,elor-compute-01,,0
300000000,c4_en,3407,4.30,full,role_depth_v5,1,1,2700,2750,88473600,90112000,73.497,73.498,17.407,20.420,1638400,50,0.018519,3.013,62.489,71.417,8.929,3.866602,3.865911,-0.000691,,rush-compute-02,,1
300000000,c4_en,3407,4.30,full,role_depth_v6,1,1,2700,2700,88473600,88473600,73.497,73.390,17.407,21.147,0,0,0.000000,3.740,62.489,75.419,12.930,3.866602,3.868367,0.001765,,damle-compute-01,,0
300000000,c4_en,3407,4.30,no_role_depth,full,1,1,2650,2700,86835200,88473600,73.645,73.497,19.479,17.407,1638400,50,0.018868,-2.072,71.045,62.489,-8.556,3.870083,3.866602,-0.003481,ellis-compute-02,,0,
300000000,c4_en,3407,4.30,no_role_depth,role_depth_v2,1,1,2650,2700,86835200,88473600,73.645,73.632,19.479,25.886,1638400,50,0.018868,6.407,71.045,93.120,22.075,3.870083,3.866915,-0.003169,ellis-compute-02,ellis-compute-02,0,0
300000000,c4_en,3407,4.30,no_role_depth,role_depth_v3,1,1,2650,2700,86835200,88473600,73.645,73.305,19.479,20.297,1638400,50,0.018868,0.818,71.045,72.559,1.514,3.870083,3.872825,0.002742,ellis-compute-02,badfellow,0,0
300000000,c4_en,3407,4.30,no_role_depth,role_depth_v4,1,1,2650,2700,86835200,88473600,73.645,73.378,19.479,17.229,1638400,50,0.018868,-2.250,71.045,61.781,-9.264,3.870083,3.867175,-0.002908,ellis-compute-02,elor-compute-01,0,0
300000000,c4_en,3407,4.30,no_role_depth,role_depth_v5,1,1,2650,2750,86835200,90112000,73.645,73.498,19.479,20.420,3276800,100,0.037736,0.941,71.045,71.417,0.372,3.870083,3.865911,-0.004172,ellis-compute-02,rush-compute-02,0,1
300000000,c4_en,3407,4.30,no_role_depth,role_depth_v6,1,1,2650,2700,86835200,88473600,73.645,73.390,19.479,21.147,1638400,50,0.018868,1.668,71.045,75.419,4.374,3.870083,3.868367,-0.001716,ellis-compute-02,damle-compute-01,0,0
300000000,c4_en,3407,4.20,full,no_role_depth,1,1,3500,3450,114688000,113049600,66.416,66.162,22.565,25.360,-1638400,-50,-0.014286,2.795,62.489,71.045,8.556,3.866602,3.870083,0.003481,,ellis-compute-02,,0
300000000,c4_en,3407,4.20,full,role_depth_v2,1,1,3500,3500,114688000,114688000,66.416,66.647,22.565,33.556,0,0,0.000000,10.991,62.489,93.120,30.632,3.866602,3.866915,0.000312,,ellis-compute-02,,0
300000000,c4_en,3407,4.20,full,role_depth_v3,1,1,3500,3450,114688000,113049600,66.416,66.424,22.565,25.935,-1638400,-50,-0.014286,3.370,62.489,72.559,10.070,3.866602,3.872825,0.006222,,badfellow,,0
300000000,c4_en,3407,4.20,full,role_depth_v4,1,1,3500,3450,114688000,113049600,66.416,66.386,22.565,22.015,-1638400,-50,-0.014286,-0.550,62.489,61.781,-0.707,3.866602,3.867175,0.000573,,elor-compute-01,,0
300000000,c4_en,3407,4.20,full,role_depth_v5,1,1,3500,3500,114688000,114688000,66.416,66.281,22.565,25.989,0,0,0.000000,3.424,62.489,71.417,8.929,3.866602,3.865911,-0.000691,,rush-compute-02,,1
300000000,c4_en,3407,4.20,full,role_depth_v6,1,1,3500,3400,114688000,111411200,66.416,66.632,22.565,26.629,-3276800,-100,-0.028571,4.065,62.489,75.419,12.930,3.866602,3.868367,0.001765,,damle-compute-01,,0
300000000,c4_en,3407,4.20,no_role_depth,full,1,1,3450,3500,113049600,114688000,66.162,66.416,25.360,22.565,1638400,50,0.014493,-2.795,71.045,62.489,-8.556,3.870083,3.866602,-0.003481,ellis-compute-02,,0,
300000000,c4_en,3407,4.20,no_role_depth,role_depth_v2,1,1,3450,3500,113049600,114688000,66.162,66.647,25.360,33.556,1638400,50,0.014493,8.196,71.045,93.120,22.075,3.870083,3.866915,-0.003169,ellis-compute-02,ellis-compute-02,0,0
300000000,c4_en,3407,4.20,no_role_depth,role_depth_v3,1,1,3450,3450,113049600,113049600,66.162,66.424,25.360,25.935,0,0,0.000000,0.575,71.045,72.559,1.514,3.870083,3.872825,0.002742,ellis-compute-02,badfellow,0,0
300000000,c4_en,3407,4.20,no_role_depth,role_depth_v4,1,1,3450,3450,113049600,113049600,66.162,66.386,25.360,22.015,0,0,0.000000,-3.345,71.045,61.781,-9.264,3.870083,3.867175,-0.002908,ellis-compute-02,elor-compute-01,0,0
300000000,c4_en,3407,4.20,no_role_depth,role_depth_v5,1,1,3450,3500,113049600,114688000,66.162,66.281,25.360,25.989,1638400,50,0.014493,0.629,71.045,71.417,0.372,3.870083,3.865911,-0.004172,ellis-compute-02,rush-compute-02,0,1
300000000,c4_en,3407,4.20,no_role_depth,role_depth_v6,1,1,3450,3400,113049600,111411200,66.162,66.632,25.360,26.629,-1638400,-50,-0.014493,1.270,71.045,75.419,4.374,3.870083,3.868367,-0.001716,ellis-compute-02,damle-compute-01,0,0
300000000,c4_en,3407,4.10,full,no_role_depth,1,1,4500,4400,147456000,144179200,60.148,60.188,29.012,32.343,-3276800,-100,-0.022222,3.331,62.489,71.045,8.556,3.866602,3.870083,0.003481,,ellis-compute-02,,0
300000000,c4_en,3407,4.10,full,role_depth_v2,1,1,4500,4500,147456000,147456000,60.148,60.142,29.012,43.143,0,0,0.000000,14.131,62.489,93.120,30.632,3.866602,3.866915,0.000312,,ellis-compute-02,,0
300000000,c4_en,3407,4.10,full,role_depth_v3,1,1,4500,4450,147456000,145817600,60.148,60.196,29.012,33.452,-1638400,-50,-0.011111,4.440,62.489,72.559,10.070,3.866602,3.872825,0.006222,,badfellow,,0
300000000,c4_en,3407,4.10,full,role_depth_v4,1,1,4500,4450,147456000,145817600,60.148,60.156,29.012,28.396,-1638400,-50,-0.011111,-0.616,62.489,61.781,-0.707,3.866602,3.867175,0.000573,,elor-compute-01,,0
300000000,c4_en,3407,4.10,full,role_depth_v5,1,1,4500,4500,147456000,147456000,60.148,60.081,29.012,33.414,0,0,0.000000,4.403,62.489,71.417,8.929,3.866602,3.865911,-0.000691,,rush-compute-02,,1
300000000,c4_en,3407,4.10,full,role_depth_v6,1,1,4500,4400,147456000,144179200,60.148,60.027,29.012,34.462,-3276800,-100,-0.022222,5.450,62.489,75.419,12.930,3.866602,3.868367,0.001765,,damle-compute-01,,0
300000000,c4_en,3407,4.10,no_role_depth,full,1,1,4400,4500,144179200,147456000,60.188,60.148,32.343,29.012,3276800,100,0.022727,-3.331,71.045,62.489,-8.556,3.870083,3.866602,-0.003481,ellis-compute-02,,0,
300000000,c4_en,3407,4.10,no_role_depth,role_depth_v2,1,1,4400,4500,144179200,147456000,60.188,60.142,32.343,43.143,3276800,100,0.022727,10.800,71.045,93.120,22.075,3.870083,3.866915,-0.003169,ellis-compute-02,ellis-compute-02,0,0
300000000,c4_en,3407,4.10,no_role_depth,role_depth_v3,1,1,4400,4450,144179200,145817600,60.188,60.196,32.343,33.452,1638400,50,0.011364,1.109,71.045,72.559,1.514,3.870083,3.872825,0.002742,ellis-compute-02,badfellow,0,0
300000000,c4_en,3407,4.10,no_role_depth,role_depth_v4,1,1,4400,4450,144179200,145817600,60.188,60.156,32.343,28.396,1638400,50,0.011364,-3.947,71.045,61.781,-9.264,3.870083,3.867175,-0.002908,ellis-compute-02,elor-compute-01,0,0
300000000,c4_en,3407,4.10,no_role_depth,role_depth_v5,1,1,4400,4500,144179200,147456000,60.188,60.081,32.343,33.414,3276800,100,0.022727,1.072,71.045,71.417,0.372,3.870083,3.865911,-0.004172,ellis-compute-02,rush-compute-02,0,1
300000000,c4_en,3407,4.10,no_role_depth,role_depth_v6,1,1,4400,4400,144179200,144179200,60.188,60.027,32.343,34.462,0,0,0.000000,2.119,71.045,75.419,4.374,3.870083,3.868367,-0.001716,ellis-compute-02,damle-compute-01,0,0
300000000,c4_en,3407,4.05,full,no_role_depth,1,1,5100,5000,167116800,163840000,57.155,57.372,32.880,36.753,-3276800,-100,-0.019608,3.873,62.489,71.045,8.556,3.866602,3.870083,0.003481,,ellis-compute-02,,0
300000000,c4_en,3407,4.05,full,role_depth_v2,1,1,5100,5100,167116800,167116800,57.155,57.185,32.880,48.895,0,0,0.000000,16.016,62.489,93.120,30.632,3.866602,3.866915,0.000312,,ellis-compute-02,,0
300000000,c4_en,3407,4.05,full,role_depth_v3,1,1,5100,5100,167116800,167116800,57.155,57.108,32.880,38.338,0,0,0.000000,5.458,62.489,72.559,10.070,3.866602,3.872825,0.006222,,badfellow,,0
300000000,c4_en,3407,4.05,full,role_depth_v4,1,1,5100,5050,167116800,165478400,57.155,57.247,32.880,32.224,-1638400,-50,-0.009804,-0.656,62.489,61.781,-0.707,3.866602,3.867175,0.000573,,elor-compute-01,,0
300000000,c4_en,3407,4.05,full,role_depth_v5,1,1,5100,5100,167116800,167116800,57.155,57.087,32.880,37.870,0,0,0.000000,4.990,62.489,71.417,8.929,3.866602,3.865911,-0.000691,,rush-compute-02,,1
300000000,c4_en,3407,4.05,full,role_depth_v6,1,1,5100,5000,167116800,163840000,57.155,57.138,32.880,39.161,-3276800,-100,-0.019608,6.281,62.489,75.419,12.930,3.866602,3.868367,0.001765,,damle-compute-01,,0
300000000,c4_en,3407,4.05,no_role_depth,full,1,1,5000,5100,163840000,167116800,57.372,57.155,36.753,32.880,3276800,100,0.020000,-3.873,71.045,62.489,-8.556,3.870083,3.866602,-0.003481,ellis-compute-02,,0,
300000000,c4_en,3407,4.05,no_role_depth,role_depth_v2,1,1,5000,5100,163840000,167116800,57.372,57.185,36.753,48.895,3276800,100,0.020000,12.143,71.045,93.120,22.075,3.870083,3.866915,-0.003169,ellis-compute-02,ellis-compute-02,0,0
300000000,c4_en,3407,4.05,no_role_depth,role_depth_v3,1,1,5000,5100,163840000,167116800,57.372,57.108,36.753,38.338,3276800,100,0.020000,1.585,71.045,72.559,1.514,3.870083,3.872825,0.002742,ellis-compute-02,badfellow,0,0
300000000,c4_en,3407,4.05,no_role_depth,role_depth_v4,1,1,5000,5050,163840000,165478400,57.372,57.247,36.753,32.224,1638400,50,0.010000,-4.529,71.045,61.781,-9.264,3.870083,3.867175,-0.002908,ellis-compute-02,elor-compute-01,0,0
300000000,c4_en,3407,4.05,no_role_depth,role_depth_v5,1,1,5000,5100,163840000,167116800,57.372,57.087,36.753,37.870,3276800,100,0.020000,1.117,71.045,71.417,0.372,3.870083,3.865911,-0.004172,ellis-compute-02,rush-compute-02,0,1
300000000,c4_en,3407,4.05,no_role_depth,role_depth_v6,1,1,5000,5000,163840000,163840000,57.372,57.138,36.753,39.161,0,0,0.000000,2.408,71.045,75.419,4.374,3.870083,3.868367,-0.001716,ellis-compute-02,damle-compute-01,0,0
300000000,c4_en,3407,4.00,full,no_role_depth,1,1,5800,5750,190054400,188416000,54.442,54.548,37.393,42.266,-1638400,-50,-0.008621,4.873,62.489,71.045,8.556,3.866602,3.870083,0.003481,,ellis-compute-02,,0
300000000,c4_en,3407,4.00,full,role_depth_v2,1,1,5800,5800,190054400,190054400,54.442,54.401,37.393,55.607,0,0,0.000000,18.214,62.489,93.120,30.632,3.866602,3.866915,0.000312,,ellis-compute-02,,0
300000000,c4_en,3407,4.00,full,role_depth_v3,1,1,5800,5800,190054400,190054400,54.442,54.430,37.393,43.600,0,0,0.000000,6.207,62.489,72.559,10.070,3.866602,3.872825,0.006222,,badfellow,,0
300000000,c4_en,3407,4.00,full,role_depth_v4,1,1,5800,5800,190054400,190054400,54.442,54.355,37.393,37.010,0,0,0.000000,-0.383,62.489,61.781,-0.707,3.866602,3.867175,0.000573,,elor-compute-01,,0
300000000,c4_en,3407,4.00,full,role_depth_v5,1,1,5800,5800,190054400,190054400,54.442,54.310,37.393,43.067,0,0,0.000000,5.675,62.489,71.417,8.929,3.866602,3.865911,-0.000691,,rush-compute-02,,1
300000000,c4_en,3407,4.00,full,role_depth_v6,1,1,5800,5700,190054400,186777600,54.442,54.511,37.393,44.643,-3276800,-100,-0.017241,7.251,62.489,75.419,12.930,3.866602,3.868367,0.001765,,damle-compute-01,,0
300000000,c4_en,3407,4.00,no_role_depth,full,1,1,5750,5800,188416000,190054400,54.548,54.442,42.266,37.393,1638400,50,0.008696,-4.873,71.045,62.489,-8.556,3.870083,3.866602,-0.003481,ellis-compute-02,,0,
300000000,c4_en,3407,4.00,no_role_depth,role_depth_v2,1,1,5750,5800,188416000,190054400,54.548,54.401,42.266,55.607,1638400,50,0.008696,13.341,71.045,93.120,22.075,3.870083,3.866915,-0.003169,ellis-compute-02,ellis-compute-02,0,0
300000000,c4_en,3407,4.00,no_role_depth,role_depth_v3,1,1,5750,5800,188416000,190054400,54.548,54.430,42.266,43.600,1638400,50,0.008696,1.334,71.045,72.559,1.514,3.870083,3.872825,0.002742,ellis-compute-02,badfellow,0,0
300000000,c4_en,3407,4.00,no_role_depth,role_depth_v4,1,1,5750,5800,188416000,190054400,54.548,54.355,42.266,37.010,1638400,50,0.008696,-5.256,71.045,61.781,-9.264,3.870083,3.867175,-0.002908,ellis-compute-02,elor-compute-01,0,0
300000000,c4_en,3407,4.00,no_role_depth,role_depth_v5,1,1,5750,5800,188416000,190054400,54.548,54.310,42.266,43.067,1638400,50,0.008696,0.802,71.045,71.417,0.372,3.870083,3.865911,-0.004172,ellis-compute-02,rush-compute-02,0,1
300000000,c4_en,3407,4.00,no_role_depth,role_depth_v6,1,1,5750,5700,188416000,186777600,54.548,54.511,42.266,44.643,-1638400,-50,-0.008696,2.377,71.045,75.419,4.374,3.870083,3.868367,-0.001716,ellis-compute-02,damle-compute-01,0,0
