budget_tokens,dataset,seed,method,target_loss,first_hit_step,first_hit_tokens,first_hit_ppl,hit_status,target_hit_minutes,total_minutes,mean_seconds_per_step,tokens_per_second,final_val_loss,slurm_job_id,slurm_restart_count,slurm_node
100000000,dclm,1337,full,4.90,950,31129600,130.757,hit,7.223,24.436,0.456210,71826.601,4.246725,,,
100000000,dclm,1337,full,4.70,1250,40960000,107.660,hit,9.504,24.436,0.456210,71826.601,4.246725,,,
100000000,dclm,1337,full,4.55,1550,50790400,93.380,hit,11.785,24.436,0.456210,71826.601,4.246725,,,
100000000,dclm,1337,full,4.45,1850,60620800,84.305,hit,14.066,24.436,0.456210,71826.601,4.246725,,,
100000000,dclm,1337,full,4.35,2200,72089600,77.426,hit,16.728,24.436,0.456210,71826.601,4.246725,,,
100000000,dclm,1337,full,4.30,2500,81920000,73.697,hit,19.009,24.436,0.456210,71826.601,4.246725,,,
100000000,dclm,1337,no_role_depth,4.90,950,31129600,131.363,hit,5.955,20.318,0.376132,87118.338,4.261313,567140,0,abdelfattah-compute-03
100000000,dclm,1337,no_role_depth,4.70,1250,40960000,108.490,hit,7.836,20.318,0.376132,87118.338,4.261313,567140,0,abdelfattah-compute-03
100000000,dclm,1337,no_role_depth,4.55,1550,50790400,94.159,hit,9.717,20.318,0.376132,87118.338,4.261313,567140,0,abdelfattah-compute-03
100000000,dclm,1337,no_role_depth,4.45,1850,60620800,85.039,hit,11.597,20.318,0.376132,87118.338,4.261313,567140,0,abdelfattah-compute-03
100000000,dclm,1337,no_role_depth,4.35,2300,75366400,76.981,hit,14.418,20.318,0.376132,87118.338,4.261313,567140,0,abdelfattah-compute-03
100000000,dclm,1337,no_role_depth,4.30,2600,85196800,73.620,hit,16.299,20.318,0.376132,87118.338,4.261313,567140,0,abdelfattah-compute-03
100000000,dclm,1337,role_depth_v2,4.90,950,31129600,130.980,hit,8.089,27.461,0.510865,64142.142,4.245911,676423,0,ellis-compute-02
100000000,dclm,1337,role_depth_v2,4.70,1250,40960000,108.111,hit,10.643,27.461,0.510865,64142.142,4.245911,676423,0,ellis-compute-02
100000000,dclm,1337,role_depth_v2,4.55,1550,50790400,93.463,hit,13.197,27.461,0.510865,64142.142,4.245911,676423,0,ellis-compute-02
100000000,dclm,1337,role_depth_v2,4.45,1850,60620800,84.241,hit,15.752,27.461,0.510865,64142.142,4.245911,676423,0,ellis-compute-02
100000000,dclm,1337,role_depth_v2,4.35,2200,72089600,77.472,hit,18.732,27.461,0.510865,64142.142,4.245911,676423,0,ellis-compute-02
100000000,dclm,1337,role_depth_v2,4.30,2500,81920000,73.648,hit,21.286,27.461,0.510865,64142.142,4.245911,676423,0,ellis-compute-02
100000000,dclm,1337,role_depth_v3,4.90,950,31129600,131.173,hit,6.992,23.694,0.441631,74197.767,4.258096,707327,1,badfellow
100000000,dclm,1337,role_depth_v3,4.70,1250,40960000,108.455,hit,9.201,23.694,0.441631,74197.767,4.258096,707327,1,badfellow
100000000,dclm,1337,role_depth_v3,4.55,1550,50790400,93.795,hit,11.409,23.694,0.441631,74197.767,4.258096,707327,1,badfellow
100000000,dclm,1337,role_depth_v3,4.45,1850,60620800,84.949,hit,13.617,23.694,0.441631,74197.767,4.258096,707327,1,badfellow
100000000,dclm,1337,role_depth_v3,4.35,2300,75366400,76.760,hit,16.929,23.694,0.441631,74197.767,4.258096,707327,1,badfellow
100000000,dclm,1337,role_depth_v3,4.30,2600,85196800,73.422,hit,19.137,23.694,0.441631,74197.767,4.258096,707327,1,badfellow
100000000,dclm,1337,role_depth_v4,4.90,950,31129600,130.427,hit,7.707,25.968,0.486784,67315.241,4.250974,707586,0,nikola-compute-18
100000000,dclm,1337,role_depth_v4,4.70,1250,40960000,108.423,hit,10.141,25.968,0.486784,67315.241,4.250974,707586,0,nikola-compute-18
100000000,dclm,1337,role_depth_v4,4.55,1550,50790400,93.512,hit,12.575,25.968,0.486784,67315.241,4.250974,707586,0,nikola-compute-18
100000000,dclm,1337,role_depth_v4,4.45,1850,60620800,84.505,hit,15.009,25.968,0.486784,67315.241,4.250974,707586,0,nikola-compute-18
100000000,dclm,1337,role_depth_v4,4.35,2250,73728000,76.906,hit,18.254,25.968,0.486784,67315.241,4.250974,707586,0,nikola-compute-18
100000000,dclm,1337,role_depth_v4,4.30,2550,83558400,73.474,hit,20.688,25.968,0.486784,67315.241,4.250974,707586,0,nikola-compute-18
100000000,dclm,1337,role_depth_v5,4.90,950,31129600,131.004,hit,7.244,24.571,0.457526,71619.934,4.247953,763777,0,badfellow
100000000,dclm,1337,role_depth_v5,4.70,1250,40960000,107.487,hit,9.532,24.571,0.457526,71619.934,4.247953,763777,0,badfellow
100000000,dclm,1337,role_depth_v5,4.55,1550,50790400,93.158,hit,11.819,24.571,0.457526,71619.934,4.247953,763777,0,badfellow
100000000,dclm,1337,role_depth_v5,4.45,1800,58982400,85.540,hit,13.726,24.571,0.457526,71619.934,4.247953,763777,0,badfellow
100000000,dclm,1337,role_depth_v5,4.35,2250,73728000,76.801,hit,17.157,24.571,0.457526,71619.934,4.247953,763777,0,badfellow
100000000,dclm,1337,role_depth_v5,4.30,2550,83558400,73.275,hit,19.445,24.571,0.457526,71619.934,4.247953,763777,0,badfellow
100000000,dclm,1337,role_depth_v6,4.90,950,31129600,130.195,hit,6.730,22.861,0.425076,77087.332,4.251457,749329,0,elor-compute-01
100000000,dclm,1337,role_depth_v6,4.70,1250,40960000,107.610,hit,8.856,22.861,0.425076,77087.332,4.251457,749329,0,elor-compute-01
100000000,dclm,1337,role_depth_v6,4.55,1550,50790400,93.471,hit,10.981,22.861,0.425076,77087.332,4.251457,749329,0,elor-compute-01
100000000,dclm,1337,role_depth_v6,4.45,1800,58982400,85.544,hit,12.752,22.861,0.425076,77087.332,4.251457,749329,0,elor-compute-01
100000000,dclm,1337,role_depth_v6,4.35,2250,73728000,76.832,hit,15.940,22.861,0.425076,77087.332,4.251457,749329,0,elor-compute-01
100000000,dclm,1337,role_depth_v6,4.30,2550,83558400,73.352,hit,18.066,22.861,0.425076,77087.332,4.251457,749329,0,elor-compute-01
100000000,dclm,2027,full,4.90,900,29491200,131.886,hit,7.677,27.383,0.511790,64026.284,4.258865,,,
100000000,dclm,2027,full,4.70,1200,39321600,108.857,hit,10.236,27.383,0.511790,64026.284,4.258865,,,
100000000,dclm,2027,full,4.55,1550,50790400,93.300,hit,13.221,27.383,0.511790,64026.284,4.258865,,,
100000000,dclm,2027,full,4.45,1850,60620800,84.482,hit,15.780,27.383,0.511790,64026.284,4.258865,,,
100000000,dclm,2027,full,4.35,2250,73728000,77.228,hit,19.192,27.383,0.511790,64026.284,4.258865,,,
100000000,dclm,2027,full,4.30,2600,85196800,73.432,hit,22.178,27.383,0.511790,64026.284,4.258865,,,
100000000,dclm,2027,no_role_depth,4.90,900,29491200,133.950,hit,5.641,20.335,0.376038,87140.127,4.273677,572244,0,abdelfattah-compute-03
100000000,dclm,2027,no_role_depth,4.70,1200,39321600,109.888,hit,7.521,20.335,0.376038,87140.127,4.273677,572244,0,abdelfattah-compute-03
100000000,dclm,2027,no_role_depth,4.55,1600,52428800,92.439,hit,10.028,20.335,0.376038,87140.127,4.273677,572244,0,abdelfattah-compute-03
100000000,dclm,2027,no_role_depth,4.45,1850,60620800,85.364,hit,11.595,20.335,0.376038,87140.127,4.273677,572244,0,abdelfattah-compute-03
100000000,dclm,2027,no_role_depth,4.35,2300,75366400,77.449,hit,14.415,20.335,0.376038,87140.127,4.273677,572244,0,abdelfattah-compute-03
100000000,dclm,2027,no_role_depth,4.30,2700,88473600,73.626,hit,16.922,20.335,0.376038,87140.127,4.273677,572244,0,abdelfattah-compute-03
100000000,dclm,2027,role_depth_v2,4.90,900,29491200,132.049,hit,6.658,23.944,0.443879,73821.839,4.258640,676424,0,rush-compute-02
100000000,dclm,2027,role_depth_v2,4.70,1200,39321600,108.998,hit,8.878,23.944,0.443879,73821.839,4.258640,676424,0,rush-compute-02
100000000,dclm,2027,role_depth_v2,4.55,1550,50790400,93.152,hit,11.467,23.944,0.443879,73821.839,4.258640,676424,0,rush-compute-02
100000000,dclm,2027,role_depth_v2,4.45,1850,60620800,84.436,hit,13.686,23.944,0.443879,73821.839,4.258640,676424,0,rush-compute-02
100000000,dclm,2027,role_depth_v2,4.35,2250,73728000,77.225,hit,16.645,23.944,0.443879,73821.839,4.258640,676424,0,rush-compute-02
100000000,dclm,2027,role_depth_v2,4.30,2600,85196800,73.417,hit,19.235,23.944,0.443879,73821.839,4.258640,676424,0,rush-compute-02
100000000,dclm,2027,role_depth_v3,4.90,900,29491200,133.934,hit,5.616,20.293,0.374387,87524.438,4.270991,707328,0,elor-compute-01
100000000,dclm,2027,role_depth_v3,4.70,1200,39321600,109.754,hit,7.488,20.293,0.374387,87524.438,4.270991,707328,0,elor-compute-01
100000000,dclm,2027,role_depth_v3,4.55,1550,50790400,94.170,hit,9.672,20.293,0.374387,87524.438,4.270991,707328,0,elor-compute-01
100000000,dclm,2027,role_depth_v3,4.45,1850,60620800,85.121,hit,11.544,20.293,0.374387,87524.438,4.270991,707328,0,elor-compute-01
100000000,dclm,2027,role_depth_v3,4.35,2300,75366400,77.205,hit,14.351,20.293,0.374387,87524.438,4.270991,707328,0,elor-compute-01
100000000,dclm,2027,role_depth_v3,4.30,2700,88473600,73.475,hit,16.847,20.293,0.374387,87524.438,4.270991,707328,0,elor-compute-01
100000000,dclm,2027,role_depth_v4,4.90,900,29491200,132.955,hit,5.785,20.822,0.385693,84958.833,4.262203,707587,0,elor-compute-01
100000000,dclm,2027,role_depth_v4,4.70,1200,39321600,108.421,hit,7.714,20.822,0.385693,84958.833,4.262203,707587,0,elor-compute-01
100000000,dclm,2027,role_depth_v4,4.55,1500,49152000,94.627,hit,9.642,20.822,0.385693,84958.833,4.262203,707587,0,elor-compute-01
100000000,dclm,2027,role_depth_v4,4.45,1850,60620800,84.524,hit,11.892,20.822,0.385693,84958.833,4.262203,707587,0,elor-compute-01
100000000,dclm,2027,role_depth_v4,4.35,2250,73728000,77.434,hit,14.463,20.822,0.385693,84958.833,4.262203,707587,0,elor-compute-01
100000000,dclm,2027,role_depth_v4,4.30,2600,85196800,73.653,hit,16.713,20.822,0.385693,84958.833,4.262203,707587,0,elor-compute-01
100000000,dclm,2027,role_depth_v5,4.90,900,29491200,132.643,hit,6.659,24.006,0.443954,73809.379,4.258960,749315,0,rush-compute-02
100000000,dclm,2027,role_depth_v5,4.70,1200,39321600,108.497,hit,8.879,24.006,0.443954,73809.379,4.258960,749315,0,rush-compute-02
100000000,dclm,2027,role_depth_v5,4.55,1500,49152000,94.379,hit,11.099,24.006,0.443954,73809.379,4.258960,749315,0,rush-compute-02
100000000,dclm,2027,role_depth_v5,4.45,1800,58982400,85.615,hit,13.319,24.006,0.443954,73809.379,4.258960,749315,0,rush-compute-02
100000000,dclm,2027,role_depth_v5,4.35,2250,73728000,77.230,hit,16.648,24.006,0.443954,73809.379,4.258960,749315,0,rush-compute-02
100000000,dclm,2027,role_depth_v5,4.30,2600,85196800,73.520,hit,19.238,24.006,0.443954,73809.379,4.258960,749315,0,rush-compute-02
100000000,dclm,2027,role_depth_v6,4.90,900,29491200,132.728,hit,7.009,25.104,0.467279,70125.090,4.263743,749330,1,damle-compute-01
100000000,dclm,2027,role_depth_v6,4.70,1200,39321600,108.587,hit,9.346,25.104,0.467279,70125.090,4.263743,749330,1,damle-compute-01
100000000,dclm,2027,role_depth_v6,4.55,1500,49152000,94.475,hit,11.682,25.104,0.467279,70125.090,4.263743,749330,1,damle-compute-01
100000000,dclm,2027,role_depth_v6,4.45,1850,60620800,84.422,hit,14.408,25.104,0.467279,70125.090,4.263743,749330,1,damle-compute-01
100000000,dclm,2027,role_depth_v6,4.35,2300,75366400,76.736,hit,17.912,25.104,0.467279,70125.090,4.263743,749330,1,damle-compute-01
100000000,dclm,2027,role_depth_v6,4.30,2650,86835200,73.331,hit,20.638,25.104,0.467279,70125.090,4.263743,749330,1,damle-compute-01
100000000,dclm,3407,full,4.90,900,29491200,133.155,hit,6.881,24.557,0.458714,71434.534,4.255752,,,
100000000,dclm,3407,full,4.70,1200,39321600,109.136,hit,9.174,24.557,0.458714,71434.534,4.255752,,,
100000000,dclm,3407,full,4.55,1500,49152000,94.565,hit,11.468,24.557,0.458714,71434.534,4.255752,,,
100000000,dclm,3407,full,4.45,1800,58982400,85.591,hit,13.761,24.557,0.458714,71434.534,4.255752,,,
100000000,dclm,3407,full,4.35,2250,73728000,76.926,hit,17.202,24.557,0.458714,71434.534,4.255752,,,
100000000,dclm,3407,full,4.30,2550,83558400,73.480,hit,19.495,24.557,0.458714,71434.534,4.255752,,,
100000000,dclm,3407,no_role_depth,4.90,950,31129600,130.508,hit,6.289,21.456,0.397170,82503.762,4.265036,572245,0,seo-compute-01
100000000,dclm,3407,no_role_depth,4.70,1250,40960000,107.048,hit,8.274,21.456,0.397170,82503.762,4.265036,572245,0,seo-compute-01
100000000,dclm,3407,no_role_depth,4.55,1550,50790400,93.731,hit,10.260,21.456,0.397170,82503.762,4.265036,572245,0,seo-compute-01
100000000,dclm,3407,no_role_depth,4.45,1850,60620800,85.057,hit,12.246,21.456,0.397170,82503.762,4.265036,572245,0,seo-compute-01
100000000,dclm,3407,no_role_depth,4.35,2300,75366400,77.082,hit,15.225,21.456,0.397170,82503.762,4.265036,572245,0,seo-compute-01
100000000,dclm,3407,no_role_depth,4.30,2600,85196800,73.685,hit,17.211,21.456,0.397170,82503.762,4.265036,572245,0,seo-compute-01
100000000,dclm,3407,role_depth_v2,4.90,900,29491200,133.694,hit,5.786,20.815,0.385700,84957.218,4.251755,676425,0,elor-compute-01
100000000,dclm,3407,role_depth_v2,4.70,1200,39321600,109.538,hit,7.714,20.815,0.385700,84957.218,4.251755,676425,0,elor-compute-01
100000000,dclm,3407,role_depth_v2,4.55,1500,49152000,94.630,hit,9.643,20.815,0.385700,84957.218,4.251755,676425,0,elor-compute-01
100000000,dclm,3407,role_depth_v2,4.45,1850,60620800,84.206,hit,11.892,20.815,0.385700,84957.218,4.251755,676425,0,elor-compute-01
100000000,dclm,3407,role_depth_v2,4.35,2250,73728000,77.013,hit,14.464,20.815,0.385700,84957.218,4.251755,676425,0,elor-compute-01
100000000,dclm,3407,role_depth_v2,4.30,2550,83558400,73.334,hit,16.392,20.815,0.385700,84957.218,4.251755,676425,0,elor-compute-01
100000000,dclm,3407,role_depth_v3,4.90,950,31129600,130.772,hit,7.177,24.324,0.453289,72289.382,4.267403,707329,1,badfellow
100000000,dclm,3407,role_depth_v3,4.70,1250,40960000,107.411,hit,9.444,24.324,0.453289,72289.382,4.267403,707329,1,badfellow
100000000,dclm,3407,role_depth_v3,4.55,1550,50790400,93.832,hit,11.710,24.324,0.453289,72289.382,4.267403,707329,1,badfellow
100000000,dclm,3407,role_depth_v3,4.45,1850,60620800,85.208,hit,13.976,24.324,0.453289,72289.382,4.267403,707329,1,badfellow
100000000,dclm,3407,role_depth_v3,4.35,2300,75366400,77.195,hit,17.376,24.324,0.453289,72289.382,4.267403,707329,1,badfellow
100000000,dclm,3407,role_depth_v3,4.30,2650,86835200,73.514,hit,20.020,24.324,0.453289,72289.382,4.267403,707329,1,badfellow
100000000,dclm,3407,role_depth_v4,4.90,950,31129600,129.524,hit,6.327,21.515,0.399574,82007.317,4.255749,707588,0,zabih-compute-01
100000000,dclm,3407,role_depth_v4,4.70,1200,39321600,109.287,hit,7.991,21.515,0.399574,82007.317,4.255749,707588,0,zabih-compute-01
100000000,dclm,3407,role_depth_v4,4.55,1550,50790400,92.999,hit,10.322,21.515,0.399574,82007.317,4.255749,707588,0,zabih-compute-01
100000000,dclm,3407,role_depth_v4,4.45,1850,60620800,84.266,hit,12.320,21.515,0.399574,82007.317,4.255749,707588,0,zabih-compute-01
100000000,dclm,3407,role_depth_v4,4.35,2250,73728000,77.162,hit,14.984,21.515,0.399574,82007.317,4.255749,707588,0,zabih-compute-01
100000000,dclm,3407,role_depth_v4,4.30,2550,83558400,73.554,hit,16.982,21.515,0.399574,82007.317,4.255749,707588,0,zabih-compute-01
100000000,dclm,3407,role_depth_v5,4.90,950,31129600,129.964,hit,6.196,21.172,0.391297,83742.084,4.254425,749316,0,elor-compute-01
100000000,dclm,3407,role_depth_v5,4.70,1200,39321600,109.015,hit,7.826,21.172,0.391297,83742.084,4.254425,749316,0,elor-compute-01
100000000,dclm,3407,role_depth_v5,4.55,1500,49152000,94.623,hit,9.782,21.172,0.391297,83742.084,4.254425,749316,0,elor-compute-01
100000000,dclm,3407,role_depth_v5,4.45,1850,60620800,84.263,hit,12.065,21.172,0.391297,83742.084,4.254425,749316,0,elor-compute-01
100000000,dclm,3407,role_depth_v5,4.35,2250,73728000,77.046,hit,14.674,21.172,0.391297,83742.084,4.254425,749316,0,elor-compute-01
100000000,dclm,3407,role_depth_v5,4.30,2550,83558400,73.405,hit,16.630,21.172,0.391297,83742.084,4.254425,749316,0,elor-compute-01
100000000,dclm,3407,role_depth_v6,4.90,900,29491200,134.277,hit,6.388,22.838,0.425888,76940.348,4.258430,749331,0,elor-compute-01
100000000,dclm,3407,role_depth_v6,4.70,1200,39321600,109.234,hit,8.518,22.838,0.425888,76940.348,4.258430,749331,0,elor-compute-01
100000000,dclm,3407,role_depth_v6,4.55,1500,49152000,94.609,hit,10.647,22.838,0.425888,76940.348,4.258430,749331,0,elor-compute-01
100000000,dclm,3407,role_depth_v6,4.45,1850,60620800,84.392,hit,13.132,22.838,0.425888,76940.348,4.258430,749331,0,elor-compute-01
100000000,dclm,3407,role_depth_v6,4.35,2250,73728000,77.267,hit,15.971,22.838,0.425888,76940.348,4.258430,749331,0,elor-compute-01
100000000,dclm,3407,role_depth_v6,4.30,2600,85196800,73.138,hit,18.455,22.838,0.425888,76940.348,4.258430,749331,0,elor-compute-01
100000000,fineweb_edu,1337,full,4.80,950,31129600,117.499,hit,8.200,27.678,0.517910,63269.646,4.089556,,,
100000000,fineweb_edu,1337,full,4.60,1200,39321600,97.541,hit,10.358,27.678,0.517910,63269.646,4.089556,,,
100000000,fineweb_edu,1337,full,4.40,1550,50790400,80.615,hit,13.379,27.678,0.517910,63269.646,4.089556,,,
100000000,fineweb_edu,1337,full,4.30,1850,60620800,72.533,hit,15.969,27.678,0.517910,63269.646,4.089556,,,
100000000,fineweb_edu,1337,full,4.20,2200,72089600,66.511,hit,18.990,27.678,0.517910,63269.646,4.089556,,,
100000000,fineweb_edu,1337,full,4.10,2950,96665600,60.089,hit,25.464,27.678,0.517910,63269.646,4.089556,,,
100000000,fineweb_edu,1337,no_role_depth,4.80,950,31129600,119.750,hit,5.946,20.280,0.375533,87257.270,4.103217,567143,0,seo-compute-01
100000000,fineweb_edu,1337,no_role_depth,4.60,1250,40960000,97.116,hit,7.824,20.280,0.375533,87257.270,4.103217,567143,0,seo-compute-01
100000000,fineweb_edu,1337,no_role_depth,4.40,1600,52428800,80.401,hit,10.014,20.280,0.375533,87257.270,4.103217,567143,0,seo-compute-01
100000000,fineweb_edu,1337,no_role_depth,4.30,1900,62259200,72.532,hit,11.892,20.280,0.375533,87257.270,4.103217,567143,0,seo-compute-01
100000000,fineweb_edu,1337,no_role_depth,4.20,2250,73728000,66.518,hit,14.082,20.280,0.375533,87257.270,4.103217,567143,0,seo-compute-01
100000000,fineweb_edu,1337,no_role_depth,4.10,,,,not_hit,,20.280,0.375533,87257.270,4.103217,567143,0,seo-compute-01
100000000,fineweb_edu,1337,role_depth_v2,4.80,950,31129600,117.782,hit,6.119,20.881,0.386446,84793.271,4.087605,676426,0,seo-compute-01
100000000,fineweb_edu,1337,role_depth_v2,4.60,1200,39321600,97.957,hit,7.729,20.881,0.386446,84793.271,4.087605,676426,0,seo-compute-01
100000000,fineweb_edu,1337,role_depth_v2,4.40,1550,50790400,80.760,hit,9.983,20.881,0.386446,84793.271,4.087605,676426,0,seo-compute-01
100000000,fineweb_edu,1337,role_depth_v2,4.30,1800,58982400,73.638,hit,11.593,20.881,0.386446,84793.271,4.087605,676426,0,seo-compute-01
100000000,fineweb_edu,1337,role_depth_v2,4.20,2200,72089600,66.433,hit,14.170,20.881,0.386446,84793.271,4.087605,676426,0,seo-compute-01
100000000,fineweb_edu,1337,role_depth_v2,4.10,2900,95027200,60.198,hit,18.678,20.881,0.386446,84793.271,4.087605,676426,0,seo-compute-01
100000000,fineweb_edu,1337,role_depth_v3,4.80,950,31129600,118.896,hit,6.195,21.158,0.391285,83744.553,4.101543,707340,0,zabih-compute-01
100000000,fineweb_edu,1337,role_depth_v3,4.60,1200,39321600,98.777,hit,7.826,21.158,0.391285,83744.553,4.101543,707340,0,zabih-compute-01
100000000,fineweb_edu,1337,role_depth_v3,4.40,1550,50790400,81.446,hit,10.108,21.158,0.391285,83744.553,4.101543,707340,0,zabih-compute-01
100000000,fineweb_edu,1337,role_depth_v3,4.30,1850,60620800,73.251,hit,12.065,21.158,0.391285,83744.553,4.101543,707340,0,zabih-compute-01
100000000,fineweb_edu,1337,role_depth_v3,4.20,2250,73728000,66.333,hit,14.673,21.158,0.391285,83744.553,4.101543,707340,0,zabih-compute-01
100000000,fineweb_edu,1337,role_depth_v3,4.10,,,,not_hit,,21.158,0.391285,83744.553,4.101543,707340,0,zabih-compute-01
100000000,fineweb_edu,1337,role_depth_v4,4.80,950,31129600,117.704,hit,7.350,25.070,0.464190,70591.800,4.092268,707589,0,damle-compute-01
100000000,fineweb_edu,1337,role_depth_v4,4.60,1200,39321600,97.652,hit,9.284,25.070,0.464190,70591.800,4.092268,707589,0,damle-compute-01
100000000,fineweb_edu,1337,role_depth_v4,4.40,1550,50790400,80.780,hit,11.992,25.070,0.464190,70591.800,4.092268,707589,0,damle-compute-01
100000000,fineweb_edu,1337,role_depth_v4,4.30,1850,60620800,72.621,hit,14.313,25.070,0.464190,70591.800,4.092268,707589,0,damle-compute-01
100000000,fineweb_edu,1337,role_depth_v4,4.20,2200,72089600,66.556,hit,17.020,25.070,0.464190,70591.800,4.092268,707589,0,damle-compute-01
100000000,fineweb_edu,1337,role_depth_v4,4.10,2950,96665600,60.218,hit,22.823,25.070,0.464190,70591.800,4.092268,707589,0,damle-compute-01
100000000,fineweb_edu,1337,role_depth_v5,4.80,950,31129600,117.617,hit,7.342,24.928,0.463681,70669.328,4.087169,749317,0,badfellow
100000000,fineweb_edu,1337,role_depth_v5,4.60,1200,39321600,96.513,hit,9.274,24.928,0.463681,70669.328,4.087169,749317,0,badfellow
100000000,fineweb_edu,1337,role_depth_v5,4.40,1550,50790400,80.302,hit,11.978,24.928,0.463681,70669.328,4.087169,749317,0,badfellow
100000000,fineweb_edu,1337,role_depth_v5,4.30,1800,58982400,73.557,hit,13.910,24.928,0.463681,70669.328,4.087169,749317,0,badfellow
100000000,fineweb_edu,1337,role_depth_v5,4.20,2200,72089600,66.303,hit,17.002,24.928,0.463681,70669.328,4.087169,749317,0,badfellow
100000000,fineweb_edu,1337,role_depth_v5,4.10,2900,95027200,60.162,hit,22.411,24.928,0.463681,70669.328,4.087169,749317,0,badfellow
100000000,fineweb_edu,1337,role_depth_v6,4.80,950,31129600,117.204,hit,7.434,25.132,0.469519,69790.509,4.090403,749332,1,damle-compute-01
100000000,fineweb_edu,1337,role_depth_v6,4.60,1200,39321600,96.692,hit,9.390,25.132,0.469519,69790.509,4.090403,749332,1,damle-compute-01
100000000,fineweb_edu,1337,role_depth_v6,4.40,1550,50790400,80.010,hit,12.129,25.132,0.469519,69790.509,4.090403,749332,1,damle-compute-01
100000000,fineweb_edu,1337,role_depth_v6,4.30,1800,58982400,73.428,hit,14.086,25.132,0.469519,69790.509,4.090403,749332,1,damle-compute-01
100000000,fineweb_edu,1337,role_depth_v6,4.20,2200,72089600,66.316,hit,17.216,25.132,0.469519,69790.509,4.090403,749332,1,damle-compute-01
100000000,fineweb_edu,1337,role_depth_v6,4.10,2950,96665600,60.145,hit,23.085,25.132,0.469519,69790.509,4.090403,749332,1,damle-compute-01
100000000,fineweb_edu,2027,full,4.80,900,29491200,119.769,hit,6.244,22.464,0.416287,78714.906,4.076160,,,
100000000,fineweb_edu,2027,full,4.60,1150,37683200,98.235,hit,7.979,22.464,0.416287,78714.906,4.076160,,,
100000000,fineweb_edu,2027,full,4.40,1500,49152000,80.631,hit,10.407,22.464,0.416287,78714.906,4.076160,,,
100000000,fineweb_edu,2027,full,4.30,1750,57344000,73.419,hit,12.142,22.464,0.416287,78714.906,4.076160,,,
100000000,fineweb_edu,2027,full,4.20,2150,70451200,66.008,hit,14.917,22.464,0.416287,78714.906,4.076160,,,
100000000,fineweb_edu,2027,full,4.10,2750,90112000,60.153,hit,19.080,22.464,0.416287,78714.906,4.076160,,,
100000000,fineweb_edu,2027,no_role_depth,4.80,950,31129600,116.561,hit,6.653,22.669,0.420187,77984.295,4.087354,567144,0,seo-compute-02
100000000,fineweb_edu,2027,no_role_depth,4.60,1150,37683200,99.198,hit,8.054,22.669,0.420187,77984.295,4.087354,567144,0,seo-compute-02
100000000,fineweb_edu,2027,no_role_depth,4.40,1500,49152000,81.393,hit,10.505,22.669,0.420187,77984.295,4.087354,567144,0,seo-compute-02
100000000,fineweb_edu,2027,no_role_depth,4.30,1800,58982400,72.870,hit,12.606,22.669,0.420187,77984.295,4.087354,567144,0,seo-compute-02
100000000,fineweb_edu,2027,no_role_depth,4.20,2200,72089600,66.008,hit,15.407,22.669,0.420187,77984.295,4.087354,567144,0,seo-compute-02
100000000,fineweb_edu,2027,no_role_depth,4.10,2850,93388800,60.324,hit,19.959,22.669,0.420187,77984.295,4.087354,567144,0,seo-compute-02
100000000,fineweb_edu,2027,role_depth_v2,4.80,900,29491200,119.783,hit,5.757,20.727,0.383810,85375.603,4.073491,676546,0,abdelfattah-compute-03
100000000,fineweb_edu,2027,role_depth_v2,4.60,1150,37683200,98.086,hit,7.356,20.727,0.383810,85375.603,4.073491,676546,0,abdelfattah-compute-03
100000000,fineweb_edu,2027,role_depth_v2,4.40,1500,49152000,80.565,hit,9.595,20.727,0.383810,85375.603,4.073491,676546,0,abdelfattah-compute-03
100000000,fineweb_edu,2027,role_depth_v2,4.30,1750,57344000,73.370,hit,11.194,20.727,0.383810,85375.603,4.073491,676546,0,abdelfattah-compute-03
100000000,fineweb_edu,2027,role_depth_v2,4.20,2150,70451200,65.980,hit,13.753,20.727,0.383810,85375.603,4.073491,676546,0,abdelfattah-compute-03
100000000,fineweb_edu,2027,role_depth_v2,4.10,2750,90112000,60.015,hit,17.591,20.727,0.383810,85375.603,4.073491,676546,0,abdelfattah-compute-03
100000000,fineweb_edu,2027,role_depth_v3,4.80,950,31129600,116.632,hit,7.156,24.433,0.451981,72498.564,4.088396,707341,0,damle-compute-01
100000000,fineweb_edu,2027,role_depth_v3,4.60,1200,39321600,96.090,hit,9.040,24.433,0.451981,72498.564,4.088396,707341,0,damle-compute-01
100000000,fineweb_edu,2027,role_depth_v3,4.40,1550,50790400,79.772,hit,11.676,24.433,0.451981,72498.564,4.088396,707341,0,damle-compute-01
100000000,fineweb_edu,2027,role_depth_v3,4.30,1800,58982400,72.931,hit,13.559,24.433,0.451981,72498.564,4.088396,707341,0,damle-compute-01
100000000,fineweb_edu,2027,role_depth_v3,4.20,2200,72089600,66.014,hit,16.573,24.433,0.451981,72498.564,4.088396,707341,0,damle-compute-01
100000000,fineweb_edu,2027,role_depth_v3,4.10,2900,95027200,60.079,hit,21.846,24.433,0.451981,72498.564,4.088396,707341,0,damle-compute-01
100000000,fineweb_edu,2027,role_depth_v4,4.80,900,29491200,120.658,hit,5.756,20.723,0.383719,85395.755,4.079555,707590,0,elor-compute-01
100000000,fineweb_edu,2027,role_depth_v4,4.60,1150,37683200,97.651,hit,7.355,20.723,0.383719,85395.755,4.079555,707590,0,elor-compute-01
100000000,fineweb_edu,2027,role_depth_v4,4.40,1500,49152000,80.389,hit,9.593,20.723,0.383719,85395.755,4.079555,707590,0,elor-compute-01
100000000,fineweb_edu,2027,role_depth_v4,4.30,1750,57344000,73.438,hit,11.192,20.723,0.383719,85395.755,4.079555,707590,0,elor-compute-01
100000000,fineweb_edu,2027,role_depth_v4,4.20,2150,70451200,66.121,hit,13.750,20.723,0.383719,85395.755,4.079555,707590,0,elor-compute-01
100000000,fineweb_edu,2027,role_depth_v4,4.10,2750,90112000,60.319,hit,17.587,20.723,0.383719,85395.755,4.079555,707590,0,elor-compute-01
100000000,fineweb_edu,2027,role_depth_v5,4.80,900,29491200,120.467,hit,6.878,24.717,0.458543,71461.069,4.074412,749318,0,damle-compute-01
100000000,fineweb_edu,2027,role_depth_v5,4.60,1150,37683200,97.629,hit,8.789,24.717,0.458543,71461.069,4.074412,749318,0,damle-compute-01
100000000,fineweb_edu,2027,role_depth_v5,4.40,1500,49152000,80.198,hit,11.464,24.717,0.458543,71461.069,4.074412,749318,0,damle-compute-01
100000000,fineweb_edu,2027,role_depth_v5,4.30,1750,57344000,73.247,hit,13.374,24.717,0.458543,71461.069,4.074412,749318,0,damle-compute-01
100000000,fineweb_edu,2027,role_depth_v5,4.20,2150,70451200,65.914,hit,16.431,24.717,0.458543,71461.069,4.074412,749318,0,damle-compute-01
100000000,fineweb_edu,2027,role_depth_v5,4.10,2750,90112000,60.015,hit,21.017,24.717,0.458543,71461.069,4.074412,749318,0,damle-compute-01
100000000,fineweb_edu,2027,role_depth_v6,4.80,900,29491200,120.166,hit,7.470,26.592,0.497998,65799.518,4.077101,749333,0,nikola-compute-18
100000000,fineweb_edu,2027,role_depth_v6,4.60,1150,37683200,97.303,hit,9.545,26.592,0.497998,65799.518,4.077101,749333,0,nikola-compute-18
100000000,fineweb_edu,2027,role_depth_v6,4.40,1500,49152000,80.262,hit,12.450,26.592,0.497998,65799.518,4.077101,749333,0,nikola-compute-18
100000000,fineweb_edu,2027,role_depth_v6,4.30,1750,57344000,73.034,hit,14.525,26.592,0.497998,65799.518,4.077101,749333,0,nikola-compute-18
100000000,fineweb_edu,2027,role_depth_v6,4.20,2150,70451200,65.895,hit,17.845,26.592,0.497998,65799.518,4.077101,749333,0,nikola-compute-18
100000000,fineweb_edu,2027,role_depth_v6,4.10,2750,90112000,60.190,hit,22.825,26.592,0.497998,65799.518,4.077101,749333,0,nikola-compute-18
100000000,fineweb_edu,3407,full,4.80,900,29491200,119.212,hit,7.761,27.774,0.517390,63333.270,4.096164,,,
100000000,fineweb_edu,3407,full,4.60,1150,37683200,98.272,hit,9.917,27.774,0.517390,63333.270,4.096164,,,
100000000,fineweb_edu,3407,full,4.40,1500,49152000,81.337,hit,12.935,27.774,0.517390,63333.270,4.096164,,,
100000000,fineweb_edu,3407,full,4.30,1850,60620800,72.514,hit,15.953,27.774,0.517390,63333.270,4.096164,,,
100000000,fineweb_edu,3407,full,4.20,2200,72089600,66.587,hit,18.971,27.774,0.517390,63333.270,4.096164,,,
100000000,fineweb_edu,3407,full,4.10,3000,98304000,60.270,hit,25.869,27.774,0.517390,63333.270,4.096164,,,
100000000,fineweb_edu,3407,no_role_depth,4.80,950,31129600,117.328,hit,6.891,23.456,0.435246,75286.202,4.104192,567151,0,ellis-compute-02
100000000,fineweb_edu,3407,no_role_depth,4.60,1200,39321600,96.361,hit,8.705,23.456,0.435246,75286.202,4.104192,567151,0,ellis-compute-02
100000000,fineweb_edu,3407,no_role_depth,4.40,1550,50790400,80.580,hit,11.244,23.456,0.435246,75286.202,4.104192,567151,0,ellis-compute-02
100000000,fineweb_edu,3407,no_role_depth,4.30,1850,60620800,73.123,hit,13.420,23.456,0.435246,75286.202,4.104192,567151,0,ellis-compute-02
100000000,fineweb_edu,3407,no_role_depth,4.20,2250,73728000,66.332,hit,16.322,23.456,0.435246,75286.202,4.104192,567151,0,ellis-compute-02
100000000,fineweb_edu,3407,no_role_depth,4.10,,,,not_hit,,23.456,0.435246,75286.202,4.104192,567151,0,ellis-compute-02
100000000,fineweb_edu,3407,role_depth_v2,4.80,900,29491200,119.399,hit,6.150,22.090,0.410029,79916.214,4.094703,676547,0,seo-compute-01
100000000,fineweb_edu,3407,role_depth_v2,4.60,1150,37683200,98.399,hit,7.859,22.090,0.410029,79916.214,4.094703,676547,0,seo-compute-01
100000000,fineweb_edu,3407,role_depth_v2,4.40,1500,49152000,81.382,hit,10.251,22.090,0.410029,79916.214,4.094703,676547,0,seo-compute-01
100000000,fineweb_edu,3407,role_depth_v2,4.30,1850,60620800,72.655,hit,12.643,22.090,0.410029,79916.214,4.094703,676547,0,seo-compute-01
100000000,fineweb_edu,3407,role_depth_v2,4.20,2200,72089600,66.525,hit,15.034,22.090,0.410029,79916.214,4.094703,676547,0,seo-compute-01
100000000,fineweb_edu,3407,role_depth_v2,4.10,3000,98304000,60.238,hit,20.501,22.090,0.410029,79916.214,4.094703,676547,0,seo-compute-01
100000000,fineweb_edu,3407,role_depth_v3,4.80,950,31129600,116.892,hit,7.482,25.216,0.472520,69347.299,4.106342,707421,1,nikola-compute-18
100000000,fineweb_edu,3407,role_depth_v3,4.60,1200,39321600,96.079,hit,9.450,25.216,0.472520,69347.299,4.106342,707421,1,nikola-compute-18
100000000,fineweb_edu,3407,role_depth_v3,4.40,1550,50790400,80.663,hit,12.207,25.216,0.472520,69347.299,4.106342,707421,1,nikola-compute-18
100000000,fineweb_edu,3407,role_depth_v3,4.30,1850,60620800,73.092,hit,14.569,25.216,0.472520,69347.299,4.106342,707421,1,nikola-compute-18
100000000,fineweb_edu,3407,role_depth_v3,4.20,2250,73728000,66.391,hit,17.720,25.216,0.472520,69347.299,4.106342,707421,1,nikola-compute-18
100000000,fineweb_edu,3407,role_depth_v3,4.10,,,,not_hit,,25.216,0.472520,69347.299,4.106342,707421,1,nikola-compute-18
100000000,fineweb_edu,3407,role_depth_v4,4.80,900,29491200,120.291,hit,5.978,21.469,0.398567,82214.632,4.097275,707591,0,zabih-compute-01
100000000,fineweb_edu,3407,role_depth_v4,4.60,1150,37683200,98.162,hit,7.639,21.469,0.398567,82214.632,4.097275,707591,0,zabih-compute-01
100000000,fineweb_edu,3407,role_depth_v4,4.40,1500,49152000,81.345,hit,9.964,21.469,0.398567,82214.632,4.097275,707591,0,zabih-compute-01
100000000,fineweb_edu,3407,role_depth_v4,4.30,1850,60620800,72.491,hit,12.289,21.469,0.398567,82214.632,4.097275,707591,0,zabih-compute-01
100000000,fineweb_edu,3407,role_depth_v4,4.20,2200,72089600,66.625,hit,14.614,21.469,0.398567,82214.632,4.097275,707591,0,zabih-compute-01
100000000,fineweb_edu,3407,role_depth_v4,4.10,3000,98304000,60.318,hit,19.928,21.469,0.398567,82214.632,4.097275,707591,0,zabih-compute-01
100000000,fineweb_edu,3407,role_depth_v5,4.80,900,29491200,119.935,hit,7.426,26.409,0.495034,66193.447,4.092680,749366,0,nikola-compute-18
100000000,fineweb_edu,3407,role_depth_v5,4.60,1150,37683200,97.751,hit,9.488,26.409,0.495034,66193.447,4.092680,749366,0,nikola-compute-18
100000000,fineweb_edu,3407,role_depth_v5,4.40,1500,49152000,81.016,hit,12.376,26.409,0.495034,66193.447,4.092680,749366,0,nikola-compute-18
100000000,fineweb_edu,3407,role_depth_v5,4.30,1800,58982400,73.482,hit,14.851,26.409,0.495034,66193.447,4.092680,749366,0,nikola-compute-18
100000000,fineweb_edu,3407,role_depth_v5,4.20,2200,72089600,66.286,hit,18.151,26.409,0.495034,66193.447,4.092680,749366,0,nikola-compute-18
100000000,fineweb_edu,3407,role_depth_v5,4.10,2950,96665600,60.272,hit,24.339,26.409,0.495034,66193.447,4.092680,749366,0,nikola-compute-18
100000000,fineweb_edu,3407,role_depth_v6,4.80,900,29491200,120.409,hit,6.693,23.912,0.446191,73439.335,4.097505,749334,0,rush-compute-02
100000000,fineweb_edu,3407,role_depth_v6,4.60,1150,37683200,98.099,hit,8.552,23.912,0.446191,73439.335,4.097505,749334,0,rush-compute-02
100000000,fineweb_edu,3407,role_depth_v6,4.40,1500,49152000,81.293,hit,11.155,23.912,0.446191,73439.335,4.097505,749334,0,rush-compute-02
100000000,fineweb_edu,3407,role_depth_v6,4.30,1800,58982400,73.620,hit,13.386,23.912,0.446191,73439.335,4.097505,749334,0,rush-compute-02
100000000,fineweb_edu,3407,role_depth_v6,4.20,2250,73728000,65.908,hit,16.732,23.912,0.446191,73439.335,4.097505,749334,0,rush-compute-02
100000000,fineweb_edu,3407,role_depth_v6,4.10,3050,99942400,60.190,hit,22.681,23.912,0.446191,73439.335,4.097505,749334,0,rush-compute-02
100000000,fineweb,1337,full,5.00,900,29491200,145.605,hit,6.244,22.435,0.416286,78715.034,4.301804,,,
100000000,fineweb,1337,full,4.80,1150,37683200,121.160,hit,7.979,22.435,0.416286,78715.034,4.301804,,,
100000000,fineweb,1337,full,4.60,1550,50790400,98.652,hit,10.754,22.435,0.416286,78715.034,4.301804,,,
100000000,fineweb,1337,full,4.50,1850,60620800,89.170,hit,12.835,22.435,0.416286,78715.034,4.301804,,,
100000000,fineweb,1337,full,4.40,2250,73728000,81.072,hit,15.611,22.435,0.416286,78715.034,4.301804,,,
100000000,fineweb,1337,full,4.35,2550,83558400,77.234,hit,17.692,22.435,0.416286,78715.034,4.301804,,,
100000000,fineweb,1337,no_role_depth,5.00,950,31129600,142.489,hit,6.295,21.440,0.397584,82417.841,4.315967,567152,0,seo-compute-01
100000000,fineweb,1337,no_role_depth,4.80,1200,39321600,118.617,hit,7.952,21.440,0.397584,82417.841,4.315967,567152,0,seo-compute-01
100000000,fineweb,1337,no_role_depth,4.60,1600,52428800,98.010,hit,10.602,21.440,0.397584,82417.841,4.315967,567152,0,seo-compute-01
100000000,fineweb,1337,no_role_depth,4.50,1900,62259200,89.070,hit,12.590,21.440,0.397584,82417.841,4.315967,567152,0,seo-compute-01
100000000,fineweb,1337,no_role_depth,4.40,2300,75366400,81.356,hit,15.241,21.440,0.397584,82417.841,4.315967,567152,0,seo-compute-01
100000000,fineweb,1337,no_role_depth,4.35,2650,86835200,77.332,hit,17.560,21.440,0.397584,82417.841,4.315967,567152,0,seo-compute-01
100000000,fineweb,1337,role_depth_v2,5.00,900,29491200,145.777,hit,6.906,24.864,0.460408,71171.644,4.302154,676548,0,damle-compute-01
100000000,fineweb,1337,role_depth_v2,4.80,1200,39321600,117.848,hit,9.208,24.864,0.460408,71171.644,4.302154,676548,0,damle-compute-01
100000000,fineweb,1337,role_depth_v2,4.60,1550,50790400,98.880,hit,11.894,24.864,0.460408,71171.644,4.302154,676548,0,damle-compute-01
100000000,fineweb,1337,role_depth_v2,4.50,1850,60620800,89.297,hit,14.196,24.864,0.460408,71171.644,4.302154,676548,0,damle-compute-01
100000000,fineweb,1337,role_depth_v2,4.40,2250,73728000,81.097,hit,17.265,24.864,0.460408,71171.644,4.302154,676548,0,damle-compute-01
100000000,fineweb,1337,role_depth_v2,4.35,2550,83558400,77.246,hit,19.567,24.864,0.460408,71171.644,4.302154,676548,0,damle-compute-01
100000000,fineweb,1337,role_depth_v3,5.00,950,31129600,141.968,hit,7.445,25.182,0.470197,69689.991,4.314709,707433,1,nikola-compute-18
100000000,fineweb,1337,role_depth_v3,4.80,1200,39321600,118.844,hit,9.404,25.182,0.470197,69689.991,4.314709,707433,1,nikola-compute-18
100000000,fineweb,1337,role_depth_v3,4.60,1600,52428800,97.861,hit,12.539,25.182,0.470197,69689.991,4.314709,707433,1,nikola-compute-18
100000000,fineweb,1337,role_depth_v3,4.50,1900,62259200,89.120,hit,14.890,25.182,0.470197,69689.991,4.314709,707433,1,nikola-compute-18
100000000,fineweb,1337,role_depth_v3,4.40,2300,75366400,81.354,hit,18.024,25.182,0.470197,69689.991,4.314709,707433,1,nikola-compute-18
100000000,fineweb,1337,role_depth_v3,4.35,2650,86835200,77.235,hit,20.767,25.182,0.470197,69689.991,4.314709,707433,1,nikola-compute-18
100000000,fineweb,1337,role_depth_v4,5.00,900,29491200,147.257,hit,7.393,26.301,0.492863,66484.956,4.304448,707592,0,nikola-compute-18
100000000,fineweb,1337,role_depth_v4,4.80,1150,37683200,121.104,hit,9.447,26.301,0.492863,66484.956,4.304448,707592,0,nikola-compute-18
100000000,fineweb,1337,role_depth_v4,4.60,1550,50790400,98.891,hit,12.732,26.301,0.492863,66484.956,4.304448,707592,0,nikola-compute-18
100000000,fineweb,1337,role_depth_v4,4.50,1850,60620800,89.215,hit,15.197,26.301,0.492863,66484.956,4.304448,707592,0,nikola-compute-18
100000000,fineweb,1337,role_depth_v4,4.40,2250,73728000,81.209,hit,18.482,26.301,0.492863,66484.956,4.304448,707592,0,nikola-compute-18
100000000,fineweb,1337,role_depth_v4,4.35,2550,83558400,77.371,hit,20.947,26.301,0.492863,66484.956,4.304448,707592,0,nikola-compute-18
100000000,fineweb,1337,role_depth_v5,5.00,900,29491200,147.687,hit,6.578,23.515,0.438566,74716.191,4.300559,763837,0,rush-compute-02
100000000,fineweb,1337,role_depth_v5,4.80,1150,37683200,121.260,hit,8.406,23.515,0.438566,74716.191,4.300559,763837,0,rush-compute-02
100000000,fineweb,1337,role_depth_v5,4.60,1550,50790400,98.771,hit,11.330,23.515,0.438566,74716.191,4.300559,763837,0,rush-compute-02
100000000,fineweb,1337,role_depth_v5,4.50,1850,60620800,89.302,hit,13.522,23.515,0.438566,74716.191,4.300559,763837,0,rush-compute-02
100000000,fineweb,1337,role_depth_v5,4.40,2250,73728000,81.101,hit,16.446,23.515,0.438566,74716.191,4.300559,763837,0,rush-compute-02
100000000,fineweb,1337,role_depth_v5,4.35,2550,83558400,77.152,hit,18.639,23.515,0.438566,74716.191,4.300559,763837,0,rush-compute-02
100000000,fineweb,1337,role_depth_v6,5.00,900,29491200,146.915,hit,6.382,22.823,0.425458,77018.241,4.304709,749335,0,elor-compute-01
100000000,fineweb,1337,role_depth_v6,4.80,1150,37683200,120.667,hit,8.155,22.823,0.425458,77018.241,4.304709,749335,0,elor-compute-01
100000000,fineweb,1337,role_depth_v6,4.60,1550,50790400,98.675,hit,10.991,22.823,0.425458,77018.241,4.304709,749335,0,elor-compute-01
100000000,fineweb,1337,role_depth_v6,4.50,1850,60620800,89.052,hit,13.118,22.823,0.425458,77018.241,4.304709,749335,0,elor-compute-01
100000000,fineweb,1337,role_depth_v6,4.40,2250,73728000,81.156,hit,15.955,22.823,0.425458,77018.241,4.304709,749335,0,elor-compute-01
100000000,fineweb,1337,role_depth_v6,4.35,2550,83558400,77.388,hit,18.082,22.823,0.425458,77018.241,4.304709,749335,0,elor-compute-01
100000000,fineweb,2027,full,5.00,950,31129600,145.112,hit,8.216,27.847,0.518908,63148.032,4.324519,,,
100000000,fineweb,2027,full,4.80,1200,39321600,120.727,hit,10.378,27.847,0.518908,63148.032,4.324519,,,
100000000,fineweb,2027,full,4.60,1600,52428800,99.418,hit,13.838,27.847,0.518908,63148.032,4.324519,,,
100000000,fineweb,2027,full,4.50,1950,63897600,89.205,hit,16.865,27.847,0.518908,63148.032,4.324519,,,
100000000,fineweb,2027,full,4.40,2400,78643200,80.797,hit,20.756,27.847,0.518908,63148.032,4.324519,,,
100000000,fineweb,2027,full,4.35,2750,90112000,77.183,hit,23.783,27.847,0.518908,63148.032,4.324519,,,
100000000,fineweb,2027,no_role_depth,5.00,1000,32768000,143.514,hit,7.293,23.559,0.437565,74887.092,4.343298,567153,0,damle-compute-01
100000000,fineweb,2027,no_role_depth,4.80,1250,40960000,120.308,hit,9.116,23.559,0.437565,74887.092,4.343298,567153,0,damle-compute-01
100000000,fineweb,2027,no_role_depth,4.60,1700,55705600,97.870,hit,12.398,23.559,0.437565,74887.092,4.343298,567153,0,damle-compute-01
100000000,fineweb,2027,no_role_depth,4.50,2000,65536000,89.584,hit,14.586,23.559,0.437565,74887.092,4.343298,567153,0,damle-compute-01
100000000,fineweb,2027,no_role_depth,4.40,2500,81920000,81.080,hit,18.232,23.559,0.437565,74887.092,4.343298,567153,0,damle-compute-01
100000000,fineweb,2027,no_role_depth,4.35,3000,98304000,77.264,hit,21.878,23.559,0.437565,74887.092,4.343298,567153,0,damle-compute-01
100000000,fineweb,2027,role_depth_v2,5.00,950,31129600,145.766,hit,6.351,21.601,0.401144,81686.298,4.323945,676649,0,zabih-compute-01
100000000,fineweb,2027,role_depth_v2,4.80,1250,40960000,117.978,hit,8.357,21.601,0.401144,81686.298,4.323945,676649,0,zabih-compute-01
100000000,fineweb,2027,role_depth_v2,4.60,1650,54067200,97.912,hit,11.031,21.601,0.401144,81686.298,4.323945,676649,0,zabih-compute-01
100000000,fineweb,2027,role_depth_v2,4.50,1950,63897600,89.410,hit,13.037,21.601,0.401144,81686.298,4.323945,676649,0,zabih-compute-01
100000000,fineweb,2027,role_depth_v2,4.40,2400,78643200,80.840,hit,16.046,21.601,0.401144,81686.298,4.323945,676649,0,zabih-compute-01
100000000,fineweb,2027,role_depth_v2,4.35,2750,90112000,77.233,hit,18.386,21.601,0.401144,81686.298,4.323945,676649,0,zabih-compute-01
100000000,fineweb,2027,role_depth_v3,5.00,950,31129600,148.105,hit,7.603,25.692,0.480181,68240.990,4.337168,707454,0,nikola-compute-18
100000000,fineweb,2027,role_depth_v3,4.80,1250,40960000,119.147,hit,10.004,25.692,0.480181,68240.990,4.337168,707454,0,nikola-compute-18
100000000,fineweb,2027,role_depth_v3,4.60,1650,54067200,99.040,hit,13.205,25.692,0.480181,68240.990,4.337168,707454,0,nikola-compute-18
100000000,fineweb,2027,role_depth_v3,4.50,2000,65536000,89.150,hit,16.006,25.692,0.480181,68240.990,4.337168,707454,0,nikola-compute-18
100000000,fineweb,2027,role_depth_v3,4.40,2450,80281600,81.190,hit,19.607,25.692,0.480181,68240.990,4.337168,707454,0,nikola-compute-18
100000000,fineweb,2027,role_depth_v3,4.35,2900,95027200,77.321,hit,23.209,25.692,0.480181,68240.990,4.337168,707454,0,nikola-compute-18
100000000,fineweb,2027,role_depth_v4,5.00,950,31129600,146.167,hit,7.338,24.979,0.463445,70705.290,4.326229,707593,0,damle-compute-01
100000000,fineweb,2027,role_depth_v4,4.80,1200,39321600,120.879,hit,9.269,24.979,0.463445,70705.290,4.326229,707593,0,damle-compute-01
100000000,fineweb,2027,role_depth_v4,4.60,1650,54067200,97.761,hit,12.745,24.979,0.463445,70705.290,4.326229,707593,0,damle-compute-01
100000000,fineweb,2027,role_depth_v4,4.50,1950,63897600,89.369,hit,15.062,24.979,0.463445,70705.290,4.326229,707593,0,damle-compute-01
100000000,fineweb,2027,role_depth_v4,4.40,2400,78643200,80.933,hit,18.538,24.979,0.463445,70705.290,4.326229,707593,0,damle-compute-01
100000000,fineweb,2027,role_depth_v4,4.35,2750,90112000,77.347,hit,21.241,24.979,0.463445,70705.290,4.326229,707593,0,damle-compute-01
100000000,fineweb,2027,role_depth_v5,5.00,950,31129600,146.377,hit,7.655,25.837,0.483473,67776.290,4.324603,764316,0,nikola-compute-18
100000000,fineweb,2027,role_depth_v5,4.80,1200,39321600,120.826,hit,9.669,25.837,0.483473,67776.290,4.324603,764316,0,nikola-compute-18
100000000,fineweb,2027,role_depth_v5,4.60,1650,54067200,97.730,hit,13.296,25.837,0.483473,67776.290,4.324603,764316,0,nikola-compute-18
100000000,fineweb,2027,role_depth_v5,4.50,1950,63897600,89.314,hit,15.713,25.837,0.483473,67776.290,4.324603,764316,0,nikola-compute-18
100000000,fineweb,2027,role_depth_v5,4.40,2400,78643200,80.855,hit,19.339,25.837,0.483473,67776.290,4.324603,764316,0,nikola-compute-18
100000000,fineweb,2027,role_depth_v5,4.35,2750,90112000,77.267,hit,22.159,25.837,0.483473,67776.290,4.324603,764316,0,nikola-compute-18
100000000,fineweb,2027,role_depth_v6,5.00,950,31129600,146.330,hit,7.321,24.840,0.462388,70866.946,4.326975,749336,0,damle-compute-01
100000000,fineweb,2027,role_depth_v6,4.80,1200,39321600,120.850,hit,9.248,24.840,0.462388,70866.946,4.326975,749336,0,damle-compute-01
100000000,fineweb,2027,role_depth_v6,4.60,1600,52428800,99.445,hit,12.330,24.840,0.462388,70866.946,4.326975,749336,0,damle-compute-01
100000000,fineweb,2027,role_depth_v6,4.50,1950,63897600,89.256,hit,15.028,24.840,0.462388,70866.946,4.326975,749336,0,damle-compute-01
100000000,fineweb,2027,role_depth_v6,4.40,2400,78643200,80.934,hit,18.496,24.840,0.462388,70866.946,4.326975,749336,0,damle-compute-01
100000000,fineweb,2027,role_depth_v6,4.35,2750,90112000,77.402,hit,21.193,24.840,0.462388,70866.946,4.326975,749336,0,damle-compute-01
100000000,fineweb,3407,full,5.00,950,31129600,144.447,hit,6.598,22.461,0.416696,78637.710,4.322407,,,
100000000,fineweb,3407,full,4.80,1200,39321600,120.821,hit,8.334,22.461,0.416696,78637.710,4.322407,,,
100000000,fineweb,3407,full,4.60,1600,52428800,99.107,hit,11.112,22.461,0.416696,78637.710,4.322407,,,
100000000,fineweb,3407,full,4.50,1900,62259200,89.980,hit,13.195,22.461,0.416696,78637.710,4.322407,,,
100000000,fineweb,3407,full,4.40,2350,77004800,81.314,hit,16.321,22.461,0.416696,78637.710,4.322407,,,
100000000,fineweb,3407,full,4.35,2700,88473600,77.461,hit,18.751,22.461,0.416696,78637.710,4.322407,,,
100000000,fineweb,3407,no_role_depth,5.00,950,31129600,147.330,hit,6.974,23.666,0.440477,74392.045,4.336577,572246,0,damle-compute-01
100000000,fineweb,3407,no_role_depth,4.80,1250,40960000,118.876,hit,9.177,23.666,0.440477,74392.045,4.336577,572246,0,damle-compute-01
100000000,fineweb,3407,no_role_depth,4.60,1650,54067200,98.573,hit,12.113,23.666,0.440477,74392.045,4.336577,572246,0,damle-compute-01
100000000,fineweb,3407,no_role_depth,4.50,2000,65536000,88.655,hit,14.683,23.666,0.440477,74392.045,4.336577,572246,0,damle-compute-01
100000000,fineweb,3407,no_role_depth,4.40,2450,80281600,81.296,hit,17.986,23.666,0.440477,74392.045,4.336577,572246,0,damle-compute-01
100000000,fineweb,3407,no_role_depth,4.35,2900,95027200,77.153,hit,21.290,23.666,0.440477,74392.045,4.336577,572246,0,damle-compute-01
100000000,fineweb,3407,role_depth_v2,5.00,950,31129600,144.389,hit,6.074,20.703,0.383622,85417.524,4.321065,680015,0,abdelfattah-compute-03
100000000,fineweb,3407,role_depth_v2,4.80,1200,39321600,120.716,hit,7.672,20.703,0.383622,85417.524,4.321065,680015,0,abdelfattah-compute-03
100000000,fineweb,3407,role_depth_v2,4.60,1600,52428800,99.016,hit,10.230,20.703,0.383622,85417.524,4.321065,680015,0,abdelfattah-compute-03
100000000,fineweb,3407,role_depth_v2,4.50,1900,62259200,89.849,hit,12.148,20.703,0.383622,85417.524,4.321065,680015,0,abdelfattah-compute-03
100000000,fineweb,3407,role_depth_v2,4.40,2350,77004800,81.268,hit,15.025,20.703,0.383622,85417.524,4.321065,680015,0,abdelfattah-compute-03
100000000,fineweb,3407,role_depth_v2,4.35,2700,88473600,77.353,hit,17.263,20.703,0.383622,85417.524,4.321065,680015,0,abdelfattah-compute-03
100000000,fineweb,3407,role_depth_v3,5.00,950,31129600,146.716,hit,5.928,20.272,0.374375,87527.245,4.337388,707519,0,elor-compute-01
100000000,fineweb,3407,role_depth_v3,4.80,1250,40960000,118.187,hit,7.799,20.272,0.374375,87527.245,4.337388,707519,0,elor-compute-01
100000000,fineweb,3407,role_depth_v3,4.60,1650,54067200,98.412,hit,10.295,20.272,0.374375,87527.245,4.337388,707519,0,elor-compute-01
100000000,fineweb,3407,role_depth_v3,4.50,1950,63897600,89.866,hit,12.167,20.272,0.374375,87527.245,4.337388,707519,0,elor-compute-01
100000000,fineweb,3407,role_depth_v3,4.40,2450,80281600,81.254,hit,15.287,20.272,0.374375,87527.245,4.337388,707519,0,elor-compute-01
100000000,fineweb,3407,role_depth_v3,4.35,2900,95027200,77.249,hit,18.095,20.272,0.374375,87527.245,4.337388,707519,0,elor-compute-01
100000000,fineweb,3407,role_depth_v4,5.00,950,31129600,144.105,hit,6.092,20.764,0.384784,85159.446,4.326502,707594,0,elor-compute-01
100000000,fineweb,3407,role_depth_v4,4.80,1200,39321600,120.128,hit,7.696,20.764,0.384784,85159.446,4.326502,707594,0,elor-compute-01
100000000,fineweb,3407,role_depth_v4,4.60,1600,52428800,98.886,hit,10.261,20.764,0.384784,85159.446,4.326502,707594,0,elor-compute-01
100000000,fineweb,3407,role_depth_v4,4.50,1900,62259200,89.868,hit,12.185,20.764,0.384784,85159.446,4.326502,707594,0,elor-compute-01
100000000,fineweb,3407,role_depth_v4,4.40,2350,77004800,81.400,hit,15.071,20.764,0.384784,85159.446,4.326502,707594,0,elor-compute-01
100000000,fineweb,3407,role_depth_v4,4.35,2750,90112000,77.354,hit,17.636,20.764,0.384784,85159.446,4.326502,707594,0,elor-compute-01
100000000,fineweb,3407,role_depth_v5,5.00,950,31129600,144.463,hit,7.287,24.817,0.460202,71203.484,4.323008,764352,0,badfellow
100000000,fineweb,3407,role_depth_v5,4.80,1200,39321600,119.795,hit,9.204,24.817,0.460202,71203.484,4.323008,764352,0,badfellow
100000000,fineweb,3407,role_depth_v5,4.60,1600,52428800,98.788,hit,12.272,24.817,0.460202,71203.484,4.323008,764352,0,badfellow
100000000,fineweb,3407,role_depth_v5,4.50,1900,62259200,89.631,hit,14.573,24.817,0.460202,71203.484,4.323008,764352,0,badfellow
100000000,fineweb,3407,role_depth_v5,4.40,2350,77004800,81.211,hit,18.025,24.817,0.460202,71203.484,4.323008,764352,0,badfellow
100000000,fineweb,3407,role_depth_v5,4.35,2700,88473600,77.452,hit,20.709,24.817,0.460202,71203.484,4.323008,764352,0,badfellow
100000000,fineweb,3407,role_depth_v6,5.00,950,31129600,144.443,hit,7.776,26.306,0.491111,66722.141,4.326974,749337,0,nikola-compute-18
100000000,fineweb,3407,role_depth_v6,4.80,1200,39321600,120.013,hit,9.822,26.306,0.491111,66722.141,4.326974,749337,0,nikola-compute-18
100000000,fineweb,3407,role_depth_v6,4.60,1600,52428800,98.790,hit,13.096,26.306,0.491111,66722.141,4.326974,749337,0,nikola-compute-18
100000000,fineweb,3407,role_depth_v6,4.50,1900,62259200,89.737,hit,15.552,26.306,0.491111,66722.141,4.326974,749337,0,nikola-compute-18
100000000,fineweb,3407,role_depth_v6,4.40,2350,77004800,81.396,hit,19.235,26.306,0.491111,66722.141,4.326974,749337,0,nikola-compute-18
100000000,fineweb,3407,role_depth_v6,4.35,2750,90112000,77.333,hit,22.509,26.306,0.491111,66722.141,4.326974,749337,0,nikola-compute-18
100000000,dolma_sample,1337,full,5.00,1000,32768000,145.106,hit,7.588,24.401,0.455278,71973.566,4.320515,,,
100000000,dolma_sample,1337,full,4.80,1250,40960000,119.592,hit,9.485,24.401,0.455278,71973.566,4.320515,,,
100000000,dolma_sample,1337,full,4.60,1650,54067200,98.260,hit,12.520,24.401,0.455278,71973.566,4.320515,,,
100000000,dolma_sample,1337,full,4.50,1950,63897600,88.771,hit,14.797,24.401,0.455278,71973.566,4.320515,,,
100000000,dolma_sample,1337,full,4.40,2350,77004800,81.374,hit,17.832,24.401,0.455278,71973.566,4.320515,,,
100000000,dolma_sample,1337,full,4.35,2750,90112000,77.049,hit,20.867,24.401,0.455278,71973.566,4.320515,,,
100000000,dolma_sample,1337,no_role_depth,5.00,1000,32768000,146.898,hit,6.257,20.303,0.375447,87277.322,4.332900,572265,0,seo-compute-01
100000000,dolma_sample,1337,no_role_depth,4.80,1250,40960000,121.035,hit,7.822,20.303,0.375447,87277.322,4.332900,572265,0,seo-compute-01
100000000,dolma_sample,1337,no_role_depth,4.60,1650,54067200,99.281,hit,10.325,20.303,0.375447,87277.322,4.332900,572265,0,seo-compute-01
100000000,dolma_sample,1337,no_role_depth,4.50,1950,63897600,89.926,hit,12.202,20.303,0.375447,87277.322,4.332900,572265,0,seo-compute-01
100000000,dolma_sample,1337,no_role_depth,4.40,2450,80281600,80.897,hit,15.331,20.303,0.375447,87277.322,4.332900,572265,0,seo-compute-01
100000000,dolma_sample,1337,no_role_depth,4.35,2850,93388800,77.237,hit,17.834,20.303,0.375447,87277.322,4.332900,572265,0,seo-compute-01
100000000,dolma_sample,1337,role_depth_v2,5.00,1000,32768000,143.167,hit,6.457,20.886,0.387443,84575.044,4.316649,680016,0,seo-compute-01
100000000,dolma_sample,1337,role_depth_v2,4.80,1250,40960000,118.969,hit,8.072,20.886,0.387443,84575.044,4.316649,680016,0,seo-compute-01
100000000,dolma_sample,1337,role_depth_v2,4.60,1650,54067200,97.948,hit,10.655,20.886,0.387443,84575.044,4.316649,680016,0,seo-compute-01
100000000,dolma_sample,1337,role_depth_v2,4.50,1900,62259200,89.949,hit,12.269,20.886,0.387443,84575.044,4.316649,680016,0,seo-compute-01
100000000,dolma_sample,1337,role_depth_v2,4.40,2350,77004800,81.112,hit,15.175,20.886,0.387443,84575.044,4.316649,680016,0,seo-compute-01
100000000,dolma_sample,1337,role_depth_v2,4.35,2700,88473600,77.206,hit,17.435,20.886,0.387443,84575.044,4.316649,680016,0,seo-compute-01
100000000,dolma_sample,1337,role_depth_v3,5.00,1000,32768000,145.032,hit,6.504,21.076,0.390227,83971.707,4.331314,707545,0,zabih-compute-01
100000000,dolma_sample,1337,role_depth_v3,4.80,1250,40960000,120.351,hit,8.130,21.076,0.390227,83971.707,4.331314,707545,0,zabih-compute-01
100000000,dolma_sample,1337,role_depth_v3,4.60,1650,54067200,99.176,hit,10.731,21.076,0.390227,83971.707,4.331314,707545,0,zabih-compute-01
100000000,dolma_sample,1337,role_depth_v3,4.50,1950,63897600,89.790,hit,12.682,21.076,0.390227,83971.707,4.331314,707545,0,zabih-compute-01
100000000,dolma_sample,1337,role_depth_v3,4.40,2450,80281600,80.785,hit,15.934,21.076,0.390227,83971.707,4.331314,707545,0,zabih-compute-01
100000000,dolma_sample,1337,role_depth_v3,4.35,2850,93388800,77.152,hit,18.536,21.076,0.390227,83971.707,4.331314,707545,0,zabih-compute-01
100000000,dolma_sample,1337,role_depth_v4,5.00,1000,32768000,143.212,hit,7.691,24.710,0.461454,71010.347,4.321208,707595,0,badfellow
100000000,dolma_sample,1337,role_depth_v4,4.80,1250,40960000,118.777,hit,9.614,24.710,0.461454,71010.347,4.321208,707595,0,badfellow
100000000,dolma_sample,1337,role_depth_v4,4.60,1650,54067200,97.937,hit,12.690,24.710,0.461454,71010.347,4.321208,707595,0,badfellow
100000000,dolma_sample,1337,role_depth_v4,4.50,1950,63897600,88.753,hit,14.997,24.710,0.461454,71010.347,4.321208,707595,0,badfellow
100000000,dolma_sample,1337,role_depth_v4,4.40,2350,77004800,81.375,hit,18.074,24.710,0.461454,71010.347,4.321208,707595,0,badfellow
100000000,dolma_sample,1337,role_depth_v4,4.35,2750,90112000,77.013,hit,21.150,24.710,0.461454,71010.347,4.321208,707595,0,badfellow
100000000,dolma_sample,1337,role_depth_v5,5.00,1000,32768000,143.794,hit,6.735,21.740,0.404112,81086.432,4.318536,749368,0,elor-compute-01
100000000,dolma_sample,1337,role_depth_v5,4.80,1250,40960000,118.546,hit,8.419,21.740,0.404112,81086.432,4.318536,749368,0,elor-compute-01
100000000,dolma_sample,1337,role_depth_v5,4.60,1650,54067200,97.869,hit,11.113,21.740,0.404112,81086.432,4.318536,749368,0,elor-compute-01
100000000,dolma_sample,1337,role_depth_v5,4.50,1950,63897600,88.680,hit,13.134,21.740,0.404112,81086.432,4.318536,749368,0,elor-compute-01
100000000,dolma_sample,1337,role_depth_v5,4.40,2350,77004800,81.225,hit,15.828,21.740,0.404112,81086.432,4.318536,749368,0,elor-compute-01
100000000,dolma_sample,1337,role_depth_v5,4.35,2700,88473600,77.267,hit,18.185,21.740,0.404112,81086.432,4.318536,749368,0,elor-compute-01
100000000,dolma_sample,1337,role_depth_v6,5.00,1000,32768000,142.497,hit,7.532,24.219,0.451935,72506.020,4.322700,749338,0,rush-compute-02
100000000,dolma_sample,1337,role_depth_v6,4.80,1250,40960000,118.417,hit,9.415,24.219,0.451935,72506.020,4.322700,749338,0,rush-compute-02
100000000,dolma_sample,1337,role_depth_v6,4.60,1650,54067200,97.777,hit,12.428,24.219,0.451935,72506.020,4.322700,749338,0,rush-compute-02
100000000,dolma_sample,1337,role_depth_v6,4.50,1950,63897600,88.788,hit,14.688,24.219,0.451935,72506.020,4.322700,749338,0,rush-compute-02
100000000,dolma_sample,1337,role_depth_v6,4.40,2350,77004800,81.404,hit,17.701,24.219,0.451935,72506.020,4.322700,749338,0,rush-compute-02
100000000,dolma_sample,1337,role_depth_v6,4.35,2750,90112000,77.137,hit,20.714,24.219,0.451935,72506.020,4.322700,749338,0,rush-compute-02
100000000,dolma_sample,2027,full,5.00,950,31129600,146.585,hit,6.587,22.439,0.416031,78763.389,4.331018,,,
100000000,dolma_sample,2027,full,4.80,1200,39321600,121.005,hit,8.321,22.439,0.416031,78763.389,4.331018,,,
100000000,dolma_sample,2027,full,4.60,1650,54067200,98.103,hit,11.441,22.439,0.416031,78763.389,4.331018,,,
100000000,dolma_sample,2027,full,4.50,1950,63897600,89.441,hit,13.521,22.439,0.416031,78763.389,4.331018,,,
100000000,dolma_sample,2027,full,4.40,2400,78643200,81.355,hit,16.641,22.439,0.416031,78763.389,4.331018,,,
100000000,dolma_sample,2027,full,4.35,2800,91750400,77.405,hit,19.415,22.439,0.416031,78763.389,4.331018,,,
100000000,dolma_sample,2027,no_role_depth,5.00,1000,32768000,143.337,hit,8.129,26.119,0.487734,67184.168,4.342288,572266,0,ellis-compute-02
100000000,dolma_sample,2027,no_role_depth,4.80,1250,40960000,118.902,hit,10.161,26.119,0.487734,67184.168,4.342288,572266,0,ellis-compute-02
100000000,dolma_sample,2027,no_role_depth,4.60,1700,55705600,97.828,hit,13.819,26.119,0.487734,67184.168,4.342288,572266,0,ellis-compute-02
100000000,dolma_sample,2027,no_role_depth,4.50,2000,65536000,89.406,hit,16.258,26.119,0.487734,67184.168,4.342288,572266,0,ellis-compute-02
100000000,dolma_sample,2027,no_role_depth,4.40,2500,81920000,81.025,hit,20.322,26.119,0.487734,67184.168,4.342288,572266,0,ellis-compute-02
100000000,dolma_sample,2027,no_role_depth,4.35,2950,96665600,77.354,hit,23.980,26.119,0.487734,67184.168,4.342288,572266,0,ellis-compute-02
100000000,dolma_sample,2027,role_depth_v2,5.00,950,31129600,146.663,hit,6.079,20.741,0.383953,85343.832,4.326041,680135,0,elor-compute-01
100000000,dolma_sample,2027,role_depth_v2,4.80,1200,39321600,121.384,hit,7.679,20.741,0.383953,85343.832,4.326041,680135,0,elor-compute-01
100000000,dolma_sample,2027,role_depth_v2,4.60,1650,54067200,98.186,hit,10.559,20.741,0.383953,85343.832,4.326041,680135,0,elor-compute-01
100000000,dolma_sample,2027,role_depth_v2,4.50,1950,63897600,89.347,hit,12.478,20.741,0.383953,85343.832,4.326041,680135,0,elor-compute-01
100000000,dolma_sample,2027,role_depth_v2,4.40,2400,78643200,81.082,hit,15.358,20.741,0.383953,85343.832,4.326041,680135,0,elor-compute-01
100000000,dolma_sample,2027,role_depth_v2,4.35,2750,90112000,77.386,hit,17.598,20.741,0.383953,85343.832,4.326041,680135,0,elor-compute-01
100000000,dolma_sample,2027,role_depth_v3,5.00,1000,32768000,143.242,hit,7.480,24.197,0.448792,73013.757,4.342515,707581,0,damle-compute-01
100000000,dolma_sample,2027,role_depth_v3,4.80,1250,40960000,119.072,hit,9.350,24.197,0.448792,73013.757,4.342515,707581,0,damle-compute-01
100000000,dolma_sample,2027,role_depth_v3,4.60,1700,55705600,97.823,hit,12.716,24.197,0.448792,73013.757,4.342515,707581,0,damle-compute-01
100000000,dolma_sample,2027,role_depth_v3,4.50,2000,65536000,89.322,hit,14.960,24.197,0.448792,73013.757,4.342515,707581,0,damle-compute-01
100000000,dolma_sample,2027,role_depth_v3,4.40,2500,81920000,81.007,hit,18.700,24.197,0.448792,73013.757,4.342515,707581,0,damle-compute-01
100000000,dolma_sample,2027,role_depth_v3,4.35,2950,96665600,77.385,hit,22.066,24.197,0.448792,73013.757,4.342515,707581,0,damle-compute-01
100000000,dolma_sample,2027,role_depth_v4,5.00,950,31129600,146.799,hit,6.346,21.620,0.400771,81762.389,4.331238,707596,0,zabih-compute-01
100000000,dolma_sample,2027,role_depth_v4,4.80,1200,39321600,120.935,hit,8.015,21.620,0.400771,81762.389,4.331238,707596,0,zabih-compute-01
100000000,dolma_sample,2027,role_depth_v4,4.60,1650,54067200,98.212,hit,11.021,21.620,0.400771,81762.389,4.331238,707596,0,zabih-compute-01
100000000,dolma_sample,2027,role_depth_v4,4.50,1950,63897600,89.503,hit,13.025,21.620,0.400771,81762.389,4.331238,707596,0,zabih-compute-01
100000000,dolma_sample,2027,role_depth_v4,4.40,2400,78643200,81.345,hit,16.031,21.620,0.400771,81762.389,4.331238,707596,0,zabih-compute-01
100000000,dolma_sample,2027,role_depth_v4,4.35,2800,91750400,77.341,hit,18.703,21.620,0.400771,81762.389,4.331238,707596,0,zabih-compute-01
100000000,dolma_sample,2027,role_depth_v5,5.00,950,31129600,147.417,hit,6.952,23.584,0.439100,74625.293,4.328745,749324,1,rush-compute-02
100000000,dolma_sample,2027,role_depth_v5,4.80,1200,39321600,120.389,hit,8.782,23.584,0.439100,74625.293,4.328745,749324,1,rush-compute-02
100000000,dolma_sample,2027,role_depth_v5,4.60,1650,54067200,98.168,hit,12.075,23.584,0.439100,74625.293,4.328745,749324,1,rush-compute-02
100000000,dolma_sample,2027,role_depth_v5,4.50,1950,63897600,89.349,hit,14.271,23.584,0.439100,74625.293,4.328745,749324,1,rush-compute-02
100000000,dolma_sample,2027,role_depth_v5,4.40,2400,78643200,81.160,hit,17.564,23.584,0.439100,74625.293,4.328745,749324,1,rush-compute-02
100000000,dolma_sample,2027,role_depth_v5,4.35,2800,91750400,77.255,hit,20.491,23.584,0.439100,74625.293,4.328745,749324,1,rush-compute-02
100000000,dolma_sample,2027,role_depth_v6,5.00,950,31129600,146.676,hit,6.726,22.824,0.424780,77141.157,4.331207,749339,0,elor-compute-01
100000000,dolma_sample,2027,role_depth_v6,4.80,1200,39321600,120.643,hit,8.496,22.824,0.424780,77141.157,4.331207,749339,0,elor-compute-01
100000000,dolma_sample,2027,role_depth_v6,4.60,1650,54067200,98.085,hit,11.681,22.824,0.424780,77141.157,4.331207,749339,0,elor-compute-01
100000000,dolma_sample,2027,role_depth_v6,4.50,1950,63897600,89.466,hit,13.805,22.824,0.424780,77141.157,4.331207,749339,0,elor-compute-01
100000000,dolma_sample,2027,role_depth_v6,4.40,2400,78643200,81.352,hit,16.991,22.824,0.424780,77141.157,4.331207,749339,0,elor-compute-01
100000000,dolma_sample,2027,role_depth_v6,4.35,2850,93388800,77.175,hit,20.177,22.824,0.424780,77141.157,4.331207,749339,0,elor-compute-01
100000000,dolma_sample,3407,full,5.00,1000,32768000,144.419,hit,7.553,24.314,0.453156,72310.607,4.324468,,,
100000000,dolma_sample,3407,full,4.80,1250,40960000,119.539,hit,9.441,24.314,0.453156,72310.607,4.324468,,,
100000000,dolma_sample,3407,full,4.60,1650,54067200,98.483,hit,12.462,24.314,0.453156,72310.607,4.324468,,,
100000000,dolma_sample,3407,full,4.50,1950,63897600,89.484,hit,14.728,24.314,0.453156,72310.607,4.324468,,,
100000000,dolma_sample,3407,full,4.40,2400,78643200,81.017,hit,18.126,24.314,0.453156,72310.607,4.324468,,,
100000000,dolma_sample,3407,full,4.35,2750,90112000,77.372,hit,20.770,24.314,0.453156,72310.607,4.324468,,,
100000000,dolma_sample,3407,no_role_depth,5.00,1000,32768000,147.412,hit,6.513,21.083,0.390769,83855.242,4.338317,572268,0,zabih-compute-01
100000000,dolma_sample,3407,no_role_depth,4.80,1300,42598400,119.150,hit,8.467,21.083,0.390769,83855.242,4.338317,572268,0,zabih-compute-01
100000000,dolma_sample,3407,no_role_depth,4.60,1700,55705600,98.349,hit,11.072,21.083,0.390769,83855.242,4.338317,572268,0,zabih-compute-01
100000000,dolma_sample,3407,no_role_depth,4.50,2000,65536000,89.517,hit,13.026,21.083,0.390769,83855.242,4.338317,572268,0,zabih-compute-01
100000000,dolma_sample,3407,no_role_depth,4.40,2450,80281600,81.290,hit,15.956,21.083,0.390769,83855.242,4.338317,572268,0,zabih-compute-01
100000000,dolma_sample,3407,no_role_depth,4.35,2900,95027200,77.390,hit,18.887,21.083,0.390769,83855.242,4.338317,572268,0,zabih-compute-01
100000000,dolma_sample,3407,role_depth_v2,5.00,1000,32768000,144.571,hit,6.669,21.572,0.400142,81890.951,4.321068,680234,0,zabih-compute-01
100000000,dolma_sample,3407,role_depth_v2,4.80,1250,40960000,119.562,hit,8.336,21.572,0.400142,81890.951,4.321068,680234,0,zabih-compute-01
100000000,dolma_sample,3407,role_depth_v2,4.60,1650,54067200,98.223,hit,11.004,21.572,0.400142,81890.951,4.321068,680234,0,zabih-compute-01
100000000,dolma_sample,3407,role_depth_v2,4.50,1950,63897600,89.451,hit,13.005,21.572,0.400142,81890.951,4.321068,680234,0,zabih-compute-01
100000000,dolma_sample,3407,role_depth_v2,4.40,2350,77004800,81.405,hit,15.672,21.572,0.400142,81890.951,4.321068,680234,0,zabih-compute-01
100000000,dolma_sample,3407,role_depth_v2,4.35,2700,88473600,77.446,hit,18.006,21.572,0.400142,81890.951,4.321068,680234,0,zabih-compute-01
100000000,dolma_sample,3407,role_depth_v3,5.00,1000,32768000,146.425,hit,7.870,25.261,0.472182,69397.042,4.337494,707582,0,nikola-compute-18
100000000,dolma_sample,3407,role_depth_v3,4.80,1300,42598400,118.190,hit,10.231,25.261,0.472182,69397.042,4.337494,707582,0,nikola-compute-18
100000000,dolma_sample,3407,role_depth_v3,4.60,1700,55705600,97.863,hit,13.378,25.261,0.472182,69397.042,4.337494,707582,0,nikola-compute-18
100000000,dolma_sample,3407,role_depth_v3,4.50,2000,65536000,89.160,hit,15.739,25.261,0.472182,69397.042,4.337494,707582,0,nikola-compute-18
100000000,dolma_sample,3407,role_depth_v3,4.40,2450,80281600,81.274,hit,19.281,25.261,0.472182,69397.042,4.337494,707582,0,nikola-compute-18
100000000,dolma_sample,3407,role_depth_v3,4.35,2900,95027200,77.264,hit,22.822,25.261,0.472182,69397.042,4.337494,707582,0,nikola-compute-18
100000000,dolma_sample,3407,role_depth_v4,5.00,1000,32768000,144.203,hit,8.204,26.235,0.492264,66565.954,4.324802,707597,0,nikola-compute-18
100000000,dolma_sample,3407,role_depth_v4,4.80,1250,40960000,119.135,hit,10.255,26.235,0.492264,66565.954,4.324802,707597,0,nikola-compute-18
100000000,dolma_sample,3407,role_depth_v4,4.60,1650,54067200,98.237,hit,13.537,26.235,0.492264,66565.954,4.324802,707597,0,nikola-compute-18
100000000,dolma_sample,3407,role_depth_v4,4.50,1950,63897600,89.315,hit,15.999,26.235,0.492264,66565.954,4.324802,707597,0,nikola-compute-18
100000000,dolma_sample,3407,role_depth_v4,4.40,2400,78643200,80.995,hit,19.691,26.235,0.492264,66565.954,4.324802,707597,0,nikola-compute-18
100000000,dolma_sample,3407,role_depth_v4,4.35,2750,90112000,77.432,hit,22.562,26.235,0.492264,66565.954,4.324802,707597,0,nikola-compute-18
100000000,dolma_sample,3407,role_depth_v5,5.00,1000,32768000,144.985,hit,7.339,23.620,0.440311,74420.098,4.322758,749325,0,rush-compute-02
100000000,dolma_sample,3407,role_depth_v5,4.80,1250,40960000,119.413,hit,9.173,23.620,0.440311,74420.098,4.322758,749325,0,rush-compute-02
100000000,dolma_sample,3407,role_depth_v5,4.60,1650,54067200,98.227,hit,12.109,23.620,0.440311,74420.098,4.322758,749325,0,rush-compute-02
100000000,dolma_sample,3407,role_depth_v5,4.50,1950,63897600,89.453,hit,14.310,23.620,0.440311,74420.098,4.322758,749325,0,rush-compute-02
100000000,dolma_sample,3407,role_depth_v5,4.40,2350,77004800,81.438,hit,17.246,23.620,0.440311,74420.098,4.322758,749325,0,rush-compute-02
100000000,dolma_sample,3407,role_depth_v5,4.35,2750,90112000,77.233,hit,20.181,23.620,0.440311,74420.098,4.322758,749325,0,rush-compute-02
100000000,dolma_sample,3407,role_depth_v6,5.00,1000,32768000,143.957,hit,7.716,24.891,0.462985,70775.554,4.326100,749340,0,damle-compute-01
100000000,dolma_sample,3407,role_depth_v6,4.80,1250,40960000,119.033,hit,9.646,24.891,0.462985,70775.554,4.326100,749340,0,damle-compute-01
100000000,dolma_sample,3407,role_depth_v6,4.60,1650,54067200,98.281,hit,12.732,24.891,0.462985,70775.554,4.326100,749340,0,damle-compute-01
100000000,dolma_sample,3407,role_depth_v6,4.50,1950,63897600,89.366,hit,15.047,24.891,0.462985,70775.554,4.326100,749340,0,damle-compute-01
100000000,dolma_sample,3407,role_depth_v6,4.40,2400,78643200,81.112,hit,18.519,24.891,0.462985,70775.554,4.326100,749340,0,damle-compute-01
100000000,dolma_sample,3407,role_depth_v6,4.35,2800,91750400,77.150,hit,21.606,24.891,0.462985,70775.554,4.326100,749340,0,damle-compute-01
100000000,c4_en,1337,full,5.00,900,29491200,145.192,hit,6.252,22.481,0.416774,78622.966,4.261364,,,
100000000,c4_en,1337,full,4.80,1150,37683200,118.863,hit,7.988,22.481,0.416774,78622.966,4.261364,,,
100000000,c4_en,1337,full,4.60,1500,49152000,97.966,hit,10.419,22.481,0.416774,78622.966,4.261364,,,
100000000,c4_en,1337,full,4.50,1750,57344000,88.901,hit,12.156,22.481,0.416774,78622.966,4.261364,,,
100000000,c4_en,1337,full,4.40,2100,68812800,80.802,hit,14.587,22.481,0.416774,78622.966,4.261364,,,
100000000,c4_en,1337,full,4.30,2650,86835200,73.402,hit,18.408,22.481,0.416774,78622.966,4.261364,,,
100000000,c4_en,1337,no_role_depth,5.00,900,29491200,147.921,hit,6.979,24.962,0.465270,70427.949,4.277005,572271,0,badfellow
100000000,c4_en,1337,no_role_depth,4.80,1150,37683200,119.844,hit,8.918,24.962,0.465270,70427.949,4.277005,572271,0,badfellow
100000000,c4_en,1337,no_role_depth,4.60,1500,49152000,99.070,hit,11.632,24.962,0.465270,70427.949,4.277005,572271,0,badfellow
100000000,c4_en,1337,no_role_depth,4.50,1800,58982400,88.631,hit,13.958,24.962,0.465270,70427.949,4.277005,572271,0,badfellow
100000000,c4_en,1337,no_role_depth,4.40,2150,70451200,81.097,hit,16.672,24.962,0.465270,70427.949,4.277005,572271,0,badfellow
100000000,c4_en,1337,no_role_depth,4.30,2800,91750400,73.477,hit,21.713,24.962,0.465270,70427.949,4.277005,572271,0,badfellow
100000000,c4_en,1337,role_depth_v2,5.00,900,29491200,145.232,hit,6.158,22.122,0.410550,79814.960,4.258841,680334,0,seo-compute-01
100000000,c4_en,1337,role_depth_v2,4.80,1150,37683200,119.165,hit,7.869,22.122,0.410550,79814.960,4.258841,680334,0,seo-compute-01
100000000,c4_en,1337,role_depth_v2,4.60,1500,49152000,97.765,hit,10.264,22.122,0.410550,79814.960,4.258841,680334,0,seo-compute-01
100000000,c4_en,1337,role_depth_v2,4.50,1750,57344000,88.906,hit,11.974,22.122,0.410550,79814.960,4.258841,680334,0,seo-compute-01
100000000,c4_en,1337,role_depth_v2,4.40,2100,68812800,80.758,hit,14.369,22.122,0.410550,79814.960,4.258841,680334,0,seo-compute-01
100000000,c4_en,1337,role_depth_v2,4.30,2650,86835200,73.304,hit,18.133,22.122,0.410550,79814.960,4.258841,680334,0,seo-compute-01
100000000,c4_en,1337,role_depth_v3,5.00,900,29491200,147.576,hit,5.604,20.194,0.373612,87706.038,4.277341,707583,0,elor-compute-01
100000000,c4_en,1337,role_depth_v3,4.80,1150,37683200,119.773,hit,7.161,20.194,0.373612,87706.038,4.277341,707583,0,elor-compute-01
100000000,c4_en,1337,role_depth_v3,4.60,1500,49152000,98.853,hit,9.340,20.194,0.373612,87706.038,4.277341,707583,0,elor-compute-01
100000000,c4_en,1337,role_depth_v3,4.50,1750,57344000,89.972,hit,10.897,20.194,0.373612,87706.038,4.277341,707583,0,elor-compute-01
100000000,c4_en,1337,role_depth_v3,4.40,2150,70451200,80.882,hit,13.388,20.194,0.373612,87706.038,4.277341,707583,0,elor-compute-01
100000000,c4_en,1337,role_depth_v3,4.30,2800,91750400,73.507,hit,17.435,20.194,0.373612,87706.038,4.277341,707583,0,elor-compute-01
100000000,c4_en,1337,role_depth_v4,5.00,900,29491200,146.501,hit,6.973,25.020,0.464891,70485.375,4.264500,707598,0,damle-compute-01
100000000,c4_en,1337,role_depth_v4,4.80,1150,37683200,118.618,hit,8.910,25.020,0.464891,70485.375,4.264500,707598,0,damle-compute-01
100000000,c4_en,1337,role_depth_v4,4.60,1500,49152000,97.833,hit,11.622,25.020,0.464891,70485.375,4.264500,707598,0,damle-compute-01
100000000,c4_en,1337,role_depth_v4,4.50,1750,57344000,88.925,hit,13.559,25.020,0.464891,70485.375,4.264500,707598,0,damle-compute-01
100000000,c4_en,1337,role_depth_v4,4.40,2100,68812800,80.830,hit,16.271,25.020,0.464891,70485.375,4.264500,707598,0,damle-compute-01
100000000,c4_en,1337,role_depth_v4,4.30,2650,86835200,73.632,hit,20.533,25.020,0.464891,70485.375,4.264500,707598,0,damle-compute-01
100000000,c4_en,1337,role_depth_v5,5.00,900,29491200,145.468,hit,6.936,24.744,0.462394,70866.025,4.260684,749326,0,badfellow
100000000,c4_en,1337,role_depth_v5,4.80,1150,37683200,117.756,hit,8.863,24.744,0.462394,70866.025,4.260684,749326,0,badfellow
100000000,c4_en,1337,role_depth_v5,4.60,1500,49152000,97.413,hit,11.560,24.744,0.462394,70866.025,4.260684,749326,0,badfellow
100000000,c4_en,1337,role_depth_v5,4.50,1750,57344000,88.763,hit,13.486,24.744,0.462394,70866.025,4.260684,749326,0,badfellow
100000000,c4_en,1337,role_depth_v5,4.40,2100,68812800,80.646,hit,16.184,24.744,0.462394,70866.025,4.260684,749326,0,badfellow
100000000,c4_en,1337,role_depth_v5,4.30,2650,86835200,73.317,hit,20.422,24.744,0.462394,70866.025,4.260684,749326,0,badfellow
100000000,c4_en,1337,role_depth_v6,5.00,900,29491200,146.267,hit,7.481,26.648,0.498722,65703.945,4.265216,749341,0,nikola-compute-18
100000000,c4_en,1337,role_depth_v6,4.80,1150,37683200,118.126,hit,9.559,26.648,0.498722,65703.945,4.265216,749341,0,nikola-compute-18
100000000,c4_en,1337,role_depth_v6,4.60,1500,49152000,97.723,hit,12.468,26.648,0.498722,65703.945,4.265216,749341,0,nikola-compute-18
100000000,c4_en,1337,role_depth_v6,4.50,1750,57344000,88.899,hit,14.546,26.648,0.498722,65703.945,4.265216,749341,0,nikola-compute-18
100000000,c4_en,1337,role_depth_v6,4.40,2100,68812800,80.820,hit,17.455,26.648,0.498722,65703.945,4.265216,749341,0,nikola-compute-18
100000000,c4_en,1337,role_depth_v6,4.30,2700,88473600,73.351,hit,22.442,26.648,0.498722,65703.945,4.265216,749341,0,nikola-compute-18
100000000,c4_en,2027,full,5.00,900,29491200,145.811,hit,6.865,24.509,0.457647,71601.079,4.298457,,,
100000000,c4_en,2027,full,4.80,1150,37683200,120.421,hit,8.772,24.509,0.457647,71601.079,4.298457,,,
100000000,c4_en,2027,full,4.60,1550,50790400,98.276,hit,11.823,24.509,0.457647,71601.079,4.298457,,,
100000000,c4_en,2027,full,4.50,1850,60620800,88.940,hit,14.111,24.509,0.457647,71601.079,4.298457,,,
100000000,c4_en,2027,full,4.40,2200,72089600,81.410,hit,16.780,24.509,0.457647,71601.079,4.298457,,,
100000000,c4_en,2027,full,4.30,3050,99942400,73.586,hit,23.264,24.509,0.457647,71601.079,4.298457,,,
100000000,c4_en,2027,no_role_depth,5.00,950,31129600,144.091,hit,5.958,20.341,0.376306,87078.132,4.313735,573601,0,abdelfattah-compute-03
100000000,c4_en,2027,no_role_depth,4.80,1200,39321600,118.869,hit,7.526,20.341,0.376306,87078.132,4.313735,573601,0,abdelfattah-compute-03
100000000,c4_en,2027,no_role_depth,4.60,1600,52428800,97.548,hit,10.035,20.341,0.376306,87078.132,4.313735,573601,0,abdelfattah-compute-03
100000000,c4_en,2027,no_role_depth,4.50,1850,60620800,89.942,hit,11.603,20.341,0.376306,87078.132,4.313735,573601,0,abdelfattah-compute-03
100000000,c4_en,2027,no_role_depth,4.40,2300,75366400,81.042,hit,14.425,20.341,0.376306,87078.132,4.313735,573601,0,abdelfattah-compute-03
100000000,c4_en,2027,no_role_depth,4.30,,,,not_hit,,20.341,0.376306,87078.132,4.313735,573601,0,abdelfattah-compute-03
100000000,c4_en,2027,role_depth_v2,5.00,900,29491200,146.130,hit,8.343,29.627,0.556227,58911.164,4.299328,680766,0,ellis-compute-02
100000000,c4_en,2027,role_depth_v2,4.80,1150,37683200,120.621,hit,10.661,29.627,0.556227,58911.164,4.299328,680766,0,ellis-compute-02
100000000,c4_en,2027,role_depth_v2,4.60,1550,50790400,98.328,hit,14.369,29.627,0.556227,58911.164,4.299328,680766,0,ellis-compute-02
100000000,c4_en,2027,role_depth_v2,4.50,1850,60620800,89.027,hit,17.150,29.627,0.556227,58911.164,4.299328,680766,0,ellis-compute-02
100000000,c4_en,2027,role_depth_v2,4.40,2250,73728000,80.601,hit,20.859,29.627,0.556227,58911.164,4.299328,680766,0,ellis-compute-02
100000000,c4_en,2027,role_depth_v2,4.30,3050,99942400,73.650,hit,28.275,29.627,0.556227,58911.164,4.299328,680766,0,ellis-compute-02
100000000,c4_en,2027,role_depth_v3,5.00,950,31129600,142.880,hit,6.174,21.047,0.389914,84039.136,4.313629,707584,0,zabih-compute-01
100000000,c4_en,2027,role_depth_v3,4.80,1200,39321600,118.006,hit,7.798,21.047,0.389914,84039.136,4.313629,707584,0,zabih-compute-01
100000000,c4_en,2027,role_depth_v3,4.60,1600,52428800,97.536,hit,10.398,21.047,0.389914,84039.136,4.313629,707584,0,zabih-compute-01
100000000,c4_en,2027,role_depth_v3,4.50,1850,60620800,89.951,hit,12.022,21.047,0.389914,84039.136,4.313629,707584,0,zabih-compute-01
100000000,c4_en,2027,role_depth_v3,4.40,2300,75366400,81.078,hit,14.947,21.047,0.389914,84039.136,4.313629,707584,0,zabih-compute-01
100000000,c4_en,2027,role_depth_v3,4.30,,,,not_hit,,21.047,0.389914,84039.136,4.313629,707584,0,zabih-compute-01
100000000,c4_en,2027,role_depth_v4,5.00,900,29491200,146.925,hit,5.782,20.803,0.385447,85012.929,4.302079,707599,0,elor-compute-01
100000000,c4_en,2027,role_depth_v4,4.80,1150,37683200,119.988,hit,7.388,20.803,0.385447,85012.929,4.302079,707599,0,elor-compute-01
100000000,c4_en,2027,role_depth_v4,4.60,1550,50790400,98.066,hit,9.957,20.803,0.385447,85012.929,4.302079,707599,0,elor-compute-01
100000000,c4_en,2027,role_depth_v4,4.50,1800,58982400,89.986,hit,11.563,20.803,0.385447,85012.929,4.302079,707599,0,elor-compute-01
100000000,c4_en,2027,role_depth_v4,4.40,2250,73728000,80.813,hit,14.454,20.803,0.385447,85012.929,4.302079,707599,0,elor-compute-01
100000000,c4_en,2027,role_depth_v4,4.30,,,,not_hit,,20.803,0.385447,85012.929,4.302079,707599,0,elor-compute-01
100000000,c4_en,2027,role_depth_v5,5.00,900,29491200,147.379,hit,6.976,25.016,0.465099,70453.823,4.298565,749327,0,damle-compute-01
100000000,c4_en,2027,role_depth_v5,4.80,1150,37683200,120.054,hit,8.914,25.016,0.465099,70453.823,4.298565,749327,0,damle-compute-01
100000000,c4_en,2027,role_depth_v5,4.60,1550,50790400,98.098,hit,12.015,25.016,0.465099,70453.823,4.298565,749327,0,damle-compute-01
100000000,c4_en,2027,role_depth_v5,4.50,1800,58982400,89.911,hit,13.953,25.016,0.465099,70453.823,4.298565,749327,0,damle-compute-01
100000000,c4_en,2027,role_depth_v5,4.40,2200,72089600,81.402,hit,17.054,25.016,0.465099,70453.823,4.298565,749327,0,damle-compute-01
100000000,c4_en,2027,role_depth_v5,4.30,3050,99942400,73.594,hit,23.643,25.016,0.465099,70453.823,4.298565,749327,0,damle-compute-01
100000000,c4_en,2027,role_depth_v6,5.00,900,29491200,147.225,hit,6.663,23.813,0.444204,73767.864,4.302367,749342,0,rush-compute-02
100000000,c4_en,2027,role_depth_v6,4.80,1150,37683200,120.074,hit,8.514,23.813,0.444204,73767.864,4.302367,749342,0,rush-compute-02
100000000,c4_en,2027,role_depth_v6,4.60,1550,50790400,98.217,hit,11.475,23.813,0.444204,73767.864,4.302367,749342,0,rush-compute-02
100000000,c4_en,2027,role_depth_v6,4.50,1800,58982400,89.879,hit,13.326,23.813,0.444204,73767.864,4.302367,749342,0,rush-compute-02
100000000,c4_en,2027,role_depth_v6,4.40,2250,73728000,80.666,hit,16.658,23.813,0.444204,73767.864,4.302367,749342,0,rush-compute-02
100000000,c4_en,2027,role_depth_v6,4.30,,,,not_hit,,23.813,0.444204,73767.864,4.302367,749342,0,rush-compute-02
100000000,c4_en,3407,full,5.00,900,29491200,146.505,hit,6.239,22.414,0.415926,78783.245,4.291322,,,
100000000,c4_en,3407,full,4.80,1150,37683200,121.043,hit,7.972,22.414,0.415926,78783.245,4.291322,,,
100000000,c4_en,3407,full,4.60,1550,50790400,97.696,hit,10.745,22.414,0.415926,78783.245,4.291322,,,
100000000,c4_en,3407,full,4.50,1800,58982400,89.657,hit,12.478,22.414,0.415926,78783.245,4.291322,,,
100000000,c4_en,3407,full,4.40,2200,72089600,81.032,hit,15.251,22.414,0.415926,78783.245,4.291322,,,
100000000,c4_en,3407,full,4.30,2950,96665600,73.563,hit,20.450,22.414,0.415926,78783.245,4.291322,,,
100000000,c4_en,3407,no_role_depth,5.00,950,31129600,141.771,hit,5.947,20.363,0.375618,87237.455,4.305235,573706,0,seo-compute-01
100000000,c4_en,3407,no_role_depth,4.80,1150,37683200,121.105,hit,7.199,20.363,0.375618,87237.455,4.305235,573706,0,seo-compute-01
100000000,c4_en,3407,no_role_depth,4.60,1550,50790400,98.688,hit,9.703,20.363,0.375618,87237.455,4.305235,573706,0,seo-compute-01
100000000,c4_en,3407,no_role_depth,4.50,1850,60620800,89.435,hit,11.582,20.363,0.375618,87237.455,4.305235,573706,0,seo-compute-01
100000000,c4_en,3407,no_role_depth,4.40,2250,73728000,81.286,hit,14.086,20.363,0.375618,87237.455,4.305235,573706,0,seo-compute-01
100000000,c4_en,3407,no_role_depth,4.30,,,,not_hit,,20.363,0.375618,87237.455,4.305235,573706,0,seo-compute-01
100000000,c4_en,3407,role_depth_v2,5.00,900,29491200,146.910,hit,6.954,24.950,0.463586,70683.783,4.293108,680767,0,damle-compute-01
100000000,c4_en,3407,role_depth_v2,4.80,1150,37683200,120.972,hit,8.885,24.950,0.463586,70683.783,4.293108,680767,0,damle-compute-01
100000000,c4_en,3407,role_depth_v2,4.60,1550,50790400,97.968,hit,11.976,24.950,0.463586,70683.783,4.293108,680767,0,damle-compute-01
100000000,c4_en,3407,role_depth_v2,4.50,1800,58982400,89.816,hit,13.908,24.950,0.463586,70683.783,4.293108,680767,0,damle-compute-01
100000000,c4_en,3407,role_depth_v2,4.40,2200,72089600,81.191,hit,16.998,24.950,0.463586,70683.783,4.293108,680767,0,damle-compute-01
100000000,c4_en,3407,role_depth_v2,4.30,2950,96665600,73.667,hit,22.793,24.950,0.463586,70683.783,4.293108,680767,0,damle-compute-01
100000000,c4_en,3407,role_depth_v3,5.00,950,31129600,142.817,hit,7.098,24.294,0.448325,73089.889,4.307411,707585,0,damle-compute-01
100000000,c4_en,3407,role_depth_v3,4.80,1200,39321600,117.681,hit,8.966,24.294,0.448325,73089.889,4.307411,707585,0,damle-compute-01
100000000,c4_en,3407,role_depth_v3,4.60,1550,50790400,98.788,hit,11.582,24.294,0.448325,73089.889,4.307411,707585,0,damle-compute-01
100000000,c4_en,3407,role_depth_v3,4.50,1850,60620800,89.481,hit,13.823,24.294,0.448325,73089.889,4.307411,707585,0,damle-compute-01
100000000,c4_en,3407,role_depth_v3,4.40,2250,73728000,81.384,hit,16.812,24.294,0.448325,73089.889,4.307411,707585,0,damle-compute-01
100000000,c4_en,3407,role_depth_v3,4.30,,,,not_hit,,24.294,0.448325,73089.889,4.307411,707585,0,damle-compute-01
100000000,c4_en,3407,role_depth_v4,5.00,900,29491200,148.150,hit,7.023,25.064,0.468217,69984.598,4.296788,707600,0,badfellow
100000000,c4_en,3407,role_depth_v4,4.80,1150,37683200,120.337,hit,8.974,25.064,0.468217,69984.598,4.296788,707600,0,badfellow
100000000,c4_en,3407,role_depth_v4,4.60,1550,50790400,97.865,hit,12.096,25.064,0.468217,69984.598,4.296788,707600,0,badfellow
100000000,c4_en,3407,role_depth_v4,4.50,1800,58982400,90.012,hit,14.047,25.064,0.468217,69984.598,4.296788,707600,0,badfellow
100000000,c4_en,3407,role_depth_v4,4.40,2200,72089600,81.402,hit,17.168,25.064,0.468217,69984.598,4.296788,707600,0,badfellow
100000000,c4_en,3407,role_depth_v4,4.30,3000,98304000,73.655,hit,23.411,25.064,0.468217,69984.598,4.296788,707600,0,badfellow
100000000,c4_en,3407,role_depth_v5,5.00,900,29491200,147.535,hit,6.064,21.754,0.404274,81053.991,4.292103,749328,0,elor-compute-01
100000000,c4_en,3407,role_depth_v5,4.80,1150,37683200,120.265,hit,7.749,21.754,0.404274,81053.991,4.292103,749328,0,elor-compute-01
100000000,c4_en,3407,role_depth_v5,4.60,1550,50790400,97.727,hit,10.444,21.754,0.404274,81053.991,4.292103,749328,0,elor-compute-01
100000000,c4_en,3407,role_depth_v5,4.50,1800,58982400,89.770,hit,12.128,21.754,0.404274,81053.991,4.292103,749328,0,elor-compute-01
100000000,c4_en,3407,role_depth_v5,4.40,2200,72089600,81.196,hit,14.823,21.754,0.404274,81053.991,4.292103,749328,0,elor-compute-01
100000000,c4_en,3407,role_depth_v5,4.30,2950,96665600,73.634,hit,19.877,21.754,0.404274,81053.991,4.292103,749328,0,elor-compute-01
100000000,c4_en,3407,role_depth_v6,5.00,900,29491200,147.814,hit,6.390,22.858,0.425999,76920.333,4.297265,749343,0,elor-compute-01
100000000,c4_en,3407,role_depth_v6,4.80,1150,37683200,119.858,hit,8.165,22.858,0.425999,76920.333,4.297265,749343,0,elor-compute-01
100000000,c4_en,3407,role_depth_v6,4.60,1500,49152000,99.441,hit,10.650,22.858,0.425999,76920.333,4.297265,749343,0,elor-compute-01
100000000,c4_en,3407,role_depth_v6,4.50,1800,58982400,89.686,hit,12.780,22.858,0.425999,76920.333,4.297265,749343,0,elor-compute-01
100000000,c4_en,3407,role_depth_v6,4.40,2200,72089600,81.264,hit,15.620,22.858,0.425999,76920.333,4.297265,749343,0,elor-compute-01
100000000,c4_en,3407,role_depth_v6,4.30,3000,98304000,73.658,hit,21.300,22.858,0.425999,76920.333,4.297265,749343,0,elor-compute-01
300000000,dclm,1337,full,4.40,2350,77004800,81.032,hit,17.873,73.189,0.456320,71809.257,3.958206,,,
300000000,dclm,1337,full,4.30,3150,103219200,73.576,hit,23.957,73.189,0.456320,71809.257,3.958206,,,
300000000,dclm,1337,full,4.20,4100,134348800,66.467,hit,31.182,73.189,0.456320,71809.257,3.958206,,,
300000000,dclm,1337,full,4.10,5500,180224000,59.912,hit,41.829,73.189,0.456320,71809.257,3.958206,,,
300000000,dclm,1337,full,4.05,6300,206438400,57.348,hit,47.914,73.189,0.456320,71809.257,3.958206,,,
300000000,dclm,1337,full,4.00,7400,242483200,54.563,hit,56.279,73.189,0.456320,71809.257,3.958206,,,
300000000,dclm,1337,no_role_depth,4.40,2400,78643200,81.280,hit,15.924,64.231,0.398106,82309.758,3.963464,580835,0,seo-compute-01
300000000,dclm,1337,no_role_depth,4.30,3150,103219200,73.162,hit,20.901,64.231,0.398106,82309.758,3.963464,580835,0,seo-compute-01
300000000,dclm,1337,no_role_depth,4.20,4050,132710400,66.559,hit,26.872,64.231,0.398106,82309.758,3.963464,580835,0,seo-compute-01
300000000,dclm,1337,no_role_depth,4.10,5450,178585600,60.274,hit,36.161,64.231,0.398106,82309.758,3.963464,580835,0,seo-compute-01
300000000,dclm,1337,no_role_depth,4.05,6350,208076800,57.162,hit,42.133,64.231,0.398106,82309.758,3.963464,580835,0,seo-compute-01
300000000,dclm,1337,no_role_depth,4.00,7500,245760000,54.560,hit,49.763,64.231,0.398106,82309.758,3.963464,580835,0,seo-compute-01
300000000,dclm,1337,role_depth_v2,4.40,2350,77004800,81.019,hit,21.743,89.778,0.555148,59025.714,3.957419,681202,0,ellis-compute-02
300000000,dclm,1337,role_depth_v2,4.30,3150,103219200,73.580,hit,29.145,89.778,0.555148,59025.714,3.957419,681202,0,ellis-compute-02
300000000,dclm,1337,role_depth_v2,4.20,4100,134348800,66.538,hit,37.935,89.778,0.555148,59025.714,3.957419,681202,0,ellis-compute-02
300000000,dclm,1337,role_depth_v2,4.10,5450,178585600,60.245,hit,50.426,89.778,0.555148,59025.714,3.957419,681202,0,ellis-compute-02
300000000,dclm,1337,role_depth_v2,4.05,6300,206438400,57.250,hit,58.291,89.778,0.555148,59025.714,3.957419,681202,0,ellis-compute-02
300000000,dclm,1337,role_depth_v2,4.00,7400,242483200,54.461,hit,68.468,89.778,0.555148,59025.714,3.957419,681202,0,ellis-compute-02
300000000,dclm,1337,role_depth_v3,4.40,2450,80281600,80.650,hit,15.920,62.903,0.389881,84046.194,3.965834,708631,0,zabih-compute-01
300000000,dclm,1337,role_depth_v3,4.30,3100,101580800,73.489,hit,20.144,62.903,0.389881,84046.194,3.965834,708631,0,zabih-compute-01
300000000,dclm,1337,role_depth_v3,4.20,4100,134348800,66.418,hit,26.642,62.903,0.389881,84046.194,3.965834,708631,0,zabih-compute-01
300000000,dclm,1337,role_depth_v3,4.10,5500,180224000,59.949,hit,35.739,62.903,0.389881,84046.194,3.965834,708631,0,zabih-compute-01
300000000,dclm,1337,role_depth_v3,4.05,6350,208076800,57.299,hit,41.262,62.903,0.389881,84046.194,3.965834,708631,0,zabih-compute-01
300000000,dclm,1337,role_depth_v3,4.00,7550,247398400,54.486,hit,49.060,62.903,0.389881,84046.194,3.965834,708631,0,zabih-compute-01
300000000,dclm,1337,role_depth_v4,4.40,2450,80281600,80.658,hit,16.199,64.029,0.396719,82597.488,3.959833,711949,0,zabih-compute-01
300000000,dclm,1337,role_depth_v4,4.30,3100,101580800,73.419,hit,20.497,64.029,0.396719,82597.488,3.959833,711949,0,zabih-compute-01
300000000,dclm,1337,role_depth_v4,4.20,4000,131072000,66.679,hit,26.448,64.029,0.396719,82597.488,3.959833,711949,0,zabih-compute-01
300000000,dclm,1337,role_depth_v4,4.10,5450,178585600,60.264,hit,36.035,64.029,0.396719,82597.488,3.959833,711949,0,zabih-compute-01
300000000,dclm,1337,role_depth_v4,4.05,6300,206438400,57.380,hit,41.656,64.029,0.396719,82597.488,3.959833,711949,0,zabih-compute-01
300000000,dclm,1337,role_depth_v4,4.00,7400,242483200,54.571,hit,48.929,64.029,0.396719,82597.488,3.959833,711949,0,zabih-compute-01
300000000,dclm,1337,role_depth_v5,4.40,2400,78643200,81.082,hit,17.540,70.654,0.438504,74726.721,3.959412,749369,0,rush-compute-02
300000000,dclm,1337,role_depth_v5,4.30,3150,103219200,73.372,hit,23.021,70.654,0.438504,74726.721,3.959412,749369,0,rush-compute-02
300000000,dclm,1337,role_depth_v5,4.20,4100,134348800,66.474,hit,29.964,70.654,0.438504,74726.721,3.959412,749369,0,rush-compute-02
300000000,dclm,1337,role_depth_v5,4.10,5400,176947200,60.330,hit,39.465,70.654,0.438504,74726.721,3.959412,749369,0,rush-compute-02
300000000,dclm,1337,role_depth_v5,4.05,6300,206438400,57.327,hit,46.043,70.654,0.438504,74726.721,3.959412,749369,0,rush-compute-02
300000000,dclm,1337,role_depth_v5,4.00,7400,242483200,54.589,hit,54.082,70.654,0.438504,74726.721,3.959412,749369,0,rush-compute-02
300000000,dclm,1337,role_depth_v6,4.40,2400,78643200,81.174,hit,18.357,73.883,0.458916,71402.977,3.963066,749387,0,damle-compute-01
300000000,dclm,1337,role_depth_v6,4.30,3100,101580800,73.263,hit,23.711,73.883,0.458916,71402.977,3.963066,749387,0,damle-compute-01
300000000,dclm,1337,role_depth_v6,4.20,4000,131072000,66.684,hit,30.594,73.883,0.458916,71402.977,3.963066,749387,0,damle-compute-01
300000000,dclm,1337,role_depth_v6,4.10,5350,175308800,60.316,hit,40.920,73.883,0.458916,71402.977,3.963066,749387,0,damle-compute-01
300000000,dclm,1337,role_depth_v6,4.05,6300,206438400,57.335,hit,48.186,73.883,0.458916,71402.977,3.963066,749387,0,damle-compute-01
300000000,dclm,1337,role_depth_v6,4.00,7450,244121600,54.540,hit,56.982,73.883,0.458916,71402.977,3.963066,749387,0,damle-compute-01
300000000,dclm,2027,full,4.40,2400,78643200,81.380,hit,16.675,67.238,0.416885,78601.928,3.976248,,,
300000000,dclm,2027,full,4.30,3300,108134400,73.255,hit,22.929,67.238,0.416885,78601.928,3.976248,,,
300000000,dclm,2027,full,4.20,4250,139264000,66.468,hit,29.529,67.238,0.416885,78601.928,3.976248,,,
300000000,dclm,2027,full,4.10,5650,185139200,60.178,hit,39.257,67.238,0.416885,78601.928,3.976248,,,
300000000,dclm,2027,full,4.05,6550,214630400,57.319,hit,45.510,67.238,0.416885,78601.928,3.976248,,,
300000000,dclm,2027,full,4.00,7900,258867200,54.544,hit,54.890,67.238,0.416885,78601.928,3.976248,,,
300000000,dclm,2027,no_role_depth,4.40,2450,80281600,81.194,hit,15.145,59.986,0.370907,88345.635,3.981735,581096,0,abdelfattah-compute-03
300000000,dclm,2027,no_role_depth,4.30,3200,104857600,73.470,hit,19.782,59.986,0.370907,88345.635,3.981735,581096,0,abdelfattah-compute-03
300000000,dclm,2027,no_role_depth,4.20,4200,137625600,66.577,hit,25.963,59.986,0.370907,88345.635,3.981735,581096,0,abdelfattah-compute-03
300000000,dclm,2027,no_role_depth,4.10,5650,185139200,60.147,hit,34.927,59.986,0.370907,88345.635,3.981735,581096,0,abdelfattah-compute-03
300000000,dclm,2027,no_role_depth,4.05,6550,214630400,57.396,hit,40.491,59.986,0.370907,88345.635,3.981735,581096,0,abdelfattah-compute-03
300000000,dclm,2027,no_role_depth,4.00,8000,262144000,54.577,hit,49.454,59.986,0.370907,88345.635,3.981735,581096,0,abdelfattah-compute-03
300000000,dclm,2027,role_depth_v2,4.40,2400,78643200,81.344,hit,15.310,61.834,0.382750,85611.969,3.976169,683425,0,abdelfattah-compute-03
300000000,dclm,2027,role_depth_v2,4.30,3300,108134400,73.248,hit,21.051,61.834,0.382750,85611.969,3.976169,683425,0,abdelfattah-compute-03
300000000,dclm,2027,role_depth_v2,4.20,4250,139264000,66.506,hit,27.111,61.834,0.382750,85611.969,3.976169,683425,0,abdelfattah-compute-03
300000000,dclm,2027,role_depth_v2,4.10,5650,185139200,60.224,hit,36.042,61.834,0.382750,85611.969,3.976169,683425,0,abdelfattah-compute-03
300000000,dclm,2027,role_depth_v2,4.05,6550,214630400,57.388,hit,41.784,61.834,0.382750,85611.969,3.976169,683425,0,abdelfattah-compute-03
300000000,dclm,2027,role_depth_v2,4.00,7900,258867200,54.556,hit,50.395,61.834,0.382750,85611.969,3.976169,683425,0,abdelfattah-compute-03
300000000,dclm,2027,role_depth_v3,4.40,2450,80281600,81.144,hit,19.343,75.951,0.473698,69174.933,3.983419,708908,0,nikola-compute-18
300000000,dclm,2027,role_depth_v3,4.30,3200,104857600,73.659,hit,25.264,75.951,0.473698,69174.933,3.983419,708908,0,nikola-compute-18
300000000,dclm,2027,role_depth_v3,4.20,4200,137625600,66.538,hit,33.159,75.951,0.473698,69174.933,3.983419,708908,0,nikola-compute-18
300000000,dclm,2027,role_depth_v3,4.10,5700,186777600,60.228,hit,45.001,75.951,0.473698,69174.933,3.983419,708908,0,nikola-compute-18
300000000,dclm,2027,role_depth_v3,4.05,6650,217907200,57.320,hit,52.501,75.951,0.473698,69174.933,3.983419,708908,0,nikola-compute-18
300000000,dclm,2027,role_depth_v3,4.00,8050,263782400,54.584,hit,63.554,75.951,0.473698,69174.933,3.983419,708908,0,nikola-compute-18
300000000,dclm,2027,role_depth_v4,4.40,2500,81920000,81.236,hit,15.980,61.955,0.383508,85442.796,3.977648,711995,0,elor-compute-01
300000000,dclm,2027,role_depth_v4,4.30,3200,104857600,73.593,hit,20.454,61.955,0.383508,85442.796,3.977648,711995,0,elor-compute-01
300000000,dclm,2027,role_depth_v4,4.20,4150,135987200,66.647,hit,26.526,61.955,0.383508,85442.796,3.977648,711995,0,elor-compute-01
300000000,dclm,2027,role_depth_v4,4.10,5650,185139200,60.118,hit,36.114,61.955,0.383508,85442.796,3.977648,711995,0,elor-compute-01
300000000,dclm,2027,role_depth_v4,4.05,6550,214630400,57.328,hit,41.866,61.955,0.383508,85442.796,3.977648,711995,0,elor-compute-01
300000000,dclm,2027,role_depth_v4,4.00,7900,258867200,54.538,hit,50.495,61.955,0.383508,85442.796,3.977648,711995,0,elor-compute-01
300000000,dclm,2027,role_depth_v5,4.40,2500,81920000,81.071,hit,16.818,64.939,0.403624,81184.539,3.978607,749370,1,elor-compute-01
300000000,dclm,2027,role_depth_v5,4.30,3250,106496000,73.564,hit,21.863,64.939,0.403624,81184.539,3.978607,749370,1,elor-compute-01
300000000,dclm,2027,role_depth_v5,4.20,4250,139264000,66.493,hit,28.590,64.939,0.403624,81184.539,3.978607,749370,1,elor-compute-01
300000000,dclm,2027,role_depth_v5,4.10,5650,185139200,60.190,hit,38.008,64.939,0.403624,81184.539,3.978607,749370,1,elor-compute-01
300000000,dclm,2027,role_depth_v5,4.05,6600,216268800,57.302,hit,44.399,64.939,0.403624,81184.539,3.978607,749370,1,elor-compute-01
300000000,dclm,2027,role_depth_v5,4.00,7950,260505600,54.591,hit,53.480,64.939,0.403624,81184.539,3.978607,749370,1,elor-compute-01
300000000,dclm,2027,role_depth_v6,4.40,2450,80281600,81.424,hit,19.209,75.389,0.470429,69655.517,3.978982,749388,1,damle-compute-01
300000000,dclm,2027,role_depth_v6,4.30,3150,103219200,73.673,hit,24.698,75.389,0.470429,69655.517,3.978982,749388,1,damle-compute-01
300000000,dclm,2027,role_depth_v6,4.20,4150,135987200,66.431,hit,32.538,75.389,0.470429,69655.517,3.978982,749388,1,damle-compute-01
300000000,dclm,2027,role_depth_v6,4.10,5600,183500800,60.272,hit,43.907,75.389,0.470429,69655.517,3.978982,749388,1,damle-compute-01
300000000,dclm,2027,role_depth_v6,4.05,6500,212992000,57.369,hit,50.963,75.389,0.470429,69655.517,3.978982,749388,1,damle-compute-01
300000000,dclm,2027,role_depth_v6,4.00,8000,262144000,54.474,hit,62.724,75.389,0.470429,69655.517,3.978982,749388,1,damle-compute-01
300000000,dclm,3407,full,4.40,2050,67174400,81.360,hit,13.287,62.710,0.388890,84260.399,3.921018,,,
300000000,dclm,3407,full,4.30,2750,90112000,73.578,hit,17.824,62.710,0.388890,84260.399,3.921018,,,
300000000,dclm,3407,full,4.20,3650,119603200,66.629,hit,23.657,62.710,0.388890,84260.399,3.921018,,,
300000000,dclm,3407,full,4.10,4850,158924800,60.201,hit,31.435,62.710,0.388890,84260.399,3.921018,,,
300000000,dclm,3407,full,4.05,5550,181862400,57.235,hit,35.972,62.710,0.388890,84260.399,3.921018,,,
300000000,dclm,3407,full,4.00,6500,212992000,54.505,hit,42.130,62.710,0.388890,84260.399,3.921018,,,
300000000,dclm,3407,no_role_depth,4.40,2150,70451200,81.210,hit,15.854,71.185,0.442450,74060.352,3.919964,581097,0,damle-compute-01
300000000,dclm,3407,no_role_depth,4.30,2700,88473600,73.597,hit,19.910,71.185,0.442450,74060.352,3.919964,581097,0,damle-compute-01
300000000,dclm,3407,no_role_depth,4.20,3550,116326400,66.660,hit,26.178,71.185,0.442450,74060.352,3.919964,581097,0,damle-compute-01
300000000,dclm,3407,no_role_depth,4.10,4750,155648000,60.094,hit,35.027,71.185,0.442450,74060.352,3.919964,581097,0,damle-compute-01
300000000,dclm,3407,no_role_depth,4.05,5500,180224000,57.249,hit,40.558,71.185,0.442450,74060.352,3.919964,581097,0,damle-compute-01
300000000,dclm,3407,no_role_depth,4.00,6450,211353600,54.567,hit,47.563,71.185,0.442450,74060.352,3.919964,581097,0,damle-compute-01
300000000,dclm,3407,role_depth_v2,4.40,2050,67174400,81.229,hit,13.216,62.414,0.386809,84713.667,3.918031,683426,0,seo-compute-01
300000000,dclm,3407,role_depth_v2,4.30,2750,90112000,73.566,hit,17.729,62.414,0.386809,84713.667,3.918031,683426,0,seo-compute-01
300000000,dclm,3407,role_depth_v2,4.20,3700,121241600,66.234,hit,23.853,62.414,0.386809,84713.667,3.918031,683426,0,seo-compute-01
300000000,dclm,3407,role_depth_v2,4.10,4850,158924800,60.109,hit,31.267,62.414,0.386809,84713.667,3.918031,683426,0,seo-compute-01
300000000,dclm,3407,role_depth_v2,4.05,5550,181862400,57.215,hit,35.780,62.414,0.386809,84713.667,3.918031,683426,0,seo-compute-01
300000000,dclm,3407,role_depth_v2,4.00,6500,212992000,54.423,hit,41.904,62.414,0.386809,84713.667,3.918031,683426,0,seo-compute-01
300000000,dclm,3407,role_depth_v3,4.40,2150,70451200,81.299,hit,13.344,60.237,0.372392,87993.254,3.923639,708927,0,elor-compute-01
300000000,dclm,3407,role_depth_v3,4.30,2700,88473600,73.659,hit,16.758,60.237,0.372392,87993.254,3.923639,708927,0,elor-compute-01
300000000,dclm,3407,role_depth_v3,4.20,3600,117964800,66.571,hit,22.344,60.237,0.372392,87993.254,3.923639,708927,0,elor-compute-01
300000000,dclm,3407,role_depth_v3,4.10,4750,155648000,60.252,hit,29.481,60.237,0.372392,87993.254,3.923639,708927,0,elor-compute-01
300000000,dclm,3407,role_depth_v3,4.05,5550,181862400,57.203,hit,34.446,60.237,0.372392,87993.254,3.923639,708927,0,elor-compute-01
300000000,dclm,3407,role_depth_v3,4.00,6500,212992000,54.472,hit,40.342,60.237,0.372392,87993.254,3.923639,708927,0,elor-compute-01
300000000,dclm,3407,role_depth_v4,4.40,2150,70451200,81.107,hit,16.255,73.089,0.453633,72234.573,3.917763,712040,0,damle-compute-01
300000000,dclm,3407,role_depth_v4,4.30,2750,90112000,73.632,hit,20.792,73.089,0.453633,72234.573,3.917763,712040,0,damle-compute-01
300000000,dclm,3407,role_depth_v4,4.20,3600,117964800,66.669,hit,27.218,73.089,0.453633,72234.573,3.917763,712040,0,damle-compute-01
300000000,dclm,3407,role_depth_v4,4.10,4750,155648000,60.298,hit,35.913,73.089,0.453633,72234.573,3.917763,712040,0,damle-compute-01
300000000,dclm,3407,role_depth_v4,4.05,5500,180224000,57.334,hit,41.583,73.089,0.453633,72234.573,3.917763,712040,0,damle-compute-01
300000000,dclm,3407,role_depth_v4,4.00,6450,211353600,54.498,hit,48.766,73.089,0.453633,72234.573,3.917763,712040,0,damle-compute-01
300000000,dclm,3407,role_depth_v5,4.40,2100,68812800,81.280,hit,16.151,74.419,0.461471,71007.665,3.916260,749371,0,damle-compute-01
300000000,dclm,3407,role_depth_v5,4.30,2750,90112000,73.675,hit,21.151,74.419,0.461471,71007.665,3.916260,749371,0,damle-compute-01
300000000,dclm,3407,role_depth_v5,4.20,3650,119603200,66.289,hit,28.073,74.419,0.461471,71007.665,3.916260,749371,0,damle-compute-01
300000000,dclm,3407,role_depth_v5,4.10,4800,157286400,60.250,hit,36.918,74.419,0.461471,71007.665,3.916260,749371,0,damle-compute-01
300000000,dclm,3407,role_depth_v5,4.05,5550,181862400,57.112,hit,42.686,74.419,0.461471,71007.665,3.916260,749371,0,damle-compute-01
300000000,dclm,3407,role_depth_v5,4.00,6450,211353600,54.558,hit,49.608,74.419,0.461471,71007.665,3.916260,749371,0,damle-compute-01
300000000,dclm,3407,role_depth_v6,4.40,2150,70451200,80.968,hit,17.739,79.246,0.495032,66193.686,3.921137,749389,0,nikola-compute-18
300000000,dclm,3407,role_depth_v6,4.30,2750,90112000,73.397,hit,22.689,79.246,0.495032,66193.686,3.921137,749389,0,nikola-compute-18
300000000,dclm,3407,role_depth_v6,4.20,3550,116326400,66.686,hit,29.289,79.246,0.495032,66193.686,3.921137,749389,0,nikola-compute-18
300000000,dclm,3407,role_depth_v6,4.10,4750,155648000,60.223,hit,39.190,79.246,0.495032,66193.686,3.921137,749389,0,nikola-compute-18
300000000,dclm,3407,role_depth_v6,4.05,5500,180224000,57.318,hit,45.378,79.246,0.495032,66193.686,3.921137,749389,0,nikola-compute-18
300000000,dclm,3407,role_depth_v6,4.00,6450,211353600,54.517,hit,53.216,79.246,0.495032,66193.686,3.921137,749389,0,nikola-compute-18
300000000,fineweb_edu,1337,full,4.20,2150,70451200,66.435,hit,14.923,67.146,0.416454,78683.340,3.682155,,,
300000000,fineweb_edu,1337,full,4.10,2850,93388800,60.280,hit,19.782,67.146,0.416454,78683.340,3.682155,,,
300000000,fineweb_edu,1337,full,4.00,3650,119603200,54.577,hit,25.334,67.146,0.416454,78683.340,3.682155,,,
300000000,fineweb_edu,1337,full,3.90,4700,154009600,49.279,hit,32.622,67.146,0.416454,78683.340,3.682155,,,
300000000,fineweb_edu,1337,full,3.85,5300,173670400,46.956,hit,36.787,67.146,0.416454,78683.340,3.682155,,,
300000000,fineweb_edu,1337,full,3.80,6050,198246400,44.610,hit,41.992,67.146,0.416454,78683.340,3.682155,,,
300000000,fineweb_edu,1337,full,3.75,6950,227737600,42.420,hit,48.239,67.146,0.416454,78683.340,3.682155,,,
300000000,fineweb_edu,1337,no_role_depth,4.20,2250,73728000,66.257,hit,16.982,72.770,0.452840,72361.038,3.686514,581530,0,badfellow
300000000,fineweb_edu,1337,no_role_depth,4.10,2800,91750400,60.267,hit,21.133,72.770,0.452840,72361.038,3.686514,581530,0,badfellow
300000000,fineweb_edu,1337,no_role_depth,4.00,3550,116326400,54.512,hit,26.793,72.770,0.452840,72361.038,3.686514,581530,0,badfellow
300000000,fineweb_edu,1337,no_role_depth,3.90,4650,152371200,49.185,hit,35.095,72.770,0.452840,72361.038,3.686514,581530,0,badfellow
300000000,fineweb_edu,1337,no_role_depth,3.85,5300,173670400,46.795,hit,40.001,72.770,0.452840,72361.038,3.686514,581530,0,badfellow
300000000,fineweb_edu,1337,no_role_depth,3.80,6050,198246400,44.573,hit,45.661,72.770,0.452840,72361.038,3.686514,581530,0,badfellow
300000000,fineweb_edu,1337,no_role_depth,3.75,6950,227737600,42.511,hit,52.454,72.770,0.452840,72361.038,3.686514,581530,0,badfellow
300000000,fineweb_edu,1337,role_depth_v2,4.20,2200,72089600,66.054,hit,14.154,62.302,0.386029,84884.725,3.682478,683525,0,elor-compute-01
300000000,fineweb_edu,1337,role_depth_v2,4.10,2900,95027200,59.984,hit,18.658,62.302,0.386029,84884.725,3.682478,683525,0,elor-compute-01
300000000,fineweb_edu,1337,role_depth_v2,4.00,3700,121241600,54.485,hit,23.805,62.302,0.386029,84884.725,3.682478,683525,0,elor-compute-01
300000000,fineweb_edu,1337,role_depth_v2,3.90,4750,155648000,49.099,hit,30.561,62.302,0.386029,84884.725,3.682478,683525,0,elor-compute-01
300000000,fineweb_edu,1337,role_depth_v2,3.85,5350,175308800,46.970,hit,34.421,62.302,0.386029,84884.725,3.682478,683525,0,elor-compute-01
300000000,fineweb_edu,1337,role_depth_v2,3.80,6100,199884800,44.560,hit,39.246,62.302,0.386029,84884.725,3.682478,683525,0,elor-compute-01
300000000,fineweb_edu,1337,role_depth_v2,3.75,6950,227737600,42.467,hit,44.715,62.302,0.386029,84884.725,3.682478,683525,0,elor-compute-01
300000000,fineweb_edu,1337,role_depth_v3,4.20,2250,73728000,66.295,hit,16.685,71.693,0.444931,73647.297,3.689687,708967,0,damle-compute-01
300000000,fineweb_edu,1337,role_depth_v3,4.10,2800,91750400,60.275,hit,20.763,71.693,0.444931,73647.297,3.689687,708967,0,damle-compute-01
300000000,fineweb_edu,1337,role_depth_v3,4.00,3600,117964800,54.484,hit,26.696,71.693,0.444931,73647.297,3.689687,708967,0,damle-compute-01
300000000,fineweb_edu,1337,role_depth_v3,3.90,4650,152371200,49.391,hit,34.482,71.693,0.444931,73647.297,3.689687,708967,0,damle-compute-01
300000000,fineweb_edu,1337,role_depth_v3,3.85,5300,173670400,46.918,hit,39.302,71.693,0.444931,73647.297,3.689687,708967,0,damle-compute-01
300000000,fineweb_edu,1337,role_depth_v3,3.80,6100,199884800,44.510,hit,45.235,71.693,0.444931,73647.297,3.689687,708967,0,damle-compute-01
300000000,fineweb_edu,1337,role_depth_v3,3.75,7000,229376000,42.462,hit,51.909,71.693,0.444931,73647.297,3.689687,708967,0,damle-compute-01
300000000,fineweb_edu,1337,role_depth_v4,4.20,2250,73728000,66.456,hit,18.149,77.458,0.483972,67706.350,3.682187,712042,0,nikola-compute-18
300000000,fineweb_edu,1337,role_depth_v4,4.10,2850,93388800,60.065,hit,22.989,77.458,0.483972,67706.350,3.682187,712042,0,nikola-compute-18
300000000,fineweb_edu,1337,role_depth_v4,4.00,3600,117964800,54.580,hit,29.038,77.458,0.483972,67706.350,3.682187,712042,0,nikola-compute-18
300000000,fineweb_edu,1337,role_depth_v4,3.90,4650,152371200,49.157,hit,37.508,77.458,0.483972,67706.350,3.682187,712042,0,nikola-compute-18
300000000,fineweb_edu,1337,role_depth_v4,3.85,5300,173670400,46.728,hit,42.751,77.458,0.483972,67706.350,3.682187,712042,0,nikola-compute-18
300000000,fineweb_edu,1337,role_depth_v4,3.80,6000,196608000,44.572,hit,48.397,77.458,0.483972,67706.350,3.682187,712042,0,nikola-compute-18
300000000,fineweb_edu,1337,role_depth_v4,3.75,6900,226099200,42.463,hit,55.657,77.458,0.483972,67706.350,3.682187,712042,0,nikola-compute-18
300000000,fineweb_edu,1337,role_depth_v5,4.20,2200,72089600,66.621,hit,14.841,65.220,0.404750,80958.609,3.681327,749372,0,elor-compute-01
300000000,fineweb_edu,1337,role_depth_v5,4.10,2900,95027200,59.976,hit,19.563,65.220,0.404750,80958.609,3.681327,749372,0,elor-compute-01
300000000,fineweb_edu,1337,role_depth_v5,4.00,3650,119603200,54.471,hit,24.622,65.220,0.404750,80958.609,3.681327,749372,0,elor-compute-01
300000000,fineweb_edu,1337,role_depth_v5,3.90,4700,154009600,49.314,hit,31.705,65.220,0.404750,80958.609,3.681327,749372,0,elor-compute-01
300000000,fineweb_edu,1337,role_depth_v5,3.85,5300,173670400,46.942,hit,35.753,65.220,0.404750,80958.609,3.681327,749372,0,elor-compute-01
300000000,fineweb_edu,1337,role_depth_v5,3.80,6050,198246400,44.642,hit,40.812,65.220,0.404750,80958.609,3.681327,749372,0,elor-compute-01
300000000,fineweb_edu,1337,role_depth_v5,3.75,6950,227737600,42.416,hit,46.884,65.220,0.404750,80958.609,3.681327,749372,0,elor-compute-01
300000000,fineweb_edu,1337,role_depth_v6,4.20,2250,73728000,66.279,hit,15.892,68.162,0.423790,77321.377,3.682893,749390,0,elor-compute-01
300000000,fineweb_edu,1337,role_depth_v6,4.10,2800,91750400,60.272,hit,19.777,68.162,0.423790,77321.377,3.682893,749390,0,elor-compute-01
300000000,fineweb_edu,1337,role_depth_v6,4.00,3550,116326400,54.302,hit,25.074,68.162,0.423790,77321.377,3.682893,749390,0,elor-compute-01
300000000,fineweb_edu,1337,role_depth_v6,3.90,4550,149094400,49.322,hit,32.137,68.162,0.423790,77321.377,3.682893,749390,0,elor-compute-01
300000000,fineweb_edu,1337,role_depth_v6,3.85,5250,172032000,46.898,hit,37.082,68.162,0.423790,77321.377,3.682893,749390,0,elor-compute-01
300000000,fineweb_edu,1337,role_depth_v6,3.80,6000,196608000,44.575,hit,42.379,68.162,0.423790,77321.377,3.682893,749390,0,elor-compute-01
300000000,fineweb_edu,1337,role_depth_v6,3.75,6850,224460800,42.478,hit,48.383,68.162,0.423790,77321.377,3.682893,749390,0,elor-compute-01
300000000,fineweb_edu,2027,full,4.20,2450,80281600,66.171,hit,15.862,62.605,0.388469,84351.646,3.724200,,,
300000000,fineweb_edu,2027,full,4.10,3200,104857600,59.986,hit,20.718,62.605,0.388469,84351.646,3.724200,,,
300000000,fineweb_edu,2027,full,4.00,4050,132710400,54.481,hit,26.222,62.605,0.388469,84351.646,3.724200,,,
300000000,fineweb_edu,2027,full,3.90,5200,170393600,49.309,hit,33.667,62.605,0.388469,84351.646,3.724200,,,
300000000,fineweb_edu,2027,full,3.85,5900,193331200,46.895,hit,38.199,62.605,0.388469,84351.646,3.724200,,,
300000000,fineweb_edu,2027,full,3.80,6800,222822400,44.589,hit,44.026,62.605,0.388469,84351.646,3.724200,,,
300000000,fineweb_edu,2027,full,3.75,8050,263782400,42.521,hit,52.120,62.605,0.388469,84351.646,3.724200,,,
300000000,fineweb_edu,2027,no_role_depth,4.20,2450,80281600,66.586,hit,15.323,60.605,0.375264,87319.937,3.726672,582320,0,seo-compute-01
300000000,fineweb_edu,2027,no_role_depth,4.10,3100,101580800,60.160,hit,19.389,60.605,0.375264,87319.937,3.726672,582320,0,seo-compute-01
300000000,fineweb_edu,2027,no_role_depth,4.00,4000,131072000,54.506,hit,25.018,60.605,0.375264,87319.937,3.726672,582320,0,seo-compute-01
300000000,fineweb_edu,2027,no_role_depth,3.90,5150,168755200,49.232,hit,32.210,60.605,0.375264,87319.937,3.726672,582320,0,seo-compute-01
300000000,fineweb_edu,2027,no_role_depth,3.85,5900,193331200,46.763,hit,36.901,60.605,0.375264,87319.937,3.726672,582320,0,seo-compute-01
300000000,fineweb_edu,2027,no_role_depth,3.80,6750,221184000,44.697,hit,42.217,60.605,0.375264,87319.937,3.726672,582320,0,seo-compute-01
300000000,fineweb_edu,2027,no_role_depth,3.75,8100,265420800,42.472,hit,50.661,60.605,0.375264,87319.937,3.726672,582320,0,seo-compute-01
300000000,fineweb_edu,2027,role_depth_v2,4.20,2450,80281600,66.144,hit,16.380,64.732,0.401151,81684.872,3.723991,683639,0,zabih-compute-01
300000000,fineweb_edu,2027,role_depth_v2,4.10,3200,104857600,60.025,hit,21.395,64.732,0.401151,81684.872,3.723991,683639,0,zabih-compute-01
300000000,fineweb_edu,2027,role_depth_v2,4.00,4050,132710400,54.446,hit,27.078,64.732,0.401151,81684.872,3.723991,683639,0,zabih-compute-01
300000000,fineweb_edu,2027,role_depth_v2,3.90,5200,170393600,49.384,hit,34.766,64.732,0.401151,81684.872,3.723991,683639,0,zabih-compute-01
300000000,fineweb_edu,2027,role_depth_v2,3.85,5900,193331200,46.955,hit,39.447,64.732,0.401151,81684.872,3.723991,683639,0,zabih-compute-01
300000000,fineweb_edu,2027,role_depth_v2,3.80,6800,222822400,44.621,hit,45.464,64.732,0.401151,81684.872,3.723991,683639,0,zabih-compute-01
300000000,fineweb_edu,2027,role_depth_v2,3.75,8050,263782400,42.486,hit,53.821,64.732,0.401151,81684.872,3.723991,683639,0,zabih-compute-01
300000000,fineweb_edu,2027,role_depth_v3,4.20,2450,80281600,66.616,hit,18.283,71.995,0.447736,73185.984,3.731758,708988,0,badfellow
300000000,fineweb_edu,2027,role_depth_v3,4.10,3100,101580800,60.195,hit,23.133,71.995,0.447736,73185.984,3.731758,708988,0,badfellow
300000000,fineweb_edu,2027,role_depth_v3,4.00,4000,131072000,54.522,hit,29.849,71.995,0.447736,73185.984,3.731758,708988,0,badfellow
300000000,fineweb_edu,2027,role_depth_v3,3.90,5200,170393600,49.272,hit,38.804,71.995,0.447736,73185.984,3.731758,708988,0,badfellow
300000000,fineweb_edu,2027,role_depth_v3,3.85,5900,193331200,46.970,hit,44.027,71.995,0.447736,73185.984,3.731758,708988,0,badfellow
300000000,fineweb_edu,2027,role_depth_v3,3.80,6850,224460800,44.642,hit,51.117,71.995,0.447736,73185.984,3.731758,708988,0,badfellow
300000000,fineweb_edu,2027,role_depth_v3,3.75,8250,270336000,42.434,hit,61.564,71.995,0.447736,73185.984,3.731758,708988,0,badfellow
300000000,fineweb_edu,2027,role_depth_v4,4.20,2500,81920000,66.634,hit,19.240,74.333,0.461763,70962.819,3.724031,712050,0,badfellow
300000000,fineweb_edu,2027,role_depth_v4,4.10,3150,103219200,59.862,hit,24.243,74.333,0.461763,70962.819,3.724031,712050,0,badfellow
300000000,fineweb_edu,2027,role_depth_v4,4.00,4000,131072000,54.583,hit,30.784,74.333,0.461763,70962.819,3.724031,712050,0,badfellow
300000000,fineweb_edu,2027,role_depth_v4,3.90,5150,168755200,49.320,hit,39.635,74.333,0.461763,70962.819,3.724031,712050,0,badfellow
300000000,fineweb_edu,2027,role_depth_v4,3.85,5900,193331200,46.829,hit,45.407,74.333,0.461763,70962.819,3.724031,712050,0,badfellow
300000000,fineweb_edu,2027,role_depth_v4,3.80,6750,221184000,44.648,hit,51.948,74.333,0.461763,70962.819,3.724031,712050,0,badfellow
300000000,fineweb_edu,2027,role_depth_v4,3.75,8100,265420800,42.440,hit,62.338,74.333,0.461763,70962.819,3.724031,712050,0,badfellow
300000000,fineweb_edu,2027,role_depth_v5,4.20,2500,81920000,66.552,hit,16.863,65.344,0.404704,80967.841,3.722969,749373,0,elor-compute-01
300000000,fineweb_edu,2027,role_depth_v5,4.10,3150,103219200,60.262,hit,21.247,65.344,0.404704,80967.841,3.722969,749373,0,elor-compute-01
300000000,fineweb_edu,2027,role_depth_v5,4.00,4050,132710400,54.301,hit,27.318,65.344,0.404704,80967.841,3.722969,749373,0,elor-compute-01
300000000,fineweb_edu,2027,role_depth_v5,3.90,5150,168755200,49.314,hit,34.737,65.344,0.404704,80967.841,3.722969,749373,0,elor-compute-01
300000000,fineweb_edu,2027,role_depth_v5,3.85,5900,193331200,46.778,hit,39.796,65.344,0.404704,80967.841,3.722969,749373,0,elor-compute-01
300000000,fineweb_edu,2027,role_depth_v5,3.80,6750,221184000,44.648,hit,45.529,65.344,0.404704,80967.841,3.722969,749373,0,elor-compute-01
300000000,fineweb_edu,2027,role_depth_v5,3.75,8000,262144000,42.490,hit,53.961,65.344,0.404704,80967.841,3.722969,749373,0,elor-compute-01
300000000,fineweb_edu,2027,role_depth_v6,4.20,2500,81920000,66.453,hit,19.164,73.901,0.459936,71244.722,3.726524,749391,2,badfellow
300000000,fineweb_edu,2027,role_depth_v6,4.10,3100,101580800,60.078,hit,23.763,73.901,0.459936,71244.722,3.726524,749391,2,badfellow
300000000,fineweb_edu,2027,role_depth_v6,4.00,3950,129433600,54.543,hit,30.279,73.901,0.459936,71244.722,3.726524,749391,2,badfellow
300000000,fineweb_edu,2027,role_depth_v6,3.90,5100,167116800,49.282,hit,39.095,73.901,0.459936,71244.722,3.726524,749391,2,badfellow
300000000,fineweb_edu,2027,role_depth_v6,3.85,5900,193331200,46.754,hit,45.227,73.901,0.459936,71244.722,3.726524,749391,2,badfellow
300000000,fineweb_edu,2027,role_depth_v6,3.80,6750,221184000,44.635,hit,51.743,73.901,0.459936,71244.722,3.726524,749391,2,badfellow
300000000,fineweb_edu,2027,role_depth_v6,3.75,8100,265420800,42.495,hit,62.091,73.901,0.459936,71244.722,3.726524,749391,2,badfellow
300000000,fineweb_edu,3407,full,4.20,2250,73728000,66.561,hit,15.601,67.079,0.416037,78762.159,3.698196,,,
300000000,fineweb_edu,3407,full,4.10,3000,98304000,60.120,hit,20.802,67.079,0.416037,78762.159,3.698196,,,
300000000,fineweb_edu,3407,full,4.00,3800,124518400,54.549,hit,26.349,67.079,0.416037,78762.159,3.698196,,,
300000000,fineweb_edu,3407,full,3.90,4900,160563200,49.207,hit,33.976,67.079,0.416037,78762.159,3.698196,,,
300000000,fineweb_edu,3407,full,3.85,5550,181862400,46.911,hit,38.483,67.079,0.416037,78762.159,3.698196,,,
300000000,fineweb_edu,3407,full,3.80,6350,208076800,44.677,hit,44.031,67.079,0.416037,78762.159,3.698196,,,
300000000,fineweb_edu,3407,full,3.75,7300,239206400,42.506,hit,50.618,67.079,0.416037,78762.159,3.698196,,,
300000000,fineweb_edu,3407,no_role_depth,4.20,2350,77004800,65.945,hit,20.281,82.964,0.517803,63282.725,3.699058,582856,0,ellis-compute-02
300000000,fineweb_edu,3407,no_role_depth,4.10,2950,96665600,60.048,hit,25.459,82.964,0.517803,63282.725,3.699058,582856,0,ellis-compute-02
300000000,fineweb_edu,3407,no_role_depth,4.00,3700,121241600,54.569,hit,31.931,82.964,0.517803,63282.725,3.699058,582856,0,ellis-compute-02
300000000,fineweb_edu,3407,no_role_depth,3.90,4800,157286400,49.332,hit,41.424,82.964,0.517803,63282.725,3.699058,582856,0,ellis-compute-02
300000000,fineweb_edu,3407,no_role_depth,3.85,5500,180224000,46.773,hit,47.465,82.964,0.517803,63282.725,3.699058,582856,0,ellis-compute-02
300000000,fineweb_edu,3407,no_role_depth,3.80,6300,206438400,44.593,hit,54.369,82.964,0.517803,63282.725,3.699058,582856,0,ellis-compute-02
300000000,fineweb_edu,3407,no_role_depth,3.75,7250,237568000,42.509,hit,62.568,82.964,0.517803,63282.725,3.699058,582856,0,ellis-compute-02
300000000,fineweb_edu,3407,role_depth_v2,4.20,2250,73728000,66.513,hit,15.406,66.222,0.410824,79761.587,3.695073,683695,0,seo-compute-01
300000000,fineweb_edu,3407,role_depth_v2,4.10,3000,98304000,60.247,hit,20.541,66.222,0.410824,79761.587,3.695073,683695,0,seo-compute-01
300000000,fineweb_edu,3407,role_depth_v2,4.00,3800,124518400,54.569,hit,26.019,66.222,0.410824,79761.587,3.695073,683695,0,seo-compute-01
300000000,fineweb_edu,3407,role_depth_v2,3.90,4900,160563200,49.137,hit,33.551,66.222,0.410824,79761.587,3.695073,683695,0,seo-compute-01
300000000,fineweb_edu,3407,role_depth_v2,3.85,5550,181862400,46.860,hit,38.001,66.222,0.410824,79761.587,3.695073,683695,0,seo-compute-01
300000000,fineweb_edu,3407,role_depth_v2,3.80,6350,208076800,44.677,hit,43.479,66.222,0.410824,79761.587,3.695073,683695,0,seo-compute-01
300000000,fineweb_edu,3407,role_depth_v2,3.75,7250,237568000,42.492,hit,49.641,66.222,0.410824,79761.587,3.695073,683695,0,seo-compute-01
300000000,fineweb_edu,3407,role_depth_v3,4.20,2350,77004800,66.209,hit,15.266,62.892,0.389762,84071.901,3.702060,710022,0,zabih-compute-01
300000000,fineweb_edu,3407,role_depth_v3,4.10,2950,96665600,60.205,hit,19.163,62.892,0.389762,84071.901,3.702060,710022,0,zabih-compute-01
300000000,fineweb_edu,3407,role_depth_v3,4.00,3750,122880000,54.457,hit,24.360,62.892,0.389762,84071.901,3.702060,710022,0,zabih-compute-01
300000000,fineweb_edu,3407,role_depth_v3,3.90,4850,158924800,49.324,hit,31.506,62.892,0.389762,84071.901,3.702060,710022,0,zabih-compute-01
300000000,fineweb_edu,3407,role_depth_v3,3.85,5550,181862400,46.838,hit,36.053,62.892,0.389762,84071.901,3.702060,710022,0,zabih-compute-01
300000000,fineweb_edu,3407,role_depth_v3,3.80,6350,208076800,44.648,hit,41.250,62.892,0.389762,84071.901,3.702060,710022,0,zabih-compute-01
300000000,fineweb_edu,3407,role_depth_v3,3.75,7350,240844800,42.499,hit,47.746,62.892,0.389762,84071.901,3.702060,710022,0,zabih-compute-01
300000000,fineweb_edu,3407,role_depth_v4,4.20,2350,77004800,66.446,hit,15.676,64.522,0.400230,81873.021,3.697953,712076,0,zabih-compute-01
300000000,fineweb_edu,3407,role_depth_v4,4.10,2950,96665600,60.224,hit,19.678,64.522,0.400230,81873.021,3.697953,712076,0,zabih-compute-01
300000000,fineweb_edu,3407,role_depth_v4,4.00,3750,122880000,54.445,hit,25.014,64.522,0.400230,81873.021,3.697953,712076,0,zabih-compute-01
300000000,fineweb_edu,3407,role_depth_v4,3.90,4850,158924800,49.263,hit,32.352,64.522,0.400230,81873.021,3.697953,712076,0,zabih-compute-01
300000000,fineweb_edu,3407,role_depth_v4,3.85,5550,181862400,46.882,hit,37.021,64.522,0.400230,81873.021,3.697953,712076,0,zabih-compute-01
300000000,fineweb_edu,3407,role_depth_v4,3.80,6350,208076800,44.593,hit,42.358,64.522,0.400230,81873.021,3.697953,712076,0,zabih-compute-01
300000000,fineweb_edu,3407,role_depth_v4,3.75,7300,239206400,42.434,hit,48.695,64.522,0.400230,81873.021,3.697953,712076,0,zabih-compute-01
300000000,fineweb_edu,3407,role_depth_v5,4.20,2350,77004800,66.184,hit,17.379,71.419,0.443729,73846.908,3.695632,749374,0,rush-compute-02
300000000,fineweb_edu,3407,role_depth_v5,4.10,3000,98304000,60.025,hit,22.186,71.419,0.443729,73846.908,3.695632,749374,0,rush-compute-02
300000000,fineweb_edu,3407,role_depth_v5,4.00,3800,124518400,54.339,hit,28.103,71.419,0.443729,73846.908,3.695632,749374,0,rush-compute-02
300000000,fineweb_edu,3407,role_depth_v5,3.90,4850,158924800,49.335,hit,35.868,71.419,0.443729,73846.908,3.695632,749374,0,rush-compute-02
300000000,fineweb_edu,3407,role_depth_v5,3.85,5500,180224000,46.985,hit,40.675,71.419,0.443729,73846.908,3.695632,749374,0,rush-compute-02
300000000,fineweb_edu,3407,role_depth_v5,3.80,6300,206438400,44.676,hit,46.592,71.419,0.443729,73846.908,3.695632,749374,0,rush-compute-02
300000000,fineweb_edu,3407,role_depth_v5,3.75,7250,237568000,42.489,hit,53.617,71.419,0.443729,73846.908,3.695632,749374,0,rush-compute-02
300000000,fineweb_edu,3407,role_depth_v6,4.20,2350,77004800,66.347,hit,15.957,65.533,0.407411,80429.770,3.699221,749392,0,elor-compute-01
300000000,fineweb_edu,3407,role_depth_v6,4.10,2950,96665600,60.102,hit,20.031,65.533,0.407411,80429.770,3.699221,749392,0,elor-compute-01
300000000,fineweb_edu,3407,role_depth_v6,4.00,3750,122880000,54.366,hit,25.463,65.533,0.407411,80429.770,3.699221,749392,0,elor-compute-01
300000000,fineweb_edu,3407,role_depth_v6,3.90,4800,157286400,49.225,hit,32.593,65.533,0.407411,80429.770,3.699221,749392,0,elor-compute-01
300000000,fineweb_edu,3407,role_depth_v6,3.85,5450,178585600,46.959,hit,37.007,65.533,0.407411,80429.770,3.699221,749392,0,elor-compute-01
300000000,fineweb_edu,3407,role_depth_v6,3.80,6300,206438400,44.633,hit,42.778,65.533,0.407411,80429.770,3.699221,749392,0,elor-compute-01
300000000,fineweb_edu,3407,role_depth_v6,3.75,7300,239206400,42.473,hit,49.568,65.533,0.407411,80429.770,3.699221,749392,0,elor-compute-01
300000000,fineweb,1337,full,4.40,2650,86835200,81.196,hit,18.525,67.680,0.419443,78122.689,3.971449,986793,0,lancer-compute-01
300000000,fineweb,1337,full,4.30,3450,113049600,73.622,hit,24.118,67.680,0.419443,78122.689,3.971449,986793,0,lancer-compute-01
300000000,fineweb,1337,full,4.20,4450,145817600,66.675,hit,31.109,67.680,0.419443,78122.689,3.971449,986793,0,lancer-compute-01
300000000,fineweb,1337,full,4.10,5800,190054400,60.146,hit,40.546,67.680,0.419443,78122.689,3.971449,986793,0,lancer-compute-01
300000000,fineweb,1337,full,4.05,6700,219545600,57.244,hit,46.838,67.680,0.419443,78122.689,3.971449,986793,0,lancer-compute-01
300000000,fineweb,1337,full,4.00,7900,258867200,54.541,hit,55.227,67.680,0.419443,78122.689,3.971449,986793,0,lancer-compute-01
300000000,fineweb,1337,no_role_depth,4.40,2650,86835200,80.976,hit,16.608,60.794,0.376020,87144.358,3.975923,567306,0,abdelfattah-compute-03
300000000,fineweb,1337,no_role_depth,4.30,3350,109772800,73.636,hit,20.994,60.794,0.376020,87144.358,3.975923,567306,0,abdelfattah-compute-03
300000000,fineweb,1337,no_role_depth,4.20,4400,144179200,66.477,hit,27.575,60.794,0.376020,87144.358,3.975923,567306,0,abdelfattah-compute-03
300000000,fineweb,1337,no_role_depth,4.10,5750,188416000,60.252,hit,36.035,60.794,0.376020,87144.358,3.975923,567306,0,abdelfattah-compute-03
300000000,fineweb,1337,no_role_depth,4.05,6700,219545600,57.290,hit,41.989,60.794,0.376020,87144.358,3.975923,567306,0,abdelfattah-compute-03
300000000,fineweb,1337,no_role_depth,4.00,8000,262144000,54.505,hit,50.136,60.794,0.376020,87144.358,3.975923,567306,0,abdelfattah-compute-03
300000000,fineweb,1337,role_depth_v2,4.40,2650,86835200,81.158,hit,20.563,75.040,0.465579,70381.193,3.967865,683746,0,damle-compute-01
300000000,fineweb,1337,role_depth_v2,4.30,3450,113049600,73.575,hit,26.771,75.040,0.465579,70381.193,3.967865,683746,0,damle-compute-01
300000000,fineweb,1337,role_depth_v2,4.20,4450,145817600,66.551,hit,34.530,75.040,0.465579,70381.193,3.967865,683746,0,damle-compute-01
300000000,fineweb,1337,role_depth_v2,4.10,5750,188416000,60.321,hit,44.618,75.040,0.465579,70381.193,3.967865,683746,0,damle-compute-01
300000000,fineweb,1337,role_depth_v2,4.05,6600,216268800,57.276,hit,51.214,75.040,0.465579,70381.193,3.967865,683746,0,damle-compute-01
300000000,fineweb,1337,role_depth_v2,4.00,7800,255590400,54.590,hit,60.525,75.040,0.465579,70381.193,3.967865,683746,0,damle-compute-01
300000000,fineweb,1337,role_depth_v3,4.40,2650,86835200,80.980,hit,16.524,60.551,0.374122,87586.428,3.975541,710329,0,elor-compute-01
300000000,fineweb,1337,role_depth_v3,4.30,3350,109772800,73.630,hit,20.888,60.551,0.374122,87586.428,3.975541,710329,0,elor-compute-01
300000000,fineweb,1337,role_depth_v3,4.20,4350,142540800,66.672,hit,27.124,60.551,0.374122,87586.428,3.975541,710329,0,elor-compute-01
300000000,fineweb,1337,role_depth_v3,4.10,5800,190054400,60.082,hit,36.165,60.551,0.374122,87586.428,3.975541,710329,0,elor-compute-01
300000000,fineweb,1337,role_depth_v3,4.05,6650,217907200,57.347,hit,41.465,60.551,0.374122,87586.428,3.975541,710329,0,elor-compute-01
300000000,fineweb,1337,role_depth_v3,4.00,8000,262144000,54.522,hit,49.883,60.551,0.374122,87586.428,3.975541,710329,0,elor-compute-01
300000000,fineweb,1337,role_depth_v4,4.40,2700,88473600,80.878,hit,17.262,61.886,0.383594,85423.699,3.968696,712084,0,elor-compute-01
300000000,fineweb,1337,role_depth_v4,4.30,3400,111411200,73.442,hit,21.737,61.886,0.383594,85423.699,3.968696,712084,0,elor-compute-01
300000000,fineweb,1337,role_depth_v4,4.20,4400,144179200,66.475,hit,28.130,61.886,0.383594,85423.699,3.968696,712084,0,elor-compute-01
300000000,fineweb,1337,role_depth_v4,4.10,5750,188416000,60.165,hit,36.761,61.886,0.383594,85423.699,3.968696,712084,0,elor-compute-01
300000000,fineweb,1337,role_depth_v4,4.05,6550,214630400,57.386,hit,41.876,61.886,0.383594,85423.699,3.968696,712084,0,elor-compute-01
300000000,fineweb,1337,role_depth_v4,4.00,7800,255590400,54.578,hit,49.867,61.886,0.383594,85423.699,3.968696,712084,0,elor-compute-01
300000000,fineweb,1337,role_depth_v5,4.40,2650,86835200,81.437,hit,20.417,74.556,0.462273,70884.450,3.967499,749375,0,damle-compute-01
300000000,fineweb,1337,role_depth_v5,4.30,3400,111411200,73.622,hit,26.195,74.556,0.462273,70884.450,3.967499,749375,0,damle-compute-01
300000000,fineweb,1337,role_depth_v5,4.20,4400,144179200,66.538,hit,33.900,74.556,0.462273,70884.450,3.967499,749375,0,damle-compute-01
300000000,fineweb,1337,role_depth_v5,4.10,5750,188416000,60.161,hit,44.301,74.556,0.462273,70884.450,3.967499,749375,0,damle-compute-01
300000000,fineweb,1337,role_depth_v5,4.05,6600,216268800,57.332,hit,50.850,74.556,0.462273,70884.450,3.967499,749375,0,damle-compute-01
300000000,fineweb,1337,role_depth_v5,4.00,7750,253952000,54.546,hit,59.710,74.556,0.462273,70884.450,3.967499,749375,0,damle-compute-01
300000000,fineweb,1337,role_depth_v6,4.40,2650,86835200,81.190,hit,20.671,75.213,0.468031,70012.519,3.969286,749393,0,damle-compute-01
300000000,fineweb,1337,role_depth_v6,4.30,3350,109772800,73.512,hit,26.132,75.213,0.468031,70012.519,3.969286,749393,0,damle-compute-01
300000000,fineweb,1337,role_depth_v6,4.20,4300,140902400,66.686,hit,33.542,75.213,0.468031,70012.519,3.969286,749393,0,damle-compute-01
300000000,fineweb,1337,role_depth_v6,4.10,5700,186777600,60.118,hit,44.463,75.213,0.468031,70012.519,3.969286,749393,0,damle-compute-01
300000000,fineweb,1337,role_depth_v6,4.05,6550,214630400,57.299,hit,51.093,75.213,0.468031,70012.519,3.969286,749393,0,damle-compute-01
300000000,fineweb,1337,role_depth_v6,4.00,7750,253952000,54.544,hit,60.454,75.213,0.468031,70012.519,3.969286,749393,0,damle-compute-01
300000000,fineweb,2027,full,4.40,2500,81920000,81.405,hit,17.366,67.238,0.416787,78620.503,3.956068,,,
300000000,fineweb,2027,full,4.30,3350,109772800,73.568,hit,23.271,67.238,0.416787,78620.503,3.956068,,,
300000000,fineweb,2027,full,4.20,4250,139264000,66.643,hit,29.522,67.238,0.416787,78620.503,3.956068,,,
300000000,fineweb,2027,full,4.10,5550,181862400,60.236,hit,38.553,67.238,0.416787,78620.503,3.956068,,,
300000000,fineweb,2027,full,4.05,6350,208076800,57.370,hit,44.110,67.238,0.416787,78620.503,3.956068,,,
300000000,fineweb,2027,full,4.00,7450,244121600,54.485,hit,51.751,67.238,0.416787,78620.503,3.956068,,,
300000000,fineweb,2027,no_role_depth,4.40,2550,83558400,81.444,hit,15.963,60.675,0.375598,87242.193,3.957673,567307,0,seo-compute-01
300000000,fineweb,2027,no_role_depth,4.30,3250,106496000,73.648,hit,20.345,60.675,0.375598,87242.193,3.957673,567307,0,seo-compute-01
300000000,fineweb,2027,no_role_depth,4.20,4250,139264000,66.360,hit,26.605,60.675,0.375598,87242.193,3.957673,567307,0,seo-compute-01
300000000,fineweb,2027,no_role_depth,4.10,5500,180224000,60.159,hit,34.430,60.675,0.375598,87242.193,3.957673,567307,0,seo-compute-01
300000000,fineweb,2027,no_role_depth,4.05,6350,208076800,57.282,hit,39.751,60.675,0.375598,87242.193,3.957673,567307,0,seo-compute-01
300000000,fineweb,2027,no_role_depth,4.00,7450,244121600,54.514,hit,46.637,60.675,0.375598,87242.193,3.957673,567307,0,seo-compute-01
300000000,fineweb,2027,role_depth_v2,4.40,2500,81920000,81.278,hit,19.496,75.354,0.467912,70030.254,3.955463,683990,1,damle-compute-01
300000000,fineweb,2027,role_depth_v2,4.30,3350,109772800,73.627,hit,26.125,75.354,0.467912,70030.254,3.955463,683990,1,damle-compute-01
300000000,fineweb,2027,role_depth_v2,4.20,4300,140902400,66.622,hit,33.534,75.354,0.467912,70030.254,3.955463,683990,1,damle-compute-01
300000000,fineweb,2027,role_depth_v2,4.10,5600,183500800,60.094,hit,43.672,75.354,0.467912,70030.254,3.955463,683990,1,damle-compute-01
300000000,fineweb,2027,role_depth_v2,4.05,6400,209715200,57.297,hit,49.911,75.354,0.467912,70030.254,3.955463,683990,1,damle-compute-01
300000000,fineweb,2027,role_depth_v2,4.00,7500,245760000,54.494,hit,58.489,75.354,0.467912,70030.254,3.955463,683990,1,damle-compute-01
300000000,fineweb,2027,role_depth_v3,4.40,2550,83558400,81.184,hit,20.119,75.692,0.473378,69221.649,3.962711,710462,0,nikola-compute-18
300000000,fineweb,2027,role_depth_v3,4.30,3250,106496000,73.576,hit,25.641,75.692,0.473378,69221.649,3.962711,710462,0,nikola-compute-18
300000000,fineweb,2027,role_depth_v3,4.20,4250,139264000,66.505,hit,33.531,75.692,0.473378,69221.649,3.962711,710462,0,nikola-compute-18
300000000,fineweb,2027,role_depth_v3,4.10,5550,181862400,60.255,hit,43.787,75.692,0.473378,69221.649,3.962711,710462,0,nikola-compute-18
300000000,fineweb,2027,role_depth_v3,4.05,6450,211353600,57.264,hit,50.888,75.692,0.473378,69221.649,3.962711,710462,0,nikola-compute-18
300000000,fineweb,2027,role_depth_v3,4.00,7600,249036800,54.538,hit,59.961,75.692,0.473378,69221.649,3.962711,710462,0,nikola-compute-18
300000000,fineweb,2027,role_depth_v4,4.40,2600,85196800,81.227,hit,19.757,73.556,0.455934,71870.123,3.956404,712215,0,damle-compute-01
300000000,fineweb,2027,role_depth_v4,4.30,3250,106496000,73.561,hit,24.696,73.556,0.455934,71870.123,3.956404,712215,0,damle-compute-01
300000000,fineweb,2027,role_depth_v4,4.20,4250,139264000,66.325,hit,32.295,73.556,0.455934,71870.123,3.956404,712215,0,damle-compute-01
300000000,fineweb,2027,role_depth_v4,4.10,5500,180224000,60.244,hit,41.794,73.556,0.455934,71870.123,3.956404,712215,0,damle-compute-01
300000000,fineweb,2027,role_depth_v4,4.05,6350,208076800,57.244,hit,48.253,73.556,0.455934,71870.123,3.956404,712215,0,damle-compute-01
300000000,fineweb,2027,role_depth_v4,4.00,7450,244121600,54.539,hit,56.612,73.556,0.455934,71870.123,3.956404,712215,0,damle-compute-01
300000000,fineweb,2027,role_depth_v5,4.40,2600,85196800,81.320,hit,21.151,77.904,0.488098,67134.100,3.953007,749376,1,nikola-compute-18
300000000,fineweb,2027,role_depth_v5,4.30,3300,108134400,73.637,hit,26.845,77.904,0.488098,67134.100,3.953007,749376,1,nikola-compute-18
300000000,fineweb,2027,role_depth_v5,4.20,4250,139264000,66.545,hit,34.574,77.904,0.488098,67134.100,3.953007,749376,1,nikola-compute-18
300000000,fineweb,2027,role_depth_v5,4.10,5500,180224000,60.244,hit,44.742,77.904,0.488098,67134.100,3.953007,749376,1,nikola-compute-18
300000000,fineweb,2027,role_depth_v5,4.05,6350,208076800,57.235,hit,51.657,77.904,0.488098,67134.100,3.953007,749376,1,nikola-compute-18
300000000,fineweb,2027,role_depth_v5,4.00,7400,242483200,54.515,hit,60.199,77.904,0.488098,67134.100,3.953007,749376,1,nikola-compute-18
300000000,fineweb,2027,role_depth_v6,4.40,2550,83558400,81.125,hit,22.116,82.926,0.520374,62970.095,3.958710,749394,0,nikola-compute-18
300000000,fineweb,2027,role_depth_v6,4.30,3250,106496000,73.322,hit,28.187,82.926,0.520374,62970.095,3.958710,749394,0,nikola-compute-18
300000000,fineweb,2027,role_depth_v6,4.20,4200,137625600,66.645,hit,36.426,82.926,0.520374,62970.095,3.958710,749394,0,nikola-compute-18
300000000,fineweb,2027,role_depth_v6,4.10,5500,180224000,60.004,hit,47.701,82.926,0.520374,62970.095,3.958710,749394,0,nikola-compute-18
300000000,fineweb,2027,role_depth_v6,4.05,6350,208076800,57.216,hit,55.073,82.926,0.520374,62970.095,3.958710,749394,0,nikola-compute-18
300000000,fineweb,2027,role_depth_v6,4.00,7450,244121600,54.505,hit,64.613,82.926,0.520374,62970.095,3.958710,749394,0,nikola-compute-18
300000000,fineweb,3407,full,4.40,2550,83558400,81.193,hit,16.450,62.507,0.387051,84660.612,3.959455,,,
300000000,fineweb,3407,full,4.30,3350,109772800,73.455,hit,21.610,62.507,0.387051,84660.612,3.959455,,,
300000000,fineweb,3407,full,4.20,4350,142540800,66.567,hit,28.061,62.507,0.387051,84660.612,3.959455,,,
300000000,fineweb,3407,full,4.10,5650,185139200,60.176,hit,36.447,62.507,0.387051,84660.612,3.959455,,,
300000000,fineweb,3407,full,4.05,6450,211353600,57.263,hit,41.608,62.507,0.387051,84660.612,3.959455,,,
300000000,fineweb,3407,full,4.00,7500,245760000,54.581,hit,48.381,62.507,0.387051,84660.612,3.959455,,,
300000000,fineweb,3407,no_role_depth,4.40,2550,83558400,81.449,hit,16.519,62.757,0.388680,84305.783,3.959790,583147,0,zabih-compute-01
300000000,fineweb,3407,no_role_depth,4.30,3250,106496000,73.622,hit,21.054,62.757,0.388680,84305.783,3.959790,583147,0,zabih-compute-01
300000000,fineweb,3407,no_role_depth,4.20,4250,139264000,66.521,hit,27.532,62.757,0.388680,84305.783,3.959790,583147,0,zabih-compute-01
300000000,fineweb,3407,no_role_depth,4.10,5500,180224000,60.323,hit,35.629,62.757,0.388680,84305.783,3.959790,583147,0,zabih-compute-01
300000000,fineweb,3407,no_role_depth,4.05,6400,209715200,57.199,hit,41.459,62.757,0.388680,84305.783,3.959790,583147,0,zabih-compute-01
300000000,fineweb,3407,no_role_depth,4.00,7500,245760000,54.535,hit,48.585,62.757,0.388680,84305.783,3.959790,583147,0,zabih-compute-01
300000000,fineweb,3407,role_depth_v2,4.40,2550,83558400,81.222,hit,19.837,74.916,0.466755,70203.885,3.955012,688601,0,badfellow
300000000,fineweb,3407,role_depth_v2,4.30,3350,109772800,73.610,hit,26.060,74.916,0.466755,70203.885,3.955012,688601,0,badfellow
300000000,fineweb,3407,role_depth_v2,4.20,4300,140902400,66.622,hit,33.451,74.916,0.466755,70203.885,3.955012,688601,0,badfellow
300000000,fineweb,3407,role_depth_v2,4.10,5600,183500800,60.270,hit,43.564,74.916,0.466755,70203.885,3.955012,688601,0,badfellow
300000000,fineweb,3407,role_depth_v2,4.05,6400,209715200,57.233,hit,49.787,74.916,0.466755,70203.885,3.955012,688601,0,badfellow
300000000,fineweb,3407,role_depth_v2,4.00,7450,244121600,54.477,hit,57.955,74.916,0.466755,70203.885,3.955012,688601,0,badfellow
300000000,fineweb,3407,role_depth_v3,4.40,2600,85196800,80.711,hit,19.270,71.518,0.444697,73686.117,3.966300,710568,0,damle-compute-01
300000000,fineweb,3407,role_depth_v3,4.30,3300,108134400,73.346,hit,24.458,71.518,0.444697,73686.117,3.966300,710568,0,damle-compute-01
300000000,fineweb,3407,role_depth_v3,4.20,4300,140902400,66.592,hit,31.870,71.518,0.444697,73686.117,3.966300,710568,0,damle-compute-01
300000000,fineweb,3407,role_depth_v3,4.10,5600,183500800,60.325,hit,41.505,71.518,0.444697,73686.117,3.966300,710568,0,damle-compute-01
300000000,fineweb,3407,role_depth_v3,4.05,6450,211353600,57.377,hit,47.805,71.518,0.444697,73686.117,3.966300,710568,0,damle-compute-01
300000000,fineweb,3407,role_depth_v3,4.00,7650,250675200,54.544,hit,56.699,71.518,0.444697,73686.117,3.966300,710568,0,damle-compute-01
300000000,fineweb,3407,role_depth_v4,4.40,2600,85196800,81.025,hit,21.057,77.549,0.485927,67433.991,3.959795,712229,0,nikola-compute-18
300000000,fineweb,3407,role_depth_v4,4.30,3300,108134400,73.405,hit,26.726,77.549,0.485927,67433.991,3.959795,712229,0,nikola-compute-18
300000000,fineweb,3407,role_depth_v4,4.20,4250,139264000,66.609,hit,34.420,77.549,0.485927,67433.991,3.959795,712229,0,nikola-compute-18
300000000,fineweb,3407,role_depth_v4,4.10,5550,181862400,60.218,hit,44.948,77.549,0.485927,67433.991,3.959795,712229,0,nikola-compute-18
300000000,fineweb,3407,role_depth_v4,4.05,6350,208076800,57.350,hit,51.427,77.549,0.485927,67433.991,3.959795,712229,0,nikola-compute-18
300000000,fineweb,3407,role_depth_v4,4.00,7450,244121600,54.582,hit,60.336,77.549,0.485927,67433.991,3.959795,712229,0,nikola-compute-18
300000000,fineweb,3407,role_depth_v5,4.40,2600,85196800,81.081,hit,19.236,71.376,0.443918,73815.357,3.956025,749377,0,rush-compute-02
300000000,fineweb,3407,role_depth_v5,4.30,3300,108134400,73.467,hit,24.416,71.376,0.443918,73815.357,3.956025,749377,0,rush-compute-02
300000000,fineweb,3407,role_depth_v5,4.20,4250,139264000,66.633,hit,31.444,71.376,0.443918,73815.357,3.956025,749377,0,rush-compute-02
300000000,fineweb,3407,role_depth_v5,4.10,5550,181862400,60.193,hit,41.062,71.376,0.443918,73815.357,3.956025,749377,0,rush-compute-02
300000000,fineweb,3407,role_depth_v5,4.05,6350,208076800,57.360,hit,46.981,71.376,0.443918,73815.357,3.956025,749377,0,rush-compute-02
300000000,fineweb,3407,role_depth_v5,4.00,7400,242483200,54.524,hit,54.750,71.376,0.443918,73815.357,3.956025,749377,0,rush-compute-02
300000000,fineweb,3407,role_depth_v6,4.40,2600,85196800,80.657,hit,19.529,72.270,0.450678,72708.185,3.959674,749395,0,rush-compute-02
300000000,fineweb,3407,role_depth_v6,4.30,3250,106496000,73.369,hit,24.412,72.270,0.450678,72708.185,3.959674,749395,0,rush-compute-02
300000000,fineweb,3407,role_depth_v6,4.20,4200,137625600,66.465,hit,31.547,72.270,0.450678,72708.185,3.959674,749395,0,rush-compute-02
300000000,fineweb,3407,role_depth_v6,4.10,5500,180224000,60.213,hit,41.312,72.270,0.450678,72708.185,3.959674,749395,0,rush-compute-02
300000000,fineweb,3407,role_depth_v6,4.05,6350,208076800,57.330,hit,47.697,72.270,0.450678,72708.185,3.959674,749395,0,rush-compute-02
300000000,fineweb,3407,role_depth_v6,4.00,7450,244121600,54.512,hit,55.959,72.270,0.450678,72708.185,3.959674,749395,0,rush-compute-02
300000000,dolma_sample,1337,full,4.20,2900,95027200,66.391,hit,20.382,68.176,0.421687,77706.922,3.811364,,,
300000000,dolma_sample,1337,full,4.10,3800,124518400,60.232,hit,26.707,68.176,0.421687,77706.922,3.811364,,,
300000000,dolma_sample,1337,full,4.00,4900,160563200,54.408,hit,34.438,68.176,0.421687,77706.922,3.811364,,,
300000000,dolma_sample,1337,full,3.95,5600,183500800,51.824,hit,39.357,68.176,0.421687,77706.922,3.811364,,,
300000000,dolma_sample,1337,full,3.90,6400,209715200,49.263,hit,44.980,68.176,0.421687,77706.922,3.811364,,,
300000000,dolma_sample,1337,full,3.85,7550,247398400,46.957,hit,53.062,68.176,0.421687,77706.922,3.811364,,,
300000000,dolma_sample,1337,full,3.82,8600,281804800,45.592,hit,60.442,68.176,0.421687,77706.922,3.811364,,,
300000000,dolma_sample,1337,no_role_depth,4.20,2800,91750400,66.431,hit,18.580,64.234,0.398133,82304.116,3.813376,589107,0,seo-compute-01
300000000,dolma_sample,1337,no_role_depth,4.10,3700,121241600,60.065,hit,24.552,64.234,0.398133,82304.116,3.813376,589107,0,seo-compute-01
300000000,dolma_sample,1337,no_role_depth,4.00,4750,155648000,54.585,hit,31.519,64.234,0.398133,82304.116,3.813376,589107,0,seo-compute-01
300000000,dolma_sample,1337,no_role_depth,3.95,5550,181862400,51.704,hit,36.827,64.234,0.398133,82304.116,3.813376,589107,0,seo-compute-01
300000000,dolma_sample,1337,no_role_depth,3.90,6400,209715200,49.223,hit,42.468,64.234,0.398133,82304.116,3.813376,589107,0,seo-compute-01
300000000,dolma_sample,1337,no_role_depth,3.85,7550,247398400,46.958,hit,50.098,64.234,0.398133,82304.116,3.813376,589107,0,seo-compute-01
300000000,dolma_sample,1337,no_role_depth,3.82,8700,285081600,45.589,hit,57.729,64.234,0.398133,82304.116,3.813376,589107,0,seo-compute-01
300000000,dolma_sample,1337,role_depth_v2,4.20,2900,95027200,66.371,hit,18.628,62.220,0.385416,85019.751,3.807139,692065,2,elor-compute-01
300000000,dolma_sample,1337,role_depth_v2,4.10,3800,124518400,60.160,hit,24.410,62.220,0.385416,85019.751,3.807139,692065,2,elor-compute-01
300000000,dolma_sample,1337,role_depth_v2,4.00,4900,160563200,54.387,hit,31.476,62.220,0.385416,85019.751,3.807139,692065,2,elor-compute-01
300000000,dolma_sample,1337,role_depth_v2,3.95,5600,183500800,51.771,hit,35.972,62.220,0.385416,85019.751,3.807139,692065,2,elor-compute-01
300000000,dolma_sample,1337,role_depth_v2,3.90,6400,209715200,49.236,hit,41.111,62.220,0.385416,85019.751,3.807139,692065,2,elor-compute-01
300000000,dolma_sample,1337,role_depth_v2,3.85,7450,244121600,46.981,hit,47.856,62.220,0.385416,85019.751,3.807139,692065,2,elor-compute-01
300000000,dolma_sample,1337,role_depth_v2,3.82,8550,280166400,45.588,hit,54.922,62.220,0.385416,85019.751,3.807139,692065,2,elor-compute-01
300000000,dolma_sample,1337,role_depth_v3,4.20,2800,91750400,66.597,hit,21.008,72.379,0.450171,72790.095,3.815201,710632,0,badfellow
300000000,dolma_sample,1337,role_depth_v3,4.10,3700,121241600,60.180,hit,27.761,72.379,0.450171,72790.095,3.815201,710632,0,badfellow
300000000,dolma_sample,1337,role_depth_v3,4.00,4850,158924800,54.504,hit,36.389,72.379,0.450171,72790.095,3.815201,710632,0,badfellow
300000000,dolma_sample,1337,role_depth_v3,3.95,5550,181862400,51.804,hit,41.641,72.379,0.450171,72790.095,3.815201,710632,0,badfellow
300000000,dolma_sample,1337,role_depth_v3,3.90,6400,209715200,49.299,hit,48.018,72.379,0.450171,72790.095,3.815201,710632,0,badfellow
300000000,dolma_sample,1337,role_depth_v3,3.85,7600,249036800,46.941,hit,57.022,72.379,0.450171,72790.095,3.815201,710632,0,badfellow
300000000,dolma_sample,1337,role_depth_v3,3.82,8800,288358400,45.558,hit,66.025,72.379,0.450171,72790.095,3.815201,710632,0,badfellow
300000000,dolma_sample,1337,role_depth_v4,4.20,2850,93388800,66.409,hit,22.360,75.421,0.470733,69610.515,3.809066,712235,0,badfellow
300000000,dolma_sample,1337,role_depth_v4,4.10,3700,121241600,60.145,hit,29.029,75.421,0.470733,69610.515,3.809066,712235,0,badfellow
300000000,dolma_sample,1337,role_depth_v4,4.00,4850,158924800,54.303,hit,38.051,75.421,0.470733,69610.515,3.809066,712235,0,badfellow
300000000,dolma_sample,1337,role_depth_v4,3.95,5500,180224000,51.932,hit,43.151,75.421,0.470733,69610.515,3.809066,712235,0,badfellow
300000000,dolma_sample,1337,role_depth_v4,3.90,6350,208076800,49.352,hit,49.819,75.421,0.470733,69610.515,3.809066,712235,0,badfellow
300000000,dolma_sample,1337,role_depth_v4,3.85,7450,244121600,46.950,hit,58.449,75.421,0.470733,69610.515,3.809066,712235,0,badfellow
300000000,dolma_sample,1337,role_depth_v4,3.82,8550,280166400,45.555,hit,67.080,75.421,0.470733,69610.515,3.809066,712235,0,badfellow
300000000,dolma_sample,1337,role_depth_v5,4.20,2900,95027200,66.408,hit,22.174,73.708,0.458774,71425.218,3.808551,749378,0,damle-compute-01
300000000,dolma_sample,1337,role_depth_v5,4.10,3700,121241600,60.266,hit,28.291,73.708,0.458774,71425.218,3.808551,749378,0,damle-compute-01
300000000,dolma_sample,1337,role_depth_v5,4.00,4850,158924800,54.457,hit,37.084,73.708,0.458774,71425.218,3.808551,749378,0,damle-compute-01
300000000,dolma_sample,1337,role_depth_v5,3.95,5500,180224000,51.867,hit,42.054,73.708,0.458774,71425.218,3.808551,749378,0,damle-compute-01
300000000,dolma_sample,1337,role_depth_v5,3.90,6350,208076800,49.400,hit,48.554,73.708,0.458774,71425.218,3.808551,749378,0,damle-compute-01
300000000,dolma_sample,1337,role_depth_v5,3.85,7400,242483200,46.993,hit,56.582,73.708,0.458774,71425.218,3.808551,749378,0,damle-compute-01
300000000,dolma_sample,1337,role_depth_v5,3.82,8550,280166400,45.567,hit,65.375,73.708,0.458774,71425.218,3.808551,749378,0,damle-compute-01
300000000,dolma_sample,1337,role_depth_v6,4.20,2800,91750400,66.661,hit,19.032,65.601,0.407835,80346.278,3.811494,749396,0,elor-compute-01
300000000,dolma_sample,1337,role_depth_v6,4.10,3700,121241600,59.893,hit,25.150,65.601,0.407835,80346.278,3.811494,749396,0,elor-compute-01
300000000,dolma_sample,1337,role_depth_v6,4.00,4750,155648000,54.563,hit,32.287,65.601,0.407835,80346.278,3.811494,749396,0,elor-compute-01
300000000,dolma_sample,1337,role_depth_v6,3.95,5500,180224000,51.774,hit,37.385,65.601,0.407835,80346.278,3.811494,749396,0,elor-compute-01
300000000,dolma_sample,1337,role_depth_v6,3.90,6350,208076800,49.378,hit,43.163,65.601,0.407835,80346.278,3.811494,749396,0,elor-compute-01
300000000,dolma_sample,1337,role_depth_v6,3.85,7450,244121600,46.951,hit,50.639,65.601,0.407835,80346.278,3.811494,749396,0,elor-compute-01
300000000,dolma_sample,1337,role_depth_v6,3.82,8600,281804800,45.528,hit,58.456,65.601,0.407835,80346.278,3.811494,749396,0,elor-compute-01
300000000,dolma_sample,2027,full,4.20,2900,95027200,66.464,hit,18.711,62.471,0.387134,84642.550,3.809262,,,
300000000,dolma_sample,2027,full,4.10,3750,122880000,60.260,hit,24.196,62.471,0.387134,84642.550,3.809262,,,
300000000,dolma_sample,2027,full,4.00,4850,158924800,54.391,hit,31.293,62.471,0.387134,84642.550,3.809262,,,
300000000,dolma_sample,2027,full,3.95,5550,181862400,51.812,hit,35.810,62.471,0.387134,84642.550,3.809262,,,
300000000,dolma_sample,2027,full,3.90,6400,209715200,49.362,hit,41.294,62.471,0.387134,84642.550,3.809262,,,
300000000,dolma_sample,2027,full,3.85,7450,244121600,46.976,hit,48.069,62.471,0.387134,84642.550,3.809262,,,
300000000,dolma_sample,2027,full,3.82,8500,278528000,45.591,hit,54.844,62.471,0.387134,84642.550,3.809262,,,
300000000,dolma_sample,2027,no_role_depth,4.20,2850,93388800,66.348,hit,18.885,64.146,0.397584,82417.824,3.813421,567313,0,seo-compute-01
300000000,dolma_sample,2027,no_role_depth,4.10,3650,119603200,60.030,hit,24.186,64.146,0.397584,82417.824,3.813421,567313,0,seo-compute-01
300000000,dolma_sample,2027,no_role_depth,4.00,4750,155648000,54.484,hit,31.475,64.146,0.397584,82417.824,3.813421,567313,0,seo-compute-01
300000000,dolma_sample,2027,no_role_depth,3.95,5500,180224000,51.898,hit,36.445,64.146,0.397584,82417.824,3.813421,567313,0,seo-compute-01
300000000,dolma_sample,2027,no_role_depth,3.90,6400,209715200,49.312,hit,42.409,64.146,0.397584,82417.824,3.813421,567313,0,seo-compute-01
300000000,dolma_sample,2027,no_role_depth,3.85,7550,247398400,46.988,hit,50.029,64.146,0.397584,82417.824,3.813421,567313,0,seo-compute-01
300000000,dolma_sample,2027,no_role_depth,3.82,8750,286720000,45.600,hit,57.981,64.146,0.397584,82417.824,3.813421,567313,0,seo-compute-01
300000000,dolma_sample,2027,role_depth_v2,4.20,2900,95027200,66.300,hit,18.747,62.542,0.387860,84484.184,3.806386,692213,0,seo-compute-01
300000000,dolma_sample,2027,role_depth_v2,4.10,3800,124518400,60.013,hit,24.564,62.542,0.387860,84484.184,3.806386,692213,0,seo-compute-01
300000000,dolma_sample,2027,role_depth_v2,4.00,4850,158924800,54.402,hit,31.352,62.542,0.387860,84484.184,3.806386,692213,0,seo-compute-01
300000000,dolma_sample,2027,role_depth_v2,3.95,5550,181862400,51.872,hit,35.877,62.542,0.387860,84484.184,3.806386,692213,0,seo-compute-01
300000000,dolma_sample,2027,role_depth_v2,3.90,6450,211353600,49.180,hit,41.695,62.542,0.387860,84484.184,3.806386,692213,0,seo-compute-01
300000000,dolma_sample,2027,role_depth_v2,3.85,7450,244121600,46.982,hit,48.159,62.542,0.387860,84484.184,3.806386,692213,0,seo-compute-01
300000000,dolma_sample,2027,role_depth_v2,3.82,8400,275251200,45.579,hit,54.300,62.542,0.387860,84484.184,3.806386,692213,0,seo-compute-01
300000000,dolma_sample,2027,role_depth_v3,4.20,2850,93388800,66.458,hit,18.511,63.090,0.389714,84082.187,3.817363,711103,0,zabih-compute-01
300000000,dolma_sample,2027,role_depth_v3,4.10,3650,119603200,60.308,hit,23.708,63.090,0.389714,84082.187,3.817363,711103,0,zabih-compute-01
300000000,dolma_sample,2027,role_depth_v3,4.00,4800,157286400,54.558,hit,31.177,63.090,0.389714,84082.187,3.817363,711103,0,zabih-compute-01
300000000,dolma_sample,2027,role_depth_v3,3.95,5550,181862400,51.861,hit,36.049,63.090,0.389714,84082.187,3.817363,711103,0,zabih-compute-01
300000000,dolma_sample,2027,role_depth_v3,3.90,6450,211353600,49.307,hit,41.894,63.090,0.389714,84082.187,3.817363,711103,0,zabih-compute-01
300000000,dolma_sample,2027,role_depth_v3,3.85,7650,250675200,46.986,hit,49.689,63.090,0.389714,84082.187,3.817363,711103,0,zabih-compute-01
300000000,dolma_sample,2027,role_depth_v3,3.82,8900,291635200,45.596,hit,57.808,63.090,0.389714,84082.187,3.817363,711103,0,zabih-compute-01
300000000,dolma_sample,2027,role_depth_v4,4.20,2850,93388800,66.543,hit,18.972,64.461,0.399416,82039.744,3.808569,712240,0,zabih-compute-01
300000000,dolma_sample,2027,role_depth_v4,4.10,3650,119603200,60.242,hit,24.298,64.461,0.399416,82039.744,3.808569,712240,0,zabih-compute-01
300000000,dolma_sample,2027,role_depth_v4,4.00,4750,155648000,54.589,hit,31.620,64.461,0.399416,82039.744,3.808569,712240,0,zabih-compute-01
300000000,dolma_sample,2027,role_depth_v4,3.95,5500,180224000,51.902,hit,36.613,64.461,0.399416,82039.744,3.808569,712240,0,zabih-compute-01
300000000,dolma_sample,2027,role_depth_v4,3.90,6400,209715200,49.295,hit,42.604,64.461,0.399416,82039.744,3.808569,712240,0,zabih-compute-01
300000000,dolma_sample,2027,role_depth_v4,3.85,7450,244121600,46.913,hit,49.594,64.461,0.399416,82039.744,3.808569,712240,0,zabih-compute-01
300000000,dolma_sample,2027,role_depth_v4,3.82,8500,278528000,45.544,hit,56.584,64.461,0.399416,82039.744,3.808569,712240,0,zabih-compute-01
300000000,dolma_sample,2027,role_depth_v5,4.20,2900,95027200,66.295,hit,19.577,65.159,0.405036,80901.497,3.809182,749379,0,elor-compute-01
300000000,dolma_sample,2027,role_depth_v5,4.10,3700,121241600,60.236,hit,24.977,65.159,0.405036,80901.497,3.809182,749379,0,elor-compute-01
300000000,dolma_sample,2027,role_depth_v5,4.00,4750,155648000,54.504,hit,32.065,65.159,0.405036,80901.497,3.809182,749379,0,elor-compute-01
300000000,dolma_sample,2027,role_depth_v5,3.95,5550,181862400,51.782,hit,37.466,65.159,0.405036,80901.497,3.809182,749379,0,elor-compute-01
300000000,dolma_sample,2027,role_depth_v5,3.90,6400,209715200,49.227,hit,43.204,65.159,0.405036,80901.497,3.809182,749379,0,elor-compute-01
300000000,dolma_sample,2027,role_depth_v5,3.85,7450,244121600,46.943,hit,50.292,65.159,0.405036,80901.497,3.809182,749379,0,elor-compute-01
300000000,dolma_sample,2027,role_depth_v5,3.82,8500,278528000,45.582,hit,57.380,65.159,0.405036,80901.497,3.809182,749379,0,elor-compute-01
300000000,dolma_sample,2027,role_depth_v6,4.20,2850,93388800,66.369,hit,22.371,75.559,0.470970,69575.591,3.811792,749397,0,damle-compute-01
300000000,dolma_sample,2027,role_depth_v6,4.10,3650,119603200,59.945,hit,28.651,75.559,0.470970,69575.591,3.811792,749397,0,damle-compute-01
300000000,dolma_sample,2027,role_depth_v6,4.00,4750,155648000,54.344,hit,37.285,75.559,0.470970,69575.591,3.811792,749397,0,damle-compute-01
300000000,dolma_sample,2027,role_depth_v6,3.95,5500,180224000,51.766,hit,43.172,75.559,0.470970,69575.591,3.811792,749397,0,damle-compute-01
300000000,dolma_sample,2027,role_depth_v6,3.90,6300,206438400,49.309,hit,49.452,75.559,0.470970,69575.591,3.811792,749397,0,damle-compute-01
300000000,dolma_sample,2027,role_depth_v6,3.85,7500,245760000,46.947,hit,58.871,75.559,0.470970,69575.591,3.811792,749397,0,damle-compute-01
300000000,dolma_sample,2027,role_depth_v6,3.82,8650,283443200,45.599,hit,67.898,75.559,0.470970,69575.591,3.811792,749397,0,damle-compute-01
300000000,dolma_sample,3407,full,4.20,2750,90112000,66.522,hit,26.181,90.652,0.571213,57365.658,3.797840,986794,0,lil-compute-04
300000000,dolma_sample,3407,full,4.10,3650,119603200,60.272,hit,34.749,90.652,0.571213,57365.658,3.797840,986794,0,lil-compute-04
300000000,dolma_sample,3407,full,4.00,4700,154009600,54.562,hit,44.745,90.652,0.571213,57365.658,3.797840,986794,0,lil-compute-04
300000000,dolma_sample,3407,full,3.95,5400,176947200,51.685,hit,51.409,90.652,0.571213,57365.658,3.797840,986794,0,lil-compute-04
300000000,dolma_sample,3407,full,3.90,6150,201523200,49.363,hit,58.549,90.652,0.571213,57365.658,3.797840,986794,0,lil-compute-04
300000000,dolma_sample,3407,full,3.85,7200,235929600,46.861,hit,68.546,90.652,0.571213,57365.658,3.797840,986794,0,lil-compute-04
300000000,dolma_sample,3407,full,3.82,8050,263782400,45.578,hit,76.638,90.652,0.571213,57365.658,3.797840,986794,0,lil-compute-04
300000000,dolma_sample,3407,no_role_depth,4.20,2750,90112000,66.332,hit,16.993,59.929,0.370751,88382.848,3.801430,589462,0,abdelfattah-compute-03
300000000,dolma_sample,3407,no_role_depth,4.10,3500,114688000,60.329,hit,21.627,59.929,0.370751,88382.848,3.801430,589462,0,abdelfattah-compute-03
300000000,dolma_sample,3407,no_role_depth,4.00,4700,154009600,54.285,hit,29.042,59.929,0.370751,88382.848,3.801430,589462,0,abdelfattah-compute-03
300000000,dolma_sample,3407,no_role_depth,3.95,5300,173670400,51.915,hit,32.750,59.929,0.370751,88382.848,3.801430,589462,0,abdelfattah-compute-03
300000000,dolma_sample,3407,no_role_depth,3.90,6150,201523200,49.304,hit,38.002,59.929,0.370751,88382.848,3.801430,589462,0,abdelfattah-compute-03
300000000,dolma_sample,3407,no_role_depth,3.85,7200,235929600,46.920,hit,44.490,59.929,0.370751,88382.848,3.801430,589462,0,abdelfattah-compute-03
300000000,dolma_sample,3407,no_role_depth,3.82,8150,267059200,45.581,hit,50.360,59.929,0.370751,88382.848,3.801430,589462,0,abdelfattah-compute-03
300000000,dolma_sample,3407,role_depth_v2,4.20,2750,90112000,66.651,hit,17.699,62.321,0.386150,84858.166,3.798095,692298,0,elor-compute-01
300000000,dolma_sample,3407,role_depth_v2,4.10,3700,121241600,59.969,hit,23.813,62.321,0.386150,84858.166,3.798095,692298,0,elor-compute-01
300000000,dolma_sample,3407,role_depth_v2,4.00,4700,154009600,54.434,hit,30.248,62.321,0.386150,84858.166,3.798095,692298,0,elor-compute-01
300000000,dolma_sample,3407,role_depth_v2,3.95,5400,176947200,51.755,hit,34.754,62.321,0.386150,84858.166,3.798095,692298,0,elor-compute-01
300000000,dolma_sample,3407,role_depth_v2,3.90,6150,201523200,49.328,hit,39.580,62.321,0.386150,84858.166,3.798095,692298,0,elor-compute-01
300000000,dolma_sample,3407,role_depth_v2,3.85,7200,235929600,46.923,hit,46.338,62.321,0.386150,84858.166,3.798095,692298,0,elor-compute-01
300000000,dolma_sample,3407,role_depth_v2,3.82,8100,265420800,45.584,hit,52.130,62.321,0.386150,84858.166,3.798095,692298,0,elor-compute-01
300000000,dolma_sample,3407,role_depth_v3,4.20,2700,88473600,66.666,hit,16.776,60.434,0.372811,87894.456,3.802134,711306,0,elor-compute-01
300000000,dolma_sample,3407,role_depth_v3,4.10,3550,116326400,60.198,hit,22.058,60.434,0.372811,87894.456,3.802134,711306,0,elor-compute-01
300000000,dolma_sample,3407,role_depth_v3,4.00,4700,154009600,54.302,hit,29.204,60.434,0.372811,87894.456,3.802134,711306,0,elor-compute-01
300000000,dolma_sample,3407,role_depth_v3,3.95,5300,173670400,51.808,hit,32.932,60.434,0.372811,87894.456,3.802134,711306,0,elor-compute-01
300000000,dolma_sample,3407,role_depth_v3,3.90,6150,201523200,49.357,hit,38.213,60.434,0.372811,87894.456,3.802134,711306,0,elor-compute-01
300000000,dolma_sample,3407,role_depth_v3,3.85,7250,237568000,46.970,hit,45.048,60.434,0.372811,87894.456,3.802134,711306,0,elor-compute-01
300000000,dolma_sample,3407,role_depth_v3,3.82,8250,270336000,45.557,hit,51.261,60.434,0.372811,87894.456,3.802134,711306,0,elor-compute-01
300000000,dolma_sample,3407,role_depth_v4,4.20,2750,90112000,66.512,hit,17.775,62.590,0.387829,84490.939,3.796174,712243,0,elor-compute-01
300000000,dolma_sample,3407,role_depth_v4,4.10,3550,116326400,60.041,hit,22.947,62.590,0.387829,84490.939,3.796174,712243,0,elor-compute-01
300000000,dolma_sample,3407,role_depth_v4,4.00,4650,152371200,54.429,hit,30.057,62.590,0.387829,84490.939,3.796174,712243,0,elor-compute-01
300000000,dolma_sample,3407,role_depth_v4,3.95,5300,173670400,51.796,hit,34.258,62.590,0.387829,84490.939,3.796174,712243,0,elor-compute-01
300000000,dolma_sample,3407,role_depth_v4,3.90,6050,198246400,49.399,hit,39.106,62.590,0.387829,84490.939,3.796174,712243,0,elor-compute-01
300000000,dolma_sample,3407,role_depth_v4,3.85,7150,234291200,46.914,hit,46.216,62.590,0.387829,84490.939,3.796174,712243,0,elor-compute-01
300000000,dolma_sample,3407,role_depth_v4,3.82,8000,262144000,45.535,hit,51.710,62.590,0.387829,84490.939,3.796174,712243,0,elor-compute-01
300000000,dolma_sample,3407,role_depth_v5,4.20,2750,90112000,66.661,hit,20.973,73.454,0.457582,71611.192,3.796721,749381,1,badfellow
300000000,dolma_sample,3407,role_depth_v5,4.10,3600,117964800,60.062,hit,27.455,73.454,0.457582,71611.192,3.796721,749381,1,badfellow
300000000,dolma_sample,3407,role_depth_v5,4.00,4650,152371200,54.549,hit,35.463,73.454,0.457582,71611.192,3.796721,749381,1,badfellow
300000000,dolma_sample,3407,role_depth_v5,3.95,5300,173670400,51.846,hit,40.420,73.454,0.457582,71611.192,3.796721,749381,1,badfellow
300000000,dolma_sample,3407,role_depth_v5,3.90,6100,199884800,49.328,hit,46.521,73.454,0.457582,71611.192,3.796721,749381,1,badfellow
300000000,dolma_sample,3407,role_depth_v5,3.85,7150,234291200,46.902,hit,54.529,73.454,0.457582,71611.192,3.796721,749381,1,badfellow
300000000,dolma_sample,3407,role_depth_v5,3.82,8000,262144000,45.595,hit,61.011,73.454,0.457582,71611.192,3.796721,749381,1,badfellow
300000000,dolma_sample,3407,role_depth_v6,4.20,2750,90112000,66.168,hit,22.572,78.664,0.492479,66536.875,3.799232,749398,0,nikola-compute-18
300000000,dolma_sample,3407,role_depth_v6,4.10,3500,114688000,60.235,hit,28.728,78.664,0.492479,66536.875,3.799232,749398,0,nikola-compute-18
300000000,dolma_sample,3407,role_depth_v6,4.00,4650,152371200,54.329,hit,38.167,78.664,0.492479,66536.875,3.799232,749398,0,nikola-compute-18
300000000,dolma_sample,3407,role_depth_v6,3.95,5250,172032000,51.926,hit,43.092,78.664,0.492479,66536.875,3.799232,749398,0,nikola-compute-18
300000000,dolma_sample,3407,role_depth_v6,3.90,6050,198246400,49.347,hit,49.658,78.664,0.492479,66536.875,3.799232,749398,0,nikola-compute-18
300000000,dolma_sample,3407,role_depth_v6,3.85,7150,234291200,46.933,hit,58.687,78.664,0.492479,66536.875,3.799232,749398,0,nikola-compute-18
300000000,dolma_sample,3407,role_depth_v6,3.82,8100,265420800,45.535,hit,66.485,78.664,0.492479,66536.875,3.799232,749398,0,nikola-compute-18
300000000,c4_en,1337,full,4.40,2050,67174400,81.078,hit,13.243,62.611,0.387611,84538.427,3.872497,,,
300000000,c4_en,1337,full,4.30,2750,90112000,73.263,hit,17.765,62.611,0.387611,84538.427,3.872497,,,
300000000,c4_en,1337,full,4.20,3550,116326400,66.493,hit,22.934,62.611,0.387611,84538.427,3.872497,,,
300000000,c4_en,1337,full,4.10,4500,147456000,60.310,hit,29.071,62.611,0.387611,84538.427,3.872497,,,
300000000,c4_en,1337,full,4.05,5100,167116800,57.293,hit,32.947,62.611,0.387611,84538.427,3.872497,,,
300000000,c4_en,1337,full,4.00,5850,191692800,54.492,hit,37.792,62.611,0.387611,84538.427,3.872497,,,
300000000,c4_en,1337,no_role_depth,4.40,2150,70451200,81.171,hit,15.783,70.961,0.440446,74397.297,3.879306,590960,0,damle-compute-01
300000000,c4_en,1337,no_role_depth,4.30,2750,90112000,73.109,hit,20.187,70.961,0.440446,74397.297,3.879306,590960,0,damle-compute-01
300000000,c4_en,1337,no_role_depth,4.20,3450,113049600,66.474,hit,25.326,70.961,0.440446,74397.297,3.879306,590960,0,damle-compute-01
300000000,c4_en,1337,no_role_depth,4.10,4400,144179200,60.330,hit,32.299,70.961,0.440446,74397.297,3.879306,590960,0,damle-compute-01
300000000,c4_en,1337,no_role_depth,4.05,5100,167116800,57.174,hit,37.438,70.961,0.440446,74397.297,3.879306,590960,0,damle-compute-01
300000000,c4_en,1337,no_role_depth,4.00,5800,190054400,54.585,hit,42.576,70.961,0.440446,74397.297,3.879306,590960,0,damle-compute-01
300000000,c4_en,1337,role_depth_v2,4.40,2050,67174400,80.846,hit,13.657,64.404,0.399710,81979.488,3.871967,692795,0,zabih-compute-01
300000000,c4_en,1337,role_depth_v2,4.30,2750,90112000,73.438,hit,18.320,64.404,0.399710,81979.488,3.871967,692795,0,zabih-compute-01
300000000,c4_en,1337,role_depth_v2,4.20,3600,117964800,66.210,hit,23.983,64.404,0.399710,81979.488,3.871967,692795,0,zabih-compute-01
300000000,c4_en,1337,role_depth_v2,4.10,4500,147456000,60.337,hit,29.978,64.404,0.399710,81979.488,3.871967,692795,0,zabih-compute-01
300000000,c4_en,1337,role_depth_v2,4.05,5100,167116800,57.336,hit,33.975,64.404,0.399710,81979.488,3.871967,692795,0,zabih-compute-01
300000000,c4_en,1337,role_depth_v2,4.00,5850,191692800,54.538,hit,38.972,64.404,0.399710,81979.488,3.871967,692795,0,zabih-compute-01
300000000,c4_en,1337,role_depth_v3,4.40,2150,70451200,81.087,hit,16.978,75.934,0.473808,69158.838,3.879733,711574,0,nikola-compute-18
300000000,c4_en,1337,role_depth_v3,4.30,2750,90112000,72.971,hit,21.716,75.934,0.473808,69158.838,3.879733,711574,0,nikola-compute-18
300000000,c4_en,1337,role_depth_v3,4.20,3450,113049600,66.405,hit,27.244,75.934,0.473808,69158.838,3.879733,711574,0,nikola-compute-18
300000000,c4_en,1337,role_depth_v3,4.10,4450,145817600,60.158,hit,35.141,75.934,0.473808,69158.838,3.879733,711574,0,nikola-compute-18
300000000,c4_en,1337,role_depth_v3,4.05,5100,167116800,57.186,hit,40.274,75.934,0.473808,69158.838,3.879733,711574,0,nikola-compute-18
300000000,c4_en,1337,role_depth_v3,4.00,5800,190054400,54.583,hit,45.801,75.934,0.473808,69158.838,3.879733,711574,0,nikola-compute-18
300000000,c4_en,1337,role_depth_v4,4.40,2150,70451200,81.131,hit,16.311,73.255,0.455178,71989.489,3.873733,712417,0,damle-compute-01
300000000,c4_en,1337,role_depth_v4,4.30,2750,90112000,73.189,hit,20.862,73.255,0.455178,71989.489,3.873733,712417,0,damle-compute-01
300000000,c4_en,1337,role_depth_v4,4.20,3450,113049600,66.553,hit,26.173,73.255,0.455178,71989.489,3.873733,712417,0,damle-compute-01
300000000,c4_en,1337,role_depth_v4,4.10,4450,145817600,60.135,hit,33.759,73.255,0.455178,71989.489,3.873733,712417,0,damle-compute-01
300000000,c4_en,1337,role_depth_v4,4.05,5100,167116800,57.170,hit,38.690,73.255,0.455178,71989.489,3.873733,712417,0,damle-compute-01
300000000,c4_en,1337,role_depth_v4,4.00,5800,190054400,54.465,hit,44.000,73.255,0.455178,71989.489,3.873733,712417,0,damle-compute-01
300000000,c4_en,1337,role_depth_v5,4.40,2100,68812800,81.043,hit,15.675,71.771,0.447845,73168.155,3.869972,749383,0,rush-compute-02
300000000,c4_en,1337,role_depth_v5,4.30,2800,91750400,73.098,hit,20.899,71.771,0.447845,73168.155,3.869972,749383,0,rush-compute-02
300000000,c4_en,1337,role_depth_v5,4.20,3500,114688000,66.512,hit,26.124,71.771,0.447845,73168.155,3.869972,749383,0,rush-compute-02
300000000,c4_en,1337,role_depth_v5,4.10,4450,145817600,60.299,hit,33.215,71.771,0.447845,73168.155,3.869972,749383,0,rush-compute-02
300000000,c4_en,1337,role_depth_v5,4.05,5100,167116800,57.198,hit,38.067,71.771,0.447845,73168.155,3.869972,749383,0,rush-compute-02
300000000,c4_en,1337,role_depth_v5,4.00,5800,190054400,54.562,hit,43.292,71.771,0.447845,73168.155,3.869972,749383,0,rush-compute-02
300000000,c4_en,1337,role_depth_v6,4.40,2150,70451200,81.164,hit,16.130,72.117,0.450145,72794.374,3.871364,749399,0,rush-compute-02
300000000,c4_en,1337,role_depth_v6,4.30,2700,88473600,73.484,hit,20.257,72.117,0.450145,72794.374,3.871364,749399,0,rush-compute-02
300000000,c4_en,1337,role_depth_v6,4.20,3450,113049600,66.215,hit,25.883,72.117,0.450145,72794.374,3.871364,749399,0,rush-compute-02
300000000,c4_en,1337,role_depth_v6,4.10,4350,142540800,60.305,hit,32.635,72.117,0.450145,72794.374,3.871364,749399,0,rush-compute-02
300000000,c4_en,1337,role_depth_v6,4.05,5000,163840000,57.367,hit,37.512,72.117,0.450145,72794.374,3.871364,749399,0,rush-compute-02
300000000,c4_en,1337,role_depth_v6,4.00,5750,188416000,54.411,hit,43.139,72.117,0.450145,72794.374,3.871364,749399,0,rush-compute-02
300000000,c4_en,2027,full,4.40,2150,70451200,81.439,hit,14.996,67.572,0.418483,78301.834,3.894042,986795,0,lancer-compute-01
300000000,c4_en,2027,full,4.30,2950,96665600,73.274,hit,20.575,67.572,0.418483,78301.834,3.894042,986795,0,lancer-compute-01
300000000,c4_en,2027,full,4.20,3700,121241600,66.628,hit,25.806,67.572,0.418483,78301.834,3.894042,986795,0,lancer-compute-01
300000000,c4_en,2027,full,4.10,4750,155648000,60.338,hit,33.130,67.572,0.418483,78301.834,3.894042,986795,0,lancer-compute-01
300000000,c4_en,2027,full,4.05,5400,176947200,57.206,hit,37.663,67.572,0.418483,78301.834,3.894042,986795,0,lancer-compute-01
300000000,c4_en,2027,full,4.00,6200,203161600,54.535,hit,43.243,67.572,0.418483,78301.834,3.894042,986795,0,lancer-compute-01
300000000,c4_en,2027,no_role_depth,4.40,2250,73728000,80.747,hit,15.871,68.324,0.423224,77424.642,3.895599,567326,0,seo-compute-02
300000000,c4_en,2027,no_role_depth,4.30,2800,91750400,73.657,hit,19.750,68.324,0.423224,77424.642,3.895599,567326,0,seo-compute-02
300000000,c4_en,2027,no_role_depth,4.20,3600,117964800,66.470,hit,25.393,68.324,0.423224,77424.642,3.895599,567326,0,seo-compute-02
300000000,c4_en,2027,no_role_depth,4.10,4650,152371200,60.308,hit,32.800,68.324,0.423224,77424.642,3.895599,567326,0,seo-compute-02
300000000,c4_en,2027,no_role_depth,4.05,5300,173670400,57.396,hit,37.385,68.324,0.423224,77424.642,3.895599,567326,0,seo-compute-02
300000000,c4_en,2027,no_role_depth,4.00,6150,201523200,54.467,hit,43.381,68.324,0.423224,77424.642,3.895599,567326,0,seo-compute-02
300000000,c4_en,2027,role_depth_v2,4.40,2150,70451200,81.093,hit,14.691,66.143,0.409978,79926.154,3.892136,693028,0,seo-compute-01
300000000,c4_en,2027,role_depth_v2,4.30,2900,95027200,73.699,hit,19.816,66.143,0.409978,79926.154,3.892136,693028,0,seo-compute-01
300000000,c4_en,2027,role_depth_v2,4.20,3700,121241600,66.659,hit,25.282,66.143,0.409978,79926.154,3.892136,693028,0,seo-compute-01
300000000,c4_en,2027,role_depth_v2,4.10,4750,155648000,60.163,hit,32.457,66.143,0.409978,79926.154,3.892136,693028,0,seo-compute-01
300000000,c4_en,2027,role_depth_v2,4.05,5400,176947200,57.181,hit,36.898,66.143,0.409978,79926.154,3.892136,693028,0,seo-compute-01
300000000,c4_en,2027,role_depth_v2,4.00,6150,201523200,54.592,hit,42.023,66.143,0.409978,79926.154,3.892136,693028,0,seo-compute-01
300000000,c4_en,2027,role_depth_v3,4.40,2250,73728000,81.000,hit,16.594,71.778,0.442502,74051.668,3.899324,711612,0,damle-compute-01
300000000,c4_en,2027,role_depth_v3,4.30,2850,93388800,73.252,hit,21.019,71.778,0.442502,74051.668,3.899324,711612,0,damle-compute-01
300000000,c4_en,2027,role_depth_v3,4.20,3600,117964800,66.678,hit,26.550,71.778,0.442502,74051.668,3.899324,711612,0,damle-compute-01
300000000,c4_en,2027,role_depth_v3,4.10,4700,154009600,60.146,hit,34.663,71.778,0.442502,74051.668,3.899324,711612,0,damle-compute-01
300000000,c4_en,2027,role_depth_v3,4.05,5350,175308800,57.278,hit,39.456,71.778,0.442502,74051.668,3.899324,711612,0,damle-compute-01
300000000,c4_en,2027,role_depth_v3,4.00,6150,201523200,54.574,hit,45.356,71.778,0.442502,74051.668,3.899324,711612,0,damle-compute-01
300000000,c4_en,2027,role_depth_v4,4.40,2250,73728000,81.361,hit,15.010,64.467,0.400259,81866.891,3.893160,712418,0,zabih-compute-01
300000000,c4_en,2027,role_depth_v4,4.30,2850,93388800,73.657,hit,19.012,64.467,0.400259,81866.891,3.893160,712418,0,zabih-compute-01
300000000,c4_en,2027,role_depth_v4,4.20,3650,119603200,66.358,hit,24.349,64.467,0.400259,81866.891,3.893160,712418,0,zabih-compute-01
300000000,c4_en,2027,role_depth_v4,4.10,4700,154009600,60.055,hit,31.354,64.467,0.400259,81866.891,3.893160,712418,0,zabih-compute-01
300000000,c4_en,2027,role_depth_v4,4.05,5350,175308800,57.296,hit,35.690,64.467,0.400259,81866.891,3.893160,712418,0,zabih-compute-01
300000000,c4_en,2027,role_depth_v4,4.00,6150,201523200,54.487,hit,41.027,64.467,0.400259,81866.891,3.893160,712418,0,zabih-compute-01
300000000,c4_en,2027,role_depth_v5,4.40,2200,72089600,81.366,hit,16.995,74.593,0.463497,70697.384,3.891941,749385,0,damle-compute-01
300000000,c4_en,2027,role_depth_v5,4.30,2950,96665600,73.166,hit,22.789,74.593,0.463497,70697.384,3.891941,749385,0,damle-compute-01
300000000,c4_en,2027,role_depth_v5,4.20,3650,119603200,66.622,hit,28.196,74.593,0.463497,70697.384,3.891941,749385,0,damle-compute-01
300000000,c4_en,2027,role_depth_v5,4.10,4700,154009600,60.264,hit,36.307,74.593,0.463497,70697.384,3.891941,749385,0,damle-compute-01
300000000,c4_en,2027,role_depth_v5,4.05,5350,175308800,57.280,hit,41.328,74.593,0.463497,70697.384,3.891941,749385,0,damle-compute-01
300000000,c4_en,2027,role_depth_v5,4.00,6150,201523200,54.472,hit,47.508,74.593,0.463497,70697.384,3.891941,749385,0,damle-compute-01
300000000,c4_en,2027,role_depth_v6,4.40,2250,73728000,81.228,hit,15.298,65.634,0.407941,80325.399,3.897170,749400,0,elor-compute-01
300000000,c4_en,2027,role_depth_v6,4.30,2850,93388800,73.441,hit,19.377,65.634,0.407941,80325.399,3.897170,749400,0,elor-compute-01
300000000,c4_en,2027,role_depth_v6,4.20,3600,117964800,66.563,hit,24.476,65.634,0.407941,80325.399,3.897170,749400,0,elor-compute-01
300000000,c4_en,2027,role_depth_v6,4.10,4650,152371200,60.278,hit,31.615,65.634,0.407941,80325.399,3.897170,749400,0,elor-compute-01
300000000,c4_en,2027,role_depth_v6,4.05,5300,173670400,57.389,hit,36.035,65.634,0.407941,80325.399,3.897170,749400,0,elor-compute-01
300000000,c4_en,2027,role_depth_v6,4.00,6150,201523200,54.475,hit,41.814,65.634,0.407941,80325.399,3.897170,749400,0,elor-compute-01
300000000,c4_en,3407,full,4.40,2050,67174400,80.988,hit,13.216,62.489,0.386822,84710.784,3.866602,,,
300000000,c4_en,3407,full,4.30,2700,88473600,73.497,hit,17.407,62.489,0.386822,84710.784,3.866602,,,
300000000,c4_en,3407,full,4.20,3500,114688000,66.416,hit,22.565,62.489,0.386822,84710.784,3.866602,,,
300000000,c4_en,3407,full,4.10,4500,147456000,60.148,hit,29.012,62.489,0.386822,84710.784,3.866602,,,
300000000,c4_en,3407,full,4.05,5100,167116800,57.155,hit,32.880,62.489,0.386822,84710.784,3.866602,,,
300000000,c4_en,3407,full,4.00,5800,190054400,54.442,hit,37.393,62.489,0.386822,84710.784,3.866602,,,
300000000,c4_en,3407,no_role_depth,4.40,2150,70451200,81.175,hit,15.804,71.045,0.441035,74297.984,3.870083,567329,0,ellis-compute-02
300000000,c4_en,3407,no_role_depth,4.30,2650,86835200,73.645,hit,19.479,71.045,0.441035,74297.984,3.870083,567329,0,ellis-compute-02
300000000,c4_en,3407,no_role_depth,4.20,3450,113049600,66.162,hit,25.360,71.045,0.441035,74297.984,3.870083,567329,0,ellis-compute-02
300000000,c4_en,3407,no_role_depth,4.10,4400,144179200,60.188,hit,32.343,71.045,0.441035,74297.984,3.870083,567329,0,ellis-compute-02
300000000,c4_en,3407,no_role_depth,4.05,5000,163840000,57.372,hit,36.753,71.045,0.441035,74297.984,3.870083,567329,0,ellis-compute-02
300000000,c4_en,3407,no_role_depth,4.00,5750,188416000,54.548,hit,42.266,71.045,0.441035,74297.984,3.870083,567329,0,ellis-compute-02
300000000,c4_en,3407,role_depth_v2,4.40,2050,67174400,81.255,hit,19.654,93.120,0.575240,56964.045,3.866915,676321,0,ellis-compute-02
300000000,c4_en,3407,role_depth_v2,4.30,2700,88473600,73.632,hit,25.886,93.120,0.575240,56964.045,3.866915,676321,0,ellis-compute-02
300000000,c4_en,3407,role_depth_v2,4.20,3500,114688000,66.647,hit,33.556,93.120,0.575240,56964.045,3.866915,676321,0,ellis-compute-02
300000000,c4_en,3407,role_depth_v2,4.10,4500,147456000,60.142,hit,43.143,93.120,0.575240,56964.045,3.866915,676321,0,ellis-compute-02
300000000,c4_en,3407,role_depth_v2,4.05,5100,167116800,57.185,hit,48.895,93.120,0.575240,56964.045,3.866915,676321,0,ellis-compute-02
300000000,c4_en,3407,role_depth_v2,4.00,5800,190054400,54.401,hit,55.607,93.120,0.575240,56964.045,3.866915,676321,0,ellis-compute-02
300000000,c4_en,3407,role_depth_v3,4.40,2150,70451200,81.005,hit,16.162,72.559,0.451036,72650.494,3.872825,711819,0,badfellow
300000000,c4_en,3407,role_depth_v3,4.30,2700,88473600,73.305,hit,20.297,72.559,0.451036,72650.494,3.872825,711819,0,badfellow
300000000,c4_en,3407,role_depth_v3,4.20,3450,113049600,66.424,hit,25.935,72.559,0.451036,72650.494,3.872825,711819,0,badfellow
300000000,c4_en,3407,role_depth_v3,4.10,4450,145817600,60.196,hit,33.452,72.559,0.451036,72650.494,3.872825,711819,0,badfellow
300000000,c4_en,3407,role_depth_v3,4.05,5100,167116800,57.108,hit,38.338,72.559,0.451036,72650.494,3.872825,711819,0,badfellow
300000000,c4_en,3407,role_depth_v3,4.00,5800,190054400,54.430,hit,43.600,72.559,0.451036,72650.494,3.872825,711819,0,badfellow
300000000,c4_en,3407,role_depth_v4,4.40,2150,70451200,81.149,hit,13.719,61.781,0.382862,85586.968,3.867175,707311,0,elor-compute-01
300000000,c4_en,3407,role_depth_v4,4.30,2700,88473600,73.378,hit,17.229,61.781,0.382862,85586.968,3.867175,707311,0,elor-compute-01
300000000,c4_en,3407,role_depth_v4,4.20,3450,113049600,66.386,hit,22.015,61.781,0.382862,85586.968,3.867175,707311,0,elor-compute-01
300000000,c4_en,3407,role_depth_v4,4.10,4450,145817600,60.156,hit,28.396,61.781,0.382862,85586.968,3.867175,707311,0,elor-compute-01
300000000,c4_en,3407,role_depth_v4,4.05,5050,165478400,57.247,hit,32.224,61.781,0.382862,85586.968,3.867175,707311,0,elor-compute-01
300000000,c4_en,3407,role_depth_v4,4.00,5800,190054400,54.355,hit,37.010,61.781,0.382862,85586.968,3.867175,707311,0,elor-compute-01
300000000,c4_en,3407,role_depth_v5,4.40,2100,68812800,80.684,hit,15.593,71.417,0.445526,73549.097,3.865911,749386,1,rush-compute-02
300000000,c4_en,3407,role_depth_v5,4.30,2750,90112000,73.498,hit,20.420,71.417,0.445526,73549.097,3.865911,749386,1,rush-compute-02
300000000,c4_en,3407,role_depth_v5,4.20,3500,114688000,66.281,hit,25.989,71.417,0.445526,73549.097,3.865911,749386,1,rush-compute-02
300000000,c4_en,3407,role_depth_v5,4.10,4500,147456000,60.081,hit,33.414,71.417,0.445526,73549.097,3.865911,749386,1,rush-compute-02
300000000,c4_en,3407,role_depth_v5,4.05,5100,167116800,57.087,hit,37.870,71.417,0.445526,73549.097,3.865911,749386,1,rush-compute-02
300000000,c4_en,3407,role_depth_v5,4.00,5800,190054400,54.310,hit,43.067,71.417,0.445526,73549.097,3.865911,749386,1,rush-compute-02
300000000,c4_en,3407,role_depth_v6,4.40,2100,68812800,81.344,hit,16.448,75.419,0.469930,69729.595,3.868367,749312,0,damle-compute-01
300000000,c4_en,3407,role_depth_v6,4.30,2700,88473600,73.390,hit,21.147,75.419,0.469930,69729.595,3.868367,749312,0,damle-compute-01
300000000,c4_en,3407,role_depth_v6,4.20,3400,111411200,66.632,hit,26.629,75.419,0.469930,69729.595,3.868367,749312,0,damle-compute-01
300000000,c4_en,3407,role_depth_v6,4.10,4400,144179200,60.027,hit,34.462,75.419,0.469930,69729.595,3.868367,749312,0,damle-compute-01
300000000,c4_en,3407,role_depth_v6,4.05,5000,163840000,57.138,hit,39.161,75.419,0.469930,69729.595,3.868367,749312,0,damle-compute-01
300000000,c4_en,3407,role_depth_v6,4.00,5700,186777600,54.511,hit,44.643,75.419,0.469930,69729.595,3.868367,749312,0,damle-compute-01
