task,seed,method,step,loss,lr,seconds_per_step
fineweb,1337,SiLU+AdamW,1,10.981408,0.000001,1.351085
fineweb,1337,SiLU+AdamW,10,10.859776,0.000015,0.693234
fineweb,1337,SiLU+AdamW,20,10.181657,0.000030,0.623580
fineweb,1337,SiLU+AdamW,30,9.578909,0.000045,0.624449
fineweb,1337,SiLU+AdamW,40,9.239132,0.000060,0.622089
fineweb,1337,SiLU+AdamW,50,8.813854,0.000075,0.621700
fineweb,1337,SiLU+AdamW,60,8.370078,0.000090,0.619996
fineweb,1337,SiLU+AdamW,70,7.983789,0.000105,0.621795
fineweb,1337,SiLU+AdamW,80,7.724812,0.000120,0.621393
fineweb,1337,SiLU+AdamW,90,7.575295,0.000135,0.621485
fineweb,1337,SiLU+AdamW,100,7.442257,0.000150,0.619972
fineweb,1337,SiLU+AdamW,110,7.283746,0.000165,0.621467
fineweb,1337,SiLU+AdamW,120,7.195307,0.000180,0.621347
fineweb,1337,SiLU+AdamW,130,7.065533,0.000195,0.619425
fineweb,1337,SiLU+AdamW,140,6.940978,0.000210,0.624778
fineweb,1337,SiLU+AdamW,150,6.820668,0.000225,0.624299
fineweb,1337,SiLU+AdamW,160,6.744295,0.000240,0.623104
fineweb,1337,SiLU+AdamW,170,6.621566,0.000255,0.622587
fineweb,1337,SiLU+AdamW,180,6.587714,0.000270,0.623980
fineweb,1337,SiLU+AdamW,190,6.509966,0.000285,0.625842
fineweb,1337,SiLU+AdamW,200,6.439613,0.000300,0.623028
fineweb,1337,SiLU+AdamW,210,6.356875,0.000300,0.619726
fineweb,1337,SiLU+AdamW,220,6.309047,0.000300,0.621338
fineweb,1337,SiLU+AdamW,230,6.273680,0.000300,0.623482
fineweb,1337,SiLU+AdamW,240,6.242277,0.000300,0.618290
fineweb,1337,SiLU+AdamW,250,6.158824,0.000300,0.618809
fineweb,1337,SiLU+AdamW,260,6.115992,0.000300,0.621195
fineweb,1337,SiLU+AdamW,270,6.105872,0.000300,0.618409
fineweb,1337,SiLU+AdamW,280,6.039811,0.000299,0.617614
fineweb,1337,SiLU+AdamW,290,6.042729,0.000299,0.621828
fineweb,1337,SiLU+AdamW,300,5.979767,0.000299,0.626060
fineweb,1337,SiLU+AdamW,310,5.959637,0.000299,0.627542
fineweb,1337,SiLU+AdamW,320,5.928414,0.000299,0.627989
fineweb,1337,SiLU+AdamW,330,5.866228,0.000299,0.624335
fineweb,1337,SiLU+AdamW,340,5.869834,0.000298,0.624318
fineweb,1337,SiLU+AdamW,350,5.857204,0.000298,0.624587
fineweb,1337,SiLU+AdamW,360,5.827813,0.000298,0.621879
fineweb,1337,SiLU+AdamW,370,5.784129,0.000298,0.623992
fineweb,1337,SiLU+AdamW,380,5.780262,0.000297,0.618791
fineweb,1337,SiLU+AdamW,390,5.729145,0.000297,0.619779
fineweb,1337,SiLU+AdamW,400,5.687828,0.000297,0.618579
fineweb,1337,SiLU+AdamW,410,5.703549,0.000296,0.620886
fineweb,1337,SiLU+AdamW,420,5.707433,0.000296,0.618654
fineweb,1337,SiLU+AdamW,430,5.671102,0.000296,0.619047
fineweb,1337,SiLU+AdamW,440,5.644832,0.000295,0.616624
fineweb,1337,SiLU+AdamW,450,5.630713,0.000295,0.617210
fineweb,1337,SiLU+AdamW,460,5.621167,0.000295,0.619318
fineweb,1337,SiLU+AdamW,470,5.583930,0.000294,0.618290
fineweb,1337,SiLU+AdamW,480,5.583949,0.000294,0.622147
fineweb,1337,SiLU+AdamW,490,5.547425,0.000293,0.622786
fineweb,1337,SiLU+AdamW,500,5.566040,0.000293,0.622205
fineweb,1337,SiLU+AdamW,510,5.519317,0.000292,0.625820
fineweb,1337,SiLU+AdamW,520,5.530086,0.000292,0.622868
fineweb,1337,SiLU+AdamW,530,5.476689,0.000291,0.622466
fineweb,1337,SiLU+AdamW,540,5.445358,0.000291,0.621036
fineweb,1337,SiLU+AdamW,550,5.461466,0.000290,0.624309
fineweb,1337,SiLU+AdamW,560,5.488274,0.000290,0.619916
fineweb,1337,SiLU+AdamW,570,5.466480,0.000289,0.620722
fineweb,1337,SiLU+AdamW,580,5.426208,0.000288,0.618815
fineweb,1337,SiLU+AdamW,590,5.414393,0.000288,0.617813
fineweb,1337,SiLU+AdamW,600,5.399503,0.000287,0.622026
fineweb,1337,SiLU+AdamW,610,5.386495,0.000287,0.619925
fineweb,1337,SiLU+AdamW,620,5.348508,0.000286,0.622557
fineweb,1337,SiLU+AdamW,630,5.356600,0.000285,0.622811
fineweb,1337,SiLU+AdamW,640,5.361879,0.000284,0.621453
fineweb,1337,SiLU+AdamW,650,5.319529,0.000284,0.619230
fineweb,1337,SiLU+AdamW,660,5.318587,0.000283,0.620675
fineweb,1337,SiLU+AdamW,670,5.309429,0.000282,0.624950
fineweb,1337,SiLU+AdamW,680,5.316333,0.000282,0.623122
fineweb,1337,SiLU+AdamW,690,5.303616,0.000281,0.621034
fineweb,1337,SiLU+AdamW,700,5.262579,0.000280,0.621218
fineweb,1337,SiLU+AdamW,710,5.310940,0.000279,0.621635
fineweb,1337,SiLU+AdamW,720,5.262106,0.000279,0.623709
fineweb,1337,SiLU+AdamW,730,5.275650,0.000278,0.622599
fineweb,1337,SiLU+AdamW,740,5.263156,0.000277,0.621141
fineweb,1337,SiLU+AdamW,750,5.245276,0.000276,0.620140
fineweb,1337,SiLU+AdamW,760,5.233079,0.000275,0.619827
fineweb,1337,SiLU+AdamW,770,5.232802,0.000274,0.620745
fineweb,1337,SiLU+AdamW,780,5.223857,0.000273,0.620431
fineweb,1337,SiLU+AdamW,790,5.189110,0.000273,0.624797
fineweb,1337,SiLU+AdamW,800,5.203273,0.000272,0.621625
fineweb,1337,SiLU+AdamW,810,5.182391,0.000271,0.619174
fineweb,1337,SiLU+AdamW,820,5.152845,0.000270,0.618446
fineweb,1337,SiLU+AdamW,830,5.158751,0.000269,0.619668
fineweb,1337,SiLU+AdamW,840,5.155452,0.000268,0.618693
fineweb,1337,SiLU+AdamW,850,5.147648,0.000267,0.620600
fineweb,1337,SiLU+AdamW,860,5.147327,0.000266,0.622326
fineweb,1337,SiLU+AdamW,870,5.118080,0.000265,0.621495
fineweb,1337,SiLU+AdamW,880,5.089363,0.000264,0.622698
fineweb,1337,SiLU+AdamW,890,5.095958,0.000263,0.622443
fineweb,1337,SiLU+AdamW,900,5.074303,0.000262,0.620820
fineweb,1337,SiLU+AdamW,910,5.084646,0.000261,0.622155
fineweb,1337,SiLU+AdamW,920,5.070537,0.000260,0.621629
fineweb,1337,SiLU+AdamW,930,5.054673,0.000259,0.617339
fineweb,1337,SiLU+AdamW,940,5.080318,0.000258,0.617400
fineweb,1337,SiLU+AdamW,950,5.041536,0.000257,0.619493
fineweb,1337,SiLU+AdamW,960,5.050798,0.000255,0.623496
fineweb,1337,SiLU+AdamW,970,5.030908,0.000254,0.623880
fineweb,1337,SiLU+AdamW,980,5.036545,0.000253,0.623421
fineweb,1337,SiLU+AdamW,990,5.029916,0.000252,0.619289
fineweb,1337,SiLU+AdamW,1000,5.004694,0.000251,0.620167
fineweb,1337,SiLU+AdamW,1010,4.991346,0.000250,0.619532
fineweb,1337,SiLU+AdamW,1020,4.988891,0.000249,0.621078
fineweb,1337,SiLU+AdamW,1030,5.008354,0.000247,0.621117
fineweb,1337,SiLU+AdamW,1040,4.993591,0.000246,0.622902
fineweb,1337,SiLU+AdamW,1050,4.962774,0.000245,0.621873
fineweb,1337,SiLU+AdamW,1060,4.969408,0.000244,0.621098
fineweb,1337,SiLU+AdamW,1070,4.952156,0.000243,0.622236
fineweb,1337,SiLU+AdamW,1080,4.928708,0.000241,0.622157
fineweb,1337,SiLU+AdamW,1090,4.962064,0.000240,0.620056
fineweb,1337,SiLU+AdamW,1100,4.931483,0.000239,0.622547
fineweb,1337,SiLU+AdamW,1110,4.942626,0.000238,0.623478
fineweb,1337,SiLU+AdamW,1120,4.925145,0.000236,0.624566
fineweb,1337,SiLU+AdamW,1130,4.930049,0.000235,0.625973
fineweb,1337,SiLU+AdamW,1140,4.903663,0.000234,0.623746
fineweb,1337,SiLU+AdamW,1150,4.897785,0.000233,0.625110
fineweb,1337,SiLU+AdamW,1160,4.903883,0.000231,0.622572
fineweb,1337,SiLU+AdamW,1170,4.898247,0.000230,0.618744
fineweb,1337,SiLU+AdamW,1180,4.895837,0.000229,0.618400
fineweb,1337,SiLU+AdamW,1190,4.901414,0.000227,0.617974
fineweb,1337,SiLU+AdamW,1200,4.902637,0.000226,0.619942
fineweb,1337,SiLU+AdamW,1210,4.852762,0.000225,0.616526
fineweb,1337,SiLU+AdamW,1220,4.870373,0.000223,0.620732
fineweb,1337,SiLU+AdamW,1230,4.846274,0.000222,0.623081
fineweb,1337,SiLU+AdamW,1240,4.853165,0.000221,0.618355
fineweb,1337,SiLU+AdamW,1250,4.836761,0.000219,0.617772
fineweb,1337,SiLU+AdamW,1260,4.831699,0.000218,0.619103
fineweb,1337,SiLU+AdamW,1270,4.832111,0.000217,0.623681
fineweb,1337,SiLU+AdamW,1280,4.826910,0.000215,0.624917
fineweb,1337,SiLU+AdamW,1290,4.840927,0.000214,0.621231
fineweb,1337,SiLU+AdamW,1300,4.800351,0.000212,0.622225
fineweb,1337,SiLU+AdamW,1310,4.815477,0.000211,0.624322
fineweb,1337,SiLU+AdamW,1320,4.787067,0.000210,0.619163
fineweb,1337,SiLU+AdamW,1330,4.767063,0.000208,0.618088
fineweb,1337,SiLU+AdamW,1340,4.776859,0.000207,0.619129
fineweb,1337,SiLU+AdamW,1350,4.814934,0.000205,0.621392
fineweb,1337,SiLU+AdamW,1360,4.781263,0.000204,0.620773
fineweb,1337,SiLU+AdamW,1370,4.759578,0.000203,0.623049
fineweb,1337,SiLU+AdamW,1380,4.777913,0.000201,0.622395
fineweb,1337,SiLU+AdamW,1390,4.769140,0.000200,0.617877
fineweb,1337,SiLU+AdamW,1400,4.737261,0.000198,0.619968
fineweb,1337,SiLU+AdamW,1410,4.751524,0.000197,0.622882
fineweb,1337,SiLU+AdamW,1420,4.743505,0.000195,0.617996
fineweb,1337,SiLU+AdamW,1430,4.759266,0.000194,0.617910
fineweb,1337,SiLU+AdamW,1440,4.736274,0.000192,0.621801
fineweb,1337,SiLU+AdamW,1450,4.723699,0.000191,0.621943
fineweb,1337,SiLU+AdamW,1460,4.732415,0.000190,0.620399
fineweb,1337,SiLU+AdamW,1470,4.729872,0.000188,0.623888
fineweb,1337,SiLU+AdamW,1480,4.730835,0.000187,0.621568
fineweb,1337,SiLU+AdamW,1490,4.715365,0.000185,0.622388
fineweb,1337,SiLU+AdamW,1500,4.709002,0.000184,0.618451
fineweb,1337,SiLU+AdamW,1510,4.700587,0.000182,0.621646
fineweb,1337,SiLU+AdamW,1520,4.708802,0.000181,0.622413
fineweb,1337,SiLU+AdamW,1530,4.715115,0.000179,0.621416
fineweb,1337,SiLU+AdamW,1540,4.690724,0.000178,0.621514
fineweb,1337,SiLU+AdamW,1550,4.688983,0.000176,0.620581
fineweb,1337,SiLU+AdamW,1560,4.680402,0.000175,0.623307
fineweb,1337,SiLU+AdamW,1570,4.683859,0.000173,0.621718
fineweb,1337,SiLU+AdamW,1580,4.681115,0.000172,0.621797
fineweb,1337,SiLU+AdamW,1590,4.654717,0.000170,0.622358
fineweb,1337,SiLU+AdamW,1600,4.644584,0.000169,0.626102
fineweb,1337,SiLU+AdamW,1610,4.658153,0.000167,0.624305
fineweb,1337,SiLU+AdamW,1620,4.660805,0.000166,0.624927
fineweb,1337,SiLU+AdamW,1630,4.641008,0.000164,0.625385
fineweb,1337,SiLU+AdamW,1640,4.650490,0.000163,0.624172
fineweb,1337,SiLU+AdamW,1650,4.648872,0.000161,0.622948
fineweb,1337,SiLU+AdamW,1660,4.661156,0.000160,0.623003
fineweb,1337,SiLU+AdamW,1670,4.634313,0.000158,0.620518
fineweb,1337,SiLU+AdamW,1680,4.648232,0.000157,0.617555
fineweb,1337,SiLU+AdamW,1690,4.638646,0.000155,0.619493
fineweb,1337,SiLU+AdamW,1700,4.643646,0.000154,0.619413
fineweb,1337,SiLU+AdamW,1710,4.627987,0.000153,0.624014
fineweb,1337,SiLU+AdamW,1720,4.624133,0.000151,0.622136
fineweb,1337,SiLU+AdamW,1730,4.598948,0.000150,0.620489
fineweb,1337,SiLU+AdamW,1740,4.617401,0.000148,0.622884
fineweb,1337,SiLU+AdamW,1750,4.628173,0.000147,0.619080
fineweb,1337,SiLU+AdamW,1760,4.589690,0.000145,0.623460
fineweb,1337,SiLU+AdamW,1770,4.603047,0.000144,0.626121
fineweb,1337,SiLU+AdamW,1780,4.628382,0.000142,0.624193
fineweb,1337,SiLU+AdamW,1790,4.579882,0.000141,0.623936
fineweb,1337,SiLU+AdamW,1800,4.598062,0.000139,0.619567
fineweb,1337,SiLU+AdamW,1810,4.587949,0.000138,0.622191
fineweb,1337,SiLU+AdamW,1820,4.596090,0.000136,0.622022
fineweb,1337,SiLU+AdamW,1830,4.583031,0.000135,0.622517
fineweb,1337,SiLU+AdamW,1840,4.559881,0.000133,0.621042
fineweb,1337,SiLU+AdamW,1850,4.602466,0.000132,0.619739
fineweb,1337,SiLU+AdamW,1860,4.553847,0.000131,0.624583
fineweb,1337,SiLU+AdamW,1870,4.566679,0.000129,0.623193
fineweb,1337,SiLU+AdamW,1880,4.570444,0.000128,0.622304
fineweb,1337,SiLU+AdamW,1890,4.576059,0.000126,0.621020
fineweb,1337,SiLU+AdamW,1900,4.594410,0.000125,0.622991
fineweb,1337,SiLU+AdamW,1910,4.589407,0.000123,0.622840
fineweb,1337,SiLU+AdamW,1920,4.572465,0.000122,0.623027
fineweb,1337,SiLU+AdamW,1930,4.561817,0.000121,0.625848
fineweb,1337,SiLU+AdamW,1940,4.542354,0.000119,0.625914
fineweb,1337,SiLU+AdamW,1950,4.572420,0.000118,0.629735
fineweb,1337,SiLU+AdamW,1960,4.561170,0.000116,0.627074
fineweb,1337,SiLU+AdamW,1970,4.588761,0.000115,0.625401
fineweb,1337,SiLU+AdamW,1980,4.535385,0.000114,0.622390
fineweb,1337,SiLU+AdamW,1990,4.539964,0.000112,0.620699
fineweb,1337,SiLU+AdamW,2000,4.533813,0.000111,0.622458
fineweb,1337,SiLU+AdamW,2010,4.545358,0.000110,0.623593
fineweb,1337,SiLU+AdamW,2020,4.551912,0.000108,0.622871
fineweb,1337,SiLU+AdamW,2030,4.539336,0.000107,0.623930
fineweb,1337,SiLU+AdamW,2040,4.548482,0.000106,0.621722
fineweb,1337,SiLU+AdamW,2050,4.547692,0.000104,0.620178
fineweb,1337,SiLU+AdamW,2060,4.512645,0.000103,0.621372
fineweb,1337,SiLU+AdamW,2070,4.524394,0.000102,0.623934
fineweb,1337,SiLU+AdamW,2080,4.520888,0.000100,0.625281
fineweb,1337,SiLU+AdamW,2090,4.519704,0.000099,0.626646
fineweb,1337,SiLU+AdamW,2100,4.527079,0.000098,0.625839
fineweb,1337,SiLU+AdamW,2110,4.510869,0.000096,0.625312
fineweb,1337,SiLU+AdamW,2120,4.494578,0.000095,0.622395
fineweb,1337,SiLU+AdamW,2130,4.515166,0.000094,0.619289
fineweb,1337,SiLU+AdamW,2140,4.534541,0.000093,0.616417
fineweb,1337,SiLU+AdamW,2150,4.510829,0.000091,0.617420
fineweb,1337,SiLU+AdamW,2160,4.517543,0.000090,0.616746
fineweb,1337,SiLU+AdamW,2170,4.498743,0.000089,0.617345
fineweb,1337,SiLU+AdamW,2180,4.564895,0.000088,0.619837
fineweb,1337,SiLU+AdamW,2190,4.508524,0.000086,0.624386
fineweb,1337,SiLU+AdamW,2200,4.506630,0.000085,0.620381
fineweb,1337,SiLU+AdamW,2210,4.494721,0.000084,0.621778
fineweb,1337,SiLU+AdamW,2220,4.477191,0.000083,0.622769
fineweb,1337,SiLU+AdamW,2230,4.518731,0.000082,0.621710
fineweb,1337,SiLU+AdamW,2240,4.493149,0.000080,0.620230
fineweb,1337,SiLU+AdamW,2250,4.486043,0.000079,0.621456
fineweb,1337,SiLU+AdamW,2260,4.493928,0.000078,0.623261
fineweb,1337,SiLU+AdamW,2270,4.482170,0.000077,0.622201
fineweb,1337,SiLU+AdamW,2280,4.505322,0.000076,0.620345
fineweb,1337,SiLU+AdamW,2290,4.466740,0.000075,0.618608
fineweb,1337,SiLU+AdamW,2300,4.474746,0.000074,0.619687
fineweb,1337,SiLU+AdamW,2310,4.471378,0.000073,0.620487
fineweb,1337,SiLU+AdamW,2320,4.469245,0.000072,0.618980
fineweb,1337,SiLU+AdamW,2330,4.479779,0.000070,0.621963
fineweb,1337,SiLU+AdamW,2340,4.486914,0.000069,0.622534
fineweb,1337,SiLU+AdamW,2350,4.484066,0.000068,0.623466
fineweb,1337,SiLU+AdamW,2360,4.461889,0.000067,0.619740
fineweb,1337,SiLU+AdamW,2370,4.480756,0.000066,0.618814
fineweb,1337,SiLU+AdamW,2380,4.478622,0.000065,0.622371
fineweb,1337,SiLU+AdamW,2390,4.469062,0.000064,0.619228
fineweb,1337,SiLU+AdamW,2400,4.443966,0.000063,0.617543
fineweb,1337,SiLU+AdamW,2410,4.466437,0.000062,0.618301
fineweb,1337,SiLU+AdamW,2420,4.440897,0.000061,0.621328
fineweb,1337,SiLU+AdamW,2430,4.448756,0.000060,0.622256
fineweb,1337,SiLU+AdamW,2440,4.451995,0.000059,0.620730
fineweb,1337,SiLU+AdamW,2450,4.448635,0.000059,0.619138
fineweb,1337,SiLU+AdamW,2460,4.448696,0.000058,0.619519
fineweb,1337,SiLU+AdamW,2470,4.450129,0.000057,0.621388
fineweb,1337,SiLU+AdamW,2480,4.454206,0.000056,0.619053
fineweb,1337,SiLU+AdamW,2490,4.449119,0.000055,0.619072
fineweb,1337,SiLU+AdamW,2500,4.415711,0.000054,0.623306
fineweb,1337,SiLU+AdamW,2510,4.442762,0.000053,0.623616
fineweb,1337,SiLU+AdamW,2520,4.462507,0.000052,0.623339
fineweb,1337,SiLU+AdamW,2530,4.451435,0.000052,0.623545
fineweb,1337,SiLU+AdamW,2540,4.414714,0.000051,0.621836
fineweb,1337,SiLU+AdamW,2550,4.444049,0.000050,0.618598
fineweb,1337,SiLU+AdamW,2560,4.451309,0.000049,0.617556
fineweb,1337,SiLU+AdamW,2570,4.448331,0.000049,0.617565
fineweb,1337,SiLU+AdamW,2580,4.453926,0.000048,0.622249
fineweb,1337,SiLU+AdamW,2590,4.440193,0.000047,0.622478
fineweb,1337,SiLU+AdamW,2600,4.434758,0.000046,0.624892
fineweb,1337,SiLU+AdamW,2610,4.400573,0.000046,0.619741
fineweb,1337,SiLU+AdamW,2620,4.431514,0.000045,0.621131
fineweb,1337,SiLU+AdamW,2630,4.401068,0.000044,0.622466
fineweb,1337,SiLU+AdamW,2640,4.419341,0.000044,0.617424
fineweb,1337,SiLU+AdamW,2650,4.414118,0.000043,0.620307
fineweb,1337,SiLU+AdamW,2660,4.405194,0.000042,0.619815
fineweb,1337,SiLU+AdamW,2670,4.423924,0.000042,0.621306
fineweb,1337,SiLU+AdamW,2680,4.395202,0.000041,0.622198
fineweb,1337,SiLU+AdamW,2690,4.415962,0.000041,0.621740
fineweb,1337,SiLU+AdamW,2700,4.421600,0.000040,0.616706
fineweb,1337,SiLU+AdamW,2710,4.413719,0.000039,0.616274
fineweb,1337,SiLU+AdamW,2720,4.408807,0.000039,0.616933
fineweb,1337,SiLU+AdamW,2730,4.409147,0.000038,0.617775
fineweb,1337,SiLU+AdamW,2740,4.406673,0.000038,0.620253
fineweb,1337,SiLU+AdamW,2750,4.419300,0.000037,0.623500
fineweb,1337,SiLU+AdamW,2760,4.408552,0.000037,0.627350
fineweb,1337,SiLU+AdamW,2770,4.418148,0.000036,0.622540
fineweb,1337,SiLU+AdamW,2780,4.415426,0.000036,0.623544
fineweb,1337,SiLU+AdamW,2790,4.411127,0.000036,0.619890
fineweb,1337,SiLU+AdamW,2800,4.419127,0.000035,0.621130
fineweb,1337,SiLU+AdamW,2810,4.413101,0.000035,0.621556
fineweb,1337,SiLU+AdamW,2820,4.422609,0.000034,0.623256
fineweb,1337,SiLU+AdamW,2830,4.388334,0.000034,0.622538
fineweb,1337,SiLU+AdamW,2840,4.403831,0.000034,0.623802
fineweb,1337,SiLU+AdamW,2850,4.407930,0.000033,0.622891
fineweb,1337,SiLU+AdamW,2860,4.401011,0.000033,0.619711
fineweb,1337,SiLU+AdamW,2870,4.398708,0.000033,0.618270
fineweb,1337,SiLU+AdamW,2880,4.406291,0.000032,0.618275
fineweb,1337,SiLU+AdamW,2890,4.386477,0.000032,0.617377
fineweb,1337,SiLU+AdamW,2900,4.388772,0.000032,0.621512
fineweb,1337,SiLU+AdamW,2910,4.421510,0.000032,0.622241
fineweb,1337,SiLU+AdamW,2920,4.405242,0.000031,0.624698
fineweb,1337,SiLU+AdamW,2930,4.364818,0.000031,0.620739
fineweb,1337,SiLU+AdamW,2940,4.421272,0.000031,0.619216
fineweb,1337,SiLU+AdamW,2950,4.376060,0.000031,0.618382
fineweb,1337,SiLU+AdamW,2960,4.414794,0.000031,0.617681
fineweb,1337,SiLU+AdamW,2970,4.397051,0.000031,0.620322
fineweb,1337,SiLU+AdamW,2980,4.370608,0.000030,0.620265
fineweb,1337,SiLU+AdamW,2990,4.399364,0.000030,0.623685
fineweb,1337,SiLU+AdamW,3000,4.414333,0.000030,0.622317
fineweb,1337,SiLU+AdamW,3010,4.373806,0.000030,0.624170
fineweb,1337,SiLU+AdamW,3020,4.385227,0.000030,0.622325
fineweb,1337,SiLU+AdamW,3030,4.412781,0.000030,0.621103
fineweb,1337,SiLU+AdamW,3040,4.404860,0.000030,0.621804
fineweb,1337,SiLU+AdamW,3050,4.396997,0.000030,0.621703
fineweb,1337,RLB+AdamW,1,10.991343,0.000001,2.762839
fineweb,1337,RLB+AdamW,10,10.670545,0.000015,1.631785
fineweb,1337,RLB+AdamW,20,9.886748,0.000030,1.509908
fineweb,1337,RLB+AdamW,30,9.486928,0.000045,1.510551
fineweb,1337,RLB+AdamW,40,9.163487,0.000060,1.509394
fineweb,1337,RLB+AdamW,50,8.720145,0.000075,1.509624
fineweb,1337,RLB+AdamW,60,8.247738,0.000090,1.508873
fineweb,1337,RLB+AdamW,70,7.819450,0.000105,1.514833
fineweb,1337,RLB+AdamW,80,7.540086,0.000120,1.508139
fineweb,1337,RLB+AdamW,90,7.397635,0.000135,1.508820
fineweb,1337,RLB+AdamW,100,7.287866,0.000150,1.508458
fineweb,1337,RLB+AdamW,110,7.134555,0.000165,1.505888
fineweb,1337,RLB+AdamW,120,7.047230,0.000180,1.504938
fineweb,1337,RLB+AdamW,130,6.931792,0.000195,1.509586
fineweb,1337,RLB+AdamW,140,6.821483,0.000210,1.505889
fineweb,1337,RLB+AdamW,150,6.718450,0.000225,1.504161
fineweb,1337,RLB+AdamW,160,6.648216,0.000240,1.506402
fineweb,1337,RLB+AdamW,170,6.540028,0.000255,1.507326
fineweb,1337,RLB+AdamW,180,6.524426,0.000270,1.505743
fineweb,1337,RLB+AdamW,190,6.440997,0.000285,1.506809
fineweb,1337,RLB+AdamW,200,6.384346,0.000300,1.504561
fineweb,1337,RLB+AdamW,210,6.311198,0.000300,1.504783
fineweb,1337,RLB+AdamW,220,6.264139,0.000300,1.505468
fineweb,1337,RLB+AdamW,230,6.227627,0.000300,1.506175
fineweb,1337,RLB+AdamW,240,6.202446,0.000300,1.502789
fineweb,1337,RLB+AdamW,250,6.120374,0.000300,1.504005
fineweb,1337,RLB+AdamW,260,6.081086,0.000300,1.508008
fineweb,1337,RLB+AdamW,270,6.069482,0.000300,1.507252
fineweb,1337,RLB+AdamW,280,6.007186,0.000299,1.505543
fineweb,1337,RLB+AdamW,290,6.012314,0.000299,1.506256
fineweb,1337,RLB+AdamW,300,5.949119,0.000299,1.503635
fineweb,1337,RLB+AdamW,310,5.931446,0.000299,1.500903
fineweb,1337,RLB+AdamW,320,5.897542,0.000299,1.503823
fineweb,1337,RLB+AdamW,330,5.839950,0.000299,1.505698
fineweb,1337,RLB+AdamW,340,5.843703,0.000298,1.505737
fineweb,1337,RLB+AdamW,350,5.833142,0.000298,1.506990
fineweb,1337,RLB+AdamW,360,5.805900,0.000298,1.502392
fineweb,1337,RLB+AdamW,370,5.761337,0.000298,1.499465
fineweb,1337,RLB+AdamW,380,5.758357,0.000297,1.502164
fineweb,1337,RLB+AdamW,390,5.704079,0.000297,1.508676
fineweb,1337,RLB+AdamW,400,5.666667,0.000297,1.510136
fineweb,1337,RLB+AdamW,410,5.681748,0.000296,1.491053
fineweb,1337,RLB+AdamW,420,5.683633,0.000296,1.492481
fineweb,1337,RLB+AdamW,430,5.648334,0.000296,1.493796
fineweb,1337,RLB+AdamW,440,5.623035,0.000295,1.499294
fineweb,1337,RLB+AdamW,450,5.608453,0.000295,1.506986
fineweb,1337,RLB+AdamW,460,5.596610,0.000295,1.498799
fineweb,1337,RLB+AdamW,470,5.558436,0.000294,1.492997
fineweb,1337,RLB+AdamW,480,5.559503,0.000294,1.492592
fineweb,1337,RLB+AdamW,490,5.522997,0.000293,1.493655
fineweb,1337,RLB+AdamW,500,5.543159,0.000293,1.498549
fineweb,1337,RLB+AdamW,510,5.495941,0.000292,1.495849
fineweb,1337,RLB+AdamW,520,5.501663,0.000292,1.497256
fineweb,1337,RLB+AdamW,530,5.453709,0.000291,1.496489
fineweb,1337,RLB+AdamW,540,5.423222,0.000291,1.502553
fineweb,1337,RLB+AdamW,550,5.435767,0.000290,1.500454
fineweb,1337,RLB+AdamW,560,5.464266,0.000290,1.491646
fineweb,1337,RLB+AdamW,570,5.440081,0.000289,1.501150
fineweb,1337,RLB+AdamW,580,5.403859,0.000288,1.509692
fineweb,1337,RLB+AdamW,590,5.388228,0.000288,1.507290
fineweb,1337,RLB+AdamW,600,5.371883,0.000287,1.507354
fineweb,1337,RLB+AdamW,610,5.361566,0.000287,1.505474
fineweb,1337,RLB+AdamW,620,5.321685,0.000286,1.507414
fineweb,1337,RLB+AdamW,630,5.330253,0.000285,1.506714
fineweb,1337,RLB+AdamW,640,5.334429,0.000284,1.507398
fineweb,1337,RLB+AdamW,650,5.296762,0.000284,1.509008
fineweb,1337,RLB+AdamW,660,5.293081,0.000283,1.508711
fineweb,1337,RLB+AdamW,670,5.284135,0.000282,1.507439
fineweb,1337,RLB+AdamW,680,5.291317,0.000282,1.507595
fineweb,1337,RLB+AdamW,690,5.280585,0.000281,1.504980
fineweb,1337,RLB+AdamW,700,5.234259,0.000280,1.505047
fineweb,1337,RLB+AdamW,710,5.286637,0.000279,1.506970
fineweb,1337,RLB+AdamW,720,5.238357,0.000279,1.508223
fineweb,1337,RLB+AdamW,730,5.249891,0.000278,1.503367
fineweb,1337,RLB+AdamW,740,5.236770,0.000277,1.505921
fineweb,1337,RLB+AdamW,750,5.218200,0.000276,1.504110
fineweb,1337,RLB+AdamW,760,5.205694,0.000275,1.501384
fineweb,1337,RLB+AdamW,770,5.208274,0.000274,1.507226
fineweb,1337,RLB+AdamW,780,5.201269,0.000273,1.506322
fineweb,1337,RLB+AdamW,790,5.163247,0.000273,1.504875
fineweb,1337,RLB+AdamW,800,5.178833,0.000272,1.506249
fineweb,1337,RLB+AdamW,810,5.158323,0.000271,1.505790
fineweb,1337,RLB+AdamW,820,5.127271,0.000270,1.504355
fineweb,1337,RLB+AdamW,830,5.133306,0.000269,1.503442
fineweb,1337,RLB+AdamW,840,5.128649,0.000268,1.507414
fineweb,1337,RLB+AdamW,850,5.123457,0.000267,1.507261
fineweb,1337,RLB+AdamW,860,5.122003,0.000266,1.494205
fineweb,1337,RLB+AdamW,870,5.092184,0.000265,1.509787
fineweb,1337,RLB+AdamW,880,5.063214,0.000264,1.508643
fineweb,1337,RLB+AdamW,890,5.069295,0.000263,1.508225
fineweb,1337,RLB+AdamW,900,5.047893,0.000262,1.509246
fineweb,1337,RLB+AdamW,910,5.059949,0.000261,1.505189
fineweb,1337,RLB+AdamW,920,5.044437,0.000260,1.506155
fineweb,1337,RLB+AdamW,930,5.028928,0.000259,1.503258
fineweb,1337,RLB+AdamW,940,5.054312,0.000258,1.504060
fineweb,1337,RLB+AdamW,950,5.011648,0.000257,1.499715
fineweb,1337,RLB+AdamW,960,5.023329,0.000255,1.494130
fineweb,1337,RLB+AdamW,970,5.005360,0.000254,1.494327
fineweb,1337,RLB+AdamW,980,5.009538,0.000253,1.502624
fineweb,1337,RLB+AdamW,990,5.003602,0.000252,1.497573
fineweb,1337,RLB+AdamW,1000,4.979534,0.000251,1.497934
fineweb,1337,RLB+AdamW,1010,4.966472,0.000250,1.502249
fineweb,1337,RLB+AdamW,1020,4.964144,0.000249,1.500461
fineweb,1337,RLB+AdamW,1030,4.983228,0.000247,1.496294
fineweb,1337,RLB+AdamW,1040,4.966713,0.000246,1.507108
fineweb,1337,RLB+AdamW,1050,4.934496,0.000245,1.503881
fineweb,1337,RLB+AdamW,1060,4.942794,0.000244,1.499309
fineweb,1337,RLB+AdamW,1070,4.921396,0.000243,1.498854
fineweb,1337,RLB+AdamW,1080,4.903457,0.000241,1.505849
fineweb,1337,RLB+AdamW,1090,4.935531,0.000240,1.505680
fineweb,1337,RLB+AdamW,1100,4.903892,0.000239,1.501271
fineweb,1337,RLB+AdamW,1110,4.915026,0.000238,1.493382
fineweb,1337,RLB+AdamW,1120,4.900723,0.000236,1.499188
fineweb,1337,RLB+AdamW,1130,4.905331,0.000235,1.499883
fineweb,1337,RLB+AdamW,1140,4.877970,0.000234,1.504277
fineweb,1337,RLB+AdamW,1150,4.871778,0.000233,1.506238
fineweb,1337,RLB+AdamW,1160,4.879702,0.000231,1.502338
fineweb,1337,RLB+AdamW,1170,4.872448,0.000230,1.504573
fineweb,1337,RLB+AdamW,1180,4.870690,0.000229,1.507986
fineweb,1337,RLB+AdamW,1190,4.874863,0.000227,1.507261
fineweb,1337,RLB+AdamW,1200,4.877228,0.000226,1.502095
fineweb,1337,RLB+AdamW,1210,4.828741,0.000225,1.507955
fineweb,1337,RLB+AdamW,1220,4.847108,0.000223,1.508508
fineweb,1337,RLB+AdamW,1230,4.821440,0.000222,1.505302
fineweb,1337,RLB+AdamW,1240,4.829655,0.000221,1.506163
fineweb,1337,RLB+AdamW,1250,4.811816,0.000219,1.504434
fineweb,1337,RLB+AdamW,1260,4.806111,0.000218,1.500113
fineweb,1337,RLB+AdamW,1270,4.810536,0.000217,1.500997
fineweb,1337,RLB+AdamW,1280,4.802573,0.000215,1.503664
fineweb,1337,RLB+AdamW,1290,4.817124,0.000214,1.502169
fineweb,1337,RLB+AdamW,1300,4.776427,0.000212,1.503995
fineweb,1337,RLB+AdamW,1310,4.789194,0.000211,1.500559
fineweb,1337,RLB+AdamW,1320,4.763600,0.000210,1.502310
fineweb,1337,RLB+AdamW,1330,4.741157,0.000208,1.501791
fineweb,1337,RLB+AdamW,1340,4.753060,0.000207,1.503748
fineweb,1337,RLB+AdamW,1350,4.790871,0.000205,1.504539
fineweb,1337,RLB+AdamW,1360,4.757306,0.000204,1.505934
fineweb,1337,RLB+AdamW,1370,4.737477,0.000203,1.514278
fineweb,1337,RLB+AdamW,1380,4.752641,0.000201,1.503755
fineweb,1337,RLB+AdamW,1390,4.743898,0.000200,1.502877
fineweb,1337,RLB+AdamW,1400,4.713265,0.000198,1.501662
fineweb,1337,RLB+AdamW,1410,4.727265,0.000197,1.503993
fineweb,1337,RLB+AdamW,1420,4.721731,0.000195,1.504000
fineweb,1337,RLB+AdamW,1430,4.735265,0.000194,1.509141
fineweb,1337,RLB+AdamW,1440,4.711577,0.000192,1.512868
fineweb,1337,RLB+AdamW,1450,4.700672,0.000191,1.508749
fineweb,1337,RLB+AdamW,1460,4.709692,0.000190,1.505686
fineweb,1337,RLB+AdamW,1470,4.705537,0.000188,1.509689
fineweb,1337,RLB+AdamW,1480,4.708267,0.000187,1.501129
fineweb,1337,RLB+AdamW,1490,4.692695,0.000185,1.501990
fineweb,1337,RLB+AdamW,1500,4.685851,0.000184,1.500149
fineweb,1337,RLB+AdamW,1510,4.677514,0.000182,1.500507
fineweb,1337,RLB+AdamW,1520,4.687213,0.000181,1.503322
fineweb,1337,RLB+AdamW,1530,4.692038,0.000179,1.501603
fineweb,1337,RLB+AdamW,1540,4.671094,0.000178,1.501750
fineweb,1337,RLB+AdamW,1550,4.668336,0.000176,1.504356
fineweb,1337,RLB+AdamW,1560,4.658519,0.000175,1.504840
fineweb,1337,RLB+AdamW,1570,4.663207,0.000173,1.507604
fineweb,1337,RLB+AdamW,1580,4.659861,0.000172,1.507800
fineweb,1337,RLB+AdamW,1590,4.634096,0.000170,1.509792
fineweb,1337,RLB+AdamW,1600,4.623650,0.000169,1.508035
fineweb,1337,RLB+AdamW,1610,4.637074,0.000167,1.505435
fineweb,1337,RLB+AdamW,1620,4.639029,0.000166,1.507265
fineweb,1337,RLB+AdamW,1630,4.621493,0.000164,1.507244
fineweb,1337,RLB+AdamW,1640,4.630187,0.000163,1.506667
fineweb,1337,RLB+AdamW,1650,4.628507,0.000161,1.504616
fineweb,1337,RLB+AdamW,1660,4.641033,0.000160,1.505469
fineweb,1337,RLB+AdamW,1670,4.616470,0.000158,1.502235
fineweb,1337,RLB+AdamW,1680,4.628279,0.000157,1.497891
fineweb,1337,RLB+AdamW,1690,4.616560,0.000155,1.507047
fineweb,1337,RLB+AdamW,1700,4.623949,0.000154,1.507769
fineweb,1337,RLB+AdamW,1710,4.609669,0.000153,1.504148
fineweb,1337,RLB+AdamW,1720,4.606623,0.000151,1.505803
fineweb,1337,RLB+AdamW,1730,4.577209,0.000150,1.504033
fineweb,1337,RLB+AdamW,1740,4.596942,0.000148,1.503285
fineweb,1337,RLB+AdamW,1750,4.608110,0.000147,1.506203
fineweb,1337,RLB+AdamW,1760,4.569691,0.000145,1.506003
fineweb,1337,RLB+AdamW,1770,4.583967,0.000144,1.504800
fineweb,1337,RLB+AdamW,1780,4.609454,0.000142,1.506957
fineweb,1337,RLB+AdamW,1790,4.558906,0.000141,1.499471
fineweb,1337,RLB+AdamW,1800,4.577172,0.000139,1.506253
fineweb,1337,RLB+AdamW,1810,4.570816,0.000138,1.501527
fineweb,1337,RLB+AdamW,1820,4.577678,0.000136,1.500970
fineweb,1337,RLB+AdamW,1830,4.564614,0.000135,1.506983
fineweb,1337,RLB+AdamW,1840,4.538419,0.000133,1.502810
fineweb,1337,RLB+AdamW,1850,4.584307,0.000132,1.507367
fineweb,1337,RLB+AdamW,1860,4.534379,0.000131,1.505177
fineweb,1337,RLB+AdamW,1870,4.548168,0.000129,1.506372
fineweb,1337,RLB+AdamW,1880,4.551363,0.000128,1.509578
fineweb,1337,RLB+AdamW,1890,4.555484,0.000126,1.506532
fineweb,1337,RLB+AdamW,1900,4.575974,0.000125,1.504966
fineweb,1337,RLB+AdamW,1910,4.569741,0.000123,1.505527
fineweb,1337,RLB+AdamW,1920,4.554206,0.000122,1.507820
fineweb,1337,RLB+AdamW,1930,4.543867,0.000121,1.501490
fineweb,1337,RLB+AdamW,1940,4.524713,0.000119,1.492103
fineweb,1337,RLB+AdamW,1950,4.556818,0.000118,1.502705
fineweb,1337,RLB+AdamW,1960,4.546200,0.000116,1.507451
fineweb,1337,RLB+AdamW,1970,4.568983,0.000115,1.506069
fineweb,1337,RLB+AdamW,1980,4.513582,0.000114,1.509303
fineweb,1337,RLB+AdamW,1990,4.523473,0.000112,1.495083
fineweb,1337,RLB+AdamW,2000,4.516503,0.000111,1.492477
fineweb,1337,RLB+AdamW,2010,4.528875,0.000110,1.505591
fineweb,1337,RLB+AdamW,2020,4.533279,0.000108,1.505561
fineweb,1337,RLB+AdamW,2030,4.518500,0.000107,1.498152
fineweb,1337,RLB+AdamW,2040,4.526953,0.000106,1.502590
fineweb,1337,RLB+AdamW,2050,4.529687,0.000104,1.505473
fineweb,1337,RLB+AdamW,2060,4.496342,0.000103,1.501986
fineweb,1337,RLB+AdamW,2070,4.506673,0.000102,1.502607
fineweb,1337,RLB+AdamW,2080,4.504179,0.000100,1.501898
fineweb,1337,RLB+AdamW,2090,4.500677,0.000099,1.497095
fineweb,1337,RLB+AdamW,2100,4.509336,0.000098,1.491000
fineweb,1337,RLB+AdamW,2110,4.492201,0.000096,1.491681
fineweb,1337,RLB+AdamW,2120,4.473841,0.000095,1.493163
fineweb,1337,RLB+AdamW,2130,4.497681,0.000094,1.493706
fineweb,1337,RLB+AdamW,2140,4.517457,0.000093,1.493565
fineweb,1337,RLB+AdamW,2150,4.493492,0.000091,1.504353
fineweb,1337,RLB+AdamW,2160,4.499961,0.000090,1.502496
fineweb,1337,RLB+AdamW,2170,4.480689,0.000089,1.508107
fineweb,1337,RLB+AdamW,2180,4.546069,0.000088,1.505263
fineweb,1337,RLB+AdamW,2190,4.489951,0.000086,1.503052
fineweb,1337,RLB+AdamW,2200,4.487306,0.000085,1.493641
fineweb,1337,RLB+AdamW,2210,4.478405,0.000084,1.498888
fineweb,1337,RLB+AdamW,2220,4.459857,0.000083,1.496421
fineweb,1337,RLB+AdamW,2230,4.500838,0.000082,1.492668
fineweb,1337,RLB+AdamW,2240,4.474346,0.000080,1.491468
fineweb,1337,RLB+AdamW,2250,4.469213,0.000079,1.500135
fineweb,1337,RLB+AdamW,2260,4.475873,0.000078,1.495222
fineweb,1337,RLB+AdamW,2270,4.466459,0.000077,1.497354
fineweb,1337,RLB+AdamW,2280,4.488516,0.000076,1.500155
fineweb,1337,RLB+AdamW,2290,4.450395,0.000075,1.498901
fineweb,1337,RLB+AdamW,2300,4.459259,0.000074,1.495716
fineweb,1337,RLB+AdamW,2310,4.454053,0.000073,1.498130
fineweb,1337,RLB+AdamW,2320,4.449968,0.000072,1.506867
fineweb,1337,RLB+AdamW,2330,4.463924,0.000070,1.507624
fineweb,1337,RLB+AdamW,2340,4.471515,0.000069,1.508184
fineweb,1337,RLB+AdamW,2350,4.467600,0.000068,1.504063
fineweb,1337,RLB+AdamW,2360,4.443803,0.000067,1.502781
fineweb,1337,RLB+AdamW,2370,4.462837,0.000066,1.503714
fineweb,1337,RLB+AdamW,2380,4.462894,0.000065,1.500741
fineweb,1337,RLB+AdamW,2390,4.452521,0.000064,1.504331
fineweb,1337,RLB+AdamW,2400,4.425186,0.000063,1.502974
fineweb,1337,RLB+AdamW,2410,4.450095,0.000062,1.502741
fineweb,1337,RLB+AdamW,2420,4.422727,0.000061,1.502425
fineweb,1337,RLB+AdamW,2430,4.431880,0.000060,1.505450
fineweb,1337,RLB+AdamW,2440,4.435041,0.000059,1.506970
fineweb,1337,RLB+AdamW,2450,4.430781,0.000059,1.505437
fineweb,1337,RLB+AdamW,2460,4.431243,0.000058,1.510103
fineweb,1337,RLB+AdamW,2470,4.433018,0.000057,1.503718
fineweb,1337,RLB+AdamW,2480,4.436119,0.000056,1.500252
fineweb,1337,RLB+AdamW,2490,4.432256,0.000055,1.503262
fineweb,1337,RLB+AdamW,2500,4.396345,0.000054,1.500508
fineweb,1337,RLB+AdamW,2510,4.425017,0.000053,1.499357
fineweb,1337,RLB+AdamW,2520,4.447624,0.000052,1.502621
fineweb,1337,RLB+AdamW,2530,4.435222,0.000052,1.503253
fineweb,1337,RLB+AdamW,2540,4.397832,0.000051,1.503358
fineweb,1337,RLB+AdamW,2550,4.425224,0.000050,1.501676
fineweb,1337,RLB+AdamW,2560,4.436463,0.000049,1.503079
fineweb,1337,RLB+AdamW,2570,4.429765,0.000049,1.504090
fineweb,1337,RLB+AdamW,2580,4.437745,0.000048,1.508532
fineweb,1337,RLB+AdamW,2590,4.424908,0.000047,1.510205
fineweb,1337,RLB+AdamW,2600,4.418358,0.000046,1.509413
fineweb,1337,RLB+AdamW,2610,4.384533,0.000046,1.507146
fineweb,1337,RLB+AdamW,2620,4.414450,0.000045,1.508983
fineweb,1337,RLB+AdamW,2630,4.386039,0.000044,1.509356
fineweb,1337,RLB+AdamW,2640,4.402244,0.000044,1.506185
fineweb,1337,RLB+AdamW,2650,4.396572,0.000043,1.505987
fineweb,1337,RLB+AdamW,2660,4.387955,0.000042,1.506819
fineweb,1337,RLB+AdamW,2670,4.408797,0.000042,1.505984
fineweb,1337,RLB+AdamW,2680,4.378739,0.000041,1.504536
fineweb,1337,RLB+AdamW,2690,4.399124,0.000041,1.505006
fineweb,1337,RLB+AdamW,2700,4.404819,0.000040,1.506497
fineweb,1337,RLB+AdamW,2710,4.397950,0.000039,1.504740
fineweb,1337,RLB+AdamW,2720,4.391223,0.000039,1.506598
fineweb,1337,RLB+AdamW,2730,4.392214,0.000038,1.501135
fineweb,1337,RLB+AdamW,2740,4.389603,0.000038,1.498379
fineweb,1337,RLB+AdamW,2750,4.403832,0.000037,1.499744
fineweb,1337,RLB+AdamW,2760,4.392378,0.000037,1.501752
fineweb,1337,RLB+AdamW,2770,4.400498,0.000036,1.504768
fineweb,1337,RLB+AdamW,2780,4.396651,0.000036,1.507007
fineweb,1337,RLB+AdamW,2790,4.394068,0.000036,1.505754
fineweb,1337,RLB+AdamW,2800,4.401526,0.000035,1.504570
fineweb,1337,RLB+AdamW,2810,4.396988,0.000035,1.498574
fineweb,1337,RLB+AdamW,2820,4.405000,0.000034,1.502836
fineweb,1337,RLB+AdamW,2830,4.371905,0.000034,1.499567
fineweb,1337,RLB+AdamW,2840,4.386750,0.000034,1.501085
fineweb,1337,RLB+AdamW,2850,4.393593,0.000033,1.503007
fineweb,1337,RLB+AdamW,2860,4.387090,0.000033,1.494939
fineweb,1337,RLB+AdamW,2870,4.383111,0.000033,1.495805
fineweb,1337,RLB+AdamW,2880,4.389701,0.000032,1.501473
fineweb,1337,RLB+AdamW,2890,4.368755,0.000032,1.500494
fineweb,1337,RLB+AdamW,2900,4.373455,0.000032,1.502707
fineweb,1337,RLB+AdamW,2910,4.404402,0.000032,1.505225
fineweb,1337,RLB+AdamW,2920,4.388432,0.000031,1.505247
fineweb,1337,RLB+AdamW,2930,4.347506,0.000031,1.503535
fineweb,1337,RLB+AdamW,2940,4.403721,0.000031,1.505127
fineweb,1337,RLB+AdamW,2950,4.360096,0.000031,1.504647
fineweb,1337,RLB+AdamW,2960,4.397197,0.000031,1.502375
fineweb,1337,RLB+AdamW,2970,4.379021,0.000031,1.509083
fineweb,1337,RLB+AdamW,2980,4.353859,0.000030,1.510213
fineweb,1337,RLB+AdamW,2990,4.385172,0.000030,1.505468
fineweb,1337,RLB+AdamW,3000,4.395768,0.000030,1.506615
fineweb,1337,RLB+AdamW,3010,4.356456,0.000030,1.506298
fineweb,1337,RLB+AdamW,3020,4.370127,0.000030,1.502286
fineweb,1337,RLB+AdamW,3030,4.398298,0.000030,1.498827
fineweb,1337,RLB+AdamW,3040,4.387414,0.000030,1.512895
fineweb,1337,RLB+AdamW,3050,4.382623,0.000030,1.503988
fineweb,1337,SiLU+Muon,1,10.981408,0.000001,1.225348
fineweb,1337,SiLU+Muon,10,10.971901,0.000015,0.490903
fineweb,1337,SiLU+Muon,20,10.930173,0.000030,0.410100
fineweb,1337,SiLU+Muon,30,10.837857,0.000045,0.410533
fineweb,1337,SiLU+Muon,40,10.703008,0.000060,0.410647
fineweb,1337,SiLU+Muon,50,10.517973,0.000075,0.411293
fineweb,1337,SiLU+Muon,60,10.313948,0.000090,0.410295
fineweb,1337,SiLU+Muon,70,10.086329,0.000105,0.410912
fineweb,1337,SiLU+Muon,80,9.868744,0.000120,0.409880
fineweb,1337,SiLU+Muon,90,9.670197,0.000135,0.411620
fineweb,1337,SiLU+Muon,100,9.486084,0.000150,0.415324
fineweb,1337,SiLU+Muon,110,9.287407,0.000165,0.410350
fineweb,1337,SiLU+Muon,120,9.117175,0.000180,0.410264
fineweb,1337,SiLU+Muon,130,8.920848,0.000195,0.410253
fineweb,1337,SiLU+Muon,140,8.733219,0.000210,0.410302
fineweb,1337,SiLU+Muon,150,8.514763,0.000225,0.410179
fineweb,1337,SiLU+Muon,160,8.330176,0.000240,0.410891
fineweb,1337,SiLU+Muon,170,8.138412,0.000255,0.410950
fineweb,1337,SiLU+Muon,180,8.029829,0.000270,0.411198
fineweb,1337,SiLU+Muon,190,7.879821,0.000285,0.414442
fineweb,1337,SiLU+Muon,200,7.758357,0.000300,0.412827
fineweb,1337,SiLU+Muon,210,7.608114,0.000300,0.411817
fineweb,1337,SiLU+Muon,220,7.506934,0.000300,0.410808
fineweb,1337,SiLU+Muon,230,7.431768,0.000300,0.411394
fineweb,1337,SiLU+Muon,240,7.360972,0.000300,0.412128
fineweb,1337,SiLU+Muon,250,7.238404,0.000300,0.416250
fineweb,1337,SiLU+Muon,260,7.158894,0.000300,0.415640
fineweb,1337,SiLU+Muon,270,7.116258,0.000300,0.411917
fineweb,1337,SiLU+Muon,280,7.014584,0.000299,0.413446
fineweb,1337,SiLU+Muon,290,6.995258,0.000299,0.415201
fineweb,1337,SiLU+Muon,300,6.892882,0.000299,0.411618
fineweb,1337,SiLU+Muon,310,6.848979,0.000299,0.411222
fineweb,1337,SiLU+Muon,320,6.784014,0.000299,0.411981
fineweb,1337,SiLU+Muon,330,6.699644,0.000299,0.411353
fineweb,1337,SiLU+Muon,340,6.673704,0.000298,0.411449
fineweb,1337,SiLU+Muon,350,6.642479,0.000298,0.411986
fineweb,1337,SiLU+Muon,360,6.585236,0.000298,0.412191
fineweb,1337,SiLU+Muon,370,6.513602,0.000298,0.411153
fineweb,1337,SiLU+Muon,380,6.484803,0.000297,0.412145
fineweb,1337,SiLU+Muon,390,6.398066,0.000297,0.413177
fineweb,1337,SiLU+Muon,400,6.332016,0.000297,0.415502
fineweb,1337,SiLU+Muon,410,6.329563,0.000296,0.416708
fineweb,1337,SiLU+Muon,420,6.308314,0.000296,0.413723
fineweb,1337,SiLU+Muon,430,6.255473,0.000296,0.411386
fineweb,1337,SiLU+Muon,440,6.200503,0.000295,0.412571
fineweb,1337,SiLU+Muon,450,6.168421,0.000295,0.414909
fineweb,1337,SiLU+Muon,460,6.135679,0.000295,0.413663
fineweb,1337,SiLU+Muon,470,6.085757,0.000294,0.414116
fineweb,1337,SiLU+Muon,480,6.071178,0.000294,0.411278
fineweb,1337,SiLU+Muon,490,6.011895,0.000293,0.415448
fineweb,1337,SiLU+Muon,500,6.017390,0.000293,0.411706
fineweb,1337,SiLU+Muon,510,5.950815,0.000292,0.413202
fineweb,1337,SiLU+Muon,520,5.949600,0.000292,0.411870
fineweb,1337,SiLU+Muon,530,5.880738,0.000291,0.416391
fineweb,1337,SiLU+Muon,540,5.833706,0.000291,0.416623
fineweb,1337,SiLU+Muon,550,5.839206,0.000290,0.416416
fineweb,1337,SiLU+Muon,560,5.867983,0.000290,0.412873
fineweb,1337,SiLU+Muon,570,5.830493,0.000289,0.412733
fineweb,1337,SiLU+Muon,580,5.780642,0.000288,0.411539
fineweb,1337,SiLU+Muon,590,5.756608,0.000288,0.411910
fineweb,1337,SiLU+Muon,600,5.731324,0.000287,0.412306
fineweb,1337,SiLU+Muon,610,5.708894,0.000287,0.417222
fineweb,1337,SiLU+Muon,620,5.661682,0.000286,0.412696
fineweb,1337,SiLU+Muon,630,5.661310,0.000285,0.411989
fineweb,1337,SiLU+Muon,640,5.665092,0.000284,0.412092
fineweb,1337,SiLU+Muon,650,5.605881,0.000284,0.412567
fineweb,1337,SiLU+Muon,660,5.599487,0.000283,0.414431
fineweb,1337,SiLU+Muon,670,5.580758,0.000282,0.411562
fineweb,1337,SiLU+Muon,680,5.582445,0.000282,0.412242
fineweb,1337,SiLU+Muon,690,5.568350,0.000281,0.411466
fineweb,1337,SiLU+Muon,700,5.508508,0.000280,0.412270
fineweb,1337,SiLU+Muon,710,5.560954,0.000279,0.413351
fineweb,1337,SiLU+Muon,720,5.501293,0.000279,0.414918
fineweb,1337,SiLU+Muon,730,5.506198,0.000278,0.411480
fineweb,1337,SiLU+Muon,740,5.490423,0.000277,0.411861
fineweb,1337,SiLU+Muon,750,5.466275,0.000276,0.412377
fineweb,1337,SiLU+Muon,760,5.447098,0.000275,0.412149
fineweb,1337,SiLU+Muon,770,5.442569,0.000274,0.411591
fineweb,1337,SiLU+Muon,780,5.425481,0.000273,0.412628
fineweb,1337,SiLU+Muon,790,5.385605,0.000273,0.411735
fineweb,1337,SiLU+Muon,800,5.400157,0.000272,0.415148
fineweb,1337,SiLU+Muon,810,5.378445,0.000271,0.417217
fineweb,1337,SiLU+Muon,820,5.341266,0.000270,0.417472
fineweb,1337,SiLU+Muon,830,5.345478,0.000269,0.414374
fineweb,1337,SiLU+Muon,840,5.332412,0.000268,0.410844
fineweb,1337,SiLU+Muon,850,5.326656,0.000267,0.411914
fineweb,1337,SiLU+Muon,860,5.320870,0.000266,0.411546
fineweb,1337,SiLU+Muon,870,5.281939,0.000265,0.411519
fineweb,1337,SiLU+Muon,880,5.248565,0.000264,0.412204
fineweb,1337,SiLU+Muon,890,5.257560,0.000263,0.411539
fineweb,1337,SiLU+Muon,900,5.232065,0.000262,0.411783
fineweb,1337,SiLU+Muon,910,5.243372,0.000261,0.412360
fineweb,1337,SiLU+Muon,920,5.219470,0.000260,0.411902
fineweb,1337,SiLU+Muon,930,5.206444,0.000259,0.411666
fineweb,1337,SiLU+Muon,940,5.226774,0.000258,0.412163
fineweb,1337,SiLU+Muon,950,5.184050,0.000257,0.413189
fineweb,1337,SiLU+Muon,960,5.191632,0.000255,0.411845
fineweb,1337,SiLU+Muon,970,5.168270,0.000254,0.412187
fineweb,1337,SiLU+Muon,980,5.177121,0.000253,0.414473
fineweb,1337,SiLU+Muon,990,5.168785,0.000252,0.413257
fineweb,1337,SiLU+Muon,1000,5.138068,0.000251,0.412209
fineweb,1337,SiLU+Muon,1010,5.121177,0.000250,0.413876
fineweb,1337,SiLU+Muon,1020,5.119153,0.000249,0.415552
fineweb,1337,SiLU+Muon,1030,5.133404,0.000247,0.412399
fineweb,1337,SiLU+Muon,1040,5.118535,0.000246,0.413475
fineweb,1337,SiLU+Muon,1050,5.084929,0.000245,0.417013
fineweb,1337,SiLU+Muon,1060,5.091403,0.000244,0.412595
fineweb,1337,SiLU+Muon,1070,5.067714,0.000243,0.411870
fineweb,1337,SiLU+Muon,1080,5.045722,0.000241,0.412078
fineweb,1337,SiLU+Muon,1090,5.077382,0.000240,0.415172
fineweb,1337,SiLU+Muon,1100,5.041841,0.000239,0.418474
fineweb,1337,SiLU+Muon,1110,5.054452,0.000238,0.417058
fineweb,1337,SiLU+Muon,1120,5.039747,0.000236,0.416267
fineweb,1337,SiLU+Muon,1130,5.041177,0.000235,0.412791
fineweb,1337,SiLU+Muon,1140,5.010633,0.000234,0.411895
fineweb,1337,SiLU+Muon,1150,5.007888,0.000233,0.414177
fineweb,1337,SiLU+Muon,1160,5.014820,0.000231,0.414535
fineweb,1337,SiLU+Muon,1170,5.003630,0.000230,0.412584
fineweb,1337,SiLU+Muon,1180,5.002425,0.000229,0.411653
fineweb,1337,SiLU+Muon,1190,5.006190,0.000227,0.413578
fineweb,1337,SiLU+Muon,1200,5.004776,0.000226,0.412042
fineweb,1337,SiLU+Muon,1210,4.957144,0.000225,0.412047
fineweb,1337,SiLU+Muon,1220,4.971034,0.000223,0.411835
fineweb,1337,SiLU+Muon,1230,4.944705,0.000222,0.414875
fineweb,1337,SiLU+Muon,1240,4.949759,0.000221,0.415987
fineweb,1337,SiLU+Muon,1250,4.927877,0.000219,0.411891
fineweb,1337,SiLU+Muon,1260,4.923507,0.000218,0.411416
fineweb,1337,SiLU+Muon,1270,4.923959,0.000217,0.412088
fineweb,1337,SiLU+Muon,1280,4.917451,0.000215,0.411401
fineweb,1337,SiLU+Muon,1290,4.931830,0.000214,0.413362
fineweb,1337,SiLU+Muon,1300,4.885459,0.000212,0.411512
fineweb,1337,SiLU+Muon,1310,4.901201,0.000211,0.412603
fineweb,1337,SiLU+Muon,1320,4.867193,0.000210,0.413466
fineweb,1337,SiLU+Muon,1330,4.851330,0.000208,0.413223
fineweb,1337,SiLU+Muon,1340,4.859433,0.000207,0.411983
fineweb,1337,SiLU+Muon,1350,4.901341,0.000205,0.412296
fineweb,1337,SiLU+Muon,1360,4.862589,0.000204,0.411870
fineweb,1337,SiLU+Muon,1370,4.841115,0.000203,0.413847
fineweb,1337,SiLU+Muon,1380,4.856778,0.000201,0.416849
fineweb,1337,SiLU+Muon,1390,4.844382,0.000200,0.415927
fineweb,1337,SiLU+Muon,1400,4.812950,0.000198,0.413849
fineweb,1337,SiLU+Muon,1410,4.830499,0.000197,0.411470
fineweb,1337,SiLU+Muon,1420,4.814100,0.000195,0.414770
fineweb,1337,SiLU+Muon,1430,4.828891,0.000194,0.411294
fineweb,1337,SiLU+Muon,1440,4.805099,0.000192,0.411760
fineweb,1337,SiLU+Muon,1450,4.793356,0.000191,0.413909
fineweb,1337,SiLU+Muon,1460,4.806720,0.000190,0.415201
fineweb,1337,SiLU+Muon,1470,4.802050,0.000188,0.414624
fineweb,1337,SiLU+Muon,1480,4.800555,0.000187,0.412207
fineweb,1337,SiLU+Muon,1490,4.786328,0.000185,0.417346
fineweb,1337,SiLU+Muon,1500,4.774838,0.000184,0.412505
fineweb,1337,SiLU+Muon,1510,4.766526,0.000182,0.412463
fineweb,1337,SiLU+Muon,1520,4.775293,0.000181,0.412708
fineweb,1337,SiLU+Muon,1530,4.780619,0.000179,0.411825
fineweb,1337,SiLU+Muon,1540,4.750075,0.000178,0.411722
fineweb,1337,SiLU+Muon,1550,4.746255,0.000176,0.413502
fineweb,1337,SiLU+Muon,1560,4.738405,0.000175,0.411339
fineweb,1337,SiLU+Muon,1570,4.736772,0.000173,0.414542
fineweb,1337,SiLU+Muon,1580,4.737358,0.000172,0.413698
fineweb,1337,SiLU+Muon,1590,4.713220,0.000170,0.412192
fineweb,1337,SiLU+Muon,1600,4.701616,0.000169,0.414287
fineweb,1337,SiLU+Muon,1610,4.713562,0.000167,0.411541
fineweb,1337,SiLU+Muon,1620,4.712999,0.000166,0.412831
fineweb,1337,SiLU+Muon,1630,4.693221,0.000164,0.411542
fineweb,1337,SiLU+Muon,1640,4.703231,0.000163,0.411447
fineweb,1337,SiLU+Muon,1650,4.698495,0.000161,0.411473
fineweb,1337,SiLU+Muon,1660,4.716427,0.000160,0.415599
fineweb,1337,SiLU+Muon,1670,4.684907,0.000158,0.416923
fineweb,1337,SiLU+Muon,1680,4.693006,0.000157,0.416432
fineweb,1337,SiLU+Muon,1690,4.680640,0.000155,0.416233
fineweb,1337,SiLU+Muon,1700,4.690752,0.000154,0.412250
fineweb,1337,SiLU+Muon,1710,4.669515,0.000153,0.412005
fineweb,1337,SiLU+Muon,1720,4.666853,0.000151,0.413433
fineweb,1337,SiLU+Muon,1730,4.637077,0.000150,0.413280
fineweb,1337,SiLU+Muon,1740,4.657434,0.000148,0.414565
fineweb,1337,SiLU+Muon,1750,4.670704,0.000147,0.412829
fineweb,1337,SiLU+Muon,1760,4.626578,0.000145,0.411774
fineweb,1337,SiLU+Muon,1770,4.640211,0.000144,0.412160
fineweb,1337,SiLU+Muon,1780,4.665608,0.000142,0.413684
fineweb,1337,SiLU+Muon,1790,4.609949,0.000141,0.412028
fineweb,1337,SiLU+Muon,1800,4.631018,0.000139,0.412849
fineweb,1337,SiLU+Muon,1810,4.623333,0.000138,0.411793
fineweb,1337,SiLU+Muon,1820,4.629288,0.000136,0.412028
fineweb,1337,SiLU+Muon,1830,4.614780,0.000135,0.411834
fineweb,1337,SiLU+Muon,1840,4.590552,0.000133,0.412298
fineweb,1337,SiLU+Muon,1850,4.637491,0.000132,0.411711
fineweb,1337,SiLU+Muon,1860,4.584951,0.000131,0.413905
fineweb,1337,SiLU+Muon,1870,4.597143,0.000129,0.413902
fineweb,1337,SiLU+Muon,1880,4.595419,0.000128,0.413409
fineweb,1337,SiLU+Muon,1890,4.602124,0.000126,0.411651
fineweb,1337,SiLU+Muon,1900,4.624556,0.000125,0.411767
fineweb,1337,SiLU+Muon,1910,4.616037,0.000123,0.411605
fineweb,1337,SiLU+Muon,1920,4.598975,0.000122,0.413652
fineweb,1337,SiLU+Muon,1930,4.587420,0.000121,0.412022
fineweb,1337,SiLU+Muon,1940,4.568729,0.000119,0.415822
fineweb,1337,SiLU+Muon,1950,4.600039,0.000118,0.417062
fineweb,1337,SiLU+Muon,1960,4.587141,0.000116,0.417227
fineweb,1337,SiLU+Muon,1970,4.613536,0.000115,0.411856
fineweb,1337,SiLU+Muon,1980,4.556616,0.000114,0.412151
fineweb,1337,SiLU+Muon,1990,4.567364,0.000112,0.411868
fineweb,1337,SiLU+Muon,2000,4.554659,0.000111,0.411969
fineweb,1337,SiLU+Muon,2010,4.565615,0.000110,0.413795
fineweb,1337,SiLU+Muon,2020,4.572590,0.000108,0.416211
fineweb,1337,SiLU+Muon,2030,4.556639,0.000107,0.413034
fineweb,1337,SiLU+Muon,2040,4.568210,0.000106,0.411680
fineweb,1337,SiLU+Muon,2050,4.563561,0.000104,0.411677
fineweb,1337,SiLU+Muon,2060,4.531314,0.000103,0.411664
fineweb,1337,SiLU+Muon,2070,4.542316,0.000102,0.411449
fineweb,1337,SiLU+Muon,2080,4.541316,0.000100,0.412469
fineweb,1337,SiLU+Muon,2090,4.539301,0.000099,0.412924
fineweb,1337,SiLU+Muon,2100,4.543502,0.000098,0.412008
fineweb,1337,SiLU+Muon,2110,4.528202,0.000096,0.411555
fineweb,1337,SiLU+Muon,2120,4.511490,0.000095,0.412108
fineweb,1337,SiLU+Muon,2130,4.530587,0.000094,0.411415
fineweb,1337,SiLU+Muon,2140,4.550532,0.000093,0.412105
fineweb,1337,SiLU+Muon,2150,4.524523,0.000091,0.412028
fineweb,1337,SiLU+Muon,2160,4.534117,0.000090,0.412823
fineweb,1337,SiLU+Muon,2170,4.510886,0.000089,0.412408
fineweb,1337,SiLU+Muon,2180,4.577206,0.000088,0.412337
fineweb,1337,SiLU+Muon,2190,4.522256,0.000086,0.412272
fineweb,1337,SiLU+Muon,2200,4.518944,0.000085,0.412032
fineweb,1337,SiLU+Muon,2210,4.509143,0.000084,0.411676
fineweb,1337,SiLU+Muon,2220,4.492250,0.000083,0.412833
fineweb,1337,SiLU+Muon,2230,4.531128,0.000082,0.416659
fineweb,1337,SiLU+Muon,2240,4.503713,0.000080,0.416453
fineweb,1337,SiLU+Muon,2250,4.493615,0.000079,0.415641
fineweb,1337,SiLU+Muon,2260,4.504154,0.000078,0.413328
fineweb,1337,SiLU+Muon,2270,4.492316,0.000077,0.412886
fineweb,1337,SiLU+Muon,2280,4.514842,0.000076,0.411415
fineweb,1337,SiLU+Muon,2290,4.478094,0.000075,0.411946
fineweb,1337,SiLU+Muon,2300,4.484658,0.000074,0.412500
fineweb,1337,SiLU+Muon,2310,4.477948,0.000073,0.412288
fineweb,1337,SiLU+Muon,2320,4.477239,0.000072,0.412007
fineweb,1337,SiLU+Muon,2330,4.488058,0.000070,0.411964
fineweb,1337,SiLU+Muon,2340,4.495312,0.000069,0.413533
fineweb,1337,SiLU+Muon,2350,4.491295,0.000068,0.416564
fineweb,1337,SiLU+Muon,2360,4.465225,0.000067,0.412841
fineweb,1337,SiLU+Muon,2370,4.486553,0.000066,0.413639
fineweb,1337,SiLU+Muon,2380,4.490577,0.000065,0.411856
fineweb,1337,SiLU+Muon,2390,4.474628,0.000064,0.411675
fineweb,1337,SiLU+Muon,2400,4.449301,0.000063,0.412654
fineweb,1337,SiLU+Muon,2410,4.471296,0.000062,0.411778
fineweb,1337,SiLU+Muon,2420,4.446177,0.000061,0.411494
fineweb,1337,SiLU+Muon,2430,4.454353,0.000060,0.411926
fineweb,1337,SiLU+Muon,2440,4.457219,0.000059,0.411719
fineweb,1337,SiLU+Muon,2450,4.456194,0.000059,0.412124
fineweb,1337,SiLU+Muon,2460,4.451030,0.000058,0.411391
fineweb,1337,SiLU+Muon,2470,4.453417,0.000057,0.412400
fineweb,1337,SiLU+Muon,2480,4.458593,0.000056,0.413373
fineweb,1337,SiLU+Muon,2490,4.452342,0.000055,0.412488
fineweb,1337,SiLU+Muon,2500,4.420794,0.000054,0.412294
fineweb,1337,SiLU+Muon,2510,4.445832,0.000053,0.416176
fineweb,1337,SiLU+Muon,2520,4.466688,0.000052,0.416797
fineweb,1337,SiLU+Muon,2530,4.451843,0.000052,0.415156
fineweb,1337,SiLU+Muon,2540,4.420517,0.000051,0.411416
fineweb,1337,SiLU+Muon,2550,4.447388,0.000050,0.412345
fineweb,1337,SiLU+Muon,2560,4.451949,0.000049,0.411355
fineweb,1337,SiLU+Muon,2570,4.448653,0.000049,0.413684
fineweb,1337,SiLU+Muon,2580,4.459091,0.000048,0.412694
fineweb,1337,SiLU+Muon,2590,4.443018,0.000047,0.413084
fineweb,1337,SiLU+Muon,2600,4.436067,0.000046,0.411798
fineweb,1337,SiLU+Muon,2610,4.404846,0.000046,0.411924
fineweb,1337,SiLU+Muon,2620,4.433508,0.000045,0.411767
fineweb,1337,SiLU+Muon,2630,4.402952,0.000044,0.411708
fineweb,1337,SiLU+Muon,2640,4.420860,0.000044,0.413126
fineweb,1337,SiLU+Muon,2650,4.416281,0.000043,0.414272
fineweb,1337,SiLU+Muon,2660,4.401794,0.000042,0.411691
fineweb,1337,SiLU+Muon,2670,4.424061,0.000042,0.411953
fineweb,1337,SiLU+Muon,2680,4.396445,0.000041,0.411924
fineweb,1337,SiLU+Muon,2690,4.415756,0.000041,0.411904
fineweb,1337,SiLU+Muon,2700,4.421419,0.000040,0.411873
fineweb,1337,SiLU+Muon,2710,4.412864,0.000039,0.411953
fineweb,1337,SiLU+Muon,2720,4.410340,0.000039,0.411643
fineweb,1337,SiLU+Muon,2730,4.409858,0.000038,0.411766
fineweb,1337,SiLU+Muon,2740,4.406941,0.000038,0.411576
fineweb,1337,SiLU+Muon,2750,4.419751,0.000037,0.412245
fineweb,1337,SiLU+Muon,2760,4.406935,0.000037,0.411977
fineweb,1337,SiLU+Muon,2770,4.417288,0.000036,0.411954
fineweb,1337,SiLU+Muon,2780,4.411858,0.000036,0.411435
fineweb,1337,SiLU+Muon,2790,4.409261,0.000036,0.412697
fineweb,1337,SiLU+Muon,2800,4.419296,0.000035,0.417409
fineweb,1337,SiLU+Muon,2810,4.415363,0.000035,0.415132
fineweb,1337,SiLU+Muon,2820,4.419577,0.000034,0.411781
fineweb,1337,SiLU+Muon,2830,4.384946,0.000034,0.413183
fineweb,1337,SiLU+Muon,2840,4.402930,0.000034,0.411869
fineweb,1337,SiLU+Muon,2850,4.405412,0.000033,0.412115
fineweb,1337,SiLU+Muon,2860,4.400875,0.000033,0.411388
fineweb,1337,SiLU+Muon,2870,4.397041,0.000033,0.412415
fineweb,1337,SiLU+Muon,2880,4.405972,0.000032,0.412375
fineweb,1337,SiLU+Muon,2890,4.381070,0.000032,0.414311
fineweb,1337,SiLU+Muon,2900,4.387258,0.000032,0.414163
fineweb,1337,SiLU+Muon,2910,4.418368,0.000032,0.411445
fineweb,1337,SiLU+Muon,2920,4.400021,0.000031,0.411889
fineweb,1337,SiLU+Muon,2930,4.358594,0.000031,0.414001
fineweb,1337,SiLU+Muon,2940,4.419510,0.000031,0.412075
fineweb,1337,SiLU+Muon,2950,4.371236,0.000031,0.413680
fineweb,1337,SiLU+Muon,2960,4.410941,0.000031,0.411568
fineweb,1337,SiLU+Muon,2970,4.390544,0.000031,0.411723
fineweb,1337,SiLU+Muon,2980,4.364675,0.000030,0.411507
fineweb,1337,SiLU+Muon,2990,4.400699,0.000030,0.411934
fineweb,1337,SiLU+Muon,3000,4.407161,0.000030,0.411848
fineweb,1337,SiLU+Muon,3010,4.368785,0.000030,0.412459
fineweb,1337,SiLU+Muon,3020,4.382154,0.000030,0.411566
fineweb,1337,SiLU+Muon,3030,4.411526,0.000030,0.412054
fineweb,1337,SiLU+Muon,3040,4.401526,0.000030,0.412343
fineweb,1337,SiLU+Muon,3050,4.393366,0.000030,0.411633
fineweb,1337,RLB+Muon,1,10.991343,0.000001,2.198058
fineweb,1337,RLB+Muon,10,10.976555,0.000015,1.458244
fineweb,1337,RLB+Muon,20,10.923127,0.000030,1.371114
fineweb,1337,RLB+Muon,30,10.799951,0.000045,1.373060
fineweb,1337,RLB+Muon,40,10.634272,0.000060,1.377809
fineweb,1337,RLB+Muon,50,10.418954,0.000075,1.372873
fineweb,1337,RLB+Muon,60,10.183439,0.000090,1.370161
fineweb,1337,RLB+Muon,70,9.916765,0.000105,1.373721
fineweb,1337,RLB+Muon,80,9.642431,0.000120,1.374722
fineweb,1337,RLB+Muon,90,9.387283,0.000135,1.368207
fineweb,1337,RLB+Muon,100,9.147905,0.000150,1.369000
fineweb,1337,RLB+Muon,110,8.910182,0.000165,1.368470
fineweb,1337,RLB+Muon,120,8.727845,0.000180,1.369941
fineweb,1337,RLB+Muon,130,8.542399,0.000195,1.368971
fineweb,1337,RLB+Muon,140,8.359314,0.000210,1.370352
fineweb,1337,RLB+Muon,150,8.176919,0.000225,1.370044
fineweb,1337,RLB+Muon,160,8.041512,0.000240,1.370045
fineweb,1337,RLB+Muon,170,7.887038,0.000255,1.372546
fineweb,1337,RLB+Muon,180,7.810582,0.000270,1.370271
fineweb,1337,RLB+Muon,190,7.681443,0.000285,1.371762
fineweb,1337,RLB+Muon,200,7.577115,0.000300,1.371314
fineweb,1337,RLB+Muon,210,7.441612,0.000300,1.368850
fineweb,1337,RLB+Muon,220,7.354127,0.000300,1.369288
fineweb,1337,RLB+Muon,230,7.286626,0.000300,1.369141
fineweb,1337,RLB+Muon,240,7.223958,0.000300,1.369935
fineweb,1337,RLB+Muon,250,7.110905,0.000300,1.373851
fineweb,1337,RLB+Muon,260,7.035118,0.000300,1.372201
fineweb,1337,RLB+Muon,270,7.001792,0.000300,1.371335
fineweb,1337,RLB+Muon,280,6.903693,0.000299,1.370870
fineweb,1337,RLB+Muon,290,6.888642,0.000299,1.369734
fineweb,1337,RLB+Muon,300,6.792386,0.000299,1.368735
fineweb,1337,RLB+Muon,310,6.752064,0.000299,1.369106
fineweb,1337,RLB+Muon,320,6.690352,0.000299,1.371798
fineweb,1337,RLB+Muon,330,6.608456,0.000299,1.371373
fineweb,1337,RLB+Muon,340,6.582041,0.000298,1.373455
fineweb,1337,RLB+Muon,350,6.554407,0.000298,1.368760
fineweb,1337,RLB+Muon,360,6.500267,0.000298,1.372002
fineweb,1337,RLB+Muon,370,6.428817,0.000298,1.370331
fineweb,1337,RLB+Muon,380,6.404087,0.000297,1.370182
fineweb,1337,RLB+Muon,390,6.319476,0.000297,1.369618
fineweb,1337,RLB+Muon,400,6.260104,0.000297,1.369991
fineweb,1337,RLB+Muon,410,6.261292,0.000296,1.371618
fineweb,1337,RLB+Muon,420,6.240635,0.000296,1.375409
fineweb,1337,RLB+Muon,430,6.190475,0.000296,1.372629
fineweb,1337,RLB+Muon,440,6.140151,0.000295,1.373184
fineweb,1337,RLB+Muon,450,6.110048,0.000295,1.372241
fineweb,1337,RLB+Muon,460,6.081473,0.000295,1.375924
fineweb,1337,RLB+Muon,470,6.033540,0.000294,1.372733
fineweb,1337,RLB+Muon,480,6.022847,0.000294,1.373908
fineweb,1337,RLB+Muon,490,5.964425,0.000293,1.372694
fineweb,1337,RLB+Muon,500,5.972058,0.000293,1.373724
fineweb,1337,RLB+Muon,510,5.909254,0.000292,1.373845
fineweb,1337,RLB+Muon,520,5.909032,0.000292,1.373500
fineweb,1337,RLB+Muon,530,5.843684,0.000291,1.372633
fineweb,1337,RLB+Muon,540,5.798306,0.000291,1.372639
fineweb,1337,RLB+Muon,550,5.803868,0.000290,1.401365
fineweb,1337,RLB+Muon,560,5.835497,0.000290,1.369281
fineweb,1337,RLB+Muon,570,5.797238,0.000289,1.368507
fineweb,1337,RLB+Muon,580,5.749871,0.000288,1.370536
fineweb,1337,RLB+Muon,590,5.724638,0.000288,1.376277
fineweb,1337,RLB+Muon,600,5.702764,0.000287,1.372903
fineweb,1337,RLB+Muon,610,5.683061,0.000287,1.371885
fineweb,1337,RLB+Muon,620,5.633163,0.000286,1.372217
fineweb,1337,RLB+Muon,630,5.635886,0.000285,1.374607
fineweb,1337,RLB+Muon,640,5.636439,0.000284,1.373420
fineweb,1337,RLB+Muon,650,5.582838,0.000284,1.372607
fineweb,1337,RLB+Muon,660,5.576276,0.000283,1.374656
fineweb,1337,RLB+Muon,670,5.558273,0.000282,1.375104
fineweb,1337,RLB+Muon,680,5.561660,0.000282,1.371978
fineweb,1337,RLB+Muon,690,5.545479,0.000281,1.374014
fineweb,1337,RLB+Muon,700,5.488286,0.000280,1.371997
fineweb,1337,RLB+Muon,710,5.538659,0.000279,1.374809
fineweb,1337,RLB+Muon,720,5.484159,0.000279,1.370848
fineweb,1337,RLB+Muon,730,5.485654,0.000278,1.369307
fineweb,1337,RLB+Muon,740,5.471506,0.000277,1.373724
fineweb,1337,RLB+Muon,750,5.446679,0.000276,1.376337
fineweb,1337,RLB+Muon,760,5.430225,0.000275,1.375256
fineweb,1337,RLB+Muon,770,5.425788,0.000274,1.374023
fineweb,1337,RLB+Muon,780,5.409477,0.000273,1.377661
fineweb,1337,RLB+Muon,790,5.369767,0.000273,1.372573
fineweb,1337,RLB+Muon,800,5.385353,0.000272,1.372431
fineweb,1337,RLB+Muon,810,5.361482,0.000271,1.372442
fineweb,1337,RLB+Muon,820,5.327116,0.000270,1.371814
fineweb,1337,RLB+Muon,830,5.333108,0.000269,1.372702
fineweb,1337,RLB+Muon,840,5.319926,0.000268,1.375974
fineweb,1337,RLB+Muon,850,5.313661,0.000267,1.374109
fineweb,1337,RLB+Muon,860,5.308209,0.000266,1.370416
fineweb,1337,RLB+Muon,870,5.273947,0.000265,1.370526
fineweb,1337,RLB+Muon,880,5.236964,0.000264,1.371622
fineweb,1337,RLB+Muon,890,5.248008,0.000263,1.370855
fineweb,1337,RLB+Muon,900,5.221064,0.000262,1.371592
fineweb,1337,RLB+Muon,910,5.231798,0.000261,1.372246
fineweb,1337,RLB+Muon,920,5.209920,0.000260,1.374968
fineweb,1337,RLB+Muon,930,5.197138,0.000259,1.375031
fineweb,1337,RLB+Muon,940,5.217709,0.000258,1.371938
fineweb,1337,RLB+Muon,950,5.174241,0.000257,1.373021
fineweb,1337,RLB+Muon,960,5.181953,0.000255,1.370553
fineweb,1337,RLB+Muon,970,5.161810,0.000254,1.368748
fineweb,1337,RLB+Muon,980,5.170956,0.000253,1.369266
fineweb,1337,RLB+Muon,990,5.161456,0.000252,1.375478
fineweb,1337,RLB+Muon,1000,5.130686,0.000251,1.373721
fineweb,1337,RLB+Muon,1010,5.113472,0.000250,1.374540
fineweb,1337,RLB+Muon,1020,5.113790,0.000249,1.373283
fineweb,1337,RLB+Muon,1030,5.128318,0.000247,1.374398
fineweb,1337,RLB+Muon,1040,5.112366,0.000246,1.374914
fineweb,1337,RLB+Muon,1050,5.079343,0.000245,1.373454
fineweb,1337,RLB+Muon,1060,5.087710,0.000244,1.368866
fineweb,1337,RLB+Muon,1070,5.062473,0.000243,1.368761
fineweb,1337,RLB+Muon,1080,5.040116,0.000241,1.368575
fineweb,1337,RLB+Muon,1090,5.073812,0.000240,1.368863
fineweb,1337,RLB+Muon,1100,5.040154,0.000239,1.373568
fineweb,1337,RLB+Muon,1110,5.051619,0.000238,1.371167
fineweb,1337,RLB+Muon,1120,5.038311,0.000236,1.371848
fineweb,1337,RLB+Muon,1130,5.038813,0.000235,1.369665
fineweb,1337,RLB+Muon,1140,5.006084,0.000234,1.370079
fineweb,1337,RLB+Muon,1150,5.007587,0.000233,1.369908
fineweb,1337,RLB+Muon,1160,5.014300,0.000231,1.369217
fineweb,1337,RLB+Muon,1170,5.000762,0.000230,1.369099
fineweb,1337,RLB+Muon,1180,5.000479,0.000229,1.371970
fineweb,1337,RLB+Muon,1190,5.004194,0.000227,1.373285
fineweb,1337,RLB+Muon,1200,5.005505,0.000226,1.369817
fineweb,1337,RLB+Muon,1210,4.955822,0.000225,1.369456
fineweb,1337,RLB+Muon,1220,4.971254,0.000223,1.371314
fineweb,1337,RLB+Muon,1230,4.945674,0.000222,1.369471
fineweb,1337,RLB+Muon,1240,4.950238,0.000221,1.369177
fineweb,1337,RLB+Muon,1250,4.927825,0.000219,1.369698
fineweb,1337,RLB+Muon,1260,4.924091,0.000218,1.372105
fineweb,1337,RLB+Muon,1270,4.926248,0.000217,1.376317
fineweb,1337,RLB+Muon,1280,4.917592,0.000215,1.368995
fineweb,1337,RLB+Muon,1290,4.932113,0.000214,1.369797
fineweb,1337,RLB+Muon,1300,4.884620,0.000212,1.370208
fineweb,1337,RLB+Muon,1310,4.900182,0.000211,1.369187
fineweb,1337,RLB+Muon,1320,4.870790,0.000210,1.368364
fineweb,1337,RLB+Muon,1330,4.853898,0.000208,1.370880
fineweb,1337,RLB+Muon,1340,4.861713,0.000207,1.369318
fineweb,1337,RLB+Muon,1350,4.903612,0.000205,1.371784
fineweb,1337,RLB+Muon,1360,4.866438,0.000204,1.373295
fineweb,1337,RLB+Muon,1370,4.844658,0.000203,1.373083
fineweb,1337,RLB+Muon,1380,4.858591,0.000201,1.386750
fineweb,1337,RLB+Muon,1390,4.849698,0.000200,1.373250
fineweb,1337,RLB+Muon,1400,4.814881,0.000198,1.372918
fineweb,1337,RLB+Muon,1410,4.835702,0.000197,1.373222
fineweb,1337,RLB+Muon,1420,4.817889,0.000195,1.372060
fineweb,1337,RLB+Muon,1430,4.836535,0.000194,1.371883
fineweb,1337,RLB+Muon,1440,4.811434,0.000192,1.375950
fineweb,1337,RLB+Muon,1450,4.801572,0.000191,1.372703
fineweb,1337,RLB+Muon,1460,4.812537,0.000190,1.373148
fineweb,1337,RLB+Muon,1470,4.807549,0.000188,1.373206
fineweb,1337,RLB+Muon,1480,4.804759,0.000187,1.375233
fineweb,1337,RLB+Muon,1490,4.792032,0.000185,1.373482
fineweb,1337,RLB+Muon,1500,4.783036,0.000184,1.377227
fineweb,1337,RLB+Muon,1510,4.771209,0.000182,1.368593
fineweb,1337,RLB+Muon,1520,4.782493,0.000181,1.371302
fineweb,1337,RLB+Muon,1530,4.788778,0.000179,1.375292
fineweb,1337,RLB+Muon,1540,4.759255,0.000178,1.377489
fineweb,1337,RLB+Muon,1550,4.756164,0.000176,1.373954
fineweb,1337,RLB+Muon,1560,4.746775,0.000175,1.372409
fineweb,1337,RLB+Muon,1570,4.744402,0.000173,1.373791
fineweb,1337,RLB+Muon,1580,4.746232,0.000172,1.374216
fineweb,1337,RLB+Muon,1590,4.725375,0.000170,1.373083
fineweb,1337,RLB+Muon,1600,4.711308,0.000169,1.372325
fineweb,1337,RLB+Muon,1610,4.726005,0.000167,1.373146
fineweb,1337,RLB+Muon,1620,4.724137,0.000166,1.369079
fineweb,1337,RLB+Muon,1630,4.704286,0.000164,1.370033
fineweb,1337,RLB+Muon,1640,4.710995,0.000163,1.368899
fineweb,1337,RLB+Muon,1650,4.709624,0.000161,1.369299
fineweb,1337,RLB+Muon,1660,4.728132,0.000160,1.371189
fineweb,1337,RLB+Muon,1670,4.699134,0.000158,1.368853
fineweb,1337,RLB+Muon,1680,4.707372,0.000157,1.368638
fineweb,1337,RLB+Muon,1690,4.694079,0.000155,1.373055
fineweb,1337,RLB+Muon,1700,4.703238,0.000154,1.371614
fineweb,1337,RLB+Muon,1710,4.679823,0.000153,1.372144
fineweb,1337,RLB+Muon,1720,4.677962,0.000151,1.374126
fineweb,1337,RLB+Muon,1730,4.649686,0.000150,1.373532
fineweb,1337,RLB+Muon,1740,4.668249,0.000148,1.374069
fineweb,1337,RLB+Muon,1750,4.686193,0.000147,1.375605
fineweb,1337,RLB+Muon,1760,4.636002,0.000145,1.368659
fineweb,1337,RLB+Muon,1770,4.655824,0.000144,1.368976
fineweb,1337,RLB+Muon,1780,4.680140,0.000142,1.372756
fineweb,1337,RLB+Muon,1790,4.622895,0.000141,1.373533
fineweb,1337,RLB+Muon,1800,4.644808,0.000139,1.374743
fineweb,1337,RLB+Muon,1810,4.638793,0.000138,1.372594
fineweb,1337,RLB+Muon,1820,4.641542,0.000136,1.374671
fineweb,1337,RLB+Muon,1830,4.628289,0.000135,1.373284
fineweb,1337,RLB+Muon,1840,4.604309,0.000133,1.373919
fineweb,1337,RLB+Muon,1850,4.650271,0.000132,1.373736
fineweb,1337,RLB+Muon,1860,4.600688,0.000131,1.374333
fineweb,1337,RLB+Muon,1870,4.612375,0.000129,1.372646
fineweb,1337,RLB+Muon,1880,4.604398,0.000128,1.373403
fineweb,1337,RLB+Muon,1890,4.616944,0.000126,1.375060
fineweb,1337,RLB+Muon,1900,4.636904,0.000125,1.378258
fineweb,1337,RLB+Muon,1910,4.630537,0.000123,1.374579
fineweb,1337,RLB+Muon,1920,4.611374,0.000122,1.373946
fineweb,1337,RLB+Muon,1930,4.601479,0.000121,1.373415
fineweb,1337,RLB+Muon,1940,4.584414,0.000119,1.376427
fineweb,1337,RLB+Muon,1950,4.614110,0.000118,1.377309
fineweb,1337,RLB+Muon,1960,4.600375,0.000116,1.377579
fineweb,1337,RLB+Muon,1970,4.627874,0.000115,1.379922
fineweb,1337,RLB+Muon,1980,4.571008,0.000114,1.378727
fineweb,1337,RLB+Muon,1990,4.581939,0.000112,1.373289
fineweb,1337,RLB+Muon,2000,4.565403,0.000111,1.373702
fineweb,1337,RLB+Muon,2010,4.579424,0.000110,1.372385
fineweb,1337,RLB+Muon,2020,4.584494,0.000108,1.374206
fineweb,1337,RLB+Muon,2030,4.568493,0.000107,1.374877
fineweb,1337,RLB+Muon,2040,4.582213,0.000106,1.373980
fineweb,1337,RLB+Muon,2050,4.577428,0.000104,1.374086
fineweb,1337,RLB+Muon,2060,4.542651,0.000103,1.375218
fineweb,1337,RLB+Muon,2070,4.555594,0.000102,1.375623
fineweb,1337,RLB+Muon,2080,4.555278,0.000100,1.375282
fineweb,1337,RLB+Muon,2090,4.553061,0.000099,1.379577
fineweb,1337,RLB+Muon,2100,4.553789,0.000098,1.375647
fineweb,1337,RLB+Muon,2110,4.541110,0.000096,1.374555
fineweb,1337,RLB+Muon,2120,4.522196,0.000095,1.375286
fineweb,1337,RLB+Muon,2130,4.542448,0.000094,1.374716
fineweb,1337,RLB+Muon,2140,4.564357,0.000093,1.374360
fineweb,1337,RLB+Muon,2150,4.540726,0.000091,1.373766
fineweb,1337,RLB+Muon,2160,4.546981,0.000090,1.374968
fineweb,1337,RLB+Muon,2170,4.526671,0.000089,1.377203
fineweb,1337,RLB+Muon,2180,4.591767,0.000088,1.376230
fineweb,1337,RLB+Muon,2190,4.533925,0.000086,1.375960
fineweb,1337,RLB+Muon,2200,4.527858,0.000085,1.377816
fineweb,1337,RLB+Muon,2210,4.521268,0.000084,1.374906
fineweb,1337,RLB+Muon,2220,4.504081,0.000083,1.388205
fineweb,1337,RLB+Muon,2230,4.542036,0.000082,1.372076
fineweb,1337,RLB+Muon,2240,4.516134,0.000080,1.375367
fineweb,1337,RLB+Muon,2250,4.506330,0.000079,1.373431
fineweb,1337,RLB+Muon,2260,4.516977,0.000078,1.373077
fineweb,1337,RLB+Muon,2270,4.506766,0.000077,1.373619
fineweb,1337,RLB+Muon,2280,4.524177,0.000076,1.374065
fineweb,1337,RLB+Muon,2290,4.485919,0.000075,1.375055
fineweb,1337,RLB+Muon,2300,4.498032,0.000074,1.374382
fineweb,1337,RLB+Muon,2310,4.490182,0.000073,1.374697
fineweb,1337,RLB+Muon,2320,4.487220,0.000072,1.374433
fineweb,1337,RLB+Muon,2330,4.502152,0.000070,1.373345
fineweb,1337,RLB+Muon,2340,4.505217,0.000069,1.373057
fineweb,1337,RLB+Muon,2350,4.501955,0.000068,1.373436
fineweb,1337,RLB+Muon,2360,4.476381,0.000067,1.373546
fineweb,1337,RLB+Muon,2370,4.498169,0.000066,1.377013
fineweb,1337,RLB+Muon,2380,4.502060,0.000065,1.372252
fineweb,1337,RLB+Muon,2390,4.486086,0.000064,1.374597
fineweb,1337,RLB+Muon,2400,4.460476,0.000063,1.373146
fineweb,1337,RLB+Muon,2410,4.484377,0.000062,1.372982
fineweb,1337,RLB+Muon,2420,4.458128,0.000061,1.371912
fineweb,1337,RLB+Muon,2430,4.467828,0.000060,1.372098
fineweb,1337,RLB+Muon,2440,4.466861,0.000059,1.373568
fineweb,1337,RLB+Muon,2450,4.467635,0.000059,1.375808
fineweb,1337,RLB+Muon,2460,4.462912,0.000058,1.373290
fineweb,1337,RLB+Muon,2470,4.462793,0.000057,1.373746
fineweb,1337,RLB+Muon,2480,4.467654,0.000056,1.373802
fineweb,1337,RLB+Muon,2490,4.462518,0.000055,1.373766
fineweb,1337,RLB+Muon,2500,4.428191,0.000054,1.373736
fineweb,1337,RLB+Muon,2510,4.455009,0.000053,1.372991
fineweb,1337,RLB+Muon,2520,4.476993,0.000052,1.373385
fineweb,1337,RLB+Muon,2530,4.464534,0.000052,1.374524
fineweb,1337,RLB+Muon,2540,4.430760,0.000051,1.377980
fineweb,1337,RLB+Muon,2550,4.457705,0.000050,1.375969
fineweb,1337,RLB+Muon,2560,4.462405,0.000049,1.370491
fineweb,1337,RLB+Muon,2570,4.458964,0.000049,1.370244
fineweb,1337,RLB+Muon,2580,4.468390,0.000048,1.370527
fineweb,1337,RLB+Muon,2590,4.453976,0.000047,1.372157
fineweb,1337,RLB+Muon,2600,4.445104,0.000046,1.374150
fineweb,1337,RLB+Muon,2610,4.414643,0.000046,1.373307
fineweb,1337,RLB+Muon,2620,4.444539,0.000045,1.374775
fineweb,1337,RLB+Muon,2630,4.413865,0.000044,1.374707
fineweb,1337,RLB+Muon,2640,4.428727,0.000044,1.374001
fineweb,1337,RLB+Muon,2650,4.425898,0.000043,1.373566
fineweb,1337,RLB+Muon,2660,4.410531,0.000042,1.370184
fineweb,1337,RLB+Muon,2670,4.434342,0.000042,1.370333
fineweb,1337,RLB+Muon,2680,4.406419,0.000041,1.372891
fineweb,1337,RLB+Muon,2690,4.425367,0.000041,1.370044
fineweb,1337,RLB+Muon,2700,4.434727,0.000040,1.370125
fineweb,1337,RLB+Muon,2710,4.423430,0.000039,1.372097
fineweb,1337,RLB+Muon,2720,4.421212,0.000039,1.368983
fineweb,1337,RLB+Muon,2730,4.418273,0.000038,1.372835
fineweb,1337,RLB+Muon,2740,4.416043,0.000038,1.371581
fineweb,1337,RLB+Muon,2750,4.428745,0.000037,1.373830
fineweb,1337,RLB+Muon,2760,4.417921,0.000037,1.370911
fineweb,1337,RLB+Muon,2770,4.426612,0.000036,1.370524
fineweb,1337,RLB+Muon,2780,4.420099,0.000036,1.371512
fineweb,1337,RLB+Muon,2790,4.418615,0.000036,1.374337
fineweb,1337,RLB+Muon,2800,4.429453,0.000035,1.375548
fineweb,1337,RLB+Muon,2810,4.422431,0.000035,1.370603
fineweb,1337,RLB+Muon,2820,4.429214,0.000034,1.371655
fineweb,1337,RLB+Muon,2830,4.395063,0.000034,1.372592
fineweb,1337,RLB+Muon,2840,4.412137,0.000034,1.374730
fineweb,1337,RLB+Muon,2850,4.415735,0.000033,1.370504
fineweb,1337,RLB+Muon,2860,4.412103,0.000033,1.369910
fineweb,1337,RLB+Muon,2870,4.405222,0.000033,1.370527
fineweb,1337,RLB+Muon,2880,4.413539,0.000032,1.374339
fineweb,1337,RLB+Muon,2890,4.389326,0.000032,1.370583
fineweb,1337,RLB+Muon,2900,4.394715,0.000032,1.374470
fineweb,1337,RLB+Muon,2910,4.430036,0.000032,1.370484
fineweb,1337,RLB+Muon,2920,4.407972,0.000031,1.371243
fineweb,1337,RLB+Muon,2930,4.369200,0.000031,1.375438
fineweb,1337,RLB+Muon,2940,4.427747,0.000031,1.372774
fineweb,1337,RLB+Muon,2950,4.380918,0.000031,1.374901
fineweb,1337,RLB+Muon,2960,4.418973,0.000031,1.375426
fineweb,1337,RLB+Muon,2970,4.400246,0.000031,1.375009
fineweb,1337,RLB+Muon,2980,4.370706,0.000030,1.374213
fineweb,1337,RLB+Muon,2990,4.411563,0.000030,1.373694
fineweb,1337,RLB+Muon,3000,4.414701,0.000030,1.373318
fineweb,1337,RLB+Muon,3010,4.378183,0.000030,1.373668
fineweb,1337,RLB+Muon,3020,4.391930,0.000030,1.375717
fineweb,1337,RLB+Muon,3030,4.420487,0.000030,1.375553
fineweb,1337,RLB+Muon,3040,4.406802,0.000030,1.373054
fineweb,1337,RLB+Muon,3050,4.400363,0.000030,1.382787
fineweb,1337,RLB+MatrixPolicy (group-stat),1,10.991343,0.000001,2.587101
fineweb,1337,RLB+MatrixPolicy (group-stat),10,10.437823,0.000015,1.528642
fineweb,1337,RLB+MatrixPolicy (group-stat),20,9.692453,0.000030,1.424049
fineweb,1337,RLB+MatrixPolicy (group-stat),30,9.411390,0.000045,1.410088
fineweb,1337,RLB+MatrixPolicy (group-stat),40,9.051541,0.000060,1.425483
fineweb,1337,RLB+MatrixPolicy (group-stat),50,8.559461,0.000075,1.410691
fineweb,1337,RLB+MatrixPolicy (group-stat),60,8.057589,0.000090,1.407973
fineweb,1337,RLB+MatrixPolicy (group-stat),70,7.671254,0.000105,1.425942
fineweb,1337,RLB+MatrixPolicy (group-stat),80,7.435948,0.000120,1.410853
fineweb,1337,RLB+MatrixPolicy (group-stat),90,7.306801,0.000135,1.425664
fineweb,1337,RLB+MatrixPolicy (group-stat),100,7.195943,0.000150,1.412092
fineweb,1337,RLB+MatrixPolicy (group-stat),110,7.030098,0.000165,1.426123
fineweb,1337,RLB+MatrixPolicy (group-stat),120,6.937571,0.000180,1.412341
fineweb,1337,RLB+MatrixPolicy (group-stat),130,6.828913,0.000195,1.431236
fineweb,1337,RLB+MatrixPolicy (group-stat),140,6.724780,0.000210,1.417192
fineweb,1337,RLB+MatrixPolicy (group-stat),150,6.626578,0.000225,1.426591
fineweb,1337,RLB+MatrixPolicy (group-stat),160,6.571619,0.000240,1.421554
fineweb,1337,RLB+MatrixPolicy (group-stat),170,6.469171,0.000255,1.407352
fineweb,1337,RLB+MatrixPolicy (group-stat),180,6.452215,0.000270,1.426844
fineweb,1337,RLB+MatrixPolicy (group-stat),190,6.373712,0.000285,1.409970
fineweb,1337,RLB+MatrixPolicy (group-stat),200,6.312639,0.000300,1.425253
fineweb,1337,RLB+MatrixPolicy (group-stat),210,6.234652,0.000300,1.411148
fineweb,1337,RLB+MatrixPolicy (group-stat),220,6.184284,0.000300,1.424566
fineweb,1337,RLB+MatrixPolicy (group-stat),230,6.144366,0.000300,1.406538
fineweb,1337,RLB+MatrixPolicy (group-stat),240,6.116081,0.000300,1.422416
fineweb,1337,RLB+MatrixPolicy (group-stat),250,6.035553,0.000300,1.410985
fineweb,1337,RLB+MatrixPolicy (group-stat),260,5.989737,0.000300,1.406378
fineweb,1337,RLB+MatrixPolicy (group-stat),270,5.976575,0.000300,1.423108
fineweb,1337,RLB+MatrixPolicy (group-stat),280,5.911631,0.000299,1.413778
fineweb,1337,RLB+MatrixPolicy (group-stat),290,5.918673,0.000299,1.425671
fineweb,1337,RLB+MatrixPolicy (group-stat),300,5.855336,0.000299,1.408378
fineweb,1337,RLB+MatrixPolicy (group-stat),310,5.831887,0.000299,1.425245
fineweb,1337,RLB+MatrixPolicy (group-stat),320,5.799305,0.000299,1.408831
fineweb,1337,RLB+MatrixPolicy (group-stat),330,5.740831,0.000299,1.425527
fineweb,1337,RLB+MatrixPolicy (group-stat),340,5.744010,0.000298,1.407388
fineweb,1337,RLB+MatrixPolicy (group-stat),350,5.731860,0.000298,1.426418
fineweb,1337,RLB+MatrixPolicy (group-stat),360,5.706501,0.000298,1.422785
fineweb,1337,RLB+MatrixPolicy (group-stat),370,5.659850,0.000298,1.406153
fineweb,1337,RLB+MatrixPolicy (group-stat),380,5.655776,0.000297,1.422404
fineweb,1337,RLB+MatrixPolicy (group-stat),390,5.599296,0.000297,1.413839
fineweb,1337,RLB+MatrixPolicy (group-stat),400,5.563268,0.000297,1.425513
fineweb,1337,RLB+MatrixPolicy (group-stat),410,5.578149,0.000296,1.412027
fineweb,1337,RLB+MatrixPolicy (group-stat),420,5.580090,0.000296,1.427006
fineweb,1337,RLB+MatrixPolicy (group-stat),430,5.542501,0.000296,1.413103
fineweb,1337,RLB+MatrixPolicy (group-stat),440,5.512881,0.000295,1.425615
fineweb,1337,RLB+MatrixPolicy (group-stat),450,5.500254,0.000295,1.411566
fineweb,1337,RLB+MatrixPolicy (group-stat),460,5.488104,0.000295,1.412642
fineweb,1337,RLB+MatrixPolicy (group-stat),470,5.453507,0.000294,1.424339
fineweb,1337,RLB+MatrixPolicy (group-stat),480,5.450928,0.000294,1.415004
fineweb,1337,RLB+MatrixPolicy (group-stat),490,5.414430,0.000293,1.428067
fineweb,1337,RLB+MatrixPolicy (group-stat),500,5.431797,0.000293,1.409773
fineweb,1337,RLB+MatrixPolicy (group-stat),510,5.382655,0.000292,1.421598
fineweb,1337,RLB+MatrixPolicy (group-stat),520,5.387137,0.000292,1.411634
fineweb,1337,RLB+MatrixPolicy (group-stat),530,5.341703,0.000291,1.425707
fineweb,1337,RLB+MatrixPolicy (group-stat),540,5.308581,0.000291,1.411683
fineweb,1337,RLB+MatrixPolicy (group-stat),550,5.320493,0.000290,1.428395
fineweb,1337,RLB+MatrixPolicy (group-stat),560,5.348235,0.000290,1.426059
fineweb,1337,RLB+MatrixPolicy (group-stat),570,5.324711,0.000289,1.411581
fineweb,1337,RLB+MatrixPolicy (group-stat),580,5.287268,0.000288,1.427059
fineweb,1337,RLB+MatrixPolicy (group-stat),590,5.271213,0.000288,1.411482
fineweb,1337,RLB+MatrixPolicy (group-stat),600,5.251014,0.000287,1.426941
fineweb,1337,RLB+MatrixPolicy (group-stat),610,5.244040,0.000287,1.413187
fineweb,1337,RLB+MatrixPolicy (group-stat),620,5.204771,0.000286,1.430031
fineweb,1337,RLB+MatrixPolicy (group-stat),630,5.209641,0.000285,1.415444
fineweb,1337,RLB+MatrixPolicy (group-stat),640,5.209452,0.000284,1.427901
fineweb,1337,RLB+MatrixPolicy (group-stat),650,5.174602,0.000284,1.411819
fineweb,1337,RLB+MatrixPolicy (group-stat),660,5.168664,0.000283,1.407073
fineweb,1337,RLB+MatrixPolicy (group-stat),670,5.159140,0.000282,1.423251
fineweb,1337,RLB+MatrixPolicy (group-stat),680,5.166924,0.000282,1.407246
fineweb,1337,RLB+MatrixPolicy (group-stat),690,5.154248,0.000281,1.423258
fineweb,1337,RLB+MatrixPolicy (group-stat),700,5.112924,0.000280,1.407480
fineweb,1337,RLB+MatrixPolicy (group-stat),710,5.164619,0.000279,1.425450
fineweb,1337,RLB+MatrixPolicy (group-stat),720,5.115379,0.000279,1.408752
fineweb,1337,RLB+MatrixPolicy (group-stat),730,5.125663,0.000278,1.427001
fineweb,1337,RLB+MatrixPolicy (group-stat),740,5.112331,0.000277,1.415390
fineweb,1337,RLB+MatrixPolicy (group-stat),750,5.098426,0.000276,1.426901
fineweb,1337,RLB+MatrixPolicy (group-stat),760,5.084822,0.000275,1.427291
fineweb,1337,RLB+MatrixPolicy (group-stat),770,5.088554,0.000274,1.412382
fineweb,1337,RLB+MatrixPolicy (group-stat),780,5.081279,0.000273,1.425664
fineweb,1337,RLB+MatrixPolicy (group-stat),790,5.046201,0.000273,1.412816
fineweb,1337,RLB+MatrixPolicy (group-stat),800,5.062125,0.000272,1.428430
fineweb,1337,RLB+MatrixPolicy (group-stat),810,5.043014,0.000271,1.409219
fineweb,1337,RLB+MatrixPolicy (group-stat),820,5.012040,0.000270,1.423473
fineweb,1337,RLB+MatrixPolicy (group-stat),830,5.021768,0.000269,1.413508
fineweb,1337,RLB+MatrixPolicy (group-stat),840,5.019075,0.000268,1.427988
fineweb,1337,RLB+MatrixPolicy (group-stat),850,5.014966,0.000267,1.412454
fineweb,1337,RLB+MatrixPolicy (group-stat),860,5.012966,0.000266,1.410035
fineweb,1337,RLB+MatrixPolicy (group-stat),870,4.982616,0.000265,1.421452
fineweb,1337,RLB+MatrixPolicy (group-stat),880,4.955024,0.000264,1.412922
fineweb,1337,RLB+MatrixPolicy (group-stat),890,4.969174,0.000263,1.426932
fineweb,1337,RLB+MatrixPolicy (group-stat),900,4.946295,0.000262,1.412974
fineweb,1337,RLB+MatrixPolicy (group-stat),910,4.957856,0.000261,1.427148
fineweb,1337,RLB+MatrixPolicy (group-stat),920,4.942956,0.000260,1.413330
fineweb,1337,RLB+MatrixPolicy (group-stat),930,4.929420,0.000259,1.427428
fineweb,1337,RLB+MatrixPolicy (group-stat),940,4.951606,0.000258,1.412715
fineweb,1337,RLB+MatrixPolicy (group-stat),950,4.914244,0.000257,1.426863
fineweb,1337,RLB+MatrixPolicy (group-stat),960,4.921768,0.000255,1.425755
fineweb,1337,RLB+MatrixPolicy (group-stat),970,4.906184,0.000254,1.413423
fineweb,1337,RLB+MatrixPolicy (group-stat),980,4.907765,0.000253,1.426528
fineweb,1337,RLB+MatrixPolicy (group-stat),990,4.903386,0.000252,1.409630
fineweb,1337,RLB+MatrixPolicy (group-stat),1000,4.876918,0.000251,1.426848
fineweb,1337,RLB+MatrixPolicy (group-stat),1010,4.865153,0.000250,1.411106
fineweb,1337,RLB+MatrixPolicy (group-stat),1020,4.861935,0.000249,1.427599
fineweb,1337,RLB+MatrixPolicy (group-stat),1030,4.883416,0.000247,1.411075
fineweb,1337,RLB+MatrixPolicy (group-stat),1040,4.864428,0.000246,1.431023
fineweb,1337,RLB+MatrixPolicy (group-stat),1050,4.832106,0.000245,1.413195
fineweb,1337,RLB+MatrixPolicy (group-stat),1060,4.839463,0.000244,1.406322
fineweb,1337,RLB+MatrixPolicy (group-stat),1070,4.823905,0.000243,1.421002
fineweb,1337,RLB+MatrixPolicy (group-stat),1080,4.805153,0.000241,1.409489
fineweb,1337,RLB+MatrixPolicy (group-stat),1090,4.833968,0.000240,1.422065
fineweb,1337,RLB+MatrixPolicy (group-stat),1100,4.799460,0.000239,1.410509
fineweb,1337,RLB+MatrixPolicy (group-stat),1110,4.811297,0.000238,1.425719
fineweb,1337,RLB+MatrixPolicy (group-stat),1120,4.795105,0.000236,1.416275
fineweb,1337,RLB+MatrixPolicy (group-stat),1130,4.801262,0.000235,1.429613
fineweb,1337,RLB+MatrixPolicy (group-stat),1140,4.769711,0.000234,1.412095
fineweb,1337,RLB+MatrixPolicy (group-stat),1150,4.763496,0.000233,1.428237
fineweb,1337,RLB+MatrixPolicy (group-stat),1160,4.774998,0.000231,1.430095
fineweb,1337,RLB+MatrixPolicy (group-stat),1170,4.761667,0.000230,1.407317
fineweb,1337,RLB+MatrixPolicy (group-stat),1180,4.755500,0.000229,1.446654
fineweb,1337,RLB+MatrixPolicy (group-stat),1190,4.764094,0.000227,1.410032
fineweb,1337,RLB+MatrixPolicy (group-stat),1200,4.764913,0.000226,1.425647
fineweb,1337,RLB+MatrixPolicy (group-stat),1210,4.715089,0.000225,1.414775
fineweb,1337,RLB+MatrixPolicy (group-stat),1220,4.733339,0.000223,1.427148
fineweb,1337,RLB+MatrixPolicy (group-stat),1230,4.711132,0.000222,1.414616
fineweb,1337,RLB+MatrixPolicy (group-stat),1240,4.711408,0.000221,1.428869
fineweb,1337,RLB+MatrixPolicy (group-stat),1250,4.696565,0.000219,1.413077
fineweb,1337,RLB+MatrixPolicy (group-stat),1260,4.689205,0.000218,1.411595
fineweb,1337,RLB+MatrixPolicy (group-stat),1270,4.695225,0.000217,1.426070
fineweb,1337,RLB+MatrixPolicy (group-stat),1280,4.692031,0.000215,1.413090
fineweb,1337,RLB+MatrixPolicy (group-stat),1290,4.699131,0.000214,1.430423
fineweb,1337,RLB+MatrixPolicy (group-stat),1300,4.658439,0.000212,1.412352
fineweb,1337,RLB+MatrixPolicy (group-stat),1310,4.675518,0.000211,1.426660
fineweb,1337,RLB+MatrixPolicy (group-stat),1320,4.648348,0.000210,1.413254
fineweb,1337,RLB+MatrixPolicy (group-stat),1330,4.622726,0.000208,1.425130
fineweb,1337,RLB+MatrixPolicy (group-stat),1340,4.634625,0.000207,1.412305
fineweb,1337,RLB+MatrixPolicy (group-stat),1350,4.667573,0.000205,1.431056
fineweb,1337,RLB+MatrixPolicy (group-stat),1360,4.634312,0.000204,1.420732
fineweb,1337,RLB+MatrixPolicy (group-stat),1370,4.618160,0.000203,1.409664
fineweb,1337,RLB+MatrixPolicy (group-stat),1380,4.630756,0.000201,1.422363
fineweb,1337,RLB+MatrixPolicy (group-stat),1390,4.623146,0.000200,1.407950
fineweb,1337,RLB+MatrixPolicy (group-stat),1400,4.593249,0.000198,1.421045
fineweb,1337,RLB+MatrixPolicy (group-stat),1410,4.608460,0.000197,1.414098
fineweb,1337,RLB+MatrixPolicy (group-stat),1420,4.598912,0.000195,1.426841
fineweb,1337,RLB+MatrixPolicy (group-stat),1430,4.613787,0.000194,1.412188
fineweb,1337,RLB+MatrixPolicy (group-stat),1440,4.588026,0.000192,1.427149
fineweb,1337,RLB+MatrixPolicy (group-stat),1450,4.577872,0.000191,1.416327
fineweb,1337,RLB+MatrixPolicy (group-stat),1460,4.585343,0.000190,1.407499
fineweb,1337,RLB+MatrixPolicy (group-stat),1470,4.579440,0.000188,1.426586
fineweb,1337,RLB+MatrixPolicy (group-stat),1480,4.581087,0.000187,1.413365
fineweb,1337,RLB+MatrixPolicy (group-stat),1490,4.566955,0.000185,1.427232
fineweb,1337,RLB+MatrixPolicy (group-stat),1500,4.559363,0.000184,1.412191
fineweb,1337,RLB+MatrixPolicy (group-stat),1510,4.558760,0.000182,1.428142
fineweb,1337,RLB+MatrixPolicy (group-stat),1520,4.559652,0.000181,1.411871
fineweb,1337,RLB+MatrixPolicy (group-stat),1530,4.564723,0.000179,1.429952
fineweb,1337,RLB+MatrixPolicy (group-stat),1540,4.546077,0.000178,1.411934
fineweb,1337,RLB+MatrixPolicy (group-stat),1550,4.538216,0.000176,1.428187
fineweb,1337,RLB+MatrixPolicy (group-stat),1560,4.527263,0.000175,1.427351
fineweb,1337,RLB+MatrixPolicy (group-stat),1570,4.534184,0.000173,1.408972
fineweb,1337,RLB+MatrixPolicy (group-stat),1580,4.532639,0.000172,1.424535
fineweb,1337,RLB+MatrixPolicy (group-stat),1590,4.505615,0.000170,1.412723
fineweb,1337,RLB+MatrixPolicy (group-stat),1600,4.493028,0.000169,1.427089
fineweb,1337,RLB+MatrixPolicy (group-stat),1610,4.508986,0.000167,1.411308
fineweb,1337,RLB+MatrixPolicy (group-stat),1620,4.508571,0.000166,1.429063
fineweb,1337,RLB+MatrixPolicy (group-stat),1630,4.493406,0.000164,1.411321
fineweb,1337,RLB+MatrixPolicy (group-stat),1640,4.499073,0.000163,1.425906
fineweb,1337,RLB+MatrixPolicy (group-stat),1650,4.497951,0.000161,1.411695
fineweb,1337,RLB+MatrixPolicy (group-stat),1660,4.509458,0.000160,1.407674
fineweb,1337,RLB+MatrixPolicy (group-stat),1670,4.487325,0.000158,1.424640
fineweb,1337,RLB+MatrixPolicy (group-stat),1680,4.495275,0.000157,1.413269
fineweb,1337,RLB+MatrixPolicy (group-stat),1690,4.482561,0.000155,1.428891
fineweb,1337,RLB+MatrixPolicy (group-stat),1700,4.493610,0.000154,1.414872
fineweb,1337,RLB+MatrixPolicy (group-stat),1710,4.474129,0.000153,1.426443
fineweb,1337,RLB+MatrixPolicy (group-stat),1720,4.476046,0.000151,1.408360
fineweb,1337,RLB+MatrixPolicy (group-stat),1730,4.448527,0.000150,1.426296
fineweb,1337,RLB+MatrixPolicy (group-stat),1740,4.466007,0.000148,1.410535
fineweb,1337,RLB+MatrixPolicy (group-stat),1750,4.475441,0.000147,1.427546
fineweb,1337,RLB+MatrixPolicy (group-stat),1760,4.438012,0.000145,1.421713
fineweb,1337,RLB+MatrixPolicy (group-stat),1770,4.455741,0.000144,1.410771
fineweb,1337,RLB+MatrixPolicy (group-stat),1780,4.471475,0.000142,1.425593
fineweb,1337,RLB+MatrixPolicy (group-stat),1790,4.423480,0.000141,1.409423
fineweb,1337,RLB+MatrixPolicy (group-stat),1800,4.438868,0.000139,1.421321
fineweb,1337,RLB+MatrixPolicy (group-stat),1810,4.431952,0.000138,1.407935
fineweb,1337,RLB+MatrixPolicy (group-stat),1820,4.441375,0.000136,1.428677
fineweb,1337,RLB+MatrixPolicy (group-stat),1830,4.426418,0.000135,1.412214
fineweb,1337,RLB+MatrixPolicy (group-stat),1840,4.399849,0.000133,1.426015
fineweb,1337,RLB+MatrixPolicy (group-stat),1850,4.448779,0.000132,1.413988
fineweb,1337,RLB+MatrixPolicy (group-stat),1860,4.399295,0.000131,1.411235
fineweb,1337,RLB+MatrixPolicy (group-stat),1870,4.411721,0.000129,1.422151
fineweb,1337,RLB+MatrixPolicy (group-stat),1880,4.415351,0.000128,1.410392
fineweb,1337,RLB+MatrixPolicy (group-stat),1890,4.416077,0.000126,1.432862
fineweb,1337,RLB+MatrixPolicy (group-stat),1900,4.436963,0.000125,1.413877
fineweb,1337,RLB+MatrixPolicy (group-stat),1910,4.433872,0.000123,1.427672
fineweb,1337,RLB+MatrixPolicy (group-stat),1920,4.418257,0.000122,1.413441
fineweb,1337,RLB+MatrixPolicy (group-stat),1930,4.399944,0.000121,1.428055
fineweb,1337,RLB+MatrixPolicy (group-stat),1940,4.382110,0.000119,1.416478
fineweb,1337,RLB+MatrixPolicy (group-stat),1950,4.415996,0.000118,1.428086
fineweb,1337,RLB+MatrixPolicy (group-stat),1960,4.404012,0.000116,1.426158
fineweb,1337,RLB+MatrixPolicy (group-stat),1970,4.424791,0.000115,1.412827
fineweb,1337,RLB+MatrixPolicy (group-stat),1980,4.371290,0.000114,1.426342
fineweb,1337,RLB+MatrixPolicy (group-stat),1990,4.379897,0.000112,1.413014
fineweb,1337,RLB+MatrixPolicy (group-stat),2000,4.372841,0.000111,1.426125
fineweb,1337,RLB+MatrixPolicy (group-stat),2010,4.384395,0.000110,1.406267
fineweb,1337,RLB+MatrixPolicy (group-stat),2020,4.388756,0.000108,1.425233
fineweb,1337,RLB+MatrixPolicy (group-stat),2030,4.376319,0.000107,1.412223
fineweb,1337,RLB+MatrixPolicy (group-stat),2040,4.383449,0.000106,1.428457
fineweb,1337,RLB+MatrixPolicy (group-stat),2050,4.384184,0.000104,1.415406
fineweb,1337,RLB+MatrixPolicy (group-stat),2060,4.352155,0.000103,1.412956
fineweb,1337,RLB+MatrixPolicy (group-stat),2070,4.358701,0.000102,1.427247
fineweb,1337,RLB+MatrixPolicy (group-stat),2080,4.361207,0.000100,1.412292
fineweb,1337,RLB+MatrixPolicy (group-stat),2090,4.355766,0.000099,1.427101
fineweb,1337,RLB+MatrixPolicy (group-stat),2100,4.362525,0.000098,1.414706
fineweb,1337,RLB+MatrixPolicy (group-stat),2110,4.345406,0.000096,1.430294
fineweb,1337,RLB+MatrixPolicy (group-stat),2120,4.329896,0.000095,1.415529
fineweb,1337,RLB+MatrixPolicy (group-stat),2130,4.350733,0.000094,1.429324
fineweb,1337,RLB+MatrixPolicy (group-stat),2140,4.370977,0.000093,1.416956
fineweb,1337,RLB+MatrixPolicy (group-stat),2150,4.345771,0.000091,1.432194
fineweb,1337,RLB+MatrixPolicy (group-stat),2160,4.349675,0.000090,1.430976
fineweb,1337,RLB+MatrixPolicy (group-stat),2170,4.332804,0.000089,1.415444
fineweb,1337,RLB+MatrixPolicy (group-stat),2180,4.389689,0.000088,1.431306
fineweb,1337,RLB+MatrixPolicy (group-stat),2190,4.341545,0.000086,1.415541
fineweb,1337,RLB+MatrixPolicy (group-stat),2200,4.335754,0.000085,1.429814
fineweb,1337,RLB+MatrixPolicy (group-stat),2210,4.327486,0.000084,1.406099
fineweb,1337,RLB+MatrixPolicy (group-stat),2220,4.308186,0.000083,1.421311
fineweb,1337,RLB+MatrixPolicy (group-stat),2230,4.347168,0.000082,1.405959
fineweb,1337,RLB+MatrixPolicy (group-stat),2240,4.323247,0.000080,1.421264
fineweb,1337,RLB+MatrixPolicy (group-stat),2250,4.316947,0.000079,1.411612
fineweb,1337,RLB+MatrixPolicy (group-stat),2260,4.322863,0.000078,1.406478
fineweb,1337,RLB+MatrixPolicy (group-stat),2270,4.311946,0.000077,1.426156
fineweb,1337,RLB+MatrixPolicy (group-stat),2280,4.335587,0.000076,1.406301
fineweb,1337,RLB+MatrixPolicy (group-stat),2290,4.299829,0.000075,1.426352
fineweb,1337,RLB+MatrixPolicy (group-stat),2300,4.301834,0.000074,1.411900
fineweb,1337,RLB+MatrixPolicy (group-stat),2310,4.299082,0.000073,1.426909
fineweb,1337,RLB+MatrixPolicy (group-stat),2320,4.294128,0.000072,1.413222
fineweb,1337,RLB+MatrixPolicy (group-stat),2330,4.309804,0.000070,1.426821
fineweb,1337,RLB+MatrixPolicy (group-stat),2340,4.315077,0.000069,1.413121
fineweb,1337,RLB+MatrixPolicy (group-stat),2350,4.313113,0.000068,1.429738
fineweb,1337,RLB+MatrixPolicy (group-stat),2360,4.287313,0.000067,1.421260
fineweb,1337,RLB+MatrixPolicy (group-stat),2370,4.304430,0.000066,1.406311
fineweb,1337,RLB+MatrixPolicy (group-stat),2380,4.305653,0.000065,1.420744
fineweb,1337,RLB+MatrixPolicy (group-stat),2390,4.296741,0.000064,1.411319
fineweb,1337,RLB+MatrixPolicy (group-stat),2400,4.266503,0.000063,1.426485
fineweb,1337,RLB+MatrixPolicy (group-stat),2410,4.292337,0.000062,1.411579
fineweb,1337,RLB+MatrixPolicy (group-stat),2420,4.267044,0.000061,1.426433
fineweb,1337,RLB+MatrixPolicy (group-stat),2430,4.275768,0.000060,1.417403
fineweb,1337,RLB+MatrixPolicy (group-stat),2440,4.278773,0.000059,1.430171
fineweb,1337,RLB+MatrixPolicy (group-stat),2450,4.271998,0.000059,1.414435
fineweb,1337,RLB+MatrixPolicy (group-stat),2460,4.270291,0.000058,1.408960
fineweb,1337,RLB+MatrixPolicy (group-stat),2470,4.274935,0.000057,1.429308
fineweb,1337,RLB+MatrixPolicy (group-stat),2480,4.276647,0.000056,1.414114
fineweb,1337,RLB+MatrixPolicy (group-stat),2490,4.269062,0.000055,1.426989
fineweb,1337,RLB+MatrixPolicy (group-stat),2500,4.237014,0.000054,1.412193
fineweb,1337,RLB+MatrixPolicy (group-stat),2510,4.261505,0.000053,1.428806
fineweb,1337,RLB+MatrixPolicy (group-stat),2520,4.284208,0.000052,1.411508
fineweb,1337,RLB+MatrixPolicy (group-stat),2530,4.267409,0.000052,1.427894
fineweb,1337,RLB+MatrixPolicy (group-stat),2540,4.234028,0.000051,1.412121
fineweb,1337,RLB+MatrixPolicy (group-stat),2550,4.261314,0.000050,1.428556
fineweb,1337,RLB+MatrixPolicy (group-stat),2560,4.266698,0.000049,1.422419
fineweb,1337,RLB+MatrixPolicy (group-stat),2570,4.265636,0.000049,1.414243
fineweb,1337,RLB+MatrixPolicy (group-stat),2580,4.272667,0.000048,1.426123
fineweb,1337,RLB+MatrixPolicy (group-stat),2590,4.258318,0.000047,1.413438
fineweb,1337,RLB+MatrixPolicy (group-stat),2600,4.245993,0.000046,1.438627
fineweb,1337,RLB+MatrixPolicy (group-stat),2610,4.221234,0.000046,1.406585
fineweb,1337,RLB+MatrixPolicy (group-stat),2620,4.249958,0.000045,1.427096
fineweb,1337,RLB+MatrixPolicy (group-stat),2630,4.220673,0.000044,1.411336
fineweb,1337,RLB+MatrixPolicy (group-stat),2640,4.238555,0.000044,1.426970
fineweb,1337,RLB+MatrixPolicy (group-stat),2650,4.234566,0.000043,1.415416
fineweb,1337,RLB+MatrixPolicy (group-stat),2660,4.219343,0.000042,1.406569
fineweb,1337,RLB+MatrixPolicy (group-stat),2670,4.239113,0.000042,1.424301
fineweb,1337,RLB+MatrixPolicy (group-stat),2680,4.213309,0.000041,1.414530
fineweb,1337,RLB+MatrixPolicy (group-stat),2690,4.231111,0.000041,1.429583
fineweb,1337,RLB+MatrixPolicy (group-stat),2700,4.235397,0.000040,1.412938
fineweb,1337,RLB+MatrixPolicy (group-stat),2710,4.228728,0.000039,1.420776
fineweb,1337,RLB+MatrixPolicy (group-stat),2720,4.217676,0.000039,1.407467
fineweb,1337,RLB+MatrixPolicy (group-stat),2730,4.218974,0.000038,1.422772
fineweb,1337,RLB+MatrixPolicy (group-stat),2740,4.218426,0.000038,1.407466
fineweb,1337,RLB+MatrixPolicy (group-stat),2750,4.232083,0.000037,1.425500
fineweb,1337,RLB+MatrixPolicy (group-stat),2760,4.224032,0.000037,1.423429
fineweb,1337,RLB+MatrixPolicy (group-stat),2770,4.228227,0.000036,1.407783
fineweb,1337,RLB+MatrixPolicy (group-stat),2780,4.222397,0.000036,1.422518
fineweb,1337,RLB+MatrixPolicy (group-stat),2790,4.223476,0.000036,1.407253
fineweb,1337,RLB+MatrixPolicy (group-stat),2800,4.225556,0.000035,1.422493
fineweb,1337,RLB+MatrixPolicy (group-stat),2810,4.226589,0.000035,1.407776
fineweb,1337,RLB+MatrixPolicy (group-stat),2820,4.230715,0.000034,1.422653
fineweb,1337,RLB+MatrixPolicy (group-stat),2830,4.195309,0.000034,1.406869
fineweb,1337,RLB+MatrixPolicy (group-stat),2840,4.216573,0.000034,1.426482
fineweb,1337,RLB+MatrixPolicy (group-stat),2850,4.220522,0.000033,1.412620
fineweb,1337,RLB+MatrixPolicy (group-stat),2860,4.213809,0.000033,1.411883
fineweb,1337,RLB+MatrixPolicy (group-stat),2870,4.209119,0.000033,1.427840
fineweb,1337,RLB+MatrixPolicy (group-stat),2880,4.218286,0.000032,1.413265
fineweb,1337,RLB+MatrixPolicy (group-stat),2890,4.193846,0.000032,1.426957
fineweb,1337,RLB+MatrixPolicy (group-stat),2900,4.200437,0.000032,1.417217
fineweb,1337,RLB+MatrixPolicy (group-stat),2910,4.227547,0.000032,1.428382
fineweb,1337,RLB+MatrixPolicy (group-stat),2920,4.212014,0.000031,1.415568
fineweb,1337,RLB+MatrixPolicy (group-stat),2930,4.170467,0.000031,1.428531
fineweb,1337,RLB+MatrixPolicy (group-stat),2940,4.225934,0.000031,1.413554
fineweb,1337,RLB+MatrixPolicy (group-stat),2950,4.184341,0.000031,1.426511
fineweb,1337,RLB+MatrixPolicy (group-stat),2960,4.216637,0.000031,1.425884
fineweb,1337,RLB+MatrixPolicy (group-stat),2970,4.200148,0.000031,1.411337
fineweb,1337,RLB+MatrixPolicy (group-stat),2980,4.178453,0.000030,1.428394
fineweb,1337,RLB+MatrixPolicy (group-stat),2990,4.208343,0.000030,1.412564
fineweb,1337,RLB+MatrixPolicy (group-stat),3000,4.213643,0.000030,1.430311
fineweb,1337,RLB+MatrixPolicy (group-stat),3010,4.179882,0.000030,1.411295
fineweb,1337,RLB+MatrixPolicy (group-stat),3020,4.192476,0.000030,1.427009
fineweb,1337,RLB+MatrixPolicy (group-stat),3030,4.222285,0.000030,1.413528
fineweb,1337,RLB+MatrixPolicy (group-stat),3040,4.207950,0.000030,1.428278
fineweb,1337,RLB+MatrixPolicy (group-stat),3050,4.207307,0.000030,1.412243
fineweb,2027,SiLU+AdamW,1,10.989661,0.000001,3.168618
fineweb,2027,SiLU+AdamW,10,10.865811,0.000015,1.621279
fineweb,2027,SiLU+AdamW,20,10.205401,0.000030,1.855587
fineweb,2027,SiLU+AdamW,30,9.583976,0.000045,1.254106
fineweb,2027,SiLU+AdamW,40,9.237806,0.000060,1.756149
fineweb,2027,SiLU+AdamW,50,8.836853,0.000075,1.770108
fineweb,2027,SiLU+AdamW,60,8.368002,0.000090,1.700741
fineweb,2027,SiLU+AdamW,70,7.984037,0.000105,1.958230
fineweb,2027,SiLU+AdamW,80,7.696515,0.000120,1.418899
fineweb,2027,SiLU+AdamW,90,7.518285,0.000135,1.770439
fineweb,2027,SiLU+AdamW,100,7.385303,0.000150,1.260513
fineweb,2027,SiLU+AdamW,110,7.269531,0.000165,1.696889
fineweb,2027,SiLU+AdamW,120,7.148997,0.000180,1.288549
fineweb,2027,SiLU+AdamW,130,7.022948,0.000195,1.685737
fineweb,2027,SiLU+AdamW,140,6.924942,0.000210,1.702863
fineweb,2027,SiLU+AdamW,150,6.789920,0.000225,1.257744
fineweb,2027,SiLU+AdamW,160,6.716544,0.000240,1.706635
fineweb,2027,SiLU+AdamW,170,6.630003,0.000255,1.391032
fineweb,2027,SiLU+AdamW,180,6.565191,0.000270,1.733077
fineweb,2027,SiLU+AdamW,190,6.510908,0.000285,1.509154
fineweb,2027,SiLU+AdamW,200,6.442234,0.000300,1.383484
fineweb,2027,SiLU+AdamW,210,6.417253,0.000300,1.464698
fineweb,2027,SiLU+AdamW,220,6.326452,0.000300,1.266047
fineweb,2027,SiLU+AdamW,230,6.314420,0.000300,1.442640
fineweb,2027,SiLU+AdamW,240,6.238214,0.000300,1.552254
fineweb,2027,SiLU+AdamW,250,6.199845,0.000300,1.453421
fineweb,2027,SiLU+AdamW,260,6.145623,0.000300,1.905696
fineweb,2027,SiLU+AdamW,270,6.084287,0.000300,1.259603
fineweb,2027,SiLU+AdamW,280,6.088984,0.000299,1.267699
fineweb,2027,SiLU+AdamW,290,6.034301,0.000299,1.684632
fineweb,2027,SiLU+AdamW,300,6.007780,0.000299,1.491521
fineweb,2027,SiLU+AdamW,310,5.945185,0.000299,1.692074
fineweb,2027,SiLU+AdamW,320,5.904086,0.000299,1.383218
fineweb,2027,SiLU+AdamW,330,5.902658,0.000299,1.608172
fineweb,2027,SiLU+AdamW,340,5.871289,0.000298,1.261852
fineweb,2027,SiLU+AdamW,350,5.838106,0.000298,1.324359
fineweb,2027,SiLU+AdamW,360,5.830849,0.000298,1.877824
fineweb,2027,SiLU+AdamW,370,5.784154,0.000298,1.382899
fineweb,2027,SiLU+AdamW,380,5.785137,0.000297,1.261945
fineweb,2027,SiLU+AdamW,390,5.746050,0.000297,1.763139
fineweb,2027,SiLU+AdamW,400,5.728059,0.000297,1.287900
fineweb,2027,SiLU+AdamW,410,5.697624,0.000296,1.951797
fineweb,2027,SiLU+AdamW,420,5.668764,0.000296,1.363261
fineweb,2027,SiLU+AdamW,430,5.636737,0.000296,1.463627
fineweb,2027,SiLU+AdamW,440,5.627705,0.000295,1.259887
fineweb,2027,SiLU+AdamW,450,5.646431,0.000295,1.757484
fineweb,2027,SiLU+AdamW,460,5.600410,0.000295,1.585218
fineweb,2027,SiLU+AdamW,470,5.599519,0.000294,1.559594
fineweb,2027,SiLU+AdamW,480,5.533185,0.000294,1.411182
fineweb,2027,SiLU+AdamW,490,5.553499,0.000293,1.450628
fineweb,2027,SiLU+AdamW,500,5.532150,0.000293,1.560407
fineweb,2027,SiLU+AdamW,510,5.481451,0.000292,1.340490
fineweb,2027,SiLU+AdamW,520,5.537329,0.000292,1.501463
fineweb,2027,SiLU+AdamW,530,5.479689,0.000291,1.791908
fineweb,2027,SiLU+AdamW,540,5.453565,0.000291,1.264424
fineweb,2027,SiLU+AdamW,550,5.462015,0.000290,1.822651
fineweb,2027,SiLU+AdamW,560,5.445799,0.000290,1.343269
fineweb,2027,SiLU+AdamW,570,5.454801,0.000289,1.715508
fineweb,2027,SiLU+AdamW,580,5.404697,0.000288,1.690211
fineweb,2027,SiLU+AdamW,590,5.379332,0.000288,1.261763
fineweb,2027,SiLU+AdamW,600,5.367745,0.000287,1.686560
fineweb,2027,SiLU+AdamW,610,5.394926,0.000287,1.310436
fineweb,2027,SiLU+AdamW,620,5.363036,0.000286,1.753732
fineweb,2027,SiLU+AdamW,630,5.369999,0.000285,1.657810
fineweb,2027,SiLU+AdamW,640,5.336874,0.000284,1.261669
fineweb,2027,SiLU+AdamW,650,5.336483,0.000284,1.737875
fineweb,2027,SiLU+AdamW,660,5.307234,0.000283,1.304463
fineweb,2027,SiLU+AdamW,670,5.309387,0.000282,1.594453
fineweb,2027,SiLU+AdamW,680,5.324856,0.000282,1.278408
fineweb,2027,SiLU+AdamW,690,5.285694,0.000281,1.751181
fineweb,2027,SiLU+AdamW,700,5.289555,0.000280,1.701425
fineweb,2027,SiLU+AdamW,710,5.234137,0.000279,1.312273
fineweb,2027,SiLU+AdamW,720,5.252460,0.000279,1.829513
fineweb,2027,SiLU+AdamW,730,5.264452,0.000278,1.424246
fineweb,2027,SiLU+AdamW,740,5.244828,0.000277,1.412101
fineweb,2027,SiLU+AdamW,750,5.202591,0.000276,1.287020
fineweb,2027,SiLU+AdamW,760,5.231248,0.000275,1.613619
fineweb,2027,SiLU+AdamW,770,5.205510,0.000274,1.732748
fineweb,2027,SiLU+AdamW,780,5.184901,0.000273,1.448800
fineweb,2027,SiLU+AdamW,790,5.197199,0.000273,1.528971
fineweb,2027,SiLU+AdamW,800,5.180006,0.000272,1.347930
fineweb,2027,SiLU+AdamW,810,5.153930,0.000271,1.575685
fineweb,2027,SiLU+AdamW,820,5.164386,0.000270,1.410113
fineweb,2027,SiLU+AdamW,830,5.143823,0.000269,1.485478
fineweb,2027,SiLU+AdamW,840,5.152343,0.000268,1.277154
fineweb,2027,SiLU+AdamW,850,5.141617,0.000267,1.848913
fineweb,2027,SiLU+AdamW,860,5.110927,0.000266,1.419411
fineweb,2027,SiLU+AdamW,870,5.126684,0.000265,1.596815
fineweb,2027,SiLU+AdamW,880,5.115566,0.000264,1.330132
fineweb,2027,SiLU+AdamW,890,5.076651,0.000263,1.481015
fineweb,2027,SiLU+AdamW,900,5.080106,0.000262,1.519665
fineweb,2027,SiLU+AdamW,910,5.051319,0.000261,1.803136
fineweb,2027,SiLU+AdamW,920,5.060204,0.000260,1.468464
fineweb,2027,SiLU+AdamW,930,5.002912,0.000259,1.261318
fineweb,2027,SiLU+AdamW,940,5.020857,0.000258,1.552582
fineweb,2027,SiLU+AdamW,950,5.031287,0.000257,1.836352
fineweb,2027,SiLU+AdamW,960,5.020965,0.000255,1.581951
fineweb,2027,SiLU+AdamW,970,5.030728,0.000254,1.484911
fineweb,2027,SiLU+AdamW,980,5.015792,0.000253,1.332623
fineweb,2027,SiLU+AdamW,990,4.997995,0.000252,1.332039
fineweb,2027,SiLU+AdamW,1000,5.001495,0.000251,1.609608
fineweb,2027,SiLU+AdamW,1010,5.011597,0.000250,1.779867
fineweb,2027,SiLU+AdamW,1020,4.971208,0.000249,1.385429
fineweb,2027,SiLU+AdamW,1030,4.970108,0.000247,1.325546
fineweb,2027,SiLU+AdamW,1040,4.983781,0.000246,1.739111
fineweb,2027,SiLU+AdamW,1050,4.960585,0.000245,1.261642
fineweb,2027,SiLU+AdamW,1060,4.960818,0.000244,1.721176
fineweb,2027,SiLU+AdamW,1070,4.951673,0.000243,1.582124
fineweb,2027,SiLU+AdamW,1080,4.926964,0.000241,1.265105
fineweb,2027,SiLU+AdamW,1090,4.947682,0.000240,1.539992
fineweb,2027,SiLU+AdamW,1100,4.956980,0.000239,1.288469
fineweb,2027,SiLU+AdamW,1110,4.925088,0.000238,1.799564
fineweb,2027,SiLU+AdamW,1120,4.961298,0.000236,1.574102
fineweb,2027,SiLU+AdamW,1130,4.925439,0.000235,1.276178
fineweb,2027,SiLU+AdamW,1140,4.912829,0.000234,1.556821
fineweb,2027,SiLU+AdamW,1150,4.905110,0.000233,1.557755
fineweb,2027,SiLU+AdamW,1160,4.889564,0.000231,1.497452
fineweb,2027,SiLU+AdamW,1170,4.878509,0.000230,1.560966
fineweb,2027,SiLU+AdamW,1180,4.895753,0.000229,1.506711
fineweb,2027,SiLU+AdamW,1190,4.903434,0.000227,1.432964
fineweb,2027,SiLU+AdamW,1200,4.843296,0.000226,1.262159
fineweb,2027,SiLU+AdamW,1210,4.850818,0.000225,1.313742
fineweb,2027,SiLU+AdamW,1220,4.844683,0.000223,1.308291
fineweb,2027,SiLU+AdamW,1230,4.850363,0.000222,1.719771
fineweb,2027,SiLU+AdamW,1240,4.836083,0.000221,1.260443
fineweb,2027,SiLU+AdamW,1250,4.843725,0.000219,1.676078
fineweb,2027,SiLU+AdamW,1260,4.826199,0.000218,1.313074
fineweb,2027,SiLU+AdamW,1270,4.836411,0.000217,1.384114
fineweb,2027,SiLU+AdamW,1280,4.804870,0.000215,1.683225
fineweb,2027,SiLU+AdamW,1290,4.796051,0.000214,1.433022
fineweb,2027,SiLU+AdamW,1300,4.819596,0.000212,1.385155
fineweb,2027,SiLU+AdamW,1310,4.809197,0.000211,1.303828
fineweb,2027,SiLU+AdamW,1320,4.806216,0.000210,1.300693
fineweb,2027,SiLU+AdamW,1330,4.778200,0.000208,1.606401
fineweb,2027,SiLU+AdamW,1340,4.775945,0.000207,1.426889
fineweb,2027,SiLU+AdamW,1350,4.767283,0.000205,1.265531
fineweb,2027,SiLU+AdamW,1360,4.768557,0.000204,1.562150
fineweb,2027,SiLU+AdamW,1370,4.722070,0.000203,1.417096
fineweb,2027,SiLU+AdamW,1380,4.759627,0.000201,1.305314
fineweb,2027,SiLU+AdamW,1390,4.750560,0.000200,1.453522
fineweb,2027,SiLU+AdamW,1400,4.774571,0.000198,1.264139
fineweb,2027,SiLU+AdamW,1410,4.780922,0.000197,1.705918
fineweb,2027,SiLU+AdamW,1420,4.738901,0.000195,1.410901
fineweb,2027,SiLU+AdamW,1430,4.735044,0.000194,1.517287
fineweb,2027,SiLU+AdamW,1440,4.735917,0.000192,1.860975
fineweb,2027,SiLU+AdamW,1450,4.712221,0.000191,1.750345
fineweb,2027,SiLU+AdamW,1460,4.753300,0.000190,1.638649
fineweb,2027,SiLU+AdamW,1470,4.724066,0.000188,1.896002
fineweb,2027,SiLU+AdamW,1480,4.693739,0.000187,1.751374
fineweb,2027,SiLU+AdamW,1490,4.717329,0.000185,1.864160
fineweb,2027,SiLU+AdamW,1500,4.725232,0.000184,1.942072
fineweb,2027,SiLU+AdamW,1510,4.688268,0.000182,1.799150
fineweb,2027,SiLU+AdamW,1520,4.699853,0.000181,1.860966
fineweb,2027,SiLU+AdamW,1530,4.680156,0.000179,1.621995
fineweb,2027,SiLU+AdamW,1540,4.707942,0.000178,1.883996
fineweb,2027,SiLU+AdamW,1550,4.654439,0.000176,1.963929
fineweb,2027,SiLU+AdamW,1560,4.694910,0.000175,1.863044
fineweb,2027,SiLU+AdamW,1570,4.685633,0.000173,1.887205
fineweb,2027,SiLU+AdamW,1580,4.682225,0.000172,1.872132
fineweb,2027,SiLU+AdamW,1590,4.689813,0.000170,1.641192
fineweb,2027,SiLU+AdamW,1600,4.677857,0.000169,1.811074
fineweb,2027,SiLU+AdamW,1610,4.659873,0.000167,1.877523
fineweb,2027,SiLU+AdamW,1620,4.643392,0.000166,1.943246
fineweb,2027,SiLU+AdamW,1630,4.627407,0.000164,1.960590
fineweb,2027,SiLU+AdamW,1640,4.664847,0.000163,1.888785
fineweb,2027,SiLU+AdamW,1650,4.656750,0.000161,1.856036
fineweb,2027,SiLU+AdamW,1660,4.645196,0.000160,1.829541
fineweb,2027,SiLU+AdamW,1670,4.634521,0.000158,2.034878
fineweb,2027,SiLU+AdamW,1680,4.634466,0.000157,1.922799
fineweb,2027,SiLU+AdamW,1690,4.642306,0.000155,1.867616
fineweb,2027,SiLU+AdamW,1700,4.645975,0.000154,1.897219
fineweb,2027,SiLU+AdamW,1710,4.620941,0.000153,1.864275
fineweb,2027,SiLU+AdamW,1720,4.615453,0.000151,1.553335
fineweb,2027,SiLU+AdamW,1730,4.610392,0.000150,1.860715
fineweb,2027,SiLU+AdamW,1740,4.622297,0.000148,1.868348
fineweb,2027,SiLU+AdamW,1750,4.614002,0.000147,1.944202
fineweb,2027,SiLU+AdamW,1760,4.603748,0.000145,1.922494
fineweb,2027,SiLU+AdamW,1770,4.609001,0.000144,1.821709
fineweb,2027,SiLU+AdamW,1780,4.594471,0.000142,1.688200
fineweb,2027,SiLU+AdamW,1790,4.597985,0.000141,1.935104
fineweb,2027,SiLU+AdamW,1800,4.598034,0.000139,1.766827
fineweb,2027,SiLU+AdamW,1810,4.591365,0.000138,1.825578
fineweb,2027,SiLU+AdamW,1820,4.575835,0.000136,1.934537
fineweb,2027,SiLU+AdamW,1830,4.598541,0.000135,1.968034
fineweb,2027,SiLU+AdamW,1840,4.578843,0.000133,1.884467
fineweb,2027,SiLU+AdamW,1850,4.571159,0.000132,1.617282
fineweb,2027,SiLU+AdamW,1860,4.584165,0.000131,1.926051
fineweb,2027,SiLU+AdamW,1870,4.585903,0.000129,1.971592
fineweb,2027,SiLU+AdamW,1880,4.602372,0.000128,1.885596
fineweb,2027,SiLU+AdamW,1890,4.582808,0.000126,1.772535
fineweb,2027,SiLU+AdamW,1900,4.565890,0.000125,1.812851
fineweb,2027,SiLU+AdamW,1910,4.568410,0.000123,1.657465
fineweb,2027,SiLU+AdamW,1920,4.564259,0.000122,1.945441
fineweb,2027,SiLU+AdamW,1930,4.581699,0.000121,2.027786
fineweb,2027,SiLU+AdamW,1940,4.547356,0.000119,1.969384
fineweb,2027,SiLU+AdamW,1950,4.570554,0.000118,1.891483
fineweb,2027,SiLU+AdamW,1960,4.538685,0.000116,1.974427
fineweb,2027,SiLU+AdamW,1970,4.553739,0.000115,1.844930
fineweb,2027,SiLU+AdamW,1980,4.553640,0.000114,1.865686
fineweb,2027,SiLU+AdamW,1990,4.547237,0.000112,2.031099
fineweb,2027,SiLU+AdamW,2000,4.547871,0.000111,1.926216
fineweb,2027,SiLU+AdamW,2010,4.543219,0.000110,1.888118
fineweb,2027,SiLU+AdamW,2020,4.522185,0.000108,1.918485
fineweb,2027,SiLU+AdamW,2030,4.522786,0.000107,1.838326
fineweb,2027,SiLU+AdamW,2040,4.510280,0.000106,1.571732
fineweb,2027,SiLU+AdamW,2050,4.525197,0.000104,1.869524
fineweb,2027,SiLU+AdamW,2060,4.508765,0.000103,1.876259
fineweb,2027,SiLU+AdamW,2070,4.509930,0.000102,1.851715
fineweb,2027,SiLU+AdamW,2080,4.520938,0.000100,1.964165
fineweb,2027,SiLU+AdamW,2090,4.535635,0.000099,1.824000
fineweb,2027,SiLU+AdamW,2100,4.517624,0.000098,1.545914
fineweb,2027,SiLU+AdamW,2110,4.510369,0.000096,1.610117
fineweb,2027,SiLU+AdamW,2120,4.487554,0.000095,1.983530
fineweb,2027,SiLU+AdamW,2130,4.505829,0.000094,2.029275
fineweb,2027,SiLU+AdamW,2140,4.523712,0.000093,1.973316
fineweb,2027,SiLU+AdamW,2150,4.483356,0.000091,1.874218
fineweb,2027,SiLU+AdamW,2160,4.501130,0.000090,1.946351
fineweb,2027,SiLU+AdamW,2170,4.472621,0.000089,1.606006
fineweb,2027,SiLU+AdamW,2180,4.492953,0.000088,2.055403
fineweb,2027,SiLU+AdamW,2190,4.486439,0.000086,2.037454
fineweb,2027,SiLU+AdamW,2200,4.536437,0.000085,1.828308
fineweb,2027,SiLU+AdamW,2210,4.482561,0.000084,1.957907
fineweb,2027,SiLU+AdamW,2220,4.489441,0.000083,2.050371
fineweb,2027,SiLU+AdamW,2230,4.485228,0.000082,1.590462
fineweb,2027,SiLU+AdamW,2240,4.486065,0.000080,1.972530
fineweb,2027,SiLU+AdamW,2250,4.491223,0.000079,1.918100
fineweb,2027,SiLU+AdamW,2260,4.489134,0.000078,1.890767
fineweb,2027,SiLU+AdamW,2270,4.472483,0.000077,1.998317
fineweb,2027,SiLU+AdamW,2280,4.459801,0.000076,1.766181
fineweb,2027,SiLU+AdamW,2290,4.502081,0.000075,1.567732
fineweb,2027,SiLU+AdamW,2300,4.475648,0.000074,1.587676
fineweb,2027,SiLU+AdamW,2310,4.480765,0.000073,1.785779
fineweb,2027,SiLU+AdamW,2320,4.451648,0.000072,1.681529
fineweb,2027,SiLU+AdamW,2330,4.473160,0.000070,1.802195
fineweb,2027,SiLU+AdamW,2340,4.465074,0.000069,1.683701
fineweb,2027,SiLU+AdamW,2350,4.441163,0.000068,1.868623
fineweb,2027,SiLU+AdamW,2360,4.456911,0.000067,1.705204
fineweb,2027,SiLU+AdamW,2370,4.470103,0.000066,1.727736
fineweb,2027,SiLU+AdamW,2380,4.460588,0.000065,1.979565
fineweb,2027,SiLU+AdamW,2390,4.438834,0.000064,1.950502
fineweb,2027,SiLU+AdamW,2400,4.447158,0.000063,2.009336
fineweb,2027,SiLU+AdamW,2410,4.447034,0.000062,1.731321
fineweb,2027,SiLU+AdamW,2420,4.450844,0.000061,1.890841
fineweb,2027,SiLU+AdamW,2430,4.442056,0.000060,1.632062
fineweb,2027,SiLU+AdamW,2440,4.451928,0.000059,1.679408
fineweb,2027,SiLU+AdamW,2450,4.446433,0.000059,1.915880
fineweb,2027,SiLU+AdamW,2460,4.444625,0.000058,2.053751
fineweb,2027,SiLU+AdamW,2470,4.448558,0.000057,1.982240
fineweb,2027,SiLU+AdamW,2480,4.424201,0.000056,1.837105
fineweb,2027,SiLU+AdamW,2490,4.466542,0.000055,1.654465
fineweb,2027,SiLU+AdamW,2500,4.422180,0.000054,1.899573
fineweb,2027,SiLU+AdamW,2510,4.480073,0.000053,1.839756
fineweb,2027,SiLU+AdamW,2520,4.440904,0.000052,1.933128
fineweb,2027,SiLU+AdamW,2530,4.434320,0.000052,1.853559
fineweb,2027,SiLU+AdamW,2540,4.445196,0.000051,1.881770
fineweb,2027,SiLU+AdamW,2550,4.455080,0.000050,1.897860
fineweb,2027,SiLU+AdamW,2560,4.422209,0.000049,1.657633
fineweb,2027,SiLU+AdamW,2570,4.425639,0.000049,1.742524
fineweb,2027,SiLU+AdamW,2580,4.447816,0.000048,1.758046
fineweb,2027,SiLU+AdamW,2590,4.440493,0.000047,1.839368
fineweb,2027,SiLU+AdamW,2600,4.446222,0.000046,1.955504
fineweb,2027,SiLU+AdamW,2610,4.423490,0.000046,1.964650
fineweb,2027,SiLU+AdamW,2620,4.379014,0.000045,1.635175
fineweb,2027,SiLU+AdamW,2630,4.424348,0.000044,1.992739
fineweb,2027,SiLU+AdamW,2640,4.445059,0.000044,1.847654
fineweb,2027,SiLU+AdamW,2650,4.410030,0.000043,1.922136
fineweb,2027,SiLU+AdamW,2660,4.394256,0.000042,1.927519
fineweb,2027,SiLU+AdamW,2670,4.399209,0.000042,2.046193
fineweb,2027,SiLU+AdamW,2680,4.411095,0.000041,1.813065
fineweb,2027,SiLU+AdamW,2690,4.422893,0.000041,1.774533
fineweb,2027,SiLU+AdamW,2700,4.393692,0.000040,1.933340
fineweb,2027,SiLU+AdamW,2710,4.415085,0.000039,1.945183
fineweb,2027,SiLU+AdamW,2720,4.410538,0.000039,2.012724
fineweb,2027,SiLU+AdamW,2730,4.435749,0.000038,1.813292
fineweb,2027,SiLU+AdamW,2740,4.417552,0.000038,1.817197
fineweb,2027,SiLU+AdamW,2750,4.423185,0.000037,1.562527
fineweb,2027,SiLU+AdamW,2760,4.411469,0.000037,1.977109
fineweb,2027,SiLU+AdamW,2770,4.427933,0.000036,1.917512
fineweb,2027,SiLU+AdamW,2780,4.389895,0.000036,1.939273
fineweb,2027,SiLU+AdamW,2790,4.405099,0.000036,1.598770
fineweb,2027,SiLU+AdamW,2800,4.434766,0.000035,1.902784
fineweb,2027,SiLU+AdamW,2810,4.390451,0.000035,1.761294
fineweb,2027,SiLU+AdamW,2820,4.419565,0.000034,1.782478
fineweb,2027,SiLU+AdamW,2830,4.399076,0.000034,1.886932
fineweb,2027,SiLU+AdamW,2840,4.397790,0.000034,1.727174
fineweb,2027,SiLU+AdamW,2850,4.409671,0.000033,1.793485
fineweb,2027,SiLU+AdamW,2860,4.409160,0.000033,1.884102
fineweb,2027,SiLU+AdamW,2870,4.391661,0.000033,1.649850
fineweb,2027,SiLU+AdamW,2880,4.390183,0.000032,1.533802
fineweb,2027,SiLU+AdamW,2890,4.398109,0.000032,1.735613
fineweb,2027,SiLU+AdamW,2900,4.399388,0.000032,1.806251
fineweb,2027,SiLU+AdamW,2910,4.384908,0.000032,1.813446
fineweb,2027,SiLU+AdamW,2920,4.397059,0.000031,1.752141
fineweb,2027,SiLU+AdamW,2930,4.400933,0.000031,1.785763
fineweb,2027,SiLU+AdamW,2940,4.387745,0.000031,1.629141
fineweb,2027,SiLU+AdamW,2950,4.418161,0.000031,1.512777
fineweb,2027,SiLU+AdamW,2960,4.370124,0.000031,1.839023
fineweb,2027,SiLU+AdamW,2970,4.394544,0.000031,2.028660
fineweb,2027,SiLU+AdamW,2980,4.375803,0.000030,1.941121
fineweb,2027,SiLU+AdamW,2990,4.397938,0.000030,1.910393
fineweb,2027,SiLU+AdamW,3000,4.390261,0.000030,1.870208
fineweb,2027,SiLU+AdamW,3010,4.382363,0.000030,1.747413
fineweb,2027,SiLU+AdamW,3020,4.350245,0.000030,1.698680
fineweb,2027,SiLU+AdamW,3030,4.401166,0.000030,1.738588
fineweb,2027,SiLU+AdamW,3040,4.383448,0.000030,1.900591
fineweb,2027,SiLU+AdamW,3050,4.373954,0.000030,1.506749
fineweb,2027,RLB+AdamW,1,10.979935,0.000001,4.300620
fineweb,2027,RLB+AdamW,10,10.651690,0.000015,2.589720
fineweb,2027,RLB+AdamW,20,9.882550,0.000030,2.310667
fineweb,2027,RLB+AdamW,30,9.478998,0.000045,2.409618
fineweb,2027,RLB+AdamW,40,9.150213,0.000060,2.477404
fineweb,2027,RLB+AdamW,50,8.725967,0.000075,2.350488
fineweb,2027,RLB+AdamW,60,8.229741,0.000090,2.465916
fineweb,2027,RLB+AdamW,70,7.829463,0.000105,2.455326
fineweb,2027,RLB+AdamW,80,7.541994,0.000120,2.463897
fineweb,2027,RLB+AdamW,90,7.378129,0.000135,2.380610
fineweb,2027,RLB+AdamW,100,7.255848,0.000150,2.430746
fineweb,2027,RLB+AdamW,110,7.141235,0.000165,2.403793
fineweb,2027,RLB+AdamW,120,7.027346,0.000180,2.361432
fineweb,2027,RLB+AdamW,130,6.915225,0.000195,2.509998
fineweb,2027,RLB+AdamW,140,6.829161,0.000210,2.326562
fineweb,2027,RLB+AdamW,150,6.704866,0.000225,2.443972
fineweb,2027,RLB+AdamW,160,6.646453,0.000240,2.415706
fineweb,2027,RLB+AdamW,170,6.568043,0.000255,2.443523
fineweb,2027,RLB+AdamW,180,6.506774,0.000270,2.494278
fineweb,2027,RLB+AdamW,190,6.458401,0.000285,2.177846
fineweb,2027,RLB+AdamW,200,6.402297,0.000300,2.436576
fineweb,2027,RLB+AdamW,210,6.380227,0.000300,2.420864
fineweb,2027,RLB+AdamW,220,6.285255,0.000300,2.298558
fineweb,2027,RLB+AdamW,230,6.277956,0.000300,2.410372
fineweb,2027,RLB+AdamW,240,6.196401,0.000300,2.335827
fineweb,2027,RLB+AdamW,250,6.167434,0.000300,2.475571
fineweb,2027,RLB+AdamW,260,6.113216,0.000300,2.496037
fineweb,2027,RLB+AdamW,270,6.056607,0.000300,2.458566
fineweb,2027,RLB+AdamW,280,6.055699,0.000299,2.409691
fineweb,2027,RLB+AdamW,290,6.004823,0.000299,2.300369
fineweb,2027,RLB+AdamW,300,5.980238,0.000299,2.353990
fineweb,2027,RLB+AdamW,310,5.916918,0.000299,2.446899
fineweb,2027,RLB+AdamW,320,5.880451,0.000299,2.417238
fineweb,2027,RLB+AdamW,330,5.880719,0.000299,2.447256
fineweb,2027,RLB+AdamW,340,5.846133,0.000298,2.339561
fineweb,2027,RLB+AdamW,350,5.817244,0.000298,2.459327
fineweb,2027,RLB+AdamW,360,5.809256,0.000298,2.388279
fineweb,2027,RLB+AdamW,370,5.763102,0.000298,2.456967
fineweb,2027,RLB+AdamW,380,5.764436,0.000297,2.432881
fineweb,2027,RLB+AdamW,390,5.723772,0.000297,2.250237
fineweb,2027,RLB+AdamW,400,5.707871,0.000297,2.426698
fineweb,2027,RLB+AdamW,410,5.676823,0.000296,2.404368
fineweb,2027,RLB+AdamW,420,5.650581,0.000296,2.433454
fineweb,2027,RLB+AdamW,430,5.617841,0.000296,2.430960
fineweb,2027,RLB+AdamW,440,5.606498,0.000295,2.306593
fineweb,2027,RLB+AdamW,450,5.626325,0.000295,2.364040
fineweb,2027,RLB+AdamW,460,5.582854,0.000295,2.432616
fineweb,2027,RLB+AdamW,470,5.582782,0.000294,2.370669
fineweb,2027,RLB+AdamW,480,5.516911,0.000294,2.410892
fineweb,2027,RLB+AdamW,490,5.535668,0.000293,2.279031
fineweb,2027,RLB+AdamW,500,5.513023,0.000293,2.336636
fineweb,2027,RLB+AdamW,510,5.461676,0.000292,2.432081
fineweb,2027,RLB+AdamW,520,5.519056,0.000292,2.412441
fineweb,2027,RLB+AdamW,530,5.459872,0.000291,2.487201
fineweb,2027,RLB+AdamW,540,5.435297,0.000291,2.350634
fineweb,2027,RLB+AdamW,550,5.445827,0.000290,2.512806
fineweb,2027,RLB+AdamW,560,5.427272,0.000290,2.463684
fineweb,2027,RLB+AdamW,570,5.437186,0.000289,2.495278
fineweb,2027,RLB+AdamW,580,5.387631,0.000288,2.416987
fineweb,2027,RLB+AdamW,590,5.362906,0.000288,2.469776
fineweb,2027,RLB+AdamW,600,5.349596,0.000287,2.390856
fineweb,2027,RLB+AdamW,610,5.376682,0.000287,2.471726
fineweb,2027,RLB+AdamW,620,5.344254,0.000286,2.507296
fineweb,2027,RLB+AdamW,630,5.351852,0.000285,2.316553
fineweb,2027,RLB+AdamW,640,5.319727,0.000284,2.425452
fineweb,2027,RLB+AdamW,650,5.316785,0.000284,2.488308
fineweb,2027,RLB+AdamW,660,5.287958,0.000283,2.502705
fineweb,2027,RLB+AdamW,670,5.291813,0.000282,2.469663
fineweb,2027,RLB+AdamW,680,5.311269,0.000282,2.369945
fineweb,2027,RLB+AdamW,690,5.268032,0.000281,2.269444
fineweb,2027,RLB+AdamW,700,5.272864,0.000280,2.415300
fineweb,2027,RLB+AdamW,710,5.219309,0.000279,2.481989
fineweb,2027,RLB+AdamW,720,5.237888,0.000279,2.429671
fineweb,2027,RLB+AdamW,730,5.249308,0.000278,2.301498
fineweb,2027,RLB+AdamW,740,5.229689,0.000277,2.501958
fineweb,2027,RLB+AdamW,750,5.187285,0.000276,2.489986
fineweb,2027,RLB+AdamW,760,5.216816,0.000275,2.504811
fineweb,2027,RLB+AdamW,770,5.190746,0.000274,2.402812
fineweb,2027,RLB+AdamW,780,5.169131,0.000273,2.287980
fineweb,2027,RLB+AdamW,790,5.182760,0.000273,2.423232
fineweb,2027,RLB+AdamW,800,5.165170,0.000272,2.522539
fineweb,2027,RLB+AdamW,810,5.142872,0.000271,2.406765
fineweb,2027,RLB+AdamW,820,5.153891,0.000270,2.511935
fineweb,2027,RLB+AdamW,830,5.133245,0.000269,2.264391
fineweb,2027,RLB+AdamW,840,5.142331,0.000268,2.290286
fineweb,2027,RLB+AdamW,850,5.131162,0.000267,2.286688
fineweb,2027,RLB+AdamW,860,5.100156,0.000266,2.486804
fineweb,2027,RLB+AdamW,870,5.116030,0.000265,2.476461
fineweb,2027,RLB+AdamW,880,5.105657,0.000264,2.343491
fineweb,2027,RLB+AdamW,890,5.072501,0.000263,2.504733
fineweb,2027,RLB+AdamW,900,5.072624,0.000262,2.500895
fineweb,2027,RLB+AdamW,910,5.044860,0.000261,2.451853
fineweb,2027,RLB+AdamW,920,5.050944,0.000260,2.395779
fineweb,2027,RLB+AdamW,930,4.994681,0.000259,2.392633
fineweb,2027,RLB+AdamW,940,5.011194,0.000258,2.506194
fineweb,2027,RLB+AdamW,950,5.024106,0.000257,2.486607
fineweb,2027,RLB+AdamW,960,5.015553,0.000255,2.471976
fineweb,2027,RLB+AdamW,970,5.025893,0.000254,2.373490
fineweb,2027,RLB+AdamW,980,5.011154,0.000253,2.494241
fineweb,2027,RLB+AdamW,990,4.991418,0.000252,2.488821
fineweb,2027,RLB+AdamW,1000,4.996330,0.000251,2.493591
fineweb,2027,RLB+AdamW,1010,5.006007,0.000250,2.473033
fineweb,2027,RLB+AdamW,1020,4.967246,0.000249,2.329226
fineweb,2027,RLB+AdamW,1030,4.969171,0.000247,2.480286
fineweb,2027,RLB+AdamW,1040,4.978611,0.000246,2.495407
fineweb,2027,RLB+AdamW,1050,4.954940,0.000245,2.452598
fineweb,2027,RLB+AdamW,1060,4.953573,0.000244,2.488722
fineweb,2027,RLB+AdamW,1070,4.949544,0.000243,2.395965
fineweb,2027,RLB+AdamW,1080,4.918658,0.000241,2.512713
fineweb,2027,RLB+AdamW,1090,4.941697,0.000240,2.459784
fineweb,2027,RLB+AdamW,1100,4.951589,0.000239,2.457452
fineweb,2027,RLB+AdamW,1110,4.918316,0.000238,2.516106
fineweb,2027,RLB+AdamW,1120,4.954069,0.000236,2.336306
fineweb,2027,RLB+AdamW,1130,4.919074,0.000235,2.491257
fineweb,2027,RLB+AdamW,1140,4.905011,0.000234,2.501622
fineweb,2027,RLB+AdamW,1150,4.898884,0.000233,2.424090
fineweb,2027,RLB+AdamW,1160,4.884533,0.000231,2.414307
fineweb,2027,RLB+AdamW,1170,4.872453,0.000230,2.442735
fineweb,2027,RLB+AdamW,1180,4.886644,0.000229,2.402722
fineweb,2027,RLB+AdamW,1190,4.894465,0.000227,2.460704
fineweb,2027,RLB+AdamW,1200,4.835317,0.000226,2.470882
fineweb,2027,RLB+AdamW,1210,4.844680,0.000225,2.335853
fineweb,2027,RLB+AdamW,1220,4.838673,0.000223,2.449587
fineweb,2027,RLB+AdamW,1230,4.840449,0.000222,2.478390
fineweb,2027,RLB+AdamW,1240,4.828550,0.000221,2.450292
fineweb,2027,RLB+AdamW,1250,4.835651,0.000219,2.458993
fineweb,2027,RLB+AdamW,1260,4.816581,0.000218,2.381126
fineweb,2027,RLB+AdamW,1270,4.828074,0.000217,2.488241
fineweb,2027,RLB+AdamW,1280,4.797489,0.000215,2.464517
fineweb,2027,RLB+AdamW,1290,4.788942,0.000214,2.437109
fineweb,2027,RLB+AdamW,1300,4.810816,0.000212,2.457894
fineweb,2027,RLB+AdamW,1310,4.799753,0.000211,2.295920
fineweb,2027,RLB+AdamW,1320,4.797399,0.000210,2.488080
fineweb,2027,RLB+AdamW,1330,4.770411,0.000208,2.460644
fineweb,2027,RLB+AdamW,1340,4.764888,0.000207,2.490372
fineweb,2027,RLB+AdamW,1350,4.758368,0.000205,2.489648
fineweb,2027,RLB+AdamW,1360,4.758982,0.000204,2.404845
fineweb,2027,RLB+AdamW,1370,4.712841,0.000203,2.473611
fineweb,2027,RLB+AdamW,1380,4.750104,0.000201,2.499647
fineweb,2027,RLB+AdamW,1390,4.741535,0.000200,2.450611
fineweb,2027,RLB+AdamW,1400,4.763110,0.000198,2.479490
fineweb,2027,RLB+AdamW,1410,4.772424,0.000197,2.318693
fineweb,2027,RLB+AdamW,1420,4.726739,0.000195,2.427941
fineweb,2027,RLB+AdamW,1430,4.724078,0.000194,2.467720
fineweb,2027,RLB+AdamW,1440,4.727407,0.000192,2.414955
fineweb,2027,RLB+AdamW,1450,4.702203,0.000191,2.377873
fineweb,2027,RLB+AdamW,1460,4.742703,0.000190,2.446957
fineweb,2027,RLB+AdamW,1470,4.714592,0.000188,2.449438
fineweb,2027,RLB+AdamW,1480,4.682640,0.000187,2.427441
fineweb,2027,RLB+AdamW,1490,4.707812,0.000185,2.432623
fineweb,2027,RLB+AdamW,1500,4.716694,0.000184,2.310226
fineweb,2027,RLB+AdamW,1510,4.679822,0.000182,2.465838
fineweb,2027,RLB+AdamW,1520,4.689804,0.000181,2.427501
fineweb,2027,RLB+AdamW,1530,4.672085,0.000179,2.453240
fineweb,2027,RLB+AdamW,1540,4.697870,0.000178,2.469064
fineweb,2027,RLB+AdamW,1550,4.645078,0.000176,2.327968
fineweb,2027,RLB+AdamW,1560,4.685463,0.000175,2.480804
fineweb,2027,RLB+AdamW,1570,4.678983,0.000173,2.459021
fineweb,2027,RLB+AdamW,1580,4.675256,0.000172,2.432925
fineweb,2027,RLB+AdamW,1590,4.682182,0.000170,2.479848
fineweb,2027,RLB+AdamW,1600,4.668763,0.000169,2.336907
fineweb,2027,RLB+AdamW,1610,4.649879,0.000167,2.420813
fineweb,2027,RLB+AdamW,1620,4.633591,0.000166,2.440892
fineweb,2027,RLB+AdamW,1630,4.618711,0.000164,2.488281
fineweb,2027,RLB+AdamW,1640,4.653355,0.000163,2.508443
fineweb,2027,RLB+AdamW,1650,4.647025,0.000161,2.296729
fineweb,2027,RLB+AdamW,1660,4.635471,0.000160,2.465175
fineweb,2027,RLB+AdamW,1670,4.626103,0.000158,2.481165
fineweb,2027,RLB+AdamW,1680,4.623143,0.000157,2.446564
fineweb,2027,RLB+AdamW,1690,4.633990,0.000155,2.477166
fineweb,2027,RLB+AdamW,1700,4.635173,0.000154,2.321889
fineweb,2027,RLB+AdamW,1710,4.610771,0.000153,2.464411
fineweb,2027,RLB+AdamW,1720,4.605021,0.000151,2.494509
fineweb,2027,RLB+AdamW,1730,4.599301,0.000150,2.468704
fineweb,2027,RLB+AdamW,1740,4.611708,0.000148,2.454380
fineweb,2027,RLB+AdamW,1750,4.604067,0.000147,2.394934
fineweb,2027,RLB+AdamW,1760,4.592408,0.000145,2.499205
fineweb,2027,RLB+AdamW,1770,4.596636,0.000144,2.386579
fineweb,2027,RLB+AdamW,1780,4.583295,0.000142,2.464735
fineweb,2027,RLB+AdamW,1790,4.588080,0.000141,2.391787
fineweb,2027,RLB+AdamW,1800,4.588543,0.000139,2.483483
fineweb,2027,RLB+AdamW,1810,4.579907,0.000138,2.423001
fineweb,2027,RLB+AdamW,1820,4.566357,0.000136,2.409532
fineweb,2027,RLB+AdamW,1830,4.588021,0.000135,2.494615
fineweb,2027,RLB+AdamW,1840,4.568756,0.000133,2.362927
fineweb,2027,RLB+AdamW,1850,4.560478,0.000132,2.436011
fineweb,2027,RLB+AdamW,1860,4.572700,0.000131,2.483759
fineweb,2027,RLB+AdamW,1870,4.575657,0.000129,2.407571
fineweb,2027,RLB+AdamW,1880,4.592363,0.000128,2.487047
fineweb,2027,RLB+AdamW,1890,4.573438,0.000126,2.283735
fineweb,2027,RLB+AdamW,1900,4.554289,0.000125,2.422110
fineweb,2027,RLB+AdamW,1910,4.558097,0.000123,2.470912
fineweb,2027,RLB+AdamW,1920,4.553611,0.000122,2.470953
fineweb,2027,RLB+AdamW,1930,4.571707,0.000121,2.359375
fineweb,2027,RLB+AdamW,1940,4.540071,0.000119,2.408473
fineweb,2027,RLB+AdamW,1950,4.560207,0.000118,2.460123
fineweb,2027,RLB+AdamW,1960,4.529995,0.000116,2.472058
fineweb,2027,RLB+AdamW,1970,4.543234,0.000115,2.482157
fineweb,2027,RLB+AdamW,1980,4.544241,0.000114,2.498619
fineweb,2027,RLB+AdamW,1990,4.538870,0.000112,2.399005
fineweb,2027,RLB+AdamW,2000,4.538789,0.000111,2.433001
fineweb,2027,RLB+AdamW,2010,4.534224,0.000110,2.495347
fineweb,2027,RLB+AdamW,2020,4.511918,0.000108,2.389254
fineweb,2027,RLB+AdamW,2030,4.514050,0.000107,2.429216
fineweb,2027,RLB+AdamW,2040,4.500655,0.000106,2.377111
fineweb,2027,RLB+AdamW,2050,4.518157,0.000104,2.460165
fineweb,2027,RLB+AdamW,2060,4.498839,0.000103,2.508640
fineweb,2027,RLB+AdamW,2070,4.499827,0.000102,2.427616
fineweb,2027,RLB+AdamW,2080,4.509811,0.000100,2.371242
fineweb,2027,RLB+AdamW,2090,4.523989,0.000099,2.435887
fineweb,2027,RLB+AdamW,2100,4.507527,0.000098,2.454696
fineweb,2027,RLB+AdamW,2110,4.500742,0.000096,2.467659
fineweb,2027,RLB+AdamW,2120,4.476469,0.000095,2.488583
fineweb,2027,RLB+AdamW,2130,4.494017,0.000094,2.309526
fineweb,2027,RLB+AdamW,2140,4.513867,0.000093,2.437247
fineweb,2027,RLB+AdamW,2150,4.474713,0.000091,2.514523
fineweb,2027,RLB+AdamW,2160,4.490939,0.000090,2.473854
fineweb,2027,RLB+AdamW,2170,4.462844,0.000089,2.492843
fineweb,2027,RLB+AdamW,2180,4.484126,0.000088,2.417472
fineweb,2027,RLB+AdamW,2190,4.477313,0.000086,2.440047
fineweb,2027,RLB+AdamW,2200,4.525994,0.000085,2.478209
fineweb,2027,RLB+AdamW,2210,4.472149,0.000084,2.471844
fineweb,2027,RLB+AdamW,2220,4.480582,0.000083,2.505226
fineweb,2027,RLB+AdamW,2230,4.474567,0.000082,2.411377
fineweb,2027,RLB+AdamW,2240,4.477063,0.000080,2.459072
fineweb,2027,RLB+AdamW,2250,4.482095,0.000079,2.476008
fineweb,2027,RLB+AdamW,2260,4.478731,0.000078,2.445116
fineweb,2027,RLB+AdamW,2270,4.461598,0.000077,2.417089
fineweb,2027,RLB+AdamW,2280,4.450965,0.000076,2.393156
fineweb,2027,RLB+AdamW,2290,4.489497,0.000075,2.491710
fineweb,2027,RLB+AdamW,2300,4.466055,0.000074,2.460350
fineweb,2027,RLB+AdamW,2310,4.468892,0.000073,2.461583
fineweb,2027,RLB+AdamW,2320,4.442092,0.000072,2.398528
fineweb,2027,RLB+AdamW,2330,4.461740,0.000070,2.406405
fineweb,2027,RLB+AdamW,2340,4.452905,0.000069,2.485548
fineweb,2027,RLB+AdamW,2350,4.431553,0.000068,2.437003
fineweb,2027,RLB+AdamW,2360,4.446298,0.000067,2.502084
fineweb,2027,RLB+AdamW,2370,4.460167,0.000066,2.370216
fineweb,2027,RLB+AdamW,2380,4.450344,0.000065,2.456093
fineweb,2027,RLB+AdamW,2390,4.427995,0.000064,2.458811
fineweb,2027,RLB+AdamW,2400,4.438615,0.000063,2.415961
fineweb,2027,RLB+AdamW,2410,4.435420,0.000062,2.497893
fineweb,2027,RLB+AdamW,2420,4.441571,0.000061,2.259091
fineweb,2027,RLB+AdamW,2430,4.432463,0.000060,2.456844
fineweb,2027,RLB+AdamW,2440,4.440512,0.000059,2.431906
fineweb,2027,RLB+AdamW,2450,4.436780,0.000059,2.443638
fineweb,2027,RLB+AdamW,2460,4.434230,0.000058,2.448457
fineweb,2027,RLB+AdamW,2470,4.437674,0.000057,2.298907
fineweb,2027,RLB+AdamW,2480,4.414774,0.000056,2.500385
fineweb,2027,RLB+AdamW,2490,4.457784,0.000055,2.500793
fineweb,2027,RLB+AdamW,2500,4.411956,0.000054,2.392207
fineweb,2027,RLB+AdamW,2510,4.474413,0.000053,2.481284
fineweb,2027,RLB+AdamW,2520,4.430851,0.000052,2.338631
fineweb,2027,RLB+AdamW,2530,4.425610,0.000052,2.472957
fineweb,2027,RLB+AdamW,2540,4.434962,0.000051,2.397983
fineweb,2027,RLB+AdamW,2550,4.445095,0.000050,2.477004
fineweb,2027,RLB+AdamW,2560,4.412895,0.000049,2.487684
fineweb,2027,RLB+AdamW,2570,4.413206,0.000049,2.302457
fineweb,2027,RLB+AdamW,2580,4.436739,0.000048,2.469874
fineweb,2027,RLB+AdamW,2590,4.430362,0.000047,2.441895
fineweb,2027,RLB+AdamW,2600,4.434437,0.000046,2.467985
fineweb,2027,RLB+AdamW,2610,4.413838,0.000046,2.424834
fineweb,2027,RLB+AdamW,2620,4.369623,0.000045,2.350594
fineweb,2027,RLB+AdamW,2630,4.415382,0.000044,2.490496
fineweb,2027,RLB+AdamW,2640,4.434876,0.000044,2.494572
fineweb,2027,RLB+AdamW,2650,4.398352,0.000043,2.455005
fineweb,2027,RLB+AdamW,2660,4.383164,0.000042,2.382289
fineweb,2027,RLB+AdamW,2670,4.391885,0.000042,2.453439
fineweb,2027,RLB+AdamW,2680,4.401114,0.000041,2.463753
fineweb,2027,RLB+AdamW,2690,4.413605,0.000041,2.441203
fineweb,2027,RLB+AdamW,2700,4.383312,0.000040,2.510779
fineweb,2027,RLB+AdamW,2710,4.405226,0.000039,2.387976
fineweb,2027,RLB+AdamW,2720,4.398395,0.000039,2.466976
fineweb,2027,RLB+AdamW,2730,4.424175,0.000038,2.478555
fineweb,2027,RLB+AdamW,2740,4.403988,0.000038,2.430040
fineweb,2027,RLB+AdamW,2750,4.411290,0.000037,2.470819
fineweb,2027,RLB+AdamW,2760,4.400790,0.000037,2.371719
fineweb,2027,RLB+AdamW,2770,4.415096,0.000036,2.441970
fineweb,2027,RLB+AdamW,2780,4.381038,0.000036,2.502371
fineweb,2027,RLB+AdamW,2790,4.393810,0.000036,2.434944
fineweb,2027,RLB+AdamW,2800,4.424208,0.000035,2.477868
fineweb,2027,RLB+AdamW,2810,4.379373,0.000035,2.413718
fineweb,2027,RLB+AdamW,2820,4.410276,0.000034,2.496160
fineweb,2027,RLB+AdamW,2830,4.388069,0.000034,2.467357
fineweb,2027,RLB+AdamW,2840,4.386987,0.000034,2.484843
fineweb,2027,RLB+AdamW,2850,4.399236,0.000033,2.379282
fineweb,2027,RLB+AdamW,2860,4.396782,0.000033,2.320273
fineweb,2027,RLB+AdamW,2870,4.380263,0.000033,2.469713
fineweb,2027,RLB+AdamW,2880,4.377734,0.000032,2.477274
fineweb,2027,RLB+AdamW,2890,4.387758,0.000032,2.503410
fineweb,2027,RLB+AdamW,2900,4.388683,0.000032,2.425445
fineweb,2027,RLB+AdamW,2910,4.372001,0.000032,2.423883
fineweb,2027,RLB+AdamW,2920,4.387094,0.000031,2.462799
fineweb,2027,RLB+AdamW,2930,4.390781,0.000031,2.477768
fineweb,2027,RLB+AdamW,2940,4.374871,0.000031,2.469166
fineweb,2027,RLB+AdamW,2950,4.407489,0.000031,2.365679
fineweb,2027,RLB+AdamW,2960,4.360367,0.000031,2.482140
fineweb,2027,RLB+AdamW,2970,4.386234,0.000031,2.481717
fineweb,2027,RLB+AdamW,2980,4.364113,0.000030,2.395410
fineweb,2027,RLB+AdamW,2990,4.388970,0.000030,2.480470
fineweb,2027,RLB+AdamW,3000,4.379728,0.000030,2.393118
fineweb,2027,RLB+AdamW,3010,4.370141,0.000030,2.460275
fineweb,2027,RLB+AdamW,3020,4.337988,0.000030,2.451509
fineweb,2027,RLB+AdamW,3030,4.389485,0.000030,2.512876
fineweb,2027,RLB+AdamW,3040,4.371405,0.000030,2.493168
fineweb,2027,RLB+AdamW,3050,4.364572,0.000030,2.380372
fineweb,2027,SiLU+Muon,1,10.989661,0.000001,3.157251
fineweb,2027,SiLU+Muon,10,10.980917,0.000015,2.155641
fineweb,2027,SiLU+Muon,20,10.938365,0.000030,1.723733
fineweb,2027,SiLU+Muon,30,10.845366,0.000045,1.835557
fineweb,2027,SiLU+Muon,40,10.709756,0.000060,1.625495
fineweb,2027,SiLU+Muon,50,10.536016,0.000075,1.695458
fineweb,2027,SiLU+Muon,60,10.320797,0.000090,1.902538
fineweb,2027,SiLU+Muon,70,10.109097,0.000105,2.016592
fineweb,2027,SiLU+Muon,80,9.894131,0.000120,1.968260
fineweb,2027,SiLU+Muon,90,9.683099,0.000135,1.942753
fineweb,2027,SiLU+Muon,100,9.491567,0.000150,1.924303
fineweb,2027,SiLU+Muon,110,9.297637,0.000165,1.815977
fineweb,2027,SiLU+Muon,120,9.094524,0.000180,1.972476
fineweb,2027,SiLU+Muon,130,8.889013,0.000195,1.973201
fineweb,2027,SiLU+Muon,140,8.711626,0.000210,1.821396
fineweb,2027,SiLU+Muon,150,8.499648,0.000225,1.971062
fineweb,2027,SiLU+Muon,160,8.319288,0.000240,1.854485
fineweb,2027,SiLU+Muon,170,8.159405,0.000255,1.678515
fineweb,2027,SiLU+Muon,180,8.005635,0.000270,1.841498
fineweb,2027,SiLU+Muon,190,7.875026,0.000285,2.008922
fineweb,2027,SiLU+Muon,200,7.754592,0.000300,1.849069
fineweb,2027,SiLU+Muon,210,7.662366,0.000300,1.981064
fineweb,2027,SiLU+Muon,220,7.524706,0.000300,2.032902
fineweb,2027,SiLU+Muon,230,7.471173,0.000300,1.670770
fineweb,2027,SiLU+Muon,240,7.355993,0.000300,1.938943
fineweb,2027,SiLU+Muon,250,7.271751,0.000300,1.944801
fineweb,2027,SiLU+Muon,260,7.184388,0.000300,1.964108
fineweb,2027,SiLU+Muon,270,7.102080,0.000300,1.922360
fineweb,2027,SiLU+Muon,280,7.073706,0.000299,1.977563
fineweb,2027,SiLU+Muon,290,6.990540,0.000299,1.718628
fineweb,2027,SiLU+Muon,300,6.930432,0.000299,1.770357
fineweb,2027,SiLU+Muon,310,6.841692,0.000299,2.050048
fineweb,2027,SiLU+Muon,320,6.773053,0.000299,1.966247
fineweb,2027,SiLU+Muon,330,6.744778,0.000299,1.913688
fineweb,2027,SiLU+Muon,340,6.693726,0.000298,1.848705
fineweb,2027,SiLU+Muon,350,6.632108,0.000298,1.931225
fineweb,2027,SiLU+Muon,360,6.604591,0.000298,1.589104
fineweb,2027,SiLU+Muon,370,6.522193,0.000298,2.026317
fineweb,2027,SiLU+Muon,380,6.507754,0.000297,1.843872
fineweb,2027,SiLU+Muon,390,6.440065,0.000297,1.978429
fineweb,2027,SiLU+Muon,400,6.399784,0.000297,1.992355
fineweb,2027,SiLU+Muon,410,6.339319,0.000296,2.081840
fineweb,2027,SiLU+Muon,420,6.295352,0.000296,1.592541
fineweb,2027,SiLU+Muon,430,6.237762,0.000296,1.976117
fineweb,2027,SiLU+Muon,440,6.206861,0.000295,1.996726
fineweb,2027,SiLU+Muon,450,6.209631,0.000295,2.019396
fineweb,2027,SiLU+Muon,460,6.148346,0.000295,1.951815
fineweb,2027,SiLU+Muon,470,6.128757,0.000294,1.905707
fineweb,2027,SiLU+Muon,480,6.039637,0.000294,1.722735
fineweb,2027,SiLU+Muon,490,6.047984,0.000293,1.928760
fineweb,2027,SiLU+Muon,500,6.002644,0.000293,1.915915
fineweb,2027,SiLU+Muon,510,5.938581,0.000292,1.845608
fineweb,2027,SiLU+Muon,520,5.982922,0.000292,1.824136
fineweb,2027,SiLU+Muon,530,5.908904,0.000291,1.957440
fineweb,2027,SiLU+Muon,540,5.869884,0.000291,1.813737
fineweb,2027,SiLU+Muon,550,5.868666,0.000290,1.772882
fineweb,2027,SiLU+Muon,560,5.838322,0.000290,2.065124
fineweb,2027,SiLU+Muon,570,5.843152,0.000289,1.948084
fineweb,2027,SiLU+Muon,580,5.779787,0.000288,2.016321
fineweb,2027,SiLU+Muon,590,5.740486,0.000288,1.910143
fineweb,2027,SiLU+Muon,600,5.720393,0.000287,1.966618
fineweb,2027,SiLU+Muon,610,5.738632,0.000287,1.604281
fineweb,2027,SiLU+Muon,620,5.697318,0.000286,1.945724
fineweb,2027,SiLU+Muon,630,5.697521,0.000285,1.942684
fineweb,2027,SiLU+Muon,640,5.653850,0.000284,1.975655
fineweb,2027,SiLU+Muon,650,5.646922,0.000284,1.897812
fineweb,2027,SiLU+Muon,660,5.610180,0.000283,2.016632
fineweb,2027,SiLU+Muon,670,5.604829,0.000282,1.717026
fineweb,2027,SiLU+Muon,680,5.615155,0.000282,1.869553
fineweb,2027,SiLU+Muon,690,5.566474,0.000281,1.965112
fineweb,2027,SiLU+Muon,700,5.555290,0.000280,1.915360
fineweb,2027,SiLU+Muon,710,5.501027,0.000279,1.982592
fineweb,2027,SiLU+Muon,720,5.509533,0.000279,1.936910
fineweb,2027,SiLU+Muon,730,5.520486,0.000278,1.731172
fineweb,2027,SiLU+Muon,740,5.491249,0.000277,2.026765
fineweb,2027,SiLU+Muon,750,5.441458,0.000276,2.014008
fineweb,2027,SiLU+Muon,760,5.470115,0.000275,1.936689
fineweb,2027,SiLU+Muon,770,5.433579,0.000274,1.883420
fineweb,2027,SiLU+Muon,780,5.405830,0.000273,1.963902
fineweb,2027,SiLU+Muon,790,5.418529,0.000273,1.834801
fineweb,2027,SiLU+Muon,800,5.391935,0.000272,1.913925
fineweb,2027,SiLU+Muon,810,5.366343,0.000271,1.915862
fineweb,2027,SiLU+Muon,820,5.371663,0.000270,1.897999
fineweb,2027,SiLU+Muon,830,5.344951,0.000269,1.809806
fineweb,2027,SiLU+Muon,840,5.354276,0.000268,1.769998
fineweb,2027,SiLU+Muon,850,5.333717,0.000267,1.879372
fineweb,2027,SiLU+Muon,860,5.297980,0.000266,1.638704
fineweb,2027,SiLU+Muon,870,5.309654,0.000265,1.897168
fineweb,2027,SiLU+Muon,880,5.297691,0.000264,1.929494
fineweb,2027,SiLU+Muon,890,5.258651,0.000263,1.865437
fineweb,2027,SiLU+Muon,900,5.262612,0.000262,2.048012
fineweb,2027,SiLU+Muon,910,5.228415,0.000261,1.937542
fineweb,2027,SiLU+Muon,920,5.235567,0.000260,1.773933
fineweb,2027,SiLU+Muon,930,5.169556,0.000259,1.903854
fineweb,2027,SiLU+Muon,940,5.181149,0.000258,1.959658
fineweb,2027,SiLU+Muon,950,5.189075,0.000257,1.927422
fineweb,2027,SiLU+Muon,960,5.175403,0.000255,2.039126
fineweb,2027,SiLU+Muon,970,5.186487,0.000254,1.968986
fineweb,2027,SiLU+Muon,980,5.176228,0.000253,1.831518
fineweb,2027,SiLU+Muon,990,5.151937,0.000252,1.714129
fineweb,2027,SiLU+Muon,1000,5.155298,0.000251,1.943144
fineweb,2027,SiLU+Muon,1010,5.162126,0.000250,2.004270
fineweb,2027,SiLU+Muon,1020,5.121053,0.000249,1.986992
fineweb,2027,SiLU+Muon,1030,5.114862,0.000247,1.893307
fineweb,2027,SiLU+Muon,1040,5.121574,0.000246,1.951950
fineweb,2027,SiLU+Muon,1050,5.095229,0.000245,1.728549
fineweb,2027,SiLU+Muon,1060,5.093274,0.000244,1.940292
fineweb,2027,SiLU+Muon,1070,5.091316,0.000243,1.971209
fineweb,2027,SiLU+Muon,1080,5.050011,0.000241,1.939307
fineweb,2027,SiLU+Muon,1090,5.086754,0.000240,2.022198
fineweb,2027,SiLU+Muon,1100,5.087087,0.000239,2.011890
fineweb,2027,SiLU+Muon,1110,5.052636,0.000238,1.593908
fineweb,2027,SiLU+Muon,1120,5.084207,0.000236,1.806972
fineweb,2027,SiLU+Muon,1130,5.053833,0.000235,1.958585
fineweb,2027,SiLU+Muon,1140,5.034186,0.000234,1.830183
fineweb,2027,SiLU+Muon,1150,5.027678,0.000233,1.939063
fineweb,2027,SiLU+Muon,1160,5.010824,0.000231,1.966240
fineweb,2027,SiLU+Muon,1170,4.997666,0.000230,1.722500
fineweb,2027,SiLU+Muon,1180,5.010915,0.000229,1.870391
fineweb,2027,SiLU+Muon,1190,5.018961,0.000227,1.953492
fineweb,2027,SiLU+Muon,1200,4.958694,0.000226,1.865276
fineweb,2027,SiLU+Muon,1210,4.965538,0.000225,1.820599
fineweb,2027,SiLU+Muon,1220,4.953349,0.000223,1.637538
fineweb,2027,SiLU+Muon,1230,4.955200,0.000222,1.965103
fineweb,2027,SiLU+Muon,1240,4.941373,0.000221,1.545978
fineweb,2027,SiLU+Muon,1250,4.949003,0.000219,1.915681
fineweb,2027,SiLU+Muon,1260,4.931855,0.000218,1.925786
fineweb,2027,SiLU+Muon,1270,4.936323,0.000217,1.734902
fineweb,2027,SiLU+Muon,1280,4.912216,0.000215,1.896892
fineweb,2027,SiLU+Muon,1290,4.897574,0.000214,1.867514
fineweb,2027,SiLU+Muon,1300,4.915015,0.000212,1.750578
fineweb,2027,SiLU+Muon,1310,4.907476,0.000211,1.744136
fineweb,2027,SiLU+Muon,1320,4.902741,0.000210,1.933745
fineweb,2027,SiLU+Muon,1330,4.867609,0.000208,2.019081
fineweb,2027,SiLU+Muon,1340,4.868502,0.000207,1.863307
fineweb,2027,SiLU+Muon,1350,4.861037,0.000205,1.852159
fineweb,2027,SiLU+Muon,1360,4.859639,0.000204,1.902211
fineweb,2027,SiLU+Muon,1370,4.805447,0.000203,1.800102
fineweb,2027,SiLU+Muon,1380,4.842747,0.000201,1.988555
fineweb,2027,SiLU+Muon,1390,4.831286,0.000200,1.888499
fineweb,2027,SiLU+Muon,1400,4.854950,0.000198,1.936172
fineweb,2027,SiLU+Muon,1410,4.859390,0.000197,1.941592
fineweb,2027,SiLU+Muon,1420,4.816837,0.000195,1.973800
fineweb,2027,SiLU+Muon,1430,4.811693,0.000194,1.640009
fineweb,2027,SiLU+Muon,1440,4.811083,0.000192,1.855628
fineweb,2027,SiLU+Muon,1450,4.788319,0.000191,1.887768
fineweb,2027,SiLU+Muon,1460,4.827415,0.000190,2.000289
fineweb,2027,SiLU+Muon,1470,4.798393,0.000188,1.887568
fineweb,2027,SiLU+Muon,1480,4.763748,0.000187,1.939052
fineweb,2027,SiLU+Muon,1490,4.784386,0.000185,1.797154
fineweb,2027,SiLU+Muon,1500,4.796230,0.000184,1.841530
fineweb,2027,SiLU+Muon,1510,4.754415,0.000182,1.993940
fineweb,2027,SiLU+Muon,1520,4.762253,0.000181,2.072868
fineweb,2027,SiLU+Muon,1530,4.745958,0.000179,1.934610
fineweb,2027,SiLU+Muon,1540,4.768140,0.000178,1.890820
fineweb,2027,SiLU+Muon,1550,4.717694,0.000176,1.901686
fineweb,2027,SiLU+Muon,1560,4.748476,0.000175,1.814773
fineweb,2027,SiLU+Muon,1570,4.747187,0.000173,1.905092
fineweb,2027,SiLU+Muon,1580,4.745427,0.000172,2.005257
fineweb,2027,SiLU+Muon,1590,4.748418,0.000170,1.779220
fineweb,2027,SiLU+Muon,1600,4.734349,0.000169,1.945449
fineweb,2027,SiLU+Muon,1610,4.712342,0.000167,2.032797
fineweb,2027,SiLU+Muon,1620,4.694138,0.000166,1.677301
fineweb,2027,SiLU+Muon,1630,4.677146,0.000164,1.938668
fineweb,2027,SiLU+Muon,1640,4.713516,0.000163,1.830732
fineweb,2027,SiLU+Muon,1650,4.707490,0.000161,1.941498
fineweb,2027,SiLU+Muon,1660,4.694639,0.000160,1.904495
fineweb,2027,SiLU+Muon,1670,4.680505,0.000158,1.873495
fineweb,2027,SiLU+Muon,1680,4.680954,0.000157,1.626747
fineweb,2027,SiLU+Muon,1690,4.692245,0.000155,1.891956
fineweb,2027,SiLU+Muon,1700,4.690572,0.000154,1.938506
fineweb,2027,SiLU+Muon,1710,4.663333,0.000153,1.907805
fineweb,2027,SiLU+Muon,1720,4.660190,0.000151,2.066469
fineweb,2027,SiLU+Muon,1730,4.648814,0.000150,1.939236
fineweb,2027,SiLU+Muon,1740,4.662055,0.000148,1.688495
fineweb,2027,SiLU+Muon,1750,4.652147,0.000147,1.700691
fineweb,2027,SiLU+Muon,1760,4.642494,0.000145,2.016516
fineweb,2027,SiLU+Muon,1770,4.642073,0.000144,2.008149
fineweb,2027,SiLU+Muon,1780,4.627925,0.000142,1.769593
fineweb,2027,SiLU+Muon,1790,4.634490,0.000141,1.726870
fineweb,2027,SiLU+Muon,1800,4.629547,0.000139,1.938012
fineweb,2027,SiLU+Muon,1810,4.624021,0.000138,1.675223
fineweb,2027,SiLU+Muon,1820,4.605420,0.000136,1.927243
fineweb,2027,SiLU+Muon,1830,4.630688,0.000135,2.047064
fineweb,2027,SiLU+Muon,1840,4.608339,0.000133,1.868081
fineweb,2027,SiLU+Muon,1850,4.600246,0.000132,2.018306
fineweb,2027,SiLU+Muon,1860,4.612730,0.000131,1.993824
fineweb,2027,SiLU+Muon,1870,4.614791,0.000129,1.557495
fineweb,2027,SiLU+Muon,1880,4.627944,0.000128,1.683533
fineweb,2027,SiLU+Muon,1890,4.611004,0.000126,1.801864
fineweb,2027,SiLU+Muon,1900,4.592105,0.000125,1.972796
fineweb,2027,SiLU+Muon,1910,4.596282,0.000123,1.939891
fineweb,2027,SiLU+Muon,1920,4.591003,0.000122,1.723964
fineweb,2027,SiLU+Muon,1930,4.603844,0.000121,1.914742
fineweb,2027,SiLU+Muon,1940,4.573219,0.000119,1.663624
fineweb,2027,SiLU+Muon,1950,4.598210,0.000118,1.792653
fineweb,2027,SiLU+Muon,1960,4.562211,0.000116,2.041719
fineweb,2027,SiLU+Muon,1970,4.575956,0.000115,1.997033
fineweb,2027,SiLU+Muon,1980,4.576398,0.000114,1.928729
fineweb,2027,SiLU+Muon,1990,4.571247,0.000112,2.009250
fineweb,2027,SiLU+Muon,2000,4.565897,0.000111,1.749146
fineweb,2027,SiLU+Muon,2010,4.565539,0.000110,1.968150
fineweb,2027,SiLU+Muon,2020,4.541429,0.000108,1.774565
fineweb,2027,SiLU+Muon,2030,4.537902,0.000107,1.997932
fineweb,2027,SiLU+Muon,2040,4.531450,0.000106,2.009511
fineweb,2027,SiLU+Muon,2050,4.545234,0.000104,1.880776
fineweb,2027,SiLU+Muon,2060,4.525143,0.000103,1.781339
fineweb,2027,SiLU+Muon,2070,4.526687,0.000102,1.901013
fineweb,2027,SiLU+Muon,2080,4.533323,0.000100,1.999200
fineweb,2027,SiLU+Muon,2090,4.551907,0.000099,1.891656
fineweb,2027,SiLU+Muon,2100,4.527459,0.000098,1.760737
fineweb,2027,SiLU+Muon,2110,4.523605,0.000096,2.006342
fineweb,2027,SiLU+Muon,2120,4.501492,0.000095,1.913721
fineweb,2027,SiLU+Muon,2130,4.520847,0.000094,1.754876
fineweb,2027,SiLU+Muon,2140,4.541001,0.000093,1.944787
fineweb,2027,SiLU+Muon,2150,4.498093,0.000091,1.809323
fineweb,2027,SiLU+Muon,2160,4.514148,0.000090,1.980576
fineweb,2027,SiLU+Muon,2170,4.482613,0.000089,2.034868
fineweb,2027,SiLU+Muon,2180,4.506195,0.000088,1.930425
fineweb,2027,SiLU+Muon,2190,4.493151,0.000086,1.673849
fineweb,2027,SiLU+Muon,2200,4.548053,0.000085,1.921035
fineweb,2027,SiLU+Muon,2210,4.496100,0.000084,1.945018
fineweb,2027,SiLU+Muon,2220,4.501506,0.000083,1.883779
fineweb,2027,SiLU+Muon,2230,4.493720,0.000082,1.954753
fineweb,2027,SiLU+Muon,2240,4.495496,0.000080,1.905040
fineweb,2027,SiLU+Muon,2250,4.500111,0.000079,1.768724
fineweb,2027,SiLU+Muon,2260,4.499957,0.000078,1.777516
fineweb,2027,SiLU+Muon,2270,4.479951,0.000077,1.872962
fineweb,2027,SiLU+Muon,2280,4.466527,0.000076,1.922964
fineweb,2027,SiLU+Muon,2290,4.508400,0.000075,2.015624
fineweb,2027,SiLU+Muon,2300,4.484461,0.000074,1.887245
fineweb,2027,SiLU+Muon,2310,4.489223,0.000073,1.889004
fineweb,2027,SiLU+Muon,2320,4.455826,0.000072,1.582350
fineweb,2027,SiLU+Muon,2330,4.480425,0.000070,1.821641
fineweb,2027,SiLU+Muon,2340,4.472491,0.000069,1.934645
fineweb,2027,SiLU+Muon,2350,4.450682,0.000068,1.930042
fineweb,2027,SiLU+Muon,2360,4.462484,0.000067,1.888803
fineweb,2027,SiLU+Muon,2370,4.476017,0.000066,2.069579
fineweb,2027,SiLU+Muon,2380,4.466928,0.000065,1.658969
fineweb,2027,SiLU+Muon,2390,4.441439,0.000064,1.892227
fineweb,2027,SiLU+Muon,2400,4.454280,0.000063,1.948566
fineweb,2027,SiLU+Muon,2410,4.448209,0.000062,1.967696
fineweb,2027,SiLU+Muon,2420,4.457942,0.000061,1.948050
fineweb,2027,SiLU+Muon,2430,4.449684,0.000060,1.943980
fineweb,2027,SiLU+Muon,2440,4.456274,0.000059,1.781459
fineweb,2027,SiLU+Muon,2450,4.447562,0.000059,1.808190
fineweb,2027,SiLU+Muon,2460,4.450937,0.000058,1.936356
fineweb,2027,SiLU+Muon,2470,4.453804,0.000057,1.951107
fineweb,2027,SiLU+Muon,2480,4.427255,0.000056,1.866943
fineweb,2027,SiLU+Muon,2490,4.472510,0.000055,1.881715
fineweb,2027,SiLU+Muon,2500,4.425354,0.000054,1.883919
fineweb,2027,SiLU+Muon,2510,4.484646,0.000053,1.707663
fineweb,2027,SiLU+Muon,2520,4.443825,0.000052,1.979348
fineweb,2027,SiLU+Muon,2530,4.438438,0.000052,1.890856
fineweb,2027,SiLU+Muon,2540,4.447421,0.000051,1.943918
fineweb,2027,SiLU+Muon,2550,4.458533,0.000050,1.986296
fineweb,2027,SiLU+Muon,2560,4.422903,0.000049,1.984015
fineweb,2027,SiLU+Muon,2570,4.426209,0.000049,1.676615
fineweb,2027,SiLU+Muon,2580,4.449599,0.000048,1.914433
fineweb,2027,SiLU+Muon,2590,4.442805,0.000047,1.979828
fineweb,2027,SiLU+Muon,2600,4.450637,0.000046,1.918398
fineweb,2027,SiLU+Muon,2610,4.423443,0.000046,1.895487
fineweb,2027,SiLU+Muon,2620,4.375884,0.000045,2.057690
fineweb,2027,SiLU+Muon,2630,4.423630,0.000044,1.750742
fineweb,2027,SiLU+Muon,2640,4.445501,0.000044,1.896685
fineweb,2027,SiLU+Muon,2650,4.408399,0.000043,1.877027
fineweb,2027,SiLU+Muon,2660,4.395295,0.000042,1.870200
fineweb,2027,SiLU+Muon,2670,4.397706,0.000042,1.877704
fineweb,2027,SiLU+Muon,2680,4.411669,0.000041,2.013882
fineweb,2027,SiLU+Muon,2690,4.425349,0.000041,1.957252
fineweb,2027,SiLU+Muon,2700,4.391114,0.000040,1.653141
fineweb,2027,SiLU+Muon,2710,4.416734,0.000039,1.968657
fineweb,2027,SiLU+Muon,2720,4.408791,0.000039,1.950229
fineweb,2027,SiLU+Muon,2730,4.434364,0.000038,1.871663
fineweb,2027,SiLU+Muon,2740,4.414996,0.000038,1.985803
fineweb,2027,SiLU+Muon,2750,4.421155,0.000037,1.881187
fineweb,2027,SiLU+Muon,2760,4.410103,0.000037,1.672360
fineweb,2027,SiLU+Muon,2770,4.429002,0.000036,1.898505
fineweb,2027,SiLU+Muon,2780,4.387786,0.000036,1.956528
fineweb,2027,SiLU+Muon,2790,4.400578,0.000036,1.888010
fineweb,2027,SiLU+Muon,2800,4.432318,0.000035,1.888454
fineweb,2027,SiLU+Muon,2810,4.391122,0.000035,1.996015
fineweb,2027,SiLU+Muon,2820,4.423099,0.000034,1.753206
fineweb,2027,SiLU+Muon,2830,4.393696,0.000034,1.906850
fineweb,2027,SiLU+Muon,2840,4.393955,0.000034,2.061670
fineweb,2027,SiLU+Muon,2850,4.405740,0.000033,1.875979
fineweb,2027,SiLU+Muon,2860,4.406380,0.000033,1.858940
fineweb,2027,SiLU+Muon,2870,4.387060,0.000033,1.961066
fineweb,2027,SiLU+Muon,2880,4.385370,0.000032,1.871078
fineweb,2027,SiLU+Muon,2890,4.397837,0.000032,1.744389
fineweb,2027,SiLU+Muon,2900,4.395909,0.000032,2.001356
fineweb,2027,SiLU+Muon,2910,4.379778,0.000032,1.915324
fineweb,2027,SiLU+Muon,2920,4.398829,0.000031,1.959730
fineweb,2027,SiLU+Muon,2930,4.397145,0.000031,2.022345
fineweb,2027,SiLU+Muon,2940,4.384864,0.000031,1.858709
fineweb,2027,SiLU+Muon,2950,4.418760,0.000031,1.672287
fineweb,2027,SiLU+Muon,2960,4.364707,0.000031,2.003573
fineweb,2027,SiLU+Muon,2970,4.391919,0.000031,2.001557
fineweb,2027,SiLU+Muon,2980,4.371407,0.000030,1.975514
fineweb,2027,SiLU+Muon,2990,4.395204,0.000030,2.056863
fineweb,2027,SiLU+Muon,3000,4.382465,0.000030,1.979033
fineweb,2027,SiLU+Muon,3010,4.375938,0.000030,1.633455
fineweb,2027,SiLU+Muon,3020,4.345656,0.000030,2.034292
fineweb,2027,SiLU+Muon,3030,4.396238,0.000030,1.935959
fineweb,2027,SiLU+Muon,3040,4.378286,0.000030,1.977024
fineweb,2027,SiLU+Muon,3050,4.371112,0.000030,1.927341
fineweb,2027,RLB+Muon,1,10.979935,0.000001,4.595663
fineweb,2027,RLB+Muon,10,10.964592,0.000015,2.530980
fineweb,2027,RLB+Muon,20,10.906527,0.000030,2.511162
fineweb,2027,RLB+Muon,30,10.787555,0.000045,2.507288
fineweb,2027,RLB+Muon,40,10.621131,0.000060,2.536420
fineweb,2027,RLB+Muon,50,10.417677,0.000075,2.513444
fineweb,2027,RLB+Muon,60,10.170661,0.000090,2.443963
fineweb,2027,RLB+Muon,70,9.922632,0.000105,2.533710
fineweb,2027,RLB+Muon,80,9.652729,0.000120,2.488027
fineweb,2027,RLB+Muon,90,9.379824,0.000135,2.530961
fineweb,2027,RLB+Muon,100,9.139894,0.000150,2.332841
fineweb,2027,RLB+Muon,110,8.918065,0.000165,2.454712
fineweb,2027,RLB+Muon,120,8.708351,0.000180,2.535920
fineweb,2027,RLB+Muon,130,8.514675,0.000195,2.467035
fineweb,2027,RLB+Muon,140,8.363865,0.000210,2.499270
fineweb,2027,RLB+Muon,150,8.176448,0.000225,2.369206
fineweb,2027,RLB+Muon,160,8.039546,0.000240,2.498267
fineweb,2027,RLB+Muon,170,7.918789,0.000255,2.512525
fineweb,2027,RLB+Muon,180,7.793631,0.000270,2.494777
fineweb,2027,RLB+Muon,190,7.686537,0.000285,2.432340
fineweb,2027,RLB+Muon,200,7.580668,0.000300,2.366097
fineweb,2027,RLB+Muon,210,7.503519,0.000300,2.458168
fineweb,2027,RLB+Muon,220,7.373687,0.000300,2.492476
fineweb,2027,RLB+Muon,230,7.330292,0.000300,2.483800
fineweb,2027,RLB+Muon,240,7.224037,0.000300,2.514943
fineweb,2027,RLB+Muon,250,7.146808,0.000300,2.420925
fineweb,2027,RLB+Muon,260,7.064076,0.000300,2.519055
fineweb,2027,RLB+Muon,270,6.987020,0.000300,2.490112
fineweb,2027,RLB+Muon,280,6.961462,0.000299,2.519023
fineweb,2027,RLB+Muon,290,6.882950,0.000299,2.415040
fineweb,2027,RLB+Muon,300,6.829896,0.000299,2.550029
fineweb,2027,RLB+Muon,310,6.746778,0.000299,2.519352
fineweb,2027,RLB+Muon,320,6.683588,0.000299,2.509408
fineweb,2027,RLB+Muon,330,6.658239,0.000299,2.512689
fineweb,2027,RLB+Muon,340,6.602251,0.000298,2.391701
fineweb,2027,RLB+Muon,350,6.548430,0.000298,2.511424
fineweb,2027,RLB+Muon,360,6.523706,0.000298,2.506550
fineweb,2027,RLB+Muon,370,6.447759,0.000298,2.504442
fineweb,2027,RLB+Muon,380,6.434171,0.000297,2.544102
fineweb,2027,RLB+Muon,390,6.365599,0.000297,2.358812
fineweb,2027,RLB+Muon,400,6.327021,0.000297,2.538284
fineweb,2027,RLB+Muon,410,6.271652,0.000296,2.534671
fineweb,2027,RLB+Muon,420,6.229906,0.000296,2.482328
fineweb,2027,RLB+Muon,430,6.176858,0.000296,2.487934
fineweb,2027,RLB+Muon,440,6.148684,0.000295,2.384030
fineweb,2027,RLB+Muon,450,6.155116,0.000295,2.541768
fineweb,2027,RLB+Muon,460,6.092410,0.000295,2.477590
fineweb,2027,RLB+Muon,470,6.075968,0.000294,2.521361
fineweb,2027,RLB+Muon,480,5.986062,0.000294,2.377578
fineweb,2027,RLB+Muon,490,5.999243,0.000293,2.540206
fineweb,2027,RLB+Muon,500,5.956015,0.000293,2.477590
fineweb,2027,RLB+Muon,510,5.891068,0.000292,2.492160
fineweb,2027,RLB+Muon,520,5.939277,0.000292,2.431940
fineweb,2027,RLB+Muon,530,5.866126,0.000291,2.359856
fineweb,2027,RLB+Muon,540,5.828791,0.000291,2.516779
fineweb,2027,RLB+Muon,550,5.830240,0.000290,2.525524
fineweb,2027,RLB+Muon,560,5.803013,0.000290,2.507879
fineweb,2027,RLB+Muon,570,5.806564,0.000289,2.472336
fineweb,2027,RLB+Muon,580,5.742894,0.000288,2.310071
fineweb,2027,RLB+Muon,590,5.707422,0.000288,2.495858
fineweb,2027,RLB+Muon,600,5.685424,0.000287,2.541475
fineweb,2027,RLB+Muon,610,5.706270,0.000287,2.518459
fineweb,2027,RLB+Muon,620,5.664992,0.000286,2.454008
fineweb,2027,RLB+Muon,630,5.665308,0.000285,2.436661
fineweb,2027,RLB+Muon,640,5.622543,0.000284,2.488991
fineweb,2027,RLB+Muon,650,5.615985,0.000284,2.510318
fineweb,2027,RLB+Muon,660,5.582850,0.000283,2.394076
fineweb,2027,RLB+Muon,670,5.576065,0.000282,2.467386
fineweb,2027,RLB+Muon,680,5.588793,0.000282,2.473151
fineweb,2027,RLB+Muon,690,5.537057,0.000281,2.485082
fineweb,2027,RLB+Muon,700,5.527443,0.000280,2.484682
fineweb,2027,RLB+Muon,710,5.472571,0.000279,2.520847
fineweb,2027,RLB+Muon,720,5.485267,0.000279,2.452046
fineweb,2027,RLB+Muon,730,5.491296,0.000278,2.510574
fineweb,2027,RLB+Muon,740,5.464600,0.000277,2.535950
fineweb,2027,RLB+Muon,750,5.417820,0.000276,2.532401
fineweb,2027,RLB+Muon,760,5.443287,0.000275,2.507147
fineweb,2027,RLB+Muon,770,5.407866,0.000274,2.396451
fineweb,2027,RLB+Muon,780,5.383489,0.000273,2.536199
fineweb,2027,RLB+Muon,790,5.393598,0.000273,2.426143
fineweb,2027,RLB+Muon,800,5.371805,0.000272,2.538832
fineweb,2027,RLB+Muon,810,5.343769,0.000271,2.464652
fineweb,2027,RLB+Muon,820,5.350350,0.000270,2.311830
fineweb,2027,RLB+Muon,830,5.324527,0.000269,2.487219
fineweb,2027,RLB+Muon,840,5.336283,0.000268,2.519532
fineweb,2027,RLB+Muon,850,5.314234,0.000267,2.514863
fineweb,2027,RLB+Muon,860,5.278199,0.000266,2.422777
fineweb,2027,RLB+Muon,870,5.290117,0.000265,2.474083
fineweb,2027,RLB+Muon,880,5.276686,0.000264,2.514288
fineweb,2027,RLB+Muon,890,5.242075,0.000263,2.547121
fineweb,2027,RLB+Muon,900,5.244448,0.000262,2.521111
fineweb,2027,RLB+Muon,910,5.212926,0.000261,2.402467
fineweb,2027,RLB+Muon,920,5.219639,0.000260,2.502906
fineweb,2027,RLB+Muon,930,5.152426,0.000259,2.526245
fineweb,2027,RLB+Muon,940,5.165230,0.000258,2.462983
fineweb,2027,RLB+Muon,950,5.172753,0.000257,2.546636
fineweb,2027,RLB+Muon,960,5.164127,0.000255,2.377811
fineweb,2027,RLB+Muon,970,5.174220,0.000254,2.514964
fineweb,2027,RLB+Muon,980,5.162614,0.000253,2.499718
fineweb,2027,RLB+Muon,990,5.140012,0.000252,2.541249
fineweb,2027,RLB+Muon,1000,5.144074,0.000251,2.463967
fineweb,2027,RLB+Muon,1010,5.148004,0.000250,2.421728
fineweb,2027,RLB+Muon,1020,5.110178,0.000249,2.442320
fineweb,2027,RLB+Muon,1030,5.106077,0.000247,2.532521
fineweb,2027,RLB+Muon,1040,5.111287,0.000246,2.506439
fineweb,2027,RLB+Muon,1050,5.088733,0.000245,2.407575
fineweb,2027,RLB+Muon,1060,5.081997,0.000244,2.457087
fineweb,2027,RLB+Muon,1070,5.082026,0.000243,2.446683
fineweb,2027,RLB+Muon,1080,5.041962,0.000241,2.508330
fineweb,2027,RLB+Muon,1090,5.076754,0.000240,2.505899
fineweb,2027,RLB+Muon,1100,5.076998,0.000239,2.368825
fineweb,2027,RLB+Muon,1110,5.046370,0.000238,2.523140
fineweb,2027,RLB+Muon,1120,5.076075,0.000236,2.523275
fineweb,2027,RLB+Muon,1130,5.045345,0.000235,2.504614
fineweb,2027,RLB+Muon,1140,5.026011,0.000234,2.466319
fineweb,2027,RLB+Muon,1150,5.021401,0.000233,2.407477
fineweb,2027,RLB+Muon,1160,5.004518,0.000231,2.452639
fineweb,2027,RLB+Muon,1170,4.992055,0.000230,2.490977
fineweb,2027,RLB+Muon,1180,5.004431,0.000229,2.509054
fineweb,2027,RLB+Muon,1190,5.014575,0.000227,2.535638
fineweb,2027,RLB+Muon,1200,4.955136,0.000226,2.393813
fineweb,2027,RLB+Muon,1210,4.959186,0.000225,2.493422
fineweb,2027,RLB+Muon,1220,4.950900,0.000223,2.494823
fineweb,2027,RLB+Muon,1230,4.954055,0.000222,2.484625
fineweb,2027,RLB+Muon,1240,4.937673,0.000221,2.470891
fineweb,2027,RLB+Muon,1250,4.948626,0.000219,2.426712
fineweb,2027,RLB+Muon,1260,4.928908,0.000218,2.477659
fineweb,2027,RLB+Muon,1270,4.934289,0.000217,2.477107
fineweb,2027,RLB+Muon,1280,4.910264,0.000215,2.488961
fineweb,2027,RLB+Muon,1290,4.896907,0.000214,2.362981
fineweb,2027,RLB+Muon,1300,4.914376,0.000212,2.460846
fineweb,2027,RLB+Muon,1310,4.908956,0.000211,2.486767
fineweb,2027,RLB+Muon,1320,4.902750,0.000210,2.512922
fineweb,2027,RLB+Muon,1330,4.868910,0.000208,2.516282
fineweb,2027,RLB+Muon,1340,4.869082,0.000207,2.399495
fineweb,2027,RLB+Muon,1350,4.865260,0.000205,2.538081
fineweb,2027,RLB+Muon,1360,4.862964,0.000204,2.481914
fineweb,2027,RLB+Muon,1370,4.808064,0.000203,2.504824
fineweb,2027,RLB+Muon,1380,4.846617,0.000201,2.483644
fineweb,2027,RLB+Muon,1390,4.835271,0.000200,2.400769
fineweb,2027,RLB+Muon,1400,4.860317,0.000198,2.508417
fineweb,2027,RLB+Muon,1410,4.864284,0.000197,2.536910
fineweb,2027,RLB+Muon,1420,4.819432,0.000195,2.442758
fineweb,2027,RLB+Muon,1430,4.818868,0.000194,2.489136
fineweb,2027,RLB+Muon,1440,4.820798,0.000192,2.452814
fineweb,2027,RLB+Muon,1450,4.796662,0.000191,2.479343
fineweb,2027,RLB+Muon,1460,4.836111,0.000190,2.472184
fineweb,2027,RLB+Muon,1470,4.808563,0.000188,2.483255
fineweb,2027,RLB+Muon,1480,4.773405,0.000187,2.385078
fineweb,2027,RLB+Muon,1490,4.792756,0.000185,2.483224
fineweb,2027,RLB+Muon,1500,4.807455,0.000184,2.381957
fineweb,2027,RLB+Muon,1510,4.765178,0.000182,2.504146
fineweb,2027,RLB+Muon,1520,4.774405,0.000181,2.482430
fineweb,2027,RLB+Muon,1530,4.761119,0.000179,2.392012
fineweb,2027,RLB+Muon,1540,4.779333,0.000178,2.452238
fineweb,2027,RLB+Muon,1550,4.730391,0.000176,2.495991
fineweb,2027,RLB+Muon,1560,4.765336,0.000175,2.465405
fineweb,2027,RLB+Muon,1570,4.762552,0.000173,2.499894
fineweb,2027,RLB+Muon,1580,4.760029,0.000172,2.373900
fineweb,2027,RLB+Muon,1590,4.763223,0.000170,2.541518
fineweb,2027,RLB+Muon,1600,4.747001,0.000169,2.457872
fineweb,2027,RLB+Muon,1610,4.725831,0.000167,2.469146
fineweb,2027,RLB+Muon,1620,4.705660,0.000166,2.472038
fineweb,2027,RLB+Muon,1630,4.690869,0.000164,2.358823
fineweb,2027,RLB+Muon,1640,4.729957,0.000163,2.531648
fineweb,2027,RLB+Muon,1650,4.726353,0.000161,2.483013
fineweb,2027,RLB+Muon,1660,4.707935,0.000160,2.525653
fineweb,2027,RLB+Muon,1670,4.697372,0.000158,2.426767
fineweb,2027,RLB+Muon,1680,4.693125,0.000157,2.473298
fineweb,2027,RLB+Muon,1690,4.706265,0.000155,2.472380
fineweb,2027,RLB+Muon,1700,4.706316,0.000154,2.434052
fineweb,2027,RLB+Muon,1710,4.677487,0.000153,2.519300
fineweb,2027,RLB+Muon,1720,4.675549,0.000151,2.426418
fineweb,2027,RLB+Muon,1730,4.661936,0.000150,2.523000
fineweb,2027,RLB+Muon,1740,4.679699,0.000148,2.398059
fineweb,2027,RLB+Muon,1750,4.668595,0.000147,2.431145
fineweb,2027,RLB+Muon,1760,4.660974,0.000145,2.370256
fineweb,2027,RLB+Muon,1770,4.657584,0.000144,2.330440
fineweb,2027,RLB+Muon,1780,4.645141,0.000142,2.261059
fineweb,2027,RLB+Muon,1790,4.649064,0.000141,2.399877
fineweb,2027,RLB+Muon,1800,4.643017,0.000139,2.499868
fineweb,2027,RLB+Muon,1810,4.635714,0.000138,2.480429
fineweb,2027,RLB+Muon,1820,4.620520,0.000136,2.323023
fineweb,2027,RLB+Muon,1830,4.644241,0.000135,2.502029
fineweb,2027,RLB+Muon,1840,4.621648,0.000133,2.551636
fineweb,2027,RLB+Muon,1850,4.614970,0.000132,2.488487
fineweb,2027,RLB+Muon,1860,4.629383,0.000131,2.422086
fineweb,2027,RLB+Muon,1870,4.630172,0.000129,2.422523
fineweb,2027,RLB+Muon,1880,4.645024,0.000128,2.526380
fineweb,2027,RLB+Muon,1890,4.629579,0.000126,2.519416
fineweb,2027,RLB+Muon,1900,4.607573,0.000125,2.416855
fineweb,2027,RLB+Muon,1910,4.614963,0.000123,2.458751
fineweb,2027,RLB+Muon,1920,4.604416,0.000122,2.244539
fineweb,2027,RLB+Muon,1930,4.620566,0.000121,2.299232
fineweb,2027,RLB+Muon,1940,4.589886,0.000119,2.515905
fineweb,2027,RLB+Muon,1950,4.613652,0.000118,2.495033
fineweb,2027,RLB+Muon,1960,4.580847,0.000116,2.392648
fineweb,2027,RLB+Muon,1970,4.589756,0.000115,2.436527
fineweb,2027,RLB+Muon,1980,4.594838,0.000114,2.520205
fineweb,2027,RLB+Muon,1990,4.587232,0.000112,2.483082
fineweb,2027,RLB+Muon,2000,4.581052,0.000111,2.399332
fineweb,2027,RLB+Muon,2010,4.576245,0.000110,2.340097
fineweb,2027,RLB+Muon,2020,4.555265,0.000108,2.362787
fineweb,2027,RLB+Muon,2030,4.553251,0.000107,2.443348
fineweb,2027,RLB+Muon,2040,4.547985,0.000106,2.384107
fineweb,2027,RLB+Muon,2050,4.559376,0.000104,2.447335
fineweb,2027,RLB+Muon,2060,4.539265,0.000103,2.289319
fineweb,2027,RLB+Muon,2070,4.542401,0.000102,2.360566
fineweb,2027,RLB+Muon,2080,4.547161,0.000100,2.500154
fineweb,2027,RLB+Muon,2090,4.565019,0.000099,2.432111
fineweb,2027,RLB+Muon,2100,4.544223,0.000098,2.459829
fineweb,2027,RLB+Muon,2110,4.542389,0.000096,2.418068
fineweb,2027,RLB+Muon,2120,4.515109,0.000095,2.513107
fineweb,2027,RLB+Muon,2130,4.535000,0.000094,2.469049
fineweb,2027,RLB+Muon,2140,4.555417,0.000093,2.407506
fineweb,2027,RLB+Muon,2150,4.513744,0.000091,2.530912
fineweb,2027,RLB+Muon,2160,4.524685,0.000090,2.396858
fineweb,2027,RLB+Muon,2170,4.494506,0.000089,2.485988
fineweb,2027,RLB+Muon,2180,4.517354,0.000088,2.430778
fineweb,2027,RLB+Muon,2190,4.506530,0.000086,2.413522
fineweb,2027,RLB+Muon,2200,4.558801,0.000085,2.485180
fineweb,2027,RLB+Muon,2210,4.508636,0.000084,2.387437
fineweb,2027,RLB+Muon,2220,4.511034,0.000083,2.416030
fineweb,2027,RLB+Muon,2230,4.506305,0.000082,2.445907
fineweb,2027,RLB+Muon,2240,4.510663,0.000080,2.399487
fineweb,2027,RLB+Muon,2250,4.513464,0.000079,2.437040
fineweb,2027,RLB+Muon,2260,4.514901,0.000078,2.416681
fineweb,2027,RLB+Muon,2270,4.493954,0.000077,2.431310
fineweb,2027,RLB+Muon,2280,4.478990,0.000076,2.447077
fineweb,2027,RLB+Muon,2290,4.519871,0.000075,2.386342
fineweb,2027,RLB+Muon,2300,4.496000,0.000074,2.426600
fineweb,2027,RLB+Muon,2310,4.500195,0.000073,2.444714
fineweb,2027,RLB+Muon,2320,4.466660,0.000072,2.499379
fineweb,2027,RLB+Muon,2330,4.489333,0.000070,2.499885
fineweb,2027,RLB+Muon,2340,4.483278,0.000069,2.424214
fineweb,2027,RLB+Muon,2350,4.459877,0.000068,2.497483
fineweb,2027,RLB+Muon,2360,4.473307,0.000067,2.526871
fineweb,2027,RLB+Muon,2370,4.487940,0.000066,2.545512
fineweb,2027,RLB+Muon,2380,4.476697,0.000065,2.515956
fineweb,2027,RLB+Muon,2390,4.450228,0.000064,2.551827
fineweb,2027,RLB+Muon,2400,4.466171,0.000063,2.509260
fineweb,2027,RLB+Muon,2410,4.457151,0.000062,2.346627
fineweb,2027,RLB+Muon,2420,4.466167,0.000061,2.535754
fineweb,2027,RLB+Muon,2430,4.460529,0.000060,2.443264
fineweb,2027,RLB+Muon,2440,4.464091,0.000059,2.434730
fineweb,2027,RLB+Muon,2450,4.459864,0.000059,2.417634
fineweb,2027,RLB+Muon,2460,4.459132,0.000058,2.490559
fineweb,2027,RLB+Muon,2470,4.462509,0.000057,2.473330
fineweb,2027,RLB+Muon,2480,4.436458,0.000056,2.415288
fineweb,2027,RLB+Muon,2490,4.481260,0.000055,2.400245
fineweb,2027,RLB+Muon,2500,4.434433,0.000054,2.417441
fineweb,2027,RLB+Muon,2510,4.494839,0.000053,2.480662
fineweb,2027,RLB+Muon,2520,4.451718,0.000052,2.393210
fineweb,2027,RLB+Muon,2530,4.446320,0.000052,2.440353
fineweb,2027,RLB+Muon,2540,4.455017,0.000051,2.438401
fineweb,2027,RLB+Muon,2550,4.465503,0.000050,2.426995
fineweb,2027,RLB+Muon,2560,4.430467,0.000049,2.431706
fineweb,2027,RLB+Muon,2570,4.433235,0.000049,2.459658
fineweb,2027,RLB+Muon,2580,4.458802,0.000048,2.406931
fineweb,2027,RLB+Muon,2590,4.451408,0.000047,2.363160
fineweb,2027,RLB+Muon,2600,4.455685,0.000046,2.408112
fineweb,2027,RLB+Muon,2610,4.430254,0.000046,2.461270
fineweb,2027,RLB+Muon,2620,4.383580,0.000045,2.474039
fineweb,2027,RLB+Muon,2630,4.431840,0.000044,2.462046
fineweb,2027,RLB+Muon,2640,4.452408,0.000044,2.475474
fineweb,2027,RLB+Muon,2650,4.417010,0.000043,2.457930
fineweb,2027,RLB+Muon,2660,4.401452,0.000042,2.451152
fineweb,2027,RLB+Muon,2670,4.406770,0.000042,2.331972
fineweb,2027,RLB+Muon,2680,4.419727,0.000041,2.521481
fineweb,2027,RLB+Muon,2690,4.434308,0.000041,2.515088
fineweb,2027,RLB+Muon,2700,4.399778,0.000040,2.531999
fineweb,2027,RLB+Muon,2710,4.423090,0.000039,2.541528
fineweb,2027,RLB+Muon,2720,4.413609,0.000039,2.448328
fineweb,2027,RLB+Muon,2730,4.441206,0.000038,2.460756
fineweb,2027,RLB+Muon,2740,4.420490,0.000038,2.458716
fineweb,2027,RLB+Muon,2750,4.430566,0.000037,2.496854
fineweb,2027,RLB+Muon,2760,4.417569,0.000037,2.422757
fineweb,2027,RLB+Muon,2770,4.435659,0.000036,2.464870
fineweb,2027,RLB+Muon,2780,4.394775,0.000036,2.477813
fineweb,2027,RLB+Muon,2790,4.409416,0.000036,2.351695
fineweb,2027,RLB+Muon,2800,4.438821,0.000035,2.454733
fineweb,2027,RLB+Muon,2810,4.396156,0.000035,2.568356
fineweb,2027,RLB+Muon,2820,4.426714,0.000034,2.453104
fineweb,2027,RLB+Muon,2830,4.398914,0.000034,2.488812
fineweb,2027,RLB+Muon,2840,4.401594,0.000034,2.473327
fineweb,2027,RLB+Muon,2850,4.411065,0.000033,2.463328
fineweb,2027,RLB+Muon,2860,4.415925,0.000033,2.522897
fineweb,2027,RLB+Muon,2870,4.393936,0.000033,2.456414
fineweb,2027,RLB+Muon,2880,4.390990,0.000032,2.430100
fineweb,2027,RLB+Muon,2890,4.404607,0.000032,2.480721
fineweb,2027,RLB+Muon,2900,4.400262,0.000032,2.405278
fineweb,2027,RLB+Muon,2910,4.384545,0.000032,2.398531
fineweb,2027,RLB+Muon,2920,4.405483,0.000031,2.533935
fineweb,2027,RLB+Muon,2930,4.405397,0.000031,2.450538
fineweb,2027,RLB+Muon,2940,4.390031,0.000031,2.490139
fineweb,2027,RLB+Muon,2950,4.427468,0.000031,2.430054
fineweb,2027,RLB+Muon,2960,4.372535,0.000031,2.457089
fineweb,2027,RLB+Muon,2970,4.400063,0.000031,2.513192
fineweb,2027,RLB+Muon,2980,4.376711,0.000030,2.419516
fineweb,2027,RLB+Muon,2990,4.401397,0.000030,2.502023
fineweb,2027,RLB+Muon,3000,4.387892,0.000030,2.472121
fineweb,2027,RLB+Muon,3010,4.381997,0.000030,2.450120
fineweb,2027,RLB+Muon,3020,4.346117,0.000030,2.426524
fineweb,2027,RLB+Muon,3030,4.402332,0.000030,2.404797
fineweb,2027,RLB+Muon,3040,4.380572,0.000030,2.493583
fineweb,2027,RLB+Muon,3050,4.374951,0.000030,2.436424
fineweb,2027,RLB+MatrixPolicy (group-stat),1,10.979935,0.000001,4.140115
fineweb,2027,RLB+MatrixPolicy (group-stat),10,10.424730,0.000015,2.685671
fineweb,2027,RLB+MatrixPolicy (group-stat),20,9.684973,0.000030,2.553357
fineweb,2027,RLB+MatrixPolicy (group-stat),30,9.400605,0.000045,2.491273
fineweb,2027,RLB+MatrixPolicy (group-stat),40,9.021070,0.000060,2.485014
fineweb,2027,RLB+MatrixPolicy (group-stat),50,8.552724,0.000075,2.483117
fineweb,2027,RLB+MatrixPolicy (group-stat),60,8.049020,0.000090,2.506496
fineweb,2027,RLB+MatrixPolicy (group-stat),70,7.687565,0.000105,2.531590
fineweb,2027,RLB+MatrixPolicy (group-stat),80,7.428276,0.000120,2.517945
fineweb,2027,RLB+MatrixPolicy (group-stat),90,7.287697,0.000135,2.535884
fineweb,2027,RLB+MatrixPolicy (group-stat),100,7.158929,0.000150,2.517302
fineweb,2027,RLB+MatrixPolicy (group-stat),110,7.031650,0.000165,2.559503
fineweb,2027,RLB+MatrixPolicy (group-stat),120,6.934753,0.000180,2.528615
fineweb,2027,RLB+MatrixPolicy (group-stat),130,6.820359,0.000195,2.476263
fineweb,2027,RLB+MatrixPolicy (group-stat),140,6.742040,0.000210,2.487701
fineweb,2027,RLB+MatrixPolicy (group-stat),150,6.630736,0.000225,2.521333
fineweb,2027,RLB+MatrixPolicy (group-stat),160,6.569120,0.000240,2.565806
fineweb,2027,RLB+MatrixPolicy (group-stat),170,6.501043,0.000255,2.457226
fineweb,2027,RLB+MatrixPolicy (group-stat),180,6.441854,0.000270,2.545015
fineweb,2027,RLB+MatrixPolicy (group-stat),190,6.385174,0.000285,2.482593
fineweb,2027,RLB+MatrixPolicy (group-stat),200,6.327846,0.000300,2.568977
fineweb,2027,RLB+MatrixPolicy (group-stat),210,6.301531,0.000300,2.450296
fineweb,2027,RLB+MatrixPolicy (group-stat),220,6.202751,0.000300,2.470697
fineweb,2027,RLB+MatrixPolicy (group-stat),230,6.187280,0.000300,2.572258
fineweb,2027,RLB+MatrixPolicy (group-stat),240,6.111803,0.000300,2.450148
fineweb,2027,RLB+MatrixPolicy (group-stat),250,6.073025,0.000300,2.457788
fineweb,2027,RLB+MatrixPolicy (group-stat),260,6.014764,0.000300,2.548644
fineweb,2027,RLB+MatrixPolicy (group-stat),270,5.958027,0.000300,2.534535
fineweb,2027,RLB+MatrixPolicy (group-stat),280,5.955030,0.000299,2.547530
fineweb,2027,RLB+MatrixPolicy (group-stat),290,5.901924,0.000299,2.412234
fineweb,2027,RLB+MatrixPolicy (group-stat),300,5.875519,0.000299,2.485812
fineweb,2027,RLB+MatrixPolicy (group-stat),310,5.812017,0.000299,2.534037
fineweb,2027,RLB+MatrixPolicy (group-stat),320,5.772401,0.000299,2.368735
fineweb,2027,RLB+MatrixPolicy (group-stat),330,5.772641,0.000299,2.421110
fineweb,2027,RLB+MatrixPolicy (group-stat),340,5.738224,0.000298,2.534538
fineweb,2027,RLB+MatrixPolicy (group-stat),350,5.707204,0.000298,2.508439
fineweb,2027,RLB+MatrixPolicy (group-stat),360,5.700181,0.000298,2.578059
fineweb,2027,RLB+MatrixPolicy (group-stat),370,5.650591,0.000298,2.528057
fineweb,2027,RLB+MatrixPolicy (group-stat),380,5.653507,0.000297,2.453386
fineweb,2027,RLB+MatrixPolicy (group-stat),390,5.613521,0.000297,2.473927
fineweb,2027,RLB+MatrixPolicy (group-stat),400,5.599225,0.000297,2.561301
fineweb,2027,RLB+MatrixPolicy (group-stat),410,5.567946,0.000296,2.483572
fineweb,2027,RLB+MatrixPolicy (group-stat),420,5.537240,0.000296,2.583976
fineweb,2027,RLB+MatrixPolicy (group-stat),430,5.502560,0.000296,2.532962
fineweb,2027,RLB+MatrixPolicy (group-stat),440,5.492810,0.000295,2.496485
fineweb,2027,RLB+MatrixPolicy (group-stat),450,5.510971,0.000295,2.542290
fineweb,2027,RLB+MatrixPolicy (group-stat),460,5.467417,0.000295,2.525574
fineweb,2027,RLB+MatrixPolicy (group-stat),470,5.465792,0.000294,2.502876
fineweb,2027,RLB+MatrixPolicy (group-stat),480,5.401555,0.000294,2.488422
fineweb,2027,RLB+MatrixPolicy (group-stat),490,5.416503,0.000293,2.533492
fineweb,2027,RLB+MatrixPolicy (group-stat),500,5.394244,0.000293,2.464793
fineweb,2027,RLB+MatrixPolicy (group-stat),510,5.340062,0.000292,2.524304
fineweb,2027,RLB+MatrixPolicy (group-stat),520,5.396700,0.000292,2.507001
fineweb,2027,RLB+MatrixPolicy (group-stat),530,5.336831,0.000291,2.536795
fineweb,2027,RLB+MatrixPolicy (group-stat),540,5.312946,0.000291,2.536495
fineweb,2027,RLB+MatrixPolicy (group-stat),550,5.323140,0.000290,2.524889
fineweb,2027,RLB+MatrixPolicy (group-stat),560,5.305574,0.000290,2.516360
fineweb,2027,RLB+MatrixPolicy (group-stat),570,5.312149,0.000289,2.365144
fineweb,2027,RLB+MatrixPolicy (group-stat),580,5.264768,0.000288,2.519578
fineweb,2027,RLB+MatrixPolicy (group-stat),590,5.234930,0.000288,2.482068
fineweb,2027,RLB+MatrixPolicy (group-stat),600,5.223147,0.000287,2.553192
fineweb,2027,RLB+MatrixPolicy (group-stat),610,5.247740,0.000287,2.494483
fineweb,2027,RLB+MatrixPolicy (group-stat),620,5.214877,0.000286,2.561190
fineweb,2027,RLB+MatrixPolicy (group-stat),630,5.222029,0.000285,2.466741
fineweb,2027,RLB+MatrixPolicy (group-stat),640,5.187568,0.000284,2.554917
fineweb,2027,RLB+MatrixPolicy (group-stat),650,5.186885,0.000284,2.576238
fineweb,2027,RLB+MatrixPolicy (group-stat),660,5.158841,0.000283,2.501691
fineweb,2027,RLB+MatrixPolicy (group-stat),670,5.162249,0.000282,2.437767
fineweb,2027,RLB+MatrixPolicy (group-stat),680,5.177191,0.000282,2.600591
fineweb,2027,RLB+MatrixPolicy (group-stat),690,5.132950,0.000281,2.576142
fineweb,2027,RLB+MatrixPolicy (group-stat),700,5.140345,0.000280,2.548484
fineweb,2027,RLB+MatrixPolicy (group-stat),710,5.089753,0.000279,2.522894
fineweb,2027,RLB+MatrixPolicy (group-stat),720,5.107012,0.000279,2.567372
fineweb,2027,RLB+MatrixPolicy (group-stat),730,5.115490,0.000278,2.564287
fineweb,2027,RLB+MatrixPolicy (group-stat),740,5.096214,0.000277,2.527681
fineweb,2027,RLB+MatrixPolicy (group-stat),750,5.055831,0.000276,2.584722
fineweb,2027,RLB+MatrixPolicy (group-stat),760,5.086383,0.000275,2.536328
fineweb,2027,RLB+MatrixPolicy (group-stat),770,5.061965,0.000274,2.542979
fineweb,2027,RLB+MatrixPolicy (group-stat),780,5.040232,0.000273,2.580485
fineweb,2027,RLB+MatrixPolicy (group-stat),790,5.054336,0.000273,2.543117
fineweb,2027,RLB+MatrixPolicy (group-stat),800,5.040800,0.000272,2.503865
fineweb,2027,RLB+MatrixPolicy (group-stat),810,5.017345,0.000271,2.493865
fineweb,2027,RLB+MatrixPolicy (group-stat),820,5.027783,0.000270,2.549390
fineweb,2027,RLB+MatrixPolicy (group-stat),830,5.009733,0.000269,2.590446
fineweb,2027,RLB+MatrixPolicy (group-stat),840,5.021954,0.000268,2.520790
fineweb,2027,RLB+MatrixPolicy (group-stat),850,5.011811,0.000267,2.469217
fineweb,2027,RLB+MatrixPolicy (group-stat),860,4.983479,0.000266,2.617906
fineweb,2027,RLB+MatrixPolicy (group-stat),870,5.000851,0.000265,2.612664
fineweb,2027,RLB+MatrixPolicy (group-stat),880,4.989847,0.000264,2.550453
fineweb,2027,RLB+MatrixPolicy (group-stat),890,4.955503,0.000263,2.562170
fineweb,2027,RLB+MatrixPolicy (group-stat),900,4.952289,0.000262,2.608140
fineweb,2027,RLB+MatrixPolicy (group-stat),910,4.928182,0.000261,2.575505
fineweb,2027,RLB+MatrixPolicy (group-stat),920,4.936226,0.000260,2.501738
fineweb,2027,RLB+MatrixPolicy (group-stat),930,4.881626,0.000259,2.296632
fineweb,2027,RLB+MatrixPolicy (group-stat),940,4.899866,0.000258,2.451998
fineweb,2027,RLB+MatrixPolicy (group-stat),950,4.910472,0.000257,2.570095
fineweb,2027,RLB+MatrixPolicy (group-stat),960,4.902061,0.000255,2.497809
fineweb,2027,RLB+MatrixPolicy (group-stat),970,4.914250,0.000254,2.484854
fineweb,2027,RLB+MatrixPolicy (group-stat),980,4.899464,0.000253,2.400700
fineweb,2027,RLB+MatrixPolicy (group-stat),990,4.881287,0.000252,2.544062
fineweb,2027,RLB+MatrixPolicy (group-stat),1000,4.882103,0.000251,2.428215
fineweb,2027,RLB+MatrixPolicy (group-stat),1010,4.892331,0.000250,2.357978
fineweb,2027,RLB+MatrixPolicy (group-stat),1020,4.856319,0.000249,2.521246
fineweb,2027,RLB+MatrixPolicy (group-stat),1030,4.854749,0.000247,2.470008
fineweb,2027,RLB+MatrixPolicy (group-stat),1040,4.865121,0.000246,2.393510
fineweb,2027,RLB+MatrixPolicy (group-stat),1050,4.843248,0.000245,2.554853
fineweb,2027,RLB+MatrixPolicy (group-stat),1060,4.840686,0.000244,2.556842
fineweb,2027,RLB+MatrixPolicy (group-stat),1070,4.830979,0.000243,2.578635
fineweb,2027,RLB+MatrixPolicy (group-stat),1080,4.810179,0.000241,2.380492
fineweb,2027,RLB+MatrixPolicy (group-stat),1090,4.825306,0.000240,2.391750
fineweb,2027,RLB+MatrixPolicy (group-stat),1100,4.837398,0.000239,2.568801
fineweb,2027,RLB+MatrixPolicy (group-stat),1110,4.806886,0.000238,2.590851
fineweb,2027,RLB+MatrixPolicy (group-stat),1120,4.835849,0.000236,2.579875
fineweb,2027,RLB+MatrixPolicy (group-stat),1130,4.804252,0.000235,2.457108
fineweb,2027,RLB+MatrixPolicy (group-stat),1140,4.789286,0.000234,2.553854
fineweb,2027,RLB+MatrixPolicy (group-stat),1150,4.781766,0.000233,2.603328
fineweb,2027,RLB+MatrixPolicy (group-stat),1160,4.760708,0.000231,2.591930
fineweb,2027,RLB+MatrixPolicy (group-stat),1170,4.752077,0.000230,2.520575
fineweb,2027,RLB+MatrixPolicy (group-stat),1180,4.767435,0.000229,2.385510
fineweb,2027,RLB+MatrixPolicy (group-stat),1190,4.769226,0.000227,2.568762
fineweb,2027,RLB+MatrixPolicy (group-stat),1200,4.713412,0.000226,2.552138
fineweb,2027,RLB+MatrixPolicy (group-stat),1210,4.720385,0.000225,2.568087
fineweb,2027,RLB+MatrixPolicy (group-stat),1220,4.712435,0.000223,2.566123
fineweb,2027,RLB+MatrixPolicy (group-stat),1230,4.718042,0.000222,2.562360
fineweb,2027,RLB+MatrixPolicy (group-stat),1240,4.702906,0.000221,2.599599
fineweb,2027,RLB+MatrixPolicy (group-stat),1250,4.712367,0.000219,2.527301
fineweb,2027,RLB+MatrixPolicy (group-stat),1260,4.694828,0.000218,2.595083
fineweb,2027,RLB+MatrixPolicy (group-stat),1270,4.705611,0.000217,2.574773
fineweb,2027,RLB+MatrixPolicy (group-stat),1280,4.673011,0.000215,2.563352
fineweb,2027,RLB+MatrixPolicy (group-stat),1290,4.664409,0.000214,2.610610
fineweb,2027,RLB+MatrixPolicy (group-stat),1300,4.686095,0.000212,2.567407
fineweb,2027,RLB+MatrixPolicy (group-stat),1310,4.675738,0.000211,2.555165
fineweb,2027,RLB+MatrixPolicy (group-stat),1320,4.672838,0.000210,2.552561
fineweb,2027,RLB+MatrixPolicy (group-stat),1330,4.644970,0.000208,2.622848
fineweb,2027,RLB+MatrixPolicy (group-stat),1340,4.642027,0.000207,2.541058
fineweb,2027,RLB+MatrixPolicy (group-stat),1350,4.632465,0.000205,2.563746
fineweb,2027,RLB+MatrixPolicy (group-stat),1360,4.633795,0.000204,2.562103
fineweb,2027,RLB+MatrixPolicy (group-stat),1370,4.591604,0.000203,2.604909
fineweb,2027,RLB+MatrixPolicy (group-stat),1380,4.622687,0.000201,2.602220
fineweb,2027,RLB+MatrixPolicy (group-stat),1390,4.614913,0.000200,2.553066
fineweb,2027,RLB+MatrixPolicy (group-stat),1400,4.631360,0.000198,2.604365
fineweb,2027,RLB+MatrixPolicy (group-stat),1410,4.647133,0.000197,2.598181
fineweb,2027,RLB+MatrixPolicy (group-stat),1420,4.598902,0.000195,2.598363
fineweb,2027,RLB+MatrixPolicy (group-stat),1430,4.594607,0.000194,2.506960
fineweb,2027,RLB+MatrixPolicy (group-stat),1440,4.598624,0.000192,2.566832
fineweb,2027,RLB+MatrixPolicy (group-stat),1450,4.574395,0.000191,2.577753
fineweb,2027,RLB+MatrixPolicy (group-stat),1460,4.613014,0.000190,2.573432
fineweb,2027,RLB+MatrixPolicy (group-stat),1470,4.584566,0.000188,2.529630
fineweb,2027,RLB+MatrixPolicy (group-stat),1480,4.557071,0.000187,2.456895
fineweb,2027,RLB+MatrixPolicy (group-stat),1490,4.581139,0.000185,2.584080
fineweb,2027,RLB+MatrixPolicy (group-stat),1500,4.584608,0.000184,2.462927
fineweb,2027,RLB+MatrixPolicy (group-stat),1510,4.553594,0.000182,2.517047
fineweb,2027,RLB+MatrixPolicy (group-stat),1520,4.559681,0.000181,2.509166
fineweb,2027,RLB+MatrixPolicy (group-stat),1530,4.538556,0.000179,2.560988
fineweb,2027,RLB+MatrixPolicy (group-stat),1540,4.567201,0.000178,2.421601
fineweb,2027,RLB+MatrixPolicy (group-stat),1550,4.515504,0.000176,2.381044
fineweb,2027,RLB+MatrixPolicy (group-stat),1560,4.550388,0.000175,2.460621
fineweb,2027,RLB+MatrixPolicy (group-stat),1570,4.545036,0.000173,2.462994
fineweb,2027,RLB+MatrixPolicy (group-stat),1580,4.541423,0.000172,2.422297
fineweb,2027,RLB+MatrixPolicy (group-stat),1590,4.545652,0.000170,2.421986
fineweb,2027,RLB+MatrixPolicy (group-stat),1600,4.535711,0.000169,2.442928
fineweb,2027,RLB+MatrixPolicy (group-stat),1610,4.516603,0.000167,2.392634
fineweb,2027,RLB+MatrixPolicy (group-stat),1620,4.504785,0.000166,2.407612
fineweb,2027,RLB+MatrixPolicy (group-stat),1630,4.486211,0.000164,2.390868
fineweb,2027,RLB+MatrixPolicy (group-stat),1640,4.521239,0.000163,2.460551
fineweb,2027,RLB+MatrixPolicy (group-stat),1650,4.514993,0.000161,2.438613
fineweb,2027,RLB+MatrixPolicy (group-stat),1660,4.503594,0.000160,2.378088
fineweb,2027,RLB+MatrixPolicy (group-stat),1670,4.490360,0.000158,2.350433
fineweb,2027,RLB+MatrixPolicy (group-stat),1680,4.490734,0.000157,2.433505
fineweb,2027,RLB+MatrixPolicy (group-stat),1690,4.502854,0.000155,2.446445
fineweb,2027,RLB+MatrixPolicy (group-stat),1700,4.499147,0.000154,2.428130
fineweb,2027,RLB+MatrixPolicy (group-stat),1710,4.475890,0.000153,2.379728
fineweb,2027,RLB+MatrixPolicy (group-stat),1720,4.472003,0.000151,2.461157
fineweb,2027,RLB+MatrixPolicy (group-stat),1730,4.463418,0.000150,2.450347
fineweb,2027,RLB+MatrixPolicy (group-stat),1740,4.474319,0.000148,2.210940
fineweb,2027,RLB+MatrixPolicy (group-stat),1750,4.466027,0.000147,2.385907
fineweb,2027,RLB+MatrixPolicy (group-stat),1760,4.457035,0.000145,2.272475
fineweb,2027,RLB+MatrixPolicy (group-stat),1770,4.462560,0.000144,2.405150
fineweb,2027,RLB+MatrixPolicy (group-stat),1780,4.448071,0.000142,2.248992
fineweb,2027,RLB+MatrixPolicy (group-stat),1790,4.452554,0.000141,2.412185
fineweb,2027,RLB+MatrixPolicy (group-stat),1800,4.451998,0.000139,2.334434
fineweb,2027,RLB+MatrixPolicy (group-stat),1810,4.444202,0.000138,2.305434
fineweb,2027,RLB+MatrixPolicy (group-stat),1820,4.429172,0.000136,2.323126
fineweb,2027,RLB+MatrixPolicy (group-stat),1830,4.449860,0.000135,2.339143
fineweb,2027,RLB+MatrixPolicy (group-stat),1840,4.431246,0.000133,2.490125
fineweb,2027,RLB+MatrixPolicy (group-stat),1850,4.425468,0.000132,2.321028
fineweb,2027,RLB+MatrixPolicy (group-stat),1860,4.431247,0.000131,2.271174
fineweb,2027,RLB+MatrixPolicy (group-stat),1870,4.437338,0.000129,2.442570
fineweb,2027,RLB+MatrixPolicy (group-stat),1880,4.450510,0.000128,2.351269
fineweb,2027,RLB+MatrixPolicy (group-stat),1890,4.431754,0.000126,2.409953
fineweb,2027,RLB+MatrixPolicy (group-stat),1900,4.411311,0.000125,2.374090
fineweb,2027,RLB+MatrixPolicy (group-stat),1910,4.415842,0.000123,2.296711
fineweb,2027,RLB+MatrixPolicy (group-stat),1920,4.412435,0.000122,2.377103
fineweb,2027,RLB+MatrixPolicy (group-stat),1930,4.430036,0.000121,2.339175
fineweb,2027,RLB+MatrixPolicy (group-stat),1940,4.397486,0.000119,2.329850
fineweb,2027,RLB+MatrixPolicy (group-stat),1950,4.413845,0.000118,2.255868
fineweb,2027,RLB+MatrixPolicy (group-stat),1960,4.385270,0.000116,2.328541
fineweb,2027,RLB+MatrixPolicy (group-stat),1970,4.398411,0.000115,2.270962
fineweb,2027,RLB+MatrixPolicy (group-stat),1980,4.400140,0.000114,2.389169
fineweb,2027,RLB+MatrixPolicy (group-stat),1990,4.396059,0.000112,2.211632
fineweb,2027,RLB+MatrixPolicy (group-stat),2000,4.396556,0.000111,2.410740
fineweb,2027,RLB+MatrixPolicy (group-stat),2010,4.390933,0.000110,2.268727
fineweb,2027,RLB+MatrixPolicy (group-stat),2020,4.365689,0.000108,2.302356
fineweb,2027,RLB+MatrixPolicy (group-stat),2030,4.368433,0.000107,2.331938
fineweb,2027,RLB+MatrixPolicy (group-stat),2040,4.356512,0.000106,2.313131
fineweb,2027,RLB+MatrixPolicy (group-stat),2050,4.372412,0.000104,2.441557
fineweb,2027,RLB+MatrixPolicy (group-stat),2060,4.353624,0.000103,2.335342
fineweb,2027,RLB+MatrixPolicy (group-stat),2070,4.351492,0.000102,2.268813
fineweb,2027,RLB+MatrixPolicy (group-stat),2080,4.364795,0.000100,2.275903
fineweb,2027,RLB+MatrixPolicy (group-stat),2090,4.379712,0.000099,2.408982
fineweb,2027,RLB+MatrixPolicy (group-stat),2100,4.358050,0.000098,2.422017
fineweb,2027,RLB+MatrixPolicy (group-stat),2110,4.351679,0.000096,2.329344
fineweb,2027,RLB+MatrixPolicy (group-stat),2120,4.332456,0.000095,2.183106
fineweb,2027,RLB+MatrixPolicy (group-stat),2130,4.348118,0.000094,2.446954
fineweb,2027,RLB+MatrixPolicy (group-stat),2140,4.361597,0.000093,2.450062
fineweb,2027,RLB+MatrixPolicy (group-stat),2150,4.325960,0.000091,2.274241
fineweb,2027,RLB+MatrixPolicy (group-stat),2160,4.342211,0.000090,2.516314
fineweb,2027,RLB+MatrixPolicy (group-stat),2170,4.311484,0.000089,2.516964
fineweb,2027,RLB+MatrixPolicy (group-stat),2180,4.328918,0.000088,2.564852
fineweb,2027,RLB+MatrixPolicy (group-stat),2190,4.323977,0.000086,2.485622
fineweb,2027,RLB+MatrixPolicy (group-stat),2200,4.374634,0.000085,2.537365
fineweb,2027,RLB+MatrixPolicy (group-stat),2210,4.320623,0.000084,2.575343
fineweb,2027,RLB+MatrixPolicy (group-stat),2220,4.329494,0.000083,2.575958
fineweb,2027,RLB+MatrixPolicy (group-stat),2230,4.320449,0.000082,2.576215
fineweb,2027,RLB+MatrixPolicy (group-stat),2240,4.323156,0.000080,2.518093
fineweb,2027,RLB+MatrixPolicy (group-stat),2250,4.331718,0.000079,2.485377
fineweb,2027,RLB+MatrixPolicy (group-stat),2260,4.326504,0.000078,2.542803
fineweb,2027,RLB+MatrixPolicy (group-stat),2270,4.306068,0.000077,2.544621
fineweb,2027,RLB+MatrixPolicy (group-stat),2280,4.293894,0.000076,2.566244
fineweb,2027,RLB+MatrixPolicy (group-stat),2290,4.334651,0.000075,2.522411
fineweb,2027,RLB+MatrixPolicy (group-stat),2300,4.313009,0.000074,2.510335
fineweb,2027,RLB+MatrixPolicy (group-stat),2310,4.312198,0.000073,2.535351
fineweb,2027,RLB+MatrixPolicy (group-stat),2320,4.286056,0.000072,2.484162
fineweb,2027,RLB+MatrixPolicy (group-stat),2330,4.306860,0.000070,2.544813
fineweb,2027,RLB+MatrixPolicy (group-stat),2340,4.296189,0.000069,2.505148
fineweb,2027,RLB+MatrixPolicy (group-stat),2350,4.274070,0.000068,2.528629
fineweb,2027,RLB+MatrixPolicy (group-stat),2360,4.291366,0.000067,2.527578
fineweb,2027,RLB+MatrixPolicy (group-stat),2370,4.305509,0.000066,2.577947
fineweb,2027,RLB+MatrixPolicy (group-stat),2380,4.291333,0.000065,2.559663
fineweb,2027,RLB+MatrixPolicy (group-stat),2390,4.267559,0.000064,2.515350
fineweb,2027,RLB+MatrixPolicy (group-stat),2400,4.277416,0.000063,2.424993
fineweb,2027,RLB+MatrixPolicy (group-stat),2410,4.275257,0.000062,2.577684
fineweb,2027,RLB+MatrixPolicy (group-stat),2420,4.279689,0.000061,2.559121
fineweb,2027,RLB+MatrixPolicy (group-stat),2430,4.277428,0.000060,2.526781
fineweb,2027,RLB+MatrixPolicy (group-stat),2440,4.279115,0.000059,2.582359
fineweb,2027,RLB+MatrixPolicy (group-stat),2450,4.271651,0.000059,2.545967
fineweb,2027,RLB+MatrixPolicy (group-stat),2460,4.271456,0.000058,2.519002
fineweb,2027,RLB+MatrixPolicy (group-stat),2470,4.276675,0.000057,2.497368
fineweb,2027,RLB+MatrixPolicy (group-stat),2480,4.253966,0.000056,2.527945
fineweb,2027,RLB+MatrixPolicy (group-stat),2490,4.293303,0.000055,2.469009
fineweb,2027,RLB+MatrixPolicy (group-stat),2500,4.251238,0.000054,2.506568
fineweb,2027,RLB+MatrixPolicy (group-stat),2510,4.311123,0.000053,2.529287
fineweb,2027,RLB+MatrixPolicy (group-stat),2520,4.265179,0.000052,2.553940
fineweb,2027,RLB+MatrixPolicy (group-stat),2530,4.264539,0.000052,2.503527
fineweb,2027,RLB+MatrixPolicy (group-stat),2540,4.271348,0.000051,2.563468
fineweb,2027,RLB+MatrixPolicy (group-stat),2550,4.280290,0.000050,2.512711
fineweb,2027,RLB+MatrixPolicy (group-stat),2560,4.249828,0.000049,2.562726
fineweb,2027,RLB+MatrixPolicy (group-stat),2570,4.249540,0.000049,2.502902
fineweb,2027,RLB+MatrixPolicy (group-stat),2580,4.271024,0.000048,2.547250
fineweb,2027,RLB+MatrixPolicy (group-stat),2590,4.266130,0.000047,2.507824
fineweb,2027,RLB+MatrixPolicy (group-stat),2600,4.268849,0.000046,2.525130
fineweb,2027,RLB+MatrixPolicy (group-stat),2610,4.250179,0.000046,2.547893
fineweb,2027,RLB+MatrixPolicy (group-stat),2620,4.202217,0.000045,2.521032
fineweb,2027,RLB+MatrixPolicy (group-stat),2630,4.247269,0.000044,2.535193
fineweb,2027,RLB+MatrixPolicy (group-stat),2640,4.267501,0.000044,2.499341
fineweb,2027,RLB+MatrixPolicy (group-stat),2650,4.230598,0.000043,2.502017
fineweb,2027,RLB+MatrixPolicy (group-stat),2660,4.221626,0.000042,2.536193
fineweb,2027,RLB+MatrixPolicy (group-stat),2670,4.222474,0.000042,2.549512
fineweb,2027,RLB+MatrixPolicy (group-stat),2680,4.233063,0.000041,2.478566
fineweb,2027,RLB+MatrixPolicy (group-stat),2690,4.241651,0.000041,2.571978
fineweb,2027,RLB+MatrixPolicy (group-stat),2700,4.210880,0.000040,2.574674
fineweb,2027,RLB+MatrixPolicy (group-stat),2710,4.235462,0.000039,2.566285
fineweb,2027,RLB+MatrixPolicy (group-stat),2720,4.231845,0.000039,2.528503
fineweb,2027,RLB+MatrixPolicy (group-stat),2730,4.253043,0.000038,2.548483
fineweb,2027,RLB+MatrixPolicy (group-stat),2740,4.233318,0.000038,2.534986
fineweb,2027,RLB+MatrixPolicy (group-stat),2750,4.243344,0.000037,2.544075
fineweb,2027,RLB+MatrixPolicy (group-stat),2760,4.231030,0.000037,2.550730
fineweb,2027,RLB+MatrixPolicy (group-stat),2770,4.242022,0.000036,2.572002
fineweb,2027,RLB+MatrixPolicy (group-stat),2780,4.209253,0.000036,2.539175
fineweb,2027,RLB+MatrixPolicy (group-stat),2790,4.221674,0.000036,2.552452
fineweb,2027,RLB+MatrixPolicy (group-stat),2800,4.249568,0.000035,2.427658
fineweb,2027,RLB+MatrixPolicy (group-stat),2810,4.208841,0.000035,2.577270
fineweb,2027,RLB+MatrixPolicy (group-stat),2820,4.237881,0.000034,2.551398
fineweb,2027,RLB+MatrixPolicy (group-stat),2830,4.213474,0.000034,2.498391
fineweb,2027,RLB+MatrixPolicy (group-stat),2840,4.214111,0.000034,2.489736
fineweb,2027,RLB+MatrixPolicy (group-stat),2850,4.224255,0.000033,2.573937
fineweb,2027,RLB+MatrixPolicy (group-stat),2860,4.222775,0.000033,2.508631
fineweb,2027,RLB+MatrixPolicy (group-stat),2870,4.208156,0.000033,2.511300
fineweb,2027,RLB+MatrixPolicy (group-stat),2880,4.204325,0.000032,2.525185
fineweb,2027,RLB+MatrixPolicy (group-stat),2890,4.213939,0.000032,2.606725
fineweb,2027,RLB+MatrixPolicy (group-stat),2900,4.217209,0.000032,2.535663
fineweb,2027,RLB+MatrixPolicy (group-stat),2910,4.196269,0.000032,2.549125
fineweb,2027,RLB+MatrixPolicy (group-stat),2920,4.212788,0.000031,2.537900
fineweb,2027,RLB+MatrixPolicy (group-stat),2930,4.214986,0.000031,2.562650
fineweb,2027,RLB+MatrixPolicy (group-stat),2940,4.202073,0.000031,2.552507
fineweb,2027,RLB+MatrixPolicy (group-stat),2950,4.232839,0.000031,2.552864
fineweb,2027,RLB+MatrixPolicy (group-stat),2960,4.185507,0.000031,2.545079
fineweb,2027,RLB+MatrixPolicy (group-stat),2970,4.211337,0.000031,2.562842
fineweb,2027,RLB+MatrixPolicy (group-stat),2980,4.186978,0.000030,2.486198
fineweb,2027,RLB+MatrixPolicy (group-stat),2990,4.213744,0.000030,2.533759
fineweb,2027,RLB+MatrixPolicy (group-stat),3000,4.202015,0.000030,2.504472
fineweb,2027,RLB+MatrixPolicy (group-stat),3010,4.194357,0.000030,2.514876
fineweb,2027,RLB+MatrixPolicy (group-stat),3020,4.164109,0.000030,2.541892
fineweb,2027,RLB+MatrixPolicy (group-stat),3030,4.211475,0.000030,2.545141
fineweb,2027,RLB+MatrixPolicy (group-stat),3040,4.195080,0.000030,2.506807
fineweb,2027,RLB+MatrixPolicy (group-stat),3050,4.186606,0.000030,2.527315
fineweb,3407,SiLU+AdamW,1,10.986071,0.000001,3.066130
fineweb,3407,SiLU+AdamW,10,10.876310,0.000015,2.048882
fineweb,3407,SiLU+AdamW,20,10.263207,0.000030,1.891036
fineweb,3407,SiLU+AdamW,30,9.660515,0.000045,1.948576
fineweb,3407,SiLU+AdamW,40,9.303640,0.000060,1.953574
fineweb,3407,SiLU+AdamW,50,8.882744,0.000075,1.964757
fineweb,3407,SiLU+AdamW,60,8.419407,0.000090,1.824417
fineweb,3407,SiLU+AdamW,70,7.981757,0.000105,1.897933
fineweb,3407,SiLU+AdamW,80,7.698470,0.000120,1.862922
fineweb,3407,SiLU+AdamW,90,7.526191,0.000135,1.943065
fineweb,3407,SiLU+AdamW,100,7.407218,0.000150,1.830308
fineweb,3407,SiLU+AdamW,110,7.279505,0.000165,1.883203
fineweb,3407,SiLU+AdamW,120,7.179427,0.000180,1.852716
fineweb,3407,SiLU+AdamW,130,7.048302,0.000195,1.892620
fineweb,3407,SiLU+AdamW,140,6.923623,0.000210,1.891524
fineweb,3407,SiLU+AdamW,150,6.786269,0.000225,1.947799
fineweb,3407,SiLU+AdamW,160,6.721630,0.000240,1.964735
fineweb,3407,SiLU+AdamW,170,6.661216,0.000255,1.892656
fineweb,3407,SiLU+AdamW,180,6.587110,0.000270,1.931812
fineweb,3407,SiLU+AdamW,190,6.478801,0.000285,1.912997
fineweb,3407,SiLU+AdamW,200,6.447535,0.000300,1.946921
fineweb,3407,SiLU+AdamW,210,6.366081,0.000300,1.876694
fineweb,3407,SiLU+AdamW,220,6.341207,0.000300,1.749405
fineweb,3407,SiLU+AdamW,230,6.259140,0.000300,1.990989
fineweb,3407,SiLU+AdamW,240,6.236345,0.000300,1.890583
fineweb,3407,SiLU+AdamW,250,6.189774,0.000300,1.898012
fineweb,3407,SiLU+AdamW,260,6.143051,0.000300,1.849110
fineweb,3407,SiLU+AdamW,270,6.064707,0.000300,1.910983
fineweb,3407,SiLU+AdamW,280,6.057019,0.000299,1.926752
fineweb,3407,SiLU+AdamW,290,6.024646,0.000299,1.834638
fineweb,3407,SiLU+AdamW,300,5.992784,0.000299,1.952463
fineweb,3407,SiLU+AdamW,310,5.960966,0.000299,1.911699
fineweb,3407,SiLU+AdamW,320,5.917567,0.000299,1.653665
fineweb,3407,SiLU+AdamW,330,5.919133,0.000299,1.681632
fineweb,3407,SiLU+AdamW,340,5.844558,0.000298,1.744116
fineweb,3407,SiLU+AdamW,350,5.832024,0.000298,1.769410
fineweb,3407,SiLU+AdamW,360,5.813524,0.000298,1.590858
fineweb,3407,SiLU+AdamW,370,5.786244,0.000298,1.612279
fineweb,3407,SiLU+AdamW,380,5.761711,0.000297,1.745460
fineweb,3407,SiLU+AdamW,390,5.731421,0.000297,1.543168
fineweb,3407,SiLU+AdamW,400,5.719172,0.000297,1.703956
fineweb,3407,SiLU+AdamW,410,5.704300,0.000296,1.532461
fineweb,3407,SiLU+AdamW,420,5.699098,0.000296,1.741701
fineweb,3407,SiLU+AdamW,430,5.671030,0.000296,1.832949
fineweb,3407,SiLU+AdamW,440,5.627249,0.000295,1.729975
fineweb,3407,SiLU+AdamW,450,5.622254,0.000295,1.731440
fineweb,3407,SiLU+AdamW,460,5.570178,0.000295,1.800908
fineweb,3407,SiLU+AdamW,470,5.605925,0.000294,1.799902
fineweb,3407,SiLU+AdamW,480,5.587118,0.000294,1.832737
fineweb,3407,SiLU+AdamW,490,5.575890,0.000293,2.001169
fineweb,3407,SiLU+AdamW,500,5.543465,0.000293,2.025689
fineweb,3407,SiLU+AdamW,510,5.497478,0.000292,1.804019
fineweb,3407,SiLU+AdamW,520,5.515772,0.000292,1.699960
fineweb,3407,SiLU+AdamW,530,5.487700,0.000291,1.765332
fineweb,3407,SiLU+AdamW,540,5.488722,0.000291,2.014276
fineweb,3407,SiLU+AdamW,550,5.454198,0.000290,1.946562
fineweb,3407,SiLU+AdamW,560,5.454344,0.000290,1.980936
fineweb,3407,SiLU+AdamW,570,5.465586,0.000289,1.970583
fineweb,3407,SiLU+AdamW,580,5.419192,0.000288,1.967686
fineweb,3407,SiLU+AdamW,590,5.404469,0.000288,1.891608
fineweb,3407,SiLU+AdamW,600,5.405072,0.000287,1.769280
fineweb,3407,SiLU+AdamW,610,5.416645,0.000287,1.845410
fineweb,3407,SiLU+AdamW,620,5.397009,0.000286,1.857868
fineweb,3407,SiLU+AdamW,630,5.366401,0.000285,1.863639
fineweb,3407,SiLU+AdamW,640,5.353830,0.000284,1.891749
fineweb,3407,SiLU+AdamW,650,5.344701,0.000284,1.944185
fineweb,3407,SiLU+AdamW,660,5.309496,0.000283,1.841549
fineweb,3407,SiLU+AdamW,670,5.310236,0.000282,1.777018
fineweb,3407,SiLU+AdamW,680,5.308190,0.000282,1.738397
fineweb,3407,SiLU+AdamW,690,5.295336,0.000281,1.920497
fineweb,3407,SiLU+AdamW,700,5.286197,0.000280,1.923950
fineweb,3407,SiLU+AdamW,710,5.235764,0.000279,1.882134
fineweb,3407,SiLU+AdamW,720,5.270788,0.000279,1.907531
fineweb,3407,SiLU+AdamW,730,5.244282,0.000278,1.789319
fineweb,3407,SiLU+AdamW,740,5.236219,0.000277,1.947150
fineweb,3407,SiLU+AdamW,750,5.223354,0.000276,1.942357
fineweb,3407,SiLU+AdamW,760,5.212261,0.000275,2.022852
fineweb,3407,SiLU+AdamW,770,5.210201,0.000274,1.957125
fineweb,3407,SiLU+AdamW,780,5.194400,0.000273,1.790758
fineweb,3407,SiLU+AdamW,790,5.196028,0.000273,1.963929
fineweb,3407,SiLU+AdamW,800,5.225244,0.000272,1.826774
fineweb,3407,SiLU+AdamW,810,5.185855,0.000271,1.905792
fineweb,3407,SiLU+AdamW,820,5.178007,0.000270,1.876586
fineweb,3407,SiLU+AdamW,830,5.159417,0.000269,1.905689
fineweb,3407,SiLU+AdamW,840,5.166570,0.000268,1.812670
fineweb,3407,SiLU+AdamW,850,5.148116,0.000267,1.870394
fineweb,3407,SiLU+AdamW,860,5.171780,0.000266,1.994480
fineweb,3407,SiLU+AdamW,870,5.118223,0.000265,1.835812
fineweb,3407,SiLU+AdamW,880,5.111021,0.000264,1.835681
fineweb,3407,SiLU+AdamW,890,5.134524,0.000263,1.913641
fineweb,3407,SiLU+AdamW,900,5.091472,0.000262,1.928531
fineweb,3407,SiLU+AdamW,910,5.103028,0.000261,1.898548
fineweb,3407,SiLU+AdamW,920,5.060226,0.000260,1.945752
fineweb,3407,SiLU+AdamW,930,5.056889,0.000259,1.846489
fineweb,3407,SiLU+AdamW,940,5.091822,0.000258,1.925848
fineweb,3407,SiLU+AdamW,950,5.049271,0.000257,1.937915
fineweb,3407,SiLU+AdamW,960,5.046928,0.000255,1.947686
fineweb,3407,SiLU+AdamW,970,5.072717,0.000254,1.888909
fineweb,3407,SiLU+AdamW,980,5.036113,0.000253,1.902944
fineweb,3407,SiLU+AdamW,990,5.030348,0.000252,1.916793
fineweb,3407,SiLU+AdamW,1000,5.012990,0.000251,1.957243
fineweb,3407,SiLU+AdamW,1010,5.000285,0.000250,1.934799
fineweb,3407,SiLU+AdamW,1020,5.006717,0.000249,1.867812
fineweb,3407,SiLU+AdamW,1030,5.003435,0.000247,1.871328
fineweb,3407,SiLU+AdamW,1040,4.967580,0.000246,1.939010
fineweb,3407,SiLU+AdamW,1050,5.005903,0.000245,1.881581
fineweb,3407,SiLU+AdamW,1060,4.990624,0.000244,1.909485
fineweb,3407,SiLU+AdamW,1070,4.958316,0.000243,1.838855
fineweb,3407,SiLU+AdamW,1080,4.926498,0.000241,1.854858
fineweb,3407,SiLU+AdamW,1090,4.958348,0.000240,1.967186
fineweb,3407,SiLU+AdamW,1100,4.965804,0.000239,1.874499
fineweb,3407,SiLU+AdamW,1110,4.933168,0.000238,1.898579
fineweb,3407,SiLU+AdamW,1120,4.953546,0.000236,1.922987
fineweb,3407,SiLU+AdamW,1130,4.914539,0.000235,1.856392
fineweb,3407,SiLU+AdamW,1140,4.927152,0.000234,1.823735
fineweb,3407,SiLU+AdamW,1150,4.895950,0.000233,1.829588
fineweb,3407,SiLU+AdamW,1160,4.890677,0.000231,1.902188
fineweb,3407,SiLU+AdamW,1170,4.867185,0.000230,1.827154
fineweb,3407,SiLU+AdamW,1180,4.887953,0.000229,1.924236
fineweb,3407,SiLU+AdamW,1190,4.874183,0.000227,1.915634
fineweb,3407,SiLU+AdamW,1200,4.856661,0.000226,1.622470
fineweb,3407,SiLU+AdamW,1210,4.864864,0.000225,1.840166
fineweb,3407,SiLU+AdamW,1220,4.859269,0.000223,1.888647
fineweb,3407,SiLU+AdamW,1230,4.833828,0.000222,1.773923
fineweb,3407,SiLU+AdamW,1240,4.865731,0.000221,1.827293
fineweb,3407,SiLU+AdamW,1250,4.863156,0.000219,1.927818
fineweb,3407,SiLU+AdamW,1260,4.820372,0.000218,1.909624
fineweb,3407,SiLU+AdamW,1270,4.830765,0.000217,1.421860
fineweb,3407,SiLU+AdamW,1280,4.826766,0.000215,1.621321
fineweb,3407,SiLU+AdamW,1290,4.810885,0.000214,1.615888
fineweb,3407,SiLU+AdamW,1300,4.825765,0.000212,1.511879
fineweb,3407,SiLU+AdamW,1310,4.839871,0.000211,1.400589
fineweb,3407,SiLU+AdamW,1320,4.805183,0.000210,1.645192
fineweb,3407,SiLU+AdamW,1330,4.822689,0.000208,1.545142
fineweb,3407,SiLU+AdamW,1340,4.783132,0.000207,1.515299
fineweb,3407,SiLU+AdamW,1350,4.764435,0.000205,1.661393
fineweb,3407,SiLU+AdamW,1360,4.814122,0.000204,1.745678
fineweb,3407,SiLU+AdamW,1370,4.786418,0.000203,1.614080
fineweb,3407,SiLU+AdamW,1380,4.764827,0.000201,1.442429
fineweb,3407,SiLU+AdamW,1390,4.747866,0.000200,1.672268
fineweb,3407,SiLU+AdamW,1400,4.760189,0.000198,1.627037
fineweb,3407,SiLU+AdamW,1410,4.751354,0.000197,1.584590
fineweb,3407,SiLU+AdamW,1420,4.754498,0.000195,1.741966
fineweb,3407,SiLU+AdamW,1430,4.745993,0.000194,1.318100
fineweb,3407,SiLU+AdamW,1440,4.748952,0.000192,1.615813
fineweb,3407,SiLU+AdamW,1450,4.741163,0.000191,1.534824
fineweb,3407,SiLU+AdamW,1460,4.728838,0.000190,1.719584
fineweb,3407,SiLU+AdamW,1470,4.732594,0.000188,1.472418
fineweb,3407,SiLU+AdamW,1480,4.731694,0.000187,1.797026
fineweb,3407,SiLU+AdamW,1490,4.714113,0.000185,1.602913
fineweb,3407,SiLU+AdamW,1500,4.711739,0.000184,1.324096
fineweb,3407,SiLU+AdamW,1510,4.693322,0.000182,1.289941
fineweb,3407,SiLU+AdamW,1520,4.672680,0.000181,1.521746
fineweb,3407,SiLU+AdamW,1530,4.711571,0.000179,1.358116
fineweb,3407,SiLU+AdamW,1540,4.673801,0.000178,1.619098
fineweb,3407,SiLU+AdamW,1550,4.708643,0.000176,1.521388
fineweb,3407,SiLU+AdamW,1560,4.684848,0.000175,1.822248
fineweb,3407,SiLU+AdamW,1570,4.678320,0.000173,1.278061
fineweb,3407,SiLU+AdamW,1580,4.693805,0.000172,1.604108
fineweb,3407,SiLU+AdamW,1590,4.687597,0.000170,1.542805
fineweb,3407,SiLU+AdamW,1600,4.698046,0.000169,1.980483
fineweb,3407,SiLU+AdamW,1610,4.689472,0.000167,1.524826
fineweb,3407,SiLU+AdamW,1620,4.656824,0.000166,1.443067
fineweb,3407,SiLU+AdamW,1630,4.649603,0.000164,1.629334
fineweb,3407,SiLU+AdamW,1640,4.679340,0.000163,1.666008
fineweb,3407,SiLU+AdamW,1650,4.597179,0.000161,1.448354
fineweb,3407,SiLU+AdamW,1660,4.667355,0.000160,1.926886
fineweb,3407,SiLU+AdamW,1670,4.632610,0.000158,1.318589
fineweb,3407,SiLU+AdamW,1680,4.637453,0.000157,1.762365
fineweb,3407,SiLU+AdamW,1690,4.649712,0.000155,1.403020
fineweb,3407,SiLU+AdamW,1700,4.610030,0.000154,1.573184
fineweb,3407,SiLU+AdamW,1710,4.627815,0.000153,1.639552
fineweb,3407,SiLU+AdamW,1720,4.621107,0.000151,1.641329
fineweb,3407,SiLU+AdamW,1730,4.607748,0.000150,1.606589
fineweb,3407,SiLU+AdamW,1740,4.645860,0.000148,1.461236
fineweb,3407,SiLU+AdamW,1750,4.631416,0.000147,1.376674
fineweb,3407,SiLU+AdamW,1760,4.619996,0.000145,1.636308
fineweb,3407,SiLU+AdamW,1770,4.595263,0.000144,1.395665
fineweb,3407,SiLU+AdamW,1780,4.579323,0.000142,1.501495
fineweb,3407,SiLU+AdamW,1790,4.592428,0.000141,1.428123
fineweb,3407,SiLU+AdamW,1800,4.622257,0.000139,1.736484
fineweb,3407,SiLU+AdamW,1810,4.620433,0.000138,1.612131
fineweb,3407,SiLU+AdamW,1820,4.575163,0.000136,1.688556
fineweb,3407,SiLU+AdamW,1830,4.599012,0.000135,1.307390
fineweb,3407,SiLU+AdamW,1840,4.594747,0.000133,1.830973
fineweb,3407,SiLU+AdamW,1850,4.587744,0.000132,1.463754
fineweb,3407,SiLU+AdamW,1860,4.549602,0.000131,1.535907
fineweb,3407,SiLU+AdamW,1870,4.571704,0.000129,1.602333
fineweb,3407,SiLU+AdamW,1880,4.573625,0.000128,1.662810
fineweb,3407,SiLU+AdamW,1890,4.560855,0.000126,1.474244
fineweb,3407,SiLU+AdamW,1900,4.581201,0.000125,1.348280
fineweb,3407,SiLU+AdamW,1910,4.563779,0.000123,1.597844
fineweb,3407,SiLU+AdamW,1920,4.554678,0.000122,1.821719
fineweb,3407,SiLU+AdamW,1930,4.576124,0.000121,1.928641
fineweb,3407,SiLU+AdamW,1940,4.557827,0.000119,1.417280
fineweb,3407,SiLU+AdamW,1950,4.557331,0.000118,1.634447
fineweb,3407,SiLU+AdamW,1960,4.546279,0.000116,1.441818
fineweb,3407,SiLU+AdamW,1970,4.535824,0.000115,1.470574
fineweb,3407,SiLU+AdamW,1980,4.536278,0.000114,1.637762
fineweb,3407,SiLU+AdamW,1990,4.549412,0.000112,1.386980
fineweb,3407,SiLU+AdamW,2000,4.532294,0.000111,1.608457
fineweb,3407,SiLU+AdamW,2010,4.556643,0.000110,1.522452
fineweb,3407,SiLU+AdamW,2020,4.554084,0.000108,1.573827
fineweb,3407,SiLU+AdamW,2030,4.530320,0.000107,1.455852
fineweb,3407,SiLU+AdamW,2040,4.530911,0.000106,1.582295
fineweb,3407,SiLU+AdamW,2050,4.523282,0.000104,1.364579
fineweb,3407,SiLU+AdamW,2060,4.554184,0.000103,1.592092
fineweb,3407,SiLU+AdamW,2070,4.504300,0.000102,1.440249
fineweb,3407,SiLU+AdamW,2080,4.513972,0.000100,1.603764
fineweb,3407,SiLU+AdamW,2090,4.535207,0.000099,1.383987
fineweb,3407,SiLU+AdamW,2100,4.530941,0.000098,1.530802
fineweb,3407,SiLU+AdamW,2110,4.505009,0.000096,1.823769
fineweb,3407,SiLU+AdamW,2120,4.523404,0.000095,1.726044
fineweb,3407,SiLU+AdamW,2130,4.480481,0.000094,1.440623
fineweb,3407,SiLU+AdamW,2140,4.507798,0.000093,1.631586
fineweb,3407,SiLU+AdamW,2150,4.491790,0.000091,1.619340
fineweb,3407,SiLU+AdamW,2160,4.459917,0.000090,1.688200
fineweb,3407,SiLU+AdamW,2170,4.528136,0.000089,1.461017
fineweb,3407,SiLU+AdamW,2180,4.478244,0.000088,1.482014
fineweb,3407,SiLU+AdamW,2190,4.502409,0.000086,1.649436
fineweb,3407,SiLU+AdamW,2200,4.489731,0.000085,1.316521
fineweb,3407,SiLU+AdamW,2210,4.500584,0.000084,1.465606
fineweb,3407,SiLU+AdamW,2220,4.458297,0.000083,1.511462
fineweb,3407,SiLU+AdamW,2230,4.518909,0.000082,1.788648
fineweb,3407,SiLU+AdamW,2240,4.496859,0.000080,1.588601
fineweb,3407,SiLU+AdamW,2250,4.484957,0.000079,1.421360
fineweb,3407,SiLU+AdamW,2260,4.483255,0.000078,1.894538
fineweb,3407,SiLU+AdamW,2270,4.461916,0.000077,1.631529
fineweb,3407,SiLU+AdamW,2280,4.473518,0.000076,1.379362
fineweb,3407,SiLU+AdamW,2290,4.509294,0.000075,1.554534
fineweb,3407,SiLU+AdamW,2300,4.474649,0.000074,1.788419
fineweb,3407,SiLU+AdamW,2310,4.463039,0.000073,1.612688
fineweb,3407,SiLU+AdamW,2320,4.452303,0.000072,1.589339
fineweb,3407,SiLU+AdamW,2330,4.445430,0.000070,1.643868
fineweb,3407,SiLU+AdamW,2340,4.465639,0.000069,1.518594
fineweb,3407,SiLU+AdamW,2350,4.468966,0.000068,1.852105
fineweb,3407,SiLU+AdamW,2360,4.465451,0.000067,1.627246
fineweb,3407,SiLU+AdamW,2370,4.449313,0.000066,1.550903
fineweb,3407,SiLU+AdamW,2380,4.457632,0.000065,1.843871
fineweb,3407,SiLU+AdamW,2390,4.435581,0.000064,1.592668
fineweb,3407,SiLU+AdamW,2400,4.418213,0.000063,1.862504
fineweb,3407,SiLU+AdamW,2410,4.458799,0.000062,1.731830
fineweb,3407,SiLU+AdamW,2420,4.462749,0.000061,1.483331
fineweb,3407,SiLU+AdamW,2430,4.482747,0.000060,1.518250
fineweb,3407,SiLU+AdamW,2440,4.462446,0.000059,1.399967
fineweb,3407,SiLU+AdamW,2450,4.432589,0.000059,1.830026
fineweb,3407,SiLU+AdamW,2460,4.465288,0.000058,1.529885
fineweb,3407,SiLU+AdamW,2470,4.447327,0.000057,1.516843
fineweb,3407,SiLU+AdamW,2480,4.431273,0.000056,1.553015
fineweb,3407,SiLU+AdamW,2490,4.440200,0.000055,1.520434
fineweb,3407,SiLU+AdamW,2500,4.439750,0.000054,1.889272
fineweb,3407,SiLU+AdamW,2510,4.432826,0.000053,1.642285
fineweb,3407,SiLU+AdamW,2520,4.416215,0.000052,1.495898
fineweb,3407,SiLU+AdamW,2530,4.454369,0.000052,1.576217
fineweb,3407,SiLU+AdamW,2540,4.430496,0.000051,1.778526
fineweb,3407,SiLU+AdamW,2550,4.425012,0.000050,1.508761
fineweb,3407,SiLU+AdamW,2560,4.437342,0.000049,1.613276
fineweb,3407,SiLU+AdamW,2570,4.427442,0.000049,1.663657
fineweb,3407,SiLU+AdamW,2580,4.446700,0.000048,1.412325
fineweb,3407,SiLU+AdamW,2590,4.433118,0.000047,1.442063
fineweb,3407,SiLU+AdamW,2600,4.435435,0.000046,1.492912
fineweb,3407,SiLU+AdamW,2610,4.442867,0.000046,1.776277
fineweb,3407,SiLU+AdamW,2620,4.412525,0.000045,1.478757
fineweb,3407,SiLU+AdamW,2630,4.427485,0.000044,1.523888
fineweb,3407,SiLU+AdamW,2640,4.412584,0.000044,1.624323
fineweb,3407,SiLU+AdamW,2650,4.411629,0.000043,1.509726
fineweb,3407,SiLU+AdamW,2660,4.414191,0.000042,1.516565
fineweb,3407,SiLU+AdamW,2670,4.403222,0.000042,1.830863
fineweb,3407,SiLU+AdamW,2680,4.381911,0.000041,1.531311
fineweb,3407,SiLU+AdamW,2690,4.399927,0.000041,1.433077
fineweb,3407,SiLU+AdamW,2700,4.408819,0.000040,1.938346
fineweb,3407,SiLU+AdamW,2710,4.408305,0.000039,1.623947
fineweb,3407,SiLU+AdamW,2720,4.422482,0.000039,2.023527
fineweb,3407,SiLU+AdamW,2730,4.454739,0.000038,1.602054
fineweb,3407,SiLU+AdamW,2740,4.402541,0.000038,1.394063
fineweb,3407,SiLU+AdamW,2750,4.405174,0.000037,1.530727
fineweb,3407,SiLU+AdamW,2760,4.403691,0.000037,1.534538
fineweb,3407,SiLU+AdamW,2770,4.412902,0.000036,1.584153
fineweb,3407,SiLU+AdamW,2780,4.401355,0.000036,1.645807
fineweb,3407,SiLU+AdamW,2790,4.404951,0.000036,1.575011
fineweb,3407,SiLU+AdamW,2800,4.389068,0.000035,1.327298
fineweb,3407,SiLU+AdamW,2810,4.434196,0.000035,1.563390
fineweb,3407,SiLU+AdamW,2820,4.415940,0.000034,1.437133
fineweb,3407,SiLU+AdamW,2830,4.374793,0.000034,1.297313
fineweb,3407,SiLU+AdamW,2840,4.399404,0.000034,1.541813
fineweb,3407,SiLU+AdamW,2850,4.421129,0.000033,1.553606
fineweb,3407,SiLU+AdamW,2860,4.417482,0.000033,1.481580
fineweb,3407,SiLU+AdamW,2870,4.394819,0.000033,1.363007
fineweb,3407,SiLU+AdamW,2880,4.398705,0.000032,1.442308
fineweb,3407,SiLU+AdamW,2890,4.403789,0.000032,1.359526
fineweb,3407,SiLU+AdamW,2900,4.433051,0.000032,1.379489
fineweb,3407,SiLU+AdamW,2910,4.398491,0.000032,1.622979
fineweb,3407,SiLU+AdamW,2920,4.423578,0.000031,1.530738
fineweb,3407,SiLU+AdamW,2930,4.384704,0.000031,1.573408
fineweb,3407,SiLU+AdamW,2940,4.416141,0.000031,1.746157
fineweb,3407,SiLU+AdamW,2950,4.430509,0.000031,1.524603
fineweb,3407,SiLU+AdamW,2960,4.387493,0.000031,1.779900
fineweb,3407,SiLU+AdamW,2970,4.404215,0.000031,1.656105
fineweb,3407,SiLU+AdamW,2980,4.409907,0.000030,1.557578
fineweb,3407,SiLU+AdamW,2990,4.387166,0.000030,1.382789
fineweb,3407,SiLU+AdamW,3000,4.415180,0.000030,1.774972
fineweb,3407,SiLU+AdamW,3010,4.405153,0.000030,1.440691
fineweb,3407,SiLU+AdamW,3020,4.382267,0.000030,1.827174
fineweb,3407,SiLU+AdamW,3030,4.375607,0.000030,1.500705
fineweb,3407,SiLU+AdamW,3040,4.391579,0.000030,1.594851
fineweb,3407,SiLU+AdamW,3050,4.383763,0.000030,1.561305
fineweb,3407,RLB+AdamW,1,10.990993,0.000001,4.019449
fineweb,3407,RLB+AdamW,10,10.687350,0.000015,2.579767
fineweb,3407,RLB+AdamW,20,9.936823,0.000030,2.383656
fineweb,3407,RLB+AdamW,30,9.551110,0.000045,2.383980
fineweb,3407,RLB+AdamW,40,9.214075,0.000060,2.404464
fineweb,3407,RLB+AdamW,50,8.760886,0.000075,2.433070
fineweb,3407,RLB+AdamW,60,8.266032,0.000090,2.472069
fineweb,3407,RLB+AdamW,70,7.811373,0.000105,2.463238
fineweb,3407,RLB+AdamW,80,7.536704,0.000120,2.343868
fineweb,3407,RLB+AdamW,90,7.379647,0.000135,2.315836
fineweb,3407,RLB+AdamW,100,7.261424,0.000150,2.405894
fineweb,3407,RLB+AdamW,110,7.130166,0.000165,2.354911
fineweb,3407,RLB+AdamW,120,7.032348,0.000180,2.435056
fineweb,3407,RLB+AdamW,130,6.909081,0.000195,2.401276
fineweb,3407,RLB+AdamW,140,6.792830,0.000210,2.397889
fineweb,3407,RLB+AdamW,150,6.674467,0.000225,2.408551
fineweb,3407,RLB+AdamW,160,6.628115,0.000240,2.336324
fineweb,3407,RLB+AdamW,170,6.579673,0.000255,2.493474
fineweb,3407,RLB+AdamW,180,6.517076,0.000270,2.431001
fineweb,3407,RLB+AdamW,190,6.422995,0.000285,2.389754
fineweb,3407,RLB+AdamW,200,6.395005,0.000300,2.429842
fineweb,3407,RLB+AdamW,210,6.316954,0.000300,2.409878
fineweb,3407,RLB+AdamW,220,6.292984,0.000300,2.486090
fineweb,3407,RLB+AdamW,230,6.210327,0.000300,2.424469
fineweb,3407,RLB+AdamW,240,6.193822,0.000300,2.400942
fineweb,3407,RLB+AdamW,250,6.150490,0.000300,2.330174
fineweb,3407,RLB+AdamW,260,6.106677,0.000300,2.465986
fineweb,3407,RLB+AdamW,270,6.031847,0.000300,2.472221
fineweb,3407,RLB+AdamW,280,6.023504,0.000299,2.442705
fineweb,3407,RLB+AdamW,290,5.990653,0.000299,2.373795
fineweb,3407,RLB+AdamW,300,5.959934,0.000299,2.393734
fineweb,3407,RLB+AdamW,310,5.932821,0.000299,2.377217
fineweb,3407,RLB+AdamW,320,5.891410,0.000299,2.329939
fineweb,3407,RLB+AdamW,330,5.891276,0.000299,2.340942
fineweb,3407,RLB+AdamW,340,5.819970,0.000298,2.343089
fineweb,3407,RLB+AdamW,350,5.808149,0.000298,2.292585
fineweb,3407,RLB+AdamW,360,5.789409,0.000298,2.306654
fineweb,3407,RLB+AdamW,370,5.761990,0.000298,2.374202
fineweb,3407,RLB+AdamW,380,5.738726,0.000297,2.445356
fineweb,3407,RLB+AdamW,390,5.709050,0.000297,2.377703
fineweb,3407,RLB+AdamW,400,5.698746,0.000297,2.342919
fineweb,3407,RLB+AdamW,410,5.680944,0.000296,2.370467
fineweb,3407,RLB+AdamW,420,5.675840,0.000296,2.359302
fineweb,3407,RLB+AdamW,430,5.645654,0.000296,2.417841
fineweb,3407,RLB+AdamW,440,5.602499,0.000295,2.375127
fineweb,3407,RLB+AdamW,450,5.601122,0.000295,2.456917
fineweb,3407,RLB+AdamW,460,5.548588,0.000295,2.430134
fineweb,3407,RLB+AdamW,470,5.583880,0.000294,2.325873
fineweb,3407,RLB+AdamW,480,5.566300,0.000294,2.409024
fineweb,3407,RLB+AdamW,490,5.554118,0.000293,2.404810
fineweb,3407,RLB+AdamW,500,5.519280,0.000293,2.409397
fineweb,3407,RLB+AdamW,510,5.475590,0.000292,2.323173
fineweb,3407,RLB+AdamW,520,5.491260,0.000292,2.316122
fineweb,3407,RLB+AdamW,530,5.465459,0.000291,2.419613
fineweb,3407,RLB+AdamW,540,5.465728,0.000291,2.425486
fineweb,3407,RLB+AdamW,550,5.430172,0.000290,2.455619
fineweb,3407,RLB+AdamW,560,5.430537,0.000290,2.360291
fineweb,3407,RLB+AdamW,570,5.441553,0.000289,2.439045
fineweb,3407,RLB+AdamW,580,5.396652,0.000288,2.459286
fineweb,3407,RLB+AdamW,590,5.380416,0.000288,2.339915
fineweb,3407,RLB+AdamW,600,5.379322,0.000287,2.447874
fineweb,3407,RLB+AdamW,610,5.393143,0.000287,2.388154
fineweb,3407,RLB+AdamW,620,5.369108,0.000286,2.371822
fineweb,3407,RLB+AdamW,630,5.342747,0.000285,2.331668
fineweb,3407,RLB+AdamW,640,5.331801,0.000284,2.335656
fineweb,3407,RLB+AdamW,650,5.320352,0.000284,2.455729
fineweb,3407,RLB+AdamW,660,5.286600,0.000283,2.292319
fineweb,3407,RLB+AdamW,670,5.283679,0.000282,2.391837
fineweb,3407,RLB+AdamW,680,5.284680,0.000282,2.414634
fineweb,3407,RLB+AdamW,690,5.271922,0.000281,2.383574
fineweb,3407,RLB+AdamW,700,5.258953,0.000280,2.383311
fineweb,3407,RLB+AdamW,710,5.211733,0.000279,2.341824
fineweb,3407,RLB+AdamW,720,5.244350,0.000279,2.367580
fineweb,3407,RLB+AdamW,730,5.221526,0.000278,2.388850
fineweb,3407,RLB+AdamW,740,5.212296,0.000277,2.436499
fineweb,3407,RLB+AdamW,750,5.198563,0.000276,2.437628
fineweb,3407,RLB+AdamW,760,5.189858,0.000275,2.385531
fineweb,3407,RLB+AdamW,770,5.187071,0.000274,2.447278
fineweb,3407,RLB+AdamW,780,5.170244,0.000273,2.423605
fineweb,3407,RLB+AdamW,790,5.171911,0.000273,2.420089
fineweb,3407,RLB+AdamW,800,5.200678,0.000272,2.412695
fineweb,3407,RLB+AdamW,810,5.162636,0.000271,2.391550
fineweb,3407,RLB+AdamW,820,5.153538,0.000270,2.462937
fineweb,3407,RLB+AdamW,830,5.135265,0.000269,2.424957
fineweb,3407,RLB+AdamW,840,5.143686,0.000268,2.350335
fineweb,3407,RLB+AdamW,850,5.122803,0.000267,2.375703
fineweb,3407,RLB+AdamW,860,5.144255,0.000266,2.427257
fineweb,3407,RLB+AdamW,870,5.091496,0.000265,2.355493
fineweb,3407,RLB+AdamW,880,5.084199,0.000264,2.327051
fineweb,3407,RLB+AdamW,890,5.111860,0.000263,2.443219
fineweb,3407,RLB+AdamW,900,5.067123,0.000262,2.464335
fineweb,3407,RLB+AdamW,910,5.075415,0.000261,2.452041
fineweb,3407,RLB+AdamW,920,5.035897,0.000260,2.340055
fineweb,3407,RLB+AdamW,930,5.036240,0.000259,2.412872
fineweb,3407,RLB+AdamW,940,5.068472,0.000258,2.443008
fineweb,3407,RLB+AdamW,950,5.025208,0.000257,2.405571
fineweb,3407,RLB+AdamW,960,5.024186,0.000255,2.330589
fineweb,3407,RLB+AdamW,970,5.052705,0.000254,2.398306
fineweb,3407,RLB+AdamW,980,5.012398,0.000253,2.477156
fineweb,3407,RLB+AdamW,990,5.009437,0.000252,2.438415
fineweb,3407,RLB+AdamW,1000,4.991940,0.000251,2.374098
fineweb,3407,RLB+AdamW,1010,4.978878,0.000250,2.408247
fineweb,3407,RLB+AdamW,1020,4.984479,0.000249,2.414236
fineweb,3407,RLB+AdamW,1030,4.982047,0.000247,2.502852
fineweb,3407,RLB+AdamW,1040,4.944563,0.000246,2.389668
fineweb,3407,RLB+AdamW,1050,4.982977,0.000245,2.451676
fineweb,3407,RLB+AdamW,1060,4.968752,0.000244,2.502542
fineweb,3407,RLB+AdamW,1070,4.938689,0.000243,2.447991
fineweb,3407,RLB+AdamW,1080,4.904247,0.000241,2.419504
fineweb,3407,RLB+AdamW,1090,4.936028,0.000240,2.466786
fineweb,3407,RLB+AdamW,1100,4.944771,0.000239,2.438356
fineweb,3407,RLB+AdamW,1110,4.910762,0.000238,2.489826
fineweb,3407,RLB+AdamW,1120,4.930118,0.000236,2.368939
fineweb,3407,RLB+AdamW,1130,4.895478,0.000235,2.462702
fineweb,3407,RLB+AdamW,1140,4.904795,0.000234,2.507656
fineweb,3407,RLB+AdamW,1150,4.874744,0.000233,2.460602
fineweb,3407,RLB+AdamW,1160,4.868931,0.000231,2.431705
fineweb,3407,RLB+AdamW,1170,4.846978,0.000230,2.459428
fineweb,3407,RLB+AdamW,1180,4.867065,0.000229,2.452136
fineweb,3407,RLB+AdamW,1190,4.854019,0.000227,2.380293
fineweb,3407,RLB+AdamW,1200,4.838318,0.000226,2.393002
fineweb,3407,RLB+AdamW,1210,4.844774,0.000225,2.398824
fineweb,3407,RLB+AdamW,1220,4.839349,0.000223,2.474011
fineweb,3407,RLB+AdamW,1230,4.813464,0.000222,2.440359
fineweb,3407,RLB+AdamW,1240,4.845262,0.000221,2.410914
fineweb,3407,RLB+AdamW,1250,4.842286,0.000219,2.428364
fineweb,3407,RLB+AdamW,1260,4.800811,0.000218,2.469464
fineweb,3407,RLB+AdamW,1270,4.808500,0.000217,2.360841
fineweb,3407,RLB+AdamW,1280,4.805662,0.000215,2.472468
fineweb,3407,RLB+AdamW,1290,4.791000,0.000214,2.440923
fineweb,3407,RLB+AdamW,1300,4.802325,0.000212,2.448354
fineweb,3407,RLB+AdamW,1310,4.820988,0.000211,2.436391
fineweb,3407,RLB+AdamW,1320,4.786101,0.000210,2.489183
fineweb,3407,RLB+AdamW,1330,4.802353,0.000208,2.468237
fineweb,3407,RLB+AdamW,1340,4.764166,0.000207,2.432086
fineweb,3407,RLB+AdamW,1350,4.747342,0.000205,2.471511
fineweb,3407,RLB+AdamW,1360,4.794860,0.000204,2.432611
fineweb,3407,RLB+AdamW,1370,4.765112,0.000203,2.475110
fineweb,3407,RLB+AdamW,1380,4.747058,0.000201,2.463930
fineweb,3407,RLB+AdamW,1390,4.731698,0.000200,2.477838
fineweb,3407,RLB+AdamW,1400,4.740766,0.000198,2.472684
fineweb,3407,RLB+AdamW,1410,4.730963,0.000197,2.493911
fineweb,3407,RLB+AdamW,1420,4.734176,0.000195,2.454654
fineweb,3407,RLB+AdamW,1430,4.727338,0.000194,2.445655
fineweb,3407,RLB+AdamW,1440,4.730321,0.000192,2.408609
fineweb,3407,RLB+AdamW,1450,4.721890,0.000191,2.484862
fineweb,3407,RLB+AdamW,1460,4.712470,0.000190,2.462078
fineweb,3407,RLB+AdamW,1470,4.713759,0.000188,2.446692
fineweb,3407,RLB+AdamW,1480,4.713926,0.000187,2.464769
fineweb,3407,RLB+AdamW,1490,4.694858,0.000185,2.499551
fineweb,3407,RLB+AdamW,1500,4.692276,0.000184,2.463761
fineweb,3407,RLB+AdamW,1510,4.672621,0.000182,2.455412
fineweb,3407,RLB+AdamW,1520,4.652168,0.000181,2.457659
fineweb,3407,RLB+AdamW,1530,4.693441,0.000179,2.482593
fineweb,3407,RLB+AdamW,1540,4.655151,0.000178,2.401923
fineweb,3407,RLB+AdamW,1550,4.691193,0.000176,2.361420
fineweb,3407,RLB+AdamW,1560,4.665366,0.000175,2.368473
fineweb,3407,RLB+AdamW,1570,4.658652,0.000173,2.406904
fineweb,3407,RLB+AdamW,1580,4.675520,0.000172,2.351462
fineweb,3407,RLB+AdamW,1590,4.670154,0.000170,2.414942
fineweb,3407,RLB+AdamW,1600,4.677459,0.000169,2.447290
fineweb,3407,RLB+AdamW,1610,4.672086,0.000167,2.386139
fineweb,3407,RLB+AdamW,1620,4.638527,0.000166,2.397489
fineweb,3407,RLB+AdamW,1630,4.630595,0.000164,2.352752
fineweb,3407,RLB+AdamW,1640,4.661635,0.000163,2.365996
fineweb,3407,RLB+AdamW,1650,4.579040,0.000161,2.310060
fineweb,3407,RLB+AdamW,1660,4.648475,0.000160,2.436876
fineweb,3407,RLB+AdamW,1670,4.615961,0.000158,2.441830
fineweb,3407,RLB+AdamW,1680,4.619218,0.000157,2.449213
fineweb,3407,RLB+AdamW,1690,4.631373,0.000155,2.426597
fineweb,3407,RLB+AdamW,1700,4.591503,0.000154,2.458557
fineweb,3407,RLB+AdamW,1710,4.609975,0.000153,2.432970
fineweb,3407,RLB+AdamW,1720,4.603793,0.000151,2.437738
fineweb,3407,RLB+AdamW,1730,4.590536,0.000150,2.429370
fineweb,3407,RLB+AdamW,1740,4.629755,0.000148,2.448996
fineweb,3407,RLB+AdamW,1750,4.614021,0.000147,2.484733
fineweb,3407,RLB+AdamW,1760,4.601798,0.000145,2.432226
fineweb,3407,RLB+AdamW,1770,4.578879,0.000144,2.375854
fineweb,3407,RLB+AdamW,1780,4.563852,0.000142,2.444106
fineweb,3407,RLB+AdamW,1790,4.577422,0.000141,2.486337
fineweb,3407,RLB+AdamW,1800,4.604730,0.000139,2.459789
fineweb,3407,RLB+AdamW,1810,4.604458,0.000138,2.436488
fineweb,3407,RLB+AdamW,1820,4.559371,0.000136,2.493119
fineweb,3407,RLB+AdamW,1830,4.583913,0.000135,2.508357
fineweb,3407,RLB+AdamW,1840,4.580792,0.000133,2.385507
fineweb,3407,RLB+AdamW,1850,4.570647,0.000132,2.399381
fineweb,3407,RLB+AdamW,1860,4.532709,0.000131,2.476091
fineweb,3407,RLB+AdamW,1870,4.557656,0.000129,2.434923
fineweb,3407,RLB+AdamW,1880,4.558534,0.000128,2.444081
fineweb,3407,RLB+AdamW,1890,4.545880,0.000126,2.409347
fineweb,3407,RLB+AdamW,1900,4.565748,0.000125,2.464569
fineweb,3407,RLB+AdamW,1910,4.547990,0.000123,2.504468
fineweb,3407,RLB+AdamW,1920,4.540253,0.000122,2.417113
fineweb,3407,RLB+AdamW,1930,4.560121,0.000121,2.440659
fineweb,3407,RLB+AdamW,1940,4.542810,0.000119,2.440506
fineweb,3407,RLB+AdamW,1950,4.542275,0.000118,2.481014
fineweb,3407,RLB+AdamW,1960,4.530641,0.000116,2.426950
fineweb,3407,RLB+AdamW,1970,4.519158,0.000115,2.450761
fineweb,3407,RLB+AdamW,1980,4.520942,0.000114,2.462787
fineweb,3407,RLB+AdamW,1990,4.532085,0.000112,2.400786
fineweb,3407,RLB+AdamW,2000,4.515425,0.000111,2.397735
fineweb,3407,RLB+AdamW,2010,4.541498,0.000110,2.376334
fineweb,3407,RLB+AdamW,2020,4.536979,0.000108,2.525890
fineweb,3407,RLB+AdamW,2030,4.513174,0.000107,2.441875
fineweb,3407,RLB+AdamW,2040,4.515814,0.000106,2.414925
fineweb,3407,RLB+AdamW,2050,4.510151,0.000104,2.450666
fineweb,3407,RLB+AdamW,2060,4.541085,0.000103,2.487355
fineweb,3407,RLB+AdamW,2070,4.488838,0.000102,2.420458
fineweb,3407,RLB+AdamW,2080,4.498036,0.000100,2.413365
fineweb,3407,RLB+AdamW,2090,4.522874,0.000099,2.462150
fineweb,3407,RLB+AdamW,2100,4.514123,0.000098,2.462025
fineweb,3407,RLB+AdamW,2110,4.490226,0.000096,2.380386
fineweb,3407,RLB+AdamW,2120,4.506730,0.000095,2.389584
fineweb,3407,RLB+AdamW,2130,4.466684,0.000094,2.449709
fineweb,3407,RLB+AdamW,2140,4.491102,0.000093,2.462228
fineweb,3407,RLB+AdamW,2150,4.479826,0.000091,2.489820
fineweb,3407,RLB+AdamW,2160,4.444049,0.000090,2.371811
fineweb,3407,RLB+AdamW,2170,4.513009,0.000089,2.417589
fineweb,3407,RLB+AdamW,2180,4.462240,0.000088,2.431295
fineweb,3407,RLB+AdamW,2190,4.487804,0.000086,2.415168
fineweb,3407,RLB+AdamW,2200,4.476380,0.000085,2.464563
fineweb,3407,RLB+AdamW,2210,4.483635,0.000084,2.461577
fineweb,3407,RLB+AdamW,2220,4.441547,0.000083,2.461897
fineweb,3407,RLB+AdamW,2230,4.502380,0.000082,2.411861
fineweb,3407,RLB+AdamW,2240,4.481695,0.000080,2.369002
fineweb,3407,RLB+AdamW,2250,4.471994,0.000079,2.438535
fineweb,3407,RLB+AdamW,2260,4.469509,0.000078,2.493769
fineweb,3407,RLB+AdamW,2270,4.448335,0.000077,2.398658
fineweb,3407,RLB+AdamW,2280,4.459882,0.000076,2.441919
fineweb,3407,RLB+AdamW,2290,4.494560,0.000075,2.379589
fineweb,3407,RLB+AdamW,2300,4.460003,0.000074,2.439141
fineweb,3407,RLB+AdamW,2310,4.448078,0.000073,2.339233
fineweb,3407,RLB+AdamW,2320,4.436682,0.000072,2.423514
fineweb,3407,RLB+AdamW,2330,4.429889,0.000070,2.474325
fineweb,3407,RLB+AdamW,2340,4.450114,0.000069,2.481455
fineweb,3407,RLB+AdamW,2350,4.454298,0.000068,2.436675
fineweb,3407,RLB+AdamW,2360,4.450410,0.000067,2.401942
fineweb,3407,RLB+AdamW,2370,4.435437,0.000066,2.486525
fineweb,3407,RLB+AdamW,2380,4.444666,0.000065,2.479105
fineweb,3407,RLB+AdamW,2390,4.421381,0.000064,2.448540
fineweb,3407,RLB+AdamW,2400,4.403567,0.000063,2.481265
fineweb,3407,RLB+AdamW,2410,4.444529,0.000062,2.417231
fineweb,3407,RLB+AdamW,2420,4.448477,0.000061,2.457721
fineweb,3407,RLB+AdamW,2430,4.470250,0.000060,2.464462
fineweb,3407,RLB+AdamW,2440,4.448948,0.000059,2.390753
fineweb,3407,RLB+AdamW,2450,4.417823,0.000059,2.425569
fineweb,3407,RLB+AdamW,2460,4.450917,0.000058,2.471587
fineweb,3407,RLB+AdamW,2470,4.435299,0.000057,2.443347
fineweb,3407,RLB+AdamW,2480,4.417893,0.000056,2.474192
fineweb,3407,RLB+AdamW,2490,4.427728,0.000055,2.476576
fineweb,3407,RLB+AdamW,2500,4.427540,0.000054,2.476648
fineweb,3407,RLB+AdamW,2510,4.416302,0.000053,2.393888
fineweb,3407,RLB+AdamW,2520,4.402927,0.000052,2.373771
fineweb,3407,RLB+AdamW,2530,4.440618,0.000052,2.379908
fineweb,3407,RLB+AdamW,2540,4.416719,0.000051,2.433193
fineweb,3407,RLB+AdamW,2550,4.410730,0.000050,2.354182
fineweb,3407,RLB+AdamW,2560,4.423184,0.000049,2.358542
fineweb,3407,RLB+AdamW,2570,4.413986,0.000049,2.454180
fineweb,3407,RLB+AdamW,2580,4.431788,0.000048,2.433179
fineweb,3407,RLB+AdamW,2590,4.417999,0.000047,2.395864
fineweb,3407,RLB+AdamW,2600,4.420867,0.000046,2.436894
fineweb,3407,RLB+AdamW,2610,4.427933,0.000046,2.467634
fineweb,3407,RLB+AdamW,2620,4.399478,0.000045,2.459702
fineweb,3407,RLB+AdamW,2630,4.414369,0.000044,2.361092
fineweb,3407,RLB+AdamW,2640,4.395301,0.000044,2.406867
fineweb,3407,RLB+AdamW,2650,4.398541,0.000043,2.457575
fineweb,3407,RLB+AdamW,2660,4.400117,0.000042,2.394617
fineweb,3407,RLB+AdamW,2670,4.389935,0.000042,2.439608
fineweb,3407,RLB+AdamW,2680,4.368518,0.000041,2.386174
fineweb,3407,RLB+AdamW,2690,4.386322,0.000041,2.463816
fineweb,3407,RLB+AdamW,2700,4.397487,0.000040,2.474404
fineweb,3407,RLB+AdamW,2710,4.393527,0.000039,2.454100
fineweb,3407,RLB+AdamW,2720,4.409289,0.000039,2.355453
fineweb,3407,RLB+AdamW,2730,4.441201,0.000038,2.479491
fineweb,3407,RLB+AdamW,2740,4.389209,0.000038,2.421395
fineweb,3407,RLB+AdamW,2750,4.391091,0.000037,2.451965
fineweb,3407,RLB+AdamW,2760,4.390246,0.000037,2.463207
fineweb,3407,RLB+AdamW,2770,4.401565,0.000036,2.404213
fineweb,3407,RLB+AdamW,2780,4.387098,0.000036,2.422654
fineweb,3407,RLB+AdamW,2790,4.393764,0.000036,2.441987
fineweb,3407,RLB+AdamW,2800,4.375964,0.000035,2.456070
fineweb,3407,RLB+AdamW,2810,4.422003,0.000035,2.429595
fineweb,3407,RLB+AdamW,2820,4.401650,0.000034,2.352952
fineweb,3407,RLB+AdamW,2830,4.361656,0.000034,2.410509
fineweb,3407,RLB+AdamW,2840,4.386987,0.000034,2.423804
fineweb,3407,RLB+AdamW,2850,4.405706,0.000033,2.396903
fineweb,3407,RLB+AdamW,2860,4.405234,0.000033,2.448255
fineweb,3407,RLB+AdamW,2870,4.379953,0.000033,2.445055
fineweb,3407,RLB+AdamW,2880,4.386804,0.000032,2.465238
fineweb,3407,RLB+AdamW,2890,4.389017,0.000032,2.388847
fineweb,3407,RLB+AdamW,2900,4.418538,0.000032,2.428234
fineweb,3407,RLB+AdamW,2910,4.386054,0.000032,2.380703
fineweb,3407,RLB+AdamW,2920,4.409571,0.000031,2.438856
fineweb,3407,RLB+AdamW,2930,4.373119,0.000031,2.421545
fineweb,3407,RLB+AdamW,2940,4.399334,0.000031,2.440997
fineweb,3407,RLB+AdamW,2950,4.418304,0.000031,2.471618
fineweb,3407,RLB+AdamW,2960,4.373146,0.000031,2.399510
fineweb,3407,RLB+AdamW,2970,4.390131,0.000031,2.373950
fineweb,3407,RLB+AdamW,2980,4.393748,0.000030,2.477081
fineweb,3407,RLB+AdamW,2990,4.375681,0.000030,2.466073
fineweb,3407,RLB+AdamW,3000,4.399617,0.000030,2.448436
fineweb,3407,RLB+AdamW,3010,4.392436,0.000030,2.416532
fineweb,3407,RLB+AdamW,3020,4.367771,0.000030,2.477248
fineweb,3407,RLB+AdamW,3030,4.361644,0.000030,2.451332
fineweb,3407,RLB+AdamW,3040,4.378678,0.000030,2.449776
fineweb,3407,RLB+AdamW,3050,4.367984,0.000030,2.466127
fineweb,3407,SiLU+Muon,1,10.986071,0.000001,3.361459
fineweb,3407,SiLU+Muon,10,10.976108,0.000015,2.204920
fineweb,3407,SiLU+Muon,20,10.937927,0.000030,1.821882
fineweb,3407,SiLU+Muon,30,10.846253,0.000045,1.907686
fineweb,3407,SiLU+Muon,40,10.718942,0.000060,1.916829
fineweb,3407,SiLU+Muon,50,10.542845,0.000075,1.997909
fineweb,3407,SiLU+Muon,60,10.337409,0.000090,2.046961
fineweb,3407,SiLU+Muon,70,10.137638,0.000105,1.968726
fineweb,3407,SiLU+Muon,80,9.927892,0.000120,1.955776
fineweb,3407,SiLU+Muon,90,9.731746,0.000135,1.935849
fineweb,3407,SiLU+Muon,100,9.542948,0.000150,2.024667
fineweb,3407,SiLU+Muon,110,9.344107,0.000165,1.925073
fineweb,3407,SiLU+Muon,120,9.150074,0.000180,1.887782
fineweb,3407,SiLU+Muon,130,8.936595,0.000195,1.952649
fineweb,3407,SiLU+Muon,140,8.735626,0.000210,1.953164
fineweb,3407,SiLU+Muon,150,8.518552,0.000225,1.870424
fineweb,3407,SiLU+Muon,160,8.339208,0.000240,1.937793
fineweb,3407,SiLU+Muon,170,8.185009,0.000255,1.875109
fineweb,3407,SiLU+Muon,180,8.028455,0.000270,1.855460
fineweb,3407,SiLU+Muon,190,7.862572,0.000285,1.998079
fineweb,3407,SiLU+Muon,200,7.760543,0.000300,1.779531
fineweb,3407,SiLU+Muon,210,7.625848,0.000300,1.842188
fineweb,3407,SiLU+Muon,220,7.547302,0.000300,1.758743
fineweb,3407,SiLU+Muon,230,7.409731,0.000300,1.678397
fineweb,3407,SiLU+Muon,240,7.362628,0.000300,1.624413
fineweb,3407,SiLU+Muon,250,7.264411,0.000300,1.577249
fineweb,3407,SiLU+Muon,260,7.197657,0.000300,1.644881
fineweb,3407,SiLU+Muon,270,7.077385,0.000300,1.703011
fineweb,3407,SiLU+Muon,280,7.044322,0.000299,1.754456
fineweb,3407,SiLU+Muon,290,6.977740,0.000299,1.603511
fineweb,3407,SiLU+Muon,300,6.921070,0.000299,1.814961
fineweb,3407,SiLU+Muon,310,6.862892,0.000299,1.741620
fineweb,3407,SiLU+Muon,320,6.791030,0.000299,1.884874
fineweb,3407,SiLU+Muon,330,6.763861,0.000299,1.792845
fineweb,3407,SiLU+Muon,340,6.671230,0.000298,1.841659
fineweb,3407,SiLU+Muon,350,6.627898,0.000298,1.685155
fineweb,3407,SiLU+Muon,360,6.572791,0.000298,1.874370
fineweb,3407,SiLU+Muon,370,6.521779,0.000298,2.038087
fineweb,3407,SiLU+Muon,380,6.482196,0.000297,2.029123
fineweb,3407,SiLU+Muon,390,6.415814,0.000297,1.693442
fineweb,3407,SiLU+Muon,400,6.387626,0.000297,1.930276
fineweb,3407,SiLU+Muon,410,6.340676,0.000296,1.929995
fineweb,3407,SiLU+Muon,420,6.319859,0.000296,2.004185
fineweb,3407,SiLU+Muon,430,6.261097,0.000296,1.915916
fineweb,3407,SiLU+Muon,440,6.194603,0.000295,1.913870
fineweb,3407,SiLU+Muon,450,6.173205,0.000295,1.921049
fineweb,3407,SiLU+Muon,460,6.102335,0.000295,1.957968
fineweb,3407,SiLU+Muon,470,6.126110,0.000294,1.849715
fineweb,3407,SiLU+Muon,480,6.090191,0.000294,1.967801
fineweb,3407,SiLU+Muon,490,6.058462,0.000293,1.839417
fineweb,3407,SiLU+Muon,500,6.014089,0.000293,1.907957
fineweb,3407,SiLU+Muon,510,5.948545,0.000292,1.990582
fineweb,3407,SiLU+Muon,520,5.945736,0.000292,1.969194
fineweb,3407,SiLU+Muon,530,5.910173,0.000291,1.864390
fineweb,3407,SiLU+Muon,540,5.904098,0.000291,1.928543
fineweb,3407,SiLU+Muon,550,5.853179,0.000290,1.887048
fineweb,3407,SiLU+Muon,560,5.842510,0.000290,1.840942
fineweb,3407,SiLU+Muon,570,5.847918,0.000289,1.837804
fineweb,3407,SiLU+Muon,580,5.786032,0.000288,2.039354
fineweb,3407,SiLU+Muon,590,5.763664,0.000288,1.803988
fineweb,3407,SiLU+Muon,600,5.754059,0.000287,1.868821
fineweb,3407,SiLU+Muon,610,5.760461,0.000287,1.898962
fineweb,3407,SiLU+Muon,620,5.725483,0.000286,1.878228
fineweb,3407,SiLU+Muon,630,5.688516,0.000285,1.874269
fineweb,3407,SiLU+Muon,640,5.666947,0.000284,1.843353
fineweb,3407,SiLU+Muon,650,5.644721,0.000284,1.898457
fineweb,3407,SiLU+Muon,660,5.601553,0.000283,1.877210
fineweb,3407,SiLU+Muon,670,5.594932,0.000282,1.995438
fineweb,3407,SiLU+Muon,680,5.587769,0.000282,1.904066
fineweb,3407,SiLU+Muon,690,5.573082,0.000281,1.869333
fineweb,3407,SiLU+Muon,700,5.552352,0.000280,1.810778
fineweb,3407,SiLU+Muon,710,5.492687,0.000279,2.006379
fineweb,3407,SiLU+Muon,720,5.520456,0.000279,1.878538
fineweb,3407,SiLU+Muon,730,5.490844,0.000278,1.928550
fineweb,3407,SiLU+Muon,740,5.473427,0.000277,1.980112
fineweb,3407,SiLU+Muon,750,5.455569,0.000276,1.928582
fineweb,3407,SiLU+Muon,760,5.443008,0.000275,1.861653
fineweb,3407,SiLU+Muon,770,5.429375,0.000274,1.821591
fineweb,3407,SiLU+Muon,780,5.414063,0.000273,1.932258
fineweb,3407,SiLU+Muon,790,5.408701,0.000273,1.784911
fineweb,3407,SiLU+Muon,800,5.432643,0.000272,1.857331
fineweb,3407,SiLU+Muon,810,5.389378,0.000271,1.936817
fineweb,3407,SiLU+Muon,820,5.373417,0.000270,1.765115
fineweb,3407,SiLU+Muon,830,5.351320,0.000269,1.883557
fineweb,3407,SiLU+Muon,840,5.351721,0.000268,1.909204
fineweb,3407,SiLU+Muon,850,5.328755,0.000267,1.727351
fineweb,3407,SiLU+Muon,860,5.351668,0.000266,1.957661
fineweb,3407,SiLU+Muon,870,5.285641,0.000265,1.822310
fineweb,3407,SiLU+Muon,880,5.274726,0.000264,2.000251
fineweb,3407,SiLU+Muon,890,5.302766,0.000263,2.003825
fineweb,3407,SiLU+Muon,900,5.254929,0.000262,1.871693
fineweb,3407,SiLU+Muon,910,5.257656,0.000261,1.817531
fineweb,3407,SiLU+Muon,920,5.217552,0.000260,1.828704
fineweb,3407,SiLU+Muon,930,5.211671,0.000259,1.987001
fineweb,3407,SiLU+Muon,940,5.243745,0.000258,1.893359
fineweb,3407,SiLU+Muon,950,5.198529,0.000257,1.855893
fineweb,3407,SiLU+Muon,960,5.193230,0.000255,1.898092
fineweb,3407,SiLU+Muon,970,5.222327,0.000254,1.891187
fineweb,3407,SiLU+Muon,980,5.182851,0.000253,1.911584
fineweb,3407,SiLU+Muon,990,5.165039,0.000252,2.026993
fineweb,3407,SiLU+Muon,1000,5.151844,0.000251,1.957826
fineweb,3407,SiLU+Muon,1010,5.132660,0.000250,1.808293
fineweb,3407,SiLU+Muon,1020,5.145244,0.000249,1.903011
fineweb,3407,SiLU+Muon,1030,5.132077,0.000247,2.039724
fineweb,3407,SiLU+Muon,1040,5.095551,0.000246,1.884623
fineweb,3407,SiLU+Muon,1050,5.138018,0.000245,1.891445
fineweb,3407,SiLU+Muon,1060,5.122079,0.000244,1.831069
fineweb,3407,SiLU+Muon,1070,5.085774,0.000243,1.870269
fineweb,3407,SiLU+Muon,1080,5.046230,0.000241,1.900294
fineweb,3407,SiLU+Muon,1090,5.079887,0.000240,1.971423
fineweb,3407,SiLU+Muon,1100,5.084105,0.000239,1.930516
fineweb,3407,SiLU+Muon,1110,5.054048,0.000238,2.009817
fineweb,3407,SiLU+Muon,1120,5.065113,0.000236,1.971045
fineweb,3407,SiLU+Muon,1130,5.030153,0.000235,2.036762
fineweb,3407,SiLU+Muon,1140,5.042292,0.000234,1.996600
fineweb,3407,SiLU+Muon,1150,5.010702,0.000233,2.003291
fineweb,3407,SiLU+Muon,1160,4.996927,0.000231,1.936184
fineweb,3407,SiLU+Muon,1170,4.975284,0.000230,1.847479
fineweb,3407,SiLU+Muon,1180,5.002255,0.000229,1.974116
fineweb,3407,SiLU+Muon,1190,4.987604,0.000227,1.876016
fineweb,3407,SiLU+Muon,1200,4.969181,0.000226,2.001730
fineweb,3407,SiLU+Muon,1210,4.965948,0.000225,1.976510
fineweb,3407,SiLU+Muon,1220,4.967332,0.000223,1.918650
fineweb,3407,SiLU+Muon,1230,4.938696,0.000222,2.017014
fineweb,3407,SiLU+Muon,1240,4.965590,0.000221,1.974660
fineweb,3407,SiLU+Muon,1250,4.967125,0.000219,1.909352
fineweb,3407,SiLU+Muon,1260,4.922801,0.000218,1.961051
fineweb,3407,SiLU+Muon,1270,4.929795,0.000217,2.009931
fineweb,3407,SiLU+Muon,1280,4.928073,0.000215,1.954737
fineweb,3407,SiLU+Muon,1290,4.913222,0.000214,1.996285
fineweb,3407,SiLU+Muon,1300,4.922312,0.000212,1.992683
fineweb,3407,SiLU+Muon,1310,4.939656,0.000211,1.889559
fineweb,3407,SiLU+Muon,1320,4.901514,0.000210,1.955705
fineweb,3407,SiLU+Muon,1330,4.916727,0.000208,1.931557
fineweb,3407,SiLU+Muon,1340,4.871165,0.000207,1.939398
fineweb,3407,SiLU+Muon,1350,4.854056,0.000205,1.948444
fineweb,3407,SiLU+Muon,1360,4.906268,0.000204,1.903972
fineweb,3407,SiLU+Muon,1370,4.877165,0.000203,2.079767
fineweb,3407,SiLU+Muon,1380,4.858123,0.000201,1.993606
fineweb,3407,SiLU+Muon,1390,4.835289,0.000200,1.914268
fineweb,3407,SiLU+Muon,1400,4.846887,0.000198,1.911834
fineweb,3407,SiLU+Muon,1410,4.837820,0.000197,1.915036
fineweb,3407,SiLU+Muon,1420,4.839381,0.000195,2.024166
fineweb,3407,SiLU+Muon,1430,4.829449,0.000194,1.956303
fineweb,3407,SiLU+Muon,1440,4.829043,0.000192,1.907566
fineweb,3407,SiLU+Muon,1450,4.821826,0.000191,2.027341
fineweb,3407,SiLU+Muon,1460,4.808811,0.000190,1.960428
fineweb,3407,SiLU+Muon,1470,4.814698,0.000188,2.034812
fineweb,3407,SiLU+Muon,1480,4.816598,0.000187,1.899480
fineweb,3407,SiLU+Muon,1490,4.796397,0.000185,1.862285
fineweb,3407,SiLU+Muon,1500,4.787017,0.000184,1.994654
fineweb,3407,SiLU+Muon,1510,4.770197,0.000182,1.933618
fineweb,3407,SiLU+Muon,1520,4.748018,0.000181,1.907639
fineweb,3407,SiLU+Muon,1530,4.782706,0.000179,1.852694
fineweb,3407,SiLU+Muon,1540,4.748928,0.000178,1.889668
fineweb,3407,SiLU+Muon,1550,4.783619,0.000176,2.039146
fineweb,3407,SiLU+Muon,1560,4.763849,0.000175,1.979135
fineweb,3407,SiLU+Muon,1570,4.752498,0.000173,2.014273
fineweb,3407,SiLU+Muon,1580,4.767732,0.000172,1.968681
fineweb,3407,SiLU+Muon,1590,4.757264,0.000170,1.903010
fineweb,3407,SiLU+Muon,1600,4.763118,0.000169,1.903724
fineweb,3407,SiLU+Muon,1610,4.755365,0.000167,1.931022
fineweb,3407,SiLU+Muon,1620,4.726289,0.000166,1.871036
fineweb,3407,SiLU+Muon,1630,4.716667,0.000164,1.960392
fineweb,3407,SiLU+Muon,1640,4.750497,0.000163,2.003193
fineweb,3407,SiLU+Muon,1650,4.661758,0.000161,1.873343
fineweb,3407,SiLU+Muon,1660,4.731240,0.000160,1.855049
fineweb,3407,SiLU+Muon,1670,4.700530,0.000158,1.943869
fineweb,3407,SiLU+Muon,1680,4.700046,0.000157,1.908753
fineweb,3407,SiLU+Muon,1690,4.712378,0.000155,1.914439
fineweb,3407,SiLU+Muon,1700,4.669922,0.000154,1.906781
fineweb,3407,SiLU+Muon,1710,4.692985,0.000153,1.913690
fineweb,3407,SiLU+Muon,1720,4.687185,0.000151,1.947797
fineweb,3407,SiLU+Muon,1730,4.665635,0.000150,1.968510
fineweb,3407,SiLU+Muon,1740,4.707821,0.000148,1.915770
fineweb,3407,SiLU+Muon,1750,4.694154,0.000147,1.934230
fineweb,3407,SiLU+Muon,1760,4.678117,0.000145,2.000047
fineweb,3407,SiLU+Muon,1770,4.655476,0.000144,1.944935
fineweb,3407,SiLU+Muon,1780,4.633904,0.000142,2.032219
fineweb,3407,SiLU+Muon,1790,4.650711,0.000141,1.960474
fineweb,3407,SiLU+Muon,1800,4.677355,0.000139,1.838737
fineweb,3407,SiLU+Muon,1810,4.673695,0.000138,1.959218
fineweb,3407,SiLU+Muon,1820,4.630525,0.000136,2.024415
fineweb,3407,SiLU+Muon,1830,4.654137,0.000135,1.891359
fineweb,3407,SiLU+Muon,1840,4.651987,0.000133,1.937205
fineweb,3407,SiLU+Muon,1850,4.636616,0.000132,1.886171
fineweb,3407,SiLU+Muon,1860,4.601943,0.000131,2.003509
fineweb,3407,SiLU+Muon,1870,4.622291,0.000129,2.077733
fineweb,3407,SiLU+Muon,1880,4.627192,0.000128,1.967342
fineweb,3407,SiLU+Muon,1890,4.613994,0.000126,1.807074
fineweb,3407,SiLU+Muon,1900,4.629310,0.000125,1.889786
fineweb,3407,SiLU+Muon,1910,4.613531,0.000123,2.020289
fineweb,3407,SiLU+Muon,1920,4.604867,0.000122,1.910649
fineweb,3407,SiLU+Muon,1930,4.628160,0.000121,1.935499
fineweb,3407,SiLU+Muon,1940,4.604943,0.000119,1.884016
fineweb,3407,SiLU+Muon,1950,4.601233,0.000118,1.976423
fineweb,3407,SiLU+Muon,1960,4.595276,0.000116,2.008972
fineweb,3407,SiLU+Muon,1970,4.575677,0.000115,1.968273
fineweb,3407,SiLU+Muon,1980,4.584006,0.000114,1.983665
fineweb,3407,SiLU+Muon,1990,4.590402,0.000112,1.963537
fineweb,3407,SiLU+Muon,2000,4.571793,0.000111,1.946349
fineweb,3407,SiLU+Muon,2010,4.598203,0.000110,1.993078
fineweb,3407,SiLU+Muon,2020,4.596313,0.000108,1.992052
fineweb,3407,SiLU+Muon,2030,4.571774,0.000107,1.887749
fineweb,3407,SiLU+Muon,2040,4.568876,0.000106,1.874496
fineweb,3407,SiLU+Muon,2050,4.564887,0.000104,1.909824
fineweb,3407,SiLU+Muon,2060,4.597022,0.000103,2.046425
fineweb,3407,SiLU+Muon,2070,4.540868,0.000102,1.939475
fineweb,3407,SiLU+Muon,2080,4.554437,0.000100,1.931878
fineweb,3407,SiLU+Muon,2090,4.578871,0.000099,1.932010
fineweb,3407,SiLU+Muon,2100,4.562852,0.000098,1.984292
fineweb,3407,SiLU+Muon,2110,4.541752,0.000096,1.923818
fineweb,3407,SiLU+Muon,2120,4.557691,0.000095,2.082613
fineweb,3407,SiLU+Muon,2130,4.522303,0.000094,1.929004
fineweb,3407,SiLU+Muon,2140,4.545401,0.000093,1.916881
fineweb,3407,SiLU+Muon,2150,4.525190,0.000091,1.974660
fineweb,3407,SiLU+Muon,2160,4.492285,0.000090,1.889068
fineweb,3407,SiLU+Muon,2170,4.562992,0.000089,2.011411
fineweb,3407,SiLU+Muon,2180,4.512758,0.000088,1.943723
fineweb,3407,SiLU+Muon,2190,4.538612,0.000086,1.931803
fineweb,3407,SiLU+Muon,2200,4.525148,0.000085,2.035999
fineweb,3407,SiLU+Muon,2210,4.533669,0.000084,2.000585
fineweb,3407,SiLU+Muon,2220,4.485849,0.000083,1.946825
fineweb,3407,SiLU+Muon,2230,4.550899,0.000082,2.023293
fineweb,3407,SiLU+Muon,2240,4.530250,0.000080,1.953482
fineweb,3407,SiLU+Muon,2250,4.514978,0.000079,2.039501
fineweb,3407,SiLU+Muon,2260,4.517695,0.000078,1.934046
fineweb,3407,SiLU+Muon,2270,4.491905,0.000077,1.758959
fineweb,3407,SiLU+Muon,2280,4.501667,0.000076,1.831167
fineweb,3407,SiLU+Muon,2290,4.544593,0.000075,1.721487
fineweb,3407,SiLU+Muon,2300,4.502660,0.000074,1.833080
fineweb,3407,SiLU+Muon,2310,4.489987,0.000073,1.772665
fineweb,3407,SiLU+Muon,2320,4.477984,0.000072,1.776864
fineweb,3407,SiLU+Muon,2330,4.468718,0.000070,1.727022
fineweb,3407,SiLU+Muon,2340,4.490794,0.000069,1.768969
fineweb,3407,SiLU+Muon,2350,4.495939,0.000068,1.723752
fineweb,3407,SiLU+Muon,2360,4.490250,0.000067,1.716250
fineweb,3407,SiLU+Muon,2370,4.475251,0.000066,1.867003
fineweb,3407,SiLU+Muon,2380,4.484794,0.000065,1.858402
fineweb,3407,SiLU+Muon,2390,4.459137,0.000064,1.837438
fineweb,3407,SiLU+Muon,2400,4.446235,0.000063,1.785309
fineweb,3407,SiLU+Muon,2410,4.485391,0.000062,1.644550
fineweb,3407,SiLU+Muon,2420,4.488917,0.000061,1.862372
fineweb,3407,SiLU+Muon,2430,4.510176,0.000060,1.932946
fineweb,3407,SiLU+Muon,2440,4.488628,0.000059,2.009769
fineweb,3407,SiLU+Muon,2450,4.458514,0.000059,1.691606
fineweb,3407,SiLU+Muon,2460,4.490981,0.000058,1.992598
fineweb,3407,SiLU+Muon,2470,4.470273,0.000057,1.871660
fineweb,3407,SiLU+Muon,2480,4.455180,0.000056,1.959538
fineweb,3407,SiLU+Muon,2490,4.465622,0.000055,1.974060
fineweb,3407,SiLU+Muon,2500,4.465483,0.000054,1.878203
fineweb,3407,SiLU+Muon,2510,4.454657,0.000053,1.913917
fineweb,3407,SiLU+Muon,2520,4.440239,0.000052,2.011313
fineweb,3407,SiLU+Muon,2530,4.478440,0.000052,1.835011
fineweb,3407,SiLU+Muon,2540,4.454399,0.000051,1.912905
fineweb,3407,SiLU+Muon,2550,4.445377,0.000050,2.032437
fineweb,3407,SiLU+Muon,2560,4.460718,0.000049,1.849003
fineweb,3407,SiLU+Muon,2570,4.452835,0.000049,2.019279
fineweb,3407,SiLU+Muon,2580,4.468105,0.000048,1.977645
fineweb,3407,SiLU+Muon,2590,4.452280,0.000047,1.818525
fineweb,3407,SiLU+Muon,2600,4.453553,0.000046,1.997952
fineweb,3407,SiLU+Muon,2610,4.464068,0.000046,1.987427
fineweb,3407,SiLU+Muon,2620,4.433584,0.000045,1.995940
fineweb,3407,SiLU+Muon,2630,4.450589,0.000044,2.049728
fineweb,3407,SiLU+Muon,2640,4.426421,0.000044,1.939875
fineweb,3407,SiLU+Muon,2650,4.437192,0.000043,2.008546
fineweb,3407,SiLU+Muon,2660,4.435389,0.000042,1.950994
fineweb,3407,SiLU+Muon,2670,4.424165,0.000042,1.901456
fineweb,3407,SiLU+Muon,2680,4.399565,0.000041,1.867521
fineweb,3407,SiLU+Muon,2690,4.417446,0.000041,1.997521
fineweb,3407,SiLU+Muon,2700,4.428706,0.000040,1.867138
fineweb,3407,SiLU+Muon,2710,4.425753,0.000039,2.027931
fineweb,3407,SiLU+Muon,2720,4.443228,0.000039,1.997487
fineweb,3407,SiLU+Muon,2730,4.476691,0.000038,1.894438
fineweb,3407,SiLU+Muon,2740,4.421094,0.000038,1.943188
fineweb,3407,SiLU+Muon,2750,4.420585,0.000037,1.954389
fineweb,3407,SiLU+Muon,2760,4.424034,0.000037,1.942585
fineweb,3407,SiLU+Muon,2770,4.434439,0.000036,1.940255
fineweb,3407,SiLU+Muon,2780,4.419637,0.000036,1.892223
fineweb,3407,SiLU+Muon,2790,4.423283,0.000036,2.030725
fineweb,3407,SiLU+Muon,2800,4.405338,0.000035,2.088580
fineweb,3407,SiLU+Muon,2810,4.453995,0.000035,1.917967
fineweb,3407,SiLU+Muon,2820,4.431907,0.000034,1.926964
fineweb,3407,SiLU+Muon,2830,4.391463,0.000034,1.869951
fineweb,3407,SiLU+Muon,2840,4.416898,0.000034,2.029695
fineweb,3407,SiLU+Muon,2850,4.435484,0.000033,1.803071
fineweb,3407,SiLU+Muon,2860,4.433794,0.000033,1.995180
fineweb,3407,SiLU+Muon,2870,4.410318,0.000033,1.810851
fineweb,3407,SiLU+Muon,2880,4.412402,0.000032,1.911806
fineweb,3407,SiLU+Muon,2890,4.420276,0.000032,1.892462
fineweb,3407,SiLU+Muon,2900,4.454815,0.000032,1.918955
fineweb,3407,SiLU+Muon,2910,4.414158,0.000032,2.025230
fineweb,3407,SiLU+Muon,2920,4.440981,0.000031,1.997888
fineweb,3407,SiLU+Muon,2930,4.398904,0.000031,1.850086
fineweb,3407,SiLU+Muon,2940,4.434528,0.000031,1.895878
fineweb,3407,SiLU+Muon,2950,4.444913,0.000031,1.996703
fineweb,3407,SiLU+Muon,2960,4.405301,0.000031,2.022243
fineweb,3407,SiLU+Muon,2970,4.418220,0.000031,1.884039
fineweb,3407,SiLU+Muon,2980,4.420220,0.000030,1.922299
fineweb,3407,SiLU+Muon,2990,4.402781,0.000030,1.903596
fineweb,3407,SiLU+Muon,3000,4.431102,0.000030,1.905741
fineweb,3407,SiLU+Muon,3010,4.421686,0.000030,1.998734
fineweb,3407,SiLU+Muon,3020,4.397323,0.000030,1.920226
fineweb,3407,SiLU+Muon,3030,4.389569,0.000030,1.866150
fineweb,3407,SiLU+Muon,3040,4.407359,0.000030,1.774291
fineweb,3407,SiLU+Muon,3050,4.398569,0.000030,1.814577
fineweb,3407,RLB+Muon,1,10.990993,0.000001,4.662264
fineweb,3407,RLB+Muon,10,10.975838,0.000015,2.688986
fineweb,3407,RLB+Muon,20,10.925980,0.000030,2.479989
fineweb,3407,RLB+Muon,30,10.812992,0.000045,2.499124
fineweb,3407,RLB+Muon,40,10.653868,0.000060,2.568599
fineweb,3407,RLB+Muon,50,10.451370,0.000075,2.516999
fineweb,3407,RLB+Muon,60,10.208912,0.000090,2.505606
fineweb,3407,RLB+Muon,70,9.952926,0.000105,2.528863
fineweb,3407,RLB+Muon,80,9.682727,0.000120,2.492549
fineweb,3407,RLB+Muon,90,9.421015,0.000135,2.482562
fineweb,3407,RLB+Muon,100,9.181669,0.000150,2.388780
fineweb,3407,RLB+Muon,110,8.952202,0.000165,2.471661
fineweb,3407,RLB+Muon,120,8.752622,0.000180,2.571600
fineweb,3407,RLB+Muon,130,8.553347,0.000195,2.453877
fineweb,3407,RLB+Muon,140,8.360993,0.000210,2.495746
fineweb,3407,RLB+Muon,150,8.169277,0.000225,2.552748
fineweb,3407,RLB+Muon,160,8.043364,0.000240,2.503281
fineweb,3407,RLB+Muon,170,7.937095,0.000255,2.503720
fineweb,3407,RLB+Muon,180,7.808410,0.000270,2.480861
fineweb,3407,RLB+Muon,190,7.667063,0.000285,2.568220
fineweb,3407,RLB+Muon,200,7.582263,0.000300,2.436299
fineweb,3407,RLB+Muon,210,7.460991,0.000300,2.487352
fineweb,3407,RLB+Muon,220,7.396672,0.000300,2.505586
fineweb,3407,RLB+Muon,230,7.269543,0.000300,2.547675
fineweb,3407,RLB+Muon,240,7.227932,0.000300,2.490582
fineweb,3407,RLB+Muon,250,7.141653,0.000300,2.469299
fineweb,3407,RLB+Muon,260,7.075998,0.000300,2.490747
fineweb,3407,RLB+Muon,270,6.964366,0.000300,2.555350
fineweb,3407,RLB+Muon,280,6.937441,0.000299,2.520148
fineweb,3407,RLB+Muon,290,6.876113,0.000299,2.489111
fineweb,3407,RLB+Muon,300,6.823213,0.000299,2.498688
fineweb,3407,RLB+Muon,310,6.770300,0.000299,2.541623
fineweb,3407,RLB+Muon,320,6.700467,0.000299,2.499369
fineweb,3407,RLB+Muon,330,6.677754,0.000299,2.486968
fineweb,3407,RLB+Muon,340,6.587433,0.000298,2.508395
fineweb,3407,RLB+Muon,350,6.544828,0.000298,2.495071
fineweb,3407,RLB+Muon,360,6.490539,0.000298,2.496160
fineweb,3407,RLB+Muon,370,6.443682,0.000298,2.499271
fineweb,3407,RLB+Muon,380,6.404887,0.000297,2.519509
fineweb,3407,RLB+Muon,390,6.342025,0.000297,2.518151
fineweb,3407,RLB+Muon,400,6.317804,0.000297,2.464797
fineweb,3407,RLB+Muon,410,6.275120,0.000296,2.514025
fineweb,3407,RLB+Muon,420,6.255826,0.000296,2.560869
fineweb,3407,RLB+Muon,430,6.201377,0.000296,2.522314
fineweb,3407,RLB+Muon,440,6.137985,0.000295,2.486369
fineweb,3407,RLB+Muon,450,6.119429,0.000295,2.530569
fineweb,3407,RLB+Muon,460,6.049534,0.000295,2.544033
fineweb,3407,RLB+Muon,470,6.073613,0.000294,2.495860
fineweb,3407,RLB+Muon,480,6.036079,0.000294,2.445702
fineweb,3407,RLB+Muon,490,6.009165,0.000293,2.492833
fineweb,3407,RLB+Muon,500,5.967429,0.000293,2.465744
fineweb,3407,RLB+Muon,510,5.902744,0.000292,2.489010
fineweb,3407,RLB+Muon,520,5.903091,0.000292,2.506610
fineweb,3407,RLB+Muon,530,5.868279,0.000291,2.505541
fineweb,3407,RLB+Muon,540,5.862647,0.000291,2.498722
fineweb,3407,RLB+Muon,550,5.812793,0.000290,2.487570
fineweb,3407,RLB+Muon,560,5.805398,0.000290,2.477409
fineweb,3407,RLB+Muon,570,5.809115,0.000289,2.460832
fineweb,3407,RLB+Muon,580,5.751115,0.000288,2.535842
fineweb,3407,RLB+Muon,590,5.727902,0.000288,2.449930
fineweb,3407,RLB+Muon,600,5.721520,0.000287,2.497732
fineweb,3407,RLB+Muon,610,5.729370,0.000287,2.548494
fineweb,3407,RLB+Muon,620,5.695037,0.000286,2.446856
fineweb,3407,RLB+Muon,630,5.658374,0.000285,2.533135
fineweb,3407,RLB+Muon,640,5.636782,0.000284,2.486033
fineweb,3407,RLB+Muon,650,5.616366,0.000284,2.481356
fineweb,3407,RLB+Muon,660,5.572465,0.000283,2.533769
fineweb,3407,RLB+Muon,670,5.565856,0.000282,2.500889
fineweb,3407,RLB+Muon,680,5.560939,0.000282,2.484850
fineweb,3407,RLB+Muon,690,5.546380,0.000281,2.515260
fineweb,3407,RLB+Muon,700,5.524817,0.000280,2.518117
fineweb,3407,RLB+Muon,710,5.468525,0.000279,2.489673
fineweb,3407,RLB+Muon,720,5.495898,0.000279,2.484625
fineweb,3407,RLB+Muon,730,5.468058,0.000278,2.475234
fineweb,3407,RLB+Muon,740,5.448284,0.000277,2.497761
fineweb,3407,RLB+Muon,750,5.431952,0.000276,2.479995
fineweb,3407,RLB+Muon,760,5.419851,0.000275,2.528461
fineweb,3407,RLB+Muon,770,5.405346,0.000274,2.505895
fineweb,3407,RLB+Muon,780,5.392448,0.000273,2.555249
fineweb,3407,RLB+Muon,790,5.389056,0.000273,2.495832
fineweb,3407,RLB+Muon,800,5.414017,0.000272,2.528163
fineweb,3407,RLB+Muon,810,5.370561,0.000271,2.453077
fineweb,3407,RLB+Muon,820,5.352079,0.000270,2.531514
fineweb,3407,RLB+Muon,830,5.333444,0.000269,2.531837
fineweb,3407,RLB+Muon,840,5.334631,0.000268,2.507554
fineweb,3407,RLB+Muon,850,5.310282,0.000267,2.525834
fineweb,3407,RLB+Muon,860,5.334195,0.000266,2.462705
fineweb,3407,RLB+Muon,870,5.270490,0.000265,2.451840
fineweb,3407,RLB+Muon,880,5.258811,0.000264,2.474464
fineweb,3407,RLB+Muon,890,5.287625,0.000263,2.393736
fineweb,3407,RLB+Muon,900,5.240580,0.000262,2.408969
fineweb,3407,RLB+Muon,910,5.243245,0.000261,2.385634
fineweb,3407,RLB+Muon,920,5.202157,0.000260,2.422766
fineweb,3407,RLB+Muon,930,5.197274,0.000259,2.324133
fineweb,3407,RLB+Muon,940,5.229984,0.000258,2.395797
fineweb,3407,RLB+Muon,950,5.186392,0.000257,2.372081
fineweb,3407,RLB+Muon,960,5.181217,0.000255,2.462835
fineweb,3407,RLB+Muon,970,5.209877,0.000254,2.446732
fineweb,3407,RLB+Muon,980,5.168224,0.000253,2.415391
fineweb,3407,RLB+Muon,990,5.154744,0.000252,2.438677
fineweb,3407,RLB+Muon,1000,5.139868,0.000251,2.502855
fineweb,3407,RLB+Muon,1010,5.124320,0.000250,2.367833
fineweb,3407,RLB+Muon,1020,5.137003,0.000249,2.523088
fineweb,3407,RLB+Muon,1030,5.122403,0.000247,2.428242
fineweb,3407,RLB+Muon,1040,5.088502,0.000246,2.460628
fineweb,3407,RLB+Muon,1050,5.130939,0.000245,2.476518
fineweb,3407,RLB+Muon,1060,5.113989,0.000244,2.480037
fineweb,3407,RLB+Muon,1070,5.077916,0.000243,2.468391
fineweb,3407,RLB+Muon,1080,5.037235,0.000241,2.525116
fineweb,3407,RLB+Muon,1090,5.071894,0.000240,2.550948
fineweb,3407,RLB+Muon,1100,5.076126,0.000239,2.513051
fineweb,3407,RLB+Muon,1110,5.047301,0.000238,2.451882
fineweb,3407,RLB+Muon,1120,5.056946,0.000236,2.513142
fineweb,3407,RLB+Muon,1130,5.024449,0.000235,2.486277
fineweb,3407,RLB+Muon,1140,5.035969,0.000234,2.501229
fineweb,3407,RLB+Muon,1150,5.005340,0.000233,2.514351
fineweb,3407,RLB+Muon,1160,4.991869,0.000231,2.503395
fineweb,3407,RLB+Muon,1170,4.964690,0.000230,2.473579
fineweb,3407,RLB+Muon,1180,4.994710,0.000229,2.517358
fineweb,3407,RLB+Muon,1190,4.981717,0.000227,2.448156
fineweb,3407,RLB+Muon,1200,4.961947,0.000226,2.538624
fineweb,3407,RLB+Muon,1210,4.961019,0.000225,2.510627
fineweb,3407,RLB+Muon,1220,4.961995,0.000223,2.574651
fineweb,3407,RLB+Muon,1230,4.931644,0.000222,2.489697
fineweb,3407,RLB+Muon,1240,4.960449,0.000221,2.510688
fineweb,3407,RLB+Muon,1250,4.960224,0.000219,2.496100
fineweb,3407,RLB+Muon,1260,4.918201,0.000218,2.447869
fineweb,3407,RLB+Muon,1270,4.926251,0.000217,2.540116
fineweb,3407,RLB+Muon,1280,4.921755,0.000215,2.554983
fineweb,3407,RLB+Muon,1290,4.906587,0.000214,2.468794
fineweb,3407,RLB+Muon,1300,4.916809,0.000212,2.396520
fineweb,3407,RLB+Muon,1310,4.934327,0.000211,2.485514
fineweb,3407,RLB+Muon,1320,4.895690,0.000210,2.528009
fineweb,3407,RLB+Muon,1330,4.910177,0.000208,2.506062
fineweb,3407,RLB+Muon,1340,4.865499,0.000207,2.485993
fineweb,3407,RLB+Muon,1350,4.848737,0.000205,2.499434
fineweb,3407,RLB+Muon,1360,4.900641,0.000204,2.560134
fineweb,3407,RLB+Muon,1370,4.873920,0.000203,2.529582
fineweb,3407,RLB+Muon,1380,4.851520,0.000201,2.445010
fineweb,3407,RLB+Muon,1390,4.830101,0.000200,2.525953
fineweb,3407,RLB+Muon,1400,4.841879,0.000198,2.458389
fineweb,3407,RLB+Muon,1410,4.833078,0.000197,2.409569
fineweb,3407,RLB+Muon,1420,4.836095,0.000195,2.473172
fineweb,3407,RLB+Muon,1430,4.823923,0.000194,2.470817
fineweb,3407,RLB+Muon,1440,4.825629,0.000192,2.504122
fineweb,3407,RLB+Muon,1450,4.817892,0.000191,2.551843
fineweb,3407,RLB+Muon,1460,4.807167,0.000190,2.538054
fineweb,3407,RLB+Muon,1470,4.807795,0.000188,2.526240
fineweb,3407,RLB+Muon,1480,4.810285,0.000187,2.503194
fineweb,3407,RLB+Muon,1490,4.790407,0.000185,2.535227
fineweb,3407,RLB+Muon,1500,4.782149,0.000184,2.494429
fineweb,3407,RLB+Muon,1510,4.765145,0.000182,2.501063
fineweb,3407,RLB+Muon,1520,4.744415,0.000181,2.421435
fineweb,3407,RLB+Muon,1530,4.778897,0.000179,2.464127
fineweb,3407,RLB+Muon,1540,4.744873,0.000178,2.560075
fineweb,3407,RLB+Muon,1550,4.781199,0.000176,2.518011
fineweb,3407,RLB+Muon,1560,4.758175,0.000175,2.467166
fineweb,3407,RLB+Muon,1570,4.747654,0.000173,2.558357
fineweb,3407,RLB+Muon,1580,4.760474,0.000172,2.555845
fineweb,3407,RLB+Muon,1590,4.754634,0.000170,2.470416
fineweb,3407,RLB+Muon,1600,4.756839,0.000169,2.424024
fineweb,3407,RLB+Muon,1610,4.749504,0.000167,2.494090
fineweb,3407,RLB+Muon,1620,4.720776,0.000166,2.528947
fineweb,3407,RLB+Muon,1630,4.713096,0.000164,2.517896
fineweb,3407,RLB+Muon,1640,4.744924,0.000163,2.489522
fineweb,3407,RLB+Muon,1650,4.655584,0.000161,2.507641
fineweb,3407,RLB+Muon,1660,4.723717,0.000160,2.506778
fineweb,3407,RLB+Muon,1670,4.692819,0.000158,2.517854
fineweb,3407,RLB+Muon,1680,4.695486,0.000157,2.477935
fineweb,3407,RLB+Muon,1690,4.702423,0.000155,2.505639
fineweb,3407,RLB+Muon,1700,4.661920,0.000154,2.500755
fineweb,3407,RLB+Muon,1710,4.683906,0.000153,2.547606
fineweb,3407,RLB+Muon,1720,4.675728,0.000151,2.535113
fineweb,3407,RLB+Muon,1730,4.659027,0.000150,2.534559
fineweb,3407,RLB+Muon,1740,4.699628,0.000148,2.535901
fineweb,3407,RLB+Muon,1750,4.686028,0.000147,2.487291
fineweb,3407,RLB+Muon,1760,4.669545,0.000145,2.472730
fineweb,3407,RLB+Muon,1770,4.643545,0.000144,2.530179
fineweb,3407,RLB+Muon,1780,4.627972,0.000142,2.560305
fineweb,3407,RLB+Muon,1790,4.641729,0.000141,2.481109
fineweb,3407,RLB+Muon,1800,4.669862,0.000139,2.536299
fineweb,3407,RLB+Muon,1810,4.667185,0.000138,2.485163
fineweb,3407,RLB+Muon,1820,4.622450,0.000136,2.496100
fineweb,3407,RLB+Muon,1830,4.648721,0.000135,2.431991
fineweb,3407,RLB+Muon,1840,4.643361,0.000133,2.487710
fineweb,3407,RLB+Muon,1850,4.629963,0.000132,2.524393
fineweb,3407,RLB+Muon,1860,4.592919,0.000131,2.462013
fineweb,3407,RLB+Muon,1870,4.614521,0.000129,2.404773
fineweb,3407,RLB+Muon,1880,4.618341,0.000128,2.475129
fineweb,3407,RLB+Muon,1890,4.604056,0.000126,2.515042
fineweb,3407,RLB+Muon,1900,4.618126,0.000125,2.459464
fineweb,3407,RLB+Muon,1910,4.604652,0.000123,2.471488
fineweb,3407,RLB+Muon,1920,4.594965,0.000122,2.509539
fineweb,3407,RLB+Muon,1930,4.617985,0.000121,2.512981
fineweb,3407,RLB+Muon,1940,4.592666,0.000119,2.500391
fineweb,3407,RLB+Muon,1950,4.590281,0.000118,2.480923
fineweb,3407,RLB+Muon,1960,4.585215,0.000116,2.509861
fineweb,3407,RLB+Muon,1970,4.564585,0.000115,2.533358
fineweb,3407,RLB+Muon,1980,4.574656,0.000114,2.506648
fineweb,3407,RLB+Muon,1990,4.581845,0.000112,2.492912
fineweb,3407,RLB+Muon,2000,4.563783,0.000111,2.494812
fineweb,3407,RLB+Muon,2010,4.588737,0.000110,2.502279
fineweb,3407,RLB+Muon,2020,4.587654,0.000108,2.482720
fineweb,3407,RLB+Muon,2030,4.561421,0.000107,2.380629
fineweb,3407,RLB+Muon,2040,4.559021,0.000106,2.522695
fineweb,3407,RLB+Muon,2050,4.554479,0.000104,2.497977
fineweb,3407,RLB+Muon,2060,4.585864,0.000103,2.507271
fineweb,3407,RLB+Muon,2070,4.532798,0.000102,2.490509
fineweb,3407,RLB+Muon,2080,4.541932,0.000100,2.528776
fineweb,3407,RLB+Muon,2090,4.568194,0.000099,2.505537
fineweb,3407,RLB+Muon,2100,4.552839,0.000098,2.492636
fineweb,3407,RLB+Muon,2110,4.532601,0.000096,2.506216
fineweb,3407,RLB+Muon,2120,4.545751,0.000095,2.524645
fineweb,3407,RLB+Muon,2130,4.512796,0.000094,2.512778
fineweb,3407,RLB+Muon,2140,4.531275,0.000093,2.505632
fineweb,3407,RLB+Muon,2150,4.514673,0.000091,2.528104
fineweb,3407,RLB+Muon,2160,4.481606,0.000090,2.527502
fineweb,3407,RLB+Muon,2170,4.553429,0.000089,2.498838
fineweb,3407,RLB+Muon,2180,4.499492,0.000088,2.503906
fineweb,3407,RLB+Muon,2190,4.528226,0.000086,2.517798
fineweb,3407,RLB+Muon,2200,4.514536,0.000085,2.520615
fineweb,3407,RLB+Muon,2210,4.525905,0.000084,2.505173
fineweb,3407,RLB+Muon,2220,4.474521,0.000083,2.504087
fineweb,3407,RLB+Muon,2230,4.538544,0.000082,2.517171
fineweb,3407,RLB+Muon,2240,4.518731,0.000080,2.500789
fineweb,3407,RLB+Muon,2250,4.505469,0.000079,2.524794
fineweb,3407,RLB+Muon,2260,4.507268,0.000078,2.485579
fineweb,3407,RLB+Muon,2270,4.480678,0.000077,2.453870
fineweb,3407,RLB+Muon,2280,4.491191,0.000076,2.417248
fineweb,3407,RLB+Muon,2290,4.531660,0.000075,2.495015
fineweb,3407,RLB+Muon,2300,4.493343,0.000074,2.454987
fineweb,3407,RLB+Muon,2310,4.478865,0.000073,2.426752
fineweb,3407,RLB+Muon,2320,4.465242,0.000072,2.476062
fineweb,3407,RLB+Muon,2330,4.459032,0.000070,2.473705
fineweb,3407,RLB+Muon,2340,4.480660,0.000069,2.516447
fineweb,3407,RLB+Muon,2350,4.483760,0.000068,2.514359
fineweb,3407,RLB+Muon,2360,4.479717,0.000067,2.525187
fineweb,3407,RLB+Muon,2370,4.466837,0.000066,2.497684
fineweb,3407,RLB+Muon,2380,4.475713,0.000065,2.491683
fineweb,3407,RLB+Muon,2390,4.446649,0.000064,2.500063
fineweb,3407,RLB+Muon,2400,4.434121,0.000063,2.489892
fineweb,3407,RLB+Muon,2410,4.476048,0.000062,2.495401
fineweb,3407,RLB+Muon,2420,4.479342,0.000061,2.492268
fineweb,3407,RLB+Muon,2430,4.498337,0.000060,2.505789
fineweb,3407,RLB+Muon,2440,4.474354,0.000059,2.498344
fineweb,3407,RLB+Muon,2450,4.446715,0.000059,2.513294
fineweb,3407,RLB+Muon,2460,4.478210,0.000058,2.512537
fineweb,3407,RLB+Muon,2470,4.460913,0.000057,2.515837
fineweb,3407,RLB+Muon,2480,4.445023,0.000056,2.474926
fineweb,3407,RLB+Muon,2490,4.451443,0.000055,2.407396
fineweb,3407,RLB+Muon,2500,4.453378,0.000054,2.486778
fineweb,3407,RLB+Muon,2510,4.442378,0.000053,2.413547
fineweb,3407,RLB+Muon,2520,4.428054,0.000052,2.298455
fineweb,3407,RLB+Muon,2530,4.468004,0.000052,2.512025
fineweb,3407,RLB+Muon,2540,4.442643,0.000051,2.493433
fineweb,3407,RLB+Muon,2550,4.435290,0.000050,2.487449
fineweb,3407,RLB+Muon,2560,4.449163,0.000049,2.489186
fineweb,3407,RLB+Muon,2570,4.441199,0.000049,2.511868
fineweb,3407,RLB+Muon,2580,4.456972,0.000048,2.486387
fineweb,3407,RLB+Muon,2590,4.442152,0.000047,2.476574
fineweb,3407,RLB+Muon,2600,4.443132,0.000046,2.497746
fineweb,3407,RLB+Muon,2610,4.453503,0.000046,2.447438
fineweb,3407,RLB+Muon,2620,4.423547,0.000045,2.520299
fineweb,3407,RLB+Muon,2630,4.437367,0.000044,2.434818
fineweb,3407,RLB+Muon,2640,4.418412,0.000044,2.499127
fineweb,3407,RLB+Muon,2650,4.425610,0.000043,2.492168
fineweb,3407,RLB+Muon,2660,4.423067,0.000042,2.475708
fineweb,3407,RLB+Muon,2670,4.412349,0.000042,2.483379
fineweb,3407,RLB+Muon,2680,4.386355,0.000041,2.504127
fineweb,3407,RLB+Muon,2690,4.407036,0.000041,2.507143
fineweb,3407,RLB+Muon,2700,4.416368,0.000040,2.503767
fineweb,3407,RLB+Muon,2710,4.417587,0.000039,2.472951
fineweb,3407,RLB+Muon,2720,4.432665,0.000039,2.466622
fineweb,3407,RLB+Muon,2730,4.466777,0.000038,2.413334
fineweb,3407,RLB+Muon,2740,4.412687,0.000038,2.500845
fineweb,3407,RLB+Muon,2750,4.411469,0.000037,2.496184
fineweb,3407,RLB+Muon,2760,4.412015,0.000037,2.412329
fineweb,3407,RLB+Muon,2770,4.421198,0.000036,2.377306
fineweb,3407,RLB+Muon,2780,4.407121,0.000036,2.526648
fineweb,3407,RLB+Muon,2790,4.411724,0.000036,2.499463
fineweb,3407,RLB+Muon,2800,4.395617,0.000035,2.518323
fineweb,3407,RLB+Muon,2810,4.441637,0.000035,2.494642
fineweb,3407,RLB+Muon,2820,4.419627,0.000034,2.499291
fineweb,3407,RLB+Muon,2830,4.379301,0.000034,2.456205
fineweb,3407,RLB+Muon,2840,4.404603,0.000034,2.513713
fineweb,3407,RLB+Muon,2850,4.423314,0.000033,2.494069
fineweb,3407,RLB+Muon,2860,4.422485,0.000033,2.484346
fineweb,3407,RLB+Muon,2870,4.398530,0.000033,2.524722
fineweb,3407,RLB+Muon,2880,4.399840,0.000032,2.487847
fineweb,3407,RLB+Muon,2890,4.407629,0.000032,2.496861
fineweb,3407,RLB+Muon,2900,4.442203,0.000032,2.484865
fineweb,3407,RLB+Muon,2910,4.403320,0.000032,2.479643
fineweb,3407,RLB+Muon,2920,4.430735,0.000031,2.524091
fineweb,3407,RLB+Muon,2930,4.387769,0.000031,2.458048
fineweb,3407,RLB+Muon,2940,4.421133,0.000031,2.508219
fineweb,3407,RLB+Muon,2950,4.435696,0.000031,2.508555
fineweb,3407,RLB+Muon,2960,4.390115,0.000031,2.479441
fineweb,3407,RLB+Muon,2970,4.406971,0.000031,2.503666
fineweb,3407,RLB+Muon,2980,4.409852,0.000030,2.488215
fineweb,3407,RLB+Muon,2990,4.390696,0.000030,2.487511
fineweb,3407,RLB+Muon,3000,4.417014,0.000030,2.463823
fineweb,3407,RLB+Muon,3010,4.410880,0.000030,2.468445
fineweb,3407,RLB+Muon,3020,4.384426,0.000030,2.382328
fineweb,3407,RLB+Muon,3030,4.376381,0.000030,2.420742
fineweb,3407,RLB+Muon,3040,4.395709,0.000030,2.480207
fineweb,3407,RLB+Muon,3050,4.385441,0.000030,2.485561
fineweb,3407,RLB+MatrixPolicy (group-stat),1,10.990993,0.000001,4.443103
fineweb,3407,RLB+MatrixPolicy (group-stat),10,10.463193,0.000015,2.695730
fineweb,3407,RLB+MatrixPolicy (group-stat),20,9.741810,0.000030,2.485287
fineweb,3407,RLB+MatrixPolicy (group-stat),30,9.463567,0.000045,2.473537
fineweb,3407,RLB+MatrixPolicy (group-stat),40,9.072666,0.000060,2.462953
fineweb,3407,RLB+MatrixPolicy (group-stat),50,8.574256,0.000075,2.450337
fineweb,3407,RLB+MatrixPolicy (group-stat),60,8.072199,0.000090,2.521404
fineweb,3407,RLB+MatrixPolicy (group-stat),70,7.653930,0.000105,2.533459
fineweb,3407,RLB+MatrixPolicy (group-stat),80,7.416706,0.000120,2.516381
fineweb,3407,RLB+MatrixPolicy (group-stat),90,7.267041,0.000135,2.540103
fineweb,3407,RLB+MatrixPolicy (group-stat),100,7.144891,0.000150,2.534426
fineweb,3407,RLB+MatrixPolicy (group-stat),110,7.008650,0.000165,2.527528
fineweb,3407,RLB+MatrixPolicy (group-stat),120,6.913416,0.000180,2.481719
fineweb,3407,RLB+MatrixPolicy (group-stat),130,6.795090,0.000195,2.516034
fineweb,3407,RLB+MatrixPolicy (group-stat),140,6.686292,0.000210,2.466048
fineweb,3407,RLB+MatrixPolicy (group-stat),150,6.571678,0.000225,2.435764
fineweb,3407,RLB+MatrixPolicy (group-stat),160,6.541321,0.000240,2.501688
fineweb,3407,RLB+MatrixPolicy (group-stat),170,6.493676,0.000255,2.500599
fineweb,3407,RLB+MatrixPolicy (group-stat),180,6.432730,0.000270,2.527301
fineweb,3407,RLB+MatrixPolicy (group-stat),190,6.332121,0.000285,2.370622
fineweb,3407,RLB+MatrixPolicy (group-stat),200,6.306774,0.000300,2.456157
fineweb,3407,RLB+MatrixPolicy (group-stat),210,6.221835,0.000300,2.503723
fineweb,3407,RLB+MatrixPolicy (group-stat),220,6.196561,0.000300,2.540106
fineweb,3407,RLB+MatrixPolicy (group-stat),230,6.111431,0.000300,2.441958
fineweb,3407,RLB+MatrixPolicy (group-stat),240,6.092807,0.000300,2.369774
fineweb,3407,RLB+MatrixPolicy (group-stat),250,6.043803,0.000300,2.487599
fineweb,3407,RLB+MatrixPolicy (group-stat),260,5.998435,0.000300,2.485951
fineweb,3407,RLB+MatrixPolicy (group-stat),270,5.922544,0.000300,2.510343
fineweb,3407,RLB+MatrixPolicy (group-stat),280,5.913203,0.000299,2.472268
fineweb,3407,RLB+MatrixPolicy (group-stat),290,5.879407,0.000299,2.530229
fineweb,3407,RLB+MatrixPolicy (group-stat),300,5.844643,0.000299,2.469548
fineweb,3407,RLB+MatrixPolicy (group-stat),310,5.817189,0.000299,2.412731
fineweb,3407,RLB+MatrixPolicy (group-stat),320,5.775698,0.000299,2.455801
fineweb,3407,RLB+MatrixPolicy (group-stat),330,5.775514,0.000299,2.498696
fineweb,3407,RLB+MatrixPolicy (group-stat),340,5.704884,0.000298,2.530630
fineweb,3407,RLB+MatrixPolicy (group-stat),350,5.690985,0.000298,2.548324
fineweb,3407,RLB+MatrixPolicy (group-stat),360,5.670954,0.000298,2.479401
fineweb,3407,RLB+MatrixPolicy (group-stat),370,5.642103,0.000298,2.512839
fineweb,3407,RLB+MatrixPolicy (group-stat),380,5.624228,0.000297,2.476649
fineweb,3407,RLB+MatrixPolicy (group-stat),390,5.591777,0.000297,2.527014
fineweb,3407,RLB+MatrixPolicy (group-stat),400,5.579563,0.000297,2.500235
fineweb,3407,RLB+MatrixPolicy (group-stat),410,5.561012,0.000296,2.502403
fineweb,3407,RLB+MatrixPolicy (group-stat),420,5.557983,0.000296,2.557584
fineweb,3407,RLB+MatrixPolicy (group-stat),430,5.528117,0.000296,2.282039
fineweb,3407,RLB+MatrixPolicy (group-stat),440,5.482816,0.000295,2.421341
fineweb,3407,RLB+MatrixPolicy (group-stat),450,5.481137,0.000295,2.489256
fineweb,3407,RLB+MatrixPolicy (group-stat),460,5.426537,0.000295,2.492738
fineweb,3407,RLB+MatrixPolicy (group-stat),470,5.463913,0.000294,2.427774
fineweb,3407,RLB+MatrixPolicy (group-stat),480,5.442335,0.000294,2.352329
fineweb,3407,RLB+MatrixPolicy (group-stat),490,5.430792,0.000293,2.373117
fineweb,3407,RLB+MatrixPolicy (group-stat),500,5.396496,0.000293,2.558107
fineweb,3407,RLB+MatrixPolicy (group-stat),510,5.351126,0.000292,2.488812
fineweb,3407,RLB+MatrixPolicy (group-stat),520,5.366971,0.000292,2.451364
fineweb,3407,RLB+MatrixPolicy (group-stat),530,5.340349,0.000291,2.479901
fineweb,3407,RLB+MatrixPolicy (group-stat),540,5.339789,0.000291,2.457503
fineweb,3407,RLB+MatrixPolicy (group-stat),550,5.305306,0.000290,2.512677
fineweb,3407,RLB+MatrixPolicy (group-stat),560,5.303974,0.000290,2.547726
fineweb,3407,RLB+MatrixPolicy (group-stat),570,5.314660,0.000289,2.522853
fineweb,3407,RLB+MatrixPolicy (group-stat),580,5.272869,0.000288,2.541922
fineweb,3407,RLB+MatrixPolicy (group-stat),590,5.252045,0.000288,2.438082
fineweb,3407,RLB+MatrixPolicy (group-stat),600,5.254081,0.000287,2.531733
fineweb,3407,RLB+MatrixPolicy (group-stat),610,5.261558,0.000287,2.482578
fineweb,3407,RLB+MatrixPolicy (group-stat),620,5.240360,0.000286,2.468199
fineweb,3407,RLB+MatrixPolicy (group-stat),630,5.213641,0.000285,2.431755
fineweb,3407,RLB+MatrixPolicy (group-stat),640,5.202747,0.000284,2.523427
fineweb,3407,RLB+MatrixPolicy (group-stat),650,5.187589,0.000284,2.509474
fineweb,3407,RLB+MatrixPolicy (group-stat),660,5.156485,0.000283,2.489562
fineweb,3407,RLB+MatrixPolicy (group-stat),670,5.157438,0.000282,2.509610
fineweb,3407,RLB+MatrixPolicy (group-stat),680,5.153159,0.000282,2.520209
fineweb,3407,RLB+MatrixPolicy (group-stat),690,5.141587,0.000281,2.550643
fineweb,3407,RLB+MatrixPolicy (group-stat),700,5.128279,0.000280,2.471795
fineweb,3407,RLB+MatrixPolicy (group-stat),710,5.083569,0.000279,2.530606
fineweb,3407,RLB+MatrixPolicy (group-stat),720,5.115197,0.000279,2.498477
fineweb,3407,RLB+MatrixPolicy (group-stat),730,5.092683,0.000278,2.343246
fineweb,3407,RLB+MatrixPolicy (group-stat),740,5.081159,0.000277,2.476267
fineweb,3407,RLB+MatrixPolicy (group-stat),750,5.072195,0.000276,2.505196
fineweb,3407,RLB+MatrixPolicy (group-stat),760,5.061757,0.000275,2.504927
fineweb,3407,RLB+MatrixPolicy (group-stat),770,5.058191,0.000274,2.509939
fineweb,3407,RLB+MatrixPolicy (group-stat),780,5.043325,0.000273,2.417983
fineweb,3407,RLB+MatrixPolicy (group-stat),790,5.046625,0.000273,2.506985
fineweb,3407,RLB+MatrixPolicy (group-stat),800,5.076578,0.000272,2.547572
fineweb,3407,RLB+MatrixPolicy (group-stat),810,5.044091,0.000271,2.521548
fineweb,3407,RLB+MatrixPolicy (group-stat),820,5.028809,0.000270,2.524154
fineweb,3407,RLB+MatrixPolicy (group-stat),830,5.018419,0.000269,2.483474
fineweb,3407,RLB+MatrixPolicy (group-stat),840,5.027302,0.000268,2.506517
fineweb,3407,RLB+MatrixPolicy (group-stat),850,5.009909,0.000267,2.525562
fineweb,3407,RLB+MatrixPolicy (group-stat),860,5.027430,0.000266,2.527031
fineweb,3407,RLB+MatrixPolicy (group-stat),870,4.980110,0.000265,2.511863
fineweb,3407,RLB+MatrixPolicy (group-stat),880,4.977091,0.000264,2.529665
fineweb,3407,RLB+MatrixPolicy (group-stat),890,5.004009,0.000263,2.530522
fineweb,3407,RLB+MatrixPolicy (group-stat),900,4.958120,0.000262,2.501020
fineweb,3407,RLB+MatrixPolicy (group-stat),910,4.966159,0.000261,2.510445
fineweb,3407,RLB+MatrixPolicy (group-stat),920,4.928384,0.000260,2.495241
fineweb,3407,RLB+MatrixPolicy (group-stat),930,4.929499,0.000259,2.359236
fineweb,3407,RLB+MatrixPolicy (group-stat),940,4.956933,0.000258,2.497120
fineweb,3407,RLB+MatrixPolicy (group-stat),950,4.919286,0.000257,2.543185
fineweb,3407,RLB+MatrixPolicy (group-stat),960,4.918345,0.000255,2.421689
fineweb,3407,RLB+MatrixPolicy (group-stat),970,4.942040,0.000254,2.372425
fineweb,3407,RLB+MatrixPolicy (group-stat),980,4.905095,0.000253,2.494901
fineweb,3407,RLB+MatrixPolicy (group-stat),990,4.900482,0.000252,2.534659
fineweb,3407,RLB+MatrixPolicy (group-stat),1000,4.880217,0.000251,2.550202
fineweb,3407,RLB+MatrixPolicy (group-stat),1010,4.867702,0.000250,2.528617
fineweb,3407,RLB+MatrixPolicy (group-stat),1020,4.877015,0.000249,2.523288
fineweb,3407,RLB+MatrixPolicy (group-stat),1030,4.875918,0.000247,2.510565
fineweb,3407,RLB+MatrixPolicy (group-stat),1040,4.840538,0.000246,2.527488
fineweb,3407,RLB+MatrixPolicy (group-stat),1050,4.876331,0.000245,2.528500
fineweb,3407,RLB+MatrixPolicy (group-stat),1060,4.858712,0.000244,2.536541
fineweb,3407,RLB+MatrixPolicy (group-stat),1070,4.827773,0.000243,2.421533
fineweb,3407,RLB+MatrixPolicy (group-stat),1080,4.798083,0.000241,2.537864
fineweb,3407,RLB+MatrixPolicy (group-stat),1090,4.823078,0.000240,2.512229
fineweb,3407,RLB+MatrixPolicy (group-stat),1100,4.832414,0.000239,2.481706
fineweb,3407,RLB+MatrixPolicy (group-stat),1110,4.795881,0.000238,2.534800
fineweb,3407,RLB+MatrixPolicy (group-stat),1120,4.813147,0.000236,2.490019
fineweb,3407,RLB+MatrixPolicy (group-stat),1130,4.779951,0.000235,2.504398
fineweb,3407,RLB+MatrixPolicy (group-stat),1140,4.789408,0.000234,2.526000
fineweb,3407,RLB+MatrixPolicy (group-stat),1150,4.756664,0.000233,2.547819
fineweb,3407,RLB+MatrixPolicy (group-stat),1160,4.753798,0.000231,2.527970
fineweb,3407,RLB+MatrixPolicy (group-stat),1170,4.734046,0.000230,2.436487
fineweb,3407,RLB+MatrixPolicy (group-stat),1180,4.750885,0.000229,2.502010
fineweb,3407,RLB+MatrixPolicy (group-stat),1190,4.729773,0.000227,2.476550
fineweb,3407,RLB+MatrixPolicy (group-stat),1200,4.719542,0.000226,2.453694
fineweb,3407,RLB+MatrixPolicy (group-stat),1210,4.729157,0.000225,2.352064
fineweb,3407,RLB+MatrixPolicy (group-stat),1220,4.717200,0.000223,2.527558
fineweb,3407,RLB+MatrixPolicy (group-stat),1230,4.692660,0.000222,2.515601
fineweb,3407,RLB+MatrixPolicy (group-stat),1240,4.726162,0.000221,2.543680
fineweb,3407,RLB+MatrixPolicy (group-stat),1250,4.721591,0.000219,2.475903
fineweb,3407,RLB+MatrixPolicy (group-stat),1260,4.676961,0.000218,2.489515
fineweb,3407,RLB+MatrixPolicy (group-stat),1270,4.688048,0.000217,2.536835
fineweb,3407,RLB+MatrixPolicy (group-stat),1280,4.680048,0.000215,2.507653
fineweb,3407,RLB+MatrixPolicy (group-stat),1290,4.669054,0.000214,2.534908
fineweb,3407,RLB+MatrixPolicy (group-stat),1300,4.679402,0.000212,2.475672
fineweb,3407,RLB+MatrixPolicy (group-stat),1310,4.694238,0.000211,2.460902
fineweb,3407,RLB+MatrixPolicy (group-stat),1320,4.661717,0.000210,2.442487
fineweb,3407,RLB+MatrixPolicy (group-stat),1330,4.675128,0.000208,2.465479
fineweb,3407,RLB+MatrixPolicy (group-stat),1340,4.639517,0.000207,2.422071
fineweb,3407,RLB+MatrixPolicy (group-stat),1350,4.618474,0.000205,2.447315
fineweb,3407,RLB+MatrixPolicy (group-stat),1360,4.662190,0.000204,2.539179
fineweb,3407,RLB+MatrixPolicy (group-stat),1370,4.634396,0.000203,2.529196
fineweb,3407,RLB+MatrixPolicy (group-stat),1380,4.618539,0.000201,2.522046
fineweb,3407,RLB+MatrixPolicy (group-stat),1390,4.600648,0.000200,2.498674
fineweb,3407,RLB+MatrixPolicy (group-stat),1400,4.612484,0.000198,2.549010
fineweb,3407,RLB+MatrixPolicy (group-stat),1410,4.607625,0.000197,2.532819
fineweb,3407,RLB+MatrixPolicy (group-stat),1420,4.610855,0.000195,2.471607
fineweb,3407,RLB+MatrixPolicy (group-stat),1430,4.595052,0.000194,2.515879
fineweb,3407,RLB+MatrixPolicy (group-stat),1440,4.601407,0.000192,2.543092
fineweb,3407,RLB+MatrixPolicy (group-stat),1450,4.593516,0.000191,2.493388
fineweb,3407,RLB+MatrixPolicy (group-stat),1460,4.583093,0.000190,2.430415
fineweb,3407,RLB+MatrixPolicy (group-stat),1470,4.582659,0.000188,2.288483
fineweb,3407,RLB+MatrixPolicy (group-stat),1480,4.584393,0.000187,2.464944
fineweb,3407,RLB+MatrixPolicy (group-stat),1490,4.561819,0.000185,2.493593
fineweb,3407,RLB+MatrixPolicy (group-stat),1500,4.557761,0.000184,2.438392
fineweb,3407,RLB+MatrixPolicy (group-stat),1510,4.539631,0.000182,2.476938
fineweb,3407,RLB+MatrixPolicy (group-stat),1520,4.524599,0.000181,2.463364
fineweb,3407,RLB+MatrixPolicy (group-stat),1530,4.561038,0.000179,2.501728
fineweb,3407,RLB+MatrixPolicy (group-stat),1540,4.524068,0.000178,2.505776
fineweb,3407,RLB+MatrixPolicy (group-stat),1550,4.557892,0.000176,2.505888
fineweb,3407,RLB+MatrixPolicy (group-stat),1560,4.533031,0.000175,2.506719
fineweb,3407,RLB+MatrixPolicy (group-stat),1570,4.523608,0.000173,2.507073
fineweb,3407,RLB+MatrixPolicy (group-stat),1580,4.540185,0.000172,2.505816
fineweb,3407,RLB+MatrixPolicy (group-stat),1590,4.535134,0.000170,2.453796
fineweb,3407,RLB+MatrixPolicy (group-stat),1600,4.547188,0.000169,2.538320
fineweb,3407,RLB+MatrixPolicy (group-stat),1610,4.541821,0.000167,2.521550
fineweb,3407,RLB+MatrixPolicy (group-stat),1620,4.503235,0.000166,2.495354
fineweb,3407,RLB+MatrixPolicy (group-stat),1630,4.493650,0.000164,2.357614
fineweb,3407,RLB+MatrixPolicy (group-stat),1640,4.526463,0.000163,2.505343
fineweb,3407,RLB+MatrixPolicy (group-stat),1650,4.448977,0.000161,2.519411
fineweb,3407,RLB+MatrixPolicy (group-stat),1660,4.511138,0.000160,2.496990
fineweb,3407,RLB+MatrixPolicy (group-stat),1670,4.480522,0.000158,2.481687
fineweb,3407,RLB+MatrixPolicy (group-stat),1680,4.480864,0.000157,2.514581
fineweb,3407,RLB+MatrixPolicy (group-stat),1690,4.495896,0.000155,2.518410
fineweb,3407,RLB+MatrixPolicy (group-stat),1700,4.455991,0.000154,2.479966
fineweb,3407,RLB+MatrixPolicy (group-stat),1710,4.476756,0.000153,2.550700
fineweb,3407,RLB+MatrixPolicy (group-stat),1720,4.469208,0.000151,2.485857
fineweb,3407,RLB+MatrixPolicy (group-stat),1730,4.454298,0.000150,2.498933
fineweb,3407,RLB+MatrixPolicy (group-stat),1740,4.493659,0.000148,2.428659
fineweb,3407,RLB+MatrixPolicy (group-stat),1750,4.475502,0.000147,2.321635
fineweb,3407,RLB+MatrixPolicy (group-stat),1760,4.465400,0.000145,2.488728
fineweb,3407,RLB+MatrixPolicy (group-stat),1770,4.442190,0.000144,2.403048
fineweb,3407,RLB+MatrixPolicy (group-stat),1780,4.427551,0.000142,2.482701
fineweb,3407,RLB+MatrixPolicy (group-stat),1790,4.442109,0.000141,2.501388
fineweb,3407,RLB+MatrixPolicy (group-stat),1800,4.467941,0.000139,2.515017
fineweb,3407,RLB+MatrixPolicy (group-stat),1810,4.464560,0.000138,2.529029
fineweb,3407,RLB+MatrixPolicy (group-stat),1820,4.420517,0.000136,2.441938
fineweb,3407,RLB+MatrixPolicy (group-stat),1830,4.444867,0.000135,2.533531
fineweb,3407,RLB+MatrixPolicy (group-stat),1840,4.440966,0.000133,2.488516
fineweb,3407,RLB+MatrixPolicy (group-stat),1850,4.432847,0.000132,2.486159
fineweb,3407,RLB+MatrixPolicy (group-stat),1860,4.392892,0.000131,2.474881
fineweb,3407,RLB+MatrixPolicy (group-stat),1870,4.416619,0.000129,2.545309
fineweb,3407,RLB+MatrixPolicy (group-stat),1880,4.414965,0.000128,2.455507
fineweb,3407,RLB+MatrixPolicy (group-stat),1890,4.404427,0.000126,2.522679
fineweb,3407,RLB+MatrixPolicy (group-stat),1900,4.424510,0.000125,2.485635
fineweb,3407,RLB+MatrixPolicy (group-stat),1910,4.406078,0.000123,2.523740
fineweb,3407,RLB+MatrixPolicy (group-stat),1920,4.397432,0.000122,2.378056
fineweb,3407,RLB+MatrixPolicy (group-stat),1930,4.414992,0.000121,2.517583
fineweb,3407,RLB+MatrixPolicy (group-stat),1940,4.401309,0.000119,2.547738
fineweb,3407,RLB+MatrixPolicy (group-stat),1950,4.402143,0.000118,2.490263
fineweb,3407,RLB+MatrixPolicy (group-stat),1960,4.388397,0.000116,2.531071
fineweb,3407,RLB+MatrixPolicy (group-stat),1970,4.375853,0.000115,2.515371
fineweb,3407,RLB+MatrixPolicy (group-stat),1980,4.377253,0.000114,2.508218
fineweb,3407,RLB+MatrixPolicy (group-stat),1990,4.390302,0.000112,2.521018
fineweb,3407,RLB+MatrixPolicy (group-stat),2000,4.376107,0.000111,2.522007
fineweb,3407,RLB+MatrixPolicy (group-stat),2010,4.397553,0.000110,2.402718
fineweb,3407,RLB+MatrixPolicy (group-stat),2020,4.394421,0.000108,2.223413
fineweb,3407,RLB+MatrixPolicy (group-stat),2030,4.368337,0.000107,2.450255
fineweb,3407,RLB+MatrixPolicy (group-stat),2040,4.371024,0.000106,2.479531
fineweb,3407,RLB+MatrixPolicy (group-stat),2050,4.364976,0.000104,2.529790
fineweb,3407,RLB+MatrixPolicy (group-stat),2060,4.392970,0.000103,2.350478
fineweb,3407,RLB+MatrixPolicy (group-stat),2070,4.342281,0.000102,2.542714
fineweb,3407,RLB+MatrixPolicy (group-stat),2080,4.350972,0.000100,2.433059
fineweb,3407,RLB+MatrixPolicy (group-stat),2090,4.370842,0.000099,2.489723
fineweb,3407,RLB+MatrixPolicy (group-stat),2100,4.365496,0.000098,2.475198
fineweb,3407,RLB+MatrixPolicy (group-stat),2110,4.344663,0.000096,2.435743
fineweb,3407,RLB+MatrixPolicy (group-stat),2120,4.354996,0.000095,2.497253
fineweb,3407,RLB+MatrixPolicy (group-stat),2130,4.318413,0.000094,2.490715
fineweb,3407,RLB+MatrixPolicy (group-stat),2140,4.339615,0.000093,2.482269
fineweb,3407,RLB+MatrixPolicy (group-stat),2150,4.328623,0.000091,2.524880
fineweb,3407,RLB+MatrixPolicy (group-stat),2160,4.294985,0.000090,2.497247
fineweb,3407,RLB+MatrixPolicy (group-stat),2170,4.361050,0.000089,2.406885
fineweb,3407,RLB+MatrixPolicy (group-stat),2180,4.311613,0.000088,2.492998
fineweb,3407,RLB+MatrixPolicy (group-stat),2190,4.336664,0.000086,2.500339
fineweb,3407,RLB+MatrixPolicy (group-stat),2200,4.318452,0.000085,2.478411
fineweb,3407,RLB+MatrixPolicy (group-stat),2210,4.331434,0.000084,2.459002
fineweb,3407,RLB+MatrixPolicy (group-stat),2220,4.286669,0.000083,2.524566
fineweb,3407,RLB+MatrixPolicy (group-stat),2230,4.351756,0.000082,2.441800
fineweb,3407,RLB+MatrixPolicy (group-stat),2240,4.332486,0.000080,2.505908
fineweb,3407,RLB+MatrixPolicy (group-stat),2250,4.319538,0.000079,2.410552
fineweb,3407,RLB+MatrixPolicy (group-stat),2260,4.310442,0.000078,2.467692
fineweb,3407,RLB+MatrixPolicy (group-stat),2270,4.294924,0.000077,2.362231
fineweb,3407,RLB+MatrixPolicy (group-stat),2280,4.305726,0.000076,2.486273
fineweb,3407,RLB+MatrixPolicy (group-stat),2290,4.335866,0.000075,2.536907
fineweb,3407,RLB+MatrixPolicy (group-stat),2300,4.309538,0.000074,2.463623
fineweb,3407,RLB+MatrixPolicy (group-stat),2310,4.289952,0.000073,2.411263
fineweb,3407,RLB+MatrixPolicy (group-stat),2320,4.277017,0.000072,2.452771
fineweb,3407,RLB+MatrixPolicy (group-stat),2330,4.272393,0.000070,2.559707
fineweb,3407,RLB+MatrixPolicy (group-stat),2340,4.292670,0.000069,2.455300
fineweb,3407,RLB+MatrixPolicy (group-stat),2350,4.301274,0.000068,2.424696
fineweb,3407,RLB+MatrixPolicy (group-stat),2360,4.291535,0.000067,2.508724
fineweb,3407,RLB+MatrixPolicy (group-stat),2370,4.279971,0.000066,2.437649
fineweb,3407,RLB+MatrixPolicy (group-stat),2380,4.284515,0.000065,2.430811
fineweb,3407,RLB+MatrixPolicy (group-stat),2390,4.265586,0.000064,2.456384
fineweb,3407,RLB+MatrixPolicy (group-stat),2400,4.245513,0.000063,2.499284
fineweb,3407,RLB+MatrixPolicy (group-stat),2410,4.280804,0.000062,2.469132
fineweb,3407,RLB+MatrixPolicy (group-stat),2420,4.288388,0.000061,2.561127
fineweb,3407,RLB+MatrixPolicy (group-stat),2430,4.309606,0.000060,2.527054
fineweb,3407,RLB+MatrixPolicy (group-stat),2440,4.289141,0.000059,2.551588
fineweb,3407,RLB+MatrixPolicy (group-stat),2450,4.256039,0.000059,2.429721
fineweb,3407,RLB+MatrixPolicy (group-stat),2460,4.288850,0.000058,2.501555
fineweb,3407,RLB+MatrixPolicy (group-stat),2470,4.271455,0.000057,2.503810
fineweb,3407,RLB+MatrixPolicy (group-stat),2480,4.252314,0.000056,2.500239
fineweb,3407,RLB+MatrixPolicy (group-stat),2490,4.265220,0.000055,2.458485
fineweb,3407,RLB+MatrixPolicy (group-stat),2500,4.262202,0.000054,2.419671
fineweb,3407,RLB+MatrixPolicy (group-stat),2510,4.247671,0.000053,2.405273
fineweb,3407,RLB+MatrixPolicy (group-stat),2520,4.238062,0.000052,2.421921
fineweb,3407,RLB+MatrixPolicy (group-stat),2530,4.277115,0.000052,2.180345
fineweb,3407,RLB+MatrixPolicy (group-stat),2540,4.249162,0.000051,2.457446
fineweb,3407,RLB+MatrixPolicy (group-stat),2550,4.241391,0.000050,2.544136
fineweb,3407,RLB+MatrixPolicy (group-stat),2560,4.259194,0.000049,2.517520
fineweb,3407,RLB+MatrixPolicy (group-stat),2570,4.247916,0.000049,2.490805
fineweb,3407,RLB+MatrixPolicy (group-stat),2580,4.263347,0.000048,2.507687
fineweb,3407,RLB+MatrixPolicy (group-stat),2590,4.248340,0.000047,2.511278
fineweb,3407,RLB+MatrixPolicy (group-stat),2600,4.252600,0.000046,2.543166
fineweb,3407,RLB+MatrixPolicy (group-stat),2610,4.259121,0.000046,2.494226
fineweb,3407,RLB+MatrixPolicy (group-stat),2620,4.234161,0.000045,2.471508
fineweb,3407,RLB+MatrixPolicy (group-stat),2630,4.243468,0.000044,2.477410
fineweb,3407,RLB+MatrixPolicy (group-stat),2640,4.229899,0.000044,2.395613
fineweb,3407,RLB+MatrixPolicy (group-stat),2650,4.233464,0.000043,2.423782
fineweb,3407,RLB+MatrixPolicy (group-stat),2660,4.231062,0.000042,2.502377
fineweb,3407,RLB+MatrixPolicy (group-stat),2670,4.220139,0.000042,2.469128
fineweb,3407,RLB+MatrixPolicy (group-stat),2680,4.202877,0.000041,2.500704
fineweb,3407,RLB+MatrixPolicy (group-stat),2690,4.220819,0.000041,2.480629
fineweb,3407,RLB+MatrixPolicy (group-stat),2700,4.221636,0.000040,2.517385
fineweb,3407,RLB+MatrixPolicy (group-stat),2710,4.221763,0.000039,2.545094
fineweb,3407,RLB+MatrixPolicy (group-stat),2720,4.235647,0.000039,2.508970
fineweb,3407,RLB+MatrixPolicy (group-stat),2730,4.271251,0.000038,2.531518
fineweb,3407,RLB+MatrixPolicy (group-stat),2740,4.217641,0.000038,2.516342
fineweb,3407,RLB+MatrixPolicy (group-stat),2750,4.222370,0.000037,2.494879
fineweb,3407,RLB+MatrixPolicy (group-stat),2760,4.217646,0.000037,2.491409
fineweb,3407,RLB+MatrixPolicy (group-stat),2770,4.230836,0.000036,2.381531
fineweb,3407,RLB+MatrixPolicy (group-stat),2780,4.214323,0.000036,2.392793
fineweb,3407,RLB+MatrixPolicy (group-stat),2790,4.219432,0.000036,2.352949
fineweb,3407,RLB+MatrixPolicy (group-stat),2800,4.206239,0.000035,2.239408
fineweb,3407,RLB+MatrixPolicy (group-stat),2810,4.250636,0.000035,2.439974
fineweb,3407,RLB+MatrixPolicy (group-stat),2820,4.221439,0.000034,2.442766
fineweb,3407,RLB+MatrixPolicy (group-stat),2830,4.187129,0.000034,2.495002
fineweb,3407,RLB+MatrixPolicy (group-stat),2840,4.211949,0.000034,2.488761
fineweb,3407,RLB+MatrixPolicy (group-stat),2850,4.228456,0.000033,2.529262
fineweb,3407,RLB+MatrixPolicy (group-stat),2860,4.230858,0.000033,2.517082
fineweb,3407,RLB+MatrixPolicy (group-stat),2870,4.204650,0.000033,2.490476
fineweb,3407,RLB+MatrixPolicy (group-stat),2880,4.211643,0.000032,2.509433
fineweb,3407,RLB+MatrixPolicy (group-stat),2890,4.216729,0.000032,2.503170
fineweb,3407,RLB+MatrixPolicy (group-stat),2900,4.242509,0.000032,2.530702
fineweb,3407,RLB+MatrixPolicy (group-stat),2910,4.207094,0.000032,2.531934
fineweb,3407,RLB+MatrixPolicy (group-stat),2920,4.233724,0.000031,2.438014
fineweb,3407,RLB+MatrixPolicy (group-stat),2930,4.192257,0.000031,2.331059
fineweb,3407,RLB+MatrixPolicy (group-stat),2940,4.224674,0.000031,2.483248
fineweb,3407,RLB+MatrixPolicy (group-stat),2950,4.242404,0.000031,2.480469
fineweb,3407,RLB+MatrixPolicy (group-stat),2960,4.196104,0.000031,2.437666
fineweb,3407,RLB+MatrixPolicy (group-stat),2970,4.213123,0.000031,2.515801
fineweb,3407,RLB+MatrixPolicy (group-stat),2980,4.213110,0.000030,2.509595
fineweb,3407,RLB+MatrixPolicy (group-stat),2990,4.196443,0.000030,2.513102
fineweb,3407,RLB+MatrixPolicy (group-stat),3000,4.221162,0.000030,2.532599
fineweb,3407,RLB+MatrixPolicy (group-stat),3010,4.212991,0.000030,2.518657
fineweb,3407,RLB+MatrixPolicy (group-stat),3020,4.186351,0.000030,2.549240
fineweb,3407,RLB+MatrixPolicy (group-stat),3030,4.184969,0.000030,2.521855
fineweb,3407,RLB+MatrixPolicy (group-stat),3040,4.197497,0.000030,2.538522
fineweb,3407,RLB+MatrixPolicy (group-stat),3050,4.187827,0.000030,2.461215
fineweb_edu,1337,SiLU+AdamW,1,10.984364,0.000001,2.168088
fineweb_edu,1337,SiLU+AdamW,10,10.836667,0.000015,0.781566
fineweb_edu,1337,SiLU+AdamW,20,10.103221,0.000030,0.629677
fineweb_edu,1337,SiLU+AdamW,30,9.516455,0.000045,0.629895
fineweb_edu,1337,SiLU+AdamW,40,9.158712,0.000060,0.630832
fineweb_edu,1337,SiLU+AdamW,50,8.744091,0.000075,0.628341
fineweb_edu,1337,SiLU+AdamW,60,8.310430,0.000090,0.629760
fineweb_edu,1337,SiLU+AdamW,70,7.933983,0.000105,0.628250
fineweb_edu,1337,SiLU+AdamW,80,7.691475,0.000120,0.629430
fineweb_edu,1337,SiLU+AdamW,90,7.554691,0.000135,0.630488
fineweb_edu,1337,SiLU+AdamW,100,7.411222,0.000150,0.634659
fineweb_edu,1337,SiLU+AdamW,110,7.289407,0.000165,0.633794
fineweb_edu,1337,SiLU+AdamW,120,7.175922,0.000180,0.633183
fineweb_edu,1337,SiLU+AdamW,130,7.066742,0.000195,0.628349
fineweb_edu,1337,SiLU+AdamW,140,6.925028,0.000210,0.631327
fineweb_edu,1337,SiLU+AdamW,150,6.829852,0.000225,0.628083
fineweb_edu,1337,SiLU+AdamW,160,6.713402,0.000240,0.627875
fineweb_edu,1337,SiLU+AdamW,170,6.627257,0.000255,0.626290
fineweb_edu,1337,SiLU+AdamW,180,6.542632,0.000270,0.622363
fineweb_edu,1337,SiLU+AdamW,190,6.458849,0.000285,0.625473
fineweb_edu,1337,SiLU+AdamW,200,6.406872,0.000300,0.621060
fineweb_edu,1337,SiLU+AdamW,210,6.343522,0.000300,0.621166
fineweb_edu,1337,SiLU+AdamW,220,6.284345,0.000300,0.619990
fineweb_edu,1337,SiLU+AdamW,230,6.201835,0.000300,0.621974
fineweb_edu,1337,SiLU+AdamW,240,6.168336,0.000300,0.623933
fineweb_edu,1337,SiLU+AdamW,250,6.120581,0.000300,0.623998
fineweb_edu,1337,SiLU+AdamW,260,6.066393,0.000300,0.625984
fineweb_edu,1337,SiLU+AdamW,270,6.016735,0.000300,0.625456
fineweb_edu,1337,SiLU+AdamW,280,5.980718,0.000299,0.624799
fineweb_edu,1337,SiLU+AdamW,290,5.941686,0.000299,0.622733
fineweb_edu,1337,SiLU+AdamW,300,5.891622,0.000299,0.624595
fineweb_edu,1337,SiLU+AdamW,310,5.890350,0.000299,0.623420
fineweb_edu,1337,SiLU+AdamW,320,5.832746,0.000299,0.625708
fineweb_edu,1337,SiLU+AdamW,330,5.811955,0.000299,0.623735
fineweb_edu,1337,SiLU+AdamW,340,5.760157,0.000298,0.624941
fineweb_edu,1337,SiLU+AdamW,350,5.740076,0.000298,0.623488
fineweb_edu,1337,SiLU+AdamW,360,5.717690,0.000298,0.622287
fineweb_edu,1337,SiLU+AdamW,370,5.690136,0.000298,0.621870
fineweb_edu,1337,SiLU+AdamW,380,5.668035,0.000297,0.624501
fineweb_edu,1337,SiLU+AdamW,390,5.631844,0.000297,0.622987
fineweb_edu,1337,SiLU+AdamW,400,5.605687,0.000297,0.624095
fineweb_edu,1337,SiLU+AdamW,410,5.603440,0.000296,0.623581
fineweb_edu,1337,SiLU+AdamW,420,5.557289,0.000296,0.624215
fineweb_edu,1337,SiLU+AdamW,430,5.520572,0.000296,0.629384
fineweb_edu,1337,SiLU+AdamW,440,5.492251,0.000295,0.625857
fineweb_edu,1337,SiLU+AdamW,450,5.516805,0.000295,0.623718
fineweb_edu,1337,SiLU+AdamW,460,5.479104,0.000295,0.625048
fineweb_edu,1337,SiLU+AdamW,470,5.435492,0.000294,0.626242
fineweb_edu,1337,SiLU+AdamW,480,5.435367,0.000294,0.626418
fineweb_edu,1337,SiLU+AdamW,490,5.420981,0.000293,0.627632
fineweb_edu,1337,SiLU+AdamW,500,5.396599,0.000293,0.625222
fineweb_edu,1337,SiLU+AdamW,510,5.367140,0.000292,0.625666
fineweb_edu,1337,SiLU+AdamW,520,5.378937,0.000292,0.624301
fineweb_edu,1337,SiLU+AdamW,530,5.344624,0.000291,0.620219
fineweb_edu,1337,SiLU+AdamW,540,5.325465,0.000291,0.622254
fineweb_edu,1337,SiLU+AdamW,550,5.279391,0.000290,0.624048
fineweb_edu,1337,SiLU+AdamW,560,5.297835,0.000290,0.624675
fineweb_edu,1337,SiLU+AdamW,570,5.289127,0.000289,0.623145
fineweb_edu,1337,SiLU+AdamW,580,5.265610,0.000288,0.622077
fineweb_edu,1337,SiLU+AdamW,590,5.246508,0.000288,0.619623
fineweb_edu,1337,SiLU+AdamW,600,5.250228,0.000287,0.622900
fineweb_edu,1337,SiLU+AdamW,610,5.226956,0.000287,0.621053
fineweb_edu,1337,SiLU+AdamW,620,5.218802,0.000286,0.623126
fineweb_edu,1337,SiLU+AdamW,630,5.189547,0.000285,0.625123
fineweb_edu,1337,SiLU+AdamW,640,5.188542,0.000284,0.624735
fineweb_edu,1337,SiLU+AdamW,650,5.165149,0.000284,0.622875
fineweb_edu,1337,SiLU+AdamW,660,5.146761,0.000283,0.624123
fineweb_edu,1337,SiLU+AdamW,670,5.136152,0.000282,0.624583
fineweb_edu,1337,SiLU+AdamW,680,5.125241,0.000282,0.624319
fineweb_edu,1337,SiLU+AdamW,690,5.117320,0.000281,0.620652
fineweb_edu,1337,SiLU+AdamW,700,5.109157,0.000280,0.624755
fineweb_edu,1337,SiLU+AdamW,710,5.104922,0.000279,0.621738
fineweb_edu,1337,SiLU+AdamW,720,5.090714,0.000279,0.626215
fineweb_edu,1337,SiLU+AdamW,730,5.073459,0.000278,0.625876
fineweb_edu,1337,SiLU+AdamW,740,5.054097,0.000277,0.624208
fineweb_edu,1337,SiLU+AdamW,750,5.040974,0.000276,0.627708
fineweb_edu,1337,SiLU+AdamW,760,5.044849,0.000275,0.625572
fineweb_edu,1337,SiLU+AdamW,770,5.013935,0.000274,0.624452
fineweb_edu,1337,SiLU+AdamW,780,5.003895,0.000273,0.625391
fineweb_edu,1337,SiLU+AdamW,790,5.003519,0.000273,0.625979
fineweb_edu,1337,SiLU+AdamW,800,5.001749,0.000272,0.625792
fineweb_edu,1337,SiLU+AdamW,810,4.996808,0.000271,0.625749
fineweb_edu,1337,SiLU+AdamW,820,4.981569,0.000270,0.623819
fineweb_edu,1337,SiLU+AdamW,830,4.976077,0.000269,0.625468
fineweb_edu,1337,SiLU+AdamW,840,4.949564,0.000268,0.626979
fineweb_edu,1337,SiLU+AdamW,850,4.935212,0.000267,0.624610
fineweb_edu,1337,SiLU+AdamW,860,4.940411,0.000266,0.622971
fineweb_edu,1337,SiLU+AdamW,870,4.901750,0.000265,0.625482
fineweb_edu,1337,SiLU+AdamW,880,4.922565,0.000264,0.623967
fineweb_edu,1337,SiLU+AdamW,890,4.875242,0.000263,0.620244
fineweb_edu,1337,SiLU+AdamW,900,4.884733,0.000262,0.619207
fineweb_edu,1337,SiLU+AdamW,910,4.916738,0.000261,0.624961
fineweb_edu,1337,SiLU+AdamW,920,4.865865,0.000260,0.625798
fineweb_edu,1337,SiLU+AdamW,930,4.850943,0.000259,0.626626
fineweb_edu,1337,SiLU+AdamW,940,4.844962,0.000258,0.624449
fineweb_edu,1337,SiLU+AdamW,950,4.865791,0.000257,0.624932
fineweb_edu,1337,SiLU+AdamW,960,4.836169,0.000255,0.625616
fineweb_edu,1337,SiLU+AdamW,970,4.847293,0.000254,0.623626
fineweb_edu,1337,SiLU+AdamW,980,4.798264,0.000253,0.620532
fineweb_edu,1337,SiLU+AdamW,990,4.800294,0.000252,0.623955
fineweb_edu,1337,SiLU+AdamW,1000,4.792183,0.000251,0.626525
fineweb_edu,1337,SiLU+AdamW,1010,4.807813,0.000250,0.622887
fineweb_edu,1337,SiLU+AdamW,1020,4.791996,0.000249,0.623864
fineweb_edu,1337,SiLU+AdamW,1030,4.791583,0.000247,0.623528
fineweb_edu,1337,SiLU+AdamW,1040,4.769817,0.000246,0.623696
fineweb_edu,1337,SiLU+AdamW,1050,4.767383,0.000245,0.626027
fineweb_edu,1337,SiLU+AdamW,1060,4.745316,0.000244,0.622709
fineweb_edu,1337,SiLU+AdamW,1070,4.747673,0.000243,0.626739
fineweb_edu,1337,SiLU+AdamW,1080,4.728332,0.000241,0.626638
fineweb_edu,1337,SiLU+AdamW,1090,4.729850,0.000240,0.625784
fineweb_edu,1337,SiLU+AdamW,1100,4.717501,0.000239,0.624779
fineweb_edu,1337,SiLU+AdamW,1110,4.708102,0.000238,0.624442
fineweb_edu,1337,SiLU+AdamW,1120,4.682056,0.000236,0.624395
fineweb_edu,1337,SiLU+AdamW,1130,4.702267,0.000235,0.623798
fineweb_edu,1337,SiLU+AdamW,1140,4.705480,0.000234,0.622296
fineweb_edu,1337,SiLU+AdamW,1150,4.667770,0.000233,0.620446
fineweb_edu,1337,SiLU+AdamW,1160,4.680945,0.000231,0.627061
fineweb_edu,1337,SiLU+AdamW,1170,4.654011,0.000230,0.624418
fineweb_edu,1337,SiLU+AdamW,1180,4.655736,0.000229,0.625347
fineweb_edu,1337,SiLU+AdamW,1190,4.659334,0.000227,0.621965
fineweb_edu,1337,SiLU+AdamW,1200,4.671953,0.000226,0.620980
fineweb_edu,1337,SiLU+AdamW,1210,4.627989,0.000225,0.625030
fineweb_edu,1337,SiLU+AdamW,1220,4.644733,0.000223,0.623489
fineweb_edu,1337,SiLU+AdamW,1230,4.628270,0.000222,0.624436
fineweb_edu,1337,SiLU+AdamW,1240,4.628884,0.000221,0.621770
fineweb_edu,1337,SiLU+AdamW,1250,4.610343,0.000219,0.623797
fineweb_edu,1337,SiLU+AdamW,1260,4.597292,0.000218,0.623933
fineweb_edu,1337,SiLU+AdamW,1270,4.610754,0.000217,0.622694
fineweb_edu,1337,SiLU+AdamW,1280,4.582766,0.000215,0.622844
fineweb_edu,1337,SiLU+AdamW,1290,4.585802,0.000214,0.622611
fineweb_edu,1337,SiLU+AdamW,1300,4.577915,0.000212,0.622199
fineweb_edu,1337,SiLU+AdamW,1310,4.556997,0.000211,0.624817
fineweb_edu,1337,SiLU+AdamW,1320,4.564312,0.000210,0.625758
fineweb_edu,1337,SiLU+AdamW,1330,4.584555,0.000208,0.622928
fineweb_edu,1337,SiLU+AdamW,1340,4.574783,0.000207,0.622047
fineweb_edu,1337,SiLU+AdamW,1350,4.548855,0.000205,0.625752
fineweb_edu,1337,SiLU+AdamW,1360,4.542742,0.000204,0.622666
fineweb_edu,1337,SiLU+AdamW,1370,4.552275,0.000203,0.623869
fineweb_edu,1337,SiLU+AdamW,1380,4.507766,0.000201,0.622481
fineweb_edu,1337,SiLU+AdamW,1390,4.510132,0.000200,0.625090
fineweb_edu,1337,SiLU+AdamW,1400,4.517233,0.000198,0.625072
fineweb_edu,1337,SiLU+AdamW,1410,4.510370,0.000197,0.625400
fineweb_edu,1337,SiLU+AdamW,1420,4.505427,0.000195,0.624699
fineweb_edu,1337,SiLU+AdamW,1430,4.490745,0.000194,0.623504
fineweb_edu,1337,SiLU+AdamW,1440,4.479063,0.000192,0.623237
fineweb_edu,1337,SiLU+AdamW,1450,4.493381,0.000191,0.622658
fineweb_edu,1337,SiLU+AdamW,1460,4.459866,0.000190,0.626268
fineweb_edu,1337,SiLU+AdamW,1470,4.501425,0.000188,0.623955
fineweb_edu,1337,SiLU+AdamW,1480,4.468211,0.000187,0.621142
fineweb_edu,1337,SiLU+AdamW,1490,4.482536,0.000185,0.618042
fineweb_edu,1337,SiLU+AdamW,1500,4.459015,0.000184,0.618119
fineweb_edu,1337,SiLU+AdamW,1510,4.477942,0.000182,0.622555
fineweb_edu,1337,SiLU+AdamW,1520,4.507032,0.000181,0.621802
fineweb_edu,1337,SiLU+AdamW,1530,4.481719,0.000179,0.623281
fineweb_edu,1337,SiLU+AdamW,1540,4.440459,0.000178,0.622002
fineweb_edu,1337,SiLU+AdamW,1550,4.439891,0.000176,0.622833
fineweb_edu,1337,SiLU+AdamW,1560,4.434838,0.000175,0.625753
fineweb_edu,1337,SiLU+AdamW,1570,4.440279,0.000173,0.625712
fineweb_edu,1337,SiLU+AdamW,1580,4.445283,0.000172,0.625243
fineweb_edu,1337,SiLU+AdamW,1590,4.433803,0.000170,0.624175
fineweb_edu,1337,SiLU+AdamW,1600,4.437466,0.000169,0.622946
fineweb_edu,1337,SiLU+AdamW,1610,4.409513,0.000167,0.623734
fineweb_edu,1337,SiLU+AdamW,1620,4.425762,0.000166,0.626879
fineweb_edu,1337,SiLU+AdamW,1630,4.379803,0.000164,0.624793
fineweb_edu,1337,SiLU+AdamW,1640,4.407115,0.000163,0.623360
fineweb_edu,1337,SiLU+AdamW,1650,4.419035,0.000161,0.624036
fineweb_edu,1337,SiLU+AdamW,1660,4.392607,0.000160,0.625100
fineweb_edu,1337,SiLU+AdamW,1670,4.428522,0.000158,0.622709
fineweb_edu,1337,SiLU+AdamW,1680,4.393273,0.000157,0.627239
fineweb_edu,1337,SiLU+AdamW,1690,4.372790,0.000155,0.623057
fineweb_edu,1337,SiLU+AdamW,1700,4.372119,0.000154,0.624032
fineweb_edu,1337,SiLU+AdamW,1710,4.379739,0.000153,0.626479
fineweb_edu,1337,SiLU+AdamW,1720,4.366704,0.000151,0.626898
fineweb_edu,1337,SiLU+AdamW,1730,4.388424,0.000150,0.626673
fineweb_edu,1337,SiLU+AdamW,1740,4.360232,0.000148,0.621917
fineweb_edu,1337,SiLU+AdamW,1750,4.387827,0.000147,0.620845
fineweb_edu,1337,SiLU+AdamW,1760,4.350637,0.000145,0.622523
fineweb_edu,1337,SiLU+AdamW,1770,4.374268,0.000144,0.622557
fineweb_edu,1337,SiLU+AdamW,1780,4.355018,0.000142,0.621929
fineweb_edu,1337,SiLU+AdamW,1790,4.367245,0.000141,0.620200
fineweb_edu,1337,SiLU+AdamW,1800,4.350530,0.000139,0.621503
fineweb_edu,1337,SiLU+AdamW,1810,4.330415,0.000138,0.621605
fineweb_edu,1337,SiLU+AdamW,1820,4.346421,0.000136,0.623350
fineweb_edu,1337,SiLU+AdamW,1830,4.359373,0.000135,0.621031
fineweb_edu,1337,SiLU+AdamW,1840,4.324164,0.000133,0.618387
fineweb_edu,1337,SiLU+AdamW,1850,4.350055,0.000132,0.618685
fineweb_edu,1337,SiLU+AdamW,1860,4.306013,0.000131,0.619254
fineweb_edu,1337,SiLU+AdamW,1870,4.339173,0.000129,0.621357
fineweb_edu,1337,SiLU+AdamW,1880,4.349758,0.000128,0.624687
fineweb_edu,1337,SiLU+AdamW,1890,4.357947,0.000126,0.625666
fineweb_edu,1337,SiLU+AdamW,1900,4.343306,0.000125,0.625700
fineweb_edu,1337,SiLU+AdamW,1910,4.318668,0.000123,0.626797
fineweb_edu,1337,SiLU+AdamW,1920,4.307057,0.000122,0.624964
fineweb_edu,1337,SiLU+AdamW,1930,4.337597,0.000121,0.622336
fineweb_edu,1337,SiLU+AdamW,1940,4.292860,0.000119,0.624383
fineweb_edu,1337,SiLU+AdamW,1950,4.282188,0.000118,0.623534
fineweb_edu,1337,SiLU+AdamW,1960,4.290297,0.000116,0.624961
fineweb_edu,1337,SiLU+AdamW,1970,4.311809,0.000115,0.624484
fineweb_edu,1337,SiLU+AdamW,1980,4.324667,0.000114,0.622999
fineweb_edu,1337,SiLU+AdamW,1990,4.306056,0.000112,0.622526
fineweb_edu,1337,SiLU+AdamW,2000,4.265651,0.000111,0.624636
fineweb_edu,1337,SiLU+AdamW,2010,4.283220,0.000110,0.625361
fineweb_edu,1337,SiLU+AdamW,2020,4.283591,0.000108,0.625118
fineweb_edu,1337,SiLU+AdamW,2030,4.270885,0.000107,0.623270
fineweb_edu,1337,SiLU+AdamW,2040,4.289761,0.000106,0.623530
fineweb_edu,1337,SiLU+AdamW,2050,4.291835,0.000104,0.624137
fineweb_edu,1337,SiLU+AdamW,2060,4.250656,0.000103,0.625363
fineweb_edu,1337,SiLU+AdamW,2070,4.276664,0.000102,0.625116
fineweb_edu,1337,SiLU+AdamW,2080,4.281787,0.000100,0.626093
fineweb_edu,1337,SiLU+AdamW,2090,4.269671,0.000099,0.624797
fineweb_edu,1337,SiLU+AdamW,2100,4.265056,0.000098,0.626281
fineweb_edu,1337,SiLU+AdamW,2110,4.275763,0.000096,0.626492
fineweb_edu,1337,SiLU+AdamW,2120,4.246072,0.000095,0.625220
fineweb_edu,1337,SiLU+AdamW,2130,4.266694,0.000094,0.625991
fineweb_edu,1337,SiLU+AdamW,2140,4.273214,0.000093,0.623577
fineweb_edu,1337,SiLU+AdamW,2150,4.268473,0.000091,0.623096
fineweb_edu,1337,SiLU+AdamW,2160,4.267954,0.000090,0.622376
fineweb_edu,1337,SiLU+AdamW,2170,4.262926,0.000089,0.622381
fineweb_edu,1337,SiLU+AdamW,2180,4.249539,0.000088,0.623349
fineweb_edu,1337,SiLU+AdamW,2190,4.268830,0.000086,0.624324
fineweb_edu,1337,SiLU+AdamW,2200,4.253948,0.000085,0.626850
fineweb_edu,1337,SiLU+AdamW,2210,4.238459,0.000084,0.626833
fineweb_edu,1337,SiLU+AdamW,2220,4.237862,0.000083,0.627564
fineweb_edu,1337,SiLU+AdamW,2230,4.224124,0.000082,0.625559
fineweb_edu,1337,SiLU+AdamW,2240,4.237696,0.000080,0.626103
fineweb_edu,1337,SiLU+AdamW,2250,4.248899,0.000079,0.623860
fineweb_edu,1337,SiLU+AdamW,2260,4.252711,0.000078,0.624649
fineweb_edu,1337,SiLU+AdamW,2270,4.240973,0.000077,0.624621
fineweb_edu,1337,SiLU+AdamW,2280,4.225845,0.000076,0.624114
fineweb_edu,1337,SiLU+AdamW,2290,4.251524,0.000075,0.625215
fineweb_edu,1337,SiLU+AdamW,2300,4.231998,0.000074,0.625236
fineweb_edu,1337,SiLU+AdamW,2310,4.234120,0.000073,0.622660
fineweb_edu,1337,SiLU+AdamW,2320,4.217840,0.000072,0.623334
fineweb_edu,1337,SiLU+AdamW,2330,4.236934,0.000070,0.622418
fineweb_edu,1337,SiLU+AdamW,2340,4.192221,0.000069,0.623975
fineweb_edu,1337,SiLU+AdamW,2350,4.213853,0.000068,0.625504
fineweb_edu,1337,SiLU+AdamW,2360,4.224872,0.000067,0.627158
fineweb_edu,1337,SiLU+AdamW,2370,4.221081,0.000066,0.626763
fineweb_edu,1337,SiLU+AdamW,2380,4.198807,0.000065,0.627167
fineweb_edu,1337,SiLU+AdamW,2390,4.189548,0.000064,0.623790
fineweb_edu,1337,SiLU+AdamW,2400,4.185034,0.000063,0.626199
fineweb_edu,1337,SiLU+AdamW,2410,4.213855,0.000062,0.626302
fineweb_edu,1337,SiLU+AdamW,2420,4.207900,0.000061,0.622444
fineweb_edu,1337,SiLU+AdamW,2430,4.200925,0.000060,0.621193
fineweb_edu,1337,SiLU+AdamW,2440,4.185748,0.000059,0.626064
fineweb_edu,1337,SiLU+AdamW,2450,4.194907,0.000059,0.625695
fineweb_edu,1337,SiLU+AdamW,2460,4.205210,0.000058,0.625253
fineweb_edu,1337,SiLU+AdamW,2470,4.210511,0.000057,0.626798
fineweb_edu,1337,SiLU+AdamW,2480,4.185420,0.000056,0.622764
fineweb_edu,1337,SiLU+AdamW,2490,4.183803,0.000055,0.624280
fineweb_edu,1337,SiLU+AdamW,2500,4.200274,0.000054,0.624471
fineweb_edu,1337,SiLU+AdamW,2510,4.213846,0.000053,0.625987
fineweb_edu,1337,SiLU+AdamW,2520,4.203835,0.000052,0.628822
fineweb_edu,1337,SiLU+AdamW,2530,4.200739,0.000052,0.628106
fineweb_edu,1337,SiLU+AdamW,2540,4.204710,0.000051,0.626297
fineweb_edu,1337,SiLU+AdamW,2550,4.184913,0.000050,0.624491
fineweb_edu,1337,SiLU+AdamW,2560,4.154805,0.000049,0.625710
fineweb_edu,1337,SiLU+AdamW,2570,4.178345,0.000049,0.620103
fineweb_edu,1337,SiLU+AdamW,2580,4.178302,0.000048,0.624709
fineweb_edu,1337,SiLU+AdamW,2590,4.189557,0.000047,0.625661
fineweb_edu,1337,SiLU+AdamW,2600,4.165493,0.000046,0.628733
fineweb_edu,1337,SiLU+AdamW,2610,4.169107,0.000046,0.627541
fineweb_edu,1337,SiLU+AdamW,2620,4.164152,0.000045,0.629117
fineweb_edu,1337,SiLU+AdamW,2630,4.179009,0.000044,0.625372
fineweb_edu,1337,SiLU+AdamW,2640,4.182626,0.000044,0.624297
fineweb_edu,1337,SiLU+AdamW,2650,4.153392,0.000043,0.626198
fineweb_edu,1337,SiLU+AdamW,2660,4.171451,0.000042,0.624320
fineweb_edu,1337,SiLU+AdamW,2670,4.195525,0.000042,0.625534
fineweb_edu,1337,SiLU+AdamW,2680,4.161896,0.000041,0.628335
fineweb_edu,1337,SiLU+AdamW,2690,4.156342,0.000041,0.625997
fineweb_edu,1337,SiLU+AdamW,2700,4.193373,0.000040,0.622061
fineweb_edu,1337,SiLU+AdamW,2710,4.169881,0.000039,0.623268
fineweb_edu,1337,SiLU+AdamW,2720,4.163139,0.000039,0.622632
fineweb_edu,1337,SiLU+AdamW,2730,4.155820,0.000038,0.623352
fineweb_edu,1337,SiLU+AdamW,2740,4.171663,0.000038,0.626277
fineweb_edu,1337,SiLU+AdamW,2750,4.180820,0.000037,0.628149
fineweb_edu,1337,SiLU+AdamW,2760,4.151435,0.000037,0.626275
fineweb_edu,1337,SiLU+AdamW,2770,4.169235,0.000036,0.627003
fineweb_edu,1337,SiLU+AdamW,2780,4.171111,0.000036,0.627948
fineweb_edu,1337,SiLU+AdamW,2790,4.143120,0.000036,0.626383
fineweb_edu,1337,SiLU+AdamW,2800,4.166046,0.000035,0.624284
fineweb_edu,1337,SiLU+AdamW,2810,4.163339,0.000035,0.619808
fineweb_edu,1337,SiLU+AdamW,2820,4.157970,0.000034,0.622472
fineweb_edu,1337,SiLU+AdamW,2830,4.158340,0.000034,0.624466
fineweb_edu,1337,SiLU+AdamW,2840,4.161599,0.000034,0.624535
fineweb_edu,1337,SiLU+AdamW,2850,4.167439,0.000033,0.626382
fineweb_edu,1337,SiLU+AdamW,2860,4.129081,0.000033,0.624973
fineweb_edu,1337,SiLU+AdamW,2870,4.167184,0.000033,0.621384
fineweb_edu,1337,SiLU+AdamW,2880,4.133756,0.000032,0.620986
fineweb_edu,1337,SiLU+AdamW,2890,4.132147,0.000032,0.622698
fineweb_edu,1337,SiLU+AdamW,2900,4.153659,0.000032,0.621913
fineweb_edu,1337,SiLU+AdamW,2910,4.132874,0.000032,0.622266
fineweb_edu,1337,SiLU+AdamW,2920,4.146315,0.000031,0.623389
fineweb_edu,1337,SiLU+AdamW,2930,4.163224,0.000031,0.623674
fineweb_edu,1337,SiLU+AdamW,2940,4.162465,0.000031,0.622397
fineweb_edu,1337,SiLU+AdamW,2950,4.161117,0.000031,0.619752
fineweb_edu,1337,SiLU+AdamW,2960,4.144376,0.000031,0.622273
fineweb_edu,1337,SiLU+AdamW,2970,4.145300,0.000031,0.619205
fineweb_edu,1337,SiLU+AdamW,2980,4.133797,0.000030,0.619338
fineweb_edu,1337,SiLU+AdamW,2990,4.132986,0.000030,0.619780
fineweb_edu,1337,SiLU+AdamW,3000,4.134809,0.000030,0.623108
fineweb_edu,1337,SiLU+AdamW,3010,4.161588,0.000030,0.623691
fineweb_edu,1337,SiLU+AdamW,3020,4.153798,0.000030,0.622930
fineweb_edu,1337,SiLU+AdamW,3030,4.150940,0.000030,0.623569
fineweb_edu,1337,SiLU+AdamW,3040,4.174961,0.000030,0.624938
fineweb_edu,1337,SiLU+AdamW,3050,4.150496,0.000030,0.624328
fineweb_edu,1337,RLB+AdamW,1,10.990973,0.000001,2.745389
fineweb_edu,1337,RLB+AdamW,10,10.651251,0.000015,1.626372
fineweb_edu,1337,RLB+AdamW,20,9.829755,0.000030,1.503722
fineweb_edu,1337,RLB+AdamW,30,9.434883,0.000045,1.507379
fineweb_edu,1337,RLB+AdamW,40,9.090264,0.000060,1.510628
fineweb_edu,1337,RLB+AdamW,50,8.661090,0.000075,1.509298
fineweb_edu,1337,RLB+AdamW,60,8.199923,0.000090,1.508556
fineweb_edu,1337,RLB+AdamW,70,7.800766,0.000105,1.507419
fineweb_edu,1337,RLB+AdamW,80,,0.000120,1.503567
fineweb_edu,1337,RLB+AdamW,90,,0.000135,1.500453
fineweb_edu,1337,RLB+AdamW,100,,0.000150,1.502226
fineweb_edu,1337,RLB+AdamW,110,,0.000165,1.494953
fineweb_edu,1337,RLB+AdamW,120,,0.000180,1.500634
fineweb_edu,1337,RLB+AdamW,130,,0.000195,1.501094
fineweb_edu,1337,RLB+AdamW,140,,0.000210,1.498931
fineweb_edu,1337,RLB+AdamW,150,,0.000225,1.497202
fineweb_edu,1337,RLB+AdamW,160,,0.000240,1.502246
fineweb_edu,1337,RLB+AdamW,170,,0.000255,1.502489
fineweb_edu,1337,RLB+AdamW,180,,0.000270,1.501260
fineweb_edu,1337,RLB+AdamW,190,,0.000285,1.502376
fineweb_edu,1337,RLB+AdamW,200,,0.000300,1.509873
fineweb_edu,1337,RLB+AdamW,210,,0.000300,1.509265
fineweb_edu,1337,RLB+AdamW,220,,0.000300,1.506912
fineweb_edu,1337,RLB+AdamW,230,,0.000300,1.508019
fineweb_edu,1337,RLB+AdamW,240,,0.000300,1.506193
fineweb_edu,1337,RLB+AdamW,250,,0.000300,1.507940
fineweb_edu,1337,RLB+AdamW,260,,0.000300,1.508998
fineweb_edu,1337,RLB+AdamW,270,,0.000300,1.510581
fineweb_edu,1337,RLB+AdamW,280,,0.000299,1.505799
fineweb_edu,1337,RLB+AdamW,290,,0.000299,1.509781
fineweb_edu,1337,RLB+AdamW,300,,0.000299,1.510121
fineweb_edu,1337,RLB+AdamW,310,,0.000299,1.507931
fineweb_edu,1337,RLB+AdamW,320,,0.000299,1.507296
fineweb_edu,1337,RLB+AdamW,330,,0.000299,1.507388
fineweb_edu,1337,RLB+AdamW,340,,0.000298,1.506398
fineweb_edu,1337,RLB+AdamW,350,,0.000298,1.506713
fineweb_edu,1337,RLB+AdamW,360,,0.000298,1.509155
fineweb_edu,1337,RLB+AdamW,370,,0.000298,1.510140
fineweb_edu,1337,RLB+AdamW,380,,0.000297,1.510045
fineweb_edu,1337,RLB+AdamW,390,,0.000297,1.505267
fineweb_edu,1337,RLB+AdamW,400,,0.000297,1.511954
fineweb_edu,1337,RLB+AdamW,410,,0.000296,1.512451
fineweb_edu,1337,RLB+AdamW,420,,0.000296,1.504766
fineweb_edu,1337,RLB+AdamW,430,,0.000296,1.507596
fineweb_edu,1337,RLB+AdamW,440,,0.000295,1.510749
fineweb_edu,1337,RLB+AdamW,450,,0.000295,1.509845
fineweb_edu,1337,RLB+AdamW,460,,0.000295,1.510410
fineweb_edu,1337,RLB+AdamW,470,,0.000294,1.511563
fineweb_edu,1337,RLB+AdamW,480,,0.000294,1.512163
fineweb_edu,1337,RLB+AdamW,490,,0.000293,1.512169
fineweb_edu,1337,RLB+AdamW,500,,0.000293,1.509909
fineweb_edu,1337,RLB+AdamW,510,,0.000292,1.506744
fineweb_edu,1337,RLB+AdamW,520,,0.000292,1.507766
fineweb_edu,1337,RLB+AdamW,530,,0.000291,1.511253
fineweb_edu,1337,RLB+AdamW,540,,0.000291,1.509432
fineweb_edu,1337,RLB+AdamW,550,,0.000290,1.520453
fineweb_edu,1337,RLB+AdamW,560,,0.000290,1.511840
fineweb_edu,1337,RLB+AdamW,570,,0.000289,1.508481
fineweb_edu,1337,RLB+AdamW,580,,0.000288,1.508657
fineweb_edu,1337,RLB+AdamW,590,,0.000288,1.508505
fineweb_edu,1337,RLB+AdamW,600,,0.000287,1.505909
fineweb_edu,1337,RLB+AdamW,610,,0.000287,1.500754
fineweb_edu,1337,RLB+AdamW,620,,0.000286,1.500818
fineweb_edu,1337,RLB+AdamW,630,,0.000285,1.500730
fineweb_edu,1337,RLB+AdamW,640,,0.000284,1.501825
fineweb_edu,1337,RLB+AdamW,650,,0.000284,1.500760
fineweb_edu,1337,RLB+AdamW,660,,0.000283,1.500764
fineweb_edu,1337,RLB+AdamW,670,,0.000282,1.496694
fineweb_edu,1337,RLB+AdamW,680,,0.000282,1.499084
fineweb_edu,1337,RLB+AdamW,690,,0.000281,1.497643
fineweb_edu,1337,RLB+AdamW,700,,0.000280,1.500766
fineweb_edu,1337,RLB+AdamW,710,,0.000279,1.497852
fineweb_edu,1337,RLB+AdamW,720,,0.000279,1.501523
fineweb_edu,1337,RLB+AdamW,730,,0.000278,1.501803
fineweb_edu,1337,RLB+AdamW,740,,0.000277,1.501471
fineweb_edu,1337,RLB+AdamW,750,,0.000276,1.498104
fineweb_edu,1337,RLB+AdamW,760,,0.000275,1.501295
fineweb_edu,1337,RLB+AdamW,770,,0.000274,1.500493
fineweb_edu,1337,RLB+AdamW,780,,0.000273,1.500673
fineweb_edu,1337,RLB+AdamW,790,,0.000273,1.503427
fineweb_edu,1337,RLB+AdamW,800,,0.000272,1.497356
fineweb_edu,1337,RLB+AdamW,810,,0.000271,1.495112
fineweb_edu,1337,RLB+AdamW,820,,0.000270,1.501181
fineweb_edu,1337,RLB+AdamW,830,,0.000269,1.500218
fineweb_edu,1337,RLB+AdamW,840,,0.000268,1.501524
fineweb_edu,1337,RLB+AdamW,850,,0.000267,1.501394
fineweb_edu,1337,RLB+AdamW,860,,0.000266,1.500938
fineweb_edu,1337,RLB+AdamW,870,,0.000265,1.501313
fineweb_edu,1337,RLB+AdamW,880,,0.000264,1.497744
fineweb_edu,1337,RLB+AdamW,890,,0.000263,1.502609
fineweb_edu,1337,RLB+AdamW,900,,0.000262,1.502457
fineweb_edu,1337,RLB+AdamW,910,,0.000261,1.499982
fineweb_edu,1337,RLB+AdamW,920,,0.000260,1.500899
fineweb_edu,1337,RLB+AdamW,930,,0.000259,1.496717
fineweb_edu,1337,RLB+AdamW,940,,0.000258,1.497661
fineweb_edu,1337,RLB+AdamW,950,,0.000257,1.501942
fineweb_edu,1337,RLB+AdamW,960,,0.000255,1.501402
fineweb_edu,1337,RLB+AdamW,970,,0.000254,1.500899
fineweb_edu,1337,RLB+AdamW,980,,0.000253,1.501081
fineweb_edu,1337,RLB+AdamW,990,,0.000252,1.503222
fineweb_edu,1337,RLB+AdamW,1000,,0.000251,1.497957
fineweb_edu,1337,RLB+AdamW,1010,,0.000250,1.498265
fineweb_edu,1337,RLB+AdamW,1020,,0.000249,1.501745
fineweb_edu,1337,RLB+AdamW,1030,,0.000247,1.500541
fineweb_edu,1337,RLB+AdamW,1040,,0.000246,1.500793
fineweb_edu,1337,RLB+AdamW,1050,,0.000245,1.500375
fineweb_edu,1337,RLB+AdamW,1060,,0.000244,1.497512
fineweb_edu,1337,RLB+AdamW,1070,,0.000243,1.497896
fineweb_edu,1337,RLB+AdamW,1080,,0.000241,1.502123
fineweb_edu,1337,RLB+AdamW,1090,,0.000240,1.501335
fineweb_edu,1337,RLB+AdamW,1100,,0.000239,1.500394
fineweb_edu,1337,RLB+AdamW,1110,,0.000238,1.501272
fineweb_edu,1337,RLB+AdamW,1120,,0.000236,1.497841
fineweb_edu,1337,RLB+AdamW,1130,,0.000235,1.498054
fineweb_edu,1337,RLB+AdamW,1140,,0.000234,1.503420
fineweb_edu,1337,RLB+AdamW,1150,,0.000233,1.501272
fineweb_edu,1337,RLB+AdamW,1160,,0.000231,1.499831
fineweb_edu,1337,RLB+AdamW,1170,,0.000230,1.500943
fineweb_edu,1337,RLB+AdamW,1180,,0.000229,1.502009
fineweb_edu,1337,RLB+AdamW,1190,,0.000227,1.501097
fineweb_edu,1337,RLB+AdamW,1200,,0.000226,1.503761
fineweb_edu,1337,RLB+AdamW,1210,,0.000225,1.502965
fineweb_edu,1337,RLB+AdamW,1220,,0.000223,1.501788
fineweb_edu,1337,RLB+AdamW,1230,,0.000222,1.502647
fineweb_edu,1337,RLB+AdamW,1240,,0.000221,1.502979
fineweb_edu,1337,RLB+AdamW,1250,,0.000219,1.498522
fineweb_edu,1337,RLB+AdamW,1260,,0.000218,1.501275
fineweb_edu,1337,RLB+AdamW,1270,,0.000217,1.502735
fineweb_edu,1337,RLB+AdamW,1280,,0.000215,1.501041
fineweb_edu,1337,RLB+AdamW,1290,,0.000214,1.499638
fineweb_edu,1337,RLB+AdamW,1300,,0.000212,1.504033
fineweb_edu,1337,RLB+AdamW,1310,,0.000211,1.498639
fineweb_edu,1337,RLB+AdamW,1320,,0.000210,1.500946
fineweb_edu,1337,RLB+AdamW,1330,,0.000208,1.503291
fineweb_edu,1337,RLB+AdamW,1340,,0.000207,1.502490
fineweb_edu,1337,RLB+AdamW,1350,,0.000205,1.500653
fineweb_edu,1337,RLB+AdamW,1360,,0.000204,1.500442
fineweb_edu,1337,RLB+AdamW,1370,,0.000203,1.500310
fineweb_edu,1337,RLB+AdamW,1380,,0.000201,1.507406
fineweb_edu,1337,RLB+AdamW,1390,,0.000200,1.501174
fineweb_edu,1337,RLB+AdamW,1400,,0.000198,1.500493
fineweb_edu,1337,RLB+AdamW,1410,,0.000197,1.499906
fineweb_edu,1337,RLB+AdamW,1420,,0.000195,1.501939
fineweb_edu,1337,RLB+AdamW,1430,,0.000194,1.501464
fineweb_edu,1337,RLB+AdamW,1440,,0.000192,1.499630
fineweb_edu,1337,RLB+AdamW,1450,,0.000191,1.498596
fineweb_edu,1337,RLB+AdamW,1460,,0.000190,1.499946
fineweb_edu,1337,RLB+AdamW,1470,,0.000188,1.502192
fineweb_edu,1337,RLB+AdamW,1480,,0.000187,1.504366
fineweb_edu,1337,RLB+AdamW,1490,,0.000185,1.504187
fineweb_edu,1337,RLB+AdamW,1500,,0.000184,1.502427
fineweb_edu,1337,RLB+AdamW,1510,,0.000182,1.500427
fineweb_edu,1337,RLB+AdamW,1520,,0.000181,1.500038
fineweb_edu,1337,RLB+AdamW,1530,,0.000179,1.503327
fineweb_edu,1337,RLB+AdamW,1540,,0.000178,1.503701
fineweb_edu,1337,RLB+AdamW,1550,,0.000176,1.503552
fineweb_edu,1337,RLB+AdamW,1560,,0.000175,1.501416
fineweb_edu,1337,RLB+AdamW,1570,,0.000173,1.499398
fineweb_edu,1337,RLB+AdamW,1580,,0.000172,1.496141
fineweb_edu,1337,RLB+AdamW,1590,,0.000170,1.501149
fineweb_edu,1337,RLB+AdamW,1600,,0.000169,1.502779
fineweb_edu,1337,RLB+AdamW,1610,,0.000167,1.499314
fineweb_edu,1337,RLB+AdamW,1620,,0.000166,1.499983
fineweb_edu,1337,RLB+AdamW,1630,,0.000164,1.500436
fineweb_edu,1337,RLB+AdamW,1640,,0.000163,1.497229
fineweb_edu,1337,RLB+AdamW,1650,,0.000161,1.498676
fineweb_edu,1337,RLB+AdamW,1660,,0.000160,1.501333
fineweb_edu,1337,RLB+AdamW,1670,,0.000158,1.501244
fineweb_edu,1337,RLB+AdamW,1680,,0.000157,1.502068
fineweb_edu,1337,RLB+AdamW,1690,,0.000155,1.501690
fineweb_edu,1337,RLB+AdamW,1700,,0.000154,1.498052
fineweb_edu,1337,RLB+AdamW,1710,,0.000153,1.497696
fineweb_edu,1337,RLB+AdamW,1720,,0.000151,1.502311
fineweb_edu,1337,RLB+AdamW,1730,,0.000150,1.503368
fineweb_edu,1337,RLB+AdamW,1740,,0.000148,1.498589
fineweb_edu,1337,RLB+AdamW,1750,,0.000147,1.500913
fineweb_edu,1337,RLB+AdamW,1760,,0.000145,1.499520
fineweb_edu,1337,RLB+AdamW,1770,,0.000144,1.500625
fineweb_edu,1337,RLB+AdamW,1780,,0.000142,1.502823
fineweb_edu,1337,RLB+AdamW,1790,,0.000141,1.502911
fineweb_edu,1337,RLB+AdamW,1800,,0.000139,1.503265
fineweb_edu,1337,RLB+AdamW,1810,,0.000138,1.500563
fineweb_edu,1337,RLB+AdamW,1820,,0.000136,1.500036
fineweb_edu,1337,RLB+AdamW,1830,,0.000135,1.498705
fineweb_edu,1337,RLB+AdamW,1840,,0.000133,1.501407
fineweb_edu,1337,RLB+AdamW,1850,,0.000132,1.504238
fineweb_edu,1337,RLB+AdamW,1860,,0.000131,1.502992
fineweb_edu,1337,RLB+AdamW,1870,,0.000129,1.501815
fineweb_edu,1337,RLB+AdamW,1880,,0.000128,1.500889
fineweb_edu,1337,RLB+AdamW,1890,,0.000126,1.500034
fineweb_edu,1337,RLB+AdamW,1900,,0.000125,1.497883
fineweb_edu,1337,RLB+AdamW,1910,,0.000123,1.503836
fineweb_edu,1337,RLB+AdamW,1920,,0.000122,1.501349
fineweb_edu,1337,RLB+AdamW,1930,,0.000121,1.502759
fineweb_edu,1337,RLB+AdamW,1940,,0.000119,1.504041
fineweb_edu,1337,RLB+AdamW,1950,,0.000118,1.498645
fineweb_edu,1337,RLB+AdamW,1960,,0.000116,1.498134
fineweb_edu,1337,RLB+AdamW,1970,,0.000115,1.499657
fineweb_edu,1337,RLB+AdamW,1980,,0.000114,1.500591
fineweb_edu,1337,RLB+AdamW,1990,,0.000112,1.500349
fineweb_edu,1337,RLB+AdamW,2000,,0.000111,1.501343
fineweb_edu,1337,RLB+AdamW,2010,,0.000110,1.501225
fineweb_edu,1337,RLB+AdamW,2020,,0.000108,1.497091
fineweb_edu,1337,RLB+AdamW,2030,,0.000107,1.500588
fineweb_edu,1337,RLB+AdamW,2040,,0.000106,1.500134
fineweb_edu,1337,RLB+AdamW,2050,,0.000104,1.501633
fineweb_edu,1337,RLB+AdamW,2060,,0.000103,1.502762
fineweb_edu,1337,RLB+AdamW,2070,,0.000102,1.500781
fineweb_edu,1337,RLB+AdamW,2080,,0.000100,1.500904
fineweb_edu,1337,RLB+AdamW,2090,,0.000099,1.500270
fineweb_edu,1337,RLB+AdamW,2100,,0.000098,1.500418
fineweb_edu,1337,RLB+AdamW,2110,,0.000096,1.501048
fineweb_edu,1337,RLB+AdamW,2120,,0.000095,1.504586
fineweb_edu,1337,RLB+AdamW,2130,,0.000094,1.502246
fineweb_edu,1337,RLB+AdamW,2140,,0.000093,1.498731
fineweb_edu,1337,RLB+AdamW,2150,,0.000091,1.499171
fineweb_edu,1337,RLB+AdamW,2160,,0.000090,1.498488
fineweb_edu,1337,RLB+AdamW,2170,,0.000089,1.503039
fineweb_edu,1337,RLB+AdamW,2180,,0.000088,1.502409
fineweb_edu,1337,RLB+AdamW,2190,,0.000086,1.502105
fineweb_edu,1337,RLB+AdamW,2200,,0.000085,1.503662
fineweb_edu,1337,RLB+AdamW,2210,,0.000084,1.499729
fineweb_edu,1337,RLB+AdamW,2220,,0.000083,1.508341
fineweb_edu,1337,RLB+AdamW,2230,,0.000082,1.499390
fineweb_edu,1337,RLB+AdamW,2240,,0.000080,1.502630
fineweb_edu,1337,RLB+AdamW,2250,,0.000079,1.504422
fineweb_edu,1337,RLB+AdamW,2260,,0.000078,1.501711
fineweb_edu,1337,RLB+AdamW,2270,,0.000077,1.501631
fineweb_edu,1337,RLB+AdamW,2280,,0.000076,1.501446
fineweb_edu,1337,RLB+AdamW,2290,,0.000075,1.500195
fineweb_edu,1337,RLB+AdamW,2300,,0.000074,1.503470
fineweb_edu,1337,RLB+AdamW,2310,,0.000073,1.500676
fineweb_edu,1337,RLB+AdamW,2320,,0.000072,1.499871
fineweb_edu,1337,RLB+AdamW,2330,,0.000070,1.503052
fineweb_edu,1337,RLB+AdamW,2340,,0.000069,1.498248
fineweb_edu,1337,RLB+AdamW,2350,,0.000068,1.498649
fineweb_edu,1337,RLB+AdamW,2360,,0.000067,1.504493
fineweb_edu,1337,RLB+AdamW,2370,,0.000066,1.503098
fineweb_edu,1337,RLB+AdamW,2380,,0.000065,1.501134
fineweb_edu,1337,RLB+AdamW,2390,,0.000064,1.500066
fineweb_edu,1337,RLB+AdamW,2400,,0.000063,1.503108
fineweb_edu,1337,RLB+AdamW,2410,,0.000062,1.496567
fineweb_edu,1337,RLB+AdamW,2420,,0.000061,1.500173
fineweb_edu,1337,RLB+AdamW,2430,,0.000060,1.503857
fineweb_edu,1337,RLB+AdamW,2440,,0.000059,1.500389
fineweb_edu,1337,RLB+AdamW,2450,,0.000059,1.503755
fineweb_edu,1337,RLB+AdamW,2460,,0.000058,1.500328
fineweb_edu,1337,RLB+AdamW,2470,,0.000057,1.498985
fineweb_edu,1337,RLB+AdamW,2480,,0.000056,1.501920
fineweb_edu,1337,RLB+AdamW,2490,,0.000055,1.501303
fineweb_edu,1337,RLB+AdamW,2500,,0.000054,1.502379
fineweb_edu,1337,RLB+AdamW,2510,,0.000053,1.502841
fineweb_edu,1337,RLB+AdamW,2520,,0.000052,1.502134
fineweb_edu,1337,RLB+AdamW,2530,,0.000052,1.499449
fineweb_edu,1337,RLB+AdamW,2540,,0.000051,1.497952
fineweb_edu,1337,RLB+AdamW,2550,,0.000050,1.501705
fineweb_edu,1337,RLB+AdamW,2560,,0.000049,1.503490
fineweb_edu,1337,RLB+AdamW,2570,,0.000049,1.499160
fineweb_edu,1337,RLB+AdamW,2580,,0.000048,1.501090
fineweb_edu,1337,RLB+AdamW,2590,,0.000047,1.502773
fineweb_edu,1337,RLB+AdamW,2600,,0.000046,1.501330
fineweb_edu,1337,RLB+AdamW,2610,,0.000046,1.501321
fineweb_edu,1337,RLB+AdamW,2620,,0.000045,1.500468
fineweb_edu,1337,RLB+AdamW,2630,,0.000044,1.500535
fineweb_edu,1337,RLB+AdamW,2640,,0.000044,1.499245
fineweb_edu,1337,RLB+AdamW,2650,,0.000043,1.501867
fineweb_edu,1337,RLB+AdamW,2660,,0.000042,1.498711
fineweb_edu,1337,RLB+AdamW,2670,,0.000042,1.500388
fineweb_edu,1337,RLB+AdamW,2680,,0.000041,1.501664
fineweb_edu,1337,RLB+AdamW,2690,,0.000041,1.497020
fineweb_edu,1337,RLB+AdamW,2700,,0.000040,1.500925
fineweb_edu,1337,RLB+AdamW,2710,,0.000039,1.500893
fineweb_edu,1337,RLB+AdamW,2720,,0.000039,1.497225
fineweb_edu,1337,RLB+AdamW,2730,,0.000038,1.497944
fineweb_edu,1337,RLB+AdamW,2740,,0.000038,1.500925
fineweb_edu,1337,RLB+AdamW,2750,,0.000037,1.498486
fineweb_edu,1337,RLB+AdamW,2760,,0.000037,1.499555
fineweb_edu,1337,RLB+AdamW,2770,,0.000036,1.498838
fineweb_edu,1337,RLB+AdamW,2780,,0.000036,1.497164
fineweb_edu,1337,RLB+AdamW,2790,,0.000036,1.498319
fineweb_edu,1337,RLB+AdamW,2800,,0.000035,1.499700
fineweb_edu,1337,RLB+AdamW,2810,,0.000035,1.502646
fineweb_edu,1337,RLB+AdamW,2820,,0.000034,1.500290
fineweb_edu,1337,RLB+AdamW,2830,,0.000034,1.503110
fineweb_edu,1337,RLB+AdamW,2840,,0.000034,1.500267
fineweb_edu,1337,RLB+AdamW,2850,,0.000033,1.499758
fineweb_edu,1337,RLB+AdamW,2860,,0.000033,1.498530
fineweb_edu,1337,RLB+AdamW,2870,,0.000033,1.502376
fineweb_edu,1337,RLB+AdamW,2880,,0.000032,1.501433
fineweb_edu,1337,RLB+AdamW,2890,,0.000032,1.501977
fineweb_edu,1337,RLB+AdamW,2900,,0.000032,1.498919
fineweb_edu,1337,RLB+AdamW,2910,,0.000032,1.497185
fineweb_edu,1337,RLB+AdamW,2920,,0.000031,1.500455
fineweb_edu,1337,RLB+AdamW,2930,,0.000031,1.497005
fineweb_edu,1337,RLB+AdamW,2940,,0.000031,1.501084
fineweb_edu,1337,RLB+AdamW,2950,,0.000031,1.501825
fineweb_edu,1337,RLB+AdamW,2960,,0.000031,1.502260
fineweb_edu,1337,RLB+AdamW,2970,,0.000031,1.500516
fineweb_edu,1337,RLB+AdamW,2980,,0.000030,1.499255
fineweb_edu,1337,RLB+AdamW,2990,,0.000030,1.498676
fineweb_edu,1337,RLB+AdamW,3000,,0.000030,1.502341
fineweb_edu,1337,RLB+AdamW,3010,,0.000030,1.499903
fineweb_edu,1337,RLB+AdamW,3020,,0.000030,1.499559
fineweb_edu,1337,RLB+AdamW,3030,,0.000030,1.500300
fineweb_edu,1337,RLB+AdamW,3040,,0.000030,1.498734
fineweb_edu,1337,RLB+AdamW,3050,,0.000030,1.500646
fineweb_edu,1337,SiLU+Muon,1,10.984364,0.000001,1.565299
fineweb_edu,1337,SiLU+Muon,10,10.966719,0.000015,0.752833
fineweb_edu,1337,SiLU+Muon,20,10.920929,0.000030,0.659383
fineweb_edu,1337,SiLU+Muon,30,10.827923,0.000045,0.657573
fineweb_edu,1337,SiLU+Muon,40,10.679425,0.000060,0.656157
fineweb_edu,1337,SiLU+Muon,50,10.485987,0.000075,0.657759
fineweb_edu,1337,SiLU+Muon,60,10.264829,0.000090,0.655236
fineweb_edu,1337,SiLU+Muon,70,10.033256,0.000105,0.655909
fineweb_edu,1337,SiLU+Muon,80,9.799363,0.000120,0.660405
fineweb_edu,1337,SiLU+Muon,90,9.595599,0.000135,0.655636
fineweb_edu,1337,SiLU+Muon,100,9.417339,0.000150,0.656749
fineweb_edu,1337,SiLU+Muon,110,9.235175,0.000165,0.657164
fineweb_edu,1337,SiLU+Muon,120,9.046685,0.000180,0.664104
fineweb_edu,1337,SiLU+Muon,130,8.873533,0.000195,0.661694
fineweb_edu,1337,SiLU+Muon,140,8.676410,0.000210,0.658918
fineweb_edu,1337,SiLU+Muon,150,8.494598,0.000225,0.662700
fineweb_edu,1337,SiLU+Muon,160,8.309987,0.000240,0.660200
fineweb_edu,1337,SiLU+Muon,170,8.165669,0.000255,0.663235
fineweb_edu,1337,SiLU+Muon,180,7.997126,0.000270,0.662647
fineweb_edu,1337,SiLU+Muon,190,7.853128,0.000285,0.664332
fineweb_edu,1337,SiLU+Muon,200,7.748664,0.000300,0.661002
fineweb_edu,1337,SiLU+Muon,210,7.630310,0.000300,0.659949
fineweb_edu,1337,SiLU+Muon,220,7.527916,0.000300,0.659978
fineweb_edu,1337,SiLU+Muon,230,7.388950,0.000300,0.659154
fineweb_edu,1337,SiLU+Muon,240,7.329102,0.000300,0.659474
fineweb_edu,1337,SiLU+Muon,250,7.241052,0.000300,0.658399
fineweb_edu,1337,SiLU+Muon,260,7.152209,0.000300,0.661105
fineweb_edu,1337,SiLU+Muon,270,7.055519,0.000300,0.660126
fineweb_edu,1337,SiLU+Muon,280,6.991101,0.000299,0.659563
fineweb_edu,1337,SiLU+Muon,290,6.911176,0.000299,0.657585
fineweb_edu,1337,SiLU+Muon,300,6.833589,0.000299,0.658861
fineweb_edu,1337,SiLU+Muon,310,6.805498,0.000299,0.663255
fineweb_edu,1337,SiLU+Muon,320,6.715366,0.000299,0.660764
fineweb_edu,1337,SiLU+Muon,330,6.656305,0.000299,0.660996
fineweb_edu,1337,SiLU+Muon,340,6.575201,0.000298,0.663064
fineweb_edu,1337,SiLU+Muon,350,6.529441,0.000298,0.659697
fineweb_edu,1337,SiLU+Muon,360,6.473781,0.000298,0.658524
fineweb_edu,1337,SiLU+Muon,370,6.419510,0.000298,0.659782
fineweb_edu,1337,SiLU+Muon,380,6.375384,0.000297,0.658677
fineweb_edu,1337,SiLU+Muon,390,6.311645,0.000297,0.657493
fineweb_edu,1337,SiLU+Muon,400,6.263821,0.000297,0.658528
fineweb_edu,1337,SiLU+Muon,410,6.241939,0.000296,0.658679
fineweb_edu,1337,SiLU+Muon,420,6.165476,0.000296,0.663842
fineweb_edu,1337,SiLU+Muon,430,6.101484,0.000296,0.659366
fineweb_edu,1337,SiLU+Muon,440,6.061598,0.000295,0.659212
fineweb_edu,1337,SiLU+Muon,450,6.063224,0.000295,0.657306
fineweb_edu,1337,SiLU+Muon,460,6.004637,0.000295,0.661278
fineweb_edu,1337,SiLU+Muon,470,5.941608,0.000294,0.660960
fineweb_edu,1337,SiLU+Muon,480,5.924495,0.000294,0.659741
fineweb_edu,1337,SiLU+Muon,490,5.900977,0.000293,0.664144
fineweb_edu,1337,SiLU+Muon,500,5.852678,0.000293,0.659475
fineweb_edu,1337,SiLU+Muon,510,5.805184,0.000292,0.659553
fineweb_edu,1337,SiLU+Muon,520,5.798277,0.000292,0.657533
fineweb_edu,1337,SiLU+Muon,530,5.754248,0.000291,0.657320
fineweb_edu,1337,SiLU+Muon,540,5.723149,0.000291,0.662907
fineweb_edu,1337,SiLU+Muon,550,5.654399,0.000290,0.659972
fineweb_edu,1337,SiLU+Muon,560,5.667364,0.000290,0.659875
fineweb_edu,1337,SiLU+Muon,570,5.649977,0.000289,0.662546
fineweb_edu,1337,SiLU+Muon,580,5.622070,0.000288,0.658783
fineweb_edu,1337,SiLU+Muon,590,5.585688,0.000288,0.657981
fineweb_edu,1337,SiLU+Muon,600,5.580147,0.000287,0.658065
fineweb_edu,1337,SiLU+Muon,610,5.544717,0.000287,0.662026
fineweb_edu,1337,SiLU+Muon,620,5.529212,0.000286,0.659421
fineweb_edu,1337,SiLU+Muon,630,5.489849,0.000285,0.658523
fineweb_edu,1337,SiLU+Muon,640,5.475280,0.000284,0.664056
fineweb_edu,1337,SiLU+Muon,650,5.447565,0.000284,0.660892
fineweb_edu,1337,SiLU+Muon,660,5.413260,0.000283,0.660539
fineweb_edu,1337,SiLU+Muon,670,5.399664,0.000282,0.658270
fineweb_edu,1337,SiLU+Muon,680,5.375904,0.000282,0.660384
fineweb_edu,1337,SiLU+Muon,690,5.364162,0.000281,0.657399
fineweb_edu,1337,SiLU+Muon,700,5.347192,0.000280,0.663359
fineweb_edu,1337,SiLU+Muon,710,5.334746,0.000279,0.660942
fineweb_edu,1337,SiLU+Muon,720,5.310524,0.000279,0.661305
fineweb_edu,1337,SiLU+Muon,730,5.286367,0.000278,0.657225
fineweb_edu,1337,SiLU+Muon,740,5.263595,0.000277,0.657156
fineweb_edu,1337,SiLU+Muon,750,5.247667,0.000276,0.660754
fineweb_edu,1337,SiLU+Muon,760,5.242533,0.000275,0.661168
fineweb_edu,1337,SiLU+Muon,770,5.205233,0.000274,0.660289
fineweb_edu,1337,SiLU+Muon,780,5.198587,0.000273,0.660479
fineweb_edu,1337,SiLU+Muon,790,5.188208,0.000273,0.661761
fineweb_edu,1337,SiLU+Muon,800,5.178452,0.000272,0.660194
fineweb_edu,1337,SiLU+Muon,810,5.174619,0.000271,0.658911
fineweb_edu,1337,SiLU+Muon,820,5.149251,0.000270,0.659196
fineweb_edu,1337,SiLU+Muon,830,5.139149,0.000269,0.660115
fineweb_edu,1337,SiLU+Muon,840,5.110641,0.000268,0.661475
fineweb_edu,1337,SiLU+Muon,850,5.097002,0.000267,0.659012
fineweb_edu,1337,SiLU+Muon,860,5.101045,0.000266,0.659634
fineweb_edu,1337,SiLU+Muon,870,5.048547,0.000265,0.658373
fineweb_edu,1337,SiLU+Muon,880,5.070965,0.000264,0.661515
fineweb_edu,1337,SiLU+Muon,890,5.019325,0.000263,0.659995
fineweb_edu,1337,SiLU+Muon,900,5.024324,0.000262,0.661521
fineweb_edu,1337,SiLU+Muon,910,5.054812,0.000261,0.661261
fineweb_edu,1337,SiLU+Muon,920,4.998861,0.000260,0.660094
fineweb_edu,1337,SiLU+Muon,930,4.981518,0.000259,0.658897
fineweb_edu,1337,SiLU+Muon,940,4.973077,0.000258,0.661445
fineweb_edu,1337,SiLU+Muon,950,4.998269,0.000257,0.661473
fineweb_edu,1337,SiLU+Muon,960,4.968597,0.000255,0.666122
fineweb_edu,1337,SiLU+Muon,970,4.975900,0.000254,0.661956
fineweb_edu,1337,SiLU+Muon,980,4.921136,0.000253,0.659192
fineweb_edu,1337,SiLU+Muon,990,4.919497,0.000252,0.659817
fineweb_edu,1337,SiLU+Muon,1000,4.906566,0.000251,0.659353
fineweb_edu,1337,SiLU+Muon,1010,4.926861,0.000250,0.658152
fineweb_edu,1337,SiLU+Muon,1020,4.910465,0.000249,0.660754
fineweb_edu,1337,SiLU+Muon,1030,4.904128,0.000247,0.658434
fineweb_edu,1337,SiLU+Muon,1040,4.879851,0.000246,0.658904
fineweb_edu,1337,SiLU+Muon,1050,4.876035,0.000245,0.660739
fineweb_edu,1337,SiLU+Muon,1060,4.848974,0.000244,0.660337
fineweb_edu,1337,SiLU+Muon,1070,4.859616,0.000243,0.660247
fineweb_edu,1337,SiLU+Muon,1080,4.832568,0.000241,0.658361
fineweb_edu,1337,SiLU+Muon,1090,4.833281,0.000240,0.659000
fineweb_edu,1337,SiLU+Muon,1100,4.823348,0.000239,0.661674
fineweb_edu,1337,SiLU+Muon,1110,4.815037,0.000238,0.662960
fineweb_edu,1337,SiLU+Muon,1120,4.781070,0.000236,0.661946
fineweb_edu,1337,SiLU+Muon,1130,4.802174,0.000235,0.661679
fineweb_edu,1337,SiLU+Muon,1140,4.800539,0.000234,0.657768
fineweb_edu,1337,SiLU+Muon,1150,4.762780,0.000233,0.660179
fineweb_edu,1337,SiLU+Muon,1160,4.768438,0.000231,0.658667
fineweb_edu,1337,SiLU+Muon,1170,4.746531,0.000230,0.660270
fineweb_edu,1337,SiLU+Muon,1180,4.749608,0.000229,0.661990
fineweb_edu,1337,SiLU+Muon,1190,4.752563,0.000227,0.659862
fineweb_edu,1337,SiLU+Muon,1200,4.764234,0.000226,0.658779
fineweb_edu,1337,SiLU+Muon,1210,4.718239,0.000225,0.660878
fineweb_edu,1337,SiLU+Muon,1220,4.732436,0.000223,0.658441
fineweb_edu,1337,SiLU+Muon,1230,4.717069,0.000222,0.659821
fineweb_edu,1337,SiLU+Muon,1240,4.711046,0.000221,0.659398
fineweb_edu,1337,SiLU+Muon,1250,4.693982,0.000219,0.661497
fineweb_edu,1337,SiLU+Muon,1260,4.679610,0.000218,0.658139
fineweb_edu,1337,SiLU+Muon,1270,4.694639,0.000217,0.662486
fineweb_edu,1337,SiLU+Muon,1280,4.668760,0.000215,0.662078
fineweb_edu,1337,SiLU+Muon,1290,4.664785,0.000214,0.662490
fineweb_edu,1337,SiLU+Muon,1300,4.661094,0.000212,0.659473
fineweb_edu,1337,SiLU+Muon,1310,4.635546,0.000211,0.659549
fineweb_edu,1337,SiLU+Muon,1320,4.640861,0.000210,0.659436
fineweb_edu,1337,SiLU+Muon,1330,4.660670,0.000208,0.660604
fineweb_edu,1337,SiLU+Muon,1340,4.647069,0.000207,0.658922
fineweb_edu,1337,SiLU+Muon,1350,4.618726,0.000205,0.662627
fineweb_edu,1337,SiLU+Muon,1360,4.614936,0.000204,0.663904
fineweb_edu,1337,SiLU+Muon,1370,4.628136,0.000203,0.661329
fineweb_edu,1337,SiLU+Muon,1380,4.575628,0.000201,0.661122
fineweb_edu,1337,SiLU+Muon,1390,4.571661,0.000200,0.659843
fineweb_edu,1337,SiLU+Muon,1400,4.579350,0.000198,0.658836
fineweb_edu,1337,SiLU+Muon,1410,4.574604,0.000197,0.661356
fineweb_edu,1337,SiLU+Muon,1420,4.570132,0.000195,0.659465
fineweb_edu,1337,SiLU+Muon,1430,4.553890,0.000194,0.660257
fineweb_edu,1337,SiLU+Muon,1440,4.539669,0.000192,0.658941
fineweb_edu,1337,SiLU+Muon,1450,4.554880,0.000191,0.660895
fineweb_edu,1337,SiLU+Muon,1460,4.519921,0.000190,0.662438
fineweb_edu,1337,SiLU+Muon,1470,4.560434,0.000188,0.659341
fineweb_edu,1337,SiLU+Muon,1480,4.527108,0.000187,0.658046
fineweb_edu,1337,SiLU+Muon,1490,4.539199,0.000185,0.659088
fineweb_edu,1337,SiLU+Muon,1500,4.515912,0.000184,0.659174
fineweb_edu,1337,SiLU+Muon,1510,4.528933,0.000182,0.663032
fineweb_edu,1337,SiLU+Muon,1520,4.566768,0.000181,0.662199
fineweb_edu,1337,SiLU+Muon,1530,4.538179,0.000179,0.662065
fineweb_edu,1337,SiLU+Muon,1540,4.497331,0.000178,0.657653
fineweb_edu,1337,SiLU+Muon,1550,4.490443,0.000176,0.661228
fineweb_edu,1337,SiLU+Muon,1560,4.483107,0.000175,0.658150
fineweb_edu,1337,SiLU+Muon,1570,4.493911,0.000173,0.659492
fineweb_edu,1337,SiLU+Muon,1580,4.496638,0.000172,0.661373
fineweb_edu,1337,SiLU+Muon,1590,4.486134,0.000170,0.658634
fineweb_edu,1337,SiLU+Muon,1600,4.488385,0.000169,0.659213
fineweb_edu,1337,SiLU+Muon,1610,4.455792,0.000167,0.660043
fineweb_edu,1337,SiLU+Muon,1620,4.469487,0.000166,0.659407
fineweb_edu,1337,SiLU+Muon,1630,4.420083,0.000164,0.659988
fineweb_edu,1337,SiLU+Muon,1640,4.452018,0.000163,0.658609
fineweb_edu,1337,SiLU+Muon,1650,4.462662,0.000161,0.659164
fineweb_edu,1337,SiLU+Muon,1660,4.441342,0.000160,0.660871
fineweb_edu,1337,SiLU+Muon,1670,4.477494,0.000158,0.657451
fineweb_edu,1337,SiLU+Muon,1680,4.434446,0.000157,0.659785
fineweb_edu,1337,SiLU+Muon,1690,4.413306,0.000155,0.660236
fineweb_edu,1337,SiLU+Muon,1700,4.408853,0.000154,0.659709
fineweb_edu,1337,SiLU+Muon,1710,4.421192,0.000153,0.659504
fineweb_edu,1337,SiLU+Muon,1720,4.404685,0.000151,0.660373
fineweb_edu,1337,SiLU+Muon,1730,4.421191,0.000150,0.665814
fineweb_edu,1337,SiLU+Muon,1740,4.389917,0.000148,0.664253
fineweb_edu,1337,SiLU+Muon,1750,4.429410,0.000147,0.661985
fineweb_edu,1337,SiLU+Muon,1760,4.383664,0.000145,0.659649
fineweb_edu,1337,SiLU+Muon,1770,4.411433,0.000144,0.661349
fineweb_edu,1337,SiLU+Muon,1780,4.386245,0.000142,0.660262
fineweb_edu,1337,SiLU+Muon,1790,4.398019,0.000141,0.661460
fineweb_edu,1337,SiLU+Muon,1800,4.384776,0.000139,0.660647
fineweb_edu,1337,SiLU+Muon,1810,4.357528,0.000138,0.660806
fineweb_edu,1337,SiLU+Muon,1820,4.372847,0.000136,0.662985
fineweb_edu,1337,SiLU+Muon,1830,4.391067,0.000135,0.663005
fineweb_edu,1337,SiLU+Muon,1840,4.354764,0.000133,0.665738
fineweb_edu,1337,SiLU+Muon,1850,4.381619,0.000132,0.661644
fineweb_edu,1337,SiLU+Muon,1860,4.332218,0.000131,0.661399
fineweb_edu,1337,SiLU+Muon,1870,4.366644,0.000129,0.657973
fineweb_edu,1337,SiLU+Muon,1880,4.380366,0.000128,0.661760
fineweb_edu,1337,SiLU+Muon,1890,4.386968,0.000126,0.661670
fineweb_edu,1337,SiLU+Muon,1900,4.368470,0.000125,0.659162
fineweb_edu,1337,SiLU+Muon,1910,4.344591,0.000123,0.662219
fineweb_edu,1337,SiLU+Muon,1920,4.329278,0.000122,0.663695
fineweb_edu,1337,SiLU+Muon,1930,4.363847,0.000121,0.659441
fineweb_edu,1337,SiLU+Muon,1940,4.308637,0.000119,0.659069
fineweb_edu,1337,SiLU+Muon,1950,4.300329,0.000118,0.658704
fineweb_edu,1337,SiLU+Muon,1960,4.308457,0.000116,0.658445
fineweb_edu,1337,SiLU+Muon,1970,4.335448,0.000115,0.659234
fineweb_edu,1337,SiLU+Muon,1980,4.345304,0.000114,0.661079
fineweb_edu,1337,SiLU+Muon,1990,4.325479,0.000112,0.659520
fineweb_edu,1337,SiLU+Muon,2000,4.281943,0.000111,0.660380
fineweb_edu,1337,SiLU+Muon,2010,4.299643,0.000110,0.661219
fineweb_edu,1337,SiLU+Muon,2020,4.302803,0.000108,0.659195
fineweb_edu,1337,SiLU+Muon,2030,4.283738,0.000107,0.661633
fineweb_edu,1337,SiLU+Muon,2040,4.310067,0.000106,0.660644
fineweb_edu,1337,SiLU+Muon,2050,4.310841,0.000104,0.660275
fineweb_edu,1337,SiLU+Muon,2060,4.265853,0.000103,0.660777
fineweb_edu,1337,SiLU+Muon,2070,4.293706,0.000102,0.661111
fineweb_edu,1337,SiLU+Muon,2080,4.298099,0.000100,0.661035
fineweb_edu,1337,SiLU+Muon,2090,4.285757,0.000099,0.664104
fineweb_edu,1337,SiLU+Muon,2100,4.276034,0.000098,0.658190
fineweb_edu,1337,SiLU+Muon,2110,4.290018,0.000096,0.658703
fineweb_edu,1337,SiLU+Muon,2120,4.257271,0.000095,0.661019
fineweb_edu,1337,SiLU+Muon,2130,4.279471,0.000094,0.663893
fineweb_edu,1337,SiLU+Muon,2140,4.289179,0.000093,0.663386
fineweb_edu,1337,SiLU+Muon,2150,4.277233,0.000091,0.663885
fineweb_edu,1337,SiLU+Muon,2160,4.278251,0.000090,0.659800
fineweb_edu,1337,SiLU+Muon,2170,4.271888,0.000089,0.660611
fineweb_edu,1337,SiLU+Muon,2180,4.255950,0.000088,0.660382
fineweb_edu,1337,SiLU+Muon,2190,4.276269,0.000086,0.658785
fineweb_edu,1337,SiLU+Muon,2200,4.262105,0.000085,0.661946
fineweb_edu,1337,SiLU+Muon,2210,4.244463,0.000084,0.661223
fineweb_edu,1337,SiLU+Muon,2220,4.249338,0.000083,0.660280
fineweb_edu,1337,SiLU+Muon,2230,4.231114,0.000082,0.659069
fineweb_edu,1337,SiLU+Muon,2240,4.246651,0.000080,0.662316
fineweb_edu,1337,SiLU+Muon,2250,4.258306,0.000079,0.660761
fineweb_edu,1337,SiLU+Muon,2260,4.258726,0.000078,0.659545
fineweb_edu,1337,SiLU+Muon,2270,4.250576,0.000077,0.657990
fineweb_edu,1337,SiLU+Muon,2280,4.232716,0.000076,0.662424
fineweb_edu,1337,SiLU+Muon,2290,4.255697,0.000075,0.660684
fineweb_edu,1337,SiLU+Muon,2300,4.239401,0.000074,0.663062
fineweb_edu,1337,SiLU+Muon,2310,4.240637,0.000073,0.659456
fineweb_edu,1337,SiLU+Muon,2320,4.224950,0.000072,0.658620
fineweb_edu,1337,SiLU+Muon,2330,4.242327,0.000070,0.658419
fineweb_edu,1337,SiLU+Muon,2340,4.195530,0.000069,0.660191
fineweb_edu,1337,SiLU+Muon,2350,4.216075,0.000068,0.660978
fineweb_edu,1337,SiLU+Muon,2360,4.224979,0.000067,0.661400
fineweb_edu,1337,SiLU+Muon,2370,4.223229,0.000066,0.660165
fineweb_edu,1337,SiLU+Muon,2380,4.203307,0.000065,0.659293
fineweb_edu,1337,SiLU+Muon,2390,4.194999,0.000064,0.659919
fineweb_edu,1337,SiLU+Muon,2400,4.186038,0.000063,0.659008
fineweb_edu,1337,SiLU+Muon,2410,4.215739,0.000062,0.659821
fineweb_edu,1337,SiLU+Muon,2420,4.211076,0.000061,0.659338
fineweb_edu,1337,SiLU+Muon,2430,4.200420,0.000060,0.664134
fineweb_edu,1337,SiLU+Muon,2440,4.184956,0.000059,0.662010
fineweb_edu,1337,SiLU+Muon,2450,4.198254,0.000059,0.661023
fineweb_edu,1337,SiLU+Muon,2460,4.209508,0.000058,0.661346
fineweb_edu,1337,SiLU+Muon,2470,4.208428,0.000057,0.659379
fineweb_edu,1337,SiLU+Muon,2480,4.187565,0.000056,0.658583
fineweb_edu,1337,SiLU+Muon,2490,4.182214,0.000055,0.660086
fineweb_edu,1337,SiLU+Muon,2500,4.202946,0.000054,0.660987
fineweb_edu,1337,SiLU+Muon,2510,4.218342,0.000053,0.665645
fineweb_edu,1337,SiLU+Muon,2520,4.203649,0.000052,0.665910
fineweb_edu,1337,SiLU+Muon,2530,4.203267,0.000052,0.659417
fineweb_edu,1337,SiLU+Muon,2540,4.208286,0.000051,0.659657
fineweb_edu,1337,SiLU+Muon,2550,4.187738,0.000050,0.661963
fineweb_edu,1337,SiLU+Muon,2560,4.153052,0.000049,0.658240
fineweb_edu,1337,SiLU+Muon,2570,4.173182,0.000049,0.659636
fineweb_edu,1337,SiLU+Muon,2580,4.176039,0.000048,0.661618
fineweb_edu,1337,SiLU+Muon,2590,4.189799,0.000047,0.661022
fineweb_edu,1337,SiLU+Muon,2600,4.160221,0.000046,0.660276
fineweb_edu,1337,SiLU+Muon,2610,4.167861,0.000046,0.658607
fineweb_edu,1337,SiLU+Muon,2620,4.159465,0.000045,0.660128
fineweb_edu,1337,SiLU+Muon,2630,4.179258,0.000044,0.660208
fineweb_edu,1337,SiLU+Muon,2640,4.180986,0.000044,0.658200
fineweb_edu,1337,SiLU+Muon,2650,4.152467,0.000043,0.657706
fineweb_edu,1337,SiLU+Muon,2660,4.171404,0.000042,0.660986
fineweb_edu,1337,SiLU+Muon,2670,4.191318,0.000042,0.663158
fineweb_edu,1337,SiLU+Muon,2680,4.157941,0.000041,0.660389
fineweb_edu,1337,SiLU+Muon,2690,4.154116,0.000041,0.658624
fineweb_edu,1337,SiLU+Muon,2700,4.188479,0.000040,0.658010
fineweb_edu,1337,SiLU+Muon,2710,4.166464,0.000039,0.660845
fineweb_edu,1337,SiLU+Muon,2720,4.159718,0.000039,0.659743
fineweb_edu,1337,SiLU+Muon,2730,4.145191,0.000038,0.664782
fineweb_edu,1337,SiLU+Muon,2740,4.165724,0.000038,0.658401
fineweb_edu,1337,SiLU+Muon,2750,4.181333,0.000037,0.662922
fineweb_edu,1337,SiLU+Muon,2760,4.152075,0.000037,0.661071
fineweb_edu,1337,SiLU+Muon,2770,4.163137,0.000036,0.662077
fineweb_edu,1337,SiLU+Muon,2780,4.165139,0.000036,0.660304
fineweb_edu,1337,SiLU+Muon,2790,4.137214,0.000036,0.662224
fineweb_edu,1337,SiLU+Muon,2800,4.159622,0.000035,0.660209
fineweb_edu,1337,SiLU+Muon,2810,4.160866,0.000035,0.665681
fineweb_edu,1337,SiLU+Muon,2820,4.152036,0.000034,0.661329
fineweb_edu,1337,SiLU+Muon,2830,4.152562,0.000034,0.659174
fineweb_edu,1337,SiLU+Muon,2840,4.153549,0.000034,0.663094
fineweb_edu,1337,SiLU+Muon,2850,4.162577,0.000033,0.659767
fineweb_edu,1337,SiLU+Muon,2860,4.124816,0.000033,0.659597
fineweb_edu,1337,SiLU+Muon,2870,4.161691,0.000033,0.659597
fineweb_edu,1337,SiLU+Muon,2880,4.124082,0.000032,0.660903
fineweb_edu,1337,SiLU+Muon,2890,4.119144,0.000032,0.661393
fineweb_edu,1337,SiLU+Muon,2900,4.149581,0.000032,0.660229
fineweb_edu,1337,SiLU+Muon,2910,4.126125,0.000032,0.661639
fineweb_edu,1337,SiLU+Muon,2920,4.138098,0.000031,0.662624
fineweb_edu,1337,SiLU+Muon,2930,4.154917,0.000031,0.662119
fineweb_edu,1337,SiLU+Muon,2940,4.155891,0.000031,0.660136
fineweb_edu,1337,SiLU+Muon,2950,4.156365,0.000031,0.659757
fineweb_edu,1337,SiLU+Muon,2960,4.134987,0.000031,0.661041
fineweb_edu,1337,SiLU+Muon,2970,4.140451,0.000031,0.662422
fineweb_edu,1337,SiLU+Muon,2980,4.125384,0.000030,0.661692
fineweb_edu,1337,SiLU+Muon,2990,4.126640,0.000030,0.660497
fineweb_edu,1337,SiLU+Muon,3000,4.126287,0.000030,0.660438
fineweb_edu,1337,SiLU+Muon,3010,4.154873,0.000030,0.660850
fineweb_edu,1337,SiLU+Muon,3020,4.147153,0.000030,0.660060
fineweb_edu,1337,SiLU+Muon,3030,4.146079,0.000030,0.659109
fineweb_edu,1337,SiLU+Muon,3040,4.170074,0.000030,0.659630
fineweb_edu,1337,SiLU+Muon,3050,4.142321,0.000030,0.659584
fineweb_edu,1337,RLB+Muon,1,10.990973,0.000001,2.916331
fineweb_edu,1337,RLB+Muon,10,10.974138,0.000015,1.673581
fineweb_edu,1337,RLB+Muon,20,10.915002,0.000030,1.535489
fineweb_edu,1337,RLB+Muon,30,10.791362,0.000045,1.534283
fineweb_edu,1337,RLB+Muon,40,10.613639,0.000060,1.533220
fineweb_edu,1337,RLB+Muon,50,10.393258,0.000075,1.534256
fineweb_edu,1337,RLB+Muon,60,10.139061,0.000090,1.536566
fineweb_edu,1337,RLB+Muon,70,9.878630,0.000105,1.536351
fineweb_edu,1337,RLB+Muon,80,9.590735,0.000120,1.538194
fineweb_edu,1337,RLB+Muon,90,9.336233,0.000135,1.536916
fineweb_edu,1337,RLB+Muon,100,9.097801,0.000150,1.533652
fineweb_edu,1337,RLB+Muon,110,8.884601,0.000165,1.534876
fineweb_edu,1337,RLB+Muon,120,8.692129,0.000180,1.536918
fineweb_edu,1337,RLB+Muon,130,8.527385,0.000195,1.534672
fineweb_edu,1337,RLB+Muon,140,8.331599,0.000210,1.536449
fineweb_edu,1337,RLB+Muon,150,8.185266,0.000225,1.537834
fineweb_edu,1337,RLB+Muon,160,8.030031,0.000240,1.538402
fineweb_edu,1337,RLB+Muon,170,7.914810,0.000255,1.536653
fineweb_edu,1337,RLB+Muon,180,7.778032,0.000270,1.538698
fineweb_edu,1337,RLB+Muon,190,7.656164,0.000285,1.535689
fineweb_edu,1337,RLB+Muon,200,7.567350,0.000300,1.535513
fineweb_edu,1337,RLB+Muon,210,7.462939,0.000300,1.537793
fineweb_edu,1337,RLB+Muon,220,7.368008,0.000300,1.536275
fineweb_edu,1337,RLB+Muon,230,7.241999,0.000300,1.531806
fineweb_edu,1337,RLB+Muon,240,7.187952,0.000300,1.535449
fineweb_edu,1337,RLB+Muon,250,7.110083,0.000300,1.536180
fineweb_edu,1337,RLB+Muon,260,7.027099,0.000300,1.536146
fineweb_edu,1337,RLB+Muon,270,6.938002,0.000300,1.536014
fineweb_edu,1337,RLB+Muon,280,6.878044,0.000299,1.537680
fineweb_edu,1337,RLB+Muon,290,6.801862,0.000299,1.536121
fineweb_edu,1337,RLB+Muon,300,6.730056,0.000299,1.534911
fineweb_edu,1337,RLB+Muon,310,6.702795,0.000299,1.537050
fineweb_edu,1337,RLB+Muon,320,6.614694,0.000299,1.536559
fineweb_edu,1337,RLB+Muon,330,6.564040,0.000299,1.535384
fineweb_edu,1337,RLB+Muon,340,6.483791,0.000298,1.534504
fineweb_edu,1337,RLB+Muon,350,6.440687,0.000298,1.535021
fineweb_edu,1337,RLB+Muon,360,6.386324,0.000298,1.535599
fineweb_edu,1337,RLB+Muon,370,6.338321,0.000298,1.535819
fineweb_edu,1337,RLB+Muon,380,6.296546,0.000297,1.537517
fineweb_edu,1337,RLB+Muon,390,6.235901,0.000297,1.536532
fineweb_edu,1337,RLB+Muon,400,6.191063,0.000297,1.533705
fineweb_edu,1337,RLB+Muon,410,6.168112,0.000296,1.538449
fineweb_edu,1337,RLB+Muon,420,6.097881,0.000296,1.536250
fineweb_edu,1337,RLB+Muon,430,6.033574,0.000296,1.535586
fineweb_edu,1337,RLB+Muon,440,5.997797,0.000295,1.536751
fineweb_edu,1337,RLB+Muon,450,5.998483,0.000295,1.535964
fineweb_edu,1337,RLB+Muon,460,5.946195,0.000295,1.533959
fineweb_edu,1337,RLB+Muon,470,5.887292,0.000294,1.536292
fineweb_edu,1337,RLB+Muon,480,5.874014,0.000294,1.536832
fineweb_edu,1337,RLB+Muon,490,5.849390,0.000293,1.535742
fineweb_edu,1337,RLB+Muon,500,5.804947,0.000293,1.537049
fineweb_edu,1337,RLB+Muon,510,5.756947,0.000292,1.535223
fineweb_edu,1337,RLB+Muon,520,5.756074,0.000292,1.535124
fineweb_edu,1337,RLB+Muon,530,5.712576,0.000291,1.537121
fineweb_edu,1337,RLB+Muon,540,5.681086,0.000291,1.534412
fineweb_edu,1337,RLB+Muon,550,5.619328,0.000290,1.544894
fineweb_edu,1337,RLB+Muon,560,5.627852,0.000290,1.537054
fineweb_edu,1337,RLB+Muon,570,5.613215,0.000289,1.535455
fineweb_edu,1337,RLB+Muon,580,5.584941,0.000288,1.535377
fineweb_edu,1337,RLB+Muon,590,5.546713,0.000288,1.538720
fineweb_edu,1337,RLB+Muon,600,5.546117,0.000287,1.536551
fineweb_edu,1337,RLB+Muon,610,5.506928,0.000287,1.535318
fineweb_edu,1337,RLB+Muon,620,5.494431,0.000286,1.537532
fineweb_edu,1337,RLB+Muon,630,5.459618,0.000285,1.533822
fineweb_edu,1337,RLB+Muon,640,5.443685,0.000284,1.536285
fineweb_edu,1337,RLB+Muon,650,5.414181,0.000284,1.533689
fineweb_edu,1337,RLB+Muon,660,5.384144,0.000283,1.534446
fineweb_edu,1337,RLB+Muon,670,5.373884,0.000282,1.537760
fineweb_edu,1337,RLB+Muon,680,5.350523,0.000282,1.537148
fineweb_edu,1337,RLB+Muon,690,5.337789,0.000281,1.536688
fineweb_edu,1337,RLB+Muon,700,5.321332,0.000280,1.540538
fineweb_edu,1337,RLB+Muon,710,5.309699,0.000279,1.534734
fineweb_edu,1337,RLB+Muon,720,5.291400,0.000279,1.535136
fineweb_edu,1337,RLB+Muon,730,5.262783,0.000278,1.535319
fineweb_edu,1337,RLB+Muon,740,5.237468,0.000277,1.537364
fineweb_edu,1337,RLB+Muon,750,5.226786,0.000276,1.535354
fineweb_edu,1337,RLB+Muon,760,5.224972,0.000275,1.536662
fineweb_edu,1337,RLB+Muon,770,5.186171,0.000274,1.539417
fineweb_edu,1337,RLB+Muon,780,5.179246,0.000273,1.541223
fineweb_edu,1337,RLB+Muon,790,5.170562,0.000273,1.539302
fineweb_edu,1337,RLB+Muon,800,5.164841,0.000272,1.538792
fineweb_edu,1337,RLB+Muon,810,5.158640,0.000271,1.533894
fineweb_edu,1337,RLB+Muon,820,5.136872,0.000270,1.537242
fineweb_edu,1337,RLB+Muon,830,5.125002,0.000269,1.537830
fineweb_edu,1337,RLB+Muon,840,5.093620,0.000268,1.536443
fineweb_edu,1337,RLB+Muon,850,5.085901,0.000267,1.533030
fineweb_edu,1337,RLB+Muon,860,5.086103,0.000266,1.536684
fineweb_edu,1337,RLB+Muon,870,5.038622,0.000265,1.534048
fineweb_edu,1337,RLB+Muon,880,5.060891,0.000264,1.536243
fineweb_edu,1337,RLB+Muon,890,5.007554,0.000263,1.536069
fineweb_edu,1337,RLB+Muon,900,5.017521,0.000262,1.537879
fineweb_edu,1337,RLB+Muon,910,5.045642,0.000261,1.532884
fineweb_edu,1337,RLB+Muon,920,4.992662,0.000260,1.536814
fineweb_edu,1337,RLB+Muon,930,4.974662,0.000259,1.536924
fineweb_edu,1337,RLB+Muon,940,4.969001,0.000258,1.534551
fineweb_edu,1337,RLB+Muon,950,4.987977,0.000257,1.534985
fineweb_edu,1337,RLB+Muon,960,4.965497,0.000255,1.535271
fineweb_edu,1337,RLB+Muon,970,4.968601,0.000254,1.538530
fineweb_edu,1337,RLB+Muon,980,4.919825,0.000253,1.535727
fineweb_edu,1337,RLB+Muon,990,4.913765,0.000252,1.537068
fineweb_edu,1337,RLB+Muon,1000,4.900940,0.000251,1.536136
fineweb_edu,1337,RLB+Muon,1010,4.921765,0.000250,1.534603
fineweb_edu,1337,RLB+Muon,1020,4.907037,0.000249,1.533493
fineweb_edu,1337,RLB+Muon,1030,4.901445,0.000247,1.534607
fineweb_edu,1337,RLB+Muon,1040,4.878523,0.000246,1.537992
fineweb_edu,1337,RLB+Muon,1050,4.876327,0.000245,1.536972
fineweb_edu,1337,RLB+Muon,1060,4.849679,0.000244,1.536368
fineweb_edu,1337,RLB+Muon,1070,4.859393,0.000243,1.534827
fineweb_edu,1337,RLB+Muon,1080,4.831695,0.000241,1.533624
fineweb_edu,1337,RLB+Muon,1090,4.833139,0.000240,1.534643
fineweb_edu,1337,RLB+Muon,1100,4.820072,0.000239,1.536721
fineweb_edu,1337,RLB+Muon,1110,4.816169,0.000238,1.538712
fineweb_edu,1337,RLB+Muon,1120,4.782456,0.000236,1.536017
fineweb_edu,1337,RLB+Muon,1130,4.800735,0.000235,1.538590
fineweb_edu,1337,RLB+Muon,1140,4.801386,0.000234,1.535392
fineweb_edu,1337,RLB+Muon,1150,4.767237,0.000233,1.533460
fineweb_edu,1337,RLB+Muon,1160,4.772808,0.000231,1.533205
fineweb_edu,1337,RLB+Muon,1170,4.746599,0.000230,1.534855
fineweb_edu,1337,RLB+Muon,1180,4.753060,0.000229,1.537952
fineweb_edu,1337,RLB+Muon,1190,4.755363,0.000227,1.536458
fineweb_edu,1337,RLB+Muon,1200,4.771766,0.000226,1.533716
fineweb_edu,1337,RLB+Muon,1210,4.722676,0.000225,1.533717
fineweb_edu,1337,RLB+Muon,1220,4.735699,0.000223,1.539674
fineweb_edu,1337,RLB+Muon,1230,4.718229,0.000222,1.536429
fineweb_edu,1337,RLB+Muon,1240,4.713226,0.000221,1.535324
fineweb_edu,1337,RLB+Muon,1250,4.695579,0.000219,1.539216
fineweb_edu,1337,RLB+Muon,1260,4.683553,0.000218,1.536105
fineweb_edu,1337,RLB+Muon,1270,4.697342,0.000217,1.536667
fineweb_edu,1337,RLB+Muon,1280,4.672581,0.000215,1.535465
fineweb_edu,1337,RLB+Muon,1290,4.670076,0.000214,1.536062
fineweb_edu,1337,RLB+Muon,1300,4.670361,0.000212,1.537048
fineweb_edu,1337,RLB+Muon,1310,4.640164,0.000211,1.535143
fineweb_edu,1337,RLB+Muon,1320,4.650656,0.000210,1.536050
fineweb_edu,1337,RLB+Muon,1330,4.667585,0.000208,1.533255
fineweb_edu,1337,RLB+Muon,1340,4.654221,0.000207,1.537937
fineweb_edu,1337,RLB+Muon,1350,4.625047,0.000205,1.536068
fineweb_edu,1337,RLB+Muon,1360,4.622032,0.000204,1.534260
fineweb_edu,1337,RLB+Muon,1370,4.636473,0.000203,1.534440
fineweb_edu,1337,RLB+Muon,1380,4.585432,0.000201,1.544444
fineweb_edu,1337,RLB+Muon,1390,4.581747,0.000200,1.534920
fineweb_edu,1337,RLB+Muon,1400,4.590793,0.000198,1.536532
fineweb_edu,1337,RLB+Muon,1410,4.582912,0.000197,1.536601
fineweb_edu,1337,RLB+Muon,1420,4.579457,0.000195,1.533071
fineweb_edu,1337,RLB+Muon,1430,4.561530,0.000194,1.533006
fineweb_edu,1337,RLB+Muon,1440,4.551639,0.000192,1.535161
fineweb_edu,1337,RLB+Muon,1450,4.564756,0.000191,1.533835
fineweb_edu,1337,RLB+Muon,1460,4.527481,0.000190,1.537662
fineweb_edu,1337,RLB+Muon,1470,4.572228,0.000188,1.536140
fineweb_edu,1337,RLB+Muon,1480,4.536504,0.000187,1.535290
fineweb_edu,1337,RLB+Muon,1490,4.549519,0.000185,1.533507
fineweb_edu,1337,RLB+Muon,1500,4.525049,0.000184,1.538273
fineweb_edu,1337,RLB+Muon,1510,4.541666,0.000182,1.536192
fineweb_edu,1337,RLB+Muon,1520,4.576807,0.000181,1.534823
fineweb_edu,1337,RLB+Muon,1530,4.551627,0.000179,1.535500
fineweb_edu,1337,RLB+Muon,1540,4.508523,0.000178,1.536693
fineweb_edu,1337,RLB+Muon,1550,4.506504,0.000176,1.535064
fineweb_edu,1337,RLB+Muon,1560,4.493877,0.000175,1.537964
fineweb_edu,1337,RLB+Muon,1570,4.501820,0.000173,1.537819
fineweb_edu,1337,RLB+Muon,1580,4.509815,0.000172,1.536769
fineweb_edu,1337,RLB+Muon,1590,4.499468,0.000170,1.534910
fineweb_edu,1337,RLB+Muon,1600,4.499908,0.000169,1.534708
fineweb_edu,1337,RLB+Muon,1610,4.467994,0.000167,1.535551
fineweb_edu,1337,RLB+Muon,1620,4.481688,0.000166,1.531634
fineweb_edu,1337,RLB+Muon,1630,4.433704,0.000164,1.533300
fineweb_edu,1337,RLB+Muon,1640,4.461943,0.000163,1.534010
fineweb_edu,1337,RLB+Muon,1650,4.472162,0.000161,1.535518
fineweb_edu,1337,RLB+Muon,1660,4.454479,0.000160,1.535197
fineweb_edu,1337,RLB+Muon,1670,4.490317,0.000158,1.536576
fineweb_edu,1337,RLB+Muon,1680,4.446433,0.000157,1.535615
fineweb_edu,1337,RLB+Muon,1690,4.426460,0.000155,1.533509
fineweb_edu,1337,RLB+Muon,1700,4.419053,0.000154,1.534301
fineweb_edu,1337,RLB+Muon,1710,4.433545,0.000153,1.533280
fineweb_edu,1337,RLB+Muon,1720,4.419470,0.000151,1.532899
fineweb_edu,1337,RLB+Muon,1730,4.433186,0.000150,1.536837
fineweb_edu,1337,RLB+Muon,1740,4.404170,0.000148,1.536515
fineweb_edu,1337,RLB+Muon,1750,4.439467,0.000147,1.536041
fineweb_edu,1337,RLB+Muon,1760,4.400055,0.000145,1.537233
fineweb_edu,1337,RLB+Muon,1770,4.426812,0.000144,1.533051
fineweb_edu,1337,RLB+Muon,1780,4.398770,0.000142,1.535867
fineweb_edu,1337,RLB+Muon,1790,4.413761,0.000141,1.535180
fineweb_edu,1337,RLB+Muon,1800,4.397080,0.000139,1.534818
fineweb_edu,1337,RLB+Muon,1810,4.373968,0.000138,1.536723
fineweb_edu,1337,RLB+Muon,1820,4.387440,0.000136,1.537719
fineweb_edu,1337,RLB+Muon,1830,4.403331,0.000135,1.539643
fineweb_edu,1337,RLB+Muon,1840,4.364825,0.000133,1.535768
fineweb_edu,1337,RLB+Muon,1850,4.396461,0.000132,1.534457
fineweb_edu,1337,RLB+Muon,1860,4.347674,0.000131,1.540501
fineweb_edu,1337,RLB+Muon,1870,4.383046,0.000129,1.535383
fineweb_edu,1337,RLB+Muon,1880,4.392638,0.000128,1.538422
fineweb_edu,1337,RLB+Muon,1890,4.401957,0.000126,1.536333
fineweb_edu,1337,RLB+Muon,1900,4.380123,0.000125,1.535424
fineweb_edu,1337,RLB+Muon,1910,4.358516,0.000123,1.531813
fineweb_edu,1337,RLB+Muon,1920,4.344505,0.000122,1.534668
fineweb_edu,1337,RLB+Muon,1930,4.378074,0.000121,1.536202
fineweb_edu,1337,RLB+Muon,1940,4.324615,0.000119,1.535994
fineweb_edu,1337,RLB+Muon,1950,4.313445,0.000118,1.536727
fineweb_edu,1337,RLB+Muon,1960,4.324594,0.000116,1.532646
fineweb_edu,1337,RLB+Muon,1970,4.347452,0.000115,1.536695
fineweb_edu,1337,RLB+Muon,1980,4.361683,0.000114,1.535636
fineweb_edu,1337,RLB+Muon,1990,4.337338,0.000112,1.537636
fineweb_edu,1337,RLB+Muon,2000,4.297572,0.000111,1.535890
fineweb_edu,1337,RLB+Muon,2010,4.312988,0.000110,1.534383
fineweb_edu,1337,RLB+Muon,2020,4.315596,0.000108,1.539697
fineweb_edu,1337,RLB+Muon,2030,4.299402,0.000107,1.535930
fineweb_edu,1337,RLB+Muon,2040,4.323777,0.000106,1.535049
fineweb_edu,1337,RLB+Muon,2050,4.322025,0.000104,1.538077
fineweb_edu,1337,RLB+Muon,2060,4.282214,0.000103,1.538109
fineweb_edu,1337,RLB+Muon,2070,4.308488,0.000102,1.535547
fineweb_edu,1337,RLB+Muon,2080,4.313827,0.000100,1.535541
fineweb_edu,1337,RLB+Muon,2090,4.302514,0.000099,1.538052
fineweb_edu,1337,RLB+Muon,2100,4.289487,0.000098,1.535132
fineweb_edu,1337,RLB+Muon,2110,4.304532,0.000096,1.536363
fineweb_edu,1337,RLB+Muon,2120,4.269098,0.000095,1.536769
fineweb_edu,1337,RLB+Muon,2130,4.293857,0.000094,1.538547
fineweb_edu,1337,RLB+Muon,2140,4.300738,0.000093,1.535560
fineweb_edu,1337,RLB+Muon,2150,4.292665,0.000091,1.538500
fineweb_edu,1337,RLB+Muon,2160,4.293797,0.000090,1.537487
fineweb_edu,1337,RLB+Muon,2170,4.285595,0.000089,1.533681
fineweb_edu,1337,RLB+Muon,2180,4.271563,0.000088,1.535413
fineweb_edu,1337,RLB+Muon,2190,4.294431,0.000086,1.536294
fineweb_edu,1337,RLB+Muon,2200,4.277604,0.000085,1.533551
fineweb_edu,1337,RLB+Muon,2210,4.259564,0.000084,1.536994
fineweb_edu,1337,RLB+Muon,2220,4.262440,0.000083,1.541504
fineweb_edu,1337,RLB+Muon,2230,4.244153,0.000082,1.534022
fineweb_edu,1337,RLB+Muon,2240,4.260272,0.000080,1.535973
fineweb_edu,1337,RLB+Muon,2250,4.270389,0.000079,1.539479
fineweb_edu,1337,RLB+Muon,2260,4.271947,0.000078,1.533598
fineweb_edu,1337,RLB+Muon,2270,4.261939,0.000077,1.537996
fineweb_edu,1337,RLB+Muon,2280,4.243650,0.000076,1.539732
fineweb_edu,1337,RLB+Muon,2290,4.270179,0.000075,1.536105
fineweb_edu,1337,RLB+Muon,2300,4.252584,0.000074,1.535192
fineweb_edu,1337,RLB+Muon,2310,4.254722,0.000073,1.537790
fineweb_edu,1337,RLB+Muon,2320,4.235970,0.000072,1.534017
fineweb_edu,1337,RLB+Muon,2330,4.254779,0.000070,1.537567
fineweb_edu,1337,RLB+Muon,2340,4.209625,0.000069,1.536576
fineweb_edu,1337,RLB+Muon,2350,4.229213,0.000068,1.537046
fineweb_edu,1337,RLB+Muon,2360,4.238837,0.000067,1.534121
fineweb_edu,1337,RLB+Muon,2370,4.238443,0.000066,1.535621
fineweb_edu,1337,RLB+Muon,2380,4.219804,0.000065,1.535590
fineweb_edu,1337,RLB+Muon,2390,4.207108,0.000064,1.536002
fineweb_edu,1337,RLB+Muon,2400,4.200228,0.000063,1.536461
fineweb_edu,1337,RLB+Muon,2410,4.229627,0.000062,1.538222
fineweb_edu,1337,RLB+Muon,2420,4.225528,0.000061,1.537414
fineweb_edu,1337,RLB+Muon,2430,4.214986,0.000060,1.538010
fineweb_edu,1337,RLB+Muon,2440,4.199487,0.000059,1.537168
fineweb_edu,1337,RLB+Muon,2450,4.209560,0.000059,1.535623
fineweb_edu,1337,RLB+Muon,2460,4.224431,0.000058,1.535058
fineweb_edu,1337,RLB+Muon,2470,4.221899,0.000057,1.536102
fineweb_edu,1337,RLB+Muon,2480,4.200011,0.000056,1.533918
fineweb_edu,1337,RLB+Muon,2490,4.195271,0.000055,1.533187
fineweb_edu,1337,RLB+Muon,2500,4.214699,0.000054,1.536559
fineweb_edu,1337,RLB+Muon,2510,4.230893,0.000053,1.535553
fineweb_edu,1337,RLB+Muon,2520,4.216634,0.000052,1.537790
fineweb_edu,1337,RLB+Muon,2530,4.215090,0.000052,1.535635
fineweb_edu,1337,RLB+Muon,2540,4.224076,0.000051,1.536627
fineweb_edu,1337,RLB+Muon,2550,4.199735,0.000050,1.539746
fineweb_edu,1337,RLB+Muon,2560,4.165201,0.000049,1.536976
fineweb_edu,1337,RLB+Muon,2570,4.189985,0.000049,1.536688
fineweb_edu,1337,RLB+Muon,2580,4.190276,0.000048,1.538972
fineweb_edu,1337,RLB+Muon,2590,4.202976,0.000047,1.537311
fineweb_edu,1337,RLB+Muon,2600,4.171147,0.000046,1.534768
fineweb_edu,1337,RLB+Muon,2610,4.182289,0.000046,1.533925
fineweb_edu,1337,RLB+Muon,2620,4.171014,0.000045,1.538532
fineweb_edu,1337,RLB+Muon,2630,4.192898,0.000044,1.536998
fineweb_edu,1337,RLB+Muon,2640,4.189842,0.000044,1.537396
fineweb_edu,1337,RLB+Muon,2650,4.165305,0.000043,1.535310
fineweb_edu,1337,RLB+Muon,2660,4.180512,0.000042,1.534215
fineweb_edu,1337,RLB+Muon,2670,4.201538,0.000042,1.535593
fineweb_edu,1337,RLB+Muon,2680,4.170164,0.000041,1.534316
fineweb_edu,1337,RLB+Muon,2690,4.167137,0.000041,1.540476
fineweb_edu,1337,RLB+Muon,2700,4.200551,0.000040,1.538783
fineweb_edu,1337,RLB+Muon,2710,4.178265,0.000039,1.535468
fineweb_edu,1337,RLB+Muon,2720,4.169945,0.000039,1.536962
fineweb_edu,1337,RLB+Muon,2730,4.158259,0.000038,1.537027
fineweb_edu,1337,RLB+Muon,2740,4.178063,0.000038,1.535621
fineweb_edu,1337,RLB+Muon,2750,4.193222,0.000037,1.537441
fineweb_edu,1337,RLB+Muon,2760,4.164697,0.000037,1.534769
fineweb_edu,1337,RLB+Muon,2770,4.176425,0.000036,1.536830
fineweb_edu,1337,RLB+Muon,2780,4.179174,0.000036,1.533504
fineweb_edu,1337,RLB+Muon,2790,4.148126,0.000036,1.535144
fineweb_edu,1337,RLB+Muon,2800,4.172107,0.000035,1.536509
fineweb_edu,1337,RLB+Muon,2810,4.169282,0.000035,1.534628
fineweb_edu,1337,RLB+Muon,2820,4.164581,0.000034,1.537003
fineweb_edu,1337,RLB+Muon,2830,4.165151,0.000034,1.535554
fineweb_edu,1337,RLB+Muon,2840,4.165059,0.000034,1.535457
fineweb_edu,1337,RLB+Muon,2850,4.174265,0.000033,1.538490
fineweb_edu,1337,RLB+Muon,2860,4.137584,0.000033,1.536713
fineweb_edu,1337,RLB+Muon,2870,4.172261,0.000033,1.536399
fineweb_edu,1337,RLB+Muon,2880,4.135409,0.000032,1.534900
fineweb_edu,1337,RLB+Muon,2890,4.131112,0.000032,1.539378
fineweb_edu,1337,RLB+Muon,2900,4.161002,0.000032,1.536908
fineweb_edu,1337,RLB+Muon,2910,4.136796,0.000032,1.532889
fineweb_edu,1337,RLB+Muon,2920,4.146901,0.000031,1.535917
fineweb_edu,1337,RLB+Muon,2930,4.169936,0.000031,1.536322
fineweb_edu,1337,RLB+Muon,2940,4.168273,0.000031,1.534347
fineweb_edu,1337,RLB+Muon,2950,4.164417,0.000031,1.535714
fineweb_edu,1337,RLB+Muon,2960,4.146864,0.000031,1.533810
fineweb_edu,1337,RLB+Muon,2970,4.150105,0.000031,1.534222
fineweb_edu,1337,RLB+Muon,2980,4.135644,0.000030,1.534832
fineweb_edu,1337,RLB+Muon,2990,4.137450,0.000030,1.538438
fineweb_edu,1337,RLB+Muon,3000,4.137610,0.000030,1.536289
fineweb_edu,1337,RLB+Muon,3010,4.165857,0.000030,1.541780
fineweb_edu,1337,RLB+Muon,3020,4.158334,0.000030,1.539116
fineweb_edu,1337,RLB+Muon,3030,4.159106,0.000030,1.538957
fineweb_edu,1337,RLB+Muon,3040,4.180553,0.000030,1.537321
fineweb_edu,1337,RLB+Muon,3050,4.154965,0.000030,1.540782
fineweb_edu,1337,RLB+MatrixPolicy (group-stat),1,10.990973,0.000001,2.882092
fineweb_edu,1337,RLB+MatrixPolicy (group-stat),10,10.407478,0.000015,1.701673
fineweb_edu,1337,RLB+MatrixPolicy (group-stat),20,9.628748,0.000030,1.581660
fineweb_edu,1337,RLB+MatrixPolicy (group-stat),30,9.361478,0.000045,1.566851
fineweb_edu,1337,RLB+MatrixPolicy (group-stat),40,8.983282,0.000060,1.580856
fineweb_edu,1337,RLB+MatrixPolicy (group-stat),50,8.518214,0.000075,1.567450
fineweb_edu,1337,RLB+MatrixPolicy (group-stat),60,8.030885,0.000090,1.572463
fineweb_edu,1337,RLB+MatrixPolicy (group-stat),70,7.648125,0.000105,1.590961
fineweb_edu,1337,RLB+MatrixPolicy (group-stat),80,7.414010,0.000120,1.574867
fineweb_edu,1337,RLB+MatrixPolicy (group-stat),90,7.289161,0.000135,1.588695
fineweb_edu,1337,RLB+MatrixPolicy (group-stat),100,7.155164,0.000150,1.575686
fineweb_edu,1337,RLB+MatrixPolicy (group-stat),110,7.035000,0.000165,1.586841
fineweb_edu,1337,RLB+MatrixPolicy (group-stat),120,6.922327,0.000180,1.575033
fineweb_edu,1337,RLB+MatrixPolicy (group-stat),130,6.818968,0.000195,1.584194
fineweb_edu,1337,RLB+MatrixPolicy (group-stat),140,6.686304,0.000210,1.571651
fineweb_edu,1337,RLB+MatrixPolicy (group-stat),150,6.616344,0.000225,1.586192
fineweb_edu,1337,RLB+MatrixPolicy (group-stat),160,6.526496,0.000240,1.585710
fineweb_edu,1337,RLB+MatrixPolicy (group-stat),170,6.455161,0.000255,1.574282
fineweb_edu,1337,RLB+MatrixPolicy (group-stat),180,6.380547,0.000270,1.590586
fineweb_edu,1337,RLB+MatrixPolicy (group-stat),190,6.299678,0.000285,1.573176
fineweb_edu,1337,RLB+MatrixPolicy (group-stat),200,6.262499,0.000300,1.590173
fineweb_edu,1337,RLB+MatrixPolicy (group-stat),210,6.196714,0.000300,1.570322
fineweb_edu,1337,RLB+MatrixPolicy (group-stat),220,6.139697,0.000300,1.586638
fineweb_edu,1337,RLB+MatrixPolicy (group-stat),230,6.054551,0.000300,1.571289
fineweb_edu,1337,RLB+MatrixPolicy (group-stat),240,6.021611,0.000300,1.585294
fineweb_edu,1337,RLB+MatrixPolicy (group-stat),250,5.974672,0.000300,1.571533
fineweb_edu,1337,RLB+MatrixPolicy (group-stat),260,5.911628,0.000300,1.574120
fineweb_edu,1337,RLB+MatrixPolicy (group-stat),270,5.864105,0.000300,1.587975
fineweb_edu,1337,RLB+MatrixPolicy (group-stat),280,5.828790,0.000299,1.575357
fineweb_edu,1337,RLB+MatrixPolicy (group-stat),290,5.783808,0.000299,1.587068
fineweb_edu,1337,RLB+MatrixPolicy (group-stat),300,5.733430,0.000299,1.574868
fineweb_edu,1337,RLB+MatrixPolicy (group-stat),310,5.729300,0.000299,1.587841
fineweb_edu,1337,RLB+MatrixPolicy (group-stat),320,5.669543,0.000299,1.572902
fineweb_edu,1337,RLB+MatrixPolicy (group-stat),330,5.648626,0.000299,1.585459
fineweb_edu,1337,RLB+MatrixPolicy (group-stat),340,5.595894,0.000298,1.569191
fineweb_edu,1337,RLB+MatrixPolicy (group-stat),350,5.574947,0.000298,1.586485
fineweb_edu,1337,RLB+MatrixPolicy (group-stat),360,5.554909,0.000298,1.593667
fineweb_edu,1337,RLB+MatrixPolicy (group-stat),370,5.528657,0.000298,1.577632
fineweb_edu,1337,RLB+MatrixPolicy (group-stat),380,5.504069,0.000297,1.592974
fineweb_edu,1337,RLB+MatrixPolicy (group-stat),390,5.472081,0.000297,1.573468
fineweb_edu,1337,RLB+MatrixPolicy (group-stat),400,5.444666,0.000297,1.589883
fineweb_edu,1337,RLB+MatrixPolicy (group-stat),410,5.447478,0.000296,1.571650
fineweb_edu,1337,RLB+MatrixPolicy (group-stat),420,5.396339,0.000296,1.587059
fineweb_edu,1337,RLB+MatrixPolicy (group-stat),430,5.359372,0.000296,1.570569
fineweb_edu,1337,RLB+MatrixPolicy (group-stat),440,5.335562,0.000295,1.588873
fineweb_edu,1337,RLB+MatrixPolicy (group-stat),450,5.352048,0.000295,1.569818
fineweb_edu,1337,RLB+MatrixPolicy (group-stat),460,5.314668,0.000295,1.581368
fineweb_edu,1337,RLB+MatrixPolicy (group-stat),470,5.274341,0.000294,1.590269
fineweb_edu,1337,RLB+MatrixPolicy (group-stat),480,5.270244,0.000294,1.573785
fineweb_edu,1337,RLB+MatrixPolicy (group-stat),490,5.255093,0.000293,1.588647
fineweb_edu,1337,RLB+MatrixPolicy (group-stat),500,5.223187,0.000293,1.577821
fineweb_edu,1337,RLB+MatrixPolicy (group-stat),510,5.196648,0.000292,1.586302
fineweb_edu,1337,RLB+MatrixPolicy (group-stat),520,5.203365,0.000292,1.571411
fineweb_edu,1337,RLB+MatrixPolicy (group-stat),530,5.173408,0.000291,1.587286
fineweb_edu,1337,RLB+MatrixPolicy (group-stat),540,5.154020,0.000291,1.571365
fineweb_edu,1337,RLB+MatrixPolicy (group-stat),550,5.105164,0.000290,1.587683
fineweb_edu,1337,RLB+MatrixPolicy (group-stat),560,5.120117,0.000290,1.592978
fineweb_edu,1337,RLB+MatrixPolicy (group-stat),570,5.119003,0.000289,1.574694
fineweb_edu,1337,RLB+MatrixPolicy (group-stat),580,5.087089,0.000288,1.588471
fineweb_edu,1337,RLB+MatrixPolicy (group-stat),590,5.068851,0.000288,1.573254
fineweb_edu,1337,RLB+MatrixPolicy (group-stat),600,5.073142,0.000287,1.586819
fineweb_edu,1337,RLB+MatrixPolicy (group-stat),610,5.051532,0.000287,1.569669
fineweb_edu,1337,RLB+MatrixPolicy (group-stat),620,5.038385,0.000286,1.592100
fineweb_edu,1337,RLB+MatrixPolicy (group-stat),630,5.009742,0.000285,1.571789
fineweb_edu,1337,RLB+MatrixPolicy (group-stat),640,5.002955,0.000284,1.586657
fineweb_edu,1337,RLB+MatrixPolicy (group-stat),650,4.984272,0.000284,1.573116
fineweb_edu,1337,RLB+MatrixPolicy (group-stat),660,4.962413,0.000283,1.571581
fineweb_edu,1337,RLB+MatrixPolicy (group-stat),670,4.956203,0.000282,1.587590
fineweb_edu,1337,RLB+MatrixPolicy (group-stat),680,4.941380,0.000282,1.578006
fineweb_edu,1337,RLB+MatrixPolicy (group-stat),690,4.933043,0.000281,1.592489
fineweb_edu,1337,RLB+MatrixPolicy (group-stat),700,4.924545,0.000280,1.574901
fineweb_edu,1337,RLB+MatrixPolicy (group-stat),710,4.923898,0.000279,1.591610
fineweb_edu,1337,RLB+MatrixPolicy (group-stat),720,4.905562,0.000279,1.570174
fineweb_edu,1337,RLB+MatrixPolicy (group-stat),730,4.892873,0.000278,1.587579
fineweb_edu,1337,RLB+MatrixPolicy (group-stat),740,4.872854,0.000277,1.574399
fineweb_edu,1337,RLB+MatrixPolicy (group-stat),750,4.860775,0.000276,1.588286
fineweb_edu,1337,RLB+MatrixPolicy (group-stat),760,4.869748,0.000275,1.587880
fineweb_edu,1337,RLB+MatrixPolicy (group-stat),770,4.840209,0.000274,1.578909
fineweb_edu,1337,RLB+MatrixPolicy (group-stat),780,4.832994,0.000273,1.588544
fineweb_edu,1337,RLB+MatrixPolicy (group-stat),790,4.836126,0.000273,1.573964
fineweb_edu,1337,RLB+MatrixPolicy (group-stat),800,4.838155,0.000272,1.594552
fineweb_edu,1337,RLB+MatrixPolicy (group-stat),810,4.833001,0.000271,1.577325
fineweb_edu,1337,RLB+MatrixPolicy (group-stat),820,4.822493,0.000270,1.589816
fineweb_edu,1337,RLB+MatrixPolicy (group-stat),830,4.814424,0.000269,1.573533
fineweb_edu,1337,RLB+MatrixPolicy (group-stat),840,4.789708,0.000268,1.589591
fineweb_edu,1337,RLB+MatrixPolicy (group-stat),850,4.782784,0.000267,1.569834
fineweb_edu,1337,RLB+MatrixPolicy (group-stat),860,4.785485,0.000266,1.574646
fineweb_edu,1337,RLB+MatrixPolicy (group-stat),870,4.749228,0.000265,1.588963
fineweb_edu,1337,RLB+MatrixPolicy (group-stat),880,4.773181,0.000264,1.569659
fineweb_edu,1337,RLB+MatrixPolicy (group-stat),890,4.727291,0.000263,1.588152
fineweb_edu,1337,RLB+MatrixPolicy (group-stat),900,4.735880,0.000262,1.579825
fineweb_edu,1337,RLB+MatrixPolicy (group-stat),910,4.774438,0.000261,1.587056
fineweb_edu,1337,RLB+MatrixPolicy (group-stat),920,4.722102,0.000260,1.570926
fineweb_edu,1337,RLB+MatrixPolicy (group-stat),930,4.711219,0.000259,1.585134
fineweb_edu,1337,RLB+MatrixPolicy (group-stat),940,4.707081,0.000258,1.574526
fineweb_edu,1337,RLB+MatrixPolicy (group-stat),950,4.727716,0.000257,1.592309
fineweb_edu,1337,RLB+MatrixPolicy (group-stat),960,4.697902,0.000255,1.588196
fineweb_edu,1337,RLB+MatrixPolicy (group-stat),970,4.714825,0.000254,1.574991
fineweb_edu,1337,RLB+MatrixPolicy (group-stat),980,4.665591,0.000253,1.592358
fineweb_edu,1337,RLB+MatrixPolicy (group-stat),990,4.668144,0.000252,1.567637
fineweb_edu,1337,RLB+MatrixPolicy (group-stat),1000,4.659082,0.000251,1.593675
fineweb_edu,1337,RLB+MatrixPolicy (group-stat),1010,4.678192,0.000250,1.573297
fineweb_edu,1337,RLB+MatrixPolicy (group-stat),1020,4.663378,0.000249,1.586017
fineweb_edu,1337,RLB+MatrixPolicy (group-stat),1030,4.665250,0.000247,1.573860
fineweb_edu,1337,RLB+MatrixPolicy (group-stat),1040,4.647698,0.000246,1.587290
fineweb_edu,1337,RLB+MatrixPolicy (group-stat),1050,4.640564,0.000245,1.569796
fineweb_edu,1337,RLB+MatrixPolicy (group-stat),1060,4.617916,0.000244,1.577899
fineweb_edu,1337,RLB+MatrixPolicy (group-stat),1070,4.620754,0.000243,1.590114
fineweb_edu,1337,RLB+MatrixPolicy (group-stat),1080,4.601977,0.000241,1.575295
fineweb_edu,1337,RLB+MatrixPolicy (group-stat),1090,4.599661,0.000240,1.587703
fineweb_edu,1337,RLB+MatrixPolicy (group-stat),1100,4.592768,0.000239,1.569631
fineweb_edu,1337,RLB+MatrixPolicy (group-stat),1110,4.583797,0.000238,1.585680
fineweb_edu,1337,RLB+MatrixPolicy (group-stat),1120,4.550467,0.000236,1.576117
fineweb_edu,1337,RLB+MatrixPolicy (group-stat),1130,4.576406,0.000235,1.588480
fineweb_edu,1337,RLB+MatrixPolicy (group-stat),1140,4.579582,0.000234,1.573533
fineweb_edu,1337,RLB+MatrixPolicy (group-stat),1150,4.540322,0.000233,1.587643
fineweb_edu,1337,RLB+MatrixPolicy (group-stat),1160,4.553451,0.000231,1.587184
fineweb_edu,1337,RLB+MatrixPolicy (group-stat),1170,4.525502,0.000230,1.574856
fineweb_edu,1337,RLB+MatrixPolicy (group-stat),1180,4.520279,0.000229,1.599567
fineweb_edu,1337,RLB+MatrixPolicy (group-stat),1190,4.531051,0.000227,1.575391
fineweb_edu,1337,RLB+MatrixPolicy (group-stat),1200,4.543622,0.000226,1.589399
fineweb_edu,1337,RLB+MatrixPolicy (group-stat),1210,4.499412,0.000225,1.573968
fineweb_edu,1337,RLB+MatrixPolicy (group-stat),1220,4.517200,0.000223,1.584337
fineweb_edu,1337,RLB+MatrixPolicy (group-stat),1230,4.491712,0.000222,1.568279
fineweb_edu,1337,RLB+MatrixPolicy (group-stat),1240,4.496188,0.000221,1.589357
fineweb_edu,1337,RLB+MatrixPolicy (group-stat),1250,4.479168,0.000219,1.574591
fineweb_edu,1337,RLB+MatrixPolicy (group-stat),1260,4.466553,0.000218,1.575451
fineweb_edu,1337,RLB+MatrixPolicy (group-stat),1270,4.474086,0.000217,1.591057
fineweb_edu,1337,RLB+MatrixPolicy (group-stat),1280,4.450032,0.000215,1.576086
fineweb_edu,1337,RLB+MatrixPolicy (group-stat),1290,4.450327,0.000214,1.585006
fineweb_edu,1337,RLB+MatrixPolicy (group-stat),1300,4.445005,0.000212,1.576816
fineweb_edu,1337,RLB+MatrixPolicy (group-stat),1310,4.418984,0.000211,1.590053
fineweb_edu,1337,RLB+MatrixPolicy (group-stat),1320,4.433182,0.000210,1.574320
fineweb_edu,1337,RLB+MatrixPolicy (group-stat),1330,4.448913,0.000208,1.587984
fineweb_edu,1337,RLB+MatrixPolicy (group-stat),1340,4.436785,0.000207,1.572892
fineweb_edu,1337,RLB+MatrixPolicy (group-stat),1350,4.412015,0.000205,1.586190
fineweb_edu,1337,RLB+MatrixPolicy (group-stat),1360,4.407527,0.000204,1.587592
fineweb_edu,1337,RLB+MatrixPolicy (group-stat),1370,4.414828,0.000203,1.574325
fineweb_edu,1337,RLB+MatrixPolicy (group-stat),1380,4.370146,0.000201,1.587882
fineweb_edu,1337,RLB+MatrixPolicy (group-stat),1390,4.371547,0.000200,1.573151
fineweb_edu,1337,RLB+MatrixPolicy (group-stat),1400,4.376243,0.000198,1.587433
fineweb_edu,1337,RLB+MatrixPolicy (group-stat),1410,4.372113,0.000197,1.573418
fineweb_edu,1337,RLB+MatrixPolicy (group-stat),1420,4.367937,0.000195,1.588012
fineweb_edu,1337,RLB+MatrixPolicy (group-stat),1430,4.355595,0.000194,1.573041
fineweb_edu,1337,RLB+MatrixPolicy (group-stat),1440,4.340898,0.000192,1.589889
fineweb_edu,1337,RLB+MatrixPolicy (group-stat),1450,4.356764,0.000191,1.573320
fineweb_edu,1337,RLB+MatrixPolicy (group-stat),1460,4.326794,0.000190,1.574155
fineweb_edu,1337,RLB+MatrixPolicy (group-stat),1470,4.362504,0.000188,1.590390
fineweb_edu,1337,RLB+MatrixPolicy (group-stat),1480,4.325244,0.000187,1.574164
fineweb_edu,1337,RLB+MatrixPolicy (group-stat),1490,4.337688,0.000185,1.588855
fineweb_edu,1337,RLB+MatrixPolicy (group-stat),1500,4.321745,0.000184,1.576203
fineweb_edu,1337,RLB+MatrixPolicy (group-stat),1510,4.332573,0.000182,1.588357
fineweb_edu,1337,RLB+MatrixPolicy (group-stat),1520,4.365054,0.000181,1.572314
fineweb_edu,1337,RLB+MatrixPolicy (group-stat),1530,4.335843,0.000179,1.588762
fineweb_edu,1337,RLB+MatrixPolicy (group-stat),1540,4.299024,0.000178,1.569437
fineweb_edu,1337,RLB+MatrixPolicy (group-stat),1550,4.296022,0.000176,1.586584
fineweb_edu,1337,RLB+MatrixPolicy (group-stat),1560,4.291892,0.000175,1.590821
fineweb_edu,1337,RLB+MatrixPolicy (group-stat),1570,4.292898,0.000173,1.574746
fineweb_edu,1337,RLB+MatrixPolicy (group-stat),1580,4.303890,0.000172,1.588170
fineweb_edu,1337,RLB+MatrixPolicy (group-stat),1590,4.291087,0.000170,1.576060
fineweb_edu,1337,RLB+MatrixPolicy (group-stat),1600,4.295026,0.000169,1.588683
fineweb_edu,1337,RLB+MatrixPolicy (group-stat),1610,4.266368,0.000167,1.568797
fineweb_edu,1337,RLB+MatrixPolicy (group-stat),1620,4.283196,0.000166,1.586468
fineweb_edu,1337,RLB+MatrixPolicy (group-stat),1630,4.239917,0.000164,1.572715
fineweb_edu,1337,RLB+MatrixPolicy (group-stat),1640,4.262279,0.000163,1.586620
fineweb_edu,1337,RLB+MatrixPolicy (group-stat),1650,4.270011,0.000161,1.571084
fineweb_edu,1337,RLB+MatrixPolicy (group-stat),1660,4.248592,0.000160,1.573201
fineweb_edu,1337,RLB+MatrixPolicy (group-stat),1670,4.286236,0.000158,1.585267
fineweb_edu,1337,RLB+MatrixPolicy (group-stat),1680,4.250741,0.000157,1.578387
fineweb_edu,1337,RLB+MatrixPolicy (group-stat),1690,4.230632,0.000155,1.591840
fineweb_edu,1337,RLB+MatrixPolicy (group-stat),1700,4.227154,0.000154,1.572277
fineweb_edu,1337,RLB+MatrixPolicy (group-stat),1710,4.235146,0.000153,1.587366
fineweb_edu,1337,RLB+MatrixPolicy (group-stat),1720,4.220608,0.000151,1.571698
fineweb_edu,1337,RLB+MatrixPolicy (group-stat),1730,4.240333,0.000150,1.584816
fineweb_edu,1337,RLB+MatrixPolicy (group-stat),1740,4.213863,0.000148,1.573484
fineweb_edu,1337,RLB+MatrixPolicy (group-stat),1750,4.239572,0.000147,1.589252
fineweb_edu,1337,RLB+MatrixPolicy (group-stat),1760,4.205032,0.000145,1.590481
fineweb_edu,1337,RLB+MatrixPolicy (group-stat),1770,4.228038,0.000144,1.574996
fineweb_edu,1337,RLB+MatrixPolicy (group-stat),1780,4.205472,0.000142,1.588717
fineweb_edu,1337,RLB+MatrixPolicy (group-stat),1790,4.219492,0.000141,1.571826
fineweb_edu,1337,RLB+MatrixPolicy (group-stat),1800,4.202718,0.000139,1.588326
fineweb_edu,1337,RLB+MatrixPolicy (group-stat),1810,4.185349,0.000138,1.573213
fineweb_edu,1337,RLB+MatrixPolicy (group-stat),1820,4.194959,0.000136,1.588489
fineweb_edu,1337,RLB+MatrixPolicy (group-stat),1830,4.210271,0.000135,1.573878
fineweb_edu,1337,RLB+MatrixPolicy (group-stat),1840,4.175142,0.000133,1.584876
fineweb_edu,1337,RLB+MatrixPolicy (group-stat),1850,4.201552,0.000132,1.570147
fineweb_edu,1337,RLB+MatrixPolicy (group-stat),1860,4.157090,0.000131,1.570818
fineweb_edu,1337,RLB+MatrixPolicy (group-stat),1870,4.188248,0.000129,1.586850
fineweb_edu,1337,RLB+MatrixPolicy (group-stat),1880,4.196635,0.000128,1.573600
fineweb_edu,1337,RLB+MatrixPolicy (group-stat),1890,4.207692,0.000126,1.601099
fineweb_edu,1337,RLB+MatrixPolicy (group-stat),1900,4.193505,0.000125,1.575573
fineweb_edu,1337,RLB+MatrixPolicy (group-stat),1910,4.170419,0.000123,1.585823
fineweb_edu,1337,RLB+MatrixPolicy (group-stat),1920,4.156654,0.000122,1.574764
fineweb_edu,1337,RLB+MatrixPolicy (group-stat),1930,4.183770,0.000121,1.587462
fineweb_edu,1337,RLB+MatrixPolicy (group-stat),1940,4.142098,0.000119,1.571580
fineweb_edu,1337,RLB+MatrixPolicy (group-stat),1950,4.130776,0.000118,1.589376
fineweb_edu,1337,RLB+MatrixPolicy (group-stat),1960,4.138228,0.000116,1.588212
fineweb_edu,1337,RLB+MatrixPolicy (group-stat),1970,4.159697,0.000115,1.571743
fineweb_edu,1337,RLB+MatrixPolicy (group-stat),1980,4.173055,0.000114,1.588095
fineweb_edu,1337,RLB+MatrixPolicy (group-stat),1990,4.155553,0.000112,1.574451
fineweb_edu,1337,RLB+MatrixPolicy (group-stat),2000,4.110564,0.000111,1.584644
fineweb_edu,1337,RLB+MatrixPolicy (group-stat),2010,4.132553,0.000110,1.572600
fineweb_edu,1337,RLB+MatrixPolicy (group-stat),2020,4.131161,0.000108,1.587497
fineweb_edu,1337,RLB+MatrixPolicy (group-stat),2030,4.113701,0.000107,1.570031
fineweb_edu,1337,RLB+MatrixPolicy (group-stat),2040,4.138180,0.000106,1.586033
fineweb_edu,1337,RLB+MatrixPolicy (group-stat),2050,4.135347,0.000104,1.570013
fineweb_edu,1337,RLB+MatrixPolicy (group-stat),2060,4.097805,0.000103,1.573565
fineweb_edu,1337,RLB+MatrixPolicy (group-stat),2070,4.121409,0.000102,1.591701
fineweb_edu,1337,RLB+MatrixPolicy (group-stat),2080,4.129888,0.000100,1.573261
fineweb_edu,1337,RLB+MatrixPolicy (group-stat),2090,4.112256,0.000099,1.587066
fineweb_edu,1337,RLB+MatrixPolicy (group-stat),2100,4.108033,0.000098,1.573834
fineweb_edu,1337,RLB+MatrixPolicy (group-stat),2110,4.118903,0.000096,1.585151
fineweb_edu,1337,RLB+MatrixPolicy (group-stat),2120,4.083118,0.000095,1.575727
fineweb_edu,1337,RLB+MatrixPolicy (group-stat),2130,4.110748,0.000094,1.589910
fineweb_edu,1337,RLB+MatrixPolicy (group-stat),2140,4.116346,0.000093,1.575134
fineweb_edu,1337,RLB+MatrixPolicy (group-stat),2150,4.109899,0.000091,1.591371
fineweb_edu,1337,RLB+MatrixPolicy (group-stat),2160,4.109303,0.000090,1.594654
fineweb_edu,1337,RLB+MatrixPolicy (group-stat),2170,4.099488,0.000089,1.577679
fineweb_edu,1337,RLB+MatrixPolicy (group-stat),2180,4.089295,0.000088,1.596900
fineweb_edu,1337,RLB+MatrixPolicy (group-stat),2190,4.103360,0.000086,1.577910
fineweb_edu,1337,RLB+MatrixPolicy (group-stat),2200,4.094347,0.000085,1.595449
fineweb_edu,1337,RLB+MatrixPolicy (group-stat),2210,4.080054,0.000084,1.575384
fineweb_edu,1337,RLB+MatrixPolicy (group-stat),2220,4.074949,0.000083,1.588251
fineweb_edu,1337,RLB+MatrixPolicy (group-stat),2230,4.062343,0.000082,1.571779
fineweb_edu,1337,RLB+MatrixPolicy (group-stat),2240,4.073557,0.000080,1.590370
fineweb_edu,1337,RLB+MatrixPolicy (group-stat),2250,4.084838,0.000079,1.588253
fineweb_edu,1337,RLB+MatrixPolicy (group-stat),2260,4.090596,0.000078,1.579111
fineweb_edu,1337,RLB+MatrixPolicy (group-stat),2270,4.074298,0.000077,1.588880
fineweb_edu,1337,RLB+MatrixPolicy (group-stat),2280,4.062959,0.000076,1.572012
fineweb_edu,1337,RLB+MatrixPolicy (group-stat),2290,4.087571,0.000075,1.586950
fineweb_edu,1337,RLB+MatrixPolicy (group-stat),2300,4.069304,0.000074,1.573791
fineweb_edu,1337,RLB+MatrixPolicy (group-stat),2310,4.069775,0.000073,1.586000
fineweb_edu,1337,RLB+MatrixPolicy (group-stat),2320,4.052187,0.000072,1.573157
fineweb_edu,1337,RLB+MatrixPolicy (group-stat),2330,4.072611,0.000070,1.587957
fineweb_edu,1337,RLB+MatrixPolicy (group-stat),2340,4.024239,0.000069,1.570820
fineweb_edu,1337,RLB+MatrixPolicy (group-stat),2350,4.048167,0.000068,1.584687
fineweb_edu,1337,RLB+MatrixPolicy (group-stat),2360,4.059558,0.000067,1.593345
fineweb_edu,1337,RLB+MatrixPolicy (group-stat),2370,4.052366,0.000066,1.574901
fineweb_edu,1337,RLB+MatrixPolicy (group-stat),2380,4.034059,0.000065,1.588336
fineweb_edu,1337,RLB+MatrixPolicy (group-stat),2390,4.023745,0.000064,1.579890
fineweb_edu,1337,RLB+MatrixPolicy (group-stat),2400,4.020132,0.000063,1.588242
fineweb_edu,1337,RLB+MatrixPolicy (group-stat),2410,4.044280,0.000062,1.571961
fineweb_edu,1337,RLB+MatrixPolicy (group-stat),2420,4.037231,0.000061,1.588458
fineweb_edu,1337,RLB+MatrixPolicy (group-stat),2430,4.028533,0.000060,1.573755
fineweb_edu,1337,RLB+MatrixPolicy (group-stat),2440,4.013016,0.000059,1.585208
fineweb_edu,1337,RLB+MatrixPolicy (group-stat),2450,4.026216,0.000059,1.574259
fineweb_edu,1337,RLB+MatrixPolicy (group-stat),2460,4.035873,0.000058,1.571070
fineweb_edu,1337,RLB+MatrixPolicy (group-stat),2470,4.036691,0.000057,1.586650
fineweb_edu,1337,RLB+MatrixPolicy (group-stat),2480,4.017624,0.000056,1.574279
fineweb_edu,1337,RLB+MatrixPolicy (group-stat),2490,4.013622,0.000055,1.587583
fineweb_edu,1337,RLB+MatrixPolicy (group-stat),2500,4.027104,0.000054,1.573174
fineweb_edu,1337,RLB+MatrixPolicy (group-stat),2510,4.041123,0.000053,1.586764
fineweb_edu,1337,RLB+MatrixPolicy (group-stat),2520,4.031678,0.000052,1.571353
fineweb_edu,1337,RLB+MatrixPolicy (group-stat),2530,4.026224,0.000052,1.586722
fineweb_edu,1337,RLB+MatrixPolicy (group-stat),2540,4.031642,0.000051,1.573083
fineweb_edu,1337,RLB+MatrixPolicy (group-stat),2550,4.011683,0.000050,1.601477
fineweb_edu,1337,RLB+MatrixPolicy (group-stat),2560,3.980030,0.000049,1.587221
fineweb_edu,1337,RLB+MatrixPolicy (group-stat),2570,4.003683,0.000049,1.576547
fineweb_edu,1337,RLB+MatrixPolicy (group-stat),2580,4.004021,0.000048,1.589637
fineweb_edu,1337,RLB+MatrixPolicy (group-stat),2590,4.014130,0.000047,1.579042
fineweb_edu,1337,RLB+MatrixPolicy (group-stat),2600,3.989169,0.000046,1.598917
fineweb_edu,1337,RLB+MatrixPolicy (group-stat),2610,3.993731,0.000046,1.569082
fineweb_edu,1337,RLB+MatrixPolicy (group-stat),2620,3.988576,0.000045,1.587415
fineweb_edu,1337,RLB+MatrixPolicy (group-stat),2630,4.006796,0.000044,1.573164
fineweb_edu,1337,RLB+MatrixPolicy (group-stat),2640,4.003889,0.000044,1.583448
fineweb_edu,1337,RLB+MatrixPolicy (group-stat),2650,3.976768,0.000043,1.571717
fineweb_edu,1337,RLB+MatrixPolicy (group-stat),2660,3.994581,0.000042,1.577214
fineweb_edu,1337,RLB+MatrixPolicy (group-stat),2670,4.019168,0.000042,1.585431
fineweb_edu,1337,RLB+MatrixPolicy (group-stat),2680,3.983235,0.000041,1.571978
fineweb_edu,1337,RLB+MatrixPolicy (group-stat),2690,3.975790,0.000041,1.591010
fineweb_edu,1337,RLB+MatrixPolicy (group-stat),2700,4.015042,0.000040,1.573788
fineweb_edu,1337,RLB+MatrixPolicy (group-stat),2710,3.988184,0.000039,1.584487
fineweb_edu,1337,RLB+MatrixPolicy (group-stat),2720,3.984428,0.000039,1.574245
fineweb_edu,1337,RLB+MatrixPolicy (group-stat),2730,3.971326,0.000038,1.593458
fineweb_edu,1337,RLB+MatrixPolicy (group-stat),2740,3.989218,0.000038,1.573264
fineweb_edu,1337,RLB+MatrixPolicy (group-stat),2750,3.999464,0.000037,1.588852
fineweb_edu,1337,RLB+MatrixPolicy (group-stat),2760,3.973039,0.000037,1.591092
fineweb_edu,1337,RLB+MatrixPolicy (group-stat),2770,3.988449,0.000036,1.573562
fineweb_edu,1337,RLB+MatrixPolicy (group-stat),2780,3.988271,0.000036,1.606149
fineweb_edu,1337,RLB+MatrixPolicy (group-stat),2790,3.955537,0.000036,1.571085
fineweb_edu,1337,RLB+MatrixPolicy (group-stat),2800,3.983995,0.000035,1.582644
fineweb_edu,1337,RLB+MatrixPolicy (group-stat),2810,3.984759,0.000035,1.571723
fineweb_edu,1337,RLB+MatrixPolicy (group-stat),2820,3.978182,0.000034,1.587000
fineweb_edu,1337,RLB+MatrixPolicy (group-stat),2830,3.975460,0.000034,1.568187
fineweb_edu,1337,RLB+MatrixPolicy (group-stat),2840,3.977704,0.000034,1.586910
fineweb_edu,1337,RLB+MatrixPolicy (group-stat),2850,3.980819,0.000033,1.568214
fineweb_edu,1337,RLB+MatrixPolicy (group-stat),2860,3.946499,0.000033,1.570659
fineweb_edu,1337,RLB+MatrixPolicy (group-stat),2870,3.980995,0.000033,1.580266
fineweb_edu,1337,RLB+MatrixPolicy (group-stat),2880,3.947953,0.000032,1.570851
fineweb_edu,1337,RLB+MatrixPolicy (group-stat),2890,3.946755,0.000032,1.589039
fineweb_edu,1337,RLB+MatrixPolicy (group-stat),2900,3.969773,0.000032,1.574683
fineweb_edu,1337,RLB+MatrixPolicy (group-stat),2910,3.945312,0.000032,1.582747
fineweb_edu,1337,RLB+MatrixPolicy (group-stat),2920,3.960779,0.000031,1.570040
fineweb_edu,1337,RLB+MatrixPolicy (group-stat),2930,3.977026,0.000031,1.584737
fineweb_edu,1337,RLB+MatrixPolicy (group-stat),2940,3.976248,0.000031,1.569675
fineweb_edu,1337,RLB+MatrixPolicy (group-stat),2950,3.975846,0.000031,1.587322
fineweb_edu,1337,RLB+MatrixPolicy (group-stat),2960,3.959050,0.000031,1.586583
fineweb_edu,1337,RLB+MatrixPolicy (group-stat),2970,3.960887,0.000031,1.572382
fineweb_edu,1337,RLB+MatrixPolicy (group-stat),2980,3.946339,0.000030,1.587447
fineweb_edu,1337,RLB+MatrixPolicy (group-stat),2990,3.945266,0.000030,1.573808
fineweb_edu,1337,RLB+MatrixPolicy (group-stat),3000,3.946658,0.000030,1.589540
fineweb_edu,1337,RLB+MatrixPolicy (group-stat),3010,3.976699,0.000030,1.572858
fineweb_edu,1337,RLB+MatrixPolicy (group-stat),3020,3.965145,0.000030,1.582489
fineweb_edu,1337,RLB+MatrixPolicy (group-stat),3030,3.968698,0.000030,1.572253
fineweb_edu,1337,RLB+MatrixPolicy (group-stat),3040,3.988255,0.000030,1.586852
fineweb_edu,1337,RLB+MatrixPolicy (group-stat),3050,3.961195,0.000030,1.573109
fineweb_edu,2027,SiLU+AdamW,1,10.982267,0.000001,2.790957
fineweb_edu,2027,SiLU+AdamW,10,10.850476,0.000015,1.676720
fineweb_edu,2027,SiLU+AdamW,20,10.142399,0.000030,1.744476
fineweb_edu,2027,SiLU+AdamW,30,9.521593,0.000045,1.830095
fineweb_edu,2027,SiLU+AdamW,40,9.172964,0.000060,1.817770
fineweb_edu,2027,SiLU+AdamW,50,8.761256,0.000075,1.658468
fineweb_edu,2027,SiLU+AdamW,60,8.341496,0.000090,1.884623
fineweb_edu,2027,SiLU+AdamW,70,7.927548,0.000105,1.657803
fineweb_edu,2027,SiLU+AdamW,80,7.669137,0.000120,1.499859
fineweb_edu,2027,SiLU+AdamW,90,7.540359,0.000135,1.728118
fineweb_edu,2027,SiLU+AdamW,100,7.390508,0.000150,1.753703
fineweb_edu,2027,SiLU+AdamW,110,7.240886,0.000165,1.688952
fineweb_edu,2027,SiLU+AdamW,120,7.126293,0.000180,1.815242
fineweb_edu,2027,SiLU+AdamW,130,7.003069,0.000195,1.752743
fineweb_edu,2027,SiLU+AdamW,140,6.911282,0.000210,1.678985
fineweb_edu,2027,SiLU+AdamW,150,6.829405,0.000225,1.630097
fineweb_edu,2027,SiLU+AdamW,160,6.701253,0.000240,1.631729
fineweb_edu,2027,SiLU+AdamW,170,6.624769,0.000255,1.895698
fineweb_edu,2027,SiLU+AdamW,180,6.568543,0.000270,1.770466
fineweb_edu,2027,SiLU+AdamW,190,6.460719,0.000285,1.634362
fineweb_edu,2027,SiLU+AdamW,200,6.415567,0.000300,1.747978
fineweb_edu,2027,SiLU+AdamW,210,6.352184,0.000300,1.756751
fineweb_edu,2027,SiLU+AdamW,220,6.286652,0.000300,1.502811
fineweb_edu,2027,SiLU+AdamW,230,6.240523,0.000300,1.770511
fineweb_edu,2027,SiLU+AdamW,240,6.182596,0.000300,1.922155
fineweb_edu,2027,SiLU+AdamW,250,6.145828,0.000300,1.754133
fineweb_edu,2027,SiLU+AdamW,260,6.098962,0.000300,1.667691
fineweb_edu,2027,SiLU+AdamW,270,6.051359,0.000300,1.701824
fineweb_edu,2027,SiLU+AdamW,280,6.007357,0.000299,1.684777
fineweb_edu,2027,SiLU+AdamW,290,5.980180,0.000299,1.537557
fineweb_edu,2027,SiLU+AdamW,300,5.921181,0.000299,1.905536
fineweb_edu,2027,SiLU+AdamW,310,5.891205,0.000299,1.845524
fineweb_edu,2027,SiLU+AdamW,320,5.844854,0.000299,1.656454
fineweb_edu,2027,SiLU+AdamW,330,5.804616,0.000299,1.726546
fineweb_edu,2027,SiLU+AdamW,340,5.784864,0.000298,1.661277
fineweb_edu,2027,SiLU+AdamW,350,5.777442,0.000298,1.573244
fineweb_edu,2027,SiLU+AdamW,360,5.725093,0.000298,1.785347
fineweb_edu,2027,SiLU+AdamW,370,5.682928,0.000298,1.749140
fineweb_edu,2027,SiLU+AdamW,380,5.664416,0.000297,1.694872
fineweb_edu,2027,SiLU+AdamW,390,5.630623,0.000297,1.687381
fineweb_edu,2027,SiLU+AdamW,400,5.599428,0.000297,1.608153
fineweb_edu,2027,SiLU+AdamW,410,5.606985,0.000296,1.649393
fineweb_edu,2027,SiLU+AdamW,420,5.562226,0.000296,1.932416
fineweb_edu,2027,SiLU+AdamW,430,5.554288,0.000296,1.655658
fineweb_edu,2027,SiLU+AdamW,440,5.509919,0.000295,1.588303
fineweb_edu,2027,SiLU+AdamW,450,5.519217,0.000295,1.737947
fineweb_edu,2027,SiLU+AdamW,460,5.489542,0.000295,1.640498
fineweb_edu,2027,SiLU+AdamW,470,5.458274,0.000294,1.860802
fineweb_edu,2027,SiLU+AdamW,480,5.433311,0.000294,2.071244
fineweb_edu,2027,SiLU+AdamW,490,5.423099,0.000293,1.717958
fineweb_edu,2027,SiLU+AdamW,500,5.414681,0.000293,1.615173
fineweb_edu,2027,SiLU+AdamW,510,5.377554,0.000292,1.589851
fineweb_edu,2027,SiLU+AdamW,520,5.374144,0.000292,1.694297
fineweb_edu,2027,SiLU+AdamW,530,5.355161,0.000291,1.742790
fineweb_edu,2027,SiLU+AdamW,540,5.324285,0.000291,1.831478
fineweb_edu,2027,SiLU+AdamW,550,5.314914,0.000290,1.738461
fineweb_edu,2027,SiLU+AdamW,560,5.293839,0.000290,1.591076
fineweb_edu,2027,SiLU+AdamW,570,5.278810,0.000289,1.556078
fineweb_edu,2027,SiLU+AdamW,580,5.280190,0.000288,1.709652
fineweb_edu,2027,SiLU+AdamW,590,5.262697,0.000288,1.956163
fineweb_edu,2027,SiLU+AdamW,600,5.240133,0.000287,1.897132
fineweb_edu,2027,SiLU+AdamW,610,5.216796,0.000287,1.693323
fineweb_edu,2027,SiLU+AdamW,620,5.189660,0.000286,1.640937
fineweb_edu,2027,SiLU+AdamW,630,5.224726,0.000285,1.560738
fineweb_edu,2027,SiLU+AdamW,640,5.158826,0.000284,1.778052
fineweb_edu,2027,SiLU+AdamW,650,5.160986,0.000284,1.768425
fineweb_edu,2027,SiLU+AdamW,660,5.185645,0.000283,2.065462
fineweb_edu,2027,SiLU+AdamW,670,5.112694,0.000282,1.679847
fineweb_edu,2027,SiLU+AdamW,680,5.139571,0.000282,1.571889
fineweb_edu,2027,SiLU+AdamW,690,5.120454,0.000281,1.564405
fineweb_edu,2027,SiLU+AdamW,700,5.113853,0.000280,1.654119
fineweb_edu,2027,SiLU+AdamW,710,5.101598,0.000279,1.872905
fineweb_edu,2027,SiLU+AdamW,720,5.078546,0.000279,1.940429
fineweb_edu,2027,SiLU+AdamW,730,5.102354,0.000278,1.714463
fineweb_edu,2027,SiLU+AdamW,740,5.051387,0.000277,1.640183
fineweb_edu,2027,SiLU+AdamW,750,5.039725,0.000276,1.617722
fineweb_edu,2027,SiLU+AdamW,760,5.033750,0.000275,1.668142
fineweb_edu,2027,SiLU+AdamW,770,5.034461,0.000274,1.603253
fineweb_edu,2027,SiLU+AdamW,780,5.018468,0.000273,2.031617
fineweb_edu,2027,SiLU+AdamW,790,5.001383,0.000273,1.649310
fineweb_edu,2027,SiLU+AdamW,800,4.974172,0.000272,1.555574
fineweb_edu,2027,SiLU+AdamW,810,5.014269,0.000271,1.693085
fineweb_edu,2027,SiLU+AdamW,820,4.967309,0.000270,1.641168
fineweb_edu,2027,SiLU+AdamW,830,4.957494,0.000269,1.876672
fineweb_edu,2027,SiLU+AdamW,840,4.943706,0.000268,1.778642
fineweb_edu,2027,SiLU+AdamW,850,4.947951,0.000267,1.698532
fineweb_edu,2027,SiLU+AdamW,860,4.922625,0.000266,1.812585
fineweb_edu,2027,SiLU+AdamW,870,4.927234,0.000265,1.876943
fineweb_edu,2027,SiLU+AdamW,880,4.895392,0.000264,1.917943
fineweb_edu,2027,SiLU+AdamW,890,4.875579,0.000263,1.846458
fineweb_edu,2027,SiLU+AdamW,900,4.876057,0.000262,1.774593
fineweb_edu,2027,SiLU+AdamW,910,4.868290,0.000261,1.878273
fineweb_edu,2027,SiLU+AdamW,920,4.871791,0.000260,1.732235
fineweb_edu,2027,SiLU+AdamW,930,4.870542,0.000259,1.943189
fineweb_edu,2027,SiLU+AdamW,940,4.840020,0.000258,1.952921
fineweb_edu,2027,SiLU+AdamW,950,4.849733,0.000257,1.762384
fineweb_edu,2027,SiLU+AdamW,960,4.822961,0.000255,1.641688
fineweb_edu,2027,SiLU+AdamW,970,4.836219,0.000254,1.658191
fineweb_edu,2027,SiLU+AdamW,980,4.817333,0.000253,1.809099
fineweb_edu,2027,SiLU+AdamW,990,4.804588,0.000252,1.785199
fineweb_edu,2027,SiLU+AdamW,1000,4.781479,0.000251,1.780234
fineweb_edu,2027,SiLU+AdamW,1010,4.792663,0.000250,1.829346
fineweb_edu,2027,SiLU+AdamW,1020,4.774731,0.000249,1.826128
fineweb_edu,2027,SiLU+AdamW,1030,4.771336,0.000247,1.845812
fineweb_edu,2027,SiLU+AdamW,1040,4.742591,0.000246,1.693297
fineweb_edu,2027,SiLU+AdamW,1050,4.752745,0.000245,1.940706
fineweb_edu,2027,SiLU+AdamW,1060,4.744477,0.000244,1.911245
fineweb_edu,2027,SiLU+AdamW,1070,4.726252,0.000243,1.843215
fineweb_edu,2027,SiLU+AdamW,1080,4.754604,0.000241,1.915890
fineweb_edu,2027,SiLU+AdamW,1090,4.721306,0.000240,1.862669
fineweb_edu,2027,SiLU+AdamW,1100,4.715895,0.000239,1.871524
fineweb_edu,2027,SiLU+AdamW,1110,4.706742,0.000238,2.004282
fineweb_edu,2027,SiLU+AdamW,1120,4.673792,0.000236,1.924112
fineweb_edu,2027,SiLU+AdamW,1130,4.700182,0.000235,1.890733
fineweb_edu,2027,SiLU+AdamW,1140,4.672192,0.000234,1.930723
fineweb_edu,2027,SiLU+AdamW,1150,4.674884,0.000233,1.921259
fineweb_edu,2027,SiLU+AdamW,1160,4.677547,0.000231,1.845500
fineweb_edu,2027,SiLU+AdamW,1170,4.666139,0.000230,1.696414
fineweb_edu,2027,SiLU+AdamW,1180,4.660114,0.000229,1.736140
fineweb_edu,2027,SiLU+AdamW,1190,4.657893,0.000227,1.787631
fineweb_edu,2027,SiLU+AdamW,1200,4.630281,0.000226,2.020910
fineweb_edu,2027,SiLU+AdamW,1210,4.660525,0.000225,1.977058
fineweb_edu,2027,SiLU+AdamW,1220,4.615233,0.000223,1.770135
fineweb_edu,2027,SiLU+AdamW,1230,4.615733,0.000222,1.645806
fineweb_edu,2027,SiLU+AdamW,1240,4.611282,0.000221,1.881097
fineweb_edu,2027,SiLU+AdamW,1250,4.593879,0.000219,2.018396
fineweb_edu,2027,SiLU+AdamW,1260,4.613295,0.000218,2.021217
fineweb_edu,2027,SiLU+AdamW,1270,4.585489,0.000217,1.820249
fineweb_edu,2027,SiLU+AdamW,1280,4.580179,0.000215,1.868606
fineweb_edu,2027,SiLU+AdamW,1290,4.566723,0.000214,1.723817
fineweb_edu,2027,SiLU+AdamW,1300,4.549785,0.000212,1.801249
fineweb_edu,2027,SiLU+AdamW,1310,4.585699,0.000211,1.918169
fineweb_edu,2027,SiLU+AdamW,1320,4.585441,0.000210,1.816419
fineweb_edu,2027,SiLU+AdamW,1330,4.550153,0.000208,1.595879
fineweb_edu,2027,SiLU+AdamW,1340,4.548293,0.000207,1.584293
fineweb_edu,2027,SiLU+AdamW,1350,4.545842,0.000205,1.739696
fineweb_edu,2027,SiLU+AdamW,1360,4.547780,0.000204,1.824862
fineweb_edu,2027,SiLU+AdamW,1370,4.550401,0.000203,1.800158
fineweb_edu,2027,SiLU+AdamW,1380,4.542532,0.000201,1.765307
fineweb_edu,2027,SiLU+AdamW,1390,4.530642,0.000200,1.705731
fineweb_edu,2027,SiLU+AdamW,1400,4.509060,0.000198,1.584843
fineweb_edu,2027,SiLU+AdamW,1410,4.538552,0.000197,1.665781
fineweb_edu,2027,SiLU+AdamW,1420,4.506452,0.000195,1.971502
fineweb_edu,2027,SiLU+AdamW,1430,4.523513,0.000194,1.689726
fineweb_edu,2027,SiLU+AdamW,1440,4.536144,0.000192,1.778842
fineweb_edu,2027,SiLU+AdamW,1450,4.483609,0.000191,1.725148
fineweb_edu,2027,SiLU+AdamW,1460,4.492352,0.000190,1.647284
fineweb_edu,2027,SiLU+AdamW,1470,4.484608,0.000188,1.746544
fineweb_edu,2027,SiLU+AdamW,1480,4.493130,0.000187,1.971441
fineweb_edu,2027,SiLU+AdamW,1490,4.460108,0.000185,1.888259
fineweb_edu,2027,SiLU+AdamW,1500,4.461150,0.000184,1.608384
fineweb_edu,2027,SiLU+AdamW,1510,4.478300,0.000182,1.600365
fineweb_edu,2027,SiLU+AdamW,1520,4.465427,0.000181,1.652603
fineweb_edu,2027,SiLU+AdamW,1530,4.434477,0.000179,1.777588
fineweb_edu,2027,SiLU+AdamW,1540,4.451747,0.000178,2.021303
fineweb_edu,2027,SiLU+AdamW,1550,4.466680,0.000176,1.788428
fineweb_edu,2027,SiLU+AdamW,1560,4.455200,0.000175,1.737990
fineweb_edu,2027,SiLU+AdamW,1570,4.419156,0.000173,1.547787
fineweb_edu,2027,SiLU+AdamW,1580,4.401476,0.000172,1.584918
fineweb_edu,2027,SiLU+AdamW,1590,4.425980,0.000170,1.869245
fineweb_edu,2027,SiLU+AdamW,1600,4.421627,0.000169,1.911809
fineweb_edu,2027,SiLU+AdamW,1610,4.451009,0.000167,1.821405
fineweb_edu,2027,SiLU+AdamW,1620,4.410823,0.000166,1.656569
fineweb_edu,2027,SiLU+AdamW,1630,4.409129,0.000164,1.670950
fineweb_edu,2027,SiLU+AdamW,1640,4.411411,0.000163,1.550886
fineweb_edu,2027,SiLU+AdamW,1650,4.412364,0.000161,1.873437
fineweb_edu,2027,SiLU+AdamW,1660,4.391881,0.000160,1.906648
fineweb_edu,2027,SiLU+AdamW,1670,4.406494,0.000158,1.848847
fineweb_edu,2027,SiLU+AdamW,1680,4.383964,0.000157,1.572424
fineweb_edu,2027,SiLU+AdamW,1690,4.386081,0.000155,1.603850
fineweb_edu,2027,SiLU+AdamW,1700,4.398613,0.000154,1.613016
fineweb_edu,2027,SiLU+AdamW,1710,4.375412,0.000153,1.961953
fineweb_edu,2027,SiLU+AdamW,1720,4.343346,0.000151,1.522907
fineweb_edu,2027,SiLU+AdamW,1730,4.379233,0.000150,2.053965
fineweb_edu,2027,SiLU+AdamW,1740,4.392402,0.000148,1.426119
fineweb_edu,2027,SiLU+AdamW,1750,4.380454,0.000147,1.946914
fineweb_edu,2027,SiLU+AdamW,1760,4.358331,0.000145,1.300563
fineweb_edu,2027,SiLU+AdamW,1770,4.367399,0.000144,1.720448
fineweb_edu,2027,SiLU+AdamW,1780,4.365172,0.000142,1.311747
fineweb_edu,2027,SiLU+AdamW,1790,4.375607,0.000141,1.647916
fineweb_edu,2027,SiLU+AdamW,1800,4.345518,0.000139,1.731571
fineweb_edu,2027,SiLU+AdamW,1810,4.335935,0.000138,1.351197
fineweb_edu,2027,SiLU+AdamW,1820,4.339526,0.000136,1.735500
fineweb_edu,2027,SiLU+AdamW,1830,4.357965,0.000135,1.404444
fineweb_edu,2027,SiLU+AdamW,1840,4.338606,0.000133,1.744739
fineweb_edu,2027,SiLU+AdamW,1850,4.337833,0.000132,1.566623
fineweb_edu,2027,SiLU+AdamW,1860,4.363396,0.000131,1.397630
fineweb_edu,2027,SiLU+AdamW,1870,4.317337,0.000129,1.491719
fineweb_edu,2027,SiLU+AdamW,1880,4.336631,0.000128,1.284234
fineweb_edu,2027,SiLU+AdamW,1890,4.331611,0.000126,1.498939
fineweb_edu,2027,SiLU+AdamW,1900,4.317189,0.000125,1.541061
fineweb_edu,2027,SiLU+AdamW,1910,4.302246,0.000123,1.561369
fineweb_edu,2027,SiLU+AdamW,1920,4.322131,0.000122,1.843911
fineweb_edu,2027,SiLU+AdamW,1930,4.318005,0.000121,1.286625
fineweb_edu,2027,SiLU+AdamW,1940,4.314710,0.000119,1.282167
fineweb_edu,2027,SiLU+AdamW,1950,4.308668,0.000118,1.709197
fineweb_edu,2027,SiLU+AdamW,1960,4.327162,0.000116,1.551780
fineweb_edu,2027,SiLU+AdamW,1970,4.296524,0.000115,1.812672
fineweb_edu,2027,SiLU+AdamW,1980,4.285497,0.000114,1.295983
fineweb_edu,2027,SiLU+AdamW,1990,4.293510,0.000112,1.644180
fineweb_edu,2027,SiLU+AdamW,2000,4.279139,0.000111,1.289026
fineweb_edu,2027,SiLU+AdamW,2010,4.263938,0.000110,1.571999
fineweb_edu,2027,SiLU+AdamW,2020,4.280963,0.000108,1.664675
fineweb_edu,2027,SiLU+AdamW,2030,4.291833,0.000107,1.398567
fineweb_edu,2027,SiLU+AdamW,2040,4.293496,0.000106,1.508904
fineweb_edu,2027,SiLU+AdamW,2050,4.276979,0.000104,1.586722
fineweb_edu,2027,SiLU+AdamW,2060,4.262250,0.000103,1.560421
fineweb_edu,2027,SiLU+AdamW,2070,4.268950,0.000102,1.824424
fineweb_edu,2027,SiLU+AdamW,2080,4.251170,0.000100,1.496496
fineweb_edu,2027,SiLU+AdamW,2090,4.265665,0.000099,1.291474
fineweb_edu,2027,SiLU+AdamW,2100,4.262356,0.000098,1.542389
fineweb_edu,2027,SiLU+AdamW,2110,4.257512,0.000096,1.668143
fineweb_edu,2027,SiLU+AdamW,2120,4.252008,0.000095,1.792676
fineweb_edu,2027,SiLU+AdamW,2130,4.289316,0.000094,1.294416
fineweb_edu,2027,SiLU+AdamW,2140,4.242862,0.000093,1.626917
fineweb_edu,2027,SiLU+AdamW,2150,4.260744,0.000091,1.322107
fineweb_edu,2027,SiLU+AdamW,2160,4.245481,0.000090,1.656537
fineweb_edu,2027,SiLU+AdamW,2170,4.248006,0.000089,1.285415
fineweb_edu,2027,SiLU+AdamW,2180,4.253146,0.000088,2.063018
fineweb_edu,2027,SiLU+AdamW,2190,4.257033,0.000086,1.286590
fineweb_edu,2027,SiLU+AdamW,2200,4.249964,0.000085,1.657709
fineweb_edu,2027,SiLU+AdamW,2210,4.233337,0.000084,1.555367
fineweb_edu,2027,SiLU+AdamW,2220,4.230141,0.000083,1.677161
fineweb_edu,2027,SiLU+AdamW,2230,4.243635,0.000082,1.775343
fineweb_edu,2027,SiLU+AdamW,2240,4.238409,0.000080,1.290726
fineweb_edu,2027,SiLU+AdamW,2250,4.235276,0.000079,1.631255
fineweb_edu,2027,SiLU+AdamW,2260,4.236430,0.000078,1.424334
fineweb_edu,2027,SiLU+AdamW,2270,4.229153,0.000077,1.692576
fineweb_edu,2027,SiLU+AdamW,2280,4.214390,0.000076,1.765258
fineweb_edu,2027,SiLU+AdamW,2290,4.226943,0.000075,1.283894
fineweb_edu,2027,SiLU+AdamW,2300,4.205117,0.000074,1.765811
fineweb_edu,2027,SiLU+AdamW,2310,4.217515,0.000073,1.350096
fineweb_edu,2027,SiLU+AdamW,2320,4.221385,0.000072,1.618246
fineweb_edu,2027,SiLU+AdamW,2330,4.208617,0.000070,1.306746
fineweb_edu,2027,SiLU+AdamW,2340,4.200413,0.000069,1.810110
fineweb_edu,2027,SiLU+AdamW,2350,4.195388,0.000068,1.722040
fineweb_edu,2027,SiLU+AdamW,2360,4.223549,0.000067,1.292522
fineweb_edu,2027,SiLU+AdamW,2370,4.211959,0.000066,1.942462
fineweb_edu,2027,SiLU+AdamW,2380,4.194038,0.000065,1.369515
fineweb_edu,2027,SiLU+AdamW,2390,4.197911,0.000064,1.442077
fineweb_edu,2027,SiLU+AdamW,2400,4.199965,0.000063,1.427632
fineweb_edu,2027,SiLU+AdamW,2410,4.185558,0.000062,1.503136
fineweb_edu,2027,SiLU+AdamW,2420,4.204642,0.000061,1.914289
fineweb_edu,2027,SiLU+AdamW,2430,4.212788,0.000060,1.325304
fineweb_edu,2027,SiLU+AdamW,2440,4.205659,0.000059,1.631175
fineweb_edu,2027,SiLU+AdamW,2450,4.189604,0.000059,1.501330
fineweb_edu,2027,SiLU+AdamW,2460,4.223888,0.000058,1.376635
fineweb_edu,2027,SiLU+AdamW,2470,4.157013,0.000057,1.594239
fineweb_edu,2027,SiLU+AdamW,2480,4.205832,0.000056,1.358647
fineweb_edu,2027,SiLU+AdamW,2490,4.195188,0.000055,1.486924
fineweb_edu,2027,SiLU+AdamW,2500,4.201386,0.000054,1.774745
fineweb_edu,2027,SiLU+AdamW,2510,4.194069,0.000053,1.349885
fineweb_edu,2027,SiLU+AdamW,2520,4.153346,0.000052,1.699441
fineweb_edu,2027,SiLU+AdamW,2530,4.182739,0.000052,1.287465
fineweb_edu,2027,SiLU+AdamW,2540,4.186157,0.000051,1.771257
fineweb_edu,2027,SiLU+AdamW,2550,4.163980,0.000050,1.565158
fineweb_edu,2027,SiLU+AdamW,2560,4.210874,0.000049,1.535681
fineweb_edu,2027,SiLU+AdamW,2570,4.174587,0.000049,1.492129
fineweb_edu,2027,SiLU+AdamW,2580,4.195449,0.000048,1.289712
fineweb_edu,2027,SiLU+AdamW,2590,4.191412,0.000047,1.967018
fineweb_edu,2027,SiLU+AdamW,2600,4.151081,0.000046,1.594311
fineweb_edu,2027,SiLU+AdamW,2610,4.160892,0.000046,1.472777
fineweb_edu,2027,SiLU+AdamW,2620,4.160582,0.000045,1.583128
fineweb_edu,2027,SiLU+AdamW,2630,4.157656,0.000044,1.294950
fineweb_edu,2027,SiLU+AdamW,2640,4.179799,0.000044,1.711813
fineweb_edu,2027,SiLU+AdamW,2650,4.142450,0.000043,1.597333
fineweb_edu,2027,SiLU+AdamW,2660,4.161127,0.000042,1.611908
fineweb_edu,2027,SiLU+AdamW,2670,4.188716,0.000042,1.328874
fineweb_edu,2027,SiLU+AdamW,2680,4.151493,0.000041,1.811911
fineweb_edu,2027,SiLU+AdamW,2690,4.155551,0.000041,1.286806
fineweb_edu,2027,SiLU+AdamW,2700,4.157490,0.000040,1.585326
fineweb_edu,2027,SiLU+AdamW,2710,4.175437,0.000039,1.752148
fineweb_edu,2027,SiLU+AdamW,2720,4.171583,0.000039,1.293273
fineweb_edu,2027,SiLU+AdamW,2730,4.150872,0.000038,1.473749
fineweb_edu,2027,SiLU+AdamW,2740,4.168455,0.000038,1.400503
fineweb_edu,2027,SiLU+AdamW,2750,4.165740,0.000037,1.766788
fineweb_edu,2027,SiLU+AdamW,2760,4.171236,0.000037,1.668071
fineweb_edu,2027,SiLU+AdamW,2770,4.181011,0.000036,1.289325
fineweb_edu,2027,SiLU+AdamW,2780,4.149822,0.000036,1.597268
fineweb_edu,2027,SiLU+AdamW,2790,4.152037,0.000036,1.585538
fineweb_edu,2027,SiLU+AdamW,2800,4.148299,0.000035,1.527907
fineweb_edu,2027,SiLU+AdamW,2810,4.167247,0.000035,1.583532
fineweb_edu,2027,SiLU+AdamW,2820,4.137978,0.000034,1.535647
fineweb_edu,2027,SiLU+AdamW,2830,4.169063,0.000034,1.458743
fineweb_edu,2027,SiLU+AdamW,2840,4.135462,0.000034,1.298077
fineweb_edu,2027,SiLU+AdamW,2850,4.147893,0.000033,1.334179
fineweb_edu,2027,SiLU+AdamW,2860,4.140076,0.000033,1.326871
fineweb_edu,2027,SiLU+AdamW,2870,4.147262,0.000033,1.753421
fineweb_edu,2027,SiLU+AdamW,2880,4.153511,0.000032,1.287871
fineweb_edu,2027,SiLU+AdamW,2890,4.139356,0.000032,1.746310
fineweb_edu,2027,SiLU+AdamW,2900,4.146958,0.000032,1.374865
fineweb_edu,2027,SiLU+AdamW,2910,4.147768,0.000032,1.323072
fineweb_edu,2027,SiLU+AdamW,2920,4.137420,0.000031,1.874492
fineweb_edu,2027,SiLU+AdamW,2930,4.149063,0.000031,1.286153
fineweb_edu,2027,SiLU+AdamW,2940,4.154645,0.000031,1.423970
fineweb_edu,2027,SiLU+AdamW,2950,4.132939,0.000031,1.327220
fineweb_edu,2027,SiLU+AdamW,2960,4.133128,0.000031,1.311531
fineweb_edu,2027,SiLU+AdamW,2970,4.133129,0.000031,1.792302
fineweb_edu,2027,SiLU+AdamW,2980,4.136677,0.000030,1.286723
fineweb_edu,2027,SiLU+AdamW,2990,4.132911,0.000030,1.467087
fineweb_edu,2027,SiLU+AdamW,3000,4.134371,0.000030,1.406182
fineweb_edu,2027,SiLU+AdamW,3010,4.154904,0.000030,1.435985
fineweb_edu,2027,SiLU+AdamW,3020,4.142454,0.000030,1.521956
fineweb_edu,2027,SiLU+AdamW,3030,4.160634,0.000030,1.291462
fineweb_edu,2027,SiLU+AdamW,3040,4.126205,0.000030,1.533691
fineweb_edu,2027,SiLU+AdamW,3050,4.100277,0.000030,1.483317
fineweb_edu,2027,RLB+AdamW,1,10.974694,0.000001,3.954131
fineweb_edu,2027,RLB+AdamW,10,10.627493,0.000015,2.551198
fineweb_edu,2027,RLB+AdamW,20,9.830196,0.000030,2.291822
fineweb_edu,2027,RLB+AdamW,30,9.422785,0.000045,2.423330
fineweb_edu,2027,RLB+AdamW,40,9.092588,0.000060,2.383432
fineweb_edu,2027,RLB+AdamW,50,8.659451,0.000075,2.459842
fineweb_edu,2027,RLB+AdamW,60,8.225049,0.000090,2.417325
fineweb_edu,2027,RLB+AdamW,70,7.797477,0.000105,2.329111
fineweb_edu,2027,RLB+AdamW,80,7.523570,0.000120,2.389446
fineweb_edu,2027,RLB+AdamW,90,7.395086,0.000135,2.500526
fineweb_edu,2027,RLB+AdamW,100,7.263144,0.000150,2.416413
fineweb_edu,2027,RLB+AdamW,110,7.119976,0.000165,2.438706
fineweb_edu,2027,RLB+AdamW,120,7.014473,0.000180,2.344525
fineweb_edu,2027,RLB+AdamW,130,6.896101,0.000195,2.403037
fineweb_edu,2027,RLB+AdamW,140,6.814101,0.000210,2.450139
fineweb_edu,2027,RLB+AdamW,150,6.739298,0.000225,2.475465
fineweb_edu,2027,RLB+AdamW,160,6.623809,0.000240,2.472200
fineweb_edu,2027,RLB+AdamW,170,6.555145,0.000255,2.329864
fineweb_edu,2027,RLB+AdamW,180,6.508764,0.000270,2.548303
fineweb_edu,2027,RLB+AdamW,190,6.404059,0.000285,2.460650
fineweb_edu,2027,RLB+AdamW,200,6.363576,0.000300,2.443035
fineweb_edu,2027,RLB+AdamW,210,6.307906,0.000300,2.438190
fineweb_edu,2027,RLB+AdamW,220,6.237224,0.000300,2.278779
fineweb_edu,2027,RLB+AdamW,230,6.194044,0.000300,2.458567
fineweb_edu,2027,RLB+AdamW,240,6.143700,0.000300,2.421825
fineweb_edu,2027,RLB+AdamW,250,6.100079,0.000300,2.462647
fineweb_edu,2027,RLB+AdamW,260,6.053603,0.000300,2.487826
fineweb_edu,2027,RLB+AdamW,270,6.008345,0.000300,2.336996
fineweb_edu,2027,RLB+AdamW,280,5.966827,0.000299,2.362150
fineweb_edu,2027,RLB+AdamW,290,5.936420,0.000299,2.465545
fineweb_edu,2027,RLB+AdamW,300,5.881790,0.000299,2.469985
fineweb_edu,2027,RLB+AdamW,310,5.847269,0.000299,2.409661
fineweb_edu,2027,RLB+AdamW,320,5.800136,0.000299,2.414257
fineweb_edu,2027,RLB+AdamW,330,5.762281,0.000299,2.449507
fineweb_edu,2027,RLB+AdamW,340,5.737059,0.000298,2.430354
fineweb_edu,2027,RLB+AdamW,350,5.733751,0.000298,2.416391
fineweb_edu,2027,RLB+AdamW,360,5.685133,0.000298,2.300338
fineweb_edu,2027,RLB+AdamW,370,5.646029,0.000298,2.466293
fineweb_edu,2027,RLB+AdamW,380,5.623266,0.000297,2.525751
fineweb_edu,2027,RLB+AdamW,390,5.590423,0.000297,2.464442
fineweb_edu,2027,RLB+AdamW,400,5.560860,0.000297,2.504054
fineweb_edu,2027,RLB+AdamW,410,5.568679,0.000296,2.355830
fineweb_edu,2027,RLB+AdamW,420,5.520662,0.000296,2.527200
fineweb_edu,2027,RLB+AdamW,430,5.512275,0.000296,2.488142
fineweb_edu,2027,RLB+AdamW,440,5.471033,0.000295,2.440805
fineweb_edu,2027,RLB+AdamW,450,5.481146,0.000295,2.407311
fineweb_edu,2027,RLB+AdamW,460,5.451298,0.000295,2.333351
fineweb_edu,2027,RLB+AdamW,470,5.419612,0.000294,2.398558
fineweb_edu,2027,RLB+AdamW,480,5.396220,0.000294,2.471623
fineweb_edu,2027,RLB+AdamW,490,5.387988,0.000293,2.454695
fineweb_edu,2027,RLB+AdamW,500,5.377601,0.000293,2.402852
fineweb_edu,2027,RLB+AdamW,510,5.339514,0.000292,2.184332
fineweb_edu,2027,RLB+AdamW,520,5.335390,0.000292,2.448823
fineweb_edu,2027,RLB+AdamW,530,5.318081,0.000291,2.536047
fineweb_edu,2027,RLB+AdamW,540,5.289196,0.000291,2.476785
fineweb_edu,2027,RLB+AdamW,550,5.280387,0.000290,2.481322
fineweb_edu,2027,RLB+AdamW,560,5.260250,0.000290,2.319943
fineweb_edu,2027,RLB+AdamW,570,5.243636,0.000289,2.567217
fineweb_edu,2027,RLB+AdamW,580,5.247596,0.000288,2.481847
fineweb_edu,2027,RLB+AdamW,590,5.227641,0.000288,2.469190
fineweb_edu,2027,RLB+AdamW,600,5.205571,0.000287,2.512444
fineweb_edu,2027,RLB+AdamW,610,5.182518,0.000287,2.395222
fineweb_edu,2027,RLB+AdamW,620,5.155700,0.000286,2.471356
fineweb_edu,2027,RLB+AdamW,630,5.187677,0.000285,2.489582
fineweb_edu,2027,RLB+AdamW,640,5.126490,0.000284,2.449440
fineweb_edu,2027,RLB+AdamW,650,5.128089,0.000284,2.214827
fineweb_edu,2027,RLB+AdamW,660,5.151765,0.000283,2.270472
fineweb_edu,2027,RLB+AdamW,670,5.080165,0.000282,2.324763
fineweb_edu,2027,RLB+AdamW,680,5.102805,0.000282,2.362687
fineweb_edu,2027,RLB+AdamW,690,5.089842,0.000281,2.401583
fineweb_edu,2027,RLB+AdamW,700,5.080030,0.000280,2.331086
fineweb_edu,2027,RLB+AdamW,710,5.068383,0.000279,2.349172
fineweb_edu,2027,RLB+AdamW,720,5.045735,0.000279,2.490738
fineweb_edu,2027,RLB+AdamW,730,5.070361,0.000278,2.537706
fineweb_edu,2027,RLB+AdamW,740,5.019584,0.000277,2.360437
fineweb_edu,2027,RLB+AdamW,750,5.011017,0.000276,2.315710
fineweb_edu,2027,RLB+AdamW,760,5.003497,0.000275,2.323516
fineweb_edu,2027,RLB+AdamW,770,5.002885,0.000274,2.487074
fineweb_edu,2027,RLB+AdamW,780,4.987850,0.000273,2.523164
fineweb_edu,2027,RLB+AdamW,790,4.971129,0.000273,2.468060
fineweb_edu,2027,RLB+AdamW,800,4.943848,0.000272,2.326513
fineweb_edu,2027,RLB+AdamW,810,4.982901,0.000271,2.443126
fineweb_edu,2027,RLB+AdamW,820,4.938196,0.000270,2.455713
fineweb_edu,2027,RLB+AdamW,830,4.929289,0.000269,2.420543
fineweb_edu,2027,RLB+AdamW,840,4.917187,0.000268,2.494862
fineweb_edu,2027,RLB+AdamW,850,4.920425,0.000267,2.284112
fineweb_edu,2027,RLB+AdamW,860,4.897253,0.000266,2.387088
fineweb_edu,2027,RLB+AdamW,870,4.900281,0.000265,2.348499
fineweb_edu,2027,RLB+AdamW,880,4.870036,0.000264,2.473836
fineweb_edu,2027,RLB+AdamW,890,4.849152,0.000263,2.509428
fineweb_edu,2027,RLB+AdamW,900,4.850469,0.000262,2.333226
fineweb_edu,2027,RLB+AdamW,910,4.843556,0.000261,2.427356
fineweb_edu,2027,RLB+AdamW,920,4.853953,0.000260,2.489905
fineweb_edu,2027,RLB+AdamW,930,4.847605,0.000259,2.501052
fineweb_edu,2027,RLB+AdamW,940,4.821752,0.000258,2.542577
fineweb_edu,2027,RLB+AdamW,950,4.828120,0.000257,2.327476
fineweb_edu,2027,RLB+AdamW,960,4.800906,0.000255,2.511245
fineweb_edu,2027,RLB+AdamW,970,4.814913,0.000254,2.491974
fineweb_edu,2027,RLB+AdamW,980,4.799872,0.000253,2.423194
fineweb_edu,2027,RLB+AdamW,990,4.784936,0.000252,2.361033
fineweb_edu,2027,RLB+AdamW,1000,4.762171,0.000251,2.401549
fineweb_edu,2027,RLB+AdamW,1010,4.778308,0.000250,2.458921
fineweb_edu,2027,RLB+AdamW,1020,4.757950,0.000249,2.422925
fineweb_edu,2027,RLB+AdamW,1030,4.755224,0.000247,2.350557
fineweb_edu,2027,RLB+AdamW,1040,4.725874,0.000246,2.422316
fineweb_edu,2027,RLB+AdamW,1050,4.737506,0.000245,2.329067
fineweb_edu,2027,RLB+AdamW,1060,4.729907,0.000244,2.387200
fineweb_edu,2027,RLB+AdamW,1070,4.713550,0.000243,2.379458
fineweb_edu,2027,RLB+AdamW,1080,4.742395,0.000241,2.388605
fineweb_edu,2027,RLB+AdamW,1090,4.709675,0.000240,2.246798
fineweb_edu,2027,RLB+AdamW,1100,4.702148,0.000239,2.317150
fineweb_edu,2027,RLB+AdamW,1110,4.694249,0.000238,2.387714
fineweb_edu,2027,RLB+AdamW,1120,4.661596,0.000236,2.339137
fineweb_edu,2027,RLB+AdamW,1130,4.687736,0.000235,2.356935
fineweb_edu,2027,RLB+AdamW,1140,4.662312,0.000234,2.268315
fineweb_edu,2027,RLB+AdamW,1150,4.661221,0.000233,2.300450
fineweb_edu,2027,RLB+AdamW,1160,4.666843,0.000231,2.549902
fineweb_edu,2027,RLB+AdamW,1170,4.657049,0.000230,2.421735
fineweb_edu,2027,RLB+AdamW,1180,4.647553,0.000229,2.457307
fineweb_edu,2027,RLB+AdamW,1190,4.646379,0.000227,2.360067
fineweb_edu,2027,RLB+AdamW,1200,4.622265,0.000226,2.309601
fineweb_edu,2027,RLB+AdamW,1210,4.650345,0.000225,2.418403
fineweb_edu,2027,RLB+AdamW,1220,4.604883,0.000223,2.199889
fineweb_edu,2027,RLB+AdamW,1230,4.607619,0.000222,2.419390
fineweb_edu,2027,RLB+AdamW,1240,4.599782,0.000221,2.335371
fineweb_edu,2027,RLB+AdamW,1250,4.585375,0.000219,2.449224
fineweb_edu,2027,RLB+AdamW,1260,4.601140,0.000218,2.511062
fineweb_edu,2027,RLB+AdamW,1270,4.573321,0.000217,2.447786
fineweb_edu,2027,RLB+AdamW,1280,4.571605,0.000215,2.424364
fineweb_edu,2027,RLB+AdamW,1290,4.557817,0.000214,2.362562
fineweb_edu,2027,RLB+AdamW,1300,4.540297,0.000212,2.541976
fineweb_edu,2027,RLB+AdamW,1310,4.575893,0.000211,2.401282
fineweb_edu,2027,RLB+AdamW,1320,4.575004,0.000210,2.452553
fineweb_edu,2027,RLB+AdamW,1330,4.540251,0.000208,2.537981
fineweb_edu,2027,RLB+AdamW,1340,4.539118,0.000207,2.371966
fineweb_edu,2027,RLB+AdamW,1350,4.537529,0.000205,2.518137
fineweb_edu,2027,RLB+AdamW,1360,4.538305,0.000204,2.295891
fineweb_edu,2027,RLB+AdamW,1370,4.542736,0.000203,2.267057
fineweb_edu,2027,RLB+AdamW,1380,4.533992,0.000201,2.425702
fineweb_edu,2027,RLB+AdamW,1390,4.523521,0.000200,2.317056
fineweb_edu,2027,RLB+AdamW,1400,4.497765,0.000198,2.272637
fineweb_edu,2027,RLB+AdamW,1410,4.529499,0.000197,2.318859
fineweb_edu,2027,RLB+AdamW,1420,4.494517,0.000195,2.362864
fineweb_edu,2027,RLB+AdamW,1430,4.513019,0.000194,2.367620
fineweb_edu,2027,RLB+AdamW,1440,4.529004,0.000192,2.319531
fineweb_edu,2027,RLB+AdamW,1450,4.475424,0.000191,2.267984
fineweb_edu,2027,RLB+AdamW,1460,4.481182,0.000190,2.393625
fineweb_edu,2027,RLB+AdamW,1470,4.476575,0.000188,2.405023
fineweb_edu,2027,RLB+AdamW,1480,4.482702,0.000187,2.273708
fineweb_edu,2027,RLB+AdamW,1490,4.450643,0.000185,2.288519
fineweb_edu,2027,RLB+AdamW,1500,4.453235,0.000184,2.383125
fineweb_edu,2027,RLB+AdamW,1510,4.470199,0.000182,2.449562
fineweb_edu,2027,RLB+AdamW,1520,4.459320,0.000181,2.439169
fineweb_edu,2027,RLB+AdamW,1530,4.425722,0.000179,2.358375
fineweb_edu,2027,RLB+AdamW,1540,4.444511,0.000178,2.238141
fineweb_edu,2027,RLB+AdamW,1550,4.458895,0.000176,2.451019
fineweb_edu,2027,RLB+AdamW,1560,4.446295,0.000175,2.417760
fineweb_edu,2027,RLB+AdamW,1570,4.410206,0.000173,2.450882
fineweb_edu,2027,RLB+AdamW,1580,4.394265,0.000172,2.378574
fineweb_edu,2027,RLB+AdamW,1590,4.416668,0.000170,2.339373
fineweb_edu,2027,RLB+AdamW,1600,4.416148,0.000169,2.440373
fineweb_edu,2027,RLB+AdamW,1610,4.440450,0.000167,2.389535
fineweb_edu,2027,RLB+AdamW,1620,4.404007,0.000166,2.381860
fineweb_edu,2027,RLB+AdamW,1630,4.400261,0.000164,2.325239
fineweb_edu,2027,RLB+AdamW,1640,4.405011,0.000163,2.330197
fineweb_edu,2027,RLB+AdamW,1650,4.404969,0.000161,2.388808
fineweb_edu,2027,RLB+AdamW,1660,4.384506,0.000160,2.386042
fineweb_edu,2027,RLB+AdamW,1670,4.399656,0.000158,2.419928
fineweb_edu,2027,RLB+AdamW,1680,4.373058,0.000157,2.423146
fineweb_edu,2027,RLB+AdamW,1690,4.376058,0.000155,2.407808
fineweb_edu,2027,RLB+AdamW,1700,4.390408,0.000154,2.441763
fineweb_edu,2027,RLB+AdamW,1710,4.366569,0.000153,2.405252
fineweb_edu,2027,RLB+AdamW,1720,4.336155,0.000151,2.370940
fineweb_edu,2027,RLB+AdamW,1730,4.371310,0.000150,2.345511
fineweb_edu,2027,RLB+AdamW,1740,4.383731,0.000148,2.328030
fineweb_edu,2027,RLB+AdamW,1750,4.372301,0.000147,2.370516
fineweb_edu,2027,RLB+AdamW,1760,4.353853,0.000145,2.364019
fineweb_edu,2027,RLB+AdamW,1770,4.358764,0.000144,2.298591
fineweb_edu,2027,RLB+AdamW,1780,4.356547,0.000142,2.426010
fineweb_edu,2027,RLB+AdamW,1790,4.365692,0.000141,2.350892
fineweb_edu,2027,RLB+AdamW,1800,4.337111,0.000139,2.349044
fineweb_edu,2027,RLB+AdamW,1810,4.328828,0.000138,2.432370
fineweb_edu,2027,RLB+AdamW,1820,4.330304,0.000136,2.362113
fineweb_edu,2027,RLB+AdamW,1830,4.350606,0.000135,2.369477
fineweb_edu,2027,RLB+AdamW,1840,4.330078,0.000133,2.305518
fineweb_edu,2027,RLB+AdamW,1850,4.329275,0.000132,2.382967
fineweb_edu,2027,RLB+AdamW,1860,4.357313,0.000131,2.396138
fineweb_edu,2027,RLB+AdamW,1870,4.311046,0.000129,2.370197
fineweb_edu,2027,RLB+AdamW,1880,4.330989,0.000128,2.311291
fineweb_edu,2027,RLB+AdamW,1890,4.324667,0.000126,2.337677
fineweb_edu,2027,RLB+AdamW,1900,4.309212,0.000125,2.434851
fineweb_edu,2027,RLB+AdamW,1910,4.296538,0.000123,2.300040
fineweb_edu,2027,RLB+AdamW,1920,4.314835,0.000122,2.145387
fineweb_edu,2027,RLB+AdamW,1930,4.310268,0.000121,2.152169
fineweb_edu,2027,RLB+AdamW,1940,4.305310,0.000119,2.294762
fineweb_edu,2027,RLB+AdamW,1950,4.301225,0.000118,2.348439
fineweb_edu,2027,RLB+AdamW,1960,4.319525,0.000116,2.330989
fineweb_edu,2027,RLB+AdamW,1970,4.291754,0.000115,2.107441
fineweb_edu,2027,RLB+AdamW,1980,4.278555,0.000114,2.172825
fineweb_edu,2027,RLB+AdamW,1990,4.287240,0.000112,2.198005
fineweb_edu,2027,RLB+AdamW,2000,4.273214,0.000111,2.216174
fineweb_edu,2027,RLB+AdamW,2010,4.258214,0.000110,2.273932
fineweb_edu,2027,RLB+AdamW,2020,4.275269,0.000108,2.319844
fineweb_edu,2027,RLB+AdamW,2030,4.283625,0.000107,2.127749
fineweb_edu,2027,RLB+AdamW,2040,4.288534,0.000106,2.220956
fineweb_edu,2027,RLB+AdamW,2050,4.269131,0.000104,2.213635
fineweb_edu,2027,RLB+AdamW,2060,4.254716,0.000103,2.118113
fineweb_edu,2027,RLB+AdamW,2070,4.263288,0.000102,2.102361
fineweb_edu,2027,RLB+AdamW,2080,4.240981,0.000100,2.252441
fineweb_edu,2027,RLB+AdamW,2090,4.259445,0.000099,2.294462
fineweb_edu,2027,RLB+AdamW,2100,4.255095,0.000098,2.303051
fineweb_edu,2027,RLB+AdamW,2110,4.250047,0.000096,2.133946
fineweb_edu,2027,RLB+AdamW,2120,4.245310,0.000095,2.228307
fineweb_edu,2027,RLB+AdamW,2130,4.282675,0.000094,2.390021
fineweb_edu,2027,RLB+AdamW,2140,4.235062,0.000093,2.242722
fineweb_edu,2027,RLB+AdamW,2150,4.253704,0.000091,1.962437
fineweb_edu,2027,RLB+AdamW,2160,4.239465,0.000090,2.088728
fineweb_edu,2027,RLB+AdamW,2170,4.241170,0.000089,2.374349
fineweb_edu,2027,RLB+AdamW,2180,4.246052,0.000088,2.493312
fineweb_edu,2027,RLB+AdamW,2190,4.249306,0.000086,2.357751
fineweb_edu,2027,RLB+AdamW,2200,4.243138,0.000085,2.095845
fineweb_edu,2027,RLB+AdamW,2210,4.227976,0.000084,2.264589
fineweb_edu,2027,RLB+AdamW,2220,4.223211,0.000083,2.458466
fineweb_edu,2027,RLB+AdamW,2230,4.237059,0.000082,2.466134
fineweb_edu,2027,RLB+AdamW,2240,4.231776,0.000080,2.194081
fineweb_edu,2027,RLB+AdamW,2250,4.227331,0.000079,2.170111
fineweb_edu,2027,RLB+AdamW,2260,4.229553,0.000078,2.342686
fineweb_edu,2027,RLB+AdamW,2270,4.223115,0.000077,2.371099
fineweb_edu,2027,RLB+AdamW,2280,4.207876,0.000076,2.273951
fineweb_edu,2027,RLB+AdamW,2290,4.218165,0.000075,2.326532
fineweb_edu,2027,RLB+AdamW,2300,4.199293,0.000074,2.376143
fineweb_edu,2027,RLB+AdamW,2310,4.210485,0.000073,2.280267
fineweb_edu,2027,RLB+AdamW,2320,4.214029,0.000072,2.195436
fineweb_edu,2027,RLB+AdamW,2330,4.203306,0.000070,2.106534
fineweb_edu,2027,RLB+AdamW,2340,4.193180,0.000069,2.313474
fineweb_edu,2027,RLB+AdamW,2350,4.187553,0.000068,2.451548
fineweb_edu,2027,RLB+AdamW,2360,4.216253,0.000067,2.371880
fineweb_edu,2027,RLB+AdamW,2370,4.205805,0.000066,2.274667
fineweb_edu,2027,RLB+AdamW,2380,4.189126,0.000065,2.380833
fineweb_edu,2027,RLB+AdamW,2390,4.188855,0.000064,2.425184
fineweb_edu,2027,RLB+AdamW,2400,4.195710,0.000063,2.385024
fineweb_edu,2027,RLB+AdamW,2410,4.179177,0.000062,2.368413
fineweb_edu,2027,RLB+AdamW,2420,4.196474,0.000061,2.488418
fineweb_edu,2027,RLB+AdamW,2430,4.205462,0.000060,2.358464
fineweb_edu,2027,RLB+AdamW,2440,4.198344,0.000059,2.305719
fineweb_edu,2027,RLB+AdamW,2450,4.184156,0.000059,2.375053
fineweb_edu,2027,RLB+AdamW,2460,4.217307,0.000058,2.329834
fineweb_edu,2027,RLB+AdamW,2470,4.149492,0.000057,2.554600
fineweb_edu,2027,RLB+AdamW,2480,4.198494,0.000056,2.495941
fineweb_edu,2027,RLB+AdamW,2490,4.189100,0.000055,2.469916
fineweb_edu,2027,RLB+AdamW,2500,4.194536,0.000054,2.373461
fineweb_edu,2027,RLB+AdamW,2510,4.188141,0.000053,2.289071
fineweb_edu,2027,RLB+AdamW,2520,4.146939,0.000052,2.382378
fineweb_edu,2027,RLB+AdamW,2530,4.175328,0.000052,2.508269
fineweb_edu,2027,RLB+AdamW,2540,4.178201,0.000051,2.513736
fineweb_edu,2027,RLB+AdamW,2550,4.157660,0.000050,2.348087
fineweb_edu,2027,RLB+AdamW,2560,4.205937,0.000049,2.449273
fineweb_edu,2027,RLB+AdamW,2570,4.168903,0.000049,2.520809
fineweb_edu,2027,RLB+AdamW,2580,4.188797,0.000048,2.440168
fineweb_edu,2027,RLB+AdamW,2590,4.184306,0.000047,2.470307
fineweb_edu,2027,RLB+AdamW,2600,4.144591,0.000046,2.327682
fineweb_edu,2027,RLB+AdamW,2610,4.154138,0.000046,2.514366
fineweb_edu,2027,RLB+AdamW,2620,4.154912,0.000045,2.531614
fineweb_edu,2027,RLB+AdamW,2630,4.153573,0.000044,2.423720
fineweb_edu,2027,RLB+AdamW,2640,4.173316,0.000044,2.444840
fineweb_edu,2027,RLB+AdamW,2650,4.136951,0.000043,2.371071
fineweb_edu,2027,RLB+AdamW,2660,4.156235,0.000042,2.483914
fineweb_edu,2027,RLB+AdamW,2670,4.182414,0.000042,2.493605
fineweb_edu,2027,RLB+AdamW,2680,4.143803,0.000041,2.463531
fineweb_edu,2027,RLB+AdamW,2690,4.148555,0.000041,2.487101
fineweb_edu,2027,RLB+AdamW,2700,4.150389,0.000040,2.377045
fineweb_edu,2027,RLB+AdamW,2710,4.168453,0.000039,2.493212
fineweb_edu,2027,RLB+AdamW,2720,4.162066,0.000039,2.479145
fineweb_edu,2027,RLB+AdamW,2730,4.142658,0.000038,2.527164
fineweb_edu,2027,RLB+AdamW,2740,4.163349,0.000038,2.385183
fineweb_edu,2027,RLB+AdamW,2750,4.158956,0.000037,2.405440
fineweb_edu,2027,RLB+AdamW,2760,4.164076,0.000037,2.521714
fineweb_edu,2027,RLB+AdamW,2770,4.174462,0.000036,2.551067
fineweb_edu,2027,RLB+AdamW,2780,4.140653,0.000036,2.487886
fineweb_edu,2027,RLB+AdamW,2790,4.144481,0.000036,2.358916
fineweb_edu,2027,RLB+AdamW,2800,4.142246,0.000035,2.517472
fineweb_edu,2027,RLB+AdamW,2810,4.161053,0.000035,2.499863
fineweb_edu,2027,RLB+AdamW,2820,4.128441,0.000034,2.468614
fineweb_edu,2027,RLB+AdamW,2830,4.160008,0.000034,2.451621
fineweb_edu,2027,RLB+AdamW,2840,4.129660,0.000034,2.340038
fineweb_edu,2027,RLB+AdamW,2850,4.139548,0.000033,2.519361
fineweb_edu,2027,RLB+AdamW,2860,4.132065,0.000033,2.503952
fineweb_edu,2027,RLB+AdamW,2870,4.139559,0.000033,2.398864
fineweb_edu,2027,RLB+AdamW,2880,4.146739,0.000032,2.439579
fineweb_edu,2027,RLB+AdamW,2890,4.134517,0.000032,2.423241
fineweb_edu,2027,RLB+AdamW,2900,4.140097,0.000032,2.437423
fineweb_edu,2027,RLB+AdamW,2910,4.138103,0.000032,2.457549
fineweb_edu,2027,RLB+AdamW,2920,4.129355,0.000031,2.480858
fineweb_edu,2027,RLB+AdamW,2930,4.142669,0.000031,2.429283
fineweb_edu,2027,RLB+AdamW,2940,4.150012,0.000031,2.190496
fineweb_edu,2027,RLB+AdamW,2950,4.126547,0.000031,2.461204
fineweb_edu,2027,RLB+AdamW,2960,4.128262,0.000031,2.485046
fineweb_edu,2027,RLB+AdamW,2970,4.128811,0.000031,2.453401
fineweb_edu,2027,RLB+AdamW,2980,4.130551,0.000030,2.406978
fineweb_edu,2027,RLB+AdamW,2990,4.125737,0.000030,2.395229
fineweb_edu,2027,RLB+AdamW,3000,4.128039,0.000030,2.460461
fineweb_edu,2027,RLB+AdamW,3010,4.147576,0.000030,2.404640
fineweb_edu,2027,RLB+AdamW,3020,4.135422,0.000030,2.450022
fineweb_edu,2027,RLB+AdamW,3030,4.153364,0.000030,2.349788
fineweb_edu,2027,RLB+AdamW,3040,4.120853,0.000030,2.365768
fineweb_edu,2027,RLB+AdamW,3050,4.092422,0.000030,2.469662
fineweb_edu,2027,SiLU+Muon,1,10.982267,0.000001,2.452276
fineweb_edu,2027,SiLU+Muon,10,10.981077,0.000015,1.849543
fineweb_edu,2027,SiLU+Muon,20,10.934235,0.000030,1.645425
fineweb_edu,2027,SiLU+Muon,30,10.835311,0.000045,1.628042
fineweb_edu,2027,SiLU+Muon,40,10.688793,0.000060,1.772889
fineweb_edu,2027,SiLU+Muon,50,10.497923,0.000075,1.662968
fineweb_edu,2027,SiLU+Muon,60,10.289091,0.000090,2.019398
fineweb_edu,2027,SiLU+Muon,70,10.064428,0.000105,1.559117
fineweb_edu,2027,SiLU+Muon,80,9.838245,0.000120,1.798541
fineweb_edu,2027,SiLU+Muon,90,9.634662,0.000135,1.387258
fineweb_edu,2027,SiLU+Muon,100,9.441938,0.000150,1.657900
fineweb_edu,2027,SiLU+Muon,110,9.224059,0.000165,1.788614
fineweb_edu,2027,SiLU+Muon,120,9.028659,0.000180,1.823511
fineweb_edu,2027,SiLU+Muon,130,8.840056,0.000195,1.751850
fineweb_edu,2027,SiLU+Muon,140,8.657986,0.000210,1.446847
fineweb_edu,2027,SiLU+Muon,150,8.501694,0.000225,1.936658
fineweb_edu,2027,SiLU+Muon,160,8.307420,0.000240,1.483776
fineweb_edu,2027,SiLU+Muon,170,8.145230,0.000255,1.463986
fineweb_edu,2027,SiLU+Muon,180,8.014840,0.000270,1.728605
fineweb_edu,2027,SiLU+Muon,190,7.855818,0.000285,1.704073
fineweb_edu,2027,SiLU+Muon,200,7.752949,0.000300,1.708775
fineweb_edu,2027,SiLU+Muon,210,7.629679,0.000300,1.608192
fineweb_edu,2027,SiLU+Muon,220,7.525934,0.000300,1.846516
fineweb_edu,2027,SiLU+Muon,230,7.434428,0.000300,1.556429
fineweb_edu,2027,SiLU+Muon,240,7.339152,0.000300,1.458251
fineweb_edu,2027,SiLU+Muon,250,7.263076,0.000300,1.727187
fineweb_edu,2027,SiLU+Muon,260,7.172148,0.000300,1.958821
fineweb_edu,2027,SiLU+Muon,270,7.096248,0.000300,1.523849
fineweb_edu,2027,SiLU+Muon,280,7.014687,0.000299,1.648858
fineweb_edu,2027,SiLU+Muon,290,6.963576,0.000299,1.663730
fineweb_edu,2027,SiLU+Muon,300,6.871041,0.000299,1.708240
fineweb_edu,2027,SiLU+Muon,310,6.809184,0.000299,1.513865
fineweb_edu,2027,SiLU+Muon,320,6.735551,0.000299,1.510123
fineweb_edu,2027,SiLU+Muon,330,6.662030,0.000299,1.991903
fineweb_edu,2027,SiLU+Muon,340,6.611183,0.000298,1.699493
fineweb_edu,2027,SiLU+Muon,350,6.576546,0.000298,1.597657
fineweb_edu,2027,SiLU+Muon,360,6.499814,0.000298,1.581687
fineweb_edu,2027,SiLU+Muon,370,6.430457,0.000298,1.597614
fineweb_edu,2027,SiLU+Muon,380,6.381028,0.000297,1.454232
fineweb_edu,2027,SiLU+Muon,390,6.330242,0.000297,1.674984
fineweb_edu,2027,SiLU+Muon,400,6.277013,0.000297,1.555085
fineweb_edu,2027,SiLU+Muon,410,6.254423,0.000296,1.653176
fineweb_edu,2027,SiLU+Muon,420,6.181239,0.000296,1.898864
fineweb_edu,2027,SiLU+Muon,430,6.150823,0.000296,1.706146
fineweb_edu,2027,SiLU+Muon,440,6.082885,0.000295,1.720236
fineweb_edu,2027,SiLU+Muon,450,6.079012,0.000295,1.374678
fineweb_edu,2027,SiLU+Muon,460,6.023326,0.000295,1.580146
fineweb_edu,2027,SiLU+Muon,470,5.976713,0.000294,1.727392
fineweb_edu,2027,SiLU+Muon,480,5.929744,0.000294,1.909745
fineweb_edu,2027,SiLU+Muon,490,5.904691,0.000293,1.589451
fineweb_edu,2027,SiLU+Muon,500,5.885255,0.000293,1.714674
fineweb_edu,2027,SiLU+Muon,510,5.826634,0.000292,1.668805
fineweb_edu,2027,SiLU+Muon,520,5.808602,0.000292,1.462141
fineweb_edu,2027,SiLU+Muon,530,5.773298,0.000291,1.520134
fineweb_edu,2027,SiLU+Muon,540,5.732652,0.000291,1.588662
fineweb_edu,2027,SiLU+Muon,550,5.714805,0.000290,1.622595
fineweb_edu,2027,SiLU+Muon,560,5.672271,0.000290,1.793293
fineweb_edu,2027,SiLU+Muon,570,5.655088,0.000289,1.788204
fineweb_edu,2027,SiLU+Muon,580,5.639406,0.000288,1.645556
fineweb_edu,2027,SiLU+Muon,590,5.612769,0.000288,1.371184
fineweb_edu,2027,SiLU+Muon,600,5.578315,0.000287,1.594659
fineweb_edu,2027,SiLU+Muon,610,5.544669,0.000287,1.629718
fineweb_edu,2027,SiLU+Muon,620,5.508190,0.000286,1.649283
fineweb_edu,2027,SiLU+Muon,630,5.533265,0.000285,1.899883
fineweb_edu,2027,SiLU+Muon,640,5.461058,0.000284,1.755101
fineweb_edu,2027,SiLU+Muon,650,5.453863,0.000284,1.540993
fineweb_edu,2027,SiLU+Muon,660,5.465772,0.000283,1.505552
fineweb_edu,2027,SiLU+Muon,670,5.384277,0.000282,1.809070
fineweb_edu,2027,SiLU+Muon,680,5.403092,0.000282,1.848438
fineweb_edu,2027,SiLU+Muon,690,5.371791,0.000281,1.687997
fineweb_edu,2027,SiLU+Muon,700,5.360661,0.000280,1.738516
fineweb_edu,2027,SiLU+Muon,710,5.342397,0.000279,1.496461
fineweb_edu,2027,SiLU+Muon,720,5.311824,0.000279,1.695358
fineweb_edu,2027,SiLU+Muon,730,5.328339,0.000278,1.558679
fineweb_edu,2027,SiLU+Muon,740,5.270559,0.000277,1.589865
fineweb_edu,2027,SiLU+Muon,750,5.252837,0.000276,1.766337
fineweb_edu,2027,SiLU+Muon,760,5.239381,0.000275,1.705244
fineweb_edu,2027,SiLU+Muon,770,5.233998,0.000274,2.141990
fineweb_edu,2027,SiLU+Muon,780,5.216250,0.000273,1.817215
fineweb_edu,2027,SiLU+Muon,790,5.190716,0.000273,1.496879
fineweb_edu,2027,SiLU+Muon,800,5.156745,0.000272,1.733750
fineweb_edu,2027,SiLU+Muon,810,5.192496,0.000271,1.553193
fineweb_edu,2027,SiLU+Muon,820,5.140757,0.000270,1.597989
fineweb_edu,2027,SiLU+Muon,830,5.132657,0.000269,1.730071
fineweb_edu,2027,SiLU+Muon,840,5.113360,0.000268,1.604640
fineweb_edu,2027,SiLU+Muon,850,5.109788,0.000267,1.891566
fineweb_edu,2027,SiLU+Muon,860,5.079184,0.000266,1.840641
fineweb_edu,2027,SiLU+Muon,870,5.081075,0.000265,1.667052
fineweb_edu,2027,SiLU+Muon,880,5.044929,0.000264,1.542874
fineweb_edu,2027,SiLU+Muon,890,5.016026,0.000263,1.660786
fineweb_edu,2027,SiLU+Muon,900,5.020271,0.000262,1.892820
fineweb_edu,2027,SiLU+Muon,910,5.008596,0.000261,1.606651
fineweb_edu,2027,SiLU+Muon,920,5.012422,0.000260,1.660709
fineweb_edu,2027,SiLU+Muon,930,5.005713,0.000259,1.750176
fineweb_edu,2027,SiLU+Muon,940,4.973358,0.000258,1.789543
fineweb_edu,2027,SiLU+Muon,950,4.977762,0.000257,1.708617
fineweb_edu,2027,SiLU+Muon,960,4.951320,0.000255,1.971543
fineweb_edu,2027,SiLU+Muon,970,4.964901,0.000254,1.541171
fineweb_edu,2027,SiLU+Muon,980,4.940962,0.000253,1.665037
fineweb_edu,2027,SiLU+Muon,990,4.924742,0.000252,1.694978
fineweb_edu,2027,SiLU+Muon,1000,4.901315,0.000251,1.718483
fineweb_edu,2027,SiLU+Muon,1010,4.915048,0.000250,1.602221
fineweb_edu,2027,SiLU+Muon,1020,4.890283,0.000249,1.596724
fineweb_edu,2027,SiLU+Muon,1030,4.885315,0.000247,1.653771
fineweb_edu,2027,SiLU+Muon,1040,4.852819,0.000246,1.938851
fineweb_edu,2027,SiLU+Muon,1050,4.859558,0.000245,1.731540
fineweb_edu,2027,SiLU+Muon,1060,4.854648,0.000244,1.684382
fineweb_edu,2027,SiLU+Muon,1070,4.833874,0.000243,1.816017
fineweb_edu,2027,SiLU+Muon,1080,4.865508,0.000241,1.479318
fineweb_edu,2027,SiLU+Muon,1090,4.825779,0.000240,1.651859
fineweb_edu,2027,SiLU+Muon,1100,4.814383,0.000239,1.628603
fineweb_edu,2027,SiLU+Muon,1110,4.812707,0.000238,1.843230
fineweb_edu,2027,SiLU+Muon,1120,4.772251,0.000236,1.570211
fineweb_edu,2027,SiLU+Muon,1130,4.796253,0.000235,1.731080
fineweb_edu,2027,SiLU+Muon,1140,4.768336,0.000234,1.616398
fineweb_edu,2027,SiLU+Muon,1150,4.770659,0.000233,1.454956
fineweb_edu,2027,SiLU+Muon,1160,4.773938,0.000231,1.657726
fineweb_edu,2027,SiLU+Muon,1170,4.765778,0.000230,1.819632
fineweb_edu,2027,SiLU+Muon,1180,4.751664,0.000229,1.955145
fineweb_edu,2027,SiLU+Muon,1190,4.753233,0.000227,1.729091
fineweb_edu,2027,SiLU+Muon,1200,4.722468,0.000226,1.783208
fineweb_edu,2027,SiLU+Muon,1210,4.749882,0.000225,1.966596
fineweb_edu,2027,SiLU+Muon,1220,4.702416,0.000223,1.723416
fineweb_edu,2027,SiLU+Muon,1230,4.704910,0.000222,1.448346
fineweb_edu,2027,SiLU+Muon,1240,4.695148,0.000221,1.585370
fineweb_edu,2027,SiLU+Muon,1250,4.682815,0.000219,1.480212
fineweb_edu,2027,SiLU+Muon,1260,4.698763,0.000218,1.644885
fineweb_edu,2027,SiLU+Muon,1270,4.667433,0.000217,1.518599
fineweb_edu,2027,SiLU+Muon,1280,4.664404,0.000215,1.633185
fineweb_edu,2027,SiLU+Muon,1290,4.646357,0.000214,1.556027
fineweb_edu,2027,SiLU+Muon,1300,4.625673,0.000212,1.589864
fineweb_edu,2027,SiLU+Muon,1310,4.666075,0.000211,1.684043
fineweb_edu,2027,SiLU+Muon,1320,4.666437,0.000210,1.747290
fineweb_edu,2027,SiLU+Muon,1330,4.622124,0.000208,1.895041
fineweb_edu,2027,SiLU+Muon,1340,4.621089,0.000207,1.734855
fineweb_edu,2027,SiLU+Muon,1350,4.617018,0.000205,1.549292
fineweb_edu,2027,SiLU+Muon,1360,4.621244,0.000204,1.769940
fineweb_edu,2027,SiLU+Muon,1370,4.623890,0.000203,1.586247
fineweb_edu,2027,SiLU+Muon,1380,4.607375,0.000201,1.603844
fineweb_edu,2027,SiLU+Muon,1390,4.599616,0.000200,1.675975
fineweb_edu,2027,SiLU+Muon,1400,4.573630,0.000198,1.511614
fineweb_edu,2027,SiLU+Muon,1410,4.604306,0.000197,1.595265
fineweb_edu,2027,SiLU+Muon,1420,4.569405,0.000195,1.726192
fineweb_edu,2027,SiLU+Muon,1430,4.584782,0.000194,1.654077
fineweb_edu,2027,SiLU+Muon,1440,4.596625,0.000192,1.382233
fineweb_edu,2027,SiLU+Muon,1450,4.544241,0.000191,1.742907
fineweb_edu,2027,SiLU+Muon,1460,4.551225,0.000190,1.854645
fineweb_edu,2027,SiLU+Muon,1470,4.543129,0.000188,1.732137
fineweb_edu,2027,SiLU+Muon,1480,4.550446,0.000187,1.957118
fineweb_edu,2027,SiLU+Muon,1490,4.513580,0.000185,1.449233
fineweb_edu,2027,SiLU+Muon,1500,4.514800,0.000184,1.784468
fineweb_edu,2027,SiLU+Muon,1510,4.535711,0.000182,1.399742
fineweb_edu,2027,SiLU+Muon,1520,4.520447,0.000181,1.656411
fineweb_edu,2027,SiLU+Muon,1530,4.487601,0.000179,1.666684
fineweb_edu,2027,SiLU+Muon,1540,4.503549,0.000178,1.751896
fineweb_edu,2027,SiLU+Muon,1550,4.520711,0.000176,1.864435
fineweb_edu,2027,SiLU+Muon,1560,4.507140,0.000175,1.868525
fineweb_edu,2027,SiLU+Muon,1570,4.466925,0.000173,1.694935
fineweb_edu,2027,SiLU+Muon,1580,4.446632,0.000172,1.458508
fineweb_edu,2027,SiLU+Muon,1590,4.473870,0.000170,1.540114
fineweb_edu,2027,SiLU+Muon,1600,4.465705,0.000169,1.657989
fineweb_edu,2027,SiLU+Muon,1610,4.492310,0.000167,1.820133
fineweb_edu,2027,SiLU+Muon,1620,4.454407,0.000166,1.603004
fineweb_edu,2027,SiLU+Muon,1630,4.443965,0.000164,1.624434
fineweb_edu,2027,SiLU+Muon,1640,4.457509,0.000163,1.611248
fineweb_edu,2027,SiLU+Muon,1650,4.456662,0.000161,1.519084
fineweb_edu,2027,SiLU+Muon,1660,4.435429,0.000160,1.558910
fineweb_edu,2027,SiLU+Muon,1670,4.447994,0.000158,1.512430
fineweb_edu,2027,SiLU+Muon,1680,4.419002,0.000157,1.547201
fineweb_edu,2027,SiLU+Muon,1690,4.424140,0.000155,1.543783
fineweb_edu,2027,SiLU+Muon,1700,4.438511,0.000154,1.727278
fineweb_edu,2027,SiLU+Muon,1710,4.408380,0.000153,1.569831
fineweb_edu,2027,SiLU+Muon,1720,4.376893,0.000151,1.656197
fineweb_edu,2027,SiLU+Muon,1730,4.414483,0.000150,1.513958
fineweb_edu,2027,SiLU+Muon,1740,4.426279,0.000148,1.512951
fineweb_edu,2027,SiLU+Muon,1750,4.411940,0.000147,1.976910
fineweb_edu,2027,SiLU+Muon,1760,4.390165,0.000145,1.935396
fineweb_edu,2027,SiLU+Muon,1770,4.396530,0.000144,1.549649
fineweb_edu,2027,SiLU+Muon,1780,4.394361,0.000142,1.579237
fineweb_edu,2027,SiLU+Muon,1790,4.405383,0.000141,1.532631
fineweb_edu,2027,SiLU+Muon,1800,4.370445,0.000139,1.409508
fineweb_edu,2027,SiLU+Muon,1810,4.364392,0.000138,2.090809
fineweb_edu,2027,SiLU+Muon,1820,4.363336,0.000136,1.503884
fineweb_edu,2027,SiLU+Muon,1830,4.386915,0.000135,1.547682
fineweb_edu,2027,SiLU+Muon,1840,4.363881,0.000133,1.698899
fineweb_edu,2027,SiLU+Muon,1850,4.363035,0.000132,1.639631
fineweb_edu,2027,SiLU+Muon,1860,4.389459,0.000131,1.889156
fineweb_edu,2027,SiLU+Muon,1870,4.343601,0.000129,1.526702
fineweb_edu,2027,SiLU+Muon,1880,4.362130,0.000128,1.871541
fineweb_edu,2027,SiLU+Muon,1890,4.354659,0.000126,1.885315
fineweb_edu,2027,SiLU+Muon,1900,4.339277,0.000125,1.667978
fineweb_edu,2027,SiLU+Muon,1910,4.323632,0.000123,1.781208
fineweb_edu,2027,SiLU+Muon,1920,4.341029,0.000122,1.553109
fineweb_edu,2027,SiLU+Muon,1930,4.336326,0.000121,1.719042
fineweb_edu,2027,SiLU+Muon,1940,4.330182,0.000119,1.473128
fineweb_edu,2027,SiLU+Muon,1950,4.326443,0.000118,1.569891
fineweb_edu,2027,SiLU+Muon,1960,4.343470,0.000116,2.063740
fineweb_edu,2027,SiLU+Muon,1970,4.310206,0.000115,1.911043
fineweb_edu,2027,SiLU+Muon,1980,4.296159,0.000114,1.633970
fineweb_edu,2027,SiLU+Muon,1990,4.310170,0.000112,1.504570
fineweb_edu,2027,SiLU+Muon,2000,4.293207,0.000111,1.576728
fineweb_edu,2027,SiLU+Muon,2010,4.278421,0.000110,1.881948
fineweb_edu,2027,SiLU+Muon,2020,4.296001,0.000108,2.054244
fineweb_edu,2027,SiLU+Muon,2030,4.303347,0.000107,1.785153
fineweb_edu,2027,SiLU+Muon,2040,4.308259,0.000106,1.814000
fineweb_edu,2027,SiLU+Muon,2050,4.291971,0.000104,1.903890
fineweb_edu,2027,SiLU+Muon,2060,4.271137,0.000103,2.030825
fineweb_edu,2027,SiLU+Muon,2070,4.280846,0.000102,1.793991
fineweb_edu,2027,SiLU+Muon,2080,4.259556,0.000100,2.090645
fineweb_edu,2027,SiLU+Muon,2090,4.278116,0.000099,2.001829
fineweb_edu,2027,SiLU+Muon,2100,4.271023,0.000098,1.996169
fineweb_edu,2027,SiLU+Muon,2110,4.265484,0.000096,2.029645
fineweb_edu,2027,SiLU+Muon,2120,4.262355,0.000095,1.997691
fineweb_edu,2027,SiLU+Muon,2130,4.299879,0.000094,1.746148
fineweb_edu,2027,SiLU+Muon,2140,4.246873,0.000093,1.974581
fineweb_edu,2027,SiLU+Muon,2150,4.269508,0.000091,1.966879
fineweb_edu,2027,SiLU+Muon,2160,4.249437,0.000090,1.872080
fineweb_edu,2027,SiLU+Muon,2170,4.255055,0.000089,2.052825
fineweb_edu,2027,SiLU+Muon,2180,4.256504,0.000088,2.036467
fineweb_edu,2027,SiLU+Muon,2190,4.266932,0.000086,1.745607
fineweb_edu,2027,SiLU+Muon,2200,4.254391,0.000085,1.972761
fineweb_edu,2027,SiLU+Muon,2210,4.237181,0.000084,1.980494
fineweb_edu,2027,SiLU+Muon,2220,4.235874,0.000083,1.980496
fineweb_edu,2027,SiLU+Muon,2230,4.252476,0.000082,2.072578
fineweb_edu,2027,SiLU+Muon,2240,4.244926,0.000080,1.814701
fineweb_edu,2027,SiLU+Muon,2250,4.237913,0.000079,1.698034
fineweb_edu,2027,SiLU+Muon,2260,4.239800,0.000078,2.002325
fineweb_edu,2027,SiLU+Muon,2270,4.231959,0.000077,2.035021
fineweb_edu,2027,SiLU+Muon,2280,4.218157,0.000076,1.781193
fineweb_edu,2027,SiLU+Muon,2290,4.228491,0.000075,1.826241
fineweb_edu,2027,SiLU+Muon,2300,4.209096,0.000074,1.940357
fineweb_edu,2027,SiLU+Muon,2310,4.217808,0.000073,1.803426
fineweb_edu,2027,SiLU+Muon,2320,4.221449,0.000072,2.071098
fineweb_edu,2027,SiLU+Muon,2330,4.210036,0.000070,2.040072
fineweb_edu,2027,SiLU+Muon,2340,4.197829,0.000069,2.095396
fineweb_edu,2027,SiLU+Muon,2350,4.196097,0.000068,1.960675
fineweb_edu,2027,SiLU+Muon,2360,4.225109,0.000067,1.975442
fineweb_edu,2027,SiLU+Muon,2370,4.211669,0.000066,1.796097
fineweb_edu,2027,SiLU+Muon,2380,4.196767,0.000065,1.931246
fineweb_edu,2027,SiLU+Muon,2390,4.197817,0.000064,1.793765
fineweb_edu,2027,SiLU+Muon,2400,4.202517,0.000063,2.108863
fineweb_edu,2027,SiLU+Muon,2410,4.185183,0.000062,1.904977
fineweb_edu,2027,SiLU+Muon,2420,4.204085,0.000061,2.009403
fineweb_edu,2027,SiLU+Muon,2430,4.213015,0.000060,1.750357
fineweb_edu,2027,SiLU+Muon,2440,4.204174,0.000059,2.030941
fineweb_edu,2027,SiLU+Muon,2450,4.189277,0.000059,1.982858
fineweb_edu,2027,SiLU+Muon,2460,4.224569,0.000058,1.926603
fineweb_edu,2027,SiLU+Muon,2470,4.155590,0.000057,2.056744
fineweb_edu,2027,SiLU+Muon,2480,4.201409,0.000056,1.929833
fineweb_edu,2027,SiLU+Muon,2490,4.194084,0.000055,1.828227
fineweb_edu,2027,SiLU+Muon,2500,4.196248,0.000054,1.842047
fineweb_edu,2027,SiLU+Muon,2510,4.191741,0.000053,1.982337
fineweb_edu,2027,SiLU+Muon,2520,4.146937,0.000052,1.994544
fineweb_edu,2027,SiLU+Muon,2530,4.182232,0.000052,1.949120
fineweb_edu,2027,SiLU+Muon,2540,4.184401,0.000051,1.920731
fineweb_edu,2027,SiLU+Muon,2550,4.160808,0.000050,1.898871
fineweb_edu,2027,SiLU+Muon,2560,4.208100,0.000049,1.824756
fineweb_edu,2027,SiLU+Muon,2570,4.174416,0.000049,1.827172
fineweb_edu,2027,SiLU+Muon,2580,4.192756,0.000048,1.952249
fineweb_edu,2027,SiLU+Muon,2590,4.189613,0.000047,1.894171
fineweb_edu,2027,SiLU+Muon,2600,4.143874,0.000046,2.046254
fineweb_edu,2027,SiLU+Muon,2610,4.156394,0.000046,1.881994
fineweb_edu,2027,SiLU+Muon,2620,4.155861,0.000045,1.717297
fineweb_edu,2027,SiLU+Muon,2630,4.154257,0.000044,1.888195
fineweb_edu,2027,SiLU+Muon,2640,4.174849,0.000044,1.867926
fineweb_edu,2027,SiLU+Muon,2650,4.135739,0.000043,2.009119
fineweb_edu,2027,SiLU+Muon,2660,4.157323,0.000042,1.945846
fineweb_edu,2027,SiLU+Muon,2670,4.181037,0.000042,2.065931
fineweb_edu,2027,SiLU+Muon,2680,4.143901,0.000041,1.809338
fineweb_edu,2027,SiLU+Muon,2690,4.148735,0.000041,2.088001
fineweb_edu,2027,SiLU+Muon,2700,4.147497,0.000040,2.109156
fineweb_edu,2027,SiLU+Muon,2710,4.166802,0.000039,1.984058
fineweb_edu,2027,SiLU+Muon,2720,4.167498,0.000039,2.082784
fineweb_edu,2027,SiLU+Muon,2730,4.144461,0.000038,2.114211
fineweb_edu,2027,SiLU+Muon,2740,4.162567,0.000038,1.828519
fineweb_edu,2027,SiLU+Muon,2750,4.162244,0.000037,1.999936
fineweb_edu,2027,SiLU+Muon,2760,4.163127,0.000037,1.950868
fineweb_edu,2027,SiLU+Muon,2770,4.177050,0.000036,2.049928
fineweb_edu,2027,SiLU+Muon,2780,4.139785,0.000036,2.104719
fineweb_edu,2027,SiLU+Muon,2790,4.143282,0.000036,2.080698
fineweb_edu,2027,SiLU+Muon,2800,4.142362,0.000035,1.677812
fineweb_edu,2027,SiLU+Muon,2810,4.159203,0.000035,2.058206
fineweb_edu,2027,SiLU+Muon,2820,4.131384,0.000034,2.054335
fineweb_edu,2027,SiLU+Muon,2830,4.157946,0.000034,2.067927
fineweb_edu,2027,SiLU+Muon,2840,4.122856,0.000034,2.042164
fineweb_edu,2027,SiLU+Muon,2850,4.140674,0.000033,2.026597
fineweb_edu,2027,SiLU+Muon,2860,4.131147,0.000033,1.729482
fineweb_edu,2027,SiLU+Muon,2870,4.139063,0.000033,1.744928
fineweb_edu,2027,SiLU+Muon,2880,4.147963,0.000032,1.965557
fineweb_edu,2027,SiLU+Muon,2890,4.130322,0.000032,2.026233
fineweb_edu,2027,SiLU+Muon,2900,4.136892,0.000032,2.046757
fineweb_edu,2027,SiLU+Muon,2910,4.138407,0.000032,1.903742
fineweb_edu,2027,SiLU+Muon,2920,4.124764,0.000031,1.775537
fineweb_edu,2027,SiLU+Muon,2930,4.139733,0.000031,2.063964
fineweb_edu,2027,SiLU+Muon,2940,4.146366,0.000031,2.115118
fineweb_edu,2027,SiLU+Muon,2950,4.121780,0.000031,2.075131
fineweb_edu,2027,SiLU+Muon,2960,4.125448,0.000031,1.958198
fineweb_edu,2027,SiLU+Muon,2970,4.125884,0.000031,1.995461
fineweb_edu,2027,SiLU+Muon,2980,4.126017,0.000030,1.731808
fineweb_edu,2027,SiLU+Muon,2990,4.121362,0.000030,1.930638
fineweb_edu,2027,SiLU+Muon,3000,4.126449,0.000030,2.057949
fineweb_edu,2027,SiLU+Muon,3010,4.144473,0.000030,2.043574
fineweb_edu,2027,SiLU+Muon,3020,4.133850,0.000030,1.964070
fineweb_edu,2027,SiLU+Muon,3030,4.151952,0.000030,2.087412
fineweb_edu,2027,SiLU+Muon,3040,4.120674,0.000030,1.715364
fineweb_edu,2027,SiLU+Muon,3050,4.087446,0.000030,1.881418
fineweb_edu,2027,RLB+Muon,1,10.974694,0.000001,4.343348
fineweb_edu,2027,RLB+Muon,10,10.962788,0.000015,2.764516
fineweb_edu,2027,RLB+Muon,20,10.904035,0.000030,2.530759
fineweb_edu,2027,RLB+Muon,30,10.782498,0.000045,2.417462
fineweb_edu,2027,RLB+Muon,40,10.603640,0.000060,2.560488
fineweb_edu,2027,RLB+Muon,50,10.385213,0.000075,2.590679
fineweb_edu,2027,RLB+Muon,60,10.148448,0.000090,2.512054
fineweb_edu,2027,RLB+Muon,70,9.889788,0.000105,2.520974
fineweb_edu,2027,RLB+Muon,80,9.613530,0.000120,2.386690
fineweb_edu,2027,RLB+Muon,90,9.354582,0.000135,2.572264
fineweb_edu,2027,RLB+Muon,100,9.108177,0.000150,2.568700
fineweb_edu,2027,RLB+Muon,110,8.863286,0.000165,2.543622
fineweb_edu,2027,RLB+Muon,120,8.669589,0.000180,2.439983
fineweb_edu,2027,RLB+Muon,130,8.495920,0.000195,2.569894
fineweb_edu,2027,RLB+Muon,140,8.332960,0.000210,2.577470
fineweb_edu,2027,RLB+Muon,150,8.205371,0.000225,2.548962
fineweb_edu,2027,RLB+Muon,160,8.034659,0.000240,2.571236
fineweb_edu,2027,RLB+Muon,170,7.906880,0.000255,2.345986
fineweb_edu,2027,RLB+Muon,180,7.805237,0.000270,2.564380
fineweb_edu,2027,RLB+Muon,190,7.657862,0.000285,2.563701
fineweb_edu,2027,RLB+Muon,200,7.574163,0.000300,2.501865
fineweb_edu,2027,RLB+Muon,210,7.464271,0.000300,2.532092
fineweb_edu,2027,RLB+Muon,220,7.368075,0.000300,2.494735
fineweb_edu,2027,RLB+Muon,230,7.283864,0.000300,2.576631
fineweb_edu,2027,RLB+Muon,240,7.193311,0.000300,2.540255
fineweb_edu,2027,RLB+Muon,250,7.125222,0.000300,2.534992
fineweb_edu,2027,RLB+Muon,260,7.039503,0.000300,2.430610
fineweb_edu,2027,RLB+Muon,270,6.968102,0.000300,2.560646
fineweb_edu,2027,RLB+Muon,280,6.892601,0.000299,2.572771
fineweb_edu,2027,RLB+Muon,290,6.842113,0.000299,2.501279
fineweb_edu,2027,RLB+Muon,300,6.758078,0.000299,2.528985
fineweb_edu,2027,RLB+Muon,310,6.697494,0.000299,2.434549
fineweb_edu,2027,RLB+Muon,320,6.623068,0.000299,2.501693
fineweb_edu,2027,RLB+Muon,330,6.553791,0.000299,2.515699
fineweb_edu,2027,RLB+Muon,340,6.506543,0.000298,2.544626
fineweb_edu,2027,RLB+Muon,350,6.473761,0.000298,2.464993
fineweb_edu,2027,RLB+Muon,360,6.401619,0.000298,2.436620
fineweb_edu,2027,RLB+Muon,370,6.337259,0.000298,2.553663
fineweb_edu,2027,RLB+Muon,380,6.291373,0.000297,2.525804
fineweb_edu,2027,RLB+Muon,390,6.240076,0.000297,2.531955
fineweb_edu,2027,RLB+Muon,400,6.189782,0.000297,2.472306
fineweb_edu,2027,RLB+Muon,410,6.173279,0.000296,2.566583
fineweb_edu,2027,RLB+Muon,420,6.103490,0.000296,2.520676
fineweb_edu,2027,RLB+Muon,430,6.074401,0.000296,2.503041
fineweb_edu,2027,RLB+Muon,440,6.009464,0.000295,2.532820
fineweb_edu,2027,RLB+Muon,450,6.010899,0.000295,2.387692
fineweb_edu,2027,RLB+Muon,460,5.958082,0.000295,2.585595
fineweb_edu,2027,RLB+Muon,470,5.910905,0.000294,2.525375
fineweb_edu,2027,RLB+Muon,480,5.867694,0.000294,2.556622
fineweb_edu,2027,RLB+Muon,490,5.844283,0.000293,2.533761
fineweb_edu,2027,RLB+Muon,500,5.827732,0.000293,2.463820
fineweb_edu,2027,RLB+Muon,510,5.773362,0.000292,2.584429
fineweb_edu,2027,RLB+Muon,520,5.755579,0.000292,2.563528
fineweb_edu,2027,RLB+Muon,530,5.720652,0.000291,2.519345
fineweb_edu,2027,RLB+Muon,540,5.684395,0.000291,2.410934
fineweb_edu,2027,RLB+Muon,550,5.666109,0.000290,2.493726
fineweb_edu,2027,RLB+Muon,560,5.627307,0.000290,2.508034
fineweb_edu,2027,RLB+Muon,570,5.607887,0.000289,2.539169
fineweb_edu,2027,RLB+Muon,580,5.594915,0.000288,2.445897
fineweb_edu,2027,RLB+Muon,590,5.570877,0.000288,2.425175
fineweb_edu,2027,RLB+Muon,600,5.535346,0.000287,2.522517
fineweb_edu,2027,RLB+Muon,610,5.504420,0.000287,2.515192
fineweb_edu,2027,RLB+Muon,620,5.466966,0.000286,2.496541
fineweb_edu,2027,RLB+Muon,630,5.496647,0.000285,2.485492
fineweb_edu,2027,RLB+Muon,640,5.421894,0.000284,2.427686
fineweb_edu,2027,RLB+Muon,650,5.415473,0.000284,2.501935
fineweb_edu,2027,RLB+Muon,660,5.430590,0.000283,2.499251
fineweb_edu,2027,RLB+Muon,670,5.348967,0.000282,2.512606
fineweb_edu,2027,RLB+Muon,680,5.368418,0.000282,2.451550
fineweb_edu,2027,RLB+Muon,690,5.339761,0.000281,2.525909
fineweb_edu,2027,RLB+Muon,700,5.327944,0.000280,2.518514
fineweb_edu,2027,RLB+Muon,710,5.309260,0.000279,2.498059
fineweb_edu,2027,RLB+Muon,720,5.282948,0.000279,2.536185
fineweb_edu,2027,RLB+Muon,730,5.304784,0.000278,2.423930
fineweb_edu,2027,RLB+Muon,740,5.241798,0.000277,2.489282
fineweb_edu,2027,RLB+Muon,750,5.224466,0.000276,2.462652
fineweb_edu,2027,RLB+Muon,760,5.213747,0.000275,2.573903
fineweb_edu,2027,RLB+Muon,770,5.206652,0.000274,2.566840
fineweb_edu,2027,RLB+Muon,780,5.191798,0.000273,2.378102
fineweb_edu,2027,RLB+Muon,790,5.167971,0.000273,2.532347
fineweb_edu,2027,RLB+Muon,800,5.134093,0.000272,2.549489
fineweb_edu,2027,RLB+Muon,810,5.171225,0.000271,2.532619
fineweb_edu,2027,RLB+Muon,820,5.120104,0.000270,2.412669
fineweb_edu,2027,RLB+Muon,830,5.110875,0.000269,2.515379
fineweb_edu,2027,RLB+Muon,840,5.095716,0.000268,2.530536
fineweb_edu,2027,RLB+Muon,850,5.090090,0.000267,2.569486
fineweb_edu,2027,RLB+Muon,860,5.062529,0.000266,2.539344
fineweb_edu,2027,RLB+Muon,870,5.065451,0.000265,2.454301
fineweb_edu,2027,RLB+Muon,880,5.029803,0.000264,2.550249
fineweb_edu,2027,RLB+Muon,890,5.003410,0.000263,2.549194
fineweb_edu,2027,RLB+Muon,900,5.004343,0.000262,2.454966
fineweb_edu,2027,RLB+Muon,910,4.991574,0.000261,2.545881
fineweb_edu,2027,RLB+Muon,920,4.997850,0.000260,2.442006
fineweb_edu,2027,RLB+Muon,930,4.989931,0.000259,2.490711
fineweb_edu,2027,RLB+Muon,940,4.960166,0.000258,2.507641
fineweb_edu,2027,RLB+Muon,950,4.963257,0.000257,2.541746
fineweb_edu,2027,RLB+Muon,960,4.938407,0.000255,2.451810
fineweb_edu,2027,RLB+Muon,970,4.952385,0.000254,2.490227
fineweb_edu,2027,RLB+Muon,980,4.927736,0.000253,2.546683
fineweb_edu,2027,RLB+Muon,990,4.912955,0.000252,2.477388
fineweb_edu,2027,RLB+Muon,1000,4.890565,0.000251,2.553126
fineweb_edu,2027,RLB+Muon,1010,4.906493,0.000250,2.356969
fineweb_edu,2027,RLB+Muon,1020,4.879233,0.000249,2.485830
fineweb_edu,2027,RLB+Muon,1030,4.878990,0.000247,2.558934
fineweb_edu,2027,RLB+Muon,1040,4.844153,0.000246,2.515569
fineweb_edu,2027,RLB+Muon,1050,4.852217,0.000245,2.450700
fineweb_edu,2027,RLB+Muon,1060,4.846416,0.000244,2.481562
fineweb_edu,2027,RLB+Muon,1070,4.825977,0.000243,2.546544
fineweb_edu,2027,RLB+Muon,1080,4.856391,0.000241,2.532468
fineweb_edu,2027,RLB+Muon,1090,4.817847,0.000240,2.562114
fineweb_edu,2027,RLB+Muon,1100,4.808595,0.000239,2.543632
fineweb_edu,2027,RLB+Muon,1110,4.804315,0.000238,2.509644
fineweb_edu,2027,RLB+Muon,1120,4.767132,0.000236,2.536804
fineweb_edu,2027,RLB+Muon,1130,4.789402,0.000235,2.450372
fineweb_edu,2027,RLB+Muon,1140,4.764660,0.000234,2.528395
fineweb_edu,2027,RLB+Muon,1150,4.762999,0.000233,2.474805
fineweb_edu,2027,RLB+Muon,1160,4.767232,0.000231,2.521575
fineweb_edu,2027,RLB+Muon,1170,4.761903,0.000230,2.555469
fineweb_edu,2027,RLB+Muon,1180,4.749183,0.000229,2.535622
fineweb_edu,2027,RLB+Muon,1190,4.747631,0.000227,2.509203
fineweb_edu,2027,RLB+Muon,1200,4.719501,0.000226,2.405462
fineweb_edu,2027,RLB+Muon,1210,4.744769,0.000225,2.509096
fineweb_edu,2027,RLB+Muon,1220,4.696306,0.000223,2.545055
fineweb_edu,2027,RLB+Muon,1230,4.700945,0.000222,2.533725
fineweb_edu,2027,RLB+Muon,1240,4.691552,0.000221,2.449688
fineweb_edu,2027,RLB+Muon,1250,4.680362,0.000219,2.451301
fineweb_edu,2027,RLB+Muon,1260,4.696657,0.000218,2.568075
fineweb_edu,2027,RLB+Muon,1270,4.664557,0.000217,2.545666
fineweb_edu,2027,RLB+Muon,1280,4.662438,0.000215,2.567388
fineweb_edu,2027,RLB+Muon,1290,4.645526,0.000214,2.489835
fineweb_edu,2027,RLB+Muon,1300,4.625199,0.000212,2.485495
fineweb_edu,2027,RLB+Muon,1310,4.664141,0.000211,2.535676
fineweb_edu,2027,RLB+Muon,1320,4.665064,0.000210,2.523736
fineweb_edu,2027,RLB+Muon,1330,4.622600,0.000208,2.568302
fineweb_edu,2027,RLB+Muon,1340,4.623232,0.000207,2.483561
fineweb_edu,2027,RLB+Muon,1350,4.617066,0.000205,2.520008
fineweb_edu,2027,RLB+Muon,1360,4.615239,0.000204,2.520486
fineweb_edu,2027,RLB+Muon,1370,4.625115,0.000203,2.520451
fineweb_edu,2027,RLB+Muon,1380,4.609243,0.000201,2.490816
fineweb_edu,2027,RLB+Muon,1390,4.603126,0.000200,2.473448
fineweb_edu,2027,RLB+Muon,1400,4.574630,0.000198,2.565650
fineweb_edu,2027,RLB+Muon,1410,4.606361,0.000197,2.490964
fineweb_edu,2027,RLB+Muon,1420,4.571360,0.000195,2.520146
fineweb_edu,2027,RLB+Muon,1430,4.588194,0.000194,2.436944
fineweb_edu,2027,RLB+Muon,1440,4.599751,0.000192,2.531750
fineweb_edu,2027,RLB+Muon,1450,4.548540,0.000191,2.537620
fineweb_edu,2027,RLB+Muon,1460,4.553920,0.000190,2.553165
fineweb_edu,2027,RLB+Muon,1470,4.545995,0.000188,2.579240
fineweb_edu,2027,RLB+Muon,1480,4.555261,0.000187,2.388225
fineweb_edu,2027,RLB+Muon,1490,4.518388,0.000185,2.525216
fineweb_edu,2027,RLB+Muon,1500,4.519334,0.000184,2.545601
fineweb_edu,2027,RLB+Muon,1510,4.538577,0.000182,2.531847
fineweb_edu,2027,RLB+Muon,1520,4.525490,0.000181,2.420306
fineweb_edu,2027,RLB+Muon,1530,4.494030,0.000179,2.366848
fineweb_edu,2027,RLB+Muon,1540,4.506048,0.000178,2.504698
fineweb_edu,2027,RLB+Muon,1550,4.524877,0.000176,2.524512
fineweb_edu,2027,RLB+Muon,1560,4.510212,0.000175,2.502158
fineweb_edu,2027,RLB+Muon,1570,4.468944,0.000173,2.392783
fineweb_edu,2027,RLB+Muon,1580,4.453418,0.000172,2.559984
fineweb_edu,2027,RLB+Muon,1590,4.478516,0.000170,2.556577
fineweb_edu,2027,RLB+Muon,1600,4.474184,0.000169,2.498985
fineweb_edu,2027,RLB+Muon,1610,4.495330,0.000167,2.543712
fineweb_edu,2027,RLB+Muon,1620,4.460513,0.000166,2.372417
fineweb_edu,2027,RLB+Muon,1630,4.452026,0.000164,2.560202
fineweb_edu,2027,RLB+Muon,1640,4.463813,0.000163,2.443321
fineweb_edu,2027,RLB+Muon,1650,4.462173,0.000161,2.532230
fineweb_edu,2027,RLB+Muon,1660,4.441300,0.000160,2.562892
fineweb_edu,2027,RLB+Muon,1670,4.453396,0.000158,2.339008
fineweb_edu,2027,RLB+Muon,1680,4.426742,0.000157,2.537562
fineweb_edu,2027,RLB+Muon,1690,4.428306,0.000155,2.529220
fineweb_edu,2027,RLB+Muon,1700,4.442997,0.000154,2.529898
fineweb_edu,2027,RLB+Muon,1710,4.415376,0.000153,2.447820
fineweb_edu,2027,RLB+Muon,1720,4.383001,0.000151,2.468278
fineweb_edu,2027,RLB+Muon,1730,4.421023,0.000150,2.566829
fineweb_edu,2027,RLB+Muon,1740,4.430381,0.000148,2.564100
fineweb_edu,2027,RLB+Muon,1750,4.417538,0.000147,2.505594
fineweb_edu,2027,RLB+Muon,1760,4.393644,0.000145,2.455825
fineweb_edu,2027,RLB+Muon,1770,4.402825,0.000144,2.536929
fineweb_edu,2027,RLB+Muon,1780,4.400329,0.000142,2.534919
fineweb_edu,2027,RLB+Muon,1790,4.411988,0.000141,2.541649
fineweb_edu,2027,RLB+Muon,1800,4.376640,0.000139,2.578686
fineweb_edu,2027,RLB+Muon,1810,4.370242,0.000138,2.455291
fineweb_edu,2027,RLB+Muon,1820,4.370526,0.000136,2.538262
fineweb_edu,2027,RLB+Muon,1830,4.391785,0.000135,2.495487
fineweb_edu,2027,RLB+Muon,1840,4.370409,0.000133,2.511523
fineweb_edu,2027,RLB+Muon,1850,4.371606,0.000132,2.474237
fineweb_edu,2027,RLB+Muon,1860,4.395680,0.000131,2.549087
fineweb_edu,2027,RLB+Muon,1870,4.352419,0.000129,2.513137
fineweb_edu,2027,RLB+Muon,1880,4.368897,0.000128,2.502819
fineweb_edu,2027,RLB+Muon,1890,4.362830,0.000126,2.526165
fineweb_edu,2027,RLB+Muon,1900,4.344470,0.000125,2.497873
fineweb_edu,2027,RLB+Muon,1910,4.327729,0.000123,2.562521
fineweb_edu,2027,RLB+Muon,1920,4.349388,0.000122,2.558757
fineweb_edu,2027,RLB+Muon,1930,4.343651,0.000121,2.540350
fineweb_edu,2027,RLB+Muon,1940,4.337118,0.000119,2.443329
fineweb_edu,2027,RLB+Muon,1950,4.335212,0.000118,2.293835
fineweb_edu,2027,RLB+Muon,1960,4.350754,0.000116,2.546598
fineweb_edu,2027,RLB+Muon,1970,4.321109,0.000115,2.542855
fineweb_edu,2027,RLB+Muon,1980,4.302904,0.000114,2.572879
fineweb_edu,2027,RLB+Muon,1990,4.315807,0.000112,2.490535
fineweb_edu,2027,RLB+Muon,2000,4.302630,0.000111,2.477182
fineweb_edu,2027,RLB+Muon,2010,4.283732,0.000110,2.530334
fineweb_edu,2027,RLB+Muon,2020,4.300490,0.000108,2.549212
fineweb_edu,2027,RLB+Muon,2030,4.308834,0.000107,2.544876
fineweb_edu,2027,RLB+Muon,2040,4.315836,0.000106,2.451727
fineweb_edu,2027,RLB+Muon,2050,4.298036,0.000104,2.559485
fineweb_edu,2027,RLB+Muon,2060,4.278051,0.000103,2.561329
fineweb_edu,2027,RLB+Muon,2070,4.288203,0.000102,2.477153
fineweb_edu,2027,RLB+Muon,2080,4.265787,0.000100,2.529842
fineweb_edu,2027,RLB+Muon,2090,4.282429,0.000099,2.487441
fineweb_edu,2027,RLB+Muon,2100,4.277761,0.000098,2.508608
fineweb_edu,2027,RLB+Muon,2110,4.270489,0.000096,2.549299
fineweb_edu,2027,RLB+Muon,2120,4.268991,0.000095,2.590000
fineweb_edu,2027,RLB+Muon,2130,4.306856,0.000094,2.460777
fineweb_edu,2027,RLB+Muon,2140,4.252634,0.000093,2.493510
fineweb_edu,2027,RLB+Muon,2150,4.275014,0.000091,2.483219
fineweb_edu,2027,RLB+Muon,2160,4.254558,0.000090,2.449148
fineweb_edu,2027,RLB+Muon,2170,4.261586,0.000089,2.384759
fineweb_edu,2027,RLB+Muon,2180,4.260590,0.000088,2.303878
fineweb_edu,2027,RLB+Muon,2190,4.273023,0.000086,2.344466
fineweb_edu,2027,RLB+Muon,2200,4.257545,0.000085,2.552014
fineweb_edu,2027,RLB+Muon,2210,4.241689,0.000084,2.511403
fineweb_edu,2027,RLB+Muon,2220,4.242858,0.000083,2.536262
fineweb_edu,2027,RLB+Muon,2230,4.257746,0.000082,2.401456
fineweb_edu,2027,RLB+Muon,2240,4.250379,0.000080,2.536776
fineweb_edu,2027,RLB+Muon,2250,4.239830,0.000079,2.450275
fineweb_edu,2027,RLB+Muon,2260,4.244581,0.000078,2.479492
fineweb_edu,2027,RLB+Muon,2270,4.235965,0.000077,2.465745
fineweb_edu,2027,RLB+Muon,2280,4.221472,0.000076,2.309987
fineweb_edu,2027,RLB+Muon,2290,4.233373,0.000075,2.485155
fineweb_edu,2027,RLB+Muon,2300,4.211929,0.000074,2.476192
fineweb_edu,2027,RLB+Muon,2310,4.221126,0.000073,2.548021
fineweb_edu,2027,RLB+Muon,2320,4.223342,0.000072,2.462357
fineweb_edu,2027,RLB+Muon,2330,4.212257,0.000070,2.423071
fineweb_edu,2027,RLB+Muon,2340,4.201007,0.000069,2.495185
fineweb_edu,2027,RLB+Muon,2350,4.198278,0.000068,2.485825
fineweb_edu,2027,RLB+Muon,2360,4.226706,0.000067,2.514209
fineweb_edu,2027,RLB+Muon,2370,4.216638,0.000066,2.316011
fineweb_edu,2027,RLB+Muon,2380,4.202131,0.000065,2.506635
fineweb_edu,2027,RLB+Muon,2390,4.201797,0.000064,2.539054
fineweb_edu,2027,RLB+Muon,2400,4.205463,0.000063,2.466117
fineweb_edu,2027,RLB+Muon,2410,4.188630,0.000062,2.431989
fineweb_edu,2027,RLB+Muon,2420,4.208114,0.000061,2.317527
fineweb_edu,2027,RLB+Muon,2430,4.215312,0.000060,2.503515
fineweb_edu,2027,RLB+Muon,2440,4.208476,0.000059,2.455371
fineweb_edu,2027,RLB+Muon,2450,4.193596,0.000059,2.554649
fineweb_edu,2027,RLB+Muon,2460,4.226093,0.000058,2.545395
fineweb_edu,2027,RLB+Muon,2470,4.157894,0.000057,2.362769
fineweb_edu,2027,RLB+Muon,2480,4.205271,0.000056,2.501994
fineweb_edu,2027,RLB+Muon,2490,4.196927,0.000055,2.548646
fineweb_edu,2027,RLB+Muon,2500,4.200137,0.000054,2.527422
fineweb_edu,2027,RLB+Muon,2510,4.197950,0.000053,2.358827
fineweb_edu,2027,RLB+Muon,2520,4.149893,0.000052,2.478558
fineweb_edu,2027,RLB+Muon,2530,4.185084,0.000052,2.458601
fineweb_edu,2027,RLB+Muon,2540,4.188360,0.000051,2.419561
fineweb_edu,2027,RLB+Muon,2550,4.162688,0.000050,2.453062
fineweb_edu,2027,RLB+Muon,2560,4.211139,0.000049,2.365724
fineweb_edu,2027,RLB+Muon,2570,4.176683,0.000049,2.550142
fineweb_edu,2027,RLB+Muon,2580,4.196311,0.000048,2.498439
fineweb_edu,2027,RLB+Muon,2590,4.193775,0.000047,2.505251
fineweb_edu,2027,RLB+Muon,2600,4.145763,0.000046,2.530043
fineweb_edu,2027,RLB+Muon,2610,4.159701,0.000046,2.303118
fineweb_edu,2027,RLB+Muon,2620,4.156802,0.000045,2.518665
fineweb_edu,2027,RLB+Muon,2630,4.157836,0.000044,2.480519
fineweb_edu,2027,RLB+Muon,2640,4.176754,0.000044,2.469035
fineweb_edu,2027,RLB+Muon,2650,4.139114,0.000043,2.533035
fineweb_edu,2027,RLB+Muon,2660,4.163296,0.000042,2.329383
fineweb_edu,2027,RLB+Muon,2670,4.184474,0.000042,2.515848
fineweb_edu,2027,RLB+Muon,2680,4.145430,0.000041,2.496374
fineweb_edu,2027,RLB+Muon,2690,4.150197,0.000041,2.474883
fineweb_edu,2027,RLB+Muon,2700,4.152411,0.000040,2.440260
fineweb_edu,2027,RLB+Muon,2710,4.170251,0.000039,2.556775
fineweb_edu,2027,RLB+Muon,2720,4.168263,0.000039,2.517571
fineweb_edu,2027,RLB+Muon,2730,4.146164,0.000038,2.453807
fineweb_edu,2027,RLB+Muon,2740,4.165027,0.000038,2.457047
fineweb_edu,2027,RLB+Muon,2750,4.164410,0.000037,2.420010
fineweb_edu,2027,RLB+Muon,2760,4.164857,0.000037,2.503517
fineweb_edu,2027,RLB+Muon,2770,4.179147,0.000036,2.460538
fineweb_edu,2027,RLB+Muon,2780,4.140204,0.000036,2.361955
fineweb_edu,2027,RLB+Muon,2790,4.146375,0.000036,2.406805
fineweb_edu,2027,RLB+Muon,2800,4.144842,0.000035,2.340570
fineweb_edu,2027,RLB+Muon,2810,4.159579,0.000035,2.430213
fineweb_edu,2027,RLB+Muon,2820,4.131919,0.000034,2.495193
fineweb_edu,2027,RLB+Muon,2830,4.159294,0.000034,2.555379
fineweb_edu,2027,RLB+Muon,2840,4.126763,0.000034,2.502169
fineweb_edu,2027,RLB+Muon,2850,4.142594,0.000033,2.350936
fineweb_edu,2027,RLB+Muon,2860,4.134780,0.000033,2.496311
fineweb_edu,2027,RLB+Muon,2870,4.140651,0.000033,2.499053
fineweb_edu,2027,RLB+Muon,2880,4.149963,0.000032,2.559478
fineweb_edu,2027,RLB+Muon,2890,4.132066,0.000032,2.461827
fineweb_edu,2027,RLB+Muon,2900,4.141219,0.000032,2.344434
fineweb_edu,2027,RLB+Muon,2910,4.139355,0.000032,2.557872
fineweb_edu,2027,RLB+Muon,2920,4.129172,0.000031,2.497871
fineweb_edu,2027,RLB+Muon,2930,4.139707,0.000031,2.490459
fineweb_edu,2027,RLB+Muon,2940,4.149153,0.000031,2.377400
fineweb_edu,2027,RLB+Muon,2950,4.124626,0.000031,2.503764
fineweb_edu,2027,RLB+Muon,2960,4.128303,0.000031,2.489575
fineweb_edu,2027,RLB+Muon,2970,4.129247,0.000031,2.534258
fineweb_edu,2027,RLB+Muon,2980,4.126973,0.000030,2.577811
fineweb_edu,2027,RLB+Muon,2990,4.121628,0.000030,2.249880
fineweb_edu,2027,RLB+Muon,3000,4.127588,0.000030,2.450325
fineweb_edu,2027,RLB+Muon,3010,4.144008,0.000030,2.458410
fineweb_edu,2027,RLB+Muon,3020,4.133206,0.000030,2.478806
fineweb_edu,2027,RLB+Muon,3030,4.154822,0.000030,2.454058
fineweb_edu,2027,RLB+Muon,3040,4.123579,0.000030,2.379504
fineweb_edu,2027,RLB+Muon,3050,4.088827,0.000030,2.532567
fineweb_edu,2027,RLB+MatrixPolicy (group-stat),1,10.974694,0.000001,3.885912
fineweb_edu,2027,RLB+MatrixPolicy (group-stat),10,10.389274,0.000015,2.696298
fineweb_edu,2027,RLB+MatrixPolicy (group-stat),20,9.627216,0.000030,2.301048
fineweb_edu,2027,RLB+MatrixPolicy (group-stat),30,9.346647,0.000045,2.511658
fineweb_edu,2027,RLB+MatrixPolicy (group-stat),40,8.971324,0.000060,2.415246
fineweb_edu,2027,RLB+MatrixPolicy (group-stat),50,8.509624,0.000075,2.484850
fineweb_edu,2027,RLB+MatrixPolicy (group-stat),60,8.050080,0.000090,2.439334
fineweb_edu,2027,RLB+MatrixPolicy (group-stat),70,7.645215,0.000105,2.361891
fineweb_edu,2027,RLB+MatrixPolicy (group-stat),80,7.402881,0.000120,2.535417
fineweb_edu,2027,RLB+MatrixPolicy (group-stat),90,7.294910,0.000135,2.543794
fineweb_edu,2027,RLB+MatrixPolicy (group-stat),100,7.165125,0.000150,2.436283
fineweb_edu,2027,RLB+MatrixPolicy (group-stat),110,7.009811,0.000165,2.456410
fineweb_edu,2027,RLB+MatrixPolicy (group-stat),120,6.912310,0.000180,2.542916
fineweb_edu,2027,RLB+MatrixPolicy (group-stat),130,6.794221,0.000195,2.521969
fineweb_edu,2027,RLB+MatrixPolicy (group-stat),140,6.711283,0.000210,2.502106
fineweb_edu,2027,RLB+MatrixPolicy (group-stat),150,6.647260,0.000225,2.545478
fineweb_edu,2027,RLB+MatrixPolicy (group-stat),160,6.539910,0.000240,2.368982
fineweb_edu,2027,RLB+MatrixPolicy (group-stat),170,6.467317,0.000255,2.502554
fineweb_edu,2027,RLB+MatrixPolicy (group-stat),180,6.428638,0.000270,2.552872
fineweb_edu,2027,RLB+MatrixPolicy (group-stat),190,6.317073,0.000285,2.495915
fineweb_edu,2027,RLB+MatrixPolicy (group-stat),200,6.275743,0.000300,2.527784
fineweb_edu,2027,RLB+MatrixPolicy (group-stat),210,6.212274,0.000300,2.370568
fineweb_edu,2027,RLB+MatrixPolicy (group-stat),220,6.149772,0.000300,2.579267
fineweb_edu,2027,RLB+MatrixPolicy (group-stat),230,6.093753,0.000300,2.575291
fineweb_edu,2027,RLB+MatrixPolicy (group-stat),240,6.037641,0.000300,2.501215
fineweb_edu,2027,RLB+MatrixPolicy (group-stat),250,5.994044,0.000300,2.427183
fineweb_edu,2027,RLB+MatrixPolicy (group-stat),260,5.943868,0.000300,2.509919
fineweb_edu,2027,RLB+MatrixPolicy (group-stat),270,5.890580,0.000300,2.581413
fineweb_edu,2027,RLB+MatrixPolicy (group-stat),280,5.846355,0.000299,2.425628
fineweb_edu,2027,RLB+MatrixPolicy (group-stat),290,5.813164,0.000299,2.572596
fineweb_edu,2027,RLB+MatrixPolicy (group-stat),300,5.759067,0.000299,2.419452
fineweb_edu,2027,RLB+MatrixPolicy (group-stat),310,5.719481,0.000299,2.491336
fineweb_edu,2027,RLB+MatrixPolicy (group-stat),320,5.674208,0.000299,2.537408
fineweb_edu,2027,RLB+MatrixPolicy (group-stat),330,5.635620,0.000299,2.495027
fineweb_edu,2027,RLB+MatrixPolicy (group-stat),340,5.608714,0.000298,2.477037
fineweb_edu,2027,RLB+MatrixPolicy (group-stat),350,5.600022,0.000298,2.359458
fineweb_edu,2027,RLB+MatrixPolicy (group-stat),360,5.553970,0.000298,2.528963
fineweb_edu,2027,RLB+MatrixPolicy (group-stat),370,5.509102,0.000298,2.552371
fineweb_edu,2027,RLB+MatrixPolicy (group-stat),380,5.489328,0.000297,2.587634
fineweb_edu,2027,RLB+MatrixPolicy (group-stat),390,5.458182,0.000297,2.338544
fineweb_edu,2027,RLB+MatrixPolicy (group-stat),400,5.426841,0.000297,2.454087
fineweb_edu,2027,RLB+MatrixPolicy (group-stat),410,5.433606,0.000296,2.570864
fineweb_edu,2027,RLB+MatrixPolicy (group-stat),420,5.383011,0.000296,2.436392
fineweb_edu,2027,RLB+MatrixPolicy (group-stat),430,5.375942,0.000296,2.412432
fineweb_edu,2027,RLB+MatrixPolicy (group-stat),440,5.334109,0.000295,2.382084
fineweb_edu,2027,RLB+MatrixPolicy (group-stat),450,5.344437,0.000295,2.503478
fineweb_edu,2027,RLB+MatrixPolicy (group-stat),460,5.310289,0.000295,2.580990
fineweb_edu,2027,RLB+MatrixPolicy (group-stat),470,5.284744,0.000294,2.559660
fineweb_edu,2027,RLB+MatrixPolicy (group-stat),480,5.259958,0.000294,2.487539
fineweb_edu,2027,RLB+MatrixPolicy (group-stat),490,5.250948,0.000293,2.337862
fineweb_edu,2027,RLB+MatrixPolicy (group-stat),500,5.241713,0.000293,2.395586
fineweb_edu,2027,RLB+MatrixPolicy (group-stat),510,5.196410,0.000292,2.548343
fineweb_edu,2027,RLB+MatrixPolicy (group-stat),520,5.194792,0.000292,2.412168
fineweb_edu,2027,RLB+MatrixPolicy (group-stat),530,5.177291,0.000291,2.450024
fineweb_edu,2027,RLB+MatrixPolicy (group-stat),540,5.144555,0.000291,2.326062
fineweb_edu,2027,RLB+MatrixPolicy (group-stat),550,5.134897,0.000290,2.611912
fineweb_edu,2027,RLB+MatrixPolicy (group-stat),560,5.113816,0.000290,2.569477
fineweb_edu,2027,RLB+MatrixPolicy (group-stat),570,5.093851,0.000289,2.554288
fineweb_edu,2027,RLB+MatrixPolicy (group-stat),580,5.095630,0.000288,2.442223
fineweb_edu,2027,RLB+MatrixPolicy (group-stat),590,5.079579,0.000288,2.537129
fineweb_edu,2027,RLB+MatrixPolicy (group-stat),600,5.055854,0.000287,2.449760
fineweb_edu,2027,RLB+MatrixPolicy (group-stat),610,5.030478,0.000287,2.572816
fineweb_edu,2027,RLB+MatrixPolicy (group-stat),620,5.004130,0.000286,2.519503
fineweb_edu,2027,RLB+MatrixPolicy (group-stat),630,5.036822,0.000285,2.392509
fineweb_edu,2027,RLB+MatrixPolicy (group-stat),640,4.974928,0.000284,2.591657
fineweb_edu,2027,RLB+MatrixPolicy (group-stat),650,4.980056,0.000284,2.456297
fineweb_edu,2027,RLB+MatrixPolicy (group-stat),660,5.000853,0.000283,2.460799
fineweb_edu,2027,RLB+MatrixPolicy (group-stat),670,4.929872,0.000282,2.549241
fineweb_edu,2027,RLB+MatrixPolicy (group-stat),680,4.951165,0.000282,2.422966
fineweb_edu,2027,RLB+MatrixPolicy (group-stat),690,4.934898,0.000281,2.468812
fineweb_edu,2027,RLB+MatrixPolicy (group-stat),700,4.927313,0.000280,2.516545
fineweb_edu,2027,RLB+MatrixPolicy (group-stat),710,4.918947,0.000279,2.567268
fineweb_edu,2027,RLB+MatrixPolicy (group-stat),720,4.896132,0.000279,2.386237
fineweb_edu,2027,RLB+MatrixPolicy (group-stat),730,4.919185,0.000278,2.500066
fineweb_edu,2027,RLB+MatrixPolicy (group-stat),740,4.870532,0.000277,2.520069
fineweb_edu,2027,RLB+MatrixPolicy (group-stat),750,4.862556,0.000276,2.470995
fineweb_edu,2027,RLB+MatrixPolicy (group-stat),760,4.857301,0.000275,2.535818
fineweb_edu,2027,RLB+MatrixPolicy (group-stat),770,4.857821,0.000274,2.376049
fineweb_edu,2027,RLB+MatrixPolicy (group-stat),780,4.845953,0.000273,2.434095
fineweb_edu,2027,RLB+MatrixPolicy (group-stat),790,4.828045,0.000273,2.534561
fineweb_edu,2027,RLB+MatrixPolicy (group-stat),800,4.807085,0.000272,2.549442
fineweb_edu,2027,RLB+MatrixPolicy (group-stat),810,4.840865,0.000271,2.473823
fineweb_edu,2027,RLB+MatrixPolicy (group-stat),820,4.800670,0.000270,2.330577
fineweb_edu,2027,RLB+MatrixPolicy (group-stat),830,4.791013,0.000269,2.484843
fineweb_edu,2027,RLB+MatrixPolicy (group-stat),840,4.780444,0.000268,2.547824
fineweb_edu,2027,RLB+MatrixPolicy (group-stat),850,4.785298,0.000267,2.518324
fineweb_edu,2027,RLB+MatrixPolicy (group-stat),860,4.766194,0.000266,2.487476
fineweb_edu,2027,RLB+MatrixPolicy (group-stat),870,4.768761,0.000265,2.452810
fineweb_edu,2027,RLB+MatrixPolicy (group-stat),880,4.740184,0.000264,2.529670
fineweb_edu,2027,RLB+MatrixPolicy (group-stat),890,4.719741,0.000263,2.514066
fineweb_edu,2027,RLB+MatrixPolicy (group-stat),900,4.723763,0.000262,2.537803
fineweb_edu,2027,RLB+MatrixPolicy (group-stat),910,4.718368,0.000261,2.398686
fineweb_edu,2027,RLB+MatrixPolicy (group-stat),920,4.728015,0.000260,2.508339
fineweb_edu,2027,RLB+MatrixPolicy (group-stat),930,4.720544,0.000259,2.547396
fineweb_edu,2027,RLB+MatrixPolicy (group-stat),940,4.692454,0.000258,2.499794
fineweb_edu,2027,RLB+MatrixPolicy (group-stat),950,4.702388,0.000257,2.477283
fineweb_edu,2027,RLB+MatrixPolicy (group-stat),960,4.679079,0.000255,2.445368
fineweb_edu,2027,RLB+MatrixPolicy (group-stat),970,4.692386,0.000254,2.520084
fineweb_edu,2027,RLB+MatrixPolicy (group-stat),980,4.673777,0.000253,2.504223
fineweb_edu,2027,RLB+MatrixPolicy (group-stat),990,4.663437,0.000252,2.564825
fineweb_edu,2027,RLB+MatrixPolicy (group-stat),1000,4.639553,0.000251,2.534086
fineweb_edu,2027,RLB+MatrixPolicy (group-stat),1010,4.657400,0.000250,2.442353
fineweb_edu,2027,RLB+MatrixPolicy (group-stat),1020,4.637086,0.000249,2.584272
fineweb_edu,2027,RLB+MatrixPolicy (group-stat),1030,4.633977,0.000247,2.476107
fineweb_edu,2027,RLB+MatrixPolicy (group-stat),1040,4.608449,0.000246,2.581733
fineweb_edu,2027,RLB+MatrixPolicy (group-stat),1050,4.613744,0.000245,2.409238
fineweb_edu,2027,RLB+MatrixPolicy (group-stat),1060,4.609576,0.000244,2.521103
fineweb_edu,2027,RLB+MatrixPolicy (group-stat),1070,4.591907,0.000243,2.491655
fineweb_edu,2027,RLB+MatrixPolicy (group-stat),1080,4.616280,0.000241,2.489498
fineweb_edu,2027,RLB+MatrixPolicy (group-stat),1090,4.585867,0.000240,2.601861
fineweb_edu,2027,RLB+MatrixPolicy (group-stat),1100,4.576388,0.000239,2.336727
fineweb_edu,2027,RLB+MatrixPolicy (group-stat),1110,4.568349,0.000238,2.567003
fineweb_edu,2027,RLB+MatrixPolicy (group-stat),1120,4.532648,0.000236,2.505282
fineweb_edu,2027,RLB+MatrixPolicy (group-stat),1130,4.559009,0.000235,2.525010
fineweb_edu,2027,RLB+MatrixPolicy (group-stat),1140,4.530285,0.000234,2.455859
fineweb_edu,2027,RLB+MatrixPolicy (group-stat),1150,4.533925,0.000233,2.381185
fineweb_edu,2027,RLB+MatrixPolicy (group-stat),1160,4.536373,0.000231,2.564694
fineweb_edu,2027,RLB+MatrixPolicy (group-stat),1170,4.525935,0.000230,2.474539
fineweb_edu,2027,RLB+MatrixPolicy (group-stat),1180,4.519118,0.000229,2.590883
fineweb_edu,2027,RLB+MatrixPolicy (group-stat),1190,4.513979,0.000227,2.441485
fineweb_edu,2027,RLB+MatrixPolicy (group-stat),1200,4.493178,0.000226,2.543869
fineweb_edu,2027,RLB+MatrixPolicy (group-stat),1210,4.518422,0.000225,2.471434
fineweb_edu,2027,RLB+MatrixPolicy (group-stat),1220,4.471230,0.000223,2.494791
fineweb_edu,2027,RLB+MatrixPolicy (group-stat),1230,4.469636,0.000222,2.553057
fineweb_edu,2027,RLB+MatrixPolicy (group-stat),1240,4.461912,0.000221,2.408166
fineweb_edu,2027,RLB+MatrixPolicy (group-stat),1250,4.448236,0.000219,2.537218
fineweb_edu,2027,RLB+MatrixPolicy (group-stat),1260,4.462104,0.000218,2.484390
fineweb_edu,2027,RLB+MatrixPolicy (group-stat),1270,4.436474,0.000217,2.588943
fineweb_edu,2027,RLB+MatrixPolicy (group-stat),1280,4.430399,0.000215,2.457180
fineweb_edu,2027,RLB+MatrixPolicy (group-stat),1290,4.423998,0.000214,2.472442
fineweb_edu,2027,RLB+MatrixPolicy (group-stat),1300,4.405354,0.000212,2.584957
fineweb_edu,2027,RLB+MatrixPolicy (group-stat),1310,4.435353,0.000211,2.570947
fineweb_edu,2027,RLB+MatrixPolicy (group-stat),1320,4.440290,0.000210,2.576652
fineweb_edu,2027,RLB+MatrixPolicy (group-stat),1330,4.402064,0.000208,2.352523
fineweb_edu,2027,RLB+MatrixPolicy (group-stat),1340,4.403736,0.000207,2.579892
fineweb_edu,2027,RLB+MatrixPolicy (group-stat),1350,4.399839,0.000205,2.520166
fineweb_edu,2027,RLB+MatrixPolicy (group-stat),1360,4.395906,0.000204,2.523091
fineweb_edu,2027,RLB+MatrixPolicy (group-stat),1370,4.401956,0.000203,2.507907
fineweb_edu,2027,RLB+MatrixPolicy (group-stat),1380,4.393218,0.000201,2.413741
fineweb_edu,2027,RLB+MatrixPolicy (group-stat),1390,4.385392,0.000200,2.572047
fineweb_edu,2027,RLB+MatrixPolicy (group-stat),1400,4.352776,0.000198,2.590086
fineweb_edu,2027,RLB+MatrixPolicy (group-stat),1410,4.390891,0.000197,2.585777
fineweb_edu,2027,RLB+MatrixPolicy (group-stat),1420,4.358558,0.000195,2.496931
fineweb_edu,2027,RLB+MatrixPolicy (group-stat),1430,4.372298,0.000194,2.526435
fineweb_edu,2027,RLB+MatrixPolicy (group-stat),1440,4.387392,0.000192,2.589524
fineweb_edu,2027,RLB+MatrixPolicy (group-stat),1450,4.335949,0.000191,2.532856
fineweb_edu,2027,RLB+MatrixPolicy (group-stat),1460,4.339708,0.000190,2.544833
fineweb_edu,2027,RLB+MatrixPolicy (group-stat),1470,4.338172,0.000188,2.398175
fineweb_edu,2027,RLB+MatrixPolicy (group-stat),1480,4.340980,0.000187,2.537580
fineweb_edu,2027,RLB+MatrixPolicy (group-stat),1490,4.312022,0.000185,2.581954
fineweb_edu,2027,RLB+MatrixPolicy (group-stat),1500,4.312092,0.000184,2.541653
fineweb_edu,2027,RLB+MatrixPolicy (group-stat),1510,4.329265,0.000182,2.537115
fineweb_edu,2027,RLB+MatrixPolicy (group-stat),1520,4.314921,0.000181,2.419376
fineweb_edu,2027,RLB+MatrixPolicy (group-stat),1530,4.285511,0.000179,2.540395
fineweb_edu,2027,RLB+MatrixPolicy (group-stat),1540,4.300467,0.000178,2.560260
fineweb_edu,2027,RLB+MatrixPolicy (group-stat),1550,4.315293,0.000176,2.502418
fineweb_edu,2027,RLB+MatrixPolicy (group-stat),1560,4.306899,0.000175,2.361466
fineweb_edu,2027,RLB+MatrixPolicy (group-stat),1570,4.267892,0.000173,2.553465
fineweb_edu,2027,RLB+MatrixPolicy (group-stat),1580,4.250318,0.000172,2.544227
fineweb_edu,2027,RLB+MatrixPolicy (group-stat),1590,4.277898,0.000170,2.499897
fineweb_edu,2027,RLB+MatrixPolicy (group-stat),1600,4.274872,0.000169,2.578823
fineweb_edu,2027,RLB+MatrixPolicy (group-stat),1610,4.301542,0.000167,2.454420
fineweb_edu,2027,RLB+MatrixPolicy (group-stat),1620,4.261189,0.000166,2.605296
fineweb_edu,2027,RLB+MatrixPolicy (group-stat),1630,4.259241,0.000164,2.540568
fineweb_edu,2027,RLB+MatrixPolicy (group-stat),1640,4.262266,0.000163,2.564188
fineweb_edu,2027,RLB+MatrixPolicy (group-stat),1650,4.263787,0.000161,2.558870
fineweb_edu,2027,RLB+MatrixPolicy (group-stat),1660,4.245511,0.000160,2.548111
fineweb_edu,2027,RLB+MatrixPolicy (group-stat),1670,4.257896,0.000158,2.585908
fineweb_edu,2027,RLB+MatrixPolicy (group-stat),1680,4.235408,0.000157,2.561263
fineweb_edu,2027,RLB+MatrixPolicy (group-stat),1690,4.236453,0.000155,2.557987
fineweb_edu,2027,RLB+MatrixPolicy (group-stat),1700,4.247922,0.000154,2.465302
fineweb_edu,2027,RLB+MatrixPolicy (group-stat),1710,4.223433,0.000153,2.569097
fineweb_edu,2027,RLB+MatrixPolicy (group-stat),1720,4.191641,0.000151,2.530850
fineweb_edu,2027,RLB+MatrixPolicy (group-stat),1730,4.226656,0.000150,2.582896
fineweb_edu,2027,RLB+MatrixPolicy (group-stat),1740,4.240240,0.000148,2.596747
fineweb_edu,2027,RLB+MatrixPolicy (group-stat),1750,4.225418,0.000147,2.423618
fineweb_edu,2027,RLB+MatrixPolicy (group-stat),1760,4.206314,0.000145,2.621316
fineweb_edu,2027,RLB+MatrixPolicy (group-stat),1770,4.212554,0.000144,2.612751
fineweb_edu,2027,RLB+MatrixPolicy (group-stat),1780,4.213191,0.000142,2.518717
fineweb_edu,2027,RLB+MatrixPolicy (group-stat),1790,4.225705,0.000141,2.453877
fineweb_edu,2027,RLB+MatrixPolicy (group-stat),1800,4.189725,0.000139,2.505892
fineweb_edu,2027,RLB+MatrixPolicy (group-stat),1810,4.180610,0.000138,2.580465
fineweb_edu,2027,RLB+MatrixPolicy (group-stat),1820,4.186237,0.000136,2.536232
fineweb_edu,2027,RLB+MatrixPolicy (group-stat),1830,4.200460,0.000135,2.534650
fineweb_edu,2027,RLB+MatrixPolicy (group-stat),1840,4.182873,0.000133,2.455350
fineweb_edu,2027,RLB+MatrixPolicy (group-stat),1850,4.181699,0.000132,2.549206
fineweb_edu,2027,RLB+MatrixPolicy (group-stat),1860,4.208260,0.000131,2.543919
fineweb_edu,2027,RLB+MatrixPolicy (group-stat),1870,4.165542,0.000129,2.475586
fineweb_edu,2027,RLB+MatrixPolicy (group-stat),1880,4.182859,0.000128,2.558327
fineweb_edu,2027,RLB+MatrixPolicy (group-stat),1890,4.171167,0.000126,2.487110
fineweb_edu,2027,RLB+MatrixPolicy (group-stat),1900,4.164358,0.000125,2.557081
fineweb_edu,2027,RLB+MatrixPolicy (group-stat),1910,4.147280,0.000123,2.597819
fineweb_edu,2027,RLB+MatrixPolicy (group-stat),1920,4.165820,0.000122,2.513943
fineweb_edu,2027,RLB+MatrixPolicy (group-stat),1930,4.159463,0.000121,2.403695
fineweb_edu,2027,RLB+MatrixPolicy (group-stat),1940,4.156588,0.000119,2.433903
fineweb_edu,2027,RLB+MatrixPolicy (group-stat),1950,4.149888,0.000118,2.628006
fineweb_edu,2027,RLB+MatrixPolicy (group-stat),1960,4.171269,0.000116,2.587832
fineweb_edu,2027,RLB+MatrixPolicy (group-stat),1970,4.139865,0.000115,2.502089
fineweb_edu,2027,RLB+MatrixPolicy (group-stat),1980,4.128312,0.000114,2.447142
fineweb_edu,2027,RLB+MatrixPolicy (group-stat),1990,4.138636,0.000112,2.563307
fineweb_edu,2027,RLB+MatrixPolicy (group-stat),2000,4.125895,0.000111,2.581956
fineweb_edu,2027,RLB+MatrixPolicy (group-stat),2010,4.107603,0.000110,2.401433
fineweb_edu,2027,RLB+MatrixPolicy (group-stat),2020,4.124118,0.000108,2.590023
fineweb_edu,2027,RLB+MatrixPolicy (group-stat),2030,4.131529,0.000107,2.499763
fineweb_edu,2027,RLB+MatrixPolicy (group-stat),2040,4.139075,0.000106,2.570948
fineweb_edu,2027,RLB+MatrixPolicy (group-stat),2050,4.116117,0.000104,2.544410
fineweb_edu,2027,RLB+MatrixPolicy (group-stat),2060,4.102818,0.000103,2.587757
fineweb_edu,2027,RLB+MatrixPolicy (group-stat),2070,4.106359,0.000102,2.530526
fineweb_edu,2027,RLB+MatrixPolicy (group-stat),2080,4.089840,0.000100,2.567957
fineweb_edu,2027,RLB+MatrixPolicy (group-stat),2090,4.107630,0.000099,2.606328
fineweb_edu,2027,RLB+MatrixPolicy (group-stat),2100,4.104080,0.000098,2.595115
fineweb_edu,2027,RLB+MatrixPolicy (group-stat),2110,4.094985,0.000096,2.598063
fineweb_edu,2027,RLB+MatrixPolicy (group-stat),2120,4.087090,0.000095,2.473049
fineweb_edu,2027,RLB+MatrixPolicy (group-stat),2130,4.125612,0.000094,2.542040
fineweb_edu,2027,RLB+MatrixPolicy (group-stat),2140,4.078646,0.000093,2.523677
fineweb_edu,2027,RLB+MatrixPolicy (group-stat),2150,4.101990,0.000091,2.589868
fineweb_edu,2027,RLB+MatrixPolicy (group-stat),2160,4.083688,0.000090,2.458884
fineweb_edu,2027,RLB+MatrixPolicy (group-stat),2170,4.086825,0.000089,2.439080
fineweb_edu,2027,RLB+MatrixPolicy (group-stat),2180,4.087519,0.000088,2.589071
fineweb_edu,2027,RLB+MatrixPolicy (group-stat),2190,4.092330,0.000086,2.579236
fineweb_edu,2027,RLB+MatrixPolicy (group-stat),2200,4.085092,0.000085,2.559671
fineweb_edu,2027,RLB+MatrixPolicy (group-stat),2210,4.067569,0.000084,2.453596
fineweb_edu,2027,RLB+MatrixPolicy (group-stat),2220,4.064985,0.000083,2.577230
fineweb_edu,2027,RLB+MatrixPolicy (group-stat),2230,4.080475,0.000082,2.569870
fineweb_edu,2027,RLB+MatrixPolicy (group-stat),2240,4.069127,0.000080,2.599740
fineweb_edu,2027,RLB+MatrixPolicy (group-stat),2250,4.069260,0.000079,2.545294
fineweb_edu,2027,RLB+MatrixPolicy (group-stat),2260,4.065140,0.000078,2.534605
fineweb_edu,2027,RLB+MatrixPolicy (group-stat),2270,4.059048,0.000077,2.604759
fineweb_edu,2027,RLB+MatrixPolicy (group-stat),2280,4.044059,0.000076,2.525735
fineweb_edu,2027,RLB+MatrixPolicy (group-stat),2290,4.056522,0.000075,2.624492
fineweb_edu,2027,RLB+MatrixPolicy (group-stat),2300,4.037704,0.000074,2.480273
fineweb_edu,2027,RLB+MatrixPolicy (group-stat),2310,4.049044,0.000073,2.580032
fineweb_edu,2027,RLB+MatrixPolicy (group-stat),2320,4.049783,0.000072,2.534794
fineweb_edu,2027,RLB+MatrixPolicy (group-stat),2330,4.039564,0.000070,2.599411
fineweb_edu,2027,RLB+MatrixPolicy (group-stat),2340,4.027781,0.000069,2.496357
fineweb_edu,2027,RLB+MatrixPolicy (group-stat),2350,4.024602,0.000068,2.469863
fineweb_edu,2027,RLB+MatrixPolicy (group-stat),2360,4.054859,0.000067,2.525069
fineweb_edu,2027,RLB+MatrixPolicy (group-stat),2370,4.039949,0.000066,2.562086
fineweb_edu,2027,RLB+MatrixPolicy (group-stat),2380,4.024849,0.000065,2.568133
fineweb_edu,2027,RLB+MatrixPolicy (group-stat),2390,4.025472,0.000064,2.430476
fineweb_edu,2027,RLB+MatrixPolicy (group-stat),2400,4.026746,0.000063,2.510352
fineweb_edu,2027,RLB+MatrixPolicy (group-stat),2410,4.016849,0.000062,2.504354
fineweb_edu,2027,RLB+MatrixPolicy (group-stat),2420,4.033752,0.000061,2.573519
fineweb_edu,2027,RLB+MatrixPolicy (group-stat),2430,4.041811,0.000060,2.546831
fineweb_edu,2027,RLB+MatrixPolicy (group-stat),2440,4.031010,0.000059,2.458311
fineweb_edu,2027,RLB+MatrixPolicy (group-stat),2450,4.013412,0.000059,2.586443
fineweb_edu,2027,RLB+MatrixPolicy (group-stat),2460,4.050692,0.000058,2.553235
fineweb_edu,2027,RLB+MatrixPolicy (group-stat),2470,3.985399,0.000057,2.541143
fineweb_edu,2027,RLB+MatrixPolicy (group-stat),2480,4.033434,0.000056,2.557365
fineweb_edu,2027,RLB+MatrixPolicy (group-stat),2490,4.015236,0.000055,2.479900
fineweb_edu,2027,RLB+MatrixPolicy (group-stat),2500,4.023122,0.000054,2.506642
fineweb_edu,2027,RLB+MatrixPolicy (group-stat),2510,4.018244,0.000053,2.518552
fineweb_edu,2027,RLB+MatrixPolicy (group-stat),2520,3.977579,0.000052,2.592495
fineweb_edu,2027,RLB+MatrixPolicy (group-stat),2530,4.009233,0.000052,2.495523
fineweb_edu,2027,RLB+MatrixPolicy (group-stat),2540,4.009741,0.000051,2.569379
fineweb_edu,2027,RLB+MatrixPolicy (group-stat),2550,3.987623,0.000050,2.559923
fineweb_edu,2027,RLB+MatrixPolicy (group-stat),2560,4.035370,0.000049,2.580355
fineweb_edu,2027,RLB+MatrixPolicy (group-stat),2570,3.999025,0.000049,2.533222
fineweb_edu,2027,RLB+MatrixPolicy (group-stat),2580,4.020208,0.000048,2.429299
fineweb_edu,2027,RLB+MatrixPolicy (group-stat),2590,4.012289,0.000047,2.549269
fineweb_edu,2027,RLB+MatrixPolicy (group-stat),2600,3.973242,0.000046,2.570990
fineweb_edu,2027,RLB+MatrixPolicy (group-stat),2610,3.985189,0.000046,2.522896
fineweb_edu,2027,RLB+MatrixPolicy (group-stat),2620,3.979585,0.000045,2.485264
fineweb_edu,2027,RLB+MatrixPolicy (group-stat),2630,3.983763,0.000044,2.438111
fineweb_edu,2027,RLB+MatrixPolicy (group-stat),2640,3.997951,0.000044,2.567907
fineweb_edu,2027,RLB+MatrixPolicy (group-stat),2650,3.965059,0.000043,2.537266
fineweb_edu,2027,RLB+MatrixPolicy (group-stat),2660,3.985587,0.000042,2.570412
fineweb_edu,2027,RLB+MatrixPolicy (group-stat),2670,4.006722,0.000042,2.506580
fineweb_edu,2027,RLB+MatrixPolicy (group-stat),2680,3.972802,0.000041,2.589215
fineweb_edu,2027,RLB+MatrixPolicy (group-stat),2690,3.977293,0.000041,2.529801
fineweb_edu,2027,RLB+MatrixPolicy (group-stat),2700,3.974617,0.000040,2.560065
fineweb_edu,2027,RLB+MatrixPolicy (group-stat),2710,3.992538,0.000039,2.525532
fineweb_edu,2027,RLB+MatrixPolicy (group-stat),2720,3.991642,0.000039,2.399669
fineweb_edu,2027,RLB+MatrixPolicy (group-stat),2730,3.966073,0.000038,2.588828
fineweb_edu,2027,RLB+MatrixPolicy (group-stat),2740,3.986857,0.000038,2.546173
fineweb_edu,2027,RLB+MatrixPolicy (group-stat),2750,3.985697,0.000037,2.551810
fineweb_edu,2027,RLB+MatrixPolicy (group-stat),2760,3.990047,0.000037,2.500836
fineweb_edu,2027,RLB+MatrixPolicy (group-stat),2770,4.000554,0.000036,2.526867
fineweb_edu,2027,RLB+MatrixPolicy (group-stat),2780,3.965314,0.000036,2.565621
fineweb_edu,2027,RLB+MatrixPolicy (group-stat),2790,3.966233,0.000036,2.482068
fineweb_edu,2027,RLB+MatrixPolicy (group-stat),2800,3.962866,0.000035,2.594591
fineweb_edu,2027,RLB+MatrixPolicy (group-stat),2810,3.984953,0.000035,2.412992
fineweb_edu,2027,RLB+MatrixPolicy (group-stat),2820,3.955425,0.000034,2.493838
fineweb_edu,2027,RLB+MatrixPolicy (group-stat),2830,3.978220,0.000034,2.494363
fineweb_edu,2027,RLB+MatrixPolicy (group-stat),2840,3.950346,0.000034,2.525385
fineweb_edu,2027,RLB+MatrixPolicy (group-stat),2850,3.960142,0.000033,2.584213
fineweb_edu,2027,RLB+MatrixPolicy (group-stat),2860,3.950247,0.000033,2.412095
fineweb_edu,2027,RLB+MatrixPolicy (group-stat),2870,3.962710,0.000033,2.575633
fineweb_edu,2027,RLB+MatrixPolicy (group-stat),2880,3.970276,0.000032,2.532167
fineweb_edu,2027,RLB+MatrixPolicy (group-stat),2890,3.955115,0.000032,2.528710
fineweb_edu,2027,RLB+MatrixPolicy (group-stat),2900,3.962037,0.000032,2.444519
fineweb_edu,2027,RLB+MatrixPolicy (group-stat),2910,3.958852,0.000032,2.577871
fineweb_edu,2027,RLB+MatrixPolicy (group-stat),2920,3.951268,0.000031,2.516942
fineweb_edu,2027,RLB+MatrixPolicy (group-stat),2930,3.962035,0.000031,2.525991
fineweb_edu,2027,RLB+MatrixPolicy (group-stat),2940,3.968205,0.000031,2.501866
fineweb_edu,2027,RLB+MatrixPolicy (group-stat),2950,3.945956,0.000031,2.436859
fineweb_edu,2027,RLB+MatrixPolicy (group-stat),2960,3.947646,0.000031,2.555414
fineweb_edu,2027,RLB+MatrixPolicy (group-stat),2970,3.946547,0.000031,2.542789
fineweb_edu,2027,RLB+MatrixPolicy (group-stat),2980,3.943540,0.000030,2.598860
fineweb_edu,2027,RLB+MatrixPolicy (group-stat),2990,3.943227,0.000030,2.516485
fineweb_edu,2027,RLB+MatrixPolicy (group-stat),3000,3.946832,0.000030,2.480870
fineweb_edu,2027,RLB+MatrixPolicy (group-stat),3010,3.963415,0.000030,2.492875
fineweb_edu,2027,RLB+MatrixPolicy (group-stat),3020,3.953435,0.000030,2.433707
fineweb_edu,2027,RLB+MatrixPolicy (group-stat),3030,3.975148,0.000030,2.532383
fineweb_edu,2027,RLB+MatrixPolicy (group-stat),3040,3.939049,0.000030,2.493077
fineweb_edu,2027,RLB+MatrixPolicy (group-stat),3050,3.909408,0.000030,2.576156
fineweb_edu,3407,SiLU+AdamW,1,10.987488,0.000001,2.692308
fineweb_edu,3407,SiLU+AdamW,10,10.854641,0.000015,2.028502
fineweb_edu,3407,SiLU+AdamW,20,10.186751,0.000030,1.724628
fineweb_edu,3407,SiLU+AdamW,30,9.590347,0.000045,1.582325
fineweb_edu,3407,SiLU+AdamW,40,9.219166,0.000060,1.664589
fineweb_edu,3407,SiLU+AdamW,50,8.803463,0.000075,1.872731
fineweb_edu,3407,SiLU+AdamW,60,8.366432,0.000090,1.951553
fineweb_edu,3407,SiLU+AdamW,70,7.943406,0.000105,1.828762
fineweb_edu,3407,SiLU+AdamW,80,7.663031,0.000120,1.956758
fineweb_edu,3407,SiLU+AdamW,90,7.507450,0.000135,1.570709
fineweb_edu,3407,SiLU+AdamW,100,7.388267,0.000150,1.985126
fineweb_edu,3407,SiLU+AdamW,110,7.238061,0.000165,2.061208
fineweb_edu,3407,SiLU+AdamW,120,7.141165,0.000180,2.007700
fineweb_edu,3407,SiLU+AdamW,130,7.041839,0.000195,1.888884
fineweb_edu,3407,SiLU+AdamW,140,6.944055,0.000210,1.892167
fineweb_edu,3407,SiLU+AdamW,150,6.811659,0.000225,1.710272
fineweb_edu,3407,SiLU+AdamW,160,6.715592,0.000240,2.040210
fineweb_edu,3407,SiLU+AdamW,170,6.650110,0.000255,2.031532
fineweb_edu,3407,SiLU+AdamW,180,6.546025,0.000270,1.958612
fineweb_edu,3407,SiLU+AdamW,190,6.483984,0.000285,1.829442
fineweb_edu,3407,SiLU+AdamW,200,6.415154,0.000300,1.943510
fineweb_edu,3407,SiLU+AdamW,210,6.356102,0.000300,1.686348
fineweb_edu,3407,SiLU+AdamW,220,6.295474,0.000300,1.677789
fineweb_edu,3407,SiLU+AdamW,230,6.247357,0.000300,1.567324
fineweb_edu,3407,SiLU+AdamW,240,6.179787,0.000300,1.983447
fineweb_edu,3407,SiLU+AdamW,250,6.119298,0.000300,1.903812
fineweb_edu,3407,SiLU+AdamW,260,6.106170,0.000300,2.008870
fineweb_edu,3407,SiLU+AdamW,270,6.040015,0.000300,1.980305
fineweb_edu,3407,SiLU+AdamW,280,6.009207,0.000299,1.638946
fineweb_edu,3407,SiLU+AdamW,290,5.952883,0.000299,1.964448
fineweb_edu,3407,SiLU+AdamW,300,5.932770,0.000299,2.039035
fineweb_edu,3407,SiLU+AdamW,310,5.885562,0.000299,1.924334
fineweb_edu,3407,SiLU+AdamW,320,5.833510,0.000299,1.823656
fineweb_edu,3407,SiLU+AdamW,330,5.834588,0.000299,1.925629
fineweb_edu,3407,SiLU+AdamW,340,5.803170,0.000298,1.709849
fineweb_edu,3407,SiLU+AdamW,350,5.754056,0.000298,1.757879
fineweb_edu,3407,SiLU+AdamW,360,5.707589,0.000298,1.879597
fineweb_edu,3407,SiLU+AdamW,370,5.688402,0.000298,1.802813
fineweb_edu,3407,SiLU+AdamW,380,5.662262,0.000297,1.905412
fineweb_edu,3407,SiLU+AdamW,390,5.652965,0.000297,1.868769
fineweb_edu,3407,SiLU+AdamW,400,5.612095,0.000297,1.864884
fineweb_edu,3407,SiLU+AdamW,410,5.607559,0.000296,1.602947
fineweb_edu,3407,SiLU+AdamW,420,5.547856,0.000296,1.783157
fineweb_edu,3407,SiLU+AdamW,430,5.561410,0.000296,1.994170
fineweb_edu,3407,SiLU+AdamW,440,5.507707,0.000295,1.873617
fineweb_edu,3407,SiLU+AdamW,450,5.510035,0.000295,1.891845
fineweb_edu,3407,SiLU+AdamW,460,5.473993,0.000295,1.984883
fineweb_edu,3407,SiLU+AdamW,470,5.437542,0.000294,1.780222
fineweb_edu,3407,SiLU+AdamW,480,5.431898,0.000294,1.967015
fineweb_edu,3407,SiLU+AdamW,490,5.417429,0.000293,1.966038
fineweb_edu,3407,SiLU+AdamW,500,5.381543,0.000293,1.793404
fineweb_edu,3407,SiLU+AdamW,510,5.383472,0.000292,1.896196
fineweb_edu,3407,SiLU+AdamW,520,5.366039,0.000292,1.988464
fineweb_edu,3407,SiLU+AdamW,530,5.307150,0.000291,1.864232
fineweb_edu,3407,SiLU+AdamW,540,5.326024,0.000291,1.931154
fineweb_edu,3407,SiLU+AdamW,550,5.313379,0.000290,1.926637
fineweb_edu,3407,SiLU+AdamW,560,5.301603,0.000290,1.831609
fineweb_edu,3407,SiLU+AdamW,570,5.300011,0.000289,1.927056
fineweb_edu,3407,SiLU+AdamW,580,5.256359,0.000288,1.915760
fineweb_edu,3407,SiLU+AdamW,590,5.246990,0.000288,1.795376
fineweb_edu,3407,SiLU+AdamW,600,5.238642,0.000287,1.864809
fineweb_edu,3407,SiLU+AdamW,610,5.237102,0.000287,1.759602
fineweb_edu,3407,SiLU+AdamW,620,5.186143,0.000286,1.950173
fineweb_edu,3407,SiLU+AdamW,630,5.186888,0.000285,1.892213
fineweb_edu,3407,SiLU+AdamW,640,5.182672,0.000284,1.760603
fineweb_edu,3407,SiLU+AdamW,650,5.179475,0.000284,1.898694
fineweb_edu,3407,SiLU+AdamW,660,5.143452,0.000283,1.731311
fineweb_edu,3407,SiLU+AdamW,670,5.142033,0.000282,1.833735
fineweb_edu,3407,SiLU+AdamW,680,5.136470,0.000282,1.908476
fineweb_edu,3407,SiLU+AdamW,690,5.127798,0.000281,1.886212
fineweb_edu,3407,SiLU+AdamW,700,5.069477,0.000280,1.848975
fineweb_edu,3407,SiLU+AdamW,710,5.095661,0.000279,1.890119
fineweb_edu,3407,SiLU+AdamW,720,5.075612,0.000279,1.831039
fineweb_edu,3407,SiLU+AdamW,730,5.080705,0.000278,1.840047
fineweb_edu,3407,SiLU+AdamW,740,5.035884,0.000277,2.001484
fineweb_edu,3407,SiLU+AdamW,750,5.047170,0.000276,2.005976
fineweb_edu,3407,SiLU+AdamW,760,5.030484,0.000275,1.966376
fineweb_edu,3407,SiLU+AdamW,770,5.024787,0.000274,1.857742
fineweb_edu,3407,SiLU+AdamW,780,5.012240,0.000273,1.982111
fineweb_edu,3407,SiLU+AdamW,790,5.009443,0.000273,1.920500
fineweb_edu,3407,SiLU+AdamW,800,4.997280,0.000272,2.089010
fineweb_edu,3407,SiLU+AdamW,810,4.992458,0.000271,2.042520
fineweb_edu,3407,SiLU+AdamW,820,4.998578,0.000270,1.973282
fineweb_edu,3407,SiLU+AdamW,830,4.952972,0.000269,2.039860
fineweb_edu,3407,SiLU+AdamW,840,4.957424,0.000268,1.996255
fineweb_edu,3407,SiLU+AdamW,850,4.958431,0.000267,2.003574
fineweb_edu,3407,SiLU+AdamW,860,4.946016,0.000266,1.789537
fineweb_edu,3407,SiLU+AdamW,870,4.923278,0.000265,1.974840
fineweb_edu,3407,SiLU+AdamW,880,4.884579,0.000264,1.867951
fineweb_edu,3407,SiLU+AdamW,890,4.888410,0.000263,1.856841
fineweb_edu,3407,SiLU+AdamW,900,4.880926,0.000262,1.872049
fineweb_edu,3407,SiLU+AdamW,910,4.863765,0.000261,1.828167
fineweb_edu,3407,SiLU+AdamW,920,4.860525,0.000260,1.923025
fineweb_edu,3407,SiLU+AdamW,930,4.851761,0.000259,1.952670
fineweb_edu,3407,SiLU+AdamW,940,4.856381,0.000258,1.897625
fineweb_edu,3407,SiLU+AdamW,950,4.819040,0.000257,1.762662
fineweb_edu,3407,SiLU+AdamW,960,4.831449,0.000255,1.975546
fineweb_edu,3407,SiLU+AdamW,970,4.813799,0.000254,1.749484
fineweb_edu,3407,SiLU+AdamW,980,4.817847,0.000253,1.876167
fineweb_edu,3407,SiLU+AdamW,990,4.775270,0.000252,1.921484
fineweb_edu,3407,SiLU+AdamW,1000,4.802325,0.000251,1.947868
fineweb_edu,3407,SiLU+AdamW,1010,4.796165,0.000250,1.835518
fineweb_edu,3407,SiLU+AdamW,1020,4.759141,0.000249,1.861016
fineweb_edu,3407,SiLU+AdamW,1030,4.779863,0.000247,1.908029
fineweb_edu,3407,SiLU+AdamW,1040,4.768653,0.000246,1.791445
fineweb_edu,3407,SiLU+AdamW,1050,4.759496,0.000245,1.887371
fineweb_edu,3407,SiLU+AdamW,1060,4.740566,0.000244,1.921466
fineweb_edu,3407,SiLU+AdamW,1070,4.757330,0.000243,1.882965
fineweb_edu,3407,SiLU+AdamW,1080,4.730955,0.000241,1.946476
fineweb_edu,3407,SiLU+AdamW,1090,4.716084,0.000240,1.847719
fineweb_edu,3407,SiLU+AdamW,1100,4.717178,0.000239,1.679509
fineweb_edu,3407,SiLU+AdamW,1110,4.718664,0.000238,1.840253
fineweb_edu,3407,SiLU+AdamW,1120,4.693606,0.000236,1.922814
fineweb_edu,3407,SiLU+AdamW,1130,4.705875,0.000235,1.908802
fineweb_edu,3407,SiLU+AdamW,1140,4.704660,0.000234,1.862628
fineweb_edu,3407,SiLU+AdamW,1150,4.662912,0.000233,1.865651
fineweb_edu,3407,SiLU+AdamW,1160,4.658328,0.000231,1.913323
fineweb_edu,3407,SiLU+AdamW,1170,4.649147,0.000230,1.936664
fineweb_edu,3407,SiLU+AdamW,1180,4.665370,0.000229,1.939960
fineweb_edu,3407,SiLU+AdamW,1190,4.637852,0.000227,1.911632
fineweb_edu,3407,SiLU+AdamW,1200,4.659524,0.000226,1.687234
fineweb_edu,3407,SiLU+AdamW,1210,4.630314,0.000225,1.950772
fineweb_edu,3407,SiLU+AdamW,1220,4.635582,0.000223,1.969364
fineweb_edu,3407,SiLU+AdamW,1230,4.631381,0.000222,2.011073
fineweb_edu,3407,SiLU+AdamW,1240,4.636689,0.000221,1.961249
fineweb_edu,3407,SiLU+AdamW,1250,4.605307,0.000219,1.956730
fineweb_edu,3407,SiLU+AdamW,1260,4.600796,0.000218,2.002268
fineweb_edu,3407,SiLU+AdamW,1270,4.601808,0.000217,1.805176
fineweb_edu,3407,SiLU+AdamW,1280,4.592986,0.000215,1.960461
fineweb_edu,3407,SiLU+AdamW,1290,4.600155,0.000214,1.815888
fineweb_edu,3407,SiLU+AdamW,1300,4.584083,0.000212,1.939852
fineweb_edu,3407,SiLU+AdamW,1310,4.556269,0.000211,2.041126
fineweb_edu,3407,SiLU+AdamW,1320,4.588395,0.000210,1.858420
fineweb_edu,3407,SiLU+AdamW,1330,4.554458,0.000208,1.883832
fineweb_edu,3407,SiLU+AdamW,1340,4.553285,0.000207,1.865682
fineweb_edu,3407,SiLU+AdamW,1350,4.543327,0.000205,1.921587
fineweb_edu,3407,SiLU+AdamW,1360,4.534896,0.000204,1.689724
fineweb_edu,3407,SiLU+AdamW,1370,4.554570,0.000203,1.887346
fineweb_edu,3407,SiLU+AdamW,1380,4.548592,0.000201,2.031617
fineweb_edu,3407,SiLU+AdamW,1390,4.537420,0.000200,2.034353
fineweb_edu,3407,SiLU+AdamW,1400,4.512002,0.000198,1.900180
fineweb_edu,3407,SiLU+AdamW,1410,4.509549,0.000197,1.877273
fineweb_edu,3407,SiLU+AdamW,1420,4.499987,0.000195,2.019282
fineweb_edu,3407,SiLU+AdamW,1430,4.495391,0.000194,1.838353
fineweb_edu,3407,SiLU+AdamW,1440,4.498635,0.000192,1.894152
fineweb_edu,3407,SiLU+AdamW,1450,4.504926,0.000191,2.009743
fineweb_edu,3407,SiLU+AdamW,1460,4.506819,0.000190,1.908949
fineweb_edu,3407,SiLU+AdamW,1470,4.482132,0.000188,1.900720
fineweb_edu,3407,SiLU+AdamW,1480,4.480416,0.000187,1.873147
fineweb_edu,3407,SiLU+AdamW,1490,4.460812,0.000185,1.899869
fineweb_edu,3407,SiLU+AdamW,1500,4.475773,0.000184,1.818846
fineweb_edu,3407,SiLU+AdamW,1510,4.459889,0.000182,1.779647
fineweb_edu,3407,SiLU+AdamW,1520,4.459593,0.000181,1.934867
fineweb_edu,3407,SiLU+AdamW,1530,4.430507,0.000179,2.003895
fineweb_edu,3407,SiLU+AdamW,1540,4.460513,0.000178,1.908786
fineweb_edu,3407,SiLU+AdamW,1550,4.460335,0.000176,2.019216
fineweb_edu,3407,SiLU+AdamW,1560,4.451032,0.000175,1.795280
fineweb_edu,3407,SiLU+AdamW,1570,4.432215,0.000173,1.873497
fineweb_edu,3407,SiLU+AdamW,1580,4.427132,0.000172,1.795754
fineweb_edu,3407,SiLU+AdamW,1590,4.415970,0.000170,2.027305
fineweb_edu,3407,SiLU+AdamW,1600,4.426108,0.000169,1.966989
fineweb_edu,3407,SiLU+AdamW,1610,4.427264,0.000167,1.779089
fineweb_edu,3407,SiLU+AdamW,1620,4.430649,0.000166,2.029889
fineweb_edu,3407,SiLU+AdamW,1630,4.397900,0.000164,1.962123
fineweb_edu,3407,SiLU+AdamW,1640,4.437436,0.000163,1.904135
fineweb_edu,3407,SiLU+AdamW,1650,4.417689,0.000161,1.890078
fineweb_edu,3407,SiLU+AdamW,1660,4.383420,0.000160,1.849455
fineweb_edu,3407,SiLU+AdamW,1670,4.395641,0.000158,1.811138
fineweb_edu,3407,SiLU+AdamW,1680,4.385516,0.000157,1.963950
fineweb_edu,3407,SiLU+AdamW,1690,4.380738,0.000155,1.985211
fineweb_edu,3407,SiLU+AdamW,1700,4.392040,0.000154,1.815647
fineweb_edu,3407,SiLU+AdamW,1710,4.393102,0.000153,1.794036
fineweb_edu,3407,SiLU+AdamW,1720,4.401298,0.000151,1.800245
fineweb_edu,3407,SiLU+AdamW,1730,4.391452,0.000150,1.881537
fineweb_edu,3407,SiLU+AdamW,1740,4.374151,0.000148,1.983886
fineweb_edu,3407,SiLU+AdamW,1750,4.374802,0.000147,1.985715
fineweb_edu,3407,SiLU+AdamW,1760,4.373594,0.000145,1.856198
fineweb_edu,3407,SiLU+AdamW,1770,4.366129,0.000144,1.871215
fineweb_edu,3407,SiLU+AdamW,1780,4.352082,0.000142,1.973870
fineweb_edu,3407,SiLU+AdamW,1790,4.359179,0.000141,1.859474
fineweb_edu,3407,SiLU+AdamW,1800,4.365921,0.000139,1.943952
fineweb_edu,3407,SiLU+AdamW,1810,4.368871,0.000138,1.876330
fineweb_edu,3407,SiLU+AdamW,1820,4.339689,0.000136,1.948351
fineweb_edu,3407,SiLU+AdamW,1830,4.361051,0.000135,1.912269
fineweb_edu,3407,SiLU+AdamW,1840,4.340065,0.000133,1.953103
fineweb_edu,3407,SiLU+AdamW,1850,4.329024,0.000132,1.872191
fineweb_edu,3407,SiLU+AdamW,1860,4.340625,0.000131,1.989940
fineweb_edu,3407,SiLU+AdamW,1870,4.317080,0.000129,1.981600
fineweb_edu,3407,SiLU+AdamW,1880,4.327883,0.000128,1.876089
fineweb_edu,3407,SiLU+AdamW,1890,4.315800,0.000126,1.897733
fineweb_edu,3407,SiLU+AdamW,1900,4.320909,0.000125,1.852852
fineweb_edu,3407,SiLU+AdamW,1910,4.355764,0.000123,1.892816
fineweb_edu,3407,SiLU+AdamW,1920,4.348478,0.000122,1.935774
fineweb_edu,3407,SiLU+AdamW,1930,4.284790,0.000121,2.009608
fineweb_edu,3407,SiLU+AdamW,1940,4.315435,0.000119,1.940391
fineweb_edu,3407,SiLU+AdamW,1950,4.285416,0.000118,1.720544
fineweb_edu,3407,SiLU+AdamW,1960,4.301724,0.000116,1.962397
fineweb_edu,3407,SiLU+AdamW,1970,4.307541,0.000115,1.891154
fineweb_edu,3407,SiLU+AdamW,1980,4.288028,0.000114,1.988120
fineweb_edu,3407,SiLU+AdamW,1990,4.311469,0.000112,1.894985
fineweb_edu,3407,SiLU+AdamW,2000,4.295467,0.000111,1.808286
fineweb_edu,3407,SiLU+AdamW,2010,4.305390,0.000110,1.826129
fineweb_edu,3407,SiLU+AdamW,2020,4.305263,0.000108,1.889811
fineweb_edu,3407,SiLU+AdamW,2030,4.285379,0.000107,2.016452
fineweb_edu,3407,SiLU+AdamW,2040,4.267795,0.000106,1.772839
fineweb_edu,3407,SiLU+AdamW,2050,4.271727,0.000104,1.953608
fineweb_edu,3407,SiLU+AdamW,2060,4.296956,0.000103,1.707679
fineweb_edu,3407,SiLU+AdamW,2070,4.263068,0.000102,2.026083
fineweb_edu,3407,SiLU+AdamW,2080,4.274827,0.000100,1.954464
fineweb_edu,3407,SiLU+AdamW,2090,4.271266,0.000099,1.954920
fineweb_edu,3407,SiLU+AdamW,2100,4.293087,0.000098,1.751315
fineweb_edu,3407,SiLU+AdamW,2110,4.280429,0.000096,1.738125
fineweb_edu,3407,SiLU+AdamW,2120,4.271452,0.000095,1.899545
fineweb_edu,3407,SiLU+AdamW,2130,4.276371,0.000094,1.950606
fineweb_edu,3407,SiLU+AdamW,2140,4.272547,0.000093,1.698717
fineweb_edu,3407,SiLU+AdamW,2150,4.256962,0.000091,1.836721
fineweb_edu,3407,SiLU+AdamW,2160,4.270096,0.000090,1.697116
fineweb_edu,3407,SiLU+AdamW,2170,4.262407,0.000089,1.882214
fineweb_edu,3407,SiLU+AdamW,2180,4.253371,0.000088,1.886509
fineweb_edu,3407,SiLU+AdamW,2190,4.261675,0.000086,1.986791
fineweb_edu,3407,SiLU+AdamW,2200,4.250208,0.000085,1.968299
fineweb_edu,3407,SiLU+AdamW,2210,4.221880,0.000084,1.921605
fineweb_edu,3407,SiLU+AdamW,2220,4.243835,0.000083,1.985855
fineweb_edu,3407,SiLU+AdamW,2230,4.238097,0.000082,1.751195
fineweb_edu,3407,SiLU+AdamW,2240,4.248767,0.000080,1.862362
fineweb_edu,3407,SiLU+AdamW,2250,4.230072,0.000079,1.951703
fineweb_edu,3407,SiLU+AdamW,2260,4.225737,0.000078,1.850336
fineweb_edu,3407,SiLU+AdamW,2270,4.219001,0.000077,1.947148
fineweb_edu,3407,SiLU+AdamW,2280,4.216305,0.000076,1.956616
fineweb_edu,3407,SiLU+AdamW,2290,4.228156,0.000075,1.911556
fineweb_edu,3407,SiLU+AdamW,2300,4.227859,0.000074,1.952094
fineweb_edu,3407,SiLU+AdamW,2310,4.227366,0.000073,1.913259
fineweb_edu,3407,SiLU+AdamW,2320,4.211242,0.000072,1.978821
fineweb_edu,3407,SiLU+AdamW,2330,4.213313,0.000070,1.931952
fineweb_edu,3407,SiLU+AdamW,2340,4.219384,0.000069,1.946473
fineweb_edu,3407,SiLU+AdamW,2350,4.224350,0.000068,1.864545
fineweb_edu,3407,SiLU+AdamW,2360,4.244899,0.000067,1.844786
fineweb_edu,3407,SiLU+AdamW,2370,4.197379,0.000066,1.909377
fineweb_edu,3407,SiLU+AdamW,2380,4.193584,0.000065,1.935713
fineweb_edu,3407,SiLU+AdamW,2390,4.206580,0.000064,1.819782
fineweb_edu,3407,SiLU+AdamW,2400,4.199969,0.000063,1.948614
fineweb_edu,3407,SiLU+AdamW,2410,4.202177,0.000062,1.990432
fineweb_edu,3407,SiLU+AdamW,2420,4.196252,0.000061,1.795046
fineweb_edu,3407,SiLU+AdamW,2430,4.200835,0.000060,1.911382
fineweb_edu,3407,SiLU+AdamW,2440,4.177544,0.000059,1.950784
fineweb_edu,3407,SiLU+AdamW,2450,4.207525,0.000059,1.906525
fineweb_edu,3407,SiLU+AdamW,2460,4.218723,0.000058,1.954526
fineweb_edu,3407,SiLU+AdamW,2470,4.201609,0.000057,1.870826
fineweb_edu,3407,SiLU+AdamW,2480,4.197239,0.000056,1.707307
fineweb_edu,3407,SiLU+AdamW,2490,4.208052,0.000055,1.839894
fineweb_edu,3407,SiLU+AdamW,2500,4.190357,0.000054,1.868580
fineweb_edu,3407,SiLU+AdamW,2510,4.184854,0.000053,1.946544
fineweb_edu,3407,SiLU+AdamW,2520,4.200123,0.000052,1.956978
fineweb_edu,3407,SiLU+AdamW,2530,4.197671,0.000052,1.983404
fineweb_edu,3407,SiLU+AdamW,2540,4.155698,0.000051,1.842618
fineweb_edu,3407,SiLU+AdamW,2550,4.192563,0.000050,1.973224
fineweb_edu,3407,SiLU+AdamW,2560,4.186013,0.000049,1.871709
fineweb_edu,3407,SiLU+AdamW,2570,4.182072,0.000049,1.909793
fineweb_edu,3407,SiLU+AdamW,2580,4.171913,0.000048,1.974373
fineweb_edu,3407,SiLU+AdamW,2590,4.155768,0.000047,1.993938
fineweb_edu,3407,SiLU+AdamW,2600,4.181621,0.000046,1.905075
fineweb_edu,3407,SiLU+AdamW,2610,4.173730,0.000046,1.893437
fineweb_edu,3407,SiLU+AdamW,2620,4.152062,0.000045,1.802946
fineweb_edu,3407,SiLU+AdamW,2630,4.178353,0.000044,2.053554
fineweb_edu,3407,SiLU+AdamW,2640,4.186669,0.000044,1.989083
fineweb_edu,3407,SiLU+AdamW,2650,4.187346,0.000043,1.961341
fineweb_edu,3407,SiLU+AdamW,2660,4.165834,0.000042,1.916933
fineweb_edu,3407,SiLU+AdamW,2670,4.182884,0.000042,1.944874
fineweb_edu,3407,SiLU+AdamW,2680,4.155684,0.000041,2.024548
fineweb_edu,3407,SiLU+AdamW,2690,4.185562,0.000041,2.004666
fineweb_edu,3407,SiLU+AdamW,2700,4.167645,0.000040,1.868650
fineweb_edu,3407,SiLU+AdamW,2710,4.147955,0.000039,2.064480
fineweb_edu,3407,SiLU+AdamW,2720,4.168891,0.000039,1.988546
fineweb_edu,3407,SiLU+AdamW,2730,4.172788,0.000038,1.930172
fineweb_edu,3407,SiLU+AdamW,2740,4.162784,0.000038,1.945796
fineweb_edu,3407,SiLU+AdamW,2750,4.164665,0.000037,1.988049
fineweb_edu,3407,SiLU+AdamW,2760,4.151950,0.000037,1.996220
fineweb_edu,3407,SiLU+AdamW,2770,4.145119,0.000036,2.033937
fineweb_edu,3407,SiLU+AdamW,2780,4.152008,0.000036,1.938298
fineweb_edu,3407,SiLU+AdamW,2790,4.160405,0.000036,1.801948
fineweb_edu,3407,SiLU+AdamW,2800,4.153846,0.000035,1.890002
fineweb_edu,3407,SiLU+AdamW,2810,4.151180,0.000035,1.957407
fineweb_edu,3407,SiLU+AdamW,2820,4.140617,0.000034,1.974653
fineweb_edu,3407,SiLU+AdamW,2830,4.156080,0.000034,1.943577
fineweb_edu,3407,SiLU+AdamW,2840,4.173088,0.000034,1.920483
fineweb_edu,3407,SiLU+AdamW,2850,4.127151,0.000033,1.835505
fineweb_edu,3407,SiLU+AdamW,2860,4.146285,0.000033,1.994375
fineweb_edu,3407,SiLU+AdamW,2870,4.130792,0.000033,2.086884
fineweb_edu,3407,SiLU+AdamW,2880,4.154919,0.000032,2.045141
fineweb_edu,3407,SiLU+AdamW,2890,4.138457,0.000032,1.977506
fineweb_edu,3407,SiLU+AdamW,2900,4.143664,0.000032,1.978908
fineweb_edu,3407,SiLU+AdamW,2910,4.150570,0.000032,2.021969
fineweb_edu,3407,SiLU+AdamW,2920,4.135105,0.000031,2.021483
fineweb_edu,3407,SiLU+AdamW,2930,4.139135,0.000031,2.039488
fineweb_edu,3407,SiLU+AdamW,2940,4.140691,0.000031,1.946504
fineweb_edu,3407,SiLU+AdamW,2950,4.125668,0.000031,1.739049
fineweb_edu,3407,SiLU+AdamW,2960,4.133214,0.000031,1.628840
fineweb_edu,3407,SiLU+AdamW,2970,4.149486,0.000031,1.781272
fineweb_edu,3407,SiLU+AdamW,2980,4.142048,0.000030,2.048921
fineweb_edu,3407,SiLU+AdamW,2990,4.128546,0.000030,1.935910
fineweb_edu,3407,SiLU+AdamW,3000,4.139315,0.000030,1.808578
fineweb_edu,3407,SiLU+AdamW,3010,4.159082,0.000030,1.846544
fineweb_edu,3407,SiLU+AdamW,3020,4.139429,0.000030,1.723924
fineweb_edu,3407,SiLU+AdamW,3030,4.128952,0.000030,1.833456
fineweb_edu,3407,SiLU+AdamW,3040,4.122175,0.000030,1.990741
fineweb_edu,3407,SiLU+AdamW,3050,4.149239,0.000030,1.864142
fineweb_edu,3407,RLB+AdamW,1,10.989019,0.000001,4.114139
fineweb_edu,3407,RLB+AdamW,10,10.667984,0.000015,2.624885
fineweb_edu,3407,RLB+AdamW,20,9.871313,0.000030,2.446724
fineweb_edu,3407,RLB+AdamW,30,9.491346,0.000045,2.338229
fineweb_edu,3407,RLB+AdamW,40,9.140743,0.000060,2.519892
fineweb_edu,3407,RLB+AdamW,50,8.696063,0.000075,2.495960
fineweb_edu,3407,RLB+AdamW,60,8.245118,0.000090,2.521451
fineweb_edu,3407,RLB+AdamW,70,7.805973,0.000105,2.525392
fineweb_edu,3407,RLB+AdamW,80,7.517542,0.000120,2.234047
fineweb_edu,3407,RLB+AdamW,90,7.360673,0.000135,2.461677
fineweb_edu,3407,RLB+AdamW,100,7.250503,0.000150,2.546701
fineweb_edu,3407,RLB+AdamW,110,7.100796,0.000165,2.526976
fineweb_edu,3407,RLB+AdamW,120,7.005292,0.000180,2.476033
fineweb_edu,3407,RLB+AdamW,130,6.913555,0.000195,2.405834
fineweb_edu,3407,RLB+AdamW,140,6.822594,0.000210,2.547771
fineweb_edu,3407,RLB+AdamW,150,6.704561,0.000225,2.538134
fineweb_edu,3407,RLB+AdamW,160,6.622915,0.000240,2.527120
fineweb_edu,3407,RLB+AdamW,170,6.571675,0.000255,2.356485
fineweb_edu,3407,RLB+AdamW,180,6.469202,0.000270,2.399614
fineweb_edu,3407,RLB+AdamW,190,6.410116,0.000285,2.549213
fineweb_edu,3407,RLB+AdamW,200,6.352162,0.000300,2.489397
fineweb_edu,3407,RLB+AdamW,210,6.297328,0.000300,2.481841
fineweb_edu,3407,RLB+AdamW,220,6.237415,0.000300,2.520217
fineweb_edu,3407,RLB+AdamW,230,6.190265,0.000300,2.493877
fineweb_edu,3407,RLB+AdamW,240,6.127943,0.000300,2.541352
fineweb_edu,3407,RLB+AdamW,250,6.070369,0.000300,2.462305
fineweb_edu,3407,RLB+AdamW,260,6.056857,0.000300,2.550081
fineweb_edu,3407,RLB+AdamW,270,5.994427,0.000300,2.491527
fineweb_edu,3407,RLB+AdamW,280,5.961664,0.000299,2.546455
fineweb_edu,3407,RLB+AdamW,290,5.903929,0.000299,2.534348
fineweb_edu,3407,RLB+AdamW,300,5.886293,0.000299,2.522212
fineweb_edu,3407,RLB+AdamW,310,5.842024,0.000299,2.495364
fineweb_edu,3407,RLB+AdamW,320,5.789218,0.000299,2.509633
fineweb_edu,3407,RLB+AdamW,330,5.791287,0.000299,2.550147
fineweb_edu,3407,RLB+AdamW,340,5.761761,0.000298,2.506684
fineweb_edu,3407,RLB+AdamW,350,5.713673,0.000298,2.509988
fineweb_edu,3407,RLB+AdamW,360,5.661901,0.000298,2.518803
fineweb_edu,3407,RLB+AdamW,370,5.647736,0.000298,2.534856
fineweb_edu,3407,RLB+AdamW,380,5.623658,0.000297,2.546684
fineweb_edu,3407,RLB+AdamW,390,5.613938,0.000297,2.493648
fineweb_edu,3407,RLB+AdamW,400,5.572680,0.000297,2.544598
fineweb_edu,3407,RLB+AdamW,410,5.572104,0.000296,2.537880
fineweb_edu,3407,RLB+AdamW,420,5.514067,0.000296,2.541584
fineweb_edu,3407,RLB+AdamW,430,5.528579,0.000296,2.467370
fineweb_edu,3407,RLB+AdamW,440,5.474283,0.000295,2.535675
fineweb_edu,3407,RLB+AdamW,450,5.476578,0.000295,2.479487
fineweb_edu,3407,RLB+AdamW,460,5.441325,0.000295,2.511482
fineweb_edu,3407,RLB+AdamW,470,5.405303,0.000294,2.527007
fineweb_edu,3407,RLB+AdamW,480,5.397391,0.000294,2.424058
fineweb_edu,3407,RLB+AdamW,490,5.383548,0.000293,2.503746
fineweb_edu,3407,RLB+AdamW,500,5.350244,0.000293,2.415370
fineweb_edu,3407,RLB+AdamW,510,5.351977,0.000292,2.452673
fineweb_edu,3407,RLB+AdamW,520,5.334041,0.000292,2.417154
fineweb_edu,3407,RLB+AdamW,530,5.274086,0.000291,2.537258
fineweb_edu,3407,RLB+AdamW,540,5.294457,0.000291,2.454648
fineweb_edu,3407,RLB+AdamW,550,5.281068,0.000290,2.360738
fineweb_edu,3407,RLB+AdamW,560,5.272468,0.000290,2.330312
fineweb_edu,3407,RLB+AdamW,570,5.267569,0.000289,2.419985
fineweb_edu,3407,RLB+AdamW,580,5.226753,0.000288,2.361642
fineweb_edu,3407,RLB+AdamW,590,5.214339,0.000288,2.385191
fineweb_edu,3407,RLB+AdamW,600,5.202313,0.000287,2.370780
fineweb_edu,3407,RLB+AdamW,610,5.201709,0.000287,2.319934
fineweb_edu,3407,RLB+AdamW,620,5.152110,0.000286,2.320138
fineweb_edu,3407,RLB+AdamW,630,5.154403,0.000285,2.358837
fineweb_edu,3407,RLB+AdamW,640,5.150095,0.000284,2.346213
fineweb_edu,3407,RLB+AdamW,650,5.147586,0.000284,2.410638
fineweb_edu,3407,RLB+AdamW,660,5.111341,0.000283,2.379682
fineweb_edu,3407,RLB+AdamW,670,5.110888,0.000282,2.318126
fineweb_edu,3407,RLB+AdamW,680,5.109808,0.000282,2.332968
fineweb_edu,3407,RLB+AdamW,690,5.097460,0.000281,2.346113
fineweb_edu,3407,RLB+AdamW,700,5.037033,0.000280,2.383808
fineweb_edu,3407,RLB+AdamW,710,5.062015,0.000279,2.409574
fineweb_edu,3407,RLB+AdamW,720,5.043769,0.000279,2.309834
fineweb_edu,3407,RLB+AdamW,730,5.051073,0.000278,2.391622
fineweb_edu,3407,RLB+AdamW,740,5.005825,0.000277,2.393159
fineweb_edu,3407,RLB+AdamW,750,5.017329,0.000276,2.221833
fineweb_edu,3407,RLB+AdamW,760,5.000133,0.000275,2.300304
fineweb_edu,3407,RLB+AdamW,770,4.992887,0.000274,2.230279
fineweb_edu,3407,RLB+AdamW,780,4.980984,0.000273,2.368237
fineweb_edu,3407,RLB+AdamW,790,4.980133,0.000273,2.182607
fineweb_edu,3407,RLB+AdamW,800,4.966925,0.000272,2.308464
fineweb_edu,3407,RLB+AdamW,810,4.960003,0.000271,2.254334
fineweb_edu,3407,RLB+AdamW,820,4.969350,0.000270,2.268506
fineweb_edu,3407,RLB+AdamW,830,4.922847,0.000269,2.252760
fineweb_edu,3407,RLB+AdamW,840,4.928272,0.000268,2.274429
fineweb_edu,3407,RLB+AdamW,850,4.926951,0.000267,2.358454
fineweb_edu,3407,RLB+AdamW,860,4.912952,0.000266,2.333345
fineweb_edu,3407,RLB+AdamW,870,4.892571,0.000265,2.217856
fineweb_edu,3407,RLB+AdamW,880,4.856207,0.000264,2.345419
fineweb_edu,3407,RLB+AdamW,890,4.856453,0.000263,2.274272
fineweb_edu,3407,RLB+AdamW,900,4.851154,0.000262,2.357717
fineweb_edu,3407,RLB+AdamW,910,4.832696,0.000261,2.339191
fineweb_edu,3407,RLB+AdamW,920,4.832028,0.000260,2.194819
fineweb_edu,3407,RLB+AdamW,930,4.821913,0.000259,2.211214
fineweb_edu,3407,RLB+AdamW,940,4.824711,0.000258,2.320650
fineweb_edu,3407,RLB+AdamW,950,4.790773,0.000257,2.298296
fineweb_edu,3407,RLB+AdamW,960,4.799773,0.000255,2.235320
fineweb_edu,3407,RLB+AdamW,970,4.785580,0.000254,2.205216
fineweb_edu,3407,RLB+AdamW,980,4.789802,0.000253,2.245583
fineweb_edu,3407,RLB+AdamW,990,4.741299,0.000252,2.325063
fineweb_edu,3407,RLB+AdamW,1000,4.769175,0.000251,2.250990
fineweb_edu,3407,RLB+AdamW,1010,4.767451,0.000250,2.163118
fineweb_edu,3407,RLB+AdamW,1020,4.726814,0.000249,2.375793
fineweb_edu,3407,RLB+AdamW,1030,4.752455,0.000247,2.206477
fineweb_edu,3407,RLB+AdamW,1040,4.736041,0.000246,2.256105
fineweb_edu,3407,RLB+AdamW,1050,4.730245,0.000245,2.254087
fineweb_edu,3407,RLB+AdamW,1060,4.709937,0.000244,2.247136
fineweb_edu,3407,RLB+AdamW,1070,4.726893,0.000243,2.442251
fineweb_edu,3407,RLB+AdamW,1080,4.700617,0.000241,2.240614
fineweb_edu,3407,RLB+AdamW,1090,4.685668,0.000240,2.191652
fineweb_edu,3407,RLB+AdamW,1100,4.687910,0.000239,2.200932
fineweb_edu,3407,RLB+AdamW,1110,4.688194,0.000238,2.332622
fineweb_edu,3407,RLB+AdamW,1120,4.664465,0.000236,2.324637
fineweb_edu,3407,RLB+AdamW,1130,4.676256,0.000235,2.288534
fineweb_edu,3407,RLB+AdamW,1140,4.673892,0.000234,2.123538
fineweb_edu,3407,RLB+AdamW,1150,4.634776,0.000233,2.329091
fineweb_edu,3407,RLB+AdamW,1160,4.630130,0.000231,2.365860
fineweb_edu,3407,RLB+AdamW,1170,4.621648,0.000230,2.240740
fineweb_edu,3407,RLB+AdamW,1180,4.635294,0.000229,2.400834
fineweb_edu,3407,RLB+AdamW,1190,4.608377,0.000227,2.476313
fineweb_edu,3407,RLB+AdamW,1200,4.633581,0.000226,2.484434
fineweb_edu,3407,RLB+AdamW,1210,4.605098,0.000225,2.422750
fineweb_edu,3407,RLB+AdamW,1220,4.607241,0.000223,2.466933
fineweb_edu,3407,RLB+AdamW,1230,4.601622,0.000222,2.512922
fineweb_edu,3407,RLB+AdamW,1240,4.610760,0.000221,2.528053
fineweb_edu,3407,RLB+AdamW,1250,4.583193,0.000219,2.514988
fineweb_edu,3407,RLB+AdamW,1260,4.573297,0.000218,2.480718
fineweb_edu,3407,RLB+AdamW,1270,4.578081,0.000217,2.471240
fineweb_edu,3407,RLB+AdamW,1280,4.567222,0.000215,2.483073
fineweb_edu,3407,RLB+AdamW,1290,4.572544,0.000214,2.481546
fineweb_edu,3407,RLB+AdamW,1300,4.559063,0.000212,2.468116
fineweb_edu,3407,RLB+AdamW,1310,4.532889,0.000211,2.432956
fineweb_edu,3407,RLB+AdamW,1320,4.566835,0.000210,2.501772
fineweb_edu,3407,RLB+AdamW,1330,4.529946,0.000208,2.491679
fineweb_edu,3407,RLB+AdamW,1340,4.529308,0.000207,2.424231
fineweb_edu,3407,RLB+AdamW,1350,4.522180,0.000205,2.477169
fineweb_edu,3407,RLB+AdamW,1360,4.511665,0.000204,2.485893
fineweb_edu,3407,RLB+AdamW,1370,4.533711,0.000203,2.475691
fineweb_edu,3407,RLB+AdamW,1380,4.527482,0.000201,2.478143
fineweb_edu,3407,RLB+AdamW,1390,4.516928,0.000200,2.460120
fineweb_edu,3407,RLB+AdamW,1400,4.490486,0.000198,2.537082
fineweb_edu,3407,RLB+AdamW,1410,4.488955,0.000197,2.462140
fineweb_edu,3407,RLB+AdamW,1420,4.481558,0.000195,2.460547
fineweb_edu,3407,RLB+AdamW,1430,4.475212,0.000194,2.393714
fineweb_edu,3407,RLB+AdamW,1440,4.478951,0.000192,2.513464
fineweb_edu,3407,RLB+AdamW,1450,4.487031,0.000191,2.518518
fineweb_edu,3407,RLB+AdamW,1460,4.487152,0.000190,2.480401
fineweb_edu,3407,RLB+AdamW,1470,4.463831,0.000188,2.496114
fineweb_edu,3407,RLB+AdamW,1480,4.462821,0.000187,2.483640
fineweb_edu,3407,RLB+AdamW,1490,4.443495,0.000185,2.478571
fineweb_edu,3407,RLB+AdamW,1500,4.456067,0.000184,2.454931
fineweb_edu,3407,RLB+AdamW,1510,4.443755,0.000182,2.466021
fineweb_edu,3407,RLB+AdamW,1520,4.443802,0.000181,2.413097
fineweb_edu,3407,RLB+AdamW,1530,4.414306,0.000179,2.473628
fineweb_edu,3407,RLB+AdamW,1540,4.444485,0.000178,2.476655
fineweb_edu,3407,RLB+AdamW,1550,4.445021,0.000176,2.465699
fineweb_edu,3407,RLB+AdamW,1560,4.435420,0.000175,2.446924
fineweb_edu,3407,RLB+AdamW,1570,4.413181,0.000173,2.510425
fineweb_edu,3407,RLB+AdamW,1580,4.412292,0.000172,2.434232
fineweb_edu,3407,RLB+AdamW,1590,4.400737,0.000170,2.528144
fineweb_edu,3407,RLB+AdamW,1600,4.410915,0.000169,2.461781
fineweb_edu,3407,RLB+AdamW,1610,4.413870,0.000167,2.476509
fineweb_edu,3407,RLB+AdamW,1620,4.416665,0.000166,2.483463
fineweb_edu,3407,RLB+AdamW,1630,4.385526,0.000164,2.434682
fineweb_edu,3407,RLB+AdamW,1640,4.421832,0.000163,2.476561
fineweb_edu,3407,RLB+AdamW,1650,4.400273,0.000161,2.457572
fineweb_edu,3407,RLB+AdamW,1660,4.368377,0.000160,2.531115
fineweb_edu,3407,RLB+AdamW,1670,4.380993,0.000158,2.408223
fineweb_edu,3407,RLB+AdamW,1680,4.370824,0.000157,2.450573
fineweb_edu,3407,RLB+AdamW,1690,4.366074,0.000155,2.443059
fineweb_edu,3407,RLB+AdamW,1700,4.377789,0.000154,2.530026
fineweb_edu,3407,RLB+AdamW,1710,4.381059,0.000153,2.448627
fineweb_edu,3407,RLB+AdamW,1720,4.384611,0.000151,2.502930
fineweb_edu,3407,RLB+AdamW,1730,4.378116,0.000150,2.478392
fineweb_edu,3407,RLB+AdamW,1740,4.361488,0.000148,2.517027
fineweb_edu,3407,RLB+AdamW,1750,4.360883,0.000147,2.465619
fineweb_edu,3407,RLB+AdamW,1760,4.361951,0.000145,2.505895
fineweb_edu,3407,RLB+AdamW,1770,4.353340,0.000144,2.487680
fineweb_edu,3407,RLB+AdamW,1780,4.337574,0.000142,2.477326
fineweb_edu,3407,RLB+AdamW,1790,4.349052,0.000141,2.480676
fineweb_edu,3407,RLB+AdamW,1800,4.354509,0.000139,2.498358
fineweb_edu,3407,RLB+AdamW,1810,4.356409,0.000138,2.516247
fineweb_edu,3407,RLB+AdamW,1820,4.326025,0.000136,2.504907
fineweb_edu,3407,RLB+AdamW,1830,4.348144,0.000135,2.451269
fineweb_edu,3407,RLB+AdamW,1840,4.328721,0.000133,2.414332
fineweb_edu,3407,RLB+AdamW,1850,4.319249,0.000132,2.548005
fineweb_edu,3407,RLB+AdamW,1860,4.329732,0.000131,2.448884
fineweb_edu,3407,RLB+AdamW,1870,4.306809,0.000129,2.453630
fineweb_edu,3407,RLB+AdamW,1880,4.314796,0.000128,2.416312
fineweb_edu,3407,RLB+AdamW,1890,4.304875,0.000126,2.532024
fineweb_edu,3407,RLB+AdamW,1900,4.308372,0.000125,2.445509
fineweb_edu,3407,RLB+AdamW,1910,4.344047,0.000123,2.415801
fineweb_edu,3407,RLB+AdamW,1920,4.336068,0.000122,2.480283
fineweb_edu,3407,RLB+AdamW,1930,4.273670,0.000121,2.521081
fineweb_edu,3407,RLB+AdamW,1940,4.303757,0.000119,2.503448
fineweb_edu,3407,RLB+AdamW,1950,4.273640,0.000118,2.485475
fineweb_edu,3407,RLB+AdamW,1960,4.289956,0.000116,2.486789
fineweb_edu,3407,RLB+AdamW,1970,4.296759,0.000115,2.500082
fineweb_edu,3407,RLB+AdamW,1980,4.277365,0.000114,2.486613
fineweb_edu,3407,RLB+AdamW,1990,4.303003,0.000112,2.481026
fineweb_edu,3407,RLB+AdamW,2000,4.285331,0.000111,2.497497
fineweb_edu,3407,RLB+AdamW,2010,4.294745,0.000110,2.492096
fineweb_edu,3407,RLB+AdamW,2020,4.294284,0.000108,2.453337
fineweb_edu,3407,RLB+AdamW,2030,4.273596,0.000107,2.463958
fineweb_edu,3407,RLB+AdamW,2040,4.257971,0.000106,2.457883
fineweb_edu,3407,RLB+AdamW,2050,4.261750,0.000104,2.456322
fineweb_edu,3407,RLB+AdamW,2060,4.284909,0.000103,2.481307
fineweb_edu,3407,RLB+AdamW,2070,4.252922,0.000102,2.498514
fineweb_edu,3407,RLB+AdamW,2080,4.264225,0.000100,2.481818
fineweb_edu,3407,RLB+AdamW,2090,4.260128,0.000099,2.433088
fineweb_edu,3407,RLB+AdamW,2100,4.282204,0.000098,2.444959
fineweb_edu,3407,RLB+AdamW,2110,4.270578,0.000096,2.448042
fineweb_edu,3407,RLB+AdamW,2120,4.263352,0.000095,2.448163
fineweb_edu,3407,RLB+AdamW,2130,4.265061,0.000094,2.459141
fineweb_edu,3407,RLB+AdamW,2140,4.263891,0.000093,2.458237
fineweb_edu,3407,RLB+AdamW,2150,4.249618,0.000091,2.502266
fineweb_edu,3407,RLB+AdamW,2160,4.260825,0.000090,2.440598
fineweb_edu,3407,RLB+AdamW,2170,4.254098,0.000089,2.439864
fineweb_edu,3407,RLB+AdamW,2180,4.243642,0.000088,2.433526
fineweb_edu,3407,RLB+AdamW,2190,4.254727,0.000086,2.467243
fineweb_edu,3407,RLB+AdamW,2200,4.238370,0.000085,2.409630
fineweb_edu,3407,RLB+AdamW,2210,4.210304,0.000084,2.423762
fineweb_edu,3407,RLB+AdamW,2220,4.232074,0.000083,2.469815
fineweb_edu,3407,RLB+AdamW,2230,4.227485,0.000082,2.457814
fineweb_edu,3407,RLB+AdamW,2240,4.237953,0.000080,2.485542
fineweb_edu,3407,RLB+AdamW,2250,4.222102,0.000079,2.492633
fineweb_edu,3407,RLB+AdamW,2260,4.219766,0.000078,2.468230
fineweb_edu,3407,RLB+AdamW,2270,4.210462,0.000077,2.482523
fineweb_edu,3407,RLB+AdamW,2280,4.205040,0.000076,2.421989
fineweb_edu,3407,RLB+AdamW,2290,4.219203,0.000075,2.453007
fineweb_edu,3407,RLB+AdamW,2300,4.217489,0.000074,2.464329
fineweb_edu,3407,RLB+AdamW,2310,4.217448,0.000073,2.439273
fineweb_edu,3407,RLB+AdamW,2320,4.199801,0.000072,2.427140
fineweb_edu,3407,RLB+AdamW,2330,4.201679,0.000070,2.495204
fineweb_edu,3407,RLB+AdamW,2340,4.211836,0.000069,2.424714
fineweb_edu,3407,RLB+AdamW,2350,4.214840,0.000068,2.495055
fineweb_edu,3407,RLB+AdamW,2360,4.235741,0.000067,2.265634
fineweb_edu,3407,RLB+AdamW,2370,4.187803,0.000066,2.304781
fineweb_edu,3407,RLB+AdamW,2380,4.185449,0.000065,2.350234
fineweb_edu,3407,RLB+AdamW,2390,4.194992,0.000064,2.258234
fineweb_edu,3407,RLB+AdamW,2400,4.192294,0.000063,2.300301
fineweb_edu,3407,RLB+AdamW,2410,4.193888,0.000062,2.187266
fineweb_edu,3407,RLB+AdamW,2420,4.188548,0.000061,2.285269
fineweb_edu,3407,RLB+AdamW,2430,4.190155,0.000060,2.313749
fineweb_edu,3407,RLB+AdamW,2440,4.168576,0.000059,2.355666
fineweb_edu,3407,RLB+AdamW,2450,4.200873,0.000059,2.321480
fineweb_edu,3407,RLB+AdamW,2460,4.209795,0.000058,2.373098
fineweb_edu,3407,RLB+AdamW,2470,4.196292,0.000057,2.354171
fineweb_edu,3407,RLB+AdamW,2480,4.188581,0.000056,2.447293
fineweb_edu,3407,RLB+AdamW,2490,4.198185,0.000055,2.527349
fineweb_edu,3407,RLB+AdamW,2500,4.183898,0.000054,2.440105
fineweb_edu,3407,RLB+AdamW,2510,4.179403,0.000053,2.296962
fineweb_edu,3407,RLB+AdamW,2520,4.190957,0.000052,2.449914
fineweb_edu,3407,RLB+AdamW,2530,4.191503,0.000052,2.508588
fineweb_edu,3407,RLB+AdamW,2540,4.145328,0.000051,2.498636
fineweb_edu,3407,RLB+AdamW,2550,4.184504,0.000050,2.512598
fineweb_edu,3407,RLB+AdamW,2560,4.178891,0.000049,2.481058
fineweb_edu,3407,RLB+AdamW,2570,4.173903,0.000049,2.383060
fineweb_edu,3407,RLB+AdamW,2580,4.163712,0.000048,2.353948
fineweb_edu,3407,RLB+AdamW,2590,4.145432,0.000047,2.463486
fineweb_edu,3407,RLB+AdamW,2600,4.173975,0.000046,2.449290
fineweb_edu,3407,RLB+AdamW,2610,4.165728,0.000046,2.465949
fineweb_edu,3407,RLB+AdamW,2620,4.143726,0.000045,2.338611
fineweb_edu,3407,RLB+AdamW,2630,4.172058,0.000044,2.393834
fineweb_edu,3407,RLB+AdamW,2640,4.178311,0.000044,2.485807
fineweb_edu,3407,RLB+AdamW,2650,4.177155,0.000043,2.470017
fineweb_edu,3407,RLB+AdamW,2660,4.158746,0.000042,2.464592
fineweb_edu,3407,RLB+AdamW,2670,4.173900,0.000042,2.425508
fineweb_edu,3407,RLB+AdamW,2680,4.148456,0.000041,2.482055
fineweb_edu,3407,RLB+AdamW,2690,4.179117,0.000041,2.535851
fineweb_edu,3407,RLB+AdamW,2700,4.158096,0.000040,2.509107
fineweb_edu,3407,RLB+AdamW,2710,4.141087,0.000039,2.425730
fineweb_edu,3407,RLB+AdamW,2720,4.159620,0.000039,2.437748
fineweb_edu,3407,RLB+AdamW,2730,4.161612,0.000038,2.405393
fineweb_edu,3407,RLB+AdamW,2740,4.156426,0.000038,2.483194
fineweb_edu,3407,RLB+AdamW,2750,4.156779,0.000037,2.398920
fineweb_edu,3407,RLB+AdamW,2760,4.142868,0.000037,2.454546
fineweb_edu,3407,RLB+AdamW,2770,4.138653,0.000036,2.480892
fineweb_edu,3407,RLB+AdamW,2780,4.144223,0.000036,2.417806
fineweb_edu,3407,RLB+AdamW,2790,4.153667,0.000036,2.435748
fineweb_edu,3407,RLB+AdamW,2800,4.145766,0.000035,2.470554
fineweb_edu,3407,RLB+AdamW,2810,4.142796,0.000035,2.471628
fineweb_edu,3407,RLB+AdamW,2820,4.133580,0.000034,2.422160
fineweb_edu,3407,RLB+AdamW,2830,4.147812,0.000034,2.483126
fineweb_edu,3407,RLB+AdamW,2840,4.166268,0.000034,2.454726
fineweb_edu,3407,RLB+AdamW,2850,4.119633,0.000033,2.463932
fineweb_edu,3407,RLB+AdamW,2860,4.139346,0.000033,2.420995
fineweb_edu,3407,RLB+AdamW,2870,4.121729,0.000033,2.483550
fineweb_edu,3407,RLB+AdamW,2880,4.150021,0.000032,2.491551
fineweb_edu,3407,RLB+AdamW,2890,4.134078,0.000032,2.446985
fineweb_edu,3407,RLB+AdamW,2900,4.136664,0.000032,2.430392
fineweb_edu,3407,RLB+AdamW,2910,4.143024,0.000032,2.462856
fineweb_edu,3407,RLB+AdamW,2920,4.126488,0.000031,2.416944
fineweb_edu,3407,RLB+AdamW,2930,4.132496,0.000031,2.463748
fineweb_edu,3407,RLB+AdamW,2940,4.133209,0.000031,2.425597
fineweb_edu,3407,RLB+AdamW,2950,4.120439,0.000031,2.454089
fineweb_edu,3407,RLB+AdamW,2960,4.127532,0.000031,2.437283
fineweb_edu,3407,RLB+AdamW,2970,4.142903,0.000031,2.450584
fineweb_edu,3407,RLB+AdamW,2980,4.134301,0.000030,2.409311
fineweb_edu,3407,RLB+AdamW,2990,4.122340,0.000030,2.428164
fineweb_edu,3407,RLB+AdamW,3000,4.132402,0.000030,2.447886
fineweb_edu,3407,RLB+AdamW,3010,4.152814,0.000030,2.430305
fineweb_edu,3407,RLB+AdamW,3020,4.132625,0.000030,2.466009
fineweb_edu,3407,RLB+AdamW,3030,4.121110,0.000030,2.301053
fineweb_edu,3407,RLB+AdamW,3040,4.116465,0.000030,2.431307
fineweb_edu,3407,RLB+AdamW,3050,4.143255,0.000030,2.399009
fineweb_edu,3407,SiLU+Muon,1,10.987488,0.000001,3.127438
fineweb_edu,3407,SiLU+Muon,10,10.974371,0.000015,1.964625
fineweb_edu,3407,SiLU+Muon,20,10.932870,0.000030,1.487720
fineweb_edu,3407,SiLU+Muon,30,10.841729,0.000045,1.553020
fineweb_edu,3407,SiLU+Muon,40,10.699223,0.000060,1.840646
fineweb_edu,3407,SiLU+Muon,50,10.517476,0.000075,1.457038
fineweb_edu,3407,SiLU+Muon,60,10.317600,0.000090,1.503642
fineweb_edu,3407,SiLU+Muon,70,10.088477,0.000105,1.531045
fineweb_edu,3407,SiLU+Muon,80,9.867112,0.000120,1.670220
fineweb_edu,3407,SiLU+Muon,90,9.668118,0.000135,1.799506
fineweb_edu,3407,SiLU+Muon,100,9.476049,0.000150,1.654566
fineweb_edu,3407,SiLU+Muon,110,9.269060,0.000165,1.630954
fineweb_edu,3407,SiLU+Muon,120,9.084856,0.000180,1.670555
fineweb_edu,3407,SiLU+Muon,130,8.897523,0.000195,1.651873
fineweb_edu,3407,SiLU+Muon,140,8.704409,0.000210,1.520494
fineweb_edu,3407,SiLU+Muon,150,8.504349,0.000225,1.593780
fineweb_edu,3407,SiLU+Muon,160,8.327799,0.000240,1.871421
fineweb_edu,3407,SiLU+Muon,170,8.179093,0.000255,1.457245
fineweb_edu,3407,SiLU+Muon,180,8.013604,0.000270,1.660178
fineweb_edu,3407,SiLU+Muon,190,7.876874,0.000285,1.568240
fineweb_edu,3407,SiLU+Muon,200,7.752182,0.000300,1.725094
fineweb_edu,3407,SiLU+Muon,210,7.638966,0.000300,1.543540
fineweb_edu,3407,SiLU+Muon,220,7.528720,0.000300,1.816719
fineweb_edu,3407,SiLU+Muon,230,7.436310,0.000300,1.658566
fineweb_edu,3407,SiLU+Muon,240,7.336638,0.000300,1.361756
fineweb_edu,3407,SiLU+Muon,250,7.237571,0.000300,1.326486
fineweb_edu,3407,SiLU+Muon,260,7.185602,0.000300,1.579179
fineweb_edu,3407,SiLU+Muon,270,7.081341,0.000300,1.458746
fineweb_edu,3407,SiLU+Muon,280,7.024177,0.000299,1.591370
fineweb_edu,3407,SiLU+Muon,290,6.932943,0.000299,1.680211
fineweb_edu,3407,SiLU+Muon,300,6.885351,0.000299,1.716921
fineweb_edu,3407,SiLU+Muon,310,6.808029,0.000299,1.384377
fineweb_edu,3407,SiLU+Muon,320,6.729086,0.000299,1.577709
fineweb_edu,3407,SiLU+Muon,330,6.694805,0.000299,1.845179
fineweb_edu,3407,SiLU+Muon,340,6.635370,0.000298,1.929318
fineweb_edu,3407,SiLU+Muon,350,6.557620,0.000298,1.415667
fineweb_edu,3407,SiLU+Muon,360,6.477402,0.000298,1.707103
fineweb_edu,3407,SiLU+Muon,370,6.430723,0.000298,1.498344
fineweb_edu,3407,SiLU+Muon,380,6.391901,0.000297,1.586220
fineweb_edu,3407,SiLU+Muon,390,6.349287,0.000297,1.877994
fineweb_edu,3407,SiLU+Muon,400,6.288012,0.000297,1.594377
fineweb_edu,3407,SiLU+Muon,410,6.255471,0.000296,1.590465
fineweb_edu,3407,SiLU+Muon,420,6.174106,0.000296,1.592157
fineweb_edu,3407,SiLU+Muon,430,6.164850,0.000296,1.675281
fineweb_edu,3407,SiLU+Muon,440,6.094893,0.000295,1.682596
fineweb_edu,3407,SiLU+Muon,450,6.077904,0.000295,1.621696
fineweb_edu,3407,SiLU+Muon,460,6.016710,0.000295,1.681652
fineweb_edu,3407,SiLU+Muon,470,5.966761,0.000294,1.443955
fineweb_edu,3407,SiLU+Muon,480,5.937776,0.000294,1.426645
fineweb_edu,3407,SiLU+Muon,490,5.905003,0.000293,1.676444
fineweb_edu,3407,SiLU+Muon,500,5.852075,0.000293,1.477752
fineweb_edu,3407,SiLU+Muon,510,5.845668,0.000292,1.550879
fineweb_edu,3407,SiLU+Muon,520,5.810363,0.000292,1.516449
fineweb_edu,3407,SiLU+Muon,530,5.728132,0.000291,1.769964
fineweb_edu,3407,SiLU+Muon,540,5.737092,0.000291,1.618444
fineweb_edu,3407,SiLU+Muon,550,5.711327,0.000290,1.716037
fineweb_edu,3407,SiLU+Muon,560,5.692091,0.000290,1.415210
fineweb_edu,3407,SiLU+Muon,570,5.681142,0.000289,1.794556
fineweb_edu,3407,SiLU+Muon,580,5.624968,0.000288,1.556527
fineweb_edu,3407,SiLU+Muon,590,5.604364,0.000288,1.549722
fineweb_edu,3407,SiLU+Muon,600,5.576266,0.000287,1.644071
fineweb_edu,3407,SiLU+Muon,610,5.567178,0.000287,1.676920
fineweb_edu,3407,SiLU+Muon,620,5.500435,0.000286,1.550945
fineweb_edu,3407,SiLU+Muon,630,5.503233,0.000285,1.393840
fineweb_edu,3407,SiLU+Muon,640,5.485711,0.000284,1.974657
fineweb_edu,3407,SiLU+Muon,650,5.479188,0.000284,1.835428
fineweb_edu,3407,SiLU+Muon,660,5.432394,0.000283,1.745193
fineweb_edu,3407,SiLU+Muon,670,5.422670,0.000282,1.676663
fineweb_edu,3407,SiLU+Muon,680,5.408282,0.000282,1.498477
fineweb_edu,3407,SiLU+Muon,690,5.392672,0.000281,1.515636
fineweb_edu,3407,SiLU+Muon,700,5.317680,0.000280,1.502171
fineweb_edu,3407,SiLU+Muon,710,5.344169,0.000279,1.563199
fineweb_edu,3407,SiLU+Muon,720,5.318115,0.000279,1.695475
fineweb_edu,3407,SiLU+Muon,730,5.317620,0.000278,1.565015
fineweb_edu,3407,SiLU+Muon,740,5.261237,0.000277,1.546315
fineweb_edu,3407,SiLU+Muon,750,5.272765,0.000276,1.483913
fineweb_edu,3407,SiLU+Muon,760,5.247298,0.000275,1.648396
fineweb_edu,3407,SiLU+Muon,770,5.234002,0.000274,1.443864
fineweb_edu,3407,SiLU+Muon,780,5.213973,0.000273,1.628833
fineweb_edu,3407,SiLU+Muon,790,5.208153,0.000273,1.483867
fineweb_edu,3407,SiLU+Muon,800,5.194429,0.000272,1.641958
fineweb_edu,3407,SiLU+Muon,810,5.179039,0.000271,1.531754
fineweb_edu,3407,SiLU+Muon,820,5.182937,0.000270,1.544019
fineweb_edu,3407,SiLU+Muon,830,5.133047,0.000269,1.835680
fineweb_edu,3407,SiLU+Muon,840,5.132098,0.000268,1.701753
fineweb_edu,3407,SiLU+Muon,850,5.122795,0.000267,1.572192
fineweb_edu,3407,SiLU+Muon,860,5.110515,0.000266,1.575065
fineweb_edu,3407,SiLU+Muon,870,5.081777,0.000265,1.710242
fineweb_edu,3407,SiLU+Muon,880,5.040990,0.000264,1.789221
fineweb_edu,3407,SiLU+Muon,890,5.044618,0.000263,1.558556
fineweb_edu,3407,SiLU+Muon,900,5.031030,0.000262,1.563581
fineweb_edu,3407,SiLU+Muon,910,5.009080,0.000261,1.495134
fineweb_edu,3407,SiLU+Muon,920,5.005235,0.000260,1.382402
fineweb_edu,3407,SiLU+Muon,930,4.995006,0.000259,1.722844
fineweb_edu,3407,SiLU+Muon,940,4.994438,0.000258,1.707533
fineweb_edu,3407,SiLU+Muon,950,4.959239,0.000257,1.612963
fineweb_edu,3407,SiLU+Muon,960,4.961854,0.000255,1.567177
fineweb_edu,3407,SiLU+Muon,970,4.947476,0.000254,1.744215
fineweb_edu,3407,SiLU+Muon,980,4.953489,0.000253,1.740045
fineweb_edu,3407,SiLU+Muon,990,4.900481,0.000252,1.449870
fineweb_edu,3407,SiLU+Muon,1000,4.929560,0.000251,1.588113
fineweb_edu,3407,SiLU+Muon,1010,4.923038,0.000250,1.852328
fineweb_edu,3407,SiLU+Muon,1020,4.879699,0.000249,1.640039
fineweb_edu,3407,SiLU+Muon,1030,4.905403,0.000247,1.696738
fineweb_edu,3407,SiLU+Muon,1040,4.887899,0.000246,1.678682
fineweb_edu,3407,SiLU+Muon,1050,4.873615,0.000245,1.558621
fineweb_edu,3407,SiLU+Muon,1060,4.854557,0.000244,1.875600
fineweb_edu,3407,SiLU+Muon,1070,4.871580,0.000243,1.682551
fineweb_edu,3407,SiLU+Muon,1080,4.840965,0.000241,1.558434
fineweb_edu,3407,SiLU+Muon,1090,4.823998,0.000240,1.880319
fineweb_edu,3407,SiLU+Muon,1100,4.826143,0.000239,1.742999
fineweb_edu,3407,SiLU+Muon,1110,4.824173,0.000238,1.869259
fineweb_edu,3407,SiLU+Muon,1120,4.800162,0.000236,1.804186
fineweb_edu,3407,SiLU+Muon,1130,4.811088,0.000235,1.379709
fineweb_edu,3407,SiLU+Muon,1140,4.809184,0.000234,1.531507
fineweb_edu,3407,SiLU+Muon,1150,4.761355,0.000233,1.592890
fineweb_edu,3407,SiLU+Muon,1160,4.757484,0.000231,1.799228
fineweb_edu,3407,SiLU+Muon,1170,4.748906,0.000230,1.479774
fineweb_edu,3407,SiLU+Muon,1180,4.759555,0.000229,1.585683
fineweb_edu,3407,SiLU+Muon,1190,4.731451,0.000227,1.720790
fineweb_edu,3407,SiLU+Muon,1200,4.758081,0.000226,1.687140
fineweb_edu,3407,SiLU+Muon,1210,4.724534,0.000225,1.904944
fineweb_edu,3407,SiLU+Muon,1220,4.728912,0.000223,1.612703
fineweb_edu,3407,SiLU+Muon,1230,4.721902,0.000222,1.630378
fineweb_edu,3407,SiLU+Muon,1240,4.734406,0.000221,1.543789
fineweb_edu,3407,SiLU+Muon,1250,4.704118,0.000219,1.610064
fineweb_edu,3407,SiLU+Muon,1260,4.687991,0.000218,1.852457
fineweb_edu,3407,SiLU+Muon,1270,4.692027,0.000217,1.678170
fineweb_edu,3407,SiLU+Muon,1280,4.681739,0.000215,1.484349
fineweb_edu,3407,SiLU+Muon,1290,4.689272,0.000214,1.416038
fineweb_edu,3407,SiLU+Muon,1300,4.670178,0.000212,1.542094
fineweb_edu,3407,SiLU+Muon,1310,4.644878,0.000211,1.873454
fineweb_edu,3407,SiLU+Muon,1320,4.677274,0.000210,1.493768
fineweb_edu,3407,SiLU+Muon,1330,4.637876,0.000208,1.580260
fineweb_edu,3407,SiLU+Muon,1340,4.638390,0.000207,1.657625
fineweb_edu,3407,SiLU+Muon,1350,4.619898,0.000205,1.581201
fineweb_edu,3407,SiLU+Muon,1360,4.618573,0.000204,1.534116
fineweb_edu,3407,SiLU+Muon,1370,4.638704,0.000203,1.858603
fineweb_edu,3407,SiLU+Muon,1380,4.631958,0.000201,1.657674
fineweb_edu,3407,SiLU+Muon,1390,4.617548,0.000200,1.499920
fineweb_edu,3407,SiLU+Muon,1400,4.593151,0.000198,1.979193
fineweb_edu,3407,SiLU+Muon,1410,4.594529,0.000197,1.661737
fineweb_edu,3407,SiLU+Muon,1420,4.575234,0.000195,1.887988
fineweb_edu,3407,SiLU+Muon,1430,4.571027,0.000194,1.628359
fineweb_edu,3407,SiLU+Muon,1440,4.567911,0.000192,1.641107
fineweb_edu,3407,SiLU+Muon,1450,4.579404,0.000191,1.487120
fineweb_edu,3407,SiLU+Muon,1460,4.580286,0.000190,1.667040
fineweb_edu,3407,SiLU+Muon,1470,4.559641,0.000188,1.585792
fineweb_edu,3407,SiLU+Muon,1480,4.552758,0.000187,1.620905
fineweb_edu,3407,SiLU+Muon,1490,4.536413,0.000185,1.508968
fineweb_edu,3407,SiLU+Muon,1500,4.548250,0.000184,1.573314
fineweb_edu,3407,SiLU+Muon,1510,4.538351,0.000182,1.342345
fineweb_edu,3407,SiLU+Muon,1520,4.533671,0.000181,1.501887
fineweb_edu,3407,SiLU+Muon,1530,4.496909,0.000179,1.522261
fineweb_edu,3407,SiLU+Muon,1540,4.523622,0.000178,1.475311
fineweb_edu,3407,SiLU+Muon,1550,4.528546,0.000176,1.669074
fineweb_edu,3407,SiLU+Muon,1560,4.520979,0.000175,1.415039
fineweb_edu,3407,SiLU+Muon,1570,4.501147,0.000173,1.490043
fineweb_edu,3407,SiLU+Muon,1580,4.491808,0.000172,1.408494
fineweb_edu,3407,SiLU+Muon,1590,4.483157,0.000170,1.417416
fineweb_edu,3407,SiLU+Muon,1600,4.492739,0.000169,1.634281
fineweb_edu,3407,SiLU+Muon,1610,4.490234,0.000167,1.598617
fineweb_edu,3407,SiLU+Muon,1620,4.498239,0.000166,1.603585
fineweb_edu,3407,SiLU+Muon,1630,4.463277,0.000164,1.775038
fineweb_edu,3407,SiLU+Muon,1640,4.500298,0.000163,1.587847
fineweb_edu,3407,SiLU+Muon,1650,4.473440,0.000161,1.818586
fineweb_edu,3407,SiLU+Muon,1660,4.435850,0.000160,1.648476
fineweb_edu,3407,SiLU+Muon,1670,4.455683,0.000158,1.668260
fineweb_edu,3407,SiLU+Muon,1680,4.444692,0.000157,1.438436
fineweb_edu,3407,SiLU+Muon,1690,4.436194,0.000155,1.843438
fineweb_edu,3407,SiLU+Muon,1700,4.442802,0.000154,1.487788
fineweb_edu,3407,SiLU+Muon,1710,4.445249,0.000153,1.865516
fineweb_edu,3407,SiLU+Muon,1720,4.454716,0.000151,1.458270
fineweb_edu,3407,SiLU+Muon,1730,4.443598,0.000150,1.591791
fineweb_edu,3407,SiLU+Muon,1740,4.426404,0.000148,1.675542
fineweb_edu,3407,SiLU+Muon,1750,4.427404,0.000147,1.669550
fineweb_edu,3407,SiLU+Muon,1760,4.423449,0.000145,1.863739
fineweb_edu,3407,SiLU+Muon,1770,4.417465,0.000144,1.830382
fineweb_edu,3407,SiLU+Muon,1780,4.400837,0.000142,1.891793
fineweb_edu,3407,SiLU+Muon,1790,4.412473,0.000141,1.853210
fineweb_edu,3407,SiLU+Muon,1800,4.420619,0.000139,1.868550
fineweb_edu,3407,SiLU+Muon,1810,4.414132,0.000138,1.972324
fineweb_edu,3407,SiLU+Muon,1820,4.389928,0.000136,1.797419
fineweb_edu,3407,SiLU+Muon,1830,4.411148,0.000135,1.975604
fineweb_edu,3407,SiLU+Muon,1840,4.393967,0.000133,1.978338
fineweb_edu,3407,SiLU+Muon,1850,4.379181,0.000132,1.773564
fineweb_edu,3407,SiLU+Muon,1860,4.385138,0.000131,1.881089
fineweb_edu,3407,SiLU+Muon,1870,4.364864,0.000129,1.836304
fineweb_edu,3407,SiLU+Muon,1880,4.365718,0.000128,1.841370
fineweb_edu,3407,SiLU+Muon,1890,4.364407,0.000126,1.834804
fineweb_edu,3407,SiLU+Muon,1900,4.360969,0.000125,1.923612
fineweb_edu,3407,SiLU+Muon,1910,4.401154,0.000123,1.946210
fineweb_edu,3407,SiLU+Muon,1920,4.390464,0.000122,1.849070
fineweb_edu,3407,SiLU+Muon,1930,4.326338,0.000121,1.867560
fineweb_edu,3407,SiLU+Muon,1940,4.358008,0.000119,1.983155
fineweb_edu,3407,SiLU+Muon,1950,4.327445,0.000118,1.880986
fineweb_edu,3407,SiLU+Muon,1960,4.338353,0.000116,1.775557
fineweb_edu,3407,SiLU+Muon,1970,4.349681,0.000115,2.013749
fineweb_edu,3407,SiLU+Muon,1980,4.323124,0.000114,1.963226
fineweb_edu,3407,SiLU+Muon,1990,4.354791,0.000112,1.921109
fineweb_edu,3407,SiLU+Muon,2000,4.332312,0.000111,1.880370
fineweb_edu,3407,SiLU+Muon,2010,4.347622,0.000110,1.886484
fineweb_edu,3407,SiLU+Muon,2020,4.342351,0.000108,1.964603
fineweb_edu,3407,SiLU+Muon,2030,4.323817,0.000107,1.973762
fineweb_edu,3407,SiLU+Muon,2040,4.303532,0.000106,2.065390
fineweb_edu,3407,SiLU+Muon,2050,4.309914,0.000104,1.841067
fineweb_edu,3407,SiLU+Muon,2060,4.333306,0.000103,1.888918
fineweb_edu,3407,SiLU+Muon,2070,4.297664,0.000102,1.821072
fineweb_edu,3407,SiLU+Muon,2080,4.310628,0.000100,1.958660
fineweb_edu,3407,SiLU+Muon,2090,4.304469,0.000099,1.987208
fineweb_edu,3407,SiLU+Muon,2100,4.326157,0.000098,1.958624
fineweb_edu,3407,SiLU+Muon,2110,4.318857,0.000096,1.954249
fineweb_edu,3407,SiLU+Muon,2120,4.304459,0.000095,1.855615
fineweb_edu,3407,SiLU+Muon,2130,4.312033,0.000094,1.821791
fineweb_edu,3407,SiLU+Muon,2140,4.309032,0.000093,2.036541
fineweb_edu,3407,SiLU+Muon,2150,4.290778,0.000091,1.723831
fineweb_edu,3407,SiLU+Muon,2160,4.305319,0.000090,1.822152
fineweb_edu,3407,SiLU+Muon,2170,4.293475,0.000089,1.755546
fineweb_edu,3407,SiLU+Muon,2180,4.288079,0.000088,1.896400
fineweb_edu,3407,SiLU+Muon,2190,4.292754,0.000086,1.706862
fineweb_edu,3407,SiLU+Muon,2200,4.274536,0.000085,1.838133
fineweb_edu,3407,SiLU+Muon,2210,4.252877,0.000084,1.801496
fineweb_edu,3407,SiLU+Muon,2220,4.269860,0.000083,1.656627
fineweb_edu,3407,SiLU+Muon,2230,4.268530,0.000082,1.956361
fineweb_edu,3407,SiLU+Muon,2240,4.278655,0.000080,1.986378
fineweb_edu,3407,SiLU+Muon,2250,4.255156,0.000079,1.890936
fineweb_edu,3407,SiLU+Muon,2260,4.260765,0.000078,1.794456
fineweb_edu,3407,SiLU+Muon,2270,4.243780,0.000077,1.929096
fineweb_edu,3407,SiLU+Muon,2280,4.244455,0.000076,1.819185
fineweb_edu,3407,SiLU+Muon,2290,4.260547,0.000075,1.877626
fineweb_edu,3407,SiLU+Muon,2300,4.256781,0.000074,1.929347
fineweb_edu,3407,SiLU+Muon,2310,4.254286,0.000073,1.835401
fineweb_edu,3407,SiLU+Muon,2320,4.239473,0.000072,1.940318
fineweb_edu,3407,SiLU+Muon,2330,4.235964,0.000070,1.972320
fineweb_edu,3407,SiLU+Muon,2340,4.247734,0.000069,1.934236
fineweb_edu,3407,SiLU+Muon,2350,4.251270,0.000068,1.746692
fineweb_edu,3407,SiLU+Muon,2360,4.268353,0.000067,1.923496
fineweb_edu,3407,SiLU+Muon,2370,4.219610,0.000066,1.918676
fineweb_edu,3407,SiLU+Muon,2380,4.216842,0.000065,1.854537
fineweb_edu,3407,SiLU+Muon,2390,4.229818,0.000064,1.951922
fineweb_edu,3407,SiLU+Muon,2400,4.226406,0.000063,1.697077
fineweb_edu,3407,SiLU+Muon,2410,4.232540,0.000062,1.813243
fineweb_edu,3407,SiLU+Muon,2420,4.222730,0.000061,1.891296
fineweb_edu,3407,SiLU+Muon,2430,4.227563,0.000060,1.874690
fineweb_edu,3407,SiLU+Muon,2440,4.202755,0.000059,1.943733
fineweb_edu,3407,SiLU+Muon,2450,4.235300,0.000059,1.928934
fineweb_edu,3407,SiLU+Muon,2460,4.241625,0.000058,1.975587
fineweb_edu,3407,SiLU+Muon,2470,4.229158,0.000057,1.841419
fineweb_edu,3407,SiLU+Muon,2480,4.218062,0.000056,1.953514
fineweb_edu,3407,SiLU+Muon,2490,4.233731,0.000055,1.992491
fineweb_edu,3407,SiLU+Muon,2500,4.218694,0.000054,1.795971
fineweb_edu,3407,SiLU+Muon,2510,4.216350,0.000053,1.939079
fineweb_edu,3407,SiLU+Muon,2520,4.222435,0.000052,1.978764
fineweb_edu,3407,SiLU+Muon,2530,4.224416,0.000052,1.900367
fineweb_edu,3407,SiLU+Muon,2540,4.174904,0.000051,1.771272
fineweb_edu,3407,SiLU+Muon,2550,4.217659,0.000050,1.865273
fineweb_edu,3407,SiLU+Muon,2560,4.209115,0.000049,1.687893
fineweb_edu,3407,SiLU+Muon,2570,4.204406,0.000049,1.875894
fineweb_edu,3407,SiLU+Muon,2580,4.194046,0.000048,1.948196
fineweb_edu,3407,SiLU+Muon,2590,4.173657,0.000047,1.899981
fineweb_edu,3407,SiLU+Muon,2600,4.202335,0.000046,1.722432
fineweb_edu,3407,SiLU+Muon,2610,4.197307,0.000046,1.934803
fineweb_edu,3407,SiLU+Muon,2620,4.172710,0.000045,1.910814
fineweb_edu,3407,SiLU+Muon,2630,4.200382,0.000044,1.799055
fineweb_edu,3407,SiLU+Muon,2640,4.205173,0.000044,1.915260
fineweb_edu,3407,SiLU+Muon,2650,4.206737,0.000043,1.914887
fineweb_edu,3407,SiLU+Muon,2660,4.188070,0.000042,1.788047
fineweb_edu,3407,SiLU+Muon,2670,4.204729,0.000042,1.788857
fineweb_edu,3407,SiLU+Muon,2680,4.172870,0.000041,1.974517
fineweb_edu,3407,SiLU+Muon,2690,4.208226,0.000041,1.869384
fineweb_edu,3407,SiLU+Muon,2700,4.186443,0.000040,1.937609
fineweb_edu,3407,SiLU+Muon,2710,4.163730,0.000039,1.926894
fineweb_edu,3407,SiLU+Muon,2720,4.182965,0.000039,1.892455
fineweb_edu,3407,SiLU+Muon,2730,4.192504,0.000038,1.900359
fineweb_edu,3407,SiLU+Muon,2740,4.181312,0.000038,1.912272
fineweb_edu,3407,SiLU+Muon,2750,4.184970,0.000037,1.955670
fineweb_edu,3407,SiLU+Muon,2760,4.168400,0.000037,1.893795
fineweb_edu,3407,SiLU+Muon,2770,4.163109,0.000036,1.875535
fineweb_edu,3407,SiLU+Muon,2780,4.168303,0.000036,1.921844
fineweb_edu,3407,SiLU+Muon,2790,4.183274,0.000036,1.899813
fineweb_edu,3407,SiLU+Muon,2800,4.168055,0.000035,1.978278
fineweb_edu,3407,SiLU+Muon,2810,4.163338,0.000035,1.954280
fineweb_edu,3407,SiLU+Muon,2820,4.155380,0.000034,1.852284
fineweb_edu,3407,SiLU+Muon,2830,4.175036,0.000034,1.808946
fineweb_edu,3407,SiLU+Muon,2840,4.192288,0.000034,1.881869
fineweb_edu,3407,SiLU+Muon,2850,4.140069,0.000033,1.936161
fineweb_edu,3407,SiLU+Muon,2860,4.165918,0.000033,1.820943
fineweb_edu,3407,SiLU+Muon,2870,4.144558,0.000033,1.814900
fineweb_edu,3407,SiLU+Muon,2880,4.170853,0.000032,1.893199
fineweb_edu,3407,SiLU+Muon,2890,4.153843,0.000032,1.948167
fineweb_edu,3407,SiLU+Muon,2900,4.162282,0.000032,1.957002
fineweb_edu,3407,SiLU+Muon,2910,4.173937,0.000032,1.941168
fineweb_edu,3407,SiLU+Muon,2920,4.151586,0.000031,1.928011
fineweb_edu,3407,SiLU+Muon,2930,4.158698,0.000031,1.879269
fineweb_edu,3407,SiLU+Muon,2940,4.155266,0.000031,1.866443
fineweb_edu,3407,SiLU+Muon,2950,4.138904,0.000031,1.928201
fineweb_edu,3407,SiLU+Muon,2960,4.149619,0.000031,1.903783
fineweb_edu,3407,SiLU+Muon,2970,4.168969,0.000031,1.869507
fineweb_edu,3407,SiLU+Muon,2980,4.157453,0.000030,1.822858
fineweb_edu,3407,SiLU+Muon,2990,4.148058,0.000030,1.865533
fineweb_edu,3407,SiLU+Muon,3000,4.149744,0.000030,1.972785
fineweb_edu,3407,SiLU+Muon,3010,4.180524,0.000030,1.943763
fineweb_edu,3407,SiLU+Muon,3020,4.154403,0.000030,1.887439
fineweb_edu,3407,SiLU+Muon,3030,4.140460,0.000030,1.885934
fineweb_edu,3407,SiLU+Muon,3040,4.131584,0.000030,1.852007
fineweb_edu,3407,SiLU+Muon,3050,4.167864,0.000030,1.905007
fineweb_edu,3407,RLB+Muon,1,10.989019,0.000001,4.475060
fineweb_edu,3407,RLB+Muon,10,10.978257,0.000015,2.638318
fineweb_edu,3407,RLB+Muon,20,10.921205,0.000030,2.433203
fineweb_edu,3407,RLB+Muon,30,10.805883,0.000045,2.517683
fineweb_edu,3407,RLB+Muon,40,10.635207,0.000060,2.494963
fineweb_edu,3407,RLB+Muon,50,10.423369,0.000075,2.456569
fineweb_edu,3407,RLB+Muon,60,10.185623,0.000090,2.497956
fineweb_edu,3407,RLB+Muon,70,9.907206,0.000105,2.497848
fineweb_edu,3407,RLB+Muon,80,9.623372,0.000120,2.470452
fineweb_edu,3407,RLB+Muon,90,9.370556,0.000135,2.461654
fineweb_edu,3407,RLB+Muon,100,9.133181,0.000150,2.445739
fineweb_edu,3407,RLB+Muon,110,8.890432,0.000165,2.534612
fineweb_edu,3407,RLB+Muon,120,8.715222,0.000180,2.526003
fineweb_edu,3407,RLB+Muon,130,8.543715,0.000195,2.442709
fineweb_edu,3407,RLB+Muon,140,8.367778,0.000210,2.456624
fineweb_edu,3407,RLB+Muon,150,8.187368,0.000225,2.519184
fineweb_edu,3407,RLB+Muon,160,8.041516,0.000240,2.433284
fineweb_edu,3407,RLB+Muon,170,7.933206,0.000255,2.376257
fineweb_edu,3407,RLB+Muon,180,7.790738,0.000270,2.450706
fineweb_edu,3407,RLB+Muon,190,7.672806,0.000285,2.453479
fineweb_edu,3407,RLB+Muon,200,7.572101,0.000300,2.452806
fineweb_edu,3407,RLB+Muon,210,7.464068,0.000300,2.487401
fineweb_edu,3407,RLB+Muon,220,7.368453,0.000300,2.385165
fineweb_edu,3407,RLB+Muon,230,7.283049,0.000300,2.519424
fineweb_edu,3407,RLB+Muon,240,7.182971,0.000300,2.377914
fineweb_edu,3407,RLB+Muon,250,7.088633,0.000300,2.431160
fineweb_edu,3407,RLB+Muon,260,7.046662,0.000300,2.444341
fineweb_edu,3407,RLB+Muon,270,6.949387,0.000300,2.467515
fineweb_edu,3407,RLB+Muon,280,6.899251,0.000299,2.456174
fineweb_edu,3407,RLB+Muon,290,6.814110,0.000299,2.536690
fineweb_edu,3407,RLB+Muon,300,6.771137,0.000299,2.442515
fineweb_edu,3407,RLB+Muon,310,6.696981,0.000299,2.456432
fineweb_edu,3407,RLB+Muon,320,6.617085,0.000299,2.490714
fineweb_edu,3407,RLB+Muon,330,6.589197,0.000299,2.478842
fineweb_edu,3407,RLB+Muon,340,6.536191,0.000298,2.490595
fineweb_edu,3407,RLB+Muon,350,6.462655,0.000298,2.472834
fineweb_edu,3407,RLB+Muon,360,6.383667,0.000298,2.481516
fineweb_edu,3407,RLB+Muon,370,6.343784,0.000298,2.513650
fineweb_edu,3407,RLB+Muon,380,6.309936,0.000297,2.487343
fineweb_edu,3407,RLB+Muon,390,6.270997,0.000297,2.471824
fineweb_edu,3407,RLB+Muon,400,6.213919,0.000297,2.491310
fineweb_edu,3407,RLB+Muon,410,6.181708,0.000296,2.451354
fineweb_edu,3407,RLB+Muon,420,6.102082,0.000296,2.460688
fineweb_edu,3407,RLB+Muon,430,6.097205,0.000296,2.473445
fineweb_edu,3407,RLB+Muon,440,6.026368,0.000295,2.498964
fineweb_edu,3407,RLB+Muon,450,6.016274,0.000295,2.487257
fineweb_edu,3407,RLB+Muon,460,5.955630,0.000295,2.524488
fineweb_edu,3407,RLB+Muon,470,5.907790,0.000294,2.491160
fineweb_edu,3407,RLB+Muon,480,5.882162,0.000294,2.489416
fineweb_edu,3407,RLB+Muon,490,5.851132,0.000293,2.489908
fineweb_edu,3407,RLB+Muon,500,5.802006,0.000293,2.482593
fineweb_edu,3407,RLB+Muon,510,5.796804,0.000292,2.418684
fineweb_edu,3407,RLB+Muon,520,5.762524,0.000292,2.394794
fineweb_edu,3407,RLB+Muon,530,5.679169,0.000291,2.399611
fineweb_edu,3407,RLB+Muon,540,5.693896,0.000291,2.433871
fineweb_edu,3407,RLB+Muon,550,5.667245,0.000290,2.399764
fineweb_edu,3407,RLB+Muon,560,5.651858,0.000290,2.417887
fineweb_edu,3407,RLB+Muon,570,5.639266,0.000289,2.460178
fineweb_edu,3407,RLB+Muon,580,5.583933,0.000288,2.369168
fineweb_edu,3407,RLB+Muon,590,5.565764,0.000288,2.350744
fineweb_edu,3407,RLB+Muon,600,5.536657,0.000287,2.417522
fineweb_edu,3407,RLB+Muon,610,5.528442,0.000287,2.330050
fineweb_edu,3407,RLB+Muon,620,5.466237,0.000286,2.397810
fineweb_edu,3407,RLB+Muon,630,5.468005,0.000285,2.434795
fineweb_edu,3407,RLB+Muon,640,5.452250,0.000284,2.506348
fineweb_edu,3407,RLB+Muon,650,5.443088,0.000284,2.458518
fineweb_edu,3407,RLB+Muon,660,5.396405,0.000283,2.444579
fineweb_edu,3407,RLB+Muon,670,5.388522,0.000282,2.529224
fineweb_edu,3407,RLB+Muon,680,5.374822,0.000282,2.407961
fineweb_edu,3407,RLB+Muon,690,5.361232,0.000281,2.387520
fineweb_edu,3407,RLB+Muon,700,5.285072,0.000280,2.485558
fineweb_edu,3407,RLB+Muon,710,5.311310,0.000279,2.508032
fineweb_edu,3407,RLB+Muon,720,5.288039,0.000279,2.506139
fineweb_edu,3407,RLB+Muon,730,5.288039,0.000278,2.426999
fineweb_edu,3407,RLB+Muon,740,5.234999,0.000277,2.413771
fineweb_edu,3407,RLB+Muon,750,5.246790,0.000276,2.491056
fineweb_edu,3407,RLB+Muon,760,5.219300,0.000275,2.525802
fineweb_edu,3407,RLB+Muon,770,5.208688,0.000274,2.437530
fineweb_edu,3407,RLB+Muon,780,5.184295,0.000273,2.464119
fineweb_edu,3407,RLB+Muon,790,5.181243,0.000273,2.535279
fineweb_edu,3407,RLB+Muon,800,5.166516,0.000272,2.495631
fineweb_edu,3407,RLB+Muon,810,5.153528,0.000271,2.398944
fineweb_edu,3407,RLB+Muon,820,5.162093,0.000270,2.499197
fineweb_edu,3407,RLB+Muon,830,5.109113,0.000269,2.503963
fineweb_edu,3407,RLB+Muon,840,5.107928,0.000268,2.491866
fineweb_edu,3407,RLB+Muon,850,5.102109,0.000267,2.431275
fineweb_edu,3407,RLB+Muon,860,5.086650,0.000266,2.472710
fineweb_edu,3407,RLB+Muon,870,5.059316,0.000265,2.490845
fineweb_edu,3407,RLB+Muon,880,5.020371,0.000264,2.444099
fineweb_edu,3407,RLB+Muon,890,5.027429,0.000263,2.462453
fineweb_edu,3407,RLB+Muon,900,5.013818,0.000262,2.442984
fineweb_edu,3407,RLB+Muon,910,4.989030,0.000261,2.505704
fineweb_edu,3407,RLB+Muon,920,4.985077,0.000260,2.437203
fineweb_edu,3407,RLB+Muon,930,4.976209,0.000259,2.436962
fineweb_edu,3407,RLB+Muon,940,4.979205,0.000258,2.487137
fineweb_edu,3407,RLB+Muon,950,4.940751,0.000257,2.477186
fineweb_edu,3407,RLB+Muon,960,4.946515,0.000255,2.402108
fineweb_edu,3407,RLB+Muon,970,4.931455,0.000254,2.438014
fineweb_edu,3407,RLB+Muon,980,4.934443,0.000253,2.523745
fineweb_edu,3407,RLB+Muon,990,4.883806,0.000252,2.460691
fineweb_edu,3407,RLB+Muon,1000,4.913666,0.000251,2.462118
fineweb_edu,3407,RLB+Muon,1010,4.908238,0.000250,2.466718
fineweb_edu,3407,RLB+Muon,1020,4.864344,0.000249,2.515203
fineweb_edu,3407,RLB+Muon,1030,4.889876,0.000247,2.452968
fineweb_edu,3407,RLB+Muon,1040,4.874581,0.000246,2.403967
fineweb_edu,3407,RLB+Muon,1050,4.860436,0.000245,2.469717
fineweb_edu,3407,RLB+Muon,1060,4.841047,0.000244,2.475949
fineweb_edu,3407,RLB+Muon,1070,4.860585,0.000243,2.408786
fineweb_edu,3407,RLB+Muon,1080,4.827007,0.000241,2.449695
fineweb_edu,3407,RLB+Muon,1090,4.809561,0.000240,2.488021
fineweb_edu,3407,RLB+Muon,1100,4.810860,0.000239,2.508800
fineweb_edu,3407,RLB+Muon,1110,4.812345,0.000238,2.518622
fineweb_edu,3407,RLB+Muon,1120,4.788269,0.000236,2.395072
fineweb_edu,3407,RLB+Muon,1130,4.798090,0.000235,2.432713
fineweb_edu,3407,RLB+Muon,1140,4.797530,0.000234,2.435766
fineweb_edu,3407,RLB+Muon,1150,4.747983,0.000233,2.403169
fineweb_edu,3407,RLB+Muon,1160,4.747017,0.000231,2.485183
fineweb_edu,3407,RLB+Muon,1170,4.738237,0.000230,2.479813
fineweb_edu,3407,RLB+Muon,1180,4.748595,0.000229,2.505684
fineweb_edu,3407,RLB+Muon,1190,4.721936,0.000227,2.397568
fineweb_edu,3407,RLB+Muon,1200,4.748839,0.000226,2.363721
fineweb_edu,3407,RLB+Muon,1210,4.716921,0.000225,2.461594
fineweb_edu,3407,RLB+Muon,1220,4.719994,0.000223,2.485719
fineweb_edu,3407,RLB+Muon,1230,4.711275,0.000222,2.380980
fineweb_edu,3407,RLB+Muon,1240,4.723775,0.000221,2.483579
fineweb_edu,3407,RLB+Muon,1250,4.694497,0.000219,2.396600
fineweb_edu,3407,RLB+Muon,1260,4.677295,0.000218,2.446818
fineweb_edu,3407,RLB+Muon,1270,4.684226,0.000217,2.390517
fineweb_edu,3407,RLB+Muon,1280,4.673894,0.000215,2.471416
fineweb_edu,3407,RLB+Muon,1290,4.678403,0.000214,2.436032
fineweb_edu,3407,RLB+Muon,1300,4.660089,0.000212,2.492680
fineweb_edu,3407,RLB+Muon,1310,4.635960,0.000211,2.394302
fineweb_edu,3407,RLB+Muon,1320,4.670162,0.000210,2.399883
fineweb_edu,3407,RLB+Muon,1330,4.628466,0.000208,2.486244
fineweb_edu,3407,RLB+Muon,1340,4.628360,0.000207,2.469862
fineweb_edu,3407,RLB+Muon,1350,4.610685,0.000205,2.453869
fineweb_edu,3407,RLB+Muon,1360,4.609851,0.000204,2.473619
fineweb_edu,3407,RLB+Muon,1370,4.628187,0.000203,2.493356
fineweb_edu,3407,RLB+Muon,1380,4.625478,0.000201,2.449526
fineweb_edu,3407,RLB+Muon,1390,4.608918,0.000200,2.410108
fineweb_edu,3407,RLB+Muon,1400,4.583394,0.000198,2.406699
fineweb_edu,3407,RLB+Muon,1410,4.583935,0.000197,2.471741
fineweb_edu,3407,RLB+Muon,1420,4.565721,0.000195,2.499088
fineweb_edu,3407,RLB+Muon,1430,4.563478,0.000194,2.473525
fineweb_edu,3407,RLB+Muon,1440,4.561061,0.000192,2.503640
fineweb_edu,3407,RLB+Muon,1450,4.568500,0.000191,2.524182
fineweb_edu,3407,RLB+Muon,1460,4.572124,0.000190,2.477861
fineweb_edu,3407,RLB+Muon,1470,4.548932,0.000188,2.378213
fineweb_edu,3407,RLB+Muon,1480,4.543910,0.000187,2.347994
fineweb_edu,3407,RLB+Muon,1490,4.526257,0.000185,2.390612
fineweb_edu,3407,RLB+Muon,1500,4.538241,0.000184,2.416365
fineweb_edu,3407,RLB+Muon,1510,4.530988,0.000182,2.413715
fineweb_edu,3407,RLB+Muon,1520,4.522075,0.000181,2.397294
fineweb_edu,3407,RLB+Muon,1530,4.486183,0.000179,2.513155
fineweb_edu,3407,RLB+Muon,1540,4.516367,0.000178,2.356092
fineweb_edu,3407,RLB+Muon,1550,4.519454,0.000176,2.420240
fineweb_edu,3407,RLB+Muon,1560,4.510082,0.000175,2.445784
fineweb_edu,3407,RLB+Muon,1570,4.490002,0.000173,2.499472
fineweb_edu,3407,RLB+Muon,1580,4.482814,0.000172,2.446721
fineweb_edu,3407,RLB+Muon,1590,4.474673,0.000170,2.373840
fineweb_edu,3407,RLB+Muon,1600,4.485298,0.000169,2.415051
fineweb_edu,3407,RLB+Muon,1610,4.481254,0.000167,2.446636
fineweb_edu,3407,RLB+Muon,1620,4.488231,0.000166,2.380207
fineweb_edu,3407,RLB+Muon,1630,4.453629,0.000164,2.460224
fineweb_edu,3407,RLB+Muon,1640,4.488884,0.000163,2.448109
fineweb_edu,3407,RLB+Muon,1650,4.466553,0.000161,2.528526
fineweb_edu,3407,RLB+Muon,1660,4.426274,0.000160,2.472333
fineweb_edu,3407,RLB+Muon,1670,4.445918,0.000158,2.434127
fineweb_edu,3407,RLB+Muon,1680,4.435082,0.000157,2.457573
fineweb_edu,3407,RLB+Muon,1690,4.427592,0.000155,2.438068
fineweb_edu,3407,RLB+Muon,1700,4.433557,0.000154,2.425029
fineweb_edu,3407,RLB+Muon,1710,4.437905,0.000153,2.435531
fineweb_edu,3407,RLB+Muon,1720,4.448624,0.000151,2.442682
fineweb_edu,3407,RLB+Muon,1730,4.435408,0.000150,2.447315
fineweb_edu,3407,RLB+Muon,1740,4.419806,0.000148,2.476679
fineweb_edu,3407,RLB+Muon,1750,4.417430,0.000147,2.467032
fineweb_edu,3407,RLB+Muon,1760,4.414926,0.000145,2.467780
fineweb_edu,3407,RLB+Muon,1770,4.406718,0.000144,2.391994
fineweb_edu,3407,RLB+Muon,1780,4.391757,0.000142,2.396664
fineweb_edu,3407,RLB+Muon,1790,4.402439,0.000141,2.396885
fineweb_edu,3407,RLB+Muon,1800,4.407272,0.000139,2.396678
fineweb_edu,3407,RLB+Muon,1810,4.402009,0.000138,2.449695
fineweb_edu,3407,RLB+Muon,1820,4.380475,0.000136,2.423210
fineweb_edu,3407,RLB+Muon,1830,4.401908,0.000135,2.450735
fineweb_edu,3407,RLB+Muon,1840,4.381379,0.000133,2.415714
fineweb_edu,3407,RLB+Muon,1850,4.369084,0.000132,2.374702
fineweb_edu,3407,RLB+Muon,1860,4.371932,0.000131,2.385208
fineweb_edu,3407,RLB+Muon,1870,4.355640,0.000129,2.432320
fineweb_edu,3407,RLB+Muon,1880,4.357515,0.000128,2.425384
fineweb_edu,3407,RLB+Muon,1890,4.353777,0.000126,2.455012
fineweb_edu,3407,RLB+Muon,1900,4.351091,0.000125,2.497057
fineweb_edu,3407,RLB+Muon,1910,4.387264,0.000123,2.481839
fineweb_edu,3407,RLB+Muon,1920,4.380196,0.000122,2.415123
fineweb_edu,3407,RLB+Muon,1930,4.315559,0.000121,2.463961
fineweb_edu,3407,RLB+Muon,1940,4.348342,0.000119,2.415164
fineweb_edu,3407,RLB+Muon,1950,4.314698,0.000118,2.512552
fineweb_edu,3407,RLB+Muon,1960,4.330486,0.000116,2.473923
fineweb_edu,3407,RLB+Muon,1970,4.336962,0.000115,2.475794
fineweb_edu,3407,RLB+Muon,1980,4.311761,0.000114,2.539743
fineweb_edu,3407,RLB+Muon,1990,4.342350,0.000112,2.434686
fineweb_edu,3407,RLB+Muon,2000,4.320253,0.000111,2.457000
fineweb_edu,3407,RLB+Muon,2010,4.336840,0.000110,2.422033
fineweb_edu,3407,RLB+Muon,2020,4.331069,0.000108,2.486139
fineweb_edu,3407,RLB+Muon,2030,4.312242,0.000107,2.487933
fineweb_edu,3407,RLB+Muon,2040,4.289771,0.000106,2.399609
fineweb_edu,3407,RLB+Muon,2050,4.299441,0.000104,2.496748
fineweb_edu,3407,RLB+Muon,2060,4.319818,0.000103,2.510614
fineweb_edu,3407,RLB+Muon,2070,4.286728,0.000102,2.503708
fineweb_edu,3407,RLB+Muon,2080,4.295883,0.000100,2.443921
fineweb_edu,3407,RLB+Muon,2090,4.294579,0.000099,2.551046
fineweb_edu,3407,RLB+Muon,2100,4.313214,0.000098,2.484302
fineweb_edu,3407,RLB+Muon,2110,4.304904,0.000096,2.441269
fineweb_edu,3407,RLB+Muon,2120,4.292863,0.000095,2.462956
fineweb_edu,3407,RLB+Muon,2130,4.301635,0.000094,2.465701
fineweb_edu,3407,RLB+Muon,2140,4.297366,0.000093,2.471092
fineweb_edu,3407,RLB+Muon,2150,4.279190,0.000091,2.413436
fineweb_edu,3407,RLB+Muon,2160,4.294418,0.000090,2.454663
fineweb_edu,3407,RLB+Muon,2170,4.284823,0.000089,2.418745
fineweb_edu,3407,RLB+Muon,2180,4.275046,0.000088,2.352833
fineweb_edu,3407,RLB+Muon,2190,4.280280,0.000086,2.344129
fineweb_edu,3407,RLB+Muon,2200,4.261836,0.000085,2.233838
fineweb_edu,3407,RLB+Muon,2210,4.239295,0.000084,2.186608
fineweb_edu,3407,RLB+Muon,2220,4.257824,0.000083,2.289392
fineweb_edu,3407,RLB+Muon,2230,4.256409,0.000082,2.347731
fineweb_edu,3407,RLB+Muon,2240,4.269873,0.000080,2.262662
fineweb_edu,3407,RLB+Muon,2250,4.244744,0.000079,2.340917
fineweb_edu,3407,RLB+Muon,2260,4.246502,0.000078,2.428264
fineweb_edu,3407,RLB+Muon,2270,4.230405,0.000077,2.358007
fineweb_edu,3407,RLB+Muon,2280,4.231060,0.000076,2.332842
fineweb_edu,3407,RLB+Muon,2290,4.248853,0.000075,2.430100
fineweb_edu,3407,RLB+Muon,2300,4.243744,0.000074,2.569106
fineweb_edu,3407,RLB+Muon,2310,4.240599,0.000073,2.378427
fineweb_edu,3407,RLB+Muon,2320,4.227035,0.000072,2.440198
fineweb_edu,3407,RLB+Muon,2330,4.222546,0.000070,2.487143
fineweb_edu,3407,RLB+Muon,2340,4.235035,0.000069,2.504615
fineweb_edu,3407,RLB+Muon,2350,4.237330,0.000068,2.443185
fineweb_edu,3407,RLB+Muon,2360,4.256817,0.000067,2.433111
fineweb_edu,3407,RLB+Muon,2370,4.206653,0.000066,2.490640
fineweb_edu,3407,RLB+Muon,2380,4.203163,0.000065,2.450752
fineweb_edu,3407,RLB+Muon,2390,4.215706,0.000064,2.397235
fineweb_edu,3407,RLB+Muon,2400,4.211416,0.000063,2.481836
fineweb_edu,3407,RLB+Muon,2410,4.216457,0.000062,2.462151
fineweb_edu,3407,RLB+Muon,2420,4.210733,0.000061,2.445796
fineweb_edu,3407,RLB+Muon,2430,4.211922,0.000060,2.464908
fineweb_edu,3407,RLB+Muon,2440,4.187729,0.000059,2.359966
fineweb_edu,3407,RLB+Muon,2450,4.221447,0.000059,2.446645
fineweb_edu,3407,RLB+Muon,2460,4.229442,0.000058,2.521694
fineweb_edu,3407,RLB+Muon,2470,4.215244,0.000057,2.349404
fineweb_edu,3407,RLB+Muon,2480,4.206813,0.000056,2.443472
fineweb_edu,3407,RLB+Muon,2490,4.219582,0.000055,2.439237
fineweb_edu,3407,RLB+Muon,2500,4.204707,0.000054,2.401914
fineweb_edu,3407,RLB+Muon,2510,4.201807,0.000053,2.401637
fineweb_edu,3407,RLB+Muon,2520,4.207276,0.000052,2.435759
fineweb_edu,3407,RLB+Muon,2530,4.210752,0.000052,2.504656
fineweb_edu,3407,RLB+Muon,2540,4.161816,0.000051,2.438804
fineweb_edu,3407,RLB+Muon,2550,4.202732,0.000050,2.366379
fineweb_edu,3407,RLB+Muon,2560,4.193001,0.000049,2.474576
fineweb_edu,3407,RLB+Muon,2570,4.190634,0.000049,2.469345
fineweb_edu,3407,RLB+Muon,2580,4.181307,0.000048,2.462552
fineweb_edu,3407,RLB+Muon,2590,4.160408,0.000047,2.440588
fineweb_edu,3407,RLB+Muon,2600,4.187755,0.000046,2.412326
fineweb_edu,3407,RLB+Muon,2610,4.180857,0.000046,2.427757
fineweb_edu,3407,RLB+Muon,2620,4.159165,0.000045,2.385156
fineweb_edu,3407,RLB+Muon,2630,4.187482,0.000044,2.443529
fineweb_edu,3407,RLB+Muon,2640,4.190450,0.000044,2.352711
fineweb_edu,3407,RLB+Muon,2650,4.191533,0.000043,2.427543
fineweb_edu,3407,RLB+Muon,2660,4.173782,0.000042,2.388292
fineweb_edu,3407,RLB+Muon,2670,4.192937,0.000042,2.450813
fineweb_edu,3407,RLB+Muon,2680,4.161817,0.000041,2.427097
fineweb_edu,3407,RLB+Muon,2690,4.193241,0.000041,2.541019
fineweb_edu,3407,RLB+Muon,2700,4.171661,0.000040,2.422733
fineweb_edu,3407,RLB+Muon,2710,4.151727,0.000039,2.405110
fineweb_edu,3407,RLB+Muon,2720,4.170366,0.000039,2.413690
fineweb_edu,3407,RLB+Muon,2730,4.177897,0.000038,2.472602
fineweb_edu,3407,RLB+Muon,2740,4.169767,0.000038,2.408218
fineweb_edu,3407,RLB+Muon,2750,4.171610,0.000037,2.437626
fineweb_edu,3407,RLB+Muon,2760,4.155294,0.000037,2.446302
fineweb_edu,3407,RLB+Muon,2770,4.147008,0.000036,2.504312
fineweb_edu,3407,RLB+Muon,2780,4.154983,0.000036,2.493897
fineweb_edu,3407,RLB+Muon,2790,4.168765,0.000036,2.374807
fineweb_edu,3407,RLB+Muon,2800,4.154841,0.000035,2.553284
fineweb_edu,3407,RLB+Muon,2810,4.150869,0.000035,2.428811
fineweb_edu,3407,RLB+Muon,2820,4.143099,0.000034,2.437053
fineweb_edu,3407,RLB+Muon,2830,4.160258,0.000034,2.417115
fineweb_edu,3407,RLB+Muon,2840,4.176592,0.000034,2.450686
fineweb_edu,3407,RLB+Muon,2850,4.126718,0.000033,2.481263
fineweb_edu,3407,RLB+Muon,2860,4.149465,0.000033,2.491812
fineweb_edu,3407,RLB+Muon,2870,4.130816,0.000033,2.499270
fineweb_edu,3407,RLB+Muon,2880,4.162900,0.000032,2.542034
fineweb_edu,3407,RLB+Muon,2890,4.142826,0.000032,2.497525
fineweb_edu,3407,RLB+Muon,2900,4.149883,0.000032,2.485931
fineweb_edu,3407,RLB+Muon,2910,4.159549,0.000032,2.443199
fineweb_edu,3407,RLB+Muon,2920,4.140062,0.000031,2.468333
fineweb_edu,3407,RLB+Muon,2930,4.143616,0.000031,2.468381
fineweb_edu,3407,RLB+Muon,2940,4.141063,0.000031,2.493338
fineweb_edu,3407,RLB+Muon,2950,4.126175,0.000031,2.468736
fineweb_edu,3407,RLB+Muon,2960,4.136628,0.000031,2.495106
fineweb_edu,3407,RLB+Muon,2970,4.155996,0.000031,2.469937
fineweb_edu,3407,RLB+Muon,2980,4.142255,0.000030,2.486334
fineweb_edu,3407,RLB+Muon,2990,4.130965,0.000030,2.500999
fineweb_edu,3407,RLB+Muon,3000,4.137396,0.000030,2.492566
fineweb_edu,3407,RLB+Muon,3010,4.163658,0.000030,2.507367
fineweb_edu,3407,RLB+Muon,3020,4.142294,0.000030,2.449720
fineweb_edu,3407,RLB+Muon,3030,4.126486,0.000030,2.484132
fineweb_edu,3407,RLB+Muon,3040,4.119803,0.000030,2.442207
fineweb_edu,3407,RLB+Muon,3050,4.150368,0.000030,2.496031
fineweb_edu,3407,RLB+MatrixPolicy (group-stat),1,10.989019,0.000001,4.824115
fineweb_edu,3407,RLB+MatrixPolicy (group-stat),10,10.430075,0.000015,2.742619
fineweb_edu,3407,RLB+MatrixPolicy (group-stat),20,9.672438,0.000030,2.518177
fineweb_edu,3407,RLB+MatrixPolicy (group-stat),30,9.407844,0.000045,2.468481
fineweb_edu,3407,RLB+MatrixPolicy (group-stat),40,9.004619,0.000060,2.569301
fineweb_edu,3407,RLB+MatrixPolicy (group-stat),50,8.543193,0.000075,2.502792
fineweb_edu,3407,RLB+MatrixPolicy (group-stat),60,8.065730,0.000090,2.550288
fineweb_edu,3407,RLB+MatrixPolicy (group-stat),70,7.651201,0.000105,2.542844
fineweb_edu,3407,RLB+MatrixPolicy (group-stat),80,7.402802,0.000120,2.511757
fineweb_edu,3407,RLB+MatrixPolicy (group-stat),90,7.258614,0.000135,2.471921
fineweb_edu,3407,RLB+MatrixPolicy (group-stat),100,7.153215,0.000150,2.531653
fineweb_edu,3407,RLB+MatrixPolicy (group-stat),110,6.999667,0.000165,2.560700
fineweb_edu,3407,RLB+MatrixPolicy (group-stat),120,6.901430,0.000180,2.399832
fineweb_edu,3407,RLB+MatrixPolicy (group-stat),130,6.817648,0.000195,2.510439
fineweb_edu,3407,RLB+MatrixPolicy (group-stat),140,6.727976,0.000210,2.503596
fineweb_edu,3407,RLB+MatrixPolicy (group-stat),150,6.617909,0.000225,2.582071
fineweb_edu,3407,RLB+MatrixPolicy (group-stat),160,6.538972,0.000240,2.553318
fineweb_edu,3407,RLB+MatrixPolicy (group-stat),170,6.483089,0.000255,2.471329
fineweb_edu,3407,RLB+MatrixPolicy (group-stat),180,6.381647,0.000270,2.539451
fineweb_edu,3407,RLB+MatrixPolicy (group-stat),190,6.324834,0.000285,2.446303
fineweb_edu,3407,RLB+MatrixPolicy (group-stat),200,6.262363,0.000300,2.511771
fineweb_edu,3407,RLB+MatrixPolicy (group-stat),210,6.200234,0.000300,2.507134
fineweb_edu,3407,RLB+MatrixPolicy (group-stat),220,6.144554,0.000300,2.476352
fineweb_edu,3407,RLB+MatrixPolicy (group-stat),230,6.090036,0.000300,2.506936
fineweb_edu,3407,RLB+MatrixPolicy (group-stat),240,6.026841,0.000300,2.493828
fineweb_edu,3407,RLB+MatrixPolicy (group-stat),250,5.960753,0.000300,2.487394
fineweb_edu,3407,RLB+MatrixPolicy (group-stat),260,5.946368,0.000300,2.487178
fineweb_edu,3407,RLB+MatrixPolicy (group-stat),270,5.876467,0.000300,2.528895
fineweb_edu,3407,RLB+MatrixPolicy (group-stat),280,5.842605,0.000299,2.516275
fineweb_edu,3407,RLB+MatrixPolicy (group-stat),290,5.779570,0.000299,2.533834
fineweb_edu,3407,RLB+MatrixPolicy (group-stat),300,5.760713,0.000299,2.512707
fineweb_edu,3407,RLB+MatrixPolicy (group-stat),310,5.717467,0.000299,2.578691
fineweb_edu,3407,RLB+MatrixPolicy (group-stat),320,5.660744,0.000299,2.504365
fineweb_edu,3407,RLB+MatrixPolicy (group-stat),330,5.657083,0.000299,2.493375
fineweb_edu,3407,RLB+MatrixPolicy (group-stat),340,5.628429,0.000298,2.549075
fineweb_edu,3407,RLB+MatrixPolicy (group-stat),350,5.585498,0.000298,2.505796
fineweb_edu,3407,RLB+MatrixPolicy (group-stat),360,5.528653,0.000298,2.483712
fineweb_edu,3407,RLB+MatrixPolicy (group-stat),370,5.514515,0.000298,2.542731
fineweb_edu,3407,RLB+MatrixPolicy (group-stat),380,5.490791,0.000297,2.591013
fineweb_edu,3407,RLB+MatrixPolicy (group-stat),390,5.477106,0.000297,2.504989
fineweb_edu,3407,RLB+MatrixPolicy (group-stat),400,5.437804,0.000297,2.483598
fineweb_edu,3407,RLB+MatrixPolicy (group-stat),410,5.436181,0.000296,2.550572
fineweb_edu,3407,RLB+MatrixPolicy (group-stat),420,5.376993,0.000296,2.536422
fineweb_edu,3407,RLB+MatrixPolicy (group-stat),430,5.390498,0.000296,2.490443
fineweb_edu,3407,RLB+MatrixPolicy (group-stat),440,5.337321,0.000295,2.545236
fineweb_edu,3407,RLB+MatrixPolicy (group-stat),450,5.339713,0.000295,2.514903
fineweb_edu,3407,RLB+MatrixPolicy (group-stat),460,5.299641,0.000295,2.535597
fineweb_edu,3407,RLB+MatrixPolicy (group-stat),470,5.264904,0.000294,2.535006
fineweb_edu,3407,RLB+MatrixPolicy (group-stat),480,5.256886,0.000294,2.555860
fineweb_edu,3407,RLB+MatrixPolicy (group-stat),490,5.242029,0.000293,2.581682
fineweb_edu,3407,RLB+MatrixPolicy (group-stat),500,5.208727,0.000293,2.471771
fineweb_edu,3407,RLB+MatrixPolicy (group-stat),510,5.208487,0.000292,2.454682
fineweb_edu,3407,RLB+MatrixPolicy (group-stat),520,5.189988,0.000292,2.546660
fineweb_edu,3407,RLB+MatrixPolicy (group-stat),530,5.131716,0.000291,2.529957
fineweb_edu,3407,RLB+MatrixPolicy (group-stat),540,5.146979,0.000291,2.492342
fineweb_edu,3407,RLB+MatrixPolicy (group-stat),550,5.132892,0.000290,2.523324
fineweb_edu,3407,RLB+MatrixPolicy (group-stat),560,5.122926,0.000290,2.524355
fineweb_edu,3407,RLB+MatrixPolicy (group-stat),570,5.118142,0.000289,2.577218
fineweb_edu,3407,RLB+MatrixPolicy (group-stat),580,5.081303,0.000288,2.513557
fineweb_edu,3407,RLB+MatrixPolicy (group-stat),590,5.065305,0.000288,2.522790
fineweb_edu,3407,RLB+MatrixPolicy (group-stat),600,5.053264,0.000287,2.506415
fineweb_edu,3407,RLB+MatrixPolicy (group-stat),610,5.051426,0.000287,2.540123
fineweb_edu,3407,RLB+MatrixPolicy (group-stat),620,5.002019,0.000286,2.529971
fineweb_edu,3407,RLB+MatrixPolicy (group-stat),630,5.003292,0.000285,2.551794
fineweb_edu,3407,RLB+MatrixPolicy (group-stat),640,4.998026,0.000284,2.557260
fineweb_edu,3407,RLB+MatrixPolicy (group-stat),650,4.993649,0.000284,2.543497
fineweb_edu,3407,RLB+MatrixPolicy (group-stat),660,4.959009,0.000283,2.515549
fineweb_edu,3407,RLB+MatrixPolicy (group-stat),670,4.960189,0.000282,2.571067
fineweb_edu,3407,RLB+MatrixPolicy (group-stat),680,4.956747,0.000282,2.410554
fineweb_edu,3407,RLB+MatrixPolicy (group-stat),690,4.942075,0.000281,2.463011
fineweb_edu,3407,RLB+MatrixPolicy (group-stat),700,4.883095,0.000280,2.330784
fineweb_edu,3407,RLB+MatrixPolicy (group-stat),710,4.910956,0.000279,2.437542
fineweb_edu,3407,RLB+MatrixPolicy (group-stat),720,4.894483,0.000279,2.390416
fineweb_edu,3407,RLB+MatrixPolicy (group-stat),730,4.900797,0.000278,2.408986
fineweb_edu,3407,RLB+MatrixPolicy (group-stat),740,4.857060,0.000277,2.352292
fineweb_edu,3407,RLB+MatrixPolicy (group-stat),750,4.873842,0.000276,2.361274
fineweb_edu,3407,RLB+MatrixPolicy (group-stat),760,4.852887,0.000275,2.467893
fineweb_edu,3407,RLB+MatrixPolicy (group-stat),770,4.847266,0.000274,2.415318
fineweb_edu,3407,RLB+MatrixPolicy (group-stat),780,4.837121,0.000273,2.371488
fineweb_edu,3407,RLB+MatrixPolicy (group-stat),790,4.836558,0.000273,2.386113
fineweb_edu,3407,RLB+MatrixPolicy (group-stat),800,4.827205,0.000272,2.528369
fineweb_edu,3407,RLB+MatrixPolicy (group-stat),810,4.825652,0.000271,2.393758
fineweb_edu,3407,RLB+MatrixPolicy (group-stat),820,4.829372,0.000270,2.507201
fineweb_edu,3407,RLB+MatrixPolicy (group-stat),830,4.786345,0.000269,2.500643
fineweb_edu,3407,RLB+MatrixPolicy (group-stat),840,4.797070,0.000268,2.522151
fineweb_edu,3407,RLB+MatrixPolicy (group-stat),850,4.796336,0.000267,2.487048
fineweb_edu,3407,RLB+MatrixPolicy (group-stat),860,4.787423,0.000266,2.530259
fineweb_edu,3407,RLB+MatrixPolicy (group-stat),870,4.768408,0.000265,2.481646
fineweb_edu,3407,RLB+MatrixPolicy (group-stat),880,4.733669,0.000264,2.505749
fineweb_edu,3407,RLB+MatrixPolicy (group-stat),890,4.737203,0.000263,2.550185
fineweb_edu,3407,RLB+MatrixPolicy (group-stat),900,4.734129,0.000262,2.493760
fineweb_edu,3407,RLB+MatrixPolicy (group-stat),910,4.712883,0.000261,2.525019
fineweb_edu,3407,RLB+MatrixPolicy (group-stat),920,4.712810,0.000260,2.456515
fineweb_edu,3407,RLB+MatrixPolicy (group-stat),930,4.704774,0.000259,2.531986
fineweb_edu,3407,RLB+MatrixPolicy (group-stat),940,4.710379,0.000258,2.550985
fineweb_edu,3407,RLB+MatrixPolicy (group-stat),950,4.678488,0.000257,2.569507
fineweb_edu,3407,RLB+MatrixPolicy (group-stat),960,4.688908,0.000255,2.556037
fineweb_edu,3407,RLB+MatrixPolicy (group-stat),970,4.674151,0.000254,2.525773
fineweb_edu,3407,RLB+MatrixPolicy (group-stat),980,4.678831,0.000253,2.490192
fineweb_edu,3407,RLB+MatrixPolicy (group-stat),990,4.632943,0.000252,2.459236
fineweb_edu,3407,RLB+MatrixPolicy (group-stat),1000,4.664736,0.000251,2.563746
fineweb_edu,3407,RLB+MatrixPolicy (group-stat),1010,4.660823,0.000250,2.506420
fineweb_edu,3407,RLB+MatrixPolicy (group-stat),1020,4.621457,0.000249,2.550125
fineweb_edu,3407,RLB+MatrixPolicy (group-stat),1030,4.642569,0.000247,2.495944
fineweb_edu,3407,RLB+MatrixPolicy (group-stat),1040,4.626191,0.000246,2.550711
fineweb_edu,3407,RLB+MatrixPolicy (group-stat),1050,4.621218,0.000245,2.503149
fineweb_edu,3407,RLB+MatrixPolicy (group-stat),1060,4.603304,0.000244,2.521338
fineweb_edu,3407,RLB+MatrixPolicy (group-stat),1070,4.618582,0.000243,2.569943
fineweb_edu,3407,RLB+MatrixPolicy (group-stat),1080,4.589143,0.000241,2.573701
fineweb_edu,3407,RLB+MatrixPolicy (group-stat),1090,4.578964,0.000240,2.551865
fineweb_edu,3407,RLB+MatrixPolicy (group-stat),1100,4.576152,0.000239,2.460812
fineweb_edu,3407,RLB+MatrixPolicy (group-stat),1110,4.578522,0.000238,2.515438
fineweb_edu,3407,RLB+MatrixPolicy (group-stat),1120,4.556690,0.000236,2.508371
fineweb_edu,3407,RLB+MatrixPolicy (group-stat),1130,4.568009,0.000235,2.473492
fineweb_edu,3407,RLB+MatrixPolicy (group-stat),1140,4.563561,0.000234,2.519450
fineweb_edu,3407,RLB+MatrixPolicy (group-stat),1150,4.522058,0.000233,2.467997
fineweb_edu,3407,RLB+MatrixPolicy (group-stat),1160,4.515883,0.000231,2.552945
fineweb_edu,3407,RLB+MatrixPolicy (group-stat),1170,4.504219,0.000230,2.534045
fineweb_edu,3407,RLB+MatrixPolicy (group-stat),1180,4.521240,0.000229,2.496410
fineweb_edu,3407,RLB+MatrixPolicy (group-stat),1190,4.493567,0.000227,2.504537
fineweb_edu,3407,RLB+MatrixPolicy (group-stat),1200,4.517575,0.000226,2.595542
fineweb_edu,3407,RLB+MatrixPolicy (group-stat),1210,4.486296,0.000225,2.448157
fineweb_edu,3407,RLB+MatrixPolicy (group-stat),1220,4.487869,0.000223,2.500492
fineweb_edu,3407,RLB+MatrixPolicy (group-stat),1230,4.481441,0.000222,2.492706
fineweb_edu,3407,RLB+MatrixPolicy (group-stat),1240,4.494154,0.000221,2.589558
fineweb_edu,3407,RLB+MatrixPolicy (group-stat),1250,4.465358,0.000219,2.445555
fineweb_edu,3407,RLB+MatrixPolicy (group-stat),1260,4.454980,0.000218,2.353659
fineweb_edu,3407,RLB+MatrixPolicy (group-stat),1270,4.460729,0.000217,2.473636
fineweb_edu,3407,RLB+MatrixPolicy (group-stat),1280,4.447754,0.000215,2.513138
fineweb_edu,3407,RLB+MatrixPolicy (group-stat),1290,4.450369,0.000214,2.525673
fineweb_edu,3407,RLB+MatrixPolicy (group-stat),1300,4.437139,0.000212,2.485055
fineweb_edu,3407,RLB+MatrixPolicy (group-stat),1310,4.411198,0.000211,2.540984
fineweb_edu,3407,RLB+MatrixPolicy (group-stat),1320,4.444900,0.000210,2.561144
fineweb_edu,3407,RLB+MatrixPolicy (group-stat),1330,4.408463,0.000208,2.550254
fineweb_edu,3407,RLB+MatrixPolicy (group-stat),1340,4.405750,0.000207,2.507028
fineweb_edu,3407,RLB+MatrixPolicy (group-stat),1350,4.397618,0.000205,2.551699
fineweb_edu,3407,RLB+MatrixPolicy (group-stat),1360,4.387724,0.000204,2.524339
fineweb_edu,3407,RLB+MatrixPolicy (group-stat),1370,4.408355,0.000203,2.534353
fineweb_edu,3407,RLB+MatrixPolicy (group-stat),1380,4.405388,0.000201,2.411027
fineweb_edu,3407,RLB+MatrixPolicy (group-stat),1390,4.393330,0.000200,2.532156
fineweb_edu,3407,RLB+MatrixPolicy (group-stat),1400,4.363085,0.000198,2.503745
fineweb_edu,3407,RLB+MatrixPolicy (group-stat),1410,4.362419,0.000197,2.521154
fineweb_edu,3407,RLB+MatrixPolicy (group-stat),1420,4.355275,0.000195,2.580285
fineweb_edu,3407,RLB+MatrixPolicy (group-stat),1430,4.348737,0.000194,2.546304
fineweb_edu,3407,RLB+MatrixPolicy (group-stat),1440,4.353149,0.000192,2.528559
fineweb_edu,3407,RLB+MatrixPolicy (group-stat),1450,4.361384,0.000191,2.469158
fineweb_edu,3407,RLB+MatrixPolicy (group-stat),1460,4.359056,0.000190,2.522553
fineweb_edu,3407,RLB+MatrixPolicy (group-stat),1470,4.332518,0.000188,2.514201
fineweb_edu,3407,RLB+MatrixPolicy (group-stat),1480,4.335194,0.000187,2.472238
fineweb_edu,3407,RLB+MatrixPolicy (group-stat),1490,4.312681,0.000185,2.542200
fineweb_edu,3407,RLB+MatrixPolicy (group-stat),1500,4.328255,0.000184,2.503103
fineweb_edu,3407,RLB+MatrixPolicy (group-stat),1510,4.313373,0.000182,2.539296
fineweb_edu,3407,RLB+MatrixPolicy (group-stat),1520,4.310763,0.000181,2.528220
fineweb_edu,3407,RLB+MatrixPolicy (group-stat),1530,4.284338,0.000179,2.486538
fineweb_edu,3407,RLB+MatrixPolicy (group-stat),1540,4.314793,0.000178,2.567319
fineweb_edu,3407,RLB+MatrixPolicy (group-stat),1550,4.316904,0.000176,2.533346
fineweb_edu,3407,RLB+MatrixPolicy (group-stat),1560,4.301129,0.000175,2.485511
fineweb_edu,3407,RLB+MatrixPolicy (group-stat),1570,4.284329,0.000173,2.499432
fineweb_edu,3407,RLB+MatrixPolicy (group-stat),1580,4.279777,0.000172,2.574208
fineweb_edu,3407,RLB+MatrixPolicy (group-stat),1590,4.272430,0.000170,2.535502
fineweb_edu,3407,RLB+MatrixPolicy (group-stat),1600,4.280468,0.000169,2.501605
fineweb_edu,3407,RLB+MatrixPolicy (group-stat),1610,4.283687,0.000167,2.505785
fineweb_edu,3407,RLB+MatrixPolicy (group-stat),1620,4.285650,0.000166,2.549929
fineweb_edu,3407,RLB+MatrixPolicy (group-stat),1630,4.249341,0.000164,2.512172
fineweb_edu,3407,RLB+MatrixPolicy (group-stat),1640,4.290815,0.000163,2.534324
fineweb_edu,3407,RLB+MatrixPolicy (group-stat),1650,4.269226,0.000161,2.533613
fineweb_edu,3407,RLB+MatrixPolicy (group-stat),1660,4.235137,0.000160,2.509903
fineweb_edu,3407,RLB+MatrixPolicy (group-stat),1670,4.246285,0.000158,2.495001
fineweb_edu,3407,RLB+MatrixPolicy (group-stat),1680,4.237320,0.000157,2.525212
fineweb_edu,3407,RLB+MatrixPolicy (group-stat),1690,4.231400,0.000155,2.577894
fineweb_edu,3407,RLB+MatrixPolicy (group-stat),1700,4.241593,0.000154,2.549420
fineweb_edu,3407,RLB+MatrixPolicy (group-stat),1710,4.247669,0.000153,2.521927
fineweb_edu,3407,RLB+MatrixPolicy (group-stat),1720,4.251349,0.000151,2.541802
fineweb_edu,3407,RLB+MatrixPolicy (group-stat),1730,4.244602,0.000150,2.593144
fineweb_edu,3407,RLB+MatrixPolicy (group-stat),1740,4.228534,0.000148,2.490518
fineweb_edu,3407,RLB+MatrixPolicy (group-stat),1750,4.225919,0.000147,2.477119
fineweb_edu,3407,RLB+MatrixPolicy (group-stat),1760,4.226993,0.000145,2.504960
fineweb_edu,3407,RLB+MatrixPolicy (group-stat),1770,4.215771,0.000144,2.522911
fineweb_edu,3407,RLB+MatrixPolicy (group-stat),1780,4.202710,0.000142,2.523765
fineweb_edu,3407,RLB+MatrixPolicy (group-stat),1790,4.212992,0.000141,2.525276
fineweb_edu,3407,RLB+MatrixPolicy (group-stat),1800,4.216315,0.000139,2.473997
fineweb_edu,3407,RLB+MatrixPolicy (group-stat),1810,4.219309,0.000138,2.539022
fineweb_edu,3407,RLB+MatrixPolicy (group-stat),1820,4.191909,0.000136,2.472290
fineweb_edu,3407,RLB+MatrixPolicy (group-stat),1830,4.211873,0.000135,2.474442
fineweb_edu,3407,RLB+MatrixPolicy (group-stat),1840,4.189898,0.000133,2.518986
fineweb_edu,3407,RLB+MatrixPolicy (group-stat),1850,4.183866,0.000132,2.517559
fineweb_edu,3407,RLB+MatrixPolicy (group-stat),1860,4.190089,0.000131,2.483762
fineweb_edu,3407,RLB+MatrixPolicy (group-stat),1870,4.167088,0.000129,2.553823
fineweb_edu,3407,RLB+MatrixPolicy (group-stat),1880,4.175037,0.000128,2.546491
fineweb_edu,3407,RLB+MatrixPolicy (group-stat),1890,4.167204,0.000126,2.501098
fineweb_edu,3407,RLB+MatrixPolicy (group-stat),1900,4.168523,0.000125,2.543006
fineweb_edu,3407,RLB+MatrixPolicy (group-stat),1910,4.203800,0.000123,2.496722
fineweb_edu,3407,RLB+MatrixPolicy (group-stat),1920,4.193066,0.000122,2.519487
fineweb_edu,3407,RLB+MatrixPolicy (group-stat),1930,4.132292,0.000121,2.519653
fineweb_edu,3407,RLB+MatrixPolicy (group-stat),1940,4.163091,0.000119,2.499426
fineweb_edu,3407,RLB+MatrixPolicy (group-stat),1950,4.131604,0.000118,2.498694
fineweb_edu,3407,RLB+MatrixPolicy (group-stat),1960,4.149948,0.000116,2.535425
fineweb_edu,3407,RLB+MatrixPolicy (group-stat),1970,4.156273,0.000115,2.560085
fineweb_edu,3407,RLB+MatrixPolicy (group-stat),1980,4.135516,0.000114,2.515589
fineweb_edu,3407,RLB+MatrixPolicy (group-stat),1990,4.158905,0.000112,2.473503
fineweb_edu,3407,RLB+MatrixPolicy (group-stat),2000,4.142338,0.000111,2.515979
fineweb_edu,3407,RLB+MatrixPolicy (group-stat),2010,4.149271,0.000110,2.519130
fineweb_edu,3407,RLB+MatrixPolicy (group-stat),2020,4.151219,0.000108,2.535883
fineweb_edu,3407,RLB+MatrixPolicy (group-stat),2030,4.128532,0.000107,2.532353
fineweb_edu,3407,RLB+MatrixPolicy (group-stat),2040,4.112703,0.000106,2.586936
fineweb_edu,3407,RLB+MatrixPolicy (group-stat),2050,4.118902,0.000104,2.502425
fineweb_edu,3407,RLB+MatrixPolicy (group-stat),2060,4.138765,0.000103,2.484266
fineweb_edu,3407,RLB+MatrixPolicy (group-stat),2070,4.106630,0.000102,2.539257
fineweb_edu,3407,RLB+MatrixPolicy (group-stat),2080,4.114428,0.000100,2.510689
fineweb_edu,3407,RLB+MatrixPolicy (group-stat),2090,4.111675,0.000099,2.549109
fineweb_edu,3407,RLB+MatrixPolicy (group-stat),2100,4.134359,0.000098,2.500912
fineweb_edu,3407,RLB+MatrixPolicy (group-stat),2110,4.123456,0.000096,2.520510
fineweb_edu,3407,RLB+MatrixPolicy (group-stat),2120,4.115275,0.000095,2.483348
fineweb_edu,3407,RLB+MatrixPolicy (group-stat),2130,4.114753,0.000094,2.519056
fineweb_edu,3407,RLB+MatrixPolicy (group-stat),2140,4.116376,0.000093,2.478399
fineweb_edu,3407,RLB+MatrixPolicy (group-stat),2150,4.099695,0.000091,2.439115
fineweb_edu,3407,RLB+MatrixPolicy (group-stat),2160,4.110680,0.000090,2.419774
fineweb_edu,3407,RLB+MatrixPolicy (group-stat),2170,4.105191,0.000089,2.436617
fineweb_edu,3407,RLB+MatrixPolicy (group-stat),2180,4.091470,0.000088,2.374268
fineweb_edu,3407,RLB+MatrixPolicy (group-stat),2190,4.099760,0.000086,2.416267
fineweb_edu,3407,RLB+MatrixPolicy (group-stat),2200,4.087729,0.000085,2.342351
fineweb_edu,3407,RLB+MatrixPolicy (group-stat),2210,4.057061,0.000084,2.399909
fineweb_edu,3407,RLB+MatrixPolicy (group-stat),2220,4.086602,0.000083,2.441365
fineweb_edu,3407,RLB+MatrixPolicy (group-stat),2230,4.077223,0.000082,2.466686
fineweb_edu,3407,RLB+MatrixPolicy (group-stat),2240,4.087652,0.000080,2.462661
fineweb_edu,3407,RLB+MatrixPolicy (group-stat),2250,4.069029,0.000079,2.433006
fineweb_edu,3407,RLB+MatrixPolicy (group-stat),2260,4.063123,0.000078,2.490111
fineweb_edu,3407,RLB+MatrixPolicy (group-stat),2270,4.057746,0.000077,2.426980
fineweb_edu,3407,RLB+MatrixPolicy (group-stat),2280,4.051583,0.000076,2.518121
fineweb_edu,3407,RLB+MatrixPolicy (group-stat),2290,4.064919,0.000075,2.509313
fineweb_edu,3407,RLB+MatrixPolicy (group-stat),2300,4.057524,0.000074,2.466186
fineweb_edu,3407,RLB+MatrixPolicy (group-stat),2310,4.060705,0.000073,2.520214
fineweb_edu,3407,RLB+MatrixPolicy (group-stat),2320,4.045206,0.000072,2.504252
fineweb_edu,3407,RLB+MatrixPolicy (group-stat),2330,4.047247,0.000070,2.487113
fineweb_edu,3407,RLB+MatrixPolicy (group-stat),2340,4.052970,0.000069,2.522570
fineweb_edu,3407,RLB+MatrixPolicy (group-stat),2350,4.058048,0.000068,2.547923
fineweb_edu,3407,RLB+MatrixPolicy (group-stat),2360,4.077883,0.000067,2.549683
fineweb_edu,3407,RLB+MatrixPolicy (group-stat),2370,4.031437,0.000066,2.487228
fineweb_edu,3407,RLB+MatrixPolicy (group-stat),2380,4.027945,0.000065,2.542221
fineweb_edu,3407,RLB+MatrixPolicy (group-stat),2390,4.037530,0.000064,2.493864
fineweb_edu,3407,RLB+MatrixPolicy (group-stat),2400,4.033483,0.000063,2.525381
fineweb_edu,3407,RLB+MatrixPolicy (group-stat),2410,4.031969,0.000062,2.514025
fineweb_edu,3407,RLB+MatrixPolicy (group-stat),2420,4.032045,0.000061,2.536531
fineweb_edu,3407,RLB+MatrixPolicy (group-stat),2430,4.033042,0.000060,2.496317
fineweb_edu,3407,RLB+MatrixPolicy (group-stat),2440,4.009335,0.000059,2.543280
fineweb_edu,3407,RLB+MatrixPolicy (group-stat),2450,4.038960,0.000059,2.430739
fineweb_edu,3407,RLB+MatrixPolicy (group-stat),2460,4.045873,0.000058,2.498888
fineweb_edu,3407,RLB+MatrixPolicy (group-stat),2470,4.032784,0.000057,2.553518
fineweb_edu,3407,RLB+MatrixPolicy (group-stat),2480,4.024966,0.000056,2.577885
fineweb_edu,3407,RLB+MatrixPolicy (group-stat),2490,4.038305,0.000055,2.512464
fineweb_edu,3407,RLB+MatrixPolicy (group-stat),2500,4.019033,0.000054,2.515246
fineweb_edu,3407,RLB+MatrixPolicy (group-stat),2510,4.017577,0.000053,2.503323
fineweb_edu,3407,RLB+MatrixPolicy (group-stat),2520,4.025395,0.000052,2.476168
fineweb_edu,3407,RLB+MatrixPolicy (group-stat),2530,4.029111,0.000052,2.534138
fineweb_edu,3407,RLB+MatrixPolicy (group-stat),2540,3.981685,0.000051,2.568824
fineweb_edu,3407,RLB+MatrixPolicy (group-stat),2550,4.019830,0.000050,2.503751
fineweb_edu,3407,RLB+MatrixPolicy (group-stat),2560,4.013041,0.000049,2.449804
fineweb_edu,3407,RLB+MatrixPolicy (group-stat),2570,4.009600,0.000049,2.506085
fineweb_edu,3407,RLB+MatrixPolicy (group-stat),2580,3.999103,0.000048,2.542831
fineweb_edu,3407,RLB+MatrixPolicy (group-stat),2590,3.979213,0.000047,2.504240
fineweb_edu,3407,RLB+MatrixPolicy (group-stat),2600,4.005941,0.000046,2.504228
fineweb_edu,3407,RLB+MatrixPolicy (group-stat),2610,3.998949,0.000046,2.522717
fineweb_edu,3407,RLB+MatrixPolicy (group-stat),2620,3.975994,0.000045,2.571796
fineweb_edu,3407,RLB+MatrixPolicy (group-stat),2630,4.004332,0.000044,2.507458
fineweb_edu,3407,RLB+MatrixPolicy (group-stat),2640,4.012569,0.000044,2.517136
fineweb_edu,3407,RLB+MatrixPolicy (group-stat),2650,4.015505,0.000043,2.506111
fineweb_edu,3407,RLB+MatrixPolicy (group-stat),2660,3.993771,0.000042,2.381128
fineweb_edu,3407,RLB+MatrixPolicy (group-stat),2670,4.004145,0.000042,2.493919
fineweb_edu,3407,RLB+MatrixPolicy (group-stat),2680,3.984672,0.000041,2.495173
fineweb_edu,3407,RLB+MatrixPolicy (group-stat),2690,4.009746,0.000041,2.501055
fineweb_edu,3407,RLB+MatrixPolicy (group-stat),2700,3.987053,0.000040,2.511518
fineweb_edu,3407,RLB+MatrixPolicy (group-stat),2710,3.973833,0.000039,2.573166
fineweb_edu,3407,RLB+MatrixPolicy (group-stat),2720,3.988898,0.000039,2.579305
fineweb_edu,3407,RLB+MatrixPolicy (group-stat),2730,3.993146,0.000038,2.502592
fineweb_edu,3407,RLB+MatrixPolicy (group-stat),2740,3.985046,0.000038,2.516356
fineweb_edu,3407,RLB+MatrixPolicy (group-stat),2750,3.989515,0.000037,2.547494
fineweb_edu,3407,RLB+MatrixPolicy (group-stat),2760,3.973144,0.000037,2.562568
fineweb_edu,3407,RLB+MatrixPolicy (group-stat),2770,3.964105,0.000036,2.482807
fineweb_edu,3407,RLB+MatrixPolicy (group-stat),2780,3.973300,0.000036,2.430860
fineweb_edu,3407,RLB+MatrixPolicy (group-stat),2790,3.979094,0.000036,2.543022
fineweb_edu,3407,RLB+MatrixPolicy (group-stat),2800,3.971054,0.000035,2.528562
fineweb_edu,3407,RLB+MatrixPolicy (group-stat),2810,3.971872,0.000035,2.525595
fineweb_edu,3407,RLB+MatrixPolicy (group-stat),2820,3.959042,0.000034,2.557243
fineweb_edu,3407,RLB+MatrixPolicy (group-stat),2830,3.975020,0.000034,2.544894
fineweb_edu,3407,RLB+MatrixPolicy (group-stat),2840,3.991127,0.000034,2.551571
fineweb_edu,3407,RLB+MatrixPolicy (group-stat),2850,3.945671,0.000033,2.430997
fineweb_edu,3407,RLB+MatrixPolicy (group-stat),2860,3.965412,0.000033,2.540627
fineweb_edu,3407,RLB+MatrixPolicy (group-stat),2870,3.949133,0.000033,2.566257
fineweb_edu,3407,RLB+MatrixPolicy (group-stat),2880,3.979509,0.000032,2.490735
fineweb_edu,3407,RLB+MatrixPolicy (group-stat),2890,3.962241,0.000032,2.510415
fineweb_edu,3407,RLB+MatrixPolicy (group-stat),2900,3.964886,0.000032,2.516355
fineweb_edu,3407,RLB+MatrixPolicy (group-stat),2910,3.967113,0.000032,2.509556
fineweb_edu,3407,RLB+MatrixPolicy (group-stat),2920,3.955354,0.000031,2.513553
fineweb_edu,3407,RLB+MatrixPolicy (group-stat),2930,3.953039,0.000031,2.494067
fineweb_edu,3407,RLB+MatrixPolicy (group-stat),2940,3.959585,0.000031,2.522606
fineweb_edu,3407,RLB+MatrixPolicy (group-stat),2950,3.946004,0.000031,2.510578
fineweb_edu,3407,RLB+MatrixPolicy (group-stat),2960,3.953621,0.000031,2.531511
fineweb_edu,3407,RLB+MatrixPolicy (group-stat),2970,3.969383,0.000031,2.515118
fineweb_edu,3407,RLB+MatrixPolicy (group-stat),2980,3.955035,0.000030,2.556899
fineweb_edu,3407,RLB+MatrixPolicy (group-stat),2990,3.944180,0.000030,2.584418
fineweb_edu,3407,RLB+MatrixPolicy (group-stat),3000,3.955043,0.000030,2.506910
fineweb_edu,3407,RLB+MatrixPolicy (group-stat),3010,3.977783,0.000030,2.496738
fineweb_edu,3407,RLB+MatrixPolicy (group-stat),3020,3.956904,0.000030,2.541090
fineweb_edu,3407,RLB+MatrixPolicy (group-stat),3030,3.944897,0.000030,2.555915
fineweb_edu,3407,RLB+MatrixPolicy (group-stat),3040,3.937963,0.000030,2.522665
fineweb_edu,3407,RLB+MatrixPolicy (group-stat),3050,3.965642,0.000030,2.557481
