row_index,row_id,phase,dataset,dataset_name,dataset_config,text_column,train_split,val_split,val_skip_tokens,model,layers,d_model,heads,ffn_dim,seq_len,batch_size,grad_accum,global_tokens_per_step,train_tokens,val_tokens,steps,eval_interval,eval_batches,seed,method,activation,optimizer,lr,min_lr,weight_decay,extra_args,arm_id,arm_label,block_index,block_position,exact_train_tokens,design_version,run_kind,source_row_index,randomization_seed
0,E9_100m_dclm_m0_99942400_seed2479_a0_silu_adamw,E9_100m,dclm,mlfoundations/dclm-baseline-1.0,none,text,train,train,210000000,M0,12,768,12,2048,256,16,2,32768,100000000,4000000,3050,50,10,2479,silu_adamw,silu,adamw,0.0003,0.00003,0.10,,A0,SiLU + AdamW,0,0,99942400,E9-frozen-2026-07-11,scientific,0,20260710
1,E9_100m_dclm_m0_99942400_seed2479_a5_rlb_matrixpolicy_no_role_depth,E9_100m,dclm,mlfoundations/dclm-baseline-1.0,none,text,train,train,210000000,M0,12,768,12,2048,256,16,2,32768,100000000,4000000,3050,50,10,2479,rlb_matrixpolicy_no_role_depth,rlb_fused_global_rational,rational_matrix_policy_onpolicy,0.0003,0.00003,0.10,--rational-matrix-policy-backbone-optimizer adamw --rational-matrix-policy-adam-lr-scale 3.0 --rational-matrix-policy-group-gain-strength 0.20 --rational-matrix-policy-group-pressure-strength 0.10 --rational-matrix-policy-group-activity-damping 0.20 --rational-matrix-policy-group-start 0.02 --rational-matrix-policy-group-end 0.30 --rational-matrix-policy-group-min-scale 0.75 --rational-matrix-policy-group-max-scale 1.35 --rational-matrix-policy-adam-role-strength 0.0 --rational-matrix-policy-adam-role-strength-final 0.0 --rational-matrix-policy-input-depth-gain 0.0 --rational-matrix-policy-output-depth-gain 0.0,A5,MatrixPolicy without role/depth factors,0,1,99942400,E9-frozen-2026-07-11,scientific,0,20260710
2,E9_100m_dclm_m0_99942400_seed2479_a1_rlb_adamw,E9_100m,dclm,mlfoundations/dclm-baseline-1.0,none,text,train,train,210000000,M0,12,768,12,2048,256,16,2,32768,100000000,4000000,3050,50,10,2479,rlb_adamw,rlb_fused_global_rational,adamw,0.0003,0.00003,0.10,,A1,RLB + AdamW,0,2,99942400,E9-frozen-2026-07-11,scientific,0,20260710
3,E9_100m_dclm_m0_99942400_seed2479_a3_rlb_matrixpolicy_full,E9_100m,dclm,mlfoundations/dclm-baseline-1.0,none,text,train,train,210000000,M0,12,768,12,2048,256,16,2,32768,100000000,4000000,3050,50,10,2479,rlb_matrixpolicy_full,rlb_fused_global_rational,rational_matrix_policy_onpolicy,0.0003,0.00003,0.10,--rational-matrix-policy-backbone-optimizer adamw --rational-matrix-policy-adam-lr-scale 3.0 --rational-matrix-policy-group-gain-strength 0.20 --rational-matrix-policy-group-pressure-strength 0.10 --rational-matrix-policy-group-activity-damping 0.20 --rational-matrix-policy-group-start 0.02 --rational-matrix-policy-group-end 0.30 --rational-matrix-policy-group-min-scale 0.75 --rational-matrix-policy-group-max-scale 1.35,A3,RLB + MatrixPolicy,0,3,99942400,E9-frozen-2026-07-11,scientific,0,20260710
4,E9_100m_dclm_m0_99942400_seed2479_a4_rlb_matrixpolicy_no_group_gate,E9_100m,dclm,mlfoundations/dclm-baseline-1.0,none,text,train,train,210000000,M0,12,768,12,2048,256,16,2,32768,100000000,4000000,3050,50,10,2479,rlb_matrixpolicy_no_group_gate,rlb_fused_global_rational,rational_matrix_policy_onpolicy,0.0003,0.00003,0.10,--rational-matrix-policy-backbone-optimizer adamw --rational-matrix-policy-adam-lr-scale 3.0 --rational-matrix-policy-group-gain-strength 0.20 --rational-matrix-policy-group-pressure-strength 0.10 --rational-matrix-policy-group-activity-damping 0.20 --rational-matrix-policy-group-start 0.02 --rational-matrix-policy-group-end 0.30 --rational-matrix-policy-group-min-scale 0.75 --rational-matrix-policy-group-max-scale 1.35 --rational-matrix-policy-group-gain-strength 0.0 --rational-matrix-policy-group-pressure-strength 0.0 --rational-matrix-policy-group-activity-damping 0.0,A4,MatrixPolicy without group-stat gradient gating,0,4,99942400,E9-frozen-2026-07-11,scientific,0,20260710
5,E9_100m_dclm_m0_99942400_seed2479_a8_rlb_matrixpolicy_no_pair_rescale,E9_100m,dclm,mlfoundations/dclm-baseline-1.0,none,text,train,train,210000000,M0,12,768,12,2048,256,16,2,32768,100000000,4000000,3050,50,10,2479,rlb_matrixpolicy_no_pair_rescale,rlb_fused_global_rational,rational_matrix_policy_onpolicy,0.0003,0.00003,0.10,--rational-matrix-policy-backbone-optimizer adamw --rational-matrix-policy-adam-lr-scale 3.0 --rational-matrix-policy-group-gain-strength 0.20 --rational-matrix-policy-group-pressure-strength 0.10 --rational-matrix-policy-group-activity-damping 0.20 --rational-matrix-policy-group-start 0.02 --rational-matrix-policy-group-end 0.30 --rational-matrix-policy-group-min-scale 0.75 --rational-matrix-policy-group-max-scale 1.35 --rlb-gauge-strength 0.0,A8,MatrixPolicy without reciprocal pair rescaling,0,5,99942400,E9-frozen-2026-07-11,scientific,0,20260710
6,E9_100m_dclm_m0_99942400_seed2479_a2_rlb_matrixpolicy_static_shell,E9_100m,dclm,mlfoundations/dclm-baseline-1.0,none,text,train,train,210000000,M0,12,768,12,2048,256,16,2,32768,100000000,4000000,3050,50,10,2479,rlb_matrixpolicy_static_shell,rlb_fused_global_rational,rational_matrix_policy_onpolicy,0.0003,0.00003,0.10,--rational-matrix-policy-backbone-optimizer adamw --rational-matrix-policy-adam-lr-scale 3.0 --rational-matrix-policy-group-gain-strength 0.20 --rational-matrix-policy-group-pressure-strength 0.10 --rational-matrix-policy-group-activity-damping 0.20 --rational-matrix-policy-group-start 0.02 --rational-matrix-policy-group-end 0.30 --rational-matrix-policy-group-min-scale 0.75 --rational-matrix-policy-group-max-scale 1.35 --rational-matrix-policy-group-gain-strength 0.0 --rational-matrix-policy-group-pressure-strength 0.0 --rational-matrix-policy-group-activity-damping 0.0 --rational-matrix-policy-adam-role-strength 0.0 --rational-matrix-policy-adam-role-strength-final 0.0 --rational-matrix-policy-input-depth-gain 0.0 --rational-matrix-policy-output-depth-gain 0.0 --rational-matrix-policy-muon-strength 0.0 --rational-matrix-policy-muon-lr-scale 0.0 --rational-matrix-policy-final-muon 0.0 --rational-matrix-policy-min-muon 0.0 --rational-matrix-policy-max-muon 0.0 --rlb-gauge-strength 0.0,A2,RLB + static MatrixPolicy optimizer-recipe shell,0,6,99942400,E9-frozen-2026-07-11,scientific,0,20260710
7,E9_100m_dclm_m0_99942400_seed2479_a6_rlb_matrixpolicy_muon_branch_suppressed,E9_100m,dclm,mlfoundations/dclm-baseline-1.0,none,text,train,train,210000000,M0,12,768,12,2048,256,16,2,32768,100000000,4000000,3050,50,10,2479,rlb_matrixpolicy_muon_branch_suppressed,rlb_fused_global_rational,rational_matrix_policy_onpolicy,0.0003,0.00003,0.10,--rational-matrix-policy-backbone-optimizer adamw --rational-matrix-policy-adam-lr-scale 3.0 --rational-matrix-policy-group-gain-strength 0.20 --rational-matrix-policy-group-pressure-strength 0.10 --rational-matrix-policy-group-activity-damping 0.20 --rational-matrix-policy-group-start 0.02 --rational-matrix-policy-group-end 0.30 --rational-matrix-policy-group-min-scale 0.75 --rational-matrix-policy-group-max-scale 1.35 --no-rational-matrix-policy-apply-muon-update,A6,MatrixPolicy with transient Muon branch suppressed at fixed schedule,0,7,99942400,E9-frozen-2026-07-11,scientific,0,20260710
8,E9_100m_dclm_m0_99942400_seed2479_a7_rlb_matrixpolicy_no_role_depth_muon_branch_suppressed,E9_100m,dclm,mlfoundations/dclm-baseline-1.0,none,text,train,train,210000000,M0,12,768,12,2048,256,16,2,32768,100000000,4000000,3050,50,10,2479,rlb_matrixpolicy_no_role_depth_muon_branch_suppressed,rlb_fused_global_rational,rational_matrix_policy_onpolicy,0.0003,0.00003,0.10,--rational-matrix-policy-backbone-optimizer adamw --rational-matrix-policy-adam-lr-scale 3.0 --rational-matrix-policy-group-gain-strength 0.20 --rational-matrix-policy-group-pressure-strength 0.10 --rational-matrix-policy-group-activity-damping 0.20 --rational-matrix-policy-group-start 0.02 --rational-matrix-policy-group-end 0.30 --rational-matrix-policy-group-min-scale 0.75 --rational-matrix-policy-group-max-scale 1.35 --rational-matrix-policy-adam-role-strength 0.0 --rational-matrix-policy-adam-role-strength-final 0.0 --rational-matrix-policy-input-depth-gain 0.0 --rational-matrix-policy-output-depth-gain 0.0 --no-rational-matrix-policy-apply-muon-update,A7,MatrixPolicy without role/depth factors and with Muon branch suppressed,0,8,99942400,E9-frozen-2026-07-11,scientific,0,20260710
9,E9_100m_dclm_m0_99942400_seed2479_a9_rlb_matrixpolicy_no_role_depth_muon_block,E9_100m,dclm,mlfoundations/dclm-baseline-1.0,none,text,train,train,210000000,M0,12,768,12,2048,256,16,2,32768,100000000,4000000,3050,50,10,2479,rlb_matrixpolicy_no_role_depth_muon_block,rlb_fused_global_rational,rational_matrix_policy_onpolicy,0.0003,0.00003,0.10,--rational-matrix-policy-backbone-optimizer adamw --rational-matrix-policy-adam-lr-scale 3.0 --rational-matrix-policy-group-gain-strength 0.20 --rational-matrix-policy-group-pressure-strength 0.10 --rational-matrix-policy-group-activity-damping 0.20 --rational-matrix-policy-group-start 0.02 --rational-matrix-policy-group-end 0.30 --rational-matrix-policy-group-min-scale 0.75 --rational-matrix-policy-group-max-scale 1.35 --rational-matrix-policy-adam-role-strength 0.0 --rational-matrix-policy-adam-role-strength-final 0.0 --rational-matrix-policy-input-depth-gain 0.0 --rational-matrix-policy-output-depth-gain 0.0 --rational-matrix-policy-muon-strength 0.0 --rational-matrix-policy-muon-lr-scale 0.0 --rational-matrix-policy-final-muon 0.0 --rational-matrix-policy-min-muon 0.0 --rational-matrix-policy-max-muon 0.0,A9,MatrixPolicy without role/depth-Muon action block,0,9,99942400,E9-frozen-2026-07-11,scientific,0,20260710
10,E9_100m_dclm_m0_99942400_seed5052_a2_rlb_matrixpolicy_static_shell,E9_100m,dclm,mlfoundations/dclm-baseline-1.0,none,text,train,train,210000000,M0,12,768,12,2048,256,16,2,32768,100000000,4000000,3050,50,10,5052,rlb_matrixpolicy_static_shell,rlb_fused_global_rational,rational_matrix_policy_onpolicy,0.0003,0.00003,0.10,--rational-matrix-policy-backbone-optimizer adamw --rational-matrix-policy-adam-lr-scale 3.0 --rational-matrix-policy-group-gain-strength 0.20 --rational-matrix-policy-group-pressure-strength 0.10 --rational-matrix-policy-group-activity-damping 0.20 --rational-matrix-policy-group-start 0.02 --rational-matrix-policy-group-end 0.30 --rational-matrix-policy-group-min-scale 0.75 --rational-matrix-policy-group-max-scale 1.35 --rational-matrix-policy-group-gain-strength 0.0 --rational-matrix-policy-group-pressure-strength 0.0 --rational-matrix-policy-group-activity-damping 0.0 --rational-matrix-policy-adam-role-strength 0.0 --rational-matrix-policy-adam-role-strength-final 0.0 --rational-matrix-policy-input-depth-gain 0.0 --rational-matrix-policy-output-depth-gain 0.0 --rational-matrix-policy-muon-strength 0.0 --rational-matrix-policy-muon-lr-scale 0.0 --rational-matrix-policy-final-muon 0.0 --rational-matrix-policy-min-muon 0.0 --rational-matrix-policy-max-muon 0.0 --rlb-gauge-strength 0.0,A2,RLB + static MatrixPolicy optimizer-recipe shell,1,0,99942400,E9-frozen-2026-07-11,scientific,0,20260710
11,E9_100m_dclm_m0_99942400_seed5052_a6_rlb_matrixpolicy_muon_branch_suppressed,E9_100m,dclm,mlfoundations/dclm-baseline-1.0,none,text,train,train,210000000,M0,12,768,12,2048,256,16,2,32768,100000000,4000000,3050,50,10,5052,rlb_matrixpolicy_muon_branch_suppressed,rlb_fused_global_rational,rational_matrix_policy_onpolicy,0.0003,0.00003,0.10,--rational-matrix-policy-backbone-optimizer adamw --rational-matrix-policy-adam-lr-scale 3.0 --rational-matrix-policy-group-gain-strength 0.20 --rational-matrix-policy-group-pressure-strength 0.10 --rational-matrix-policy-group-activity-damping 0.20 --rational-matrix-policy-group-start 0.02 --rational-matrix-policy-group-end 0.30 --rational-matrix-policy-group-min-scale 0.75 --rational-matrix-policy-group-max-scale 1.35 --no-rational-matrix-policy-apply-muon-update,A6,MatrixPolicy with transient Muon branch suppressed at fixed schedule,1,1,99942400,E9-frozen-2026-07-11,scientific,0,20260710
12,E9_100m_dclm_m0_99942400_seed5052_a7_rlb_matrixpolicy_no_role_depth_muon_branch_suppressed,E9_100m,dclm,mlfoundations/dclm-baseline-1.0,none,text,train,train,210000000,M0,12,768,12,2048,256,16,2,32768,100000000,4000000,3050,50,10,5052,rlb_matrixpolicy_no_role_depth_muon_branch_suppressed,rlb_fused_global_rational,rational_matrix_policy_onpolicy,0.0003,0.00003,0.10,--rational-matrix-policy-backbone-optimizer adamw --rational-matrix-policy-adam-lr-scale 3.0 --rational-matrix-policy-group-gain-strength 0.20 --rational-matrix-policy-group-pressure-strength 0.10 --rational-matrix-policy-group-activity-damping 0.20 --rational-matrix-policy-group-start 0.02 --rational-matrix-policy-group-end 0.30 --rational-matrix-policy-group-min-scale 0.75 --rational-matrix-policy-group-max-scale 1.35 --rational-matrix-policy-adam-role-strength 0.0 --rational-matrix-policy-adam-role-strength-final 0.0 --rational-matrix-policy-input-depth-gain 0.0 --rational-matrix-policy-output-depth-gain 0.0 --no-rational-matrix-policy-apply-muon-update,A7,MatrixPolicy without role/depth factors and with Muon branch suppressed,1,2,99942400,E9-frozen-2026-07-11,scientific,0,20260710
13,E9_100m_dclm_m0_99942400_seed5052_a9_rlb_matrixpolicy_no_role_depth_muon_block,E9_100m,dclm,mlfoundations/dclm-baseline-1.0,none,text,train,train,210000000,M0,12,768,12,2048,256,16,2,32768,100000000,4000000,3050,50,10,5052,rlb_matrixpolicy_no_role_depth_muon_block,rlb_fused_global_rational,rational_matrix_policy_onpolicy,0.0003,0.00003,0.10,--rational-matrix-policy-backbone-optimizer adamw --rational-matrix-policy-adam-lr-scale 3.0 --rational-matrix-policy-group-gain-strength 0.20 --rational-matrix-policy-group-pressure-strength 0.10 --rational-matrix-policy-group-activity-damping 0.20 --rational-matrix-policy-group-start 0.02 --rational-matrix-policy-group-end 0.30 --rational-matrix-policy-group-min-scale 0.75 --rational-matrix-policy-group-max-scale 1.35 --rational-matrix-policy-adam-role-strength 0.0 --rational-matrix-policy-adam-role-strength-final 0.0 --rational-matrix-policy-input-depth-gain 0.0 --rational-matrix-policy-output-depth-gain 0.0 --rational-matrix-policy-muon-strength 0.0 --rational-matrix-policy-muon-lr-scale 0.0 --rational-matrix-policy-final-muon 0.0 --rational-matrix-policy-min-muon 0.0 --rational-matrix-policy-max-muon 0.0,A9,MatrixPolicy without role/depth-Muon action block,1,3,99942400,E9-frozen-2026-07-11,scientific,0,20260710
14,E9_100m_dclm_m0_99942400_seed5052_a0_silu_adamw,E9_100m,dclm,mlfoundations/dclm-baseline-1.0,none,text,train,train,210000000,M0,12,768,12,2048,256,16,2,32768,100000000,4000000,3050,50,10,5052,silu_adamw,silu,adamw,0.0003,0.00003,0.10,,A0,SiLU + AdamW,1,4,99942400,E9-frozen-2026-07-11,scientific,0,20260710
15,E9_100m_dclm_m0_99942400_seed5052_a5_rlb_matrixpolicy_no_role_depth,E9_100m,dclm,mlfoundations/dclm-baseline-1.0,none,text,train,train,210000000,M0,12,768,12,2048,256,16,2,32768,100000000,4000000,3050,50,10,5052,rlb_matrixpolicy_no_role_depth,rlb_fused_global_rational,rational_matrix_policy_onpolicy,0.0003,0.00003,0.10,--rational-matrix-policy-backbone-optimizer adamw --rational-matrix-policy-adam-lr-scale 3.0 --rational-matrix-policy-group-gain-strength 0.20 --rational-matrix-policy-group-pressure-strength 0.10 --rational-matrix-policy-group-activity-damping 0.20 --rational-matrix-policy-group-start 0.02 --rational-matrix-policy-group-end 0.30 --rational-matrix-policy-group-min-scale 0.75 --rational-matrix-policy-group-max-scale 1.35 --rational-matrix-policy-adam-role-strength 0.0 --rational-matrix-policy-adam-role-strength-final 0.0 --rational-matrix-policy-input-depth-gain 0.0 --rational-matrix-policy-output-depth-gain 0.0,A5,MatrixPolicy without role/depth factors,1,5,99942400,E9-frozen-2026-07-11,scientific,0,20260710
16,E9_100m_dclm_m0_99942400_seed5052_a1_rlb_adamw,E9_100m,dclm,mlfoundations/dclm-baseline-1.0,none,text,train,train,210000000,M0,12,768,12,2048,256,16,2,32768,100000000,4000000,3050,50,10,5052,rlb_adamw,rlb_fused_global_rational,adamw,0.0003,0.00003,0.10,,A1,RLB + AdamW,1,6,99942400,E9-frozen-2026-07-11,scientific,0,20260710
17,E9_100m_dclm_m0_99942400_seed5052_a3_rlb_matrixpolicy_full,E9_100m,dclm,mlfoundations/dclm-baseline-1.0,none,text,train,train,210000000,M0,12,768,12,2048,256,16,2,32768,100000000,4000000,3050,50,10,5052,rlb_matrixpolicy_full,rlb_fused_global_rational,rational_matrix_policy_onpolicy,0.0003,0.00003,0.10,--rational-matrix-policy-backbone-optimizer adamw --rational-matrix-policy-adam-lr-scale 3.0 --rational-matrix-policy-group-gain-strength 0.20 --rational-matrix-policy-group-pressure-strength 0.10 --rational-matrix-policy-group-activity-damping 0.20 --rational-matrix-policy-group-start 0.02 --rational-matrix-policy-group-end 0.30 --rational-matrix-policy-group-min-scale 0.75 --rational-matrix-policy-group-max-scale 1.35,A3,RLB + MatrixPolicy,1,7,99942400,E9-frozen-2026-07-11,scientific,0,20260710
18,E9_100m_dclm_m0_99942400_seed5052_a4_rlb_matrixpolicy_no_group_gate,E9_100m,dclm,mlfoundations/dclm-baseline-1.0,none,text,train,train,210000000,M0,12,768,12,2048,256,16,2,32768,100000000,4000000,3050,50,10,5052,rlb_matrixpolicy_no_group_gate,rlb_fused_global_rational,rational_matrix_policy_onpolicy,0.0003,0.00003,0.10,--rational-matrix-policy-backbone-optimizer adamw --rational-matrix-policy-adam-lr-scale 3.0 --rational-matrix-policy-group-gain-strength 0.20 --rational-matrix-policy-group-pressure-strength 0.10 --rational-matrix-policy-group-activity-damping 0.20 --rational-matrix-policy-group-start 0.02 --rational-matrix-policy-group-end 0.30 --rational-matrix-policy-group-min-scale 0.75 --rational-matrix-policy-group-max-scale 1.35 --rational-matrix-policy-group-gain-strength 0.0 --rational-matrix-policy-group-pressure-strength 0.0 --rational-matrix-policy-group-activity-damping 0.0,A4,MatrixPolicy without group-stat gradient gating,1,8,99942400,E9-frozen-2026-07-11,scientific,0,20260710
19,E9_100m_dclm_m0_99942400_seed5052_a8_rlb_matrixpolicy_no_pair_rescale,E9_100m,dclm,mlfoundations/dclm-baseline-1.0,none,text,train,train,210000000,M0,12,768,12,2048,256,16,2,32768,100000000,4000000,3050,50,10,5052,rlb_matrixpolicy_no_pair_rescale,rlb_fused_global_rational,rational_matrix_policy_onpolicy,0.0003,0.00003,0.10,--rational-matrix-policy-backbone-optimizer adamw --rational-matrix-policy-adam-lr-scale 3.0 --rational-matrix-policy-group-gain-strength 0.20 --rational-matrix-policy-group-pressure-strength 0.10 --rational-matrix-policy-group-activity-damping 0.20 --rational-matrix-policy-group-start 0.02 --rational-matrix-policy-group-end 0.30 --rational-matrix-policy-group-min-scale 0.75 --rational-matrix-policy-group-max-scale 1.35 --rlb-gauge-strength 0.0,A8,MatrixPolicy without reciprocal pair rescaling,1,9,99942400,E9-frozen-2026-07-11,scientific,0,20260710
20,E9_100m_dclm_m0_99942400_seed8913_a4_rlb_matrixpolicy_no_group_gate,E9_100m,dclm,mlfoundations/dclm-baseline-1.0,none,text,train,train,210000000,M0,12,768,12,2048,256,16,2,32768,100000000,4000000,3050,50,10,8913,rlb_matrixpolicy_no_group_gate,rlb_fused_global_rational,rational_matrix_policy_onpolicy,0.0003,0.00003,0.10,--rational-matrix-policy-backbone-optimizer adamw --rational-matrix-policy-adam-lr-scale 3.0 --rational-matrix-policy-group-gain-strength 0.20 --rational-matrix-policy-group-pressure-strength 0.10 --rational-matrix-policy-group-activity-damping 0.20 --rational-matrix-policy-group-start 0.02 --rational-matrix-policy-group-end 0.30 --rational-matrix-policy-group-min-scale 0.75 --rational-matrix-policy-group-max-scale 1.35 --rational-matrix-policy-group-gain-strength 0.0 --rational-matrix-policy-group-pressure-strength 0.0 --rational-matrix-policy-group-activity-damping 0.0,A4,MatrixPolicy without group-stat gradient gating,2,0,99942400,E9-frozen-2026-07-11,scientific,0,20260710
21,E9_100m_dclm_m0_99942400_seed8913_a8_rlb_matrixpolicy_no_pair_rescale,E9_100m,dclm,mlfoundations/dclm-baseline-1.0,none,text,train,train,210000000,M0,12,768,12,2048,256,16,2,32768,100000000,4000000,3050,50,10,8913,rlb_matrixpolicy_no_pair_rescale,rlb_fused_global_rational,rational_matrix_policy_onpolicy,0.0003,0.00003,0.10,--rational-matrix-policy-backbone-optimizer adamw --rational-matrix-policy-adam-lr-scale 3.0 --rational-matrix-policy-group-gain-strength 0.20 --rational-matrix-policy-group-pressure-strength 0.10 --rational-matrix-policy-group-activity-damping 0.20 --rational-matrix-policy-group-start 0.02 --rational-matrix-policy-group-end 0.30 --rational-matrix-policy-group-min-scale 0.75 --rational-matrix-policy-group-max-scale 1.35 --rlb-gauge-strength 0.0,A8,MatrixPolicy without reciprocal pair rescaling,2,1,99942400,E9-frozen-2026-07-11,scientific,0,20260710
22,E9_100m_dclm_m0_99942400_seed8913_a2_rlb_matrixpolicy_static_shell,E9_100m,dclm,mlfoundations/dclm-baseline-1.0,none,text,train,train,210000000,M0,12,768,12,2048,256,16,2,32768,100000000,4000000,3050,50,10,8913,rlb_matrixpolicy_static_shell,rlb_fused_global_rational,rational_matrix_policy_onpolicy,0.0003,0.00003,0.10,--rational-matrix-policy-backbone-optimizer adamw --rational-matrix-policy-adam-lr-scale 3.0 --rational-matrix-policy-group-gain-strength 0.20 --rational-matrix-policy-group-pressure-strength 0.10 --rational-matrix-policy-group-activity-damping 0.20 --rational-matrix-policy-group-start 0.02 --rational-matrix-policy-group-end 0.30 --rational-matrix-policy-group-min-scale 0.75 --rational-matrix-policy-group-max-scale 1.35 --rational-matrix-policy-group-gain-strength 0.0 --rational-matrix-policy-group-pressure-strength 0.0 --rational-matrix-policy-group-activity-damping 0.0 --rational-matrix-policy-adam-role-strength 0.0 --rational-matrix-policy-adam-role-strength-final 0.0 --rational-matrix-policy-input-depth-gain 0.0 --rational-matrix-policy-output-depth-gain 0.0 --rational-matrix-policy-muon-strength 0.0 --rational-matrix-policy-muon-lr-scale 0.0 --rational-matrix-policy-final-muon 0.0 --rational-matrix-policy-min-muon 0.0 --rational-matrix-policy-max-muon 0.0 --rlb-gauge-strength 0.0,A2,RLB + static MatrixPolicy optimizer-recipe shell,2,2,99942400,E9-frozen-2026-07-11,scientific,0,20260710
23,E9_100m_dclm_m0_99942400_seed8913_a6_rlb_matrixpolicy_muon_branch_suppressed,E9_100m,dclm,mlfoundations/dclm-baseline-1.0,none,text,train,train,210000000,M0,12,768,12,2048,256,16,2,32768,100000000,4000000,3050,50,10,8913,rlb_matrixpolicy_muon_branch_suppressed,rlb_fused_global_rational,rational_matrix_policy_onpolicy,0.0003,0.00003,0.10,--rational-matrix-policy-backbone-optimizer adamw --rational-matrix-policy-adam-lr-scale 3.0 --rational-matrix-policy-group-gain-strength 0.20 --rational-matrix-policy-group-pressure-strength 0.10 --rational-matrix-policy-group-activity-damping 0.20 --rational-matrix-policy-group-start 0.02 --rational-matrix-policy-group-end 0.30 --rational-matrix-policy-group-min-scale 0.75 --rational-matrix-policy-group-max-scale 1.35 --no-rational-matrix-policy-apply-muon-update,A6,MatrixPolicy with transient Muon branch suppressed at fixed schedule,2,3,99942400,E9-frozen-2026-07-11,scientific,0,20260710
24,E9_100m_dclm_m0_99942400_seed8913_a7_rlb_matrixpolicy_no_role_depth_muon_branch_suppressed,E9_100m,dclm,mlfoundations/dclm-baseline-1.0,none,text,train,train,210000000,M0,12,768,12,2048,256,16,2,32768,100000000,4000000,3050,50,10,8913,rlb_matrixpolicy_no_role_depth_muon_branch_suppressed,rlb_fused_global_rational,rational_matrix_policy_onpolicy,0.0003,0.00003,0.10,--rational-matrix-policy-backbone-optimizer adamw --rational-matrix-policy-adam-lr-scale 3.0 --rational-matrix-policy-group-gain-strength 0.20 --rational-matrix-policy-group-pressure-strength 0.10 --rational-matrix-policy-group-activity-damping 0.20 --rational-matrix-policy-group-start 0.02 --rational-matrix-policy-group-end 0.30 --rational-matrix-policy-group-min-scale 0.75 --rational-matrix-policy-group-max-scale 1.35 --rational-matrix-policy-adam-role-strength 0.0 --rational-matrix-policy-adam-role-strength-final 0.0 --rational-matrix-policy-input-depth-gain 0.0 --rational-matrix-policy-output-depth-gain 0.0 --no-rational-matrix-policy-apply-muon-update,A7,MatrixPolicy without role/depth factors and with Muon branch suppressed,2,4,99942400,E9-frozen-2026-07-11,scientific,0,20260710
25,E9_100m_dclm_m0_99942400_seed8913_a9_rlb_matrixpolicy_no_role_depth_muon_block,E9_100m,dclm,mlfoundations/dclm-baseline-1.0,none,text,train,train,210000000,M0,12,768,12,2048,256,16,2,32768,100000000,4000000,3050,50,10,8913,rlb_matrixpolicy_no_role_depth_muon_block,rlb_fused_global_rational,rational_matrix_policy_onpolicy,0.0003,0.00003,0.10,--rational-matrix-policy-backbone-optimizer adamw --rational-matrix-policy-adam-lr-scale 3.0 --rational-matrix-policy-group-gain-strength 0.20 --rational-matrix-policy-group-pressure-strength 0.10 --rational-matrix-policy-group-activity-damping 0.20 --rational-matrix-policy-group-start 0.02 --rational-matrix-policy-group-end 0.30 --rational-matrix-policy-group-min-scale 0.75 --rational-matrix-policy-group-max-scale 1.35 --rational-matrix-policy-adam-role-strength 0.0 --rational-matrix-policy-adam-role-strength-final 0.0 --rational-matrix-policy-input-depth-gain 0.0 --rational-matrix-policy-output-depth-gain 0.0 --rational-matrix-policy-muon-strength 0.0 --rational-matrix-policy-muon-lr-scale 0.0 --rational-matrix-policy-final-muon 0.0 --rational-matrix-policy-min-muon 0.0 --rational-matrix-policy-max-muon 0.0,A9,MatrixPolicy without role/depth-Muon action block,2,5,99942400,E9-frozen-2026-07-11,scientific,0,20260710
26,E9_100m_dclm_m0_99942400_seed8913_a0_silu_adamw,E9_100m,dclm,mlfoundations/dclm-baseline-1.0,none,text,train,train,210000000,M0,12,768,12,2048,256,16,2,32768,100000000,4000000,3050,50,10,8913,silu_adamw,silu,adamw,0.0003,0.00003,0.10,,A0,SiLU + AdamW,2,6,99942400,E9-frozen-2026-07-11,scientific,0,20260710
27,E9_100m_dclm_m0_99942400_seed8913_a5_rlb_matrixpolicy_no_role_depth,E9_100m,dclm,mlfoundations/dclm-baseline-1.0,none,text,train,train,210000000,M0,12,768,12,2048,256,16,2,32768,100000000,4000000,3050,50,10,8913,rlb_matrixpolicy_no_role_depth,rlb_fused_global_rational,rational_matrix_policy_onpolicy,0.0003,0.00003,0.10,--rational-matrix-policy-backbone-optimizer adamw --rational-matrix-policy-adam-lr-scale 3.0 --rational-matrix-policy-group-gain-strength 0.20 --rational-matrix-policy-group-pressure-strength 0.10 --rational-matrix-policy-group-activity-damping 0.20 --rational-matrix-policy-group-start 0.02 --rational-matrix-policy-group-end 0.30 --rational-matrix-policy-group-min-scale 0.75 --rational-matrix-policy-group-max-scale 1.35 --rational-matrix-policy-adam-role-strength 0.0 --rational-matrix-policy-adam-role-strength-final 0.0 --rational-matrix-policy-input-depth-gain 0.0 --rational-matrix-policy-output-depth-gain 0.0,A5,MatrixPolicy without role/depth factors,2,7,99942400,E9-frozen-2026-07-11,scientific,0,20260710
28,E9_100m_dclm_m0_99942400_seed8913_a1_rlb_adamw,E9_100m,dclm,mlfoundations/dclm-baseline-1.0,none,text,train,train,210000000,M0,12,768,12,2048,256,16,2,32768,100000000,4000000,3050,50,10,8913,rlb_adamw,rlb_fused_global_rational,adamw,0.0003,0.00003,0.10,,A1,RLB + AdamW,2,8,99942400,E9-frozen-2026-07-11,scientific,0,20260710
29,E9_100m_dclm_m0_99942400_seed8913_a3_rlb_matrixpolicy_full,E9_100m,dclm,mlfoundations/dclm-baseline-1.0,none,text,train,train,210000000,M0,12,768,12,2048,256,16,2,32768,100000000,4000000,3050,50,10,8913,rlb_matrixpolicy_full,rlb_fused_global_rational,rational_matrix_policy_onpolicy,0.0003,0.00003,0.10,--rational-matrix-policy-backbone-optimizer adamw --rational-matrix-policy-adam-lr-scale 3.0 --rational-matrix-policy-group-gain-strength 0.20 --rational-matrix-policy-group-pressure-strength 0.10 --rational-matrix-policy-group-activity-damping 0.20 --rational-matrix-policy-group-start 0.02 --rational-matrix-policy-group-end 0.30 --rational-matrix-policy-group-min-scale 0.75 --rational-matrix-policy-group-max-scale 1.35,A3,RLB + MatrixPolicy,2,9,99942400,E9-frozen-2026-07-11,scientific,0,20260710
30,E9_100m_fineweb_edu_m0_99942400_seed2479_a6_rlb_matrixpolicy_muon_branch_suppressed,E9_100m,fineweb_edu,HuggingFaceFW/fineweb-edu,sample-10BT,text,train,train,210000000,M0,12,768,12,2048,256,16,2,32768,100000000,4000000,3050,50,10,2479,rlb_matrixpolicy_muon_branch_suppressed,rlb_fused_global_rational,rational_matrix_policy_onpolicy,0.0003,0.00003,0.10,--rational-matrix-policy-backbone-optimizer adamw --rational-matrix-policy-adam-lr-scale 3.0 --rational-matrix-policy-group-gain-strength 0.20 --rational-matrix-policy-group-pressure-strength 0.10 --rational-matrix-policy-group-activity-damping 0.20 --rational-matrix-policy-group-start 0.02 --rational-matrix-policy-group-end 0.30 --rational-matrix-policy-group-min-scale 0.75 --rational-matrix-policy-group-max-scale 1.35 --no-rational-matrix-policy-apply-muon-update,A6,MatrixPolicy with transient Muon branch suppressed at fixed schedule,3,0,99942400,E9-frozen-2026-07-11,scientific,3,20260710
31,E9_100m_fineweb_edu_m0_99942400_seed2479_a7_rlb_matrixpolicy_no_role_depth_muon_branch_suppressed,E9_100m,fineweb_edu,HuggingFaceFW/fineweb-edu,sample-10BT,text,train,train,210000000,M0,12,768,12,2048,256,16,2,32768,100000000,4000000,3050,50,10,2479,rlb_matrixpolicy_no_role_depth_muon_branch_suppressed,rlb_fused_global_rational,rational_matrix_policy_onpolicy,0.0003,0.00003,0.10,--rational-matrix-policy-backbone-optimizer adamw --rational-matrix-policy-adam-lr-scale 3.0 --rational-matrix-policy-group-gain-strength 0.20 --rational-matrix-policy-group-pressure-strength 0.10 --rational-matrix-policy-group-activity-damping 0.20 --rational-matrix-policy-group-start 0.02 --rational-matrix-policy-group-end 0.30 --rational-matrix-policy-group-min-scale 0.75 --rational-matrix-policy-group-max-scale 1.35 --rational-matrix-policy-adam-role-strength 0.0 --rational-matrix-policy-adam-role-strength-final 0.0 --rational-matrix-policy-input-depth-gain 0.0 --rational-matrix-policy-output-depth-gain 0.0 --no-rational-matrix-policy-apply-muon-update,A7,MatrixPolicy without role/depth factors and with Muon branch suppressed,3,1,99942400,E9-frozen-2026-07-11,scientific,3,20260710
32,E9_100m_fineweb_edu_m0_99942400_seed2479_a9_rlb_matrixpolicy_no_role_depth_muon_block,E9_100m,fineweb_edu,HuggingFaceFW/fineweb-edu,sample-10BT,text,train,train,210000000,M0,12,768,12,2048,256,16,2,32768,100000000,4000000,3050,50,10,2479,rlb_matrixpolicy_no_role_depth_muon_block,rlb_fused_global_rational,rational_matrix_policy_onpolicy,0.0003,0.00003,0.10,--rational-matrix-policy-backbone-optimizer adamw --rational-matrix-policy-adam-lr-scale 3.0 --rational-matrix-policy-group-gain-strength 0.20 --rational-matrix-policy-group-pressure-strength 0.10 --rational-matrix-policy-group-activity-damping 0.20 --rational-matrix-policy-group-start 0.02 --rational-matrix-policy-group-end 0.30 --rational-matrix-policy-group-min-scale 0.75 --rational-matrix-policy-group-max-scale 1.35 --rational-matrix-policy-adam-role-strength 0.0 --rational-matrix-policy-adam-role-strength-final 0.0 --rational-matrix-policy-input-depth-gain 0.0 --rational-matrix-policy-output-depth-gain 0.0 --rational-matrix-policy-muon-strength 0.0 --rational-matrix-policy-muon-lr-scale 0.0 --rational-matrix-policy-final-muon 0.0 --rational-matrix-policy-min-muon 0.0 --rational-matrix-policy-max-muon 0.0,A9,MatrixPolicy without role/depth-Muon action block,3,2,99942400,E9-frozen-2026-07-11,scientific,3,20260710
33,E9_100m_fineweb_edu_m0_99942400_seed2479_a0_silu_adamw,E9_100m,fineweb_edu,HuggingFaceFW/fineweb-edu,sample-10BT,text,train,train,210000000,M0,12,768,12,2048,256,16,2,32768,100000000,4000000,3050,50,10,2479,silu_adamw,silu,adamw,0.0003,0.00003,0.10,,A0,SiLU + AdamW,3,3,99942400,E9-frozen-2026-07-11,scientific,3,20260710
34,E9_100m_fineweb_edu_m0_99942400_seed2479_a5_rlb_matrixpolicy_no_role_depth,E9_100m,fineweb_edu,HuggingFaceFW/fineweb-edu,sample-10BT,text,train,train,210000000,M0,12,768,12,2048,256,16,2,32768,100000000,4000000,3050,50,10,2479,rlb_matrixpolicy_no_role_depth,rlb_fused_global_rational,rational_matrix_policy_onpolicy,0.0003,0.00003,0.10,--rational-matrix-policy-backbone-optimizer adamw --rational-matrix-policy-adam-lr-scale 3.0 --rational-matrix-policy-group-gain-strength 0.20 --rational-matrix-policy-group-pressure-strength 0.10 --rational-matrix-policy-group-activity-damping 0.20 --rational-matrix-policy-group-start 0.02 --rational-matrix-policy-group-end 0.30 --rational-matrix-policy-group-min-scale 0.75 --rational-matrix-policy-group-max-scale 1.35 --rational-matrix-policy-adam-role-strength 0.0 --rational-matrix-policy-adam-role-strength-final 0.0 --rational-matrix-policy-input-depth-gain 0.0 --rational-matrix-policy-output-depth-gain 0.0,A5,MatrixPolicy without role/depth factors,3,4,99942400,E9-frozen-2026-07-11,scientific,3,20260710
35,E9_100m_fineweb_edu_m0_99942400_seed2479_a1_rlb_adamw,E9_100m,fineweb_edu,HuggingFaceFW/fineweb-edu,sample-10BT,text,train,train,210000000,M0,12,768,12,2048,256,16,2,32768,100000000,4000000,3050,50,10,2479,rlb_adamw,rlb_fused_global_rational,adamw,0.0003,0.00003,0.10,,A1,RLB + AdamW,3,5,99942400,E9-frozen-2026-07-11,scientific,3,20260710
36,E9_100m_fineweb_edu_m0_99942400_seed2479_a3_rlb_matrixpolicy_full,E9_100m,fineweb_edu,HuggingFaceFW/fineweb-edu,sample-10BT,text,train,train,210000000,M0,12,768,12,2048,256,16,2,32768,100000000,4000000,3050,50,10,2479,rlb_matrixpolicy_full,rlb_fused_global_rational,rational_matrix_policy_onpolicy,0.0003,0.00003,0.10,--rational-matrix-policy-backbone-optimizer adamw --rational-matrix-policy-adam-lr-scale 3.0 --rational-matrix-policy-group-gain-strength 0.20 --rational-matrix-policy-group-pressure-strength 0.10 --rational-matrix-policy-group-activity-damping 0.20 --rational-matrix-policy-group-start 0.02 --rational-matrix-policy-group-end 0.30 --rational-matrix-policy-group-min-scale 0.75 --rational-matrix-policy-group-max-scale 1.35,A3,RLB + MatrixPolicy,3,6,99942400,E9-frozen-2026-07-11,scientific,3,20260710
37,E9_100m_fineweb_edu_m0_99942400_seed2479_a4_rlb_matrixpolicy_no_group_gate,E9_100m,fineweb_edu,HuggingFaceFW/fineweb-edu,sample-10BT,text,train,train,210000000,M0,12,768,12,2048,256,16,2,32768,100000000,4000000,3050,50,10,2479,rlb_matrixpolicy_no_group_gate,rlb_fused_global_rational,rational_matrix_policy_onpolicy,0.0003,0.00003,0.10,--rational-matrix-policy-backbone-optimizer adamw --rational-matrix-policy-adam-lr-scale 3.0 --rational-matrix-policy-group-gain-strength 0.20 --rational-matrix-policy-group-pressure-strength 0.10 --rational-matrix-policy-group-activity-damping 0.20 --rational-matrix-policy-group-start 0.02 --rational-matrix-policy-group-end 0.30 --rational-matrix-policy-group-min-scale 0.75 --rational-matrix-policy-group-max-scale 1.35 --rational-matrix-policy-group-gain-strength 0.0 --rational-matrix-policy-group-pressure-strength 0.0 --rational-matrix-policy-group-activity-damping 0.0,A4,MatrixPolicy without group-stat gradient gating,3,7,99942400,E9-frozen-2026-07-11,scientific,3,20260710
38,E9_100m_fineweb_edu_m0_99942400_seed2479_a8_rlb_matrixpolicy_no_pair_rescale,E9_100m,fineweb_edu,HuggingFaceFW/fineweb-edu,sample-10BT,text,train,train,210000000,M0,12,768,12,2048,256,16,2,32768,100000000,4000000,3050,50,10,2479,rlb_matrixpolicy_no_pair_rescale,rlb_fused_global_rational,rational_matrix_policy_onpolicy,0.0003,0.00003,0.10,--rational-matrix-policy-backbone-optimizer adamw --rational-matrix-policy-adam-lr-scale 3.0 --rational-matrix-policy-group-gain-strength 0.20 --rational-matrix-policy-group-pressure-strength 0.10 --rational-matrix-policy-group-activity-damping 0.20 --rational-matrix-policy-group-start 0.02 --rational-matrix-policy-group-end 0.30 --rational-matrix-policy-group-min-scale 0.75 --rational-matrix-policy-group-max-scale 1.35 --rlb-gauge-strength 0.0,A8,MatrixPolicy without reciprocal pair rescaling,3,8,99942400,E9-frozen-2026-07-11,scientific,3,20260710
39,E9_100m_fineweb_edu_m0_99942400_seed2479_a2_rlb_matrixpolicy_static_shell,E9_100m,fineweb_edu,HuggingFaceFW/fineweb-edu,sample-10BT,text,train,train,210000000,M0,12,768,12,2048,256,16,2,32768,100000000,4000000,3050,50,10,2479,rlb_matrixpolicy_static_shell,rlb_fused_global_rational,rational_matrix_policy_onpolicy,0.0003,0.00003,0.10,--rational-matrix-policy-backbone-optimizer adamw --rational-matrix-policy-adam-lr-scale 3.0 --rational-matrix-policy-group-gain-strength 0.20 --rational-matrix-policy-group-pressure-strength 0.10 --rational-matrix-policy-group-activity-damping 0.20 --rational-matrix-policy-group-start 0.02 --rational-matrix-policy-group-end 0.30 --rational-matrix-policy-group-min-scale 0.75 --rational-matrix-policy-group-max-scale 1.35 --rational-matrix-policy-group-gain-strength 0.0 --rational-matrix-policy-group-pressure-strength 0.0 --rational-matrix-policy-group-activity-damping 0.0 --rational-matrix-policy-adam-role-strength 0.0 --rational-matrix-policy-adam-role-strength-final 0.0 --rational-matrix-policy-input-depth-gain 0.0 --rational-matrix-policy-output-depth-gain 0.0 --rational-matrix-policy-muon-strength 0.0 --rational-matrix-policy-muon-lr-scale 0.0 --rational-matrix-policy-final-muon 0.0 --rational-matrix-policy-min-muon 0.0 --rational-matrix-policy-max-muon 0.0 --rlb-gauge-strength 0.0,A2,RLB + static MatrixPolicy optimizer-recipe shell,3,9,99942400,E9-frozen-2026-07-11,scientific,3,20260710
40,E9_100m_fineweb_edu_m0_99942400_seed5052_a5_rlb_matrixpolicy_no_role_depth,E9_100m,fineweb_edu,HuggingFaceFW/fineweb-edu,sample-10BT,text,train,train,210000000,M0,12,768,12,2048,256,16,2,32768,100000000,4000000,3050,50,10,5052,rlb_matrixpolicy_no_role_depth,rlb_fused_global_rational,rational_matrix_policy_onpolicy,0.0003,0.00003,0.10,--rational-matrix-policy-backbone-optimizer adamw --rational-matrix-policy-adam-lr-scale 3.0 --rational-matrix-policy-group-gain-strength 0.20 --rational-matrix-policy-group-pressure-strength 0.10 --rational-matrix-policy-group-activity-damping 0.20 --rational-matrix-policy-group-start 0.02 --rational-matrix-policy-group-end 0.30 --rational-matrix-policy-group-min-scale 0.75 --rational-matrix-policy-group-max-scale 1.35 --rational-matrix-policy-adam-role-strength 0.0 --rational-matrix-policy-adam-role-strength-final 0.0 --rational-matrix-policy-input-depth-gain 0.0 --rational-matrix-policy-output-depth-gain 0.0,A5,MatrixPolicy without role/depth factors,4,0,99942400,E9-frozen-2026-07-11,scientific,3,20260710
41,E9_100m_fineweb_edu_m0_99942400_seed5052_a1_rlb_adamw,E9_100m,fineweb_edu,HuggingFaceFW/fineweb-edu,sample-10BT,text,train,train,210000000,M0,12,768,12,2048,256,16,2,32768,100000000,4000000,3050,50,10,5052,rlb_adamw,rlb_fused_global_rational,adamw,0.0003,0.00003,0.10,,A1,RLB + AdamW,4,1,99942400,E9-frozen-2026-07-11,scientific,3,20260710
42,E9_100m_fineweb_edu_m0_99942400_seed5052_a3_rlb_matrixpolicy_full,E9_100m,fineweb_edu,HuggingFaceFW/fineweb-edu,sample-10BT,text,train,train,210000000,M0,12,768,12,2048,256,16,2,32768,100000000,4000000,3050,50,10,5052,rlb_matrixpolicy_full,rlb_fused_global_rational,rational_matrix_policy_onpolicy,0.0003,0.00003,0.10,--rational-matrix-policy-backbone-optimizer adamw --rational-matrix-policy-adam-lr-scale 3.0 --rational-matrix-policy-group-gain-strength 0.20 --rational-matrix-policy-group-pressure-strength 0.10 --rational-matrix-policy-group-activity-damping 0.20 --rational-matrix-policy-group-start 0.02 --rational-matrix-policy-group-end 0.30 --rational-matrix-policy-group-min-scale 0.75 --rational-matrix-policy-group-max-scale 1.35,A3,RLB + MatrixPolicy,4,2,99942400,E9-frozen-2026-07-11,scientific,3,20260710
43,E9_100m_fineweb_edu_m0_99942400_seed5052_a4_rlb_matrixpolicy_no_group_gate,E9_100m,fineweb_edu,HuggingFaceFW/fineweb-edu,sample-10BT,text,train,train,210000000,M0,12,768,12,2048,256,16,2,32768,100000000,4000000,3050,50,10,5052,rlb_matrixpolicy_no_group_gate,rlb_fused_global_rational,rational_matrix_policy_onpolicy,0.0003,0.00003,0.10,--rational-matrix-policy-backbone-optimizer adamw --rational-matrix-policy-adam-lr-scale 3.0 --rational-matrix-policy-group-gain-strength 0.20 --rational-matrix-policy-group-pressure-strength 0.10 --rational-matrix-policy-group-activity-damping 0.20 --rational-matrix-policy-group-start 0.02 --rational-matrix-policy-group-end 0.30 --rational-matrix-policy-group-min-scale 0.75 --rational-matrix-policy-group-max-scale 1.35 --rational-matrix-policy-group-gain-strength 0.0 --rational-matrix-policy-group-pressure-strength 0.0 --rational-matrix-policy-group-activity-damping 0.0,A4,MatrixPolicy without group-stat gradient gating,4,3,99942400,E9-frozen-2026-07-11,scientific,3,20260710
44,E9_100m_fineweb_edu_m0_99942400_seed5052_a8_rlb_matrixpolicy_no_pair_rescale,E9_100m,fineweb_edu,HuggingFaceFW/fineweb-edu,sample-10BT,text,train,train,210000000,M0,12,768,12,2048,256,16,2,32768,100000000,4000000,3050,50,10,5052,rlb_matrixpolicy_no_pair_rescale,rlb_fused_global_rational,rational_matrix_policy_onpolicy,0.0003,0.00003,0.10,--rational-matrix-policy-backbone-optimizer adamw --rational-matrix-policy-adam-lr-scale 3.0 --rational-matrix-policy-group-gain-strength 0.20 --rational-matrix-policy-group-pressure-strength 0.10 --rational-matrix-policy-group-activity-damping 0.20 --rational-matrix-policy-group-start 0.02 --rational-matrix-policy-group-end 0.30 --rational-matrix-policy-group-min-scale 0.75 --rational-matrix-policy-group-max-scale 1.35 --rlb-gauge-strength 0.0,A8,MatrixPolicy without reciprocal pair rescaling,4,4,99942400,E9-frozen-2026-07-11,scientific,3,20260710
45,E9_100m_fineweb_edu_m0_99942400_seed5052_a2_rlb_matrixpolicy_static_shell,E9_100m,fineweb_edu,HuggingFaceFW/fineweb-edu,sample-10BT,text,train,train,210000000,M0,12,768,12,2048,256,16,2,32768,100000000,4000000,3050,50,10,5052,rlb_matrixpolicy_static_shell,rlb_fused_global_rational,rational_matrix_policy_onpolicy,0.0003,0.00003,0.10,--rational-matrix-policy-backbone-optimizer adamw --rational-matrix-policy-adam-lr-scale 3.0 --rational-matrix-policy-group-gain-strength 0.20 --rational-matrix-policy-group-pressure-strength 0.10 --rational-matrix-policy-group-activity-damping 0.20 --rational-matrix-policy-group-start 0.02 --rational-matrix-policy-group-end 0.30 --rational-matrix-policy-group-min-scale 0.75 --rational-matrix-policy-group-max-scale 1.35 --rational-matrix-policy-group-gain-strength 0.0 --rational-matrix-policy-group-pressure-strength 0.0 --rational-matrix-policy-group-activity-damping 0.0 --rational-matrix-policy-adam-role-strength 0.0 --rational-matrix-policy-adam-role-strength-final 0.0 --rational-matrix-policy-input-depth-gain 0.0 --rational-matrix-policy-output-depth-gain 0.0 --rational-matrix-policy-muon-strength 0.0 --rational-matrix-policy-muon-lr-scale 0.0 --rational-matrix-policy-final-muon 0.0 --rational-matrix-policy-min-muon 0.0 --rational-matrix-policy-max-muon 0.0 --rlb-gauge-strength 0.0,A2,RLB + static MatrixPolicy optimizer-recipe shell,4,5,99942400,E9-frozen-2026-07-11,scientific,3,20260710
46,E9_100m_fineweb_edu_m0_99942400_seed5052_a6_rlb_matrixpolicy_muon_branch_suppressed,E9_100m,fineweb_edu,HuggingFaceFW/fineweb-edu,sample-10BT,text,train,train,210000000,M0,12,768,12,2048,256,16,2,32768,100000000,4000000,3050,50,10,5052,rlb_matrixpolicy_muon_branch_suppressed,rlb_fused_global_rational,rational_matrix_policy_onpolicy,0.0003,0.00003,0.10,--rational-matrix-policy-backbone-optimizer adamw --rational-matrix-policy-adam-lr-scale 3.0 --rational-matrix-policy-group-gain-strength 0.20 --rational-matrix-policy-group-pressure-strength 0.10 --rational-matrix-policy-group-activity-damping 0.20 --rational-matrix-policy-group-start 0.02 --rational-matrix-policy-group-end 0.30 --rational-matrix-policy-group-min-scale 0.75 --rational-matrix-policy-group-max-scale 1.35 --no-rational-matrix-policy-apply-muon-update,A6,MatrixPolicy with transient Muon branch suppressed at fixed schedule,4,6,99942400,E9-frozen-2026-07-11,scientific,3,20260710
47,E9_100m_fineweb_edu_m0_99942400_seed5052_a7_rlb_matrixpolicy_no_role_depth_muon_branch_suppressed,E9_100m,fineweb_edu,HuggingFaceFW/fineweb-edu,sample-10BT,text,train,train,210000000,M0,12,768,12,2048,256,16,2,32768,100000000,4000000,3050,50,10,5052,rlb_matrixpolicy_no_role_depth_muon_branch_suppressed,rlb_fused_global_rational,rational_matrix_policy_onpolicy,0.0003,0.00003,0.10,--rational-matrix-policy-backbone-optimizer adamw --rational-matrix-policy-adam-lr-scale 3.0 --rational-matrix-policy-group-gain-strength 0.20 --rational-matrix-policy-group-pressure-strength 0.10 --rational-matrix-policy-group-activity-damping 0.20 --rational-matrix-policy-group-start 0.02 --rational-matrix-policy-group-end 0.30 --rational-matrix-policy-group-min-scale 0.75 --rational-matrix-policy-group-max-scale 1.35 --rational-matrix-policy-adam-role-strength 0.0 --rational-matrix-policy-adam-role-strength-final 0.0 --rational-matrix-policy-input-depth-gain 0.0 --rational-matrix-policy-output-depth-gain 0.0 --no-rational-matrix-policy-apply-muon-update,A7,MatrixPolicy without role/depth factors and with Muon branch suppressed,4,7,99942400,E9-frozen-2026-07-11,scientific,3,20260710
48,E9_100m_fineweb_edu_m0_99942400_seed5052_a9_rlb_matrixpolicy_no_role_depth_muon_block,E9_100m,fineweb_edu,HuggingFaceFW/fineweb-edu,sample-10BT,text,train,train,210000000,M0,12,768,12,2048,256,16,2,32768,100000000,4000000,3050,50,10,5052,rlb_matrixpolicy_no_role_depth_muon_block,rlb_fused_global_rational,rational_matrix_policy_onpolicy,0.0003,0.00003,0.10,--rational-matrix-policy-backbone-optimizer adamw --rational-matrix-policy-adam-lr-scale 3.0 --rational-matrix-policy-group-gain-strength 0.20 --rational-matrix-policy-group-pressure-strength 0.10 --rational-matrix-policy-group-activity-damping 0.20 --rational-matrix-policy-group-start 0.02 --rational-matrix-policy-group-end 0.30 --rational-matrix-policy-group-min-scale 0.75 --rational-matrix-policy-group-max-scale 1.35 --rational-matrix-policy-adam-role-strength 0.0 --rational-matrix-policy-adam-role-strength-final 0.0 --rational-matrix-policy-input-depth-gain 0.0 --rational-matrix-policy-output-depth-gain 0.0 --rational-matrix-policy-muon-strength 0.0 --rational-matrix-policy-muon-lr-scale 0.0 --rational-matrix-policy-final-muon 0.0 --rational-matrix-policy-min-muon 0.0 --rational-matrix-policy-max-muon 0.0,A9,MatrixPolicy without role/depth-Muon action block,4,8,99942400,E9-frozen-2026-07-11,scientific,3,20260710
49,E9_100m_fineweb_edu_m0_99942400_seed5052_a0_silu_adamw,E9_100m,fineweb_edu,HuggingFaceFW/fineweb-edu,sample-10BT,text,train,train,210000000,M0,12,768,12,2048,256,16,2,32768,100000000,4000000,3050,50,10,5052,silu_adamw,silu,adamw,0.0003,0.00003,0.10,,A0,SiLU + AdamW,4,9,99942400,E9-frozen-2026-07-11,scientific,3,20260710
50,E9_100m_fineweb_edu_m0_99942400_seed8913_a1_rlb_adamw,E9_100m,fineweb_edu,HuggingFaceFW/fineweb-edu,sample-10BT,text,train,train,210000000,M0,12,768,12,2048,256,16,2,32768,100000000,4000000,3050,50,10,8913,rlb_adamw,rlb_fused_global_rational,adamw,0.0003,0.00003,0.10,,A1,RLB + AdamW,5,0,99942400,E9-frozen-2026-07-11,scientific,3,20260710
51,E9_100m_fineweb_edu_m0_99942400_seed8913_a3_rlb_matrixpolicy_full,E9_100m,fineweb_edu,HuggingFaceFW/fineweb-edu,sample-10BT,text,train,train,210000000,M0,12,768,12,2048,256,16,2,32768,100000000,4000000,3050,50,10,8913,rlb_matrixpolicy_full,rlb_fused_global_rational,rational_matrix_policy_onpolicy,0.0003,0.00003,0.10,--rational-matrix-policy-backbone-optimizer adamw --rational-matrix-policy-adam-lr-scale 3.0 --rational-matrix-policy-group-gain-strength 0.20 --rational-matrix-policy-group-pressure-strength 0.10 --rational-matrix-policy-group-activity-damping 0.20 --rational-matrix-policy-group-start 0.02 --rational-matrix-policy-group-end 0.30 --rational-matrix-policy-group-min-scale 0.75 --rational-matrix-policy-group-max-scale 1.35,A3,RLB + MatrixPolicy,5,1,99942400,E9-frozen-2026-07-11,scientific,3,20260710
52,E9_100m_fineweb_edu_m0_99942400_seed8913_a4_rlb_matrixpolicy_no_group_gate,E9_100m,fineweb_edu,HuggingFaceFW/fineweb-edu,sample-10BT,text,train,train,210000000,M0,12,768,12,2048,256,16,2,32768,100000000,4000000,3050,50,10,8913,rlb_matrixpolicy_no_group_gate,rlb_fused_global_rational,rational_matrix_policy_onpolicy,0.0003,0.00003,0.10,--rational-matrix-policy-backbone-optimizer adamw --rational-matrix-policy-adam-lr-scale 3.0 --rational-matrix-policy-group-gain-strength 0.20 --rational-matrix-policy-group-pressure-strength 0.10 --rational-matrix-policy-group-activity-damping 0.20 --rational-matrix-policy-group-start 0.02 --rational-matrix-policy-group-end 0.30 --rational-matrix-policy-group-min-scale 0.75 --rational-matrix-policy-group-max-scale 1.35 --rational-matrix-policy-group-gain-strength 0.0 --rational-matrix-policy-group-pressure-strength 0.0 --rational-matrix-policy-group-activity-damping 0.0,A4,MatrixPolicy without group-stat gradient gating,5,2,99942400,E9-frozen-2026-07-11,scientific,3,20260710
53,E9_100m_fineweb_edu_m0_99942400_seed8913_a8_rlb_matrixpolicy_no_pair_rescale,E9_100m,fineweb_edu,HuggingFaceFW/fineweb-edu,sample-10BT,text,train,train,210000000,M0,12,768,12,2048,256,16,2,32768,100000000,4000000,3050,50,10,8913,rlb_matrixpolicy_no_pair_rescale,rlb_fused_global_rational,rational_matrix_policy_onpolicy,0.0003,0.00003,0.10,--rational-matrix-policy-backbone-optimizer adamw --rational-matrix-policy-adam-lr-scale 3.0 --rational-matrix-policy-group-gain-strength 0.20 --rational-matrix-policy-group-pressure-strength 0.10 --rational-matrix-policy-group-activity-damping 0.20 --rational-matrix-policy-group-start 0.02 --rational-matrix-policy-group-end 0.30 --rational-matrix-policy-group-min-scale 0.75 --rational-matrix-policy-group-max-scale 1.35 --rlb-gauge-strength 0.0,A8,MatrixPolicy without reciprocal pair rescaling,5,3,99942400,E9-frozen-2026-07-11,scientific,3,20260710
54,E9_100m_fineweb_edu_m0_99942400_seed8913_a2_rlb_matrixpolicy_static_shell,E9_100m,fineweb_edu,HuggingFaceFW/fineweb-edu,sample-10BT,text,train,train,210000000,M0,12,768,12,2048,256,16,2,32768,100000000,4000000,3050,50,10,8913,rlb_matrixpolicy_static_shell,rlb_fused_global_rational,rational_matrix_policy_onpolicy,0.0003,0.00003,0.10,--rational-matrix-policy-backbone-optimizer adamw --rational-matrix-policy-adam-lr-scale 3.0 --rational-matrix-policy-group-gain-strength 0.20 --rational-matrix-policy-group-pressure-strength 0.10 --rational-matrix-policy-group-activity-damping 0.20 --rational-matrix-policy-group-start 0.02 --rational-matrix-policy-group-end 0.30 --rational-matrix-policy-group-min-scale 0.75 --rational-matrix-policy-group-max-scale 1.35 --rational-matrix-policy-group-gain-strength 0.0 --rational-matrix-policy-group-pressure-strength 0.0 --rational-matrix-policy-group-activity-damping 0.0 --rational-matrix-policy-adam-role-strength 0.0 --rational-matrix-policy-adam-role-strength-final 0.0 --rational-matrix-policy-input-depth-gain 0.0 --rational-matrix-policy-output-depth-gain 0.0 --rational-matrix-policy-muon-strength 0.0 --rational-matrix-policy-muon-lr-scale 0.0 --rational-matrix-policy-final-muon 0.0 --rational-matrix-policy-min-muon 0.0 --rational-matrix-policy-max-muon 0.0 --rlb-gauge-strength 0.0,A2,RLB + static MatrixPolicy optimizer-recipe shell,5,4,99942400,E9-frozen-2026-07-11,scientific,3,20260710
55,E9_100m_fineweb_edu_m0_99942400_seed8913_a6_rlb_matrixpolicy_muon_branch_suppressed,E9_100m,fineweb_edu,HuggingFaceFW/fineweb-edu,sample-10BT,text,train,train,210000000,M0,12,768,12,2048,256,16,2,32768,100000000,4000000,3050,50,10,8913,rlb_matrixpolicy_muon_branch_suppressed,rlb_fused_global_rational,rational_matrix_policy_onpolicy,0.0003,0.00003,0.10,--rational-matrix-policy-backbone-optimizer adamw --rational-matrix-policy-adam-lr-scale 3.0 --rational-matrix-policy-group-gain-strength 0.20 --rational-matrix-policy-group-pressure-strength 0.10 --rational-matrix-policy-group-activity-damping 0.20 --rational-matrix-policy-group-start 0.02 --rational-matrix-policy-group-end 0.30 --rational-matrix-policy-group-min-scale 0.75 --rational-matrix-policy-group-max-scale 1.35 --no-rational-matrix-policy-apply-muon-update,A6,MatrixPolicy with transient Muon branch suppressed at fixed schedule,5,5,99942400,E9-frozen-2026-07-11,scientific,3,20260710
56,E9_100m_fineweb_edu_m0_99942400_seed8913_a7_rlb_matrixpolicy_no_role_depth_muon_branch_suppressed,E9_100m,fineweb_edu,HuggingFaceFW/fineweb-edu,sample-10BT,text,train,train,210000000,M0,12,768,12,2048,256,16,2,32768,100000000,4000000,3050,50,10,8913,rlb_matrixpolicy_no_role_depth_muon_branch_suppressed,rlb_fused_global_rational,rational_matrix_policy_onpolicy,0.0003,0.00003,0.10,--rational-matrix-policy-backbone-optimizer adamw --rational-matrix-policy-adam-lr-scale 3.0 --rational-matrix-policy-group-gain-strength 0.20 --rational-matrix-policy-group-pressure-strength 0.10 --rational-matrix-policy-group-activity-damping 0.20 --rational-matrix-policy-group-start 0.02 --rational-matrix-policy-group-end 0.30 --rational-matrix-policy-group-min-scale 0.75 --rational-matrix-policy-group-max-scale 1.35 --rational-matrix-policy-adam-role-strength 0.0 --rational-matrix-policy-adam-role-strength-final 0.0 --rational-matrix-policy-input-depth-gain 0.0 --rational-matrix-policy-output-depth-gain 0.0 --no-rational-matrix-policy-apply-muon-update,A7,MatrixPolicy without role/depth factors and with Muon branch suppressed,5,6,99942400,E9-frozen-2026-07-11,scientific,3,20260710
57,E9_100m_fineweb_edu_m0_99942400_seed8913_a9_rlb_matrixpolicy_no_role_depth_muon_block,E9_100m,fineweb_edu,HuggingFaceFW/fineweb-edu,sample-10BT,text,train,train,210000000,M0,12,768,12,2048,256,16,2,32768,100000000,4000000,3050,50,10,8913,rlb_matrixpolicy_no_role_depth_muon_block,rlb_fused_global_rational,rational_matrix_policy_onpolicy,0.0003,0.00003,0.10,--rational-matrix-policy-backbone-optimizer adamw --rational-matrix-policy-adam-lr-scale 3.0 --rational-matrix-policy-group-gain-strength 0.20 --rational-matrix-policy-group-pressure-strength 0.10 --rational-matrix-policy-group-activity-damping 0.20 --rational-matrix-policy-group-start 0.02 --rational-matrix-policy-group-end 0.30 --rational-matrix-policy-group-min-scale 0.75 --rational-matrix-policy-group-max-scale 1.35 --rational-matrix-policy-adam-role-strength 0.0 --rational-matrix-policy-adam-role-strength-final 0.0 --rational-matrix-policy-input-depth-gain 0.0 --rational-matrix-policy-output-depth-gain 0.0 --rational-matrix-policy-muon-strength 0.0 --rational-matrix-policy-muon-lr-scale 0.0 --rational-matrix-policy-final-muon 0.0 --rational-matrix-policy-min-muon 0.0 --rational-matrix-policy-max-muon 0.0,A9,MatrixPolicy without role/depth-Muon action block,5,7,99942400,E9-frozen-2026-07-11,scientific,3,20260710
58,E9_100m_fineweb_edu_m0_99942400_seed8913_a0_silu_adamw,E9_100m,fineweb_edu,HuggingFaceFW/fineweb-edu,sample-10BT,text,train,train,210000000,M0,12,768,12,2048,256,16,2,32768,100000000,4000000,3050,50,10,8913,silu_adamw,silu,adamw,0.0003,0.00003,0.10,,A0,SiLU + AdamW,5,8,99942400,E9-frozen-2026-07-11,scientific,3,20260710
59,E9_100m_fineweb_edu_m0_99942400_seed8913_a5_rlb_matrixpolicy_no_role_depth,E9_100m,fineweb_edu,HuggingFaceFW/fineweb-edu,sample-10BT,text,train,train,210000000,M0,12,768,12,2048,256,16,2,32768,100000000,4000000,3050,50,10,8913,rlb_matrixpolicy_no_role_depth,rlb_fused_global_rational,rational_matrix_policy_onpolicy,0.0003,0.00003,0.10,--rational-matrix-policy-backbone-optimizer adamw --rational-matrix-policy-adam-lr-scale 3.0 --rational-matrix-policy-group-gain-strength 0.20 --rational-matrix-policy-group-pressure-strength 0.10 --rational-matrix-policy-group-activity-damping 0.20 --rational-matrix-policy-group-start 0.02 --rational-matrix-policy-group-end 0.30 --rational-matrix-policy-group-min-scale 0.75 --rational-matrix-policy-group-max-scale 1.35 --rational-matrix-policy-adam-role-strength 0.0 --rational-matrix-policy-adam-role-strength-final 0.0 --rational-matrix-policy-input-depth-gain 0.0 --rational-matrix-policy-output-depth-gain 0.0,A5,MatrixPolicy without role/depth factors,5,9,99942400,E9-frozen-2026-07-11,scientific,3,20260710
60,E9_100m_fineweb_m0_99942400_seed2479_a9_rlb_matrixpolicy_no_role_depth_muon_block,E9_100m,fineweb,HuggingFaceFW/fineweb,sample-10BT,text,train,train,210000000,M0,12,768,12,2048,256,16,2,32768,100000000,4000000,3050,50,10,2479,rlb_matrixpolicy_no_role_depth_muon_block,rlb_fused_global_rational,rational_matrix_policy_onpolicy,0.0003,0.00003,0.10,--rational-matrix-policy-backbone-optimizer adamw --rational-matrix-policy-adam-lr-scale 3.0 --rational-matrix-policy-group-gain-strength 0.20 --rational-matrix-policy-group-pressure-strength 0.10 --rational-matrix-policy-group-activity-damping 0.20 --rational-matrix-policy-group-start 0.02 --rational-matrix-policy-group-end 0.30 --rational-matrix-policy-group-min-scale 0.75 --rational-matrix-policy-group-max-scale 1.35 --rational-matrix-policy-adam-role-strength 0.0 --rational-matrix-policy-adam-role-strength-final 0.0 --rational-matrix-policy-input-depth-gain 0.0 --rational-matrix-policy-output-depth-gain 0.0 --rational-matrix-policy-muon-strength 0.0 --rational-matrix-policy-muon-lr-scale 0.0 --rational-matrix-policy-final-muon 0.0 --rational-matrix-policy-min-muon 0.0 --rational-matrix-policy-max-muon 0.0,A9,MatrixPolicy without role/depth-Muon action block,6,0,99942400,E9-frozen-2026-07-11,scientific,6,20260710
61,E9_100m_fineweb_m0_99942400_seed2479_a0_silu_adamw,E9_100m,fineweb,HuggingFaceFW/fineweb,sample-10BT,text,train,train,210000000,M0,12,768,12,2048,256,16,2,32768,100000000,4000000,3050,50,10,2479,silu_adamw,silu,adamw,0.0003,0.00003,0.10,,A0,SiLU + AdamW,6,1,99942400,E9-frozen-2026-07-11,scientific,6,20260710
62,E9_100m_fineweb_m0_99942400_seed2479_a5_rlb_matrixpolicy_no_role_depth,E9_100m,fineweb,HuggingFaceFW/fineweb,sample-10BT,text,train,train,210000000,M0,12,768,12,2048,256,16,2,32768,100000000,4000000,3050,50,10,2479,rlb_matrixpolicy_no_role_depth,rlb_fused_global_rational,rational_matrix_policy_onpolicy,0.0003,0.00003,0.10,--rational-matrix-policy-backbone-optimizer adamw --rational-matrix-policy-adam-lr-scale 3.0 --rational-matrix-policy-group-gain-strength 0.20 --rational-matrix-policy-group-pressure-strength 0.10 --rational-matrix-policy-group-activity-damping 0.20 --rational-matrix-policy-group-start 0.02 --rational-matrix-policy-group-end 0.30 --rational-matrix-policy-group-min-scale 0.75 --rational-matrix-policy-group-max-scale 1.35 --rational-matrix-policy-adam-role-strength 0.0 --rational-matrix-policy-adam-role-strength-final 0.0 --rational-matrix-policy-input-depth-gain 0.0 --rational-matrix-policy-output-depth-gain 0.0,A5,MatrixPolicy without role/depth factors,6,2,99942400,E9-frozen-2026-07-11,scientific,6,20260710
63,E9_100m_fineweb_m0_99942400_seed2479_a1_rlb_adamw,E9_100m,fineweb,HuggingFaceFW/fineweb,sample-10BT,text,train,train,210000000,M0,12,768,12,2048,256,16,2,32768,100000000,4000000,3050,50,10,2479,rlb_adamw,rlb_fused_global_rational,adamw,0.0003,0.00003,0.10,,A1,RLB + AdamW,6,3,99942400,E9-frozen-2026-07-11,scientific,6,20260710
64,E9_100m_fineweb_m0_99942400_seed2479_a3_rlb_matrixpolicy_full,E9_100m,fineweb,HuggingFaceFW/fineweb,sample-10BT,text,train,train,210000000,M0,12,768,12,2048,256,16,2,32768,100000000,4000000,3050,50,10,2479,rlb_matrixpolicy_full,rlb_fused_global_rational,rational_matrix_policy_onpolicy,0.0003,0.00003,0.10,--rational-matrix-policy-backbone-optimizer adamw --rational-matrix-policy-adam-lr-scale 3.0 --rational-matrix-policy-group-gain-strength 0.20 --rational-matrix-policy-group-pressure-strength 0.10 --rational-matrix-policy-group-activity-damping 0.20 --rational-matrix-policy-group-start 0.02 --rational-matrix-policy-group-end 0.30 --rational-matrix-policy-group-min-scale 0.75 --rational-matrix-policy-group-max-scale 1.35,A3,RLB + MatrixPolicy,6,4,99942400,E9-frozen-2026-07-11,scientific,6,20260710
65,E9_100m_fineweb_m0_99942400_seed2479_a4_rlb_matrixpolicy_no_group_gate,E9_100m,fineweb,HuggingFaceFW/fineweb,sample-10BT,text,train,train,210000000,M0,12,768,12,2048,256,16,2,32768,100000000,4000000,3050,50,10,2479,rlb_matrixpolicy_no_group_gate,rlb_fused_global_rational,rational_matrix_policy_onpolicy,0.0003,0.00003,0.10,--rational-matrix-policy-backbone-optimizer adamw --rational-matrix-policy-adam-lr-scale 3.0 --rational-matrix-policy-group-gain-strength 0.20 --rational-matrix-policy-group-pressure-strength 0.10 --rational-matrix-policy-group-activity-damping 0.20 --rational-matrix-policy-group-start 0.02 --rational-matrix-policy-group-end 0.30 --rational-matrix-policy-group-min-scale 0.75 --rational-matrix-policy-group-max-scale 1.35 --rational-matrix-policy-group-gain-strength 0.0 --rational-matrix-policy-group-pressure-strength 0.0 --rational-matrix-policy-group-activity-damping 0.0,A4,MatrixPolicy without group-stat gradient gating,6,5,99942400,E9-frozen-2026-07-11,scientific,6,20260710
66,E9_100m_fineweb_m0_99942400_seed2479_a8_rlb_matrixpolicy_no_pair_rescale,E9_100m,fineweb,HuggingFaceFW/fineweb,sample-10BT,text,train,train,210000000,M0,12,768,12,2048,256,16,2,32768,100000000,4000000,3050,50,10,2479,rlb_matrixpolicy_no_pair_rescale,rlb_fused_global_rational,rational_matrix_policy_onpolicy,0.0003,0.00003,0.10,--rational-matrix-policy-backbone-optimizer adamw --rational-matrix-policy-adam-lr-scale 3.0 --rational-matrix-policy-group-gain-strength 0.20 --rational-matrix-policy-group-pressure-strength 0.10 --rational-matrix-policy-group-activity-damping 0.20 --rational-matrix-policy-group-start 0.02 --rational-matrix-policy-group-end 0.30 --rational-matrix-policy-group-min-scale 0.75 --rational-matrix-policy-group-max-scale 1.35 --rlb-gauge-strength 0.0,A8,MatrixPolicy without reciprocal pair rescaling,6,6,99942400,E9-frozen-2026-07-11,scientific,6,20260710
67,E9_100m_fineweb_m0_99942400_seed2479_a2_rlb_matrixpolicy_static_shell,E9_100m,fineweb,HuggingFaceFW/fineweb,sample-10BT,text,train,train,210000000,M0,12,768,12,2048,256,16,2,32768,100000000,4000000,3050,50,10,2479,rlb_matrixpolicy_static_shell,rlb_fused_global_rational,rational_matrix_policy_onpolicy,0.0003,0.00003,0.10,--rational-matrix-policy-backbone-optimizer adamw --rational-matrix-policy-adam-lr-scale 3.0 --rational-matrix-policy-group-gain-strength 0.20 --rational-matrix-policy-group-pressure-strength 0.10 --rational-matrix-policy-group-activity-damping 0.20 --rational-matrix-policy-group-start 0.02 --rational-matrix-policy-group-end 0.30 --rational-matrix-policy-group-min-scale 0.75 --rational-matrix-policy-group-max-scale 1.35 --rational-matrix-policy-group-gain-strength 0.0 --rational-matrix-policy-group-pressure-strength 0.0 --rational-matrix-policy-group-activity-damping 0.0 --rational-matrix-policy-adam-role-strength 0.0 --rational-matrix-policy-adam-role-strength-final 0.0 --rational-matrix-policy-input-depth-gain 0.0 --rational-matrix-policy-output-depth-gain 0.0 --rational-matrix-policy-muon-strength 0.0 --rational-matrix-policy-muon-lr-scale 0.0 --rational-matrix-policy-final-muon 0.0 --rational-matrix-policy-min-muon 0.0 --rational-matrix-policy-max-muon 0.0 --rlb-gauge-strength 0.0,A2,RLB + static MatrixPolicy optimizer-recipe shell,6,7,99942400,E9-frozen-2026-07-11,scientific,6,20260710
68,E9_100m_fineweb_m0_99942400_seed2479_a6_rlb_matrixpolicy_muon_branch_suppressed,E9_100m,fineweb,HuggingFaceFW/fineweb,sample-10BT,text,train,train,210000000,M0,12,768,12,2048,256,16,2,32768,100000000,4000000,3050,50,10,2479,rlb_matrixpolicy_muon_branch_suppressed,rlb_fused_global_rational,rational_matrix_policy_onpolicy,0.0003,0.00003,0.10,--rational-matrix-policy-backbone-optimizer adamw --rational-matrix-policy-adam-lr-scale 3.0 --rational-matrix-policy-group-gain-strength 0.20 --rational-matrix-policy-group-pressure-strength 0.10 --rational-matrix-policy-group-activity-damping 0.20 --rational-matrix-policy-group-start 0.02 --rational-matrix-policy-group-end 0.30 --rational-matrix-policy-group-min-scale 0.75 --rational-matrix-policy-group-max-scale 1.35 --no-rational-matrix-policy-apply-muon-update,A6,MatrixPolicy with transient Muon branch suppressed at fixed schedule,6,8,99942400,E9-frozen-2026-07-11,scientific,6,20260710
69,E9_100m_fineweb_m0_99942400_seed2479_a7_rlb_matrixpolicy_no_role_depth_muon_branch_suppressed,E9_100m,fineweb,HuggingFaceFW/fineweb,sample-10BT,text,train,train,210000000,M0,12,768,12,2048,256,16,2,32768,100000000,4000000,3050,50,10,2479,rlb_matrixpolicy_no_role_depth_muon_branch_suppressed,rlb_fused_global_rational,rational_matrix_policy_onpolicy,0.0003,0.00003,0.10,--rational-matrix-policy-backbone-optimizer adamw --rational-matrix-policy-adam-lr-scale 3.0 --rational-matrix-policy-group-gain-strength 0.20 --rational-matrix-policy-group-pressure-strength 0.10 --rational-matrix-policy-group-activity-damping 0.20 --rational-matrix-policy-group-start 0.02 --rational-matrix-policy-group-end 0.30 --rational-matrix-policy-group-min-scale 0.75 --rational-matrix-policy-group-max-scale 1.35 --rational-matrix-policy-adam-role-strength 0.0 --rational-matrix-policy-adam-role-strength-final 0.0 --rational-matrix-policy-input-depth-gain 0.0 --rational-matrix-policy-output-depth-gain 0.0 --no-rational-matrix-policy-apply-muon-update,A7,MatrixPolicy without role/depth factors and with Muon branch suppressed,6,9,99942400,E9-frozen-2026-07-11,scientific,6,20260710
70,E9_100m_fineweb_m0_99942400_seed5052_a7_rlb_matrixpolicy_no_role_depth_muon_branch_suppressed,E9_100m,fineweb,HuggingFaceFW/fineweb,sample-10BT,text,train,train,210000000,M0,12,768,12,2048,256,16,2,32768,100000000,4000000,3050,50,10,5052,rlb_matrixpolicy_no_role_depth_muon_branch_suppressed,rlb_fused_global_rational,rational_matrix_policy_onpolicy,0.0003,0.00003,0.10,--rational-matrix-policy-backbone-optimizer adamw --rational-matrix-policy-adam-lr-scale 3.0 --rational-matrix-policy-group-gain-strength 0.20 --rational-matrix-policy-group-pressure-strength 0.10 --rational-matrix-policy-group-activity-damping 0.20 --rational-matrix-policy-group-start 0.02 --rational-matrix-policy-group-end 0.30 --rational-matrix-policy-group-min-scale 0.75 --rational-matrix-policy-group-max-scale 1.35 --rational-matrix-policy-adam-role-strength 0.0 --rational-matrix-policy-adam-role-strength-final 0.0 --rational-matrix-policy-input-depth-gain 0.0 --rational-matrix-policy-output-depth-gain 0.0 --no-rational-matrix-policy-apply-muon-update,A7,MatrixPolicy without role/depth factors and with Muon branch suppressed,7,0,99942400,E9-frozen-2026-07-11,scientific,6,20260710
71,E9_100m_fineweb_m0_99942400_seed5052_a9_rlb_matrixpolicy_no_role_depth_muon_block,E9_100m,fineweb,HuggingFaceFW/fineweb,sample-10BT,text,train,train,210000000,M0,12,768,12,2048,256,16,2,32768,100000000,4000000,3050,50,10,5052,rlb_matrixpolicy_no_role_depth_muon_block,rlb_fused_global_rational,rational_matrix_policy_onpolicy,0.0003,0.00003,0.10,--rational-matrix-policy-backbone-optimizer adamw --rational-matrix-policy-adam-lr-scale 3.0 --rational-matrix-policy-group-gain-strength 0.20 --rational-matrix-policy-group-pressure-strength 0.10 --rational-matrix-policy-group-activity-damping 0.20 --rational-matrix-policy-group-start 0.02 --rational-matrix-policy-group-end 0.30 --rational-matrix-policy-group-min-scale 0.75 --rational-matrix-policy-group-max-scale 1.35 --rational-matrix-policy-adam-role-strength 0.0 --rational-matrix-policy-adam-role-strength-final 0.0 --rational-matrix-policy-input-depth-gain 0.0 --rational-matrix-policy-output-depth-gain 0.0 --rational-matrix-policy-muon-strength 0.0 --rational-matrix-policy-muon-lr-scale 0.0 --rational-matrix-policy-final-muon 0.0 --rational-matrix-policy-min-muon 0.0 --rational-matrix-policy-max-muon 0.0,A9,MatrixPolicy without role/depth-Muon action block,7,1,99942400,E9-frozen-2026-07-11,scientific,6,20260710
72,E9_100m_fineweb_m0_99942400_seed5052_a0_silu_adamw,E9_100m,fineweb,HuggingFaceFW/fineweb,sample-10BT,text,train,train,210000000,M0,12,768,12,2048,256,16,2,32768,100000000,4000000,3050,50,10,5052,silu_adamw,silu,adamw,0.0003,0.00003,0.10,,A0,SiLU + AdamW,7,2,99942400,E9-frozen-2026-07-11,scientific,6,20260710
73,E9_100m_fineweb_m0_99942400_seed5052_a5_rlb_matrixpolicy_no_role_depth,E9_100m,fineweb,HuggingFaceFW/fineweb,sample-10BT,text,train,train,210000000,M0,12,768,12,2048,256,16,2,32768,100000000,4000000,3050,50,10,5052,rlb_matrixpolicy_no_role_depth,rlb_fused_global_rational,rational_matrix_policy_onpolicy,0.0003,0.00003,0.10,--rational-matrix-policy-backbone-optimizer adamw --rational-matrix-policy-adam-lr-scale 3.0 --rational-matrix-policy-group-gain-strength 0.20 --rational-matrix-policy-group-pressure-strength 0.10 --rational-matrix-policy-group-activity-damping 0.20 --rational-matrix-policy-group-start 0.02 --rational-matrix-policy-group-end 0.30 --rational-matrix-policy-group-min-scale 0.75 --rational-matrix-policy-group-max-scale 1.35 --rational-matrix-policy-adam-role-strength 0.0 --rational-matrix-policy-adam-role-strength-final 0.0 --rational-matrix-policy-input-depth-gain 0.0 --rational-matrix-policy-output-depth-gain 0.0,A5,MatrixPolicy without role/depth factors,7,3,99942400,E9-frozen-2026-07-11,scientific,6,20260710
74,E9_100m_fineweb_m0_99942400_seed5052_a1_rlb_adamw,E9_100m,fineweb,HuggingFaceFW/fineweb,sample-10BT,text,train,train,210000000,M0,12,768,12,2048,256,16,2,32768,100000000,4000000,3050,50,10,5052,rlb_adamw,rlb_fused_global_rational,adamw,0.0003,0.00003,0.10,,A1,RLB + AdamW,7,4,99942400,E9-frozen-2026-07-11,scientific,6,20260710
75,E9_100m_fineweb_m0_99942400_seed5052_a3_rlb_matrixpolicy_full,E9_100m,fineweb,HuggingFaceFW/fineweb,sample-10BT,text,train,train,210000000,M0,12,768,12,2048,256,16,2,32768,100000000,4000000,3050,50,10,5052,rlb_matrixpolicy_full,rlb_fused_global_rational,rational_matrix_policy_onpolicy,0.0003,0.00003,0.10,--rational-matrix-policy-backbone-optimizer adamw --rational-matrix-policy-adam-lr-scale 3.0 --rational-matrix-policy-group-gain-strength 0.20 --rational-matrix-policy-group-pressure-strength 0.10 --rational-matrix-policy-group-activity-damping 0.20 --rational-matrix-policy-group-start 0.02 --rational-matrix-policy-group-end 0.30 --rational-matrix-policy-group-min-scale 0.75 --rational-matrix-policy-group-max-scale 1.35,A3,RLB + MatrixPolicy,7,5,99942400,E9-frozen-2026-07-11,scientific,6,20260710
76,E9_100m_fineweb_m0_99942400_seed5052_a4_rlb_matrixpolicy_no_group_gate,E9_100m,fineweb,HuggingFaceFW/fineweb,sample-10BT,text,train,train,210000000,M0,12,768,12,2048,256,16,2,32768,100000000,4000000,3050,50,10,5052,rlb_matrixpolicy_no_group_gate,rlb_fused_global_rational,rational_matrix_policy_onpolicy,0.0003,0.00003,0.10,--rational-matrix-policy-backbone-optimizer adamw --rational-matrix-policy-adam-lr-scale 3.0 --rational-matrix-policy-group-gain-strength 0.20 --rational-matrix-policy-group-pressure-strength 0.10 --rational-matrix-policy-group-activity-damping 0.20 --rational-matrix-policy-group-start 0.02 --rational-matrix-policy-group-end 0.30 --rational-matrix-policy-group-min-scale 0.75 --rational-matrix-policy-group-max-scale 1.35 --rational-matrix-policy-group-gain-strength 0.0 --rational-matrix-policy-group-pressure-strength 0.0 --rational-matrix-policy-group-activity-damping 0.0,A4,MatrixPolicy without group-stat gradient gating,7,6,99942400,E9-frozen-2026-07-11,scientific,6,20260710
77,E9_100m_fineweb_m0_99942400_seed5052_a8_rlb_matrixpolicy_no_pair_rescale,E9_100m,fineweb,HuggingFaceFW/fineweb,sample-10BT,text,train,train,210000000,M0,12,768,12,2048,256,16,2,32768,100000000,4000000,3050,50,10,5052,rlb_matrixpolicy_no_pair_rescale,rlb_fused_global_rational,rational_matrix_policy_onpolicy,0.0003,0.00003,0.10,--rational-matrix-policy-backbone-optimizer adamw --rational-matrix-policy-adam-lr-scale 3.0 --rational-matrix-policy-group-gain-strength 0.20 --rational-matrix-policy-group-pressure-strength 0.10 --rational-matrix-policy-group-activity-damping 0.20 --rational-matrix-policy-group-start 0.02 --rational-matrix-policy-group-end 0.30 --rational-matrix-policy-group-min-scale 0.75 --rational-matrix-policy-group-max-scale 1.35 --rlb-gauge-strength 0.0,A8,MatrixPolicy without reciprocal pair rescaling,7,7,99942400,E9-frozen-2026-07-11,scientific,6,20260710
78,E9_100m_fineweb_m0_99942400_seed5052_a2_rlb_matrixpolicy_static_shell,E9_100m,fineweb,HuggingFaceFW/fineweb,sample-10BT,text,train,train,210000000,M0,12,768,12,2048,256,16,2,32768,100000000,4000000,3050,50,10,5052,rlb_matrixpolicy_static_shell,rlb_fused_global_rational,rational_matrix_policy_onpolicy,0.0003,0.00003,0.10,--rational-matrix-policy-backbone-optimizer adamw --rational-matrix-policy-adam-lr-scale 3.0 --rational-matrix-policy-group-gain-strength 0.20 --rational-matrix-policy-group-pressure-strength 0.10 --rational-matrix-policy-group-activity-damping 0.20 --rational-matrix-policy-group-start 0.02 --rational-matrix-policy-group-end 0.30 --rational-matrix-policy-group-min-scale 0.75 --rational-matrix-policy-group-max-scale 1.35 --rational-matrix-policy-group-gain-strength 0.0 --rational-matrix-policy-group-pressure-strength 0.0 --rational-matrix-policy-group-activity-damping 0.0 --rational-matrix-policy-adam-role-strength 0.0 --rational-matrix-policy-adam-role-strength-final 0.0 --rational-matrix-policy-input-depth-gain 0.0 --rational-matrix-policy-output-depth-gain 0.0 --rational-matrix-policy-muon-strength 0.0 --rational-matrix-policy-muon-lr-scale 0.0 --rational-matrix-policy-final-muon 0.0 --rational-matrix-policy-min-muon 0.0 --rational-matrix-policy-max-muon 0.0 --rlb-gauge-strength 0.0,A2,RLB + static MatrixPolicy optimizer-recipe shell,7,8,99942400,E9-frozen-2026-07-11,scientific,6,20260710
79,E9_100m_fineweb_m0_99942400_seed5052_a6_rlb_matrixpolicy_muon_branch_suppressed,E9_100m,fineweb,HuggingFaceFW/fineweb,sample-10BT,text,train,train,210000000,M0,12,768,12,2048,256,16,2,32768,100000000,4000000,3050,50,10,5052,rlb_matrixpolicy_muon_branch_suppressed,rlb_fused_global_rational,rational_matrix_policy_onpolicy,0.0003,0.00003,0.10,--rational-matrix-policy-backbone-optimizer adamw --rational-matrix-policy-adam-lr-scale 3.0 --rational-matrix-policy-group-gain-strength 0.20 --rational-matrix-policy-group-pressure-strength 0.10 --rational-matrix-policy-group-activity-damping 0.20 --rational-matrix-policy-group-start 0.02 --rational-matrix-policy-group-end 0.30 --rational-matrix-policy-group-min-scale 0.75 --rational-matrix-policy-group-max-scale 1.35 --no-rational-matrix-policy-apply-muon-update,A6,MatrixPolicy with transient Muon branch suppressed at fixed schedule,7,9,99942400,E9-frozen-2026-07-11,scientific,6,20260710
80,E9_100m_fineweb_m0_99942400_seed8913_a8_rlb_matrixpolicy_no_pair_rescale,E9_100m,fineweb,HuggingFaceFW/fineweb,sample-10BT,text,train,train,210000000,M0,12,768,12,2048,256,16,2,32768,100000000,4000000,3050,50,10,8913,rlb_matrixpolicy_no_pair_rescale,rlb_fused_global_rational,rational_matrix_policy_onpolicy,0.0003,0.00003,0.10,--rational-matrix-policy-backbone-optimizer adamw --rational-matrix-policy-adam-lr-scale 3.0 --rational-matrix-policy-group-gain-strength 0.20 --rational-matrix-policy-group-pressure-strength 0.10 --rational-matrix-policy-group-activity-damping 0.20 --rational-matrix-policy-group-start 0.02 --rational-matrix-policy-group-end 0.30 --rational-matrix-policy-group-min-scale 0.75 --rational-matrix-policy-group-max-scale 1.35 --rlb-gauge-strength 0.0,A8,MatrixPolicy without reciprocal pair rescaling,8,0,99942400,E9-frozen-2026-07-11,scientific,6,20260710
81,E9_100m_fineweb_m0_99942400_seed8913_a2_rlb_matrixpolicy_static_shell,E9_100m,fineweb,HuggingFaceFW/fineweb,sample-10BT,text,train,train,210000000,M0,12,768,12,2048,256,16,2,32768,100000000,4000000,3050,50,10,8913,rlb_matrixpolicy_static_shell,rlb_fused_global_rational,rational_matrix_policy_onpolicy,0.0003,0.00003,0.10,--rational-matrix-policy-backbone-optimizer adamw --rational-matrix-policy-adam-lr-scale 3.0 --rational-matrix-policy-group-gain-strength 0.20 --rational-matrix-policy-group-pressure-strength 0.10 --rational-matrix-policy-group-activity-damping 0.20 --rational-matrix-policy-group-start 0.02 --rational-matrix-policy-group-end 0.30 --rational-matrix-policy-group-min-scale 0.75 --rational-matrix-policy-group-max-scale 1.35 --rational-matrix-policy-group-gain-strength 0.0 --rational-matrix-policy-group-pressure-strength 0.0 --rational-matrix-policy-group-activity-damping 0.0 --rational-matrix-policy-adam-role-strength 0.0 --rational-matrix-policy-adam-role-strength-final 0.0 --rational-matrix-policy-input-depth-gain 0.0 --rational-matrix-policy-output-depth-gain 0.0 --rational-matrix-policy-muon-strength 0.0 --rational-matrix-policy-muon-lr-scale 0.0 --rational-matrix-policy-final-muon 0.0 --rational-matrix-policy-min-muon 0.0 --rational-matrix-policy-max-muon 0.0 --rlb-gauge-strength 0.0,A2,RLB + static MatrixPolicy optimizer-recipe shell,8,1,99942400,E9-frozen-2026-07-11,scientific,6,20260710
82,E9_100m_fineweb_m0_99942400_seed8913_a6_rlb_matrixpolicy_muon_branch_suppressed,E9_100m,fineweb,HuggingFaceFW/fineweb,sample-10BT,text,train,train,210000000,M0,12,768,12,2048,256,16,2,32768,100000000,4000000,3050,50,10,8913,rlb_matrixpolicy_muon_branch_suppressed,rlb_fused_global_rational,rational_matrix_policy_onpolicy,0.0003,0.00003,0.10,--rational-matrix-policy-backbone-optimizer adamw --rational-matrix-policy-adam-lr-scale 3.0 --rational-matrix-policy-group-gain-strength 0.20 --rational-matrix-policy-group-pressure-strength 0.10 --rational-matrix-policy-group-activity-damping 0.20 --rational-matrix-policy-group-start 0.02 --rational-matrix-policy-group-end 0.30 --rational-matrix-policy-group-min-scale 0.75 --rational-matrix-policy-group-max-scale 1.35 --no-rational-matrix-policy-apply-muon-update,A6,MatrixPolicy with transient Muon branch suppressed at fixed schedule,8,2,99942400,E9-frozen-2026-07-11,scientific,6,20260710
83,E9_100m_fineweb_m0_99942400_seed8913_a7_rlb_matrixpolicy_no_role_depth_muon_branch_suppressed,E9_100m,fineweb,HuggingFaceFW/fineweb,sample-10BT,text,train,train,210000000,M0,12,768,12,2048,256,16,2,32768,100000000,4000000,3050,50,10,8913,rlb_matrixpolicy_no_role_depth_muon_branch_suppressed,rlb_fused_global_rational,rational_matrix_policy_onpolicy,0.0003,0.00003,0.10,--rational-matrix-policy-backbone-optimizer adamw --rational-matrix-policy-adam-lr-scale 3.0 --rational-matrix-policy-group-gain-strength 0.20 --rational-matrix-policy-group-pressure-strength 0.10 --rational-matrix-policy-group-activity-damping 0.20 --rational-matrix-policy-group-start 0.02 --rational-matrix-policy-group-end 0.30 --rational-matrix-policy-group-min-scale 0.75 --rational-matrix-policy-group-max-scale 1.35 --rational-matrix-policy-adam-role-strength 0.0 --rational-matrix-policy-adam-role-strength-final 0.0 --rational-matrix-policy-input-depth-gain 0.0 --rational-matrix-policy-output-depth-gain 0.0 --no-rational-matrix-policy-apply-muon-update,A7,MatrixPolicy without role/depth factors and with Muon branch suppressed,8,3,99942400,E9-frozen-2026-07-11,scientific,6,20260710
84,E9_100m_fineweb_m0_99942400_seed8913_a9_rlb_matrixpolicy_no_role_depth_muon_block,E9_100m,fineweb,HuggingFaceFW/fineweb,sample-10BT,text,train,train,210000000,M0,12,768,12,2048,256,16,2,32768,100000000,4000000,3050,50,10,8913,rlb_matrixpolicy_no_role_depth_muon_block,rlb_fused_global_rational,rational_matrix_policy_onpolicy,0.0003,0.00003,0.10,--rational-matrix-policy-backbone-optimizer adamw --rational-matrix-policy-adam-lr-scale 3.0 --rational-matrix-policy-group-gain-strength 0.20 --rational-matrix-policy-group-pressure-strength 0.10 --rational-matrix-policy-group-activity-damping 0.20 --rational-matrix-policy-group-start 0.02 --rational-matrix-policy-group-end 0.30 --rational-matrix-policy-group-min-scale 0.75 --rational-matrix-policy-group-max-scale 1.35 --rational-matrix-policy-adam-role-strength 0.0 --rational-matrix-policy-adam-role-strength-final 0.0 --rational-matrix-policy-input-depth-gain 0.0 --rational-matrix-policy-output-depth-gain 0.0 --rational-matrix-policy-muon-strength 0.0 --rational-matrix-policy-muon-lr-scale 0.0 --rational-matrix-policy-final-muon 0.0 --rational-matrix-policy-min-muon 0.0 --rational-matrix-policy-max-muon 0.0,A9,MatrixPolicy without role/depth-Muon action block,8,4,99942400,E9-frozen-2026-07-11,scientific,6,20260710
85,E9_100m_fineweb_m0_99942400_seed8913_a0_silu_adamw,E9_100m,fineweb,HuggingFaceFW/fineweb,sample-10BT,text,train,train,210000000,M0,12,768,12,2048,256,16,2,32768,100000000,4000000,3050,50,10,8913,silu_adamw,silu,adamw,0.0003,0.00003,0.10,,A0,SiLU + AdamW,8,5,99942400,E9-frozen-2026-07-11,scientific,6,20260710
86,E9_100m_fineweb_m0_99942400_seed8913_a5_rlb_matrixpolicy_no_role_depth,E9_100m,fineweb,HuggingFaceFW/fineweb,sample-10BT,text,train,train,210000000,M0,12,768,12,2048,256,16,2,32768,100000000,4000000,3050,50,10,8913,rlb_matrixpolicy_no_role_depth,rlb_fused_global_rational,rational_matrix_policy_onpolicy,0.0003,0.00003,0.10,--rational-matrix-policy-backbone-optimizer adamw --rational-matrix-policy-adam-lr-scale 3.0 --rational-matrix-policy-group-gain-strength 0.20 --rational-matrix-policy-group-pressure-strength 0.10 --rational-matrix-policy-group-activity-damping 0.20 --rational-matrix-policy-group-start 0.02 --rational-matrix-policy-group-end 0.30 --rational-matrix-policy-group-min-scale 0.75 --rational-matrix-policy-group-max-scale 1.35 --rational-matrix-policy-adam-role-strength 0.0 --rational-matrix-policy-adam-role-strength-final 0.0 --rational-matrix-policy-input-depth-gain 0.0 --rational-matrix-policy-output-depth-gain 0.0,A5,MatrixPolicy without role/depth factors,8,6,99942400,E9-frozen-2026-07-11,scientific,6,20260710
87,E9_100m_fineweb_m0_99942400_seed8913_a1_rlb_adamw,E9_100m,fineweb,HuggingFaceFW/fineweb,sample-10BT,text,train,train,210000000,M0,12,768,12,2048,256,16,2,32768,100000000,4000000,3050,50,10,8913,rlb_adamw,rlb_fused_global_rational,adamw,0.0003,0.00003,0.10,,A1,RLB + AdamW,8,7,99942400,E9-frozen-2026-07-11,scientific,6,20260710
88,E9_100m_fineweb_m0_99942400_seed8913_a3_rlb_matrixpolicy_full,E9_100m,fineweb,HuggingFaceFW/fineweb,sample-10BT,text,train,train,210000000,M0,12,768,12,2048,256,16,2,32768,100000000,4000000,3050,50,10,8913,rlb_matrixpolicy_full,rlb_fused_global_rational,rational_matrix_policy_onpolicy,0.0003,0.00003,0.10,--rational-matrix-policy-backbone-optimizer adamw --rational-matrix-policy-adam-lr-scale 3.0 --rational-matrix-policy-group-gain-strength 0.20 --rational-matrix-policy-group-pressure-strength 0.10 --rational-matrix-policy-group-activity-damping 0.20 --rational-matrix-policy-group-start 0.02 --rational-matrix-policy-group-end 0.30 --rational-matrix-policy-group-min-scale 0.75 --rational-matrix-policy-group-max-scale 1.35,A3,RLB + MatrixPolicy,8,8,99942400,E9-frozen-2026-07-11,scientific,6,20260710
89,E9_100m_fineweb_m0_99942400_seed8913_a4_rlb_matrixpolicy_no_group_gate,E9_100m,fineweb,HuggingFaceFW/fineweb,sample-10BT,text,train,train,210000000,M0,12,768,12,2048,256,16,2,32768,100000000,4000000,3050,50,10,8913,rlb_matrixpolicy_no_group_gate,rlb_fused_global_rational,rational_matrix_policy_onpolicy,0.0003,0.00003,0.10,--rational-matrix-policy-backbone-optimizer adamw --rational-matrix-policy-adam-lr-scale 3.0 --rational-matrix-policy-group-gain-strength 0.20 --rational-matrix-policy-group-pressure-strength 0.10 --rational-matrix-policy-group-activity-damping 0.20 --rational-matrix-policy-group-start 0.02 --rational-matrix-policy-group-end 0.30 --rational-matrix-policy-group-min-scale 0.75 --rational-matrix-policy-group-max-scale 1.35 --rational-matrix-policy-group-gain-strength 0.0 --rational-matrix-policy-group-pressure-strength 0.0 --rational-matrix-policy-group-activity-damping 0.0,A4,MatrixPolicy without group-stat gradient gating,8,9,99942400,E9-frozen-2026-07-11,scientific,6,20260710
90,E9_100m_dolma_sample_m0_99942400_seed2479_a3_rlb_matrixpolicy_full,E9_100m,dolma_sample,allenai/dolma,v1_6-sample,text,train,train,210000000,M0,12,768,12,2048,256,16,2,32768,100000000,4000000,3050,50,10,2479,rlb_matrixpolicy_full,rlb_fused_global_rational,rational_matrix_policy_onpolicy,0.0003,0.00003,0.10,--rational-matrix-policy-backbone-optimizer adamw --rational-matrix-policy-adam-lr-scale 3.0 --rational-matrix-policy-group-gain-strength 0.20 --rational-matrix-policy-group-pressure-strength 0.10 --rational-matrix-policy-group-activity-damping 0.20 --rational-matrix-policy-group-start 0.02 --rational-matrix-policy-group-end 0.30 --rational-matrix-policy-group-min-scale 0.75 --rational-matrix-policy-group-max-scale 1.35,A3,RLB + MatrixPolicy,9,0,99942400,E9-frozen-2026-07-11,scientific,9,20260710
91,E9_100m_dolma_sample_m0_99942400_seed2479_a4_rlb_matrixpolicy_no_group_gate,E9_100m,dolma_sample,allenai/dolma,v1_6-sample,text,train,train,210000000,M0,12,768,12,2048,256,16,2,32768,100000000,4000000,3050,50,10,2479,rlb_matrixpolicy_no_group_gate,rlb_fused_global_rational,rational_matrix_policy_onpolicy,0.0003,0.00003,0.10,--rational-matrix-policy-backbone-optimizer adamw --rational-matrix-policy-adam-lr-scale 3.0 --rational-matrix-policy-group-gain-strength 0.20 --rational-matrix-policy-group-pressure-strength 0.10 --rational-matrix-policy-group-activity-damping 0.20 --rational-matrix-policy-group-start 0.02 --rational-matrix-policy-group-end 0.30 --rational-matrix-policy-group-min-scale 0.75 --rational-matrix-policy-group-max-scale 1.35 --rational-matrix-policy-group-gain-strength 0.0 --rational-matrix-policy-group-pressure-strength 0.0 --rational-matrix-policy-group-activity-damping 0.0,A4,MatrixPolicy without group-stat gradient gating,9,1,99942400,E9-frozen-2026-07-11,scientific,9,20260710
92,E9_100m_dolma_sample_m0_99942400_seed2479_a8_rlb_matrixpolicy_no_pair_rescale,E9_100m,dolma_sample,allenai/dolma,v1_6-sample,text,train,train,210000000,M0,12,768,12,2048,256,16,2,32768,100000000,4000000,3050,50,10,2479,rlb_matrixpolicy_no_pair_rescale,rlb_fused_global_rational,rational_matrix_policy_onpolicy,0.0003,0.00003,0.10,--rational-matrix-policy-backbone-optimizer adamw --rational-matrix-policy-adam-lr-scale 3.0 --rational-matrix-policy-group-gain-strength 0.20 --rational-matrix-policy-group-pressure-strength 0.10 --rational-matrix-policy-group-activity-damping 0.20 --rational-matrix-policy-group-start 0.02 --rational-matrix-policy-group-end 0.30 --rational-matrix-policy-group-min-scale 0.75 --rational-matrix-policy-group-max-scale 1.35 --rlb-gauge-strength 0.0,A8,MatrixPolicy without reciprocal pair rescaling,9,2,99942400,E9-frozen-2026-07-11,scientific,9,20260710
93,E9_100m_dolma_sample_m0_99942400_seed2479_a2_rlb_matrixpolicy_static_shell,E9_100m,dolma_sample,allenai/dolma,v1_6-sample,text,train,train,210000000,M0,12,768,12,2048,256,16,2,32768,100000000,4000000,3050,50,10,2479,rlb_matrixpolicy_static_shell,rlb_fused_global_rational,rational_matrix_policy_onpolicy,0.0003,0.00003,0.10,--rational-matrix-policy-backbone-optimizer adamw --rational-matrix-policy-adam-lr-scale 3.0 --rational-matrix-policy-group-gain-strength 0.20 --rational-matrix-policy-group-pressure-strength 0.10 --rational-matrix-policy-group-activity-damping 0.20 --rational-matrix-policy-group-start 0.02 --rational-matrix-policy-group-end 0.30 --rational-matrix-policy-group-min-scale 0.75 --rational-matrix-policy-group-max-scale 1.35 --rational-matrix-policy-group-gain-strength 0.0 --rational-matrix-policy-group-pressure-strength 0.0 --rational-matrix-policy-group-activity-damping 0.0 --rational-matrix-policy-adam-role-strength 0.0 --rational-matrix-policy-adam-role-strength-final 0.0 --rational-matrix-policy-input-depth-gain 0.0 --rational-matrix-policy-output-depth-gain 0.0 --rational-matrix-policy-muon-strength 0.0 --rational-matrix-policy-muon-lr-scale 0.0 --rational-matrix-policy-final-muon 0.0 --rational-matrix-policy-min-muon 0.0 --rational-matrix-policy-max-muon 0.0 --rlb-gauge-strength 0.0,A2,RLB + static MatrixPolicy optimizer-recipe shell,9,3,99942400,E9-frozen-2026-07-11,scientific,9,20260710
94,E9_100m_dolma_sample_m0_99942400_seed2479_a6_rlb_matrixpolicy_muon_branch_suppressed,E9_100m,dolma_sample,allenai/dolma,v1_6-sample,text,train,train,210000000,M0,12,768,12,2048,256,16,2,32768,100000000,4000000,3050,50,10,2479,rlb_matrixpolicy_muon_branch_suppressed,rlb_fused_global_rational,rational_matrix_policy_onpolicy,0.0003,0.00003,0.10,--rational-matrix-policy-backbone-optimizer adamw --rational-matrix-policy-adam-lr-scale 3.0 --rational-matrix-policy-group-gain-strength 0.20 --rational-matrix-policy-group-pressure-strength 0.10 --rational-matrix-policy-group-activity-damping 0.20 --rational-matrix-policy-group-start 0.02 --rational-matrix-policy-group-end 0.30 --rational-matrix-policy-group-min-scale 0.75 --rational-matrix-policy-group-max-scale 1.35 --no-rational-matrix-policy-apply-muon-update,A6,MatrixPolicy with transient Muon branch suppressed at fixed schedule,9,4,99942400,E9-frozen-2026-07-11,scientific,9,20260710
95,E9_100m_dolma_sample_m0_99942400_seed2479_a7_rlb_matrixpolicy_no_role_depth_muon_branch_suppressed,E9_100m,dolma_sample,allenai/dolma,v1_6-sample,text,train,train,210000000,M0,12,768,12,2048,256,16,2,32768,100000000,4000000,3050,50,10,2479,rlb_matrixpolicy_no_role_depth_muon_branch_suppressed,rlb_fused_global_rational,rational_matrix_policy_onpolicy,0.0003,0.00003,0.10,--rational-matrix-policy-backbone-optimizer adamw --rational-matrix-policy-adam-lr-scale 3.0 --rational-matrix-policy-group-gain-strength 0.20 --rational-matrix-policy-group-pressure-strength 0.10 --rational-matrix-policy-group-activity-damping 0.20 --rational-matrix-policy-group-start 0.02 --rational-matrix-policy-group-end 0.30 --rational-matrix-policy-group-min-scale 0.75 --rational-matrix-policy-group-max-scale 1.35 --rational-matrix-policy-adam-role-strength 0.0 --rational-matrix-policy-adam-role-strength-final 0.0 --rational-matrix-policy-input-depth-gain 0.0 --rational-matrix-policy-output-depth-gain 0.0 --no-rational-matrix-policy-apply-muon-update,A7,MatrixPolicy without role/depth factors and with Muon branch suppressed,9,5,99942400,E9-frozen-2026-07-11,scientific,9,20260710
96,E9_100m_dolma_sample_m0_99942400_seed2479_a9_rlb_matrixpolicy_no_role_depth_muon_block,E9_100m,dolma_sample,allenai/dolma,v1_6-sample,text,train,train,210000000,M0,12,768,12,2048,256,16,2,32768,100000000,4000000,3050,50,10,2479,rlb_matrixpolicy_no_role_depth_muon_block,rlb_fused_global_rational,rational_matrix_policy_onpolicy,0.0003,0.00003,0.10,--rational-matrix-policy-backbone-optimizer adamw --rational-matrix-policy-adam-lr-scale 3.0 --rational-matrix-policy-group-gain-strength 0.20 --rational-matrix-policy-group-pressure-strength 0.10 --rational-matrix-policy-group-activity-damping 0.20 --rational-matrix-policy-group-start 0.02 --rational-matrix-policy-group-end 0.30 --rational-matrix-policy-group-min-scale 0.75 --rational-matrix-policy-group-max-scale 1.35 --rational-matrix-policy-adam-role-strength 0.0 --rational-matrix-policy-adam-role-strength-final 0.0 --rational-matrix-policy-input-depth-gain 0.0 --rational-matrix-policy-output-depth-gain 0.0 --rational-matrix-policy-muon-strength 0.0 --rational-matrix-policy-muon-lr-scale 0.0 --rational-matrix-policy-final-muon 0.0 --rational-matrix-policy-min-muon 0.0 --rational-matrix-policy-max-muon 0.0,A9,MatrixPolicy without role/depth-Muon action block,9,6,99942400,E9-frozen-2026-07-11,scientific,9,20260710
97,E9_100m_dolma_sample_m0_99942400_seed2479_a0_silu_adamw,E9_100m,dolma_sample,allenai/dolma,v1_6-sample,text,train,train,210000000,M0,12,768,12,2048,256,16,2,32768,100000000,4000000,3050,50,10,2479,silu_adamw,silu,adamw,0.0003,0.00003,0.10,,A0,SiLU + AdamW,9,7,99942400,E9-frozen-2026-07-11,scientific,9,20260710
98,E9_100m_dolma_sample_m0_99942400_seed2479_a5_rlb_matrixpolicy_no_role_depth,E9_100m,dolma_sample,allenai/dolma,v1_6-sample,text,train,train,210000000,M0,12,768,12,2048,256,16,2,32768,100000000,4000000,3050,50,10,2479,rlb_matrixpolicy_no_role_depth,rlb_fused_global_rational,rational_matrix_policy_onpolicy,0.0003,0.00003,0.10,--rational-matrix-policy-backbone-optimizer adamw --rational-matrix-policy-adam-lr-scale 3.0 --rational-matrix-policy-group-gain-strength 0.20 --rational-matrix-policy-group-pressure-strength 0.10 --rational-matrix-policy-group-activity-damping 0.20 --rational-matrix-policy-group-start 0.02 --rational-matrix-policy-group-end 0.30 --rational-matrix-policy-group-min-scale 0.75 --rational-matrix-policy-group-max-scale 1.35 --rational-matrix-policy-adam-role-strength 0.0 --rational-matrix-policy-adam-role-strength-final 0.0 --rational-matrix-policy-input-depth-gain 0.0 --rational-matrix-policy-output-depth-gain 0.0,A5,MatrixPolicy without role/depth factors,9,8,99942400,E9-frozen-2026-07-11,scientific,9,20260710
99,E9_100m_dolma_sample_m0_99942400_seed2479_a1_rlb_adamw,E9_100m,dolma_sample,allenai/dolma,v1_6-sample,text,train,train,210000000,M0,12,768,12,2048,256,16,2,32768,100000000,4000000,3050,50,10,2479,rlb_adamw,rlb_fused_global_rational,adamw,0.0003,0.00003,0.10,,A1,RLB + AdamW,9,9,99942400,E9-frozen-2026-07-11,scientific,9,20260710
100,E9_100m_dolma_sample_m0_99942400_seed5052_a1_rlb_adamw,E9_100m,dolma_sample,allenai/dolma,v1_6-sample,text,train,train,210000000,M0,12,768,12,2048,256,16,2,32768,100000000,4000000,3050,50,10,5052,rlb_adamw,rlb_fused_global_rational,adamw,0.0003,0.00003,0.10,,A1,RLB + AdamW,10,0,99942400,E9-frozen-2026-07-11,scientific,9,20260710
101,E9_100m_dolma_sample_m0_99942400_seed5052_a3_rlb_matrixpolicy_full,E9_100m,dolma_sample,allenai/dolma,v1_6-sample,text,train,train,210000000,M0,12,768,12,2048,256,16,2,32768,100000000,4000000,3050,50,10,5052,rlb_matrixpolicy_full,rlb_fused_global_rational,rational_matrix_policy_onpolicy,0.0003,0.00003,0.10,--rational-matrix-policy-backbone-optimizer adamw --rational-matrix-policy-adam-lr-scale 3.0 --rational-matrix-policy-group-gain-strength 0.20 --rational-matrix-policy-group-pressure-strength 0.10 --rational-matrix-policy-group-activity-damping 0.20 --rational-matrix-policy-group-start 0.02 --rational-matrix-policy-group-end 0.30 --rational-matrix-policy-group-min-scale 0.75 --rational-matrix-policy-group-max-scale 1.35,A3,RLB + MatrixPolicy,10,1,99942400,E9-frozen-2026-07-11,scientific,9,20260710
102,E9_100m_dolma_sample_m0_99942400_seed5052_a4_rlb_matrixpolicy_no_group_gate,E9_100m,dolma_sample,allenai/dolma,v1_6-sample,text,train,train,210000000,M0,12,768,12,2048,256,16,2,32768,100000000,4000000,3050,50,10,5052,rlb_matrixpolicy_no_group_gate,rlb_fused_global_rational,rational_matrix_policy_onpolicy,0.0003,0.00003,0.10,--rational-matrix-policy-backbone-optimizer adamw --rational-matrix-policy-adam-lr-scale 3.0 --rational-matrix-policy-group-gain-strength 0.20 --rational-matrix-policy-group-pressure-strength 0.10 --rational-matrix-policy-group-activity-damping 0.20 --rational-matrix-policy-group-start 0.02 --rational-matrix-policy-group-end 0.30 --rational-matrix-policy-group-min-scale 0.75 --rational-matrix-policy-group-max-scale 1.35 --rational-matrix-policy-group-gain-strength 0.0 --rational-matrix-policy-group-pressure-strength 0.0 --rational-matrix-policy-group-activity-damping 0.0,A4,MatrixPolicy without group-stat gradient gating,10,2,99942400,E9-frozen-2026-07-11,scientific,9,20260710
103,E9_100m_dolma_sample_m0_99942400_seed5052_a8_rlb_matrixpolicy_no_pair_rescale,E9_100m,dolma_sample,allenai/dolma,v1_6-sample,text,train,train,210000000,M0,12,768,12,2048,256,16,2,32768,100000000,4000000,3050,50,10,5052,rlb_matrixpolicy_no_pair_rescale,rlb_fused_global_rational,rational_matrix_policy_onpolicy,0.0003,0.00003,0.10,--rational-matrix-policy-backbone-optimizer adamw --rational-matrix-policy-adam-lr-scale 3.0 --rational-matrix-policy-group-gain-strength 0.20 --rational-matrix-policy-group-pressure-strength 0.10 --rational-matrix-policy-group-activity-damping 0.20 --rational-matrix-policy-group-start 0.02 --rational-matrix-policy-group-end 0.30 --rational-matrix-policy-group-min-scale 0.75 --rational-matrix-policy-group-max-scale 1.35 --rlb-gauge-strength 0.0,A8,MatrixPolicy without reciprocal pair rescaling,10,3,99942400,E9-frozen-2026-07-11,scientific,9,20260710
104,E9_100m_dolma_sample_m0_99942400_seed5052_a2_rlb_matrixpolicy_static_shell,E9_100m,dolma_sample,allenai/dolma,v1_6-sample,text,train,train,210000000,M0,12,768,12,2048,256,16,2,32768,100000000,4000000,3050,50,10,5052,rlb_matrixpolicy_static_shell,rlb_fused_global_rational,rational_matrix_policy_onpolicy,0.0003,0.00003,0.10,--rational-matrix-policy-backbone-optimizer adamw --rational-matrix-policy-adam-lr-scale 3.0 --rational-matrix-policy-group-gain-strength 0.20 --rational-matrix-policy-group-pressure-strength 0.10 --rational-matrix-policy-group-activity-damping 0.20 --rational-matrix-policy-group-start 0.02 --rational-matrix-policy-group-end 0.30 --rational-matrix-policy-group-min-scale 0.75 --rational-matrix-policy-group-max-scale 1.35 --rational-matrix-policy-group-gain-strength 0.0 --rational-matrix-policy-group-pressure-strength 0.0 --rational-matrix-policy-group-activity-damping 0.0 --rational-matrix-policy-adam-role-strength 0.0 --rational-matrix-policy-adam-role-strength-final 0.0 --rational-matrix-policy-input-depth-gain 0.0 --rational-matrix-policy-output-depth-gain 0.0 --rational-matrix-policy-muon-strength 0.0 --rational-matrix-policy-muon-lr-scale 0.0 --rational-matrix-policy-final-muon 0.0 --rational-matrix-policy-min-muon 0.0 --rational-matrix-policy-max-muon 0.0 --rlb-gauge-strength 0.0,A2,RLB + static MatrixPolicy optimizer-recipe shell,10,4,99942400,E9-frozen-2026-07-11,scientific,9,20260710
105,E9_100m_dolma_sample_m0_99942400_seed5052_a6_rlb_matrixpolicy_muon_branch_suppressed,E9_100m,dolma_sample,allenai/dolma,v1_6-sample,text,train,train,210000000,M0,12,768,12,2048,256,16,2,32768,100000000,4000000,3050,50,10,5052,rlb_matrixpolicy_muon_branch_suppressed,rlb_fused_global_rational,rational_matrix_policy_onpolicy,0.0003,0.00003,0.10,--rational-matrix-policy-backbone-optimizer adamw --rational-matrix-policy-adam-lr-scale 3.0 --rational-matrix-policy-group-gain-strength 0.20 --rational-matrix-policy-group-pressure-strength 0.10 --rational-matrix-policy-group-activity-damping 0.20 --rational-matrix-policy-group-start 0.02 --rational-matrix-policy-group-end 0.30 --rational-matrix-policy-group-min-scale 0.75 --rational-matrix-policy-group-max-scale 1.35 --no-rational-matrix-policy-apply-muon-update,A6,MatrixPolicy with transient Muon branch suppressed at fixed schedule,10,5,99942400,E9-frozen-2026-07-11,scientific,9,20260710
106,E9_100m_dolma_sample_m0_99942400_seed5052_a7_rlb_matrixpolicy_no_role_depth_muon_branch_suppressed,E9_100m,dolma_sample,allenai/dolma,v1_6-sample,text,train,train,210000000,M0,12,768,12,2048,256,16,2,32768,100000000,4000000,3050,50,10,5052,rlb_matrixpolicy_no_role_depth_muon_branch_suppressed,rlb_fused_global_rational,rational_matrix_policy_onpolicy,0.0003,0.00003,0.10,--rational-matrix-policy-backbone-optimizer adamw --rational-matrix-policy-adam-lr-scale 3.0 --rational-matrix-policy-group-gain-strength 0.20 --rational-matrix-policy-group-pressure-strength 0.10 --rational-matrix-policy-group-activity-damping 0.20 --rational-matrix-policy-group-start 0.02 --rational-matrix-policy-group-end 0.30 --rational-matrix-policy-group-min-scale 0.75 --rational-matrix-policy-group-max-scale 1.35 --rational-matrix-policy-adam-role-strength 0.0 --rational-matrix-policy-adam-role-strength-final 0.0 --rational-matrix-policy-input-depth-gain 0.0 --rational-matrix-policy-output-depth-gain 0.0 --no-rational-matrix-policy-apply-muon-update,A7,MatrixPolicy without role/depth factors and with Muon branch suppressed,10,6,99942400,E9-frozen-2026-07-11,scientific,9,20260710
107,E9_100m_dolma_sample_m0_99942400_seed5052_a9_rlb_matrixpolicy_no_role_depth_muon_block,E9_100m,dolma_sample,allenai/dolma,v1_6-sample,text,train,train,210000000,M0,12,768,12,2048,256,16,2,32768,100000000,4000000,3050,50,10,5052,rlb_matrixpolicy_no_role_depth_muon_block,rlb_fused_global_rational,rational_matrix_policy_onpolicy,0.0003,0.00003,0.10,--rational-matrix-policy-backbone-optimizer adamw --rational-matrix-policy-adam-lr-scale 3.0 --rational-matrix-policy-group-gain-strength 0.20 --rational-matrix-policy-group-pressure-strength 0.10 --rational-matrix-policy-group-activity-damping 0.20 --rational-matrix-policy-group-start 0.02 --rational-matrix-policy-group-end 0.30 --rational-matrix-policy-group-min-scale 0.75 --rational-matrix-policy-group-max-scale 1.35 --rational-matrix-policy-adam-role-strength 0.0 --rational-matrix-policy-adam-role-strength-final 0.0 --rational-matrix-policy-input-depth-gain 0.0 --rational-matrix-policy-output-depth-gain 0.0 --rational-matrix-policy-muon-strength 0.0 --rational-matrix-policy-muon-lr-scale 0.0 --rational-matrix-policy-final-muon 0.0 --rational-matrix-policy-min-muon 0.0 --rational-matrix-policy-max-muon 0.0,A9,MatrixPolicy without role/depth-Muon action block,10,7,99942400,E9-frozen-2026-07-11,scientific,9,20260710
108,E9_100m_dolma_sample_m0_99942400_seed5052_a0_silu_adamw,E9_100m,dolma_sample,allenai/dolma,v1_6-sample,text,train,train,210000000,M0,12,768,12,2048,256,16,2,32768,100000000,4000000,3050,50,10,5052,silu_adamw,silu,adamw,0.0003,0.00003,0.10,,A0,SiLU + AdamW,10,8,99942400,E9-frozen-2026-07-11,scientific,9,20260710
109,E9_100m_dolma_sample_m0_99942400_seed5052_a5_rlb_matrixpolicy_no_role_depth,E9_100m,dolma_sample,allenai/dolma,v1_6-sample,text,train,train,210000000,M0,12,768,12,2048,256,16,2,32768,100000000,4000000,3050,50,10,5052,rlb_matrixpolicy_no_role_depth,rlb_fused_global_rational,rational_matrix_policy_onpolicy,0.0003,0.00003,0.10,--rational-matrix-policy-backbone-optimizer adamw --rational-matrix-policy-adam-lr-scale 3.0 --rational-matrix-policy-group-gain-strength 0.20 --rational-matrix-policy-group-pressure-strength 0.10 --rational-matrix-policy-group-activity-damping 0.20 --rational-matrix-policy-group-start 0.02 --rational-matrix-policy-group-end 0.30 --rational-matrix-policy-group-min-scale 0.75 --rational-matrix-policy-group-max-scale 1.35 --rational-matrix-policy-adam-role-strength 0.0 --rational-matrix-policy-adam-role-strength-final 0.0 --rational-matrix-policy-input-depth-gain 0.0 --rational-matrix-policy-output-depth-gain 0.0,A5,MatrixPolicy without role/depth factors,10,9,99942400,E9-frozen-2026-07-11,scientific,9,20260710
110,E9_100m_dolma_sample_m0_99942400_seed8913_a8_rlb_matrixpolicy_no_pair_rescale,E9_100m,dolma_sample,allenai/dolma,v1_6-sample,text,train,train,210000000,M0,12,768,12,2048,256,16,2,32768,100000000,4000000,3050,50,10,8913,rlb_matrixpolicy_no_pair_rescale,rlb_fused_global_rational,rational_matrix_policy_onpolicy,0.0003,0.00003,0.10,--rational-matrix-policy-backbone-optimizer adamw --rational-matrix-policy-adam-lr-scale 3.0 --rational-matrix-policy-group-gain-strength 0.20 --rational-matrix-policy-group-pressure-strength 0.10 --rational-matrix-policy-group-activity-damping 0.20 --rational-matrix-policy-group-start 0.02 --rational-matrix-policy-group-end 0.30 --rational-matrix-policy-group-min-scale 0.75 --rational-matrix-policy-group-max-scale 1.35 --rlb-gauge-strength 0.0,A8,MatrixPolicy without reciprocal pair rescaling,11,0,99942400,E9-frozen-2026-07-11,scientific,9,20260710
111,E9_100m_dolma_sample_m0_99942400_seed8913_a2_rlb_matrixpolicy_static_shell,E9_100m,dolma_sample,allenai/dolma,v1_6-sample,text,train,train,210000000,M0,12,768,12,2048,256,16,2,32768,100000000,4000000,3050,50,10,8913,rlb_matrixpolicy_static_shell,rlb_fused_global_rational,rational_matrix_policy_onpolicy,0.0003,0.00003,0.10,--rational-matrix-policy-backbone-optimizer adamw --rational-matrix-policy-adam-lr-scale 3.0 --rational-matrix-policy-group-gain-strength 0.20 --rational-matrix-policy-group-pressure-strength 0.10 --rational-matrix-policy-group-activity-damping 0.20 --rational-matrix-policy-group-start 0.02 --rational-matrix-policy-group-end 0.30 --rational-matrix-policy-group-min-scale 0.75 --rational-matrix-policy-group-max-scale 1.35 --rational-matrix-policy-group-gain-strength 0.0 --rational-matrix-policy-group-pressure-strength 0.0 --rational-matrix-policy-group-activity-damping 0.0 --rational-matrix-policy-adam-role-strength 0.0 --rational-matrix-policy-adam-role-strength-final 0.0 --rational-matrix-policy-input-depth-gain 0.0 --rational-matrix-policy-output-depth-gain 0.0 --rational-matrix-policy-muon-strength 0.0 --rational-matrix-policy-muon-lr-scale 0.0 --rational-matrix-policy-final-muon 0.0 --rational-matrix-policy-min-muon 0.0 --rational-matrix-policy-max-muon 0.0 --rlb-gauge-strength 0.0,A2,RLB + static MatrixPolicy optimizer-recipe shell,11,1,99942400,E9-frozen-2026-07-11,scientific,9,20260710
112,E9_100m_dolma_sample_m0_99942400_seed8913_a6_rlb_matrixpolicy_muon_branch_suppressed,E9_100m,dolma_sample,allenai/dolma,v1_6-sample,text,train,train,210000000,M0,12,768,12,2048,256,16,2,32768,100000000,4000000,3050,50,10,8913,rlb_matrixpolicy_muon_branch_suppressed,rlb_fused_global_rational,rational_matrix_policy_onpolicy,0.0003,0.00003,0.10,--rational-matrix-policy-backbone-optimizer adamw --rational-matrix-policy-adam-lr-scale 3.0 --rational-matrix-policy-group-gain-strength 0.20 --rational-matrix-policy-group-pressure-strength 0.10 --rational-matrix-policy-group-activity-damping 0.20 --rational-matrix-policy-group-start 0.02 --rational-matrix-policy-group-end 0.30 --rational-matrix-policy-group-min-scale 0.75 --rational-matrix-policy-group-max-scale 1.35 --no-rational-matrix-policy-apply-muon-update,A6,MatrixPolicy with transient Muon branch suppressed at fixed schedule,11,2,99942400,E9-frozen-2026-07-11,scientific,9,20260710
113,E9_100m_dolma_sample_m0_99942400_seed8913_a7_rlb_matrixpolicy_no_role_depth_muon_branch_suppressed,E9_100m,dolma_sample,allenai/dolma,v1_6-sample,text,train,train,210000000,M0,12,768,12,2048,256,16,2,32768,100000000,4000000,3050,50,10,8913,rlb_matrixpolicy_no_role_depth_muon_branch_suppressed,rlb_fused_global_rational,rational_matrix_policy_onpolicy,0.0003,0.00003,0.10,--rational-matrix-policy-backbone-optimizer adamw --rational-matrix-policy-adam-lr-scale 3.0 --rational-matrix-policy-group-gain-strength 0.20 --rational-matrix-policy-group-pressure-strength 0.10 --rational-matrix-policy-group-activity-damping 0.20 --rational-matrix-policy-group-start 0.02 --rational-matrix-policy-group-end 0.30 --rational-matrix-policy-group-min-scale 0.75 --rational-matrix-policy-group-max-scale 1.35 --rational-matrix-policy-adam-role-strength 0.0 --rational-matrix-policy-adam-role-strength-final 0.0 --rational-matrix-policy-input-depth-gain 0.0 --rational-matrix-policy-output-depth-gain 0.0 --no-rational-matrix-policy-apply-muon-update,A7,MatrixPolicy without role/depth factors and with Muon branch suppressed,11,3,99942400,E9-frozen-2026-07-11,scientific,9,20260710
114,E9_100m_dolma_sample_m0_99942400_seed8913_a9_rlb_matrixpolicy_no_role_depth_muon_block,E9_100m,dolma_sample,allenai/dolma,v1_6-sample,text,train,train,210000000,M0,12,768,12,2048,256,16,2,32768,100000000,4000000,3050,50,10,8913,rlb_matrixpolicy_no_role_depth_muon_block,rlb_fused_global_rational,rational_matrix_policy_onpolicy,0.0003,0.00003,0.10,--rational-matrix-policy-backbone-optimizer adamw --rational-matrix-policy-adam-lr-scale 3.0 --rational-matrix-policy-group-gain-strength 0.20 --rational-matrix-policy-group-pressure-strength 0.10 --rational-matrix-policy-group-activity-damping 0.20 --rational-matrix-policy-group-start 0.02 --rational-matrix-policy-group-end 0.30 --rational-matrix-policy-group-min-scale 0.75 --rational-matrix-policy-group-max-scale 1.35 --rational-matrix-policy-adam-role-strength 0.0 --rational-matrix-policy-adam-role-strength-final 0.0 --rational-matrix-policy-input-depth-gain 0.0 --rational-matrix-policy-output-depth-gain 0.0 --rational-matrix-policy-muon-strength 0.0 --rational-matrix-policy-muon-lr-scale 0.0 --rational-matrix-policy-final-muon 0.0 --rational-matrix-policy-min-muon 0.0 --rational-matrix-policy-max-muon 0.0,A9,MatrixPolicy without role/depth-Muon action block,11,4,99942400,E9-frozen-2026-07-11,scientific,9,20260710
115,E9_100m_dolma_sample_m0_99942400_seed8913_a0_silu_adamw,E9_100m,dolma_sample,allenai/dolma,v1_6-sample,text,train,train,210000000,M0,12,768,12,2048,256,16,2,32768,100000000,4000000,3050,50,10,8913,silu_adamw,silu,adamw,0.0003,0.00003,0.10,,A0,SiLU + AdamW,11,5,99942400,E9-frozen-2026-07-11,scientific,9,20260710
116,E9_100m_dolma_sample_m0_99942400_seed8913_a5_rlb_matrixpolicy_no_role_depth,E9_100m,dolma_sample,allenai/dolma,v1_6-sample,text,train,train,210000000,M0,12,768,12,2048,256,16,2,32768,100000000,4000000,3050,50,10,8913,rlb_matrixpolicy_no_role_depth,rlb_fused_global_rational,rational_matrix_policy_onpolicy,0.0003,0.00003,0.10,--rational-matrix-policy-backbone-optimizer adamw --rational-matrix-policy-adam-lr-scale 3.0 --rational-matrix-policy-group-gain-strength 0.20 --rational-matrix-policy-group-pressure-strength 0.10 --rational-matrix-policy-group-activity-damping 0.20 --rational-matrix-policy-group-start 0.02 --rational-matrix-policy-group-end 0.30 --rational-matrix-policy-group-min-scale 0.75 --rational-matrix-policy-group-max-scale 1.35 --rational-matrix-policy-adam-role-strength 0.0 --rational-matrix-policy-adam-role-strength-final 0.0 --rational-matrix-policy-input-depth-gain 0.0 --rational-matrix-policy-output-depth-gain 0.0,A5,MatrixPolicy without role/depth factors,11,6,99942400,E9-frozen-2026-07-11,scientific,9,20260710
117,E9_100m_dolma_sample_m0_99942400_seed8913_a1_rlb_adamw,E9_100m,dolma_sample,allenai/dolma,v1_6-sample,text,train,train,210000000,M0,12,768,12,2048,256,16,2,32768,100000000,4000000,3050,50,10,8913,rlb_adamw,rlb_fused_global_rational,adamw,0.0003,0.00003,0.10,,A1,RLB + AdamW,11,7,99942400,E9-frozen-2026-07-11,scientific,9,20260710
118,E9_100m_dolma_sample_m0_99942400_seed8913_a3_rlb_matrixpolicy_full,E9_100m,dolma_sample,allenai/dolma,v1_6-sample,text,train,train,210000000,M0,12,768,12,2048,256,16,2,32768,100000000,4000000,3050,50,10,8913,rlb_matrixpolicy_full,rlb_fused_global_rational,rational_matrix_policy_onpolicy,0.0003,0.00003,0.10,--rational-matrix-policy-backbone-optimizer adamw --rational-matrix-policy-adam-lr-scale 3.0 --rational-matrix-policy-group-gain-strength 0.20 --rational-matrix-policy-group-pressure-strength 0.10 --rational-matrix-policy-group-activity-damping 0.20 --rational-matrix-policy-group-start 0.02 --rational-matrix-policy-group-end 0.30 --rational-matrix-policy-group-min-scale 0.75 --rational-matrix-policy-group-max-scale 1.35,A3,RLB + MatrixPolicy,11,8,99942400,E9-frozen-2026-07-11,scientific,9,20260710
119,E9_100m_dolma_sample_m0_99942400_seed8913_a4_rlb_matrixpolicy_no_group_gate,E9_100m,dolma_sample,allenai/dolma,v1_6-sample,text,train,train,210000000,M0,12,768,12,2048,256,16,2,32768,100000000,4000000,3050,50,10,8913,rlb_matrixpolicy_no_group_gate,rlb_fused_global_rational,rational_matrix_policy_onpolicy,0.0003,0.00003,0.10,--rational-matrix-policy-backbone-optimizer adamw --rational-matrix-policy-adam-lr-scale 3.0 --rational-matrix-policy-group-gain-strength 0.20 --rational-matrix-policy-group-pressure-strength 0.10 --rational-matrix-policy-group-activity-damping 0.20 --rational-matrix-policy-group-start 0.02 --rational-matrix-policy-group-end 0.30 --rational-matrix-policy-group-min-scale 0.75 --rational-matrix-policy-group-max-scale 1.35 --rational-matrix-policy-group-gain-strength 0.0 --rational-matrix-policy-group-pressure-strength 0.0 --rational-matrix-policy-group-activity-damping 0.0,A4,MatrixPolicy without group-stat gradient gating,11,9,99942400,E9-frozen-2026-07-11,scientific,9,20260710
120,E9_100m_c4_en_m0_99942400_seed2479_a0_silu_adamw,E9_100m,c4_en,allenai/c4,en,text,train,validation,0,M0,12,768,12,2048,256,16,2,32768,100000000,4000000,3050,50,10,2479,silu_adamw,silu,adamw,0.0003,0.00003,0.10,,A0,SiLU + AdamW,12,0,99942400,E9-frozen-2026-07-11,scientific,12,20260710
121,E9_100m_c4_en_m0_99942400_seed2479_a5_rlb_matrixpolicy_no_role_depth,E9_100m,c4_en,allenai/c4,en,text,train,validation,0,M0,12,768,12,2048,256,16,2,32768,100000000,4000000,3050,50,10,2479,rlb_matrixpolicy_no_role_depth,rlb_fused_global_rational,rational_matrix_policy_onpolicy,0.0003,0.00003,0.10,--rational-matrix-policy-backbone-optimizer adamw --rational-matrix-policy-adam-lr-scale 3.0 --rational-matrix-policy-group-gain-strength 0.20 --rational-matrix-policy-group-pressure-strength 0.10 --rational-matrix-policy-group-activity-damping 0.20 --rational-matrix-policy-group-start 0.02 --rational-matrix-policy-group-end 0.30 --rational-matrix-policy-group-min-scale 0.75 --rational-matrix-policy-group-max-scale 1.35 --rational-matrix-policy-adam-role-strength 0.0 --rational-matrix-policy-adam-role-strength-final 0.0 --rational-matrix-policy-input-depth-gain 0.0 --rational-matrix-policy-output-depth-gain 0.0,A5,MatrixPolicy without role/depth factors,12,1,99942400,E9-frozen-2026-07-11,scientific,12,20260710
122,E9_100m_c4_en_m0_99942400_seed2479_a1_rlb_adamw,E9_100m,c4_en,allenai/c4,en,text,train,validation,0,M0,12,768,12,2048,256,16,2,32768,100000000,4000000,3050,50,10,2479,rlb_adamw,rlb_fused_global_rational,adamw,0.0003,0.00003,0.10,,A1,RLB + AdamW,12,2,99942400,E9-frozen-2026-07-11,scientific,12,20260710
123,E9_100m_c4_en_m0_99942400_seed2479_a3_rlb_matrixpolicy_full,E9_100m,c4_en,allenai/c4,en,text,train,validation,0,M0,12,768,12,2048,256,16,2,32768,100000000,4000000,3050,50,10,2479,rlb_matrixpolicy_full,rlb_fused_global_rational,rational_matrix_policy_onpolicy,0.0003,0.00003,0.10,--rational-matrix-policy-backbone-optimizer adamw --rational-matrix-policy-adam-lr-scale 3.0 --rational-matrix-policy-group-gain-strength 0.20 --rational-matrix-policy-group-pressure-strength 0.10 --rational-matrix-policy-group-activity-damping 0.20 --rational-matrix-policy-group-start 0.02 --rational-matrix-policy-group-end 0.30 --rational-matrix-policy-group-min-scale 0.75 --rational-matrix-policy-group-max-scale 1.35,A3,RLB + MatrixPolicy,12,3,99942400,E9-frozen-2026-07-11,scientific,12,20260710
124,E9_100m_c4_en_m0_99942400_seed2479_a4_rlb_matrixpolicy_no_group_gate,E9_100m,c4_en,allenai/c4,en,text,train,validation,0,M0,12,768,12,2048,256,16,2,32768,100000000,4000000,3050,50,10,2479,rlb_matrixpolicy_no_group_gate,rlb_fused_global_rational,rational_matrix_policy_onpolicy,0.0003,0.00003,0.10,--rational-matrix-policy-backbone-optimizer adamw --rational-matrix-policy-adam-lr-scale 3.0 --rational-matrix-policy-group-gain-strength 0.20 --rational-matrix-policy-group-pressure-strength 0.10 --rational-matrix-policy-group-activity-damping 0.20 --rational-matrix-policy-group-start 0.02 --rational-matrix-policy-group-end 0.30 --rational-matrix-policy-group-min-scale 0.75 --rational-matrix-policy-group-max-scale 1.35 --rational-matrix-policy-group-gain-strength 0.0 --rational-matrix-policy-group-pressure-strength 0.0 --rational-matrix-policy-group-activity-damping 0.0,A4,MatrixPolicy without group-stat gradient gating,12,4,99942400,E9-frozen-2026-07-11,scientific,12,20260710
125,E9_100m_c4_en_m0_99942400_seed2479_a8_rlb_matrixpolicy_no_pair_rescale,E9_100m,c4_en,allenai/c4,en,text,train,validation,0,M0,12,768,12,2048,256,16,2,32768,100000000,4000000,3050,50,10,2479,rlb_matrixpolicy_no_pair_rescale,rlb_fused_global_rational,rational_matrix_policy_onpolicy,0.0003,0.00003,0.10,--rational-matrix-policy-backbone-optimizer adamw --rational-matrix-policy-adam-lr-scale 3.0 --rational-matrix-policy-group-gain-strength 0.20 --rational-matrix-policy-group-pressure-strength 0.10 --rational-matrix-policy-group-activity-damping 0.20 --rational-matrix-policy-group-start 0.02 --rational-matrix-policy-group-end 0.30 --rational-matrix-policy-group-min-scale 0.75 --rational-matrix-policy-group-max-scale 1.35 --rlb-gauge-strength 0.0,A8,MatrixPolicy without reciprocal pair rescaling,12,5,99942400,E9-frozen-2026-07-11,scientific,12,20260710
126,E9_100m_c4_en_m0_99942400_seed2479_a2_rlb_matrixpolicy_static_shell,E9_100m,c4_en,allenai/c4,en,text,train,validation,0,M0,12,768,12,2048,256,16,2,32768,100000000,4000000,3050,50,10,2479,rlb_matrixpolicy_static_shell,rlb_fused_global_rational,rational_matrix_policy_onpolicy,0.0003,0.00003,0.10,--rational-matrix-policy-backbone-optimizer adamw --rational-matrix-policy-adam-lr-scale 3.0 --rational-matrix-policy-group-gain-strength 0.20 --rational-matrix-policy-group-pressure-strength 0.10 --rational-matrix-policy-group-activity-damping 0.20 --rational-matrix-policy-group-start 0.02 --rational-matrix-policy-group-end 0.30 --rational-matrix-policy-group-min-scale 0.75 --rational-matrix-policy-group-max-scale 1.35 --rational-matrix-policy-group-gain-strength 0.0 --rational-matrix-policy-group-pressure-strength 0.0 --rational-matrix-policy-group-activity-damping 0.0 --rational-matrix-policy-adam-role-strength 0.0 --rational-matrix-policy-adam-role-strength-final 0.0 --rational-matrix-policy-input-depth-gain 0.0 --rational-matrix-policy-output-depth-gain 0.0 --rational-matrix-policy-muon-strength 0.0 --rational-matrix-policy-muon-lr-scale 0.0 --rational-matrix-policy-final-muon 0.0 --rational-matrix-policy-min-muon 0.0 --rational-matrix-policy-max-muon 0.0 --rlb-gauge-strength 0.0,A2,RLB + static MatrixPolicy optimizer-recipe shell,12,6,99942400,E9-frozen-2026-07-11,scientific,12,20260710
127,E9_100m_c4_en_m0_99942400_seed2479_a6_rlb_matrixpolicy_muon_branch_suppressed,E9_100m,c4_en,allenai/c4,en,text,train,validation,0,M0,12,768,12,2048,256,16,2,32768,100000000,4000000,3050,50,10,2479,rlb_matrixpolicy_muon_branch_suppressed,rlb_fused_global_rational,rational_matrix_policy_onpolicy,0.0003,0.00003,0.10,--rational-matrix-policy-backbone-optimizer adamw --rational-matrix-policy-adam-lr-scale 3.0 --rational-matrix-policy-group-gain-strength 0.20 --rational-matrix-policy-group-pressure-strength 0.10 --rational-matrix-policy-group-activity-damping 0.20 --rational-matrix-policy-group-start 0.02 --rational-matrix-policy-group-end 0.30 --rational-matrix-policy-group-min-scale 0.75 --rational-matrix-policy-group-max-scale 1.35 --no-rational-matrix-policy-apply-muon-update,A6,MatrixPolicy with transient Muon branch suppressed at fixed schedule,12,7,99942400,E9-frozen-2026-07-11,scientific,12,20260710
128,E9_100m_c4_en_m0_99942400_seed2479_a7_rlb_matrixpolicy_no_role_depth_muon_branch_suppressed,E9_100m,c4_en,allenai/c4,en,text,train,validation,0,M0,12,768,12,2048,256,16,2,32768,100000000,4000000,3050,50,10,2479,rlb_matrixpolicy_no_role_depth_muon_branch_suppressed,rlb_fused_global_rational,rational_matrix_policy_onpolicy,0.0003,0.00003,0.10,--rational-matrix-policy-backbone-optimizer adamw --rational-matrix-policy-adam-lr-scale 3.0 --rational-matrix-policy-group-gain-strength 0.20 --rational-matrix-policy-group-pressure-strength 0.10 --rational-matrix-policy-group-activity-damping 0.20 --rational-matrix-policy-group-start 0.02 --rational-matrix-policy-group-end 0.30 --rational-matrix-policy-group-min-scale 0.75 --rational-matrix-policy-group-max-scale 1.35 --rational-matrix-policy-adam-role-strength 0.0 --rational-matrix-policy-adam-role-strength-final 0.0 --rational-matrix-policy-input-depth-gain 0.0 --rational-matrix-policy-output-depth-gain 0.0 --no-rational-matrix-policy-apply-muon-update,A7,MatrixPolicy without role/depth factors and with Muon branch suppressed,12,8,99942400,E9-frozen-2026-07-11,scientific,12,20260710
129,E9_100m_c4_en_m0_99942400_seed2479_a9_rlb_matrixpolicy_no_role_depth_muon_block,E9_100m,c4_en,allenai/c4,en,text,train,validation,0,M0,12,768,12,2048,256,16,2,32768,100000000,4000000,3050,50,10,2479,rlb_matrixpolicy_no_role_depth_muon_block,rlb_fused_global_rational,rational_matrix_policy_onpolicy,0.0003,0.00003,0.10,--rational-matrix-policy-backbone-optimizer adamw --rational-matrix-policy-adam-lr-scale 3.0 --rational-matrix-policy-group-gain-strength 0.20 --rational-matrix-policy-group-pressure-strength 0.10 --rational-matrix-policy-group-activity-damping 0.20 --rational-matrix-policy-group-start 0.02 --rational-matrix-policy-group-end 0.30 --rational-matrix-policy-group-min-scale 0.75 --rational-matrix-policy-group-max-scale 1.35 --rational-matrix-policy-adam-role-strength 0.0 --rational-matrix-policy-adam-role-strength-final 0.0 --rational-matrix-policy-input-depth-gain 0.0 --rational-matrix-policy-output-depth-gain 0.0 --rational-matrix-policy-muon-strength 0.0 --rational-matrix-policy-muon-lr-scale 0.0 --rational-matrix-policy-final-muon 0.0 --rational-matrix-policy-min-muon 0.0 --rational-matrix-policy-max-muon 0.0,A9,MatrixPolicy without role/depth-Muon action block,12,9,99942400,E9-frozen-2026-07-11,scientific,12,20260710
130,E9_100m_c4_en_m0_99942400_seed5052_a4_rlb_matrixpolicy_no_group_gate,E9_100m,c4_en,allenai/c4,en,text,train,validation,0,M0,12,768,12,2048,256,16,2,32768,100000000,4000000,3050,50,10,5052,rlb_matrixpolicy_no_group_gate,rlb_fused_global_rational,rational_matrix_policy_onpolicy,0.0003,0.00003,0.10,--rational-matrix-policy-backbone-optimizer adamw --rational-matrix-policy-adam-lr-scale 3.0 --rational-matrix-policy-group-gain-strength 0.20 --rational-matrix-policy-group-pressure-strength 0.10 --rational-matrix-policy-group-activity-damping 0.20 --rational-matrix-policy-group-start 0.02 --rational-matrix-policy-group-end 0.30 --rational-matrix-policy-group-min-scale 0.75 --rational-matrix-policy-group-max-scale 1.35 --rational-matrix-policy-group-gain-strength 0.0 --rational-matrix-policy-group-pressure-strength 0.0 --rational-matrix-policy-group-activity-damping 0.0,A4,MatrixPolicy without group-stat gradient gating,13,0,99942400,E9-frozen-2026-07-11,scientific,12,20260710
131,E9_100m_c4_en_m0_99942400_seed5052_a8_rlb_matrixpolicy_no_pair_rescale,E9_100m,c4_en,allenai/c4,en,text,train,validation,0,M0,12,768,12,2048,256,16,2,32768,100000000,4000000,3050,50,10,5052,rlb_matrixpolicy_no_pair_rescale,rlb_fused_global_rational,rational_matrix_policy_onpolicy,0.0003,0.00003,0.10,--rational-matrix-policy-backbone-optimizer adamw --rational-matrix-policy-adam-lr-scale 3.0 --rational-matrix-policy-group-gain-strength 0.20 --rational-matrix-policy-group-pressure-strength 0.10 --rational-matrix-policy-group-activity-damping 0.20 --rational-matrix-policy-group-start 0.02 --rational-matrix-policy-group-end 0.30 --rational-matrix-policy-group-min-scale 0.75 --rational-matrix-policy-group-max-scale 1.35 --rlb-gauge-strength 0.0,A8,MatrixPolicy without reciprocal pair rescaling,13,1,99942400,E9-frozen-2026-07-11,scientific,12,20260710
132,E9_100m_c4_en_m0_99942400_seed5052_a2_rlb_matrixpolicy_static_shell,E9_100m,c4_en,allenai/c4,en,text,train,validation,0,M0,12,768,12,2048,256,16,2,32768,100000000,4000000,3050,50,10,5052,rlb_matrixpolicy_static_shell,rlb_fused_global_rational,rational_matrix_policy_onpolicy,0.0003,0.00003,0.10,--rational-matrix-policy-backbone-optimizer adamw --rational-matrix-policy-adam-lr-scale 3.0 --rational-matrix-policy-group-gain-strength 0.20 --rational-matrix-policy-group-pressure-strength 0.10 --rational-matrix-policy-group-activity-damping 0.20 --rational-matrix-policy-group-start 0.02 --rational-matrix-policy-group-end 0.30 --rational-matrix-policy-group-min-scale 0.75 --rational-matrix-policy-group-max-scale 1.35 --rational-matrix-policy-group-gain-strength 0.0 --rational-matrix-policy-group-pressure-strength 0.0 --rational-matrix-policy-group-activity-damping 0.0 --rational-matrix-policy-adam-role-strength 0.0 --rational-matrix-policy-adam-role-strength-final 0.0 --rational-matrix-policy-input-depth-gain 0.0 --rational-matrix-policy-output-depth-gain 0.0 --rational-matrix-policy-muon-strength 0.0 --rational-matrix-policy-muon-lr-scale 0.0 --rational-matrix-policy-final-muon 0.0 --rational-matrix-policy-min-muon 0.0 --rational-matrix-policy-max-muon 0.0 --rlb-gauge-strength 0.0,A2,RLB + static MatrixPolicy optimizer-recipe shell,13,2,99942400,E9-frozen-2026-07-11,scientific,12,20260710
133,E9_100m_c4_en_m0_99942400_seed5052_a6_rlb_matrixpolicy_muon_branch_suppressed,E9_100m,c4_en,allenai/c4,en,text,train,validation,0,M0,12,768,12,2048,256,16,2,32768,100000000,4000000,3050,50,10,5052,rlb_matrixpolicy_muon_branch_suppressed,rlb_fused_global_rational,rational_matrix_policy_onpolicy,0.0003,0.00003,0.10,--rational-matrix-policy-backbone-optimizer adamw --rational-matrix-policy-adam-lr-scale 3.0 --rational-matrix-policy-group-gain-strength 0.20 --rational-matrix-policy-group-pressure-strength 0.10 --rational-matrix-policy-group-activity-damping 0.20 --rational-matrix-policy-group-start 0.02 --rational-matrix-policy-group-end 0.30 --rational-matrix-policy-group-min-scale 0.75 --rational-matrix-policy-group-max-scale 1.35 --no-rational-matrix-policy-apply-muon-update,A6,MatrixPolicy with transient Muon branch suppressed at fixed schedule,13,3,99942400,E9-frozen-2026-07-11,scientific,12,20260710
134,E9_100m_c4_en_m0_99942400_seed5052_a7_rlb_matrixpolicy_no_role_depth_muon_branch_suppressed,E9_100m,c4_en,allenai/c4,en,text,train,validation,0,M0,12,768,12,2048,256,16,2,32768,100000000,4000000,3050,50,10,5052,rlb_matrixpolicy_no_role_depth_muon_branch_suppressed,rlb_fused_global_rational,rational_matrix_policy_onpolicy,0.0003,0.00003,0.10,--rational-matrix-policy-backbone-optimizer adamw --rational-matrix-policy-adam-lr-scale 3.0 --rational-matrix-policy-group-gain-strength 0.20 --rational-matrix-policy-group-pressure-strength 0.10 --rational-matrix-policy-group-activity-damping 0.20 --rational-matrix-policy-group-start 0.02 --rational-matrix-policy-group-end 0.30 --rational-matrix-policy-group-min-scale 0.75 --rational-matrix-policy-group-max-scale 1.35 --rational-matrix-policy-adam-role-strength 0.0 --rational-matrix-policy-adam-role-strength-final 0.0 --rational-matrix-policy-input-depth-gain 0.0 --rational-matrix-policy-output-depth-gain 0.0 --no-rational-matrix-policy-apply-muon-update,A7,MatrixPolicy without role/depth factors and with Muon branch suppressed,13,4,99942400,E9-frozen-2026-07-11,scientific,12,20260710
135,E9_100m_c4_en_m0_99942400_seed5052_a9_rlb_matrixpolicy_no_role_depth_muon_block,E9_100m,c4_en,allenai/c4,en,text,train,validation,0,M0,12,768,12,2048,256,16,2,32768,100000000,4000000,3050,50,10,5052,rlb_matrixpolicy_no_role_depth_muon_block,rlb_fused_global_rational,rational_matrix_policy_onpolicy,0.0003,0.00003,0.10,--rational-matrix-policy-backbone-optimizer adamw --rational-matrix-policy-adam-lr-scale 3.0 --rational-matrix-policy-group-gain-strength 0.20 --rational-matrix-policy-group-pressure-strength 0.10 --rational-matrix-policy-group-activity-damping 0.20 --rational-matrix-policy-group-start 0.02 --rational-matrix-policy-group-end 0.30 --rational-matrix-policy-group-min-scale 0.75 --rational-matrix-policy-group-max-scale 1.35 --rational-matrix-policy-adam-role-strength 0.0 --rational-matrix-policy-adam-role-strength-final 0.0 --rational-matrix-policy-input-depth-gain 0.0 --rational-matrix-policy-output-depth-gain 0.0 --rational-matrix-policy-muon-strength 0.0 --rational-matrix-policy-muon-lr-scale 0.0 --rational-matrix-policy-final-muon 0.0 --rational-matrix-policy-min-muon 0.0 --rational-matrix-policy-max-muon 0.0,A9,MatrixPolicy without role/depth-Muon action block,13,5,99942400,E9-frozen-2026-07-11,scientific,12,20260710
136,E9_100m_c4_en_m0_99942400_seed5052_a0_silu_adamw,E9_100m,c4_en,allenai/c4,en,text,train,validation,0,M0,12,768,12,2048,256,16,2,32768,100000000,4000000,3050,50,10,5052,silu_adamw,silu,adamw,0.0003,0.00003,0.10,,A0,SiLU + AdamW,13,6,99942400,E9-frozen-2026-07-11,scientific,12,20260710
137,E9_100m_c4_en_m0_99942400_seed5052_a5_rlb_matrixpolicy_no_role_depth,E9_100m,c4_en,allenai/c4,en,text,train,validation,0,M0,12,768,12,2048,256,16,2,32768,100000000,4000000,3050,50,10,5052,rlb_matrixpolicy_no_role_depth,rlb_fused_global_rational,rational_matrix_policy_onpolicy,0.0003,0.00003,0.10,--rational-matrix-policy-backbone-optimizer adamw --rational-matrix-policy-adam-lr-scale 3.0 --rational-matrix-policy-group-gain-strength 0.20 --rational-matrix-policy-group-pressure-strength 0.10 --rational-matrix-policy-group-activity-damping 0.20 --rational-matrix-policy-group-start 0.02 --rational-matrix-policy-group-end 0.30 --rational-matrix-policy-group-min-scale 0.75 --rational-matrix-policy-group-max-scale 1.35 --rational-matrix-policy-adam-role-strength 0.0 --rational-matrix-policy-adam-role-strength-final 0.0 --rational-matrix-policy-input-depth-gain 0.0 --rational-matrix-policy-output-depth-gain 0.0,A5,MatrixPolicy without role/depth factors,13,7,99942400,E9-frozen-2026-07-11,scientific,12,20260710
138,E9_100m_c4_en_m0_99942400_seed5052_a1_rlb_adamw,E9_100m,c4_en,allenai/c4,en,text,train,validation,0,M0,12,768,12,2048,256,16,2,32768,100000000,4000000,3050,50,10,5052,rlb_adamw,rlb_fused_global_rational,adamw,0.0003,0.00003,0.10,,A1,RLB + AdamW,13,8,99942400,E9-frozen-2026-07-11,scientific,12,20260710
139,E9_100m_c4_en_m0_99942400_seed5052_a3_rlb_matrixpolicy_full,E9_100m,c4_en,allenai/c4,en,text,train,validation,0,M0,12,768,12,2048,256,16,2,32768,100000000,4000000,3050,50,10,5052,rlb_matrixpolicy_full,rlb_fused_global_rational,rational_matrix_policy_onpolicy,0.0003,0.00003,0.10,--rational-matrix-policy-backbone-optimizer adamw --rational-matrix-policy-adam-lr-scale 3.0 --rational-matrix-policy-group-gain-strength 0.20 --rational-matrix-policy-group-pressure-strength 0.10 --rational-matrix-policy-group-activity-damping 0.20 --rational-matrix-policy-group-start 0.02 --rational-matrix-policy-group-end 0.30 --rational-matrix-policy-group-min-scale 0.75 --rational-matrix-policy-group-max-scale 1.35,A3,RLB + MatrixPolicy,13,9,99942400,E9-frozen-2026-07-11,scientific,12,20260710
140,E9_100m_c4_en_m0_99942400_seed8913_a2_rlb_matrixpolicy_static_shell,E9_100m,c4_en,allenai/c4,en,text,train,validation,0,M0,12,768,12,2048,256,16,2,32768,100000000,4000000,3050,50,10,8913,rlb_matrixpolicy_static_shell,rlb_fused_global_rational,rational_matrix_policy_onpolicy,0.0003,0.00003,0.10,--rational-matrix-policy-backbone-optimizer adamw --rational-matrix-policy-adam-lr-scale 3.0 --rational-matrix-policy-group-gain-strength 0.20 --rational-matrix-policy-group-pressure-strength 0.10 --rational-matrix-policy-group-activity-damping 0.20 --rational-matrix-policy-group-start 0.02 --rational-matrix-policy-group-end 0.30 --rational-matrix-policy-group-min-scale 0.75 --rational-matrix-policy-group-max-scale 1.35 --rational-matrix-policy-group-gain-strength 0.0 --rational-matrix-policy-group-pressure-strength 0.0 --rational-matrix-policy-group-activity-damping 0.0 --rational-matrix-policy-adam-role-strength 0.0 --rational-matrix-policy-adam-role-strength-final 0.0 --rational-matrix-policy-input-depth-gain 0.0 --rational-matrix-policy-output-depth-gain 0.0 --rational-matrix-policy-muon-strength 0.0 --rational-matrix-policy-muon-lr-scale 0.0 --rational-matrix-policy-final-muon 0.0 --rational-matrix-policy-min-muon 0.0 --rational-matrix-policy-max-muon 0.0 --rlb-gauge-strength 0.0,A2,RLB + static MatrixPolicy optimizer-recipe shell,14,0,99942400,E9-frozen-2026-07-11,scientific,12,20260710
141,E9_100m_c4_en_m0_99942400_seed8913_a6_rlb_matrixpolicy_muon_branch_suppressed,E9_100m,c4_en,allenai/c4,en,text,train,validation,0,M0,12,768,12,2048,256,16,2,32768,100000000,4000000,3050,50,10,8913,rlb_matrixpolicy_muon_branch_suppressed,rlb_fused_global_rational,rational_matrix_policy_onpolicy,0.0003,0.00003,0.10,--rational-matrix-policy-backbone-optimizer adamw --rational-matrix-policy-adam-lr-scale 3.0 --rational-matrix-policy-group-gain-strength 0.20 --rational-matrix-policy-group-pressure-strength 0.10 --rational-matrix-policy-group-activity-damping 0.20 --rational-matrix-policy-group-start 0.02 --rational-matrix-policy-group-end 0.30 --rational-matrix-policy-group-min-scale 0.75 --rational-matrix-policy-group-max-scale 1.35 --no-rational-matrix-policy-apply-muon-update,A6,MatrixPolicy with transient Muon branch suppressed at fixed schedule,14,1,99942400,E9-frozen-2026-07-11,scientific,12,20260710
142,E9_100m_c4_en_m0_99942400_seed8913_a7_rlb_matrixpolicy_no_role_depth_muon_branch_suppressed,E9_100m,c4_en,allenai/c4,en,text,train,validation,0,M0,12,768,12,2048,256,16,2,32768,100000000,4000000,3050,50,10,8913,rlb_matrixpolicy_no_role_depth_muon_branch_suppressed,rlb_fused_global_rational,rational_matrix_policy_onpolicy,0.0003,0.00003,0.10,--rational-matrix-policy-backbone-optimizer adamw --rational-matrix-policy-adam-lr-scale 3.0 --rational-matrix-policy-group-gain-strength 0.20 --rational-matrix-policy-group-pressure-strength 0.10 --rational-matrix-policy-group-activity-damping 0.20 --rational-matrix-policy-group-start 0.02 --rational-matrix-policy-group-end 0.30 --rational-matrix-policy-group-min-scale 0.75 --rational-matrix-policy-group-max-scale 1.35 --rational-matrix-policy-adam-role-strength 0.0 --rational-matrix-policy-adam-role-strength-final 0.0 --rational-matrix-policy-input-depth-gain 0.0 --rational-matrix-policy-output-depth-gain 0.0 --no-rational-matrix-policy-apply-muon-update,A7,MatrixPolicy without role/depth factors and with Muon branch suppressed,14,2,99942400,E9-frozen-2026-07-11,scientific,12,20260710
143,E9_100m_c4_en_m0_99942400_seed8913_a9_rlb_matrixpolicy_no_role_depth_muon_block,E9_100m,c4_en,allenai/c4,en,text,train,validation,0,M0,12,768,12,2048,256,16,2,32768,100000000,4000000,3050,50,10,8913,rlb_matrixpolicy_no_role_depth_muon_block,rlb_fused_global_rational,rational_matrix_policy_onpolicy,0.0003,0.00003,0.10,--rational-matrix-policy-backbone-optimizer adamw --rational-matrix-policy-adam-lr-scale 3.0 --rational-matrix-policy-group-gain-strength 0.20 --rational-matrix-policy-group-pressure-strength 0.10 --rational-matrix-policy-group-activity-damping 0.20 --rational-matrix-policy-group-start 0.02 --rational-matrix-policy-group-end 0.30 --rational-matrix-policy-group-min-scale 0.75 --rational-matrix-policy-group-max-scale 1.35 --rational-matrix-policy-adam-role-strength 0.0 --rational-matrix-policy-adam-role-strength-final 0.0 --rational-matrix-policy-input-depth-gain 0.0 --rational-matrix-policy-output-depth-gain 0.0 --rational-matrix-policy-muon-strength 0.0 --rational-matrix-policy-muon-lr-scale 0.0 --rational-matrix-policy-final-muon 0.0 --rational-matrix-policy-min-muon 0.0 --rational-matrix-policy-max-muon 0.0,A9,MatrixPolicy without role/depth-Muon action block,14,3,99942400,E9-frozen-2026-07-11,scientific,12,20260710
144,E9_100m_c4_en_m0_99942400_seed8913_a0_silu_adamw,E9_100m,c4_en,allenai/c4,en,text,train,validation,0,M0,12,768,12,2048,256,16,2,32768,100000000,4000000,3050,50,10,8913,silu_adamw,silu,adamw,0.0003,0.00003,0.10,,A0,SiLU + AdamW,14,4,99942400,E9-frozen-2026-07-11,scientific,12,20260710
145,E9_100m_c4_en_m0_99942400_seed8913_a5_rlb_matrixpolicy_no_role_depth,E9_100m,c4_en,allenai/c4,en,text,train,validation,0,M0,12,768,12,2048,256,16,2,32768,100000000,4000000,3050,50,10,8913,rlb_matrixpolicy_no_role_depth,rlb_fused_global_rational,rational_matrix_policy_onpolicy,0.0003,0.00003,0.10,--rational-matrix-policy-backbone-optimizer adamw --rational-matrix-policy-adam-lr-scale 3.0 --rational-matrix-policy-group-gain-strength 0.20 --rational-matrix-policy-group-pressure-strength 0.10 --rational-matrix-policy-group-activity-damping 0.20 --rational-matrix-policy-group-start 0.02 --rational-matrix-policy-group-end 0.30 --rational-matrix-policy-group-min-scale 0.75 --rational-matrix-policy-group-max-scale 1.35 --rational-matrix-policy-adam-role-strength 0.0 --rational-matrix-policy-adam-role-strength-final 0.0 --rational-matrix-policy-input-depth-gain 0.0 --rational-matrix-policy-output-depth-gain 0.0,A5,MatrixPolicy without role/depth factors,14,5,99942400,E9-frozen-2026-07-11,scientific,12,20260710
146,E9_100m_c4_en_m0_99942400_seed8913_a1_rlb_adamw,E9_100m,c4_en,allenai/c4,en,text,train,validation,0,M0,12,768,12,2048,256,16,2,32768,100000000,4000000,3050,50,10,8913,rlb_adamw,rlb_fused_global_rational,adamw,0.0003,0.00003,0.10,,A1,RLB + AdamW,14,6,99942400,E9-frozen-2026-07-11,scientific,12,20260710
147,E9_100m_c4_en_m0_99942400_seed8913_a3_rlb_matrixpolicy_full,E9_100m,c4_en,allenai/c4,en,text,train,validation,0,M0,12,768,12,2048,256,16,2,32768,100000000,4000000,3050,50,10,8913,rlb_matrixpolicy_full,rlb_fused_global_rational,rational_matrix_policy_onpolicy,0.0003,0.00003,0.10,--rational-matrix-policy-backbone-optimizer adamw --rational-matrix-policy-adam-lr-scale 3.0 --rational-matrix-policy-group-gain-strength 0.20 --rational-matrix-policy-group-pressure-strength 0.10 --rational-matrix-policy-group-activity-damping 0.20 --rational-matrix-policy-group-start 0.02 --rational-matrix-policy-group-end 0.30 --rational-matrix-policy-group-min-scale 0.75 --rational-matrix-policy-group-max-scale 1.35,A3,RLB + MatrixPolicy,14,7,99942400,E9-frozen-2026-07-11,scientific,12,20260710
148,E9_100m_c4_en_m0_99942400_seed8913_a4_rlb_matrixpolicy_no_group_gate,E9_100m,c4_en,allenai/c4,en,text,train,validation,0,M0,12,768,12,2048,256,16,2,32768,100000000,4000000,3050,50,10,8913,rlb_matrixpolicy_no_group_gate,rlb_fused_global_rational,rational_matrix_policy_onpolicy,0.0003,0.00003,0.10,--rational-matrix-policy-backbone-optimizer adamw --rational-matrix-policy-adam-lr-scale 3.0 --rational-matrix-policy-group-gain-strength 0.20 --rational-matrix-policy-group-pressure-strength 0.10 --rational-matrix-policy-group-activity-damping 0.20 --rational-matrix-policy-group-start 0.02 --rational-matrix-policy-group-end 0.30 --rational-matrix-policy-group-min-scale 0.75 --rational-matrix-policy-group-max-scale 1.35 --rational-matrix-policy-group-gain-strength 0.0 --rational-matrix-policy-group-pressure-strength 0.0 --rational-matrix-policy-group-activity-damping 0.0,A4,MatrixPolicy without group-stat gradient gating,14,8,99942400,E9-frozen-2026-07-11,scientific,12,20260710
149,E9_100m_c4_en_m0_99942400_seed8913_a8_rlb_matrixpolicy_no_pair_rescale,E9_100m,c4_en,allenai/c4,en,text,train,validation,0,M0,12,768,12,2048,256,16,2,32768,100000000,4000000,3050,50,10,8913,rlb_matrixpolicy_no_pair_rescale,rlb_fused_global_rational,rational_matrix_policy_onpolicy,0.0003,0.00003,0.10,--rational-matrix-policy-backbone-optimizer adamw --rational-matrix-policy-adam-lr-scale 3.0 --rational-matrix-policy-group-gain-strength 0.20 --rational-matrix-policy-group-pressure-strength 0.10 --rational-matrix-policy-group-activity-damping 0.20 --rational-matrix-policy-group-start 0.02 --rational-matrix-policy-group-end 0.30 --rational-matrix-policy-group-min-scale 0.75 --rational-matrix-policy-group-max-scale 1.35 --rlb-gauge-strength 0.0,A8,MatrixPolicy without reciprocal pair rescaling,14,9,99942400,E9-frozen-2026-07-11,scientific,12,20260710
